reaction_id	PlantCyc.ID	side
RXN-14834	S-ADENOSYLMETHIONINE	left
RXN-14834	CPD-8924	left
RXN-14834	CPD-15741	right
RXN-14834	ADENOSYL-HOMO-CYS	right
RXN-14834	PROTON	right
RXN-12362	BUTANOL	left
RXN-12362	ACETYL-COA	left
RXN-12362	CPD-13346	right
RXN-12362	CO-A	right
RXN-18624	CPD-19899	left
RXN-18624	ACETYL-COA	left
RXN-18624	CPD-19895	right
RXN-18624	CO-A	right
RXN-16393	DODECANOATE	left
RXN-16393	CO-A	left
RXN-16393	ATP	left
RXN-16393	LAUROYLCOA-CPD	right
RXN-16393	PPI	right
RXN-16393	AMP	right
MBCOA-DHLIPOAMIDE-RXN	2-METHYL-BUTYRYL-COA	left
MBCOA-DHLIPOAMIDE-RXN	BCAA-dehydrogenase-DH-lipoyl	left
MBCOA-DHLIPOAMIDE-RXN	BCAA-dehydrogenase-2MB-DH-lipoyl	right
MBCOA-DHLIPOAMIDE-RXN	CO-A	right
1.1.1.178-RXN	NAD	left
1.1.1.178-RXN	2-METHYL-3-HYDROXY-BUTYRYL-COA	left
1.1.1.178-RXN	PROTON	right
1.1.1.178-RXN	NADH	right
1.1.1.178-RXN	2-METHYL-ACETO-ACETYL-COA	right
RXN-15131	L-CYSTATHIONINE	left
RXN-15131	2-AMINOACRYLATE	right
RXN-15131	HOMO-CYS	right
RXN-12064	INDOLE-3-ACETALDOXIME	left
RXN-12064	CPD-13028	right
RXN-24256	COUMARATE	left
RXN-24256	WATER	left
RXN-24256	CPD-26833	right
RXN-8138	CPD-7137	left
RXN-8138	CAFFEOYL-COA	left
RXN-8138	CPD-7140	right
RXN-8138	CO-A	right
RXN-23918	CPD-20105	left
RXN-23918	GLN-tRNAs	left
RXN-23918	L-glutamyl-tRNAGln	right
RXN-23918	AMP	right
RXN-23918	PROTON	right
RXN-8277	CPD-8046	left
RXN-8277	CPD-458	left
RXN-8277	CPD-8047	right
RXN-8277	MYO-INOSITOL	right
RXN-12816	CPD-13853	left
RXN-12816	WATER	left
RXN-12816	CPD-12365	right
RXN-12816	Pi	right
RXN-12816	PROTON	right
RXN-8022	CPD1F-98	left
RXN-8022	Acceptor	left
RXN-8022	NEUROSPORENE	right
RXN-8022	Donor-H2	right
12-OXOPHYTODIENOATE-REDUCTASE-RXN	NADP	left
12-OXOPHYTODIENOATE-REDUCTASE-RXN	CPD-730	left
12-OXOPHYTODIENOATE-REDUCTASE-RXN	PROTON	right
12-OXOPHYTODIENOATE-REDUCTASE-RXN	NADPH	right
12-OXOPHYTODIENOATE-REDUCTASE-RXN	CPD-729	right
RXN-20921	CPD-9445	left
RXN-20921	WATER	left
RXN-20921	CPD-22540	right
RXN-20921	PPI	right
ISOVALERYLCOA-DHLIPOAMIDE-RXN	ISOVALERYL-COA	left
ISOVALERYLCOA-DHLIPOAMIDE-RXN	BCAA-dehydrogenase-DH-lipoyl	left
ISOVALERYLCOA-DHLIPOAMIDE-RXN	BCAA-dehydrogenase-3MB-DH-lipoyl	right
ISOVALERYLCOA-DHLIPOAMIDE-RXN	CO-A	right
ACSERLY-RXN	ACETYLSERINE	left
ACSERLY-RXN	HS	left
ACSERLY-RXN	PROTON	right
ACSERLY-RXN	CYS	right
ACSERLY-RXN	ACET	right
RXN-21168	CPD-4182	left
RXN-21168	OXYGEN-MOLECULE	left
RXN-21168	Red-NADPH-Hemoprotein-Reductases	left
RXN-21168	CPD-22767	right
RXN-21168	WATER	right
RXN-21168	Ox-NADPH-Hemoprotein-Reductases	right
RXN-18124	CPD-19432	left
RXN-18124	Donor-H2	left
RXN-18124	CPD-19431	right
RXN-18124	Acceptor	right
RXN-15319	CPD-15291	left
RXN-15319	CPD-16531	right
RXN-18120	CPD-7616	left
RXN-18120	TYRAMINE	left
RXN-18120	CPD-19419	right
RXN-18120	WATER	right
RXN-18120	PROTON	right
RXNQT-4362	CPDQT-435	left
RXNQT-4362	WATER	left
RXNQT-4362	CPDQT-436	right
RXNQT-4362	CPDQT-331	right
RXNQT-4362	GLT	right
RXNQT-4362	GLY	right
RXN-8488	CPD-8670	left
RXN-8488	OXYGEN-MOLECULE	left
RXN-8488	ASCORBATE	left
RXN-8488	CPD-8671	right
RXN-8488	WATER	right
RXN-8488	L-DEHYDRO-ASCORBATE	right
DADPKIN-RXN	DADP	left
DADPKIN-RXN	ATP	left
DADPKIN-RXN	DATP	right
DADPKIN-RXN	ADP	right
RXN-4443	Long-Chain-Alkanes	left
RXN-4443	OXYGEN-MOLECULE	left
RXN-4443	Red-NADPH-Hemoprotein-Reductases	left
RXN-4443	Long-chain-alcohols	right
RXN-4443	Ox-NADPH-Hemoprotein-Reductases	right
RXN-4443	WATER	right
RXN-14124	CPD-3708	left
RXN-14124	WATER	left
RXN-14124	GUANOSINE	right
RXN-14124	Pi	right
CHALCONE-ISOMERASE-RXN	Chalcones	left
CHALCONE-ISOMERASE-RXN	FLAVANONES	right
RXN-6742	S-ADENOSYLMETHIONINE	left
RXN-6742	CPD-6483	left
RXN-6742	PROTON	right
RXN-6742	CPD-6484	right
RXN-6742	ADENOSYL-HOMO-CYS	right
RXN-11659	CPD-110	left
RXN-11659	CPD-12575	left
RXN-11659	CPD-12629	right
RXN-11659	UDP	right
RXN-3481	S-ADENOSYLMETHIONINE	left
RXN-3481	DAIDZEIN	left
RXN-3481	PROTON	right
RXN-3481	CPD-3343	right
RXN-3481	ADENOSYL-HOMO-CYS	right
RXN-12605	CPD-13627	left
RXN-12605	Red-NADPH-Hemoprotein-Reductases	left
RXN-12605	OXYGEN-MOLECULE	left
RXN-12605	CPD-13573	right
RXN-12605	Ox-NADPH-Hemoprotein-Reductases	right
RXN-12605	WATER	right
RXN-12605	PROTON	right
RXN-11640	CPD-24413	left
RXN-11640	NADP	left
RXN-11640	DAIDZEIN	right
RXN-11640	NADPH	right
RXN-11640	PROTON	right
RXN-11621	CPD-12586	left
RXN-11621	OXYGEN-MOLECULE	left
RXN-11621	Red-NADPH-Hemoprotein-Reductases	left
RXN-11621	CPD-8838	right
RXN-11621	Ox-NADPH-Hemoprotein-Reductases	right
RXN-11621	WATER	right
RXN-10729	CPD-12575	left
RXN-10729	CPD-26561	left
RXN-10729	CPD-11557	right
RXN-10729	UDP	right
RXN-10729	PROTON	right
RXN-11243	P-COUMAROYL-COA	left
RXN-11243	FERULOYL-COA	right
RXN-11925	CPD-12865	left
RXN-11925	FERROCYTOCHROME-B5	left
RXN-11925	OXYGEN-MOLECULE	left
RXN-11925	PROTON	left
RXN-11925	CPD-12866	right
RXN-11925	FERRICYTOCHROME-B5	right
RXN-11925	WATER	right
RXN-7952	CPD-409	left
RXN-7952	WATER	left
RXN-7952	GLYCEROL	right
RXN-7952	Fatty-Acids	right
RXN-7952	PROTON	right
RXN0-5222	CARBAMATE	left
RXN0-5222	PROTON	left
RXN0-5222	AMMONIUM	right
RXN0-5222	CARBON-DIOXIDE	right
RXN-16234	CPD-17480	left
RXN-16234	CPD-17481	right
RXN-16234	WATER	right
LUMAZINESYN-RXN	AMINO-RIBOSYLAMINO-1H-3H-PYR-DIONE	left
LUMAZINESYN-RXN	DIHYDROXY-BUTANONE-P	left
LUMAZINESYN-RXN	PROTON	right
LUMAZINESYN-RXN	DIMETHYL-D-RIBITYL-LUMAZINE	right
LUMAZINESYN-RXN	Pi	right
LUMAZINESYN-RXN	WATER	right
RXN-10981	Acceptor	left
RXN-10981	ASCORBATE	left
RXN-10981	PROTON	left
RXN-10981	Donor-H2	right
RXN-10981	CPD-318	right
AMIDASE-RXN	Monocarboxylic-Acid-Amides	left
AMIDASE-RXN	WATER	left
AMIDASE-RXN	Monocarboxylates	right
AMIDASE-RXN	AMMONIUM	right
GERANIOL-DEHYDROGENASE-RXN	NADP	left
GERANIOL-DEHYDROGENASE-RXN	GERANIOL	left
GERANIOL-DEHYDROGENASE-RXN	PROTON	right
GERANIOL-DEHYDROGENASE-RXN	NADPH	right
GERANIOL-DEHYDROGENASE-RXN	GERANIAL	right
RXN66-311	CPD-4575	left
RXN66-311	FERROCYTOCHROME-B5	left
RXN66-311	OXYGEN-MOLECULE	left
RXN66-311	PROTON	left
RXN66-311	CPD-4576	right
RXN66-311	FERRICYTOCHROME-B5	right
RXN66-311	WATER	right
RXN-22	CANAVANINOSUCCINATE	left
RXN-22	CANAVANINE	right
RXN-22	FUM	right
RXN-4844	CPD-4743	left
RXN-4844	Acceptor	left
RXN-4844	CPD-4742	right
RXN-4844	Donor-H2	right
RXN-9048	CPD-9525	left
RXN-9048	OXYGEN-MOLECULE	left
RXN-9048	CPD-9526	right
RXN-9048	WATER	right
ACYLACPSYNTH-RXN	Long-Chain-Fatty-Acids	left
ACYLACPSYNTH-RXN	ACP	left
ACYLACPSYNTH-RXN	ATP	left
ACYLACPSYNTH-RXN	Long-Chain-Acyl-ACPs	right
ACYLACPSYNTH-RXN	AMP	right
ACYLACPSYNTH-RXN	PPI	right
RXN-12196	WATER	left
RXN-12196	UTP	left
RXN-12196	PROTON	right
RXN-12196	Pi	right
RXN-12196	UDP	right
RXN-9269	FERULIC-ACID	left
RXN-9269	CPD-9807	right
RXN-10438	CPD-734	left
RXN-10438	PHE	left
RXN-10438	ATP	left
RXN-10438	PROTON	right
RXN-10438	CPD-11235	right
RXN-10438	AMP	right
RXN-10438	PPI	right
RXN-9043	CPD-8096	left
RXN-9043	3-4-DIHYDROXYBENZOATE	right
RXN-22407	CPD-24395	left
RXN-22407	WATER	left
RXN-22407	ARSENATE	right
RXN-22407	HS	right
RXN-10949	Myo-inositol-monophosphates	left
RXN-10949	WATER	left
RXN-10949	MYO-INOSITOL	right
RXN-10949	Pi	right
RXN-19698	CPD-12575	left
RXN-19698	CPD-15449	left
RXN-19698	CPD-12104	right
RXN-19698	UDP	right
RXN-19698	PROTON	right
TRANS-RXN-399	L-ALPHA-ALANINE	left
TRANS-RXN-399	L-ALPHA-ALANINE	right
RXN-12892	GERANYLGERANYL-PP	left
RXN-12892	WATER	left
RXN-12892	CPD-13929	right
RXN-12892	PPI	right
RXN-12077	OXALATE	left
RXN-12077	Oxidized-ferredoxins	left
RXN-12077	CARBON-DIOXIDE	right
RXN-12077	Reduced-ferredoxins	right
RXNQT-4356	CPDQT-428	left
RXNQT-4356	GLUTATHIONE	left
RXNQT-4356	CPDQT-425	right
RXNQT-4356	WATER	right
TRANS-RXN-185	K+	left
TRANS-RXN-185	K+	right
RXN4FS-24	MET	left
RXN4FS-24	2K-4CH3-PENTANOATE	left
RXN4FS-24	CPD-479	right
RXN4FS-24	LEU	right
RXN-5123	GERANYL-PP	left
RXN-5123	CPD-4903	right
RXN-5123	PPI	right
RXN-9540	R-3-Hydroxypalmitoyl-ACPs	left
RXN-9540	NADP	left
RXN-9540	3-oxo-palmitoyl-ACPs	right
RXN-9540	NADPH	right
RXN-9540	PROTON	right
GTP-CYCLOHYDRO-I-RXN	GTP	left
GTP-CYCLOHYDRO-I-RXN	WATER	left
GTP-CYCLOHYDRO-I-RXN	PROTON	right
GTP-CYCLOHYDRO-I-RXN	FORMATE	right
GTP-CYCLOHYDRO-I-RXN	DIHYDRONEOPTERIN-P3	right
3.2.1.24-RXN	Alpha-D-Mannosides	left
3.2.1.24-RXN	WATER	left
3.2.1.24-RXN	CPD-13559	right
3.2.1.24-RXN	Non-Glycosylated-sugar-Acceptors	right
RXN-8300	CPD-8079	left
RXN-8300	OXYGEN-MOLECULE	left
RXN-8300	Reduced-ferredoxins	left
RXN-8300	PROTON	left
RXN-8300	CPD-8080	right
RXN-8300	WATER	right
RXN-8300	Oxidized-ferredoxins	right
RXN-8264	CPD-520	left
RXN-8264	CPD-12575	left
RXN-8264	CPD-8006	right
RXN-8264	UDP	right
RXN-8264	PROTON	right
RXN-13492	CPD-13667	left
RXN-13492	Red-NADPH-Hemoprotein-Reductases	left
RXN-13492	OXYGEN-MOLECULE	left
RXN-13492	CPD-13670	right
RXN-13492	Ox-NADPH-Hemoprotein-Reductases	right
RXN-13492	WATER	right
RXN1F-72	MONO-VINYL-PROTOCHLOROPHYLLIDE-A	left
RXN1F-72	NADP	left
RXN1F-72	DIVINYL-PROTOCHLOROPHYLLIDE-A	right
RXN1F-72	NADPH	right
RXN1F-72	PROTON	right
RXN-13442	CPD-14018	left
RXN-13442	MALONYL-COA	left
RXN-13442	PROTON	left
RXN-13442	CPD-14423	right
RXN-13442	CO-A	right
RXN-13442	CARBON-DIOXIDE	right
RXN18C3-32	CPD-19018	left
RXN18C3-32	CPD-10267	left
RXN18C3-32	CPD-19026	right
RXN18C3-32	CO-A	right
RXNQT-4317	PROTON	left
RXNQT-4317	CPDQT-350	left
RXNQT-4317	NADPH	left
RXNQT-4317	OXYGEN-MOLECULE	left
RXNQT-4317	CYS	left
RXNQT-4317	CPDQT-409	right
RXNQT-4317	NADP	right
RXNQT-4317	WATER	right
RXN-17688	CPD-17282	left
RXN-17688	CO-A	left
RXN-17688	CPD-14018	right
RXN-17688	Glycerolipids	right
RXN-13158	2-D-THREO-HYDROXY-3-CARBOXY-ISOCAPROATE	left
RXN-13158	NAD	left
RXN-13158	2K-4CH3-PENTANOATE	right
RXN-13158	CARBON-DIOXIDE	right
RXN-13158	NADH	right
RXN-8265	CPD-12575	left
RXN-8265	CPD1F-437	left
RXN-8265	CPD-8009	right
RXN-8265	UDP	right
RXN-18742	NEDD8-Activating-Enzyme-E1-L-cys	left
RXN-18742	NEDD8-C-Terminal-Glycine	left
RXN-18742	ATP	left
RXN-18742	S-NEDD8-yl-NEDD8-E1-L-cysteine	right
RXN-18742	AMP	right
RXN-18742	PPI	right
HYPOXANPRIBOSYLTRAN-RXN	PPI	left
HYPOXANPRIBOSYLTRAN-RXN	IMP	left
HYPOXANPRIBOSYLTRAN-RXN	PRPP	right
HYPOXANPRIBOSYLTRAN-RXN	HYPOXANTHINE	right
2.4.1.114-RXN	CPD-12575	left
2.4.1.114-RXN	2-COUMARATE	left
2.4.1.114-RXN	PROTON	right
2.4.1.114-RXN	CPD-459	right
2.4.1.114-RXN	UDP	right
RXN-13696	CPD-14739	left
RXN-13696	WATER	left
RXN-13696	BENZYL-ALCOHOL	right
RXN-13696	CPD-9004	right
TRANS-RXN-230	L-ORNITHINE	left
TRANS-RXN-230	L-ORNITHINE	right
RXN-10740	UDP-L-RHAMNOSE	left
RXN-10740	NADP	left
RXN-10740	CPD-11540	right
RXN-10740	NADPH	right
RXN-10740	PROTON	right
RXN-13473	S-ADENOSYLMETHIONINE	left
RXN-13473	CPD-8097	left
RXN-13473	SCOPOLETIN	right
RXN-13473	ADENOSYL-HOMO-CYS	right
RXN-13473	PROTON	right
RXN-7895	CPD-7198	left
RXN-7895	OXYGEN-MOLECULE	left
RXN-7895	CPD-7201	right
RXN-7895	CPD-7202	right
CINNAMOYL-COA-REDUCTASE-RXN	CINNAMALDEHYDE	left
CINNAMOYL-COA-REDUCTASE-RXN	CO-A	left
CINNAMOYL-COA-REDUCTASE-RXN	NADP	left
CINNAMOYL-COA-REDUCTASE-RXN	CINNAMOYL-COA	right
CINNAMOYL-COA-REDUCTASE-RXN	NADPH	right
CINNAMOYL-COA-REDUCTASE-RXN	PROTON	right
RXN-6722	S-ADENOSYLMETHIONINE	left
RXN-6722	BENZOATE	left
RXN-6722	CPD-6441	right
RXN-6722	ADENOSYL-HOMO-CYS	right
GLUTSEMIALDEHYDROG-RXN	L-GLUTAMATE_GAMMA-SEMIALDEHYDE	left
GLUTSEMIALDEHYDROG-RXN	Pi	left
GLUTSEMIALDEHYDROG-RXN	NADP	left
GLUTSEMIALDEHYDROG-RXN	L-GLUTAMATE-5-P	right
GLUTSEMIALDEHYDROG-RXN	NADPH	right
GLUTSEMIALDEHYDROG-RXN	PROTON	right
RXN-10947	1-PHOSPHATIDYL-1D-MYO-INOSITOL-34-BISPH	left
RXN-10947	WATER	left
RXN-10947	CPD-1108	right
RXN-10947	Pi	right
RXN-13441	MALONYL-COA	left
RXN-13441	LINOLENOYL-COA	left
RXN-13441	PROTON	left
RXN-13441	CPD-14422	right
RXN-13441	CO-A	right
RXN-13441	CARBON-DIOXIDE	right
TRANS-RXN-198	ADENINE	left
TRANS-RXN-198	PROTON	left
TRANS-RXN-198	ADENINE	right
TRANS-RXN-198	PROTON	right
RXN-14807	D-arabinofuranose	left
RXN-14807	D-arabinopyranose	right
RXN-9172	CPD-9736	left
RXN-9172	CPD-9737	right
RXN-16172	CPD-17421	left
RXN-16172	Red-NADPH-Hemoprotein-Reductases	left
RXN-16172	OXYGEN-MOLECULE	left
RXN-16172	CPD-716	right
RXN-16172	Ox-NADPH-Hemoprotein-Reductases	right
RXN-16172	WATER	right
RXN-6841	GLYCEROL-3P	left
RXN-6841	FAD	left
RXN-6841	DIHYDROXY-ACETONE-PHOSPHATE	right
RXN-6841	FADH2	right
RXN-14011	CPD-14849	left
RXN-14011	UDP-L-RHAMNOSE	left
RXN-14011	CPD-15021	right
RXN-14011	UDP	right
RXN-14011	PROTON	right
RXN-14077	CPD-6994	left
RXN-14077	Red-NADPH-Hemoprotein-Reductases	left
RXN-14077	OXYGEN-MOLECULE	left
RXN-14077	PROTON	left
RXN-14077	CPD-15079	right
RXN-14077	Ox-NADPH-Hemoprotein-Reductases	right
RXN-14077	WATER	right
RXN-18135	CPD-19436	left
RXN-18135	Donor-H2	left
RXN-18135	CPD-19464	right
RXN-18135	Acceptor	right
RXN-9173	CPD-9737	left
RXN-9173	Acceptor	left
RXN-9173	CPD-9738	right
RXN-9173	Donor-H2	right
RXN-20411	CPD-22098	left
RXN-20411	PROTON	left
RXN-20411	CPD-14889	right
RXN-20411	CARBON-DIOXIDE	right
RXN-14426	CPD-11940	left
RXN-14426	2-KETOGLUTARATE	left
RXN-14426	OXYGEN-MOLECULE	left
RXN-14426	CPD-7096	right
RXN-14426	SUC	right
RXN-14426	CARBON-DIOXIDE	right
RXN-14426	WATER	right
RXN18C3-46	CPD-19048	left
RXN18C3-46	ISOVALERYL-COA	left
RXN18C3-46	CPD-19124	right
RXN18C3-46	CO-A	right
RXN-9983	4-OXALOMESACONATE	left
RXN-9983	CPD-12849	right
DEOXYADENYLATE-KINASE-RXN	ATP	left
DEOXYADENYLATE-KINASE-RXN	DAMP	left
DEOXYADENYLATE-KINASE-RXN	ADP	right
DEOXYADENYLATE-KINASE-RXN	DADP	right
RXN-6524	PROTON	left
RXN-6524	CPD-10332	left
RXN-6524	2-KETOGLUTARATE	left
RXN-6524	OXYGEN-MOLECULE	left
RXN-6524	CPD-6203	right
RXN-6524	SUC	right
RXN-6524	CARBON-DIOXIDE	right
RXN-6524	WATER	right
RXN-13373	FARNESYL-PP	left
RXN-13373	CPD-14342	right
RXN-13373	PPI	right
RXN4FS-11	L-GULONO-1-4-LACTONE	left
RXN4FS-11	Cytochromes-C-Oxidized	left
RXN4FS-11	L-DEHYDRO-ASCORBATE	right
RXN4FS-11	Cytochromes-C-Reduced	right
RXN4FS-11	PROTON	right
RXN-20445	CPD-14889	left
RXN-20445	OXYGEN-MOLECULE	left
RXN-20445	Red-NADPH-Hemoprotein-Reductases	left
RXN-20445	CPD-22139	right
RXN-20445	FORMATE	right
RXN-20445	Ox-NADPH-Hemoprotein-Reductases	right
RXN-20445	WATER	right
RXN-20445	PROTON	right
RXN4FS-4	CPD4FS-1	left
RXN4FS-4	DIACYLGLYCEROL	left
RXN4FS-4	CPD-160	right
RXN4FS-4	CMP	right
RXN4FS-4	PROTON	right
RXN-1101	P-COUMAROYL-COA	left
RXN-1101	NADPH	left
RXN-1101	PROTON	left
RXN-1101	COUMARALDEHYDE	right
RXN-1101	NADP	right
RXN-1101	CO-A	right
RXN-8233	CPD-7139	left
RXN-8233	CAFFEOYL-COA	left
RXN-8233	CPD-7960	right
RXN-8233	CO-A	right
RXN-7022	CPD-12575	left
RXN-7022	CPD-6366	left
RXN-7022	CPD-6562	right
RXN-7022	UDP	right
RXN-16635	D-Galactosyl-12-diacyl-glycerols	left
RXN-16635	CPD-10364	left
RXN-16635	Tetragalactosyldiacylglycerol	right
RXN-16635	DIACYLGLYCEROL	right
RXN-14872	CPD-15798	left
RXN-14872	Acceptor	left
RXN-14872	CPD-15800	right
RXN-14872	Donor-H2	right
RXN-14872	PROTON	right
RXN-7203	D-MYO-INOSITOL-34-BISPHOSPHATE	left
RXN-7203	ATP	left
RXN-7203	PROTON	right
RXN-7203	CPD-6681	right
RXN-7203	ADP	right
RXN-8542	FARNESYL-PP	left
RXN-8542	CPD-8731	right
RXN-8542	PPI	right
RXN66-555	4-P-PANTOTHENATE	left
RXN66-555	CYS	left
RXN66-555	ATP	left
RXN66-555	PROTON	right
RXN66-555	R-4-PHOSPHOPANTOTHENOYL-L-CYSTEINE	right
RXN66-555	PPI	right
RXN66-555	AMP	right
RXN-8957	CPD-9406	left
RXN-8957	NADP	left
RXN-8957	CROTONYL-COA	right
RXN-8957	CARBON-DIOXIDE	right
RXN-8957	NADPH	right
RXN-7798	C18-Phytoceramides	left
RXN-7798	OXYGEN-MOLECULE	left
RXN-7798	FERROCYTOCHROME-B5	left
RXN-7798	PROTON	left
RXN-7798	4-Hydroxysphing-8E-enine-ceramides	right
RXN-7798	FERRICYTOCHROME-B5	right
RXN-7798	WATER	right
RXN-11433	CPD-12399	left
RXN-11433	WATER	left
RXN-11433	CPD-12400	right
RXN-11433	GLT	right
RXN-12303	PLASTOQUINONE	left
RXN-12303	NADH-P-OR-NOP	left
RXN-12303	PROTON	left
RXN-12303	Plastoquinols	right
RXN-12303	NAD-P-OR-NOP	right
RXN-7401	PROTON	left
RXN-7401	CPD-1825	left
RXN-7401	UTP	left
RXN-7401	CPD-12513	right
RXN-7401	PPI	right
RXN-4732	CPD-12575	left
RXN-4732	CPD-4609	left
RXN-4732	PROTON	right
RXN-4732	CPD-4611	right
RXN-4732	UDP	right
RXN-9722	PREGNENOLONE	left
RXN-9722	NAD	left
RXN-9722	PROGESTERONE	right
RXN-9722	NADH	right
RXN-9722	PROTON	right
RXN-7781	CPD-3141	left
RXN-7781	CPD-4211	left
RXN-7781	CPD-6721	right
RXN-7781	PPI	right
RXN-6523	CPD1F-120	left
RXN-6523	2-KETOGLUTARATE	left
RXN-6523	OXYGEN-MOLECULE	left
RXN-6523	CPD-6201	right
RXN-6523	SUC	right
RXN-6523	CARBON-DIOXIDE	right
RXN-11956	CPD-12860	left
RXN-11956	OXYGEN-MOLECULE	left
RXN-11956	FERROCYTOCHROME-B5	left
RXN-11956	PROTON	left
RXN-11956	CPD-12917	right
RXN-11956	FERRICYTOCHROME-B5	right
RXN-11956	WATER	right
RXN-8621	FARNESYL-PP	left
RXN-8621	CPD-13396	right
RXN-8621	PPI	right
RXN-18962	CPD-20422	left
RXN-18962	OXYGEN-MOLECULE	left
RXN-18962	Donor-H2	left
RXN-18962	CPD-20423	right
RXN-18962	WATER	right
RXN-18962	Acceptor	right
METHYLTHIOADENOSINE-NUCLEOSIDASE-RXN	WATER	left
METHYLTHIOADENOSINE-NUCLEOSIDASE-RXN	5-METHYLTHIOADENOSINE	left
METHYLTHIOADENOSINE-NUCLEOSIDASE-RXN	CPD-560	right
METHYLTHIOADENOSINE-NUCLEOSIDASE-RXN	ADENINE	right
RXN-18190	CPDQT-34	left
RXN-18190	CPD-19480	right
RXN-18190	WATER	right
RXN-12880	CPD-4754	left
RXN-12880	OXYGEN-MOLECULE	left
RXN-12880	Red-NADPH-Hemoprotein-Reductases	left
RXN-12880	CPD-13921	right
RXN-12880	Ox-NADPH-Hemoprotein-Reductases	right
RXN-12880	WATER	right
RXN-16785	CPD-14312	left
RXN-16785	Acceptor	left
RXN-16785	CPD-8721	right
RXN-16785	Donor-H2	right
VAGL-RXN	5-AMINOPENTANOATE	left
VAGL-RXN	2-KETOGLUTARATE	left
VAGL-RXN	GLT	right
VAGL-RXN	CPD-280	right
2.1.1.129-RXN	S-ADENOSYLMETHIONINE	left
2.1.1.129-RXN	MYO-INOSITOL	left
2.1.1.129-RXN	PROTON	right
2.1.1.129-RXN	ADENOSYL-HOMO-CYS	right
2.1.1.129-RXN	4-METHYL-MYO-INOSITOL	right
RXN-12670	CPD0-2108	left
RXN-12670	NAD	left
RXN-12670	WATER	left
RXN-12670	CPD0-2106	right
RXN-12670	NADH	right
RXN-12670	PROTON	right
SINAPINE-ESTERASE-RXN	WATER	left
SINAPINE-ESTERASE-RXN	O-SINAPOYLCHOLINE	left
SINAPINE-ESTERASE-RXN	PROTON	right
SINAPINE-ESTERASE-RXN	CHOLINE	right
SINAPINE-ESTERASE-RXN	SINAPATE	right
RXN-11491	CPD-1099	left
RXN-11491	CPD-12462	left
RXN-11491	CPD-12463	right
RXN-11491	SUCROSE	right
PANTOATE-BETA-ALANINE-LIG-RXN	B-ALANINE	left
PANTOATE-BETA-ALANINE-LIG-RXN	L-PANTOATE	left
PANTOATE-BETA-ALANINE-LIG-RXN	ATP	left
PANTOATE-BETA-ALANINE-LIG-RXN	PROTON	right
PANTOATE-BETA-ALANINE-LIG-RXN	PANTOTHENATE	right
PANTOATE-BETA-ALANINE-LIG-RXN	PPI	right
PANTOATE-BETA-ALANINE-LIG-RXN	AMP	right
RXN1F-147	CPD1F-114	left
RXN1F-147	CPD1F-115	right
TRANS-RXN-233	GLN	left
TRANS-RXN-233	GLN	right
RXN4KF-51	GERANYLGERANYL-PP	left
RXN4KF-51	CPD4KF-4	right
RXN-6541	CPD1F-84	left
RXN-6541	2-KETOGLUTARATE	left
RXN-6541	OXYGEN-MOLECULE	left
RXN-6541	CPD-6221	right
RXN-6541	SUC	right
RXN-6541	CARBON-DIOXIDE	right
RXN-292	CPD-6224	left
RXN-292	2-KETOGLUTARATE	left
RXN-292	OXYGEN-MOLECULE	left
RXN-292	PROTON	right
RXN-292	CPD-632	right
RXN-292	SUC	right
RXN-292	CARBON-DIOXIDE	right
RXN-292	WATER	right
TREHALOSE6PSYN-RXN	CPD-12575	left
TREHALOSE6PSYN-RXN	D-glucopyranose-6-phosphate	left
TREHALOSE6PSYN-RXN	PROTON	right
TREHALOSE6PSYN-RXN	UDP	right
TREHALOSE6PSYN-RXN	TREHALOSE-6P	right
VICIANIN-BETA-GLUCOSIDASE-RXN	WATER	left
VICIANIN-BETA-GLUCOSIDASE-RXN	R-VICIANIN	left
VICIANIN-BETA-GLUCOSIDASE-RXN	VICIANOSE	right
VICIANIN-BETA-GLUCOSIDASE-RXN	CPD-12702	right
RXN-7481	PROTON	left
RXN-7481	MALONYL-COA	left
RXN-7481	BENZOYLCOA	left
RXN-7481	CPD-6881	right
RXN-7481	CO-A	right
RXN-7481	CARBON-DIOXIDE	right
IMP-DEHYDROG-RXN	WATER	left
IMP-DEHYDROG-RXN	NAD	left
IMP-DEHYDROG-RXN	IMP	left
IMP-DEHYDROG-RXN	PROTON	right
IMP-DEHYDROG-RXN	XANTHOSINE-5-PHOSPHATE	right
IMP-DEHYDROG-RXN	NADH	right
RXN-3642	S-ADENOSYLMETHIONINE	left
RXN-3642	CPD-3141	left
RXN-3642	CPD-3521	right
RXN-3642	ADENOSYL-HOMO-CYS	right
RXN-9118	CPD-9615	left
RXN-9118	CPD-9632	right
BETA-9-CYTOKININ-ALANINE-SYNTHASE-RXN	CPD-4210	left
BETA-9-CYTOKININ-ALANINE-SYNTHASE-RXN	ACETYLSERINE	left
BETA-9-CYTOKININ-ALANINE-SYNTHASE-RXN	PROTON	right
BETA-9-CYTOKININ-ALANINE-SYNTHASE-RXN	ACET	right
BETA-9-CYTOKININ-ALANINE-SYNTHASE-RXN	CPD-669	right
RXN-10741	CPD1F-129	left
RXN-10741	OXYGEN-MOLECULE	left
RXN-10741	CPD-13368	right
RXN-10741	CPD-7204	right
CYCLOARTENOL-SYNTHASE-RXN	EPOXYSQUALENE	left
CYCLOARTENOL-SYNTHASE-RXN	CYCLOARTENOL	right
RXN-16200	CPD-9311	left
RXN-16200	CPD-17446	right
RXN-16200	WATER	right
GLUTAMATE-DEHYDROGENASE-RXN	WATER	left
GLUTAMATE-DEHYDROGENASE-RXN	NAD	left
GLUTAMATE-DEHYDROGENASE-RXN	GLT	left
GLUTAMATE-DEHYDROGENASE-RXN	2-KETOGLUTARATE	right
GLUTAMATE-DEHYDROGENASE-RXN	AMMONIUM	right
GLUTAMATE-DEHYDROGENASE-RXN	NADH	right
GLUTAMATE-DEHYDROGENASE-RXN	PROTON	right
RXN-13059	CPD-14075	left
RXN-13059	CPD-7994	left
RXN-13059	CPD-14076	right
RXN-13059	PROTON	right
RXN-9527	Octanoyl-ACPs	left
RXN-9527	MALONYL-ACP	left
RXN-9527	PROTON	left
RXN-9527	3-oxo-decanoyl-ACPs	right
RXN-9527	CARBON-DIOXIDE	right
RXN-9527	ACP	right
2.3.2.15-RXN	Poly-Gamma-Glutamylcysteine-Glycines	left
2.3.2.15-RXN	GLUTATHIONE	left
2.3.2.15-RXN	Poly-Gamma-Glutamylcysteine-Glycines	right
2.3.2.15-RXN	GLY	right
MALONYL-COA-ACP-TRANSACYL-RXN	ACP	left
MALONYL-COA-ACP-TRANSACYL-RXN	MALONYL-COA	left
MALONYL-COA-ACP-TRANSACYL-RXN	MALONYL-ACP	right
MALONYL-COA-ACP-TRANSACYL-RXN	CO-A	right
RXN-15361	1-O-SINAPOYL-BETA-D-GLUCOSE	left
RXN-15361	D-GLUCARATE	left
RXN-15361	O-SINAPOYLGLUCARATE	right
RXN-15361	Glucopyranose	right
RXN-14069	NARINGENIN-CMPD	left
RXN-14069	Red-NADPH-Hemoprotein-Reductases	left
RXN-14069	OXYGEN-MOLECULE	left
RXN-14069	CPD-15074	right
RXN-14069	Ox-NADPH-Hemoprotein-Reductases	right
RXN-14069	WATER	right
RXN-14069	PROTON	right
RXN-22711	CHORISMATE	left
RXN-22711	AMMONIA	left
RXN-22711	PROTON	left
RXN-22711	CPD-9517	right
RXN-22711	WATER	right
RXN-13526	CPD-14511	left
RXN-13526	Acceptor	left
RXN-13526	CPD-14512	right
RXN-13526	Donor-H2	right
RXN-20922	CPD-22540	left
RXN-20922	NAD	left
RXN-20922	CPD-22541	right
RXN-20922	NADH	right
RXN-20922	PROTON	right
RXN0-4401	NADH	left
RXN0-4401	WATER	left
RXN0-4401	AMP	right
RXN0-4401	NMNH	right
RXN0-4401	PROTON	right
RXN-8990	PROTON	left
RXN-8990	PHE	left
RXN-8990	OXYGEN-MOLECULE	left
RXN-8990	WATER	left
RXN-8990	PHENYLACETALDEHYDE	right
RXN-8990	AMMONIUM	right
RXN-8990	HYDROGEN-PEROXIDE	right
RXN-8990	CARBON-DIOXIDE	right
RXN-12349	FERULOYL-COA	left
RXN-12349	2-KETOGLUTARATE	left
RXN-12349	OXYGEN-MOLECULE	left
RXN-12349	CPD-13328	right
RXN-12349	SUC	right
RXN-12349	CARBON-DIOXIDE	right
RXN-7759	UDP-L-RHAMNOSE	left
RXN-7759	CPD-7073	left
RXN-7759	PROTON	right
RXN-7759	UDP	right
RXN-7759	CPD-7075	right
RXN-114	CPD-236	left
RXN-114	2-KETOGLUTARATE	left
RXN-114	OXYGEN-MOLECULE	left
RXN-114	PROTON	right
RXN-114	CPD-251	right
RXN-114	SUC	right
RXN-114	CARBON-DIOXIDE	right
RXN-114	WATER	right
METHIONINE-GAMMA-LYASE-RXN	MET	left
METHIONINE-GAMMA-LYASE-RXN	WATER	left
METHIONINE-GAMMA-LYASE-RXN	CPD-7671	right
METHIONINE-GAMMA-LYASE-RXN	AMMONIUM	right
METHIONINE-GAMMA-LYASE-RXN	2-OXOBUTANOATE	right
R146-RXN	CPD-85	left
R146-RXN	OXYGEN-MOLECULE	left
R146-RXN	PROTON	right
R146-RXN	CPD-7672	right
R146-RXN	FORMATE	right
R146-RXN	CARBON-MONOXIDE	right
RXN-9955	3-Isopropenyl-4H-hexano-lactones	left
RXN-9955	3-Isopropenyl-6-oxoheptanoates	right
RXN-9955	PROTON	right
RXN0-5216	CPD0-1063	left
RXN0-5216	WATER	left
RXN0-5216	CPD-15979	right
RXN0-5216	GLYCERATE	right
RXN-7570	EPOXYSQUALENE	left
RXN-7570	CPD-6948	right
RXN-11264	CPD-9933	left
RXN-11264	ACET	left
RXN-11264	NADP	left
RXN-11264	CPD-12215	right
RXN-11264	NADPH	right
RXN-7021	CPD-12575	left
RXN-7021	CPD-6365	left
RXN-7021	CPD-13811	right
RXN-7021	UDP	right
2.3.1.156-RXN	ISOVALERYL-COA	left
2.3.1.156-RXN	MALONYL-COA	left
2.3.1.156-RXN	PROTON	left
2.3.1.156-RXN	3-METHYL-1-246-TRIHYDROXYPHENYLBUTAN	right
2.3.1.156-RXN	CARBON-DIOXIDE	right
2.3.1.156-RXN	CO-A	right
RXN-7998	P-COUMAROYL-COA	left
RXN-7998	PELARGONIDIN-3-GLUCOSIDE-CMPD	left
RXN-7998	CPD-7384	right
RXN-7998	CO-A	right
RXN-8730	CPD-506	left
RXN-8730	WATER	left
RXN-8730	INOSITOL-1-3-4-TRIPHOSPHATE	right
RXN-8730	Pi	right
RXN-8456	CPD-8633	left
RXN-8456	OXYGEN-MOLECULE	left
RXN-8456	CPD-8635	right
RXN-8456	WATER	right
ALLENE-OXIDE-CYCLASE-RXN	CPD-728	left
ALLENE-OXIDE-CYCLASE-RXN	CPD-729	right
RXN18C3-60	S-ADENOSYLMETHIONINE	left
RXN18C3-60	CATECHOL	left
RXN18C3-60	CPD-400	right
RXN18C3-60	ADENOSYL-HOMO-CYS	right
RXN18C3-60	PROTON	right
RXN-19425	CPD-15364	left
RXN-19425	1-Acyl-sn-glycero-3-phosphocholines	left
RXN-19425	CPD-18171	right
RXN-19425	CO-A	right
GMKALT-RXN	ATP	left
GMKALT-RXN	DGMP	left
GMKALT-RXN	ADP	right
GMKALT-RXN	DGDP	right
RXN-9082	DTDP-RHAMNOSE	left
RXN-9082	ISOORIENTIN	left
RXN-9082	CPD-9587	right
RXN-9082	TDP	right
RXN-9082	PROTON	right
RXN-9617	CPD-10254	left
RXN-9617	OXYGEN-MOLECULE	left
RXN-9617	FERROCYTOCHROME-B5	left
RXN-9617	PROTON	left
RXN-9617	CPD-10255	right
RXN-9617	WATER	right
RXN-9617	FERRICYTOCHROME-B5	right
RXN-10725	MALONYL-COA	left
RXN-10725	PROTON	left
RXN-10725	CPD-11553	right
RXN-10725	CO-A	right
RXN-10725	CARBON-DIOXIDE	right
RXN-10725	WATER	right
RXN-19705	CPD-12575	left
RXN-19705	CPD-15447	left
RXN-19705	CPD-15446	right
RXN-19705	UDP	right
RXN-19705	PROTON	right
RXN-13512	CPD-14502	left
RXN-13512	CPD-12575	left
RXN-13512	CPD-14505	right
RXN-13512	UDP	right
RXN-14971	ETR-Quinones	left
RXN-14971	SUC	left
RXN-14971	ETR-Quinols	right
RXN-14971	FUM	right
URIDINE-NUCLEOSIDASE-RXN	URIDINE	left
URIDINE-NUCLEOSIDASE-RXN	WATER	left
URIDINE-NUCLEOSIDASE-RXN	D-Ribofuranose	right
URIDINE-NUCLEOSIDASE-RXN	URACIL	right
RXN-7142	CPD-6641	left
RXN-7142	CPD-4211	left
RXN-7142	CPD-6642	right
RXN-7142	PPI	right
RXN-21539	5-METHYL-THF-GLU-N	left
RXN-21539	Methionine-synthase-cob-I-alamins	left
RXN-21539	PROTON	left
RXN-21539	THF-GLU-N	right
RXN-21539	METHIONINE-SYNTHASE-METHYLCOBALAMIN	right
GEISSOSCHIZINE-DEHYDROGENASE-RXN	NADP	left
GEISSOSCHIZINE-DEHYDROGENASE-RXN	GEISSOSCHIZINE	left
GEISSOSCHIZINE-DEHYDROGENASE-RXN	NADPH	right
GEISSOSCHIZINE-DEHYDROGENASE-RXN	421-DEHYDROGEISSOSCHIZINE	right
RXN-8991	2-D-THREO-HYDROXY-3-CARBOXY-ISOCAPROATE	left
RXN-8991	CPD-9451	right
RXN-8991	WATER	right
RXN-11325	CPD-3617	left
RXN-11325	Red-NADPH-Hemoprotein-Reductases	left
RXN-11325	OXYGEN-MOLECULE	left
RXN-11325	10-HYDROXYDECANOATE	right
RXN-11325	Ox-NADPH-Hemoprotein-Reductases	right
RXN-11325	WATER	right
RXN-17428	CHLOROPHYLL-A	left
RXN-17428	NADP	left
RXN-17428	CPD-7005	right
RXN-17428	NADPH	right
RXN-17428	PROTON	right
RXN-12882	CPD-13922	left
RXN-12882	OXYGEN-MOLECULE	left
RXN-12882	Red-NADPH-Hemoprotein-Reductases	left
RXN-12882	CPD-13923	right
RXN-12882	Ox-NADPH-Hemoprotein-Reductases	right
RXN-12882	WATER	right
RXN-12882	PROTON	right
RXN-90	CPD-12575	left
RXN-90	SINAPYL-ALCOHOL	left
RXN-90	PROTON	right
RXN-90	CPD-63	right
RXN-90	UDP	right
RXN0-5391	CPD0-1162	left
RXN0-5391	CPD0-1158	right
RXN-13494	CPD-14485	left
RXN-13494	Red-NADPH-Hemoprotein-Reductases	left
RXN-13494	OXYGEN-MOLECULE	left
RXN-13494	CPD-14483	right
RXN-13494	Ox-NADPH-Hemoprotein-Reductases	right
RXN-13494	WATER	right
RXN-13494	PROTON	right
RXN-8281	4-METHYL-MYO-INOSITOL	left
RXN-8281	CPD-458	left
RXN-8281	CPD-8058	right
RXN-8281	MYO-INOSITOL	right
RXN-14206	4a-Hydroxytetrahydrobiopterins	left
RXN-14206	6-7-Dihydrobiopterins	right
RXN-14206	WATER	right
RXN-14198	DCTP	left
RXN-14198	WATER	left
RXN-14198	DCMP	right
RXN-14198	Pi	right
RXN-14198	PROTON	right
RXN-11257	P-COUMAROYL-COA	left
RXN-11257	SPERMIDINE	left
RXN-11257	PROTON	right
RXN-11257	CPD-12212	right
RXN-11257	CO-A	right
4.3.3.3-RXN	WATER	left
4.3.3.3-RXN	DEACETYLISOIPECOSIDE	left
4.3.3.3-RXN	DOPAMINE	right
4.3.3.3-RXN	SECOLOGANIN-CPD	right
RXN-7836	Trans-3-enoyl-CoAs	left
RXN-7836	TRANS-D2-ENOYL-COA	right
RXN-16782	CPD-18091	left
RXN-16782	CAFFEOYL-COA	left
RXN-16782	PROTON	left
RXN-16782	CPD-18100	right
RXN-16782	CO-A	right
ORNCARBAMTRANSFER-RXN	L-ORNITHINE	left
ORNCARBAMTRANSFER-RXN	CARBAMOYL-P	left
ORNCARBAMTRANSFER-RXN	PROTON	right
ORNCARBAMTRANSFER-RXN	L-CITRULLINE	right
ORNCARBAMTRANSFER-RXN	Pi	right
RXN-8496	CPD-8677	left
RXN-8496	CPD-8679	right
RXN-8496	WATER	right
RXN-14238	CPD-12575	left
RXN-14238	CPD-12724	left
RXN-14238	CPD-15176	right
RXN-14238	UDP	right
RXN-14238	PROTON	right
PHOSPHOLIPASE-C-RXN	PHOSPHATIDYLCHOLINE	left
PHOSPHOLIPASE-C-RXN	WATER	left
PHOSPHOLIPASE-C-RXN	PHOSPHORYL-CHOLINE	right
PHOSPHOLIPASE-C-RXN	DIACYLGLYCEROL	right
PHOSPHOLIPASE-C-RXN	PROTON	right
RXN-17348	S-ADENOSYLMETHIONINE	left
RXN-17348	CPD-18755	left
RXN-17348	ADENOSYL-HOMO-CYS	right
RXN-17348	CPD-17595	right
RXN-17348	PROTON	right
RXN-11852	ACETYL-COA	left
RXN-11852	CIS-3-HEXENOL	left
RXN-11852	CPD-12846	right
RXN-11852	CO-A	right
RXN-10769	CPD-11641	left
RXN-10769	WATER	left
RXN-10769	CPD-182	right
RXN-10769	Glucopyranose	right
RXN-8187	CPD-7849	left
RXN-8187	Reduced-ferredoxins	left
RXN-8187	PROTON	left
RXN-8187	OXYGEN-MOLECULE	left
RXN-8187	CPD-7847	right
RXN-8187	Oxidized-ferredoxins	right
RXN-8187	WATER	right
RXN-7820	CPD-20012	left
RXN-7820	CPD-4211	left
RXN-7820	PROTON	right
RXN-7820	CPD-7120	right
RXN-7820	PPI	right
RXN-15492	CPD-8962	left
RXN-15492	CPD-12575	left
RXN-15492	CPD-16747	right
RXN-15492	UDP	right
RXN-15492	PROTON	right
RXN-10772	Gentiobiose	left
RXN-10772	WATER	left
RXN-10772	Glucopyranose	right
RXN-23070	CPD-7169	left
RXN-23070	OXYGEN-MOLECULE	left
RXN-23070	CPD-25512	right
RXN-23070	WATER	right
RXN-16372	CPD-17610	left
RXN-16372	CPD-17607	right
RXN-16372	CARBON-DIOXIDE	right
2-CARBOXY-D-ARABINITOL-1-PHOSPHATASE-RXN	WATER	left
2-CARBOXY-D-ARABINITOL-1-PHOSPHATASE-RXN	2-CARBOXY-D-ARABINITOL-1-PHOSPHATASE	left
2-CARBOXY-D-ARABINITOL-1-PHOSPHATASE-RXN	Pi	right
2-CARBOXY-D-ARABINITOL-1-PHOSPHATASE-RXN	2-CARBOXY-D-ARABINITOL	right
RXN-11671	CPD-8158	left
RXN-11671	Red-NADPH-Hemoprotein-Reductases	left
RXN-11671	OXYGEN-MOLECULE	left
RXN-11671	CPD-12644	right
RXN-11671	Ox-NADPH-Hemoprotein-Reductases	right
RXN-11671	WATER	right
RXN-12959	CTP	left
RXN-12959	DIACYLGLYCEROL	left
RXN-12959	CDP	right
RXN-12959	L-PHOSPHATIDATE	right
RXN-12959	PROTON	right
RXN-4845	CPD-4743	left
RXN-4845	OXYGEN-MOLECULE	left
RXN-4845	Donor-H2	left
RXN-4845	CPD-4744	right
RXN-4845	WATER	right
RXN-4845	Acceptor	right
RXN-16043	GAMMA-LINOLENOYL-COA	left
RXN-16043	Glycerolipids	left
RXN-16043	Gamma-linolenoyl-groups	right
RXN-16043	CO-A	right
RXN-7248	CPD-6743	left
RXN-7248	WATER	left
RXN-7248	CPD-6745	right
RXN-7248	Pi	right
RXN-9218	CPD-9851	left
RXN-9218	Acceptor	left
RXN-9218	CPD-9826	right
RXN-9218	Donor-H2	right
RXN-3591	CPD-3424	left
RXN-3591	WATER	left
RXN-3591	DAIDZEIN	right
RXN-3591	Glucopyranose	right
GLUTAMINE--PYRUVATE-AMINOTRANSFERASE-RXN	GLN	left
GLUTAMINE--PYRUVATE-AMINOTRANSFERASE-RXN	PYRUVATE	left
GLUTAMINE--PYRUVATE-AMINOTRANSFERASE-RXN	2-KETO-GLUTARAMATE	right
GLUTAMINE--PYRUVATE-AMINOTRANSFERASE-RXN	L-ALPHA-ALANINE	right
RXN-9697	TYR	left
RXN-9697	COUMARATE	right
RXN-9697	AMMONIUM	right
RXN-1641	PHOSPHATIDYLCHOLINE	left
RXN-1641	DIACYLGLYCEROL	left
RXN-1641	Triacylglycerols	right
RXN-1641	2-Lysophosphatidylcholines	right
RXN-18216	alkenyl-glucosinolate	left
RXN-18216	WATER	left
RXN-18216	Alkenyl-Thiohydroximate-O-Sulfates	right
RXN-18216	Glucopyranose	right
RXNQT-4370	OXYGEN-MOLECULE	left
RXNQT-4370	LINOLENIC_ACID	left
RXNQT-4370	CPDQT-458	right
RXN-16778	CPD-7117	left
RXN-16778	UDP-D-XYLOSE	left
RXN-16778	CPD-18092	right
RXN-16778	UDP	right
RXN-16778	PROTON	right
RXN-8584	CPD-461	left
RXN-8584	Beta-phellandrene	right
RXN-8584	PPI	right
RXN-10601	FARNESYL-PP	left
RXN-10601	PPI	right
RXN-10601	CPD-11414	right
RXN-10722	CPD-11552	left
RXN-10722	XANTHURENATE	right
RXN-10722	WATER	right
RXN-8875	CPD-14553	left
RXN-8875	CPD-9217	left
RXN-8875	PROTON	right
RXN-8875	CPD-9213	right
RXN-8875	UDP	right
RXN-11832	ATP	left
RXN-11832	CMP	left
RXN-11832	ADP	right
RXN-11832	CDP	right
RXN-11681	Gamma-linolenoyl-groups	left
RXN-11681	OXYGEN-MOLECULE	left
RXN-11681	FERROCYTOCHROME-B5	left
RXN-11681	PROTON	left
RXN-11681	CPD-17280	right
RXN-11681	WATER	right
RXN-11681	FERRICYTOCHROME-B5	right
RXN-8983	S-ADENOSYLMETHIONINE	left
RXN-8983	CPD-9425	left
RXN-8983	PROTON	right
RXN-8983	CPD-9426	right
RXN-8983	ADENOSYL-HOMO-CYS	right
RXN-18153	CPD-19464	left
RXN-18153	OXYGEN-MOLECULE	left
RXN-18153	Red-NADPH-Hemoprotein-Reductases	left
RXN-18153	CPD-19463	right
RXN-18153	WATER	right
RXN-18153	Ox-NADPH-Hemoprotein-Reductases	right
RXN-15533	CPD-9410	left
RXN-15533	Red-NADPH-Hemoprotein-Reductases	left
RXN-15533	OXYGEN-MOLECULE	left
RXN-15533	CPD-16771	right
RXN-15533	Ox-NADPH-Hemoprotein-Reductases	right
RXN-15533	WATER	right
RXN1F-775	CPD-591	left
RXN1F-775	CPD-12575	left
RXN1F-775	CPD1F-766	right
RXN1F-775	UDP	right
RXN1F-775	PROTON	right
RXN-8144	7-O-ACETYLSALUTARIDINOL	left
RXN-8144	PROTON	right
RXN-8144	CPD-7710	right
RXN-8144	ACET	right
ETHYL-RXN	ASCORBATE	left
ETHYL-RXN	CPD-68	left
ETHYL-RXN	OXYGEN-MOLECULE	left
ETHYL-RXN	WATER	right
ETHYL-RXN	ETHYLENE-CMPD	right
ETHYL-RXN	L-DEHYDRO-ASCORBATE	right
ETHYL-RXN	HCN	right
ETHYL-RXN	CARBON-DIOXIDE	right
RXN6666-7	S-ADENOSYLMETHIONINE	left
RXN6666-7	DOPAMINE	left
RXN6666-7	PROTON	right
RXN6666-7	ADENOSYL-HOMO-CYS	right
RXN6666-7	CPD-7650	right
RXN-8440	CPD-8256	left
RXN-8440	Galactosides	left
RXN-8440	CPD-8258	right
RXN0-5224	HCO3	left
RXN0-5224	PROTON	left
RXN0-5224	CARBON-DIOXIDE	right
RXN0-5224	WATER	right
RXN-16405	CPD-17641	left
RXN-16405	NADPH	left
RXN-16405	PROTON	left
RXN-16405	CPD-17643	right
RXN-16405	CO-A	right
RXN-16405	NADP	right
RXN-13640	2K-4CH3-PENTANOATE	left
RXN-13640	OXYGEN-MOLECULE	left
RXN-13640	CPD-14642	right
RXN-13640	CARBON-DIOXIDE	right
RXN-22002	BCCP-L-lysine	left
RXN-22002	BIO-5-AMP	left
RXN-22002	BCCP-biotin-L-lysine	right
RXN-22002	AMP	right
RXN-22002	PROTON	right
RXN-19688	CPD-12575	left
RXN-19688	CPD-7610	left
RXN-19688	CPD-9490	right
RXN-19688	UDP	right
RXN-19688	PROTON	right
RXN0-5184	1-4-alpha-D-Glucan	left
RXN0-5184	Pi	left
RXN0-5184	1-4-alpha-D-Glucan	right
RXN0-5184	GLC-1-P	right
RXN-12087	VINYL-ACETATE	left
RXN-12087	WATER	left
RXN-12087	ALLYL-ALCOHOL	right
RXN-12087	FORMATE	right
3.5.5.4-RXN	PROTON	left
3.5.5.4-RXN	WATER	left
3.5.5.4-RXN	CPD-603	left
3.5.5.4-RXN	AMMONIUM	right
3.5.5.4-RXN	L-ASPARTATE	right
RXN-8622	FARNESYL-PP	left
RXN-8622	Sesquisabinene	right
RXN-8622	PPI	right
RXN-19973	CPD-21549	left
RXN-19973	CPD-21545	right
RXN-19973	ACET	right
RXN-19973	PROTON	right
RXN-11441	CPD-12400	left
RXN-11441	WATER	left
RXN-11441	CPDQT-413	right
RXN-11441	CPD-12607	right
GLY3KIN-RXN	GLYCERATE	left
GLY3KIN-RXN	ATP	left
GLY3KIN-RXN	PROTON	right
GLY3KIN-RXN	G3P	right
GLY3KIN-RXN	ADP	right
RXN-11226	CPD-12180	left
RXN-11226	FERULOYL-COA	left
RXN-11226	WATER	left
RXN-11226	CPD-6602	right
RXN-11226	CO-A	right
RXN-11226	CARBON-DIOXIDE	right
RXN-708	CPD-707	left
RXN-708	NADP	left
RXN-708	CPD-4141	right
RXN-708	NADPH	right
RXN-708	PROTON	right
RXNQT-4341	CPDQT-280	left
RXNQT-4341	OXYGEN-MOLECULE	left
RXNQT-4341	PROTON	right
RXNQT-4341	CPDQT-273	right
RXNQT-4341	CPD-3746	right
RXN-9802	16-HYDROXYPALMITATE	left
RXN-9802	NADP	left
RXN-9802	PROTON	right
RXN-9802	CPD-10512	right
RXN-9802	NADPH	right
RXN-982	ARSENATE	left
RXN-982	GLUTATHIONE	left
RXN-982	Red-Glutaredoxins	left
RXN-982	PROTON	left
RXN-982	CPD0-2040	right
RXN-982	Grx-GSH-dithiol	right
RXN-982	WATER	right
RXN-9318	CPD-9939	left
RXN-9318	Acceptor	left
RXN-9318	CPD-9940	right
RXN-9318	Donor-H2	right
SPHINGANINE-KINASE-RXN	CPD-13612	left
SPHINGANINE-KINASE-RXN	ATP	left
SPHINGANINE-KINASE-RXN	PROTON	right
SPHINGANINE-KINASE-RXN	CPD-649	right
SPHINGANINE-KINASE-RXN	ADP	right
RXN-9454	CPD-12745	left
RXN-9454	WATER	left
RXN-9454	CPD-10110	right
RXN-9454	PPI	right
RXN-14513	CPD-3705	left
RXN-14513	WATER	left
RXN-14513	Pi	right
RXN-14513	ADENOSINE	right
RXN-13293	Long-Chain-Aldehydes	left
RXN-13293	NADH	left
RXN-13293	PROTON	left
RXN-13293	Long-chain-alcohols	right
RXN-13293	NAD	right
CONIFERIN-BETA-GLUCOSIDASE-RXN	WATER	left
CONIFERIN-BETA-GLUCOSIDASE-RXN	CPD-1777	left
CONIFERIN-BETA-GLUCOSIDASE-RXN	CONIFERYL-ALCOHOL	right
CONIFERIN-BETA-GLUCOSIDASE-RXN	Glucopyranose	right
RXN-21163	CPD-22763	left
RXN-21163	FERROCYTOCHROME-B5	left
RXN-21163	OXYGEN-MOLECULE	left
RXN-21163	PROTON	left
RXN-21163	CPD-22764	right
RXN-21163	FERRICYTOCHROME-B5	right
RXN-21163	WATER	right
RXN-13415	CPD-14378	left
RXN-13415	Deoxyhypusine-Synthase-Lysine	left
RXN-13415	N-4-aminobutylidene-enzyme-lysine	right
RXN-13415	CPD-313	right
RXN-10707	CPD-11525	left
RXN-10707	OXYGEN-MOLECULE	left
RXN-10707	CPD-11526	right
RXN-10707	HYDROGEN-PEROXIDE	right
RXN-18188	CPDQT-33	left
RXN-18188	CPD-19479	right
RXN-18188	WATER	right
RXN-21159	CPD-4181	left
RXN-21159	OXYGEN-MOLECULE	left
RXN-21159	FERROCYTOCHROME-B5	left
RXN-21159	PROTON	left
RXN-21159	CPD-22761	right
RXN-21159	WATER	right
RXN-21159	FERRICYTOCHROME-B5	right
RXN-7589	CPD-6228	left
RXN-7589	OXYGEN-MOLECULE	left
RXN-7589	2-KETOGLUTARATE	left
RXN-7589	CPD-6202	right
RXN-7589	CARBON-DIOXIDE	right
RXN-7589	SUC	right
RXN-11684	CPD-15074	left
RXN-11684	CPD-12655	right
RXN-16046	Linoleoyl-groups	left
RXN-16046	FERROCYTOCHROME-B5	left
RXN-16046	OXYGEN-MOLECULE	left
RXN-16046	PROTON	left
RXN-16046	Alpha-linolenoyl-groups	right
RXN-16046	FERRICYTOCHROME-B5	right
RXN-16046	WATER	right
RXN-9036	CPD-12575	left
RXN-9036	CPD-9481	left
RXN-9036	CPD-9484	right
RXN-9036	UDP	right
RXN-9036	PROTON	right
RXN-14449	CPD-8654	left
RXN-14449	CPD-15281	left
RXN-14449	PROTON	left
RXN-14449	CPD-15297	right
RXN-14449	Glucopyranose	right
RXN-13454	CPD-14427	left
RXN-13454	Glucopyranose	left
RXN-13454	CPD-14428	right
RXN-13454	WATER	right
RXN-18383	4-HYDROXY-BUTYRYL-COA	left
RXN-18383	OXYGEN-MOLECULE	left
RXN-18383	OH-CROTONYL-COA	right
RXN-18383	HYDROGEN-PEROXIDE	right
RXN0-5254	Menaquinones	left
RXN0-5254	PROTON	left
RXN0-5254	E-	left
RXN0-5254	Menaquinols	right
RXN-13938	CPD-7061	left
RXN-13938	WATER	left
RXN-13938	PROTON	left
RXN-13938	CPD-14963	right
RXN-13938	METOH	right
RXN-5741	CPD-195	left
RXN-5741	ACP	left
RXN-5741	ATP	left
RXN-5741	Octanoyl-ACPs	right
RXN-5741	AMP	right
RXN-5741	PPI	right
RXN18C3-109	CPD-20294	left
RXN18C3-109	ISOBUTYRYL-COA	left
RXN18C3-109	CPD-20297	right
RXN18C3-109	CO-A	right
RXN-5469	CPD-5167	left
RXN-5469	CPD-171	left
RXN-5469	CPD-5168	right
RXN-5469	DOLICHOLP	right
RXN-5469	PROTON	right
RXN-16368	CPD-17610	left
RXN-16368	CPD-17606	right
RXN-16368	CARBON-DIOXIDE	right
RXN-22388	CPD-16459	left
RXN-22388	Pi	right
RXN-22388	PROTON	right
RXN-9911	PROTON	left
RXN-9911	FARNESYL-PP	left
RXN-9911	NADPH	left
RXN-9911	CPD-10662	right
RXN-9911	PPI	right
RXN-9911	NADP	right
RXN-9660	Decanoyl-ACPs	left
RXN-9660	NAD	left
RXN-9660	Trans-D2-decenoyl-ACPs	right
RXN-9660	NADH	right
RXN-9660	PROTON	right
RXN-8344	PROTON	left
RXN-8344	CPD-4	left
RXN-8344	ATP	left
RXN-8344	CPD-8122	right
RXN-8344	PPI	right
RXN-19723	CPD-4124	left
RXN-19723	FERROCYTOCHROME-B5	left
RXN-19723	OXYGEN-MOLECULE	left
RXN-19723	PROTON	left
RXN-19723	CPD-12914	right
RXN-19723	FERRICYTOCHROME-B5	right
RXN-19723	WATER	right
RXN-8225	16-EPIVELLOSIMINE	left
RXN-8225	VELLOSIMINE	right
RXNQT-4164	CPDQT-31	left
RXNQT-4164	CPDQT-36	right
RXN-13005	CPD-14040	left
RXN-13005	PROTON	left
RXN-13005	CPDQT-350	right
RXN-13005	CARBON-DIOXIDE	right
RXN-13005	WATER	right
ADENOSYLHOMOCYSTEINASE-RXN	ADENOSYL-HOMO-CYS	left
ADENOSYLHOMOCYSTEINASE-RXN	WATER	left
ADENOSYLHOMOCYSTEINASE-RXN	HOMO-CYS	right
ADENOSYLHOMOCYSTEINASE-RXN	ADENOSINE	right
NICOTINAMID-RXN	NIACINAMIDE	left
NICOTINAMID-RXN	WATER	left
NICOTINAMID-RXN	AMMONIUM	right
NICOTINAMID-RXN	NIACINE	right
RXN-14009	CPD-8067	left
RXN-14009	UDP-L-RHAMNOSE	left
RXN-14009	CPD-15023	right
RXN-14009	UDP	right
RXN-16364	S-ADENOSYLMETHIONINE	left
RXN-16364	CPD-8912	left
RXN-16364	CPD-17600	right
RXN-16364	ADENOSYL-HOMO-CYS	right
RXN-16364	PROTON	right
RXN-6561	2-OXOSUCCINAMATE	left
RXN-6561	Donor-H2	left
RXN-6561	2-HYDROXYSUCCINAMATE	right
RXN-6561	Acceptor	right
RXN-14372	Alpha-Amyloses	left
RXN-14372	CPD-7043	right
RXN-8736	S-ADENOSYLMETHIONINE	left
RXN-8736	CPD-8960	left
RXN-8736	PROTON	right
RXN-8736	CPD-8961	right
RXN-8736	ADENOSYL-HOMO-CYS	right
RXN-20997	Chalcone-Synthase-Tetraketide	left
RXN-20997	CPD-6993	right
RXN-20997	Chalcone-Synthase	right
RXN-11938	CPD-12914	left
RXN-11938	NAD	left
RXN-11938	CPD-12915	right
RXN-11938	NADH	right
RXN-11938	CARBON-DIOXIDE	right
RXN-16021	CPD-17263	left
RXN-16021	CPD-17264	right
RXN-16021	WATER	right
UROGENIIISYN-RXN	HYDROXYMETHYLBILANE	left
UROGENIIISYN-RXN	UROPORPHYRINOGEN-III	right
UROGENIIISYN-RXN	WATER	right
RXN-15447	PLASTOQUINONE	left
RXN-15447	E-	left
RXN-15447	PROTON	left
RXN-15447	Plastoquinols	right
RXN-8189	CPD1F-130	left
RXN-8189	OXYGEN-MOLECULE	left
RXN-8189	Donor-H2	left
RXN-8189	CPD-7852	right
RXN-8189	WATER	right
RXN-8189	Acceptor	right
RXN-12799	CPD-8691	left
RXN-12799	Red-NADPH-Hemoprotein-Reductases	left
RXN-12799	OXYGEN-MOLECULE	left
RXN-12799	CPD-8694	right
RXN-12799	Ox-NADPH-Hemoprotein-Reductases	right
RXN-12799	WATER	right
RXN-12799	PROTON	right
TRANS-RXN-400	PHOSPHO-ENOL-PYRUVATE	left
TRANS-RXN-400	PHOSPHO-ENOL-PYRUVATE	right
RXN-13810	S-ADENOSYLMETHIONINE	left
RXN-13810	CPD-14831	left
RXN-13810	CPD-14832	right
RXN-13810	ADENOSYL-HOMO-CYS	right
RXN-13810	PROTON	right
RXN-8559	FARNESYL-PP	left
RXN-8559	CPD-8752	right
RXN-8559	PPI	right
RXN18C3-42	CPD-19018	left
RXN18C3-42	ISOVALERYL-COA	left
RXN18C3-42	CPD-19120	right
RXN18C3-42	CO-A	right
RXN-9386	GLN-tRNAs	left
RXN-9386	GLT	left
RXN-9386	ATP	left
RXN-9386	L-glutamyl-tRNAGln	right
RXN-9386	AMP	right
RXN-9386	PPI	right
RXN-7575	PROTON	left
RXN-7575	P-COUMAROYL-COA	left
RXN-7575	MALONYL-COA	left
RXN-7575	CPD-6956	right
RXN-7575	CO-A	right
RXN-7575	CARBON-DIOXIDE	right
2.4.1.43-RXN	1-4-alpha-D-galacturonosyl	left
2.4.1.43-RXN	UDP-D-GALACTURONATE	left
2.4.1.43-RXN	1-4-alpha-D-galacturonosyl	right
2.4.1.43-RXN	UDP	right
RXN-13985	P-COUMAROYL-COA	left
RXN-13985	CPD1F-437	left
RXN-13985	PROTON	left
RXN-13985	CPD-14978	right
RXN-13985	CO-A	right
RXN-111	EPOXYSQUALENE	left
RXN-111	CPD-90	right
TRANS-RXNIO2-3	HCO3	left
TRANS-RXNIO2-3	HCO3	right
RXNQT-4305	L-GAMMA-GLUTAMYLCYSTEINE	left
RXNQT-4305	5-OXOPROLINE	right
DAHPSYN-RXN	PHOSPHO-ENOL-PYRUVATE	left
DAHPSYN-RXN	ERYTHROSE-4P	left
DAHPSYN-RXN	WATER	left
DAHPSYN-RXN	3-DEOXY-D-ARABINO-HEPTULOSONATE-7-P	right
DAHPSYN-RXN	Pi	right
RXN-9268	CPD-9803	left
RXN-9268	CPD-8097	right
GLYRIBONUCSYN-RXN	5-P-BETA-D-RIBOSYL-AMINE	left
GLYRIBONUCSYN-RXN	ATP	left
GLYRIBONUCSYN-RXN	GLY	left
GLYRIBONUCSYN-RXN	PROTON	right
GLYRIBONUCSYN-RXN	ADP	right
GLYRIBONUCSYN-RXN	Pi	right
GLYRIBONUCSYN-RXN	5-PHOSPHO-RIBOSYL-GLYCINEAMIDE	right
RXN-11623	CPD-12581	left
RXN-11623	OXYGEN-MOLECULE	left
RXN-11623	WATER	left
RXN-11623	2-TRANS6-TRANS-FARNESAL	right
RXN-11623	CYS	right
RXN-11623	HYDROGEN-PEROXIDE	right
RXN-12730	SELENOHOMOCYSTEINE	left
RXN-12730	CPD-1302	left
RXN-12730	SELENOMETHIONINE	right
RXN-12730	CPD-1301	right
RXN0-2381	INDOLE-3-GLYCEROL-P	left
RXN0-2381	INDOLE	right
RXN0-2381	GAP	right
RXN66-587	CPD-431	left
RXN66-587	Red-NADPH-Hemoprotein-Reductases	left
RXN66-587	OXYGEN-MOLECULE	left
RXN66-587	5734-TETRAHYDROXYFLAVONE	right
RXN66-587	Ox-NADPH-Hemoprotein-Reductases	right
RXN66-587	WATER	right
RXN-12626	CPD-13227	left
RXN-12626	WATER	left
RXN-12626	CHITOBIOSE	right
RXN-12626	N-acetyl-D-glucosamine	right
RXN-11492	CPD-1099	left
RXN-11492	CPD-12464	right
RXN-11492	SUCROSE	right
2.3.1.90-RXN	1-O-GALLOYL-BETA-D-GLUCOSE	left
2.3.1.90-RXN	1-O6-O-DIGALLOYL-BETA-D-GLUCOSE	right
2.3.1.90-RXN	Glucopyranose	right
3.2.1.153-RXN	Inulin	left
3.2.1.153-RXN	WATER	left
3.2.1.153-RXN	Fructofuranose	right
3.2.1.153-RXN	Inulin	right
RXN-13833	Apo-FeFe-hydrogenase-Subunits	left
RXN-13833	Active-FeFe-hydrogenase-Subunits	right
ADENYLOSUCCINATE-SYNTHASE-RXN	L-ASPARTATE	left
ADENYLOSUCCINATE-SYNTHASE-RXN	IMP	left
ADENYLOSUCCINATE-SYNTHASE-RXN	GTP	left
ADENYLOSUCCINATE-SYNTHASE-RXN	ADENYLOSUCC	right
ADENYLOSUCCINATE-SYNTHASE-RXN	Pi	right
ADENYLOSUCCINATE-SYNTHASE-RXN	GDP	right
ADENYLOSUCCINATE-SYNTHASE-RXN	PROTON	right
RXN1F-161	CPD1F-138	left
RXN1F-161	Red-NADPH-Hemoprotein-Reductases	left
RXN1F-161	OXYGEN-MOLECULE	left
RXN1F-161	CPD1F-95	right
RXN1F-161	Ox-NADPH-Hemoprotein-Reductases	right
RXN1F-161	WATER	right
RXN1F-161	PROTON	right
RXN-1828	Long-linear-glucans	left
RXN-1828	ALPHA-GLUCOSE	left
RXN-1828	Short-Alpha-14-Glucans	right
RXN-12319	CPD-14553	left
RXN-12319	CPD-7612	left
RXN-12319	PROTON	right
RXN-12319	UDP	right
RXN-12319	CPD-13254	right
RXN-19991	VOMILENINE	left
RXN-19991	OXYGEN-MOLECULE	left
RXN-19991	Red-NADPH-Hemoprotein-Reductases	left
RXN-19991	CPDMETA-13651	right
RXN-19991	WATER	right
RXN-19991	Ox-NADPH-Hemoprotein-Reductases	right
RXN-15386	CPD-16621	left
RXN-15386	Red-NADPH-Hemoprotein-Reductases	left
RXN-15386	OXYGEN-MOLECULE	left
RXN-15386	CPD-16622	right
RXN-15386	Ox-NADPH-Hemoprotein-Reductases	right
RXN-15386	WATER	right
RXN-13883	CPD-14893	left
RXN-13883	FERROCYTOCHROME-B5	left
RXN-13883	OXYGEN-MOLECULE	left
RXN-13883	PROTON	left
RXN-13883	CPD-14894	right
RXN-13883	FERRICYTOCHROME-B5	right
RXN-13883	WATER	right
RXN-12452	CPD-13464	left
RXN-12452	NAD	left
RXN-12452	CPD-13465	right
RXN-12452	NADH	right
RXN-12452	PROTON	right
RXN-2946	INDOLE_ACETATE_AUXIN	left
RXN-2946	L-ASPARTATE	left
RXN-2946	ATP	left
RXN-2946	PROTON	right
RXN-2946	INDOLE-3-ACETYL-ASP	right
RXN-2946	AMP	right
RXN-2946	PPI	right
CYTOCHROME-C-OXIDASE-RXN	OXYGEN-MOLECULE	left
CYTOCHROME-C-OXIDASE-RXN	PROTON	left
CYTOCHROME-C-OXIDASE-RXN	Cytochromes-C-Reduced	left
CYTOCHROME-C-OXIDASE-RXN	PROTON	right
CYTOCHROME-C-OXIDASE-RXN	WATER	right
CYTOCHROME-C-OXIDASE-RXN	Cytochromes-C-Oxidized	right
RXN-8618	GERANYL-PP	left
RXN-8618	WATER	left
RXN-8618	GERANIOL	right
RXN-8618	PPI	right
RXN-18938	CPD-20323	left
RXN-18938	OXYGEN-MOLECULE	left
RXN-18938	Red-NADPH-Hemoprotein-Reductases	left
RXN-18938	CPD-20322	right
RXN-18938	WATER	right
RXN-18938	Ox-NADPH-Hemoprotein-Reductases	right
RXN-16121	CPD-17373	left
RXN-16121	WATER	left
RXN-16121	CPD-17375	right
RXN-16121	Pi	right
RXN-9673	LINOLEIC_ACID	left
RXN-9673	CO-A	left
RXN-9673	ATP	left
RXN-9673	CPD-18	right
RXN-9673	PPI	right
RXN-9673	AMP	right
RXN-9317	CPD-9938	left
RXN-9317	Methylated-methyl-acceptors	left
RXN-9317	CPD-9939	right
RXN-9317	Demethylated-methyl-acceptors	right
RXN-8393	CPD-17285	left
RXN-8393	OXYGEN-MOLECULE	left
RXN-8393	Donor-H2	left
RXN-8393	CPD-17286	right
RXN-8393	WATER	right
RXN-8393	Acceptor	right
RXN-11305	CPD-12266	left
RXN-11305	PYRUVATE	left
RXN-11305	DIHYDROXY-ACETONE-PHOSPHATE	right
RXN-11305	L-ALPHA-ALANINE	right
RXN-9642	CPD-10275	left
RXN-9642	Red-NADPH-Hemoprotein-Reductases	left
RXN-9642	OXYGEN-MOLECULE	left
RXN-9642	2-Hydroxy-2-methylbutyronitriles	right
RXN-9642	WATER	right
RXN-9642	Ox-NADPH-Hemoprotein-Reductases	right
RXN-13495	CPD-13669	left
RXN-13495	CPD-14486	right
RXN0-722	DUDP	left
RXN0-722	Oxidized-NrdH-Proteins	left
RXN0-722	WATER	left
RXN0-722	UDP	right
RXN0-722	Reduced-NrdH-Proteins	right
CDPKIN-RXN	CDP	left
CDPKIN-RXN	ATP	left
CDPKIN-RXN	CTP	right
CDPKIN-RXN	ADP	right
RXN-12184	CO-A	left
RXN-12184	CPD-17637	left
RXN-12184	ATP	left
RXN-12184	CPD-17638	right
RXN-12184	PPI	right
RXN-12184	AMP	right
RXN-15331	CPD-16537	left
RXN-15331	MALONYL-COA	left
RXN-15331	CPD-16538	right
RXN-15331	CO-A	right
RXN18C3-41	CPD-19055	left
RXN18C3-41	ACETYL-COA	left
RXN18C3-41	CPD-19057	right
RXN18C3-41	CO-A	right
RXN-12608	CPD-13573	left
RXN-12608	Acceptor	left
RXN-12608	CPD-13572	right
RXN-12608	Donor-H2	right
RXN-8199	UNKNOWN	left
RXN-8199	7-DEOXYLOGANIN	right
RXN-15979	CPD1F-130	left
RXN-15979	OXYGEN-MOLECULE	left
RXN-15979	CPD-17216	right
RXN-15979	CPD-8661	right
RXN-9792	CPD-10500	left
RXN-9792	CPD-10501	right
RXN-1061	PALMITYL-COA	left
RXN-1061	NADPH	left
RXN-1061	OXYGEN-MOLECULE	left
RXN-1061	PROTON	left
RXN-1061	CPD-17621	right
RXN-1061	NADP	right
RXN-1061	WATER	right
UREIDOGLYCOLATE-LYASE-RXN	CPD-1091	left
UREIDOGLYCOLATE-LYASE-RXN	UREA	right
UREIDOGLYCOLATE-LYASE-RXN	GLYOX	right
RXN-10721	3-HYDROXY-L-KYNURENINE	left
RXN-10721	2-KETOGLUTARATE	left
RXN-10721	CPD-11552	right
RXN-10721	GLT	right
RXN-9320	CPD-9941	left
RXN-9320	Methylated-methyl-acceptors	left
RXN-9320	CPD-9940	right
RXN-9320	Demethylated-methyl-acceptors	right
RXN66-312	CPD-4576	left
RXN66-312	FERROCYTOCHROME-B5	left
RXN66-312	OXYGEN-MOLECULE	left
RXN66-312	PROTON	left
RXN66-312	CPD-4577	right
RXN66-312	FERRICYTOCHROME-B5	right
RXN66-312	WATER	right
RXN-16817	CPD-18133	left
RXN-16817	NAD-P-OR-NOP	left
RXN-16817	WATER	left
RXN-16817	CPD-18135	right
RXN-16817	NADH-P-OR-NOP	right
RXN-16817	PROTON	right
FORMYL-COA-HYDROLASE-RXN	WATER	left
FORMYL-COA-HYDROLASE-RXN	FORMYL-COA	left
FORMYL-COA-HYDROLASE-RXN	PROTON	right
FORMYL-COA-HYDROLASE-RXN	FORMATE	right
FORMYL-COA-HYDROLASE-RXN	CO-A	right
ARGSUCCINSYN-RXN	L-ASPARTATE	left
ARGSUCCINSYN-RXN	L-CITRULLINE	left
ARGSUCCINSYN-RXN	ATP	left
ARGSUCCINSYN-RXN	PROTON	right
ARGSUCCINSYN-RXN	L-ARGININO-SUCCINATE	right
ARGSUCCINSYN-RXN	PPI	right
ARGSUCCINSYN-RXN	AMP	right
RXN-24313	ACETYL-COA	left
RXN-24313	CPD-26904	left
RXN-24313	CO-A	right
RXN-24313	10-DEACETYL-2-DEBENZOYLBACCATIN-III	right
RXN-11678	CPD-12647	left
RXN-11678	OXYGEN-MOLECULE	left
RXN-11678	FERROCYTOCHROME-B5	left
RXN-11678	PROTON	left
RXN-11678	CPD-12649	right
RXN-11678	WATER	right
RXN-11678	FERRICYTOCHROME-B5	right
RXN-11656	CPD-12620	left
RXN-11656	CPD-12622	right
RXN-11656	PROTON	right
RXN-14250	CPD3DJ-82	left
RXN-14250	OXYGEN-MOLECULE	left
RXN-14250	FERROCYTOCHROME-B5	left
RXN-14250	PROTON	left
RXN-14250	C18-Phytoceramides	right
RXN-14250	WATER	right
RXN-14250	FERRICYTOCHROME-B5	right
RXN-11745	CPD-12707	left
RXN-11745	CPD-12708	right
RXN-11745	DIHYDROXY-ACETONE-PHOSPHATE	right
RXN-8345	Gamma-linolenoyl-groups	left
RXN-8345	CPD-8120	right
RXN-5105	GERANYL-PP	left
RXN-5105	CPD-4894	right
RXN-5105	PPI	right
RXN-17473	S-ADENOSYLMETHIONINE	left
RXN-17473	CPD-5662	left
RXN-17473	BIOTIN	right
RXN-17473	CH33ADO	right
RXN-17473	MET	right
RXN-17473	PROTON	right
RXN-9810	CPD-10516	left
RXN-9810	CPD-10517	right
RXN-10430	INDOLE_ACETATE_AUXIN	left
RXN-10430	ILE	left
RXN-10430	ATP	left
RXN-10430	PROTON	right
RXN-10430	CPD-11227	right
RXN-10430	AMP	right
RXN-10430	PPI	right
RXN-6861	5-AMINO-2-OXOPENTANOATE	left
RXN-6861	DELTA1-PYRROLINE_2-CARBOXYLATE	right
RXN-6861	WATER	right
RXN-6861	PROTON	right
RXN-1024	NADH-P-OR-NOP	left
RXN-1024	Fatty-Aldehydes	left
RXN-1024	NAD-P-OR-NOP	right
RXN-1024	Primary-Alcohols	right
RXN-5781	DIACYLGLYCEROL	left
RXN-5781	CDP-CHOLINE	left
RXN-5781	PHOSPHATIDYLCHOLINE	right
RXN-5781	CMP	right
RXN-5781	PROTON	right
DIHYDROFOLATESYNTH-RXN	GLT	left
DIHYDROFOLATESYNTH-RXN	7-8-DIHYDROPTEROATE	left
DIHYDROFOLATESYNTH-RXN	ATP	left
DIHYDROFOLATESYNTH-RXN	PROTON	right
DIHYDROFOLATESYNTH-RXN	DIHYDROFOLATE	right
DIHYDROFOLATESYNTH-RXN	Pi	right
DIHYDROFOLATESYNTH-RXN	ADP	right
RXN-10825	CAFFEOYL-COA	left
RXN-10825	MAL	left
RXN-10825	CPD-11724	right
RXN-10825	CO-A	right
RXN-11949	NAD	left
RXN-11949	CPD-12919	left
RXN-11949	CARBON-DIOXIDE	right
RXN-11949	NADH	right
RXN-11949	CPD-12920	right
RXN-7598	S-ADENOSYLMETHIONINE	left
RXN-7598	7-METHYLXANTHINE	left
RXN-7598	PROTON	right
RXN-7598	3-7-DIMETHYLXANTHINE	right
RXN-7598	ADENOSYL-HOMO-CYS	right
GST-RXN	1-CHLORO-24-DINITROBENZENE	left
GST-RXN	GLUTATHIONE	left
GST-RXN	PROTON	right
GST-RXN	S-24-DINITROPHENYLGLUTATHIONE	right
GST-RXN	CL-	right
NAG1P-URIDYLTRANS-RXN	PROTON	left
NAG1P-URIDYLTRANS-RXN	N-ACETYL-D-GLUCOSAMINE-1-P	left
NAG1P-URIDYLTRANS-RXN	UTP	left
NAG1P-URIDYLTRANS-RXN	UDP-N-ACETYL-D-GLUCOSAMINE	right
NAG1P-URIDYLTRANS-RXN	PPI	right
RXN-6383	3-HYDROXY-PROPIONYL-COA	left
RXN-6383	ACRYLYL-COA	right
RXN-6383	WATER	right
RXN18C3-25	SUCROSE	left
RXN18C3-25	ISOVALERYL-COA	left
RXN18C3-25	CPD-19018	right
RXN18C3-25	CO-A	right
RXN-7703	NADPH	left
RXN-7703	WATER	left
RXN-7703	NADH	right
RXN-7703	Pi	right
RXN-10632	GERANYLGERANYL-PP	left
RXN-10632	CPD-12805	right
RXN-10632	PPI	right
RXN-13881	CPD-14891	left
RXN-13881	CPD-14892	right
RXN-5065	PROTON	left
RXN-5065	CPD-4863	left
RXN-5065	2-METHYLPROPANAL-OXIME	right
RXN-5065	CARBON-DIOXIDE	right
RXN-5065	WATER	right
PRPPAMIDOTRANS-RXN	5-P-BETA-D-RIBOSYL-AMINE	left
PRPPAMIDOTRANS-RXN	PPI	left
PRPPAMIDOTRANS-RXN	GLT	left
PRPPAMIDOTRANS-RXN	PRPP	right
PRPPAMIDOTRANS-RXN	GLN	right
PRPPAMIDOTRANS-RXN	WATER	right
RXN-8564	GERANYL-PP	left
RXN-8564	CPD-8755	right
RXN-8564	PPI	right
RXN-19151	CPD-7851	left
RXN-19151	Reduced-ferredoxins	left
RXN-19151	OXYGEN-MOLECULE	left
RXN-19151	PROTON	left
RXN-19151	CPD-7847	right
RXN-19151	Oxidized-ferredoxins	right
RXN-19151	WATER	right
RXN-3562	VESTITONE	left
RXN-3562	NADP	left
RXN-3562	2-HYDROXYFORMONONETIN	right
RXN-3562	NADPH	right
RXN-3562	PROTON	right
THIOESTER-RXN	Saturated-Fatty-Acyl-CoA	left
THIOESTER-RXN	WATER	left
THIOESTER-RXN	CPD66-39	right
THIOESTER-RXN	CO-A	right
THIOESTER-RXN	PROTON	right
RXN-2121	CPD-17370	left
RXN-2121	NADP	left
RXN-2121	CPD-17623	right
RXN-2121	NADPH	right
RXN-2121	PROTON	right
RXN-21161	CPD-22762	left
RXN-21161	OXYGEN-MOLECULE	left
RXN-21161	FERROCYTOCHROME-B5	left
RXN-21161	PROTON	left
RXN-21161	CPD-22131	right
RXN-21161	WATER	right
RXN-21161	FERRICYTOCHROME-B5	right
RXN-8707	TRYPTAMINE	left
RXN-8707	Red-NADPH-Hemoprotein-Reductases	left
RXN-8707	OXYGEN-MOLECULE	left
RXN-8707	SEROTONIN	right
RXN-8707	Ox-NADPH-Hemoprotein-Reductases	right
RXN-8707	WATER	right
RXN-11529	CPD-3943	left
RXN-11529	Red-NADPH-Hemoprotein-Reductases	left
RXN-11529	OXYGEN-MOLECULE	left
RXN-11529	CPD-12495	right
RXN-11529	Ox-NADPH-Hemoprotein-Reductases	right
RXN-11529	WATER	right
RXN-16909	HCO3	left
RXN-16909	ATP	left
RXN-16909	CPD-18238	right
RXN-16909	ADP	right
RXN-24299	GERANYLGERANYL-PP	left
RXN-24299	PPI	right
RXN-24299	CPD-26889	right
RXN-15522	CPD-520	left
RXN-15522	NADPH	left
RXN-15522	OXYGEN-MOLECULE	left
RXN-15522	PROTON	left
RXN-15522	334578-HEXAHYDROXYFLAVONE	right
RXN-15522	NADP	right
RXN-15522	WATER	right
RXN3O-4157	TYR	left
RXN3O-4157	PYRUVATE	left
RXN3O-4157	P-HYDROXY-PHENYLPYRUVATE	right
RXN3O-4157	L-ALPHA-ALANINE	right
RXN-9630	EPOXYSQUALENE	left
RXN-9630	CPD-10263	right
1.14.13.42-RXN	CPD-1074	left
1.14.13.42-RXN	OXYGEN-MOLECULE	left
1.14.13.42-RXN	Red-NADPH-Hemoprotein-Reductases	left
1.14.13.42-RXN	CPD-648	right
1.14.13.42-RXN	WATER	right
1.14.13.42-RXN	Ox-NADPH-Hemoprotein-Reductases	right
RXN-14748	CPD-15486	left
RXN-14748	OXYGEN-MOLECULE	left
RXN-14748	Red-NADPH-Hemoprotein-Reductases	left
RXN-14748	CPD-15630	right
RXN-14748	WATER	right
RXN-14748	Ox-NADPH-Hemoprotein-Reductases	right
RXN-8201	VINDOLINE	left
RXN-8201	CPD-7859	left
RXN-8201	HYDROGEN-PEROXIDE	left
RXN-8201	CPD-21576	right
RXN-8201	WATER	right
RXN0-5292	DCMP	left
RXN0-5292	WATER	left
RXN0-5292	DEOXYCYTIDINE	right
RXN0-5292	Pi	right
RXN-24190	PHYTOALEXIN-CMPD	left
RXN-24190	Red-NADPH-Hemoprotein-Reductases	left
RXN-24190	OXYGEN-MOLECULE	left
RXN-24190	CPD-13041	right
RXN-24190	Ox-NADPH-Hemoprotein-Reductases	right
RXN-24190	WATER	right
RXNQT-4178	CPDQT-40	left
RXNQT-4178	NAD	left
RXNQT-4178	CPDQT-41	right
RXNQT-4178	CARBON-DIOXIDE	right
RXNQT-4178	NADH	right
RXN-22301	STRICTOSIDINE	left
RXN-22301	CPD-9851	right
ENOYL-ACP-REDUCT-NADPH-RXN	Saturated-Fatty-Acyl-ACPs	left
ENOYL-ACP-REDUCT-NADPH-RXN	NADP	left
ENOYL-ACP-REDUCT-NADPH-RXN	NADPH	right
ENOYL-ACP-REDUCT-NADPH-RXN	TRANS-D2-ENOYL-ACP	right
ENOYL-ACP-REDUCT-NADPH-RXN	PROTON	right
RXN-8259	UNKNOWN	left
RXN-8259	CPD-8001	right
RXN-9051	CPD-9529	left
RXN-9051	OXYGEN-MOLECULE	left
RXN-9051	CPD-9527	right
RXN-9051	WATER	right
RXN-14110	CPD-12575	left
RXN-14110	CPD-13509	left
RXN-14110	CPD-15106	right
RXN-14110	UDP	right
RXN-12875	L-THREONATE	left
RXN-12875	TARTRATE	right
RXN-9341	S-ADENOSYLMETHIONINE	left
RXN-9341	CPD-9951	left
RXN-9341	1R2S-EPHEDRINE	right
RXN-9341	PROTON	right
RXN-9341	ADENOSYL-HOMO-CYS	right
RXN66-565	LYS	left
RXN66-565	2-KETOGLUTARATE	left
RXN66-565	2-KETO-6-AMINO-CAPROATE	right
RXN66-565	GLT	right
RXN-15353	CPD-16559	left
RXN-15353	CPD-15283	left
RXN-15353	CPD-16560	right
RXN-15353	4-hydroxybenzoate	right
RXN-15353	PROTON	right
RXN-13556	CPD-9788	left
RXN-13556	OXYGEN-MOLECULE	left
RXN-13556	CPD-14544	right
RXN-13556	WATER	right
RXN-8349	CPD-12653	left
RXN-8349	MALONYL-ACP	left
RXN-8349	NADPH	left
RXN-8349	PROTON	left
RXN-8349	CPD-8121	right
RXN-8349	ACP	right
RXN-8349	CARBON-DIOXIDE	right
RXN-8349	WATER	right
RXN-8349	NADP	right
RXN-13879	CPD-22096	left
RXN-13879	FERROCYTOCHROME-B5	left
RXN-13879	OXYGEN-MOLECULE	left
RXN-13879	PROTON	left
RXN-13879	CPD-22098	right
RXN-13879	FERRICYTOCHROME-B5	right
RXN-13879	WATER	right
PYRROLINECARBREDUCT-RXN	PRO	left
PYRROLINECARBREDUCT-RXN	NAD-P-OR-NOP	left
PYRROLINECARBREDUCT-RXN	NADH-P-OR-NOP	right
PYRROLINECARBREDUCT-RXN	L-DELTA1-PYRROLINE_5-CARBOXYLATE	right
PYRROLINECARBREDUCT-RXN	PROTON	right
RXN-12102	EPOXYSQUALENE	left
RXN-12102	CPD-13049	right
RXN-13587	CPD-9777	left
RXN-13587	NADP	left
RXN-13587	CPD-9775	right
RXN-13587	NADPH	right
RXN-13587	PROTON	right
INDOLE-23-DIOXYGENASE-RXN	OXYGEN-MOLECULE	left
INDOLE-23-DIOXYGENASE-RXN	INDOLE	left
INDOLE-23-DIOXYGENASE-RXN	CPD-248	right
RXN-10735	Hepta-oxo-hexadecanoyl-ACPs	left
RXN-10735	CPD-11556	right
RXN-10735	WATER	right
RXN-10735	Polyketide-ACP-Proteins	right
RXN-10735	PROTON	right
RXN-9259	OXYGEN-MOLECULE	left
RXN-9259	PROTOPORPHYRINOGEN	left
RXN-9259	WATER	right
RXN-9259	PROTOPORPHYRIN_IX	right
RXN-1404	INDOLEYL-CPD	left
RXN-1404	WATER	left
RXN-1404	AMMONIUM	right
RXN-1404	INDOLE_ACETATE_AUXIN	right
3-OXOACYL-ACP-REDUCT-RXN	OH-ACYL-ACP	left
3-OXOACYL-ACP-REDUCT-RXN	NADP	left
3-OXOACYL-ACP-REDUCT-RXN	B-KETOACYL-ACP	right
3-OXOACYL-ACP-REDUCT-RXN	NADPH	right
3-OXOACYL-ACP-REDUCT-RXN	PROTON	right
RXN-9623	PALMITATE	left
RXN-9623	CO-A	left
RXN-9623	ATP	left
RXN-9623	PALMITYL-COA	right
RXN-9623	PPI	right
RXN-9623	AMP	right
RXN-9075	Glucosylated-Glucose-Acceptors	left
RXN-9075	INDOLE-3-ACETYL-GLU	left
RXN-9075	Non-Glucosylated-Glucose-Acceptors	right
RXN-9075	CPD-9573	right
RXN-20373	CPD-4577	left
RXN-20373	NAD	left
RXN-20373	CPD-4578	right
RXN-20373	NADH	right
RXN-20373	CARBON-DIOXIDE	right
RXN-8547	GERANYL-PP	left
RXN-8547	CPD-8736	right
RXN-8547	PPI	right
RXN-5822	NADP	left
RXN-5822	WATER	left
RXN-5822	NAD	right
RXN-5822	Pi	right
RXN-18444	CPD-4211	left
RXN-18444	CPD-19787	left
RXN-18444	PPI	right
RXN-18444	CPD-19788	right
RXN-7797	CPD3DJ-82	left
RXN-7797	OXYGEN-MOLECULE	left
RXN-7797	NADH-P-OR-NOP	left
RXN-7797	PROTON	left
RXN-7797	Phytoceramides	right
RXN-7797	NAD-P-OR-NOP	right
RXN-7797	WATER	right
RXN-2043	CELLULOSE	left
RXN-2043	WATER	left
RXN-2043	Cellodextrins	right
RXN-12350	CPD-13328	left
RXN-12350	SCOPOLETIN	right
RXN-12350	CO-A	right
RXN-2001	CPD-674	left
RXN-2001	CO-A	left
RXN-2001	ATP	left
RXN-2001	CINNAMOYL-COA	right
RXN-2001	AMP	right
RXN-2001	PPI	right
RXN-13014	HOMOMETHIONINE	left
RXN-13014	OXYGEN-MOLECULE	left
RXN-13014	Red-NADPH-Hemoprotein-Reductases	left
RXN-13014	CPD-14043	right
RXN-13014	WATER	right
RXN-13014	Ox-NADPH-Hemoprotein-Reductases	right
RXN-13014	PROTON	right
RXN-13850	CPD-12575	left
RXN-13850	CPD-14861	left
RXN-13850	CPD-14863	right
RXN-13850	UDP	right
RXN-13850	PROTON	right
RXN-15440	CPD-16680	left
RXN-15440	Red-NADPH-Hemoprotein-Reductases	left
RXN-15440	OXYGEN-MOLECULE	left
RXN-15440	CPD-16681	right
RXN-15440	Ox-NADPH-Hemoprotein-Reductases	right
RXN-15440	WATER	right
RXN-1727	CPD-2185	left
RXN-1727	OXYGEN-MOLECULE	left
RXN-1727	Reduced-ferredoxins	left
RXN-1727	PROTON	left
RXN-1727	CPD-2186	right
RXN-1727	WATER	right
RXN-1727	Oxidized-ferredoxins	right
RXN-16783	CPD1F-766	left
RXN-16783	CAFFEOYL-COA	left
RXN-16783	CPD-18098	right
RXN-16783	CO-A	right
RXN-12068	PROTON	left
RXN-12068	CPD-13030	left
RXN-12068	CPD-13031	right
RXN-12068	CARBON-DIOXIDE	right
RXN-12068	WATER	right
RXN-19007	UDP-D-XYLOSE	left
RXN-19007	2-N-linked-Glycan	left
RXN-19007	Man3-GlcNAc3-Xyl-Proteins	right
RXN-19007	UDP	right
RXN-19007	PROTON	right
RXN-16813	CPD-18120	left
RXN-16813	OXYGEN-MOLECULE	left
RXN-16813	CPD-18131	right
RXN-16813	PROTON	right
PNPOXI-RXN	OXYGEN-MOLECULE	left
PNPOXI-RXN	PYRIDOXINE-5P	left
PNPOXI-RXN	HYDROGEN-PEROXIDE	right
PNPOXI-RXN	PYRIDOXAL_PHOSPHATE	right
RXN-7666	CHLOROPHYLL-A	left
RXN-7666	NADP	left
RXN-7666	CPD-7006	right
RXN-7666	NADPH	right
RXN-7666	PROTON	right
RXN-12240	CPD-1041	left
RXN-12240	CPD-1074	right
RXN-12240	WATER	right
RXN-7777	S-ADENOSYLMETHIONINE	left
RXN-7777	NARINGENIN-CMPD	left
RXN-7777	PROTON	right
RXN-7777	CPD-7080	right
RXN-7777	ADENOSYL-HOMO-CYS	right
2.6.1.22-RXN	2-KETOGLUTARATE	left
2.6.1.22-RXN	CPD-466	left
2.6.1.22-RXN	GLT	right
2.6.1.22-RXN	CH3-MALONATE-S-ALD	right
MANNITOL-1-PHOSPHATASE-RXN	WATER	left
MANNITOL-1-PHOSPHATASE-RXN	MANNITOL-1P	left
MANNITOL-1-PHOSPHATASE-RXN	Pi	right
MANNITOL-1-PHOSPHATASE-RXN	MANNITOL	right
PREPHENATEDEHYDROG-RXN	PREPHENATE	left
PREPHENATEDEHYDROG-RXN	NAD	left
PREPHENATEDEHYDROG-RXN	P-HYDROXY-PHENYLPYRUVATE	right
PREPHENATEDEHYDROG-RXN	CARBON-DIOXIDE	right
PREPHENATEDEHYDROG-RXN	NADH	right
RXN-15491	CPD-8959	left
RXN-15491	CPD-12575	left
RXN-15491	CPD-16746	right
RXN-15491	UDP	right
RXN-15491	PROTON	right
3.1.3.67-RXN	PHOSPHATIDYLINOSITOL-345-TRIPHOSPHATE	left
3.1.3.67-RXN	WATER	left
3.1.3.67-RXN	PHOSPHATIDYL-MYO-INOSITOL-45-BISPHOSPHA	right
3.1.3.67-RXN	Pi	right
RXN-14064	CPD-3709	left
RXN-14064	WATER	left
RXN-14064	CPD-3708	right
RXN-14064	PROTON	right
RXN-8304	CPD-8073	left
RXN-8304	OXYGEN-MOLECULE	left
RXN-8304	Reduced-ferredoxins	left
RXN-8304	PROTON	left
RXN-8304	CPD-8075	right
RXN-8304	WATER	right
RXN-8304	Oxidized-ferredoxins	right
RXN-8509	CPD-8692	left
RXN-8509	CPD-8693	right
RXN-8509	WATER	right
RXN-16019	MALONYL-COA	left
RXN-16019	CPD-14392	left
RXN-16019	PROTON	left
RXN-16019	CPD-17262	right
RXN-16019	CO-A	right
RXN-16019	CARBON-DIOXIDE	right
RXN-12417	CPD-14553	left
RXN-12417	Xyloglucans-Galactose-2	left
RXN-12417	Xyloglucans-Galactose-23	right
RXN-12417	UDP	right
RXN-12417	PROTON	right
RXN-25	HOMO-SER	left
RXN-25	AMMONIUM	left
RXN-25	Acceptor	left
RXN-25	L-CANALINE	right
RXN-25	Donor-H2	right
RXN-25	PROTON	right
2.7.7.64-RXN	UTP	left
2.7.7.64-RXN	Sugar-1-Phosphate	left
2.7.7.64-RXN	PROTON	left
2.7.7.64-RXN	PPI	right
2.7.7.64-RXN	UDP-sugar	right
KETOACYLCOATHIOL-RXN	Saturated-Fatty-Acyl-CoA	left
KETOACYLCOATHIOL-RXN	ACETYL-COA	left
KETOACYLCOATHIOL-RXN	3-KETOACYL-COA	right
KETOACYLCOATHIOL-RXN	CO-A	right
FGAMSYN-RXN	ATP	left
FGAMSYN-RXN	5-P-RIBOSYL-N-FORMYLGLYCINEAMIDE	left
FGAMSYN-RXN	GLN	left
FGAMSYN-RXN	WATER	left
FGAMSYN-RXN	PROTON	right
FGAMSYN-RXN	GLT	right
FGAMSYN-RXN	ADP	right
FGAMSYN-RXN	Pi	right
FGAMSYN-RXN	5-PHOSPHORIBOSYL-N-FORMYLGLYCINEAMIDINE	right
3.5.2.17-RXN	5-HYDROXYISOURATE	left
3.5.2.17-RXN	WATER	left
3.5.2.17-RXN	PROTON	right
3.5.2.17-RXN	CPD-5821	right
RXN-9795	CPD-10502	left
RXN-9795	CPD-10504	right
RXN-2881	FORMALDEHYDE	left
RXN-2881	THF-GLU-N	left
RXN-2881	METHYLENE-THF-GLU-N	right
RXN-2881	WATER	right
RXN-18123	CPD-19421	left
RXN-18123	OXYGEN-MOLECULE	left
RXN-18123	Red-NADPH-Hemoprotein-Reductases	left
RXN-18123	CPD-19432	right
RXN-18123	WATER	right
RXN-18123	Ox-NADPH-Hemoprotein-Reductases	right
3.2.1.14-RXN	CHITIN	left
3.2.1.14-RXN	WATER	left
3.2.1.14-RXN	Chitodextrins	right
RXN-19716	CPD4FS-8	left
RXN-19716	Red-NADPH-Hemoprotein-Reductases	left
RXN-19716	OXYGEN-MOLECULE	left
RXN-19716	CPD-14385	right
RXN-19716	Ox-NADPH-Hemoprotein-Reductases	right
RXN-19716	WATER	right
RXN-10701	CPD-11529	left
RXN-10701	ACETYL-COA	left
RXN-10701	CPD-11528	right
RXN-10701	CO-A	right
RXN-9757	CPD-10471	left
RXN-9757	OXYGEN-MOLECULE	left
RXN-9757	WATER	left
RXN-9757	CPD-10472	right
RXN-9757	AMMONIUM	right
RXN-9757	HYDROGEN-PEROXIDE	right
RXN-9258	CPD-9878	left
RXN-9258	CPD-9888	right
CPM-KDOSYNTH-RXN	KDO	left
CPM-KDOSYNTH-RXN	CTP	left
CPM-KDOSYNTH-RXN	CMP-KDO	right
CPM-KDOSYNTH-RXN	PPI	right
RXN-13322	OLEOYL-COA	left
RXN-13322	MALONYL-COA	left
RXN-13322	PROTON	left
RXN-13322	CPD-14300	right
RXN-13322	CARBON-DIOXIDE	right
RXN-13322	CO-A	right
RXN-14441	CPD-7117	left
RXN-14441	CPD-15006	left
RXN-14441	CPD-7139	right
RXN-14441	VANILLATE	right
GDPMANDEHYDRA-RXN	GDP-MANNOSE	left
GDPMANDEHYDRA-RXN	WATER	right
GDPMANDEHYDRA-RXN	GDP-4-DEHYDRO-6-DEOXY-D-MANNOSE	right
GLYCEROL-3-P-ACYLTRANSFER-RXN	GLYCEROL-3P	left
GLYCEROL-3-P-ACYLTRANSFER-RXN	ACYL-ACP	left
GLYCEROL-3-P-ACYLTRANSFER-RXN	ACYL-SN-GLYCEROL-3P	right
GLYCEROL-3-P-ACYLTRANSFER-RXN	ACP	right
RXN-13021	CPDQT-404	left
RXN-13021	OXYGEN-MOLECULE	left
RXN-13021	Red-NADPH-Hemoprotein-Reductases	left
RXN-13021	CPD-14049	right
RXN-13021	WATER	right
RXN-13021	Ox-NADPH-Hemoprotein-Reductases	right
RXN-13021	PROTON	right
RXN-14639	S-ADENOSYLMETHIONINE	left
RXN-14639	CPD-15476	left
RXN-14639	PROTON	right
RXN-14639	ADENOSYL-HOMO-CYS	right
RXN-14639	CPD-15474	right
RXN-11308	OLEATE-CPD	left
RXN-11308	OH	left
RXN-11308	CPD-12262	right
RXN-11308	CARBON-DIOXIDE	right
RXN-8085	CPD-7608	left
RXN-8085	Red-NADPH-Hemoprotein-Reductases	left
RXN-8085	OXYGEN-MOLECULE	left
RXN-8085	CPD-7610	right
RXN-8085	Ox-NADPH-Hemoprotein-Reductases	right
RXN-8085	WATER	right
RXN-6102	THF	left
RXN-6102	GLT	left
RXN-6102	ATP	left
RXN-6102	PROTON	right
RXN-6102	CPD-5725	right
RXN-6102	ADP	right
RXN-6102	Pi	right
RXN-16413	CPD1F-129	left
RXN-16413	OXYGEN-MOLECULE	left
RXN-16413	Donor-H2	left
RXN-16413	CPD-17650	right
RXN-16413	WATER	right
RXN-16413	Acceptor	right
RXN-7253	CPD-6746	left
RXN-7253	WATER	left
RXN-7253	MYO-INOSITOL	right
RXN-7253	Pi	right
RXN-8142	S-RETICULINE	left
RXN-8142	OXYGEN-MOLECULE	left
RXN-8142	Red-NADPH-Hemoprotein-Reductases	left
RXN-8142	12-DEHYDRORETICULINIUM	right
RXN-8142	WATER	right
RXN-8142	Ox-NADPH-Hemoprotein-Reductases	right
RXN-12947	3-HYDROXY-4H-PYRID-4-ONE	left
RXN-12947	DIHYDROXYPIRIDIN-CPD	right
RXN0-5040	WATER	left
RXN0-5040	CPD0-889	left
RXN0-5040	P-AMINO-BENZOATE	right
RXN0-5040	GLT	right
RXN-9263	CPD-8097	left
RXN-9263	Demethylated-methyl-acceptors	right
RXN-9263	SCOPOLETIN	right
RXN-13941	CPD-12575	left
RXN-13941	CPD-7252	left
RXN-13941	CPD-14961	right
RXN-13941	UDP	right
RXN-13941	PROTON	right
RXN3DJ-170	5-HYDROXY-TRYPTOPHAN	left
RXN3DJ-170	PROTON	left
RXN3DJ-170	SEROTONIN	right
RXN3DJ-170	CARBON-DIOXIDE	right
RXN-13788	RUTIN	left
RXN-13788	WATER	left
RXN-13788	CPD1F-437	right
RXN-13788	CPD0-1112	right
D-ALANINE-AMINOTRANSFERASE-RXN	2-KETOGLUTARATE	left
D-ALANINE-AMINOTRANSFERASE-RXN	D-ALANINE	left
D-ALANINE-AMINOTRANSFERASE-RXN	D-GLT	right
D-ALANINE-AMINOTRANSFERASE-RXN	PYRUVATE	right
HYDROXYBENZALDEHYDE-OXIDATION-NAD-RXN	4-HYDROXYBENZALDEHYDE	left
HYDROXYBENZALDEHYDE-OXIDATION-NAD-RXN	NAD	left
HYDROXYBENZALDEHYDE-OXIDATION-NAD-RXN	WATER	left
HYDROXYBENZALDEHYDE-OXIDATION-NAD-RXN	4-hydroxybenzoate	right
HYDROXYBENZALDEHYDE-OXIDATION-NAD-RXN	NADH	right
HYDROXYBENZALDEHYDE-OXIDATION-NAD-RXN	PROTON	right
RXN4FS-16	ARG	left
RXN4FS-16	CPD-479	left
RXN4FS-16	CPD-824	right
RXN4FS-16	MET	right
RXN-15445	CPD-16689	left
RXN-15445	OXYGEN-MOLECULE	left
RXN-15445	Red-NADPH-Hemoprotein-Reductases	left
RXN-15445	CPD-16675	right
RXN-15445	WATER	right
RXN-15445	Ox-NADPH-Hemoprotein-Reductases	right
RXN-8035	CPD-459	left
RXN-8035	CPD-7417	right
RXN-13471	CPD-8097	left
RXN-13471	CPD-12575	left
RXN-13471	CPD-14454	right
RXN-13471	UDP	right
RXN-13471	PROTON	right
RXN-1824	Large-branched-glucans	left
RXN-1824	WATER	left
RXN-1824	Long-linear-glucans	right
RXN-23866	ISOVALERYL-COA	left
RXN-23866	MALONYL-COA	left
RXN-23866	PROTON	left
RXN-23866	CPD-26442	right
RXN-23866	CO-A	right
RXN-23866	CARBON-DIOXIDE	right
RXN3O-470	ACETALD	left
RXN3O-470	ACETOIN	right
RXN-16158	CPD-15363	left
RXN-16158	Glycerolipids	left
RXN-16158	CPD-17404	right
RXN-16158	CO-A	right
RXN-16202	S-METHYLGLUTATHIONE	left
RXN-16202	WATER	left
RXN-16202	CPD-17447	right
RXN-16202	GLY	right
RXN-14883	CPD-15818	left
RXN-14883	D-Ribopyranose	right
RXN-4509	6AS11AS-36A9-TRIHYDROXYPTEROCARPAN	left
RXN-4509	CPD-4211	left
RXN-4509	CPD-4403	right
RXN-4509	PPI	right
RXN-13484	PHE	left
RXN-13484	CPD-14474	right
RXN-22438	5-METHYL-THF-GLU-N	left
RXN-22438	NAD	left
RXN-22438	METHYLENE-THF-GLU-N	right
RXN-22438	NADH	right
RXN-22438	PROTON	right
+-NEOMENTHOL-DEHYDROGENASE-RXN	NADP	left
+-NEOMENTHOL-DEHYDROGENASE-RXN	CPD-1905	left
+-NEOMENTHOL-DEHYDROGENASE-RXN	PROTON	right
+-NEOMENTHOL-DEHYDROGENASE-RXN	NADPH	right
+-NEOMENTHOL-DEHYDROGENASE-RXN	CPD-1909	right
RXN-20976	CPD-22609	left
RXN-20976	CPD-10537	left
RXN-20976	CPD-22617	right
RXN-20976	UDP	right
RXN-20976	PROTON	right
RXN-8485	PROTON	left
RXN-8485	CPD-8657	left
RXN-8485	CPD-8651	left
RXN-8485	CPD-8658	right
RXN-8485	WATER	right
RXN-21529	S-ADENOSYLMETHIONINE	left
RXN-21529	CPD-9954	left
RXN-21529	ADENOSYL-HOMO-CYS	right
RXN-21529	CPD-23425	right
RXN-21529	PROTON	right
AGMATIN-RXN	AGMATHINE	left
AGMATIN-RXN	WATER	left
AGMATIN-RXN	PUTRESCINE	right
AGMATIN-RXN	UREA	right
RXNQT-4358	CPD-19511	left
RXNQT-4358	ASCORBATE	left
RXNQT-4358	CPDQT-426	right
RXN-13910	S-ADENOSYLMETHIONINE	left
RXN-13910	MYRICETIN	left
RXN-13910	CPD-14933	right
RXN-13910	ADENOSYL-HOMO-CYS	right
RXN-11230	OLEATE-CPD	left
RXN-11230	NADH	left
RXN-11230	OXYGEN-MOLECULE	left
RXN-11230	PROTON	left
RXN-11230	CPD-12193	right
RXN-11230	NAD	right
RXN-11230	WATER	right
RXN-18703	TUM1-S-sulfanylcysteine	left
RXN-18703	Red-Thioredoxin	left
RXN-18703	TUM1-L-cysteine	right
RXN-18703	HS	right
RXN-18703	Ox-Thioredoxin	right
RXN-6464	S-ADENOSYLMETHIONINE	left
RXN-6464	CPD-6142	left
RXN-6464	PROTON	right
RXN-6464	CPD-6181	right
RXN-6464	ADENOSYL-HOMO-CYS	right
RXN-13108	CPD-12479	left
RXN-13108	NADH-P-OR-NOP	left
RXN-13108	OXYGEN-MOLECULE	left
RXN-13108	PROTON	left
RXN-13108	3-METHYLXANTHINE	right
RXN-13108	NAD-P-OR-NOP	right
RXN-13108	FORMALDEHYDE	right
RXN-13108	WATER	right
GLUCOSAMINEPNACETYLTRANS-RXN	D-GLUCOSAMINE-6-P	left
GLUCOSAMINEPNACETYLTRANS-RXN	ACETYL-COA	left
GLUCOSAMINEPNACETYLTRANS-RXN	N-ACETYL-D-GLUCOSAMINE-6-P	right
GLUCOSAMINEPNACETYLTRANS-RXN	PROTON	right
GLUCOSAMINEPNACETYLTRANS-RXN	CO-A	right
RXN-8726	CPD-8954	left
RXN-8726	1-O-GALLOYL-BETA-D-GLUCOSE	left
RXN-8726	CPD-8957	right
RXN-8726	Glucopyranose	right
RXN-5861	TYR	left
RXN-5861	OXYGEN-MOLECULE	left
RXN-5861	L-DIHYDROXY-PHENYLALANINE	right
RXN-7659	CPD-7003	left
RXN-7659	NADP	left
RXN-7659	CPD-7002	right
RXN-7659	NADPH	right
RXN-7659	PROTON	right
RXN-11396	8-Oxo-dGTP	left
RXN-11396	WATER	left
RXN-11396	PROTON	right
RXN-11396	CPD-12365	right
RXN-11396	PPI	right
RXN-7665	CPD-7006	left
RXN-7665	NADP	left
RXN-7665	CPD-7004	right
RXN-7665	NADPH	right
RXN-7665	PROTON	right
RXN-4021	S-ADENOSYLMETHIONINE	left
RXN-4021	CYCLOARTENOL	left
RXN-4021	PROTON	right
RXN-4021	ADENOSYL-HOMO-CYS	right
RXN-4021	CPD-696	right
RXN-12597	CPD-13539	left
RXN-12597	OXYGEN-MOLECULE	left
RXN-12597	Red-NADPH-Hemoprotein-Reductases	left
RXN-12597	CPD-13541	right
RXN-12597	WATER	right
RXN-12597	Ox-NADPH-Hemoprotein-Reductases	right
RXN-22777	CPD-15374	left
RXN-22777	LYS	left
RXN-22777	CPD-25240	right
RXN-22777	WATER	right
RXN-14112	CPD-3713	left
RXN-14112	WATER	left
RXN-14112	CPD-3711	right
RXN-14112	PROTON	right
RXN-14012	CPD-14820	left
RXN-14012	UDP-L-RHAMNOSE	left
RXN-14012	CPD-15024	right
RXN-14012	UDP	right
RXN-14012	PROTON	right
RXN-20783	CPD-6562	left
RXN-20783	2-KETOGLUTARATE	left
RXN-20783	OXYGEN-MOLECULE	left
RXN-20783	CPD-22323	right
RXN-20783	SUC	right
RXN-20783	CARBON-DIOXIDE	right
RXN18C3-236	CPD-18643	left
RXN18C3-236	2-KETOGLUTARATE	left
RXN18C3-236	OXYGEN-MOLECULE	left
RXN18C3-236	CPD-22277	right
RXN18C3-236	SUC	right
RXN18C3-236	CARBON-DIOXIDE	right
RXN-15512	Protein-pi-phospho-L-histidines	left
RXN-15512	CPD-16758	left
RXN-15512	Protein-Histidines	right
RXN-15512	23-DIPHOSPHOGLYCERATE	right
RXN-11660	BENZOATE	left
RXN-11660	CPD-12575	left
RXN-11660	CPD-12630	right
RXN-11660	UDP	right
AMINOBUTDEHYDROG-RXN	4-AMINO-BUTYRALDEHYDE	left
AMINOBUTDEHYDROG-RXN	NAD	left
AMINOBUTDEHYDROG-RXN	WATER	left
AMINOBUTDEHYDROG-RXN	4-AMINO-BUTYRATE	right
AMINOBUTDEHYDROG-RXN	NADH	right
AMINOBUTDEHYDROG-RXN	PROTON	right
5-FORMYL-THF-CYCLO-LIGASE-RXN	N5-Formyl-THF-Glu-N	left
5-FORMYL-THF-CYCLO-LIGASE-RXN	ATP	left
5-FORMYL-THF-CYCLO-LIGASE-RXN	5-10-METHENYL-THF-GLU-N	right
5-FORMYL-THF-CYCLO-LIGASE-RXN	ADP	right
5-FORMYL-THF-CYCLO-LIGASE-RXN	Pi	right
RXN-12872	CPD-13914	left
RXN-12872	CPD-13910	right
STRICTOSIDINE-SYNTHASE-RXN	TRYPTAMINE	left
STRICTOSIDINE-SYNTHASE-RXN	SECOLOGANIN-CPD	left
STRICTOSIDINE-SYNTHASE-RXN	STRICTOSIDINE	right
STRICTOSIDINE-SYNTHASE-RXN	WATER	right
RXN-8246	CPD-7993	left
RXN-8246	CPD-7994	right
RXN-8246	WATER	right
RXN-10730	CPD-11554	left
RXN-10730	CPD-11566	right
RXN-10730	PROTON	right
METHENYLTHFCYCLOHYDRO-RXN	5-10-METHENYL-THF-GLU-N	left
METHENYLTHFCYCLOHYDRO-RXN	WATER	left
METHENYLTHFCYCLOHYDRO-RXN	FORMYL-THF-GLU-N	right
METHENYLTHFCYCLOHYDRO-RXN	PROTON	right
RXN-19574	CPD-21172	left
RXN-19574	WATER	left
RXN-19574	CPD-21171	right
RXN-19574	GLT	right
RXN-9575	CPD-10213	left
RXN-9575	CPD-10214	right
RXN-9819	INDOLE	left
RXN-9819	OXYGEN-MOLECULE	left
RXN-9819	NADH	left
RXN-9819	PROTON	left
RXN-9819	CPD-10523	right
RXN-9819	NAD	right
TRANS-RXN-194	CA+2	left
TRANS-RXN-194	ATP	left
TRANS-RXN-194	WATER	left
TRANS-RXN-194	CA+2	right
TRANS-RXN-194	ADP	right
TRANS-RXN-194	Pi	right
TRANS-RXN-194	PROTON	right
RXN-16940	CPD-18262	left
RXN-16940	UDP-D-XYLOSE	left
RXN-16940	CPD-14731	right
RXN-16940	UDP	right
RXN-16940	PROTON	right
BADH-RXN	BETAINE_ALDEHYDE	left
BADH-RXN	NAD	left
BADH-RXN	WATER	left
BADH-RXN	PROTON	right
BADH-RXN	BETAINE	right
BADH-RXN	NADH	right
RXN-12110	CPD-13061	left
RXN-12110	TARTRATE	right
RXN-8237	CPD-7968	left
RXN-8237	WATER	left
RXN-8237	NAD	left
RXN-8237	CPD-7971	right
RXN-8237	NADH	right
RXN-8237	PROTON	right
PROSTAGLANDIN-E-SYNTHASE-RXN	PROSTAGLANDIN-H2	left
PROSTAGLANDIN-E-SYNTHASE-RXN	5Z13E-15S-1115-DIHYDROXY-9-OXOPROS	right
RXN-13521	CPD-14508	left
RXN-13521	CPD-12575	left
RXN-13521	CPD-14505	right
RXN-13521	UDP	right
RXN-13521	PROTON	right
RXN-14290	DATP	left
RXN-14290	CPD-12377	left
RXN-14290	CPD-13851	right
RXN-14290	WATER	right
2.3.1.107-RXN	17-O-DEACETYLVINDOLINE	left
2.3.1.107-RXN	ACETYL-COA	left
2.3.1.107-RXN	VINDOLINE	right
2.3.1.107-RXN	CO-A	right
RXN-9250	CPD-9878	left
RXN-9250	CPD-9876	right
N-ACETYLGLUTPREDUCT-RXN	Pi	left
N-ACETYLGLUTPREDUCT-RXN	NADP	left
N-ACETYLGLUTPREDUCT-RXN	CPD-469	left
N-ACETYLGLUTPREDUCT-RXN	NADPH	right
N-ACETYLGLUTPREDUCT-RXN	PROTON	right
N-ACETYLGLUTPREDUCT-RXN	N-ACETYL-GLUTAMYL-P	right
RXN-8204	P-COUMAROYL-COA	left
RXN-8204	CPD1F-766	left
RXN-8204	CPD-16541	right
RXN-8204	CO-A	right
1.1.1.255-RXN	NAD	left
1.1.1.255-RXN	MANNITOL	left
1.1.1.255-RXN	CPD-15373	right
1.1.1.255-RXN	PROTON	right
1.1.1.255-RXN	NADH	right
RXN-14172	HEXANOATE	left
RXN-14172	ATP	left
RXN-14172	CO-A	left
RXN-14172	HEXANOYL-COA	right
RXN-14172	AMP	right
RXN-14172	PPI	right
RXN-17351	CONIFERYL-ALCOHOL	left
RXN-17351	OXYGEN-MOLECULE	left
RXN-17351	CPD-18761	right
RXN-17351	WATER	right
RXN-19361	UDP-GLUCURONATE	left
RXN-19361	BILIRUBIN-GLUCURONOSIDE	left
RXN-19361	UDP	right
RXN-19361	BILIRUBIN-BISGLUCURONOSIDE	right
RXN-13876	CPD-12575	left
RXN-13876	CPD-14854	left
RXN-13876	CPD-14859	right
RXN-13876	UDP	right
RXN-13876	PROTON	right
RXNQT-4348	CPDQT-30	left
RXNQT-4348	Amino-Acids-20	left
RXNQT-4348	CPDQT-256	right
RXNQT-4348	2-Oxo-carboxylates	right
RXN-18741	S-NEDD8-yl-NEDD8-E1-L-cysteine	left
RXN-18741	NEDD8-conjugating-proteins-E2-L-cys	left
RXN-18741	NEDD8-Activating-Enzyme-E1-L-cys	right
RXN-18741	S-NEDD8-yl-NEDD8-E2-L-cysteine	right
RXN-13192	FLAVANONES	left
RXN-13192	OXYGEN-MOLECULE	left
RXN-13192	Red-NADPH-Hemoprotein-Reductases	left
RXN-13192	3-5-Dihydroxy-Flavanones	right
RXN-13192	WATER	right
RXN-13192	Ox-NADPH-Hemoprotein-Reductases	right
RXN4LZ-39	S-ADENOSYLMETHIONINE	left
RXN4LZ-39	DIACYLGLYCEROL	left
RXN4LZ-39	CPD4LZ-25	right
RXN4LZ-39	ADENOSYL-HOMO-CYS	right
RXN-13488	CPD-14478	left
RXN-13488	Red-NADPH-Hemoprotein-Reductases	left
RXN-13488	OXYGEN-MOLECULE	left
RXN-13488	CPD-14479	right
RXN-13488	Ox-NADPH-Hemoprotein-Reductases	right
RXN-13488	WATER	right
RXN-11774	CPD-12745	left
RXN-11774	CPD-12748	right
RXN-11774	PPI	right
RXN-12838	FARNESYL-PP	left
RXN-12838	CPD-13875	right
RXN-12838	PPI	right
RXN-2054	CPD-3631	left
RXN-2054	CPD-4462	right
RXN-9438	PROTON	left
RXN-9438	CPD-10077	left
RXN-9438	MALONATE	left
RXN-9438	CPD-10081	right
RXN-9438	WATER	right
RXN-8677	CPD-18761	left
RXN-8677	CPD-8905	right
RXN-19992	CPD-21572	left
RXN-19992	VOMILENINE	right
RXN-707	CPD-706	left
RXN-707	NADP	left
RXN-707	CPD-700	right
RXN-707	NADPH	right
RXN-707	PROTON	right
GART-RXN	FORMYL-THF-GLU-N	left
GART-RXN	5-PHOSPHO-RIBOSYL-GLYCINEAMIDE	left
GART-RXN	THF-GLU-N	right
GART-RXN	5-P-RIBOSYL-N-FORMYLGLYCINEAMIDE	right
GART-RXN	PROTON	right
RXN-4225	CPD-707	left
RXN-4225	OXYGEN-MOLECULE	left
RXN-4225	Red-NADPH-Hemoprotein-Reductases	left
RXN-4225	CPD-3943	right
RXN-4225	WATER	right
RXN-4225	Ox-NADPH-Hemoprotein-Reductases	right
RXN18C3-6	CPD-18645	left
RXN18C3-6	Aminated-Amine-Donors	left
RXN18C3-6	CPD-18644	right
RXN18C3-6	Deaminated-Amine-Donors	right
RXN-7066	CPD-12575	left
RXN-7066	CPD-6624	left
RXN-7066	PROTON	right
RXN-7066	CPD-6625	right
RXN-7066	UDP	right
RXN-8520	PROTON	left
RXN-8520	CPD-8709	left
RXN-8520	NADPH	left
RXN-8520	OXYGEN-MOLECULE	left
RXN-8520	CPD-8710	right
RXN-8520	NADP	right
RXN-8520	WATER	right
FUCOKINASE-RXN	L-Fucopyranoses	left
FUCOKINASE-RXN	ATP	left
FUCOKINASE-RXN	CPD-488	right
FUCOKINASE-RXN	ADP	right
FUCOKINASE-RXN	PROTON	right
RXN-8441	NICOTINAMIDE_RIBOSE	left
RXN-8441	WATER	left
RXN-8441	D-Ribofuranose	right
RXN-8441	NIACINAMIDE	right
RXN-8441	PROTON	right
RXNQT-4313	CPDQT-277	left
RXNQT-4313	OXYGEN-MOLECULE	left
RXNQT-4313	Red-NADPH-Hemoprotein-Reductases	left
RXNQT-4313	WATER	right
RXNQT-4313	CARBON-DIOXIDE	right
RXNQT-4313	Ox-NADPH-Hemoprotein-Reductases	right
RXNQT-4313	CPDQT-262	right
RXN-11424	CPD-12395	left
RXN-11424	GLUTATHIONE	left
RXN-11424	CPD-12396	right
RXN-11424	WATER	right
DIHYDROPICRED-RXN	DELTA1-PIPERIDEINE-2-6-DICARBOXYLATE	left
DIHYDROPICRED-RXN	NAD-P-OR-NOP	left
DIHYDROPICRED-RXN	2-3-DIHYDRODIPICOLINATE	right
DIHYDROPICRED-RXN	NADH-P-OR-NOP	right
DIHYDROPICRED-RXN	PROTON	right
ALLANTOINASE-RXN	S-ALLANTOIN	left
ALLANTOINASE-RXN	WATER	left
ALLANTOINASE-RXN	PROTON	right
ALLANTOINASE-RXN	ALLANTOATE	right
RXN-7644	SORBITOL	left
RXN-7644	NAD	left
RXN-7644	CPD-15382	right
RXN-7644	NADH	right
RXN-7644	PROTON	right
RXN-9081	CPD-12575	left
RXN-9081	5734-TETRAHYDROXYFLAVONE	left
RXN-9081	ISOORIENTIN	right
RXN-9081	UDP	right
RXN-9081	PROTON	right
NQOR-RXN	ETR-Quinones	left
NQOR-RXN	PROTON	left
NQOR-RXN	NADH-P-OR-NOP	left
NQOR-RXN	ETR-Quinols	right
NQOR-RXN	NAD-P-OR-NOP	right
AMINE-OXIDASE-FLAVIN-CONTAINING-RXN	Aliphatic-Amines	left
AMINE-OXIDASE-FLAVIN-CONTAINING-RXN	WATER	left
AMINE-OXIDASE-FLAVIN-CONTAINING-RXN	OXYGEN-MOLECULE	left
AMINE-OXIDASE-FLAVIN-CONTAINING-RXN	Aldehydes	right
AMINE-OXIDASE-FLAVIN-CONTAINING-RXN	HYDROGEN-PEROXIDE	right
AMINE-OXIDASE-FLAVIN-CONTAINING-RXN	AMMONIA	right
RXN-11279	CPD-461	left
RXN-11279	CPD-8735	right
RXN-11279	PPI	right
RXN-15385	CPD-6948	left
RXN-15385	Red-NADPH-Hemoprotein-Reductases	left
RXN-15385	OXYGEN-MOLECULE	left
RXN-15385	CPD-16621	right
RXN-15385	Ox-NADPH-Hemoprotein-Reductases	right
RXN-15385	WATER	right
RXN-12453	CPD-13465	left
RXN-12453	NAD	left
RXN-12453	CPD-13455	right
RXN-12453	NADH	right
RXN-12453	PROTON	right
RXN-8234	CPD-12575	left
RXN-8234	CPD-7960	left
RXN-8234	PROTON	right
RXN-8234	CPD-7963	right
RXN-8234	UDP	right
MALSYN-RXN	ACETYL-COA	left
MALSYN-RXN	WATER	left
MALSYN-RXN	GLYOX	left
MALSYN-RXN	PROTON	right
MALSYN-RXN	MAL	right
MALSYN-RXN	CO-A	right
RXN-14008	CPD-14847	left
RXN-14008	UDP-L-RHAMNOSE	left
RXN-14008	PROTON	right
RXN-14008	CPD1F-431	right
RXN-14008	UDP	right
GSAAMINOTRANS-RXN	GLUTAMATE-1-SEMIALDEHYDE	left
GSAAMINOTRANS-RXN	5-AMINO-LEVULINATE	right
1.14.13.117-RXN	ILE	left
1.14.13.117-RXN	OXYGEN-MOLECULE	left
1.14.13.117-RXN	Red-NADPH-Hemoprotein-Reductases	left
1.14.13.117-RXN	CPD-10273	right
1.14.13.117-RXN	Ox-NADPH-Hemoprotein-Reductases	right
1.14.13.117-RXN	CARBON-DIOXIDE	right
1.14.13.117-RXN	WATER	right
RXN-3583	CPD-3421	left
RXN-3583	MALONYL-COA	left
RXN-3583	CPD-3422	right
RXN-3583	CO-A	right
RXN-13281	Long-Chain-Aldehydes	left
RXN-13281	Long-Chain-Alkanes	right
RXN-13281	CARBON-MONOXIDE	right
RXN-14489	CPD-15364	left
RXN-14489	NADH	left
RXN-14489	OXYGEN-MOLECULE	left
RXN-14489	PROTON	left
RXN-14489	CPD-15365	right
RXN-14489	NAD	right
RXN-14489	WATER	right
RXN-7251	CPD-6747	left
RXN-7251	WATER	left
RXN-7251	D-MYO-INOSITOL-1-MONOPHOSPHATE	right
RXN-7251	Pi	right
RXN-9663	Palmitoyl-ACPs	left
RXN-9663	NAD	left
RXN-9663	2-Hexadecenoyl-ACPs	right
RXN-9663	NADH	right
RXN-9663	PROTON	right
RXN-13072	2-KETO-GLUTARAMATE	left
RXN-13072	WATER	left
RXN-13072	2-KETOGLUTARATE	right
RXN-13072	AMMONIUM	right
RXN-9562	CPD-10204	left
RXN-9562	BUTANAL	left
RXN-9562	CPD-10208	right
RXN-9562	WATER	right
ACONITATEHYDR-RXN	CIS-ACONITATE	left
ACONITATEHYDR-RXN	WATER	left
ACONITATEHYDR-RXN	THREO-DS-ISO-CITRATE	right
ADENYLYLSULFKIN-RXN	APS	left
ADENYLYLSULFKIN-RXN	ATP	left
ADENYLYLSULFKIN-RXN	PROTON	right
ADENYLYLSULFKIN-RXN	PAPS	right
ADENYLYLSULFKIN-RXN	ADP	right
RXN-13877	S-ADENOSYLMETHIONINE	left
RXN-13877	CPD-14861	left
RXN-13877	CPD-14888	right
RXN-13877	ADENOSYL-HOMO-CYS	right
RXN-13877	PROTON	right
ALCOHOL-DEHYDROGENASE-NADPORNOP+-RXN	Alcohols	left
ALCOHOL-DEHYDROGENASE-NADPORNOP+-RXN	NADP	left
ALCOHOL-DEHYDROGENASE-NADPORNOP+-RXN	Aldehydes	right
ALCOHOL-DEHYDROGENASE-NADPORNOP+-RXN	NADPH	right
ALCOHOL-DEHYDROGENASE-NADPORNOP+-RXN	PROTON	right
RXN-3645	S-ADENOSYLMETHIONINE	left
RXN-3645	CPD-3141	left
RXN-3645	PROTON	right
RXN-3645	BIOCHANIN-A	right
RXN-3645	ADENOSYL-HOMO-CYS	right
RXN-12613	CPD-13578	left
RXN-12613	WATER	left
RXN-12613	HMP	right
RXN-12613	AMMONIUM	right
RXN-19576	CPDQT-434	left
RXN-19576	WATER	left
RXN-19576	CPD-21172	right
RXN-19576	GLY	right
RXN-8887	CPD-12575	left
RXN-8887	CPD-9249	left
RXN-8887	PROTON	right
RXN-8887	CPD-9250	right
RXN-8887	UDP	right
ISOPIPERITENOL-DEHYDROGENASE-RXN	NAD	left
ISOPIPERITENOL-DEHYDROGENASE-RXN	CPD-263	left
ISOPIPERITENOL-DEHYDROGENASE-RXN	PROTON	right
ISOPIPERITENOL-DEHYDROGENASE-RXN	NADH	right
ISOPIPERITENOL-DEHYDROGENASE-RXN	CPD-1090	right
RXN-10685	FARNESYL-PP	left
RXN-10685	CPD-11504	right
RXN-10685	PPI	right
RXN0-5265	OXYGEN-MOLECULE	left
RXN0-5265	PROTON	left
RXN0-5265	E-	left
RXN0-5265	WATER	right
RXN-22778	CPD-15374	left
RXN-22778	L-ALPHA-ALANINE	left
RXN-22778	CPD-25241	right
RXN-22778	WATER	right
RXN-18668	PROPIONYL-COA	left
RXN-18668	BUTANOL	left
RXN-18668	CPD-19956	right
RXN-18668	CO-A	right
RXN-14534	CPD-3728	left
RXN-14534	WATER	left
RXN-14534	TYR	right
RXN-14534	Pi	right
RXNQT-4385	OLEOYL-COA	left
RXNQT-4385	GLYCEROL-3P	left
RXNQT-4385	L-1-LYSOPHOSPHATIDATE	right
RXNQT-4385	CO-A	right
RXN-9207	S-ADENOSYLMETHIONINE	left
RXN-9207	CPD-9789	left
RXN-9207	PROTON	right
RXN-9207	CPD-9788	right
RXN-9207	ADENOSYL-HOMO-CYS	right
RXN-8412	Linoleoyl-groups	left
RXN-8412	OXYGEN-MOLECULE	left
RXN-8412	FERROCYTOCHROME-B5	left
RXN-8412	PROTON	left
RXN-8412	Punicoyl-Lipid	right
RXN-8412	FERRICYTOCHROME-B5	right
RXN-8412	WATER	right
RXN-11422	CPD-12389	left
RXN-11422	GLUTATHIONE	left
RXN-11422	CPD-12390	right
RXN-11422	WATER	right
RXN-9194	CPD-9758	left
RXN-9194	WATER	left
RXN-9194	PROTON	right
RXN-9194	GERANIOL	right
RXN-9194	ACET	right
RXN18C3-23	CPD-18855	left
RXN18C3-23	OXYGEN-MOLECULE	left
RXN18C3-23	NADH-P-OR-NOP	left
RXN18C3-23	PROTON	left
RXN18C3-23	CPD-18856	right
RXN18C3-23	WATER	right
RXN18C3-23	NAD-P-OR-NOP	right
RXN-18820	FRUCTOSE-16-DIPHOSPHATE	left
RXN-18820	CPD-20125	right
RXN-18820	Pi	right
RXN-8926	MALONYL-ACP	left
RXN-8926	ISOBUTYRYL-COA	left
RXN-8926	NADPH	left
RXN-8926	PROTON	left
RXN-8926	CPD-9329	right
RXN-8926	ACP	right
RXN-8926	CO-A	right
RXN-8926	WATER	right
RXN-8926	NADP	right
RXN-11655	CPD-10507	left
RXN-11655	CPD-12575	left
RXN-11655	CPD-12621	right
RXN-11655	UDP	right
NITRATE-REDUCTASE-NADH-RXN	NITRITE	left
NITRATE-REDUCTASE-NADH-RXN	WATER	left
NITRATE-REDUCTASE-NADH-RXN	NAD	left
NITRATE-REDUCTASE-NADH-RXN	PROTON	right
NITRATE-REDUCTASE-NADH-RXN	NITRATE	right
NITRATE-REDUCTASE-NADH-RXN	NADH	right
RXN-24257	CPD-26833	left
RXN-24257	4-HYDROXYBENZALDEHYDE	right
RXN-24257	ACET	right
RXN-7063	CPD-12575	left
RXN-7063	CPD-6622	left
RXN-7063	PROTON	right
RXN-7063	CPD-6623	right
RXN-7063	UDP	right
IPPISOM-RXN	DELTA3-ISOPENTENYL-PP	left
IPPISOM-RXN	CPD-4211	right
RXN-9758	CPD-10472	left
RXN-9758	WATER	left
RXN-9758	NAD	left
RXN-9758	SS-DIMETHYL-BETA-PROPIOTHETIN	right
RXN-9758	NADH	right
RXN-9758	PROTON	right
RXN-8576	GERANYL-PP	left
RXN-8576	CPD-8767	right
RXN-8576	PPI	right
RXN-11779	GERANYLGERANYL-PP	left
RXN-11779	WATER	left
RXN-11779	CPD-11669	right
RXN-11779	PPI	right
DOLICHOL-KINASE-RXN	DOLICHOL	left
DOLICHOL-KINASE-RXN	CTP	left
DOLICHOL-KINASE-RXN	DOLICHOLP	right
DOLICHOL-KINASE-RXN	PROTON	right
DOLICHOL-KINASE-RXN	CDP	right
RXN-14493	CPD-15369	left
RXN-14493	NADP	left
RXN-14493	CPD-15368	right
RXN-14493	NADPH	right
RXN-14493	PROTON	right
RXN-9180	CPD-9749	left
RXN-9180	CPD-4889	left
RXN-9180	Acceptor	left
RXN-9180	CPD-9744	right
RXN-9180	Donor-H2	right
RXN-11548	1-3-7-TRIMETHYLXANTHINE	left
RXN-11548	CPD-12480	right
2.7.1.149-RXN	1-PHOSPHATIDYL-1D-MYO-INOSITOL-5-PHOSPHA	left
2.7.1.149-RXN	ATP	left
2.7.1.149-RXN	PHOSPHATIDYL-MYO-INOSITOL-45-BISPHOSPHA	right
2.7.1.149-RXN	ADP	right
2.7.1.149-RXN	PROTON	right
RXN-16367	CPD-17610	left
RXN-16367	CPD-17604	right
RXN-16367	CARBON-DIOXIDE	right
RXN-12494	FARNESYL-PP	left
RXN-12494	--beta-santalene	right
RXN-12494	PPI	right
RXN-13196	S-ADENOSYLMETHIONINE	left
RXN-13196	CPD-12570	left
RXN-13196	CPD-12572	right
RXN-13196	ADENOSYL-HOMO-CYS	right
RXN-13196	PROTON	right
RXN-16409	CPD-17652	left
RXN-16409	Acceptor	left
RXN-16409	CPD-7854	right
RXN-16409	Donor-H2	right
RXN-11419	CPDQT-262	left
RXN-11419	OXYGEN-MOLECULE	left
RXN-11419	Red-NADPH-Hemoprotein-Reductases	left
RXN-11419	CPD-12404	right
RXN-11419	Ox-NADPH-Hemoprotein-Reductases	right
RXN-11419	WATER	right
RXN-12325	CPD-9087	left
RXN-12325	ATP	left
RXN-12325	PROTON	right
RXN-12325	CPD-12594	right
RXN-12325	ADP	right
RXN-13549	CPD-7105	left
RXN-13549	GERANYL-PP	left
RXN-13549	CPD-4211	left
RXN-13549	PROTON	left
RXN-13549	CPD-14533	right
RXN-13549	PPI	right
DIMETHYLALLYLCISTRANSFERASE-RXN	CPD-4211	left
DIMETHYLALLYLCISTRANSFERASE-RXN	DELTA3-ISOPENTENYL-PP	left
DIMETHYLALLYLCISTRANSFERASE-RXN	CPD-461	right
DIMETHYLALLYLCISTRANSFERASE-RXN	PPI	right
RXN-8936	PROTON	left
RXN-8936	CPD-3402	left
RXN-8936	NADPH	left
RXN-8936	CPD-9366	right
RXN-8936	NADP	right
RXN-14201	GTP	left
RXN-14201	WATER	left
RXN-14201	GMP	right
RXN-14201	Pi	right
RXN-14201	PROTON	right
TRANS-PENTAPRENYLTRANSFERASE-RXN	FARNESYL-PP	left
TRANS-PENTAPRENYLTRANSFERASE-RXN	DELTA3-ISOPENTENYL-PP	left
TRANS-PENTAPRENYLTRANSFERASE-RXN	ALL-TRANS-HEXAPRENYL-DIPHOSPHATE	right
TRANS-PENTAPRENYLTRANSFERASE-RXN	PPI	right
RXN-8197	GERANIOL	left
RXN-8197	OXYGEN-MOLECULE	left
RXN-8197	Red-NADPH-Hemoprotein-Reductases	left
RXN-8197	CPD-7857	right
RXN-8197	Ox-NADPH-Hemoprotein-Reductases	right
RXN-8197	WATER	right
2.5.1.64-RXN	PROTON	left
2.5.1.64-RXN	ISOCHORISMATE	left
2.5.1.64-RXN	2-KETOGLUTARATE	left
2.5.1.64-RXN	CPD-9924	right
2.5.1.64-RXN	CARBON-DIOXIDE	right
RXN-11677	CPD-12646	left
RXN-11677	OXYGEN-MOLECULE	left
RXN-11677	FERROCYTOCHROME-B5	left
RXN-11677	PROTON	left
RXN-11677	CPD-12648	right
RXN-11677	WATER	right
RXN-11677	FERRICYTOCHROME-B5	right
RXN-15389	CPD-16623	left
RXN-15389	CPD-12630	left
RXN-15389	CPD-16599	right
RXN-15389	Glucopyranose	right
RXN-15986	3Z-PHYCOCYANOBILIN	left
RXN-15986	CPD-17222	right
RXN-8473	CPD-12575	left
RXN-8473	CPD-8663	left
RXN-8473	CPD-8667	right
RXN-8473	UDP	right
RXN-14237	CPD-8184	left
RXN-14237	NADPH	left
RXN-14237	OXYGEN-MOLECULE	left
RXN-14237	PROTON	left
RXN-14237	CPD-12724	right
RXN-14237	NADP	right
RXN-14237	WATER	right
PEROXID-RXN	Phenolic-Donors	left
PEROXID-RXN	HYDROGEN-PEROXIDE	left
PEROXID-RXN	Phenoxyl-rad-of-phenolic-donors	right
PEROXID-RXN	WATER	right
DTMPKI-RXN	TMP	left
DTMPKI-RXN	ATP	left
DTMPKI-RXN	ADP	right
DTMPKI-RXN	TDP	right
RXN-8738	CPD-8961	left
RXN-8738	OXYGEN-MOLECULE	left
RXN-8738	Donor-H2	left
RXN-8738	CPD-8962	right
RXN-8738	WATER	right
RXN-8738	Acceptor	right
RXN-8421	FARNESYL-PP	left
RXN-8421	CPD-8238	right
RXN-8421	PPI	right
RXN0-5330	Ubiquinones	left
RXN0-5330	NADH	left
RXN0-5330	PROTON	left
RXN0-5330	Ubiquinols	right
RXN0-5330	NAD	right
RXN-20768	Siderophore	left
RXN-20768	NAD	left
RXN-20768	FE+2	left
RXN-20768	Fe3-siderophores	right
RXN-20768	NADH	right
RXN-20768	PROTON	right
RXN1F-168	CPD-10332	left
RXN1F-168	2-KETOGLUTARATE	left
RXN1F-168	OXYGEN-MOLECULE	left
RXN1F-168	WATER	right
RXN1F-168	CPD1F-96	right
RXN1F-168	SUC	right
RXN1F-168	CARBON-DIOXIDE	right
RXN-2761	CPD-21340	left
RXN-2761	HOMOGENTISATE	left
RXN-2761	PROTON	left
RXN-2761	2-METHYL-6-SOLANYL-14-BENZOQUINONE	right
RXN-2761	CARBON-DIOXIDE	right
RXN-2761	PPI	right
ORNITHINE--OXO-ACID-AMINOTRANSFERASE-RXN	L-ORNITHINE	left
ORNITHINE--OXO-ACID-AMINOTRANSFERASE-RXN	2-Oxo-carboxylates	left
ORNITHINE--OXO-ACID-AMINOTRANSFERASE-RXN	Amino-Acids-20	right
ORNITHINE--OXO-ACID-AMINOTRANSFERASE-RXN	L-GLUTAMATE_GAMMA-SEMIALDEHYDE	right
RXN-18158	INDOLE-3-ACETALDOXIME	left
RXN-18158	OXYGEN-MOLECULE	left
RXN-18158	GLUTATHIONE	left
RXN-18158	Red-NADPH-Hemoprotein-Reductases	left
RXN-18158	CPD-12387	right
RXN-18158	Ox-NADPH-Hemoprotein-Reductases	right
RXN-18158	WATER	right
3.2.1.154-RXN	Levan	left
3.2.1.154-RXN	WATER	left
3.2.1.154-RXN	Fructofuranose	right
3.2.1.154-RXN	Levan	right
RXN-9551	Petroselinoyl-ACPs	left
RXN-9551	WATER	left
RXN-9551	CPD-8477	right
RXN-9551	ACP	right
RXN-9551	PROTON	right
RXN-17353	CPD-18761	left
RXN-17353	CPD-8906	right
2.4.1.104-RXN	CPD-12575	left
2.4.1.104-RXN	CPD-14427	left
2.4.1.104-RXN	PROTON	right
2.4.1.104-RXN	DAPHNIN	right
2.4.1.104-RXN	UDP	right
HYOSCYAMINE-6-DIOXYGENASE-RXN	OXYGEN-MOLECULE	left
HYOSCYAMINE-6-DIOXYGENASE-RXN	2-KETOGLUTARATE	left
HYOSCYAMINE-6-DIOXYGENASE-RXN	L-HYOSCYAMINE	left
HYOSCYAMINE-6-DIOXYGENASE-RXN	CARBON-DIOXIDE	right
HYOSCYAMINE-6-DIOXYGENASE-RXN	SUC	right
HYOSCYAMINE-6-DIOXYGENASE-RXN	CPD-2202	right
RXN-17809	CPD-19179	left
RXN-17809	PRECURSOR-Z	right
RXN-17809	PPI	right
RXN-22285	CPD-678	left
RXN-22285	SE-2	right
RXN-22285	PROTON	right
RXN-15328	CPD-16541	left
RXN-15328	UDP-D-XYLOSE	left
RXN-15328	CPD-16536	right
RXN-15328	UDP	right
RXN-16410	CPD-17652	left
RXN-16410	Acceptor	left
RXN-16410	CPD-7851	right
RXN-16410	Donor-H2	right
RXN-13955	S-ADENOSYLMETHIONINE	left
RXN-13955	3prime-Hydroxy-Flavonoids	left
RXN-13955	ADENOSYL-HOMO-CYS	right
RXN-13955	3-O-methylflavonoids	right
RXN-11142	CPD-12102	left
RXN-11142	WATER	left
RXN-11142	CPD-12104	right
RXN-11142	Glucopyranose	right
RXN-7716	Oxo-glutarate-dehydrogenase-DH-lipoyl	left
RXN-7716	NAD	left
RXN-7716	Oxo-glutarate-dehydrogenase-lipoyl	right
RXN-7716	NADH	right
RXN-7716	PROTON	right
RXN-13808	CPD-14829	left
RXN-13808	OXYGEN-MOLECULE	left
RXN-13808	Red-NADPH-Hemoprotein-Reductases	left
RXN-13808	CPD-14830	right
RXN-13808	WATER	right
RXN-13808	Ox-NADPH-Hemoprotein-Reductases	right
2.8.1.6-RXN	S-ADENOSYLMETHIONINE	left
2.8.1.6-RXN	Sulfurated-Sulfur-Acceptors	left
2.8.1.6-RXN	DETHIOBIOTIN	left
2.8.1.6-RXN	Reduced-2Fe-2S-Ferredoxins	left
2.8.1.6-RXN	Unsulfurated-Sulfur-Acceptors	right
2.8.1.6-RXN	BIOTIN	right
2.8.1.6-RXN	CH33ADO	right
2.8.1.6-RXN	MET	right
2.8.1.6-RXN	Oxidized-2Fe-2S-Ferredoxins	right
RXN-9715	CPD-12575	left
RXN-9715	ISOVITEXIN	left
RXN-9715	CPD-10347	right
RXN-9715	UDP	right
3-SULFINYL-PYRUVATE-SPON-RXN	3-SULFINYL-PYRUVATE	left
3-SULFINYL-PYRUVATE-SPON-RXN	WATER	left
3-SULFINYL-PYRUVATE-SPON-RXN	PROTON	right
3-SULFINYL-PYRUVATE-SPON-RXN	SO3	right
3-SULFINYL-PYRUVATE-SPON-RXN	PYRUVATE	right
RXN-9567	CPD-10210	left
RXN-9567	NADP	left
RXN-9567	CPD-10207	right
RXN-9567	NADPH	right
RXN-9567	PROTON	right
RXN-8562	FARNESYL-PP	left
RXN-8562	CPD-8746	right
RXN-8562	PPI	right
RXN-24043	CPD-4211	left
RXN-24043	Oxidized-flavodoxins	left
RXN-24043	WATER	left
RXN-24043	HYDROXY-METHYL-BUTENYL-DIP	right
RXN-24043	Reduced-flavodoxins	right
MYO-INOSITOL-1-PHOSPHATE-SYNTHASE-RXN	D-glucopyranose-6-phosphate	left
MYO-INOSITOL-1-PHOSPHATE-SYNTHASE-RXN	1-L-MYO-INOSITOL-1-P	right
RXN-4122	2R-HYDROPEROXY-FATTY-ACIDS	left
RXN-4122	PROTON	left
RXN-4122	Fatty-Aldehydes	right
RXN-4122	CARBON-DIOXIDE	right
RXN-4122	WATER	right
RXN-12359	MALONATE	left
RXN-12359	CO-A	left
RXN-12359	ATP	left
RXN-12359	MALONYL-COA	right
RXN-12359	AMP	right
RXN-12359	PPI	right
RXN-8696	CPD-8921	left
RXN-8696	Red-NADPH-Hemoprotein-Reductases	left
RXN-8696	OXYGEN-MOLECULE	left
RXN-8696	CPD-8922	right
RXN-8696	Ox-NADPH-Hemoprotein-Reductases	right
RXN-8696	WATER	right
RXN-7843	P-COUMAROYL-COA	left
RXN-7843	CPD-7137	left
RXN-7843	CPD-7151	right
RXN-7843	CO-A	right
RXN-11392	CPD-12353	left
RXN-11392	CPD-12360	right
RXN-11262	CPD-12214	left
RXN-11262	OXYGEN-MOLECULE	left
RXN-11262	Red-NADPH-Hemoprotein-Reductases	left
RXN-11262	CPD-11667	right
RXN-11262	WATER	right
RXN-11262	Ox-NADPH-Hemoprotein-Reductases	right
NAD-SYNTH-NH3-RXN	AMMONIUM	left
NAD-SYNTH-NH3-RXN	ATP	left
NAD-SYNTH-NH3-RXN	DEAMIDO-NAD	left
NAD-SYNTH-NH3-RXN	PROTON	right
NAD-SYNTH-NH3-RXN	AMP	right
NAD-SYNTH-NH3-RXN	PPI	right
NAD-SYNTH-NH3-RXN	NAD	right
RXN-11391	CPD-12351	left
RXN-11391	CPD-12355	right
1.2.1.25-RXN	NAD	left
1.2.1.25-RXN	CO-A	left
1.2.1.25-RXN	2-KETO-ISOVALERATE	left
1.2.1.25-RXN	ISOBUTYRYL-COA	right
1.2.1.25-RXN	CARBON-DIOXIDE	right
1.2.1.25-RXN	NADH	right
FAD-PYROPHOSPHATASE-RXN	WATER	left
FAD-PYROPHOSPHATASE-RXN	FAD	left
FAD-PYROPHOSPHATASE-RXN	PROTON	right
FAD-PYROPHOSPHATASE-RXN	FMN	right
FAD-PYROPHOSPHATASE-RXN	AMP	right
RXN-18182	2-2-METHYLTHIOETHYLMALIC-ACID	left
RXN-18182	CPD-19476	right
RXN-18182	WATER	right
RXN-5142	GERANYL-PP	left
RXN-5142	CPD-4921	right
RXN-5142	PPI	right
2.4.1.220-RXN	CPD-12575	left
2.4.1.220-RXN	INDOXYL	left
2.4.1.220-RXN	PROTON	right
2.4.1.220-RXN	INDICAN	right
2.4.1.220-RXN	UDP	right
RXN-18527	CPD-674	left
RXN-18527	AMMONIUM	left
RXN-18527	CPD-14474	right
1.5.1.8-RXN	WATER	left
1.5.1.8-RXN	NADP	left
1.5.1.8-RXN	SACCHAROPINE	left
1.5.1.8-RXN	LYS	right
1.5.1.8-RXN	2-KETOGLUTARATE	right
1.5.1.8-RXN	NADPH	right
1.5.1.8-RXN	PROTON	right
RXN-8692	CPD-8919	left
RXN-8692	CPD-8917	right
2.4.2.12-RXN	NICOTINAMIDE_NUCLEOTIDE	left
2.4.2.12-RXN	PPI	left
2.4.2.12-RXN	NIACINAMIDE	right
2.4.2.12-RXN	PRPP	right
2.4.2.12-RXN	PROTON	right
RXN-18939	CPD-11534	left
RXN-18939	OXYGEN-MOLECULE	left
RXN-18939	Red-NADPH-Hemoprotein-Reductases	left
RXN-18939	CPD-20322	right
RXN-18939	WATER	right
RXN-18939	Ox-NADPH-Hemoprotein-Reductases	right
RXN-2002	CPD-513	left
RXN-2002	CINNAMOYL-COA	right
RXN-2002	WATER	right
MYO-INOSITOL-1OR-4-MONOPHOSPHATASE-RXN	1-L-MYO-INOSITOL-1-P	left
MYO-INOSITOL-1OR-4-MONOPHOSPHATASE-RXN	WATER	left
MYO-INOSITOL-1OR-4-MONOPHOSPHATASE-RXN	MYO-INOSITOL	right
MYO-INOSITOL-1OR-4-MONOPHOSPHATASE-RXN	Pi	right
1.3.7.5-RXN	Oxidized-ferredoxins	left
1.3.7.5-RXN	3Z-PHYCOCYANOBILIN	left
1.3.7.5-RXN	BILIVERDINE	right
1.3.7.5-RXN	Reduced-ferredoxins	right
1.3.7.5-RXN	PROTON	right
RXN-8452	S-ADENOSYLMETHIONINE	left
RXN-8452	CPD-8605	left
RXN-8452	PROTON	right
RXN-8452	SYRINGETIN	right
RXN-8452	ADENOSYL-HOMO-CYS	right
RXN-10687	HEXANOYL-COA	left
RXN-10687	MALONYL-COA	left
RXN-10687	PROTON	left
RXN-10687	CPD-11505	right
RXN-10687	CO-A	right
RXN-10687	CARBON-DIOXIDE	right
RXN-16329	OXALACETIC_ACID	left
RXN-16329	PROTON	left
RXN-16329	E-	left
RXN-16329	MAL	right
TRANS-RXN-226	OXALACETIC_ACID	left
TRANS-RXN-226	OXALACETIC_ACID	right
RXN-7612	S-ADENOSYLMETHIONINE	left
RXN-7612	CPD-438	left
RXN-7612	PROTON	right
RXN-7612	CPD-6964	right
RXN-7612	ADENOSYL-HOMO-CYS	right
RXN-18094	CPD-12575	left
RXN-18094	CPD-553	left
RXN-18094	CPD-1125	right
RXN-18094	UDP	right
RXN-18094	PROTON	right
RXN-18356	3-SULFINOALANINE	left
RXN-18356	WATER	left
RXN-18356	NAD	left
RXN-18356	L-CYSTEATE	right
RXN-18356	NADH	right
RXN-18356	PROTON	right
RXN-14813	CPD-15619	left
RXN-14813	L-Fucopyranoses	right
PHOSPHATIDYLINOSITOL-3-PHOSPHATASE-RXN	CPD-177	left
PHOSPHATIDYLINOSITOL-3-PHOSPHATASE-RXN	WATER	left
PHOSPHATIDYLINOSITOL-3-PHOSPHATASE-RXN	L-1-phosphatidyl-inositols	right
PHOSPHATIDYLINOSITOL-3-PHOSPHATASE-RXN	Pi	right
RXN-9514	Beta-3-hydroxybutyryl-ACPs	left
RXN-9514	NADP	left
RXN-9514	Acetoacetyl-ACPs	right
RXN-9514	NADPH	right
RXN-9514	PROTON	right
RXN-7892	CPD-7197	left
RXN-7892	OXYGEN-MOLECULE	left
RXN-7892	CPD-7203	right
RXN-7892	CPD-7202	right
RXN-7985	CPD1F-131	left
RXN-7985	ASCORBATE	left
RXN-7985	CPD1F-130	right
RXN-7985	L-DEHYDRO-ASCORBATE	right
RXN-7985	WATER	right
RXN-7601	S-ADENOSYLMETHIONINE	left
RXN-7601	1-7-DIMETHYLXANTHINE	left
RXN-7601	PROTON	right
RXN-7601	1-3-7-TRIMETHYLXANTHINE	right
RXN-7601	ADENOSYL-HOMO-CYS	right
ACID-PHOSPHATASE-RXN	WATER	left
ACID-PHOSPHATASE-RXN	Orthophosphoric-Monoesters	left
ACID-PHOSPHATASE-RXN	Pi	right
ACID-PHOSPHATASE-RXN	Alcohols	right
UDP-GLUCURONATE-4-EPIMERASE-RXN	UDP-GLUCURONATE	left
UDP-GLUCURONATE-4-EPIMERASE-RXN	UDP-D-GALACTURONATE	right
RXN-15538	S-SCOULERINE	left
RXN-15538	Red-NADPH-Hemoprotein-Reductases	left
RXN-15538	OXYGEN-MOLECULE	left
RXN-15538	CPD-16783	right
RXN-15538	Ox-NADPH-Hemoprotein-Reductases	right
RXN-15538	WATER	right
RXN-11361	MPT-Synthase-small-subunits	left
RXN-11361	ATP	left
RXN-11361	PROTON	left
RXN-11361	Carboxyadenylated-MPT-synthases	right
RXN-11361	PPI	right
1.14.13.79-RXN	CPD1F-132	left
1.14.13.79-RXN	OXYGEN-MOLECULE	left
1.14.13.79-RXN	Red-NADPH-Hemoprotein-Reductases	left
1.14.13.79-RXN	CPD1F-136	right
1.14.13.79-RXN	WATER	right
1.14.13.79-RXN	Ox-NADPH-Hemoprotein-Reductases	right
OXALATE-OXIDASE-RXN	OXALATE	left
OXALATE-OXIDASE-RXN	OXYGEN-MOLECULE	left
OXALATE-OXIDASE-RXN	PROTON	left
OXALATE-OXIDASE-RXN	CARBON-DIOXIDE	right
OXALATE-OXIDASE-RXN	HYDROGEN-PEROXIDE	right
RXN-16152	CPD-15366	left
RXN-16152	Glycerolipids	left
RXN-16152	CPD-17400	right
RXN-16152	CO-A	right
RXN-7611	PROTON	left
RXN-7611	CPD-503	left
RXN-7611	MALONYL-COA	left
RXN-7611	CARBON-DIOXIDE	right
RXN-7611	CPD-6963	right
RXN-7611	CO-A	right
AMYGDALIN-BETA-GLUCOSIDASE-RXN	WATER	left
AMYGDALIN-BETA-GLUCOSIDASE-RXN	CPD-1125	left
AMYGDALIN-BETA-GLUCOSIDASE-RXN	CPD-553	right
AMYGDALIN-BETA-GLUCOSIDASE-RXN	Glucopyranose	right
RXN-8267	CPD-520	left
RXN-8267	UDP-L-RHAMNOSE	left
RXN-8267	PROTON	right
RXN-8267	CPD-8013	right
RXN-8267	UDP	right
RXN-12648	PLASTOQUINONE	left
RXN-12648	E-	left
RXN-12648	PROTON	left
RXN-12648	Plastoquinols	right
CHORISMATE-SYNTHASE-RXN	3-ENOLPYRUVYL-SHIKIMATE-5P	left
CHORISMATE-SYNTHASE-RXN	Pi	right
CHORISMATE-SYNTHASE-RXN	CHORISMATE	right
SQUALENE-MONOOXYGENASE-RXN	SQUALENE	left
SQUALENE-MONOOXYGENASE-RXN	OXYGEN-MOLECULE	left
SQUALENE-MONOOXYGENASE-RXN	Red-NADPH-Hemoprotein-Reductases	left
SQUALENE-MONOOXYGENASE-RXN	EPOXYSQUALENE	right
SQUALENE-MONOOXYGENASE-RXN	WATER	right
SQUALENE-MONOOXYGENASE-RXN	Ox-NADPH-Hemoprotein-Reductases	right
RXN-9264	CPD-8186	left
RXN-9264	Demethylated-methyl-acceptors	right
RXN-9264	CPD-9828	right
RXN-7241	MI-HEXAKISPHOSPHATE	left
RXN-7241	WATER	left
RXN-7241	CPD-6741	right
RXN-7241	Pi	right
RXN-7245	CPD-6744	left
RXN-7245	WATER	left
RXN-7245	CPD-6747	right
RXN-7245	Pi	right
PYRIDOXINE-4-DEHYDROGENASE-RXN	NADP	left
PYRIDOXINE-4-DEHYDROGENASE-RXN	PYRIDOXINE	left
PYRIDOXINE-4-DEHYDROGENASE-RXN	PROTON	right
PYRIDOXINE-4-DEHYDROGENASE-RXN	NADPH	right
PYRIDOXINE-4-DEHYDROGENASE-RXN	PYRIDOXAL	right
RXN-8541	FARNESYL-PP	left
RXN-8541	CPD-8730	right
RXN-8541	PPI	right
DIPHOSPHOMEVALONTE-DECARBOXYLASE-RXN	CPD-641	left
DIPHOSPHOMEVALONTE-DECARBOXYLASE-RXN	ATP	left
DIPHOSPHOMEVALONTE-DECARBOXYLASE-RXN	Pi	right
DIPHOSPHOMEVALONTE-DECARBOXYLASE-RXN	CARBON-DIOXIDE	right
DIPHOSPHOMEVALONTE-DECARBOXYLASE-RXN	DELTA3-ISOPENTENYL-PP	right
DIPHOSPHOMEVALONTE-DECARBOXYLASE-RXN	ADP	right
RXN-19593	CPD-12397	left
RXN-19593	WATER	left
RXN-19593	CPDQT-407	right
RXN-19593	GLY	right
PRIBFAICARPISOM-RXN	PHOSPHORIBOSYL-FORMIMINO-AICAR-P	left
PRIBFAICARPISOM-RXN	PHOSPHORIBULOSYL-FORMIMINO-AICAR-P	right
RXN-9169	OXOPENTENOATE	left
RXN-9169	Acceptor	left
RXN-9169	CPD-9734	right
RXN-9169	Donor-H2	right
RXN-14446	CPD1F-766	left
RXN-14446	CPD-15281	left
RXN-14446	CPD-15005	right
RXN-14446	FERULIC-ACID	right
RXN-8149	CPD-7710	left
RXN-8149	2-KETOGLUTARATE	left
RXN-8149	OXYGEN-MOLECULE	left
RXN-8149	CPD-7713	right
RXN-8149	FORMALDEHYDE	right
RXN-8149	SUC	right
RXN-8149	CARBON-DIOXIDE	right
RXN-3165	CPD-1102	left
RXN-3165	WATER	left
RXN-3165	INDOLE_ACETATE_AUXIN	right
RXN-3165	Glucopyranose	right
RXN-3165	PROTON	right
OXALATE--COA-LIGASE-RXN	CO-A	left
OXALATE--COA-LIGASE-RXN	OXALATE	left
OXALATE--COA-LIGASE-RXN	ATP	left
OXALATE--COA-LIGASE-RXN	OXALYL-COA	right
OXALATE--COA-LIGASE-RXN	PPI	right
OXALATE--COA-LIGASE-RXN	AMP	right
RXN-18899	DOPAQUINONE	left
RXN-18899	CYS	left
RXN-18899	CPD-20260	right
RXN-12155	CPD-10279	left
RXN-12155	Red-NADPH-Hemoprotein-Reductases	left
RXN-12155	OXYGEN-MOLECULE	left
RXN-12155	CPD-14826	right
RXN-12155	Ox-NADPH-Hemoprotein-Reductases	right
RXN-12155	WATER	right
RXN-2003	CPD-513	left
RXN-2003	NAD	left
RXN-2003	CPD-514	right
RXN-2003	NADH	right
RXN-2003	PROTON	right
RXN-12755	CPD-17284	left
RXN-12755	OXYGEN-MOLECULE	left
RXN-12755	FERROCYTOCHROME-B5	left
RXN-12755	PROTON	left
RXN-12755	CPD-17282	right
RXN-12755	WATER	right
RXN-12755	FERRICYTOCHROME-B5	right
RXN-18185	CPD-19477	left
RXN-18185	WATER	left
RXN-18185	CPDQT-36	right
RXN-3122	CPD-1102	left
RXN-3122	INDOLE-3-ACETYL-BETA-6-D-GLUCOSE	right
RXN-9110	CPD-9624	left
RXN-9110	CPD-9620	right
RXN-19785	CPD-8726	left
RXN-19785	Red-NADPH-Hemoprotein-Reductases	left
RXN-19785	OXYGEN-MOLECULE	left
RXN-19785	CPD-8729	right
RXN-19785	Ox-NADPH-Hemoprotein-Reductases	right
RXN-19785	WATER	right
RXN-19785	PROTON	right
RXN-15460	CPD-9413	left
RXN-15460	Red-NADPH-Hemoprotein-Reductases	left
RXN-15460	OXYGEN-MOLECULE	left
RXN-15460	CPD-16701	right
RXN-15460	Ox-NADPH-Hemoprotein-Reductases	right
RXN-15460	WATER	right
RXN-16910	CPD-18238	left
RXN-16910	AMMONIUM	left
RXN-16910	CARBAMATE	right
RXN-16910	Pi	right
RXN-16910	PROTON	right
RXN-14166	CPD-14005	left
RXN-14166	CPD-15147	right
RXN-9916	EPOXYSQUALENE	left
RXN-9916	CPD-10667	right
METHYLACYLYLCOA-HYDROXY-RXN	CPD-12173	left
METHYLACYLYLCOA-HYDROXY-RXN	METHACRYLYL-COA	right
METHYLACYLYLCOA-HYDROXY-RXN	WATER	right
RXN-8284	CPD-170	left
RXN-8284	CPD-458	left
RXN-8284	CPD-8065	right
RXN-8284	MYO-INOSITOL	right
CYCLOHEXADIENYL-DEHYDROGENASE-RXN	NAD	left
CYCLOHEXADIENYL-DEHYDROGENASE-RXN	CPD-659	left
CYCLOHEXADIENYL-DEHYDROGENASE-RXN	TYR	right
CYCLOHEXADIENYL-DEHYDROGENASE-RXN	CARBON-DIOXIDE	right
CYCLOHEXADIENYL-DEHYDROGENASE-RXN	NADH	right
3-ISOPROPYLMALISOM-RXN	CPD-9451	left
3-ISOPROPYLMALISOM-RXN	WATER	left
3-ISOPROPYLMALISOM-RXN	3-CARBOXY-3-HYDROXY-ISOCAPROATE	right
RXN-18203	CPD-19488	left
RXN-18203	PROTON	left
RXN-18203	CPDQT-30	right
RXN-18203	CARBON-DIOXIDE	right
RXN-15442	CPD-8910	left
RXN-15442	CPD-12575	left
RXN-15442	CPD-16683	right
RXN-15442	UDP	right
RXN-15442	PROTON	right
RXN-8567	CPD-7650	left
RXN-8567	CPD-8651	left
RXN-8567	PROTON	right
RXN-8567	CPD-8757	right
RXN-8567	WATER	right
RXN-7793	CPD-12575	left
RXN-7793	CPD3DJ-82	left
RXN-7793	Glucosyl-acyl-sphinganines	right
RXN-7793	UDP	right
RXN-7793	PROTON	right
RXN-19686	CPD-12575	left
RXN-19686	CPD-9481	left
RXN-19686	CPD-9488	right
RXN-19686	UDP	right
RXN-773	CPD-710	left
RXN-773	OXYGEN-MOLECULE	left
RXN-773	Red-NADPH-Hemoprotein-Reductases	left
RXN-773	CPD-712	right
RXN-773	WATER	right
RXN-773	Ox-NADPH-Hemoprotein-Reductases	right
RXN-8082	CPD-6948	left
RXN-8082	Red-NADPH-Hemoprotein-Reductases	left
RXN-8082	OXYGEN-MOLECULE	left
RXN-8082	CPD-7608	right
RXN-8082	Ox-NADPH-Hemoprotein-Reductases	right
RXN-8082	WATER	right
RXN-16022	CPD-17264	left
RXN-16022	Donor-H2	left
RXN-16022	CPD-14394	right
RXN-16022	Acceptor	right
RXN-14495	CPD-15370	left
RXN-14495	NADPH	left
RXN-14495	PROTON	left
RXN-14495	CPD-15366	right
RXN-14495	NADP	right
RXN-3284	2-HYDROXYISOFLAVANONE	left
RXN-3284	DAIDZEIN	right
RXN-3284	WATER	right
RXN-1223	UDP-SULFOQUINOVOSE	left
RXN-1223	WATER	left
RXN-1223	CPD-12575	right
RXN-1223	SO3	right
RXN-1223	PROTON	right
RXN-10639	GLC-1-P	left
RXN-10639	CPD-448	right
RXN-19985	GEISSOSCHIZINE	left
RXN-19985	PROTON	left
RXN-19985	OXYGEN-MOLECULE	left
RXN-19985	Red-NADPH-Hemoprotein-Reductases	left
RXN-19985	CPD-21559	right
RXN-19985	WATER	right
RXN-19985	Ox-NADPH-Hemoprotein-Reductases	right
RXN-19699	CPD-12104	left
RXN-19699	CPD-12575	left
RXN-19699	CPD-12102	right
RXN-19699	UDP	right
RXN-19699	PROTON	right
RXN-5102	CPD-4887	left
RXN-5102	CPD-4261	right
OXALATE-COA-TRANSFERASE-RXN	OXALATE	left
OXALATE-COA-TRANSFERASE-RXN	SUC-COA	left
OXALATE-COA-TRANSFERASE-RXN	SUC	right
OXALATE-COA-TRANSFERASE-RXN	OXALYL-COA	right
RXN-9817	S-ADENOSYLMETHIONINE	left
RXN-9817	CPD-10520	left
RXN-9817	PROTON	right
RXN-9817	CPD-10529	right
RXN-9817	ADENOSYL-HOMO-CYS	right
RXN-14471	PYRROLINE-HYDROXY-CARBOXYLATE	left
RXN-14471	WATER	left
RXN-14471	PROTON	left
RXN-14471	L-4-HYDROXYGLUTAMATE_SEMIALDEHYDE	right
RXN-19905	ACETYL-COA	left
RXN-19905	CPD-21505	left
RXN-19905	CPD-14829	right
RXN-19905	CO-A	right
INOSINE-NUCLEOSIDASE-RXN	INOSINE	left
INOSINE-NUCLEOSIDASE-RXN	WATER	left
INOSINE-NUCLEOSIDASE-RXN	D-Ribofuranose	right
INOSINE-NUCLEOSIDASE-RXN	HYPOXANTHINE	right
RXN-8873	S-ADENOSYLMETHIONINE	left
RXN-8873	CPD-7616	left
RXN-8873	PROTON	right
RXN-8873	VANILLIN	right
RXN-8873	ADENOSYL-HOMO-CYS	right
RXN-17182	CPD-18574	left
RXN-17182	Red-NADPH-Hemoprotein-Reductases	left
RXN-17182	OXYGEN-MOLECULE	left
RXN-17182	CPD-18575	right
RXN-17182	Ox-NADPH-Hemoprotein-Reductases	right
RXN-17182	WATER	right
PEPCARBOX-RXN	Pi	left
PEPCARBOX-RXN	OXALACETIC_ACID	left
PEPCARBOX-RXN	PHOSPHO-ENOL-PYRUVATE	right
PEPCARBOX-RXN	HCO3	right
GABATRANSAM-RXN	2-KETOGLUTARATE	left
GABATRANSAM-RXN	4-AMINO-BUTYRATE	left
GABATRANSAM-RXN	GLT	right
GABATRANSAM-RXN	SUCC-S-ALD	right
RXN-8587	FARNESYL-PP	left
RXN-8587	CPD-21652	right
RXN-8587	PPI	right
RXN0-7317	CADAVERINE	left
RXN0-7317	2-KETOGLUTARATE	left
RXN0-7317	CPD-12763	right
RXN0-7317	GLT	right
RXN-14448	CPD-7117	left
RXN-14448	CPD-15281	left
RXN-14448	CPD-15290	right
RXN-14448	FERULIC-ACID	right
RXN-3581	CPD-12575	left
RXN-3581	CPD-3141	left
RXN-3581	CPD-3421	right
RXN-3581	UDP	right
RXN-12297	CPD-13229	left
RXN-12297	NADP	left
RXN-12297	CPD-13228	right
RXN-12297	NADPH	right
RXN-12297	PROTON	right
2.3.1.150-RXN	SALUTARIDINOL	left
2.3.1.150-RXN	ACETYL-COA	left
2.3.1.150-RXN	7-O-ACETYLSALUTARIDINOL	right
2.3.1.150-RXN	CO-A	right
RXN-14987	L-DIHYDROXY-PHENYLALANINE	left
RXN-14987	CPD-676	right
RXN-14987	AMMONIUM	right
RXN-7719	BCAA-dehydrogenase-DH-lipoyl	left
RXN-7719	NAD	left
RXN-7719	BCAA-dehydrogenase-lipoyl	right
RXN-7719	NADH	right
RXN-7719	PROTON	right
RXN-18132	CPD-19423	left
RXN-18132	Acceptor	left
RXN-18132	CPD-19443	right
RXN-18132	Donor-H2	right
RXN-9978	TYRAMINE	left
RXN-9978	CPD-14053	left
RXN-9978	OXYGEN-MOLECULE	left
RXN-9978	DOPAMINE	right
RXN-9978	CPD-5881	right
ALDOSE-1-EPIMERASE-RXN	ALPHA-GLUCOSE	left
ALDOSE-1-EPIMERASE-RXN	GLC	right
RXN-5063	VAL	left
RXN-5063	OXYGEN-MOLECULE	left
RXN-5063	Red-NADPH-Hemoprotein-Reductases	left
RXN-5063	CPD-4862	right
RXN-5063	Ox-NADPH-Hemoprotein-Reductases	right
RXN-5063	WATER	right
RXN-5063	PROTON	right
RXN-7421	S-ADENOSYLMETHIONINE	left
RXN-7421	Phospholipid-Oleate	left
RXN-7421	Lipid-dihydrosterculate	right
RXN-7421	ADENOSYL-HOMO-CYS	right
RXN-7421	PROTON	right
SPERMIDINESYN-RXN	PUTRESCINE	left
SPERMIDINESYN-RXN	S-ADENOSYLMETHIONINAMINE	left
SPERMIDINESYN-RXN	PROTON	right
SPERMIDINESYN-RXN	SPERMIDINE	right
SPERMIDINESYN-RXN	5-METHYLTHIOADENOSINE	right
RXN-13183	CPD-330	left
RXN-13183	Cytochromes-C-Oxidized	left
RXN-13183	L-DEHYDRO-ASCORBATE	right
RXN-13183	Cytochromes-C-Reduced	right
RXN-13183	PROTON	right
RXN4FS-28	GLN	left
RXN4FS-28	INDOLE_PYRUVATE	left
RXN4FS-28	2-KETO-GLUTARAMATE	right
RXN4FS-28	TRP	right
RXN-11875	CPD-12850	left
RXN-11875	Methylated-methyl-acceptors	left
RXN-11875	CYCLOARTENOL	right
RXN-11875	Demethylated-methyl-acceptors	right
3.1.3.72-RXN	MI-HEXAKISPHOSPHATE	left
3.1.3.72-RXN	WATER	left
3.1.3.72-RXN	CPD-6661	right
3.1.3.72-RXN	Pi	right
RXN-10600	FARNESYL-PP	left
RXN-10600	WATER	left
RXN-10600	PPI	right
RXN-10600	CPD-11399	right
RXN-8012	CPD-12575	left
RXN-8012	CPD-7389	left
RXN-8012	PROTON	right
RXN-8012	CPD-7392	right
RXN-8012	UDP	right
RXN-12520	trans-3-cis-5-dienoyl-CoA	left
RXN-12520	TETRADEHYDROACYL-COA	right
RXN-12207	CPDQT-429	left
RXN-12207	ASCORBATE	left
RXN-12207	CPDQT-426	right
RXN-12207	HSCN	right
3.2.1.37-RXN	1-4-D-xylooligosaccharides	left
3.2.1.37-RXN	WATER	left
3.2.1.37-RXN	BETA-D-XYLOSE	right
SUCCINATE-DEHYDROGENASE-UBIQUINONE-RXN	Ubiquinones	left
SUCCINATE-DEHYDROGENASE-UBIQUINONE-RXN	SUC	left
SUCCINATE-DEHYDROGENASE-UBIQUINONE-RXN	Ubiquinols	right
SUCCINATE-DEHYDROGENASE-UBIQUINONE-RXN	FUM	right
OROTPDECARB-RXN	PROTON	left
OROTPDECARB-RXN	OROTIDINE-5-PHOSPHATE	left
OROTPDECARB-RXN	CARBON-DIOXIDE	right
OROTPDECARB-RXN	UMP	right
RXN18C3-40	CPD-19054	left
RXN18C3-40	ACETYL-COA	left
RXN18C3-40	CPD-19058	right
RXN18C3-40	CO-A	right
RXN-15290	LUTEOLIN-7-O-BETA-D-DIGLUCURONIDE	left
RXN-15290	WATER	left
RXN-15290	LUTEOLIN-7-O-BETA-D-GLUCURONIDE	right
RXN-15290	CPD-12521	right
PRPPSYN-RXN	RIBOSE-5P	left
PRPPSYN-RXN	ATP	left
PRPPSYN-RXN	PROTON	right
PRPPSYN-RXN	PRPP	right
PRPPSYN-RXN	AMP	right
RXN-1803	SUCROSE	left
RXN-1803	6-KESTOSE	right
RXN-1803	Glucopyranose	right
RXN-1161	Reduced-ferredoxins	left
RXN-1161	NITRITE	left
RXN-1161	Oxidized-ferredoxins	right
RXN-1161	WATER	right
RXN-1161	AMMONIA	right
POLYAMINE-OXIDASE-RXN	N1-ACETYLSPERMINE	left
POLYAMINE-OXIDASE-RXN	OXYGEN-MOLECULE	left
POLYAMINE-OXIDASE-RXN	WATER	left
POLYAMINE-OXIDASE-RXN	CPD-568	right
POLYAMINE-OXIDASE-RXN	CPD-6082	right
POLYAMINE-OXIDASE-RXN	HYDROGEN-PEROXIDE	right
1.1.3.34-RXN	R-N-METHYLCOCLAURINE	left
1.1.3.34-RXN	S-N-METHYLCOCLAURINE	left
1.1.3.34-RXN	OXYGEN-MOLECULE	left
1.1.3.34-RXN	Red-NADPH-Hemoprotein-Reductases	left
1.1.3.34-RXN	BERBAMUNINE	right
1.1.3.34-RXN	WATER	right
1.1.3.34-RXN	Ox-NADPH-Hemoprotein-Reductases	right
RXN0-1001	MI-HEXAKISPHOSPHATE	left
RXN0-1001	WATER	left
RXN0-1001	CPD-534	right
RXN0-1001	Pi	right
RXN-7693	CPD-7032	left
RXN-7693	NAD	left
RXN-7693	PROTON	right
RXN-7693	CPD-7031	right
RXN-7693	NADH	right
RXN-10429	INDOLE_ACETATE_AUXIN	left
RXN-10429	GLY	left
RXN-10429	ATP	left
RXN-10429	PROTON	right
RXN-10429	CPD-11226	right
RXN-10429	AMP	right
RXN-10429	PPI	right
RXN66-306	44-DIMETHYL-824-CHOLESTADIENOL	left
RXN66-306	NADP	left
RXN66-306	44-DIMETHYL-CHOLESTA-814-24-TRIENOL	right
RXN66-306	NADPH	right
RXN66-306	PROTON	right
TRANSALDOL-RXN	D-SEDOHEPTULOSE-7-P	left
TRANSALDOL-RXN	GAP	left
TRANSALDOL-RXN	FRUCTOSE-6P	right
TRANSALDOL-RXN	ERYTHROSE-4P	right
RXN-22517	1-3-7-TRIMETHYLXANTHINE	left
RXN-22517	NADH-P-OR-NOP	left
RXN-22517	OXYGEN-MOLECULE	left
RXN-22517	PROTON	left
RXN-22517	CPD-12479	right
RXN-22517	NAD-P-OR-NOP	right
RXN-22517	FORMALDEHYDE	right
RXN-22517	WATER	right
RXN-13523	L-ALPHA-ALANINE	left
RXN-13523	CPD-9422	left
RXN-13523	CPD-9423	right
RXN-13523	PYRUVATE	right
RXN-19588	CPD-12394	left
RXN-19588	WATER	left
RXN-19588	CPDQT-406	right
RXN-19588	GLY	right
GLUTARYL-COA-DEHYDROG-RXN	GLUTARYL-COA	left
GLUTARYL-COA-DEHYDROG-RXN	ETF-Oxidized	left
GLUTARYL-COA-DEHYDROG-RXN	PROTON	left
GLUTARYL-COA-DEHYDROG-RXN	GLUTACONYL-COA	right
GLUTARYL-COA-DEHYDROG-RXN	ETF-Reduced	right
RXN-11950	PROTON	left
RXN-11950	NADPH	left
RXN-11950	CPD-12920	left
RXN-11950	NADP	right
RXN-11950	CPD-12850	right
RXN-13445	CPD-14425	left
RXN-13445	Donor-H2	left
RXN-13445	CPD-14426	right
RXN-13445	Acceptor	right
RXN-92	CPD-12575	left
RXN-92	SINAPALDEHYDE	left
RXN-92	PROTON	right
RXN-92	CPD-79	right
RXN-92	UDP	right
RXN-14056	CPD-12177	left
RXN-14056	CH3-MALONATE-S-ALD	right
CYTIKIN-RXN	CYTIDINE	left
CYTIKIN-RXN	ATP	left
CYTIKIN-RXN	CMP	right
CYTIKIN-RXN	ADP	right
CYTIKIN-RXN	PROTON	right
RXN-12208	CPD-8046	left
RXN-12208	NADP	left
RXN-12208	CPD-22515	right
RXN-12208	NADPH	right
RXN-12208	PROTON	right
RXN-12206	INDOLE_ACETATE_AUXIN	left
RXN-12206	CPD-13135	right
RXNDQC-2	INDOLE_PYRUVATE	left
RXNDQC-2	NADPH	left
RXNDQC-2	OXYGEN-MOLECULE	left
RXNDQC-2	PROTON	left
RXNDQC-2	INDOLE_ACETATE_AUXIN	right
RXNDQC-2	CARBON-DIOXIDE	right
RXNDQC-2	NADP	right
RXNDQC-2	WATER	right
CITRULLINASE-RXN	L-CITRULLINE	left
CITRULLINASE-RXN	WATER	left
CITRULLINASE-RXN	PROTON	left
CITRULLINASE-RXN	L-ORNITHINE	right
CITRULLINASE-RXN	CARBON-DIOXIDE	right
CITRULLINASE-RXN	AMMONIUM	right
RXN18C3-36	CPD-19048	left
RXN18C3-36	ACETYL-COA	left
RXN18C3-36	CPD-19049	right
RXN18C3-36	CO-A	right
XANTHOSINEPHOSPHORY-RXN	XANTHOSINE	left
XANTHOSINEPHOSPHORY-RXN	Pi	left
XANTHOSINEPHOSPHORY-RXN	XANTHINE	right
XANTHOSINEPHOSPHORY-RXN	RIBOSE-1P	right
RXN0-6721	MET	left
RXN0-6721	HYDROGEN-PEROXIDE	left
RXN0-6721	L-Methionine-sulfoxides	right
RXN0-6721	WATER	right
RXN-13522	FARNESYL-PP	left
RXN-13522	CPD-14510	right
RXN-13522	PPI	right
RXN-4343	CPD-3441	left
RXN-4343	CPD-4281	right
RXN-8931	FARNESYL-PP	left
RXN-8931	CPD-9338	right
RXN-8931	PPI	right
H2NEOPTERINP3PYROPHOSPHOHYDRO-RXN	DIHYDRONEOPTERIN-P3	left
H2NEOPTERINP3PYROPHOSPHOHYDRO-RXN	WATER	left
H2NEOPTERINP3PYROPHOSPHOHYDRO-RXN	PROTON	right
H2NEOPTERINP3PYROPHOSPHOHYDRO-RXN	DIHYDRONEOPTERIN-P	right
H2NEOPTERINP3PYROPHOSPHOHYDRO-RXN	PPI	right
RXN18C3-110	CPD-20294	left
RXN18C3-110	2-METHYL-BUTYRYL-COA	left
RXN18C3-110	CPD-20300	right
RXN18C3-110	CO-A	right
RXN-18192	CPDQT-35	left
RXN-18192	CPD-19481	right
RXN-18192	WATER	right
RXNQT-4388	L-1-LYSOPHOSPHATIDATE	left
RXNQT-4388	Palmitoyl-ACPs	left
RXNQT-4388	ACP	right
RXNQT-4388	CPD-8264	right
RXN-8530	--ABIETADIENE	left
RXN-8530	Acceptor	left
RXN-8530	CPD-8721	right
RXN-8530	Donor-H2	right
RXN18C3-48	CPD-19027	left
RXN18C3-48	CPD-26629	left
RXN18C3-48	CPD-26630	right
RXN18C3-48	CO-A	right
RXNQT-4171	CPDQT-38	left
RXNQT-4171	NAD	left
RXNQT-4171	CPDQT-29	right
RXNQT-4171	CARBON-DIOXIDE	right
RXNQT-4171	NADH	right
6.2.1.34-RXN	FERULIC-ACID	left
6.2.1.34-RXN	ATP	left
6.2.1.34-RXN	CO-A	left
6.2.1.34-RXN	FERULOYL-COA	right
6.2.1.34-RXN	AMP	right
6.2.1.34-RXN	PPI	right
RXN-8287	CPD-1099	left
RXN-8287	CPD-170	right
RXN-8287	SUCROSE	right
RXN66-303	LANOSTEROL	left
RXN66-303	Red-NADPH-Hemoprotein-Reductases	left
RXN66-303	OXYGEN-MOLECULE	left
RXN66-303	CPD-4568	right
RXN66-303	Ox-NADPH-Hemoprotein-Reductases	right
RXN66-303	WATER	right
RXN-9060	CPD-9534	left
RXN-9060	CPD-9536	right
LEUCPEL-RXN	LEUCOPELARGONIDIN-CMPD	left
LEUCPEL-RXN	2-KETOGLUTARATE	left
LEUCPEL-RXN	OXYGEN-MOLECULE	left
LEUCPEL-RXN	CPD-19725	right
LEUCPEL-RXN	SUC	right
LEUCPEL-RXN	CARBON-DIOXIDE	right
LEUCPEL-RXN	WATER	right
LEUCPEL-RXN	PROTON	right
ATPSYN-RXN	ATP	left
ATPSYN-RXN	WATER	left
ATPSYN-RXN	PROTON	left
ATPSYN-RXN	ADP	right
ATPSYN-RXN	Pi	right
ATPSYN-RXN	PROTON	right
RXN-19696	CPD-12575	left
RXN-19696	CPD-15450	left
RXN-19696	CPD-12100	right
RXN-19696	UDP	right
RXN-19696	PROTON	right
GALACTURIDYLYLTRANS-RXN	CPD-12575	left
GALACTURIDYLYLTRANS-RXN	GALACTOSE-1P	left
GALACTURIDYLYLTRANS-RXN	CPD-14553	right
GALACTURIDYLYLTRANS-RXN	GLC-1-P	right
RXN-9338	GLT	left
RXN-9338	CPD-9949	left
RXN-9338	2-KETOGLUTARATE	right
RXN-9338	CPD-9950	right
RXN-5143	GERANYL-PP	left
RXN-5143	CPD-8768	right
RXN-5143	PPI	right
RXN-8481	CPD-12575	left
RXN-8481	CPD-8652	left
RXN-8481	PROTON	right
RXN-8481	CPD-8656	right
RXN-8481	UDP	right
RXN-8642	OXALO-SUCCINATE	left
RXN-8642	PROTON	left
RXN-8642	2-KETOGLUTARATE	right
RXN-8642	CARBON-DIOXIDE	right
RXN-11064	CPD-12025	left
RXN-11064	WATER	left
RXN-11064	CPD-12005	right
RXN-11064	2-OXOBUTANOATE	right
RXN-11064	AMMONIUM	right
RXN-11064	PROTON	right
RXN-8710	FERULOYL-COA	left
RXN-8710	SEROTONIN	left
RXN-8710	PROTON	right
RXN-8710	CPD-8935	right
RXN-8710	CO-A	right
RXN-8310	CPD-8082	left
RXN-8310	OXYGEN-MOLECULE	left
RXN-8310	Reduced-ferredoxins	left
RXN-8310	PROTON	left
RXN-8310	CPD-8084	right
RXN-8310	WATER	right
RXN-8310	Oxidized-ferredoxins	right
L-AMINO-ACID-OXIDASE-RXN	Amino-Acids-20	left
L-AMINO-ACID-OXIDASE-RXN	WATER	left
L-AMINO-ACID-OXIDASE-RXN	OXYGEN-MOLECULE	left
L-AMINO-ACID-OXIDASE-RXN	2-Oxo-carboxylates	right
L-AMINO-ACID-OXIDASE-RXN	AMMONIUM	right
L-AMINO-ACID-OXIDASE-RXN	HYDROGEN-PEROXIDE	right
RXN-8960	CPD-9409	left
RXN-8960	CPD-9408	right
RXN-8960	WATER	right
3.2.1.65-RXN	Levan	left
3.2.1.65-RXN	WATER	left
3.2.1.65-RXN	Fructooligosaccharides	right
RXN-11931	CPD-12907	left
RXN-11931	OXYGEN-MOLECULE	left
RXN-11931	FERROCYTOCHROME-B5	left
RXN-11931	PROTON	left
RXN-11931	CPD-12908	right
RXN-11931	FERRICYTOCHROME-B5	right
RXN-11931	WATER	right
RXN-18449	CPD-4211	left
RXN-18449	CPD-7107	left
RXN-18449	PPI	right
RXN-18449	CPD-7111	right
URIDINEKIN-RXN	URIDINE	left
URIDINEKIN-RXN	ATP	left
URIDINEKIN-RXN	PROTON	right
URIDINEKIN-RXN	UMP	right
URIDINEKIN-RXN	ADP	right
RXN-4222	CPD-706	left
RXN-4222	CPD-4141	right
3-SULFINOALANINE-AMINOTRANSFERASE-RXN	3-SULFINOALANINE	left
3-SULFINOALANINE-AMINOTRANSFERASE-RXN	2-KETOGLUTARATE	left
3-SULFINOALANINE-AMINOTRANSFERASE-RXN	GLT	right
3-SULFINOALANINE-AMINOTRANSFERASE-RXN	3-SULFINYL-PYRUVATE	right
RXN-8709	SEROTONIN	left
RXN-8709	CAFFEOYL-COA	left
RXN-8709	PROTON	right
RXN-8709	CPD-8934	right
RXN-8709	CO-A	right
RXN-9270	CPD-9807	left
RXN-9270	SCOPOLETIN	right
RXN-9952	CPD-2961	left
RXN-9952	NADP	left
RXN-9952	RIBULOSE-5P	right
RXN-9952	CARBON-DIOXIDE	right
RXN-9952	NADPH	right
RXN-12063	PROTON	left
RXN-12063	CPD-13027	left
RXN-12063	INDOLE-3-ACETALDOXIME	right
RXN-12063	CARBON-DIOXIDE	right
RXN-12063	WATER	right
RXNQT-4382	PALMITYL-COA	left
RXNQT-4382	GLYCEROL-3P	left
RXNQT-4382	1-PALMITOYLGLYCEROL-3-PHOSPHATE	right
RXNQT-4382	CO-A	right
RXN-18727	CPD-12575	left
RXN-18727	CPD-15088	left
RXN-18727	CPD-20023	right
RXN-18727	UDP	right
RXN-18727	PROTON	right
RXN-14753	D-Galactopyranuronate	left
RXN-14753	CPD-15633	right
RXN-1021	Very-Long-Chain-Aldehydes	left
RXN-1021	CO-A	left
RXN-1021	NADP	left
RXN-1021	VERY-LONG-CHAIN-FATTY-ACYL-COA	right
RXN-1021	NADPH	right
RXN-1021	PROTON	right
RXN-18198	CPD-19486	left
RXN-18198	PROTON	left
RXN-18198	2-OXO-5-METHYLTHIOPENTANOIC-ACID	right
RXN-18198	CARBON-DIOXIDE	right
RXN0-6491	Ubiquinones	left
RXN0-6491	DI-H-OROTATE	left
RXN0-6491	Ubiquinols	right
RXN0-6491	OROTATE	right
RXNQT-4351	CPD-1881	left
RXNQT-4351	INDOLEYL-CPD	right
RXNQT-4351	SULFATE	right
RXNQT-4351	Elemental-Sulfur	right
RXN-8360	CPD-8157	left
RXN-8360	OXYGEN-MOLECULE	left
RXN-8360	FERROCYTOCHROME-B5	left
RXN-8360	PROTON	left
RXN-8360	CPD-8158	right
RXN-8360	WATER	right
RXN-8360	FERRICYTOCHROME-B5	right
RXN-19639	CPD-12759	left
RXN-19639	Red-NADPH-Hemoprotein-Reductases	left
RXN-19639	OXYGEN-MOLECULE	left
RXN-19639	CPD-13573	right
RXN-19639	Ox-NADPH-Hemoprotein-Reductases	right
RXN-19639	WATER	right
RXN-19639	PROTON	right
AIRCARBOXY-RXN	PROTON	left
AIRCARBOXY-RXN	PHOSPHORIBOSYL-CARBOXY-AMINOIMIDAZOLE	left
AIRCARBOXY-RXN	5-PHOSPHORIBOSYL-5-AMINOIMIDAZOLE	right
AIRCARBOXY-RXN	CARBON-DIOXIDE	right
PORPHOBILSYNTH-RXN	5-AMINO-LEVULINATE	left
PORPHOBILSYNTH-RXN	PROTON	right
PORPHOBILSYNTH-RXN	WATER	right
PORPHOBILSYNTH-RXN	PORPHOBILINOGEN	right
RXN-1121	FERULIC-ACID	left
RXN-1121	Red-NADPH-Hemoprotein-Reductases	left
RXN-1121	OXYGEN-MOLECULE	left
RXN-1121	5-HYDROXY-FERULIC-ACID	right
RXN-1121	WATER	right
RXN-1121	Ox-NADPH-Hemoprotein-Reductases	right
RXN-10946	INOSITOL-1456-TETRAKISPHOSPHATE	left
RXN-10946	WATER	left
RXN-10946	INOSITOL-1-4-5-TRISPHOSPHATE	right
RXN-10946	Pi	right
RXN-13765	CPD-11685	left
RXN-13765	CPD-12575	left
RXN-13765	CPD-14753	right
RXN-13765	UDP	right
RXN-9052	S-ADENOSYLMETHIONINE	left
RXN-9052	CPD-9539	left
RXN-9052	PROTON	right
RXN-9052	ADENOSYL-HOMO-CYS	right
RXN-9052	CPD-9530	right
RXN-11662	S-3-HYDROXYBUTANOYL-COA	left
RXN-11662	NAD	left
RXN-11662	ACETOACETYL-COA	right
RXN-11662	NADH	right
RXN-11662	PROTON	right
RXN-16777	PELARGONIDIN-3-GLUCOSIDE-CMPD	left
RXN-16777	UDP-D-XYLOSE	left
RXN-16777	CPD-18091	right
RXN-16777	UDP	right
RXN-16777	PROTON	right
RXN-9108	CPD-9626	left
RXN-9108	CPD-9627	right
RXN1F-93	DIHYDROKAEMPFEROL-CMPD	left
RXN1F-93	2-KETOGLUTARATE	left
RXN1F-93	OXYGEN-MOLECULE	left
RXN1F-93	CPD1F-90	right
RXN1F-93	SUC	right
RXN1F-93	CARBON-DIOXIDE	right
RXN1F-93	WATER	right
RXN1F-93	PROTON	right
2.6.1.18-RXN	MALONATE-S-ALD	left
2.6.1.18-RXN	L-ALPHA-ALANINE	left
2.6.1.18-RXN	B-ALANINE	right
2.6.1.18-RXN	PYRUVATE	right
RXN-8536	CPD-8726	left
RXN-8536	Red-NADPH-Hemoprotein-Reductases	left
RXN-8536	OXYGEN-MOLECULE	left
RXN-8536	CPD-8727	right
RXN-8536	Ox-NADPH-Hemoprotein-Reductases	right
RXN-8536	WATER	right
NADH-DEHYDROG-A-RXN	NADH	left
NADH-DEHYDROG-A-RXN	PROTON	left
NADH-DEHYDROG-A-RXN	Ubiquinones	left
NADH-DEHYDROG-A-RXN	PROTON	right
NADH-DEHYDROG-A-RXN	NAD	right
NADH-DEHYDROG-A-RXN	Ubiquinols	right
1.14.11.19-RXN	CPD-590	left
1.14.11.19-RXN	2-KETOGLUTARATE	left
1.14.11.19-RXN	OXYGEN-MOLECULE	left
1.14.11.19-RXN	Dihydroquercetins	right
1.14.11.19-RXN	SUC	right
1.14.11.19-RXN	CARBON-DIOXIDE	right
1.14.11.19-RXN	WATER	right
RXN-9535	Dodecanoyl-ACPs	left
RXN-9535	MALONYL-ACP	left
RXN-9535	PROTON	left
RXN-9535	3-oxo-myristoyl-ACPs	right
RXN-9535	CARBON-DIOXIDE	right
RXN-9535	ACP	right
RXN-16779	CPD-18091	left
RXN-16779	CPD-12575	left
RXN-16779	CPD-18093	right
RXN-16779	UDP	right
RXN-8522	CPD-8711	left
RXN-8522	NADPH	left
RXN-8522	OXYGEN-MOLECULE	left
RXN-8522	CPD-8712	right
RXN-8522	NADP	right
RXN-8522	WATER	right
RXN-15479	Oxidized-Plastocyanins	left
RXN-15479	Reduced-ferredoxins	left
RXN-15479	Light	right
RXN-15479	Plastocyanin-Reduced	right
RXN-15479	Oxidized-ferredoxins	right
RXN-8343	Linoleoyl-groups	left
RXN-8343	OXYGEN-MOLECULE	left
RXN-8343	Reduced-ferredoxins	left
RXN-8343	PROTON	left
RXN-8343	Gamma-linolenoyl-groups	right
RXN-8343	WATER	right
RXN-8343	Oxidized-ferredoxins	right
RXN-13061	L-DIHYDROXY-PHENYLALANINE	left
RXN-13061	OXYGEN-MOLECULE	left
RXN-13061	DOPAQUINONE	right
RXN-13061	WATER	right
3-NUCLEOTID-RXN	3-Phosphomonucleotides	left
3-NUCLEOTID-RXN	WATER	left
3-NUCLEOTID-RXN	Pi	right
3-NUCLEOTID-RXN	Ribonucleosides	right
RXN-9038	CPD-12575	left
RXN-9038	CPD-9482	left
RXN-9038	CPD-9492	right
RXN-9038	UDP	right
RXN-9038	PROTON	right
ACETOOHBUTREDUCTOISOM-RXN	1-KETO-2-METHYLVALERATE	left
ACETOOHBUTREDUCTOISOM-RXN	NADP	left
ACETOOHBUTREDUCTOISOM-RXN	PROTON	right
ACETOOHBUTREDUCTOISOM-RXN	2-ACETO-2-HYDROXY-BUTYRATE	right
ACETOOHBUTREDUCTOISOM-RXN	NADPH	right
RXN0-1134	PYRUVATE	left
RXN0-1134	Pyruvate-dehydrogenase-lipoate	left
RXN0-1134	PROTON	left
RXN0-1134	Pyruvate-dehydrogenase-acetylDHlipoyl	right
RXN0-1134	CARBON-DIOXIDE	right
RXN-19687	CPD-12575	left
RXN-19687	CPD-9483	left
RXN-19687	CPD-9487	right
RXN-19687	UDP	right
RXN-19687	PROTON	right
RXN-12698	NAPHTHOL	left
RXN-12698	CPD-12575	left
RXN-12698	CPD-13686	right
RXN-12698	UDP	right
RXN-12698	PROTON	right
RXN-10886	BENZOATE	left
RXN-10886	GLT	left
RXN-10886	ATP	left
RXN-10886	PROTON	right
RXN-10886	CPD-11846	right
RXN-10886	AMP	right
RXN-10886	PPI	right
RXN-13983	P-COUMAROYL-COA	left
RXN-13983	CPD1F-437	left
RXN-13983	PROTON	left
RXN-13983	CPD-14992	right
RXN-13983	CO-A	right
RXN-8306	CPD-2189	left
RXN-8306	OXYGEN-MOLECULE	left
RXN-8306	Reduced-ferredoxins	left
RXN-8306	PROTON	left
RXN-8306	CPD-8080	right
RXN-8306	WATER	right
RXN-8306	Oxidized-ferredoxins	right
RXN-11932	CPD-12908	left
RXN-11932	OXYGEN-MOLECULE	left
RXN-11932	FERROCYTOCHROME-B5	left
RXN-11932	PROTON	left
RXN-11932	CPD-12909	right
RXN-11932	FERRICYTOCHROME-B5	right
RXN-11932	WATER	right
RXN-9122	CPD-9618	left
RXN-9122	CPD-9623	right
RXN-8855	10-BETA-HYDROXYTAXA-42011-DIEN-5-ALPH	left
RXN-8855	Red-NADPH-Hemoprotein-Reductases	left
RXN-8855	OXYGEN-MOLECULE	left
RXN-8855	CPD-9194	right
RXN-8855	Ox-NADPH-Hemoprotein-Reductases	right
RXN-8855	WATER	right
RXN-14424	CPD-12575	left
RXN-14424	CPD-11945	left
RXN-14424	CPD-15269	right
RXN-14424	UDP	right
RXN-14424	PROTON	right
RXN-7784	CPD-7088	left
RXN-7784	NADP	left
RXN-7784	CPD-7087	right
RXN-7784	NADPH	right
RXN-7784	PROTON	right
RXN-14036	CPD-15043	left
RXN-14036	CPD-11776	right
RXN-14036	Glucopyranose	right
RXN-9262	CPD-8186	left
RXN-9262	CPD-8097	right
RXN-12123	CPD-12575	left
RXN-12123	CPD-13080	left
RXN-12123	UDP	right
RXN-12123	CPD-13081	right
RXN-12123	PROTON	right
RXN-10038	L-seryl-SEC-tRNAs	left
RXN-10038	ATP	left
RXN-10038	O-phospho-L-seryl-tRNASecs	right
RXN-10038	ADP	right
RXN-10038	PROTON	right
ACYLCOASYN-RXN	CPD66-39	left
ACYLCOASYN-RXN	CO-A	left
ACYLCOASYN-RXN	ATP	left
ACYLCOASYN-RXN	Saturated-Fatty-Acyl-CoA	right
ACYLCOASYN-RXN	AMP	right
ACYLCOASYN-RXN	PPI	right
RXN-9655	Beta-hydroxydecanoyl-ACPs	left
RXN-9655	Trans-D2-decenoyl-ACPs	right
RXN-9655	WATER	right
RXN-13936	S-ADENOSYLMETHIONINE	left
RXN-13936	CPD-7252	left
RXN-13936	CPD-14951	right
RXN-13936	ADENOSYL-HOMO-CYS	right
RXNQT-4315	PROTON	left
RXNQT-4315	CPDQT-343	left
RXNQT-4315	NADPH	left
RXNQT-4315	OXYGEN-MOLECULE	left
RXNQT-4315	CYS	left
RXNQT-4315	CPDQT-407	right
RXNQT-4315	NADP	right
RXNQT-4315	WATER	right
RXNQT-4359	4-METHOXY-3-INDOLYLMETHYL-GLUCOSINOLATE	left
RXNQT-4359	WATER	left
RXNQT-4359	CPDQT-432	right
RXNQT-4359	Glucopyranose	right
RXNQT-4359	PROTON	right
RXN-10856	DIHYDRO-NEO-PTERIN	left
RXN-10856	CPD-11770	right
RXN-19786	CPD-8722	left
RXN-19786	Red-NADPH-Hemoprotein-Reductases	left
RXN-19786	OXYGEN-MOLECULE	left
RXN-19786	CPD-8725	right
RXN-19786	Ox-NADPH-Hemoprotein-Reductases	right
RXN-19786	WATER	right
RXN-19786	PROTON	right
RXN-13518	CPD-14507	left
RXN-13518	CPD-12575	left
RXN-13518	CPD-14506	right
RXN-13518	UDP	right
RXN-9616	CPD-10269	left
RXN-9616	OXYGEN-MOLECULE	left
RXN-9616	FERROCYTOCHROME-B5	left
RXN-9616	PROTON	left
RXN-9616	CPD-10254	right
RXN-9616	WATER	right
RXN-9616	FERRICYTOCHROME-B5	right
GLUCOSE-6-PHOSPHATE-1-EPIMERASE-RXN	ALPHA-GLC-6-P	left
GLUCOSE-6-PHOSPHATE-1-EPIMERASE-RXN	GLC-6-P	right
RXNQT-4141	GDP-L-GALACTOSE	left
RXNQT-4141	Pi	left
RXNQT-4141	PROTON	right
RXNQT-4141	GDP	right
RXNQT-4141	CPDQT-4	right
RXN-6546	CPD1F-86	left
RXN-6546	2-KETOGLUTARATE	left
RXN-6546	OXYGEN-MOLECULE	left
RXN-6546	CPD-6225	right
RXN-6546	SUC	right
RXN-6546	CARBON-DIOXIDE	right
RXNQT-4360	CPDQT-432	left
RXNQT-4360	CPDQT-433	right
RXNQT-4360	SULFATE	right
RXNQT-4349	CPDQT-41	left
RXNQT-4349	Amino-Acids-20	left
RXNQT-4349	CPDQT-277	right
RXNQT-4349	2-Oxo-carboxylates	right
RXN-13308	CPD-10280	left
RXN-13308	NADP	left
RXN-13308	CPD-14282	right
RXN-13308	NADPH	right
RXN-13308	PROTON	right
3PGAREARR-RXN	2-PG	left
3PGAREARR-RXN	G3P	right
3-HYDROXYPROPIONATE-DEHYDROGENASE-RXN	NAD	left
3-HYDROXYPROPIONATE-DEHYDROGENASE-RXN	3-HYDROXY-PROPIONATE	left
3-HYDROXYPROPIONATE-DEHYDROGENASE-RXN	MALONATE-S-ALD	right
3-HYDROXYPROPIONATE-DEHYDROGENASE-RXN	NADH	right
3-HYDROXYPROPIONATE-DEHYDROGENASE-RXN	PROTON	right
HYDROG-RXN	HYDROGEN-MOLECULE	left
HYDROG-RXN	Oxidized-ferredoxins	left
HYDROG-RXN	Reduced-ferredoxins	right
HYDROG-RXN	PROTON	right
RXN-5461	DTDP-RHAMNOSE	left
RXN-5461	NADP	left
RXN-5461	PROTON	right
RXN-5461	DTDP-DEOH-DEOXY-GLUCOSE	right
RXN-5461	NADPH	right
RXN-16154	CPD-17402	left
RXN-16154	NADP	left
RXN-16154	CPD-17401	right
RXN-16154	NADPH	right
RXN-16154	PROTON	right
RXN-11490	CPD-1099	left
RXN-11490	CPD-12462	right
RXN-11490	SUCROSE	right
RXN-12251	CPD-13175	left
RXN-12251	OXYGEN-MOLECULE	left
RXN-12251	Donor-H2	left
RXN-12251	CPD-13174	right
RXN-12251	WATER	right
RXN-12251	Acceptor	right
HYDROXYMETHYLGLUTARYL-COA-LYASE-RXN	3-HYDROXY-3-METHYL-GLUTARYL-COA	left
HYDROXYMETHYLGLUTARYL-COA-LYASE-RXN	3-KETOBUTYRATE	right
HYDROXYMETHYLGLUTARYL-COA-LYASE-RXN	ACETYL-COA	right
2-METHYLACYL-COA-DEHYDROGENASE-RXN	2-METHYL-BUTYRYL-COA	left
2-METHYLACYL-COA-DEHYDROGENASE-RXN	ETF-Oxidized	left
2-METHYLACYL-COA-DEHYDROGENASE-RXN	PROTON	left
2-METHYLACYL-COA-DEHYDROGENASE-RXN	CPD-1083	right
2-METHYLACYL-COA-DEHYDROGENASE-RXN	ETF-Reduced	right
RXN-9803	CPD-10512	left
RXN-9803	NADP	left
RXN-9803	WATER	left
RXN-9803	PROTON	right
RXN-9803	CPD-10511	right
RXN-9803	NADPH	right
RXN-12726	ACETYLSERINE	left
RXN-12726	CPD-678	left
RXN-12726	L-SELENOCYSTEINE	right
RXN-12726	ACET	right
RXN-12726	PROTON	right
RXN-8962	CPD-9006	left
RXN-8962	OXYGEN-MOLECULE	left
RXN-8962	Red-NADPH-Hemoprotein-Reductases	left
RXN-8962	CPD-9411	right
RXN-8962	WATER	right
RXN-8962	Ox-NADPH-Hemoprotein-Reductases	right
GLUTRNAREDUCT-RXN	GLUTAMATE-1-SEMIALDEHYDE	left
GLUTRNAREDUCT-RXN	NADP	left
GLUTRNAREDUCT-RXN	GLT-tRNAs	left
GLUTRNAREDUCT-RXN	Charged-GLT-tRNAs	right
GLUTRNAREDUCT-RXN	NADPH	right
GLUTRNAREDUCT-RXN	PROTON	right
RXN-8416	FARNESYL-PP	left
RXN-8416	CPD-8234	right
RXN-8416	PPI	right
RXN-9574	S-ADENOSYLMETHIONINE	left
RXN-9574	CPD-10211	left
RXN-9574	PROTON	right
RXN-9574	CPD-10214	right
RXN-9574	ADENOSYL-HOMO-CYS	right
RXN66-1	ETOH	left
RXN66-1	HYDROGEN-PEROXIDE	left
RXN66-1	WATER	right
RXN66-1	ACETALD	right
RXN-4422	CPD-3441	left
RXN-4422	CPD-4284	right
LONG-CHAIN-ENOYL-COA-HYDRATASE-RXN	Long-Chain-3S-Hydroxyacyl-CoAs	left
LONG-CHAIN-ENOYL-COA-HYDRATASE-RXN	Long-Chain-Trans-23-Dehydroacyl-CoA	right
LONG-CHAIN-ENOYL-COA-HYDRATASE-RXN	WATER	right
ANTHRANILATE-N-METHYLTRANSFERASE-RXN	S-ADENOSYLMETHIONINE	left
ANTHRANILATE-N-METHYLTRANSFERASE-RXN	ANTHRANILATE	left
ANTHRANILATE-N-METHYLTRANSFERASE-RXN	PROTON	right
ANTHRANILATE-N-METHYLTRANSFERASE-RXN	ADENOSYL-HOMO-CYS	right
ANTHRANILATE-N-METHYLTRANSFERASE-RXN	CPD-402	right
RXN-13309	CPD1G-277	left
RXN-13309	NADP	left
RXN-13309	CPD-14283	right
RXN-13309	NADPH	right
RXN-13309	PROTON	right
RXN-8056	CPD-7559	left
RXN-8056	OXYGEN-MOLECULE	left
RXN-8056	CPD-7560	right
RXN-12089	SPERMIDINE	left
RXN-12089	OXYGEN-MOLECULE	left
RXN-12089	WATER	left
RXN-12089	PUTRESCINE	right
RXN-12089	CPD-6082	right
RXN-12089	HYDROGEN-PEROXIDE	right
4.2.3.20-RXN	GERANYL-PP	left
4.2.3.20-RXN	CPD-8785	right
4.2.3.20-RXN	PPI	right
RXN-8086	UDP-GLUCURONATE	left
RXN-8086	CPD-7610	left
RXN-8086	PROTON	right
RXN-8086	UDP	right
RXN-8086	CPD-7612	right
RXN-11286	CPD-461	left
RXN-11286	CPD-12226	right
RXN-11286	PPI	right
RXN18C3-26	SUCROSE	left
RXN18C3-26	CPD-26629	left
RXN18C3-26	CPD-19019	right
RXN18C3-26	CO-A	right
RXN-10688	HEXANOYL-COA	left
RXN-10688	MALONYL-COA	left
RXN-10688	WATER	left
RXN-10688	CPD-11507	right
RXN-10688	CO-A	right
RXN-10688	CARBON-DIOXIDE	right
RXN-10688	OH	right
RXN0-2161	tRNA-Sec	left
RXN0-2161	SER	left
RXN0-2161	ATP	left
RXN0-2161	L-seryl-SEC-tRNAs	right
RXN0-2161	PPI	right
RXN0-2161	AMP	right
RXN-8219	S-ADENOSYLMETHIONINE	left
RXN-8219	17-O-ACETYLNORAJMALINE	left
RXN-8219	CPD-8898	right
RXN-8219	ADENOSYL-HOMO-CYS	right
RXN-8219	PROTON	right
RXN-8169	CPD1F-766	left
RXN-8169	CPD-12575	left
RXN-8169	CPD-7138	right
RXN-8169	UDP	right
RXN-11208	CPD-5741	left
RXN-11208	CPD-12167	right
RXN-7810	CPD-7109	left
RXN-7810	CPD-4211	left
RXN-7810	CPD-7105	right
RXN-7810	PPI	right
RXN-8238	S-ADENOSYLMETHIONINE	left
RXN-8238	CPD-7971	left
RXN-8238	CPD-7972	right
RXN-8238	ADENOSYL-HOMO-CYS	right
SUGAR-PHOSPHATASE-RXN	Sugar-Phosphate	left
SUGAR-PHOSPHATASE-RXN	WATER	left
SUGAR-PHOSPHATASE-RXN	Sugar	right
SUGAR-PHOSPHATASE-RXN	Pi	right
RXN-3624	S-ADENOSYLMETHIONINE	left
RXN-3624	2-HYDROXYISOFLAVANONE	left
RXN-3624	PROTON	right
RXN-3624	CPD-3502	right
RXN-3624	ADENOSYL-HOMO-CYS	right
RXNQT-4393	CPD-12815	left
RXNQT-4393	GLYCEROL-3P	left
RXNQT-4393	CMP	right
RXNQT-4393	CPD-12821	right
RXNQT-4393	PROTON	right
RXN-18971	CPD-20428	left
RXN-18971	OXYGEN-MOLECULE	left
RXN-18971	Donor-H2	left
RXN-18971	CPD-20429	right
RXN-18971	WATER	right
RXN-18971	Acceptor	right
RXN18C3-235	CHOLESTEROL	left
RXN18C3-235	Red-NADPH-Hemoprotein-Reductases	left
RXN18C3-235	OXYGEN-MOLECULE	left
RXN18C3-235	CPD-14702	right
RXN18C3-235	Ox-NADPH-Hemoprotein-Reductases	right
RXN18C3-235	WATER	right
RXN-14655	CPD-15474	left
RXN-14655	2-KETOGLUTARATE	left
RXN-14655	OXYGEN-MOLECULE	left
RXN-14655	CPD-15468	right
RXN-14655	FORMALDEHYDE	right
RXN-14655	SUC	right
RXN-14655	CARBON-DIOXIDE	right
RXN-12182	POLY-HYDROXYLATED-TETRAKETIDE-PYRONE	left
RXN-12182	NADP	left
RXN-12182	HYDROXYLATED-TETRAKETIDE-PYRONE	right
RXN-12182	NADPH	right
RXN-12182	PROTON	right
RXN-14143	DUMP	left
RXN-14143	WATER	left
RXN-14143	DEOXYURIDINE	right
RXN-14143	Pi	right
RXNQT-4372	S-ADENOSYLMETHIONINE	left
RXNQT-4372	2-METHYL-6-SOLANYL-14-BENZOQUINONE	left
RXNQT-4372	ADENOSYL-HOMO-CYS	right
RXNQT-4372	CPDQT-459	right
RXN-12142	CPD-13090	left
RXN-12142	WATER	left
RXN-12142	CPD-13092	right
RXN-9120	CPD-9633	left
RXN-9120	CPD-9621	right
RXN-12300	CIS-3-HEXENAL	left
RXN-12300	NADPH	left
RXN-12300	PROTON	left
RXN-12300	CIS-3-HEXENOL	right
RXN-12300	NADP	right
RXN-6542	CPD-6221	left
RXN-6542	2-KETOGLUTARATE	left
RXN-6542	OXYGEN-MOLECULE	left
RXN-6542	CPD-6222	right
RXN-6542	SUC	right
RXN-6542	CARBON-DIOXIDE	right
RXN-8250	PROTON	left
RXN-8250	COUMARIN	left
RXN-8250	NADPH	left
RXN-8250	DIHYDROCOUMARIN	right
RXN-8250	NADP	right
SUCROSE-PHOSPHATASE-RXN	WATER	left
SUCROSE-PHOSPHATASE-RXN	SUCROSE-6P	left
SUCROSE-PHOSPHATASE-RXN	SUCROSE	right
SUCROSE-PHOSPHATASE-RXN	Pi	right
1.14.13.77-RXN	TAXA-42011-DIEN-5A-OL	left
1.14.13.77-RXN	OXYGEN-MOLECULE	left
1.14.13.77-RXN	Red-NADPH-Hemoprotein-Reductases	left
1.14.13.77-RXN	TAXA-42011-DIEN-5A13A-DIOL	right
1.14.13.77-RXN	WATER	right
1.14.13.77-RXN	Ox-NADPH-Hemoprotein-Reductases	right
SUCROSE-SYNTHASE-RXN	CPD-12575	left
SUCROSE-SYNTHASE-RXN	BETA-D-FRUCTOSE	left
SUCROSE-SYNTHASE-RXN	SUCROSE	right
SUCROSE-SYNTHASE-RXN	UDP	right
SUCROSE-SYNTHASE-RXN	PROTON	right
RXN-3763	CPD-9539	left
RXN-3763	Red-NADPH-Hemoprotein-Reductases	left
RXN-3763	OXYGEN-MOLECULE	left
RXN-3763	CPD-3628	right
RXN-3763	Ox-NADPH-Hemoprotein-Reductases	right
RXN-3763	WATER	right
RXN-5682	CPD-659	left
RXN-5682	NADP	left
RXN-5682	TYR	right
RXN-5682	NADPH	right
RXN-5682	CARBON-DIOXIDE	right
RXN0-3741	Deoxy-Ribonucleoside-Monophosphates	left
RXN0-3741	WATER	left
RXN0-3741	Deoxy-Ribonucleosides	right
RXN0-3741	Pi	right
--LIMONENE-3-MONOOXYGENASE-RXN	CPD-4886	left
--LIMONENE-3-MONOOXYGENASE-RXN	Red-NADPH-Hemoprotein-Reductases	left
--LIMONENE-3-MONOOXYGENASE-RXN	OXYGEN-MOLECULE	left
--LIMONENE-3-MONOOXYGENASE-RXN	CPD-263	right
--LIMONENE-3-MONOOXYGENASE-RXN	Ox-NADPH-Hemoprotein-Reductases	right
--LIMONENE-3-MONOOXYGENASE-RXN	WATER	right
DEOXYGUANOSINE-KINASE-RXN	DEOXYGUANOSINE	left
DEOXYGUANOSINE-KINASE-RXN	ATP	left
DEOXYGUANOSINE-KINASE-RXN	PROTON	right
DEOXYGUANOSINE-KINASE-RXN	DGMP	right
DEOXYGUANOSINE-KINASE-RXN	ADP	right
2.1.1.119-RXN	S-ADENOSYLMETHIONINE	left
2.1.1.119-RXN	10-HYDROXYDIHYDROSANGUINARINE	left
2.1.1.119-RXN	PROTON	right
2.1.1.119-RXN	ADENOSYL-HOMO-CYS	right
2.1.1.119-RXN	DIHYDROCHELIRUBINE	right
PEPDEPHOS-RXN	ATP	left
PEPDEPHOS-RXN	PYRUVATE	left
PEPDEPHOS-RXN	PROTON	right
PEPDEPHOS-RXN	PHOSPHO-ENOL-PYRUVATE	right
PEPDEPHOS-RXN	ADP	right
RXNQT-4158	CPD-21340	left
RXNQT-4158	4-hydroxybenzoate	left
RXNQT-4158	CPDQT-18	right
RXNQT-4158	PPI	right
RXN-9241	CPD-9866	left
RXN-9241	OXYGEN-MOLECULE	left
RXN-9241	NADPH	left
RXN-9241	PROTON	left
RXN-9241	CPD-9870	right
RXN-9241	WATER	right
RXN-9241	NADP	right
RXN-21157	P-COUMAROYL-COA	left
RXN-21157	CPD-12208	left
RXN-21157	PROTON	left
RXN-21157	CPD-12188	right
RXN-21157	CO-A	right
RXN-21157	CARBON-DIOXIDE	right
2PGADEHYDRAT-RXN	2-PG	left
2PGADEHYDRAT-RXN	PHOSPHO-ENOL-PYRUVATE	right
2PGADEHYDRAT-RXN	WATER	right
RXN-8030	CPD-7414	left
RXN-8030	OXYGEN-MOLECULE	left
RXN-8030	Donor-H2	left
RXN-8030	CPD-7415	right
RXN-8030	WATER	right
RXN-8030	Acceptor	right
ACETYLSEROTONIN-O-METHYLTRANSFERASE-RXN	S-ADENOSYLMETHIONINE	left
ACETYLSEROTONIN-O-METHYLTRANSFERASE-RXN	N-ACETYL-SEROTONIN	left
ACETYLSEROTONIN-O-METHYLTRANSFERASE-RXN	PROTON	right
ACETYLSEROTONIN-O-METHYLTRANSFERASE-RXN	ADENOSYL-HOMO-CYS	right
ACETYLSEROTONIN-O-METHYLTRANSFERASE-RXN	N-ACETYL-5-METHOXY-TRYPTAMINE	right
RXN-9061	CPD-9534	left
RXN-9061	Acceptor	left
RXN-9061	PROTON	left
RXN-9061	CPD-5741	right
RXN-9061	Donor-H2	right
RXN-19743	CPD-21376	left
RXN-19743	CAFFEOYL-COA	right
RXN-19743	WATER	right
S-FORMYLGLUTATHIONE-HYDROLASE-RXN	CPD-548	left
S-FORMYLGLUTATHIONE-HYDROLASE-RXN	WATER	left
S-FORMYLGLUTATHIONE-HYDROLASE-RXN	PROTON	right
S-FORMYLGLUTATHIONE-HYDROLASE-RXN	FORMATE	right
S-FORMYLGLUTATHIONE-HYDROLASE-RXN	GLUTATHIONE	right
RXN-16191	CPD-17438	left
RXN-16191	CPD-9317	right
RXN-16191	FORMATE	right
RXN-10869	PAPS	left
RXN-10869	CPDQT-326	left
RXN-10869	3-5-ADP	right
RXN-10869	CPD-11826	right
RXN-10869	PROTON	right
2.4.1.195-RXN	CPD-12575	left
2.4.1.195-RXN	PHENYLACETOTHIOHYDROXIMATE	left
2.4.1.195-RXN	BENZYL-DESULFOGLUCOSINOLATE	right
2.4.1.195-RXN	UDP	right
O-SUCCHOMOSERLYASE-RXN	O-SUCCINYL-L-HOMOSERINE	left
O-SUCCHOMOSERLYASE-RXN	CYS	left
O-SUCCHOMOSERLYASE-RXN	L-CYSTATHIONINE	right
O-SUCCHOMOSERLYASE-RXN	SUC	right
O-SUCCHOMOSERLYASE-RXN	PROTON	right
RXN-16389	16-HYDROXYPALMITATE	left
RXN-16389	CO-A	left
RXN-16389	ATP	left
RXN-16389	CPD-17621	right
RXN-16389	PPI	right
RXN-16389	AMP	right
RXN-14751	CPD-15631	left
RXN-14751	OXYGEN-MOLECULE	left
RXN-14751	Red-NADPH-Hemoprotein-Reductases	left
RXN-14751	CPD-15632	right
RXN-14751	WATER	right
RXN-14751	Ox-NADPH-Hemoprotein-Reductases	right
RXN-11261	S-ADENOSYLMETHIONINE	left
RXN-11261	CPD-12213	left
RXN-11261	PROTON	right
RXN-11261	CPD-12214	right
RXN-11261	ADENOSYL-HOMO-CYS	right
RXN-1804	1-KESTOTRIOSE	left
RXN-1804	SUCROSE	left
RXN-1804	BIFURCOSE	right
RXN-1804	Glucopyranose	right
RXN-3523	CPD-318	left
RXN-3523	ASCORBATE	right
RXN-3523	L-DEHYDRO-ASCORBATE	right
RXN-3523	PROTON	right
RXN-16201	CPD-17447	left
RXN-16201	WATER	left
RXN-16201	S-METHYL-L-CYSTEINE	right
RXN-16201	GLT	right
RXN0-7188	MET	left
RXN0-7188	HYDROGEN-PEROXIDE	left
RXN0-7188	CPD-8990	right
RXN0-7188	WATER	right
RXN-9552	R-3-hydroxypetroselinoyl-ACPs	left
RXN-9552	NADP	left
RXN-9552	3-oxo-petroselinoyl-ACPs	right
RXN-9552	NADPH	right
RXN-9552	PROTON	right
RXNQT-4386	CTP	left
RXNQT-4386	CPD0-1422	left
RXNQT-4386	PROTON	left
RXNQT-4386	CPD-12815	right
RXNQT-4386	PPI	right
RXN-9824	CPD-10544	left
RXN-9824	CPD-10537	left
RXN-9824	PROTON	right
RXN-9824	CPD-10540	right
RXN-9824	UDP	right
RXN-8619	PROTON	left
RXN-8619	CPD-8843	left
RXN-8619	NADPH	left
RXN-8619	OXYGEN-MOLECULE	left
RXN-8619	CPD-8844	right
RXN-8619	CPD-8847	right
RXN-8619	NADP	right
RXN-8619	WATER	right
RXNQT-4334	CPDQT-281	left
RXNQT-4334	OXYGEN-MOLECULE	left
RXNQT-4334	NADPH	left
RXNQT-4334	PROTON	left
RXNQT-4334	CPDQT-280	right
RXNQT-4334	WATER	right
RXNQT-4334	NADP	right
RXN-13057	PROTON	left
RXN-13057	NIACINE	left
RXN-13057	NADPH	left
RXN-13057	CPD-14074	right
RXN-13057	NADP	right
PEPCARBOXYKIN-RXN	OXALACETIC_ACID	left
PEPCARBOXYKIN-RXN	ATP	left
PEPCARBOXYKIN-RXN	CARBON-DIOXIDE	right
PEPCARBOXYKIN-RXN	PHOSPHO-ENOL-PYRUVATE	right
PEPCARBOXYKIN-RXN	ADP	right
CHORISMATEMUT-RXN	CHORISMATE	left
CHORISMATEMUT-RXN	PREPHENATE	right
RXN-13812	CPD-14833	left
RXN-13812	NAD	left
RXN-13812	CPD-14834	right
RXN-13812	NADH	right
RXN-13812	PROTON	right
CARBAMATE-KINASE-RXN	AMMONIUM	left
CARBAMATE-KINASE-RXN	HCO3	left
CARBAMATE-KINASE-RXN	ATP	left
CARBAMATE-KINASE-RXN	CARBAMOYL-P	right
CARBAMATE-KINASE-RXN	ADP	right
CARBAMATE-KINASE-RXN	WATER	right
CARBAMATE-KINASE-RXN	PROTON	right
RXN-1826	Long-linear-glucans	left
RXN-1826	Pi	left
RXN-1826	Long-linear-glucans	right
RXN-1826	GLC-1-P	right
RXN-4736	CPD-12575	left
RXN-4736	CPD-4614	left
RXN-4736	PROTON	right
RXN-4736	CPD-4622	right
RXN-4736	UDP	right
RXN-16417	18-OXOOLEATE	left
RXN-16417	NADP	left
RXN-16417	WATER	left
RXN-16417	OCTADEC-9-ENE-118-DIOIC-ACID	right
RXN-16417	NADPH	right
RXN-16417	PROTON	right
RXN-24075	Ubiquinones	left
RXN-24075	E-	left
RXN-24075	PROTON	left
RXN-24075	Ubiquinols	right
RXN-24075	PROTON	right
3.1.4.14-RXN	All-holo-ACPs	left
3.1.4.14-RXN	WATER	left
3.1.4.14-RXN	PANTETHEINE-P	right
3.1.4.14-RXN	All-apo-ACPs	right
3.1.4.14-RXN	PROTON	right
RXN-23292	MEVALONATE	left
RXN-23292	PROTON	left
RXN-23292	CPD-25877	right
RXN-23292	WATER	right
RXN-14030	CPD-21263	left
RXN-14030	OXYGEN-MOLECULE	left
RXN-14030	Red-NADPH-Hemoprotein-Reductases	left
RXN-14030	CPD-15042	right
RXN-14030	WATER	right
RXN-14030	Ox-NADPH-Hemoprotein-Reductases	right
3.2.1.68-RXN	Alpha-6-branched-alpha-14-glucans	left
3.2.1.68-RXN	WATER	left
3.2.1.68-RXN	1-4-alpha-D-Glucan	right
RXN-8531	PROTON	left
RXN-8531	CPD-8721	left
RXN-8531	NADPH	left
RXN-8531	OXYGEN-MOLECULE	left
RXN-8531	CPD-8722	right
RXN-8531	NADP	right
RXN-8531	WATER	right
RXN-13295	CPD-9965	left
RXN-13295	MALONYL-COA	left
RXN-13295	PROTON	left
RXN-13295	CPD-10283	right
RXN-13295	CARBON-DIOXIDE	right
RXN-13295	CO-A	right
RXN-18442	CPD-4211	left
RXN-18442	CPD-19784	left
RXN-18442	PPI	right
RXN-18442	CPD-19785	right
RXN-18442	PROTON	right
RXN490-3616	ASN-tRNAs	left
RXN490-3616	L-ASPARTATE	left
RXN490-3616	ATP	left
RXN490-3616	L-aspartyl-tRNAAsn	right
RXN490-3616	PPI	right
RXN490-3616	AMP	right
TRANS-RXN4LZ-6860	NITRATE	left
TRANS-RXN4LZ-6860	NITRATE	right
RXNQT-4140	l-delta1-pyrroline_5-carboxylate	left
RXNQT-4140	NAD-P-OR-NOP	left
RXNQT-4140	WATER	left
RXNQT-4140	GLT	right
RXNQT-4140	NADH-P-OR-NOP	right
RXNQT-4140	PROTON	right
RXN-7807	CPD-7105	left
RXN-7807	OXYGEN-MOLECULE	left
RXN-7807	Donor-H2	left
RXN-7807	CPD-7106	right
RXN-7807	WATER	right
RXN-7807	Acceptor	right
RXN-19701	CPD-12575	left
RXN-19701	CPD-9459	left
RXN-19701	CPD-21330	right
RXN-19701	UDP	right
RXN-19701	PROTON	right
RXN-8617	FARNESYL-PP	left
RXN-8617	WATER	left
RXN-8617	2-TRANS6-TRANS-FARNESOL	right
RXN-8617	PPI	right
RXN-7683	PHYTOL	left
RXN-7683	CTP	left
RXN-7683	PROTON	right
RXN-7683	CPD-7025	right
RXN-7683	CDP	right
RXN-10748	CPD-11555	left
RXN-10748	CPD-11587	right
RXN-9127	MALONYL-COA	left
RXN-9127	CPD-9638	right
ACYL-COA-HYDROLASE-RXN	ACYL-COA	left
ACYL-COA-HYDROLASE-RXN	WATER	left
ACYL-COA-HYDROLASE-RXN	CO-A	right
ACYL-COA-HYDROLASE-RXN	Carboxylates	right
ACYL-COA-HYDROLASE-RXN	PROTON	right
RXN-8720	CPD-8949	left
RXN-8720	OXYGEN-MOLECULE	left
RXN-8720	CPD-8950	right
RXN-8720	WATER	right
RXN-4762	ONONIN	left
RXN-4762	MALONYL-COA	left
RXN-4762	CPD-4562	right
RXN-4762	CO-A	right
RXN-8023	CPD-12321	left
RXN-8023	Acceptor	left
RXN-8023	CPD-7408	right
RXN-8023	Donor-H2	right
RXN-714	CPD-711	left
RXN-714	Acceptor	left
RXN-714	CPD-713	right
RXN-714	Donor-H2	right
RXN-9820	INDOXYL	left
RXN-9820	OXYGEN-MOLECULE	left
RXN-9820	CPD-10525	right
RXN-9820	WATER	right
RXN-11670	CPD0-1449	left
RXN-11670	LINOLEIC_ACID	left
RXN-11670	Vernolates	right
RXN-11670	CPD-12643	right
RXN-1405	TRYPTAMINE	left
RXN-1405	OXYGEN-MOLECULE	left
RXN-1405	NADPH	left
RXN-1405	N-HYDROXYL-TRYPTAMINE	right
RXN-1405	WATER	right
RXN-1405	NADP	right
RXN-6883	Ubiquinols	left
RXN-6883	OXYGEN-MOLECULE	left
RXN-6883	Ubiquinones	right
RXN-6883	WATER	right
RXN-19358	UDP-GLUCURONATE	left
RXN-19358	BILIRUBIN	left
RXN-19358	CPD-20932	right
RXN-19358	UDP	right
RXN-14179	SCOPOLIN	left
RXN-14179	WATER	left
RXN-14179	SCOPOLETIN	right
RXN-14179	Glucopyranose	right
RXN-18724	CPD-12575	left
RXN-18724	PHLORETIN	left
RXN-18724	CPD-20010	right
RXN-18724	UDP	right
RXN-18724	PROTON	right
RXN-35	PROTON	left
RXN-35	L-CANALINE	left
RXN-35	NADPH	left
RXN-35	HOMO-SER	right
RXN-35	AMMONIUM	right
RXN-35	NADP	right
RXN-11502	CPD-1099	left
RXN-11502	WATER	left
RXN-11502	ALPHA-D-GALACTOSE	right
RXN-11502	SUCROSE	right
1.5.1.9-RXN	WATER	left
1.5.1.9-RXN	NAD	left
1.5.1.9-RXN	SACCHAROPINE	left
1.5.1.9-RXN	GLT	right
1.5.1.9-RXN	ALLYSINE	right
1.5.1.9-RXN	NADH	right
1.5.1.9-RXN	PROTON	right
RXN-20745	CPD-22362	left
RXN-20745	NAD-P-OR-NOP	left
RXN-20745	CPD-9978	right
RXN-20745	NADH-P-OR-NOP	right
RXN-20745	PROTON	right
RXN-15371	CPD-402	left
RXN-15371	CPD-12575	left
RXN-15371	CPD-16600	right
RXN-15371	UDP	right
RXN66-338	CPD-14702	left
RXN66-338	OXYGEN-MOLECULE	left
RXN66-338	Reduced-adrenal-ferredoxins	left
RXN66-338	PROTON	left
RXN66-338	20A-20B-DIHYDROXY-CHOLESTEROL	right
RXN66-338	WATER	right
RXN66-338	Oxidized-adrenal-ferredoxins	right
RXN-23336	12-OXO-TRANS-10-DODECENOATE	left
RXN-23336	OXYGEN-MOLECULE	left
RXN-23336	CPD-25932	right
RXN-23336	PROTON	right
RXN-4224	CPD-4143	left
RXN-4224	NADP	left
RXN-4224	CPD-4142	right
RXN-4224	NADPH	right
RXN-4224	PROTON	right
RXN-5004	LUTEOLIN-7-O-BETA-D-GLUCOSIDE	left
RXN-5004	UDP-L-RHAMNOSE	left
RXN-5004	PROTON	right
RXN-5004	UDP	right
RXN-5004	LUTEOLIN-7-O-NEOHESPERIDOSIDE	right
RXN0-5261	PYRUVATE	left
RXN0-5261	PROTON	left
RXN0-5261	E-	left
RXN0-5261	D-LACTATE	right
RXN-13882	CPD-14892	left
RXN-13882	PROTON	left
RXN-13882	NADPH	left
RXN-13882	CPD-14893	right
RXN-13882	NADP	right
RXN-11438	CPD-12391	left
RXN-11438	WATER	left
RXN-11438	3-METHYLTHIOPROPYLHYDROXAMIC-ACID	right
RXN-11438	CPD-12607	right
RXN-20436	CPD-22130	left
RXN-20436	CPD-4182	right
RXN-18880	CPD-16534	left
RXN-18880	Red-NADPH-Hemoprotein-Reductases	left
RXN-18880	OXYGEN-MOLECULE	left
RXN-18880	CPD-20241	right
RXN-18880	Ox-NADPH-Hemoprotein-Reductases	right
RXN-18880	WATER	right
RXN-13905	UDP-L-RHAMNOSE	left
RXN-13905	CPD-14910	left
RXN-13905	CPD-14912	right
RXN-13905	UDP	right
RXN-13820	CPD-12575	left
RXN-13820	CPD-14839	left
RXN-13820	CPD-14840	right
RXN-13820	UDP	right
RXN-13820	PROTON	right
CARDIOLIPSYN-RXN	L-1-PHOSPHATIDYL-GLYCEROL	left
CARDIOLIPSYN-RXN	CARDIOLIPIN	right
CARDIOLIPSYN-RXN	GLYCEROL	right
2.1.1.89-RXN	S-ADENOSYLMETHIONINE	left
2.1.1.89-RXN	S-TETRAHYDROCOLUMBAMINE	left
2.1.1.89-RXN	PROTON	right
2.1.1.89-RXN	ADENOSYL-HOMO-CYS	right
2.1.1.89-RXN	TETRAHYDROPALMATINE	right
RXN-7443	CPD-313	left
RXN-7443	Acceptor	left
RXN-7443	PYRAZOLIDINE	right
RXN-7443	Donor-H2	right
RXN-7443	PROTON	right
RXN-8002	CPD-464	left
RXN-8002	PHYTOENE	right
RXN-8002	PPI	right
RXN-15641	CPD-16870	left
RXN-15641	NADPH	left
RXN-15641	PROTON	left
RXN-15641	R-CANADINE	right
RXN-15641	NADP	right
RXN-9924	CPD-6948	left
RXN-9924	CPD-10678	right
RXN-11271	BENZOATE	left
RXN-11271	Red-NADPH-Hemoprotein-Reductases	left
RXN-11271	OXYGEN-MOLECULE	left
RXN-11271	CPD-110	right
RXN-11271	Ox-NADPH-Hemoprotein-Reductases	right
RXN-11271	WATER	right
RXN-6543	CPD1F-84	left
RXN-6543	2-KETOGLUTARATE	left
RXN-6543	OXYGEN-MOLECULE	left
RXN-6543	CPD-6223	right
RXN-6543	SUC	right
RXN-6543	CARBON-DIOXIDE	right
RXN18C3-30	CPD-19018	left
RXN18C3-30	ISOVALERYL-COA	left
RXN18C3-30	CPD-21955	right
RXN18C3-30	CO-A	right
PLASTOQUINOL--PLASTOCYANIN-REDUCTASE-RXN	Plastoquinols	left
PLASTOQUINOL--PLASTOCYANIN-REDUCTASE-RXN	Oxidized-Plastocyanins	left
PLASTOQUINOL--PLASTOCYANIN-REDUCTASE-RXN	PROTON	left
PLASTOQUINOL--PLASTOCYANIN-REDUCTASE-RXN	PLASTOQUINONE	right
PLASTOQUINOL--PLASTOCYANIN-REDUCTASE-RXN	PROTON	right
PLASTOQUINOL--PLASTOCYANIN-REDUCTASE-RXN	Plastocyanin-Reduced	right
RXN-16762	CAFFEOYL-COA	left
RXN-16762	2-KETOGLUTARATE	left
RXN-16762	OXYGEN-MOLECULE	left
RXN-16762	CPD-18078	right
RXN-16762	SUC	right
RXN-16762	CARBON-DIOXIDE	right
2.1.1.142-RXN	S-ADENOSYLMETHIONINE	left
2.1.1.142-RXN	CYCLOARTENOL	left
2.1.1.142-RXN	ADENOSYL-HOMO-CYS	right
2.1.1.142-RXN	CPD-22096	right
2.1.1.142-RXN	PROTON	right
RXN-18945	CPD-16719	left
RXN-18945	Red-NADPH-Hemoprotein-Reductases	left
RXN-18945	OXYGEN-MOLECULE	left
RXN-18945	CPD-20413	right
RXN-18945	Ox-NADPH-Hemoprotein-Reductases	right
RXN-18945	WATER	right
RXN-13197	INOSITOL-1-4-5-TRISPHOSPHATE	left
RXN-13197	ATP	left
RXN-13197	CPD-1107	right
RXN-13197	ADP	right
RXN-13197	PROTON	right
RXN-11680	Linoleoyl-groups	left
RXN-11680	OXYGEN-MOLECULE	left
RXN-11680	FERROCYTOCHROME-B5	left
RXN-11680	PROTON	left
RXN-11680	Gamma-linolenoyl-groups	right
RXN-11680	FERRICYTOCHROME-B5	right
RXN-11680	WATER	right
RXN-5467	CPD-5165	left
RXN-5467	CPD-171	left
RXN-5467	CPD-5166	right
RXN-5467	DOLICHOLP	right
RXN-5467	PROTON	right
3-CYANOALANINE-HYDRATASE-RXN	ASN	left
3-CYANOALANINE-HYDRATASE-RXN	PROTON	right
3-CYANOALANINE-HYDRATASE-RXN	WATER	right
3-CYANOALANINE-HYDRATASE-RXN	CPD-603	right
RXN-12968	CPD-14404	left
RXN-12968	NADH-P-OR-NOP	left
RXN-12968	PROTON	left
RXN-12968	CPD-14405	right
RXN-12968	NAD-P-OR-NOP	right
RXN-13799	CPD-12575	left
RXN-13799	CPD-14821	left
RXN-13799	CPD-14822	right
RXN-13799	UDP	right
RXN-13799	PROTON	right
RXN-8134	Glucosinolates	left
RXN-8134	WATER	left
RXN-8134	THIOHYDROXIMATE-O-SULFATES	right
RXN-8134	Glucopyranose	right
RXN-12828	CPD-4721	left
RXN-12828	OXYGEN-MOLECULE	left
RXN-12828	Donor-H2	left
RXN-12828	CPD-4741	right
RXN-12828	WATER	right
RXN-12828	Acceptor	right
RXN-8172	PROTON	left
RXN-8172	DELTA1-PIPERIDEINE-2-CARBOXYLATE	left
RXN-8172	WATER	left
RXN-8172	2-KETO-6-AMINO-CAPROATE	right
RXN-12720	SELENATE	left
RXN-12720	ATP	left
RXN-12720	PROTON	left
RXN-12720	CPD-13713	right
RXN-12720	PPI	right
RXN-15465	CPD-16613	left
RXN-15465	NAD-P-OR-NOP	left
RXN-15465	CPD-16614	right
RXN-15465	NADH-P-OR-NOP	right
RXN-15465	PROTON	right
ACETATE--COA-LIGASE-ADP-FORMING-RXN	CO-A	left
ACETATE--COA-LIGASE-ADP-FORMING-RXN	ACET	left
ACETATE--COA-LIGASE-ADP-FORMING-RXN	ATP	left
ACETATE--COA-LIGASE-ADP-FORMING-RXN	Pi	right
ACETATE--COA-LIGASE-ADP-FORMING-RXN	ACETYL-COA	right
ACETATE--COA-LIGASE-ADP-FORMING-RXN	ADP	right
RXN-19334	CPD-20904	left
RXN-19334	Reduced-Flavoproteins	left
RXN-19334	CPD-20905	right
RXN-19334	Oxidized-Flavoproteins	right
RXN-19334	PROTON	right
RXN-9635	Stearoyl-ACPs	left
RXN-9635	NAD	left
RXN-9635	Octadec-2-enoyl-ACPs	right
RXN-9635	NADH	right
RXN-9635	PROTON	right
RXN-22829	CPD-715	left
RXN-22829	OXYGEN-MOLECULE	left
RXN-22829	Red-NADPH-Hemoprotein-Reductases	left
RXN-22829	CPD-716	right
RXN-22829	WATER	right
RXN-22829	Ox-NADPH-Hemoprotein-Reductases	right
RXN-19692	CPD-10307	left
RXN-19692	OXYGEN-MOLECULE	left
RXN-19692	Red-NADPH-Hemoprotein-Reductases	left
RXN-19692	CPD-21324	right
RXN-19692	Ox-NADPH-Hemoprotein-Reductases	right
RXN-19692	WATER	right
RXN-19692	CPD-8844	right
RXN-12276	6-Phosphogluco-Amylopectins	left
RXN-12276	WATER	left
RXN-12276	CPD-13198	right
RXN-12276	Pi	right
RXN-14275	CPD-14916	left
RXN-14275	NAD	left
RXN-14275	CPD0-2106	right
RXN-14275	NADH	right
RXN-14275	PROTON	right
RXN-11486	GERANYLGERANYL-PP	left
RXN-11486	DELTA3-ISOPENTENYL-PP	left
RXN-11486	CPD-21340	right
RXN-11486	PPI	right
RXN1ZN3-10	CPD1ZN3-1	left
RXN1ZN3-10	ATP	left
RXN1ZN3-10	DETHIOBIOTIN	right
RXN1ZN3-10	Pi	right
RXN1ZN3-10	ADP	right
RXN1ZN3-10	PROTON	right
SULFATE-ADENYLYLTRANSFERASE-ADP-RXN	SULFATE	left
SULFATE-ADENYLYLTRANSFERASE-ADP-RXN	PROTON	left
SULFATE-ADENYLYLTRANSFERASE-ADP-RXN	ADP	left
SULFATE-ADENYLYLTRANSFERASE-ADP-RXN	APS	right
SULFATE-ADENYLYLTRANSFERASE-ADP-RXN	Pi	right
RXN-5121	GERANYL-PP	left
RXN-5121	CPD-4902	right
RXN-5121	PPI	right
N-CARBAMOYLPUTRESCINE-AMIDASE-RXN	PROTON	left
N-CARBAMOYLPUTRESCINE-AMIDASE-RXN	CPD-597	left
N-CARBAMOYLPUTRESCINE-AMIDASE-RXN	WATER	left
N-CARBAMOYLPUTRESCINE-AMIDASE-RXN	PUTRESCINE	right
N-CARBAMOYLPUTRESCINE-AMIDASE-RXN	CARBON-DIOXIDE	right
N-CARBAMOYLPUTRESCINE-AMIDASE-RXN	AMMONIUM	right
RXN-10862	ADP	left
RXN-10862	WATER	left
RXN-10862	PROTON	right
RXN-10862	AMP	right
RXN-10862	Pi	right
RXN-13917	S-ADENOSYLMETHIONINE	left
RXN-13917	SYRINGETIN	left
RXN-13917	CPD-14936	right
RXN-13917	ADENOSYL-HOMO-CYS	right
RXN-15511	Protein-Histidines	left
RXN-15511	23-DIPHOSPHOGLYCERATE	left
RXN-15511	Protein-pi-phospho-L-histidines	right
RXN-15511	G3P	right
HOMOGLUTATHIONE-SYNTHASE-RXN	B-ALANINE	left
HOMOGLUTATHIONE-SYNTHASE-RXN	L-GAMMA-GLUTAMYLCYSTEINE	left
HOMOGLUTATHIONE-SYNTHASE-RXN	ATP	left
HOMOGLUTATHIONE-SYNTHASE-RXN	PROTON	right
HOMOGLUTATHIONE-SYNTHASE-RXN	Pi	right
HOMOGLUTATHIONE-SYNTHASE-RXN	CPD-211	right
HOMOGLUTATHIONE-SYNTHASE-RXN	ADP	right
RXN-12092	S-ADENOSYLMETHIONINE	left
RXN-12092	CPD-13041	left
RXN-12092	PROTON	right
RXN-12092	ADENOSYL-HOMO-CYS	right
RXN-12092	CPD-13042	right
RXNQT-4366	CPD-6442	left
RXNQT-4366	WATER	left
RXNQT-4366	PROTON	right
RXNQT-4366	CPD-110	right
RXNQT-4366	METOH	right
TOCOPHEROL-O-METHYLTRANSFERASE-RXN	S-ADENOSYLMETHIONINE	left
TOCOPHEROL-O-METHYLTRANSFERASE-RXN	GAMA-TOCOPHEROL	left
TOCOPHEROL-O-METHYLTRANSFERASE-RXN	PROTON	right
TOCOPHEROL-O-METHYLTRANSFERASE-RXN	ADENOSYL-HOMO-CYS	right
TOCOPHEROL-O-METHYLTRANSFERASE-RXN	ALPHA-TOCOPHEROL	right
2.8.2.26-RXN	CPD-1822	left
2.8.2.26-RXN	PAPS	left
2.8.2.26-RXN	3-5-ADP	right
2.8.2.26-RXN	PROTON	right
2.8.2.26-RXN	QUERCETIN-33-BISSULFATE	right
RXN-11284	CPD-461	left
RXN-11284	CPD-4892	right
RXN-11284	PPI	right
RXN-19584	CPD-21169	left
RXN-19584	2-AMINOACRYLATE	right
RXN-19584	CPD-21178	right
RXN-2541	PROTON	left
RXN-2541	HOMOGENTISATE	left
RXN-2541	PHYTYL-PYROPHOSPHATE	left
RXN-2541	MPBQ	right
RXN-2541	CARBON-DIOXIDE	right
RXN-2541	PPI	right
RXN-9154	CPD-12575	left
RXN-9154	CPD-9673	left
RXN-9154	PROTON	right
RXN-9154	CPD-9676	right
RXN-9154	UDP	right
RXN-7404	PROTON	left
RXN-7404	ACETYL-COA	left
RXN-7404	MALONYL-COA	left
RXN-7404	CPD-6862	right
RXN-7404	CO-A	right
RXN-7404	CARBON-DIOXIDE	right
PMPOXI-RXN	OXYGEN-MOLECULE	left
PMPOXI-RXN	WATER	left
PMPOXI-RXN	PYRIDOXAMINE-5P	left
PMPOXI-RXN	AMMONIUM	right
PMPOXI-RXN	HYDROGEN-PEROXIDE	right
PMPOXI-RXN	PYRIDOXAL_PHOSPHATE	right
RXN-8447	2-AMINO-3-OXO-4-PHOSPHONOOXYBUTYRATE	left
RXN-8447	PROTON	left
RXN-8447	1-AMINO-PROPAN-2-ONE-3-PHOSPHATE	right
RXN-8447	CARBON-DIOXIDE	right
RXN-8521	CPD-8710	left
RXN-8521	CPD-8711	right
RXN-8521	WATER	right
RXN-14442	CPD-7117	left
RXN-14442	CPD-15006	left
RXN-14442	CPD-15290	right
RXN-14442	VANILLATE	right
RXN-11086	CPD-12036	left
RXN-11086	CPD-12038	right
RXN-91	CPD-12575	left
RXN-91	CONIFERYL-ALDEHYDE	left
RXN-91	PROTON	right
RXN-91	CPD-81	right
RXN-91	UDP	right
RXN-24017	S-ADENOSYLMETHIONINE	left
RXN-24017	CPD-11553	left
RXN-24017	CPD-26561	right
RXN-24017	ADENOSYL-HOMO-CYS	right
RXN-10628	CPD-8233	left
RXN-10628	Red-NADPH-Hemoprotein-Reductases	left
RXN-10628	OXYGEN-MOLECULE	left
RXN-10628	CPD-11422	right
RXN-10628	Ox-NADPH-Hemoprotein-Reductases	right
RXN-10628	WATER	right
RXN-13509	CPD-6948	left
RXN-13509	Red-NADPH-Hemoprotein-Reductases	left
RXN-13509	OXYGEN-MOLECULE	left
RXN-13509	CPD-9459	right
RXN-13509	Ox-NADPH-Hemoprotein-Reductases	right
RXN-13509	WATER	right
RXN-13509	PROTON	right
RXN-16401	CPD-17640	left
RXN-16401	CO-A	left
RXN-16401	ATP	left
RXN-16401	CPD-17641	right
RXN-16401	PPI	right
RXN-16401	AMP	right
RXN-9053	CPD-9530	left
RXN-9053	CPD-9531	right
RXN-9129	CPD-9639	left
RXN-9129	CPD-7411	right
RXN-9129	WATER	right
RXN-19128	CAFFEOYL-COA	left
RXN-19128	MALONYL-COA	left
RXN-19128	PROTON	left
RXN-19128	CPD-6989	right
RXN-19128	CARBON-DIOXIDE	right
RXN-19128	CO-A	right
RXN-20095	CPD-5846	left
RXN-20095	NAD-P-OR-NOP	left
RXN-20095	CPD-21719	right
RXN-20095	CARBON-DIOXIDE	right
RXN-20095	NADH-P-OR-NOP	right
TRANS-RXN-224	MAL	left
TRANS-RXN-224	MAL	right
RXN-14443	CPD1F-766	left
RXN-14443	CPD-15286	left
RXN-14443	CPD-15284	right
RXN-14443	Glucopyranose	right
4.2.3.27-RXN	CPD-4211	left
4.2.3.27-RXN	CPD-9436	right
4.2.3.27-RXN	PPI	right
RXN-7141	CPD-3141	left
RXN-7141	Red-NADPH-Hemoprotein-Reductases	left
RXN-7141	OXYGEN-MOLECULE	left
RXN-7141	CPD-6641	right
RXN-7141	Ox-NADPH-Hemoprotein-Reductases	right
RXN-7141	WATER	right
RXN-10441	GERANYLGERANYL-PP	left
RXN-10441	WATER	left
RXN-10441	CPD-8848	right
RXN-10441	PPI	right
LCYSDESULF-RXN	CYS	left
LCYSDESULF-RXN	WATER	left
LCYSDESULF-RXN	PYRUVATE	right
LCYSDESULF-RXN	AMMONIUM	right
LCYSDESULF-RXN	HS	right
RXN-20055	CPD-16701	left
RXN-20055	PROTON	left
RXN-20055	CPD-21662	right
RXN-20055	WATER	right
FORMATETHFLIG-RXN	THF-GLU-N	left
FORMATETHFLIG-RXN	ATP	left
FORMATETHFLIG-RXN	FORMATE	left
FORMATETHFLIG-RXN	FORMYL-THF-GLU-N	right
FORMATETHFLIG-RXN	ADP	right
FORMATETHFLIG-RXN	Pi	right
RXN-8865	10-BETA-HYDROXYTAXA-42011-DIEN-5-ALPH	left
RXN-8865	10-DEACETYL-2-DEBENZOYLBACCATIN-III	right
RXN-718	CPD-719	left
RXN-718	Acceptor	left
RXN-718	CPD-718	right
RXN-718	Donor-H2	right
RXN-4722	CPD-12575	left
RXN-4722	CPD-4210	left
RXN-4722	PROTON	right
RXN-4722	CPD-4613	right
RXN-4722	UDP	right
RXN-8507	--ABIETADIENE	left
RXN-8507	OXYGEN-MOLECULE	left
RXN-8507	Red-NADPH-Hemoprotein-Reductases	left
RXN-8507	CPD-8691	right
RXN-8507	WATER	right
RXN-8507	Ox-NADPH-Hemoprotein-Reductases	right
RXN-23867	MALONYL-COA	left
RXN-23867	CPD-26442	left
RXN-23867	CPD-7146	right
RXN-23867	CO-A	right
RXN-23867	CARBON-DIOXIDE	right
ACYLPHOSPHATASE-RXN	WATER	left
ACYLPHOSPHATASE-RXN	Acyl-Phosphates	left
ACYLPHOSPHATASE-RXN	Pi	right
ACYLPHOSPHATASE-RXN	Carboxylates	right
ACYLPHOSPHATASE-RXN	PROTON	right
RXN-18193	CPD-19481	left
RXN-18193	WATER	left
RXN-18193	CPDQT-40	right
ENOYL-COA-DELTA-ISOM-RXN	CIS-DELTA3-ENOYL-COA	left
ENOYL-COA-DELTA-ISOM-RXN	TRANS-D2-ENOYL-COA	right
RXN-13643	CPD-14647	left
RXN-13643	OXYGEN-MOLECULE	left
RXN-13643	CPD-14649	right
RXN-13643	CPD-14650	right
2.7.1.148-RXN	4-CYTIDINE-5-DIPHOSPHO-2-C	left
2.7.1.148-RXN	ATP	left
2.7.1.148-RXN	PROTON	right
2.7.1.148-RXN	2-PHOSPHO-4-CYTIDINE-5-DIPHOSPHO-2-C-MET	right
2.7.1.148-RXN	ADP	right
RXN18C3-49	CPD-19027	left
RXN18C3-49	ISOBUTYRYL-COA	left
RXN18C3-49	CPD-19131	right
RXN18C3-49	CO-A	right
RXN-13851	S-ADENOSYLMETHIONINE	left
RXN-13851	CPD-14863	left
RXN-13851	CPD-14864	right
RXN-13851	ADENOSYL-HOMO-CYS	right
RXN-13851	PROTON	right
RXN-15542	CPD-16781	left
RXN-15542	OXYGEN-MOLECULE	left
RXN-15542	PROTON	left
RXN-15542	CPD-16782	right
RXN-15542	HYDROGEN-PEROXIDE	right
RXN0-1461	COPROPORPHYRINOGEN_III	left
RXN0-1461	OXYGEN-MOLECULE	left
RXN0-1461	PROTON	left
RXN0-1461	PROTOPORPHYRINOGEN	right
RXN0-1461	CARBON-DIOXIDE	right
RXN0-1461	WATER	right
RXN-12140	CPD-13091	left
RXN-12140	WATER	left
RXN-12140	CPD-13093	right
RXN-2961	S-HYDROXYMETHYLGLUTATHIONE	left
RXN-2961	FORMALDEHYDE	right
RXN-2961	GLUTATHIONE	right
RXN-11358	S-ADENOSYLMETHIONINE	left
RXN-11358	CPD1F-134	left
RXN-11358	CPD-12331	right
RXN-11358	ADENOSYL-HOMO-CYS	right
RXN-14890	1-4-D-xylooligosaccharides	left
RXN-14890	BETA-D-XYLOSE	right
2.5.1.19-RXN	SHIKIMATE-5P	left
2.5.1.19-RXN	PHOSPHO-ENOL-PYRUVATE	left
2.5.1.19-RXN	3-ENOLPYRUVYL-SHIKIMATE-5P	right
2.5.1.19-RXN	Pi	right
GALACTOLIPASE-RXN	D-Galactosyl-12-diacyl-glycerols	left
GALACTOLIPASE-RXN	WATER	left
GALACTOLIPASE-RXN	PROTON	right
GALACTOLIPASE-RXN	Carboxylates	right
GALACTOLIPASE-RXN	3-B-D-GALACTOSYL-SN-GLYCEROL	right
RXN-18725	CPD-12575	left
RXN-18725	CPD-20010	left
RXN-18725	CPD-20011	right
RXN-18725	UDP	right
RXN-18725	PROTON	right
RXN-9559	CPD-10204	left
RXN-9559	FORMALDEHYDE	left
RXN-9559	CPD-10205	right
RXN-9559	WATER	right
2.4.1.126-RXN	CPD-12575	left
2.4.1.126-RXN	COUMARATE	left
2.4.1.126-RXN	PROTON	right
2.4.1.126-RXN	CPD-457	right
2.4.1.126-RXN	UDP	right
RXN18C3-47	CPD-19027	left
RXN18C3-47	ACETYL-COA	left
RXN18C3-47	CPD-19130	right
RXN18C3-47	CO-A	right
PGPPHOSPHA-RXN	L-1-PHOSPHATIDYL-GLYCEROL-P	left
PGPPHOSPHA-RXN	WATER	left
PGPPHOSPHA-RXN	L-1-PHOSPHATIDYL-GLYCEROL	right
PGPPHOSPHA-RXN	Pi	right
RXN-7857	PROTON	left
RXN-7857	CPD-7169	left
RXN-7857	CPD-7172	right
RXN-7857	CARBON-DIOXIDE	right
5.4.99.17-RXN	SQUALENE	left
5.4.99.17-RXN	HOP-2229-ENE	right
RXN-1102	COUMARYL-ALCOHOL	left
RXN-1102	NADP	left
RXN-1102	COUMARALDEHYDE	right
RXN-1102	NADPH	right
RXN-1102	PROTON	right
RXN-13855	S-ADENOSYLMETHIONINE	left
RXN-13855	345-TRIHYDROXY-367-TRIMETHOXYFLAVO	left
RXN-13855	CPD-14856	right
RXN-13855	ADENOSYL-HOMO-CYS	right
RXN-13855	PROTON	right
RXN-17753	CARBAMOYL-P	left
RXN-17753	CPD-69	right
RXN-17753	Pi	right
RXN-17753	PROTON	right
RXN-18969	CPD-20427	left
RXN-18969	CPD-7847	right
RXN-18969	WATER	right
RXN-9621	CPD-10258	left
RXN-9621	OXYGEN-MOLECULE	left
RXN-9621	CPD-10259	right
RXN-9621	WATER	right
RXN-9621	PROTON	right
RXN-21169	CPD-22767	left
RXN-21169	OXYGEN-MOLECULE	left
RXN-21169	Red-NADPH-Hemoprotein-Reductases	left
RXN-21169	CPD-22768	right
RXN-21169	WATER	right
RXN-21169	Ox-NADPH-Hemoprotein-Reductases	right
RXN0-5408	WATER	left
RXN0-5408	D-MYO-INOSITOL-1-MONOPHOSPHATE	left
RXN0-5408	MYO-INOSITOL	right
RXN0-5408	Pi	right
RXN18C3-33	CPD-19018	left
RXN18C3-33	LAUROYLCOA-CPD	left
RXN18C3-33	CPD-19027	right
RXN18C3-33	CO-A	right
RXN-8748	CPD-8978	left
RXN-8748	WATER	left
RXN-8748	Pi	right
RXN-8748	ETOH	right
RXN-8501	CPD-8681	left
RXN-8501	WATER	left
RXN-8501	CPD-8683	right
RXN-15354	CPD-16560	left
RXN-15354	CPD-15283	left
RXN-15354	CPD-16561	right
RXN-15354	Glucopyranose	right
LINAMARIN-SYNTHASE-RXN	CPD-12575	left
LINAMARIN-SYNTHASE-RXN	2-HYDROXY-2-METHYLPROPANENITRILE	left
LINAMARIN-SYNTHASE-RXN	PROTON	right
LINAMARIN-SYNTHASE-RXN	LINAMARIN	right
LINAMARIN-SYNTHASE-RXN	UDP	right
RXN0-5055	ACETYL-COA	left
RXN0-5055	carboxybiotin-L-lysine-in-BCCP-dimers	left
RXN0-5055	MALONYL-COA	right
RXN0-5055	biotin-L-lysine-in-BCCP-dimers	right
RXN-18484	CPD-11259	left
RXN-18484	WATER	left
RXN-18484	CPD-731	right
RXN-18484	ILE	right
RXN-7630	CPD-6976	left
RXN-7630	Red-NADPH-Hemoprotein-Reductases	left
RXN-7630	OXYGEN-MOLECULE	left
RXN-7630	CPD-6978	right
RXN-7630	Ox-NADPH-Hemoprotein-Reductases	right
RXN-7630	WATER	right
RXN-15124	2-AMINOACRYLATE	left
RXN-15124	CPD-16015	right
RXN-9044	CAFFEATE	left
RXN-9044	CPD-8096	right
CDPDIGLYSYN-RXN	CTP	left
CDPDIGLYSYN-RXN	L-PHOSPHATIDATE	left
CDPDIGLYSYN-RXN	PROTON	left
CDPDIGLYSYN-RXN	CDPDIACYLGLYCEROL	right
CDPDIGLYSYN-RXN	PPI	right
RXN4FS-17	LYS	left
RXN4FS-17	PYRUVATE	left
RXN4FS-17	2-KETO-6-AMINO-CAPROATE	right
RXN4FS-17	L-ALPHA-ALANINE	right
RXN-8693	CPD-8917	left
RXN-8693	13-HYDROXYLUPININE	right
RXN-16594	CPD-171	left
RXN-16594	CPD-171	right
RXN-20584	CPD-22267	left
RXN-20584	NADP	left
RXN-20584	CPD-22266	right
RXN-20584	NADPH	right
RXN-20584	PROTON	right
RXN-12610	CPD-13576	left
RXN-12610	AMINO-HYDROXYMETHYL-METHYLPYRIMIDINE-PP	left
RXN-12610	PROTON	left
RXN-12610	THIAMINE-P	right
RXN-12610	CARBON-DIOXIDE	right
RXN-12610	PPI	right
RXN-18447	ATP	left
RXN-18447	ISOBUTYRATE	left
RXN-18447	CO-A	left
RXN-18447	PPI	right
RXN-18447	AMP	right
RXN-18447	ISOBUTYRYL-COA	right
GLUC1PADENYLTRANS-RXN	PROTON	left
GLUC1PADENYLTRANS-RXN	GLC-1-P	left
GLUC1PADENYLTRANS-RXN	ATP	left
GLUC1PADENYLTRANS-RXN	ADP-D-GLUCOSE	right
GLUC1PADENYLTRANS-RXN	PPI	right
RXN-14199	DUTP	left
RXN-14199	WATER	left
RXN-14199	DUMP	right
RXN-14199	Pi	right
RXN-14199	PROTON	right
RXN-13109	3-METHYLXANTHINE	left
RXN-13109	NADH-P-OR-NOP	left
RXN-13109	OXYGEN-MOLECULE	left
RXN-13109	PROTON	left
RXN-13109	XANTHINE	right
RXN-13109	NAD-P-OR-NOP	right
RXN-13109	FORMALDEHYDE	right
RXN-13109	WATER	right
RXN-8432	FARNESYL-PP	left
RXN-8432	CPD-8232	right
RXN-8432	PPI	right
RXN-9179	CPD-9749	left
RXN-9179	CPD-4889	left
RXN-9179	Acceptor	left
RXN-9179	CPD-9741	right
RXN-9179	Donor-H2	right
1.8.4.8-RXN	3-5-ADP	left
1.8.4.8-RXN	SO3	left
1.8.4.8-RXN	Ox-Thioredoxin	left
1.8.4.8-RXN	PROTON	left
1.8.4.8-RXN	PAPS	right
1.8.4.8-RXN	Red-Thioredoxin	right
RXN-17347	CPD-17599	left
RXN-17347	OXYGEN-MOLECULE	left
RXN-17347	Red-NADPH-Hemoprotein-Reductases	left
RXN-17347	CPD-18755	right
RXN-17347	WATER	right
RXN-17347	Ox-NADPH-Hemoprotein-Reductases	right
RXNQT-4395	WATER	left
RXNQT-4395	CPD0-1422	left
RXNQT-4395	Pi	right
RXNQT-4395	CPD66-34	right
RXN-15345	CPD-15318	left
RXN-15345	CPD-16551	right
ALDHDEHYDROG-RXN	Aldehydes	left
ALDHDEHYDROG-RXN	NAD	left
ALDHDEHYDROG-RXN	WATER	left
ALDHDEHYDROG-RXN	Carboxylates	right
ALDHDEHYDROG-RXN	NADH	right
ALDHDEHYDROG-RXN	PROTON	right
RXN-19979	CPD-21552	left
RXN-19979	421-DEHYDROGEISSOSCHIZINE	right
RXN-18217	Aliphatic-glucosinolates	left
RXN-18217	WATER	left
RXN-18217	THIOHYDROXIMATE-O-SULFATES	right
RXN-18217	Glucopyranose	right
RXN-1825	Long-linear-glucans	left
RXN-1825	WATER	left
RXN-1825	Linear-Malto-Oligosaccharides	right
RXN-13766	CPD1F-437	left
RXN-13766	CPD-12575	left
RXN-13766	CPD-14753	right
RXN-13766	UDP	right
1.14.15.6-RXN	CHOLESTEROL	left
1.14.15.6-RXN	OXYGEN-MOLECULE	left
1.14.15.6-RXN	Reduced-adrenal-ferredoxins	left
1.14.15.6-RXN	PROTON	left
1.14.15.6-RXN	PREGNENOLONE	right
1.14.15.6-RXN	4-METHYLPENTANAL	right
1.14.15.6-RXN	WATER	right
1.14.15.6-RXN	Oxidized-adrenal-ferredoxins	right
RXN-12256	BENZYL-ALCOHOL	left
RXN-12256	CPD-173	right
RXN-13520	CPD-14501	left
RXN-13520	CPD-12575	left
RXN-13520	UDP	right
RXN-13520	CPD-14508	right
L-LACTATE-DEHYDROGENASE-RXN	NAD	left
L-LACTATE-DEHYDROGENASE-RXN	L-LACTATE	left
L-LACTATE-DEHYDROGENASE-RXN	PROTON	right
L-LACTATE-DEHYDROGENASE-RXN	NADH	right
L-LACTATE-DEHYDROGENASE-RXN	PYRUVATE	right
RXN-12201	Maltodextrins	left
RXN-12201	ATP	left
RXN-12201	WATER	left
RXN-12201	6-Phosphogluco-Maltodextrins	right
RXN-12201	AMP	right
RXN-12201	Pi	right
RXN-12201	PROTON	right
RXN-7785	CPD-7088	left
RXN-7785	OXYGEN-MOLECULE	left
RXN-7785	2-KETOGLUTARATE	left
RXN-7785	PROTON	right
RXN-7785	CPD-7090	right
RXN-7785	WATER	right
RXN-7785	CARBON-DIOXIDE	right
RXN-7785	SUC	right
RXN-11777	CPD-12587	left
RXN-11777	WATER	left
RXN-11777	2-TRANS6-TRANS-FARNESOL	right
RXN-11777	Pi	right
RXN-13840	CPD-10510	left
RXN-13840	OXYGEN-MOLECULE	left
RXN-13840	NADPH	left
RXN-13840	PROTON	left
RXN-13840	CPD-14853	right
RXN-13840	NADP	right
RXN-13840	WATER	right
RXN18C3-34	CPD-19025	left
RXN18C3-34	ISOVALERYL-COA	left
RXN18C3-34	CPD-19048	right
RXN18C3-34	CO-A	right
RXN-14031	CPD-15042	left
RXN-14031	CPD-15043	right
RXN-8346	CPD-17283	left
RXN-8346	FERROCYTOCHROME-B5	left
RXN-8346	OXYGEN-MOLECULE	left
RXN-8346	PROTON	left
RXN-8346	CPD-17284	right
RXN-8346	FERRICYTOCHROME-B5	right
RXN-8346	WATER	right
RXN-5161	CPD-4941	left
RXN-5161	NADP	left
RXN-5161	CPD-1090	right
RXN-5161	NADPH	right
RXN-5161	PROTON	right
RXN18C3-237	CPD-22277	left
RXN18C3-237	Acceptor	left
RXN18C3-237	CPD-18646	right
RXN18C3-237	Donor-H2	right
2.4.1.123-RXN	CPD-14553	left
2.4.1.123-RXN	MYO-INOSITOL	left
2.4.1.123-RXN	PROTON	right
2.4.1.123-RXN	CPD-458	right
2.4.1.123-RXN	UDP	right
1.14.13.78-RXN	CPD1F-128	left
1.14.13.78-RXN	OXYGEN-MOLECULE	left
1.14.13.78-RXN	Red-NADPH-Hemoprotein-Reductases	left
1.14.13.78-RXN	ENT-KAUR-16-EN-19-OL	right
1.14.13.78-RXN	WATER	right
1.14.13.78-RXN	Ox-NADPH-Hemoprotein-Reductases	right
RXN-19993	CPD-21573	left
RXN-19993	NADP	left
RXN-19993	VOMILENINE	right
RXN-19993	NADPH	right
RXN-19993	PROTON	right
RXNARA-8002	CPD-464	left
RXNARA-8002	CPD-12321	right
RXNARA-8002	PPI	right
RXN-8228	CPD-12575	left
RXN-8228	CPD-7117	left
RXN-8228	CPD-7139	right
RXN-8228	UDP	right
MALTODEXGLUCOSID-RXN	1-4-alpha-D-Glucan	left
MALTODEXGLUCOSID-RXN	WATER	left
MALTODEXGLUCOSID-RXN	1-4-alpha-D-Glucan	right
MALTODEXGLUCOSID-RXN	Glucopyranose	right
RXN-6601	GLUTATHIONE	left
RXN-6601	Amino-Acids-20	left
RXN-6601	CYS-GLY	right
RXN-6601	5-L-GLUTAMYL-L-AMINO-ACID	right
RXN-13915	S-ADENOSYLMETHIONINE	left
RXN-13915	CPD-14935	left
RXN-13915	CPD-14936	right
RXN-13915	ADENOSYL-HOMO-CYS	right
RXN-2222	3-METHYLSULFINYLPROPYL-GLUCOSINOLATE	left
RXN-2222	OXYGEN-MOLECULE	left
RXN-2222	PROTON	right
RXN-2222	2-PROPENYL-GLUCOSINOLATE	right
RXN-2222	CPD-3746	right
RXN-9056	S-ADENOSYLMETHIONINE	left
RXN-9056	CPD-9531	left
RXN-9056	PROTON	right
RXN-9056	CPD-9532	right
RXN-9056	ADENOSYL-HOMO-CYS	right
RXN-18199	CPD-12636	left
RXN-18199	OXYGEN-MOLECULE	left
RXN-18199	Red-NADPH-Hemoprotein-Reductases	left
RXN-18199	THIAZOL-YL-INDOLE	right
RXN-18199	HCN	right
RXN-18199	CARBON-DIOXIDE	right
RXN-18199	WATER	right
RXN-18199	Ox-NADPH-Hemoprotein-Reductases	right
RXN-9196	CPD-9771	left
RXN-9196	ACETYL-COA	left
RXN-9196	CPD-9772	right
RXN-9196	CO-A	right
STRICTOSIDINE-BETA-GLUCOSIDASE-RXN	WATER	left
STRICTOSIDINE-BETA-GLUCOSIDASE-RXN	STRICTOSIDINE	left
STRICTOSIDINE-BETA-GLUCOSIDASE-RXN	STRICTOSIDINE-AGLYCONE	right
STRICTOSIDINE-BETA-GLUCOSIDASE-RXN	Glucopyranose	right
RXN-21528	S-ADENOSYLMETHIONINE	left
RXN-21528	1R2S-EPHEDRINE	left
RXN-21528	CPD-23424	right
RXN-21528	ADENOSYL-HOMO-CYS	right
RXN-21528	PROTON	right
KYNURENINE-3-MONOOXYGENASE-RXN	CPD-14736	left
KYNURENINE-3-MONOOXYGENASE-RXN	OXYGEN-MOLECULE	left
KYNURENINE-3-MONOOXYGENASE-RXN	NADPH	left
KYNURENINE-3-MONOOXYGENASE-RXN	PROTON	left
KYNURENINE-3-MONOOXYGENASE-RXN	3-HYDROXY-L-KYNURENINE	right
KYNURENINE-3-MONOOXYGENASE-RXN	WATER	right
KYNURENINE-3-MONOOXYGENASE-RXN	NADP	right
MYO-INOSITOL-OXYGENASE-RXN	OXYGEN-MOLECULE	left
MYO-INOSITOL-OXYGENASE-RXN	MYO-INOSITOL	left
MYO-INOSITOL-OXYGENASE-RXN	CPD-15530	right
MYO-INOSITOL-OXYGENASE-RXN	PROTON	right
MYO-INOSITOL-OXYGENASE-RXN	WATER	right
RXN-8369	CPD-8167	left
RXN-8369	OXYGEN-MOLECULE	left
RXN-8369	Reduced-ferredoxins	left
RXN-8369	PROTON	left
RXN-8369	CPD-8168	right
RXN-8369	WATER	right
RXN-8369	Oxidized-ferredoxins	right
RXN-9753	CPD-10468	left
RXN-9753	NADP	left
RXN-9753	CPD-479	right
RXN-9753	NADPH	right
RXN-9753	PROTON	right
RXN-14485	CPD-15361	left
RXN-14485	CPD-15362	right
RXN-14485	WATER	right
RXN-12657	CPD-13626	left
RXN-12657	OXYGEN-MOLECULE	left
RXN-12657	Red-NADPH-Hemoprotein-Reductases	left
RXN-12657	CPD-13627	right
RXN-12657	WATER	right
RXN-12657	Ox-NADPH-Hemoprotein-Reductases	right
3.1.4.11-RXN	PHOSPHATIDYL-MYO-INOSITOL-45-BISPHOSPHA	left
3.1.4.11-RXN	WATER	left
3.1.4.11-RXN	DIACYLGLYCEROL	right
3.1.4.11-RXN	INOSITOL-1-4-5-TRISPHOSPHATE	right
3.1.4.11-RXN	PROTON	right
RXN-8427	CPD-8243	left
RXN-8427	Acceptor	left
RXN-8427	CPD-8244	right
RXN-8427	Donor-H2	right
RXN-2622	CAFFEOYLQUINATE	left
RXN-2622	CO-A	left
RXN-2622	CAFFEOYL-COA	right
RXN-2622	QUINATE	right
RXN-8180	CPD-7846	left
RXN-8180	OXYGEN-MOLECULE	left
RXN-8180	Red-NADPH-Hemoprotein-Reductases	left
RXN-8180	PROTOPINE	right
RXN-8180	WATER	right
RXN-8180	Ox-NADPH-Hemoprotein-Reductases	right
RXN-8180	PROTON	right
RXN4FS-8	CPD-7078	left
RXN4FS-8	Pi	left
RXN4FS-8	PROTON	right
RXN4FS-8	CPD4FS-5	right
RXN4FS-8	GDP	right
RXN-9791	CPD-591	left
RXN-9791	CPD-10500	right
RXN-8316	CPD-2183	left
RXN-8316	OXYGEN-MOLECULE	left
RXN-8316	Reduced-ferredoxins	left
RXN-8316	PROTON	left
RXN-8316	CPD-8086	right
RXN-8316	WATER	right
RXN-8316	Oxidized-ferredoxins	right
RXN-7692	PROTON	left
RXN-7692	2K-4CH3-PENTANOATE	left
RXN-7692	CPD-7031	right
RXN-7692	CARBON-DIOXIDE	right
RXN-12971	CPD-14406	left
RXN-12971	NADH	left
RXN-12971	PROTON	left
RXN-12971	CPD-14407	right
RXN-12971	NAD	right
RXN-11430	CPD-12390	left
RXN-11430	WATER	left
RXN-11430	CPD-12391	right
RXN-11430	GLT	right
RXN-18746	CPD-20040	left
RXN-18746	OXYGEN-MOLECULE	left
RXN-18746	NADPH	left
RXN-18746	PROTON	left
RXN-18746	CPD-20039	right
RXN-18746	WATER	right
RXN-18746	NADP	right
ACP-S-ACETYLTRANSFER-RXN	ACETYL-COA	left
ACP-S-ACETYLTRANSFER-RXN	ACP	left
ACP-S-ACETYLTRANSFER-RXN	CO-A	right
ACP-S-ACETYLTRANSFER-RXN	ACETYL-ACP	right
RXN-13830	CPD1F-453	left
RXN-13830	CPD-12575	left
RXN-13830	CPD-14847	right
RXN-13830	UDP	right
RXN-20401	GLY	left
RXN-20401	CPD-22077	left
RXN-20401	ATP	left
RXN-20401	CPD-20340	right
RXN-20401	ADP	right
RXN-20401	Pi	right
RXN-20401	PROTON	right
RXN-6721	S-ADENOSYLMETHIONINE	left
RXN-6721	CPD-674	left
RXN-6721	CPD-6421	right
RXN-6721	ADENOSYL-HOMO-CYS	right
RXN-12250	CPD-13174	left
RXN-12250	Glucose	left
RXN-12250	CPD-13173	right
RXN-12250	WATER	right
RXN-8911	CPD-9304	left
RXN-8911	CPD-9305	right
RXN-12590	RIBOSE-5P	left
RXN-12590	GAP	left
RXN-12590	AMMONIA	left
RXN-12590	PYRIDOXAL_PHOSPHATE	right
RXN-12590	WATER	right
RXN-12590	Pi	right
RXN-8340	S-ADENOSYLMETHIONINE	left
RXN-8340	GTP	left
RXN-8340	Donor-H2	left
RXN-8340	CPD-19179	right
RXN-8340	MET	right
RXN-8340	CH33ADO	right
RXN-8340	Acceptor	right
RXN-8340	PROTON	right
1.14.99.37-RXN	OXYGEN-MOLECULE	left
1.14.99.37-RXN	Red-NADPH-Hemoprotein-Reductases	left
1.14.99.37-RXN	TAXA-411-DIENE	left
1.14.99.37-RXN	WATER	right
1.14.99.37-RXN	Ox-NADPH-Hemoprotein-Reductases	right
1.14.99.37-RXN	TAXA-42011-DIEN-5A-OL	right
RXN-8330	CPD-8089	left
RXN-8330	OXYGEN-MOLECULE	left
RXN-8330	FERROCYTOCHROME-B5	left
RXN-8330	PROTON	left
RXN-8330	CPD-8090	right
RXN-8330	WATER	right
RXN-8330	FERRICYTOCHROME-B5	right
RXN-4501	DAIDZEIN	left
RXN-4501	Red-NADPH-Hemoprotein-Reductases	left
RXN-4501	OXYGEN-MOLECULE	left
RXN-4501	2-HYDROXYDAIDZEIN	right
RXN-4501	Ox-NADPH-Hemoprotein-Reductases	right
RXN-4501	WATER	right
RXN-8150	CPD-7712	left
RXN-8150	CODEINONE	right
RXN-4512	CPD-4404	left
RXN-4512	Red-NADPH-Hemoprotein-Reductases	left
RXN-4512	OXYGEN-MOLECULE	left
RXN-4512	CPD-4406	right
RXN-4512	Ox-NADPH-Hemoprotein-Reductases	right
RXN-4512	WATER	right
RXN-13728	SINAPOYL-COA	left
RXN-13728	16-HYDROXYPALMITATE	left
RXN-13728	CO-A	right
RXN-13728	CPD-14765	right
RXN-8475	CPD-12575	left
RXN-8475	CPD-8664	left
RXN-8475	CPD-8665	right
RXN-8475	UDP	right
2.7.1.140-RXN	CPD-505	left
2.7.1.140-RXN	ATP	left
2.7.1.140-RXN	PROTON	right
2.7.1.140-RXN	CPD-1107	right
2.7.1.140-RXN	ADP	right
HISTCYCLOHYD-RXN	PHOSPHORIBOSYL-AMP	left
HISTCYCLOHYD-RXN	WATER	left
HISTCYCLOHYD-RXN	PHOSPHORIBOSYL-FORMIMINO-AICAR-P	right
RXN-3541	ASCORBATE	left
RXN-3541	OXYGEN-MOLECULE	left
RXN-3541	PROTON	left
RXN-3541	CPD-318	right
RXN-3541	WATER	right
RXN-13904	CPD-12575	left
RXN-13904	CPD-14910	left
RXN-13904	CPD-14911	right
RXN-13904	UDP	right
RXN-10699	CPD-11521	left
RXN-10699	ACETYL-COA	left
RXN-10699	CPD-11520	right
RXN-10699	CO-A	right
RXN-13303	CPD-14276	left
RXN-13303	CPD-14281	right
RXN-13303	WATER	right
RXN-19832	CPD-21438	left
RXN-19832	OXYGEN-MOLECULE	left
RXN-19832	Red-NADPH-Hemoprotein-Reductases	left
RXN-19832	CPD-21439	right
RXN-19832	WATER	right
RXN-19832	Ox-NADPH-Hemoprotein-Reductases	right
RXN-15453	CPD-16670	left
RXN-15453	CPD-9905	right
RXN-7853	CPD-7165	left
RXN-7853	GERANYL-PP	left
RXN-7853	CPD-7166	right
RXN-7853	PPI	right
RXN-15360	CPD-16578	left
RXN-15360	ACETYL-COA	left
RXN-15360	CPD-16579	right
RXN-15360	CO-A	right
GLUTCYSLIG-RXN	CYS	left
GLUTCYSLIG-RXN	GLT	left
GLUTCYSLIG-RXN	ATP	left
GLUTCYSLIG-RXN	PROTON	right
GLUTCYSLIG-RXN	L-GAMMA-GLUTAMYLCYSTEINE	right
GLUTCYSLIG-RXN	Pi	right
GLUTCYSLIG-RXN	ADP	right
RXN-8499	CPD-8677	left
RXN-8499	CPD-8681	right
RXN-8499	WATER	right
TRANS-RXNIO2-5	CARBON-DIOXIDE	left
TRANS-RXNIO2-5	CARBON-DIOXIDE	right
RXN-12978	5Z8Z11Z14Z17Z-EICOSAPENTAENOATE	left
RXN-12978	ATP	left
RXN-12978	CO-A	left
RXN-12978	CPD-14018	right
RXN-12978	PPI	right
RXN-12978	AMP	right
SAICARSYN-RXN	ATP	left
SAICARSYN-RXN	PHOSPHORIBOSYL-CARBOXY-AMINOIMIDAZOLE	left
SAICARSYN-RXN	L-ASPARTATE	left
SAICARSYN-RXN	PROTON	right
SAICARSYN-RXN	ADP	right
SAICARSYN-RXN	Pi	right
SAICARSYN-RXN	P-RIBOSYL-4-SUCCCARB-AMINOIMIDAZOLE	right
RXN-7246	CPD-6747	left
RXN-7246	WATER	left
RXN-7246	CPD-6746	right
RXN-7246	Pi	right
KDO-8PSYNTH-RXN	CPD-18118	left
KDO-8PSYNTH-RXN	WATER	left
KDO-8PSYNTH-RXN	PHOSPHO-ENOL-PYRUVATE	left
KDO-8PSYNTH-RXN	KDO-8P	right
KDO-8PSYNTH-RXN	Pi	right
RXN-9285	PROTON	left
RXN-9285	CPD-9897	left
RXN-9285	CPD-9865	right
RXN-9285	CARBON-DIOXIDE	right
3.1.3.74-RXN	PYRIDOXAL_PHOSPHATE	left
3.1.3.74-RXN	WATER	left
3.1.3.74-RXN	PYRIDOXAL	right
3.1.3.74-RXN	Pi	right
RXN-14004	CPD0-2231	left
RXN-14004	WATER	left
RXN-14004	DIMP	right
RXN-14004	Pi	right
RXN-14004	PROTON	right
4.2.3.10-RXN	GERANYL-PP	left
4.2.3.10-RXN	WATER	left
4.2.3.10-RXN	CPD-685	right
4.2.3.10-RXN	PPI	right
RXN-11539	CPD-12498	left
RXN-11539	CPD-12497	right
RXN-13452	CPD-12575	left
RXN-13452	CPD-14427	left
RXN-13452	UDP	right
RXN-13452	CPD-14434	right
RXN-13452	PROTON	right
AMPSYN-RXN	ADENYLOSUCC	left
AMPSYN-RXN	AMP	right
AMPSYN-RXN	FUM	right
RXN-15320	1-O-GALLOYL-BETA-D-GLUCOSE	left
RXN-15320	CPD-7630	left
RXN-15320	CPD-16530	right
RXN-15320	Glucopyranose	right
RXN-15329	CPD-16535	left
RXN-15329	P-COUMAROYL-COA	left
RXN-15329	PROTON	left
RXN-15329	CPD-16536	right
RXN-15329	CO-A	right
RXN-9237	S-ADENOSYLMETHIONINE	left
RXN-9237	CPD-9873	left
RXN-9237	PROTON	right
RXN-9237	CPD-9958	right
RXN-9237	ADENOSYL-HOMO-CYS	right
RXN-14048	L-CYSTATHIONINE	left
RXN-14048	CYS	right
RXN-14048	CPD-15056	right
2.4.1.67-RXN	CPD-458	left
2.4.1.67-RXN	CPD-1099	left
2.4.1.67-RXN	MYO-INOSITOL	right
2.4.1.67-RXN	CPD-170	right
6-PHOSPHOFRUCTO-2-KINASE-RXN	FRUCTOSE-6P	left
6-PHOSPHOFRUCTO-2-KINASE-RXN	ATP	left
6-PHOSPHOFRUCTO-2-KINASE-RXN	PROTON	right
6-PHOSPHOFRUCTO-2-KINASE-RXN	CPD-535	right
6-PHOSPHOFRUCTO-2-KINASE-RXN	ADP	right
PANTOTHENATE-KIN-RXN	PANTOTHENATE	left
PANTOTHENATE-KIN-RXN	ATP	left
PANTOTHENATE-KIN-RXN	PROTON	right
PANTOTHENATE-KIN-RXN	4-P-PANTOTHENATE	right
PANTOTHENATE-KIN-RXN	ADP	right
RXN-12205	INDOLE-3-CARBOXALDEHYDE	left
RXN-12205	CPD-13135	right
2.1.1.64-RXN	S-ADENOSYLMETHIONINE	left
2.1.1.64-RXN	CPD-7158	left
2.1.1.64-RXN	PROTON	right
2.1.1.64-RXN	CPD-9957	right
2.1.1.64-RXN	ADENOSYL-HOMO-CYS	right
RXN-12518	cis-5-enoyl-CoA	left
RXN-12518	OXYGEN-MOLECULE	left
RXN-12518	trans-2-cis-5-dienoyl-CoA	right
RXN-12518	HYDROGEN-PEROXIDE	right
RXN-10709	CPD-11530	left
RXN-10709	NADP	left
RXN-10709	CONIFERYL-ALDEHYDE	right
RXN-10709	NADPH	right
RXN-10709	PROTON	right
RXN-7609	GMP	left
RXN-7609	WATER	left
RXN-7609	GUANOSINE	right
RXN-7609	Pi	right
RXNQT-4387	CTP	left
RXNQT-4387	CPD-8268	left
RXNQT-4387	PROTON	left
RXNQT-4387	CPDQT-516	right
RXNQT-4387	PPI	right
RXN-22643	GLUTATHIONE	left
RXN-22643	FUM	left
RXN-22643	CPD-24871	right
RXN-12516	FARNESYL-PP	left
RXN-12516	WATER	left
RXN-12516	CPD-10759	right
RXN-12516	PPI	right
RXN-8324	CPD-8092	left
RXN-8324	OXYGEN-MOLECULE	left
RXN-8324	FERROCYTOCHROME-B5	left
RXN-8324	PROTON	left
RXN-8324	CPD-8093	right
RXN-8324	WATER	right
RXN-8324	FERRICYTOCHROME-B5	right
RXN-527	CPD-474	left
RXN-527	2-KETOGLUTARATE	left
RXN-527	OXYGEN-MOLECULE	left
RXN-527	CPD-520	right
RXN-527	SUC	right
RXN-527	CARBON-DIOXIDE	right
RXN-527	WATER	right
MANNKIN-RXN	D-mannopyranose	left
MANNKIN-RXN	ATP	left
MANNKIN-RXN	CPD-15979	right
MANNKIN-RXN	ADP	right
MANNKIN-RXN	PROTON	right
RXN-8724	CPD-8953	left
RXN-8724	1-O-GALLOYL-BETA-D-GLUCOSE	left
RXN-8724	CPD-8955	right
RXN-8724	Glucopyranose	right
RXN-3184	INDOLE-3-ACETYL-ASP	left
RXN-3184	2-OXINDOLE-3-ACETYL-ASP	right
1.14.13.37-RXN	S-N-METHYLCANADINE	left
1.14.13.37-RXN	OXYGEN-MOLECULE	left
1.14.13.37-RXN	Red-NADPH-Hemoprotein-Reductases	left
1.14.13.37-RXN	ALLOCRYPTOPINE	right
1.14.13.37-RXN	WATER	right
1.14.13.37-RXN	Ox-NADPH-Hemoprotein-Reductases	right
1.14.13.37-RXN	PROTON	right
RXN-18232	HSCN	left
RXN-18232	CPD-19512	right
RXN-8183	PROTON	left
RXN-8183	DIHYDROMACARPINE	left
RXN-8183	OXYGEN-MOLECULE	left
RXN-8183	CPD-7848	right
RXN-8183	HYDROGEN-PEROXIDE	right
RXN-8679	CPD-8909	left
RXN-8679	NADP	left
RXN-8679	CPD-8907	right
RXN-8679	NADPH	right
RXN-8679	PROTON	right
SIROHEME-FERROCHELAT-RXN	SIROHYDROCHLORIN	left
SIROHEME-FERROCHELAT-RXN	FE+2	left
SIROHEME-FERROCHELAT-RXN	PROTON	right
SIROHEME-FERROCHELAT-RXN	SIROHEME	right
RXN18C3-239	CPD-9217	left
RXN18C3-239	NAD	left
RXN18C3-239	CPD-22278	right
RXN18C3-239	NADH	right
RXN18C3-239	PROTON	right
H2NEOPTERINALDOL-RXN	DIHYDRO-NEO-PTERIN	left
H2NEOPTERINALDOL-RXN	GLYCOLALDEHYDE	right
H2NEOPTERINALDOL-RXN	AMINO-OH-HYDROXYMETHYL-DIHYDROPTERIDINE	right
RXN0-1133	ACETYL-COA	left
RXN0-1133	Pyruvate-dehydrogenase-dihydrolipoate	left
RXN0-1133	CO-A	right
RXN0-1133	Pyruvate-dehydrogenase-acetylDHlipoyl	right
APIGENIN-4-O-METHYLTRANSFERASE-RXN	S-ADENOSYLMETHIONINE	left
APIGENIN-4-O-METHYLTRANSFERASE-RXN	CPD-431	left
APIGENIN-4-O-METHYLTRANSFERASE-RXN	PROTON	right
APIGENIN-4-O-METHYLTRANSFERASE-RXN	ADENOSYL-HOMO-CYS	right
APIGENIN-4-O-METHYLTRANSFERASE-RXN	CPD-1095	right
FARNESYLTRANSTRANSFERASE-RXN	DELTA3-ISOPENTENYL-PP	left
FARNESYLTRANSTRANSFERASE-RXN	FARNESYL-PP	left
FARNESYLTRANSTRANSFERASE-RXN	GERANYLGERANYL-PP	right
FARNESYLTRANSTRANSFERASE-RXN	PPI	right
RXN-7568	CPD-18334	left
RXN-7568	PHYTYL-PYROPHOSPHATE	left
RXN-7568	PROTON	left
RXN-7568	CPD-6947	right
RXN-7568	PPI	right
RXN-7568	CARBON-DIOXIDE	right
RXN-12731	PROTON	left
RXN-12731	CPD-12025	left
RXN-12731	CPD-13719	right
RXN-12731	CARBON-DIOXIDE	right
RXN-10456	Jasmonic-Acids	left
RXN-10456	PHE	left
RXN-10456	ATP	left
RXN-10456	Jasmonoyl-Phenylalanines	right
RXN-10456	AMP	right
RXN-10456	PPI	right
RXN-10456	PROTON	right
RXN-8780	L-SORBOSONE	left
RXN-8780	CPD-9055	right
RXN-13822	MYRICETIN	left
RXN-13822	CPD-12575	left
RXN-13822	CPD-14843	right
RXN-13822	UDP	right
RXN-13821	CPD-12575	left
RXN-13821	CPD-14839	left
RXN-13821	CPD-14841	right
RXN-13821	UDP	right
RXN-13821	PROTON	right
RXN-14079	CPD-12575	left
RXN-14079	CPD-15077	left
RXN-14079	6C-Glc-2-hydroxyeriodictyol	right
RXN-14079	UDP	right
RXN-14079	PROTON	right
RXN-17350	CPD-18756	left
RXN-17350	OXYGEN-MOLECULE	left
RXN-17350	Red-NADPH-Hemoprotein-Reductases	left
RXN-17350	CPD-18757	right
RXN-17350	WATER	right
RXN-17350	Ox-NADPH-Hemoprotein-Reductases	right
RXN-9251	CPD-9876	left
RXN-9251	CPD-9884	right
RXN-16939	GERANIOL	left
RXN-16939	CPD-12575	left
RXN-16939	CPD-18262	right
RXN-16939	UDP	right
RXN-16939	PROTON	right
RXN18C3-37	CPD-19047	left
RXN18C3-37	ACETYL-COA	left
RXN18C3-37	CPD-19050	right
RXN18C3-37	CO-A	right
RXN-13598	CPD-14592	left
RXN-13598	CPD-12575	left
RXN-13598	CPD-14593	right
RXN-13598	UDP	right
RXN-13598	PROTON	right
RXN-16391	CPD-9406	left
RXN-16391	CPD-17635	right
2.5.1.39-RXN	4-hydroxybenzoate	left
2.5.1.39-RXN	CPD-21340	left
2.5.1.39-RXN	NONAPRENYL-4-HYDROXYBENZOATE	right
2.5.1.39-RXN	PPI	right
RXN-23907	CPD-20105	left
RXN-23907	GLT-tRNAs	left
RXN-23907	Charged-GLT-tRNAs	right
RXN-23907	AMP	right
RXN-23907	PROTON	right
RXNQT-4384	CPD-10269	left
RXNQT-4384	GLYCEROL-3P	left
RXNQT-4384	CPDQT-515	right
RXNQT-4384	CO-A	right
RXN-22790	CPD-15374	left
RXN-22790	GLN	left
RXN-22790	CPD-25248	right
RXN-22790	WATER	right
TRANS-RXN-186	K+	left
TRANS-RXN-186	K+	right
RXN-11281	CPD-12227	left
RXN-11281	PROTON	right
RXN-11281	CPD-12228	right
RXN-11281	HYDROGEN-MOLECULE	right
RXN-18963	CPD-20423	left
RXN-18963	CPD-7852	right
RXN-18963	WATER	right
RXN-24129	CPD-26676	left
RXN-24129	METHYL-GLYOXAL	right
RXN-24129	GLUTATHIONE	right
RXN-3625	CPD-3502	left
RXN-3625	FORMONONETIN	right
RXN-3625	WATER	right
SEDOHEPTULOSE-BISPHOSPHATASE-RXN	WATER	left
SEDOHEPTULOSE-BISPHOSPHATASE-RXN	D-SEDOHEPTULOSE-1-7-P2	left
SEDOHEPTULOSE-BISPHOSPHATASE-RXN	D-SEDOHEPTULOSE-7-P	right
SEDOHEPTULOSE-BISPHOSPHATASE-RXN	Pi	right
RXN-13499	CPD-14492	left
RXN-13499	Red-NADPH-Hemoprotein-Reductases	left
RXN-13499	OXYGEN-MOLECULE	left
RXN-13499	CPD-14493	right
RXN-13499	Ox-NADPH-Hemoprotein-Reductases	right
RXN-13499	WATER	right
RXN-13499	PROTON	right
RXN0-7318	CPD-12763	left
RXN0-7318	NAD	left
RXN0-7318	WATER	left
RXN0-7318	5-AMINOPENTANOATE	right
RXN0-7318	NADH	right
RXN0-7318	PROTON	right
CITSYN-RXN	OXALACETIC_ACID	left
CITSYN-RXN	ACETYL-COA	left
CITSYN-RXN	WATER	left
CITSYN-RXN	PROTON	right
CITSYN-RXN	CIT	right
CITSYN-RXN	CO-A	right
RXN-13940	CPD-7061	left
RXN-13940	CPD-10296	right
RXN-9077	CPD-9568	left
RXN-9077	WATER	left
RXN-9077	CPD-9567	right
RXN-9077	L-ASPARTATE	right
SALICYL-ALCOHOL-GLUCOSYLTRANSFERASE-RXN	CPD-12575	left
SALICYL-ALCOHOL-GLUCOSYLTRANSFERASE-RXN	CPD-173	left
SALICYL-ALCOHOL-GLUCOSYLTRANSFERASE-RXN	PROTON	right
SALICYL-ALCOHOL-GLUCOSYLTRANSFERASE-RXN	CPD-1142	right
SALICYL-ALCOHOL-GLUCOSYLTRANSFERASE-RXN	UDP	right
RXN-8008	CPD-7390	left
RXN-8008	OXYGEN-MOLECULE	left
RXN-8008	Donor-H2	left
RXN-8008	CPD-7392	right
RXN-8008	WATER	right
RXN-8008	Acceptor	right
RXN-7487	CPD-6882	left
RXN-7487	Red-NADPH-Hemoprotein-Reductases	left
RXN-7487	OXYGEN-MOLECULE	left
RXN-7487	CPD-6886	right
RXN-7487	Ox-NADPH-Hemoprotein-Reductases	right
RXN-7487	WATER	right
RXN-9316	TRYPTAMINE	left
RXN-9316	CPD-9938	right
RXN-8981	CPD-9423	left
RXN-8981	CPD-9424	right
RXN-8981	WATER	right
RXN-12395	CPD1F-114	left
RXN-12395	OXYGEN-MOLECULE	left
RXN-12395	CPD-7207	right
RXN-12395	CPD-13371	right
RXN-12395	GERANIAL	right
RXN18C3-24	SUCROSE	left
RXN18C3-24	ISOBUTYRYL-COA	left
RXN18C3-24	CPD-19017	right
RXN18C3-24	CO-A	right
KETOLACTOSE-RXN	3-KETOLACTOSE	left
KETOLACTOSE-RXN	WATER	left
KETOLACTOSE-RXN	3-Dehydro-D-Galactopyranose	right
KETOLACTOSE-RXN	Glucopyranose	right
RXN-9198	CPD-9773	left
RXN-9198	CPD-9774	right
RXN-9163	CPD-9693	left
RXN-9163	WATER	left
RXN-9163	CPD-9710	right
RXN-9163	CPD-9004	right
RXN-20167	CPD-20734	left
RXN-20167	OXYGEN-MOLECULE	left
RXN-20167	Red-NADPH-Hemoprotein-Reductases	left
RXN-20167	CPD-21761	right
RXN-20167	WATER	right
RXN-20167	Ox-NADPH-Hemoprotein-Reductases	right
UTPHEXPURIDYLYLTRANS-RXN	PROTON	left
UTPHEXPURIDYLYLTRANS-RXN	GALACTOSE-1P	left
UTPHEXPURIDYLYLTRANS-RXN	UTP	left
UTPHEXPURIDYLYLTRANS-RXN	CPD-14553	right
UTPHEXPURIDYLYLTRANS-RXN	PPI	right
RXN-4763	CPD-4562	left
RXN-4763	WATER	left
RXN-4763	PROTON	right
RXN-4763	MALONATE	right
RXN-4763	ONONIN	right
1.14.21.6-RXN	CPD-4186	left
1.14.21.6-RXN	FERROCYTOCHROME-B5	left
1.14.21.6-RXN	OXYGEN-MOLECULE	left
1.14.21.6-RXN	PROTON	left
1.14.21.6-RXN	CPD-4187	right
1.14.21.6-RXN	FERRICYTOCHROME-B5	right
1.14.21.6-RXN	WATER	right
GALACTOSIDE-2-L-FUCOSYLTRANSFERASE-RXN	13-BETA-D-GALACTOSYL-N-ACETYL-D-GLU	left
GALACTOSIDE-2-L-FUCOSYLTRANSFERASE-RXN	CPD-13118	left
GALACTOSIDE-2-L-FUCOSYLTRANSFERASE-RXN	III2-a-Fucosyllactotetraosylceramides	right
GALACTOSIDE-2-L-FUCOSYLTRANSFERASE-RXN	GDP	right
GALACTOSIDE-2-L-FUCOSYLTRANSFERASE-RXN	PROTON	right
RXN-13462	CPD-14443	left
RXN-13462	2-3-DIHYDRODIPICOLINATE	right
RXN-13462	WATER	right
RXN18C3-56	UDP-D-XYLOSE	left
RXN18C3-56	CPD-21592	left
RXN18C3-56	CPD-19215	right
RXN18C3-56	UDP	right
RXN18C3-56	PROTON	right
RXN-19975	CPD-21545	left
RXN-19975	CPD-7859	right
RXN-11231	CPD-12193	left
RXN-11231	CPD-12192	right
RXN-11231	PROTON	right
RXN-10763	ADENOSINE_DIPHOSPHATE_RIBOSE	left
RXN-10763	WATER	left
RXN-10763	AMP	right
RXN-10763	RIBOSE-1P	right
RXN-10763	PROTON	right
RXN-12156	CPD-14826	left
RXN-12156	NADP	left
RXN-12156	CPD-17633	right
RXN-12156	NADPH	right
RXN-12156	PROTON	right
RXN-9004	CPD-14553	left
RXN-9004	CPD-9462	left
RXN-9004	PROTON	right
RXN-9004	CPD-9464	right
RXN-9004	UDP	right
RXN-19700	CPD-12575	left
RXN-19700	CPD-15448	left
RXN-19700	CPD-15445	right
RXN-19700	UDP	right
RXN-19700	PROTON	right
RXN-13060	CPD-14076	left
RXN-13060	NADP	left
RXN-13060	NICOTINE	right
RXN-13060	NADPH	right
RXN-13060	PROTON	right
4.2.1.101-RXN	FERULOYL-COA	left
4.2.1.101-RXN	WATER	left
4.2.1.101-RXN	CPD-11881	right
2.4.1.121-RXN	CPD-12575	left
2.4.1.121-RXN	INDOLE_ACETATE_AUXIN	left
2.4.1.121-RXN	CPD-1102	right
2.4.1.121-RXN	UDP	right
RXN-947	CPD1F-95	left
RXN-947	2-KETOGLUTARATE	left
RXN-947	OXYGEN-MOLECULE	left
RXN-947	CPD-475	right
RXN-947	SUC	right
RXN-947	CARBON-DIOXIDE	right
ADENOSINE-NUCLEOSIDASE-RXN	WATER	left
ADENOSINE-NUCLEOSIDASE-RXN	ADENOSINE	left
ADENOSINE-NUCLEOSIDASE-RXN	D-Ribofuranose	right
ADENOSINE-NUCLEOSIDASE-RXN	ADENINE	right
GMP-SYN-NH3-RXN	XANTHOSINE-5-PHOSPHATE	left
GMP-SYN-NH3-RXN	AMMONIA	left
GMP-SYN-NH3-RXN	ATP	left
GMP-SYN-NH3-RXN	GMP	right
GMP-SYN-NH3-RXN	AMP	right
GMP-SYN-NH3-RXN	PPI	right
GMP-SYN-NH3-RXN	PROTON	right
RXNQT-4314	PROTON	left
RXNQT-4314	CPDQT-341	left
RXNQT-4314	NADPH	left
RXNQT-4314	OXYGEN-MOLECULE	left
RXNQT-4314	CYS	left
RXNQT-4314	CPDQT-406	right
RXNQT-4314	NADP	right
RXNQT-4314	WATER	right
RXN-12027	CPD-13006	left
RXN-12027	BENZYL-ISOTHIOCYANATE	right
RXN-12027	SULFATE	right
RXN-20440	4-ALPHA-METHYL-5-ALPHA	left
RXN-20440	FERROCYTOCHROME-B5	left
RXN-20440	OXYGEN-MOLECULE	left
RXN-20440	PROTON	left
RXN-20440	CPD-22136	right
RXN-20440	FERRICYTOCHROME-B5	right
RXN-20440	WATER	right
RXN-11657	CPD-12620	left
RXN-11657	OXYGEN-MOLECULE	left
RXN-11657	CPD-9598	right
RXN-11657	WATER	right
RXN-8982	PROTON	left
RXN-8982	CPD-9424	left
RXN-8982	NADPH	left
RXN-8982	CPD-9425	right
RXN-8982	NADP	right
RXN-4210	CPD-4127	left
RXN-4210	NADP	left
RXN-4210	CPD-4126	right
RXN-4210	NADPH	right
RXN-4210	PROTON	right
1.13.11.6-RXN	3-HYDROXY-ANTHRANILATE	left
1.13.11.6-RXN	OXYGEN-MOLECULE	left
1.13.11.6-RXN	2-AMINO-3-3-OXOPROP-2-ENYL-BUT-2-ENEDI	right
RXN-14509	RIBOSE-5P	left
RXN-14509	WATER	left
RXN-14509	CPD-15818	right
RXN-14509	Pi	right
GCVT-RXN	AMINOMETHYLDIHYDROLIPOYL-GCVH	left
GCVT-RXN	THF-GLU-N	left
GCVT-RXN	DIHYDROLIPOYL-GCVH	right
GCVT-RXN	METHYLENE-THF-GLU-N	right
GCVT-RXN	AMMONIUM	right
RXN-11903	CPD-8246	left
RXN-11903	CPD-12759	right
RXN-13202	ATP	left
RXN-13202	HCO3	left
RXN-13202	AMMONIUM	left
RXN-13202	ADP	right
RXN-13202	Pi	right
RXN-13202	CARBAMOYL-P	right
RXN-13202	PROTON	right
RXN-16807	CPD-18120	left
RXN-16807	OXYGEN-MOLECULE	left
RXN-16807	CPD-18126	right
RXN-16807	PROTON	right
GSHTRAN-RXN	GLUTATHIONE	left
GSHTRAN-RXN	RX	left
GSHTRAN-RXN	S-Substituted-Glutathione	right
GSHTRAN-RXN	HX	right
RXN-10706	CPD-11521	left
RXN-10706	OXYGEN-MOLECULE	left
RXN-10706	CPD-11522	right
RXN-10706	HYDROGEN-PEROXIDE	right
RXN-1541	NARINGENIN-CMPD	left
RXN-1541	OXYGEN-MOLECULE	left
RXN-1541	Red-NADPH-Hemoprotein-Reductases	left
RXN-1541	CPD-3161	right
RXN-1541	Ox-NADPH-Hemoprotein-Reductases	right
RXN-1541	WATER	right
RXN1F-20	ATP	left
RXN1F-20	PROTOPORPHYRIN_IX	left
RXN1F-20	MG+2	left
RXN1F-20	WATER	left
RXN1F-20	PROTON	right
RXN1F-20	MG-PROTOPORPHYRIN	right
RXN1F-20	Pi	right
RXN1F-20	ADP	right
RXN-2542	S-ADENOSYLMETHIONINE	left
RXN-2542	MPBQ	left
RXN-2542	PROTON	right
RXN-2542	DMPBQ	right
RXN-2542	ADENOSYL-HOMO-CYS	right
RXN-18138	CPD-19444	left
RXN-18138	NADP	left
RXN-18138	CPD-19434	right
RXN-18138	NADPH	right
RXN-18138	PROTON	right
RXN-18031	H2CO3	left
RXN-18031	HCO3	right
RXN-18031	PROTON	right
VITEXIN-BETA-GLUCOSYLTRANSFERASE-RXN	CPD-12575	left
VITEXIN-BETA-GLUCOSYLTRANSFERASE-RXN	VITEXIN	left
VITEXIN-BETA-GLUCOSYLTRANSFERASE-RXN	PROTON	right
VITEXIN-BETA-GLUCOSYLTRANSFERASE-RXN	VITEXIN-2-O-BETA-D-GLUCOSIDE	right
VITEXIN-BETA-GLUCOSYLTRANSFERASE-RXN	UDP	right
RXN-20442	CPD-4186	left
RXN-20442	NADP	left
RXN-20442	CPD-22137	right
RXN-20442	NADPH	right
RXN-20442	PROTON	right
RXN4KF-54	CPD4KF-3	left
RXN4KF-54	CPD4KF-8	right
RXNQT-4375	ACYL-SN-GLYCEROL-3P	left
RXNQT-4375	WATER	left
RXNQT-4375	1-Acyl-sn-glycerols	right
RXNQT-4375	Pi	right
RXN-4311	CPD-4203	left
RXN-4311	WATER	left
RXN-4311	PROTON	right
RXN-4311	CPD-4205	right
RXN-4311	Pi	right
RXN-10451	PAPS	left
RXN-10451	CPD-11260	left
RXN-10451	3-5-ADP	right
RXN-10451	CPD-19816	right
RXN-10451	PROTON	right
RXN-14168	CPD-15147	left
RXN-14168	CPD-8186	right
2.7.8.15-RXN	DOLICHOLP	left
2.7.8.15-RXN	UDP-N-ACETYL-D-GLUCOSAMINE	left
2.7.8.15-RXN	CPD-190	right
2.7.8.15-RXN	UMP	right
6.3.5.7-RXN	GLN	left
6.3.5.7-RXN	L-glutamyl-tRNAGln	left
6.3.5.7-RXN	ATP	left
6.3.5.7-RXN	WATER	left
6.3.5.7-RXN	GLT	right
6.3.5.7-RXN	Charged-GLN-tRNAs	right
6.3.5.7-RXN	Pi	right
6.3.5.7-RXN	ADP	right
6.3.5.7-RXN	PROTON	right
RXN4KF-52	CPD4KF-4	left
RXN4KF-52	CPD4KF-7	right
RXN-11341	Glucosyl-acyl-sphinganines	left
RXN-11341	OXYGEN-MOLECULE	left
RXN-11341	FERROCYTOCHROME-B5	left
RXN-11341	PROTON	left
RXN-11341	Glucosyl-acyl-sphingosines	right
RXN-11341	FERRICYTOCHROME-B5	right
RXN-11341	WATER	right
RXN-16148	Oleoyl-lipid	left
RXN-16148	OXYGEN-MOLECULE	left
RXN-16148	FERROCYTOCHROME-B5	left
RXN-16148	PROTON	left
RXN-16148	CPD-17396	right
RXN-16148	WATER	right
RXN-16148	FERRICYTOCHROME-B5	right
RXN18C3-9	CPD-17697	left
RXN18C3-9	CPD-14553	left
RXN18C3-9	CPD-18641	right
RXN18C3-9	UDP	right
RXN18C3-9	PROTON	right
AICARSYN-RXN	P-RIBOSYL-4-SUCCCARB-AMINOIMIDAZOLE	left
AICARSYN-RXN	FUM	right
AICARSYN-RXN	AICAR	right
RXN-18133	CPD-19446	left
RXN-18133	Acceptor	left
RXN-18133	CPD-19434	right
RXN-18133	Donor-H2	right
RXN-9174	PROTON	left
RXN-9174	CPD-9738	left
RXN-9174	CPD-9739	right
RXN-9174	CARBON-DIOXIDE	right
RXN-12997	CPD-12647	left
RXN-12997	NAD	left
RXN-12997	CPD-14420	right
RXN-12997	NADH	right
RXN-12997	PROTON	right
2.3.1.172-RXN	CPD-7140	left
2.3.1.172-RXN	MALONYL-COA	left
2.3.1.172-RXN	CO-A	right
2.3.1.172-RXN	CPD-7141	right
RXN-20585	CHOLESTEROL	left
RXN-20585	CPD-22267	right
3.2.1.8-RXN	1-4-beta-Xylan	left
3.2.1.8-RXN	WATER	left
3.2.1.8-RXN	1-4-D-xylooligosaccharides	right
RXN4FS-21	CPD4FS-7	left
RXN4FS-21	CPD4FS-8	right
RXN-13845	CPD-12575	left
RXN-13845	CPD-14853	left
RXN-13845	CPD-14858	right
RXN-13845	UDP	right
RXN-13845	PROTON	right
PREPHENATE-ASP-TRANSAMINE-RXN	CPD-659	left
PREPHENATE-ASP-TRANSAMINE-RXN	OXALACETIC_ACID	left
PREPHENATE-ASP-TRANSAMINE-RXN	PREPHENATE	right
PREPHENATE-ASP-TRANSAMINE-RXN	L-ASPARTATE	right
TRANS-RXN-207	URATE	left
TRANS-RXN-207	PROTON	left
TRANS-RXN-207	URATE	right
TRANS-RXN-207	PROTON	right
RXN-15514	DIHYDROCHELIRUBINE	left
RXN-15514	NAD-P-OR-NOP	left
RXN-15514	CPD-9893	right
RXN-15514	NADH-P-OR-NOP	right
RXN-11933	CPD-12909	left
RXN-11933	NAD	left
RXN-11933	CPD-12910	right
RXN-11933	NADH	right
RXN-11933	CARBON-DIOXIDE	right
3.2.1.26-RXN	CPD-15716	left
3.2.1.26-RXN	WATER	left
3.2.1.26-RXN	GLC-6-P	right
3.2.1.26-RXN	BETA-D-FRUCTOSE	right
RXN-11682	CPD-17278	left
RXN-11682	FERROCYTOCHROME-B5	left
RXN-11682	OXYGEN-MOLECULE	left
RXN-11682	PROTON	left
RXN-11682	CPD-17279	right
RXN-11682	FERRICYTOCHROME-B5	right
RXN-11682	WATER	right
RXN-20439	CPD-4184	left
RXN-20439	NADP	left
RXN-20439	CPD-4183	right
RXN-20439	NADPH	right
RXN-20439	PROTON	right
PALMITOYL-COA-HYDROLASE-RXN	PALMITYL-COA	left
PALMITOYL-COA-HYDROLASE-RXN	WATER	left
PALMITOYL-COA-HYDROLASE-RXN	PROTON	right
PALMITOYL-COA-HYDROLASE-RXN	PALMITATE	right
PALMITOYL-COA-HYDROLASE-RXN	CO-A	right
RXN-9667	Linoleoyl-groups	left
RXN-9667	Reduced-ferredoxins	left
RXN-9667	OXYGEN-MOLECULE	left
RXN-9667	PROTON	left
RXN-9667	Alpha-linolenoyl-groups	right
RXN-9667	Oxidized-ferredoxins	right
RXN-9667	WATER	right
RXN-13260	ACYL-ACP	left
RXN-13260	MALONYL-COA	left
RXN-13260	Donor-H2	left
RXN-13260	PROTON	left
RXN-13260	Terminal-Olefins	right
RXN-13260	CARBON-DIOXIDE	right
RXN-13260	ACP	right
RXN-13260	CO-A	right
RXN-13260	Acceptor	right
RXN-16475	CPD-13122	left
RXN-16475	CPD-37	right
1.1.1.277-RXN	CPD-5961	left
1.1.1.277-RXN	NADP	left
1.1.1.277-RXN	PROTON	right
1.1.1.277-RXN	CPD-5962	right
1.1.1.277-RXN	NADPH	right
RXN-774	CPD-712	left
RXN-774	OXYGEN-MOLECULE	left
RXN-774	Red-NADPH-Hemoprotein-Reductases	left
RXN-774	CPD-715	right
RXN-774	WATER	right
RXN-774	Ox-NADPH-Hemoprotein-Reductases	right
RXN18C3-44	CPD-19025	left
RXN18C3-44	LAUROYLCOA-CPD	left
RXN18C3-44	CPD-19122	right
RXN18C3-44	CO-A	right
RXN-20900	CPD-15382	left
RXN-20900	LYS	left
RXN-20900	CPD-21707	right
RXN-20900	WATER	right
2.1.1.116-RXN	S-ADENOSYLMETHIONINE	left
2.1.1.116-RXN	3-HYDROXY-N-METHYL-S-COCLAURINE	left
2.1.1.116-RXN	PROTON	right
2.1.1.116-RXN	ADENOSYL-HOMO-CYS	right
2.1.1.116-RXN	S-RETICULINE	right
RXN-6622	CYS-GLY	left
RXN-6622	WATER	left
RXN-6622	CYS	right
RXN-6622	GLY	right
RXN4FS-18	PHE	left
RXN4FS-18	IMIDAZOLE-PYRUVATE	left
RXN4FS-18	PHENYL-PYRUVATE	right
RXN4FS-18	HIS	right
RXN-8155	CPD-12575	left
RXN-8155	CPD-693	left
RXN-8155	CPD-7727	right
RXN-8155	UDP	right
RXN-9256	CPD-9878	left
RXN-9256	CPD-9886	right
RXN-10727	Myristoyl-ACPs	left
RXN-10727	WATER	left
RXN-10727	ACP	right
RXN-10727	CPD-7836	right
RXN-10727	PROTON	right
RXN-12539	CPD-479	left
RXN-12539	CPD-12377	left
RXN-12539	ETHYLENE-CMPD	right
RXN-12539	CPD-7671	right
RXN-12539	CARBON-DIOXIDE	right
NADH-KINASE-RXN	NADH	left
NADH-KINASE-RXN	ATP	left
NADH-KINASE-RXN	PROTON	right
NADH-KINASE-RXN	NADPH	right
NADH-KINASE-RXN	ADP	right
RXN-12135	CPD-13086	left
RXN-12135	OXYGEN-MOLECULE	left
RXN-12135	NADPH	left
RXN-12135	PROTON	left
RXN-12135	CPD-13087	right
RXN-12135	NADP	right
RXN-12135	WATER	right
RXN-6762	BENZYL-ALCOHOL	left
RXN-6762	ACETYL-COA	left
RXN-6762	CPD-6501	right
RXN-6762	CO-A	right
SPERMINE-SYNTHASE-RXN	SPERMIDINE	left
SPERMINE-SYNTHASE-RXN	S-ADENOSYLMETHIONINAMINE	left
SPERMINE-SYNTHASE-RXN	PROTON	right
SPERMINE-SYNTHASE-RXN	SPERMINE	right
SPERMINE-SYNTHASE-RXN	5-METHYLTHIOADENOSINE	right
PHOSPHORIBULOKINASE-RXN	RIBULOSE-5P	left
PHOSPHORIBULOKINASE-RXN	ATP	left
PHOSPHORIBULOKINASE-RXN	PROTON	right
PHOSPHORIBULOKINASE-RXN	D-RIBULOSE-15-P2	right
PHOSPHORIBULOKINASE-RXN	ADP	right
RXN-9121	CPD-9618	left
RXN-9121	CPD-9616	right
RXN-12026	CPD-13006	left
RXN-12026	CPD-65	right
RXN-12026	SULFATE	right
RXN-6562	2-OXOSUCCINAMATE	left
RXN-6562	WATER	left
RXN-6562	OXALACETIC_ACID	right
RXN-6562	AMMONIUM	right
RXN-9178	CPD-9749	left
RXN-9178	CPD-4888	left
RXN-9178	Acceptor	left
RXN-9178	CPD-9743	right
RXN-9178	Donor-H2	right
RXNQT-4336	CPDQT-420	left
RXNQT-4336	OXYGEN-MOLECULE	left
RXNQT-4336	NADPH	left
RXNQT-4336	PROTON	left
RXNQT-4336	CPDQT-288	right
RXNQT-4336	WATER	right
RXNQT-4336	NADP	right
RXN-14752	S-ADENOSYLMETHIONINE	left
RXN-14752	CPD-15632	left
RXN-14752	PROTON	right
RXN-14752	CPD-15477	right
RXN-14752	ADENOSYL-HOMO-CYS	right
RXN-10848	CPD-4302	left
RXN-10848	CPD-11760	right
RXN-9312	S-ADENOSYLMETHIONINE	left
RXN-9312	CPD-9933	left
RXN-9312	CPD-9930	right
RXN-9312	PROTON	right
RXN-9312	ADENOSYL-HOMO-CYS	right
RXN-9079	CPD-9577	left
RXN-9079	CPD-9583	right
RXN-15318	1-O-GALLOYL-BETA-D-GLUCOSE	left
RXN-15318	CPD-10411	left
RXN-15318	CPD-15291	right
RXN-15318	Glucopyranose	right
RXN-14215	DADP	left
RXN-14215	WATER	left
RXN-14215	DAMP	right
RXN-14215	Pi	right
RXN-14215	PROTON	right
RXN-13536	CPD-7035	left
RXN-13536	NADP	left
RXN-13536	PHENYLACETALDEHYDE	right
RXN-13536	NADPH	right
RXN-13536	PROTON	right
ISOCHORSYN-RXN	CHORISMATE	left
ISOCHORSYN-RXN	ISOCHORISMATE	right
RXN-1022	Alkanes	left
RXN-1022	Secondary-Alcohols	right
RXN-20898	CPD-15374	left
RXN-20898	LYS	left
RXN-20898	FRUCTOSELYSINE	right
RXN-20898	WATER	right
1.14.13.75-RXN	OXYGEN-MOLECULE	left
1.14.13.75-RXN	VINORINE	left
1.14.13.75-RXN	Red-NADPH-Hemoprotein-Reductases	left
1.14.13.75-RXN	CPD-21572	right
1.14.13.75-RXN	WATER	right
1.14.13.75-RXN	Ox-NADPH-Hemoprotein-Reductases	right
RXN-8417	FARNESYL-PP	left
RXN-8417	CPD-8235	right
RXN-8417	PPI	right
RXN-16044	CPD-14407	left
RXN-16044	Glycerolipids	left
RXN-16044	CPD-17283	right
RXN-16044	CO-A	right
RXN-12421	CPD-11259	left
RXN-12421	Red-NADPH-Hemoprotein-Reductases	left
RXN-12421	OXYGEN-MOLECULE	left
RXN-12421	CPD-13420	right
RXN-12421	Ox-NADPH-Hemoprotein-Reductases	right
RXN-12421	WATER	right
RXN-14078	CPD-15079	left
RXN-14078	CPD-15077	right
RXN-14078	PROTON	right
BUTYRATE--COA-LIGASE-RXN	Fatty-Acids	left
BUTYRATE--COA-LIGASE-RXN	CO-A	left
BUTYRATE--COA-LIGASE-RXN	ATP	left
BUTYRATE--COA-LIGASE-RXN	ACYL-COA	right
BUTYRATE--COA-LIGASE-RXN	AMP	right
BUTYRATE--COA-LIGASE-RXN	PPI	right
PHOSPHATIDYLCHOLINE-12-MONOOXYGENASE-RXN	1-ACYL-2-OLEOYL-SN-GLYCERO-3-PHOSPHOCHOL	left
PHOSPHATIDYLCHOLINE-12-MONOOXYGENASE-RXN	OXYGEN-MOLECULE	left
PHOSPHATIDYLCHOLINE-12-MONOOXYGENASE-RXN	FERROCYTOCHROME-B5	left
PHOSPHATIDYLCHOLINE-12-MONOOXYGENASE-RXN	PROTON	left
PHOSPHATIDYLCHOLINE-12-MONOOXYGENASE-RXN	CPD-18171	right
PHOSPHATIDYLCHOLINE-12-MONOOXYGENASE-RXN	WATER	right
PHOSPHATIDYLCHOLINE-12-MONOOXYGENASE-RXN	FERRICYTOCHROME-B5	right
RXN-22605	L-LACTATE	left
RXN-22605	PROTON	left
RXN-22605	CPD-24844	right
RXN-10629	CPD-11422	left
RXN-10629	NAD	left
RXN-10629	CPD-11421	right
RXN-10629	NADH	right
RXN-10629	PROTON	right
RXN-8411	Linoleoyl-groups	left
RXN-8411	OXYGEN-MOLECULE	left
RXN-8411	Donor-H2	left
RXN-8411	Calendoyl-Lipid	right
RXN-8411	WATER	right
RXN-8411	Acceptor	right
RXN-6424	CPD-6121	left
RXN-6424	CPD-6123	right
RXN-6424	WATER	right
RXN-16811	CPD-18128	left
RXN-16811	NADH-P-OR-NOP	left
RXN-16811	PROTON	left
RXN-16811	CPD-18129	right
RXN-16811	NAD-P-OR-NOP	right
RXN-1126	CPD-676	left
RXN-1126	CO-A	left
RXN-1126	ATP	left
RXN-1126	CAFFEOYL-COA	right
RXN-1126	AMP	right
RXN-1126	PPI	right
RXN-8912	CPD-9304	left
RXN-8912	CPD-9306	right
RXN-8912	WATER	right
RXN-13987	P-COUMAROYL-COA	left
RXN-13987	CPD-14978	left
RXN-13987	CPD-14984	right
RXN-13987	CO-A	right
RXN-16102	CPD-14426	left
RXN-16102	Glycerolipids	left
RXN-16102	CPD-17354	right
RXN-16102	CO-A	right
RXN-12884	CPD-4751	left
RXN-12884	OXYGEN-MOLECULE	left
RXN-12884	Red-NADPH-Hemoprotein-Reductases	left
RXN-12884	CPD-13924	right
RXN-12884	WATER	right
RXN-12884	Ox-NADPH-Hemoprotein-Reductases	right
RXN-10138	CPD-8004	left
RXN-10138	PAPS	left
RXN-10138	3-5-ADP	right
RXN-10138	PROTON	right
RXN-10138	CPD-10900	right
RXN-8694	13-HYDROXYLUPININE	left
RXN-8694	CPD-1083	left
RXN-8694	CPD-8918	right
RXN-8694	CO-A	right
RXN-9815	S-ADENOSYLMETHIONINE	left
RXN-9815	CPD-10527	left
RXN-9815	PROTON	right
RXN-9815	CPD-10520	right
RXN-9815	ADENOSYL-HOMO-CYS	right
RXN-9212	QUININE	left
RXN-9212	CPD-9846	left
RXN-9212	NADP	left
RXN-9212	CPD-9848	right
RXN-9212	NADPH	right
RXN-9212	PROTON	right
2.4.1.52-RXN	CPD-12575	left
2.4.1.52-RXN	GLYCEROPHOSPHATEN1	left
2.4.1.52-RXN	ALPHA-D-GLUCOSYLPOLYGLYCEROL-PHOSPHATE	right
2.4.1.52-RXN	UDP	right
2.4.1.52-RXN	PROTON	right
RXN-9699	APIGENIN-7-O-BETA-D-GLUCOSIDE	left
RXN-9699	UDP-L-RHAMNOSE	left
RXN-9699	PROTON	right
RXN-9699	APIGENIN-7-O-NEOHESPERIDOSIDE	right
RXN-9699	UDP	right
RXN-16846	CPD-14553	left
RXN-16846	CPD-18156	left
RXN-16846	CPD-18170	right
RXN-16846	UDP	right
3.1.3.46-RXN	WATER	left
3.1.3.46-RXN	CPD-535	left
3.1.3.46-RXN	Pi	right
3.1.3.46-RXN	FRUCTOSE-6P	right
RXN-14214	DATP	left
RXN-14214	WATER	left
RXN-14214	DADP	right
RXN-14214	Pi	right
RXN-14214	PROTON	right
RXN-16787	CPD-16534	left
RXN-16787	CPD-18103	right
RXN-11432	CPD-12396	left
RXN-11432	WATER	left
RXN-11432	CPD-12397	right
RXN-11432	GLT	right
RXN-4002	S-ADENOSYLMETHIONINE	left
RXN-4002	CPD-3942	left
RXN-4002	PROTON	right
RXN-4002	CPD-3944	right
RXN-4002	ADENOSYL-HOMO-CYS	right
RXN-2762	S-ADENOSYLMETHIONINE	left
RXN-2762	2-METHYL-6-SOLANYL-14-BENZOQUINONE	left
RXN-2762	CPD-12829	right
RXN-2762	ADENOSYL-HOMO-CYS	right
RXN-2762	PROTON	right
RXN-11084	CPD-12032	left
RXN-11084	CPD-12036	right
RXN-11084	WATER	right
RXN-9116	CPD-9628	left
RXN-9116	CPD-9629	right
DURIDKI-RXN	DEOXYURIDINE	left
DURIDKI-RXN	ATP	left
DURIDKI-RXN	PROTON	right
DURIDKI-RXN	DUMP	right
DURIDKI-RXN	ADP	right
HYDROXYMANDELONITRILE-LYASE-RXN	CPD-648	left
HYDROXYMANDELONITRILE-LYASE-RXN	4-HYDROXYBENZALDEHYDE	right
HYDROXYMANDELONITRILE-LYASE-RXN	HCN	right
RXN-9123	CPD-9629	left
RXN-9123	CPD-9617	right
RXN18C3-10	CPD-18641	left
RXN18C3-10	CPD-12575	left
RXN18C3-10	CPD-18640	right
RXN18C3-10	UDP	right
RXN18C3-10	PROTON	right
RXN-10698	NAD	left
RXN-10698	CPD-11519	left
RXN-10698	NADH	right
RXN-10698	PROTON	right
RXN-10698	CPD-11520	right
RXN-10874	PAPS	left
RXN-10874	CPD-11827	left
RXN-10874	3-5-ADP	right
RXN-10874	CPD-11828	right
RXN-10874	PROTON	right
RXN-9315	S-ADENOSYLMETHIONINE	left
RXN-9315	CPD-9935	left
RXN-9315	PROTON	right
RXN-9315	CPD-9936	right
RXN-9315	ADENOSYL-HOMO-CYS	right
PYRAMKIN-RXN	ATP	left
PYRAMKIN-RXN	PYRIDOXAMINE	left
PYRAMKIN-RXN	PROTON	right
PYRAMKIN-RXN	ADP	right
PYRAMKIN-RXN	PYRIDOXAMINE-5P	right
RXN-13942	UDP-L-RHAMNOSE	left
RXN-13942	CPD-14961	left
RXN-13942	CPD-14962	right
RXN-13942	UDP	right
RXN-13942	PROTON	right
RXNQT-4150	UMP	left
RXNQT-4150	WATER	left
RXNQT-4150	URIDINE	right
RXNQT-4150	Pi	right
SULFATE-ADENYLYLTRANS-RXN	PROTON	left
SULFATE-ADENYLYLTRANS-RXN	SULFATE	left
SULFATE-ADENYLYLTRANS-RXN	ATP	left
SULFATE-ADENYLYLTRANS-RXN	APS	right
SULFATE-ADENYLYLTRANS-RXN	PPI	right
RXN-11625	2-TRANS6-TRANS-FARNESOL	left
RXN-11625	CTP	left
RXN-11625	PROTON	right
RXN-11625	CPD-12587	right
RXN-11625	CDP	right
RXN-12990	CPD-14036	left
RXN-12990	OXYGEN-MOLECULE	left
RXN-12990	Red-NADPH-Hemoprotein-Reductases	left
RXN-12990	CPD-14037	right
RXN-12990	WATER	right
RXN-12990	Ox-NADPH-Hemoprotein-Reductases	right
RXN-19840	INDOLE-3-ACETALDOXIME	left
RXN-19840	CPD-13028	right
RXN-3163	INDOLE-3-ACETYL-BETA-6-D-GLUCOSE	left
RXN-3163	WATER	left
RXN-3163	INDOLE_ACETATE_AUXIN	right
RXN-3163	Glucopyranose	right
RXN-3163	PROTON	right
RXN-21024	Arsenate-Reductase-Cysteines	left
RXN-21024	ARSENATE	left
RXN-21024	PROTON	left
RXN-21024	Thiarsahydroxy-ArsC	right
RXN-21024	WATER	right
TRANS-RXN-199	PROTON	left
TRANS-RXN-199	CYTOSINE	left
TRANS-RXN-199	CYTOSINE	right
TRANS-RXN-199	PROTON	right
RXN-8517	CPD-8705	left
RXN-8517	Red-NADPH-Hemoprotein-Reductases	left
RXN-8517	OXYGEN-MOLECULE	left
RXN-8517	CPD-8706	right
RXN-8517	Ox-NADPH-Hemoprotein-Reductases	right
RXN-8517	WATER	right
RXN-5106	GERANYL-PP	left
RXN-5106	CPD-4892	right
RXN-5106	PPI	right
RXN-18189	CPD-19479	left
RXN-18189	WATER	left
RXN-18189	CPDQT-38	right
RXN-9168	CPD-9727	left
RXN-9168	OXOPENTENOATE	right
RXN-9168	WATER	right
RXN-14046	PYRIDOXAMINE-5P	left
RXN-14046	WATER	left
RXN-14046	PYRIDOXAMINE	right
RXN-14046	Pi	right
RXN-12338	CPD-6951	left
RXN-12338	EPOXYSQUALENE	right
RXN-12338	WATER	right
RXN-20981	ACETYL-COA	left
RXN-20981	CPD-22611	left
RXN-20981	CPD-22614	right
RXN-20981	CO-A	right
THYM-PHOSPH-RXN	Pi	left
THYM-PHOSPH-RXN	THYMIDINE	left
THYM-PHOSPH-RXN	DEOXY-D-RIBOSE-1-PHOSPHATE	right
THYM-PHOSPH-RXN	THYMINE	right
RXN-9103	DIHYDROXYNAPHTHOATE	left
RXN-9103	CPD-9608	right
1.14.11.24-RXN	CPD-7227	left
1.14.11.24-RXN	2-KETOGLUTARATE	left
1.14.11.24-RXN	OXYGEN-MOLECULE	left
1.14.11.24-RXN	PROTON	right
1.14.11.24-RXN	CPD-7231	right
1.14.11.24-RXN	SUC	right
1.14.11.24-RXN	CARBON-DIOXIDE	right
RXN-15390	CPD-16623	left
RXN-15390	CPD-12835	left
RXN-15390	CPD-16624	right
RXN-15390	Glucopyranose	right
RXN-14003	IDP	left
RXN-14003	WATER	left
RXN-14003	IMP	right
RXN-14003	Pi	right
RXN-14003	PROTON	right
RXN-8194	CPD1F-129	left
RXN-8194	Acceptor	left
RXN-8194	CPD-7856	right
RXN-8194	Donor-H2	right
RXN-13487	CPD-13926	left
RXN-13487	Red-NADPH-Hemoprotein-Reductases	left
RXN-13487	OXYGEN-MOLECULE	left
RXN-13487	CPD-14479	right
RXN-13487	Ox-NADPH-Hemoprotein-Reductases	right
RXN-13487	WATER	right
RXN-12085	CORTISOL	left
RXN-12085	NADP	left
RXN-12085	CORTISONE	right
RXN-12085	NADPH	right
RXN-12085	PROTON	right
RXN-7650	NARINGENIN-CMPD	left
RXN-7650	Red-NADPH-Hemoprotein-Reductases	left
RXN-7650	OXYGEN-MOLECULE	left
RXN-7650	CPD-431	right
RXN-7650	Ox-NADPH-Hemoprotein-Reductases	right
RXN-7650	WATER	right
RXN-7650	PROTON	right
RXN-8925	L-ALPHA-ALANINE	left
RXN-8925	VANILLIN	left
RXN-8925	PYRUVATE	right
RXN-8925	CPD-9327	right
RXN-12279	CPD-13198	left
RXN-12279	WATER	left
RXN-12279	MALTOSE	right
RXN-12279	Branched-Unphos-Amylopectin-Tails	right
RXN-1142	CONIFERYL-ALDEHYDE	left
RXN-1142	Red-NADPH-Hemoprotein-Reductases	left
RXN-1142	OXYGEN-MOLECULE	left
RXN-1142	5-HYDROXY-CONIFERALDEHYDE	right
RXN-1142	Ox-NADPH-Hemoprotein-Reductases	right
RXN-1142	WATER	right
TRIACYLGLYCEROL-LIPASE-RXN	Triacylglycerols	left
TRIACYLGLYCEROL-LIPASE-RXN	WATER	left
TRIACYLGLYCEROL-LIPASE-RXN	DIACYLGLYCEROL	right
TRIACYLGLYCEROL-LIPASE-RXN	Fatty-Acids	right
TRIACYLGLYCEROL-LIPASE-RXN	PROTON	right
RXN-924	NADP	left
RXN-924	PROTON	left
RXN-924	E-	left
RXN-924	NADPH	right
RXN-22319	CPD-24335	left
RXN-22319	ACET	right
RXN-22319	PROTON	right
RXN-18439	2-METHYL-BUTYRYL-COA	left
RXN-18439	MALONYL-COA	left
RXN-18439	PROTON	left
RXN-18439	CPD-19784	right
RXN-18439	CARBON-DIOXIDE	right
RXN-18439	CO-A	right
RXN-13417	N-4-aminobutylidene-eIF5A-lysine	left
RXN-13417	NADH	left
RXN-13417	PROTON	left
RXN-13417	CPD-9973	right
RXN-13417	NAD	right
RXN-22775	CPD-15374	left
RXN-22775	VAL	left
RXN-22775	CPD-25236	right
RXN-22775	WATER	right
RXN-13902	CPD-14907	left
RXN-13902	CPD-12575	left
RXN-13902	CPD-14909	right
RXN-13902	UDP	right
RXN-13902	PROTON	right
RXN-14167	COUMARATE	left
RXN-14167	CPD-14005	right
RXN-7674	CPD-7014	left
RXN-7674	PHYTYL-PYROPHOSPHATE	left
RXN-7674	PROTON	left
RXN-7674	CHLOROPHYLL-B	right
RXN-7674	PPI	right
FLAVONE-7-O-BETA-GLUCOSYLTRANSFERASE-RXN	CPD-12575	left
FLAVONE-7-O-BETA-GLUCOSYLTRANSFERASE-RXN	5734-TETRAHYDROXYFLAVONE	left
FLAVONE-7-O-BETA-GLUCOSYLTRANSFERASE-RXN	LUTEOLIN-7-O-BETA-D-GLUCOSIDE	right
FLAVONE-7-O-BETA-GLUCOSYLTRANSFERASE-RXN	UDP	right
AMP-DEAMINASE-RXN	PROTON	left
AMP-DEAMINASE-RXN	AMP	left
AMP-DEAMINASE-RXN	WATER	left
AMP-DEAMINASE-RXN	IMP	right
AMP-DEAMINASE-RXN	AMMONIUM	right
RXN-18122	S-ADENOSYLMETHIONINE	left
RXN-18122	CPD-19420	left
RXN-18122	CPD-19421	right
RXN-18122	ADENOSYL-HOMO-CYS	right
RXN-18122	PROTON	right
RXN4FS-27	GLN	left
RXN4FS-27	IMIDAZOLE-PYRUVATE	left
RXN4FS-27	2-KETO-GLUTARAMATE	right
RXN4FS-27	HIS	right
RXN-18896	CPD-20262	left
RXN-18896	CPD-20263	right
RXN-18896	WATER	right
RXN-18896	PROTON	right
1.2.1.13-RXN	GAP	left
1.2.1.13-RXN	Pi	left
1.2.1.13-RXN	NADP	left
1.2.1.13-RXN	PROTON	right
1.2.1.13-RXN	NADPH	right
1.2.1.13-RXN	DPG	right
RXN1F-461	CPD-12575	left
RXN1F-461	CPD1F-90	left
RXN1F-461	CPD1F-453	right
RXN1F-461	UDP	right
RXN1F-461	PROTON	right
RXN-10481	CPD-4211	left
RXN-10481	DELTA3-ISOPENTENYL-PP	left
RXN-10481	PPI	right
RXN-10481	CPD-11293	right
RXN-13486	CPD-13925	left
RXN-13486	Red-NADPH-Hemoprotein-Reductases	left
RXN-13486	OXYGEN-MOLECULE	left
RXN-13486	CPD-14478	right
RXN-13486	Ox-NADPH-Hemoprotein-Reductases	right
RXN-13486	WATER	right
3.6.3.6-RXN	PROTON	left
3.6.3.6-RXN	ATP	left
3.6.3.6-RXN	WATER	left
3.6.3.6-RXN	PROTON	right
3.6.3.6-RXN	ADP	right
3.6.3.6-RXN	Pi	right
RXN-20457	NADPH	left
RXN-20457	WATER	left
RXN-20457	CPD0-2474	right
2-MEBUCOA-FAD-RXN	2-METHYL-BUTYRYL-COA	left
2-MEBUCOA-FAD-RXN	Acceptor	left
2-MEBUCOA-FAD-RXN	CPD-1083	right
2-MEBUCOA-FAD-RXN	Donor-H2	right
N-ACETYLTRANSFER-RXN	GLT	left
N-ACETYLTRANSFER-RXN	ACETYL-COA	left
N-ACETYLTRANSFER-RXN	CO-A	right
N-ACETYLTRANSFER-RXN	ACETYL-GLU	right
N-ACETYLTRANSFER-RXN	PROTON	right
RXN0-949	S-ADENOSYLMETHIONINE	left
RXN0-949	Octanoylated-domains	left
RXN0-949	Fe4S4-Cluster-Protein	left
RXN0-949	PROTON	left
RXN0-949	Reduced-ferredoxins	left
RXN0-949	Dihydro-Lipoyl-Proteins	right
RXN0-949	CH33ADO	right
RXN0-949	MET	right
RXN0-949	Iron-Sulfur-Cluster-Scaffold-Proteins	right
RXN0-949	CPD-7046	right
RXN0-949	FE+2	right
RXN0-949	Oxidized-ferredoxins	right
UDPREDUCT-RXN	DUDP	left
UDPREDUCT-RXN	Ox-Thioredoxin	left
UDPREDUCT-RXN	WATER	left
UDPREDUCT-RXN	UDP	right
UDPREDUCT-RXN	Red-Thioredoxin	right
ACETATE--COA-LIGASE-RXN	CO-A	left
ACETATE--COA-LIGASE-RXN	ACET	left
ACETATE--COA-LIGASE-RXN	ATP	left
ACETATE--COA-LIGASE-RXN	ACETYL-COA	right
ACETATE--COA-LIGASE-RXN	PPI	right
ACETATE--COA-LIGASE-RXN	AMP	right
RXN-20172	S-ADENOSYLMETHIONINE	left
RXN-20172	CPD-21768	left
RXN-20172	CPD-21769	right
RXN-20172	ADENOSYL-HOMO-CYS	right
RXN-20172	PROTON	right
UREASE-RXN	PROTON	left
UREASE-RXN	UREA	left
UREASE-RXN	WATER	left
UREASE-RXN	AMMONIUM	right
UREASE-RXN	CARBON-DIOXIDE	right
RXN-15237	CPD-16440	left
RXN-15237	OXYGEN-MOLECULE	left
RXN-15237	Red-NADPH-Hemoprotein-Reductases	left
RXN-15237	CPD-9980	right
RXN-15237	WATER	right
RXN-15237	Ox-NADPH-Hemoprotein-Reductases	right
RXN-15237	PROTON	right
LIPIDADISACCHARIDESYNTH-RXN	BISOHMYR-GLUCOSAMINYL-1P	left
LIPIDADISACCHARIDESYNTH-RXN	OH-MYRISTOYL	left
LIPIDADISACCHARIDESYNTH-RXN	BISOHMYR-GLC	right
LIPIDADISACCHARIDESYNTH-RXN	UDP	right
LIPIDADISACCHARIDESYNTH-RXN	PROTON	right
RXN4FS-14	GDP-D-GLUCOSE	left
RXN4FS-14	GDP-MANNOSE	right
RXN-9637	CPD-21322	left
RXN-9637	OXYGEN-MOLECULE	left
RXN-9637	Red-NADPH-Hemoprotein-Reductases	left
RXN-9637	CPD-21323	right
RXN-9637	Ox-NADPH-Hemoprotein-Reductases	right
RXN-9637	WATER	right
RXN-9347	CPD-9957	left
RXN-9347	Acceptor	left
RXN-9347	UBIQUINONE-9	right
RXN-9347	Donor-H2	right
RXN-9561	CPD-10204	left
RXN-9561	CPD-665	left
RXN-9561	CPD-10207	right
RXN-9561	WATER	right
RXN-8050	CPD-7554	left
RXN-8050	OXYGEN-MOLECULE	left
RXN-8050	Red-NADPH-Hemoprotein-Reductases	left
RXN-8050	CPD-7556	right
RXN-8050	Ox-NADPH-Hemoprotein-Reductases	right
RXN-8050	WATER	right
RXN-7578	CPD-6954	left
RXN-7578	CPD-6955	right
RXN-7578	WATER	right
RXN-13797	CPD1F-437	left
RXN-13797	CPD-12575	left
RXN-13797	CPD-14820	right
RXN-13797	UDP	right
RXN-4823	FARNESYL-PP	left
RXN-4823	CPD-4703	right
RXN-4823	PPI	right
RXNQT-4163	2-OXO-5-METHYLTHIOPENTANOIC-ACID	left
RXNQT-4163	ACETYL-COA	left
RXNQT-4163	WATER	left
RXNQT-4163	PROTON	right
RXNQT-4163	CPDQT-31	right
RXNQT-4163	CO-A	right
RXN-4201	CPD-12575	left
RXN-4201	CPD-3402	left
RXN-4201	PROTON	right
RXN-4201	CPD-4122	right
RXN-4201	UDP	right
3.2.1.58-RXN	1-3-beta-D-Glucans	left
3.2.1.58-RXN	WATER	left
3.2.1.58-RXN	1-3-beta-D-Glucans	right
3.2.1.58-RXN	ALPHA-GLUCOSE	right
RXNQT-4326	CPD-12575	left
RXNQT-4326	CPDQT-413	left
RXNQT-4326	PROTON	right
RXNQT-4326	CPDQT-417	right
RXNQT-4326	UDP	right
RXN18C3-54	CPD-14737	left
RXN18C3-54	CPD-12575	left
RXN18C3-54	CPD-19194	right
RXN18C3-54	UDP	right
RXN18C3-54	PROTON	right
RXN-11428	CPD-12384	left
RXN-11428	WATER	left
RXN-11428	CPD-12385	right
RXN-11428	GLT	right
RXN-12878	GLT	left
RXN-12878	Oxidized-ferredoxins	left
RXN-12878	WATER	left
RXN-12878	AMMONIA	right
RXN-12878	2-KETOGLUTARATE	right
RXN-12878	Reduced-ferredoxins	right
RXN-12878	PROTON	right
3.1.2.21-RXN	Dodecanoyl-ACPs	left
3.1.2.21-RXN	WATER	left
3.1.2.21-RXN	ACP	right
3.1.2.21-RXN	DODECANOATE	right
3.1.2.21-RXN	PROTON	right
RXN-9039	CPD-8096	left
RXN-9039	CPD-183	right
RXN-14353	Soluble-Heteroglycans	left
RXN-14353	Pi	left
RXN-14353	Soluble-Heteroglycans	right
RXN-14353	GLC-1-P	right
RXN-11442	CPD-12403	left
RXN-11442	WATER	left
RXN-11442	CPDQT-414	right
RXN-11442	CPD-12607	right
RXN-11246	CPD-201	left
RXN-11246	ACETYL-COA	left
RXN-11246	CPD-10600	right
RXN-11246	CO-A	right
2.4.1.142-RXN	NN-DIACETYLCHITOBIOSYLDIPHOSPHODOLICHO	left
2.4.1.142-RXN	GDP-MANNOSE	left
2.4.1.142-RXN	ALPHA-D-MANNOSYLCHITOBIO	right
2.4.1.142-RXN	PROTON	right
2.4.1.142-RXN	GDP	right
RXN-12567	OH-HEXANOYL-COA	left
RXN-12567	CPD0-2121	right
RXN-12567	WATER	right
RXN-15531	CPD-9410	left
RXN-15531	Red-NADPH-Hemoprotein-Reductases	left
RXN-15531	OXYGEN-MOLECULE	left
RXN-15531	CPD-16766	right
RXN-15531	Ox-NADPH-Hemoprotein-Reductases	right
RXN-15531	WATER	right
TRANS-RXN-373	L-ASPARTATE	left
TRANS-RXN-373	L-ASPARTATE	right
2.7.1.68-RXN	CPD-1108	left
2.7.1.68-RXN	ATP	left
2.7.1.68-RXN	PHOSPHATIDYL-MYO-INOSITOL-45-BISPHOSPHA	right
2.7.1.68-RXN	ADP	right
2.7.1.68-RXN	PROTON	right
RXN-16192	CPD-17439	left
RXN-16192	WATER	left
RXN-16192	CPD-17438	right
RXN-16192	GLY	right
RXN-18946	CPD-20413	left
RXN-18946	Red-NADPH-Hemoprotein-Reductases	left
RXN-18946	OXYGEN-MOLECULE	left
RXN-18946	CPD-20325	right
RXN-18946	Ox-NADPH-Hemoprotein-Reductases	right
RXN-18946	WATER	right
RXN-22698	CYS	left
RXN-22698	MOCS3-Cysteine	left
RXN-22698	L-ALPHA-ALANINE	right
RXN-22698	MOCS3-Cysteine-Persulfide	right
RXN-23869	MALONYL-COA	left
RXN-23869	CPD-26443	left
RXN-23869	CPD-6989	right
RXN-23869	CARBON-DIOXIDE	right
RXN-23869	CO-A	right
THIOREDOXIN-REDUCT-NADPH-RXN	Red-Thioredoxin	left
THIOREDOXIN-REDUCT-NADPH-RXN	NADP	left
THIOREDOXIN-REDUCT-NADPH-RXN	Ox-Thioredoxin	right
THIOREDOXIN-REDUCT-NADPH-RXN	NADPH	right
THIOREDOXIN-REDUCT-NADPH-RXN	PROTON	right
RXN-13511	CPD-14501	left
RXN-13511	CPD-12575	left
RXN-13511	CPD-14502	right
RXN-13511	UDP	right
RXN-13511	PROTON	right
RXN-15534	S-ADENOSYLMETHIONINE	left
RXN-15534	CPD-14907	left
RXN-15534	CPD-16776	right
RXN-15534	ADENOSYL-HOMO-CYS	right
RXN-15534	PROTON	right
RXN-16233	CPD-17478	left
RXN-16233	Donor-H2	left
RXN-16233	CPD-17480	right
RXN-16233	WATER	right
RXN-16233	Acceptor	right
RXN-8286	CPD-170	left
RXN-8286	CPD-8065	right
RXN-8286	CPD-1099	right
RXN-16476	S-ADENOSYLMETHIONINE	left
RXN-16476	CONIFERYL-ALCOHOL	left
RXN-16476	CPD-17703	right
RXN-16476	ADENOSYL-HOMO-CYS	right
RXN-16476	PROTON	right
RXN-5962	CPD-5661	left
RXN-5962	Red-NADPH-Hemoprotein-Reductases	left
RXN-5962	OXYGEN-MOLECULE	left
RXN-5962	CPD1F-119	right
RXN-5962	Ox-NADPH-Hemoprotein-Reductases	right
RXN-5962	WATER	right
SCOPOLETIN-GLUCOSYLTRANSFERASE-RXN	CPD-12575	left
SCOPOLETIN-GLUCOSYLTRANSFERASE-RXN	SCOPOLETIN	left
SCOPOLETIN-GLUCOSYLTRANSFERASE-RXN	PROTON	right
SCOPOLETIN-GLUCOSYLTRANSFERASE-RXN	SCOPOLIN	right
SCOPOLETIN-GLUCOSYLTRANSFERASE-RXN	UDP	right
RXN-8135	THIOHYDROXIMATE-O-SULFATES	left
RXN-8135	ISOTHIOCYANATES	right
RXN-8135	SULFATE	right
RXN-8135	PROTON	right
RXN-24189	S-ADENOSYLMETHIONINE	left
RXN-24189	CPD-26732	left
RXN-24189	ADENOSYL-HOMO-CYS	right
RXN-24189	CPD-15049	right
RXN-24189	PROTON	right
RXN-8460	L-DIHYDROXY-PHENYLALANINE	left
RXN-8460	OXYGEN-MOLECULE	left
RXN-8460	PROTON	right
RXN-8460	CPD-253	right
RXN-13506	CPD-13667	left
RXN-13506	Red-NADPH-Hemoprotein-Reductases	left
RXN-13506	OXYGEN-MOLECULE	left
RXN-13506	CPD-14483	right
RXN-13506	Ox-NADPH-Hemoprotein-Reductases	right
RXN-13506	WATER	right
RXN-13506	PROTON	right
RXN-11676	LINOLENOYL-COA	left
RXN-11676	MALONYL-COA	left
RXN-11676	NADPH	left
RXN-11676	PROTON	left
RXN-11676	CPD-12647	right
RXN-11676	CARBON-DIOXIDE	right
RXN-11676	CO-A	right
RXN-11676	NADP	right
RXN-11676	WATER	right
RXN-8984	CPD-9424	left
RXN-8984	WATER	left
RXN-8984	CPD-9427	right
RXN-8984	HYDROGEN-MOLECULE	right
RXN-15582	S-Substituted-L-Cysteines	left
RXN-15582	Thiols	right
RXN-15582	2-AMINOACRYLATE	right
RXN-16380	STEARIC_ACID	left
RXN-16380	CO-A	left
RXN-16380	ATP	left
RXN-16380	STEAROYL-COA	right
RXN-16380	AMP	right
RXN-16380	PPI	right
RXN-3181	INDOLE_ACETATE_AUXIN	left
RXN-3181	WATER	left
RXN-3181	Acceptor	left
RXN-3181	2-OXINDOLE-3-ACETIC-ACID	right
RXN-3181	Donor-H2	right
RXN-16171	CPD-17420	left
RXN-16171	Red-NADPH-Hemoprotein-Reductases	left
RXN-16171	OXYGEN-MOLECULE	left
RXN-16171	CPD-719	right
RXN-16171	Ox-NADPH-Hemoprotein-Reductases	right
RXN-16171	WATER	right
RXN-13906	S-ADENOSYLMETHIONINE	left
RXN-13906	CPD-520	left
RXN-13906	CPD-13511	right
RXN-13906	ADENOSYL-HOMO-CYS	right
RXN-9643	2-Hydroxy-2-methylbutyronitriles	left
RXN-9643	CPD-12575	left
RXN-9643	PROTON	right
RXN-9643	CPD-10277	right
RXN-9643	UDP	right
RXN-19954	2Cys-Peroxiredoxins-With-HydroxyCys	left
RXN-19954	Cys2-Peroxiredoxin-Disulfide	right
RXN-19954	WATER	right
PYRIDOXKIN-RXN	ATP	left
PYRIDOXKIN-RXN	PYRIDOXAL	left
PYRIDOXKIN-RXN	PROTON	right
PYRIDOXKIN-RXN	ADP	right
PYRIDOXKIN-RXN	PYRIDOXAL_PHOSPHATE	right
RXN-20434	CPD-22131	left
RXN-20434	NAD	left
RXN-20434	CPD-22132	right
RXN-20434	NADH	right
RXN-20434	CARBON-DIOXIDE	right
RXN-13019	CPD-14047	left
RXN-13019	OXYGEN-MOLECULE	left
RXN-13019	Red-NADPH-Hemoprotein-Reductases	left
RXN-13019	CPD-14048	right
RXN-13019	WATER	right
RXN-13019	Ox-NADPH-Hemoprotein-Reductases	right
3-PHOSPHOGLYCERATE-PHOSPHATASE-RXN	WATER	left
3-PHOSPHOGLYCERATE-PHOSPHATASE-RXN	G3P	left
3-PHOSPHOGLYCERATE-PHOSPHATASE-RXN	GLYCERATE	right
3-PHOSPHOGLYCERATE-PHOSPHATASE-RXN	Pi	right
RXN-4727	CPD-12575	left
RXN-4727	CPD-4209	left
RXN-4727	PROTON	right
RXN-4727	CPD-4602	right
RXN-4727	UDP	right
RXN4KF-11495	CPD4KF-4	left
RXN4KF-11495	CPD4KF-6	right
RXN-9047	CPD-9524	left
RXN-9047	OXYGEN-MOLECULE	left
RXN-9047	WATER	left
RXN-9047	CPD-9525	right
RXN-9047	HYDROGEN-PEROXIDE	right
RXN-11658	CPD-110	left
RXN-11658	CPD-12575	left
RXN-11658	CPD-12628	right
RXN-11658	UDP	right
RXN-11658	PROTON	right
RXN-18481	CPD-13420	left
RXN-18481	WATER	left
RXN-18481	CPD-11260	right
RXN-18481	ILE	right
RXN-15323	CPD-14999	left
RXN-15323	CPD-15281	left
RXN-15323	CPD-16529	right
RXN-15323	Glucopyranose	right
RXN-15323	PROTON	right
RXN-19983	CPD-21546	left
RXN-19983	NADP	left
RXN-19983	CPD-21558	right
RXN-19983	NADPH	right
RXN-19983	PROTON	right
UROPORIIIMETHYLTRANSA-RXN	S-ADENOSYLMETHIONINE	left
UROPORIIIMETHYLTRANSA-RXN	UROPORPHYRINOGEN-III	left
UROPORIIIMETHYLTRANSA-RXN	PROTON	right
UROPORIIIMETHYLTRANSA-RXN	ADENOSYL-HOMO-CYS	right
UROPORIIIMETHYLTRANSA-RXN	CPD-9038	right
RXN-9113	CPD-9631	left
RXN-9113	CPD-9622	right
BILIVERDIN-REDUCTASE-RXN	NAD-P-OR-NOP	left
BILIVERDIN-REDUCTASE-RXN	BILIRUBIN	left
BILIVERDIN-REDUCTASE-RXN	BILIVERDINE	right
BILIVERDIN-REDUCTASE-RXN	NADH-P-OR-NOP	right
BILIVERDIN-REDUCTASE-RXN	PROTON	right
RXN-23332	ATP	left
RXN-23332	Ubiquitin-C-Terminal-Glycine	left
RXN-23332	PROTON	left
RXN-23332	Ubiquitin-C-Terminal-Glycine-AMP	right
RXN-23332	PPI	right
DCTP-DEAM-RXN	PROTON	left
DCTP-DEAM-RXN	WATER	left
DCTP-DEAM-RXN	DCTP	left
DCTP-DEAM-RXN	AMMONIUM	right
DCTP-DEAM-RXN	DUTP	right
RXN-20166	S-STYLOPINE	left
RXN-20166	OXYGEN-MOLECULE	left
RXN-20166	PROTON	left
RXN-20166	CPD-21760	right
RXN-20166	HYDROGEN-PEROXIDE	right
RXN-2562	S-ADENOSYLMETHIONINE	left
RXN-2562	DELTA-TOCOPHEROL	left
RXN-2562	PROTON	right
RXN-2562	BETA-TOCOPHEROL	right
RXN-2562	ADENOSYL-HOMO-CYS	right
RXN-23335	CPD-25934	left
RXN-23335	12-OXO-CIS-9-DODECENOATE	left
RXN-23335	CPD-19335	right
RXN-23335	CPD-25935	right
RXN-9022	S-ADENOSYLMETHIONINE	left
RXN-9022	CPD-9499	left
RXN-9022	PROTON	right
RXN-9022	CPD-9500	right
RXN-9022	ADENOSYL-HOMO-CYS	right
RXN-9640	CPD-10273	left
RXN-9640	CPD-10274	right
RXNIO2-10	HCO3	left
RXNIO2-10	PROTON	left
RXNIO2-10	WATER	right
RXNIO2-10	CARBON-DIOXIDE	right
RXN-7186	CPD-6661	left
RXN-7186	ATP	left
RXN-7186	PROTON	right
RXN-7186	MI-HEXAKISPHOSPHATE	right
RXN-7186	ADP	right
RXN-8198	CPD-7857	left
RXN-8198	UNKNOWN	right
RXN1A0-6297	MALONYL-COA	left
RXN1A0-6297	Polyketide-ACP-Proteins	left
RXN1A0-6297	PROTON	left
RXN1A0-6297	Hepta-oxo-hexadecanoyl-ACPs	right
RXN1A0-6297	CARBON-DIOXIDE	right
RXN1A0-6297	CO-A	right
RXN-8406	CPD-8214	left
RXN-8406	Donor-H2	left
RXN-8406	CPD-8225	right
RXN-8406	CL-	right
RXN-8406	Acceptor	right
RXN-8406	PROTON	right
6PFRUCTPHOS-RXN	ATP	left
6PFRUCTPHOS-RXN	FRUCTOSE-6P	left
6PFRUCTPHOS-RXN	PROTON	right
6PFRUCTPHOS-RXN	ADP	right
6PFRUCTPHOS-RXN	FRUCTOSE-16-DIPHOSPHATE	right
ACETOLACTSYN-RXN	PROTON	left
ACETOLACTSYN-RXN	PYRUVATE	left
ACETOLACTSYN-RXN	2-ACETO-LACTATE	right
ACETOLACTSYN-RXN	CARBON-DIOXIDE	right
RXN-11292	N-4-GUANIDINOBUTYL-4-HYDROXYCINNAMAMID	left
RXN-11292	HYDROGEN-PEROXIDE	left
RXN-11292	CPD-12232	right
RXN-11292	WATER	right
2.7.7.44-RXN	PROTON	left
2.7.7.44-RXN	CPD-510	left
2.7.7.44-RXN	UTP	left
2.7.7.44-RXN	UDP-GLUCURONATE	right
2.7.7.44-RXN	PPI	right
RXN-11423	CPD-12392	left
RXN-11423	GLUTATHIONE	left
RXN-11423	CPD-12393	right
RXN-11423	WATER	right
RXN-18259	CPD-14553	left
RXN-18259	BETA-ACETYLGLUCOSAMINIDE	left
RXN-18259	beta-Gal-13-beta-GlcNac-R	right
RXN-18259	UDP	right
RXN-18259	PROTON	right
RXN-16818	Ferrihemoglobins	left
RXN-16818	HYDROXYLAMINE	left
RXN-16818	Ferrohemoglobins	right
RXN-16818	NITRIC-OXIDE	right
RXN-16818	PROTON	right
RXN-14196	CARBAMATE	left
RXN-14196	ATP	left
RXN-14196	CARBAMOYL-P	right
RXN-14196	ADP	right
RXN-9556	R-3-hydroxy-cis-vaccenoyl-ACPs	left
RXN-9556	NADP	left
RXN-9556	3-oxo-cis-vaccenoyl-ACPs	right
RXN-9556	NADPH	right
RXN-9556	PROTON	right
RXN-7838	D-3-HYDROXYACYL-COA	left
RXN-7838	Cis-2-enoyl-CoAs	right
RXN-7838	WATER	right
RXN-12299	TRANS-2-HEXENOL	left
RXN-12299	NADP	left
RXN-12299	TRANS-2-HEXENAL	right
RXN-12299	NADPH	right
RXN-12299	PROTON	right
RXN-12384	Linear-Malto-Oligosaccharides	left
RXN-12384	WATER	left
RXN-12384	MALTOSE	right
RXN-12384	Linear-Malto-Oligosaccharides	right
ALDOSE1EPIM-RXN	GALACTOSE	left
ALDOSE1EPIM-RXN	ALPHA-D-GALACTOSE	right
RXN-4423	CPD-4284	left
RXN-4423	CPD-4285	right
3.1.1.82-RXN	CPD-7061	left
3.1.1.82-RXN	WATER	left
3.1.1.82-RXN	PROTON	left
3.1.1.82-RXN	CPD-10296	right
3.1.1.82-RXN	METOH	right
3.1.1.82-RXN	CARBON-DIOXIDE	right
GLUTKIN-RXN	GLT	left
GLUTKIN-RXN	ATP	left
GLUTKIN-RXN	L-GLUTAMATE-5-P	right
GLUTKIN-RXN	ADP	right
RXN-23071	CPD-25512	left
RXN-23071	PROTON	left
RXN-23071	CPD-25511	right
RXN-23071	CARBON-DIOXIDE	right
RXN-4444	Long-chain-alcohols	left
RXN-4444	OXYGEN-MOLECULE	left
RXN-4444	Long-Chain-Aldehydes	right
RXN-4444	HYDROGEN-PEROXIDE	right
RXN-19831	OBTUSIFOLIOL	left
RXN-19831	OXYGEN-MOLECULE	left
RXN-19831	Red-NADPH-Hemoprotein-Reductases	left
RXN-19831	CPD-21438	right
RXN-19831	WATER	right
RXN-19831	Ox-NADPH-Hemoprotein-Reductases	right
RXN-8487	TYR	left
RXN-8487	CPD-8651	left
RXN-8487	PROTON	right
RXN-8487	CPD-8670	right
RXN-8487	WATER	right
RXN-777	CPD-720	left
RXN-777	OXYGEN-MOLECULE	left
RXN-777	Red-NADPH-Hemoprotein-Reductases	left
RXN-777	CPD-723	right
RXN-777	WATER	right
RXN-777	Ox-NADPH-Hemoprotein-Reductases	right
RXN-2161	S-ADENOSYLMETHIONINE	left
RXN-2161	CPD-19470	left
RXN-2161	1-METHOXY-3-INDOLYLMETHYL-GLUCOSINOLATE	right
RXN-2161	ADENOSYL-HOMO-CYS	right
RXN-2161	PROTON	right
RXN-18745	CPD-17616	left
RXN-18745	WATER	left
RXN-18745	CPD-20040	right
RXN-3221	CPD-3041	left
RXN-3221	CPD-3061	right
RXN-13793	CPD-14814	left
RXN-13793	CPD-14815	right
RXN-12280	Branched-Unphos-Amylopectin-Tails	left
RXN-12280	WATER	left
RXN-12280	CPD-7043	right
RXN-12280	Linear-Malto-Oligosaccharides	right
RXN-12393	CPD-13368	left
RXN-12393	OXYGEN-MOLECULE	left
RXN-12393	CPD-13369	right
RXN-12393	CPD-13370	right
RXN-11750	Very-Long-Chain-3-Hydroxyacyl-CoAs	left
RXN-11750	Very-Long-Chain-Trans-23-Dehydroacyl-CoA	right
RXN-11750	WATER	right
ALKAPHOSPHA-RXN	Orthophosphoric-Monoesters	left
ALKAPHOSPHA-RXN	WATER	left
ALKAPHOSPHA-RXN	Alcohols	right
ALKAPHOSPHA-RXN	Pi	right
RXN-14486	CPD-15362	left
RXN-14486	NADPH	left
RXN-14486	PROTON	left
RXN-14486	CPD-15363	right
RXN-14486	NADP	right
RXN-10627	GERANYLGERANYL-PP	left
RXN-10627	WATER	left
RXN-10627	CPD-9087	right
RXN-10627	PPI	right
S-2-HYDROXY-ACID-OXIDASE-RXN	OXYGEN-MOLECULE	left
S-2-HYDROXY-ACID-OXIDASE-RXN	S-2-Hydroxyacids1	left
S-2-HYDROXY-ACID-OXIDASE-RXN	HYDROGEN-PEROXIDE	right
S-2-HYDROXY-ACID-OXIDASE-RXN	2-Oxo-carboxylates	right
RXN-9560	CPD-10204	left
RXN-9560	ACETALD	left
RXN-9560	CPD-10206	right
RXN-9560	WATER	right
RXN-16236	CPD-17479	left
RXN-16236	OXYGEN-MOLECULE	left
RXN-16236	CPD-17482	right
RXN-16236	HYDROGEN-PEROXIDE	right
RXN-18200	CPDQT-40	left
RXN-18200	NAD	left
RXN-18200	CPD-19487	right
RXN-18200	NADH	right
RXN-18200	PROTON	right
RXN-15123	CPD-16013	left
RXN-15123	WATER	left
RXN-15123	2-OXOBUTANOATE	right
RXN-15123	AMMONIUM	right
RXN-19689	CPD-12575	left
RXN-19689	CPD-7610	left
RXN-19689	CPD-9489	right
RXN-19689	UDP	right
RXN-19689	PROTON	right
RXN-2204	3-2-METHYLTHIOETHYLMALIC-ACID	left
RXN-2204	NAD	left
RXN-2204	CPD-19486	right
RXN-2204	NADH	right
RXN-2204	PROTON	right
RXN-13189	CPD1F-132	left
RXN-13189	OXYGEN-MOLECULE	left
RXN-13189	Red-NADPH-Hemoprotein-Reductases	left
RXN-13189	CPD1F-95	right
RXN-13189	WATER	right
RXN-13189	Ox-NADPH-Hemoprotein-Reductases	right
RXN-13189	PROTON	right
RXN-1882	GDP-MANNOSE	left
RXN-1882	GDP-L-GALACTOSE	right
RXN-11211	DIHYDRO-THYMINE	left
RXN-11211	WATER	left
RXN-11211	3-UREIDO-ISOBUTYRATE	right
RXN-11211	PROTON	right
RXN-10783	WATER	left
RXN-10783	CPD-11682	left
RXN-10783	GLC	right
RXN-10783	CPD-8097	right
RXN-11538	CPD-719	left
RXN-11538	Red-NADPH-Hemoprotein-Reductases	left
RXN-11538	OXYGEN-MOLECULE	left
RXN-11538	CPD-12497	right
RXN-11538	Ox-NADPH-Hemoprotein-Reductases	right
RXN-11538	WATER	right
RXN0-7192	BIOTIN	left
RXN0-7192	ATP	left
RXN0-7192	PROTON	left
RXN0-7192	BIO-5-AMP	right
RXN0-7192	PPI	right
RXN-9265	CPD-9828	left
RXN-9265	CPD-9831	right
RXN-14857	CPD-15777	left
RXN-14857	WATER	left
RXN-14857	Acceptor	left
RXN-14857	HMP	right
RXN-14857	CPD-15779	right
RXN-14857	Donor-H2	right
RXN-11958	CPD-12927	left
RXN-11958	OXYGEN-MOLECULE	left
RXN-11958	FERROCYTOCHROME-B5	left
RXN-11958	PROTON	left
RXN-11958	CPD-12928	right
RXN-11958	FERRICYTOCHROME-B5	right
RXN-11958	WATER	right
RXN-14656	CPD-15476	left
RXN-14656	2-KETOGLUTARATE	left
RXN-14656	OXYGEN-MOLECULE	left
RXN-14656	CPD-15473	right
RXN-14656	FORMALDEHYDE	right
RXN-14656	SUC	right
RXN-14656	CARBON-DIOXIDE	right
RXN-14436	CPD-7138	left
RXN-14436	WATER	left
RXN-14436	CPD1F-766	right
RXN-14436	Glucopyranose	right
RXN-14436	PROTON	right
RXN-9272	SCOPOLETIN	left
RXN-9272	Demethylated-methyl-acceptors	right
RXN-9272	CPD-9836	right
RXN-19582	CPD-3740	left
RXN-19582	CPD-19493	right
RXN-19582	2-AMINOACRYLATE	right
RXN-9261	CPD-9800	left
RXN-9261	CPD-8186	right
PYRUVFORMLY-RXN	FORMATE	left
PYRUVFORMLY-RXN	ACETYL-COA	left
PYRUVFORMLY-RXN	PYRUVATE	right
PYRUVFORMLY-RXN	CO-A	right
RXN-9719	PROTON	left
RXN-9719	CONIFERYL-ALCOHOL	left
RXN-9719	CPD-9329	left
RXN-9719	CPD-10356	right
RXN-9719	WATER	right
RXN-16416	18-HYDROXYOLEATE	left
RXN-16416	NADP	left
RXN-16416	18-OXOOLEATE	right
RXN-16416	NADPH	right
RXN-16416	PROTON	right
RXN-8289	CPD-12575	left
RXN-8289	CPD1F-453	left
RXN-8289	PROTON	right
RXN-8289	CPD-8067	right
RXN-8289	UDP	right
1.14.13.55-RXN	PROTOPINE	left
1.14.13.55-RXN	OXYGEN-MOLECULE	left
1.14.13.55-RXN	Red-NADPH-Hemoprotein-Reductases	left
1.14.13.55-RXN	6-HYDROXYPROTOPINE	right
1.14.13.55-RXN	WATER	right
1.14.13.55-RXN	Ox-NADPH-Hemoprotein-Reductases	right
RXN-13967	CPD1F-766	left
RXN-13967	1-O-SINAPOYL-BETA-D-GLUCOSE	left
RXN-13967	CPD-7138	right
RXN-13967	SINAPATE	right
R147-RXN	CPD-85	left
R147-RXN	OXYGEN-MOLECULE	left
R147-RXN	PROTON	right
R147-RXN	CPD-479	right
R147-RXN	FORMATE	right
RXN18C3-55	UDP-D-XYLOSE	left
RXN18C3-55	CPD-19195	left
RXN18C3-55	CPD-14737	right
RXN18C3-55	UDP	right
RXN18C3-55	PROTON	right
CARBOXYCYCLOHEXADIENYL-DEHYDRATASE-RXN	PROTON	left
CARBOXYCYCLOHEXADIENYL-DEHYDRATASE-RXN	CPD-659	left
CARBOXYCYCLOHEXADIENYL-DEHYDRATASE-RXN	CARBON-DIOXIDE	right
CARBOXYCYCLOHEXADIENYL-DEHYDRATASE-RXN	WATER	right
CARBOXYCYCLOHEXADIENYL-DEHYDRATASE-RXN	PHE	right
2.4.1.83-RXN	DOLICHOLP	left
2.4.1.83-RXN	GDP-MANNOSE	left
2.4.1.83-RXN	CPD-171	right
2.4.1.83-RXN	GDP	right
5-METHYLTHIORIBOSE-KINASE-RXN	CPD-560	left
5-METHYLTHIORIBOSE-KINASE-RXN	ATP	left
5-METHYLTHIORIBOSE-KINASE-RXN	PROTON	right
5-METHYLTHIORIBOSE-KINASE-RXN	ADP	right
5-METHYLTHIORIBOSE-KINASE-RXN	CPD-444	right
RXN-13929	S-ADENOSYLMETHIONINE	left
RXN-13929	CPD-8004	left
RXN-13929	CPD-14946	right
RXN-13929	ADENOSYL-HOMO-CYS	right
RXN-9725	CPD-7630	left
RXN-9725	NADP	left
RXN-9725	CPD-591	right
RXN-9725	NADPH	right
RXN-9725	PROTON	right
RXN-7577	PROTON	left
RXN-7577	P-COUMAROYL-COA	left
RXN-7577	WATER	left
RXN-7577	MALONYL-COA	left
RXN-7577	CO-A	right
RXN-7577	CARBON-DIOXIDE	right
RXN-7577	CPD-6954	right
IMPCYCLOHYDROLASE-RXN	IMP	left
IMPCYCLOHYDROLASE-RXN	WATER	left
IMPCYCLOHYDROLASE-RXN	PHOSPHORIBOSYL-FORMAMIDO-CARBOXAMIDE	right
RXN-23528	CPD-15374	left
RXN-23528	ASN	left
RXN-23528	CPD-26024	right
RXN-23528	WATER	right
RXN-9175	CPD-9739	left
RXN-9175	L-ALPHA-ALANINE	left
RXN-9175	CPD-9699	right
RXN-9175	PYRUVATE	right
RXN-11062	S-ADENOSYLMETHIONINE	left
RXN-11062	SELENOMETHIONINE	left
RXN-11062	ADENOSYL-HOMO-CYS	right
RXN-11062	CPD-12025	right
3-DEHYDROSPHINGANINE-REDUCTASE-RXN	CPD-13612	left
3-DEHYDROSPHINGANINE-REDUCTASE-RXN	NADP	left
3-DEHYDROSPHINGANINE-REDUCTASE-RXN	PROTON	right
3-DEHYDROSPHINGANINE-REDUCTASE-RXN	NADPH	right
3-DEHYDROSPHINGANINE-REDUCTASE-RXN	DEHYDROSPHINGANINE	right
RXN-17183	S-ADENOSYLMETHIONINE	left
RXN-17183	CPD-18575	left
RXN-17183	CPD-14666	right
RXN-17183	ADENOSYL-HOMO-CYS	right
RXN-17183	PROTON	right
RXN-10132	QUERCETIN-337-TRISSULFATE	left
RXN-10132	PAPS	left
RXN-10132	3-5-ADP	right
RXN-10132	PROTON	right
RXN-10132	CPD-10894	right
RXN-14871	CPD-15741	left
RXN-14871	CPD-15798	right
RXN-12263	FARNESYL-PP	left
RXN-12263	CPD-465	right
RXN-12263	PPI	right
RXN-9193	GERANIAL	left
RXN-9193	CPD-9762	right
RXN18C3-240	CPD-22278	left
RXN18C3-240	NADH	left
RXN18C3-240	PROTON	left
RXN18C3-240	CPD-22279	right
RXN18C3-240	NAD	right
RXN-8956	ARG	left
RXN-8956	PYRUVATE	left
RXN-8956	CPD-824	right
RXN-8956	L-ALPHA-ALANINE	right
RIBULP3EPIM-RXN	RIBULOSE-5P	left
RIBULP3EPIM-RXN	XYLULOSE-5-PHOSPHATE	right
RXN-18159	CPD-13031	left
RXN-18159	OXYGEN-MOLECULE	left
RXN-18159	Red-NADPH-Hemoprotein-Reductases	left
RXN-18159	GLUTATHIONE	left
RXN-18159	CPD-12384	right
RXN-18159	Ox-NADPH-Hemoprotein-Reductases	right
RXN-18159	WATER	right
RXN2GG-5264	CPD2GG-5240	left
RXN2GG-5264	CPD2GG-5257	right
RXN-8779	L-SORBOSONE	left
RXN-8779	CPD-9056	right
RXN-20257	CPD-13248	left
RXN-20257	OXYGEN-MOLECULE	left
RXN-20257	PROTON	left
RXN-20257	CPD-21877	right
RXN-20257	WATER	right
RXN-8725	CPD-8953	left
RXN-8725	1-O-GALLOYL-BETA-D-GLUCOSE	left
RXN-8725	CPD-8956	right
RXN-8725	Glucopyranose	right
RXN-8206	CPD-7117	left
RXN-8206	MALONYL-COA	left
RXN-8206	CPD-7862	right
RXN-8206	CO-A	right
RXN66-28	CHOLESTEROL	left
RXN66-28	NADP	left
RXN66-28	DESMOSTEROL-CPD	right
RXN66-28	NADPH	right
RXN66-28	PROTON	right
RXN-8254	TROPINE	left
RXN-8254	CPD-24928	left
RXN-8254	CPD-7996	right
RXN-8254	Glucopyranose	right
2.4.1.178-RXN	CPD-12575	left
2.4.1.178-RXN	CPD-14590	left
2.4.1.178-RXN	PROTON	right
2.4.1.178-RXN	CPD-1103	right
2.4.1.178-RXN	UDP	right
RXNQT-4398	CPD-634	left
RXNQT-4398	CPD-12575	left
RXNQT-4398	CPDQT-522	right
RXNQT-4398	UDP	right
RXNQT-4398	PROTON	right
RXN-13957	CPD-6881	left
RXN-13957	CPD-4211	left
RXN-13957	CPD-14997	right
RXN-13957	PPI	right
RXN-1781	SUCROSE	left
RXN-1781	1-KESTOTRIOSE	right
RXN-1781	Glucopyranose	right
NUCLEOSIDE-TRIPHOSPHATASE-RXN	WATER	left
NUCLEOSIDE-TRIPHOSPHATASE-RXN	Nucleoside-Triphosphates	left
NUCLEOSIDE-TRIPHOSPHATASE-RXN	Pi	right
NUCLEOSIDE-TRIPHOSPHATASE-RXN	Nucleoside-Diphosphates	right
NUCLEOSIDE-TRIPHOSPHATASE-RXN	PROTON	right
PYRUVDEH-RXN	PYRUVATE	left
PYRUVDEH-RXN	CO-A	left
PYRUVDEH-RXN	NAD	left
PYRUVDEH-RXN	ACETYL-COA	right
PYRUVDEH-RXN	CARBON-DIOXIDE	right
PYRUVDEH-RXN	NADH	right
RXNQT-4192	Very-Long-Chain-Alcohols	left
RXNQT-4192	NADP	left
RXNQT-4192	CO-A	left
RXNQT-4192	VERY-LONG-CHAIN-FATTY-ACYL-COA	right
RXNQT-4192	NADPH	right
RXNQT-4192	PROTON	right
RXN-20042	CPD-21441	left
RXN-20042	OXYGEN-MOLECULE	left
RXN-20042	CPD-21650	right
RXN-20042	HYDROGEN-PEROXIDE	right
RXN-13185	CPD1F-133	left
RXN-13185	ASCORBATE	left
RXN-13185	CPD1F-130	right
RXN-13185	L-DEHYDRO-ASCORBATE	right
RXN-13185	WATER	right
RXN3O-218	EPISTEROL	left
RXN3O-218	OXYGEN-MOLECULE	left
RXN3O-218	FERROCYTOCHROME-B5	left
RXN3O-218	PROTON	left
RXN3O-218	CPD-700	right
RXN3O-218	WATER	right
RXN3O-218	FERRICYTOCHROME-B5	right
TRANS-RXN4LZ-7054	GLT	left
TRANS-RXN4LZ-7054	MAL	left
TRANS-RXN4LZ-7054	GLT	right
TRANS-RXN4LZ-7054	MAL	right
325-BISPHOSPHATE-NUCLEOTIDASE-RXN	3-5-ADP	left
325-BISPHOSPHATE-NUCLEOTIDASE-RXN	WATER	left
325-BISPHOSPHATE-NUCLEOTIDASE-RXN	Pi	right
325-BISPHOSPHATE-NUCLEOTIDASE-RXN	AMP	right
RXN-22729	CPD-9517	left
RXN-22729	ANTHRANILATE	right
RXN-22729	PYRUVATE	right
RXN-22729	PROTON	right
TRANS-RXN-131	GLYCEROL	left
TRANS-RXN-131	GLYCEROL	right
RXN-3542	S-ADENOSYLMETHIONINE	left
RXN-3542	DAIDZEIN	left
RXN-3542	PROTON	right
RXN-3542	FORMONONETIN	right
RXN-3542	ADENOSYL-HOMO-CYS	right
RXN-8024	CPD-7408	left
RXN-8024	Acceptor	left
RXN-8024	CPD1F-98	right
RXN-8024	Donor-H2	right
RXN-22758	CPD-25212	left
RXN-22758	CPD-25213	right
RXN-22758	WATER	right
ARGININE-2-MONOOXYGENASE-RXN	ARG	left
ARGININE-2-MONOOXYGENASE-RXN	OXYGEN-MOLECULE	left
ARGININE-2-MONOOXYGENASE-RXN	WATER	right
ARGININE-2-MONOOXYGENASE-RXN	CARBON-DIOXIDE	right
ARGININE-2-MONOOXYGENASE-RXN	4-GUANIDO-BUTYRAMIDE	right
RXN-9033	3-4-DIHYDROXYBENZOATE	left
RXN-9033	CPD-183	right
RXN-13296	CPD-10280	left
RXN-13296	MALONYL-COA	left
RXN-13296	PROTON	left
RXN-13296	CPD-14274	right
RXN-13296	CARBON-DIOXIDE	right
RXN-13296	CO-A	right
RXN-11878	4-METHYL-824-CHOLESTADIENOL	left
RXN-11878	NADP	left
RXN-11878	CPD-12853	right
RXN-11878	NADPH	right
RXN-11878	PROTON	right
RXN-10244	CPD-10900	left
RXN-10244	PAPS	left
RXN-10244	PROTON	right
RXN-10244	3-5-ADP	right
RXN-10244	CPD-11018	right
RXN-12669	CPD-196	left
RXN-12669	OXYGEN-MOLECULE	left
RXN-12669	CPD0-2108	right
RXN-12669	HYDROGEN-PEROXIDE	right
RXN-11421	CPD-12386	left
RXN-11421	GLUTATHIONE	left
RXN-11421	CPD-12387	right
RXN-11421	WATER	right
RXN-19720	CPD-696	left
RXN-19720	FERROCYTOCHROME-B5	left
RXN-19720	OXYGEN-MOLECULE	left
RXN-19720	PROTON	left
RXN-19720	CPD-12867	right
RXN-19720	FERRICYTOCHROME-B5	right
RXN-19720	WATER	right
RXN-12244	CPD-13171	left
RXN-12244	PLASTOQUINONE	left
RXN-12244	CPD-7535	right
RXN-12244	Plastoquinols	right
4-COUMARATE--COA-LIGASE-RXN	CO-A	left
4-COUMARATE--COA-LIGASE-RXN	COUMARATE	left
4-COUMARATE--COA-LIGASE-RXN	ATP	left
4-COUMARATE--COA-LIGASE-RXN	P-COUMAROYL-COA	right
4-COUMARATE--COA-LIGASE-RXN	AMP	right
4-COUMARATE--COA-LIGASE-RXN	PPI	right
RIB5PISOM-RXN	RIBOSE-5P	left
RIB5PISOM-RXN	RIBULOSE-5P	right
RXN-12125	CPD-12575	left
RXN-12125	CPD-4161	left
RXN-12125	UDP	right
RXN-12125	CPD-13084	right
RXN-12125	PROTON	right
RXN-19009	CPD-13118	left
RXN-19009	N4-N-ACETYL-BETA-D-GLUCOSAMINYL-X	left
RXN-19009	N4-N-ACETYL-BETA-D-GLUCOSAMINYL-XF	right
RXN-19009	PROTON	right
RXN-19009	GDP	right
RXN-8608	FARNESYL-PP	left
RXN-8608	CPD-7989	right
RXN-8608	PPI	right
RXN-5103	GERANYL-PP	left
RXN-5103	CPD-4893	right
RXN-5103	PPI	right
RXN-4319	CPD-12575	left
RXN-4319	CPD-3631	left
RXN-4319	PROTON	right
RXN-4319	CPD-4222	right
RXN-4319	UDP	right
RXN-13880	CPD-14889	left
RXN-13880	CPD-14891	right
DIHYDROOROTATE-DEHYDROGENASE-RXN	ETR-Quinones	left
DIHYDROOROTATE-DEHYDROGENASE-RXN	DI-H-OROTATE	left
DIHYDROOROTATE-DEHYDROGENASE-RXN	ETR-Quinols	right
DIHYDROOROTATE-DEHYDROGENASE-RXN	OROTATE	right
RXN-8561	FARNESYL-PP	left
RXN-8561	CPD-8745	right
RXN-8561	PPI	right
RXN-11675	CPD-18	left
RXN-11675	MALONYL-COA	left
RXN-11675	NADPH	left
RXN-11675	PROTON	left
RXN-11675	CPD-12646	right
RXN-11675	CARBON-DIOXIDE	right
RXN-11675	CO-A	right
RXN-11675	NADP	right
RXN-11675	WATER	right
RXN-23370	L-CITRULLINE	left
RXN-23370	WATER	left
RXN-23370	L-ORNITHINE	right
RXN-23370	CARBAMATE	right
RXN-20586	CPD-13080	left
RXN-20586	NADP	left
RXN-20586	CPD-22268	right
RXN-20586	NADPH	right
RXN-20586	PROTON	right
RXN-698	CPD-7424	left
RXN-698	OXYGEN-MOLECULE	left
RXN-698	CPD-7279	right
RXN-698	CPD1F-4	right
RXN-18206	CPDQT-37	left
RXN-18206	NAD	left
RXN-18206	CPD-19490	right
RXN-18206	NADH	right
RXN-18206	PROTON	right
RXN-14187	DCDP	left
RXN-14187	WATER	left
RXN-14187	DCMP	right
RXN-14187	Pi	right
RXN-14187	PROTON	right
RXN-11426	CPD-12401	left
RXN-11426	GLUTATHIONE	left
RXN-11426	CPD-12402	right
RXN-11426	WATER	right
RXN-12320	UDP-L-RHAMNOSE	left
RXN-12320	CPD-13254	left
RXN-12320	PROTON	right
RXN-12320	UDP	right
RXN-12320	CPD-13255	right
RXN-8573	FARNESYL-PP	left
RXN-8573	CPD-8763	right
RXN-8573	PPI	right
RXN-11448	CPDQT-421	left
RXN-11448	BENZOYLCOA	left
RXN-11448	CPD-12421	right
RXN-11448	CO-A	right
RXN-11260	CPD-12212	left
RXN-11260	Red-NADPH-Hemoprotein-Reductases	left
RXN-11260	OXYGEN-MOLECULE	left
RXN-11260	CPD-12213	right
RXN-11260	Ox-NADPH-Hemoprotein-Reductases	right
RXN-11260	WATER	right
RXN-9	L-CANALINE	left
RXN-9	CARBAMOYL-P	left
RXN-9	O-UREIDOHOMOSERINE	right
RXN-9	Pi	right
DCDPKIN-RXN	DCDP	left
DCDPKIN-RXN	ATP	left
DCDPKIN-RXN	DCTP	right
DCDPKIN-RXN	ADP	right
RXN-8365	CPD-8163	left
RXN-8365	OXYGEN-MOLECULE	left
RXN-8365	Reduced-ferredoxins	left
RXN-8365	PROTON	left
RXN-8365	CPD-8164	right
RXN-8365	WATER	right
RXN-8365	Oxidized-ferredoxins	right
RXN1ZN3-9	DIAMINONONANOATE	left
RXN1ZN3-9	CARBON-DIOXIDE	left
RXN1ZN3-9	CPD1ZN3-1	right
RXN1ZN3-9	PROTON	right
RXN-8916	CPD-9280	left
RXN-8916	CPD-9311	right
RXN-8916	2-AMINOACRYLATE	right
1.14.11.2-RXN	PROCOLLAGEN-L-PROLINE	left
1.14.11.2-RXN	2-KETOGLUTARATE	left
1.14.11.2-RXN	OXYGEN-MOLECULE	left
1.14.11.2-RXN	CPD-6321	right
1.14.11.2-RXN	SUC	right
1.14.11.2-RXN	CARBON-DIOXIDE	right
BRANCHED-CHAINAMINOTRANSFERILEU-RXN	ILE	left
BRANCHED-CHAINAMINOTRANSFERILEU-RXN	2-KETOGLUTARATE	left
BRANCHED-CHAINAMINOTRANSFERILEU-RXN	GLT	right
BRANCHED-CHAINAMINOTRANSFERILEU-RXN	2-KETO-3-METHYL-VALERATE	right
RIBOPHOSPHAT-RXN	CPD-1086	left
RIBOPHOSPHAT-RXN	WATER	left
RIBOPHOSPHAT-RXN	AMINO-RIBOSYLAMINO-1H-3H-PYR-DIONE	right
RIBOPHOSPHAT-RXN	Pi	right
RXN-8915	CPD-9300	left
RXN-8915	OXYGEN-MOLECULE	left
RXN-8915	WATER	left
RXN-8915	CPD-9280	right
RXN-8915	HYDROGEN-PEROXIDE	right
RXN-14496	CPD-7864	left
RXN-14496	CPD-8674	left
RXN-14496	CPD-15371	right
RXN-14496	Glucopyranose	right
TRANS-RXN-232	GLT	left
TRANS-RXN-232	GLT	right
RXN-16997	Phosphorylated-phosphoglucomutase	left
RXN-16997	GLC-1-P	left
RXN-16997	ALPHA-GLUCOSE-16-BISPHOSPHATE	right
RXN-16997	Phosphoglucomutase	right
CARBODEHYDRAT-RXN	H2CO3	left
CARBODEHYDRAT-RXN	CARBON-DIOXIDE	right
CARBODEHYDRAT-RXN	WATER	right
RXN-19724	CPD-4101	left
RXN-19724	OXYGEN-MOLECULE	left
RXN-19724	FERROCYTOCHROME-B5	left
RXN-19724	PROTON	left
RXN-19724	CPD-12909	right
RXN-19724	FERRICYTOCHROME-B5	right
RXN-19724	WATER	right
RXN-15350	CPD-7117	left
RXN-15350	UDP-L-RHAMNOSE	left
RXN-15350	CPD-7145	right
RXN-15350	UDP	right
RXN-15350	PROTON	right
2-AMINOADIPATE-AMINOTRANSFERASE-RXN	2-KETOGLUTARATE	left
2-AMINOADIPATE-AMINOTRANSFERASE-RXN	CPD-468	left
2-AMINOADIPATE-AMINOTRANSFERASE-RXN	GLT	right
2-AMINOADIPATE-AMINOTRANSFERASE-RXN	2K-ADIPATE	right
RXN-7800	PROTON	left
RXN-7800	CPD-7100	left
RXN-7800	2K-4CH3-PENTANOATE	right
RXN-7800	CARBON-DIOXIDE	right
BETA-PHOSPHOGLUCOMUTASE-RXN	CPD-448	left
BETA-PHOSPHOGLUCOMUTASE-RXN	GLC-6-P	right
RXN-22717	CPD-7994	left
RXN-22717	MALONYL-COA	left
RXN-22717	WATER	left
RXN-22717	PROTON	left
RXN-22717	CPD-9779	right
RXN-22717	CO-A	right
RXN-22717	CARBON-DIOXIDE	right
RXN18C3-12	CPD-18639	left
RXN18C3-12	UDP-D-XYLOSE	left
RXN18C3-12	CPD-17696	right
RXN18C3-12	UDP	right
RXN18C3-12	PROTON	right
2.1.1.155-RXN	S-ADENOSYLMETHIONINE	left
2.1.1.155-RXN	CPD1F-90	left
2.1.1.155-RXN	PROTON	right
2.1.1.155-RXN	ADENOSYL-HOMO-CYS	right
2.1.1.155-RXN	CPD-7252	right
RXN-13978	CPD-14969	left
RXN-13978	P-COUMAROYL-COA	left
RXN-13978	CPD-14990	right
RXN-13978	CO-A	right
2.3.1.159-RXN	N-METHYLANTHRANILOYL-COA	left
2.3.1.159-RXN	MALONYL-COA	left
2.3.1.159-RXN	CARBON-DIOXIDE	right
2.3.1.159-RXN	13-DIHYDROXY-N-METHYLACRIDONE	right
2.3.1.159-RXN	CO-A	right
RXN-14060	UDP-GLUCURONATE	left
RXN-14060	CPD-12727	left
RXN-14060	UDP	right
RXN-14060	CPD-12728	right
RXN-14060	PROTON	right
RXN-10603	FARNESYL-PP	left
RXN-10603	PPI	right
RXN-10603	CPD-11413	right
RXN-8137	Alkenyl-Thiohydroximate-O-Sulfates	left
RXN-8137	EPITHIONITRILES	right
RXN-8137	SULFATE	right
RXN-8137	PROTON	right
RXN-9267	CAFFEATE	left
RXN-9267	Demethylated-methyl-acceptors	right
RXN-9267	CPD-9803	right
RXN-4161	CPD-4101	left
RXN-4161	CPD-4081	right
FATTY-ACYL-COA-SYNTHASE-RXN	ACETYL-COA	left
FATTY-ACYL-COA-SYNTHASE-RXN	MALONYL-COA	left
FATTY-ACYL-COA-SYNTHASE-RXN	NADPH	left
FATTY-ACYL-COA-SYNTHASE-RXN	PROTON	left
FATTY-ACYL-COA-SYNTHASE-RXN	Long-Chain-Acyl-CoAs	right
FATTY-ACYL-COA-SYNTHASE-RXN	CO-A	right
FATTY-ACYL-COA-SYNTHASE-RXN	CARBON-DIOXIDE	right
FATTY-ACYL-COA-SYNTHASE-RXN	NADP	right
RXNQT-4333	CPDQT-419	left
RXNQT-4333	PAPS	left
RXNQT-4333	3-5-ADP	right
RXNQT-4333	PROTON	right
RXNQT-4333	CPDQT-300	right
RXN-8383	CPD-8192	left
RXN-8383	OXYGEN-MOLECULE	left
RXN-8383	Red-NADPH-Hemoprotein-Reductases	left
RXN-8383	CPD-8191	right
RXN-8383	Ox-NADPH-Hemoprotein-Reductases	right
RXN-8383	WATER	right
RXN-16361	S-ADENOSYLMETHIONINE	left
RXN-16361	CPD-17597	left
RXN-16361	ADENOSYL-HOMO-CYS	right
RXN-16361	CPD-17599	right
RXN-16361	PROTON	right
RXN-10961	CPD-1108	left
RXN-10961	WATER	left
RXN-10961	L-1-phosphatidyl-inositols	right
RXN-10961	Pi	right
RXN18C3-13	CPD-13080	left
RXN18C3-13	CPD-14553	left
RXN18C3-13	CPD-18738	right
RXN18C3-13	UDP	right
RXN18C3-13	PROTON	right
RXN-9554	Petroselinoyl-ACPs	left
RXN-9554	NADP	left
RXN-9554	Petrosel-2-enoyl-ACPs	right
RXN-9554	NADPH	right
RXN-9554	PROTON	right
RXN-8170	P-COUMAROYL-COA	left
RXN-8170	CPD-7138	left
RXN-8170	CPD-7714	right
RXN-8170	CO-A	right
RXN-16838	ISOVITEXIN	left
RXN-16838	UDP-L-ARABINOSE	left
RXN-16838	CPD-18156	right
RXN-16838	UDP	right
RXN-16838	PROTON	right
RXN-10888	S-SCOULERINE	left
RXN-10888	OXYGEN-MOLECULE	left
RXN-10888	PROTON	left
RXN-10888	CPD-11852	right
RXN-10888	HYDROGEN-PEROXIDE	right
RXN-21391	CPD-18644	left
RXN-21391	CPD-22267	right
RXN-21391	WATER	right
RXN-21391	PROTON	right
RXN-8303	CPD-8077	left
RXN-8303	OXYGEN-MOLECULE	left
RXN-8303	Reduced-ferredoxins	left
RXN-8303	PROTON	left
RXN-8303	CPD-8079	right
RXN-8303	WATER	right
RXN-8303	Oxidized-ferredoxins	right
RXN-5064	CPD-4862	left
RXN-5064	OXYGEN-MOLECULE	left
RXN-5064	Red-NADPH-Hemoprotein-Reductases	left
RXN-5064	CPD-4863	right
RXN-5064	Ox-NADPH-Hemoprotein-Reductases	right
RXN-5064	WATER	right
RXN-8200	CPD-7164	left
RXN-8200	WATER	left
RXN-8200	16-METHOXY-23-DIHYDRO-3-HYDROXYTABERSON	right
RXN-19006	Man5-GlcNAc3-Xyl-Proteins	left
RXN-19006	WATER	left
RXN-19006	Man3-GlcNAc3-Xyl-Proteins	right
RXN-19006	CPD-13559	right
RXN-20666	8-Oxo-dGTP	left
RXN-20666	WATER	left
RXN-20666	CPD-13853	right
RXN-20666	Pi	right
RXN-20666	PROTON	right
RXN-13305	CPD-14278	left
RXN-13305	CPD-14283	right
RXN-13305	WATER	right
GLUTAMATE-N-ACETYLTRANSFERASE-RXN	GLT	left
GLUTAMATE-N-ACETYLTRANSFERASE-RXN	N-ALPHA-ACETYLORNITHINE	left
GLUTAMATE-N-ACETYLTRANSFERASE-RXN	ACETYL-GLU	right
GLUTAMATE-N-ACETYLTRANSFERASE-RXN	L-ORNITHINE	right
RXN-12728	L-SELENOCYSTEINE	left
RXN-12728	O-PHOSPHO-L-HOMOSERINE	left
RXN-12728	Pi	right
RXN-12728	CPD-13717	right
RXN-6545	CPD1F-138	left
RXN-6545	OXYGEN-MOLECULE	left
RXN-6545	Red-NADPH-Hemoprotein-Reductases	left
RXN-6545	CPD-6227	right
RXN-6545	WATER	right
RXN-6545	Ox-NADPH-Hemoprotein-Reductases	right
RXN-11245	CPD-12199	left
RXN-11245	NAD	left
RXN-11245	CPD-10600	right
RXN-11245	NADH	right
RXN-11245	PROTON	right
RXN-4542	CPD-4443	left
RXN-4542	WATER	left
RXN-4542	CPD-4442	right
RXN-4542	Pi	right
RXN-14423	CPD-11941	left
RXN-14423	OXYGEN-MOLECULE	left
RXN-14423	2-KETOGLUTARATE	left
RXN-14423	PROTON	left
RXN-14423	CPD-11945	right
RXN-14423	SUC	right
RXN-14423	CARBON-DIOXIDE	right
RXN-14423	WATER	right
RXN-16198	CPD-17439	left
RXN-16198	Acceptor	left
RXN-16198	PROTON	left
RXN-16198	CPD-17444	right
RXN-16198	CARBON-DIOXIDE	right
RXN-16198	Donor-H2	right
RXN-18453	CPD-19788	left
RXN-18453	OXYGEN-MOLECULE	left
RXN-18453	Donor-H2	left
RXN-18453	ALPHA-ACIDS	right
RXN-18453	WATER	right
RXN-18453	Acceptor	right
RXN-8053	CPD-7558	left
RXN-8053	NADP	left
RXN-8053	CPD-7557	right
RXN-8053	NADPH	right
RXN-8053	PROTON	right
2.3.1.168-RXN	ISOBUTYRYL-COA	left
2.3.1.168-RXN	BCAA-dehydrogenase-DH-lipoyl	left
2.3.1.168-RXN	BCAA-dehydrogenase-2MP-DH-lipoyl	right
2.3.1.168-RXN	CO-A	right
CTPSYN-RXN	ATP	left
CTPSYN-RXN	UTP	left
CTPSYN-RXN	GLN	left
CTPSYN-RXN	WATER	left
CTPSYN-RXN	PROTON	right
CTPSYN-RXN	ADP	right
CTPSYN-RXN	Pi	right
CTPSYN-RXN	CTP	right
CTPSYN-RXN	GLT	right
RXN-19426	1-acyl-2-oleoyl-glyceride	left
RXN-19426	CDP-CHOLINE	left
RXN-19426	1-ACYL-2-OLEOYL-SN-GLYCERO-3-PHOSPHOCHOL	right
RXN-19426	CMP	right
RXN-19426	PROTON	right
RXN-775	CPD-715	left
RXN-775	OXYGEN-MOLECULE	left
RXN-775	Red-NADPH-Hemoprotein-Reductases	left
RXN-775	CPD-717	right
RXN-775	WATER	right
RXN-775	Ox-NADPH-Hemoprotein-Reductases	right
RXN-9319	CPD-9938	left
RXN-9319	Acceptor	left
RXN-9319	CPD-9941	right
RXN-9319	Donor-H2	right
RXN-14070	CPD-15073	left
RXN-14070	CPD-15076	right
RXN-8813	DELTA3-ISOPENTENYL-PP	left
RXN-8813	GERANYLGERANYL-PP	left
RXN-8813	ALL-TRANS-PENTAPRENYL-DIPHOSPHATE	right
RXN-8813	PPI	right
RXN-11929	CYCLOEUCALENOL	left
RXN-11929	NADP	left
RXN-11929	CPD-12868	right
RXN-11929	NADPH	right
RXN-11929	PROTON	right
ACETYL-COA-ACETYLTRANSFER-RXN	ACETYL-COA	left
ACETYL-COA-ACETYLTRANSFER-RXN	ACETOACETYL-COA	right
ACETYL-COA-ACETYLTRANSFER-RXN	CO-A	right
QUINOLINATE-SYNTHA-RXN	IMINOASPARTATE	left
QUINOLINATE-SYNTHA-RXN	DIHYDROXY-ACETONE-PHOSPHATE	left
QUINOLINATE-SYNTHA-RXN	QUINOLINATE	right
QUINOLINATE-SYNTHA-RXN	WATER	right
QUINOLINATE-SYNTHA-RXN	Pi	right
RXN-15373	CPD-16602	left
RXN-15373	CPD-15283	left
RXN-15373	CPD-16603	right
RXN-15373	4-hydroxybenzoate	right
RXN-15373	PROTON	right
RXN-9705	VITEXIN	left
RXN-9705	UDP-L-RHAMNOSE	left
RXN-9705	VITEXIN-2-O-B-L-RHAMNOSIDE	right
RXN-9705	UDP	right
RXN-9705	PROTON	right
2.1.1.83-RXN	S-ADENOSYLMETHIONINE	left
2.1.1.83-RXN	345-TRIHYDROXY-37-DIMETHOXYFLAVONE	left
2.1.1.83-RXN	PROTON	right
2.1.1.83-RXN	CPD-10510	right
2.1.1.83-RXN	ADENOSYL-HOMO-CYS	right
1.1.3.36-RXN	S-TETRAHYDROCOLUMBAMINE	left
1.1.3.36-RXN	OXYGEN-MOLECULE	left
1.1.3.36-RXN	Red-NADPH-Hemoprotein-Reductases	left
1.1.3.36-RXN	S-TETRAHYDROBERBERINE	right
1.1.3.36-RXN	WATER	right
1.1.3.36-RXN	Ox-NADPH-Hemoprotein-Reductases	right
RXNQT-4322	CPDQT-409	left
RXNQT-4322	WATER	left
RXNQT-4322	CPDQT-414	right
RXNQT-4322	PYRUVATE	right
RXNQT-4322	AMMONIUM	right
RXN-18191	CPD-19480	left
RXN-18191	WATER	left
RXN-18191	CPDQT-39	right
RXN-8357	CPD-8155	left
RXN-8357	WATER	left
RXN-8357	CPD-7061	right
RXN-8357	PHYTOL	right
RXN-8357	PROTON	right
RXN-7968	SHIKIMATE	left
RXN-7968	NAD-P-OR-NOP	left
RXN-7968	3-DEHYDRO-SHIKIMATE	right
RXN-7968	NADH-P-OR-NOP	right
RXN-7968	PROTON	right
RXN-16377	CPD-20039	left
RXN-16377	CPD-3942	right
RXN-16377	WATER	right
RXN-18392	CPD-19753	left
RXN-18392	KDO	right
GLYOXYLATE-REDUCTASE-NADP+-RXN	GLYCOLLATE	left
GLYOXYLATE-REDUCTASE-NADP+-RXN	NADP	left
GLYOXYLATE-REDUCTASE-NADP+-RXN	GLYOX	right
GLYOXYLATE-REDUCTASE-NADP+-RXN	NADPH	right
GLYOXYLATE-REDUCTASE-NADP+-RXN	PROTON	right
RXN-13302	CPD-14275	left
RXN-13302	CPD-14280	right
RXN-13302	WATER	right
RXN-10720	CPD-476	left
RXN-10720	KYNURENATE	right
RXN-10720	WATER	right
RXN-10720	PROTON	right
RXN-11278	CPD-513	left
RXN-11278	BENZALDEHYDE	right
RXN-11278	ACETYL-COA	right
RXN-5647	PHOSPHORYL-CHOLINE	left
RXN-5647	WATER	left
RXN-5647	CHOLINE	right
RXN-5647	Pi	right
RXN18C3-45	CPD-19122	left
RXN18C3-45	ACETYL-COA	left
RXN18C3-45	CPD-19123	right
RXN18C3-45	CO-A	right
RXN-14490	CPD-15365	left
RXN-14490	CPD-15367	right
RXN-16806	COUMARALDEHYDE	left
RXN-16806	Red-NADPH-Hemoprotein-Reductases	left
RXN-16806	OXYGEN-MOLECULE	left
RXN-16806	CPD-18120	right
RXN-16806	Ox-NADPH-Hemoprotein-Reductases	right
RXN-16806	WATER	right
RXN-8721	12346-PENTAKIS-O-GALLOYL-BETA-D-GLUC	left
RXN-8721	1-O-GALLOYL-BETA-D-GLUCOSE	left
RXN-8721	CPD-8952	right
RXN-8721	Glucopyranose	right
RXN-709	CPD-707	left
RXN-709	CPD-708	right
RXN-9149	TRICHLOROETHENE	left
RXN-9149	OXYGEN-MOLECULE	left
RXN-9149	CPD-9675	right
RXN-9149	PROTON	right
DIAMINOPIMEPIM-RXN	LL-DIAMINOPIMELATE	left
DIAMINOPIMEPIM-RXN	MESO-DIAMINOPIMELATE	right
RXN-1348	TRANS-2-HEXENOL	left
RXN-1348	NAD	left
RXN-1348	TRANS-2-HEXENAL	right
RXN-1348	NADH	right
RXN-1348	PROTON	right
IGPSYN-RXN	PROTON	left
IGPSYN-RXN	CARBOXYPHENYLAMINO-DEOXYRIBULOSE-P	left
IGPSYN-RXN	INDOLE-3-GLYCEROL-P	right
IGPSYN-RXN	CARBON-DIOXIDE	right
IGPSYN-RXN	WATER	right
ISOCITRATE-DEHYDROGENASE-NAD+-RXN	THREO-DS-ISO-CITRATE	left
ISOCITRATE-DEHYDROGENASE-NAD+-RXN	NAD	left
ISOCITRATE-DEHYDROGENASE-NAD+-RXN	2-KETOGLUTARATE	right
ISOCITRATE-DEHYDROGENASE-NAD+-RXN	CARBON-DIOXIDE	right
ISOCITRATE-DEHYDROGENASE-NAD+-RXN	NADH	right
RXN-8222	CPD-8898	left
RXN-8222	WATER	left
RXN-8222	CPD-14751	right
RXN-8222	ACET	right
RXN-8222	PROTON	right
1.1.1.39-RXN	MAL	left
1.1.1.39-RXN	NAD	left
1.1.1.39-RXN	PYRUVATE	right
1.1.1.39-RXN	CARBON-DIOXIDE	right
1.1.1.39-RXN	NADH	right
RXN-21524	Hydroxymethylbilane-Synthase-ES3	left
RXN-21524	PORPHOBILINOGEN	left
RXN-21524	Hydroxymethylbilane-Synthase-ES4	right
RXN-21524	AMMONIUM	right
RXN-8716	1-O6-O-DIGALLOYL-BETA-D-GLUCOSE	left
RXN-8716	1-O-GALLOYL-BETA-D-GLUCOSE	left
RXN-8716	CPD-8947	right
RXN-8716	Glucopyranose	right
RXN-15187	CPD-248	left
RXN-15187	WATER	left
RXN-15187	CPD-16172	right
RXN-15187	FORMATE	right
RXN-15187	PROTON	right
RXN-9772	L-ASPARTATE	left
RXN-9772	FUM	left
RXN-9772	PROTON	right
RXN-9772	IMINOASPARTATE	right
RXN-9772	SUC	right
RXN-7763	CPD-7025	left
RXN-7763	Nucleoside-Triphosphates	left
RXN-7763	PHYTYL-PYROPHOSPHATE	right
RXN-7763	Nucleoside-Diphosphates	right
RXN-13823	CPD-12575	left
RXN-13823	CPD-14843	left
RXN-13823	CPD-14844	right
RXN-13823	UDP	right
RXN-13823	PROTON	right
RXN-9565	CPD-10209	left
RXN-9565	NADP	left
RXN-9565	CPD-10208	right
RXN-9565	NADPH	right
RXN-9565	PROTON	right
CHOLINE-KINASE-RXN	CHOLINE	left
CHOLINE-KINASE-RXN	ATP	left
CHOLINE-KINASE-RXN	PROTON	right
CHOLINE-KINASE-RXN	PHOSPHORYL-CHOLINE	right
CHOLINE-KINASE-RXN	ADP	right
ALLYL-ALCOHOL-DEHYDROGENASE-RXN	ALLYL-ALCOHOL	left
ALLYL-ALCOHOL-DEHYDROGENASE-RXN	NADP	left
ALLYL-ALCOHOL-DEHYDROGENASE-RXN	ACROLEIN	right
ALLYL-ALCOHOL-DEHYDROGENASE-RXN	NADPH	right
ALLYL-ALCOHOL-DEHYDROGENASE-RXN	PROTON	right
RXN-12885	CPD-13925	left
RXN-12885	OXYGEN-MOLECULE	left
RXN-12885	Red-NADPH-Hemoprotein-Reductases	left
RXN-12885	CPD-13926	right
RXN-12885	Ox-NADPH-Hemoprotein-Reductases	right
RXN-12885	WATER	right
RXN-8528	GERANYLGERANYL-PP	left
RXN-8528	CPD-8719	right
RXN-13747	CPD-185	left
RXN-13747	CPD-12849	right
RXN0-7021	L-IDONATE	left
RXN0-7021	NADP	left
RXN0-7021	CPD-13059	right
RXN0-7021	NADPH	right
RXN0-7021	PROTON	right
RXN-3501	S-ADENOSYLMETHIONINE	left
RXN-3501	CPD-3041	left
RXN-3501	PROTON	right
RXN-3501	CPD-3361	right
RXN-3501	ADENOSYL-HOMO-CYS	right
OXALODECARB-RXN	OXALACETIC_ACID	left
OXALODECARB-RXN	PROTON	left
OXALODECARB-RXN	PYRUVATE	right
OXALODECARB-RXN	CARBON-DIOXIDE	right
RXN18C3-241	CPD-22280	left
RXN18C3-241	NAD	left
RXN18C3-241	CPD-22279	right
RXN18C3-241	NADH	right
RXN18C3-241	PROTON	right
2.3.1.162-RXN	TAXA-42011-DIEN-5A-OL	left
2.3.1.162-RXN	ACETYL-COA	left
2.3.1.162-RXN	TAXA-42011-DIEN-5-ALPHA-YL-ACETATE	right
2.3.1.162-RXN	CO-A	right
RXN-9050	CPD-9528	left
RXN-9050	OXYGEN-MOLECULE	left
RXN-9050	WATER	left
RXN-9050	CPD-9529	right
RXN-9050	HYDROGEN-PEROXIDE	right
1.11.1.12-RXN	GLUTATHIONE	left
1.11.1.12-RXN	A-LIPID-HYDROPEROXIDE	left
1.11.1.12-RXN	OXIDIZED-GLUTATHIONE	right
1.11.1.12-RXN	Lipid-hydroxy-fatty-acids	right
1.11.1.12-RXN	WATER	right
RXN-12570	OH-HEXANOYL-COA	left
RXN-12570	NAD	left
RXN-12570	K-HEXANOYL-COA	right
RXN-12570	NADH	right
RXN-12570	PROTON	right
ISOCITDEH-RXN	THREO-DS-ISO-CITRATE	left
ISOCITDEH-RXN	NADP	left
ISOCITDEH-RXN	NADPH	right
ISOCITDEH-RXN	2-KETOGLUTARATE	right
ISOCITDEH-RXN	CARBON-DIOXIDE	right
RXN-19586	CPD-7547	left
RXN-19586	WATER	left
RXN-19586	CPD-1861	right
RXN-19586	PYRUVATE	right
RXN-19586	AMMONIUM	right
RXN-19586	PROTON	right
RXN-14922	CPD-15838	left
RXN-14922	CPD-15834	right
RXN-4602	PHE	left
RXN-4602	Red-NADPH-Hemoprotein-Reductases	left
RXN-4602	OXYGEN-MOLECULE	left
RXN-4602	CPD-13031	right
RXN-4602	Ox-NADPH-Hemoprotein-Reductases	right
RXN-4602	WATER	right
RXN-4602	CARBON-DIOXIDE	right
1.14.13.70-RXN	OBTUSIFOLIOL	left
1.14.13.70-RXN	OXYGEN-MOLECULE	left
1.14.13.70-RXN	Red-NADPH-Hemoprotein-Reductases	left
1.14.13.70-RXN	ALPHA-METHYL-5-ALPHA-ERGOSTA	right
1.14.13.70-RXN	FORMATE	right
1.14.13.70-RXN	WATER	right
1.14.13.70-RXN	Ox-NADPH-Hemoprotein-Reductases	right
1.14.13.70-RXN	PROTON	right
RXN-1402	TRP	left
RXN-1402	Red-NADPH-Hemoprotein-Reductases	left
RXN-1402	OXYGEN-MOLECULE	left
RXN-1402	INDOLE-3-ACETALDOXIME	right
RXN-1402	Ox-NADPH-Hemoprotein-Reductases	right
RXN-1402	WATER	right
RXN-1402	CARBON-DIOXIDE	right
RXN-3762	FORMONONETIN	left
RXN-3762	OXYGEN-MOLECULE	left
RXN-3762	Red-NADPH-Hemoprotein-Reductases	left
RXN-3762	CPD-9539	right
RXN-3762	WATER	right
RXN-3762	Ox-NADPH-Hemoprotein-Reductases	right
RXN-23789	CPD-26331	left
RXN-23789	CPD-13173	right
RXN-8028	CPD1F-115	left
RXN-8028	CPD-7414	right
GLYOXII-RXN	S-LACTOYL-GLUTATHIONE	left
GLYOXII-RXN	WATER	left
GLYOXII-RXN	PROTON	right
GLYOXII-RXN	GLUTATHIONE	right
GLYOXII-RXN	D-LACTATE	right
RXN-8309	CPD-8078	left
RXN-8309	OXYGEN-MOLECULE	left
RXN-8309	Reduced-ferredoxins	left
RXN-8309	PROTON	left
RXN-8309	CPD-2190	right
RXN-8309	WATER	right
RXN-8309	Oxidized-ferredoxins	right
RXN-15530	S-ADENOSYLMETHIONINE	left
RXN-15530	CPD-16765	left
RXN-15530	CPD-15477	right
RXN-15530	ADENOSYL-HOMO-CYS	right
RXN-15530	PROTON	right
RXN-8898	CPD-9269	left
RXN-8898	CPD-9273	right
RXN-8898	2-AMINOACRYLATE	right
RXN-8723	12346-PENTAKIS-O-GALLOYL-BETA-D-GLUC	left
RXN-8723	1-O-GALLOYL-BETA-D-GLUCOSE	left
RXN-8723	CPD-8953	right
RXN-8723	Glucopyranose	right
TRIOSEPISOMERIZATION-RXN	GAP	left
TRIOSEPISOMERIZATION-RXN	DIHYDROXY-ACETONE-PHOSPHATE	right
RXN-4804	CPD-4662	left
RXN-4804	OXYGEN-MOLECULE	left
RXN-4804	Red-NADPH-Hemoprotein-Reductases	left
RXN-4804	CPD-4661	right
RXN-4804	WATER	right
RXN-4804	Ox-NADPH-Hemoprotein-Reductases	right
RXN-9439	CPD-10077	left
RXN-9439	WATER	left
RXN-9439	CPD-7026	right
RXN-9439	Glucopyranose	right
RXN-9641	CPD-10274	left
RXN-9641	CPD-10275	right
RXN-9641	WATER	right
RXN-6685	CPD-13811	left
RXN-6685	OXYGEN-MOLECULE	left
RXN-6685	2-KETOGLUTARATE	left
RXN-6685	CPD-13812	right
RXN-6685	SUC	right
RXN-6685	CARBON-DIOXIDE	right
RXN-9472	FE+2	left
RXN-9472	CPD-463	left
RXN-9472	CPD-10157	right
RXN-12753	NADH	left
RXN-12753	WATER	left
RXN-12753	CPD-653	right
RXN-2205	2-OXO-5-METHYLTHIOPENTANOIC-ACID	left
RXN-2205	Amino-Acids-20	left
RXN-2205	HOMOMETHIONINE	right
RXN-2205	2-Oxo-carboxylates	right
RXN-18482	CPD-12575	left
RXN-18482	CPD-11260	left
RXN-18482	CPD-19813	right
RXN-18482	UDP	right
RXN-18482	PROTON	right
RXN-11467	CPD-12449	left
RXN-11467	NADP	left
RXN-11467	P-COUMAROYL-COA	right
RXN-11467	NADPH	right
RXN-11467	PROTON	right
RXN-7082	CPD-6562	left
RXN-7082	WATER	left
RXN-7082	CPD-6366	right
RXN-7082	Glucopyranose	right
RXN-7082	PROTON	right
TRANS-RXN4LZ-7	AMMONIA	left
TRANS-RXN4LZ-7	AMMONIA	right
NMNNUCLEOSID-RXN	NICOTINAMIDE_NUCLEOTIDE	left
NMNNUCLEOSID-RXN	WATER	left
NMNNUCLEOSID-RXN	CPD-15317	right
NMNNUCLEOSID-RXN	NIACINAMIDE	right
NMNNUCLEOSID-RXN	PROTON	right
RXN-7657	ISOBUTANOL	left
RXN-7657	NAD	left
RXN-7657	PROTON	right
RXN-7657	CPD-7000	right
RXN-7657	NADH	right
RXN-12680	CPD-6948	left
RXN-12680	OXYGEN-MOLECULE	left
RXN-12680	Red-NADPH-Hemoprotein-Reductases	left
RXN-12680	CPD-13667	right
RXN-12680	WATER	right
RXN-12680	Ox-NADPH-Hemoprotein-Reductases	right
RXN-16117	CPD-17370	left
RXN-16117	GLYCEROL-3P	left
RXN-16117	CPD-17372	right
RXN-16117	CO-A	right
RXN-8231	CPD-12575	left
RXN-8231	CPD-7139	left
RXN-8231	PROTON	right
RXN-8231	CPD-7966	right
RXN-8231	UDP	right
RXN-11427	CPD-12404	left
RXN-11427	GLUTATHIONE	left
RXN-11427	CPD-12405	right
RXN-11427	WATER	right
AGMATINE-N4-COUMAROYLTRANSFERASE-RXN	P-COUMAROYL-COA	left
AGMATINE-N4-COUMAROYLTRANSFERASE-RXN	AGMATHINE	left
AGMATINE-N4-COUMAROYLTRANSFERASE-RXN	PROTON	right
AGMATINE-N4-COUMAROYLTRANSFERASE-RXN	CO-A	right
AGMATINE-N4-COUMAROYLTRANSFERASE-RXN	N-4-GUANIDINOBUTYL-4-HYDROXYCINNAMAMID	right
RXN-11354	CPD-7535	left
RXN-11354	CPD-7526	right
2.4.1.234-RXN	CPD-14553	left
2.4.1.234-RXN	CPD1F-90	left
2.4.1.234-RXN	PROTON	right
2.4.1.234-RXN	UDP	right
2.4.1.234-RXN	CPD-7260	right
RXN-12128	CPD-12575	left
RXN-12128	CPD-4143	left
RXN-12128	UDP	right
RXN-12128	CPD-11608	right
RXN-12128	PROTON	right
DXPREDISOM-RXN	2-C-METHYL-D-ERYTHRITOL-4-PHOSPHATE	left
DXPREDISOM-RXN	NADP	left
DXPREDISOM-RXN	DEOXYXYLULOSE-5P	right
DXPREDISOM-RXN	NADPH	right
DXPREDISOM-RXN	PROTON	right
RIBOFLAVINSYNREDUC-RXN	CPD-1086	left
RIBOFLAVINSYNREDUC-RXN	NADP	left
RIBOFLAVINSYNREDUC-RXN	CPD-602	right
RIBOFLAVINSYNREDUC-RXN	NADPH	right
RIBOFLAVINSYNREDUC-RXN	PROTON	right
RXN-8090	CPD-7614	left
RXN-8090	OXYGEN-MOLECULE	left
RXN-8090	WATER	left
RXN-8090	PROTON	right
RXN-8090	CPD-7615	right
RXN-8090	HYDROGEN-PEROXIDE	right
RXN-11544	1-3-7-TRIMETHYLXANTHINE	left
RXN-11544	Demethylated-methyl-acceptors	left
RXN-11544	CPD-12479	right
RXN-11544	Methylated-methyl-acceptors	right
RXN-8299	CPD-2189	left
RXN-8299	OXYGEN-MOLECULE	left
RXN-8299	Reduced-ferredoxins	left
RXN-8299	PROTON	left
RXN-8299	CPD-8078	right
RXN-8299	WATER	right
RXN-8299	Oxidized-ferredoxins	right
RXN-7947	CPD1F-131	left
RXN-7947	CAPSANTHIN	right
RXN4FS-15	LYS	left
RXN4FS-15	CPD-479	left
RXN4FS-15	2-KETO-6-AMINO-CAPROATE	right
RXN4FS-15	MET	right
RXNQT-4166	CPDQT-27	left
RXNQT-4166	ACETYL-COA	left
RXNQT-4166	WATER	left
RXNQT-4166	PROTON	right
RXNQT-4166	CPDQT-32	right
RXNQT-4166	CO-A	right
NADNUCLEOSID-RXN	WATER	left
NADNUCLEOSID-RXN	NAD	left
NADNUCLEOSID-RXN	PROTON	right
NADNUCLEOSID-RXN	ADENOSINE_DIPHOSPHATE_RIBOSE	right
NADNUCLEOSID-RXN	NIACINAMIDE	right
RXN-8524	PROTON	left
RXN-8524	CPD-8714	left
RXN-8524	NADPH	left
RXN-8524	OXYGEN-MOLECULE	left
RXN-8524	CPD-8715	right
RXN-8524	NADP	right
RXN-8524	WATER	right
2.1.1.99-RXN	S-ADENOSYLMETHIONINE	left
2.1.1.99-RXN	16-METHOXY-23-DIHYDRO-3-HYDROXYTABERSON	left
2.1.1.99-RXN	PROTON	right
2.1.1.99-RXN	ADENOSYL-HOMO-CYS	right
2.1.1.99-RXN	DEACETOXYVINDOLINE	right
BIOTINLIG-RXN	BCCP-L-lysine	left
BIOTINLIG-RXN	BIOTIN	left
BIOTINLIG-RXN	ATP	left
BIOTINLIG-RXN	PPI	right
BIOTINLIG-RXN	AMP	right
BIOTINLIG-RXN	BCCP-biotin-L-lysine	right
BIOTINLIG-RXN	PROTON	right
GLUTAMINESYN-RXN	AMMONIUM	left
GLUTAMINESYN-RXN	GLT	left
GLUTAMINESYN-RXN	ATP	left
GLUTAMINESYN-RXN	PROTON	right
GLUTAMINESYN-RXN	GLN	right
GLUTAMINESYN-RXN	ADP	right
GLUTAMINESYN-RXN	Pi	right
RXN-9566	CPD-20125	left
RXN-9566	CPD-10205	right
RXN-9566	Pi	right
RXN-9566	WATER	right
3.1.2.14-RXN	Oleoyl-ACPs	left
3.1.2.14-RXN	WATER	left
3.1.2.14-RXN	ACP	right
3.1.2.14-RXN	OLEATE-CPD	right
3.1.2.14-RXN	PROTON	right
PROGESTERONE-5-ALPHA-REDUCTASE-RXN	NADP	left
PROGESTERONE-5-ALPHA-REDUCTASE-RXN	CPD-293	left
PROGESTERONE-5-ALPHA-REDUCTASE-RXN	PROTON	right
PROGESTERONE-5-ALPHA-REDUCTASE-RXN	NADPH	right
PROGESTERONE-5-ALPHA-REDUCTASE-RXN	PROGESTERONE	right
RXN-11378	CPD-10258	left
RXN-11378	Methylated-methyl-acceptors	left
RXN-11378	CPD-12348	right
RXN-11378	Demethylated-methyl-acceptors	right
RETICULINE-OXIDASE-RXN	OXYGEN-MOLECULE	left
RETICULINE-OXIDASE-RXN	S-RETICULINE	left
RETICULINE-OXIDASE-RXN	PROTON	right
RETICULINE-OXIDASE-RXN	HYDROGEN-PEROXIDE	right
RETICULINE-OXIDASE-RXN	S-SCOULERINE	right
RXN-14960	Fe2-siderophores	left
RXN-14960	PROTON	left
RXN-14960	Siderophore	right
RXN-14960	FE+2	right
2.4.1.46-RXN	CPD-14553	left
2.4.1.46-RXN	DIACYLGLYCEROL	left
2.4.1.46-RXN	D-Galactosyl-12-diacyl-glycerols	right
2.4.1.46-RXN	UDP	right
2.4.1.46-RXN	PROTON	right
RXN-22734	ATP	left
RXN-22734	L-ASPARTATE	left
RXN-22734	AMMONIA	left
RXN-22734	PPI	right
RXN-22734	AMP	right
RXN-22734	ASN	right
RXN-4511	CPD-4403	left
RXN-4511	Red-NADPH-Hemoprotein-Reductases	left
RXN-4511	OXYGEN-MOLECULE	left
RXN-4511	CPD-4405	right
RXN-4511	Ox-NADPH-Hemoprotein-Reductases	right
RXN-4511	WATER	right
P-PANTOCYSLIG-RXN	4-P-PANTOTHENATE	left
P-PANTOCYSLIG-RXN	CYS	left
P-PANTOCYSLIG-RXN	CTP	left
P-PANTOCYSLIG-RXN	PROTON	right
P-PANTOCYSLIG-RXN	R-4-PHOSPHOPANTOTHENOYL-L-CYSTEINE	right
P-PANTOCYSLIG-RXN	PPI	right
P-PANTOCYSLIG-RXN	CMP	right
RXN66-315	4-METHYL-824-CHOLESTADIENOL	left
RXN66-315	FERROCYTOCHROME-B5	left
RXN66-315	OXYGEN-MOLECULE	left
RXN66-315	PROTON	left
RXN66-315	CPD-4579	right
RXN66-315	FERRICYTOCHROME-B5	right
RXN66-315	WATER	right
RXN-12601	CPD-13544	left
RXN-12601	OXYGEN-MOLECULE	left
RXN-12601	Red-NADPH-Hemoprotein-Reductases	left
RXN-12601	CPD-13543	right
RXN-12601	WATER	right
RXN-12601	Ox-NADPH-Hemoprotein-Reductases	right
RXN-12601	PROTON	right
2OXOGLUTARATEDEH-RXN	2-KETOGLUTARATE	left
2OXOGLUTARATEDEH-RXN	CO-A	left
2OXOGLUTARATEDEH-RXN	NAD	left
2OXOGLUTARATEDEH-RXN	SUC-COA	right
2OXOGLUTARATEDEH-RXN	CARBON-DIOXIDE	right
2OXOGLUTARATEDEH-RXN	NADH	right
THYMIDINE-TRIPHOSPHATASE-RXN	TTP	left
THYMIDINE-TRIPHOSPHATASE-RXN	WATER	left
THYMIDINE-TRIPHOSPHATASE-RXN	TDP	right
THYMIDINE-TRIPHOSPHATASE-RXN	Pi	right
THYMIDINE-TRIPHOSPHATASE-RXN	PROTON	right
RXN-7301	MI-PENTAKISPHOSPHATE	left
RXN-7301	WATER	left
RXN-7301	CPD-6781	right
RXN-7301	Pi	right
RXN-11685	CPD-12655	left
RXN-11685	CPD-12575	left
RXN-11685	CPD-15088	right
RXN-11685	UDP	right
RXN-11685	PROTON	right
RXN-18202	CPDQT-39	left
RXN-18202	NAD	left
RXN-18202	CPD-19488	right
RXN-18202	NADH	right
RXN-18202	PROTON	right
RXN-13900	S-ADENOSYLMETHIONINE	left
RXN-13900	CPD-14866	left
RXN-13900	CPD-14907	right
RXN-13900	ADENOSYL-HOMO-CYS	right
RXN-13900	PROTON	right
RXN-7342	MALONYL-COA	left
RXN-7342	PROTON	left
RXN-7342	CPD-6801	right
RXN-7342	CO-A	right
RXN-7342	CARBON-DIOXIDE	right
RXN-7342	WATER	right
RXN-12157	CPD-17633	left
RXN-12157	NADP	left
RXN-12157	WATER	left
RXN-12157	CPD-14775	right
RXN-12157	NADPH	right
RXN-12157	PROTON	right
IMIDPHOSDEHYD-RXN	D-ERYTHRO-IMIDAZOLE-GLYCEROL-P	left
IMIDPHOSDEHYD-RXN	IMIDAZOLE-ACETOL-P	right
IMIDPHOSDEHYD-RXN	WATER	right
RXN-8263	CPD-12575	left
RXN-8263	CPD1F-90	left
RXN-8263	PROTON	right
RXN-8263	CPD-8007	right
RXN-8263	UDP	right
1.1.1.170-RXN	CPD-5846	left
1.1.1.170-RXN	NAD-P-OR-NOP	left
1.1.1.170-RXN	4-ALPHA-METHYL-5-ALPHA-CHOLEST-7-EN-3-ON	right
1.1.1.170-RXN	CARBON-DIOXIDE	right
1.1.1.170-RXN	NADH-P-OR-NOP	right
RXN-6684	CPD-6364	left
RXN-6684	OXYGEN-MOLECULE	left
RXN-6684	Red-NADPH-Hemoprotein-Reductases	left
RXN-6684	CPD-6365	right
RXN-6684	Ox-NADPH-Hemoprotein-Reductases	right
RXN-6684	WATER	right
RXN-6684	PROTON	right
RXN-13015	CPD-14043	left
RXN-13015	OXYGEN-MOLECULE	left
RXN-13015	Red-NADPH-Hemoprotein-Reductases	left
RXN-13015	CPD-14046	right
RXN-13015	WATER	right
RXN-13015	Ox-NADPH-Hemoprotein-Reductases	right
RXN-10696	CPD-11517	left
RXN-10696	OXYGEN-MOLECULE	left
RXN-10696	CPD-11518	right
RXN-10696	HYDROGEN-PEROXIDE	right
RXN-11220	PROTON	left
RXN-11220	P-COUMAROYL-COA	left
RXN-11220	MALONYL-COA	left
RXN-11220	CPD-12184	right
RXN-11220	CO-A	right
RXN-11220	CARBON-DIOXIDE	right
RXN-18098	PHENYLACETONITRILE	left
RXN-18098	OXYGEN-MOLECULE	left
RXN-18098	Red-NADPH-Hemoprotein-Reductases	left
RXN-18098	CPD-12702	right
RXN-18098	WATER	right
RXN-18098	Ox-NADPH-Hemoprotein-Reductases	right
RXN-3601	CPD-3441	left
RXN-3601	NADP	left
RXN-3601	VESTITONE	right
RXN-3601	NADPH	right
RXN-3601	PROTON	right
RXN-19162	CPD-20660	left
RXN-19162	Donor-H2	left
RXN-19162	CPD-20659	right
RXN-19162	Acceptor	right
PHOSPHOLIPASE-A1-RXN	PHOSPHATIDYLCHOLINE	left
PHOSPHOLIPASE-A1-RXN	WATER	left
PHOSPHOLIPASE-A1-RXN	2-Acylglycero-Phosphocholines	right
PHOSPHOLIPASE-A1-RXN	Fatty-Acids	right
PHOSPHOLIPASE-A1-RXN	PROTON	right
RXN-9257	CPD-9878	left
RXN-9257	CPD-9887	right
1.14.13.56-RXN	DIHYDROSANGUINARINE	left
1.14.13.56-RXN	OXYGEN-MOLECULE	left
1.14.13.56-RXN	Red-NADPH-Hemoprotein-Reductases	left
1.14.13.56-RXN	10-HYDROXYDIHYDROSANGUINARINE	right
1.14.13.56-RXN	WATER	right
1.14.13.56-RXN	Ox-NADPH-Hemoprotein-Reductases	right
RXN-13672	CPD-14703	left
RXN-13672	WATER	left
RXN-13672	CPD-6483	right
RXN-13672	CPD-9004	right
R145-RXN	CPD-1063	left
R145-RXN	CPD-8999	right
R145-RXN	WATER	right
RXN-15224	CPD-1099	left
RXN-15224	CPD-16418	right
RXN-15224	SUCROSE	right
RXN-2209	3-METHYLTHIOPROPYL-DESULFO-GLUCOSINOLATE	left
RXN-2209	PAPS	left
RXN-2209	3-5-ADP	right
RXN-2209	PROTON	right
RXN-2209	3-METHYLTHIOPROPYL-GLUCOSINOLATE	right
RXN-8695	CPD-8905	left
RXN-8695	Red-NADPH-Hemoprotein-Reductases	left
RXN-8695	OXYGEN-MOLECULE	left
RXN-8695	CPD-8921	right
RXN-8695	Ox-NADPH-Hemoprotein-Reductases	right
RXN-8695	WATER	right
RXN-8566	FARNESYL-PP	left
RXN-8566	CPD-8758	right
RXN-8566	PPI	right
RXN-8492	CPD-8658	left
RXN-8492	CPD-8674	left
RXN-8492	CPD-8675	right
RXN-8492	Glucopyranose	right
RXN-19022	L-GLUTAMATE-5-P	left
RXN-19022	5-OXOPROLINE	right
RXN-19022	Pi	right
RXN-19022	PROTON	right
RXN-11044	L-SELENOCYSTEINE	left
RXN-11044	SELENOMETHIONINE	right
RXNQT-4300	GLY	left
RXNQT-4300	PROT-CYS	left
RXNQT-4300	NAD	left
RXNQT-4300	CPDQT-400	right
RXNQT-4300	NIACINAMIDE	right
RXNQT-4300	CPD-17449	right
RXNQT-4300	WATER	right
RXNQT-4300	PROTON	right
RXN-18622	S-ADENOSYLMETHIONINE	left
RXN-18622	CPD-19898	left
RXN-18622	ADENOSYL-HOMO-CYS	right
RXN-18622	CPD-19897	right
RXN-18622	PROTON	right
RXN-9070	PROTON	left
RXN-9070	CPD-8215	left
RXN-9070	WATER	left
RXN-9070	CPD-23474	right
RXN-9070	OXYGEN-MOLECULE	right
RXN-5984	Sulfurated-Sulfur-Acceptors	left
RXN-5984	DETHIOBIOTIN	left
RXN-5984	Unsulfurated-Sulfur-Acceptors	right
RXN-5984	CPD-5662	right
TETRAHYDROBERBERINE-OXIDASE-RXN	PROTON	left
TETRAHYDROBERBERINE-OXIDASE-RXN	OXYGEN-MOLECULE	left
TETRAHYDROBERBERINE-OXIDASE-RXN	S-TETRAHYDROBERBERINE	left
TETRAHYDROBERBERINE-OXIDASE-RXN	HYDROGEN-PEROXIDE	right
TETRAHYDROBERBERINE-OXIDASE-RXN	BERBERINE	right
RXN18C3-39	CPD-19026	left
RXN18C3-39	ISOVALERYL-COA	left
RXN18C3-39	CPD-19055	right
RXN18C3-39	CO-A	right
RXN-10637	FARNESYL-PP	left
RXN-10637	WATER	left
RXN-10637	PPI	right
RXN-10637	CPD-11433	right
RXN-5163	CPD-1909	left
RXN-5163	NADP	left
RXN-5163	CPD-4942	right
RXN-5163	NADPH	right
RXN-5163	PROTON	right
FLAVONOL-3-O-GLUCOSYLTRANSFERASE-RXN	CPD-12575	left
FLAVONOL-3-O-GLUCOSYLTRANSFERASE-RXN	Flavonols	left
FLAVONOL-3-O-GLUCOSYLTRANSFERASE-RXN	UDP	right
FLAVONOL-3-O-GLUCOSYLTRANSFERASE-RXN	Flavonol-3-O-B-D-Glucosides	right
FLAVONOL-3-O-GLUCOSYLTRANSFERASE-RXN	PROTON	right
RXN-16411	CPD-7853	left
RXN-16411	Acceptor	left
RXN-16411	CPD-17651	right
RXN-16411	Donor-H2	right
RXN-11582	S-ADENOSYLMETHIONINE	left
RXN-11582	CPD-12570	left
RXN-11582	PROTON	right
RXN-11582	CPD-12571	right
RXN-11582	ADENOSYL-HOMO-CYS	right
RXN-4702	CPD-12575	left
RXN-4702	BIOCHANIN-A	left
RXN-4702	CPD-4563	right
RXN-4702	UDP	right
RXN-7181	PRO	left
RXN-7181	Acceptor	left
RXN-7181	L-DELTA1-PYRROLINE_5-CARBOXYLATE	right
RXN-7181	Donor-H2	right
RXN-9714	ISOVITEXIN	left
RXN-9714	UDP-D-XYLOSE	left
RXN-9714	CPD-10349	right
RXN-9714	UDP	right
RXN-3766	CPD-3630	left
RXN-3766	NADP	left
RXN-3766	CPD-3629	right
RXN-3766	NADPH	right
RXN-3766	PROTON	right
RXN-13466	CPD-8097	left
RXN-13466	CPD-12575	left
RXN-13466	CPD-14429	right
RXN-13466	UDP	right
RXN-13466	PROTON	right
RXN-9805	CPD-10514	left
RXN-9805	OXYGEN-MOLECULE	left
RXN-9805	Red-NADPH-Hemoprotein-Reductases	left
RXN-9805	910-EPOXY-18-HYDROXYSTEARATE	right
RXN-9805	WATER	right
RXN-9805	Ox-NADPH-Hemoprotein-Reductases	right
RXN-24303	CPD-26892	left
RXN-24303	Red-NADPH-Hemoprotein-Reductases	left
RXN-24303	OXYGEN-MOLECULE	left
RXN-24303	CPD-26893	right
RXN-24303	Ox-NADPH-Hemoprotein-Reductases	right
RXN-24303	WATER	right
RXN-2223	3-METHYLSULFINYLPROPYL-GLUCOSINOLATE	left
RXN-2223	OXYGEN-MOLECULE	left
RXN-2223	WATER	left
RXN-2223	3-HYDROXYPROPYL-GLUCOSINOLATE	right
RXN-2223	CPD-3746	right
RXN-2223	PROTON	right
RXN-13541	CPD-14528	left
RXN-13541	WATER	left
RXN-13541	CPD-7035	right
RXN-13541	Glucopyranose	right
RXN-11531	CPD-12493	left
RXN-11531	Red-NADPH-Hemoprotein-Reductases	left
RXN-11531	OXYGEN-MOLECULE	left
RXN-11531	CPD-720	right
RXN-11531	Ox-NADPH-Hemoprotein-Reductases	right
RXN-11531	WATER	right
RXN-12528	a-poly-gamma-glutamylcysteine-beta-alani	left
RXN-12528	GLUTATHIONE	left
RXN-12528	a-poly-gamma-glutamylcysteine-beta-alani	right
RXN-12528	GLY	right
RXN-9741	CPD-9138	left
RXN-9741	Donor-H2	left
RXN-9741	CPD-10451	right
RXN-9741	WATER	right
RXN-9741	Acceptor	right
RXN-12139	LINOLENIC_ACID	left
RXN-12139	Red-NADPH-Hemoprotein-Reductases	left
RXN-12139	OXYGEN-MOLECULE	left
RXN-12139	CPD-13091	right
RXN-12139	Ox-NADPH-Hemoprotein-Reductases	right
RXN-12139	WATER	right
RXN-8379	CPD-6991	left
RXN-8379	OXYGEN-MOLECULE	left
RXN-8379	2-KETOGLUTARATE	left
RXN-8379	CPD-8184	right
RXN-8379	SUC	right
RXN-8379	WATER	right
RXN-8379	CARBON-DIOXIDE	right
RXN-10708	CPD-11529	left
RXN-10708	WATER	left
RXN-10708	PROTON	right
RXN-10708	CPD-731	right
RXN-10708	CO-A	right
RXN-11947	CPD-12916	left
RXN-11947	FERROCYTOCHROME-B5	left
RXN-11947	OXYGEN-MOLECULE	left
RXN-11947	PROTON	left
RXN-11947	CPD-12918	right
RXN-11947	FERRICYTOCHROME-B5	right
RXN-11947	WATER	right
--LIMONENE-7-MONOOXYGENASE-RXN	CPD-4886	left
--LIMONENE-7-MONOOXYGENASE-RXN	OXYGEN-MOLECULE	left
--LIMONENE-7-MONOOXYGENASE-RXN	Red-NADPH-Hemoprotein-Reductases	left
--LIMONENE-7-MONOOXYGENASE-RXN	CPD-261	right
--LIMONENE-7-MONOOXYGENASE-RXN	Ox-NADPH-Hemoprotein-Reductases	right
--LIMONENE-7-MONOOXYGENASE-RXN	WATER	right
RXN-10945	CPD-1107	left
RXN-10945	WATER	left
RXN-10945	INOSITOL-1456-TETRAKISPHOSPHATE	right
RXN-10945	Pi	right
RXN-12486	GDP-D-GLUCOSE	left
RXN-12486	Pi	left
RXN-12486	GLC-1-P	right
RXN-12486	GDP	right
RXN-12486	PROTON	right
RXN-7700	CPD-7035	left
RXN-7700	NAD	left
RXN-7700	PROTON	right
RXN-7700	PHENYLACETALDEHYDE	right
RXN-7700	NADH	right
ASPARTATE-SEMIALDEHYDE-DEHYDROGENASE-RXN	NADP	left
ASPARTATE-SEMIALDEHYDE-DEHYDROGENASE-RXN	Pi	left
ASPARTATE-SEMIALDEHYDE-DEHYDROGENASE-RXN	L-ASPARTATE-SEMIALDEHYDE	left
ASPARTATE-SEMIALDEHYDE-DEHYDROGENASE-RXN	PROTON	right
ASPARTATE-SEMIALDEHYDE-DEHYDROGENASE-RXN	NADPH	right
ASPARTATE-SEMIALDEHYDE-DEHYDROGENASE-RXN	L-BETA-ASPARTYL-P	right
RXN-13413	FARNESYL-PP	left
RXN-13413	Delta-Selinenes	right
RXN-13413	PPI	right
RXN-14332	CPD-6974	left
RXN-14332	OXYGEN-MOLECULE	left
RXN-14332	Donor-H2	left
RXN-14332	CPD-6203	right
RXN-14332	WATER	right
RXN-14332	Acceptor	right
DIHYDROFOLATEREDUCT-RXN	THF-GLU-N	left
DIHYDROFOLATEREDUCT-RXN	NADP	left
DIHYDROFOLATEREDUCT-RXN	DIHYDROFOLATE-GLU-N	right
DIHYDROFOLATEREDUCT-RXN	NADPH	right
DIHYDROFOLATEREDUCT-RXN	PROTON	right
RXN-12493	FARNESYL-PP	left
RXN-12493	CPD-11377	right
RXN-12493	PPI	right
RXN-11930	CPD-4101	left
RXN-11930	OXYGEN-MOLECULE	left
RXN-11930	FERROCYTOCHROME-B5	left
RXN-11930	PROTON	left
RXN-11930	CPD-12907	right
RXN-11930	FERRICYTOCHROME-B5	right
RXN-11930	WATER	right
RXN-11846	Isoflavones	left
RXN-11846	Red-NADPH-Hemoprotein-Reductases	left
RXN-11846	PROTON	left
RXN-11846	OXYGEN-MOLECULE	left
RXN-11846	2-Hydroxyisoflavones	right
RXN-11846	Ox-NADPH-Hemoprotein-Reductases	right
RXN-11846	WATER	right
RXN-7737	LL-DIAMINOPIMELATE	left
RXN-7737	2-KETOGLUTARATE	left
RXN-7737	DELTA1-PIPERIDEINE-2-6-DICARBOXYLATE	right
RXN-7737	GLT	right
RXN-7737	WATER	right
RXN-7737	PROTON	right
RXN-8538	CPD-8728	left
RXN-8538	Red-NADPH-Hemoprotein-Reductases	left
RXN-8538	OXYGEN-MOLECULE	left
RXN-8538	CPD-8729	right
RXN-8538	Ox-NADPH-Hemoprotein-Reductases	right
RXN-8538	WATER	right
RXN-8538	PROTON	right
RXN-4961	HOPAN-22-OL	left
RXN-4961	SQUALENE	right
RXN-4961	WATER	right
DIHYDROCOUMARIN-LIPASE-RXN	WATER	left
DIHYDROCOUMARIN-LIPASE-RXN	DIHYDROCOUMARIN	left
DIHYDROCOUMARIN-LIPASE-RXN	PROTON	right
DIHYDROCOUMARIN-LIPASE-RXN	MELILOTATE	right
RXN-10773	CELLOBIOSE	left
RXN-10773	WATER	left
RXN-10773	Glucopyranose	right
RXN-7828	PELARGONIDIN-3-GLUCOSIDE-CMPD	left
RXN-7828	CPD-12575	left
RXN-7828	CPD-7137	right
RXN-7828	UDP	right
RXN-7828	PROTON	right
RXN-19161	CPD-20661	left
RXN-19161	Donor-H2	left
RXN-19161	CPD-20660	right
RXN-19161	Acceptor	right
RXN-13841	S-ADENOSYLMETHIONINE	left
RXN-13841	CPD-14853	left
RXN-13841	CPD-14854	right
RXN-13841	ADENOSYL-HOMO-CYS	right
RXN-13841	PROTON	right
RXN-1302	S-1-PHENYLETHANOL	left
RXN-1302	NAD	left
RXN-1302	PROTON	right
RXN-1302	PHENYL	right
RXN-1302	NADH	right
RXN-13839	345-TRIHYDROXY-37-DIMETHOXYFLAVONE	left
RXN-13839	2-KETOGLUTARATE	left
RXN-13839	OXYGEN-MOLECULE	left
RXN-13839	CPD-10527	right
RXN-13839	SUC	right
RXN-13839	CARBON-DIOXIDE	right
RXN-7224	CPD-6646	left
RXN-7224	NADP	left
RXN-7224	CPD-6641	right
RXN-7224	NADPH	right
RXN-7224	PROTON	right
RXN-2602	CONIFERYL-ALCOHOL	left
RXN-2602	NADP	left
RXN-2602	CONIFERYL-ALDEHYDE	right
RXN-2602	NADPH	right
RXN-2602	PROTON	right
RXN-12863	CPD-13907	left
RXN-12863	HYDROGEN-PEROXIDE	left
RXN-12863	L-THREONATE	right
RXN-12863	OXALATE	right
RXN-12863	PROTON	right
RXN-15333	CPD-16539	left
RXN-15333	1-O-SINAPOYL-BETA-D-GLUCOSE	left
RXN-15333	CPD-16540	right
RXN-15333	SINAPATE	right
RXN-15333	PROTON	right
RXN-5081	CPD-4861	left
RXN-5081	CPD-4864	right
RXN-5081	WATER	right
RXN-13925	S-ADENOSYLMETHIONINE	left
RXN-13925	CPD-14933	left
RXN-13925	CPD-14942	right
RXN-13925	ADENOSYL-HOMO-CYS	right
RXN-13925	PROTON	right
RXN-8735	CPD-8958	left
RXN-8735	Red-NADPH-Hemoprotein-Reductases	left
RXN-8735	OXYGEN-MOLECULE	left
RXN-8735	CPD-8960	right
RXN-8735	Ox-NADPH-Hemoprotein-Reductases	right
RXN-8735	WATER	right
RXN-4641	CPD-4207	left
RXN-4641	WATER	left
RXN-4641	FAD	left
RXN-4641	PROTON	left
RXN-4641	ADENOSINE	right
RXN-4641	PRENAL	right
RXN-4641	FADH2	right
RXN-8514	CPD-4750	left
RXN-8514	CPD-8699	right
RXN-8514	PPI	right
RXN-12126	CPD-12575	left
RXN-12126	CPD-4162	left
RXN-12126	UDP	right
RXN-12126	CPD-11606	right
RXN-12126	PROTON	right
RXN-10857	CPD-11770	left
RXN-10857	GLYCOLALDEHYDE	right
RXN-10857	AMINO-OH-HYDROXYMETHYL-DIHYDROPTERIDINE	right
RXN-6641	S-Substituted-Glutathione	left
RXN-6641	WATER	left
RXN-6641	CPD-6262	right
RXN-6641	GLT	right
2.7.8.11-RXN	CDPDIACYLGLYCEROL	left
2.7.8.11-RXN	MYO-INOSITOL	left
2.7.8.11-RXN	L-1-phosphatidyl-inositols	right
2.7.8.11-RXN	CMP	right
2.7.8.11-RXN	PROTON	right
RXN-7886	CPD1F-133	left
RXN-7886	OXYGEN-MOLECULE	left
RXN-7886	CPD-7203	right
RXN-7886	CPD-7202	right
RXN-11733	CPD-12699	left
RXN-11733	HCN	right
RXN-11733	MEK	right
RXN-23914	CPD0-915	left
RXN-23914	ASN-tRNAs	left
RXN-23914	L-aspartyl-tRNAAsn	right
RXN-23914	AMP	right
RXN-23914	PROTON	right
TROPINE-DEHYDROGENASE-RXN	NADP	left
TROPINE-DEHYDROGENASE-RXN	TROPINE	left
TROPINE-DEHYDROGENASE-RXN	NADPH	right
TROPINE-DEHYDROGENASE-RXN	TROPINONE	right
TROPINE-DEHYDROGENASE-RXN	PROTON	right
RXN-15383	CPD-6948	left
RXN-15383	Red-NADPH-Hemoprotein-Reductases	left
RXN-15383	OXYGEN-MOLECULE	left
RXN-15383	CPD-16620	right
RXN-15383	Ox-NADPH-Hemoprotein-Reductases	right
RXN-15383	WATER	right
RXN-12185	CO-A	left
RXN-12185	Omega-Hydroxy-long-Chain-Fatty-Acid	left
RXN-12185	ATP	left
RXN-12185	Omega-Hydroxy-Long-Chain-Fatty-Acyl-Coa	right
RXN-12185	PPI	right
RXN-12185	AMP	right
RXN-23596	CPD-26163	left
RXN-23596	OXYGEN-MOLECULE	left
RXN-23596	Red-NADPH-Hemoprotein-Reductases	left
RXN-23596	CPD-26162	right
RXN-23596	WATER	right
RXN-23596	Ox-NADPH-Hemoprotein-Reductases	right
RXN-8278	CPD-8046	left
RXN-8278	CPD-458	left
RXN-8278	CPD-8048	right
RXN-8278	MYO-INOSITOL	right
GLYCEROL-2-PHOSPHATASE-RXN	CPD-536	left
GLYCEROL-2-PHOSPHATASE-RXN	WATER	left
GLYCEROL-2-PHOSPHATASE-RXN	GLYCEROL	right
GLYCEROL-2-PHOSPHATASE-RXN	Pi	right
RXN-12183	HYDROXY-ACYL-COA	left
RXN-12183	MALONYL-COA	left
RXN-12183	PROTON	left
RXN-12183	HYDROXYLATED-TETRAKETIDE-PYRONE	right
RXN-12183	CARBON-DIOXIDE	right
RXN-12183	CO-A	right
RXN-11207	CPD-12163	left
RXN-11207	CPD-12165	right
RXN-7303	CPD-6781	left
RXN-7303	WATER	left
RXN-7303	CPD-6782	right
RXN-7303	Pi	right
RXN-18615	TABERSONINE	left
RXN-18615	Red-NADPH-Hemoprotein-Reductases	left
RXN-18615	OXYGEN-MOLECULE	left
RXN-18615	CPD-19891	right
RXN-18615	Ox-NADPH-Hemoprotein-Reductases	right
RXN-18615	WATER	right
RXN-8036	CPD-7417	left
RXN-8036	WATER	left
RXN-8036	CPD-7418	right
RXN-8036	Glucopyranose	right
RXN-22914	4-P-PANTOTHENATE	left
RXN-22914	CTP	left
RXN-22914	PROTON	left
RXN-22914	CPD-25382	right
RXN-22914	PPI	right
RXN-7482	CPD-6881	left
RXN-7482	OXYGEN-MOLECULE	left
RXN-7482	Red-NADPH-Hemoprotein-Reductases	left
RXN-7482	2346-TETRAHYDROXYBENZOPHENONE	right
RXN-7482	Ox-NADPH-Hemoprotein-Reductases	right
RXN-7482	WATER	right
RXN-7711	Very-long-Chain-234-Saturated-acyl-CoAs	left
RXN-7711	NADP	left
RXN-7711	Very-Long-Chain-Trans-23-Dehydroacyl-CoA	right
RXN-7711	NADPH	right
RXN-7711	PROTON	right
HYDROXYPYRUVATE-REDUCTASE-RXN	GLYCERATE	left
HYDROXYPYRUVATE-REDUCTASE-RXN	NAD-P-OR-NOP	left
HYDROXYPYRUVATE-REDUCTASE-RXN	OH-PYR	right
HYDROXYPYRUVATE-REDUCTASE-RXN	NADH-P-OR-NOP	right
HYDROXYPYRUVATE-REDUCTASE-RXN	PROTON	right
ENOYL-COA-HYDRAT-RXN	L-3-HYDROXYACYL-COA	left
ENOYL-COA-HYDRAT-RXN	TRANS-D2-ENOYL-COA	right
ENOYL-COA-HYDRAT-RXN	WATER	right
RXN-11269	CPD-674	left
RXN-11269	WATER	left
RXN-11269	CPD-12218	right
RXN18C3-111	CPD-20295	left
RXN18C3-111	ISOBUTYRYL-COA	left
RXN18C3-111	CPD-20298	right
RXN18C3-111	CO-A	right
THYMIDYLATESYN-RXN	METHYLENE-THF-GLU-N	left
THYMIDYLATESYN-RXN	DUMP	left
THYMIDYLATESYN-RXN	TMP	right
THYMIDYLATESYN-RXN	DIHYDROFOLATE-GLU-N	right
2.5.1.70-RXN	CPD-4211	left
2.5.1.70-RXN	NARINGENIN-CMPD	left
2.5.1.70-RXN	PPI	right
2.5.1.70-RXN	CPD-9440	right
FPPSYN-RXN	GERANYL-PP	left
FPPSYN-RXN	DELTA3-ISOPENTENYL-PP	left
FPPSYN-RXN	FARNESYL-PP	right
FPPSYN-RXN	PPI	right
RXN-17349	CPD-8958	left
RXN-17349	OXYGEN-MOLECULE	left
RXN-17349	Red-NADPH-Hemoprotein-Reductases	left
RXN-17349	CPD-18756	right
RXN-17349	FORMALDEHYDE	right
RXN-17349	WATER	right
RXN-17349	Ox-NADPH-Hemoprotein-Reductases	right
GLU6PDEHYDROG-RXN	D-glucopyranose-6-phosphate	left
GLU6PDEHYDROG-RXN	NADP	left
GLU6PDEHYDROG-RXN	D-6-P-GLUCONO-DELTA-LACTONE	right
GLU6PDEHYDROG-RXN	NADPH	right
GLU6PDEHYDROG-RXN	PROTON	right
RXN1F-101	CPD1F-96	left
RXN1F-101	2-KETOGLUTARATE	left
RXN1F-101	OXYGEN-MOLECULE	left
RXN1F-101	PROTON	right
RXN1F-101	CPD1F-86	right
RXN1F-101	SUC	right
RXN1F-101	CARBON-DIOXIDE	right
RXN-19697	CPD-12575	left
RXN-19697	CPD-15449	left
RXN-19697	CPD-15450	right
RXN-19697	UDP	right
RXN-19697	PROTON	right
RXN-13565	CPD-13518	left
RXN-13565	NADPH	left
RXN-13565	OXYGEN-MOLECULE	left
RXN-13565	L-CITRULLINE	right
RXN-13565	NITRIC-OXIDE	right
RXN-13565	NADP	right
RXN-13565	WATER	right
RXN-13565	PROTON	right
RXN0-5181	1-4-alpha-D-Glucan	left
RXN0-5181	WATER	left
RXN0-5181	MALTOHEXAOSE	right
RXN0-5181	1-4-alpha-D-Glucan	right
RXNIO2-4	CPDIO2-5	left
RXNIO2-4	Donor-H2	left
RXNIO2-4	OXYGEN-MOLECULE	left
RXNIO2-4	CPDIO2-6	right
RXNIO2-4	Acceptor	right
RXNIO2-4	WATER	right
RXN-14990	TYR	left
RXN-14990	OXYGEN-MOLECULE	left
RXN-14990	FADH2	left
RXN-14990	L-DIHYDROXY-PHENYLALANINE	right
RXN-14990	WATER	right
RXN-14990	FAD	right
RXN-14990	PROTON	right
RXN-10767	CPD1F-2	left
RXN-10767	WATER	left
RXN-10767	CPD-734	right
RXN-10767	METOH	right
RXN-10767	PROTON	right
RXN-14208	DGTP	left
RXN-14208	WATER	left
RXN-14208	DGMP	right
RXN-14208	Pi	right
RXN-14208	PROTON	right
RXN-22317	CPD-24319	left
RXN-22317	CPD-24318	right
RXN-22317	PROTON	right
RXN-14000	CPD1F-437	left
RXN-14000	CPD-12575	left
RXN-14000	CPD-14849	right
RXN-14000	UDP	right
RXN-13718	CPD-474	left
RXN-13718	OXYGEN-MOLECULE	left
RXN-13718	Red-NADPH-Hemoprotein-Reductases	left
RXN-13718	CPD-7087	right
RXN-13718	Ox-NADPH-Hemoprotein-Reductases	right
RXN-13718	WATER	right
RXN-8342	PRECURSOR-Z	left
RXN-8342	Thiocarboxylated-MPT-synthases	left
RXN-8342	WATER	left
RXN-8342	CPD-4	right
RXN-8342	MPT-Synthase-small-subunits	right
RXN-8342	PROTON	right
RXN-11887	5-ALPHA-CHOLESTA-724-DIEN-3-BETA-OL	left
RXN-11887	FERROCYTOCHROME-B5	left
RXN-11887	OXYGEN-MOLECULE	left
RXN-11887	PROTON	left
RXN-11887	CPD-8646	right
RXN-11887	FERRICYTOCHROME-B5	right
RXN-11887	WATER	right
RXN-21400	L-DEHYDRO-ASCORBATE	left
RXN-21400	WATER	left
RXN-21400	CPD-334	right
TRANS-RXN-190	K+	left
TRANS-RXN-190	K+	right
RXN-12508	2-ALPHA-HYDROXYETHYL-THPP	left
RXN-12508	Pyruvate-dehydrogenase-lipoate	left
RXN-12508	Pyruvate-dehydrogenase-acetylDHlipoyl	right
RXN-12508	THIAMINE-PYROPHOSPHATE	right
RXN-11229	OLEATE-CPD	left
RXN-11229	CPD-12189	right
RXN-14091	CPD-3725	left
RXN-14091	WATER	left
RXN-14091	CPD-3724	right
RXN-14091	PROTON	right
RXN-12391	Glucans	left
RXN-12391	MALTOTRIOSE	left
RXN-12391	Glucans	right
RXN-12391	Glucopyranose	right
THREONINE-ALDOLASE-RXN	THR	left
THREONINE-ALDOLASE-RXN	ACETALD	right
THREONINE-ALDOLASE-RXN	GLY	right
RXN-13789	CPD1F-437	left
RXN-13789	WATER	left
RXN-13789	CPD-520	right
RXN-13789	Glucopyranose	right
RXN-7772	GDP-MANNOSE	left
RXN-7772	GDP-L-GALACTOSE	right
RXNQT-4338	CPDQT-300	left
RXNQT-4338	OXYGEN-MOLECULE	left
RXNQT-4338	NADPH	left
RXNQT-4338	PROTON	left
RXNQT-4338	CPDQT-299	right
RXNQT-4338	WATER	right
RXNQT-4338	NADP	right
RXN-13645	CPD-14651	left
RXN-13645	Acceptor	left
RXN-13645	PROTON	left
RXN-13645	CPD-14652	right
RXN-13645	Donor-H2	right
RXN-16412	CPD-17651	left
RXN-16412	Acceptor	left
RXN-16412	CPD-7854	right
RXN-16412	Donor-H2	right
RXN-12292	CPD-7600	left
RXN-12292	NADPH	left
RXN-12292	PROTON	left
RXN-12292	BUTANAL	right
RXN-12292	NADP	right
OHBUTYRYL-COA-EPIM-RXN	D-3-HYDROXYACYL-COA	left
OHBUTYRYL-COA-EPIM-RXN	L-3-HYDROXYACYL-COA	right
SERINE--PYRUVATE-AMINOTRANSFERASE-RXN	PYRUVATE	left
SERINE--PYRUVATE-AMINOTRANSFERASE-RXN	SER	left
SERINE--PYRUVATE-AMINOTRANSFERASE-RXN	L-ALPHA-ALANINE	right
SERINE--PYRUVATE-AMINOTRANSFERASE-RXN	OH-PYR	right
RXN-8025	CPD1F-129	left
RXN-8025	OXYGEN-MOLECULE	left
RXN-8025	Reduced-ferredoxins	left
RXN-8025	PROTON	left
RXN-8025	CPD-7409	right
RXN-8025	WATER	right
RXN-8025	Oxidized-ferredoxins	right
RXN-22902	CPD-12575	left
RXN-22902	COUMARATE	left
RXN-22902	CPD-8674	right
RXN-22902	UDP	right
RXN-13334	CPD-1108	left
RXN-13334	WATER	left
RXN-13334	DIACYLGLYCEROL	right
RXN-13334	INOSITOL-1-4-BISPHOSPHATE	right
RXN-13334	PROTON	right
RXN-10435	CPD-734	left
RXN-10435	ILE	left
RXN-10435	ATP	left
RXN-10435	PROTON	right
RXN-10435	CPD-11232	right
RXN-10435	AMP	right
RXN-10435	PPI	right
RXN-13311	S-ADENOSYLMETHIONINE	left
RXN-13311	CPD-14289	left
RXN-13311	C34-Botryococcenes	right
RXN-13311	ADENOSYL-HOMO-CYS	right
RXN-13311	PROTON	right
RXN-18350	CPD-19723	left
RXN-18350	CPD-19724	right
RXN-715	CPD-713	left
RXN-715	OXYGEN-MOLECULE	left
RXN-715	Red-NADPH-Hemoprotein-Reductases	left
RXN-715	CPD-714	right
RXN-715	WATER	right
RXN-715	Ox-NADPH-Hemoprotein-Reductases	right
RXN-7782	DIHYDROKAEMPFEROL-CMPD	left
RXN-7782	OXYGEN-MOLECULE	left
RXN-7782	Red-NADPH-Hemoprotein-Reductases	left
RXN-7782	CPD-7087	right
RXN-7782	Ox-NADPH-Hemoprotein-Reductases	right
RXN-7782	WATER	right
RXN-7782	PROTON	right
RXN-8443	CPD-8259	left
RXN-8443	ATP	left
RXN-8443	PROTON	right
RXN-8443	NICOTINATE_NUCLEOTIDE	right
RXN-8443	ADP	right
NAD-SYNTH-GLN-RXN	ATP	left
NAD-SYNTH-GLN-RXN	DEAMIDO-NAD	left
NAD-SYNTH-GLN-RXN	GLN	left
NAD-SYNTH-GLN-RXN	WATER	left
NAD-SYNTH-GLN-RXN	PROTON	right
NAD-SYNTH-GLN-RXN	GLT	right
NAD-SYNTH-GLN-RXN	AMP	right
NAD-SYNTH-GLN-RXN	PPI	right
NAD-SYNTH-GLN-RXN	NAD	right
RXN-1065	910-EPOXY-18-HYDROXYSTEARATE	left
RXN-1065	WATER	left
RXN-1065	91018-TRIHYDROXYSTEARATE	right
RXN-9184	CPD-9750	left
RXN-9184	CPD-4889	left
RXN-9184	Acceptor	left
RXN-9184	CPD-9745	right
RXN-9184	Donor-H2	right
HISTALDEHYD-RXN	HISTIDINAL	left
HISTALDEHYD-RXN	NAD	left
HISTALDEHYD-RXN	WATER	left
HISTALDEHYD-RXN	PROTON	right
HISTALDEHYD-RXN	HIS	right
HISTALDEHYD-RXN	NADH	right
TIGLYLCOA-HYDROXY-RXN	2-METHYL-3-HYDROXY-BUTYRYL-COA	left
TIGLYLCOA-HYDROXY-RXN	CPD-1083	right
TIGLYLCOA-HYDROXY-RXN	WATER	right
RXN-10	O-UREIDOHOMOSERINE	left
RXN-10	L-ASPARTATE	left
RXN-10	ATP	left
RXN-10	PROTON	right
RXN-10	CANAVANINOSUCCINATE	right
RXN-10	AMP	right
RXN-10	PPI	right
RXN-9504	CPD-402	left
RXN-9504	ATP	left
RXN-9504	CO-A	left
RXN-9504	N-METHYLANTHRANILOYL-COA	right
RXN-9504	AMP	right
RXN-9504	PPI	right
ALANINE-AMINOTRANSFERASE-RXN	2-KETOGLUTARATE	left
ALANINE-AMINOTRANSFERASE-RXN	L-ALPHA-ALANINE	left
ALANINE-AMINOTRANSFERASE-RXN	GLT	right
ALANINE-AMINOTRANSFERASE-RXN	PYRUVATE	right
RXN-11585	S-ADENOSYLMETHIONINE	left
RXN-11585	CPD-12570	left
RXN-11585	PROTON	right
RXN-11585	ADENOSYL-HOMO-CYS	right
RXN-11585	CPD-12573	right
RXN-19744	CPD-21376	left
RXN-19744	CPD-7616	right
RXN-19744	ACETYL-COA	right
RXN-9128	CPD-9638	left
RXN-9128	PROTON	right
RXN-9128	CPD-9639	right
RXN-19583	CPD-21169	left
RXN-19583	WATER	left
RXN-19583	CPD-21178	right
RXN-19583	PYRUVATE	right
RXN-19583	AMMONIUM	right
ADENPHOSPHOR-RXN	ADENOSINE	left
ADENPHOSPHOR-RXN	Pi	left
ADENPHOSPHOR-RXN	RIBOSE-1P	right
ADENPHOSPHOR-RXN	ADENINE	right
RXN-10754	CPD-26378	left
RXN-10754	CPD-12575	left
RXN-10754	CPD-11590	right
RXN-10754	UDP	right
RXN-10754	PROTON	right
RXN-11881	CPD-12852	left
RXN-11881	OXYGEN-MOLECULE	left
RXN-11881	Red-NADPH-Hemoprotein-Reductases	left
RXN-11881	CPD-12853	right
RXN-11881	FORMATE	right
RXN-11881	WATER	right
RXN-11881	Ox-NADPH-Hemoprotein-Reductases	right
RXN-11881	PROTON	right
RXNIO2-2	CPD-8290	left
RXNIO2-2	Donor-H2	left
RXNIO2-2	OXYGEN-MOLECULE	left
RXNIO2-2	CPDIO2-3	right
RXNIO2-2	Acceptor	right
RXNIO2-2	WATER	right
RXN-18142	CPD-19421	left
RXN-18142	OXYGEN-MOLECULE	left
RXN-18142	Red-NADPH-Hemoprotein-Reductases	left
RXN-18142	CPD-19434	right
RXN-18142	WATER	right
RXN-18142	Ox-NADPH-Hemoprotein-Reductases	right
RXN-4181	CPD-4101	left
RXN-4181	Demethylated-methyl-acceptors	left
RXN-4181	EPISTEROL	right
RXN-4181	Methylated-methyl-acceptors	right
RXN-16199	CPD-17426	left
RXN-16199	CPD-17445	right
RXN-16199	WATER	right
ETHANOLAMINEPHOSPHOTRANSFERASE-RXN	DIACYLGLYCEROL	left
ETHANOLAMINEPHOSPHOTRANSFERASE-RXN	CDP-ETHANOLAMINE	left
ETHANOLAMINEPHOSPHOTRANSFERASE-RXN	L-1-PHOSPHATIDYL-ETHANOLAMINE	right
ETHANOLAMINEPHOSPHOTRANSFERASE-RXN	CMP	right
ETHANOLAMINEPHOSPHOTRANSFERASE-RXN	PROTON	right
RXN-4315	CPD-4207	left
RXN-4315	WATER	left
RXN-4315	D-Ribofuranose	right
RXN-4315	CPD-4209	right
RXN-7614	ATP	left
RXN-7614	O-SUCCINYLBENZOATE	left
RXN-7614	CO-A	left
RXN-7614	CPD-6972	right
RXN-7614	ADP	right
RXN-7614	Pi	right
RXN-12364	CPD-12796	left
RXN-12364	HYDROGEN-PEROXIDE	left
RXN-12364	PROTON	left
RXN-12364	CPD-13347	right
RXN-12364	WATER	right
RXN-12881	CPD-13921	left
RXN-12881	OXYGEN-MOLECULE	left
RXN-12881	Red-NADPH-Hemoprotein-Reductases	left
RXN-12881	CPD-13922	right
RXN-12881	Ox-NADPH-Hemoprotein-Reductases	right
RXN-12881	WATER	right
RXN-13933	S-ADENOSYLMETHIONINE	left
RXN-13933	CPD-13511	left
RXN-13933	CPD-14947	right
RXN-13933	ADENOSYL-HOMO-CYS	right
RXN-13933	PROTON	right
RXN-8437	CPD-8254	left
RXN-8437	Galactosides	left
RXN-8437	CPD-8255	right
RXN-12127	CPD-12575	left
RXN-12127	CHOLESTEROL	left
RXN-12127	UDP	right
RXN-12127	CPD-556	right
RXN-12127	PROTON	right
RXN-18353	CPD-19726	left
RXN-18353	CPD-591	right
RXN-18353	WATER	right
RXN-18353	PROTON	right
RXN-11063	CPD-12024	left
RXN-11063	WATER	left
RXN-11063	CPD-23339	right
RXN-11063	PYRUVATE	right
RXN-11063	AMMONIUM	right
RXN0-1021	GTP	left
RXN0-1021	WATER	left
RXN0-1021	GDP	right
RXN0-1021	Pi	right
RXN-9219	CPD-9851	left
RXN-9219	CPD-9848	right
RXN0-7187	MET	left
RXN0-7187	HYDROGEN-PEROXIDE	left
RXN0-7187	CPD-8989	right
RXN0-7187	WATER	right
RXN-12696	CPD-8131	left
RXN-12696	CPD-12575	left
RXN-12696	CPD-13683	right
RXN-12696	UDP	right
RXN-12696	PROTON	right
RXN-8029	CPD-7415	left
RXN-8029	OXYGEN-MOLECULE	left
RXN-8029	Donor-H2	left
RXN-8029	CPD-7416	right
RXN-8029	WATER	right
RXN-8029	Acceptor	right
RXN-14814	L-ASPARTATE	left
RXN-14814	ATP	left
RXN-14814	PROTON	left
RXN-14814	CPD0-915	right
RXN-14814	PPI	right
RXN-16425	Phosphoacetylglucosamine-Mutase-P	left
RXN-16425	N-ACETYL-D-GLUCOSAMINE-6-P	left
RXN-16425	N-ACETYL-D-GLUCOSAMINE-16-BIS-P	right
RXN-16425	Phosphoacetylglucosamine-Mutase	right
RXN-10702	NAD	left
RXN-10702	CPD-11523	left
RXN-10702	NADH	right
RXN-10702	PROTON	right
RXN-10702	CPD-11524	right
RXN-9112	CPD-9630	left
RXN-9112	CPD-9631	right
RXN-8908	S-METHYL-L-CYSTEINE	left
RXN-8908	OXYGEN-MOLECULE	left
RXN-8908	WATER	left
RXN-8908	CPD-9277	right
RXN-8908	HYDROGEN-PEROXIDE	right
RXN-12415	GXGG-Xyloglucans	left
RXN-12415	UDP-D-XYLOSE	left
RXN-12415	Xyloglucans-Xylose	right
RXN-12415	UDP	right
RXN-12415	PROTON	right
RXN-20977	CPD-12575	left
RXN-20977	CPD-22617	left
RXN-20977	CPD-22618	right
RXN-20977	UDP	right
RXN-20977	PROTON	right
RXN-9704	CPD-431	left
RXN-9704	CPD-12575	left
RXN-9704	VITEXIN	right
RXN-9704	UDP	right
RXN-9704	PROTON	right
RXN-8414	FARNESYL-PP	left
RXN-8414	CPD-8230	right
RXN-8414	PPI	right
RXN-9808	CPD-10507	left
RXN-9808	CO-A	left
RXN-9808	ATP	left
RXN-9808	CPD-10508	right
RXN-9808	AMP	right
RXN-9808	PPI	right
RXN-9027	PHOSPHO-ENOL-PYRUVATE	left
RXN-9027	ERYTHROSE-4P	right
RXN-13935	S-ADENOSYLMETHIONINE	left
RXN-13935	CPD1F-90	left
RXN-13935	CPD-14950	right
RXN-13935	ADENOSYL-HOMO-CYS	right
PROPIONATE--COA-LIGASE-RXN	CO-A	left
PROPIONATE--COA-LIGASE-RXN	PROPIONATE	left
PROPIONATE--COA-LIGASE-RXN	ATP	left
PROPIONATE--COA-LIGASE-RXN	PROPIONYL-COA	right
PROPIONATE--COA-LIGASE-RXN	PPI	right
PROPIONATE--COA-LIGASE-RXN	AMP	right
RXNIO2-1	CPDIO2-3	left
RXNIO2-1	Donor-H2	left
RXNIO2-1	OXYGEN-MOLECULE	left
RXNIO2-1	CPDIO2-4	right
RXNIO2-1	Acceptor	right
RXNIO2-1	WATER	right
RXN-15381	CPD-16610	left
RXN-15381	Red-NADPH-Hemoprotein-Reductases	left
RXN-15381	OXYGEN-MOLECULE	left
RXN-15381	CPD-16611	right
RXN-15381	Ox-NADPH-Hemoprotein-Reductases	right
RXN-15381	WATER	right
RXN-12061	TRP	left
RXN-12061	OXYGEN-MOLECULE	left
RXN-12061	Red-NADPH-Hemoprotein-Reductases	left
RXN-12061	CPD-13026	right
RXN-12061	Ox-NADPH-Hemoprotein-Reductases	right
RXN-12061	WATER	right
RXN-12061	PROTON	right
L-3-CYANOALANINE-SYNTHASE-RXN	CYS	left
L-3-CYANOALANINE-SYNTHASE-RXN	HCN	left
L-3-CYANOALANINE-SYNTHASE-RXN	HS	right
L-3-CYANOALANINE-SYNTHASE-RXN	CPD-603	right
L-3-CYANOALANINE-SYNTHASE-RXN	PROTON	right
RXN-16048	Palmitoyl-lipid	left
RXN-16048	OXYGEN-MOLECULE	left
RXN-16048	Reduced-ferredoxins	left
RXN-16048	PROTON	left
RXN-16048	CPD-17294	right
RXN-16048	WATER	right
RXN-16048	Oxidized-ferredoxins	right
RXN-14218	DGDP	left
RXN-14218	WATER	left
RXN-14218	DGMP	right
RXN-14218	Pi	right
RXN-14218	PROTON	right
1.14.13.104-RXN	CPD-4942	left
1.14.13.104-RXN	Red-NADPH-Hemoprotein-Reductases	left
1.14.13.104-RXN	OXYGEN-MOLECULE	left
1.14.13.104-RXN	CPD-4981	right
1.14.13.104-RXN	Ox-NADPH-Hemoprotein-Reductases	right
1.14.13.104-RXN	WATER	right
2.3.1.179-RXN	Palmitoleoyl-ACPs	left
2.3.1.179-RXN	MALONYL-ACP	left
2.3.1.179-RXN	PROTON	left
2.3.1.179-RXN	3-oxo-cis-vaccenoyl-ACPs	right
2.3.1.179-RXN	CARBON-DIOXIDE	right
2.3.1.179-RXN	ACP	right
RXN-9211	CPD-9835	left
RXN-9211	CPD-9847	left
RXN-9211	NADP	left
RXN-9211	CPD-9826	right
RXN-9211	NADPH	right
RXN-9211	PROTON	right
RXN-10875	CPD-697	left
RXN-10875	PAPS	left
RXN-10875	3-5-ADP	right
RXN-10875	CPD-19794	right
RXN-10875	PROTON	right
RXN-7485	CPD-6883	left
RXN-7485	Red-NADPH-Hemoprotein-Reductases	left
RXN-7485	OXYGEN-MOLECULE	left
RXN-7485	CPD-6884	right
RXN-7485	Ox-NADPH-Hemoprotein-Reductases	right
RXN-7485	WATER	right
RXN-95	CPD-12575	left
RXN-95	CPD-94	left
RXN-95	PROTON	right
RXN-95	CPD-82	right
RXN-95	UDP	right
RXN-10131	CPD-10893	left
RXN-10131	PAPS	left
RXN-10131	3-5-ADP	right
RXN-10131	PROTON	right
RXN-10131	CPD-10894	right
RXN-19360	UDP-GLUCURONATE	left
RXN-19360	CPD-20932	left
RXN-19360	UDP	right
RXN-19360	BILIRUBIN-BISGLUCURONOSIDE	right
RXN-8922	CPD-9319	left
RXN-8922	Red-NADPH-Hemoprotein-Reductases	left
RXN-8922	OXYGEN-MOLECULE	left
RXN-8922	CPD-9320	right
RXN-8922	Ox-NADPH-Hemoprotein-Reductases	right
RXN-8922	WATER	right
RXN-11957	CPD-12917	left
RXN-11957	OXYGEN-MOLECULE	left
RXN-11957	FERROCYTOCHROME-B5	left
RXN-11957	PROTON	left
RXN-11957	CPD-12927	right
RXN-11957	FERRICYTOCHROME-B5	right
RXN-11957	WATER	right
RXN-24314	CPD-26903	left
RXN-24314	OXYGEN-MOLECULE	left
RXN-24314	Red-NADPH-Hemoprotein-Reductases	left
RXN-24314	CPD-26904	right
RXN-24314	WATER	right
RXN-24314	Ox-NADPH-Hemoprotein-Reductases	right
QUINOPRIBOTRANS-RXN	NICOTINATE_NUCLEOTIDE	left
QUINOPRIBOTRANS-RXN	PPI	left
QUINOPRIBOTRANS-RXN	CARBON-DIOXIDE	left
QUINOPRIBOTRANS-RXN	PRPP	right
QUINOPRIBOTRANS-RXN	QUINOLINATE	right
QUINOPRIBOTRANS-RXN	PROTON	right
RXN-4322	CPD-4222	left
RXN-4322	WATER	left
RXN-4322	CPD-3631	right
RXN-4322	Glucopyranose	right
1.2.1.27-RXN	CPD-12179	left
1.2.1.27-RXN	CO-A	left
1.2.1.27-RXN	NAD	left
1.2.1.27-RXN	WATER	left
1.2.1.27-RXN	PROPIONYL-COA	right
1.2.1.27-RXN	HCO3	right
1.2.1.27-RXN	NADH	right
1.2.1.27-RXN	PROTON	right
RXN-10797	CPD-11688	left
RXN-10797	CPD-4461	right
RXN-20957	CPD-22598	left
RXN-20957	PROTON	left
RXN-20957	CPD-22599	right
RXN-20957	CARBON-DIOXIDE	right
HEXOKINASE-RXN	D-Hexoses	left
HEXOKINASE-RXN	ATP	left
HEXOKINASE-RXN	D-HEXOSE-6-PHOSPHATE	right
HEXOKINASE-RXN	ADP	right
HEXOKINASE-RXN	PROTON	right
RXN-20080	ATP	left
RXN-20080	L-aspartyl-tRNAAsn	left
RXN-20080	ADP	right
RXN-20080	4-Phosphooxy-L-aspartyl-tRNAAsn	right
RXN-6384	3-HYDROXY-PROPIONYL-COA	left
RXN-6384	WATER	left
RXN-6384	PROTON	right
RXN-6384	3-HYDROXY-PROPIONATE	right
RXN-6384	CO-A	right
RXN-9397	CPD-260	left
RXN-9397	NAD	left
RXN-9397	CPD-10037	right
RXN-9397	NADH	right
RXN-9397	PROTON	right
RXN-12869	L-DEHYDRO-ASCORBATE	left
RXN-12869	OXYGEN-MOLECULE	left
RXN-12869	CPD-13914	right
6-HYDROXYMELLEIN-O-METHYLTRANSFERASE-RXN	S-ADENOSYLMETHIONINE	left
6-HYDROXYMELLEIN-O-METHYLTRANSFERASE-RXN	6-HYDROXYMELLEIN	left
6-HYDROXYMELLEIN-O-METHYLTRANSFERASE-RXN	PROTON	right
6-HYDROXYMELLEIN-O-METHYLTRANSFERASE-RXN	ADENOSYL-HOMO-CYS	right
6-HYDROXYMELLEIN-O-METHYLTRANSFERASE-RXN	6-METHOXYMELLEIN	right
RXN-3521	ASCORBATE	left
RXN-3521	HYDROGEN-PEROXIDE	left
RXN-3521	PROTON	left
RXN-3521	CPD-318	right
RXN-3521	WATER	right
RXN-8214	CPD-7850	left
RXN-8214	OXYGEN-MOLECULE	left
RXN-8214	Donor-H2	left
RXN-8214	CPD-7860	right
RXN-8214	WATER	right
RXN-8214	Acceptor	right
RXN-22720	CPD-12575	left
RXN-22720	CPD-5921	left
RXN-22720	CPD-24928	right
RXN-22720	UDP	right
RXNQT-4181	EPOXYSQUALENE	left
RXNQT-4181	CPDQT-50	right
RXN-717	CPD-716	left
RXN-717	Red-NADPH-Hemoprotein-Reductases	left
RXN-717	OXYGEN-MOLECULE	left
RXN-717	CPD-718	right
RXN-717	Ox-NADPH-Hemoprotein-Reductases	right
RXN-717	WATER	right
RXN-11530	CPD-3945	left
RXN-11530	Red-NADPH-Hemoprotein-Reductases	left
RXN-11530	OXYGEN-MOLECULE	left
RXN-11530	CPD-12496	right
RXN-11530	Ox-NADPH-Hemoprotein-Reductases	right
RXN-11530	WATER	right
RXN-13911	S-ADENOSYLMETHIONINE	left
RXN-13911	CPD-14933	left
RXN-13911	CPD-14934	right
RXN-13911	ADENOSYL-HOMO-CYS	right
RXN-13911	PROTON	right
RXN-8404	CPD-8215	left
RXN-8404	CPD-8216	right
RXN-13298	CPD-14275	left
RXN-13298	NADP	left
RXN-13298	CPD-14271	right
RXN-13298	NADPH	right
RXN-13298	PROTON	right
RXN-7184	CPD-506	left
RXN-7184	ATP	left
RXN-7184	PROTON	right
RXN-7184	CPD-1107	right
RXN-7184	ADP	right
RXN-3182	2-OXINDOLE-3-ACETIC-ACID	left
RXN-3182	7-HYDROXY-2-OXINDOLE-3-ACETIC-ACID	right
4.2.1.58-RXN	Beta-3-hydroxybutyryl-ACPs	left
4.2.1.58-RXN	WATER	right
4.2.1.58-RXN	Crotonyl-ACPs	right
GLYCEROL-1-PHOSPHATASE-RXN	Glycerol-1-phosphate	left
GLYCEROL-1-PHOSPHATASE-RXN	WATER	left
GLYCEROL-1-PHOSPHATASE-RXN	GLYCEROL	right
GLYCEROL-1-PHOSPHATASE-RXN	Pi	right
RXN-4231	CPD-698	left
RXN-4231	OXYGEN-MOLECULE	left
RXN-4231	Red-NADPH-Hemoprotein-Reductases	left
RXN-4231	CPD-3945	right
RXN-4231	WATER	right
RXN-4231	Ox-NADPH-Hemoprotein-Reductases	right
1.5.1.27-RXN	R-RETICULINE	left
1.5.1.27-RXN	NADP	left
1.5.1.27-RXN	12-DEHYDRORETICULINIUM	right
1.5.1.27-RXN	NADPH	right
1.5.1.27-RXN	PROTON	right
RXN-7748	CPD-267	left
RXN-7748	OXYGEN-MOLECULE	left
RXN-7748	Red-NADPH-Hemoprotein-Reductases	left
RXN-7748	CPD-7070	right
RXN-7748	Ox-NADPH-Hemoprotein-Reductases	right
RXN-7748	WATER	right
RXN-8548	FARNESYL-PP	left
RXN-8548	CPD-8739	right
RXN-8548	PPI	right
RXN-1484	CPD-1961	left
RXN-1484	NADP	left
RXN-1484	WATER	left
RXN-1484	CPD-590	right
RXN-1484	NADPH	right
RXN-1484	PROTON	right
OXALOACETASE-RXN	OXALACETIC_ACID	left
OXALOACETASE-RXN	WATER	left
OXALOACETASE-RXN	OXALATE	right
OXALOACETASE-RXN	ACET	right
OXALOACETASE-RXN	PROTON	right
RXN-7783	FLAVANONES	left
RXN-7783	OXYGEN-MOLECULE	left
RXN-7783	Red-NADPH-Hemoprotein-Reductases	left
RXN-7783	3-Hydroxy-Flavanones	right
RXN-7783	Ox-NADPH-Hemoprotein-Reductases	right
RXN-7783	WATER	right
RXN-11948	CPD-12918	left
RXN-11948	FERROCYTOCHROME-B5	left
RXN-11948	OXYGEN-MOLECULE	left
RXN-11948	PROTON	left
RXN-11948	CPD-12919	right
RXN-11948	FERRICYTOCHROME-B5	right
RXN-11948	WATER	right
RXN-18343	CPD-19719	left
RXN-18343	OXYGEN-MOLECULE	left
RXN-18343	Red-NADPH-Hemoprotein-Reductases	left
RXN-18343	PROTON	left
RXN-18343	CPD-19721	right
RXN-18343	WATER	right
RXN-18343	Ox-NADPH-Hemoprotein-Reductases	right
RXN-11661	CPD-12620	left
RXN-11661	OXYGEN-MOLECULE	left
RXN-11661	Donor-H2	left
RXN-11661	CPD-12632	right
RXN-11661	WATER	right
RXN-11661	Acceptor	right
DAPASYN-RXN	S-ADENOSYLMETHIONINE	left
DAPASYN-RXN	8-AMINO-7-OXONONANOATE	left
DAPASYN-RXN	S-ADENOSYL-4-METHYLTHIO-2-OXOBUTANOATE	right
DAPASYN-RXN	DIAMINONONANOATE	right
HOMOCYSMET-RXN	CPD-1302	left
HOMOCYSMET-RXN	HOMO-CYS	left
HOMOCYSMET-RXN	CPD-1301	right
HOMOCYSMET-RXN	MET	right
RXN-8179	S-ADENOSYLMETHIONINE	left
RXN-8179	S-STYLOPINE	left
RXN-8179	CPD-7846	right
RXN-8179	ADENOSYL-HOMO-CYS	right
MEVALONATE-KINASE-RXN	MEVALONATE	left
MEVALONATE-KINASE-RXN	ATP	left
MEVALONATE-KINASE-RXN	PROTON	right
MEVALONATE-KINASE-RXN	CPD-499	right
MEVALONATE-KINASE-RXN	ADP	right
CDPREDUCT-RXN	DCDP	left
CDPREDUCT-RXN	Ox-Thioredoxin	left
CDPREDUCT-RXN	WATER	left
CDPREDUCT-RXN	CDP	right
CDPREDUCT-RXN	Red-Thioredoxin	right
GLUTACONYL-COA-DECARBOXYLASE-RXN	PROTON	left
GLUTACONYL-COA-DECARBOXYLASE-RXN	GLUTACONYL-COA	left
GLUTACONYL-COA-DECARBOXYLASE-RXN	CARBON-DIOXIDE	right
GLUTACONYL-COA-DECARBOXYLASE-RXN	CROTONYL-COA	right
RXN-8291	P-COUMAROYL-COA	left
RXN-8291	CPD-8068	left
RXN-8291	CPD-8069	right
RXN-8291	CO-A	right
RXN-7982	CPD-7231	left
RXN-7982	2-KETOGLUTARATE	left
RXN-7982	OXYGEN-MOLECULE	left
RXN-7982	CPD-7289	right
RXN-7982	SUC	right
RXN-7982	CARBON-DIOXIDE	right
RXN-11435	CPD-12405	left
RXN-11435	WATER	left
RXN-11435	CPD-12406	right
RXN-11435	GLT	right
RXN-18732	CPD-12575	left
RXN-18732	Open-tautomer-2-hydroxyflavanones	left
RXN-18732	3-C-gluc-tautomer-2-hydroxyflavanones	right
RXN-18732	UDP	right
RXN-18732	PROTON	right
2.4.1.115-RXN	CPD-12575	left
2.4.1.115-RXN	3-OH-Anthocyanidins	left
2.4.1.115-RXN	Anthocyanidin-3-O-beta-D-glucosides	right
2.4.1.115-RXN	UDP	right
2.4.1.115-RXN	PROTON	right
RXN-12540	HYDROGEN-PEROXIDE	left
RXN-12540	FE+2	left
RXN-12540	CPD-12377	right
RXN-12540	OH	right
RXN-12540	FE+3	right
RXN-11384	S-ADENOSYLMETHIONINE	left
RXN-11384	CPD-6224	left
RXN-11384	CPD-12350	right
RXN-11384	ADENOSYL-HOMO-CYS	right
RXN0-947	Octanoyl-ACPs	left
RXN0-947	Lipoyl-Protein-L-Lysine	left
RXN0-947	Octanoylated-domains	right
RXN0-947	ACP	right
RXN0-947	PROTON	right
VINYLACETYL-COA-DELTA-ISOMERASE-RXN	CPD-226	left
VINYLACETYL-COA-DELTA-ISOMERASE-RXN	CROTONYL-COA	right
RXN-15130	L-CYSTATHIONINE	left
RXN-15130	WATER	left
RXN-15130	CYS	right
RXN-15130	2-OXOBUTANOATE	right
RXN-15130	AMMONIUM	right
RXNQT-3	GLUTACONATE	left
RXNQT-3	WATER	left
RXNQT-3	R-2-HYDROXYGLUTARATE	right
RXN-19986	CPD-21559	left
RXN-19986	CPD-21561	right
RXN-13700	CPD-14741	left
RXN-13700	CPD-3631	right
RXN-13700	WATER	right
RXN-8239	S-ADENOSYLMETHIONINE	left
RXN-8239	CPD-7972	left
RXN-8239	CPD-7973	right
RXN-8239	ADENOSYL-HOMO-CYS	right
RXN-16460	CPD-693	left
RXN-16460	Red-NADPH-Hemoprotein-Reductases	left
RXN-16460	OXYGEN-MOLECULE	left
RXN-16460	CPD-7728	right
RXN-16460	Ox-NADPH-Hemoprotein-Reductases	right
RXN-16460	WATER	right
RXN-1863	CPD-2281	left
RXN-1863	WATER	left
RXN-1863	Fructofuranose	right
RXN-1863	NEOKESTOSE	right
RXN-7185	CPD-505	left
RXN-7185	ATP	left
RXN-7185	PROTON	right
RXN-7185	CPD-6661	right
RXN-7185	ADP	right
RXN-23260	DIHYDROXYNAPHTHOATE	left
RXN-23260	CPD-25747	right
METHYLCROTONYL-COA-CARBOXYLASE-RXN	HCO3	left
METHYLCROTONYL-COA-CARBOXYLASE-RXN	3-METHYL-CROTONYL-COA	left
METHYLCROTONYL-COA-CARBOXYLASE-RXN	ATP	left
METHYLCROTONYL-COA-CARBOXYLASE-RXN	PROTON	right
METHYLCROTONYL-COA-CARBOXYLASE-RXN	ADP	right
METHYLCROTONYL-COA-CARBOXYLASE-RXN	Pi	right
METHYLCROTONYL-COA-CARBOXYLASE-RXN	TRANS-3-METHYL-GLUTACONYL-COA	right
RXN66-314	4-METHYL-824-CHOLESTADIENOL	left
RXN66-314	NADP	left
RXN66-314	PROTON	right
RXN66-314	CPD-4578	right
RXN66-314	NADPH	right
RXN-10449	Jasmonic-Acids	left
RXN-10449	GLN	left
RXN-10449	ATP	left
RXN-10449	Jasmonoyl-Glutamines	right
RXN-10449	AMP	right
RXN-10449	PPI	right
RXN-10449	PROTON	right
2.5.1.51-RXN	ACETYLSERINE	left
2.5.1.51-RXN	PYRAZOLE	left
2.5.1.51-RXN	PROTON	right
2.5.1.51-RXN	CPD-670	right
2.5.1.51-RXN	ACET	right
RXN66-339	20A-20B-DIHYDROXY-CHOLESTEROL	left
RXN66-339	OXYGEN-MOLECULE	left
RXN66-339	Reduced-adrenal-ferredoxins	left
RXN66-339	PROTON	left
RXN66-339	PREGNENOLONE	right
RXN66-339	4-METHYLPENTANAL	right
RXN66-339	Oxidized-adrenal-ferredoxins	right
RXN66-339	WATER	right
RXNQT-4174	CPDQT-39	left
RXNQT-4174	NAD	left
RXNQT-4174	CPDQT-30	right
RXNQT-4174	CARBON-DIOXIDE	right
RXNQT-4174	NADH	right
RXN-11397	CPD-12366	left
RXN-11397	WATER	left
RXN-11397	PROTON	right
RXN-11397	CPD-12367	right
RXN-11397	PPI	right
RXN-19978	CPD-21550	left
RXN-19978	NADP	left
RXN-19978	CPD-21551	right
RXN-19978	NADPH	right
RXN-19978	PROTON	right
RXN-12203	Starch	left
RXN-12203	ATP	left
RXN-12203	WATER	left
RXN-12203	6-Phosphogluco-Amylopectins	right
RXN-12203	AMP	right
RXN-12203	Pi	right
HYDROXYMETHYLGLUTARYL-COA-SYNTHASE-RXN	ACETOACETYL-COA	left
HYDROXYMETHYLGLUTARYL-COA-SYNTHASE-RXN	WATER	left
HYDROXYMETHYLGLUTARYL-COA-SYNTHASE-RXN	ACETYL-COA	left
HYDROXYMETHYLGLUTARYL-COA-SYNTHASE-RXN	PROTON	right
HYDROXYMETHYLGLUTARYL-COA-SYNTHASE-RXN	CO-A	right
HYDROXYMETHYLGLUTARYL-COA-SYNTHASE-RXN	3-HYDROXY-3-METHYL-GLUTARYL-COA	right
RXN-11248	CPD-12203	left
RXN-11248	CPD-12201	right
RXN-9291	CPD-8719	left
RXN-9291	CPD-9907	right
RXN-9291	PPI	right
RXN-7825	PROTON	left
RXN-7825	ISOVALERYL-COA	left
RXN-7825	MALONYL-COA	left
RXN-7825	CPD-7146	right
RXN-7825	CO-A	right
RXN-7825	CARBON-DIOXIDE	right
RXN-18387	4-HYDROXY-BUTYRATE	left
RXN-18387	ATP	left
RXN-18387	CO-A	left
RXN-18387	4-HYDROXY-BUTYRYL-COA	right
RXN-18387	ADP	right
RXN-18387	Pi	right
RXN-16232	CPD-7391	left
RXN-16232	HYDROGEN-PEROXIDE	left
RXN-16232	CPD-17478	right
RXN-16232	WATER	right
PHOSGLYPHOS-RXN	G3P	left
PHOSGLYPHOS-RXN	ATP	left
PHOSGLYPHOS-RXN	DPG	right
PHOSGLYPHOS-RXN	ADP	right
RXN-5463	CPD-5161	left
RXN-5463	GDP-MANNOSE	left
RXN-5463	CPD-5162	right
RXN-5463	PROTON	right
RXN-5463	GDP	right
GMP-SYN-GLUT-RXN	XANTHOSINE-5-PHOSPHATE	left
GMP-SYN-GLUT-RXN	WATER	left
GMP-SYN-GLUT-RXN	GLN	left
GMP-SYN-GLUT-RXN	ATP	left
GMP-SYN-GLUT-RXN	PROTON	right
GMP-SYN-GLUT-RXN	GLT	right
GMP-SYN-GLUT-RXN	GMP	right
GMP-SYN-GLUT-RXN	PPI	right
GMP-SYN-GLUT-RXN	AMP	right
RXN-13884	CPD-14894	left
RXN-13884	NADP	left
RXN-13884	ERGOSTEROL	right
RXN-13884	NADPH	right
RXN-13884	PROTON	right
4.2.3.16-RXN	GERANYL-PP	left
4.2.3.16-RXN	CPD-4886	right
4.2.3.16-RXN	PPI	right
RXN-19713	CPD-21333	left
RXN-19713	OXYGEN-MOLECULE	left
RXN-19713	Red-NADPH-Hemoprotein-Reductases	left
RXN-19713	CPD-14486	right
RXN-19713	WATER	right
RXN-19713	Ox-NADPH-Hemoprotein-Reductases	right
RXN-7249	CPD-6743	left
RXN-7249	WATER	left
RXN-7249	CPD-6744	right
RXN-7249	Pi	right
RXN-10602	FARNESYL-PP	left
RXN-10602	PPI	right
RXN-10602	CPD-11415	right
RXN-8484	CPD-8656	left
RXN-8484	UDP-GLUCURONATE	left
RXN-8484	PROTON	right
RXN-8484	CPD-8657	right
RXN-8484	UDP	right
RXN-8141	CDPDIACYLGLYCEROL	left
RXN-8141	L-1-PHOSPHATIDYL-GLYCEROL	left
RXN-8141	CARDIOLIPIN	right
RXN-8141	CMP	right
RXN-8141	PROTON	right
AMP-DEPHOSPHORYLATION-RXN	AMP	left
AMP-DEPHOSPHORYLATION-RXN	WATER	left
AMP-DEPHOSPHORYLATION-RXN	ADENOSINE	right
AMP-DEPHOSPHORYLATION-RXN	Pi	right
TYROSINE-N-MONOOXYGENASE-RXN	TYR	left
TYROSINE-N-MONOOXYGENASE-RXN	OXYGEN-MOLECULE	left
TYROSINE-N-MONOOXYGENASE-RXN	Red-NADPH-Hemoprotein-Reductases	left
TYROSINE-N-MONOOXYGENASE-RXN	CPD-267	right
TYROSINE-N-MONOOXYGENASE-RXN	WATER	right
TYROSINE-N-MONOOXYGENASE-RXN	Ox-NADPH-Hemoprotein-Reductases	right
TYROSINE-N-MONOOXYGENASE-RXN	PROTON	right
RXN-9080	CPD-9582	left
RXN-9080	CPD-9584	right
RXN-19644	CPD-15030	left
RXN-19644	OXYGEN-MOLECULE	left
RXN-19644	Red-NADPH-Hemoprotein-Reductases	left
RXN-19644	CPD-21280	right
RXN-19644	WATER	right
RXN-19644	Ox-NADPH-Hemoprotein-Reductases	right
RXN-9111	CPD-9620	left
RXN-9111	CPD-9630	right
RXN-9664	EPOXYSQUALENE	left
RXN-9664	CPD-10285	right
RXN0-7319	CPD-381	left
RXN0-7319	ETR-Quinones	left
RXN0-7319	2-KETOGLUTARATE	right
RXN0-7319	ETR-Quinols	right
RXN-9615	AMMONIUM	left
RXN-9615	AMMONIUM	right
RXN-18450	CPD-4211	left
RXN-18450	CPD-19789	left
RXN-18450	PPI	right
RXN-18450	CPD-19790	right
RXN-13913	S-ADENOSYLMETHIONINE	left
RXN-13913	CPD-8605	left
RXN-13913	PROTON	right
RXN-13913	CPD-14939	right
RXN-13913	ADENOSYL-HOMO-CYS	right
RXN-1884	L-Galactopyranose	left
RXN-1884	NAD	left
RXN-1884	PROTON	right
RXN-1884	CPD-330	right
RXN-1884	NADH	right
RXN-8544	FARNESYL-PP	left
RXN-8544	CPD-8733	right
RXN-8544	PPI	right
RXN-20083	5-Phosphooxy-L-glutamyl-tRNAGlln	left
RXN-20083	AMMONIA	left
RXN-20083	Charged-GLN-tRNAs	right
RXN-20083	Pi	right
RXN-11436	CPD-12385	left
RXN-11436	WATER	left
RXN-11436	PROTON	right
RXN-11436	PHENYLACETOTHIOHYDROXIMATE	right
RXN-11436	CPD-12607	right
2.6.1.7-RXN	CPD-14736	left
2.6.1.7-RXN	2-KETOGLUTARATE	left
2.6.1.7-RXN	GLT	right
2.6.1.7-RXN	CPD-476	right
RXN-12209	S-ADENOSYLMETHIONINE	left
RXN-12209	MYO-INOSITOL	left
RXN-12209	PROTON	right
RXN-12209	ADENOSYL-HOMO-CYS	right
RXN-12209	5-O-METHYL-MYO-INOSITOL	right
RXN-14182	CPD-8097	left
RXN-14182	CPD-12575	left
RXN-14182	CPD-14461	right
RXN-14182	UDP	right
RXN-14182	PROTON	right
4.2.3.17-RXN	GERANYLGERANYL-PP	left
4.2.3.17-RXN	PPI	right
4.2.3.17-RXN	TAXA-411-DIENE	right
RXN-18623	CPD-19897	left
RXN-18623	2-KETOGLUTARATE	left
RXN-18623	OXYGEN-MOLECULE	left
RXN-18623	CPD-19899	right
RXN-18623	SUC	right
RXN-18623	CARBON-DIOXIDE	right
FORMATE-DEHYDROGENASE-NADP+-RXN	NADP	left
FORMATE-DEHYDROGENASE-NADP+-RXN	FORMATE	left
FORMATE-DEHYDROGENASE-NADP+-RXN	NADPH	right
FORMATE-DEHYDROGENASE-NADP+-RXN	CARBON-DIOXIDE	right
RXN-21230	6-7-Dihydrobiopterins	left
RXN-21230	78-dihydrobiopterins	right
RXN-23333	Ubiquitin-C-Terminal-Glycine-AMP	left
RXN-23333	Ubiquitin-activating-protein-E1-L-cys	left
RXN-23333	S-ubiquitinyl-UAP-E1-L-cysteine	right
RXN-23333	AMP	right
RXN-23333	PROTON	right
RXN-15510	Protein-pi-phospho-L-histidines	left
RXN-15510	2-PG	left
RXN-15510	Protein-Histidines	right
RXN-15510	23-DIPHOSPHOGLYCERATE	right
RXN-11414	3-METHYLTHIOPROPANALDOXIME	left
RXN-11414	OXYGEN-MOLECULE	left
RXN-11414	Red-NADPH-Hemoprotein-Reductases	left
RXN-11414	CPD-12389	right
RXN-11414	WATER	right
RXN-11414	Ox-NADPH-Hemoprotein-Reductases	right
RXN-7913	ATP	left
RXN-7913	DCMP	left
RXN-7913	ADP	right
RXN-7913	DCDP	right
PHENYLPYRUVATE-DECARBOXYLASE-RXN	PHENYL-PYRUVATE	left
PHENYLPYRUVATE-DECARBOXYLASE-RXN	PROTON	left
PHENYLPYRUVATE-DECARBOXYLASE-RXN	PHENYLACETALDEHYDE	right
PHENYLPYRUVATE-DECARBOXYLASE-RXN	CARBON-DIOXIDE	right
RXN-15348	CPD-11281	left
RXN-15348	GLUTATHIONE	left
RXN-15348	HS	right
RXN-15348	OXIDIZED-GLUTATHIONE	right
RXN-3761	BIOCHANIN-A	left
RXN-3761	OXYGEN-MOLECULE	left
RXN-3761	Red-NADPH-Hemoprotein-Reductases	left
RXN-3761	CPD-3622	right
RXN-3761	Ox-NADPH-Hemoprotein-Reductases	right
RXN-3761	WATER	right
RXN-18160	CPDQT-405	left
RXN-18160	OXYGEN-MOLECULE	left
RXN-18160	Red-NADPH-Hemoprotein-Reductases	left
RXN-18160	GLUTATHIONE	left
RXN-18160	CPD-12399	right
RXN-18160	WATER	right
RXN-18160	Ox-NADPH-Hemoprotein-Reductases	right
RXN-600	CPD-590	left
RXN-600	NADP	left
RXN-600	PROTON	right
RXN-600	CPD-474	right
RXN-600	NADPH	right
RXN-8684	CPD-8910	left
RXN-8684	NADP	left
RXN-8684	CPD-8908	right
RXN-8684	NADPH	right
RXN-8684	PROTON	right
RXN-9104	UDP-D-XYLOSE	left
RXN-9104	1-4-beta-Xylan	left
RXN-9104	UDP	right
RXN-9104	1-4-beta-Xylan	right
TEICHOICSYN5-RXN	CPD-12575	left
TEICHOICSYN5-RXN	Teichoic-P-Gro	left
TEICHOICSYN5-RXN	Teichoic-P-Gro-Glc	right
TEICHOICSYN5-RXN	UDP	right
TEICHOICSYN5-RXN	PROTON	right
RXN-9310	CPD-9924	left
RXN-9310	CPD-9923	right
RXN-9310	PYRUVATE	right
RXN-20040	CPD-21650	left
RXN-20040	Red-NADPH-Hemoprotein-Reductases	left
RXN-20040	OXYGEN-MOLECULE	left
RXN-20040	CPD-21649	right
RXN-20040	Ox-NADPH-Hemoprotein-Reductases	right
RXN-20040	WATER	right
RXN-15137	CPD-13717	left
RXN-15137	2-AMINOACRYLATE	right
RXN-15137	SELENOHOMOCYSTEINE	right
RXN-15438	CPD-9907	left
RXN-15438	Red-NADPH-Hemoprotein-Reductases	left
RXN-15438	OXYGEN-MOLECULE	left
RXN-15438	CPD-16679	right
RXN-15438	Ox-NADPH-Hemoprotein-Reductases	right
RXN-15438	WATER	right
RXN-11412	CPD-13031	left
RXN-11412	OXYGEN-MOLECULE	left
RXN-11412	Red-NADPH-Hemoprotein-Reductases	left
RXN-11412	CPD-12383	right
RXN-11412	Ox-NADPH-Hemoprotein-Reductases	right
RXN-11412	WATER	right
RXN-9755	CPD-10470	left
RXN-9755	WATER	left
RXN-9755	Acceptor	left
RXN-9755	SS-DIMETHYL-BETA-PROPIOTHETIN	right
RXN-9755	CARBON-DIOXIDE	right
RXN-9755	Donor-H2	right
RXN-12732	CPD-13719	left
RXN-12732	OXYGEN-MOLECULE	left
RXN-12732	WATER	left
RXN-12732	CPD-13720	right
RXN-12732	AMMONIUM	right
RXN-12732	HYDROGEN-PEROXIDE	right
RXN-7664	CPD-7004	left
RXN-7664	NADP	left
RXN-7664	CPD-7005	right
RXN-7664	NADPH	right
RXN-7664	PROTON	right
PPGPPSYN-RXN	GUANOSINE-5DP-3DP	left
PPGPPSYN-RXN	WATER	left
PPGPPSYN-RXN	PPI	right
PPGPPSYN-RXN	GDP	right
RXN-13666	CPD-14615	left
RXN-13666	CPD-11505	right
RXN-13666	CO-A	right
RXN-13666	CARBON-DIOXIDE	right
ALCOHOL-DEHYDROG-GENERIC-RXN	Primary-Alcohols	left
ALCOHOL-DEHYDROG-GENERIC-RXN	NAD	left
ALCOHOL-DEHYDROG-GENERIC-RXN	Aldehydes	right
ALCOHOL-DEHYDROG-GENERIC-RXN	NADH	right
ALCOHOL-DEHYDROG-GENERIC-RXN	PROTON	right
RXN-14408	CPD-15374	left
RXN-14408	Glucopyranose	right
RXN18C3-29	CPD-19018	left
RXN18C3-29	ISOBUTYRYL-COA	left
RXN18C3-29	CPD-19023	right
RXN18C3-29	CO-A	right
RXN-8140	CPD-12575	left
RXN-8140	CPD-7383	left
RXN-8140	CPD-7140	right
RXN-8140	UDP	right
RXN-7922	CPD-7214	left
RXN-7922	2-KETOGLUTARATE	left
RXN-7922	OXYGEN-MOLECULE	left
RXN-7922	CPD-7087	right
RXN-7922	SUC	right
RXN-7922	CARBON-DIOXIDE	right
RXN-15312	ALPHA-GLC-6-P	left
RXN-15312	WATER	left
RXN-15312	ALPHA-GLUCOSE	right
RXN-15312	Pi	right
RXN-11388	CPD1F-134	left
RXN-11388	Red-NADPH-Hemoprotein-Reductases	left
RXN-11388	OXYGEN-MOLECULE	left
RXN-11388	CPD-12354	right
RXN-11388	Ox-NADPH-Hemoprotein-Reductases	right
RXN-11388	WATER	right
RXN-21443	CPD-9329	left
RXN-21443	CO-A	left
RXN-21443	ATP	left
RXN-21443	CPD-23340	right
RXN-21443	ADP	right
RXN-21443	Pi	right
RXN-18781	CPD-12575	left
RXN-18781	CPD-15080	left
RXN-18781	CPD-15091	right
RXN-18781	UDP	right
RXN-9619	S-ADENOSYLMETHIONINE	left
RXN-9619	CPD-10256	left
RXN-9619	PROTON	right
RXN-9619	CPD-10257	right
RXN-9619	ADENOSYL-HOMO-CYS	right
RXNQT-4329	CPDQT-416	left
RXNQT-4329	PAPS	left
RXNQT-4329	3-5-ADP	right
RXNQT-4329	PROTON	right
RXNQT-4329	CPDQT-281	right
RXN-9094	UDP-GLUCURONATE	left
RXN-9094	1-4-beta-Xylan	left
RXN-9094	Glucuronoxylans	right
RXN-9094	UDP	right
RXN-9632	Palmitoyl-ACPs	left
RXN-9632	MALONYL-ACP	left
RXN-9632	PROTON	left
RXN-9632	3-oxo-stearoyl-ACPs	right
RXN-9632	CARBON-DIOXIDE	right
RXN-9632	ACP	right
RXN-11247	CPD-12202	left
RXN-11247	CPD-12203	right
RXN-15444	CPD-4751	left
RXN-15444	Red-NADPH-Hemoprotein-Reductases	left
RXN-15444	OXYGEN-MOLECULE	left
RXN-15444	CPD-16689	right
RXN-15444	Ox-NADPH-Hemoprotein-Reductases	right
RXN-15444	WATER	right
RXN-18627	STRICTOSIDINE-AGLYCONE	left
RXN-18627	TABERSONINE	right
RXN-22207	CPD-8134	left
RXN-22207	NADP	left
RXN-22207	CPD-706	right
RXN-22207	NADPH	right
RXN-22207	PROTON	right
RXN-16116	CPD-18	left
RXN-16116	Red-NADPH-Hemoprotein-Reductases	left
RXN-16116	OXYGEN-MOLECULE	left
RXN-16116	CPD-17371	right
RXN-16116	Ox-NADPH-Hemoprotein-Reductases	right
RXN-16116	WATER	right
PHOSPHOMEVALONATE-KINASE-RXN	CPD-499	left
PHOSPHOMEVALONATE-KINASE-RXN	ATP	left
PHOSPHOMEVALONATE-KINASE-RXN	CPD-641	right
PHOSPHOMEVALONATE-KINASE-RXN	ADP	right
GLYCOLATEDEHYDRO-RXN	Acceptor	left
GLYCOLATEDEHYDRO-RXN	GLYCOLLATE	left
GLYCOLATEDEHYDRO-RXN	Donor-H2	right
GLYCOLATEDEHYDRO-RXN	GLYOX	right
RXN-9633	R-3-hydroxystearoyl-ACPs	left
RXN-9633	NADP	left
RXN-9633	3-oxo-stearoyl-ACPs	right
RXN-9633	NADPH	right
RXN-9633	PROTON	right
RXN-13300	CPD-14277	left
RXN-13300	NADP	left
RXN-13300	CPD-14273	right
RXN-13300	NADPH	right
RXN-13300	PROTON	right
RXN-11409	GTP	left
RXN-11409	CPD-12377	left
RXN-11409	CPD-12366	right
RXN-11409	WATER	right
RXN-15464	CPD-16612	left
RXN-15464	NAD-P-OR-NOP	left
RXN-15464	CPD-7093	right
RXN-15464	NADH-P-OR-NOP	right
RXN-15464	PROTON	right
RXN-12441	CPD-13455	left
RXN-12441	Red-NADPH-Hemoprotein-Reductases	left
RXN-12441	OXYGEN-MOLECULE	left
RXN-12441	CPD-13456	right
RXN-12441	Ox-NADPH-Hemoprotein-Reductases	right
RXN-12441	WATER	right
RXN-12134	Vernolates	left
RXN-12134	WATER	left
RXN-12134	CPD-13086	right
RXN-8444	NICOTINATE_NUCLEOTIDE	left
RXN-8444	WATER	left
RXN-8444	CPD-15317	right
RXN-8444	NIACINE	right
RXN-8444	PROTON	right
RXN-13510	CPD1F-132	left
RXN-13510	Red-NADPH-Hemoprotein-Reductases	left
RXN-13510	OXYGEN-MOLECULE	left
RXN-13510	CPD-14501	right
RXN-13510	Ox-NADPH-Hemoprotein-Reductases	right
RXN-13510	WATER	right
RXN-8247	NIACINE	left
RXN-8247	CPD-7994	left
RXN-8247	NICOTINE	right
RXN-19833	CPD-21439	left
RXN-19833	OXYGEN-MOLECULE	left
RXN-19833	Red-NADPH-Hemoprotein-Reductases	left
RXN-19833	ALPHA-METHYL-5-ALPHA-ERGOSTA	right
RXN-19833	FORMATE	right
RXN-19833	WATER	right
RXN-19833	Ox-NADPH-Hemoprotein-Reductases	right
RXN-19833	PROTON	right
RXN-4981	S-ADENOSYLMETHIONINE	left
RXN-4981	VITEXIN-2-O-B-L-RHAMNOSIDE	left
RXN-4981	ADENOSYL-HOMO-CYS	right
RXN-4981	7-O-METHYLVITEXIN-2-O-B-L-RHAMNOSIDE	right
RXN-11525	CPD-12491	left
RXN-11525	CPD-12487	right
RXN-11525	WATER	right
RXN-9040	3-DEHYDRO-SHIKIMATE	left
RXN-9040	CPD-183	right
PIPERIDINE-N-PIPEROYLTRANSFERASE-RXN	PIPERIDINE	left
PIPERIDINE-N-PIPEROYLTRANSFERASE-RXN	EE-PIPEROYL-COA	left
PIPERIDINE-N-PIPEROYLTRANSFERASE-RXN	PROTON	right
PIPERIDINE-N-PIPEROYLTRANSFERASE-RXN	N-EE-PIPEROYL-PIPERIDINE	right
PIPERIDINE-N-PIPEROYLTRANSFERASE-RXN	CO-A	right
RXN-8910	CPD-17436	left
RXN-8910	OXYGEN-MOLECULE	left
RXN-8910	WATER	left
RXN-8910	CPD-9307	right
RXN-8910	HYDROGEN-PEROXIDE	right
RXN-16765	NADPH	left
RXN-16765	CPD-18085	right
RXN-3741	THF-GLU-N	left
RXN-3741	WATER	left
RXN-3741	THF	right
RXN-3741	GLT	right
RXN-8154	CPD-7726	left
RXN-8154	Acceptor	left
RXN-8154	CPD-7725	right
RXN-8154	Donor-H2	right
O-SUCCINYLBENZOATE-COA-LIG-RXN	O-SUCCINYLBENZOATE	left
O-SUCCINYLBENZOATE-COA-LIG-RXN	CO-A	left
O-SUCCINYLBENZOATE-COA-LIG-RXN	ATP	left
O-SUCCINYLBENZOATE-COA-LIG-RXN	CPD-6972	right
O-SUCCINYLBENZOATE-COA-LIG-RXN	AMP	right
O-SUCCINYLBENZOATE-COA-LIG-RXN	PPI	right
RXN-14085	CPD-12575	left
RXN-14085	CPD-15078	left
RXN-14085	CPD-15091	right
RXN-14085	UDP	right
RXN-14085	PROTON	right
RXN-10431	INDOLE_ACETATE_AUXIN	left
RXN-10431	MET	left
RXN-10431	ATP	left
RXN-10431	PROTON	right
RXN-10431	CPD-11228	right
RXN-10431	AMP	right
RXN-10431	PPI	right
RXN-20414	CPD-22101	left
RXN-20414	FERROCYTOCHROME-B5	left
RXN-20414	OXYGEN-MOLECULE	left
RXN-20414	PROTON	left
RXN-20414	CPD-22099	right
RXN-20414	FERRICYTOCHROME-B5	right
RXN-20414	WATER	right
RXN-7830	PELARGONIDIN-3-GLUCOSIDE-CMPD	left
RXN-7830	UDP-L-RHAMNOSE	left
RXN-7830	CPD-7144	right
RXN-7830	UDP	right
RXN-7830	PROTON	right
PSERTRANSAMPYR-RXN	4-PHOSPHONOOXY-THREONINE	left
PSERTRANSAMPYR-RXN	2-KETOGLUTARATE	left
PSERTRANSAMPYR-RXN	3OH-4P-OH-ALPHA-KETOBUTYRATE	right
PSERTRANSAMPYR-RXN	GLT	right
RXN66-27	DESMOSTEROL-CPD	left
RXN66-27	NADP	left
RXN66-27	CPD-8646	right
RXN66-27	NADPH	right
RXN66-27	PROTON	right
RXN-12197	UDP	left
RXN-12197	WATER	left
RXN-12197	Pi	right
RXN-12197	UMP	right
RXN-12197	PROTON	right
RXN-11437	CPD-12388	left
RXN-11437	WATER	left
RXN-11437	PROTON	right
RXN-11437	CPD-1861	right
RXN-11437	CPD-12607	right
RXN-13557	CPD-14544	left
RXN-13557	WATER	left
RXN-13557	CPD-9787	right
RXN-13557	FORMATE	right
RXN-9759	CPD-397	left
RXN-9759	2-Oxo-carboxylates	left
RXN-9759	PROTON	left
RXN-9759	CPD-10472	right
RXN-9759	CARBON-DIOXIDE	right
RXN-9759	Amino-Acids-20	right
RXN-11468	CPD-12449	left
RXN-11468	MALONYL-COA	left
RXN-11468	PROTON	left
RXN-11468	PHLORETIN	right
RXN-11468	CO-A	right
RXN-11468	CARBON-DIOXIDE	right
ISOVITEXIN-BETA-GLUCOSYLTRANSFERASE-RXN	CPD-12575	left
ISOVITEXIN-BETA-GLUCOSYLTRANSFERASE-RXN	ISOVITEXIN	left
ISOVITEXIN-BETA-GLUCOSYLTRANSFERASE-RXN	PROTON	right
ISOVITEXIN-BETA-GLUCOSYLTRANSFERASE-RXN	ISOVITEXIN-2-O-B-D-GLUCOSIDE	right
ISOVITEXIN-BETA-GLUCOSYLTRANSFERASE-RXN	UDP	right
RXN-20412	CPD-22099	left
RXN-20412	PROTON	left
RXN-20412	CPD-14891	right
RXN-20412	CARBON-DIOXIDE	right
RXN-4705	CPD-4563	left
RXN-4705	WATER	left
RXN-4705	BIOCHANIN-A	right
RXN-4705	Glucopyranose	right
RXN-4705	PROTON	right
RXN-12307	GERANIOL	left
RXN-12307	ATP	left
RXN-12307	CPD-13243	right
RXN-12307	ADP	right
RXN-12307	PROTON	right
RXN-3482	PYRUVATE	left
RXN-3482	HYDROXYLAMINE	left
RXN-3482	CPD-3344	right
RXN-3482	WATER	right
RXN-16418	OCTADEC-9-ENE-118-DIOIC-ACID	left
RXN-16418	CO-A	left
RXN-16418	ATP	left
RXN-16418	CPD-17624	right
RXN-16418	PPI	right
RXN-16418	AMP	right
RXN-8857	BACCATIN-III	left
RXN-8857	CPD-9207	left
RXN-8857	CPD-12845	right
RXN-8857	CO-A	right
RXN-8248	NICOTINE	left
RXN-8248	Red-NADPH-Hemoprotein-Reductases	left
RXN-8248	OXYGEN-MOLECULE	left
RXN-8248	CPD-2748	right
RXN-8248	Ox-NADPH-Hemoprotein-Reductases	right
RXN-8248	WATER	right
RXN-8248	FORMALDEHYDE	right
RXN-11959	CPD-12928	left
RXN-11959	NAD	left
RXN-11959	CPD-12929	right
RXN-11959	NADH	right
RXN-11959	CARBON-DIOXIDE	right
RXN-15910	MALTOSE	left
RXN-15910	WATER	left
RXN-15910	Glucopyranose	right
RXN-602	CPD-590	left
RXN-602	2-KETOGLUTARATE	left
RXN-602	OXYGEN-MOLECULE	left
RXN-602	CPD-19726	right
RXN-602	SUC	right
RXN-602	CARBON-DIOXIDE	right
RXN-602	WATER	right
RXN-7381	PROTON	left
RXN-7381	CPD-1825	left
RXN-7381	UDP	left
RXN-7381	CPD-12513	right
RXN-7381	Pi	right
RXNQT-4169	CPDQT-28	left
RXNQT-4169	ACETYL-COA	left
RXNQT-4169	WATER	left
RXNQT-4169	PROTON	right
RXNQT-4169	CPDQT-33	right
RXNQT-4169	CO-A	right
RXN-13814	CPD-14835	left
RXN-13814	CPD-12575	left
RXN-13814	CPD-14836	right
RXN-13814	UDP	right
RXN-13814	PROTON	right
1.5.1.31-RXN	R-CANADINE	left
1.5.1.31-RXN	NADP	left
1.5.1.31-RXN	BERBERINE	right
1.5.1.31-RXN	NADPH	right
1.5.1.31-RXN	PROTON	right
RXN-4226	CPD-3943	left
RXN-4226	OXYGEN-MOLECULE	left
RXN-4226	Red-NADPH-Hemoprotein-Reductases	left
RXN-4226	CPD-3945	right
RXN-4226	WATER	right
RXN-4226	Ox-NADPH-Hemoprotein-Reductases	right
PINOSYLVIN-SYNTHASE-RXN	PROTON	left
PINOSYLVIN-SYNTHASE-RXN	CINNAMOYL-COA	left
PINOSYLVIN-SYNTHASE-RXN	MALONYL-COA	left
PINOSYLVIN-SYNTHASE-RXN	CARBON-DIOXIDE	right
PINOSYLVIN-SYNTHASE-RXN	CPD-438	right
PINOSYLVIN-SYNTHASE-RXN	CO-A	right
2.3.1.143-RXN	1236-TETRAKIS-O-GALLOYL-BETA-D-GLUCOS	left
2.3.1.143-RXN	1-O-GALLOYL-BETA-D-GLUCOSE	left
2.3.1.143-RXN	12346-PENTAKIS-O-GALLOYL-BETA-D-GLUC	right
2.3.1.143-RXN	Glucopyranose	right
RXN-19652	574-TRIHYDROXY-3-METHOXYFLAVONE	left
RXN-19652	Red-NADPH-Hemoprotein-Reductases	left
RXN-19652	OXYGEN-MOLECULE	left
RXN-19652	CPD-12571	right
RXN-19652	Ox-NADPH-Hemoprotein-Reductases	right
RXN-19652	WATER	right
RXN2PN3-45	S-LACTOYL-GLUTATHIONE	left
RXN2PN3-45	CPD-26676	right
RXN-10453	PAPS	left
RXN-10453	11-Hydroxyjasmonates	left
RXN-10453	3-5-ADP	right
RXN-10453	CPD-11256	right
RXN-10453	PROTON	right
RXN-11413	INDOLE-3-ACETALDOXIME	left
RXN-11413	Red-NADPH-Hemoprotein-Reductases	left
RXN-11413	OXYGEN-MOLECULE	left
RXN-11413	CPD-12386	right
RXN-11413	Ox-NADPH-Hemoprotein-Reductases	right
RXN-11413	WATER	right
1.3.1.73-RXN	NADP	left
1.3.1.73-RXN	17-O-ACETYLNORAJMALINE	left
1.3.1.73-RXN	PROTON	right
1.3.1.73-RXN	NADPH	right
1.3.1.73-RXN	12-DIHYDROVOMILENINE	right
RXN-8325	CPD-8093	left
RXN-8325	OXYGEN-MOLECULE	left
RXN-8325	FERROCYTOCHROME-B5	left
RXN-8325	PROTON	left
RXN-8325	1-183-2-183-SN-GLYCEROL-PHOSPHOCHOLINE	right
RXN-8325	WATER	right
RXN-8325	FERRICYTOCHROME-B5	right
RXN-17181	S-ADENOSYLMETHIONINE	left
RXN-17181	CPD-8991	left
RXN-17181	CPD-18574	right
RXN-17181	ADENOSYL-HOMO-CYS	right
RXN-17181	PROTON	right
RXN-15379	CPD-4753	left
RXN-15379	Red-NADPH-Hemoprotein-Reductases	left
RXN-15379	OXYGEN-MOLECULE	left
RXN-15379	CPD-16610	right
RXN-15379	Ox-NADPH-Hemoprotein-Reductases	right
RXN-15379	WATER	right
RXN-11450	CPDQT-421	left
RXN-11450	SINAPOYL-COA	left
RXN-11450	CPD-12423	right
RXN-11450	CO-A	right
4.1.2.41-RXN	CPD-11881	left
4.1.2.41-RXN	ACETYL-COA	right
4.1.2.41-RXN	VANILLIN	right
RXN-19972	CPD-21548	left
RXN-19972	OXYGEN-MOLECULE	left
RXN-19972	CPD-21551	right
RXN-19972	HYDROGEN-PEROXIDE	right
RXN-14062	CPD-12728	left
RXN-14062	WATER	left
RXN-14062	CPD-12727	right
RXN-14062	D-Glucopyranuronate	right
RXN-8327	CPD-2181	left
RXN-8327	OXYGEN-MOLECULE	left
RXN-8327	FERROCYTOCHROME-B5	left
RXN-8327	PROTON	left
RXN-8327	CPD-8091	right
RXN-8327	WATER	right
RXN-8327	FERRICYTOCHROME-B5	right
RXN-13847	S-ADENOSYLMETHIONINE	left
RXN-13847	CPD-14856	left
RXN-13847	CPD-14860	right
RXN-13847	ADENOSYL-HOMO-CYS	right
RXN-13847	PROTON	right
INDOLE-3-ACETALDEHYDE-OXIDASE-RXN	INDOLE_ACETALDEHYDE	left
INDOLE-3-ACETALDEHYDE-OXIDASE-RXN	OXYGEN-MOLECULE	left
INDOLE-3-ACETALDEHYDE-OXIDASE-RXN	WATER	left
INDOLE-3-ACETALDEHYDE-OXIDASE-RXN	PROTON	right
INDOLE-3-ACETALDEHYDE-OXIDASE-RXN	INDOLE_ACETATE_AUXIN	right
INDOLE-3-ACETALDEHYDE-OXIDASE-RXN	HYDROGEN-PEROXIDE	right
RXN-12989	CPDQT-349	left
RXN-12989	OXYGEN-MOLECULE	left
RXN-12989	Red-NADPH-Hemoprotein-Reductases	left
RXN-12989	CPD-14051	right
RXN-12989	WATER	right
RXN-12989	Ox-NADPH-Hemoprotein-Reductases	right
RXN-12989	PROTON	right
RXN-12360	MALONATE	left
RXN-12360	ACP	left
RXN-12360	ATP	left
RXN-12360	MALONYL-ACP	right
RXN-12360	AMP	right
RXN-12360	PPI	right
RXN-8478	PROTON	left
RXN-8478	CPD-8652	left
RXN-8478	CPD-8651	left
RXN-8478	CPD-8653	right
RXN-8478	WATER	right
RXN-1444	CPD-1863	left
RXN-1444	WATER	left
RXN-1444	CPD-1881	right
RXN-1444	Glucopyranose	right
RXN-1444	PROTON	right
RXN-15282	3-oxo-palmitoyl-ACPs	left
RXN-15282	WATER	left
RXN-15282	CPD-16497	right
RXN-15282	ACP	right
RXN-15282	PROTON	right
RXN-12107	NAD	left
RXN-12107	L-IDONATE	left
RXN-12107	NADH	right
RXN-12107	5-DEHYDROGLUCONATE	right
RXN-12107	PROTON	right
RXN-13504	CPD-14499	left
RXN-13504	Red-NADPH-Hemoprotein-Reductases	left
RXN-13504	OXYGEN-MOLECULE	left
RXN-13504	CPD-14498	right
RXN-13504	Ox-NADPH-Hemoprotein-Reductases	right
RXN-13504	WATER	right
RXN18C3-31	CPD-19018	left
RXN18C3-31	CPD-26629	left
RXN18C3-31	CPD-19025	right
RXN18C3-31	CO-A	right
1.1.1.34-RXN	NADP	left
1.1.1.34-RXN	CO-A	left
1.1.1.34-RXN	MEVALONATE	left
1.1.1.34-RXN	PROTON	right
1.1.1.34-RXN	NADPH	right
1.1.1.34-RXN	3-HYDROXY-3-METHYL-GLUTARYL-COA	right
RXN-8089	CINNAMALDEHYDE	left
RXN-8089	OXYGEN-MOLECULE	left
RXN-8089	WATER	left
RXN-8089	PROTON	right
RXN-8089	CPD-674	right
RXN-8089	HYDROGEN-PEROXIDE	right
RXN-15336	CPD-16542	left
RXN-15336	MALONYL-COA	left
RXN-15336	CPD-7700	right
RXN-15336	CO-A	right
RXN-2203	2-2-METHYLTHIOETHYLMALIC-ACID	left
RXN-2203	3-2-METHYLTHIOETHYLMALIC-ACID	right
RXNQT-4365	PROTON	left
RXNQT-4365	NADPH	left
RXNQT-4365	Long-Chain-Acyl-CoAs	left
RXNQT-4365	CO-A	right
RXNQT-4365	NADP	right
RXNQT-4365	Primary-Alcohols	right
CHD-RXN	CHOLINE	left
CHD-RXN	Acceptor	left
CHD-RXN	BETAINE_ALDEHYDE	right
CHD-RXN	Donor-H2	right
RXN-8523	PROTON	left
RXN-8523	CPD-8697	left
RXN-8523	NADPH	left
RXN-8523	OXYGEN-MOLECULE	left
RXN-8523	CPD-8714	right
RXN-8523	NADP	right
RXN-8523	WATER	right
RXN-21027	ArsC-S-As-OH	left
RXN-21027	WATER	left
RXN-21027	Arsenate-Reductase-Cysteines	right
RXN-21027	CPD-763	right
RXN-21027	PROTON	right
RXN-9203	CPD-9779	left
RXN-9203	Methylated-methyl-acceptors	left
RXN-9203	PROTON	left
RXN-9203	Demethylated-methyl-acceptors	right
RXN-9203	CPD-9773	right
RXN-11927	CPD-12866	left
RXN-11927	FERROCYTOCHROME-B5	left
RXN-11927	OXYGEN-MOLECULE	left
RXN-11927	PROTON	left
RXN-11927	CPD-12867	right
RXN-11927	FERRICYTOCHROME-B5	right
RXN-11927	WATER	right
CYSTEINE-AMINOTRANSFERASE-RXN	CYS	left
CYSTEINE-AMINOTRANSFERASE-RXN	2-KETOGLUTARATE	left
CYSTEINE-AMINOTRANSFERASE-RXN	3-MERCAPTO-PYRUVATE	right
CYSTEINE-AMINOTRANSFERASE-RXN	GLT	right
RXN-13920	S-ADENOSYLMETHIONINE	left
RXN-13920	SYRINGETIN	left
RXN-13920	CPD-14938	right
RXN-13920	ADENOSYL-HOMO-CYS	right
RXN0-5468	Red-Thioredoxin	left
RXN0-5468	Cys2-Peroxiredoxin-Disulfide	left
RXN0-5468	Ox-Thioredoxin	right
RXN0-5468	Reduced-Cys2-Peroxiredoxins	right
RXN-16094	MALONYL-COA	left
RXN-16094	CPD-18	left
RXN-16094	PROTON	left
RXN-16094	CPD-17346	right
RXN-16094	CARBON-DIOXIDE	right
RXN-16094	CO-A	right
DEOXYCYTIDINE-KINASE-RXN	DEOXYCYTIDINE	left
DEOXYCYTIDINE-KINASE-RXN	Nucleoside-Triphosphates	left
DEOXYCYTIDINE-KINASE-RXN	DCMP	right
DEOXYCYTIDINE-KINASE-RXN	Nucleoside-Diphosphates	right
DEOXYCYTIDINE-KINASE-RXN	PROTON	right
RXN-24304	CPD-26893	left
RXN-24304	2-KETOGLUTARATE	left
RXN-24304	OXYGEN-MOLECULE	left
RXN-24304	CPD-26894	right
RXN-24304	SUC	right
RXN-24304	CARBON-DIOXIDE	right
RXN-24304	WATER	right
RXN-3185	2-OXINDOLE-3-ACETYL-ASP	left
RXN-3185	WATER	left
RXN-3185	2-OXINDOLE-3-ACETIC-ACID	right
RXN-3185	L-ASPARTATE	right
RXN-13734	CPD-14775	left
RXN-13734	GLYCEROL-3P	left
RXN-13734	CO-A	right
RXN-13734	CPD-14776	right
1.1.3.32-RXN	S-CHEILANTHIFOLINE	left
1.1.3.32-RXN	OXYGEN-MOLECULE	left
1.1.3.32-RXN	Red-NADPH-Hemoprotein-Reductases	left
1.1.3.32-RXN	S-STYLOPINE	right
1.1.3.32-RXN	WATER	right
1.1.3.32-RXN	Ox-NADPH-Hemoprotein-Reductases	right
TRANS-RXN4LZ-7042	AMMONIA	left
TRANS-RXN4LZ-7042	AMMONIA	right
PABASYN-RXN	GLN	left
PABASYN-RXN	CHORISMATE	left
PABASYN-RXN	4-AMINO-4-DEOXYCHORISMATE	right
PABASYN-RXN	GLT	right
RXN-10454	CPD-11232	left
RXN-10454	CPD-11259	right
RXN-13950	P-COUMAROYL-COA	left
RXN-13950	CPD1F-453	left
RXN-13950	PROTON	left
RXN-13950	CPD-14976	right
RXN-13950	CO-A	right
TYROSINE-AMINOTRANSFERASE-RXN	TYR	left
TYROSINE-AMINOTRANSFERASE-RXN	2-KETOGLUTARATE	left
TYROSINE-AMINOTRANSFERASE-RXN	GLT	right
TYROSINE-AMINOTRANSFERASE-RXN	P-HYDROXY-PHENYLPYRUVATE	right
RXN-14921	CPD-15839	left
RXN-14921	CPD-11712	right
RXN-9823	CPD-12575	left
RXN-9823	CPD-10538	left
RXN-9823	PROTON	right
RXN-9823	CPD-10539	right
RXN-9823	UDP	right
RXN-16153	CPD-15365	left
RXN-16153	MALONYL-COA	left
RXN-16153	PROTON	left
RXN-16153	CPD-17401	right
RXN-16153	CO-A	right
RXN-16153	CARBON-DIOXIDE	right
RXN-8305	CPD-8075	left
RXN-8305	OXYGEN-MOLECULE	left
RXN-8305	Reduced-ferredoxins	left
RXN-8305	PROTON	left
RXN-8305	CPD-2189	right
RXN-8305	WATER	right
RXN-8305	Oxidized-ferredoxins	right
RXN-18897	CPD-20261	left
RXN-18897	CPD-20264	right
RXN-18897	WATER	right
RXN-18897	PROTON	right
RXN-8382	CPD-8186	left
RXN-8382	CPD-4211	left
RXN-8382	CPD-8192	right
RXN-8382	PPI	right
RXN-16235	CPD-17478	left
RXN-16235	Donor-H2	left
RXN-16235	CPD-17479	right
RXN-16235	WATER	right
RXN-16235	Acceptor	right
1.5.99.12-RXN	CPD-4209	left
1.5.99.12-RXN	Acceptor	left
1.5.99.12-RXN	WATER	left
1.5.99.12-RXN	PRENAL	right
1.5.99.12-RXN	Donor-H2	right
1.5.99.12-RXN	ADENINE	right
2.5.1.67-RXN	CPD-4211	left
2.5.1.67-RXN	PPI	right
2.5.1.67-RXN	CPD-9445	right
RXN0-6427	GDP-TP	left
RXN0-6427	WATER	left
RXN0-6427	GTP	right
RXN0-6427	PPI	right
RXN-9720	CPD-10358	left
RXN-9720	NADP	left
RXN-9720	WATER	left
RXN-9720	CPD-7088	right
RXN-9720	NADPH	right
RXN-9720	PROTON	right
RXN-8294	CPD-2187	left
RXN-8294	OXYGEN-MOLECULE	left
RXN-8294	Reduced-ferredoxins	left
RXN-8294	PROTON	left
RXN-8294	CPD-8073	right
RXN-8294	WATER	right
RXN-8294	Oxidized-ferredoxins	right
RXN-11937	CPD-12912	left
RXN-11937	FERROCYTOCHROME-B5	left
RXN-11937	OXYGEN-MOLECULE	left
RXN-11937	PROTON	left
RXN-11937	CPD-12914	right
RXN-11937	FERRICYTOCHROME-B5	right
RXN-11937	WATER	right
RXN-12699	CPD-11641	left
RXN-12699	MALONYL-COA	left
RXN-12699	CPD-13688	right
RXN-12699	CO-A	right
RXN-21527	Hydroxymethylbilane-Synthase-ES	left
RXN-21527	PORPHOBILINOGEN	left
RXN-21527	Hydroxymethylbilane-Synthase-ES2	right
RXN-21527	AMMONIUM	right
RXN-4464	Fatty-Acids	left
RXN-4464	OXYGEN-MOLECULE	left
RXN-4464	NADPH	left
RXN-4464	PROTON	left
RXN-4464	OMEGA-HYDROXY-FATTY-ACID	right
RXN-4464	NADP	right
RXN-4464	WATER	right
RXN-7607	IMP	left
RXN-7607	WATER	left
RXN-7607	INOSINE	right
RXN-7607	Pi	right
RXN-12583	PROTON	left
RXN-12583	PYRUVATE	left
RXN-12583	THIAMINE-PYROPHOSPHATE	left
RXN-12583	2-ALPHA-HYDROXYETHYL-THPP	right
RXN-12583	CARBON-DIOXIDE	right
RXN-24301	CPD-26890	left
RXN-24301	OXYGEN-MOLECULE	left
RXN-24301	Red-NADPH-Hemoprotein-Reductases	left
RXN-24301	CPD-26891	right
RXN-24301	WATER	right
RXN-24301	Ox-NADPH-Hemoprotein-Reductases	right
RXN-8388	Palmitoyl-ACPs	left
RXN-8388	OXYGEN-MOLECULE	left
RXN-8388	Reduced-ferredoxins	left
RXN-8388	PROTON	left
RXN-8388	Delta6-hexadecenoyl-ACPs	right
RXN-8388	WATER	right
RXN-8388	Oxidized-ferredoxins	right
RXN-14660	S-ADENOSYLMETHIONINE	left
RXN-14660	CPD-15484	left
RXN-14660	PROTON	right
RXN-14660	ADENOSYL-HOMO-CYS	right
RXN-14660	CPD-15485	right
TRYPTOPHAN-5-MONOOXYGENASE-RXN	TRP	left
TRYPTOPHAN-5-MONOOXYGENASE-RXN	TETRA-H-BIOPTERIN	left
TRYPTOPHAN-5-MONOOXYGENASE-RXN	OXYGEN-MOLECULE	left
TRYPTOPHAN-5-MONOOXYGENASE-RXN	5-HYDROXY-TRYPTOPHAN	right
TRYPTOPHAN-5-MONOOXYGENASE-RXN	4a-Hydroxytetrahydrobiopterins	right
ENOYL-ACP-REDUCT-NADH-RXN	Saturated-Fatty-Acyl-ACPs	left
ENOYL-ACP-REDUCT-NADH-RXN	NAD	left
ENOYL-ACP-REDUCT-NADH-RXN	TRANS-D2-ENOYL-ACP	right
ENOYL-ACP-REDUCT-NADH-RXN	NADH	right
ENOYL-ACP-REDUCT-NADH-RXN	PROTON	right
RXN-13193	CPD1F-130	left
RXN-13193	Reduced-ferredoxins	left
RXN-13193	PROTON	left
RXN-13193	OXYGEN-MOLECULE	left
RXN-13193	CPD1F-133	right
RXN-13193	Oxidized-ferredoxins	right
RXN-13193	WATER	right
GARTRANSFORMYL2-RXN	5-PHOSPHO-RIBOSYL-GLYCINEAMIDE	left
GARTRANSFORMYL2-RXN	FORMATE	left
GARTRANSFORMYL2-RXN	ATP	left
GARTRANSFORMYL2-RXN	PROTON	right
GARTRANSFORMYL2-RXN	5-P-RIBOSYL-N-FORMYLGLYCINEAMIDE	right
GARTRANSFORMYL2-RXN	ADP	right
GARTRANSFORMYL2-RXN	Pi	right
RXN-19163	CPD-20659	left
RXN-19163	Donor-H2	left
RXN-19163	CPD-20658	right
RXN-19163	Acceptor	right
2.5.1.71-RXN	PROTON	left
2.5.1.71-RXN	CPD-4211	left
2.5.1.71-RXN	CPD-9442	left
2.5.1.71-RXN	PPI	right
2.5.1.71-RXN	CPD-9441	right
RXN-14525	CPD-15390	left
RXN-14525	WATER	left
RXN-14525	DEOXYGUANOSINE	right
RXN-14525	Pi	right
RXNQT-4361	CPDQT-433	left
RXNQT-4361	GLUTATHIONE	left
RXNQT-4361	CPDQT-435	right
RXN-12347	S-ADENOSYLMETHIONINE	left
RXN-12347	DIACYLGLYCEROL	left
RXN-12347	Diacylglycerolhomoserines	right
RXN-12347	5-METHYLTHIOADENOSINE	right
RXN-12347	PROTON	right
RXN-9078	CPD-9573	left
RXN-9078	WATER	left
RXN-9078	CPD-9567	right
RXN-9078	GLT	right
MALATE-DEHYDROGENASE-NADP+-RXN	NADP	left
MALATE-DEHYDROGENASE-NADP+-RXN	MAL	left
MALATE-DEHYDROGENASE-NADP+-RXN	PROTON	right
MALATE-DEHYDROGENASE-NADP+-RXN	NADPH	right
MALATE-DEHYDROGENASE-NADP+-RXN	OXALACETIC_ACID	right
RXN-2981	INDOLE-3-ACETYL-ALA	left
RXN-2981	WATER	left
RXN-2981	INDOLE_ACETATE_AUXIN	right
RXN-2981	L-ALPHA-ALANINE	right
RXN-7875	CHOLESTEROL	left
RXN-7875	OXYGEN-MOLECULE	left
RXN-7875	Reduced-adrenal-ferredoxins	left
RXN-7875	PROTON	left
RXN-7875	CPD-14702	right
RXN-7875	WATER	right
RXN-7875	Oxidized-adrenal-ferredoxins	right
RXN-16845	ISOVITEXIN-2-O-B-D-GLUCOSIDE	left
RXN-16845	CPD-14553	left
RXN-16845	CPD-18169	right
RXN-16845	UDP	right
RXN-8336	CPD-676	left
RXN-8336	Light	left
RXN-8336	CPD-8098	right
RXN-18942	CPD-20324	left
RXN-18942	Red-NADPH-Hemoprotein-Reductases	left
RXN-18942	OXYGEN-MOLECULE	left
RXN-18942	CPD-20325	right
RXN-18942	Ox-NADPH-Hemoprotein-Reductases	right
RXN-18942	WATER	right
RXN-14371	1-4-alpha-D-Glucan	left
RXN-14371	Alpha-6-alpha-14-glucans	right
RXN-8318	CPD-8086	left
RXN-8318	OXYGEN-MOLECULE	left
RXN-8318	Reduced-ferredoxins	left
RXN-8318	PROTON	left
RXN-8318	CPD-2185	right
RXN-8318	WATER	right
RXN-8318	Oxidized-ferredoxins	right
RXN-14084	CPD-15080	left
RXN-14084	PROTON	left
RXN-14084	CPD-15078	right
RIBOFLAVINSYNDEAM-RXN	PROTON	left
RIBOFLAVINSYNDEAM-RXN	WATER	left
RIBOFLAVINSYNDEAM-RXN	DIAMINO-OH-PHOSPHORIBOSYLAMINO-PYR	left
RIBOFLAVINSYNDEAM-RXN	CPD-602	right
RIBOFLAVINSYNDEAM-RXN	AMMONIUM	right
RXN-8052	CPD-7546	left
RXN-8052	WATER	left
RXN-8052	3-METHYLTHIOPROPYLHYDROXAMIC-ACID	right
RXN-8052	PYRUVATE	right
RXN-8052	AMMONIUM	right
RXNQT-4332	CPDQT-418	left
RXNQT-4332	PAPS	left
RXNQT-4332	3-5-ADP	right
RXNQT-4332	PROTON	right
RXNQT-4332	CPDQT-296	right
RXN-4208	CPD-4124	left
RXN-4208	Demethylated-methyl-acceptors	left
RXN-4208	CPD-4125	right
RXN-4208	Methylated-methyl-acceptors	right
RXN-11280	PROTON	left
RXN-11280	CPD-461	left
RXN-11280	CPD-12227	right
RXN-11280	PPI	right
RXN-18621	CPD-19898	left
RXN-18621	Acceptor	left
RXN-18621	CPD-19891	right
RXN-18621	Donor-H2	right
RXN-2561	DELTA-TOCOPHEROL	left
RXN-2561	MPBQ	right
RXN-11760	CPD-12725	left
RXN-11760	WATER	left
RXN-11760	CPD-12724	right
RXN-11760	D-Glucopyranuronate	right
RXN-13809	CPD-14830	left
RXN-13809	CPD-14831	right
RXN-13809	PROTON	right
RXN-20962	CPD-10537	left
RXN-20962	Red-NADPH-Hemoprotein-Reductases	left
RXN-20962	OXYGEN-MOLECULE	left
RXN-20962	CPD-22576	right
RXN-20962	Ox-NADPH-Hemoprotein-Reductases	right
RXN-20962	WATER	right
GLUC1PURIDYLTRANS-RXN	PROTON	left
GLUC1PURIDYLTRANS-RXN	GLC-1-P	left
GLUC1PURIDYLTRANS-RXN	UTP	left
GLUC1PURIDYLTRANS-RXN	CPD-12575	right
GLUC1PURIDYLTRANS-RXN	PPI	right
RXN-7225	CPD-6646	left
RXN-7225	CPD-4211	left
RXN-7225	KIEVITONE-CPD	right
RXN-7225	PPI	right
RXN-9182	CPD-9750	left
RXN-9182	CPD-4888	left
RXN-9182	Acceptor	left
RXN-9182	CPD-9746	right
RXN-9182	Donor-H2	right
RXN-12673	CPDMETA-13652	left
RXN-12673	NADP	left
RXN-12673	CPDMETA-13651	right
RXN-12673	NADPH	right
RXN-12673	PROTON	right
RXN-8321	CPD-8088	left
RXN-8321	OXYGEN-MOLECULE	left
RXN-8321	FERROCYTOCHROME-B5	left
RXN-8321	PROTON	left
RXN-8321	CPD-8089	right
RXN-8321	WATER	right
RXN-8321	FERRICYTOCHROME-B5	right
RXN-13500	CPD-8250	left
RXN-13500	Red-NADPH-Hemoprotein-Reductases	left
RXN-13500	OXYGEN-MOLECULE	left
RXN-13500	CPD-14494	right
RXN-13500	Ox-NADPH-Hemoprotein-Reductases	right
RXN-13500	WATER	right
RXN-6401	PANTOYL-LACTONE	left
RXN-6401	B-ALANINE	left
RXN-6401	PROTON	right
RXN-6401	PANTOTHENATE	right
RXN-13801	LUTEOLIN-7-O-BETA-D-GLUCOSIDE	left
RXN-13801	CPD-12575	left
RXN-13801	CPD-14825	right
RXN-13801	UDP	right
RXN-13801	PROTON	right
RXN-7775	CPD-6994	left
RXN-7775	OXYGEN-MOLECULE	left
RXN-7775	2-KETOGLUTARATE	left
RXN-7775	CPD-474	right
RXN-7775	CARBON-DIOXIDE	right
RXN-7775	SUC	right
RXN0-5244	Ubiquinones	left
RXN0-5244	PROTON	left
RXN0-5244	E-	left
RXN0-5244	Ubiquinols	right
1.14.21.2-RXN	S-SCOULERINE	left
1.14.21.2-RXN	OXYGEN-MOLECULE	left
1.14.21.2-RXN	Red-NADPH-Hemoprotein-Reductases	left
1.14.21.2-RXN	S-CHEILANTHIFOLINE	right
1.14.21.2-RXN	WATER	right
1.14.21.2-RXN	Ox-NADPH-Hemoprotein-Reductases	right
RXN-8921	CPD-9318	left
RXN-8921	CPD-9319	right
RXN-8921	CARBON-DIOXIDE	right
3.2.1.39-RXN	1-3-beta-D-Glucans	left
3.2.1.39-RXN	WATER	left
3.2.1.39-RXN	1-3-beta-D-Glucans	right
3.2.1.39-RXN	Glucopyranose	right
RXN-12361	MALONYL-ACP	left
RXN-12361	PROTON	left
RXN-12361	Acetoacetyl-ACPs	right
RXN-12361	CARBON-DIOXIDE	right
RXN-12361	ACP	right
RXN-7866	CPD-7175	left
RXN-7866	OXYGEN-MOLECULE	left
RXN-7866	CPD-7170	right
RXN-7866	HYDROGEN-PEROXIDE	right
RXN-16343	CPD-17594	left
RXN-16343	OXYGEN-MOLECULE	left
RXN-16343	Red-NADPH-Hemoprotein-Reductases	left
RXN-16343	CPD-17595	right
RXN-16343	Ox-NADPH-Hemoprotein-Reductases	right
RXN-16343	WATER	right
RXNQT-4320	CPDQT-407	left
RXNQT-4320	WATER	left
RXNQT-4320	CPDQT-412	right
RXNQT-4320	PYRUVATE	right
RXNQT-4320	AMMONIUM	right
RXN-7822	PROTON	left
RXN-7822	P-COUMAROYL-COA	left
RXN-7822	MALONYL-COA	left
RXN-7822	CPD-6955	right
RXN-7822	CO-A	right
RXN-7822	CARBON-DIOXIDE	right
RXN-13969	CPD1F-766	left
RXN-13969	CPD-15006	left
RXN-13969	CPD-15005	right
RXN-13969	VANILLATE	right
RXN-5381	CPD-12575	left
RXN-5381	NARINGENIN-CMPD	left
RXN-5381	UDP	right
RXN-5381	NARINGENIN-7-O-BETA-D-GLUCOSIDE	right
RXN-5381	PROTON	right
RXN-16197	CPD-9293	left
RXN-16197	CPD-9295	right
RXN-9171	CPD-9735	left
RXN-9171	ACETYL-COA	left
RXN-9171	WATER	left
RXN-9171	PROTON	right
RXN-9171	CPD-9736	right
RXN-9171	CO-A	right
RXN-9340	CPD-9953	left
RXN-9340	NAD	left
RXN-9340	CPD-9950	right
RXN-9340	NADH	right
RXN-9340	PROTON	right
PNKIN-RXN	ATP	left
PNKIN-RXN	PYRIDOXINE	left
PNKIN-RXN	PROTON	right
PNKIN-RXN	ADP	right
PNKIN-RXN	PYRIDOXINE-5P	right
RXN-15346	CPD-16551	left
RXN-15346	CPD-15895	right
RXN-1841	1-KESTOTRIOSE	left
RXN-1841	WATER	left
RXN-1841	Fructofuranose	right
RXN-1841	SUCROSE	right
3-ISOPROPYLMALDEHYDROG-RXN	2-D-THREO-HYDROXY-3-CARBOXY-ISOCAPROATE	left
3-ISOPROPYLMALDEHYDROG-RXN	NAD	left
3-ISOPROPYLMALDEHYDROG-RXN	CPD-7100	right
3-ISOPROPYLMALDEHYDROG-RXN	NADH	right
3-ISOPROPYLMALDEHYDROG-RXN	PROTON	right
RXN-22761	CPD-9779	left
RXN-22761	OXYGEN-MOLECULE	left
RXN-22761	Red-NADPH-Hemoprotein-Reductases	left
RXN-22761	CPD-25212	right
RXN-22761	Ox-NADPH-Hemoprotein-Reductases	right
RXN-22761	WATER	right
2.4.1.191-RXN	UDP-GLUCURONATE	left
2.4.1.191-RXN	LUTEOLIN-7-O-BETA-D-DIGLUCURONIDE	left
2.4.1.191-RXN	PROTON	right
2.4.1.191-RXN	UDP	right
2.4.1.191-RXN	LUTEOLIN-7-O-BETA-D-GLUCURONOSYL-1-2	right
SUPEROX-DISMUT-RXN	SUPER-OXIDE	left
SUPEROX-DISMUT-RXN	PROTON	left
SUPEROX-DISMUT-RXN	HYDROGEN-PEROXIDE	right
SUPEROX-DISMUT-RXN	OXYGEN-MOLECULE	right
UROGENDECARBOX-RXN	UROPORPHYRINOGEN-III	left
UROGENDECARBOX-RXN	PROTON	left
UROGENDECARBOX-RXN	CARBON-DIOXIDE	right
UROGENDECARBOX-RXN	COPROPORPHYRINOGEN_III	right
RXN-10695	CPD-730	left
RXN-10695	CO-A	left
RXN-10695	ATP	left
RXN-10695	CPD-11517	right
RXN-10695	AMP	right
RXN-10695	PPI	right
MMUM-RXN	CPD-397	left
MMUM-RXN	HOMO-CYS	left
MMUM-RXN	PROTON	right
MMUM-RXN	MET	right
RXN-4301	Glycogens	left
RXN-4301	WATER	left
RXN-4301	Maltodextrins	right
RXN-15980	CPD-17216	left
RXN-15980	OXYGEN-MOLECULE	left
RXN-15980	CPD-21154	right
RXN-15980	CPD-8661	right
RXN-8185	CPD-7850	left
RXN-8185	Donor-H2	left
RXN-8185	OXYGEN-MOLECULE	left
RXN-8185	CPD-7851	right
RXN-8185	Acceptor	right
RXN-8185	WATER	right
3.2.1.52-RXN	N-Acetyl-beta-D-Hexosaminides	left
3.2.1.52-RXN	WATER	left
3.2.1.52-RXN	N-acetyl-beta-D-hexosamines	right
3.2.1.52-RXN	Alcohols	right
RXN-1827	1-4-alpha-D-Glucan	left
RXN-1827	WATER	left
RXN-1827	1-4-alpha-D-Glucan	right
RXN-1827	CPD-15717	right
RXNQT-4350	CPD-1881	left
RXNQT-4350	CPDQT-429	right
RXNQT-4350	SULFATE	right
RXN-10436	CPD-734	left
RXN-10436	VAL	left
RXN-10436	ATP	left
RXN-10436	PROTON	right
RXN-10436	CPD-11233	right
RXN-10436	AMP	right
RXN-10436	PPI	right
2.7.7.1-RXN	PROTON	left
2.7.7.1-RXN	NICOTINAMIDE_NUCLEOTIDE	left
2.7.7.1-RXN	ATP	left
2.7.7.1-RXN	NAD	right
2.7.7.1-RXN	PPI	right
RXN-17252	CPD-7061	left
RXN-17252	OXYGEN-MOLECULE	left
RXN-17252	Reduced-ferredoxins	left
RXN-17252	PROTON	left
RXN-17252	CPD-18666	right
RXN-17252	WATER	right
RXN-17252	Oxidized-ferredoxins	right
THIOREDOXIN-RXN	Ox-Thioredoxin	left
THIOREDOXIN-RXN	Donor-H2	left
THIOREDOXIN-RXN	Red-Thioredoxin	right
THIOREDOXIN-RXN	Acceptor	right
GAMMA-GLUTAMYLCYCLOTRANSFERASE-RXN	5-L-GLUTAMYL-L-AMINO-ACID	left
GAMMA-GLUTAMYLCYCLOTRANSFERASE-RXN	L-Amino-Acids	right
GAMMA-GLUTAMYLCYCLOTRANSFERASE-RXN	5-OXOPROLINE	right
RXN-4801	CPD-4664	left
RXN-4801	OXYGEN-MOLECULE	left
RXN-4801	Red-NADPH-Hemoprotein-Reductases	left
RXN-4801	CPD-4663	right
RXN-4801	WATER	right
RXN-4801	Ox-NADPH-Hemoprotein-Reductases	right
RXN-19749	CPD-9006	left
RXN-19749	OXYGEN-MOLECULE	left
RXN-19749	Red-NADPH-Hemoprotein-Reductases	left
RXN-19749	CPD-9413	right
RXN-19749	WATER	right
RXN-19749	Ox-NADPH-Hemoprotein-Reductases	right
RXN-19749	PROTON	right
RXN-14301	MET	left
RXN-14301	CPD-7671	right
RXN-14301	CPD-15056	right
RXN-22830	CPD-717	left
RXN-22830	OXYGEN-MOLECULE	left
RXN-22830	Red-NADPH-Hemoprotein-Reductases	left
RXN-22830	CPD-718	right
RXN-22830	WATER	right
RXN-22830	Ox-NADPH-Hemoprotein-Reductases	right
LICODIONE-2-O-METHYLTRANSFERASE-RXN	S-ADENOSYLMETHIONINE	left
LICODIONE-2-O-METHYLTRANSFERASE-RXN	LICODIONE	left
LICODIONE-2-O-METHYLTRANSFERASE-RXN	PROTON	right
LICODIONE-2-O-METHYLTRANSFERASE-RXN	CPD-4302	right
LICODIONE-2-O-METHYLTRANSFERASE-RXN	ADENOSYL-HOMO-CYS	right
RXN-9332	COUMARYL-ALCOHOL	left
RXN-9332	NADPH	left
RXN-9332	PROTON	left
RXN-9332	CPD-9933	right
RXN-9332	NADP	right
RXN-9332	WATER	right
RXN-12949	CPD-13031	left
RXN-12949	CPD-7268	right
RXN-7202	1-L-MYO-INOSITOL-1-P	left
RXN-7202	ATP	left
RXN-7202	PROTON	right
RXN-7202	D-MYO-INOSITOL-34-BISPHOSPHATE	right
RXN-7202	ADP	right
RXN-6550	CPD1F-137	left
RXN-6550	2-KETOGLUTARATE	left
RXN-6550	OXYGEN-MOLECULE	left
RXN-6550	CPD-6224	right
RXN-6550	SUC	right
RXN-6550	CARBON-DIOXIDE	right
RXN-13892	CPD-14901	left
RXN-13892	FERROCYTOCHROME-B5	left
RXN-13892	OXYGEN-MOLECULE	left
RXN-13892	PROTON	left
RXN-13892	CPD-14900	right
RXN-13892	FERRICYTOCHROME-B5	right
RXN-13892	WATER	right
RXN-3183	Glucosylated-Glucose-Acceptors	left
RXN-3183	7-HYDROXY-2-OXINDOLE-3-ACETIC-ACID	left
RXN-3183	Non-Glucosylated-Glucose-Acceptors	right
RXN-3183	7-HYDROXY-2-OXINDOLE-3-ACETIC-ACID-GLUCO	right
RXN-8354	CPD-12575	left
RXN-8354	CPD-8138	left
RXN-8354	CPD-8143	right
RXN-8354	UDP	right
RXN-8354	PROTON	right
RXN-14993	NARINGENIN-CMPD	left
RXN-14993	CPD-14042	right
RXN-7984	CPD1F-133	left
RXN-7984	ASCORBATE	left
RXN-7984	CPD1F-131	right
RXN-7984	L-DEHYDRO-ASCORBATE	right
RXN-7984	WATER	right
RXN-13498	CPD-14491	left
RXN-13498	Red-NADPH-Hemoprotein-Reductases	left
RXN-13498	OXYGEN-MOLECULE	left
RXN-13498	CPD-14492	right
RXN-13498	Ox-NADPH-Hemoprotein-Reductases	right
RXN-13498	WATER	right
RXN-8288	CPD-8065	left
RXN-8288	CPD-458	left
RXN-8288	CPD-8066	right
RXN-8288	MYO-INOSITOL	right
CELLULOSE-SYNTHASE-GDP-FORMING-RXN	GDP-D-GLUCOSE	left
CELLULOSE-SYNTHASE-GDP-FORMING-RXN	CELLULOSE	left
CELLULOSE-SYNTHASE-GDP-FORMING-RXN	GDP	right
CELLULOSE-SYNTHASE-GDP-FORMING-RXN	CELLULOSE	right
6PGLUCONDEHYDROG-RXN	CPD-2961	left
6PGLUCONDEHYDROG-RXN	NAD-P-OR-NOP	left
6PGLUCONDEHYDROG-RXN	RIBULOSE-5P	right
6PGLUCONDEHYDROG-RXN	CARBON-DIOXIDE	right
6PGLUCONDEHYDROG-RXN	NADH-P-OR-NOP	right
RXN-2224	3-HYDROXYPROPYL-GLUCOSINOLATE	left
RXN-2224	BENZOYLCOA	left
RXN-2224	3-BENZOYLOXYPROPYL-GLUCOSINOLATE	right
RXN-2224	CO-A	right
RXN-18480	CPD-19811	left
RXN-18480	Red-NADPH-Hemoprotein-Reductases	left
RXN-18480	OXYGEN-MOLECULE	left
RXN-18480	CPD-19812	right
RXN-18480	WATER	right
RXN-18480	Ox-NADPH-Hemoprotein-Reductases	right
RXN-18480	PROTON	right
RXN-8348	CPD-8122	left
RXN-8348	CPD-3	left
RXN-8348	PROTON	left
RXN-8348	CPD-8123	right
RXN-8348	AMP	right
RXN-8348	WATER	right
RXN18C3-58	CPD-19215	left
RXN18C3-58	CPD-12575	left
RXN18C3-58	CPD-19197	right
RXN18C3-58	UDP	right
RXN18C3-58	PROTON	right
RXN-10731	PROTON	left
RXN-10731	CPD-11566	left
RXN-10731	CPD-6801	right
RXN-10731	CARBON-DIOXIDE	right
RXN-12633	CPD-13605	left
RXN-12633	CPD-13606	right
2.7.1.90-RXN	FRUCTOSE-6P	left
2.7.1.90-RXN	PPI	left
2.7.1.90-RXN	PROTON	right
2.7.1.90-RXN	Pi	right
2.7.1.90-RXN	FRUCTOSE-16-DIPHOSPHATE	right
RXN3O-130	LANOSTEROL	left
RXN3O-130	OXYGEN-MOLECULE	left
RXN3O-130	Red-NADPH-Hemoprotein-Reductases	left
RXN3O-130	44-DIMETHYL-CHOLESTA-814-24-TRIENOL	right
RXN3O-130	FORMATE	right
RXN3O-130	Ox-NADPH-Hemoprotein-Reductases	right
RXN3O-130	WATER	right
RXN3O-130	PROTON	right
RXN-7603	S-ADENOSYLMETHIONINE	left
RXN-7603	3-METHYLXANTHINE	left
RXN-7603	PROTON	right
RXN-7603	3-7-DIMETHYLXANTHINE	right
RXN-7603	ADENOSYL-HOMO-CYS	right
RXN-15351	CPD-7145	left
RXN-15351	CPD-15283	left
RXN-15351	CPD-16558	right
RXN-15351	4-hydroxybenzoate	right
RXN-11853	ANTHRANILATE	left
RXN-11853	CPD-12575	left
RXN-11853	CPD-12835	right
RXN-11853	UDP	right
4-HYDROXYGLUTAMATE-AMINOTRANSFERASE-RXN	L-ERYTHRO-4-HYDROXY-GLUTAMATE	left
4-HYDROXYGLUTAMATE-AMINOTRANSFERASE-RXN	2-KETOGLUTARATE	left
4-HYDROXYGLUTAMATE-AMINOTRANSFERASE-RXN	D-4-HYDROXY-2-KETO-GLUTARATE	right
4-HYDROXYGLUTAMATE-AMINOTRANSFERASE-RXN	GLT	right
RXN1F-167	CPD-695	left
RXN1F-167	2-KETOGLUTARATE	left
RXN1F-167	OXYGEN-MOLECULE	left
RXN1F-167	CPD-10332	right
RXN1F-167	CARBON-DIOXIDE	right
RXN1F-167	SUC	right
RXNQT-4337	CPDQT-296	left
RXNQT-4337	OXYGEN-MOLECULE	left
RXNQT-4337	NADPH	left
RXNQT-4337	PROTON	left
RXNQT-4337	CPDQT-295	right
RXNQT-4337	WATER	right
RXNQT-4337	NADP	right
RXN-8603	FARNESYL-PP	left
RXN-8603	CPD-8801	right
RXN-8603	PPI	right
RXN-20435	CPD-22130	left
RXN-20435	NADP	left
RXN-20435	CPD-22132	right
RXN-20435	NADPH	right
RXN-20435	PROTON	right
3.6.3.44-RXN	ATP	left
3.6.3.44-RXN	WATER	left
3.6.3.44-RXN	Xenobiotic	left
3.6.3.44-RXN	ADP	right
3.6.3.44-RXN	Pi	right
3.6.3.44-RXN	Xenobiotic	right
RXN-12460	Charged-ASN-tRNAs	left
RXN-12460	WATER	left
RXN-12460	ASN	right
RXN-12460	ASN-tRNAs	right
RXN-12460	PROTON	right
APYRASE-RXN	ATP	left
APYRASE-RXN	WATER	left
APYRASE-RXN	AMP	right
APYRASE-RXN	Pi	right
APYRASE-RXN	PROTON	right
RXN-7812	CPD-7104	left
RXN-7812	CPD-4211	left
RXN-7812	PROTON	right
RXN-7812	4-PRENYLPHLORISOBUTYROPHENONE	right
RXN-7812	PPI	right
RXN-12611	CPD-13575	left
RXN-12611	AMINO-HYDROXYMETHYL-METHYLPYRIMIDINE-PP	left
RXN-12611	PROTON	left
RXN-12611	THIAMINE-P	right
RXN-12611	CARBON-DIOXIDE	right
RXN-12611	PPI	right
PHOSACETYLGLUCOSAMINEMUT-RXN	N-ACETYL-D-GLUCOSAMINE-6-P	left
PHOSACETYLGLUCOSAMINEMUT-RXN	N-ACETYL-D-GLUCOSAMINE-1-P	right
RXN-1226	D-Galactosyl-12-diacyl-glycerols	left
RXN-1226	DIACYLGLYCEROL	right
RXN-1226	CPD-10363	right
RXN-4306	CPD-4203	left
RXN-4306	OXYGEN-MOLECULE	left
RXN-4306	Red-NADPH-Hemoprotein-Reductases	left
RXN-4306	CPD-4204	right
RXN-4306	Ox-NADPH-Hemoprotein-Reductases	right
RXN-4306	WATER	right
RXN-7	PROTON	left
RXN-7	2-AMINO-4-CARBOXYPYRIMIDINE	left
RXN-7	SER	left
RXN-7	LATHYRINE	right
RXN-7	CARBON-DIOXIDE	right
RXN-7	WATER	right
SHIKIMATE-KINASE-RXN	SHIKIMATE	left
SHIKIMATE-KINASE-RXN	ATP	left
SHIKIMATE-KINASE-RXN	PROTON	right
SHIKIMATE-KINASE-RXN	SHIKIMATE-5P	right
SHIKIMATE-KINASE-RXN	ADP	right
RXN-13844	CPD-10510	left
RXN-13844	2-KETOGLUTARATE	left
RXN-13844	OXYGEN-MOLECULE	left
RXN-13844	CPD-14857	right
RXN-13844	SUC	right
RXN-13844	CARBON-DIOXIDE	right
RXN-9717	ISOVITEXIN	left
RXN-9717	UDP-L-RHAMNOSE	left
RXN-9717	PROTON	right
RXN-9717	CPD-10345	right
RXN-9717	UDP	right
RXN-10437	CPD-734	left
RXN-10437	LEU	left
RXN-10437	ATP	left
RXN-10437	PROTON	right
RXN-10437	CPD-11234	right
RXN-10437	AMP	right
RXN-10437	PPI	right
2.3.1.103-RXN	1-O-SINAPOYL-BETA-D-GLUCOSE	left
2.3.1.103-RXN	12-BIS-O-SINAPOYL-BETA-D-GLUCOSIDE	right
2.3.1.103-RXN	Glucopyranose	right
RXN-9063	CPD-9535	left
RXN-9063	Acceptor	left
RXN-9063	PROTON	left
RXN-9063	CPD-9544	right
RXN-9063	Donor-H2	right
1.8.4.9-RXN	PROTON	left
1.8.4.9-RXN	SO3	left
1.8.4.9-RXN	AMP	left
1.8.4.9-RXN	OXIDIZED-GLUTATHIONE	left
1.8.4.9-RXN	GLUTATHIONE	right
1.8.4.9-RXN	APS	right
METHYLENETHFDEHYDROG-NADP-RXN	METHYLENE-THF-GLU-N	left
METHYLENETHFDEHYDROG-NADP-RXN	NADP	left
METHYLENETHFDEHYDROG-NADP-RXN	5-10-METHENYL-THF-GLU-N	right
METHYLENETHFDEHYDROG-NADP-RXN	NADPH	right
RXN-15525	S-ADENOSYLMETHIONINE	left
RXN-15525	CPD-14867	left
RXN-15525	CPD-16764	right
RXN-15525	ADENOSYL-HOMO-CYS	right
RXN-15525	PROTON	right
RXN-15372	CPD-15005	left
RXN-15372	CPD-15283	left
RXN-15372	CPD-16602	right
RXN-15372	Glucopyranose	right
RXN-13943	CPD-12575	left
RXN-13943	CPD-14962	left
RXN-13943	CPD-14960	right
RXN-13943	UDP	right
RXN-13943	PROTON	right
RXN-14447	PELARGONIDIN-3-GLUCOSIDE-CMPD	left
RXN-14447	CPD-15281	left
RXN-14447	CPD-15289	right
RXN-14447	FERULIC-ACID	right
RXN-14447	PROTON	right
RXN-9186	CPD-1722	left
RXN-9186	CPD-9752	right
RXN-22915	CPD-25382	left
RXN-22915	CYS	left
RXN-22915	R-4-PHOSPHOPANTOTHENOYL-L-CYSTEINE	right
RXN-22915	CMP	right
RXN-22915	PROTON	right
RXN-7648	CPD-6991	left
RXN-7648	OXYGEN-MOLECULE	left
RXN-7648	2-KETOGLUTARATE	left
RXN-7648	CPD-6992	right
RXN-7648	CARBON-DIOXIDE	right
RXN-7648	SUC	right
RXN-13642	CPD-14646	left
RXN-13642	OXYGEN-MOLECULE	left
RXN-13642	CPD-14647	right
RXN-13642	CPD-7204	right
RXN-12109	5-DEHYDROGLUCONATE	left
RXN-12109	CPD-13061	right
RXN-12109	GLYCOLALDEHYDE	right
RXN-9373	S-ADENOSYLMETHIONINE	left
RXN-9373	CPD-9981	left
RXN-9373	7-DEOXYLOGANIN	right
RXN-9373	ADENOSYL-HOMO-CYS	right
RXN-4230	CPD-709	left
RXN-4230	OXYGEN-MOLECULE	left
RXN-4230	Red-NADPH-Hemoprotein-Reductases	left
RXN-4230	CPD-3946	right
RXN-4230	WATER	right
RXN-4230	Ox-NADPH-Hemoprotein-Reductases	right
RXN-13872	NAD	left
RXN-13872	CPD-14880	right
RXN-13872	NIACINAMIDE	right
RXN-87	PROTON	left
RXN-87	P-COUMAROYL-COA	left
RXN-87	MALONYL-COA	left
RXN-87	CPD-83	right
RXN-87	CO-A	right
RXN-87	CARBON-DIOXIDE	right
RXN-4309	CPD-4201	left
RXN-4309	WATER	left
RXN-4309	CPD-4203	right
RXN-4309	Pi	right
RXN-4309	PROTON	right
RXN-9035	CPD-12575	left
RXN-9035	CPD-9483	left
RXN-9035	CPD-9486	right
RXN-9035	UDP	right
RXN-1602	DIACYLGLYCEROL	left
RXN-1602	WATER	left
RXN-1602	CPD-409	right
RXN-1602	Fatty-Acids	right
RXN-1602	PROTON	right
RXN-4803	CPD-4663	left
RXN-4803	OXYGEN-MOLECULE	left
RXN-4803	Red-NADPH-Hemoprotein-Reductases	left
RXN-4803	CPD-4661	right
RXN-4803	WATER	right
RXN-4803	Ox-NADPH-Hemoprotein-Reductases	right
RXN-8880	CPD-12575	left
RXN-8880	CPD-9213	left
RXN-8880	CPD-9212	right
RXN-8880	UDP	right
RXN-8880	PROTON	right
CARVEOL-DEHYDROGENASE-RXN	CPD-10051	left
CARVEOL-DEHYDROGENASE-RXN	NADP	left
CARVEOL-DEHYDROGENASE-RXN	CPD-1089	right
CARVEOL-DEHYDROGENASE-RXN	NADPH	right
CARVEOL-DEHYDROGENASE-RXN	PROTON	right
RXN-8363	CPD-8160	left
RXN-8363	OXYGEN-MOLECULE	left
RXN-8363	Reduced-ferredoxins	left
RXN-8363	PROTON	left
RXN-8363	CPD-8161	right
RXN-8363	WATER	right
RXN-8363	Oxidized-ferredoxins	right
RXN-11527	FARNESYL-PP	left
RXN-11527	CPD-9006	right
RXN-11527	PPI	right
RXN-11272	CPD-6443	left
RXN-11272	WATER	left
RXN-11272	PROTON	right
RXN-11272	BENZOATE	right
RXN-11272	BENZYL-ALCOHOL	right
RXN-11667	S-3-HYDROXYBUTANOYL-COA	left
RXN-11667	WATER	right
RXN-11667	CROTONYL-COA	right
RXN-10944	MI-HEXAKISPHOSPHATE	left
RXN-10944	WATER	left
RXN-10944	CPD-1107	right
RXN-10944	Pi	right
RXN-18940	CPD-11534	left
RXN-18940	OXYGEN-MOLECULE	left
RXN-18940	NADPH	left
RXN-18940	PROTON	left
RXN-18940	CPD-13920	right
RXN-18940	WATER	right
RXN-18940	NADP	right
DHSHIKIMATE-DEHYDRO-RXN	3-DEHYDRO-SHIKIMATE	left
DHSHIKIMATE-DEHYDRO-RXN	3-4-DIHYDROXYBENZOATE	right
DHSHIKIMATE-DEHYDRO-RXN	WATER	right
RXNQT-4193	Very-Long-Chain-Alcohols	left
RXNQT-4193	Long-Chain-Acyl-CoAs	left
RXNQT-4193	VLC-alcohol-LC-acyl-ester	right
RXNQT-4193	CO-A	right
1.3.1.2-RXN	NADP	left
1.3.1.2-RXN	DI-H-URACIL	left
1.3.1.2-RXN	PROTON	right
1.3.1.2-RXN	NADPH	right
1.3.1.2-RXN	URACIL	right
RXN-1106	PROTON	left
RXN-1106	FERULOYL-COA	left
RXN-1106	NADPH	left
RXN-1106	CONIFERYL-ALDEHYDE	right
RXN-1106	NADP	right
RXN-1106	CO-A	right
RXN-20960	MALONYL-COA	left
RXN-20960	CPD-22588	left
RXN-20960	CPD-22598	right
RXN-20960	CO-A	right
CATECHOL-OXIDASE-RXN	CATECHOL	left
CATECHOL-OXIDASE-RXN	OXYGEN-MOLECULE	left
CATECHOL-OXIDASE-RXN	WATER	right
CATECHOL-OXIDASE-RXN	CPD-385	right
RXN-6382	CPD-6082	left
RXN-6382	NAD-P-OR-NOP	left
RXN-6382	WATER	left
RXN-6382	B-ALANINE	right
RXN-6382	NADH-P-OR-NOP	right
RXN-6382	PROTON	right
RXN-17007	CPD-6947	left
RXN-17007	NADPH	left
RXN-17007	PROTON	left
RXN-17007	CPD-12830	right
RXN-17007	NADP	right
RXN-14976	CPD-21330	left
RXN-14976	CPD-15576	right
RXN-14373	CPD-7043	left
RXN-14373	Alpha-Amyloses	left
RXN-14373	Starch	right
RXN-22286	CPD-846	left
RXN-22286	PROTON	left
RXN-22286	HS	right
RXN-14355	1-O-SINAPOYL-BETA-D-GLUCOSE	left
RXN-14355	CPD-15234	left
RXN-14355	CPD-16540	right
RXN-14355	Glucopyranose	right
UDP-GLUCURONATE-DECARBOXYLASE-RXN	PROTON	left
UDP-GLUCURONATE-DECARBOXYLASE-RXN	UDP-GLUCURONATE	left
UDP-GLUCURONATE-DECARBOXYLASE-RXN	UDP-D-XYLOSE	right
UDP-GLUCURONATE-DECARBOXYLASE-RXN	CARBON-DIOXIDE	right
RXN-7749	PROTON	left
RXN-7749	CPD-7070	left
RXN-7749	CPD-2205	right
RXN-7749	CARBON-DIOXIDE	right
RXN-7749	WATER	right
RXN-9963	FARNESYL-PP	left
RXN-9963	CPD-10708	right
RXN-9963	PPI	right
GLUTATHIONE-PEROXIDASE-RXN	HYDROGEN-PEROXIDE	left
GLUTATHIONE-PEROXIDASE-RXN	GLUTATHIONE	left
GLUTATHIONE-PEROXIDASE-RXN	OXIDIZED-GLUTATHIONE	right
GLUTATHIONE-PEROXIDASE-RXN	WATER	right
AIRS-RXN	ATP	left
AIRS-RXN	5-PHOSPHORIBOSYL-N-FORMYLGLYCINEAMIDINE	left
AIRS-RXN	PROTON	right
AIRS-RXN	ADP	right
AIRS-RXN	Pi	right
AIRS-RXN	5-PHOSPHORIBOSYL-5-AMINOIMIDAZOLE	right
RXN-886	PROTON	left
RXN-886	CPD-638	left
RXN-886	2-KETOGLUTARATE	left
RXN-886	OXYGEN-MOLECULE	left
RXN-886	CPD-885	right
RXN-886	SUC	right
RXN-886	CARBON-DIOXIDE	right
RXN-14932	R-2-HYDROXYGLUTARATE	left
RXN-14932	Acceptor	left
RXN-14932	2-KETOGLUTARATE	right
RXN-14932	Donor-H2	right
LUTEOLIN-7-O-GLUCORONOSYLTRANSFERASE-RXN	5734-TETRAHYDROXYFLAVONE	left
LUTEOLIN-7-O-GLUCORONOSYLTRANSFERASE-RXN	UDP-GLUCURONATE	left
LUTEOLIN-7-O-GLUCORONOSYLTRANSFERASE-RXN	LUTEOLIN-7-O-BETA-D-GLUCURONIDE	right
LUTEOLIN-7-O-GLUCORONOSYLTRANSFERASE-RXN	UDP	right
2.3.1.132-RXN	PROTON	left
2.3.1.132-RXN	SINAPOYL-COA	left
2.3.1.132-RXN	CPD-12595	left
2.3.1.132-RXN	O-SINAPOYLGLUCAROLACTONE	right
2.3.1.132-RXN	CO-A	right
RXN-8861	TAXA-42011-DIEN-5A13A-DIOL	left
RXN-8861	CPD-8718	right
RXN-1801	1-KESTOTRIOSE	left
RXN-1801	NYSTOSE	right
RXN-1801	SUCROSE	right
RXN-20001	CPD-21576	left
RXN-20001	Donor-H2	left
RXN-20001	CPD-13001	right
RXN-20001	Acceptor	right
RXN0-5260	Ubiquinones	left
RXN0-5260	GLYCEROL-3P	left
RXN0-5260	Ubiquinols	right
RXN0-5260	DIHYDROXY-ACETONE-PHOSPHATE	right
RXNQT-4162	CPD-8013	left
RXNQT-4162	UDP-L-RHAMNOSE	left
RXNQT-4162	CPDQT-26	right
RXNQT-4162	UDP	right
RXNQT-4162	PROTON	right
RXN-13612	CPD-14615	left
RXN-13612	CO-A	right
RXN-13612	CPD-7165	right
RXN-13612	PROTON	right
RXN-9314	S-RETICULINE	left
RXN-9314	Red-NADPH-Hemoprotein-Reductases	left
RXN-9314	OXYGEN-MOLECULE	left
RXN-9314	CPD-9935	right
RXN-9314	Ox-NADPH-Hemoprotein-Reductases	right
RXN-9314	WATER	right
ACETOOHBUTSYN-RXN	PROTON	left
ACETOOHBUTSYN-RXN	PYRUVATE	left
ACETOOHBUTSYN-RXN	2-OXOBUTANOATE	left
ACETOOHBUTSYN-RXN	2-ACETO-2-HYDROXY-BUTYRATE	right
ACETOOHBUTSYN-RXN	CARBON-DIOXIDE	right
RXN-20978	CPD-22609	left
RXN-20978	CPD-22617	left
RXN-20978	CPD-22619	right
RXN-20978	UDP	right
RXN-20978	PROTON	right
RXN-4764	ONONIN	left
RXN-4764	WATER	left
RXN-4764	FORMONONETIN	right
RXN-4764	Glucopyranose	right
2.1.1.117-RXN	S-ADENOSYLMETHIONINE	left
2.1.1.117-RXN	S-SCOULERINE	left
2.1.1.117-RXN	PROTON	right
2.1.1.117-RXN	ADENOSYL-HOMO-CYS	right
2.1.1.117-RXN	S-TETRAHYDROCOLUMBAMINE	right
RXN-23832	CPD-11587	left
RXN-23832	OXYGEN-MOLECULE	left
RXN-23832	Red-NADPH-Hemoprotein-Reductases	left
RXN-23832	CPD-26378	right
RXN-23832	WATER	right
RXN-23832	Ox-NADPH-Hemoprotein-Reductases	right
RXN-9624	STEAROYL-COA	left
RXN-9624	WATER	left
RXN-9624	PROTON	right
RXN-9624	STEARIC_ACID	right
RXN-9624	CO-A	right
RXN-19839	INDOLEYL-CPD	left
RXN-19839	OXYGEN-MOLECULE	left
RXN-19839	Red-NADPH-Hemoprotein-Reductases	left
RXN-19839	CPD-21441	right
RXN-19839	WATER	right
RXN-19839	Ox-NADPH-Hemoprotein-Reductases	right
RXN-9020	S-ADENOSYLMETHIONINE	left
RXN-9020	CPD-16	left
RXN-9020	PROTON	right
RXN-9020	CPD-9494	right
RXN-9020	ADENOSYL-HOMO-CYS	right
RXN18C3-38	CPD-19023	left
RXN18C3-38	ISOVALERYL-COA	left
RXN18C3-38	CPD-19054	right
RXN18C3-38	CO-A	right
RXN-16465	CPD-693	left
RXN-16465	Red-NADPH-Hemoprotein-Reductases	left
RXN-16465	OXYGEN-MOLECULE	left
RXN-16465	CPD-17688	right
RXN-16465	Ox-NADPH-Hemoprotein-Reductases	right
RXN-16465	WATER	right
RAUCAFFRICINE-BETA-GLUCOSIDASE-RXN	WATER	left
RAUCAFFRICINE-BETA-GLUCOSIDASE-RXN	RAUCAFFRICINE	left
RAUCAFFRICINE-BETA-GLUCOSIDASE-RXN	VOMILENINE	right
RAUCAFFRICINE-BETA-GLUCOSIDASE-RXN	Glucopyranose	right
RXN-15332	CPD-16538	left
RXN-15332	1-O-SINAPOYL-BETA-D-GLUCOSE	left
RXN-15332	CPD-16539	right
RXN-15332	Glucopyranose	right
RXN-19661	CPD-21293	left
RXN-19661	LICODIONE	right
RXN-19661	PROTON	right
RXN-11851	CPD-12845	left
RXN-11851	Red-NADPH-Hemoprotein-Reductases	left
RXN-11851	OXYGEN-MOLECULE	left
RXN-11851	CPD-9203	right
RXN-11851	Ox-NADPH-Hemoprotein-Reductases	right
RXN-11851	WATER	right
1.1.1.271-RXN	CPD-13118	left
1.1.1.271-RXN	NADP	left
1.1.1.271-RXN	PROTON	right
1.1.1.271-RXN	NADPH	right
1.1.1.271-RXN	GDP-4-DEHYDRO-6-DEOXY-D-MANNOSE	right
R524-RXN	CPD-69	left
R524-RXN	HCO3	left
R524-RXN	PROTON	left
R524-RXN	CARBAMATE	right
R524-RXN	CARBON-DIOXIDE	right
RXN-11232	CPD-12170	left
RXN-11232	CPD-12191	right
RXN-10691	2R-3R-Flavan-3-O-glucosides	left
RXN-10691	2R-3S-Flavan-3-O-glucosides	left
RXN-10691	OXYGEN-MOLECULE	left
RXN-10691	PA-N	right
RXN-10691	WATER	right
RXN-10691	GLC	right
RXN-9017	S-ADENOSYLMETHIONINE	left
RXN-9017	ORCINOL-CPD	left
RXN-9017	PROTON	right
RXN-9017	CPD-9501	right
RXN-9017	ADENOSYL-HOMO-CYS	right
RXN-3142	PROTON	left
RXN-3142	P-COUMAROYL-COA	left
RXN-3142	MALONYL-COA	left
RXN-3142	NADPH	left
RXN-3142	CPD-3041	right
RXN-3142	CO-A	right
RXN-3142	CARBON-DIOXIDE	right
RXN-3142	NADP	right
RXN-3142	WATER	right
2OXOGLUTDECARB-RXN	2-KETOGLUTARATE	left
2OXOGLUTDECARB-RXN	Oxo-glutarate-dehydrogenase-lipoyl	left
2OXOGLUTDECARB-RXN	PROTON	left
2OXOGLUTDECARB-RXN	Oxo-glutarate-dehydro-suc-DH-lipoyl	right
2OXOGLUTDECARB-RXN	CARBON-DIOXIDE	right
RXN18C3-22	CPD-18854	left
RXN18C3-22	OXYGEN-MOLECULE	left
RXN18C3-22	NADH-P-OR-NOP	left
RXN18C3-22	PROTON	left
RXN18C3-22	CPD-18857	right
RXN18C3-22	WATER	right
RXN18C3-22	NAD-P-OR-NOP	right
RXN-10952	D-MYO-INOSITOL-4-PHOSPHATE	left
RXN-10952	WATER	left
RXN-10952	MYO-INOSITOL	right
RXN-10952	Pi	right
RXN-3584	CPD-12575	left
RXN-3584	DAIDZEIN	left
RXN-3584	PROTON	right
RXN-3584	CPD-3424	right
RXN-3584	UDP	right
RXN-23831	CPD-26377	left
RXN-23831	PROTON	left
RXN-23831	CPD-11587	right
RXN-23831	CARBON-DIOXIDE	right
RXN-21170	CPD-22768	left
RXN-21170	OXYGEN-MOLECULE	left
RXN-21170	Red-NADPH-Hemoprotein-Reductases	left
RXN-21170	CPD-4183	right
RXN-21170	FORMATE	right
RXN-21170	WATER	right
RXN-21170	Ox-NADPH-Hemoprotein-Reductases	right
RXN-21170	PROTON	right
RIBOFLAVIN-SYN-RXN	PROTON	left
RIBOFLAVIN-SYN-RXN	DIMETHYL-D-RIBITYL-LUMAZINE	left
RIBOFLAVIN-SYN-RXN	AMINO-RIBOSYLAMINO-1H-3H-PYR-DIONE	right
RIBOFLAVIN-SYN-RXN	RIBOFLAVIN	right
RXN-13693	CPD-14734	left
RXN-13693	WATER	left
RXN-13693	BENZYL-ALCOHOL	right
RXN-13693	6-O-BETA-D-XYLOPYRANOSYL	right
RXN-4141	2R-HYDROPEROXY-FATTY-ACIDS	left
RXN-4141	Donor-H2	left
RXN-4141	2R-Hydroxy-Fatty-Acids	right
RXN-4141	WATER	right
RXN-4141	Acceptor	right
ASPAMINOTRANS-RXN	L-ASPARTATE	left
ASPAMINOTRANS-RXN	2-KETOGLUTARATE	left
ASPAMINOTRANS-RXN	OXALACETIC_ACID	right
ASPAMINOTRANS-RXN	GLT	right
RXN-16373	CPD-9539	left
RXN-16373	CPD-12575	left
RXN-16373	CPD-17611	right
RXN-16373	UDP	right
RXN-16373	PROTON	right
RXN-13403	S-ADENOSYLMETHIONINE	left
RXN-13403	UROPORPHYRINOGEN-III	left
RXN-13403	ADENOSYL-HOMO-CYS	right
RXN-13403	DIHYDROSIROHYDROCHLORIN	right
RXN-13403	PROTON	right
SINAPATE-1-GLUCOSYLTRANSFERASE-RXN	CPD-12575	left
SINAPATE-1-GLUCOSYLTRANSFERASE-RXN	SINAPATE	left
SINAPATE-1-GLUCOSYLTRANSFERASE-RXN	1-O-SINAPOYL-BETA-D-GLUCOSE	right
SINAPATE-1-GLUCOSYLTRANSFERASE-RXN	UDP	right
1.1.1.285-RXN	CPD-7227	left
1.1.1.285-RXN	NAD-P-OR-NOP	left
1.1.1.285-RXN	CPD-7228	right
1.1.1.285-RXN	NADH-P-OR-NOP	right
1.1.1.285-RXN	PROTON	right
GLUTAMATE-SYNTHASE-FERREDOXIN-RXN	Oxidized-ferredoxins	left
GLUTAMATE-SYNTHASE-FERREDOXIN-RXN	GLT	left
GLUTAMATE-SYNTHASE-FERREDOXIN-RXN	2-KETOGLUTARATE	right
GLUTAMATE-SYNTHASE-FERREDOXIN-RXN	GLN	right
GLUTAMATE-SYNTHASE-FERREDOXIN-RXN	Reduced-ferredoxins	right
GLUTAMATE-SYNTHASE-FERREDOXIN-RXN	PROTON	right
ADENYL-KIN-RXN	ATP	left
ADENYL-KIN-RXN	AMP	left
ADENYL-KIN-RXN	ADP	right
TRANS-RXN-234	GLT	left
TRANS-RXN-234	GLT	right
RXN-11102	23-DIPHOSPHOGLYCERATE	left
RXN-11102	WATER	left
RXN-11102	2-PG	right
RXN-11102	Pi	right
ACETYLORNDEACET-RXN	N-ALPHA-ACETYLORNITHINE	left
ACETYLORNDEACET-RXN	WATER	left
ACETYLORNDEACET-RXN	L-ORNITHINE	right
ACETYLORNDEACET-RXN	ACET	right
RXN-171	CPD1F-134	left
RXN-171	2-KETOGLUTARATE	left
RXN-171	OXYGEN-MOLECULE	left
RXN-171	CPD-482	right
RXN-171	SUC	right
RXN-171	CARBON-DIOXIDE	right
RXN-7599	S-ADENOSYLMETHIONINE	left
RXN-7599	3-7-DIMETHYLXANTHINE	left
RXN-7599	PROTON	right
RXN-7599	1-3-7-TRIMETHYLXANTHINE	right
RXN-7599	ADENOSYL-HOMO-CYS	right
RXN-13986	FERULOYL-COA	left
RXN-13986	CPD1F-437	left
RXN-13986	PROTON	left
RXN-13986	CPD-14979	right
RXN-13986	CO-A	right
NICOTINATE-N-METHYLTRANSFERASE-RXN	S-ADENOSYLMETHIONINE	left
NICOTINATE-N-METHYLTRANSFERASE-RXN	NIACINE	left
NICOTINATE-N-METHYLTRANSFERASE-RXN	ADENOSYL-HOMO-CYS	right
NICOTINATE-N-METHYLTRANSFERASE-RXN	METHYLNICOTINATE	right
RXN-12449	CPD-9411	left
RXN-12449	NADP	left
RXN-12449	WATER	left
RXN-12449	CPD-9413	right
RXN-12449	NADPH	right
RXN-12449	PROTON	right
RXN-12870	CPD-334	left
RXN-12870	CPD-13913	right
RXN-15432	CPD-13924	left
RXN-15432	CPD-16675	right
RXN-14435	CPD-15005	left
RXN-14435	WATER	left
RXN-14435	CPD1F-766	right
RXN-14435	Glucopyranose	right
RXN-14435	PROTON	right
RXN-20970	ACETYL-COA	left
RXN-20970	CPD-22577	left
RXN-20970	CPD-22612	right
RXN-20970	CO-A	right
1.14.13.57-RXN	OXYGEN-MOLECULE	left
1.14.13.57-RXN	Red-NADPH-Hemoprotein-Reductases	left
1.14.13.57-RXN	DIHYDROCHELIRUBINE	left
1.14.13.57-RXN	12-HYDROXYDIHYDROCHELIRUBINE	right
1.14.13.57-RXN	WATER	right
1.14.13.57-RXN	Ox-NADPH-Hemoprotein-Reductases	right
RXN-9752	CPD-12575	left
RXN-9752	CPD-10447	left
RXN-9752	CPD-10449	right
RXN-9752	UDP	right
RXN-9752	PROTON	right
RXN-15335	CPD1F-766	left
RXN-15335	MALONYL-COA	left
RXN-15335	CPD-16542	right
RXN-15335	CO-A	right
RXN-9620	CPD-10257	left
RXN-9620	OXYGEN-MOLECULE	left
RXN-9620	Red-NADPH-Hemoprotein-Reductases	left
RXN-9620	CPD-10258	right
RXN-9620	WATER	right
RXN-9620	Ox-NADPH-Hemoprotein-Reductases	right
RXN-11896	S-ADENOSYLMETHIONINE	left
RXN-11896	CPD-12871	left
RXN-11896	CPD-6959	right
RXN-11896	ADENOSYL-HOMO-CYS	right
RXN-11896	PROTON	right
RXN-12681	CPD-6948	left
RXN-12681	OXYGEN-MOLECULE	left
RXN-12681	Red-NADPH-Hemoprotein-Reductases	left
RXN-12681	CPD-13666	right
RXN-12681	WATER	right
RXN-12681	Ox-NADPH-Hemoprotein-Reductases	right
RXN-9074	INDOLE-3-ACETYL-ASP	left
RXN-9074	Glucosylated-Glucose-Acceptors	left
RXN-9074	Non-Glucosylated-Glucose-Acceptors	right
RXN-9074	CPD-9568	right
RXN-14087	CPD-15091	left
RXN-14087	CPD-15084	right
RXN-14087	WATER	right
1.5.1.7-RXN	WATER	left
1.5.1.7-RXN	NAD	left
1.5.1.7-RXN	SACCHAROPINE	left
1.5.1.7-RXN	2-KETOGLUTARATE	right
1.5.1.7-RXN	LYS	right
1.5.1.7-RXN	NADH	right
1.5.1.7-RXN	PROTON	right
2.7.7.11-RXN	PROTON	left
2.7.7.11-RXN	CPD-490	left
2.7.7.11-RXN	UTP	left
2.7.7.11-RXN	UDP-D-XYLOSE	right
2.7.7.11-RXN	PPI	right
RXN-10768	S-ADENOSYLMETHIONINE	left
RXN-10768	CPD-734	left
RXN-10768	ADENOSYL-HOMO-CYS	right
RXN-10768	CPD1F-2	right
RXN-4305	CPD-4211	left
RXN-4305	ADP	left
RXN-4305	CPD-4203	right
RXN-4305	PPI	right
SULFUR-DIOXYGENASE-RXN	Elemental-Sulfur	left
SULFUR-DIOXYGENASE-RXN	GLUTATHIONE	left
SULFUR-DIOXYGENASE-RXN	CPD-11281	right
RXN-4545	Cis-Prenyl-tRNAs	left
RXN-4545	CPD-4443	right
RXN-22405	CPD-24398	left
RXN-22405	HS	left
RXN-22405	CPD-24399	right
RXN-22405	WATER	right
RXN-22405	PROTON	right
RXN-5821	TYRAMINE	left
RXN-5821	OXYGEN-MOLECULE	left
RXN-5821	WATER	left
RXN-5821	HYDRPHENYLAC-CPD	right
RXN-5821	AMMONIUM	right
RXN-5821	HYDROGEN-PEROXIDE	right
RXN-10433	INDOLE_ACETATE_AUXIN	left
RXN-10433	TRP	left
RXN-10433	ATP	left
RXN-10433	PROTON	right
RXN-10433	CPD-11230	right
RXN-10433	AMP	right
RXN-10433	PPI	right
RXN66-221	PROTON	left
RXN66-221	L-DIHYDROXY-PHENYLALANINE	left
RXN66-221	DOPAMINE	right
RXN66-221	CARBON-DIOXIDE	right
RXN-8560	FARNESYL-PP	left
RXN-8560	CPD-8753	right
RXN-8560	PPI	right
RXN3O-4113	CPD3O-4151	left
RXN3O-4113	NAD	left
RXN3O-4113	PROTON	right
RXN3O-4113	HYDRPHENYLAC-CPD	right
RXN3O-4113	NADH	right
RXN-7660	PHYTYL-PYROPHOSPHATE	left
RXN-7660	NADP	left
RXN-7660	CPD-7003	right
RXN-7660	NADPH	right
RXN-7660	PROTON	right
RXN-8182	CPD-280	left
RXN-8182	NADP	left
RXN-8182	WATER	left
RXN-8182	GLUTARATE	right
RXN-8182	NADPH	right
RXN-8182	PROTON	right
RXN-14917	S-ADENOSYLMETHIONINE	left
RXN-14917	CPD-11712	left
RXN-14917	ADENOSYL-HOMO-CYS	right
RXN-14917	CPD-15834	right
RXN-14917	PROTON	right
3.1.3.56-RXN	WATER	left
3.1.3.56-RXN	INOSITOL-1-4-5-TRISPHOSPHATE	left
3.1.3.56-RXN	INOSITOL-1-4-BISPHOSPHATE	right
3.1.3.56-RXN	Pi	right
GALACTOKIN-RXN	ALPHA-D-GALACTOSE	left
GALACTOKIN-RXN	ATP	left
GALACTOKIN-RXN	PROTON	right
GALACTOKIN-RXN	GALACTOSE-1P	right
GALACTOKIN-RXN	ADP	right
GLUTAMATE-DEHYDROGENASE-NADP+-RXN	NAD-P-OR-NOP	left
GLUTAMATE-DEHYDROGENASE-NADP+-RXN	WATER	left
GLUTAMATE-DEHYDROGENASE-NADP+-RXN	GLT	left
GLUTAMATE-DEHYDROGENASE-NADP+-RXN	AMMONIUM	right
GLUTAMATE-DEHYDROGENASE-NADP+-RXN	NADH-P-OR-NOP	right
GLUTAMATE-DEHYDROGENASE-NADP+-RXN	2-KETOGLUTARATE	right
GLUTAMATE-DEHYDROGENASE-NADP+-RXN	PROTON	right
RXNQT-4180	MANNOSE	left
RXNQT-4180	ATP	left
RXNQT-4180	MANNOSE-6P	right
RXNQT-4180	ADP	right
RXN-13027	CPDQT-277	left
RXN-13027	OXYGEN-MOLECULE	left
RXN-13027	Red-NADPH-Hemoprotein-Reductases	left
RXN-13027	CPD-14036	right
RXN-13027	WATER	right
RXN-13027	Ox-NADPH-Hemoprotein-Reductases	right
RXN-13027	PROTON	right
RXN-13307	CPD-10279	left
RXN-13307	NADP	left
RXN-13307	CPD-14281	right
RXN-13307	NADPH	right
RXN-13307	PROTON	right
RXN-7626	P-COUMAROYL-COA	left
RXN-7626	CPD-2222	left
RXN-7626	CPD-6976	right
RXN-7626	CO-A	right
RXN-18670	PROPIONYL-COA	left
RXN-18670	ETOH	left
RXN-18670	CPD-19958	right
RXN-18670	CO-A	right
RXN-14505	L-THREONINE-O-3-PHOSPHATE	left
RXN-14505	WATER	left
RXN-14505	THR	right
RXN-14505	Pi	right
ALCOHOL-DEHYDROG-RXN	ETOH	left
ALCOHOL-DEHYDROG-RXN	NAD	left
ALCOHOL-DEHYDROG-RXN	ACETALD	right
ALCOHOL-DEHYDROG-RXN	NADH	right
ALCOHOL-DEHYDROG-RXN	PROTON	right
RXN-14523	CPD-15393	left
RXN-14523	WATER	left
RXN-14523	DEOXYURIDINE	right
RXN-14523	Pi	right
RXN-7673	CPD-7014	left
RXN-7673	GERANYLGERANYL-PP	left
RXN-7673	PROTON	left
RXN-7673	CPD-7013	right
RXN-7673	PPI	right
RXN-16120	CPD-17371	left
RXN-16120	CPD-17374	left
RXN-16120	CPD-12262	right
RXN-16120	CO-A	right
RXN-9247	CPD-8737	left
RXN-9247	CPD-9877	right
AROMATIC-L-AMINO-ACID-DECARBOXYLASE-RXN	PROTON	left
AROMATIC-L-AMINO-ACID-DECARBOXYLASE-RXN	TRP	left
AROMATIC-L-AMINO-ACID-DECARBOXYLASE-RXN	CARBON-DIOXIDE	right
AROMATIC-L-AMINO-ACID-DECARBOXYLASE-RXN	TRYPTAMINE	right
RXN-14325	ATP	left
RXN-14325	UTP	left
RXN-14325	AMMONIA	left
RXN-14325	ADP	right
RXN-14325	Pi	right
RXN-14325	CTP	right
RXN-14325	PROTON	right
RXN-11961	PROTON	left
RXN-11961	NADPH	left
RXN-11961	CPD-12929	left
RXN-11961	NADP	right
RXN-11961	5-ALPHA-CHOLESTA-724-DIEN-3-BETA-OL	right
RXNQT-4165	CPDQT-36	left
RXNQT-4165	NAD	left
RXNQT-4165	CPDQT-27	right
RXNQT-4165	CARBON-DIOXIDE	right
RXNQT-4165	NADH	right
RXN-24188	5-METHOXYFURANOCOUMARIN	left
RXN-24188	OXYGEN-MOLECULE	left
RXN-24188	Red-NADPH-Hemoprotein-Reductases	left
RXN-24188	CPD-26732	right
RXN-24188	Ox-NADPH-Hemoprotein-Reductases	right
RXN-24188	WATER	right
RXN-8407	CPD-8225	left
RXN-8407	WATER	left
RXN-8407	PROTON	right
RXN-8407	CARBON-MONOXIDE	right
RXN-8407	CL-	right
RXN-8423	FARNESYL-PP	left
RXN-8423	CPD-8240	right
RXN-8423	PPI	right
RXN-11251	CPD-12205	left
RXN-11251	CPD-12202	right
RXN-14014	DELTA1-PIPERIDEINE-2-6-DICARBOXYLATE	left
RXN-14014	NAD-P-OR-NOP	left
RXN-14014	WATER	left
RXN-14014	CPD-14443	right
RXN-14014	NADH-P-OR-NOP	right
RXN-14014	PROTON	right
RXN1F-444	CPD-12575	left
RXN1F-444	CPD1F-420	left
RXN1F-444	PROTON	right
RXN1F-444	CPD1F-431	right
RXN1F-444	UDP	right
SARCOX-RXN	OXYGEN-MOLECULE	left
SARCOX-RXN	WATER	left
SARCOX-RXN	SARCOSINE	left
SARCOX-RXN	GLY	right
SARCOX-RXN	FORMALDEHYDE	right
SARCOX-RXN	HYDROGEN-PEROXIDE	right
RXN-13831	CPD-12575	left
RXN-13831	CPD-3421	left
RXN-13831	CPD-14848	right
RXN-13831	UDP	right
RXN-13831	PROTON	right
RXN-12876	ASCORBATE	left
RXN-12876	Cytochromes-C-Oxidized	left
RXN-12876	L-DEHYDRO-ASCORBATE	right
RXN-12876	Cytochromes-C-Reduced	right
RXN-12876	PROTON	right
RXN-12842	EPOXYSQUALENE	left
RXN-12842	CPD-13879	right
RXN-7796	CPD3DJ-82	left
RXN-7796	OXYGEN-MOLECULE	left
RXN-7796	FERROCYTOCHROME-B5	left
RXN-7796	PROTON	left
RXN-7796	Alpha-hydroxydihydroceramides	right
RXN-7796	FERRICYTOCHROME-B5	right
RXN-7796	WATER	right
RXN-13924	S-ADENOSYLMETHIONINE	left
RXN-13924	CPD-14944	left
RXN-13924	CPD-14945	right
RXN-13924	ADENOSYL-HOMO-CYS	right
RXN-13924	PROTON	right
RXN-13297	CPD-10279	left
RXN-13297	MALONYL-COA	left
RXN-13297	PROTON	left
RXN-13297	CPD-14273	right
RXN-13297	CARBON-DIOXIDE	right
RXN-13297	CO-A	right
RXN-8258	PSEUDOTROPINE	left
RXN-8258	CPD-8001	right
RXN-9516	Butanoyl-ACPs	left
RXN-9516	MALONYL-ACP	left
RXN-9516	PROTON	left
RXN-9516	3-oxo-hexanoyl-ACPs	right
RXN-9516	CARBON-DIOXIDE	right
RXN-9516	ACP	right
RXNQT-4371	CPDQT-459	left
RXNQT-4371	Acceptor	left
RXNQT-4371	PLASTOQUINONE-9	right
RXNQT-4371	Donor-H2	right
FORMYLTHFGLUSYNTH-RXN	FORMYL-THF-GLU-N	left
FORMYLTHFGLUSYNTH-RXN	GLT	left
FORMYLTHFGLUSYNTH-RXN	ATP	left
FORMYLTHFGLUSYNTH-RXN	FORMYL-THF-GLU-N	right
FORMYLTHFGLUSYNTH-RXN	ADP	right
FORMYLTHFGLUSYNTH-RXN	Pi	right
2.3.1.92-RXN	1-O-SINAPOYL-BETA-D-GLUCOSE	left
2.3.1.92-RXN	MAL	left
2.3.1.92-RXN	SINAPOYL-S-MALATE	right
2.3.1.92-RXN	Glucopyranose	right
HOMOCYSMETB12-RXN	HOMO-CYS	left
HOMOCYSMETB12-RXN	5-METHYL-THF-GLU-N	left
HOMOCYSMETB12-RXN	MET	right
HOMOCYSMETB12-RXN	THF-GLU-N	right
RXN-1143	S-ADENOSYLMETHIONINE	left
RXN-1143	5-HYDROXY-CONIFERALDEHYDE	left
RXN-1143	PROTON	right
RXN-1143	ADENOSYL-HOMO-CYS	right
RXN-1143	SINAPALDEHYDE	right
ORNDECARBOX-RXN	PROTON	left
ORNDECARBOX-RXN	L-ORNITHINE	left
ORNDECARBOX-RXN	CARBON-DIOXIDE	right
ORNDECARBOX-RXN	PUTRESCINE	right
RXN-13505	CPD-14498	left
RXN-13505	Red-NADPH-Hemoprotein-Reductases	left
RXN-13505	OXYGEN-MOLECULE	left
RXN-13505	CPD-9459	right
RXN-13505	Ox-NADPH-Hemoprotein-Reductases	right
RXN-13505	WATER	right
RXN-13505	PROTON	right
ARGININE-DEIMINASE-RXN	WATER	left
ARGININE-DEIMINASE-RXN	ARG	left
ARGININE-DEIMINASE-RXN	AMMONIUM	right
ARGININE-DEIMINASE-RXN	L-CITRULLINE	right
RXN-16592	CPD-5164	left
RXN-16592	CPD-5164	right
RXN-6381	CPD-313	left
RXN-6381	WATER	left
RXN-6381	OXYGEN-MOLECULE	left
RXN-6381	CPD-6082	right
RXN-6381	AMMONIUM	right
RXN-6381	HYDROGEN-PEROXIDE	right
RXN-20961	CPD-22577	left
RXN-20961	Red-NADPH-Hemoprotein-Reductases	left
RXN-20961	OXYGEN-MOLECULE	left
RXN-20961	CPD-22580	right
RXN-20961	Ox-NADPH-Hemoprotein-Reductases	right
RXN-20961	WATER	right
LACCASE-RXN	Benzenediols	left
LACCASE-RXN	OXYGEN-MOLECULE	left
LACCASE-RXN	Benzosemiquinones	right
LACCASE-RXN	WATER	right
RXN18C3-50	CPD-12745	left
RXN18C3-50	WATER	left
RXN18C3-50	CPD-18878	right
RXN18C3-50	PPI	right
5-OXOPROLINASE-ATP-HYDROLYSING-RXN	5-OXOPROLINE	left
5-OXOPROLINASE-ATP-HYDROLYSING-RXN	WATER	left
5-OXOPROLINASE-ATP-HYDROLYSING-RXN	ATP	left
5-OXOPROLINASE-ATP-HYDROLYSING-RXN	PROTON	right
5-OXOPROLINASE-ATP-HYDROLYSING-RXN	GLT	right
5-OXOPROLINASE-ATP-HYDROLYSING-RXN	Pi	right
5-OXOPROLINASE-ATP-HYDROLYSING-RXN	ADP	right
RXN-6201	PROTON	left
RXN-6201	CPD-5821	left
RXN-6201	S-ALLANTOIN	right
RXN-6201	CARBON-DIOXIDE	right
RXN-11253	CPD-12207	left
RXN-11253	Donor-H2	left
RXN-11253	CPD-12205	right
RXN-11253	WATER	right
RXN-11253	Acceptor	right
BRANCHED-CHAINAMINOTRANSFERLEU-RXN	LEU	left
BRANCHED-CHAINAMINOTRANSFERLEU-RXN	2-KETOGLUTARATE	left
BRANCHED-CHAINAMINOTRANSFERLEU-RXN	GLT	right
BRANCHED-CHAINAMINOTRANSFERLEU-RXN	2K-4CH3-PENTANOATE	right
RXN-15815	Cytochromes-C-Oxidized	left
RXN-15815	E-	left
RXN-15815	Cytochromes-C-Reduced	right
RXN-10884	P-AMINO-BENZOATE	left
RXN-10884	GLT	left
RXN-10884	ATP	left
RXN-10884	PROTON	right
RXN-10884	CPD0-889	right
RXN-10884	AMP	right
RXN-10884	PPI	right
RXN-9278	NONAPRENYL-4-HYDROXYBENZOATE	left
RXN-9278	OXYGEN-MOLECULE	left
RXN-9278	NADPH	left
RXN-9278	PROTON	left
RXN-9278	CPD-9896	right
RXN-9278	WATER	right
RXN-9278	NADP	right
ORNITHINE-GLU-AMINOTRANSFORASE-RXN	L-ORNITHINE	left
ORNITHINE-GLU-AMINOTRANSFORASE-RXN	2-KETOGLUTARATE	left
ORNITHINE-GLU-AMINOTRANSFORASE-RXN	GLT	right
ORNITHINE-GLU-AMINOTRANSFORASE-RXN	L-GLUTAMATE_GAMMA-SEMIALDEHYDE	right
RXNQT-4391	GLYCEROL-3P	left
RXNQT-4391	Oleoyl-ACPs	left
RXNQT-4391	ACP	right
RXNQT-4391	L-1-LYSOPHOSPHATIDATE	right
CYSTAGLY-RXN	L-CYSTATHIONINE	left
CYSTAGLY-RXN	WATER	left
CYSTAGLY-RXN	AMMONIUM	right
CYSTAGLY-RXN	2-OXOBUTANOATE	right
CYSTAGLY-RXN	CYS	right
ASPCARBTRANS-RXN	L-ASPARTATE	left
ASPCARBTRANS-RXN	CARBAMOYL-P	left
ASPCARBTRANS-RXN	PROTON	right
ASPCARBTRANS-RXN	CARBAMYUL-L-ASPARTATE	right
ASPCARBTRANS-RXN	Pi	right
RXN-8186	CPD-7851	left
RXN-8186	Reduced-ferredoxins	left
RXN-8186	OXYGEN-MOLECULE	left
RXN-8186	PROTON	left
RXN-8186	CPD-7849	right
RXN-8186	Oxidized-ferredoxins	right
RXN-8186	WATER	right
RXN-11238	CINNAMOYL-COA	left
RXN-11238	P-COUMAROYL-COA	right
HOLO-ACP-SYNTH-RXN	All-apo-ACPs	left
HOLO-ACP-SYNTH-RXN	CO-A	left
HOLO-ACP-SYNTH-RXN	3-5-ADP	right
HOLO-ACP-SYNTH-RXN	All-holo-ACPs	right
HOLO-ACP-SYNTH-RXN	PROTON	right
RXN-3102	CPD-8633	left
RXN-3102	OXYGEN-MOLECULE	left
RXN-3102	CPD-8634	right
RXN-3102	WATER	right
2.3.1.131-RXN	D-GLUCARATE	left
2.3.1.131-RXN	SINAPOYL-COA	left
2.3.1.131-RXN	O-SINAPOYLGLUCARATE	right
2.3.1.131-RXN	CO-A	right
RXN-4242	CPD-707	left
RXN-4242	NADP	left
RXN-4242	PROTON	right
RXN-4242	CPD-8135	right
RXN-4242	NADPH	right
2.6.1.49-RXN	L-DIHYDROXY-PHENYLALANINE	left
2.6.1.49-RXN	2-KETOGLUTARATE	left
2.6.1.49-RXN	GLT	right
2.6.1.49-RXN	34-DIHYDROXYPHENYLPYRUVATE	right
ACETOACETATE-DECARBOXYLASE-RXN	3-KETOBUTYRATE	left
ACETOACETATE-DECARBOXYLASE-RXN	PROTON	left
ACETOACETATE-DECARBOXYLASE-RXN	ACETONE	right
ACETOACETATE-DECARBOXYLASE-RXN	CARBON-DIOXIDE	right
RXN-19732	CPD-21344	left
RXN-19732	WATER	left
RXN-19732	CPD-21345	right
RXN-19732	GLT	right
RXN-11534	CPD-717	left
RXN-11534	NADP	left
RXN-11534	CPD-12496	right
RXN-11534	NADPH	right
RXN-11534	PROTON	right
2.4.1.111-RXN	CPD-12575	left
2.4.1.111-RXN	CONIFERYL-ALCOHOL	left
2.4.1.111-RXN	PROTON	right
2.4.1.111-RXN	CPD-1777	right
2.4.1.111-RXN	UDP	right
RXN-18351	CPD-19724	left
RXN-18351	Dihydroflavonols	right
RXNQT-4335	CPDQT-286	left
RXNQT-4335	OXYGEN-MOLECULE	left
RXNQT-4335	NADPH	left
RXNQT-4335	PROTON	left
RXNQT-4335	CPDQT-284	right
RXNQT-4335	WATER	right
RXNQT-4335	NADP	right
GLUCURONOKINASE-RXN	D-Glucopyranuronate	left
GLUCURONOKINASE-RXN	ATP	left
GLUCURONOKINASE-RXN	PROTON	right
GLUCURONOKINASE-RXN	CPD-510	right
GLUCURONOKINASE-RXN	ADP	right
RXN-15490	Light	right
3.5.5.1-RXN	Nitriles	left
3.5.5.1-RXN	WATER	left
3.5.5.1-RXN	Carboxylates	right
3.5.5.1-RXN	AMMONIUM	right
RXN-12138	LINOLENIC_ACID	left
RXN-12138	OXYGEN-MOLECULE	left
RXN-12138	Red-NADPH-Hemoprotein-Reductases	left
RXN-12138	CPD-13090	right
RXN-12138	Ox-NADPH-Hemoprotein-Reductases	right
RXN-12138	WATER	right
RXN-9013	CPD-12575	left
RXN-9013	CPD-9474	left
RXN-9013	CPD-9475	right
RXN-9013	UDP	right
MANDELONITRILE-LYASE-RXN	CPD-12702	left
MANDELONITRILE-LYASE-RXN	HCN	right
MANDELONITRILE-LYASE-RXN	BENZALDEHYDE	right
RXN-11536	CPD-715	left
RXN-11536	OXYGEN-MOLECULE	left
RXN-11536	Red-NADPH-Hemoprotein-Reductases	left
RXN-11536	CPD-17421	right
RXN-11536	WATER	right
RXN-11536	Ox-NADPH-Hemoprotein-Reductases	right
RXN-14444	PELARGONIDIN-3-GLUCOSIDE-CMPD	left
RXN-14444	CPD-15286	left
RXN-14444	CPD-15287	right
RXN-14444	Glucopyranose	right
RXN-19546	CPD-21113	left
RXN-19546	CPD-21114	right
RXN-19546	2-AMINOACRYLATE	right
RXN-12729	CPD-13717	left
RXN-12729	WATER	left
RXN-12729	AMMONIUM	right
RXN-12729	PYRUVATE	right
RXN-12729	SELENOHOMOCYSTEINE	right
RXNQT-4394	CPDQT-516	left
RXNQT-4394	GLYCEROL-3P	left
RXNQT-4394	CMP	right
RXNQT-4394	CPDQT-521	right
RXNQT-4394	PROTON	right
ARYL-ALCOHOL-DEHYDROGENASE-NADP+-RXN	Aromatic-Primary-Alcohols	left
ARYL-ALCOHOL-DEHYDROGENASE-NADP+-RXN	NADP	left
ARYL-ALCOHOL-DEHYDROGENASE-NADP+-RXN	Aryl-Aldehyde	right
ARYL-ALCOHOL-DEHYDROGENASE-NADP+-RXN	NADPH	right
ARYL-ALCOHOL-DEHYDROGENASE-NADP+-RXN	PROTON	right
RXN-12386	PHOSPHATIDYLCHOLINE	left
RXN-12386	DIACYLGLYCEROL	left
RXN-12386	DIACYLGLYCEROL	right
RXN-12386	PHOSPHATIDYLCHOLINE	right
RXN-7629	CPD-6979	left
RXN-7629	Red-NADPH-Hemoprotein-Reductases	left
RXN-7629	OXYGEN-MOLECULE	left
RXN-7629	CPD-6981	right
RXN-7629	Ox-NADPH-Hemoprotein-Reductases	right
RXN-7629	WATER	right
TROPINONE-REDUCTASE-RXN	NADP	left
TROPINONE-REDUCTASE-RXN	PSEUDOTROPINE	left
TROPINONE-REDUCTASE-RXN	PROTON	right
TROPINONE-REDUCTASE-RXN	NADPH	right
TROPINONE-REDUCTASE-RXN	TROPINONE	right
RXN-7663	PROTON	left
RXN-7663	CHLOROPHYLLIDE-A	left
RXN-7663	GERANYLGERANYL-PP	left
RXN-7663	CPD-7005	right
RXN-7663	PPI	right
RXN-14512	CPD-13025	left
RXN-14512	WATER	left
RXN-14512	GUANOSINE	right
RXN-14512	Pi	right
RXN0-5185	CPD-2961	left
RXN0-5185	WATER	left
RXN0-5185	GLUCONATE	right
RXN0-5185	Pi	right
RXN-5284	131-OXO-MAGNESIUM-PROTOPORPHYRIN-IX-13-M	left
RXN-5284	OXYGEN-MOLECULE	left
RXN-5284	NADPH	left
RXN-5284	DIVINYL-PROTOCHLOROPHYLLIDE-A	right
RXN-5284	NADP	right
RXN-5284	WATER	right
RXN-11042	CPD-23339	left
RXN-11042	Acceptor	left
RXN-11042	CPD-12006	right
RXN-11042	Donor-H2	right
SHIKIMATE-5-DEHYDROGENASE-RXN	SHIKIMATE	left
SHIKIMATE-5-DEHYDROGENASE-RXN	NADP	left
SHIKIMATE-5-DEHYDROGENASE-RXN	PROTON	right
SHIKIMATE-5-DEHYDROGENASE-RXN	3-DEHYDRO-SHIKIMATE	right
SHIKIMATE-5-DEHYDROGENASE-RXN	NADPH	right
RXN-10733	MALONYL-COA	left
RXN-10733	PROTON	left
RXN-10733	CPD-11554	right
RXN-10733	CO-A	right
RXN-10733	CARBON-DIOXIDE	right
RXN-10733	WATER	right
RXN-8352	CPD-8134	left
RXN-8352	Red-NADPH-Hemoprotein-Reductases	left
RXN-8352	OXYGEN-MOLECULE	left
RXN-8352	CPD-4161	right
RXN-8352	Ox-NADPH-Hemoprotein-Reductases	right
RXN-8352	WATER	right
RXN-8497	LINOLENIC_ACID	left
RXN-8497	OXYGEN-MOLECULE	left
RXN-8497	CPD-8678	right
RXN-10710	CPD-94	left
RXN-10710	NADP	left
RXN-10710	CPD-11530	right
RXN-10710	NADPH	right
RXN-10710	PROTON	right
RXN-15125	SER	left
RXN-15125	2-AMINOACRYLATE	right
RXN-15125	WATER	right
1.1.1.288-RXN	CPD-7279	left
1.1.1.288-RXN	NAD	left
1.1.1.288-RXN	CPD-692	right
1.1.1.288-RXN	NADH	right
1.1.1.288-RXN	PROTON	right
RXN-14473	Nucleoside-Monophosphates	left
RXN-14473	WATER	left
RXN-14473	Nucleosides	right
RXN-14473	Pi	right
PHOSPHOGLYCERATE-PHOSPHATASE-RXN	WATER	left
PHOSPHOGLYCERATE-PHOSPHATASE-RXN	2-PG	left
PHOSPHOGLYCERATE-PHOSPHATASE-RXN	GLYCERATE	right
PHOSPHOGLYCERATE-PHOSPHATASE-RXN	Pi	right
RXN-10130	QUERCETIN-34-BISSULFATE	left
RXN-10130	PAPS	left
RXN-10130	3-5-ADP	right
RXN-10130	CPD-10893	right
RXN1F-170	CPD1F-140	left
RXN1F-170	2-KETOGLUTARATE	left
RXN1F-170	OXYGEN-MOLECULE	left
RXN1F-170	CPD1F-139	right
RXN1F-170	SUC	right
RXN1F-170	CARBON-DIOXIDE	right
RXN-12296	CPD-13222	left
RXN-12296	NADPH	left
RXN-12296	PROTON	left
RXN-12296	CPD-13223	right
RXN-12296	NADP	right
RXN-15468	Oxidized-ferredoxins	left
RXN-15468	E-	left
RXN-15468	Reduced-ferredoxins	right
RXN-14109	CPD-14553	left
RXN-14109	CPD-520	left
RXN-14109	CPD-13509	right
RXN-14109	UDP	right
RXN-14109	PROTON	right
3.6.3.3-RXN	ATP	left
3.6.3.3-RXN	WATER	left
3.6.3.3-RXN	CD+2	left
3.6.3.3-RXN	PROTON	right
3.6.3.3-RXN	Pi	right
3.6.3.3-RXN	ADP	right
3.6.3.3-RXN	CD+2	right
RXN-8885	CPD-9240	left
RXN-8885	EPOXYSQUALENE	right
RXN-8885	WATER	right
RXN-13974	UDP-D-XYLOSE	left
RXN-13974	CPD-14998	left
RXN-13974	PROTON	right
RXN-13974	UDP	right
RXN-13974	CPD-15012	right
RXN-2206	HOMOMETHIONINE	left
RXN-2206	OXYGEN-MOLECULE	left
RXN-2206	Red-NADPH-Hemoprotein-Reductases	left
RXN-2206	3-METHYLTHIOPROPANALDOXIME	right
RXN-2206	CARBON-DIOXIDE	right
RXN-2206	WATER	right
RXN-2206	Ox-NADPH-Hemoprotein-Reductases	right
RXN66-304	CPD-4568	left
RXN66-304	Red-NADPH-Hemoprotein-Reductases	left
RXN66-304	OXYGEN-MOLECULE	left
RXN66-304	CPD-4573	right
RXN66-304	Ox-NADPH-Hemoprotein-Reductases	right
RXN66-304	WATER	right
RXN-13692	CPD-14732	left
RXN-13692	WATER	left
RXN-13692	Linalools	right
RXN-13692	6-O-BETA-D-XYLOPYRANOSYL	right
RXN-4465	OMEGA-HYDROXY-FATTY-ACID	left
RXN-4465	OXYGEN-MOLECULE	left
RXN-4465	OMEGA-ALDEHYDE-FATTY-ACID	right
RXN-4465	HYDROGEN-PEROXIDE	right
RXN-7835	Trans-3-enoyl-CoAs	left
RXN-7835	NADP	left
RXN-7835	2-trans-4-cis-dienoyl-CoAs	right
RXN-7835	NADPH	right
RXN-7835	PROTON	right
RXN-4264	CPD-707	left
RXN-4264	NAD-P-OR-NOP	left
RXN-4264	CPD-698	right
RXN-4264	NADH-P-OR-NOP	right
RXN-12980	GERANYL-PP	left
RXN-12980	WATER	left
RXN-12980	CPD-4261	right
RXN-12980	PPI	right
2.7.9.3-RXN	WATER	left
2.7.9.3-RXN	SE-2	left
2.7.9.3-RXN	ATP	left
2.7.9.3-RXN	SEPO3	right
2.7.9.3-RXN	Pi	right
2.7.9.3-RXN	AMP	right
RXN-16156	CPD-15367	left
RXN-16156	NADP	left
RXN-16156	CPD-17403	right
RXN-16156	NADPH	right
RXN-16156	PROTON	right
RXN-8698	S-TETRAHYDROCOLUMBAMINE	left
RXN-8698	OXYGEN-MOLECULE	left
RXN-8698	PROTON	left
RXN-8698	COLUMBAMINE	right
RXN-8698	HYDROGEN-PEROXIDE	right
RXN-8193	CPD-7853	left
RXN-8193	Acceptor	left
RXN-8193	CPD-7854	right
RXN-8193	Donor-H2	right
RXN-9631	CPD-10263	left
RXN-9631	OXYGEN-MOLECULE	left
RXN-9631	Red-NADPH-Hemoprotein-Reductases	left
RXN-9631	CPD-21322	right
RXN-9631	Ox-NADPH-Hemoprotein-Reductases	right
RXN-9631	WATER	right
RXN-9638	CPD-10271	left
RXN-9638	Red-NADPH-Hemoprotein-Reductases	left
RXN-9638	OXYGEN-MOLECULE	left
RXN-9638	CPD-10272	right
RXN-9638	Ox-NADPH-Hemoprotein-Reductases	right
RXN-9638	WATER	right
RXN-14334	CPD-13368	left
RXN-14334	OXYGEN-MOLECULE	left
RXN-14334	CPD-7204	right
RXN-14334	CPD-7202	right
RXN-8939	FARNESYL-PP	left
RXN-8939	CPD-9370	right
RXN-8939	PPI	right
LIPIDXSYNTHESIS-RXN	WATER	left
LIPIDXSYNTHESIS-RXN	OH-MYRISTOYL	left
LIPIDXSYNTHESIS-RXN	PROTON	right
LIPIDXSYNTHESIS-RXN	BISOHMYR-GLUCOSAMINYL-1P	right
LIPIDXSYNTHESIS-RXN	UMP	right
RXNQT-4397	CPD-697	left
RXNQT-4397	CPD-12575	left
RXNQT-4397	CPDQT-523	right
RXNQT-4397	UDP	right
RXNQT-4397	PROTON	right
RXN-13416	N-4-aminobutylidene-enzyme-lysine	left
RXN-13416	EIF5A-LYSINE	left
RXN-13416	N-4-aminobutylidene-eIF5A-lysine	right
RXN-13416	Deoxyhypusine-Synthase-Lysine	right
RXN-13416	PROTON	right
NICOTINATE-GLUCOSYLTRANSFERASE-RXN	CPD-12575	left
NICOTINATE-GLUCOSYLTRANSFERASE-RXN	NIACINE	left
NICOTINATE-GLUCOSYLTRANSFERASE-RXN	CPD-446	right
NICOTINATE-GLUCOSYLTRANSFERASE-RXN	UDP	right
4.2.1.59-RXN	3-Hydroxy-octanoyl-ACPs	left
4.2.1.59-RXN	2-Octenoyl-ACPs	right
4.2.1.59-RXN	WATER	right
L-ASCORBATE-PEROXIDASE-RXN	PROTON	left
L-ASCORBATE-PEROXIDASE-RXN	HYDROGEN-PEROXIDE	left
L-ASCORBATE-PEROXIDASE-RXN	ASCORBATE	left
L-ASCORBATE-PEROXIDASE-RXN	WATER	right
L-ASCORBATE-PEROXIDASE-RXN	L-DEHYDRO-ASCORBATE	right
RXN-6425	CPD-6123	left
RXN-6425	PROTON	right
RXN-6425	CPD-6122	right
RXN-5763	S-ADENOSYLMETHIONINE	left
RXN-5763	CPD-5602	left
RXN-5763	PROTON	right
RXN-5763	CHOLINE	right
RXN-5763	ADENOSYL-HOMO-CYS	right
RXN-3742	Folatepolyglutamate-n	left
RXN-3742	GLT	left
RXN-3742	ATP	left
RXN-3742	Folatepolyglutamate-n	right
RXN-3742	Pi	right
RXN-3742	ADP	right
RXN-12295	CPD-13218	left
RXN-12295	NADPH	left
RXN-12295	PROTON	left
RXN-12295	CPD-13220	right
RXN-12295	NADP	right
TRANS-RXN4LZ-7041	UREA	left
TRANS-RXN4LZ-7041	UREA	right
RXN-4228	CPD-712	left
RXN-4228	OXYGEN-MOLECULE	left
RXN-4228	Red-NADPH-Hemoprotein-Reductases	left
RXN-4228	CPD-3946	right
RXN-4228	WATER	right
RXN-4228	Ox-NADPH-Hemoprotein-Reductases	right
GUANOSINE-DIPHOSPHATASE-RXN	GDP	left
GUANOSINE-DIPHOSPHATASE-RXN	WATER	left
GUANOSINE-DIPHOSPHATASE-RXN	PROTON	right
GUANOSINE-DIPHOSPHATASE-RXN	GMP	right
GUANOSINE-DIPHOSPHATASE-RXN	Pi	right
AICARTRANSFORM-RXN	FORMYL-THF-GLU-N	left
AICARTRANSFORM-RXN	AICAR	left
AICARTRANSFORM-RXN	THF-GLU-N	right
AICARTRANSFORM-RXN	PHOSPHORIBOSYL-FORMAMIDO-CARBOXAMIDE	right
L-ASPARTATE-OXID-RXN	OXYGEN-MOLECULE	left
L-ASPARTATE-OXID-RXN	L-ASPARTATE	left
L-ASPARTATE-OXID-RXN	PROTON	right
L-ASPARTATE-OXID-RXN	IMINOASPARTATE	right
L-ASPARTATE-OXID-RXN	HYDROGEN-PEROXIDE	right
RXN-18789	FARNESYL-PP	left
RXN-18789	CPD-8797	right
RXN-18789	PPI	right
RXNQT-4392	CPDQT-518	left
RXNQT-4392	GLYCEROL-3P	left
RXNQT-4392	CMP	right
RXNQT-4392	PROTON	right
RXNQT-4392	CPDQT-520	right
RXN-9548	Stearoyl-ACPs	left
RXN-9548	WATER	left
RXN-9548	STEARIC_ACID	right
RXN-9548	ACP	right
RXN-9548	PROTON	right
2-HEXADECENAL-REDUCTASE-RXN	PALMITALDEHYDE	left
2-HEXADECENAL-REDUCTASE-RXN	NADP	left
2-HEXADECENAL-REDUCTASE-RXN	CPD-292	right
2-HEXADECENAL-REDUCTASE-RXN	NADPH	right
2-HEXADECENAL-REDUCTASE-RXN	PROTON	right
RXN-8424	FARNESYL-PP	left
RXN-8424	CPD-8241	right
RXN-8424	PPI	right
RXN-12969	CPD-14405	left
RXN-12969	CPD-14406	right
RXN-12969	WATER	right
RXN-4144	CPD-4081	left
RXN-4144	NADP	left
RXN-4144	ALPHA-METHYL-5-ALPHA-ERGOSTA	right
RXN-4144	NADPH	right
RXN-4144	PROTON	right
RIBULOSE-BISPHOSPHATE-CARBOXYLASE-RXN	G3P	left
RIBULOSE-BISPHOSPHATE-CARBOXYLASE-RXN	PROTON	left
RIBULOSE-BISPHOSPHATE-CARBOXYLASE-RXN	D-RIBULOSE-15-P2	right
RIBULOSE-BISPHOSPHATE-CARBOXYLASE-RXN	CARBON-DIOXIDE	right
RIBULOSE-BISPHOSPHATE-CARBOXYLASE-RXN	WATER	right
SELENOCYSTEINE-LYASE-RXN	Donor-H2	left
SELENOCYSTEINE-LYASE-RXN	L-SELENOCYSTEINE	left
SELENOCYSTEINE-LYASE-RXN	L-ALPHA-ALANINE	right
SELENOCYSTEINE-LYASE-RXN	SE-2	right
SELENOCYSTEINE-LYASE-RXN	Acceptor	right
SELENOCYSTEINE-LYASE-RXN	PROTON	right
UDP-GLUCOSE-46-DEHYDRATASE-RXN	CPD-12575	left
UDP-GLUCOSE-46-DEHYDRATASE-RXN	WATER	right
UDP-GLUCOSE-46-DEHYDRATASE-RXN	CPD-663	right
RXN-11250	CPD-12204	left
RXN-11250	CPD-12201	right
RXN-8540	FARNESYL-PP	left
RXN-8540	CPD-8701	right
RXN-8540	PPI	right
RXN-18881	CPD-20241	left
RXN-18881	Red-NADPH-Hemoprotein-Reductases	left
RXN-18881	OXYGEN-MOLECULE	left
RXN-18881	CPD-18103	right
RXN-18881	Ox-NADPH-Hemoprotein-Reductases	right
RXN-18881	WATER	right
RXN-18881	PROTON	right
RXN-13952	P-COUMAROYL-COA	left
RXN-13952	CPD-14976	left
RXN-13952	CPD-14982	right
RXN-13952	CO-A	right
RXN-7948	PHOSPHORYL-ETHANOLAMINE	left
RXN-7948	WATER	left
RXN-7948	ETHANOL-AMINE	right
RXN-7948	Pi	right
RXN-9289	CPD-8097	left
RXN-9289	Demethylated-methyl-acceptors	right
RXN-9289	CPD-9831	right
PRODISULFREDUCT-A-RXN	GLUTATHIONE	left
PRODISULFREDUCT-A-RXN	Ox-Glutaredoxins	left
PRODISULFREDUCT-A-RXN	OXIDIZED-GLUTATHIONE	right
PRODISULFREDUCT-A-RXN	Red-Glutaredoxins	right
RXN1F-160	CPD1F-136	left
RXN1F-160	Red-NADPH-Hemoprotein-Reductases	left
RXN1F-160	OXYGEN-MOLECULE	left
RXN1F-160	CPD1F-138	right
RXN1F-160	Ox-NADPH-Hemoprotein-Reductases	right
RXN1F-160	WATER	right
RXN-11223	CPD-12184	left
RXN-11223	P-COUMAROYL-COA	left
RXN-11223	WATER	left
RXN-11223	CPD-12188	right
RXN-11223	CO-A	right
RXN-11223	CARBON-DIOXIDE	right
ATP-CITRATE-PRO-S--LYASE-RXN	OXALACETIC_ACID	left
ATP-CITRATE-PRO-S--LYASE-RXN	ACETYL-COA	left
ATP-CITRATE-PRO-S--LYASE-RXN	Pi	left
ATP-CITRATE-PRO-S--LYASE-RXN	ADP	left
ATP-CITRATE-PRO-S--LYASE-RXN	CIT	right
ATP-CITRATE-PRO-S--LYASE-RXN	CO-A	right
ATP-CITRATE-PRO-S--LYASE-RXN	ATP	right
RXN-19841	CPD-13028	left
RXN-19841	INDOLEYL-CPD	right
RXN-19841	WATER	right
RXN-10879	PAPS	left
RXN-10879	CPD-11837	left
RXN-10879	3-5-ADP	right
RXN-10879	CPD-21811	right
RXN-10879	PROTON	right
ACETYLGLUTKIN-RXN	ACETYL-GLU	left
ACETYLGLUTKIN-RXN	ATP	left
ACETYLGLUTKIN-RXN	N-ACETYL-GLUTAMYL-P	right
ACETYLGLUTKIN-RXN	ADP	right
6PGLUCONOLACT-RXN	D-6-P-GLUCONO-DELTA-LACTONE	left
6PGLUCONOLACT-RXN	WATER	left
6PGLUCONOLACT-RXN	PROTON	right
6PGLUCONOLACT-RXN	CPD-2961	right
RXN-13843	S-ADENOSYLMETHIONINE	left
RXN-13843	CPD-14857	left
RXN-13843	CPD-14856	right
RXN-13843	ADENOSYL-HOMO-CYS	right
RXN-13843	PROTON	right
RXN-6724	BENZYL-ALCOHOL	left
RXN-6724	BENZOYLCOA	left
RXN-6724	CPD-6443	right
RXN-6724	CO-A	right
BRANCHED-CHAINAMINOTRANSFERVAL-RXN	VAL	left
BRANCHED-CHAINAMINOTRANSFERVAL-RXN	2-KETOGLUTARATE	left
BRANCHED-CHAINAMINOTRANSFERVAL-RXN	GLT	right
BRANCHED-CHAINAMINOTRANSFERVAL-RXN	2-KETO-ISOVALERATE	right
3-HYDROXY-KYNURENINASE-RXN	3-HYDROXY-L-KYNURENINE	left
3-HYDROXY-KYNURENINASE-RXN	WATER	left
3-HYDROXY-KYNURENINASE-RXN	PROTON	right
3-HYDROXY-KYNURENINASE-RXN	3-HYDROXY-ANTHRANILATE	right
3-HYDROXY-KYNURENINASE-RXN	L-ALPHA-ALANINE	right
ARGSUCCINLYA-RXN	L-ARGININO-SUCCINATE	left
ARGSUCCINLYA-RXN	ARG	right
ARGSUCCINLYA-RXN	FUM	right
RXN-8151	CPD-7713	left
RXN-8151	2-KETOGLUTARATE	left
RXN-8151	OXYGEN-MOLECULE	left
RXN-8151	MORPHINONE	right
RXN-8151	FORMALDEHYDE	right
RXN-8151	SUC	right
RXN-8151	CARBON-DIOXIDE	right
RXN-20408	CPD0-1942	left
RXN-20408	2-KETOGLUTARATE	left
RXN-20408	GLT	right
RXN-20408	2-OXOBUTANOATE	right
RXN-9462	CPD-14553	left
RXN-9462	Xyloglucans-Xylose	left
RXN-9462	Xyloglucans-Galactose-3	right
RXN-9462	UDP	right
DEOXYHYPUSINE-MONOOXYGENASE-RXN	CPD-9973	left
DEOXYHYPUSINE-MONOOXYGENASE-RXN	OXYGEN-MOLECULE	left
DEOXYHYPUSINE-MONOOXYGENASE-RXN	Donor-H2	left
DEOXYHYPUSINE-MONOOXYGENASE-RXN	EIF5A-HYPUSINE	right
DEOXYHYPUSINE-MONOOXYGENASE-RXN	WATER	right
DEOXYHYPUSINE-MONOOXYGENASE-RXN	Acceptor	right
RXN-9235	S-ADENOSYLMETHIONINE	left
RXN-9235	CPD-9869	left
RXN-9235	PROTON	right
RXN-9235	CPD-9871	right
RXN-9235	ADENOSYL-HOMO-CYS	right
1.10.2.2-RXN	Ubiquinols	left
1.10.2.2-RXN	Cytochromes-C-Oxidized	left
1.10.2.2-RXN	PROTON	left
1.10.2.2-RXN	Ubiquinones	right
1.10.2.2-RXN	Cytochromes-C-Reduced	right
1.10.2.2-RXN	PROTON	right
3.1.3.57-RXN	INOSITOL-1-4-BISPHOSPHATE	left
3.1.3.57-RXN	WATER	left
3.1.3.57-RXN	Pi	right
3.1.3.57-RXN	D-MYO-INOSITOL-4-PHOSPHATE	right
RXN-21166	CPD-22765	left
RXN-21166	OXYGEN-MOLECULE	left
RXN-21166	Red-NADPH-Hemoprotein-Reductases	left
RXN-21166	CPD-22766	right
RXN-21166	WATER	right
RXN-21166	Ox-NADPH-Hemoprotein-Reductases	right
RXN-14108	CPD-12575	left
RXN-14108	CPD-7260	left
RXN-14108	CPD-15105	right
RXN-14108	UDP	right
RXN-14108	PROTON	right
RXN-18965	CPD-17652	left
RXN-18965	OXYGEN-MOLECULE	left
RXN-18965	Donor-H2	left
RXN-18965	CPD-20425	right
RXN-18965	WATER	right
RXN-18965	Acceptor	right
PHENYLPYRUVATE-TAUTOMERASE-RXN	PHENYL-PYRUVATE	left
PHENYLPYRUVATE-TAUTOMERASE-RXN	ENOL-PHENYLPYRUVATE	right
RXN-19640	CPD-13571	left
RXN-19640	CPD-21269	right
RXN66-317	CPD-4580	left
RXN66-317	FERROCYTOCHROME-B5	left
RXN66-317	OXYGEN-MOLECULE	left
RXN66-317	PROTON	left
RXN66-317	CPD-4702	right
RXN66-317	FERRICYTOCHROME-B5	right
RXN66-317	WATER	right
RXN-8859	CPD-9203	left
RXN-8859	BENZOYLCOA	left
RXN-8859	PROTON	right
RXN-8859	CPD-8718	right
RXN-8859	CO-A	right
RXN-11336	DODECANOATE	left
RXN-11336	Red-NADPH-Hemoprotein-Reductases	left
RXN-11336	OXYGEN-MOLECULE	left
RXN-11336	CPD-12282	right
RXN-11336	Ox-NADPH-Hemoprotein-Reductases	right
RXN-11336	WATER	right
RXN-9246	ISOEUGENOL	left
RXN-9246	ACET	left
RXN-9246	NADP	left
RXN-9246	CPD-9875	right
RXN-9246	NADPH	right
CINNAMYL-ALCOHOL-DEHYDROGENASE-RXN	CINNAMYL-ALC	left
CINNAMYL-ALCOHOL-DEHYDROGENASE-RXN	NADP	left
CINNAMYL-ALCOHOL-DEHYDROGENASE-RXN	CINNAMALDEHYDE	right
CINNAMYL-ALCOHOL-DEHYDROGENASE-RXN	NADPH	right
CINNAMYL-ALCOHOL-DEHYDROGENASE-RXN	PROTON	right
RXN-9528	Beta-hydroxydecanoyl-ACPs	left
RXN-9528	NADP	left
RXN-9528	3-oxo-decanoyl-ACPs	right
RXN-9528	NADPH	right
RXN-9528	PROTON	right
RXN-10711	CPD-10546	left
RXN-10711	WATER	left
RXN-10711	PROTON	right
RXN-10711	INDOLE_ACETATE_AUXIN	right
RXN-10711	METOH	right
S-ADENMETSYN-RXN	ATP	left
S-ADENMETSYN-RXN	MET	left
S-ADENMETSYN-RXN	WATER	left
S-ADENMETSYN-RXN	S-ADENOSYLMETHIONINE	right
S-ADENMETSYN-RXN	Pi	right
S-ADENMETSYN-RXN	PPI	right
RXN-8426	FARNESYL-PP	left
RXN-8426	CPD-8243	right
RXN-8426	PPI	right
RXN-18152	CPD-19463	left
RXN-18152	OXYGEN-MOLECULE	left
RXN-18152	NADPH	left
RXN-18152	PROTON	left
RXN-18152	CPD-19438	right
RXN-18152	WATER	right
RXN-18152	NADP	right
RXN-11552	CPD-12511	left
RXN-11552	CPD-12513	right
RXN-18341	PROTOHEME	left
RXN-18341	OXYGEN-MOLECULE	left
RXN-18341	Red-NADPH-Hemoprotein-Reductases	left
RXN-18341	CPD-19720	right
RXN-18341	WATER	right
RXN-18341	Ox-NADPH-Hemoprotein-Reductases	right
2-DEHYDROPANTOATE-REDUCT-RXN	L-PANTOATE	left
2-DEHYDROPANTOATE-REDUCT-RXN	NADP	left
2-DEHYDROPANTOATE-REDUCT-RXN	PROTON	right
2-DEHYDROPANTOATE-REDUCT-RXN	2-DEHYDROPANTOATE	right
2-DEHYDROPANTOATE-REDUCT-RXN	NADPH	right
RXN-22606	CYS	left
RXN-22606	FUM	left
RXN-22606	CPD8J2-27	right
RXNQT-4170	CPDQT-33	left
RXNQT-4170	CPDQT-38	right
ALDEHYDE-OXIDASE-RXN	OXYGEN-MOLECULE	left
ALDEHYDE-OXIDASE-RXN	WATER	left
ALDEHYDE-OXIDASE-RXN	Aldehydes	left
ALDEHYDE-OXIDASE-RXN	Carboxylates	right
ALDEHYDE-OXIDASE-RXN	HYDROGEN-PEROXIDE	right
ALDEHYDE-OXIDASE-RXN	PROTON	right
RXN-14205	WATER	left
RXN-14205	8-Oxo-dGTP	left
RXN-14205	CPD-12365	right
RXN-14205	Pi	right
RXN-14205	PROTON	right
RXN-11551	CPD-12506	left
RXN-11551	Demethylated-methyl-acceptors	left
RXN-11551	CPD-12507	right
RXN-11551	Methylated-methyl-acceptors	right
RXN-18137	CPD-19445	left
RXN-18137	Acceptor	left
RXN-18137	CPD-19435	right
RXN-18137	Donor-H2	right
RXN-14873	CPD-15800	left
RXN-14873	Acceptor	left
RXN-14873	CPD-15742	right
RXN-14873	Donor-H2	right
DTDPKIN-RXN	TDP	left
DTDPKIN-RXN	ATP	left
DTDPKIN-RXN	TTP	right
DTDPKIN-RXN	ADP	right
RXN-3422	S-ADENOSYLMETHIONINE	left
RXN-3422	5-HYDROXY-FERULIC-ACID	left
RXN-3422	PROTON	right
RXN-3422	SINAPATE	right
RXN-3422	ADENOSYL-HOMO-CYS	right
R601-RXN	Menaquinols	left
R601-RXN	FUM	left
R601-RXN	Menaquinones	right
R601-RXN	SUC	right
RXN-18205	CPD-19489	left
RXN-18205	PROTON	left
RXN-18205	CPDQT-29	right
RXN-18205	CARBON-DIOXIDE	right
2.4.1.194-RXN	CPD-12575	left
2.4.1.194-RXN	4-hydroxybenzoate	left
2.4.1.194-RXN	PROTON	right
2.4.1.194-RXN	CPD-453	right
2.4.1.194-RXN	UDP	right
2.7.9.5-RXN	ATP	left
2.7.9.5-RXN	Phospho-alpha-glucans	left
2.7.9.5-RXN	WATER	left
2.7.9.5-RXN	O-phospho-phospho-alpha-glucans	right
2.7.9.5-RXN	AMP	right
2.7.9.5-RXN	Pi	right
2.7.9.5-RXN	PROTON	right
RXN-10796	ACETYL-COA	left
RXN-10796	MALONYL-COA	left
RXN-10796	NADPH	left
RXN-10796	PROTON	left
RXN-10796	OXYGEN-MOLECULE	left
RXN-10796	CPD-11688	right
RXN-10796	CARBON-DIOXIDE	right
RXN-10796	CO-A	right
RXN-10796	NADP	right
RXN-10796	WATER	right
RXN-13493	CPD-13670	left
RXN-13493	Red-NADPH-Hemoprotein-Reductases	left
RXN-13493	OXYGEN-MOLECULE	left
RXN-13493	CPD-14485	right
RXN-13493	Ox-NADPH-Hemoprotein-Reductases	right
RXN-13493	WATER	right
RXN0-300	GLYCERATE	left
RXN0-300	NADP	left
RXN0-300	PROTON	right
RXN0-300	OH-PYR	right
RXN0-300	NADPH	right
RXN-11061	S-ADENOSYLMETHIONINE	left
RXN-11061	L-SELENOCYSTEINE	left
RXN-11061	CPD-12024	right
RXN-11061	ADENOSYL-HOMO-CYS	right
RXN-11061	PROTON	right
RXN-5762	S-ADENOSYLMETHIONINE	left
RXN-5762	CPD-5601	left
RXN-5762	PROTON	right
RXN-5762	CPD-5602	right
RXN-5762	ADENOSYL-HOMO-CYS	right
RXN-18968	CPD-20426	left
RXN-18968	OXYGEN-MOLECULE	left
RXN-18968	Donor-H2	left
RXN-18968	CPD-20427	right
RXN-18968	WATER	right
RXN-18968	Acceptor	right
RXN-8490	PROTON	left
RXN-8490	CPD-8672	left
RXN-8490	CPD-8653	right
RXN66-323	CHOLESTEROL	left
RXN66-323	NADP	left
RXN66-323	CPD-4187	right
RXN66-323	NADPH	right
RXN66-323	PROTON	right
4.1.1.80-RXN	PROTON	left
4.1.1.80-RXN	P-HYDROXY-PHENYLPYRUVATE	left
4.1.1.80-RXN	CARBON-DIOXIDE	right
4.1.1.80-RXN	HYDRPHENYLAC-CPD	right
RXN-14071	FERULIC-ACID	left
RXN-14071	2-KETOGLUTARATE	left
RXN-14071	OXYGEN-MOLECULE	left
RXN-14071	CPD-15073	right
RXN-14071	SUC	right
RXN-14071	CARBON-DIOXIDE	right
RXN-8252	CPD-7994	left
RXN-8252	CARBON-DIOXIDE	left
RXN-8252	CPD-7995	right
RXN-5841	NICOTINAMIDE_NUCLEOTIDE	left
RXN-5841	WATER	left
RXN-5841	NICOTINAMIDE_RIBOSE	right
RXN-5841	Pi	right
RXN-13017	CPDQT-340	left
RXN-13017	OXYGEN-MOLECULE	left
RXN-13017	Red-NADPH-Hemoprotein-Reductases	left
RXN-13017	CPD-14047	right
RXN-13017	WATER	right
RXN-13017	Ox-NADPH-Hemoprotein-Reductases	right
RXN-13017	PROTON	right
RXN1F-143	CPD1F-95	left
RXN1F-143	Red-NADPH-Hemoprotein-Reductases	left
RXN1F-143	OXYGEN-MOLECULE	left
RXN1F-143	CPD-695	right
RXN1F-143	Ox-NADPH-Hemoprotein-Reductases	right
RXN1F-143	WATER	right
RXNQT-4354	CPDQT-428	left
RXNQT-4354	CPDQT-423	right
RXN-13301	CPD-14278	left
RXN-13301	NADP	left
RXN-13301	CPD-14274	right
RXN-13301	NADPH	right
RXN-13301	PROTON	right
RXN-4282	CPD-4181	left
RXN-4282	NADP	left
RXN-4282	CYCLOARTENOL	right
RXN-4282	NADPH	right
RXN-4282	PROTON	right
DIACYLGLYKIN-RXN	ATP	left
DIACYLGLYKIN-RXN	DIACYLGLYCEROL	left
DIACYLGLYKIN-RXN	PROTON	right
DIACYLGLYKIN-RXN	L-PHOSPHATIDATE	right
DIACYLGLYKIN-RXN	ADP	right
--BORNEOL-DEHYDROGENASE-RXN	CPD-1908	left
--BORNEOL-DEHYDROGENASE-RXN	NAD	left
--BORNEOL-DEHYDROGENASE-RXN	S-CAMPHOR	right
--BORNEOL-DEHYDROGENASE-RXN	NADH	right
--BORNEOL-DEHYDROGENASE-RXN	PROTON	right
2.3.1.91-RXN	1-O-SINAPOYL-BETA-D-GLUCOSE	left
2.3.1.91-RXN	CHOLINE	left
2.3.1.91-RXN	O-SINAPOYLCHOLINE	right
2.3.1.91-RXN	Glucopyranose	right
CELLULOSE-SYNTHASE-UDP-FORMING-RXN	CPD-12575	left
CELLULOSE-SYNTHASE-UDP-FORMING-RXN	CELLULOSE	left
CELLULOSE-SYNTHASE-UDP-FORMING-RXN	CELLULOSE	right
CELLULOSE-SYNTHASE-UDP-FORMING-RXN	UDP	right
CARBON-MONOXIDE-DEHYDROGENASE-RXN	Acceptor	left
CARBON-MONOXIDE-DEHYDROGENASE-RXN	WATER	left
CARBON-MONOXIDE-DEHYDROGENASE-RXN	CARBON-MONOXIDE	left
CARBON-MONOXIDE-DEHYDROGENASE-RXN	Donor-H2	right
CARBON-MONOXIDE-DEHYDROGENASE-RXN	CARBON-DIOXIDE	right
RXN-6681	INDOLE	left
RXN-6681	OXYGEN-MOLECULE	left
RXN-6681	Red-NADPH-Hemoprotein-Reductases	left
RXN-6681	CPD-6361	right
RXN-6681	Ox-NADPH-Hemoprotein-Reductases	right
RXN-6681	WATER	right
RXN-7795	L-1-phosphatidyl-inositols	left
RXN-7795	CPD3DJ-82	left
RXN-7795	Inositolphosphoryl-Ceramides	right
RXN-7795	DIACYLGLYCEROL	right
RXN-11282	CPD-461	left
RXN-11282	CPD-4901	right
RXN-11282	PPI	right
RXN-19977	CPD-21550	left
RXN-19977	CPD-21549	right
PGLUCISOM-RXN	ALPHA-GLC-6-P	left
PGLUCISOM-RXN	FRUCTOSE-6P	right
RXN-9150	CPD-9675	left
RXN-9150	OXYGEN-MOLECULE	left
RXN-9150	NADPH	left
RXN-9150	OXALATE	right
RXN-9150	CL-	right
RXN-9150	NADP	right
RXN-9150	PROTON	right
FUC4NACTRANS-RXN	C55-PP-GLCNAC-MANNACA	left
FUC4NACTRANS-RXN	TDP-FUC4NAC	left
FUC4NACTRANS-RXN	PROTON	right
FUC4NACTRANS-RXN	C55-PP-GLCNAC-MANNACA-FUC4NAC	right
FUC4NACTRANS-RXN	TDP	right
RXN-22404	CPD-24395	left
RXN-22404	HS	left
RXN-22404	PROTON	left
RXN-22404	CPD-24398	right
RXN-22404	WATER	right
RXN-16407	CPD-17638	left
RXN-16407	MALONYL-COA	left
RXN-16407	PROTON	left
RXN-16407	CPD-17645	right
RXN-16407	CARBON-DIOXIDE	right
RXN-16407	CO-A	right
RXN-18735	CPD-261	left
RXN-18735	OXYGEN-MOLECULE	left
RXN-18735	Red-NADPH-Hemoprotein-Reductases	left
RXN-18735	CPD-20030	right
RXN-18735	WATER	right
RXN-18735	Ox-NADPH-Hemoprotein-Reductases	right
RXN-8969	CPD-9411	left
RXN-8969	Red-NADPH-Hemoprotein-Reductases	left
RXN-8969	OXYGEN-MOLECULE	left
RXN-8969	CPD-9412	right
RXN-8969	Ox-NADPH-Hemoprotein-Reductases	right
RXN-8969	WATER	right
GUANPRIBOSYLTRAN-RXN	GMP	left
GUANPRIBOSYLTRAN-RXN	PPI	left
GUANPRIBOSYLTRAN-RXN	GUANINE	right
GUANPRIBOSYLTRAN-RXN	PRPP	right
RXN0-3542	THIAMINE-PYROPHOSPHATE	left
RXN0-3542	WATER	left
RXN0-3542	PROTON	right
RXN0-3542	THIAMINE-P	right
RXN0-3542	Pi	right
RXN-13960	CPD-591	left
RXN-13960	CPD-14553	left
RXN-13960	CPD-14998	right
RXN-13960	UDP	right
RXN-10446	CPD-110	left
RXN-10446	OXYGEN-MOLECULE	left
RXN-10446	NADH	left
RXN-10446	PROTON	left
RXN-10446	CPD-633	right
RXN-10446	NAD	right
RXN-10446	WATER	right
GLYC3PDEHYDROGBIOSYN-RXN	GLYCEROL-3P	left
GLYC3PDEHYDROGBIOSYN-RXN	NAD-P-OR-NOP	left
GLYC3PDEHYDROGBIOSYN-RXN	DIHYDROXY-ACETONE-PHOSPHATE	right
GLYC3PDEHYDROGBIOSYN-RXN	NADH-P-OR-NOP	right
GLYC3PDEHYDROGBIOSYN-RXN	PROTON	right
RXN-9290	CPD-9905	left
RXN-9290	NAD-P-OR-NOP	left
RXN-9290	CPD-7092	right
RXN-9290	NADH-P-OR-NOP	right
RXN-9290	PROTON	right
3-HYDROXYISOBUTYRATE-DEHYDROGENASE-RXN	CPD-12175	left
3-HYDROXYISOBUTYRATE-DEHYDROGENASE-RXN	NAD	left
3-HYDROXYISOBUTYRATE-DEHYDROGENASE-RXN	PROTON	right
3-HYDROXYISOBUTYRATE-DEHYDROGENASE-RXN	NADH	right
3-HYDROXYISOBUTYRATE-DEHYDROGENASE-RXN	CH3-MALONATE-S-ALD	right
RXN-8275	INDOLE-CARBOXY-HYDRO-THIAZOLE	left
RXN-8275	Red-NADPH-Hemoprotein-Reductases	left
RXN-8275	OXYGEN-MOLECULE	left
RXN-8275	PROTON	left
RXN-8275	THIAZOL-YL-INDOLE	right
RXN-8275	CARBON-DIOXIDE	right
RXN-8275	WATER	right
RXN-8275	Ox-NADPH-Hemoprotein-Reductases	right
RXN-6884	Reduced-Ferroproteins	left
RXN-6884	OXYGEN-MOLECULE	left
RXN-6884	Oxidized-Ferroproteins	right
RXN-6884	WATER	right
RXN-8717	CPD-8947	left
RXN-8717	1-O-GALLOYL-BETA-D-GLUCOSE	left
RXN-8717	1236-TETRAKIS-O-GALLOYL-BETA-D-GLUCOS	right
RXN-8717	Glucopyranose	right
GLYOHMETRANS-RXN	SER	left
GLYOHMETRANS-RXN	THF-GLU-N	left
GLYOHMETRANS-RXN	GLY	right
GLYOHMETRANS-RXN	METHYLENE-THF-GLU-N	right
GLYOHMETRANS-RXN	WATER	right
ADCLY-RXN	4-AMINO-4-DEOXYCHORISMATE	left
ADCLY-RXN	PROTON	right
ADCLY-RXN	P-AMINO-BENZOATE	right
ADCLY-RXN	PYRUVATE	right
LANOSTEROL-SYNTHASE-RXN	EPOXYSQUALENE	left
LANOSTEROL-SYNTHASE-RXN	LANOSTEROL	right
RXN-9137	DELTA3-ISOPENTENYL-PP	left
RXN-9137	Rubbers	left
RXN-9137	Rubbers	right
RXN-9137	PPI	right
RXN-8368	CPD-8166	left
RXN-8368	OXYGEN-MOLECULE	left
RXN-8368	Reduced-ferredoxins	left
RXN-8368	PROTON	left
RXN-8368	CPD-8168	right
RXN-8368	WATER	right
RXN-8368	Oxidized-ferredoxins	right
CASBENE-SYNTHASE-RXN	GERANYLGERANYL-PP	left
CASBENE-SYNTHASE-RXN	PPI	right
CASBENE-SYNTHASE-RXN	CPD-684	right
UDPKIN-RXN	UDP	left
UDPKIN-RXN	ATP	left
UDPKIN-RXN	UTP	right
UDPKIN-RXN	ADP	right
RXN-14979	CPD-12575	left
RXN-14979	CPD-15447	left
RXN-14979	CPD-15448	right
RXN-14979	UDP	right
RXN-14979	PROTON	right
RXN-9260	COUMARATE	left
RXN-9260	CPD-9800	right
TRANS-OCTAPRENYLTRANSTRANSFERASE-RXN	GERANYL-PP	left
TRANS-OCTAPRENYLTRANSTRANSFERASE-RXN	DELTA3-ISOPENTENYL-PP	left
TRANS-OCTAPRENYLTRANSTRANSFERASE-RXN	CPD-21340	right
TRANS-OCTAPRENYLTRANSTRANSFERASE-RXN	PPI	right
RXN-12965	CPD-14010	left
RXN-12965	CPD-8186	right
RXN-12965	CO-A	right
RXN-11440	CPD-12397	left
RXN-11440	WATER	left
RXN-11440	CPDQT-412	right
RXN-11440	CPD-12607	right
RXNQT-4343	CPDQT-273	left
RXNQT-4343	OXYGEN-MOLECULE	left
RXNQT-4343	Donor-H2	left
RXNQT-4343	CPDQT-421	right
RXNQT-4343	WATER	right
RXNQT-4343	Acceptor	right
RXN-13453	DAPHNIN	left
RXN-13453	WATER	left
RXN-13453	CPD-14427	right
RXN-13453	Glucopyranose	right
RXN-22828	CPD-723	left
RXN-22828	OXYGEN-MOLECULE	left
RXN-22828	Red-NADPH-Hemoprotein-Reductases	left
RXN-22828	CPD-634	right
RXN-22828	WATER	right
RXN-22828	Ox-NADPH-Hemoprotein-Reductases	right
RXN-19637	CPD-21266	left
RXN-19637	OXYGEN-MOLECULE	left
RXN-19637	Red-NADPH-Hemoprotein-Reductases	left
RXN-19637	CPD-21267	right
RXN-19637	WATER	right
RXN-19637	Ox-NADPH-Hemoprotein-Reductases	right
2.1.1.103-RXN	S-ADENOSYLMETHIONINE	left
2.1.1.103-RXN	PHOSPHORYL-ETHANOLAMINE	left
2.1.1.103-RXN	PROTON	right
2.1.1.103-RXN	ADENOSYL-HOMO-CYS	right
2.1.1.103-RXN	CPD-406	right
RXN-8705	CPD-8922	left
RXN-8705	OXYGEN-MOLECULE	left
RXN-8705	CPD-8928	right
RXN-11584	S-ADENOSYLMETHIONINE	left
RXN-11584	CPD-12572	left
RXN-11584	PROTON	right
RXN-11584	ADENOSYL-HOMO-CYS	right
RXN-11584	CPD-12573	right
3.1.3.62-RXN	CPD-506	left
3.1.3.62-RXN	WATER	left
3.1.3.62-RXN	INOSITOL-1-4-5-TRISPHOSPHATE	right
3.1.3.62-RXN	Pi	right
RXN-1725	CPD-2183	left
RXN-1725	OXYGEN-MOLECULE	left
RXN-1725	Reduced-ferredoxins	left
RXN-1725	PROTON	left
RXN-1725	CPD-2184	right
RXN-1725	WATER	right
RXN-1725	Oxidized-ferredoxins	right
RXN-12132	CPD-13085	left
RXN-12132	CPD-183	right
RXN-18972	CPD-20429	left
RXN-18972	CPD-7849	right
RXN-18972	WATER	right
RXN-4662	CPD-4441	left
RXN-4662	WATER	left
RXN-4662	FAD	left
RXN-4662	PROTON	left
RXN-4662	CPD-4482	right
RXN-4662	ADENINE	right
RXN-4662	FADH2	right
RXN-4729	CPD-12575	left
RXN-4729	CPD-4604	left
RXN-4729	PROTON	right
RXN-4729	CPD-4607	right
RXN-4729	UDP	right
RXN-18446	ATP	left
RXN-18446	ISOVALERATE	left
RXN-18446	CO-A	left
RXN-18446	PPI	right
RXN-18446	AMP	right
RXN-18446	ISOVALERYL-COA	right
2.4.1.101-RXN	UDP-N-ACETYL-D-GLUCOSAMINE	left
2.4.1.101-RXN	Mannosyl5-N-Glycans	left
2.4.1.101-RXN	PROTON	right
2.4.1.101-RXN	Mannosyl5-N-acetyl-glucosamine2-R	right
2.4.1.101-RXN	UDP	right
NICOTINATEPRIBOSYLTRANS-RXN	NIACINE	left
NICOTINATEPRIBOSYLTRANS-RXN	PRPP	left
NICOTINATEPRIBOSYLTRANS-RXN	ATP	left
NICOTINATEPRIBOSYLTRANS-RXN	WATER	left
NICOTINATEPRIBOSYLTRANS-RXN	NICOTINATE_NUCLEOTIDE	right
NICOTINATEPRIBOSYLTRANS-RXN	PPI	right
NICOTINATEPRIBOSYLTRANS-RXN	ADP	right
NICOTINATEPRIBOSYLTRANS-RXN	Pi	right
RXN-8271	CPD-12575	left
RXN-8271	CPD1F-437	left
RXN-8271	CPD-8033	right
RXN-8271	UDP	right
RXN-8308	CPD-8076	left
RXN-8308	OXYGEN-MOLECULE	left
RXN-8308	Reduced-ferredoxins	left
RXN-8308	PROTON	left
RXN-8308	CPD-8078	right
RXN-8308	WATER	right
RXN-8308	Oxidized-ferredoxins	right
RXN-8900	CPD-9273	left
RXN-8900	CPD-9275	right
RXN-8900	WATER	right
RXN-12656	CPD-12759	left
RXN-12656	Red-NADPH-Hemoprotein-Reductases	left
RXN-12656	OXYGEN-MOLECULE	left
RXN-12656	CPD-13626	right
RXN-12656	Ox-NADPH-Hemoprotein-Reductases	right
RXN-12656	WATER	right
RXN-19359	UDP-GLUCURONATE	left
RXN-19359	BILIRUBIN	left
RXN-19359	BILIRUBIN-GLUCURONOSIDE	right
RXN-19359	UDP	right
RXN-8459	CPD-8647	left
RXN-8459	NADP	left
RXN-8459	PROTON	right
RXN-8459	CPD-8636	right
RXN-8459	NADPH	right
RXN-14445	CPD-7117	left
RXN-14445	CPD-15286	left
RXN-14445	CPD-15288	right
RXN-14445	Glucopyranose	right
R311-RXN	ACRYLAMIDE	left
R311-RXN	WATER	left
R311-RXN	AMMONIUM	right
R311-RXN	ACRYLATE	right
RXN-8361	CPD-8158	left
RXN-8361	OXYGEN-MOLECULE	left
RXN-8361	FERROCYTOCHROME-B5	left
RXN-8361	PROTON	left
RXN-8361	CPD-8159	right
RXN-8361	WATER	right
RXN-8361	FERRICYTOCHROME-B5	right
RXN-9669	Oleoyl-lipid	left
RXN-9669	FERROCYTOCHROME-B5	left
RXN-9669	OXYGEN-MOLECULE	left
RXN-9669	PROTON	left
RXN-9669	Linoleoyl-groups	right
RXN-9669	FERRICYTOCHROME-B5	right
RXN-9669	WATER	right
RXN-7754	S-ADENOSYLMETHIONINE	left
RXN-7754	CPD-6994	left
RXN-7754	PROTON	right
RXN-7754	CPD-7072	right
RXN-7754	ADENOSYL-HOMO-CYS	right
RXN-13323	GERANYLGERANYL-PP	left
RXN-13323	CPD-12321	right
RXN-13323	PPI	right
RXN-7067	CPD-12575	left
RXN-7067	CPD-6625	left
RXN-7067	PROTON	right
RXN-7067	CPD-6626	right
RXN-7067	UDP	right
RXN18C3-57	UDP-D-XYLOSE	left
RXN18C3-57	CPD-21950	left
RXN18C3-57	CPD-19216	right
RXN18C3-57	UDP	right
RXN18C3-57	PROTON	right
RXN-4681	CPD-4208	left
RXN-4681	WATER	left
RXN-4681	FAD	left
RXN-4681	PROTON	left
RXN-4681	ADENOSINE	right
RXN-4681	CPD-4483	right
RXN-4681	FADH2	right
RXN-8136	THIOHYDROXIMATE-O-SULFATES	left
RXN-8136	Nitriles	right
RXN-8136	SULFATE	right
RXN-8136	Elemental-Sulfur	right
RXN-8136	PROTON	right
RXN-9206	CPD-9790	left
RXN-9206	Red-NADPH-Hemoprotein-Reductases	left
RXN-9206	OXYGEN-MOLECULE	left
RXN-9206	CPD-9789	right
RXN-9206	Ox-NADPH-Hemoprotein-Reductases	right
RXN-9206	WATER	right
RXN-24254	CPD-674	left
RXN-24254	WATER	left
RXN-24254	BENZALDEHYDE	right
RXN-24254	ACET	right
RXN-9234	CPD-9865	left
RXN-9234	OXYGEN-MOLECULE	left
RXN-9234	NADPH	left
RXN-9234	PROTON	left
RXN-9234	CPD-9869	right
RXN-9234	WATER	right
RXN-9234	NADP	right
2.1.1.88-RXN	S-ADENOSYLMETHIONINE	left
2.1.1.88-RXN	334578-HEXAHYDROXYFLAVONE	left
2.1.1.88-RXN	PROTON	right
2.1.1.88-RXN	ADENOSYL-HOMO-CYS	right
2.1.1.88-RXN	33457-PENTAHYDROXY-8-METHOXYFLAVON	right
RXN-10774	CPD0-1137	left
RXN-10774	WATER	left
RXN-10774	CPD-607	right
RXN-10774	AMP	right
RXN-10774	PROTON	right
RXN-13857	Alpha-linolenoyl-groups	left
RXN-13857	FERROCYTOCHROME-B5	left
RXN-13857	OXYGEN-MOLECULE	left
RXN-13857	PROTON	left
RXN-13857	Coniferonoyl-Lipid	right
RXN-13857	FERRICYTOCHROME-B5	right
RXN-13857	WATER	right
RXN-8378	CHLOROPHYLL-A	left
RXN-8378	PROTON	left
RXN-8378	CPD-8155	right
RXN-8378	MG+2	right
RXN-20956	CPD-22587	left
RXN-20956	Red-NADPH-Hemoprotein-Reductases	left
RXN-20956	OXYGEN-MOLECULE	left
RXN-20956	CPD-22588	right
RXN-20956	Ox-NADPH-Hemoprotein-Reductases	right
RXN-20956	WATER	right
GUANOSINE-DEAMINASE-RXN	PROTON	left
GUANOSINE-DEAMINASE-RXN	WATER	left
GUANOSINE-DEAMINASE-RXN	GUANOSINE	left
GUANOSINE-DEAMINASE-RXN	AMMONIUM	right
GUANOSINE-DEAMINASE-RXN	XANTHOSINE	right
RXN-4802	CPD-4664	left
RXN-4802	OXYGEN-MOLECULE	left
RXN-4802	Red-NADPH-Hemoprotein-Reductases	left
RXN-4802	CPD-4662	right
RXN-4802	WATER	right
RXN-4802	Ox-NADPH-Hemoprotein-Reductases	right
RXN-15428	CPD-13920	left
RXN-15428	CPD-16665	right
RXN-15916	CPD-18171	left
RXN-15916	WATER	left
RXN-15916	2-Lysophosphatidylcholines	right
RXN-15916	CPD-12193	right
RXN-15916	PROTON	right
1.1.1.248-RXN	NADP	left
1.1.1.248-RXN	SALUTARIDINOL	left
1.1.1.248-RXN	PROTON	right
1.1.1.248-RXN	NADPH	right
1.1.1.248-RXN	SALUTARIDINE	right
RXN-13899	CPD-14866	left
RXN-13899	CPD-12575	left
RXN-13899	CPD-14908	right
RXN-13899	UDP	right
RXN-13899	PROTON	right
RXN-3588	CPD-3425	left
RXN-3588	WATER	left
RXN-3588	PROTON	right
RXN-3588	MALONATE	right
RXN-3588	CPD-3424	right
RXN-4209	CPD-4125	left
RXN-4209	FERROCYTOCHROME-B5	left
RXN-4209	OXYGEN-MOLECULE	left
RXN-4209	PROTON	left
RXN-4209	CPD-4126	right
RXN-4209	FERRICYTOCHROME-B5	right
RXN-4209	WATER	right
RXN-1321	LINOLENIC_ACID	left
RXN-1321	OXYGEN-MOLECULE	left
RXN-1321	CPD-725	right
RXN-18384	METHYL-MALONYL-COA	left
RXN-18384	NADP	left
RXN-18384	ACRYLYL-COA	right
RXN-18384	CARBON-DIOXIDE	right
RXN-18384	NADPH	right
RXN-10139	TRP	left
RXN-10139	PYRUVATE	left
RXN-10139	L-ALPHA-ALANINE	right
RXN-10139	INDOLE_PYRUVATE	right
RXN-18970	CPD-7860	left
RXN-18970	OXYGEN-MOLECULE	left
RXN-18970	Donor-H2	left
RXN-18970	CPD-20428	right
RXN-18970	WATER	right
RXN-18970	Acceptor	right
RXN-12607	CPD-13573	left
RXN-12607	CPD-13571	right
1.5.3.12-RXN	PROTON	left
1.5.3.12-RXN	OXYGEN-MOLECULE	left
1.5.3.12-RXN	DIHYDROSANGUINARINE	left
1.5.3.12-RXN	HYDROGEN-PEROXIDE	right
1.5.3.12-RXN	SANGUINARINE	right
GPPSYN-RXN	CPD-4211	left
GPPSYN-RXN	DELTA3-ISOPENTENYL-PP	left
GPPSYN-RXN	GERANYL-PP	right
GPPSYN-RXN	PPI	right
RXN-8315	PROTON	left
RXN-8315	SO3	left
RXN-8315	HSO3	right
TRYPSYN-RXN	INDOLE-3-GLYCEROL-P	left
TRYPSYN-RXN	SER	left
TRYPSYN-RXN	TRP	right
TRYPSYN-RXN	WATER	right
TRYPSYN-RXN	GAP	right
RXN-15528	S-ADENOSYLMETHIONINE	left
RXN-15528	CPD-15630	left
RXN-15528	CPD-16765	right
RXN-15528	ADENOSYL-HOMO-CYS	right
RXN-15528	PROTON	right
RXN-18344	CPD-19721	left
RXN-18344	Red-NADPH-Hemoprotein-Reductases	left
RXN-18344	BILIVERDINE	right
RXN-18344	FE+2	right
RXN-18344	Ox-NADPH-Hemoprotein-Reductases	right
GAPDHSYNEC-RXN	NAD-P-OR-NOP	left
GAPDHSYNEC-RXN	GAP	left
GAPDHSYNEC-RXN	Pi	left
GAPDHSYNEC-RXN	NADH-P-OR-NOP	right
GAPDHSYNEC-RXN	DPG	right
GAPDHSYNEC-RXN	PROTON	right
RXN-7591	CPD-6201	left
RXN-7591	OXYGEN-MOLECULE	left
RXN-7591	2-KETOGLUTARATE	left
RXN-7591	NADP	left
RXN-7591	CPD1F-137	right
RXN-7591	SUC	right
RXN-7591	CARBON-DIOXIDE	right
RXN-7591	NADPH	right
RXN-24308	CPD-26898	left
RXN-24308	OXYGEN-MOLECULE	left
RXN-24308	Red-NADPH-Hemoprotein-Reductases	left
RXN-24308	CPD-26899	right
RXN-24308	WATER	right
RXN-24308	Ox-NADPH-Hemoprotein-Reductases	right
RXN-4241	CPD-720	left
RXN-4241	OXYGEN-MOLECULE	left
RXN-4241	Red-NADPH-Hemoprotein-Reductases	left
RXN-4241	CPD-17420	right
RXN-4241	WATER	right
RXN-4241	Ox-NADPH-Hemoprotein-Reductases	right
RXN-9745	CPD-12575	left
RXN-9745	CPD-10450	left
RXN-9745	CPD-10452	right
RXN-9745	UDP	right
RXN-9745	PROTON	right
2.5.1.32-RXN	GERANYLGERANYL-PP	left
2.5.1.32-RXN	CPD-464	right
2.5.1.32-RXN	PPI	right
RXN-13282	S-ADENOSYLMETHIONINE	left
RXN-13282	CPD-10662	left
RXN-13282	CPD-14261	right
RXN-13282	ADENOSYL-HOMO-CYS	right
RXN-13282	PROTON	right
RXN-9177	CPD-9749	left
RXN-9177	CPD-4888	left
RXN-9177	Acceptor	left
RXN-9177	CPD-9742	right
RXN-9177	Donor-H2	right
RXN-5471	CPD-5169	left
RXN-5471	CPD-166	left
RXN-5471	CPD-5170	right
RXN-5471	DOLICHOLP	right
RXN-5471	PROTON	right
RXN-6	2-HYDROXY-4-CARBOXYPYRIMIDINE	left
RXN-6	2-AMINO-4-CARBOXYPYRIMIDINE	right
RXN-16816	CPD-18133	left
RXN-16816	NADH-P-OR-NOP	left
RXN-16816	PROTON	left
RXN-16816	CPD-18134	right
RXN-16816	NAD-P-OR-NOP	right
RXN-23790	CPD-6443	left
RXN-23790	Red-NADPH-Hemoprotein-Reductases	left
RXN-23790	OXYGEN-MOLECULE	left
RXN-23790	CPD-26326	right
RXN-23790	Ox-NADPH-Hemoprotein-Reductases	right
RXN-23790	WATER	right
RXN-21434	4-AMINO-BUTYRALDEHYDE	left
RXN-21434	PUTRESCINE	left
RXN-21434	NADH	left
RXN-21434	PROTON	left
RXN-21434	CPD-1821	right
RXN-21434	WATER	right
RXN-21434	NAD	right
RXN-4310	CPD-4202	left
RXN-4310	WATER	left
RXN-4310	CPD-4204	right
RXN-4310	Pi	right
RXN-4310	PROTON	right
RXN-14317	CPD1F-140	left
RXN-14317	OXYGEN-MOLECULE	left
RXN-14317	Donor-H2	left
RXN-14317	CPD-15217	right
RXN-14317	WATER	right
RXN-14317	Acceptor	right
FMN-RED-RXN	NADH-P-OR-NOP	left
FMN-RED-RXN	Ox-FMN-Flavoproteins	left
FMN-RED-RXN	PROTON	left
FMN-RED-RXN	NAD-P-OR-NOP	right
FMN-RED-RXN	Red-FMNH2-Flavoproteins	right
LINOLEOYL-RXN	CPD-18	left
LINOLEOYL-RXN	WATER	left
LINOLEOYL-RXN	PROTON	right
LINOLEOYL-RXN	LINOLEIC_ACID	right
LINOLEOYL-RXN	CO-A	right
THREDEHYD-RXN	THR	left
THREDEHYD-RXN	2-OXOBUTANOATE	right
THREDEHYD-RXN	AMMONIUM	right
RXN-11400	CPD-7524	left
RXN-11400	CPD-12368	right
LIPOXYGENASE-RXN	LINOLEIC_ACID	left
LIPOXYGENASE-RXN	OXYGEN-MOLECULE	left
LIPOXYGENASE-RXN	13-HYDROPEROXYOCTADECA-911-DIENOATE	right
THRESYN-RXN	O-PHOSPHO-L-HOMOSERINE	left
THRESYN-RXN	WATER	left
THRESYN-RXN	Pi	right
THRESYN-RXN	THR	right
RXN-9275	PROTON	left
RXN-9275	DIHYDROCHELIRUBINE	left
RXN-9275	OXYGEN-MOLECULE	left
RXN-9275	CPD-9893	right
RXN-9275	HYDROGEN-PEROXIDE	right
RXN-4861	GERANYLGERANYL-PP	left
RXN-4861	CPD-4750	right
RXN-13811	CPD-14832	left
RXN-13811	WATER	left
RXN-13811	CPD-14833	right
RXN-13811	ACET	right
RXN-13811	PROTON	right
RXN-5162	CPD-4941	left
RXN-5162	CPD-4942	right
RXN0-5180	FARNESYL-PP	left
RXN0-5180	DELTA3-ISOPENTENYL-PP	left
RXN0-5180	CPD0-1028	right
RXN0-5180	PPI	right
URKI-RXN	URIDINE	left
URKI-RXN	GTP	left
URKI-RXN	PROTON	right
URKI-RXN	UMP	right
URKI-RXN	GDP	right
RXN-13435	CPD-14407	left
RXN-13435	WATER	left
RXN-13435	CPD-8120	right
RXN-13435	CO-A	right
RXN-13435	PROTON	right
AGMATINE-DEIMINASE-RXN	WATER	left
AGMATINE-DEIMINASE-RXN	AGMATHINE	left
AGMATINE-DEIMINASE-RXN	AMMONIUM	right
AGMATINE-DEIMINASE-RXN	CPD-597	right
RXN-2962	S-HYDROXYMETHYLGLUTATHIONE	left
RXN-2962	NAD-P-OR-NOP	left
RXN-2962	CPD-548	right
RXN-2962	NADH-P-OR-NOP	right
RXN-2962	PROTON	right
GALLATE-1-BETA-GLUCOSYLTRANSFERASE-RXN	CPD-12575	left
GALLATE-1-BETA-GLUCOSYLTRANSFERASE-RXN	CPD-183	left
GALLATE-1-BETA-GLUCOSYLTRANSFERASE-RXN	1-O-GALLOYL-BETA-D-GLUCOSE	right
GALLATE-1-BETA-GLUCOSYLTRANSFERASE-RXN	UDP	right
RXN-8451	S-ADENOSYLMETHIONINE	left
RXN-8451	MYRICETIN	left
RXN-8451	PROTON	right
RXN-8451	CPD-8605	right
RXN-8451	ADENOSYL-HOMO-CYS	right
RXN-9089	CPD-9593	left
RXN-9089	CPD-9594	right
RXN-9089	HYDROGEN-MOLECULE	right
RXN-8453	CPD-12575	left
RXN-8453	CPD-20012	left
RXN-8453	PROTON	right
RXN-8453	CPD-8632	right
RXN-8453	UDP	right
RXN18C3-113	CPD-20296	left
RXN18C3-113	ISOBUTYRYL-COA	left
RXN18C3-113	CPD-20299	right
RXN18C3-113	CO-A	right
RXN-8685	TRP	left
RXN-8685	CPD-8913	right
5.1.1.18-RXN	SER	left
5.1.1.18-RXN	D-SERINE	right
RXN-4521	CPD-9981	left
RXN-4521	OXYGEN-MOLECULE	left
RXN-4521	Red-NADPH-Hemoprotein-Reductases	left
RXN-4521	LOGANATE	right
RXN-4521	WATER	right
RXN-4521	Ox-NADPH-Hemoprotein-Reductases	right
RXN-MG-PROTOPORPHYRIN-METHYLESTER-SYN	S-ADENOSYLMETHIONINE	left
RXN-MG-PROTOPORPHYRIN-METHYLESTER-SYN	MG-PROTOPORPHYRIN	left
RXN-MG-PROTOPORPHYRIN-METHYLESTER-SYN	ADENOSYL-HOMO-CYS	right
RXN-MG-PROTOPORPHYRIN-METHYLESTER-SYN	MG-PROTOPORPHYRIN-MONOMETHYL-ESTER	right
RXN-18129	CPD-19424	left
RXN-18129	Acceptor	left
RXN-18129	CPD-19444	right
RXN-18129	Donor-H2	right
RXN-7597	7-METHYLXANTHOSINE	left
RXN-7597	WATER	left
RXN-7597	D-Ribofuranose	right
RXN-7597	7-METHYLXANTHINE	right
RXN-7597	PROTON	right
RXN-11201	S-ADENOSYLMETHIONINE	left
RXN-11201	CPD-12159	left
RXN-11201	CPD-12160	right
RXN-11201	ADENOSYL-HOMO-CYS	right
RXN-16176	CPD-9277	left
RXN-16176	CPD-17426	right
RXN-16176	2-AMINOACRYLATE	right
GLUCOSE-1-PHOSPHAT-RXN	WATER	left
GLUCOSE-1-PHOSPHAT-RXN	GLC-1-P	left
GLUCOSE-1-PHOSPHAT-RXN	Pi	right
GLUCOSE-1-PHOSPHAT-RXN	Glucopyranose	right
RXN-8297	CPD-8075	left
RXN-8297	OXYGEN-MOLECULE	left
RXN-8297	Reduced-ferredoxins	left
RXN-8297	PROTON	left
RXN-8297	CPD-8076	right
RXN-8297	WATER	right
RXN-8297	Oxidized-ferredoxins	right
RXN-18080	CHITIN	left
RXN-18080	OXYGEN-MOLECULE	left
RXN-18080	Donor-H2	left
RXN-18080	Chitin-NAc-D-glucono-1-5-lactone	right
RXN-18080	Chitodextrins	right
RXN-18080	Acceptor	right
RXN-18080	WATER	right
RXN-13818	CPD-12575	left
RXN-13818	CPD-14837	left
RXN-13818	CPD-14838	right
RXN-13818	UDP	right
RXN-13818	PROTON	right
RXN-14142	DGMP	left
RXN-14142	WATER	left
RXN-14142	DEOXYGUANOSINE	right
RXN-14142	Pi	right
RXN-11775	CPD-12745	left
RXN-11775	CPD-12751	right
RXN-11775	PPI	right
RXN-5166	PROTON	left
RXN-5166	CPD-4943	left
RXN-5166	NADPH	left
RXN-5166	CPD-4945	right
RXN-5166	NADP	right
TRANS-RXN-374	MAL	left
TRANS-RXN-374	MAL	right
2.6.1.28-RXN	TRP	left
2.6.1.28-RXN	PHENYL-PYRUVATE	left
2.6.1.28-RXN	INDOLE_PYRUVATE	right
2.6.1.28-RXN	PHE	right
RXN-12473	Carboxyadenylated-MPT-synthases	left
RXN-12473	MOCS3-Cysteine-Persulfide	left
RXN-12473	Donor-H2	left
RXN-12473	Thiocarboxylated-MPT-synthases	right
RXN-12473	MOCS3-Cysteine	right
RXN-12473	AMP	right
RXN-12473	Acceptor	right
RXN-12473	PROTON	right
RXN-13641	CPD1F-129	left
RXN-13641	CPD-14646	right
RXN-14181	PYRIDOXINE-5P	left
RXN-14181	WATER	left
RXN-14181	PYRIDOXINE	right
RXN-14181	Pi	right
FERREDOXIN--NITRITE-REDUCTASE-RXN	AMMONIUM	left
FERREDOXIN--NITRITE-REDUCTASE-RXN	WATER	left
FERREDOXIN--NITRITE-REDUCTASE-RXN	Oxidized-ferredoxins	left
FERREDOXIN--NITRITE-REDUCTASE-RXN	NITRITE	right
FERREDOXIN--NITRITE-REDUCTASE-RXN	Reduced-ferredoxins	right
FERREDOXIN--NITRITE-REDUCTASE-RXN	PROTON	right
RXNQT-4191	THIAMINE-P	left
RXNQT-4191	WATER	left
RXNQT-4191	THIAMINE	right
RXNQT-4191	Pi	right
RXN-9157	CPD-9699	left
RXN-9157	GLUTATHIONE	left
RXN-9157	CPD-9700	right
RXN-9157	CYS-GLY	right
RXN-1225	CPD-14553	left
RXN-1225	D-Galactosyl-12-diacyl-glycerols	left
RXN-1225	Galactosyl-galactosyl-diacyl-glycerols	right
RXN-1225	UDP	right
RXN-1225	PROTON	right
RXN-14161	DAMP	left
RXN-14161	WATER	left
RXN-14161	DEOXYADENOSINE	right
RXN-14161	Pi	right
RXN-11465	CPD-12575	left
RXN-11465	PHLORETIN	left
RXN-11465	CPD-12447	right
RXN-11465	UDP	right
RXN-8026	CPD-7409	left
RXN-8026	OXYGEN-MOLECULE	left
RXN-8026	Reduced-ferredoxins	left
RXN-8026	PROTON	left
RXN-8026	CPD1F-130	right
RXN-8026	WATER	right
RXN-8026	Oxidized-ferredoxins	right
RXN-8209	CPD-12575	left
RXN-8209	CPD-7870	left
RXN-8209	CPD-7864	right
RXN-8209	UDP	right
RXN-8209	PROTON	right
RXN-8682	CPD-8905	left
RXN-8682	CPD-8906	right
RXN-20374	3beta-hydroxy-4alpha-carboxy-sterols	left
RXN-20374	NAD	left
RXN-20374	3-Oxosteroids	right
RXN-20374	NADH	right
RXN-20374	CARBON-DIOXIDE	right
RXN-14354	Soluble-Heteroglycans	left
RXN-14354	Glucopyranose	left
RXN-14354	Soluble-Heteroglycans	right
RXN-14354	MALTOSE	right
RXN-13937	S-ADENOSYLMETHIONINE	left
RXN-13937	CPD-7252	left
RXN-13937	CPD-14952	right
RXN-13937	ADENOSYL-HOMO-CYS	right
RXN-8390	Palmitoyl-ACPs	left
RXN-8390	Reduced-ferredoxins	left
RXN-8390	OXYGEN-MOLECULE	left
RXN-8390	PROTON	left
RXN-8390	Delta4-hexadecenoyl-ACPs	right
RXN-8390	Oxidized-ferredoxins	right
RXN-8390	WATER	right
RXN-20441	CPD-22136	left
RXN-20441	NAD	left
RXN-20441	CPD-22137	right
RXN-20441	NADH	right
RXN-20441	CARBON-DIOXIDE	right
ISPH2-RXN	DELTA3-ISOPENTENYL-PP	left
ISPH2-RXN	Oxidized-ferredoxins	left
ISPH2-RXN	WATER	left
ISPH2-RXN	HYDROXY-METHYL-BUTENYL-DIP	right
ISPH2-RXN	Reduced-ferredoxins	right
ISPH2-RXN	PROTON	right
RXN-24300	CPD-26889	left
RXN-24300	OXYGEN-MOLECULE	left
RXN-24300	2-KETOGLUTARATE	left
RXN-24300	CPD-26890	right
RXN-24300	SUC	right
RXN-24300	CARBON-DIOXIDE	right
RXN-8704	CPD-8927	left
RXN-8704	OXYGEN-MOLECULE	left
RXN-8704	CPD-8928	right
RXN-8704	WATER	right
RXN-1103	COUMARATE	left
RXN-1103	Red-NADPH-Hemoprotein-Reductases	left
RXN-1103	OXYGEN-MOLECULE	left
RXN-1103	CPD-676	right
RXN-1103	WATER	right
RXN-1103	Ox-NADPH-Hemoprotein-Reductases	right
RXN-8712	SEROTONIN	left
RXN-8712	CINNAMOYL-COA	left
RXN-8712	PROTON	right
RXN-8712	CPD-8937	right
RXN-8712	CO-A	right
RXN-19010	CPD-14553	left
RXN-19010	N4-N-ACETYL-BETA-D-GLUCOSAMINYL-XF	left
RXN-19010	Man3-GlcNAc4-Xyl-Fuc-Gal2-Proteins	right
RXN-19010	UDP	right
RXN-19010	PROTON	right
RXN-21433	CPD-14378	left
RXN-21433	WATER	left
RXN-21433	4-AMINO-BUTYRALDEHYDE	right
RXN-21433	CPD-313	right
RXN-4761	CPD-12575	left
RXN-4761	FORMONONETIN	left
RXN-4761	PROTON	right
RXN-4761	ONONIN	right
RXN-4761	UDP	right
4.99.1.7-RXN	PHENYLACETALDOXIME	left
4.99.1.7-RXN	PHENYLACETONITRILE	right
4.99.1.7-RXN	WATER	right
RXN-6268	BETAINE-ALDEHYDE-HYDRATE	left
RXN-6268	BETAINE_ALDEHYDE	right
RXN-6268	WATER	right
RXNQT-4345	CPDQT-27	left
RXNQT-4345	Amino-Acids-20	left
RXNQT-4345	CPDQT-340	right
RXNQT-4345	2-Oxo-carboxylates	right
RXN-10703	NAD	left
RXN-10703	CPD-11527	left
RXN-10703	NADH	right
RXN-10703	PROTON	right
RXN-10703	CPD-11528	right
1.18.1.2-RXN	PROTON	left
1.18.1.2-RXN	NADP	left
1.18.1.2-RXN	Reduced-ferredoxins	left
1.18.1.2-RXN	NADPH	right
1.18.1.2-RXN	Oxidized-ferredoxins	right
RXN-8476	CPD-12575	left
RXN-8476	CPD-8665	left
RXN-8476	PROTON	right
RXN-8476	CPD-8666	right
RXN-8476	UDP	right
H2PTEROATESYNTH-RXN	P-AMINO-BENZOATE	left
H2PTEROATESYNTH-RXN	DIHYDROPTERIN-CH2OH-PP	left
H2PTEROATESYNTH-RXN	7-8-DIHYDROPTEROATE	right
H2PTEROATESYNTH-RXN	PPI	right
RXN-8055	CPD-7558	left
RXN-8055	Red-NADPH-Hemoprotein-Reductases	left
RXN-8055	OXYGEN-MOLECULE	left
RXN-8055	CPD-7559	right
RXN-8055	Ox-NADPH-Hemoprotein-Reductases	right
RXN-8055	WATER	right
RXN-8055	PROTON	right
RXN-7753	S-ADENOSYLMETHIONINE	left
RXN-7753	CPD-6994	left
RXN-7753	PROTON	right
RXN-7753	CPD-7071	right
RXN-7753	ADENOSYL-HOMO-CYS	right
RXN-7911	Trans-3-enoyl-CoAs	left
RXN-7911	NADP	left
RXN-7911	TETRADEHYDROACYL-COA	right
RXN-7911	NADPH	right
RXN-7911	PROTON	right
RXN-14058	UDP-GLUCURONATE	left
RXN-14058	CPD-12726	left
RXN-14058	CPD-15063	right
RXN-14058	UDP	right
RXN-14058	PROTON	right
RXN-19164	CPD-20658	left
RXN-19164	Donor-H2	left
RXN-19164	CPD-13313	right
RXN-19164	Acceptor	right
RXN-10873	PAPS	left
RXN-10873	CPD-11827	left
RXN-10873	3-5-ADP	right
RXN-10873	28-Homocastasterone-Sulfates	right
RXN-20583	CPD-22265	left
RXN-20583	NADP	left
RXN-20583	CPD-22266	right
RXN-20583	NADPH	right
RXN-20583	PROTON	right
RXN-8927	CPD-23340	left
RXN-8927	CPD-9327	left
RXN-8927	CAPSAICIN	right
RXN-8927	CO-A	right
RXN-8927	PROTON	right
PHOSPHASERSYN-RXN	CDPDIACYLGLYCEROL	left
PHOSPHASERSYN-RXN	SER	left
PHOSPHASERSYN-RXN	CMP	right
PHOSPHASERSYN-RXN	L-1-PHOSPHATIDYL-SERINE	right
PHOSPHASERSYN-RXN	PROTON	right
RXN-9684	CPD-10307	left
RXN-9684	EPOXYSQUALENE	right
RXN-9684	WATER	right
RXN-8051	CPD-7556	left
RXN-8051	OXYGEN-MOLECULE	left
RXN-8051	Red-NADPH-Hemoprotein-Reductases	left
RXN-8051	CPD-7557	right
RXN-8051	WATER	right
RXN-8051	Ox-NADPH-Hemoprotein-Reductases	right
RXN-17491	CHLOROPHYLLIDE-A	left
RXN-17491	Oxidized-ferredoxins	left
RXN-17491	DIVINYLCHLOROPHYLLIDE-A	right
RXN-17491	Reduced-ferredoxins	right
RXN-17491	PROTON	right
RXN-8251	CPD-7995	left
RXN-8251	UNKNOWN	right
RXN4FS-12	GDP-L-GALACTOSE	left
RXN4FS-12	MANNOSE-1P	left
RXN4FS-12	GDP-MANNOSE	right
RXN4FS-12	CPDQT-4	right
RXN-14380	Alpha-6-alpha-14-glucans	left
RXN-14380	WATER	left
RXN-14380	Malto-Oligosaccharides	right
RXN-14380	Alpha-6-alpha-14-glucans	right
UBIQUITIN--PROTEIN-LIGASE-RXN	Ubiquitin-activating-protein-E1-L-cys	left
UBIQUITIN--PROTEIN-LIGASE-RXN	Ubiquitin-C-Terminal-Glycine	left
UBIQUITIN--PROTEIN-LIGASE-RXN	ATP	left
UBIQUITIN--PROTEIN-LIGASE-RXN	S-ubiquitinyl-UAP-E1-L-cysteine	right
UBIQUITIN--PROTEIN-LIGASE-RXN	AMP	right
UBIQUITIN--PROTEIN-LIGASE-RXN	PPI	right
PGLYCDEHYDROG-RXN	G3P	left
PGLYCDEHYDROG-RXN	NAD	left
PGLYCDEHYDROG-RXN	PROTON	right
PGLYCDEHYDROG-RXN	3-P-HYDROXYPYRUVATE	right
PGLYCDEHYDROG-RXN	NADH	right
RXN-11289	CPD-4211	left
RXN-11289	DELTA3-ISOPENTENYL-PP	left
RXN-11289	HYDROGEN-MOLECULE	left
RXN-11289	PROTON	right
RXN-11289	CPD-461	right
RXN-11289	PPI	right
2.4.1.190-RXN	LUTEOLIN-7-O-BETA-D-GLUCURONIDE	left
2.4.1.190-RXN	UDP-GLUCURONATE	left
2.4.1.190-RXN	PROTON	right
2.4.1.190-RXN	LUTEOLIN-7-O-BETA-D-DIGLUCURONIDE	right
2.4.1.190-RXN	UDP	right
RXN-12879	CPD-11534	left
RXN-12879	OXYGEN-MOLECULE	left
RXN-12879	Red-NADPH-Hemoprotein-Reductases	left
RXN-12879	CPD-20323	right
RXN-12879	WATER	right
RXN-12879	Ox-NADPH-Hemoprotein-Reductases	right
RXN-11276	CPD-12223	left
RXN-11276	OXYGEN-MOLECULE	left
RXN-11276	CPD-12225	right
RXN-11276	CARBON-DIOXIDE	right
RXN-11276	WATER	right
RXN-19837	CPD-21441	left
RXN-19837	CPD-21440	right
RXN-19837	WATER	right
RXN-8886	CPD-15449	left
RXN-8886	CPD-9249	right
RXN-15517	CPD-13248	left
RXN-15517	CPD-7561	right
RXN1F-10	CHLOROPHYLLIDE-A	left
RXN1F-10	NADP	left
RXN1F-10	MONO-VINYL-PROTOCHLOROPHYLLIDE-A	right
RXN1F-10	NADPH	right
RXN1F-10	PROTON	right
RXN1F-10	Light	right
GLUTAMIN-RXN	GLN	left
GLUTAMIN-RXN	WATER	left
GLUTAMIN-RXN	GLT	right
GLUTAMIN-RXN	AMMONIA	right
GLUTAMIN-RXN	PROTON	right
RXN-12149	L-rhamnopyranose	left
RXN-12149	L-RHAMNOFURANOSE	right
RXN-10851	CPD-11281	left
RXN-10851	Donor-H2	left
RXN-10851	CPD-11763	right
RXN-10851	HS	right
RXN-10851	Acceptor	right
RXN-9273	SCOPOLETIN	left
RXN-9273	CPD-9827	right
RXN-4731	CPD-12575	left
RXN-4731	CPD-4609	left
RXN-4731	PROTON	right
RXN-4731	CPD-4610	right
RXN-4731	UDP	right
RXN-12309	Chitodextrins	left
RXN-12309	WATER	left
RXN-12309	CHITOBIOSE	right
RXN-8715	P-COUMAROYL-COA	left
RXN-8715	TYRAMINE	left
RXN-8715	PROTON	right
RXN-8715	CPD-8943	right
RXN-8715	CO-A	right
RXN-18095	CPD-12575	left
RXN-18095	CPD-12702	left
RXN-18095	CPD-553	right
RXN-18095	UDP	right
RXN-18095	PROTON	right
RXN-12645	CPD-13613	left
RXN-12645	NADP	left
RXN-12645	DEHYDROSPHINGANINE	right
RXN-12645	NADPH	right
RXN-12645	PROTON	right
RXN-18224	S-ADENOSYLMETHIONINE	left
RXN-18224	CPD-8913	left
RXN-18224	CPD-8915	right
RXN-18224	ADENOSYL-HOMO-CYS	right
RXN-18224	PROTON	right
RXN-13464	CPD-14429	left
RXN-13464	WATER	left
RXN-13464	CPD-8097	right
RXN-13464	Glucopyranose	right
RXN-14808	CPD-15699	left
RXN-14808	L-arabinopyranose	right
R15-RXN	MET	left
R15-RXN	2-Oxo-carboxylates	left
R15-RXN	CPD-479	right
R15-RXN	Amino-Acids-20	right
RXN-16157	CPD-15367	left
RXN-16157	Glycerolipids	left
RXN-16157	CPD-17399	right
RXN-16157	CO-A	right
RXN4FS-26	MET	left
RXN4FS-26	2-KETO-ISOVALERATE	left
RXN4FS-26	CPD-479	right
RXN4FS-26	VAL	right
DARAB5PISOM-RXN	ARABINOSE-5P	left
DARAB5PISOM-RXN	RIBULOSE-5P	right
RXN18C3-7	CPD-18644	left
RXN18C3-7	CPD-13080	right
RXN18C3-7	WATER	right
RXN1F-462	CPD-520	left
RXN1F-462	CPD-12575	left
RXN1F-462	UDP	right
RXN1F-462	CPD1F-437	right
RXN1F-462	PROTON	right
RXN-10814	PHE	left
RXN-10814	2-KETOGLUTARATE	left
RXN-10814	PHENYL-PYRUVATE	right
RXN-10814	GLT	right
RXN-18625	CPD-7858	left
RXN-18625	OXYGEN-MOLECULE	left
RXN-18625	CPD-19894	right
RXN-18625	WATER	right
RXN-18625	PROTON	right
RXN-9181	CPD-9529	left
RXN-9181	CPD-9750	right
RXN-13399	FARNESYL-PP	left
RXN-13399	WATER	left
RXN-13399	CPD-14374	right
RXN-13399	PPI	right
GKI-RXN	ATP	left
GKI-RXN	GLYCERATE	left
GKI-RXN	PROTON	right
GKI-RXN	2-PG	right
GKI-RXN	ADP	right
CYTIDEAM-RXN	PROTON	left
CYTIDEAM-RXN	WATER	left
CYTIDEAM-RXN	DEOXYCYTIDINE	left
CYTIDEAM-RXN	DEOXYURIDINE	right
CYTIDEAM-RXN	AMMONIUM	right
RXNQT-4176	CPDQT-35	left
RXNQT-4176	CPDQT-40	right
RXN-12678	CPD-13661	left
RXN-12678	CPD-14450	left
RXN-12678	CPD-13655	right
RXN-12678	CO-A	right
RXN-13767	CPD-12575	left
RXN-13767	CPD-8006	left
RXN-13767	CPD-8033	right
RXN-13767	UDP	right
RXN-13858	Linoleoyl-groups	left
RXN-13858	FERROCYTOCHROME-B5	left
RXN-13858	OXYGEN-MOLECULE	left
RXN-13858	PROTON	left
RXN-13858	pinolenoyl-lipid	right
RXN-13858	FERRICYTOCHROME-B5	right
RXN-13858	WATER	right
RXN-11263	S-ADENOSYLMETHIONINE	left
RXN-11263	CPD-11667	left
RXN-11263	PROTON	right
RXN-11263	CPD-11668	right
RXN-11263	ADENOSYL-HOMO-CYS	right
RXN-22776	CPD-15374	left
RXN-22776	GLY	left
RXN-22776	CPD-26731	right
RXN-22776	WATER	right
1.1.3.35-RXN	R-RETICULINE	left
1.1.3.35-RXN	OXYGEN-MOLECULE	left
1.1.3.35-RXN	Red-NADPH-Hemoprotein-Reductases	left
1.1.3.35-RXN	SALUTARIDINE	right
1.1.3.35-RXN	WATER	right
1.1.3.35-RXN	Ox-NADPH-Hemoprotein-Reductases	right
RXN-15462	CPD-4751	left
RXN-15462	Red-NADPH-Hemoprotein-Reductases	left
RXN-15462	OXYGEN-MOLECULE	left
RXN-15462	CPD-16719	right
RXN-15462	Ox-NADPH-Hemoprotein-Reductases	right
RXN-15462	WATER	right
RXN-10439	Jasmonic-Acids	left
RXN-10439	CPD-68	left
RXN-10439	ATP	left
RXN-10439	Jasmonoyl-ACCs	right
RXN-10439	AMP	right
RXN-10439	PPI	right
RXN-10439	PROTON	right
UDPHYDROXYMYRGLUCOSAMNACETYLTRANS-RXN	R-3-hydroxymyristoyl-ACPs	left
UDPHYDROXYMYRGLUCOSAMNACETYLTRANS-RXN	UDP-OHMYR-GLUCOSAMINE	left
UDPHYDROXYMYRGLUCOSAMNACETYLTRANS-RXN	OH-MYRISTOYL	right
UDPHYDROXYMYRGLUCOSAMNACETYLTRANS-RXN	ACP	right
UDPHYDROXYMYRGLUCOSAMNACETYLTRANS-RXN	PROTON	right
RXN-8671	3-Hydroxy-Flavanones	left
RXN-8671	Red-NADPH-Hemoprotein-Reductases	left
RXN-8671	OXYGEN-MOLECULE	left
RXN-8671	3-5-Dihydroxy-Flavanones	right
RXN-8671	Ox-NADPH-Hemoprotein-Reductases	right
RXN-8671	WATER	right
RXN-14988	COUMARATE	left
RXN-14988	OXYGEN-MOLECULE	left
RXN-14988	FADH2	left
RXN-14988	CPD-676	right
RXN-14988	WATER	right
RXN-14988	FAD	right
RXN-14988	PROTON	right
RXN-12204	6-Phosphogluco-Amylopectins	left
RXN-12204	ATP	left
RXN-12204	WATER	left
RXN-12204	6-Phosphoglc-3-Phosphoglc-Amylopectins	right
RXN-12204	AMP	right
RXN-12204	Pi	right
GCVP-RXN	GLY	left
GCVP-RXN	PROTEIN-LIPOYLLYSINE	left
GCVP-RXN	PROTON	left
GCVP-RXN	CARBON-DIOXIDE	right
GCVP-RXN	AMINOMETHYLDIHYDROLIPOYL-GCVH	right
RXN-11643	CPD-11782	left
RXN-11643	CPD-11779	right
RXN-9117	CPD-9629	left
RXN-9117	CPD-9615	right
RXN-8881	CPD-9216	left
RXN-8881	UDP-L-RHAMNOSE	left
RXN-8881	PROTON	right
RXN-8881	CPD-9215	right
RXN-8881	UDP	right
RXN-13819	CPD-12575	left
RXN-13819	CPD-14838	left
RXN-13819	CPD-14839	right
RXN-13819	UDP	right
RXN-13819	PROTON	right
STEROL-GLUCOSYLTRANSFERASE-RXN	CPD-12575	left
STEROL-GLUCOSYLTRANSFERASE-RXN	Sterols	left
STEROL-GLUCOSYLTRANSFERASE-RXN	Sterol-3-beta-D-glucosides	right
STEROL-GLUCOSYLTRANSFERASE-RXN	UDP	right
STEROL-GLUCOSYLTRANSFERASE-RXN	PROTON	right
4-NITROPHENYLPHOSPHATASE-RXN	CPD-194	left
4-NITROPHENYLPHOSPHATASE-RXN	WATER	left
4-NITROPHENYLPHOSPHATASE-RXN	Pi	right
4-NITROPHENYLPHOSPHATASE-RXN	P-NITROPHENOL	right
4-NITROPHENYLPHOSPHATASE-RXN	PROTON	right
FERRIC-CHELATE-REDUCTASE-RXN	Fe2-siderophores	left
FERRIC-CHELATE-REDUCTASE-RXN	NAD	left
FERRIC-CHELATE-REDUCTASE-RXN	PROTON	left
FERRIC-CHELATE-REDUCTASE-RXN	Fe3-siderophores	right
FERRIC-CHELATE-REDUCTASE-RXN	NADH	right
RXN-3	PROTON	left
RXN-3	CPD-501	left
RXN-3	UTP	left
RXN-3	UDP-D-GALACTURONATE	right
RXN-3	PPI	right
RXN-12394	CPD1F-114	left
RXN-12394	OXYGEN-MOLECULE	left
RXN-12394	CPD-7202	right
RXN-12394	CPD-13371	right
RXN-1349	12-OXO-CIS-9-DODECENOATE	left
RXN-1349	12-OXO-TRANS-10-DODECENOATE	right
ISOCIT-CLEAV-RXN	THREO-DS-ISO-CITRATE	left
ISOCIT-CLEAV-RXN	GLYOX	right
ISOCIT-CLEAV-RXN	SUC	right
RXN-7689	S-ADENOSYLMETHIONINE	left
RXN-7689	CPD-6991	left
RXN-7689	CPD-7028	right
RXN-7689	ADENOSYL-HOMO-CYS	right
2.3.1.72-RXN	MYO-INOSITOL	left
2.3.1.72-RXN	CPD-1102	left
2.3.1.72-RXN	CPD-165	right
2.3.1.72-RXN	Glucopyranose	right
RXN-9644	OLEATE-CPD	left
RXN-9644	CO-A	left
RXN-9644	ATP	left
RXN-9644	OLEOYL-COA	right
RXN-9644	AMP	right
RXN-9644	PPI	right
RXN-991	CPD-695	left
RXN-991	2-KETOGLUTARATE	left
RXN-991	OXYGEN-MOLECULE	left
RXN-991	CPD-477	right
RXN-991	SUC	right
RXN-991	CARBON-DIOXIDE	right
RXN-12024	GLUCOTROPEOLIN	left
RXN-12024	WATER	left
RXN-12024	CPD-13006	right
RXN-12024	Glucopyranose	right
RXN-12024	PROTON	right
RXN-19660	CPD-3061	left
RXN-19660	Red-NADPH-Hemoprotein-Reductases	left
RXN-19660	OXYGEN-MOLECULE	left
RXN-19660	CPD-21293	right
RXN-19660	Ox-NADPH-Hemoprotein-Reductases	right
RXN-19660	WATER	right
RXN-15536	S-ADENOSYLMETHIONINE	left
RXN-15536	33457-PENTAHYDROXY-8-METHOXYFLAVON	left
RXN-15536	CPD-16777	right
RXN-15536	ADENOSYL-HOMO-CYS	right
RXN-15536	PROTON	right
RXN-9059	CPD-9534	left
RXN-9059	CPD-9535	right
OHMETPYRKIN-RXN	ATP	left
OHMETPYRKIN-RXN	HMP	left
OHMETPYRKIN-RXN	PROTON	right
OHMETPYRKIN-RXN	ADP	right
OHMETPYRKIN-RXN	AMINO-HYDROXYMETHYL-METHYL-PYR-P	right
RXN-8415	FARNESYL-PP	left
RXN-8415	CPD-8233	right
RXN-8415	PPI	right
BIOTIN-CARBOXYL-RXN	biotin-L-lysine-in-BCCP-dimers	left
BIOTIN-CARBOXYL-RXN	HCO3	left
BIOTIN-CARBOXYL-RXN	ATP	left
BIOTIN-CARBOXYL-RXN	Pi	right
BIOTIN-CARBOXYL-RXN	carboxybiotin-L-lysine-in-BCCP-dimers	right
BIOTIN-CARBOXYL-RXN	ADP	right
BIOTIN-CARBOXYL-RXN	PROTON	right
RXN-9221	CPD-9833	left
RXN-9221	PROTON	left
RXN-9221	NADPH	left
RXN-9221	HYDROGEN-MOLECULE	left
RXN-9221	CPD-9835	right
RXN-9221	CPD-9847	right
RXN-9221	NADP	right
RXNIO2-12	L-PHOSPHATIDATE	left
RXNIO2-12	WATER	left
RXNIO2-12	ACYL-SN-GLYCEROL-3P	right
RXNIO2-12	PROTON	right
RXN-14115	CPD-3724	left
RXN-14115	WATER	left
RXN-14115	URIDINE	right
RXN-14115	Pi	right
2.7.7.60-RXN	PROTON	left
2.7.7.60-RXN	2-C-METHYL-D-ERYTHRITOL-4-PHOSPHATE	left
2.7.7.60-RXN	CTP	left
2.7.7.60-RXN	4-CYTIDINE-5-DIPHOSPHO-2-C	right
2.7.7.60-RXN	PPI	right
RXN-8480	CPD-12575	left
RXN-8480	CPD-8653	left
RXN-8480	PROTON	right
RXN-8480	CPD-8655	right
RXN-8480	UDP	right
RXN-20081	4-Phosphooxy-L-aspartyl-tRNAAsn	left
RXN-20081	AMMONIA	left
RXN-20081	Charged-ASN-tRNAs	right
RXN-20081	Pi	right
RXN-22603	CPD-24843	left
RXN-22603	CPD-24844	right
RXN-18121	CPD-19420	left
RXN-18121	Acceptor	left
RXN-18121	CPD-19419	right
RXN-18121	Donor-H2	right
1.14.99.30-RXN	OXYGEN-MOLECULE	left
1.14.99.30-RXN	Donor-H2	left
1.14.99.30-RXN	NEUROSPORENE	left
1.14.99.30-RXN	WATER	right
1.14.99.30-RXN	Acceptor	right
1.14.99.30-RXN	CPD1F-114	right
RXN-9356	CPD-9965	left
RXN-9356	CPD-7867	left
RXN-9356	CPD-14270	right
RXN-9356	CO-A	right
RXN-5641	PROTON	left
RXN-5641	SER	left
RXN-5641	ETHANOL-AMINE	right
RXN-5641	CARBON-DIOXIDE	right
RXN-7755	CPD-12575	left
RXN-7755	CPD-7072	left
RXN-7755	CPD-7073	right
RXN-7755	UDP	right
RXN-9008	CPD-12575	left
RXN-9008	CPD-9461	left
RXN-9008	PROTON	right
RXN-9008	CPD-9469	right
RXN-9008	UDP	right
RXN-15433	CPD-16675	left
RXN-15433	Red-NADPH-Hemoprotein-Reductases	left
RXN-15433	OXYGEN-MOLECULE	left
RXN-15433	CPD-16676	right
RXN-15433	Ox-NADPH-Hemoprotein-Reductases	right
RXN-15433	WATER	right
RXN-12667	ACETYL-COA	left
RXN-12667	L-ORNITHINE	left
RXN-12667	CPD-13644	right
RXN-12667	CO-A	right
RXN-12667	PROTON	right
INORGPYROPHOSPHAT-RXN	WATER	left
INORGPYROPHOSPHAT-RXN	PPI	left
INORGPYROPHOSPHAT-RXN	PROTON	right
INORGPYROPHOSPHAT-RXN	Pi	right
RXN-11040	SE-2	left
RXN-11040	L-SELENOCYSTEINE	right
RXN-7686	NARINGENIN-CMPD	left
RXN-7686	2-KETOGLUTARATE	left
RXN-7686	OXYGEN-MOLECULE	left
RXN-7686	CPD-431	right
RXN-7686	SUC	right
RXN-7686	CARBON-DIOXIDE	right
RXN-7686	WATER	right
RXN-7686	PROTON	right
DIHYDRODIPICSYN-RXN	PYRUVATE	left
DIHYDRODIPICSYN-RXN	L-ASPARTATE-SEMIALDEHYDE	left
DIHYDRODIPICSYN-RXN	CPD-14443	right
DIHYDRODIPICSYN-RXN	WATER	right
DIHYDRODIPICSYN-RXN	PROTON	right
RXN-18162	CPDQT-262	left
RXN-18162	OXYGEN-MOLECULE	left
RXN-18162	Red-NADPH-Hemoprotein-Reductases	left
RXN-18162	GLUTATHIONE	left
RXN-18162	CPD-12405	right
RXN-18162	Ox-NADPH-Hemoprotein-Reductases	right
RXN-18162	WATER	right
RXN-16151	CPD-15364	left
RXN-16151	Glycerolipids	left
RXN-16151	CPD-17396	right
RXN-16151	CO-A	right
RXN-18967	CPD-7852	left
RXN-18967	OXYGEN-MOLECULE	left
RXN-18967	Donor-H2	left
RXN-18967	CPD-20426	right
RXN-18967	WATER	right
RXN-18967	Acceptor	right
RXN-13681	RETINAL	left
RXN-13681	WATER	left
RXN-13681	OXYGEN-MOLECULE	left
RXN-13681	RETINOATE	right
RXN-13681	HYDROGEN-PEROXIDE	right
RXN-13681	PROTON	right
RXN0-901	XANTHINE	left
RXN0-901	WATER	left
RXN0-901	NAD	left
RXN0-901	URATE	right
RXN0-901	NADH	right
RXN0-901	PROTON	right
2.4.1.214-RXN	CPD-13118	left
2.4.1.214-RXN	2-2-N-linked-Glycan	left
2.4.1.214-RXN	N4-N-ACETYL-BETA-D-GLUCOSAMINYL-F	right
2.4.1.214-RXN	PROTON	right
2.4.1.214-RXN	GDP	right
PHOSMANMUT-RXN	MANNOSE-1P	left
PHOSMANMUT-RXN	CPD-15979	right
RXN-1224	UDP-SULFOQUINOVOSE	left
RXN-1224	DIACYLGLYCEROL	left
RXN-1224	SULFOQUINOVOSYLDIACYLGLYCEROL	right
RXN-1224	UDP	right
RXN-1224	PROTON	right
RXN-9639	PROTON	left
RXN-9639	CPD-10272	left
RXN-9639	CPD-10273	right
RXN-9639	CARBON-DIOXIDE	right
RXN-9639	WATER	right
RXN-13846	S-ADENOSYLMETHIONINE	left
RXN-13846	CPD-14858	left
RXN-13846	CPD-14859	right
RXN-13846	PROTON	right
RXN-13846	ADENOSYL-HOMO-CYS	right
RXN-8391	Delta4-hexadecenoyl-ACPs	left
RXN-8391	MALONYL-ACP	left
RXN-8391	PROTON	left
RXN-8391	3-oxo-petroselinoyl-ACPs	right
RXN-8391	ACP	right
RXN-8391	CARBON-DIOXIDE	right
PUTRESCINE-OXIDASE-RXN	OXYGEN-MOLECULE	left
PUTRESCINE-OXIDASE-RXN	WATER	left
PUTRESCINE-OXIDASE-RXN	PUTRESCINE	left
PUTRESCINE-OXIDASE-RXN	AMMONIUM	right
PUTRESCINE-OXIDASE-RXN	HYDROGEN-PEROXIDE	right
PUTRESCINE-OXIDASE-RXN	4-AMINO-BUTYRALDEHYDE	right
TRANS-RXN-195	PURINE	left
TRANS-RXN-195	PROTON	left
TRANS-RXN-195	PURINE	right
TRANS-RXN-195	PROTON	right
RXNDQC-3	ATP	left
RXNDQC-3	CPLX-846	left
RXNDQC-3	ADP	right
RXNDQC-3	CPLXDQC-5	right
RXN-8353	CPD-8134	left
RXN-8353	NADP	left
RXN-8353	CPD-4141	right
RXN-8353	NADPH	right
RXN-8353	PROTON	right
RXN-11533	CPD-12495	left
RXN-11533	OXYGEN-MOLECULE	left
RXN-11533	Red-NADPH-Hemoprotein-Reductases	left
RXN-11533	CPD-12496	right
RXN-11533	WATER	right
RXN-11533	Ox-NADPH-Hemoprotein-Reductases	right
RXN-12186	DODECANOATE	left
RXN-12186	Red-NADPH-Hemoprotein-Reductases	left
RXN-12186	OXYGEN-MOLECULE	left
RXN-12186	CPD-17637	right
RXN-12186	Ox-NADPH-Hemoprotein-Reductases	right
RXN-12186	WATER	right
OXALYL-COA-DECARBOXYLASE-RXN	OXALYL-COA	left
OXALYL-COA-DECARBOXYLASE-RXN	PROTON	left
OXALYL-COA-DECARBOXYLASE-RXN	FORMYL-COA	right
OXALYL-COA-DECARBOXYLASE-RXN	CARBON-DIOXIDE	right
RXN-5985	CPD-5662	left
RXN-5985	PROTON	right
RXN-5985	BIOTIN	right
2.7.7.13-RXN	PROTON	left
2.7.7.13-RXN	MANNOSE-1P	left
2.7.7.13-RXN	GTP	left
2.7.7.13-RXN	GDP-MANNOSE	right
2.7.7.13-RXN	PPI	right
RXN-18960	CPD1F-130	left
RXN-18960	OXYGEN-MOLECULE	left
RXN-18960	Donor-H2	left
RXN-18960	CPD-20422	right
RXN-18960	WATER	right
RXN-18960	Acceptor	right
RXN-16362	CPD-17597	left
RXN-16362	Red-NADPH-Hemoprotein-Reductases	left
RXN-16362	OXYGEN-MOLECULE	left
RXN-16362	CPD-17598	right
RXN-16362	Ox-NADPH-Hemoprotein-Reductases	right
RXN-16362	WATER	right
RIBOFLAVINKIN-RXN	RIBOFLAVIN	left
RIBOFLAVINKIN-RXN	ATP	left
RIBOFLAVINKIN-RXN	PROTON	right
RIBOFLAVINKIN-RXN	FMN	right
RIBOFLAVINKIN-RXN	ADP	right
RXN-7064	CPD-12575	left
RXN-7064	CPD-6622	left
RXN-7064	PROTON	right
RXN-7064	CPD-6624	right
RXN-7064	UDP	right
RXN-11535	CPD-717	left
RXN-11535	OXYGEN-MOLECULE	left
RXN-11535	Red-NADPH-Hemoprotein-Reductases	left
RXN-11535	CPD-17422	right
RXN-11535	WATER	right
RXN-11535	Ox-NADPH-Hemoprotein-Reductases	right
RXN-18618	16-METHOXY-23-DIHYDRO-3-HYDROXYTABERSON	left
RXN-18618	Acceptor	left
RXN-18618	CPD-19892	right
RXN-18618	Donor-H2	right
RXN-11524	CPD-12486	left
RXN-11524	CPD-12491	right
RXN-11524	2-AMINOACRYLATE	right
RXN-11393	CPD-12354	left
RXN-11393	CPD-12362	right
1.14.11.20-RXN	OXYGEN-MOLECULE	left
1.14.11.20-RXN	2-KETOGLUTARATE	left
1.14.11.20-RXN	DEACETOXYVINDOLINE	left
1.14.11.20-RXN	CARBON-DIOXIDE	right
1.14.11.20-RXN	SUC	right
1.14.11.20-RXN	17-O-DEACETYLVINDOLINE	right
RXN-13949	P-COUMAROYL-COA	left
RXN-13949	CPD1F-453	left
RXN-13949	PROTON	left
RXN-13949	CPD-14988	right
RXN-13949	CO-A	right
RXN-20154	ACETYL-COA	left
RXN-20154	PROT-CYS	left
RXN-20154	Protein-S-Acetyl-Cysteines	right
RXN-20154	CO-A	right
GLUTATHIONE-REDUCT-NADPH-RXN	GLUTATHIONE	left
GLUTATHIONE-REDUCT-NADPH-RXN	NADP	left
GLUTATHIONE-REDUCT-NADPH-RXN	OXIDIZED-GLUTATHIONE	right
GLUTATHIONE-REDUCT-NADPH-RXN	NADPH	right
GLUTATHIONE-REDUCT-NADPH-RXN	PROTON	right
RXN-13697	L-ASPARTATE	left
RXN-13697	2-KETOGLUTARATE	left
RXN-13697	GLT	right
RXN-13697	OXALACETIC_ACID	right
RXN-8389	Palmitoyl-ACPs	left
RXN-8389	Reduced-ferredoxins	left
RXN-8389	OXYGEN-MOLECULE	left
RXN-8389	PROTON	left
RXN-8389	Palmitoleoyl-ACPs	right
RXN-8389	Oxidized-ferredoxins	right
RXN-8389	WATER	right
RXN-8450	CPD-7087	left
RXN-8450	2-KETOGLUTARATE	left
RXN-8450	OXYGEN-MOLECULE	left
RXN-8450	MYRICETIN	right
RXN-8450	SUC	right
RXN-8450	CARBON-DIOXIDE	right
RXN-8450	WATER	right
ISOFLAVONE-2-HYDROXYLASE-RXN	FORMONONETIN	left
ISOFLAVONE-2-HYDROXYLASE-RXN	Red-NADPH-Hemoprotein-Reductases	left
ISOFLAVONE-2-HYDROXYLASE-RXN	OXYGEN-MOLECULE	left
ISOFLAVONE-2-HYDROXYLASE-RXN	2-HYDROXYFORMONONETIN	right
ISOFLAVONE-2-HYDROXYLASE-RXN	Ox-NADPH-Hemoprotein-Reductases	right
ISOFLAVONE-2-HYDROXYLASE-RXN	WATER	right
2.6.1.64-RXN	GLN	left
2.6.1.64-RXN	PHENYL-PYRUVATE	left
2.6.1.64-RXN	2-KETO-GLUTARAMATE	right
2.6.1.64-RXN	PHE	right
RXN-7605	S-ADENOSYLMETHIONINE	left
RXN-7605	Demethylated-methyl-acceptors	left
RXN-7605	ADENOSYL-HOMO-CYS	right
RXN-7605	Methylated-methyl-acceptors	right
RXN-7605	PROTON	right
RXN-13338	CPD-4750	left
RXN-13338	CPD-14312	right
RXN-13338	PPI	right
5.3.1.23-RXN	CPD-444	left
5.3.1.23-RXN	CPD-1063	right
RXN-8009	CPD-3041	left
RXN-8009	OXYGEN-MOLECULE	left
RXN-8009	Red-NADPH-Hemoprotein-Reductases	left
RXN-8009	BUTEIN	right
RXN-8009	Ox-NADPH-Hemoprotein-Reductases	right
RXN-8009	WATER	right
RXN-16095	CPD-17347	left
RXN-16095	NADP	left
RXN-16095	CPD-17346	right
RXN-16095	NADPH	right
RXN-16095	PROTON	right
RXNQT-4316	PROTON	left
RXNQT-4316	CPDQT-405	left
RXNQT-4316	NADPH	left
RXNQT-4316	OXYGEN-MOLECULE	left
RXNQT-4316	CYS	left
RXNQT-4316	CPDQT-408	right
RXNQT-4316	NADP	right
RXNQT-4316	WATER	right
RXN-18128	CPD-19421	left
RXN-18128	OXYGEN-MOLECULE	left
RXN-18128	Red-NADPH-Hemoprotein-Reductases	left
RXN-18128	CPD-19436	right
RXN-18128	Ox-NADPH-Hemoprotein-Reductases	right
RXN-18128	WATER	right
RXN-11259	FERULOYL-COA	left
RXN-11259	SPERMIDINE	left
RXN-11259	PROTON	right
RXN-11259	CO-A	right
RXN-11259	CPD-12214	right
GLUCONOKIN-RXN	ATP	left
GLUCONOKIN-RXN	GLUCONATE	left
GLUCONOKIN-RXN	PROTON	right
GLUCONOKIN-RXN	CPD-2961	right
GLUCONOKIN-RXN	ADP	right
GTP-CYCLOHYDRO-II-RXN	WATER	left
GTP-CYCLOHYDRO-II-RXN	GTP	left
GTP-CYCLOHYDRO-II-RXN	PROTON	right
GTP-CYCLOHYDRO-II-RXN	Pi	right
GTP-CYCLOHYDRO-II-RXN	DIAMINO-OH-PHOSPHORIBOSYLAMINO-PYR	right
GTP-CYCLOHYDRO-II-RXN	FORMATE	right
RXN-20446	CPD-22101	left
RXN-20446	NADP	left
RXN-20446	CPD-22139	right
RXN-20446	NADPH	right
RXN-20446	PROTON	right
RXN-6461	S-ADENOSYLMETHIONINE	left
RXN-6461	B-ALANINE	left
RXN-6461	PROTON	right
RXN-6461	CPD-6141	right
RXN-6461	ADENOSYL-HOMO-CYS	right
RXN18C3-59	CPD-19216	left
RXN18C3-59	CPD-12575	left
RXN18C3-59	CPD-19196	right
RXN18C3-59	UDP	right
RXN18C3-59	PROTON	right
CINNAMATE-GLUCOSYLTRANSFERASE-RXN	CPD-12575	left
CINNAMATE-GLUCOSYLTRANSFERASE-RXN	CPD-674	left
CINNAMATE-GLUCOSYLTRANSFERASE-RXN	UDP	right
CINNAMATE-GLUCOSYLTRANSFERASE-RXN	TRANS-CINNAMOYL-BETA-D-GLUCOSE	right
3.2.1.21-RXN	Beta-D-glucosides	left
3.2.1.21-RXN	WATER	left
3.2.1.21-RXN	Non-Glucosylated-Glucose-Acceptors	right
3.2.1.21-RXN	Glucopyranose	right
FUMHYDR-RXN	MAL	left
FUMHYDR-RXN	FUM	right
FUMHYDR-RXN	WATER	right
RXN-5341	LINAMARIN	left
RXN-5341	WATER	left
RXN-5341	2-HYDROXY-2-METHYLPROPANENITRILE	right
RXN-5341	Glucopyranose	right
RXN-18730	CPD-20023	left
RXN-18730	CPD-20014	right
RXN-18730	WATER	right
PROLINE-MULTI	PROTON	left
PROLINE-MULTI	GLT	left
PROLINE-MULTI	ATP	left
PROLINE-MULTI	NADPH	left
PROLINE-MULTI	ADP	right
PROLINE-MULTI	L-GLUTAMATE_GAMMA-SEMIALDEHYDE	right
PROLINE-MULTI	NADP	right
PROLINE-MULTI	Pi	right
RXN-13496	CPD-14486	left
RXN-13496	CPD-14483	right
RXN-3202	3-HYDROXY-2-OXINDOLE-3-ACETYL-ASP	left
RXN-3202	CPD-12575	left
RXN-3202	3-O-BETA-GLUCOSYL-2-OXINDOLE-3-ACETYL-	right
RXN-3202	UDP	right
RXN-3202	PROTON	right
RXN-17472	S-ADENOSYLMETHIONINE	left
RXN-17472	Sulfurated-Sulfur-Acceptors	left
RXN-17472	DETHIOBIOTIN	left
RXN-17472	Reduced-2Fe-2S-Ferredoxins	left
RXN-17472	PROTON	left
RXN-17472	Unsulfurated-Sulfur-Acceptors	right
RXN-17472	CPD-5662	right
RXN-17472	CH33ADO	right
RXN-17472	MET	right
RXN-17472	Oxidized-2Fe-2S-Ferredoxins	right
RXN-8919	ACETYLSERINE	left
RXN-8919	CPD-10467	left
RXN-8919	CPD-9300	right
RXN-8919	ACET	right
RXN-8919	PROTON	right
RXN-12874	CPD-13911	left
RXN-12874	WATER	left
RXN-12874	L-THREONATE	right
RXN-12874	OXALATE	right
RXN-12874	PROTON	right
RXN-12641	NAD	left
RXN-12641	DIHYDRO-SPHINGOSINE	left
RXN-12641	DEHYDROSPHINGANINE	right
RXN-12641	NADH	right
RXN-12641	PROTON	right
RXNQT-4355	CPDQT-428	left
RXNQT-4355	Acceptor	left
RXNQT-4355	INDOLE-3-CARBOXALDEHYDE	right
RXNQT-4355	Donor-H2	right
RXN-6723	S-ADENOSYLMETHIONINE	left
RXN-6723	CPD-110	left
RXN-6723	CPD-6442	right
RXN-6723	ADENOSYL-HOMO-CYS	right
RXN-9114	CPD-9625	left
RXN-9114	CPD-9618	right
RXN-8543	FARNESYL-PP	left
RXN-8543	CPD-8732	right
RXN-8543	PPI	right
RXN-7227	PROTON	left
RXN-7227	CPD-6645	left
RXN-7227	NADPH	left
RXN-7227	KIEVITONE-CPD	right
RXN-7227	NADP	right
RXN-8429	FARNESYL-PP	left
RXN-8429	CPD-8246	right
RXN-8429	PPI	right
RXN-16042	CPD-14394	left
RXN-16042	Glycerolipids	left
RXN-16042	CPD-17281	right
RXN-16042	CO-A	right
RXN-12370	CPD3O-4151	left
RXN-12370	CPD-12575	left
RXN-12370	CPD-13354	right
RXN-12370	UDP	right
RXN-12370	PROTON	right
RXN-8510	CPD-8693	left
RXN-8510	Red-NADPH-Hemoprotein-Reductases	left
RXN-8510	OXYGEN-MOLECULE	left
RXN-8510	CPD-8694	right
RXN-8510	Ox-NADPH-Hemoprotein-Reductases	right
RXN-8510	WATER	right
RXN-8510	PROTON	right
RXN-10692	CPD-10359	left
RXN-10692	NADP	left
RXN-10692	WATER	left
RXN-10692	CPD-11512	right
RXN-10692	NADPH	right
RXN-10692	PROTON	right
RXN-11928	CPD-12867	left
RXN-11928	NAD	left
RXN-11928	CPD-12868	right
RXN-11928	NADH	right
RXN-11928	CARBON-DIOXIDE	right
RXN-20917	ETR-Quinones	left
RXN-20917	D-LACTATE	left
RXN-20917	ETR-Quinols	right
RXN-20917	PYRUVATE	right
RXN-7633	CPD-6982	left
RXN-7633	CAFFEOYL-COA	left
RXN-7633	CPD-6981	right
RXN-7633	CO-A	right
RXN-18957	CPD-17650	left
RXN-18957	OXYGEN-MOLECULE	left
RXN-18957	Donor-H2	left
RXN-18957	CPD-20421	right
RXN-18957	WATER	right
RXN-18957	Acceptor	right
RXN-13770	CPD-12745	left
RXN-13770	CPD-14803	right
RXN-13770	PPI	right
RXNQT-4377	UTP	left
RXNQT-4377	CPD-7246	left
RXNQT-4377	PPI	right
RXNQT-4377	UDP-N-ACETYL-GALACTOSAMINE	right
RXN-13508	CPD-8250	left
RXN-13508	Red-NADPH-Hemoprotein-Reductases	left
RXN-13508	OXYGEN-MOLECULE	left
RXN-13508	CPD-14496	right
RXN-13508	Ox-NADPH-Hemoprotein-Reductases	right
RXN-13508	WATER	right
RXN-13508	PROTON	right
RXN-12697	CPD-13686	left
RXN-12697	MALONYL-COA	left
RXN-12697	CPD-13687	right
RXN-12697	CO-A	right
RXN-12845	EPOXYSQUALENE	left
RXN-12845	CPD-13882	right
GLUTATHIONE-SYN-RXN	GLY	left
GLUTATHIONE-SYN-RXN	L-GAMMA-GLUTAMYLCYSTEINE	left
GLUTATHIONE-SYN-RXN	ATP	left
GLUTATHIONE-SYN-RXN	PROTON	right
GLUTATHIONE-SYN-RXN	GLUTATHIONE	right
GLUTATHIONE-SYN-RXN	Pi	right
GLUTATHIONE-SYN-RXN	ADP	right
4.2.1.61-RXN	R-3-Hydroxypalmitoyl-ACPs	left
4.2.1.61-RXN	WATER	right
4.2.1.61-RXN	2-Hexadecenoyl-ACPs	right
RXN-10859	STRICTOSIDINE	left
RXN-10859	WATER	left
RXN-10859	CPD-11775	right
RXN-10859	CARBON-DIOXIDE	right
SEQUOYITOL-DEHYDROGENASE-RXN	PROTON	left
SEQUOYITOL-DEHYDROGENASE-RXN	PENTAHYDROXYCYCLOHEXANONE	left
SEQUOYITOL-DEHYDROGENASE-RXN	NADH	left
SEQUOYITOL-DEHYDROGENASE-RXN	5-O-METHYL-MYO-INOSITOL	right
SEQUOYITOL-DEHYDROGENASE-RXN	NAD	right
RXN-9670	OLEOYL-COA	left
RXN-9670	Glycerolipids	left
RXN-9670	Oleoyl-lipid	right
RXN-9670	CO-A	right
RXN-4821	PROTON	left
RXN-4821	DELTA1-PIPERIDEINE-2-6-DICARBOXYLATE	left
RXN-4821	WATER	left
RXN-4821	L-ALPHA-AMINO-EPSILON-KETO-PIMELATE	right
RXN-11911	CPD-12568	left
RXN-11911	Red-NADPH-Hemoprotein-Reductases	left
RXN-11911	OXYGEN-MOLECULE	left
RXN-11911	CPD-8844	right
RXN-11911	CPD-8847	right
RXN-11911	Ox-NADPH-Hemoprotein-Reductases	right
RXN-11911	WATER	right
RXN-8918	CYS	left
RXN-8918	CPD-9315	left
RXN-8918	CPD-9298	right
RXN-7676	CHLOROPHYLLIDE-A	left
RXN-7676	OXYGEN-MOLECULE	left
RXN-7676	NADPH	left
RXN-7676	PROTON	left
RXN-7676	CPD-7015	right
RXN-7676	WATER	right
RXN-7676	NADP	right
RXN-15650	GLN	left
RXN-15650	CPD-479	left
RXN-15650	2-KETO-GLUTARAMATE	right
RXN-15650	MET	right
RXN-13956	S-ADENOSYLMETHIONINE	left
RXN-13956	5prime-hydroxy-3priime-methoxyflavonoids	left
RXN-13956	ADENOSYL-HOMO-CYS	right
RXN-13956	35-di-O-methylflavonoids	right
RXN-11583	S-ADENOSYLMETHIONINE	left
RXN-11583	CPD-12571	left
RXN-11583	PROTON	right
RXN-11583	ADENOSYL-HOMO-CYS	right
RXN-11583	CPD-12572	right
RXN-15640	BERBERINE	left
RXN-15640	NADPH	left
RXN-15640	CPD-16870	right
RXN-15640	NADP	right
RXN-9076	Glucosylated-Glucose-Acceptors	left
RXN-9076	INDOLE_ACETATE_AUXIN	left
RXN-9076	Non-Glucosylated-Glucose-Acceptors	right
RXN-9076	CPD-9567	right
RXN-18161	3-METHYLTHIOPROPANALDOXIME	left
RXN-18161	OXYGEN-MOLECULE	left
RXN-18161	Red-NADPH-Hemoprotein-Reductases	left
RXN-18161	GLUTATHIONE	left
RXN-18161	CPD-12390	right
RXN-18161	WATER	right
RXN-18161	Ox-NADPH-Hemoprotein-Reductases	right
2.3.1.75-RXN	Long-Chain-Acyl-CoAs	left
2.3.1.75-RXN	Long-chain-alcohols	left
2.3.1.75-RXN	CO-A	right
2.3.1.75-RXN	LC-alcohol-LC-acyl-ester	right
RXN-8372	CPD-9965	left
RXN-8372	OXYGEN-MOLECULE	left
RXN-8372	FERROCYTOCHROME-B5	left
RXN-8372	PROTON	left
RXN-8372	CPD-8171	right
RXN-8372	WATER	right
RXN-8372	FERRICYTOCHROME-B5	right
RXN-7651	PROTON	left
RXN-7651	CPD-431	left
RXN-7651	NADPH	left
RXN-7651	OXYGEN-MOLECULE	left
RXN-7651	5734-TETRAHYDROXYFLAVONE	right
RXN-7651	NADP	right
RXN-7651	WATER	right
RXN-8535	PROTON	left
RXN-8535	CPD-8699	left
RXN-8535	NADPH	left
RXN-8535	OXYGEN-MOLECULE	left
RXN-8535	CPD-8726	right
RXN-8535	NADP	right
RXN-8535	WATER	right
RXN-5761	S-ADENOSYLMETHIONINE	left
RXN-5761	ETHANOL-AMINE	left
RXN-5761	PROTON	right
RXN-5761	CPD-5601	right
RXN-5761	ADENOSYL-HOMO-CYS	right
RXN-14276	CPD-14916	left
RXN-14276	CPD0-2108	right
RXN-14276	WATER	right
RXN-16119	CPD-17370	left
RXN-16119	CPD-17375	left
RXN-16119	CPD-17374	right
RXN-16119	CO-A	right
RXN-13285	S-ADENOSYLMETHIONINE	left
RXN-13285	CPD-14263	left
RXN-13285	CPD-14264	right
RXN-13285	ADENOSYL-HOMO-CYS	right
RXN-13285	PROTON	right
RXN-14113	CPD-3707	left
RXN-14113	WATER	left
RXN-14113	CPD-3706	right
RXN-14113	PROTON	right
RXN-12529	GLUTATHIONE	left
RXN-12529	CPD-211	left
RXN-12529	CPD-13498	right
RXN-12529	GLY	right
RXN-13542	CPD-7035	left
RXN-13542	ACETYL-COA	left
RXN-13542	CPD-14529	right
RXN-13542	CO-A	right
ESTRADIOL-17-BETA-DEHYDROGENASE-RXN	CPD-352	left
ESTRADIOL-17-BETA-DEHYDROGENASE-RXN	NADP	left
ESTRADIOL-17-BETA-DEHYDROGENASE-RXN	ESTRONE	right
ESTRADIOL-17-BETA-DEHYDROGENASE-RXN	NADPH	right
ESTRADIOL-17-BETA-DEHYDROGENASE-RXN	PROTON	right
RXN-16210	CPD-10216	left
RXN-16210	MALONYL-COA	left
RXN-16210	CPD-17454	right
RXN-16210	CO-A	right
RXN-13543	CPD-14529	left
RXN-13543	WATER	left
RXN-13543	CPD-7035	right
RXN-13543	ACET	right
RXN-13543	PROTON	right
RXN-9018	S-ADENOSYLMETHIONINE	left
RXN-9018	CPD-9501	left
RXN-9018	PROTON	right
RXN-9018	CPD-9502	right
RXN-9018	ADENOSYL-HOMO-CYS	right
RXN-18165	CPDQT-341	left
RXN-18165	OXYGEN-MOLECULE	left
RXN-18165	Red-NADPH-Hemoprotein-Reductases	left
RXN-18165	GLUTATHIONE	left
RXN-18165	CPD-12393	right
RXN-18165	Ox-NADPH-Hemoprotein-Reductases	right
RXN-18165	WATER	right
RXN-8001	HISTIDINOL	left
RXN-8001	NAD	left
RXN-8001	WATER	left
RXN-8001	HIS	right
RXN-8001	NADH	right
RXN-8001	PROTON	right
RXN-12721	SELENITE	left
RXN-12721	AMP	left
RXN-12721	OXIDIZED-GLUTATHIONE	left
RXN-12721	PROTON	left
RXN-12721	CPD-13713	right
RXN-12721	GLUTATHIONE	right
FADSYN-RXN	FMN	left
FADSYN-RXN	ATP	left
FADSYN-RXN	PROTON	left
FADSYN-RXN	FAD	right
FADSYN-RXN	PPI	right
RXN-13806	S-ADENOSYLMETHIONINE	left
RXN-13806	S-TETRAHYDROBERBERINE	left
RXN-13806	S-N-METHYLCANADINE	right
RXN-13806	ADENOSYL-HOMO-CYS	right
FORMYLTHFDEFORMYL-RXN	FORMYL-THF-GLU-N	left
FORMYLTHFDEFORMYL-RXN	WATER	left
FORMYLTHFDEFORMYL-RXN	THF-GLU-N	right
FORMYLTHFDEFORMYL-RXN	FORMATE	right
FORMYLTHFDEFORMYL-RXN	PROTON	right
RXN-7655	CPD-6996	left
RXN-7655	Red-NADPH-Hemoprotein-Reductases	left
RXN-7655	OXYGEN-MOLECULE	left
RXN-7655	CPD-6997	right
RXN-7655	Ox-NADPH-Hemoprotein-Reductases	right
RXN-7655	WATER	right
RXN-15140	DEOXYADENOSINE	left
RXN-15140	CPD-12377	left
RXN-15140	CPD-16020	right
RXN-15140	WATER	right
RXN-13284	S-ADENOSYLMETHIONINE	left
RXN-13284	SQUALENE	left
RXN-13284	CPD-14263	right
RXN-13284	ADENOSYL-HOMO-CYS	right
RXN-13284	PROTON	right
RXN-8718	1-O6-O-DIGALLOYL-BETA-D-GLUCOSE	left
RXN-8718	CPD-8947	right
RXN-8718	CPD-8948	right
RXN-7978	CPD1F-130	left
RXN-7978	Reduced-ferredoxins	left
RXN-7978	PROTON	left
RXN-7978	OXYGEN-MOLECULE	left
RXN-7978	CPD1F-131	right
RXN-7978	Oxidized-ferredoxins	right
RXN-7978	WATER	right
SHCHCSYNTH-RXN	SUCCINATE-SEMIALDEHYDE-THIAMINE-PPI	left
SHCHCSYNTH-RXN	ISOCHORISMATE	left
SHCHCSYNTH-RXN	SUCCINYL-OH-CYCLOHEXADIENE-COOH	right
SHCHCSYNTH-RXN	THIAMINE-PYROPHOSPHATE	right
SHCHCSYNTH-RXN	PYRUVATE	right
RXN-2102	Methyl-esterified-homogalacturonan	left
RXN-2102	WATER	left
RXN-2102	1-4-alpha-D-galacturonosyl	right
RXN-2102	METOH	right
RXN-2102	PROTON	right
RXN-4781	FARNESYL-PP	left
RXN-4781	CPD-4664	right
RXN-4781	PPI	right
RXNIO2-3	CPD-8289	left
RXNIO2-3	Donor-H2	left
RXNIO2-3	OXYGEN-MOLECULE	left
RXNIO2-3	CPD-8290	right
RXNIO2-3	Acceptor	right
RXNIO2-3	WATER	right
RXN-5108	GERANYL-PP	left
RXN-5108	CPD-4890	right
RXN-5108	PPI	right
RXN-5283	13-HYDROXY-MAGNESIUM-PROTOPORP	left
RXN-5283	NADPH	left
RXN-5283	PROTON	left
RXN-5283	OXYGEN-MOLECULE	left
RXN-5283	131-OXO-MAGNESIUM-PROTOPORPHYRIN-IX-13-M	right
RXN-5283	NADP	right
RXN-5283	WATER	right
1.1.1.278-RXN	3-BETA-HYDROXY-5-ALPHA-PREGNANE-20-ONE	left
1.1.1.278-RXN	NADP	left
1.1.1.278-RXN	PROTON	right
1.1.1.278-RXN	CPD-293	right
1.1.1.278-RXN	NADPH	right
TRANS-RXN-231	GLN	left
TRANS-RXN-231	GLN	right
RXN-13891	CPD-14900	left
RXN-13891	NADP	left
RXN-13891	CPD-14899	right
RXN-13891	NADPH	right
RXN-13891	PROTON	right
RXN-7061	S-ADENOSYLMETHIONINE	left
RXN-7061	CPD-6562	left
RXN-7061	PROTON	right
RXN-7061	CPD-6561	right
RXN-7061	ADENOSYL-HOMO-CYS	right
RXN-11755	UDP-GLUCURONATE	left
RXN-11755	CPD-12724	left
RXN-11755	PROTON	right
RXN-11755	UDP	right
RXN-11755	CPD-12725	right
RXN-16839	CPD-10349	left
RXN-16839	UDP-L-ARABINOSE	left
RXN-16839	CPD-18157	right
RXN-16839	UDP	right
RXN-16839	PROTON	right
RXN-8223	STRICTOSIDINE-AGLYCONE	left
RXN-8223	CPD-21552	right
RXN-8223	WATER	right
RXN-13190	CPD1F-128	left
RXN-13190	OXYGEN-MOLECULE	left
RXN-13190	Red-NADPH-Hemoprotein-Reductases	left
RXN-13190	CPD1F-132	right
RXN-13190	WATER	right
RXN-13190	Ox-NADPH-Hemoprotein-Reductases	right
RXN-13190	PROTON	right
RXN-18753	CPD-15088	left
RXN-18753	CPD-20015	right
RXN-22817	D-xylofuranose	left
RXN-22817	D-Xylopyranose	right
RXN0-6490	OROTATE	left
RXN0-6490	PROTON	left
RXN0-6490	E-	left
RXN0-6490	DI-H-OROTATE	right
RXN-9747	CPD-10457	left
RXN-9747	NADP	left
RXN-9747	CPD-10453	right
RXN-9747	NADPH	right
RXN-9747	PROTON	right
RXN-20310	CPD-12575	left
RXN-20310	CPD-6442	left
RXN-20310	CPD-21592	right
RXN-20310	UDP	right
RXN-20310	PROTON	right
RXN-8270	CPD-12575	left
RXN-8270	CPD1F-453	left
RXN-8270	CPD-8034	right
RXN-8270	UDP	right
RXN-9344	Long-Chain-Acyl-CoAs	left
RXN-9344	NADPH	left
RXN-9344	PROTON	left
RXN-9344	Long-chain-alcohols	right
RXN-9344	CO-A	right
RXN-9344	NADP	right
RXN-15651	2-KETO-GLUTARAMATE	left
RXN-15651	CPD-16876	right
GDPKIN-RXN	GDP	left
GDPKIN-RXN	ATP	left
GDPKIN-RXN	GTP	right
GDPKIN-RXN	ADP	right
RXN-12873	CPD-13910	left
RXN-12873	WATER	left
RXN-12873	CPD-13911	right
RXN-12873	PROTON	right
RXN-13024	CPD-14051	left
RXN-13024	OXYGEN-MOLECULE	left
RXN-13024	Red-NADPH-Hemoprotein-Reductases	left
RXN-13024	CPD-14052	right
RXN-13024	WATER	right
RXN-13024	Ox-NADPH-Hemoprotein-Reductases	right
RXN-15326	CPD1F-766	left
RXN-15326	UDP-D-XYLOSE	left
RXN-15326	CPD-16535	right
RXN-15326	UDP	right
RXN-15326	PROTON	right
RXN-8232	CPD-7966	left
RXN-8232	CAFFEOYL-COA	left
RXN-8232	CPD-7963	right
RXN-8232	CO-A	right
RXN-4730	CPD-12575	left
RXN-4730	CPD-4604	left
RXN-4730	PROTON	right
RXN-4730	CPD-4608	right
RXN-4730	UDP	right
RXN-12754	NADH	left
RXN-12754	WATER	left
RXN-12754	CPD0-2472	right
RXN-13909	FORMYL-THF-GLU-N	left
RXN-13909	NAD	left
RXN-13909	10-FORMYL-DIHYDROFOLATE-GLU-N	right
RXN-13909	NADH	right
RXN-13909	PROTON	right
RXN-12267	LONG-CHAIN-KETONE	left
RXN-12267	NADP	left
RXN-12267	Enones	right
RXN-12267	NADPH	right
RXN-12267	PROTON	right
RXN-21523	Hydroxymethylbilane-Synthase-ES2	left
RXN-21523	PORPHOBILINOGEN	left
RXN-21523	Hydroxymethylbilane-Synthase-ES3	right
RXN-21523	AMMONIUM	right
RXN-8971	CPD-9413	left
RXN-8971	OXYGEN-MOLECULE	left
RXN-8971	Red-NADPH-Hemoprotein-Reductases	left
RXN-8971	PROTON	left
RXN-8971	CPD-9410	right
RXN-8971	WATER	right
RXN-8971	Ox-NADPH-Hemoprotein-Reductases	right
RXN-1802	1-KESTOTRIOSE	left
RXN-1802	SUCROSE	left
RXN-1802	NEOKESTOSE	right
RXN-1802	SUCROSE	right
RXN-12078	GALACTITOL	left
RXN-12078	NADP	left
RXN-12078	D-galactopyranose	right
RXN-12078	NADPH	right
RXN-12078	PROTON	right
RXN-13968	3Z-PHYTOCHROMOBILIN	left
RXN-13968	CPD-15004	right
RXN-13644	CPD-14649	left
RXN-13644	OXYGEN-MOLECULE	left
RXN-13644	Acceptor	left
RXN-13644	CPD-14651	right
RXN-13644	Donor-H2	right
RXN-13644	PROTON	right
ACETYL-COA-HYDROLASE-RXN	WATER	left
ACETYL-COA-HYDROLASE-RXN	ACETYL-COA	left
ACETYL-COA-HYDROLASE-RXN	PROTON	right
ACETYL-COA-HYDROLASE-RXN	ACET	right
ACETYL-COA-HYDROLASE-RXN	CO-A	right
RXN-9248	CPD-9877	left
RXN-9248	CPD-9878	right
PHENYLALANINE-AMMONIA-LYASE-RXN	PHE	left
PHENYLALANINE-AMMONIA-LYASE-RXN	CPD-674	right
PHENYLALANINE-AMMONIA-LYASE-RXN	AMMONIUM	right
RXN-10887	4-hydroxybenzoate	left
RXN-10887	GLT	left
RXN-10887	ATP	left
RXN-10887	PROTON	right
RXN-10887	CPD-11847	right
RXN-10887	AMP	right
RXN-10887	PPI	right
RXN-5101	GERANYL-PP	left
RXN-5101	WATER	left
RXN-5101	CPD-4887	right
RXN-5101	PPI	right
RXN-11926	CPD-696	left
RXN-11926	FERROCYTOCHROME-B5	left
RXN-11926	OXYGEN-MOLECULE	left
RXN-11926	PROTON	left
RXN-11926	CPD-12865	right
RXN-11926	FERRICYTOCHROME-B5	right
RXN-11926	WATER	right
RXN-19717	CPD4FS-7	left
RXN-19717	Red-NADPH-Hemoprotein-Reductases	left
RXN-19717	OXYGEN-MOLECULE	left
RXN-19717	CPD-692	right
RXN-19717	Ox-NADPH-Hemoprotein-Reductases	right
RXN-19717	WATER	right
RXN-525	DIHYDROKAEMPFEROL-CMPD	left
RXN-525	Red-NADPH-Hemoprotein-Reductases	left
RXN-525	OXYGEN-MOLECULE	left
RXN-525	CPD-474	right
RXN-525	Ox-NADPH-Hemoprotein-Reductases	right
RXN-525	WATER	right
RXN-525	PROTON	right
RXN-11532	CPD-12493	left
RXN-11532	Acceptor	left
RXN-11532	Donor-H2	right
RXN-11532	CPD-3946	right
RXN-9532	R-3-hydroxydodecanoyl-ACPs	left
RXN-9532	NADP	left
RXN-9532	3-oxo-dodecanoyl-ACPs	right
RXN-9532	NADPH	right
RXN-9532	PROTON	right
RXN-7699	D-3-HYDROXYACYL-COA	left
RXN-7699	TRANS-D2-ENOYL-COA	right
RXN-7699	WATER	right
RXN-9001	CPD-14553	left
RXN-9001	CPD-9460	left
RXN-9001	PROTON	right
RXN-9001	UDP	right
RXN-9001	CPD-9461	right
2.1.1.121-RXN	S-ADENOSYLMETHIONINE	left
2.1.1.121-RXN	6-O-METHYLNORLAUDANOSOLINE	left
2.1.1.121-RXN	ADENOSYL-HOMO-CYS	right
2.1.1.121-RXN	CPD-15799	right
2.1.1.121-RXN	PROTON	right
NADH-DEHYDROG-RXN	Ubiquinones	left
NADH-DEHYDROG-RXN	NADH	left
NADH-DEHYDROG-RXN	Ubiquinols	right
NADH-DEHYDROG-RXN	NAD	right
RXN-9771	PROTON	left
RXN-9771	IMINOASPARTATE	left
RXN-9771	WATER	left
RXN-9771	OXALACETIC_ACID	right
RXN-9771	AMMONIUM	right
NADPYROPHOSPHAT-RXN	WATER	left
NADPYROPHOSPHAT-RXN	NAD	left
NADPYROPHOSPHAT-RXN	PROTON	right
NADPYROPHOSPHAT-RXN	NICOTINAMIDE_NUCLEOTIDE	right
NADPYROPHOSPHAT-RXN	AMP	right
RXN-8428	FARNESYL-PP	left
RXN-8428	CPD-8245	right
RXN-8428	PPI	right
RXN-15978	CPD-8668	left
RXN-15978	Heat	left
RXN-15978	CPD-8669	right
RXN-15978	Glucopyranose	right
RXN-10036	PHOSPHATIDYLINOSITOL-345-TRIPHOSPHATE	left
RXN-10036	WATER	left
RXN-10036	1-PHOSPHATIDYL-1D-MYO-INOSITOL-34-BISPH	right
RXN-10036	Pi	right
RXN-8683	CPD-8908	left
RXN-8683	NADP	left
RXN-8683	CPD-8906	right
RXN-8683	NADPH	right
RXN-8683	PROTON	right
RXN-15439	CPD-16679	left
RXN-15439	Red-NADPH-Hemoprotein-Reductases	left
RXN-15439	OXYGEN-MOLECULE	left
RXN-15439	CPD-16680	right
RXN-15439	Ox-NADPH-Hemoprotein-Reductases	right
RXN-15439	WATER	right
RXN-7162	INOSITOL-1456-TETRAKISPHOSPHATE	left
RXN-7162	ATP	left
RXN-7162	PROTON	right
RXN-7162	CPD-1107	right
RXN-7162	ADP	right
RXN-11274	CPD-685	left
RXN-11274	CPD-12223	right
2.1.1.71-RXN	S-ADENOSYLMETHIONINE	left
2.1.1.71-RXN	CPD-405	left
2.1.1.71-RXN	CPD-160	right
2.1.1.71-RXN	PROTON	right
2.1.1.71-RXN	ADENOSYL-HOMO-CYS	right
RXN-7809	CPD-7107	left
RXN-7809	OXYGEN-MOLECULE	left
RXN-7809	Donor-H2	left
RXN-7809	CPD-7108	right
RXN-7809	WATER	right
RXN-7809	Acceptor	right
RXN-12625	CHITOBIOSE	left
RXN-12625	WATER	left
RXN-12625	N-acetyl-D-glucosamine	right
RXN-9152	CPD-9674	left
RXN-9152	OXYGEN-MOLECULE	left
RXN-9152	NADPH	left
RXN-9152	OXALATE	right
RXN-9152	CL-	right
RXN-9152	NADP	right
RXN-9152	PROTON	right
RXN-9661	Dodecanoyl-ACPs	left
RXN-9661	NAD	left
RXN-9661	Dodec-2-enoyl-ACPs	right
RXN-9661	NADH	right
RXN-9661	PROTON	right
F16BDEPHOS-RXN	FRUCTOSE-16-DIPHOSPHATE	left
F16BDEPHOS-RXN	WATER	left
F16BDEPHOS-RXN	FRUCTOSE-6P	right
F16BDEPHOS-RXN	Pi	right
RXN-9339	CPD-9951	left
RXN-9339	NAD	left
RXN-9339	CPD-9950	right
RXN-9339	NADH	right
RXN-9339	PROTON	right
RXN18C3-28	SUCROSE	left
RXN18C3-28	LAUROYLCOA-CPD	left
RXN18C3-28	CPD-19021	right
RXN18C3-28	CO-A	right
RXN-10598	FARNESYL-PP	left
RXN-10598	PPI	right
RXN-10598	CPD-11392	right
RXN-5021	CPD-12575	left
RXN-5021	CPD-431	left
RXN-5021	APIGENIN-7-O-BETA-D-GLUCOSIDE	right
RXN-5021	UDP	right
RXN-5021	PROTON	right
RXN-13540	CPD-7035	left
RXN-13540	CPD-12575	left
RXN-13540	CPD-14528	right
RXN-13540	UDP	right
RXN-13540	PROTON	right
RXN-11641	CPD-24413	left
RXN-11641	Red-NADPH-Hemoprotein-Reductases	left
RXN-11641	OXYGEN-MOLECULE	left
RXN-11641	2-HYDROXY-23-DIHYDRODAIDZEIN	right
RXN-11641	Ox-NADPH-Hemoprotein-Reductases	right
RXN-11641	WATER	right
RXN-9195	CPD-7994	left
RXN-9195	ACETYL-COA	left
RXN-9195	CPD-9771	right
RXN-16784	CPD-16535	left
RXN-16784	CAFFEOYL-COA	left
RXN-16784	PROTON	left
RXN-16784	CPD-18097	right
RXN-16784	CO-A	right
RXN-8329	CPD-2182	left
RXN-8329	OXYGEN-MOLECULE	left
RXN-8329	FERROCYTOCHROME-B5	left
RXN-8329	PROTON	left
RXN-8329	CPD-8093	right
RXN-8329	WATER	right
RXN-8329	FERRICYTOCHROME-B5	right
RXN-5961	PROTON	left
RXN-5961	CPD1F-118	left
RXN-5961	NADPH	left
RXN-5961	OXYGEN-MOLECULE	left
RXN-5961	CPD-5661	right
RXN-5961	NADP	right
RXN-5961	WATER	right
4.1.1.74-RXN	PROTON	left
4.1.1.74-RXN	INDOLE_PYRUVATE	left
4.1.1.74-RXN	CARBON-DIOXIDE	right
4.1.1.74-RXN	INDOLE_ACETALDEHYDE	right
3-CH3-2-OXOBUTANOATE-OH-CH3-XFER-RXN	METHYLENE-THF-GLU-N	left
3-CH3-2-OXOBUTANOATE-OH-CH3-XFER-RXN	2-KETO-ISOVALERATE	left
3-CH3-2-OXOBUTANOATE-OH-CH3-XFER-RXN	WATER	left
3-CH3-2-OXOBUTANOATE-OH-CH3-XFER-RXN	2-DEHYDROPANTOATE	right
3-CH3-2-OXOBUTANOATE-OH-CH3-XFER-RXN	THF-GLU-N	right
1.3.7.4-RXN	Oxidized-ferredoxins	left
1.3.7.4-RXN	3Z-PHYTOCHROMOBILIN	left
1.3.7.4-RXN	BILIVERDINE	right
1.3.7.4-RXN	Reduced-ferredoxins	right
1.3.7.4-RXN	PROTON	right
RXN-13948	P-COUMAROYL-COA	left
RXN-13948	CPD1F-453	left
RXN-13948	PROTON	left
RXN-13948	CPD-14991	right
RXN-13948	CO-A	right
RXN-17697	CPD-12575	left
RXN-17697	CPD-7630	left
RXN-17697	CPD-19110	right
RXN-17697	UDP	right
RXN-17697	PROTON	right
RXN-13283	S-ADENOSYLMETHIONINE	left
RXN-13283	CPD-14261	left
RXN-13283	CPD-14262	right
RXN-13283	ADENOSYL-HOMO-CYS	right
RXN-13283	PROTON	right
RXN-10734	PROTON	left
RXN-10734	MALONYL-COA	left
RXN-10734	CPD-11555	right
RXN-10734	CO-A	right
RXN-10734	CARBON-DIOXIDE	right
RXN-10734	WATER	right
RXNQT-4146	FRUCTOSE-16-DIPHOSPHATE	left
RXNQT-4146	CPDQT-7	right
RXN-8351	CPD-15870	left
RXN-8351	CYS	left
RXN-8351	Donor-H2	left
RXN-8351	CPD-15871	right
RXN-8351	L-ALPHA-ALANINE	right
RXN-8351	WATER	right
RXN-8351	Acceptor	right
RXN-20968	CPD-12575	left
RXN-20968	CPD-22577	left
RXN-20968	CPD-22610	right
RXN-20968	UDP	right
RXN-20968	PROTON	right
RXN-7834	PELARGONIDIN-3-GLUCOSIDE-CMPD	left
RXN-7834	MALONYL-COA	left
RXN-7834	CPD-7149	right
RXN-7834	CO-A	right
RXN-15392	CPD-16622	left
RXN-15392	CPD-16625	right
RXN-11664	CPD-12634	left
RXN-11664	WATER	left
RXN-11664	CPD-12635	right
RXN-11664	GLT	right
R83-RXN	2-HYDROXY-3-KETO-5-METHYLTHIO-1-PHOSPHOP	left
R83-RXN	WATER	left
R83-RXN	CPD-85	right
R83-RXN	Pi	right
RXN-7854	CPD-7166	left
RXN-7854	OXYGEN-MOLECULE	left
RXN-7854	CPD-7169	right
RXN-7854	HYDROGEN-PEROXIDE	right
RXN-12954	COUMARYL-ALCOHOL	left
RXN-12954	ACETYL-COA	left
RXN-12954	CPD-12215	right
RXN-12954	CO-A	right
RXN-18140	CPD-19428	left
RXN-18140	OXYGEN-MOLECULE	left
RXN-18140	Red-NADPH-Hemoprotein-Reductases	left
RXN-18140	CPD-19447	right
RXN-18140	WATER	right
RXN-18140	Ox-NADPH-Hemoprotein-Reductases	right
RXN-9531	Decanoyl-ACPs	left
RXN-9531	MALONYL-ACP	left
RXN-9531	PROTON	left
RXN-9531	3-oxo-dodecanoyl-ACPs	right
RXN-9531	CARBON-DIOXIDE	right
RXN-9531	ACP	right
RXN-18204	CPDQT-38	left
RXN-18204	NAD	left
RXN-18204	CPD-19489	right
RXN-18204	NADH	right
RXN-18204	PROTON	right
RXN-13247	3-KETOACYL-COA	left
RXN-13247	WATER	left
RXN-13247	CPD-12642	right
RXN-13247	PROTON	right
RXN-13247	CO-A	right
RXN-9662	Myristoyl-ACPs	left
RXN-9662	NAD	left
RXN-9662	Tetradec-2-enoyl-ACPs	right
RXN-9662	NADH	right
RXN-9662	PROTON	right
RXN-8302	CPD-2188	left
RXN-8302	OXYGEN-MOLECULE	left
RXN-8302	Reduced-ferredoxins	left
RXN-8302	PROTON	left
RXN-8302	CPD-8077	right
RXN-8302	WATER	right
RXN-8302	Oxidized-ferredoxins	right
RXN-14041	S-ADENOSYLMETHIONINE	left
RXN-14041	CPD-15055	left
RXN-14041	ADENOSYL-HOMO-CYS	right
RXN-14041	CPD-15049	right
RXN-14041	PROTON	right
RXN-12519	trans-2-cis-5-dienoyl-CoA	left
RXN-12519	trans-3-cis-5-dienoyl-CoA	right
RXN-19974	CPD-21545	left
RXN-19974	TABERSONINE	right
RXN-8347	Alpha-linolenoyl-groups	left
RXN-8347	OXYGEN-MOLECULE	left
RXN-8347	FERROCYTOCHROME-B5	left
RXN-8347	PROTON	left
RXN-8347	CPD-17278	right
RXN-8347	FERRICYTOCHROME-B5	right
RXN-8347	WATER	right
RXN-9367	CPD-7857	left
RXN-9367	NADP	left
RXN-9367	CPD-9977	right
RXN-9367	NADPH	right
RXN-9367	PROTON	right
RXN-9012	CPD-12575	left
RXN-9012	CPD-9470	left
RXN-9012	CPD-9472	right
RXN-9012	UDP	right
ETHANOLAMINE-KINASE-RXN	ETHANOL-AMINE	left
ETHANOLAMINE-KINASE-RXN	ATP	left
ETHANOLAMINE-KINASE-RXN	PROTON	right
ETHANOLAMINE-KINASE-RXN	PHOSPHORYL-ETHANOLAMINE	right
ETHANOLAMINE-KINASE-RXN	ADP	right
RXN-7813	4-PRENYLPHLORISOBUTYROPHENONE	left
RXN-7813	CPD-4211	left
RXN-7813	CPD-7107	right
RXN-7813	PPI	right
RXN-12108	ASCORBATE	left
RXN-12108	WATER	left
RXN-12108	CPD-13059	right
RXN-8331	CPD-8090	left
RXN-8331	OXYGEN-MOLECULE	left
RXN-8331	FERROCYTOCHROME-B5	left
RXN-8331	PROTON	left
RXN-8331	1-183-2-183-SN-GLYCEROL-PHOSPHOCHOLINE	right
RXN-8331	WATER	right
RXN-8331	FERRICYTOCHROME-B5	right
RXN0-5248	NAD	left
RXN0-5248	PROTON	left
RXN0-5248	E-	left
RXN0-5248	NADH	right
RXN-12847	EPOXYSQUALENE	left
RXN-12847	CPD-13885	right
TYROSINE-DECARBOXYLASE-RXN	PROTON	left
TYROSINE-DECARBOXYLASE-RXN	TYR	left
TYROSINE-DECARBOXYLASE-RXN	CARBON-DIOXIDE	right
TYROSINE-DECARBOXYLASE-RXN	TYRAMINE	right
RXN-13954	P-COUMAROYL-COA	left
RXN-13954	CPD-14976	left
RXN-13954	CPD-14995	right
RXN-13954	CO-A	right
RXN-15121	CPD-15056	left
RXN-15121	CPD-16013	right
RXN-9084	INDOLE_ACETATE_AUXIN	left
RXN-9084	PHE	left
RXN-9084	ATP	left
RXN-9084	PROTON	right
RXN-9084	CPD-9582	right
RXN-9084	AMP	right
RXN-9084	PPI	right
2.4.2.34-RXN	CPD-12513	left
2.4.2.34-RXN	CPD-165	left
2.4.2.34-RXN	PROTON	right
2.4.2.34-RXN	UDP	right
2.4.2.34-RXN	INDOL-YLACETYL-MYO-INOSITOL-ARABINOSIDE	right
PYRUFLAVREDUCT-RXN	PYRUVATE	left
PYRUFLAVREDUCT-RXN	CO-A	left
PYRUFLAVREDUCT-RXN	Oxidized-ferredoxins	left
PYRUFLAVREDUCT-RXN	ACETYL-COA	right
PYRUFLAVREDUCT-RXN	CARBON-DIOXIDE	right
PYRUFLAVREDUCT-RXN	Reduced-ferredoxins	right
PYRUFLAVREDUCT-RXN	PROTON	right
RXN4FS-29	GLN	left
RXN4FS-29	P-HYDROXY-PHENYLPYRUVATE	left
RXN4FS-29	2-KETO-GLUTARAMATE	right
RXN4FS-29	TYR	right
RXN-8355	CPD-12575	left
RXN-8355	CPD-8141	left
RXN-8355	CPD-8144	right
RXN-8355	UDP	right
RXN-8355	PROTON	right
RXN-22287	CPD-846	left
RXN-22287	CPD-7046	right
RXN-22287	PROTON	right
RXN-4621	CPD-4209	left
RXN-4621	FAD	left
RXN-4621	WATER	left
RXN-4621	PROTON	left
RXN-4621	PRENAL	right
RXN-4621	ADENINE	right
RXN-4621	FADH2	right
1.3.3.9-RXN	LOGANIN	left
1.3.3.9-RXN	OXYGEN-MOLECULE	left
1.3.3.9-RXN	Red-NADPH-Hemoprotein-Reductases	left
1.3.3.9-RXN	SECOLOGANIN-CPD	right
1.3.3.9-RXN	WATER	right
1.3.3.9-RXN	Ox-NADPH-Hemoprotein-Reductases	right
RXN-9135	CPD-7107	left
RXN-9135	CPD-4211	left
RXN-9135	GERANYL-PP	left
RXN-9135	PROTON	left
RXN-9135	CPD-9635	right
RXN-9135	PPI	right
RXN-11387	CPD1F-95	left
RXN-11387	Red-NADPH-Hemoprotein-Reductases	left
RXN-11387	OXYGEN-MOLECULE	left
RXN-11387	CPD-12353	right
RXN-11387	Ox-NADPH-Hemoprotein-Reductases	right
RXN-11387	WATER	right
RXN-12777	MALONYL-COA	left
RXN-12777	GAMMA-LINOLENOYL-COA	left
RXN-12777	PROTON	left
RXN-12777	CPD-14404	right
RXN-12777	CO-A	right
RXN-12777	CARBON-DIOXIDE	right
RXN-8439	CPD-8257	left
RXN-8439	Galactosides	left
RXN-8439	CPD-8256	right
RXN-1023	Secondary-Alcohols	left
RXN-1023	Acceptor	left
RXN-1023	LONG-CHAIN-KETONE	right
RXN-1023	Donor-H2	right
RXN-12410	CPD-12321	left
RXN-12410	Acceptor	left
RXN-12410	CPD1F-98	right
RXN-12410	Donor-H2	right
RXN-13665	CPD-14615	left
RXN-13665	CPD-11506	right
RXN-13665	CO-A	right
RXN-13665	PROTON	right
3.2.1.48-RXN	SUCROSE	left
3.2.1.48-RXN	WATER	left
3.2.1.48-RXN	BETA-D-FRUCTOSE	right
3.2.1.48-RXN	Glucopyranose	right
RXN4FS-5	FERULOYL-COA	left
RXN4FS-5	CPD4FS-4	right
DIOHBUTANONEPSYN-RXN	RIBULOSE-5P	left
DIOHBUTANONEPSYN-RXN	PROTON	right
DIOHBUTANONEPSYN-RXN	FORMATE	right
DIOHBUTANONEPSYN-RXN	DIHYDROXY-BUTANONE-P	right
RXN-8408	CPD-8225	left
RXN-8408	WATER	left
RXN-8408	PROTON	right
RXN-8408	FORMATE	right
RXN-8408	CL-	right
ARGINASE-RXN	WATER	left
ARGINASE-RXN	ARG	left
ARGINASE-RXN	UREA	right
ARGINASE-RXN	L-ORNITHINE	right
RXN-4734	CPD-12575	left
RXN-4734	CPD-4441	left
RXN-4734	PROTON	right
RXN-4734	CPD-4619	right
RXN-4734	UDP	right
RXN-11501	CPD-170	left
RXN-11501	WATER	left
RXN-11501	CPD-1099	right
RXN-11501	ALPHA-D-GALACTOSE	right
RXN-13903	S-ADENOSYLMETHIONINE	left
RXN-13903	CPD-14907	left
RXN-13903	CPD-14910	right
RXN-13903	ADENOSYL-HOMO-CYS	right
RXN-13903	PROTON	right
RXN-18079	Chitin-NAc-D-glucono-1-5-lactone	left
RXN-18079	WATER	left
RXN-18079	Chitin-NAc-2-deoxy-2-amino-D-gluconate	right
RXN-18079	PROTON	right
RXN-18667	BENZOYLCOA	left
RXN-18667	BUTANOL	left
RXN-18667	CPD-19955	right
RXN-18667	CO-A	right
CARBPSYN-RXN	ATP	left
CARBPSYN-RXN	GLN	left
CARBPSYN-RXN	HCO3	left
CARBPSYN-RXN	WATER	left
CARBPSYN-RXN	PROTON	right
CARBPSYN-RXN	GLT	right
CARBPSYN-RXN	ADP	right
CARBPSYN-RXN	Pi	right
CARBPSYN-RXN	CARBAMOYL-P	right
RXN-9589	1-4-alpha-D-galacturonosyl	left
RXN-9589	UDP-D-XYLOSE	left
RXN-9589	Xylogalacturonan	right
RXN-9589	UDP	right
RXN-9589	PROTON	right
RXN-961	D-RIBULOSE-15-P2	left
RXN-961	OXYGEN-MOLECULE	left
RXN-961	CPD-67	right
RXN-961	G3P	right
RXN-961	PROTON	right
RXN-21160	CPD-22761	left
RXN-21160	FERROCYTOCHROME-B5	left
RXN-21160	OXYGEN-MOLECULE	left
RXN-21160	PROTON	left
RXN-21160	CPD-22762	right
RXN-21160	FERRICYTOCHROME-B5	right
RXN-21160	WATER	right
RXN-20959	CPD-12575	left
RXN-20959	CPD-10540	left
RXN-20959	CPD-22592	right
RXN-20959	UDP	right
RXN-20959	PROTON	right
3.5.5.2-RXN	WATER	left
3.5.5.2-RXN	RICININE	left
3.5.5.2-RXN	AMMONIUM	right
3.5.5.2-RXN	3-CARBOXY-4-METHOXY-N-METHYL-2-PYRIDONE	right
RXN-7441	2-PYRAZOLINE	left
RXN-7441	Acceptor	left
RXN-7441	Donor-H2	right
RXN-7441	PYRAZOLE	right
RXN-13930	S-ADENOSYLMETHIONINE	left
RXN-13930	3457-TETRAHYDROXY-3-METHOXYFLAVONE	left
RXN-13930	CPD-14946	right
RXN-13930	ADENOSYL-HOMO-CYS	right
RXN-11939	CPD-4125	left
RXN-11939	NADP	left
RXN-11939	CPD-12915	right
RXN-11939	NADPH	right
RXN-11939	PROTON	right
4.2.3.18-RXN	CPD-4750	left
4.2.3.18-RXN	PPI	right
4.2.3.18-RXN	--ABIETADIENE	right
RXN-8594	FARNESYL-PP	left
RXN-8594	CPD-8793	right
RXN-8594	PPI	right
RXN-20884	Polysulfides	left
RXN-20884	OXIDIZED-GLUTATHIONE	left
RXN-20884	Polysulfides	right
RXN-20884	CPD-11281	right
RXN-20884	GLUTATHIONE	right
RXN-21026	Thiarsahydroxy-SG-ArsC	left
RXN-21026	Red-Glutaredoxins	left
RXN-21026	ArsC-S-As-OH	right
RXN-21026	Grx-GSH-dithiol	right
RXN-21026	WATER	right
RXN-13291	CPD-10662	left
RXN-13291	PPI	left
RXN-13291	NADP	left
RXN-13291	CPD-465	right
RXN-13291	NADPH	right
RXN-13291	PROTON	right
RXN-716	CPD-714	left
RXN-716	OXYGEN-MOLECULE	left
RXN-716	Red-NADPH-Hemoprotein-Reductases	left
RXN-716	CPD-716	right
RXN-716	WATER	right
RXN-716	Ox-NADPH-Hemoprotein-Reductases	right
RXN-19772	NADP	left
RXN-19772	PROTON	left
RXN-19772	E-	left
RXN-19772	NADPH	right
R223-RXN	CPD-195	left
R223-RXN	ATP	left
R223-RXN	CO-A	left
R223-RXN	CPD-196	right
R223-RXN	AMP	right
R223-RXN	PPI	right
RXN-15321	CPD-15012	left
RXN-15321	CPD-12575	left
RXN-15321	CPD-14999	right
RXN-15321	UDP	right
RXN-15321	PROTON	right
RXN-20923	CPD-22541	left
RXN-20923	NAD-P-OR-NOP	left
RXN-20923	WATER	left
RXN-20923	CPD-13662	right
RXN-20923	NADH-P-OR-NOP	right
RXN-20923	PROTON	right
RXN-4317	CPD-4209	left
RXN-4317	WATER	left
RXN-4317	Acceptor	left
RXN-4317	CPD-4210	right
RXN-4317	Donor-H2	right
RXN18C3-11	CPD-18640	left
RXN18C3-11	CPD-12575	left
RXN18C3-11	CPD-18639	right
RXN18C3-11	UDP	right
RXN18C3-11	PROTON	right
RXN-9209	CPD-9787	left
RXN-9209	NADPH	left
RXN-9209	OXYGEN-MOLECULE	left
RXN-9209	PROTON	left
RXN-9209	CPD-9786	right
RXN-9209	NADP	right
RXN-9209	WATER	right
RXN-9209	FORMALDEHYDE	right
1.14.19.1-RXN	FERROCYTOCHROME-B5	left
1.14.19.1-RXN	STEAROYL-COA	left
1.14.19.1-RXN	OXYGEN-MOLECULE	left
1.14.19.1-RXN	PROTON	left
1.14.19.1-RXN	FERRICYTOCHROME-B5	right
1.14.19.1-RXN	OLEOYL-COA	right
1.14.19.1-RXN	WATER	right
RXN-7852	HEXANOYL-COA	left
RXN-7852	MALONYL-COA	left
RXN-7852	PROTON	left
RXN-7852	CPD-14615	right
RXN-7852	CO-A	right
RXN-7852	CARBON-DIOXIDE	right
RXN-4603	PHENYLACETALDOXIME	left
RXN-4603	OXYGEN-MOLECULE	left
RXN-4603	CYS	left
RXN-4603	NADPH	left
RXN-4603	PROTON	left
RXN-4603	CPD-7545	right
RXN-4603	WATER	right
RXN-4603	NADP	right
1.14.99.33-RXN	Linoleoyl-groups	left
1.14.99.33-RXN	OXYGEN-MOLECULE	left
1.14.99.33-RXN	FERROCYTOCHROME-B5	left
1.14.99.33-RXN	PROTON	left
1.14.99.33-RXN	Glycerolipid-crepenynate	right
1.14.99.33-RXN	FERRICYTOCHROME-B5	right
1.14.99.33-RXN	WATER	right
GTPPYPHOSKIN-RXN	GTP	left
GTPPYPHOSKIN-RXN	ATP	left
GTPPYPHOSKIN-RXN	GDP-TP	right
GTPPYPHOSKIN-RXN	AMP	right
GTPPYPHOSKIN-RXN	PROTON	right
RXN-19657	S-ADENOSYLMETHIONINE	left
RXN-19657	CPD-474	left
RXN-19657	ADENOSYL-HOMO-CYS	right
RXN-19657	CPD-21289	right
RXN-19657	PROTON	right
RXN-9037	CPD-12575	left
RXN-9037	CPD-7610	left
RXN-9037	CPD-9491	right
RXN-9037	UDP	right
RXN-9037	PROTON	right
RXN-1241	NAD-P-OR-NOP	left
RXN-1241	CONIFERYL-ALDEHYDE	left
RXN-1241	WATER	left
RXN-1241	FERULIC-ACID	right
RXN-1241	NADH-P-OR-NOP	right
RXN-1241	PROTON	right
RXN-12632	CPD-13604	left
RXN-12632	CPD-13605	right
RXN-12632	2-AMINOACRYLATE	right
RXN-14975	CPD-9240	left
RXN-14975	Red-NADPH-Hemoprotein-Reductases	left
RXN-14975	OXYGEN-MOLECULE	left
RXN-14975	CPD-15449	right
RXN-14975	Ox-NADPH-Hemoprotein-Reductases	right
RXN-14975	WATER	right
RXN-7741	CPD-7064	left
RXN-7741	Oxidized-ferredoxins	left
RXN-7741	CPD-7063	right
RXN-7741	Reduced-ferredoxins	right
RXN-7741	PROTON	right
RXN-4561	CPD-4462	left
RXN-4561	Red-NADPH-Hemoprotein-Reductases	left
RXN-4561	OXYGEN-MOLECULE	left
RXN-4561	CPD-3942	right
RXN-4561	Ox-NADPH-Hemoprotein-Reductases	right
RXN-4561	WATER	right
RXN-3283	CPD-3061	left
RXN-3283	Red-NADPH-Hemoprotein-Reductases	left
RXN-3283	OXYGEN-MOLECULE	left
RXN-3283	2-HYDROXYISOFLAVANONE	right
RXN-3283	Ox-NADPH-Hemoprotein-Reductases	right
RXN-3283	WATER	right
RXN-12865	CPD-13909	left
RXN-12865	GLUTATHIONE	left
RXN-12865	NADP	left
RXN-12865	CPD-13908	right
RXN-12865	NADPH	right
RXN-12865	PROTON	right
RXN-7628	CPD-6976	left
RXN-7628	Red-NADPH-Hemoprotein-Reductases	left
RXN-7628	OXYGEN-MOLECULE	left
RXN-7628	CPD-6979	right
RXN-7628	Ox-NADPH-Hemoprotein-Reductases	right
RXN-7628	WATER	right
RXN-15129	CYS	left
RXN-15129	2-AMINOACRYLATE	right
RXN-15129	HS	right
RXN-9703	Linoleoyl-groups	left
RXN-9703	FERROCYTOCHROME-B5	left
RXN-9703	OXYGEN-MOLECULE	left
RXN-9703	PROTON	left
RXN-9703	Glycerolipid-vernolate	right
RXN-9703	FERRICYTOCHROME-B5	right
RXN-9703	WATER	right
RXN-11377	Sphingoid-1-phosphates	left
RXN-11377	PHOSPHORYL-ETHANOLAMINE	right
RXN-11377	Aldehydes	right
RXN-6547	CPD-6225	left
RXN-6547	2-KETOGLUTARATE	left
RXN-6547	OXYGEN-MOLECULE	left
RXN-6547	CPD-6226	right
RXN-6547	SUC	right
RXN-6547	CARBON-DIOXIDE	right
RXN-11909	CPD-9006	left
RXN-11909	CPD-12888	right
DIHYDRONEOPTERIN-MONO-P-DEPHOS-RXN	DIHYDRONEOPTERIN-P	left
DIHYDRONEOPTERIN-MONO-P-DEPHOS-RXN	WATER	left
DIHYDRONEOPTERIN-MONO-P-DEPHOS-RXN	DIHYDRO-NEO-PTERIN	right
DIHYDRONEOPTERIN-MONO-P-DEPHOS-RXN	Pi	right
RXN-8092	ACETALD	left
RXN-8092	OXYGEN-MOLECULE	left
RXN-8092	WATER	left
RXN-8092	PROTON	right
RXN-8092	ACET	right
RXN-8092	HYDROGEN-PEROXIDE	right
RXN-4286	4-ALPHA-METHYL-5-ALPHA	left
RXN-4286	CPD-4184	right
RXN-10450	CPD-734	left
RXN-10450	OXYGEN-MOLECULE	left
RXN-10450	NADPH	left
RXN-10450	PROTON	left
RXN-10450	CPD-11253	right
RXN-10450	NADP	right
RXN-10450	WATER	right
RXNQT-4310	CPDQT-404	left
RXNQT-4310	OXYGEN-MOLECULE	left
RXNQT-4310	Red-NADPH-Hemoprotein-Reductases	left
RXNQT-4310	WATER	right
RXNQT-4310	CARBON-DIOXIDE	right
RXNQT-4310	Ox-NADPH-Hemoprotein-Reductases	right
RXNQT-4310	CPDQT-343	right
RXN0-1382	FORMYL-COA	left
RXN0-1382	OXALATE	left
RXN0-1382	FORMATE	right
RXN0-1382	OXALYL-COA	right
RXN-5464	CPD-5162	left
RXN-5464	GDP-MANNOSE	left
RXN-5464	CPD-5164	right
RXN-5464	GDP	right
RXN-5464	PROTON	right
RXN-12066	PHE	left
RXN-12066	OXYGEN-MOLECULE	left
RXN-12066	Red-NADPH-Hemoprotein-Reductases	left
RXN-12066	CPD-13029	right
RXN-12066	Ox-NADPH-Hemoprotein-Reductases	right
RXN-12066	WATER	right
RXN-12066	PROTON	right
RXN-9724	CPD-10413	left
RXN-9724	NADP	left
RXN-9724	PROTON	right
RXN-9724	PELARGONIDIN-CMPD	right
RXN-9724	NADPH	right
RXN-12676	CPD-13662	left
RXN-12676	CO-A	left
RXN-12676	ATP	left
RXN-12676	CPD-14450	right
RXN-12676	AMP	right
RXN-12676	PPI	right
RXN-13796	S-ADENOSYLMETHIONINE	left
RXN-13796	CPD-14816	left
RXN-13796	CPD-14817	right
RXN-13796	ADENOSYL-HOMO-CYS	right
RXN-13796	PROTON	right
RXN-7669	POLY-GLUCOSYLATED-GLYCOGENINS	left
RXN-7669	Glycogens	right
RXN-15541	CPD-14846	left
RXN-15541	CPD-16781	right
RXN-15541	WATER	right
RXN-9577	CPD-10198	left
RXN-9577	CPD-12575	left
RXN-9577	CPD-10216	right
RXN-9577	UDP	right
RXN-9577	PROTON	right
RXN-8470	CPD-21154	left
RXN-8470	Acceptor	left
RXN-8470	WATER	left
RXN-8470	CPD-8662	right
RXN-8470	Donor-H2	right
RXN-8470	PROTON	right
RXN-20084	GLT	left
RXN-20084	NADP	left
RXN-20084	WATER	left
RXN-20084	AMMONIA	right
RXN-20084	2-KETOGLUTARATE	right
RXN-20084	NADPH	right
RXN-20084	PROTON	right
RXN-8482	PROTON	left
RXN-8482	CPD-8656	left
RXN-8482	CPD-8651	left
RXN-8482	CPD-8654	right
RXN-8482	WATER	right
RXN4FS-9	CPD4FS-5	left
RXN4FS-9	WATER	left
RXN4FS-9	L-gulopyranose	right
RXN4FS-9	Pi	right
RXN-7242	CPD-6741	left
RXN-7242	WATER	left
RXN-7242	CPD-6742	right
RXN-7242	Pi	right
RXN-11410	DGTP	left
RXN-11410	CPD-12377	left
RXN-11410	8-Oxo-dGTP	right
RXN-11410	WATER	right
RXN-12137	LINOLENIC_ACID	left
RXN-12137	OXYGEN-MOLECULE	left
RXN-12137	Red-NADPH-Hemoprotein-Reductases	left
RXN-12137	CPD-13089	right
RXN-12137	Ox-NADPH-Hemoprotein-Reductases	right
RXN-12137	WATER	right
RXN-19646	FLAVANONES	left
RXN-19646	Red-NADPH-Hemoprotein-Reductases	left
RXN-19646	OXYGEN-MOLECULE	left
RXN-19646	Flavones	right
RXN-19646	Ox-NADPH-Hemoprotein-Reductases	right
RXN-19646	WATER	right
1.14.13.87-RXN	CPD-3061	left
1.14.13.87-RXN	Red-NADPH-Hemoprotein-Reductases	left
1.14.13.87-RXN	OXYGEN-MOLECULE	left
1.14.13.87-RXN	LICODIONE	right
1.14.13.87-RXN	Ox-NADPH-Hemoprotein-Reductases	right
1.14.13.87-RXN	WATER	right
1.14.13.87-RXN	PROTON	right
SEDOBISALDOL-RXN	D-SEDOHEPTULOSE-1-7-P2	left
SEDOBISALDOL-RXN	DIHYDROXY-ACETONE-PHOSPHATE	right
SEDOBISALDOL-RXN	ERYTHROSE-4P	right
RXN1F-475	CPD1F-461	left
RXN1F-475	UDP-L-RHAMNOSE	left
RXN1F-475	CPD1F-462	right
RXN1F-475	UDP	right
RXN-4314	CPD-4206	left
RXN-4314	WATER	left
RXN-4314	CPD-4210	right
RXN-4314	CPD-15317	right
RXN-8498	CPD-8678	left
RXN-8498	CPD-8680	right
RXN-8498	WATER	right
RXN-13953	P-COUMAROYL-COA	left
RXN-13953	CPD-14977	left
RXN-13953	CPD-14983	right
RXN-13953	CO-A	right
ADENOSINE-KINASE-RXN	ADENOSINE	left
ADENOSINE-KINASE-RXN	ATP	left
ADENOSINE-KINASE-RXN	PROTON	right
ADENOSINE-KINASE-RXN	AMP	right
ADENOSINE-KINASE-RXN	ADP	right
TRANS-RXN0-444	S-ALLANTOIN	left
TRANS-RXN0-444	PROTON	left
TRANS-RXN0-444	S-ALLANTOIN	right
TRANS-RXN0-444	PROTON	right
RXN-20969	CPD-22610	left
RXN-20969	Red-NADPH-Hemoprotein-Reductases	left
RXN-20969	OXYGEN-MOLECULE	left
RXN-20969	CPD-22611	right
RXN-20969	Ox-NADPH-Hemoprotein-Reductases	right
RXN-20969	WATER	right
RXN-12762	CPD-13770	left
RXN-12762	CPD-12005	right
RXN-12762	ACRYLATE	right
RXN-12762	PROTON	right
RXN-2621	CAFFEOYL-COA	left
RXN-2621	SHIKIMATE	left
RXN-2621	CAFFEOYLSHIKIMATE	right
RXN-2621	CO-A	right
RXN-13409	FARNESYL-PP	left
RXN-13409	CPD-14376	right
RXN-13409	PPI	right
RXN-8266	CPD-12575	left
RXN-8266	CPD1F-461	left
RXN-8266	CPD-8012	right
RXN-8266	UDP	right
3-HYDROXYISOBUTYRYL-COA-HYDROLASE-RXN	CPD-12173	left
3-HYDROXYISOBUTYRYL-COA-HYDROLASE-RXN	WATER	left
3-HYDROXYISOBUTYRYL-COA-HYDROLASE-RXN	CPD-12175	right
3-HYDROXYISOBUTYRYL-COA-HYDROLASE-RXN	PROTON	right
3-HYDROXYISOBUTYRYL-COA-HYDROLASE-RXN	CO-A	right
RXN-9826	CPD-10538	left
RXN-9826	WATER	left
RXN-9826	CPD-10537	right
RXN-9826	Fucopyranoses	right
GERANYL-DIPHOSPHATE-CYCLASE-RXN	GERANYL-PP	left
GERANYL-DIPHOSPHATE-CYCLASE-RXN	+-bornyl-diphosphate	right
RXN-10624	CPD-8693	left
RXN-10624	WATER	left
RXN-10624	NAD	left
RXN-10624	CPD-8694	right
RXN-10624	NADH	right
RXN-10624	PROTON	right
RXN-22697	L-Cysteine-Desulfurase-persulfide	left
RXN-22697	MOCS3-Cysteine	left
RXN-22697	Cysteine-Desulfurase-L-cysteine	right
RXN-22697	MOCS3-Cysteine-Persulfide	right
RXN-19642	CPD-15030	left
RXN-19642	CPD-21279	right
RXN-15359	CPD-8674	left
RXN-15359	MESO-TARTRATE	left
RXN-15359	CPD-16578	right
RXN-15359	Glucopyranose	right
RXN-13336	L-PHOSPHATIDATE	left
RXN-13336	ATP	left
RXN-13336	DIACYLGLYCEROL-PYROPHOSPHATE	right
RXN-13336	ADP	right
OHMETHYLBILANESYN-RXN	WATER	left
OHMETHYLBILANESYN-RXN	PORPHOBILINOGEN	left
OHMETHYLBILANESYN-RXN	AMMONIUM	right
OHMETHYLBILANESYN-RXN	HYDROXYMETHYLBILANE	right
RXN-15543	CPD-16782	left
RXN-15543	NADH-P-OR-NOP	left
RXN-15543	CPD-16781	right
RXN-15543	NAD-P-OR-NOP	right
RXN-7902	Fatty-acyl-ACPs	left
RXN-7902	WATER	left
RXN-7902	Fatty-Acids	right
RXN-7902	ACP	right
RXN-7902	PROTON	right
RXN-12598	CPD-13541	left
RXN-12598	OXYGEN-MOLECULE	left
RXN-12598	Red-NADPH-Hemoprotein-Reductases	left
RXN-12598	CPD-13540	right
RXN-12598	WATER	right
RXN-12598	Ox-NADPH-Hemoprotein-Reductases	right
RXN-12598	PROTON	right
RXN-8139	CPD-7141	left
RXN-8139	MALONYL-COA	left
RXN-8139	CPD-7142	right
RXN-8139	CO-A	right
RXN-18342	CPD-19720	left
RXN-18342	OXYGEN-MOLECULE	left
RXN-18342	PROTON	left
RXN-18342	CPD-19719	right
RXN-18342	CARBON-MONOXIDE	right
RXN-18342	WATER	right
RXN-9183	CPD-9750	left
RXN-9183	CPD-4888	left
RXN-9183	Acceptor	left
RXN-9183	CPD-9747	right
RXN-9183	Donor-H2	right
RXN-9253	CPD-8737	left
RXN-9253	CPD-9882	right
RXN-18208	CPDQT-36	left
RXN-18208	NAD	left
RXN-18208	CPD-19491	right
RXN-18208	NADH	right
RXN-18208	PROTON	right
TRANS-RXN-157	Hpr-pi-phospho-L-histidines	left
TRANS-RXN-157	Glucopyranose	left
TRANS-RXN-157	D-glucopyranose-6-phosphate	right
TRANS-RXN-157	Hpr-Histidine	right
1-ACYLGLYCEROL-3-P-ACYLTRANSFER-RXN	ACYL-SN-GLYCEROL-3P	left
1-ACYLGLYCEROL-3-P-ACYLTRANSFER-RXN	ACYL-ACP	left
1-ACYLGLYCEROL-3-P-ACYLTRANSFER-RXN	L-PHOSPHATIDATE	right
1-ACYLGLYCEROL-3-P-ACYLTRANSFER-RXN	ACP	right
RXN-15330	CPD-16536	left
RXN-15330	CPD-12575	left
RXN-15330	CPD-16537	right
RXN-15330	UDP	right
RXN-15330	PROTON	right
RXN-5122	GERANYL-PP	left
RXN-5122	CPD-4901	right
RXN-5122	PPI	right
RXN-5466	CPD-5164	left
RXN-5466	CPD-171	left
RXN-5466	CPD-5165	right
RXN-5466	DOLICHOLP	right
RXN-5466	PROTON	right
RXN-12530	RUTIN	left
RXN-12530	WATER	left
RXN-12530	CPD-520	right
RXN-12530	CPD-12733	right
YEAST-SQUALENE-RXN	NADPH	left
YEAST-SQUALENE-RXN	FARNESYL-PP	left
YEAST-SQUALENE-RXN	NADP	right
YEAST-SQUALENE-RXN	PPI	right
YEAST-SQUALENE-RXN	SQUALENE	right
2.3.1.180-RXN	ACETYL-COA	left
2.3.1.180-RXN	MALONYL-ACP	left
2.3.1.180-RXN	PROTON	left
2.3.1.180-RXN	Acetoacetyl-ACPs	right
2.3.1.180-RXN	CO-A	right
2.3.1.180-RXN	CARBON-DIOXIDE	right
RXN-7143	CPD-3141	left
RXN-7143	CPD-4211	left
RXN-7143	CPD-6644	right
RXN-7143	PPI	right
RXN-5286	CHLOROPHYLLIDE-A	left
RXN-5286	NADP	left
RXN-5286	DIVINYLCHLOROPHYLLIDE-A	right
RXN-5286	NADPH	right
RXN-5286	PROTON	right
RXN-13878	CPD-12575	left
RXN-13878	CPD-14888	left
RXN-13878	CPD-14864	right
RXN-13878	UDP	right
RXN-13878	PROTON	right
RXN-14374	Alpha-6-alpha-14-glucans	left
RXN-14374	CPD-7043	right
RXN66-318	CPD-4702	left
RXN66-318	NAD-P-OR-NOP	left
RXN66-318	CPD-4581	right
RXN66-318	NADH-P-OR-NOP	right
RXN66-318	CARBON-DIOXIDE	right
RXN-13795	S-ADENOSYLMETHIONINE	left
RXN-13795	CPD-14818	left
RXN-13795	CPD-14816	right
RXN-13795	ADENOSYL-HOMO-CYS	right
RXN-13795	PROTON	right
RXN-14081	6C-Glc-2-hydroxyeriodictyol	left
RXN-14081	ISOORIENTIN	right
RXN-14081	WATER	right
RXN-21538	METHIONINE-SYNTHASE-METHYLCOBALAMIN	left
RXN-21538	HOMO-CYS	left
RXN-21538	Methionine-synthase-cob-I-alamins	right
RXN-21538	MET	right
RXN-21538	PROTON	right
RXN-7773	S-ADENOSYLMETHIONINE	left
RXN-7773	NARINGENIN-CMPD	left
RXN-7773	CPD-7079	right
RXN-7773	ADENOSYL-HOMO-CYS	right
RXN-7773	PROTON	right
RXNQT-4328	CPD-12575	left
RXNQT-4328	CPDQT-415	left
RXNQT-4328	PROTON	right
RXNQT-4328	CPDQT-419	right
RXNQT-4328	UDP	right
RXN-778	CPD-723	left
RXN-778	OXYGEN-MOLECULE	left
RXN-778	Red-NADPH-Hemoprotein-Reductases	left
RXN-778	CPD-724	right
RXN-778	WATER	right
RXN-778	Ox-NADPH-Hemoprotein-Reductases	right
RXN-9245	CPD-6481	left
RXN-9245	ACET	left
RXN-9245	NADP	left
RXN-9245	CPD-9875	right
RXN-9245	NADPH	right
PANTEPADENYLYLTRAN-RXN	PROTON	left
PANTEPADENYLYLTRAN-RXN	PANTETHEINE-P	left
PANTEPADENYLYLTRAN-RXN	ATP	left
PANTEPADENYLYLTRAN-RXN	DEPHOSPHO-COA	right
PANTEPADENYLYLTRAN-RXN	PPI	right
RXN-12591	CPD-8910	left
RXN-12591	CPD-13455	right
RXN-16149	CPD-17396	left
RXN-16149	OXYGEN-MOLECULE	left
RXN-16149	FERROCYTOCHROME-B5	left
RXN-16149	PROTON	left
RXN-16149	CPD-17397	right
RXN-16149	WATER	right
RXN-16149	FERRICYTOCHROME-B5	right
RXN-11415	CPDQT-341	left
RXN-11415	OXYGEN-MOLECULE	left
RXN-11415	Red-NADPH-Hemoprotein-Reductases	left
RXN-11415	CPD-12392	right
RXN-11415	Ox-NADPH-Hemoprotein-Reductases	right
RXN-11415	WATER	right
RXN-15188	CPD-16172	left
RXN-15188	OXYGEN-MOLECULE	left
RXN-15188	NADPH	left
RXN-15188	PROTON	left
RXN-15188	CPD-16173	right
RXN-15188	NADP	right
RXN-15188	WATER	right
RXN-13838	S-ADENOSYLMETHIONINE	left
RXN-13838	CPD-10510	left
RXN-13838	CPD-14852	right
RXN-13838	ADENOSYL-HOMO-CYS	right
RXN-13838	PROTON	right
PROTOHEMEFERROCHELAT-RXN	PROTOHEME	left
PROTOHEMEFERROCHELAT-RXN	PROTON	left
PROTOHEMEFERROCHELAT-RXN	PROTOPORPHYRIN_IX	right
PROTOHEMEFERROCHELAT-RXN	FE+2	right
RXN-7801	CPD3DJ-82	left
RXN-7801	O-Glucosylsterols	left
RXN-7801	Glucosyl-acyl-sphinganines	right
RXN-7801	Sterols	right
ANTHRANSYN-RXN	CHORISMATE	left
ANTHRANSYN-RXN	GLN	left
ANTHRANSYN-RXN	PROTON	right
ANTHRANSYN-RXN	ANTHRANILATE	right
ANTHRANSYN-RXN	GLT	right
ANTHRANSYN-RXN	PYRUVATE	right
RXN18C3-3	CPD-14702	left
RXN18C3-3	OXYGEN-MOLECULE	left
RXN18C3-3	Red-NADPH-Hemoprotein-Reductases	left
RXN18C3-3	CPD-18643	right
RXN18C3-3	WATER	right
RXN18C3-3	Ox-NADPH-Hemoprotein-Reductases	right
RXN-13646	CPD-14594	left
RXN-13646	WATER	left
RXN-13646	2-HYDROXY-2-METHYLPROPANENITRILE	right
RXN-13646	Gentiobiose	right
RXN-8722	12346-PENTAKIS-O-GALLOYL-BETA-D-GLUC	left
RXN-8722	1-O-GALLOYL-BETA-D-GLUCOSE	left
RXN-8722	CPD-8954	right
RXN-8722	Glucopyranose	right
RXN66-305	CPD-4573	left
RXN66-305	Red-NADPH-Hemoprotein-Reductases	left
RXN66-305	OXYGEN-MOLECULE	left
RXN66-305	44-DIMETHYL-CHOLESTA-814-24-TRIENOL	right
RXN66-305	Ox-NADPH-Hemoprotein-Reductases	right
RXN66-305	WATER	right
RXN66-305	FORMATE	right
RXN66-305	PROTON	right
TRANS-RXN-228	L-CITRULLINE	left
TRANS-RXN-228	L-CITRULLINE	right
RXN-8006	CPD-7386	left
RXN-8006	CPD-12575	left
RXN-8006	CPD-7138	right
RXN-8006	UDP	right
RXN-21007	P-COUMAROYL-COA	left
RXN-21007	MALONYL-COA	left
RXN-21007	PROTON	left
RXN-21007	Polyketide-ACP-Proteins	left
RXN-21007	12-hydroxy-styryl-pyrone-1-3Ketide	right
RXN-21007	CO-A	right
RXN-21007	CARBON-DIOXIDE	right
RXN-8088	BENZALDEHYDE	left
RXN-8088	OXYGEN-MOLECULE	left
RXN-8088	WATER	left
RXN-8088	PROTON	right
RXN-8088	BENZOATE	right
RXN-8088	HYDROGEN-PEROXIDE	right
RXNQT-4175	CPDQT-30	left
RXNQT-4175	ACETYL-COA	left
RXNQT-4175	WATER	left
RXNQT-4175	PROTON	right
RXNQT-4175	CPDQT-35	right
RXNQT-4175	CO-A	right
RXN-6462	S-ADENOSYLMETHIONINE	left
RXN-6462	CPD-6141	left
RXN-6462	PROTON	right
RXN-6462	CPD-6142	right
RXN-6462	ADENOSYL-HOMO-CYS	right
RXN-2942	POLYPEPTIDE	left
RXN-2942	INDOLE_ACETATE_AUXIN	left
RXN-2942	INDOLE-3-ACETYL-POLYPEPTIDE	right
RXN-8534	CPD-8724	left
RXN-8534	Red-NADPH-Hemoprotein-Reductases	left
RXN-8534	OXYGEN-MOLECULE	left
RXN-8534	CPD-8725	right
RXN-8534	Ox-NADPH-Hemoprotein-Reductases	right
RXN-8534	WATER	right
RXN-8534	PROTON	right
RXN-18136	CPD-19446	left
RXN-18136	OXYGEN-MOLECULE	left
RXN-18136	Red-NADPH-Hemoprotein-Reductases	left
RXN-18136	CPD-19428	right
RXN-18136	WATER	right
RXN-18136	Ox-NADPH-Hemoprotein-Reductases	right
RXN-8162	CPD-7682	left
RXN-8162	NAD	left
RXN-8162	WATER	left
RXN-8162	CPD-468	right
RXN-8162	NADH	right
RXN-8162	PROTON	right
RXN-12893	CPD-69	left
RXN-12893	HCO3	left
RXN-12893	PROTON	left
RXN-12893	AMMONIUM	right
RXN-12893	CARBON-DIOXIDE	right
RXN-15355	CPD1F-766	left
RXN-15355	UDP-L-RHAMNOSE	left
RXN-15355	CPD-15001	right
RXN-15355	UDP	right
RXN-8071	CPD-7547	left
RXN-8071	WATER	left
RXN-8071	PROTON	right
RXN-8071	CPD-1861	right
RXN-8071	PYRUVATE	right
RXN-8071	AMMONIUM	right
RXN-21164	CPD-22764	left
RXN-21164	FERROCYTOCHROME-B5	left
RXN-21164	OXYGEN-MOLECULE	left
RXN-21164	PROTON	left
RXN-21164	CPD-22136	right
RXN-21164	FERRICYTOCHROME-B5	right
RXN-21164	WATER	right
RXN-15200	TYR	left
RXN-15200	PHENYL-PYRUVATE	left
RXN-15200	P-HYDROXY-PHENYLPYRUVATE	right
RXN-15200	PHE	right
RXN-1442	CPD-12575	left
RXN-1442	CPD-1861	left
RXN-1442	CPD-1862	right
RXN-1442	UDP	right
RXN-12862	L-DEHYDRO-ASCORBATE	left
RXN-12862	WATER	left
RXN-12862	PROTON	left
RXN-12862	CPD-13907	right
RXN-8512	CPD-4750	left
RXN-8512	CPD-8696	right
RXN-8512	PPI	right
EPOXIDE-HYDROLASE-RXN	WATER	left
EPOXIDE-HYDROLASE-RXN	AN-EPOXIDE	left
EPOXIDE-HYDROLASE-RXN	glycols	right
EPOXIDE-HYDROLASE-RXN	Glycols	right
1.11.1.15-RXN	Red-Thioredoxin	left
1.11.1.15-RXN	Alkyl-Hydro-Peroxides	left
1.11.1.15-RXN	Ox-Thioredoxin	right
1.11.1.15-RXN	WATER	right
1.11.1.15-RXN	Alcohols	right
RXN-8005	CPD-12575	left
RXN-8005	CPD-591	left
RXN-8005	PROTON	right
RXN-8005	CPD-7386	right
RXN-8005	UDP	right
RXN-8442	PROTON	left
RXN-8442	NIACINE	left
RXN-8442	D-RIBULOSE-1-P	left
RXN-8442	CPD-8259	right
RXN-8442	Pi	right
RXN-20456	NADPH	left
RXN-20456	WATER	left
RXN-20456	CPD-14133	right
RXN-1025	Very-Long-Chain-Aldehydes	left
RXN-1025	Very-Long-Chain-Alkanes	right
RXN-1025	CARBON-MONOXIDE	right
UDPSUGARHYDRO-RXN	UDP-sugar	left
UDPSUGARHYDRO-RXN	WATER	left
UDPSUGARHYDRO-RXN	UMP	right
UDPSUGARHYDRO-RXN	Alpha-D-aldose-1-phosphates	right
UDPSUGARHYDRO-RXN	PROTON	right
2.3.1.151-RXN	PROTON	left
2.3.1.151-RXN	CPD-264	left
2.3.1.151-RXN	MALONYL-COA	left
2.3.1.151-RXN	CARBON-DIOXIDE	right
2.3.1.151-RXN	2346-TETRAHYDROXYBENZOPHENONE	right
2.3.1.151-RXN	CO-A	right
RXN-7569	S-ADENOSYLMETHIONINE	left
RXN-7569	CPD-12830	left
RXN-7569	CPD-12831	right
RXN-7569	ADENOSYL-HOMO-CYS	right
RXN-7569	PROTON	right
RXN-20169	S-CHEILANTHIFOLINE	left
RXN-20169	OXYGEN-MOLECULE	left
RXN-20169	PROTON	left
RXN-20169	CPD-21763	right
RXN-20169	HYDROGEN-PEROXIDE	right
RXN-11206	CPD-9534	left
RXN-11206	PROTON	left
RXN-11206	Acceptor	left
RXN-11206	CPD-12163	right
RXN-11206	Donor-H2	right
RXN-12510	CPD1F-90	left
RXN-12510	Red-NADPH-Hemoprotein-Reductases	left
RXN-12510	OXYGEN-MOLECULE	left
RXN-12510	CPD-520	right
RXN-12510	Ox-NADPH-Hemoprotein-Reductases	right
RXN-12510	WATER	right
RXN-16366	COUMARYL-ALCOHOL	left
RXN-16366	P-COUMAROYL-COA	left
RXN-16366	CPD-17610	right
RXN-16366	CO-A	right
RXN-1104	S-ADENOSYLMETHIONINE	left
RXN-1104	CPD-676	left
RXN-1104	PROTON	right
RXN-1104	FERULIC-ACID	right
RXN-1104	ADENOSYL-HOMO-CYS	right
RXN-16406	CPD-17646	left
RXN-16406	NADP	left
RXN-16406	CPD-17645	right
RXN-16406	NADPH	right
RXN-16406	PROTON	right
RXN-8504	13-HYDROPEROXYOCTADECA-911-DIENOATE	left
RXN-8504	CPD-8690	right
RXN-8504	WATER	right
RXN-9723	CPD-10411	left
RXN-9723	NADP	left
RXN-9723	CPD-7090	right
RXN-9723	NADPH	right
RXN-9723	PROTON	right
RXN-14126	CPD-3706	left
RXN-14126	WATER	left
RXN-14126	ADENOSINE	right
RXN-14126	Pi	right
RXN-18127	CPD-19421	left
RXN-18127	OXYGEN-MOLECULE	left
RXN-18127	Red-NADPH-Hemoprotein-Reductases	left
RXN-18127	CPD-19435	right
RXN-18127	WATER	right
RXN-18127	Ox-NADPH-Hemoprotein-Reductases	right
RXNQT-4353	CPDQT-428	left
RXNQT-4353	CPDQT-424	right
RXNQT-4353	FORMALDEHYDE	right
RXNQT-4353	WATER	right
RXN-14090	CPD-3711	left
RXN-14090	WATER	left
RXN-14090	CYTIDINE	right
RXN-14090	Pi	right
DETHIOBIOTIN-SYN-RXN	CARBON-DIOXIDE	left
DETHIOBIOTIN-SYN-RXN	DIAMINONONANOATE	left
DETHIOBIOTIN-SYN-RXN	ATP	left
DETHIOBIOTIN-SYN-RXN	PROTON	right
DETHIOBIOTIN-SYN-RXN	DETHIOBIOTIN	right
DETHIOBIOTIN-SYN-RXN	Pi	right
DETHIOBIOTIN-SYN-RXN	ADP	right
TRANS-RXN-358	S-Substituted-Glutathione	left
TRANS-RXN-358	ATP	left
TRANS-RXN-358	WATER	left
TRANS-RXN-358	S-Substituted-Glutathione	right
TRANS-RXN-358	ADP	right
TRANS-RXN-358	Pi	right
TRANS-RXN-358	PROTON	right
RXN-7855	CPD-7166	left
RXN-7855	OXYGEN-MOLECULE	left
RXN-7855	CPD-7170	right
RXN-7855	HYDROGEN-PEROXIDE	right
HOMOSERDEHYDROG-RXN	HOMO-SER	left
HOMOSERDEHYDROG-RXN	NAD-P-OR-NOP	left
HOMOSERDEHYDROG-RXN	L-ASPARTATE-SEMIALDEHYDE	right
HOMOSERDEHYDROG-RXN	NADH-P-OR-NOP	right
HOMOSERDEHYDROG-RXN	PROTON	right
RXN-5285	NADP	left
RXN-5285	DIVINYLCHLOROPHYLLIDE-A	left
RXN-5285	DIVINYL-PROTOCHLOROPHYLLIDE-A	right
RXN-5285	NADPH	right
RXN-5285	PROTON	right
RXN-5285	Light	right
CHLOROPHYLLASE-RXN	WATER	left
CHLOROPHYLLASE-RXN	Chlorophylls	left
CHLOROPHYLLASE-RXN	Chlorophyllides	right
CHLOROPHYLLASE-RXN	PHYTOL	right
RXN-13694	CPD-14735	left
RXN-13694	WATER	left
RXN-13694	CPD-7035	right
RXN-13694	6-O-BETA-D-XYLOPYRANOSYL	right
THIAZOLSYN3-RXN	ATP	left
THIAZOLSYN3-RXN	THZ	left
THIAZOLSYN3-RXN	PROTON	right
THIAZOLSYN3-RXN	ADP	right
THIAZOLSYN3-RXN	THZ-P	right
RXN-2601	P-COUMAROYL-COA	left
RXN-2601	QUINATE	left
RXN-2601	4-COUMAROYLQUINATE	right
RXN-2601	CO-A	right
RXN-12616	S-ADENOSYLMETHIONINE	left
RXN-12616	5734-TETRAHYDROXYFLAVONE	left
RXN-12616	PROTON	right
RXN-12616	ADENOSYL-HOMO-CYS	right
RXN-12616	574-TRIHYDROXY-3-METHOXYFLAVONE	right
RXN-10747	SPERMIDINE	left
RXN-10747	OXYGEN-MOLECULE	left
RXN-10747	WATER	left
RXN-10747	CPD-313	right
RXN-10747	4-AMINO-BUTYRALDEHYDE	right
RXN-10747	HYDROGEN-PEROXIDE	right
RXN-4737	CPD-12575	left
RXN-4737	CPD-4616	left
RXN-4737	PROTON	right
RXN-4737	CPD-4621	right
RXN-4737	UDP	right
RXN-8518	CPD-8707	left
RXN-8518	Red-NADPH-Hemoprotein-Reductases	left
RXN-8518	OXYGEN-MOLECULE	left
RXN-8518	CPD-8708	right
RXN-8518	Ox-NADPH-Hemoprotein-Reductases	right
RXN-8518	WATER	right
RXN-8518	PROTON	right
RXN-974	SER	left
RXN-974	2-KETOGLUTARATE	left
RXN-974	GLT	right
RXN-974	OH-PYR	right
2KETO-4METHYL-PENTANOATE-DEHYDROG-RXN	2K-4CH3-PENTANOATE	left
2KETO-4METHYL-PENTANOATE-DEHYDROG-RXN	CO-A	left
2KETO-4METHYL-PENTANOATE-DEHYDROG-RXN	NAD	left
2KETO-4METHYL-PENTANOATE-DEHYDROG-RXN	ISOVALERYL-COA	right
2KETO-4METHYL-PENTANOATE-DEHYDROG-RXN	CARBON-DIOXIDE	right
2KETO-4METHYL-PENTANOATE-DEHYDROG-RXN	NADH	right
RXN66-319	ZYMOSTEROL	left
RXN66-319	NADP	left
RXN66-319	PROTON	right
RXN66-319	CPD-4581	right
RXN66-319	NADPH	right
RXN-19366	B12-Corrinoid-Adenosyltranferase	left
RXN-19366	ADENOSYLCOBALAMIN	right
RXN-19366	Corrinoid-Adenosyltransferases	right
RXN-20049	CPD-9413	left
RXN-20049	Red-NADPH-Hemoprotein-Reductases	left
RXN-20049	OXYGEN-MOLECULE	left
RXN-20049	CPD-21665	right
RXN-20049	Ox-NADPH-Hemoprotein-Reductases	right
RXN-20049	WATER	right
RXN-6321	5-10-METHENYL-THF-GLU-N	left
RXN-6321	WATER	left
RXN-6321	N5-Formyl-THF-Glu-N	right
RXN-6321	PROTON	right
TRANS-RXN4LZ-6845	WATER	left
TRANS-RXN4LZ-6845	ATP	left
TRANS-RXN4LZ-6845	SULFATE	left
TRANS-RXN4LZ-6845	Pi	right
TRANS-RXN4LZ-6845	ADP	right
TRANS-RXN4LZ-6845	SULFATE	right
RXN-20313	CPD-12575	left
RXN-20313	CPD-6481	left
RXN-20313	CPD-19195	right
RXN-20313	UDP	right
RXN-20313	PROTON	right
RXN-18164	CPDQT-343	left
RXN-18164	OXYGEN-MOLECULE	left
RXN-18164	Red-NADPH-Hemoprotein-Reductases	left
RXN-18164	GLUTATHIONE	left
RXN-18164	CPD-12396	right
RXN-18164	WATER	right
RXN-18164	Ox-NADPH-Hemoprotein-Reductases	right
RXN-19589	CPD-12391	left
RXN-19589	WATER	left
RXN-19589	CPD-7546	right
RXN-19589	GLY	right
RXN-720	CPD-634	left
RXN-720	Red-NADPH-Hemoprotein-Reductases	left
RXN-720	OXYGEN-MOLECULE	left
RXN-720	CPD-697	right
RXN-720	Ox-NADPH-Hemoprotein-Reductases	right
RXN-720	WATER	right
RXN-21525	Hydroxymethylbilane-Synthase-ES4	left
RXN-21525	WATER	left
RXN-21525	HYDROXYMETHYLBILANE	right
RXN-21525	Holo-Hydroxymethylbilane-Synthase	right
RXN-17117	S-RETICULINE	left
RXN-17117	R-RETICULINE	right
RXN-1026	Long-Chain-Acyl-CoAs	left
RXN-1026	MALONYL-COA	left
RXN-1026	VERY-LONG-CHAIN-FATTY-ACYL-COA	right
RXN-1026	CARBON-DIOXIDE	right
RXN-1026	CO-A	right
RXN-11213	CH3-MALONATE-S-ALD	left
RXN-11213	CO-A	left
RXN-11213	NAD	left
RXN-11213	WATER	left
RXN-11213	PROPIONYL-COA	right
RXN-11213	HCO3	right
RXN-11213	NADH	right
RXN-11213	PROTON	right
RXN-12025	CPD-13006	left
RXN-12025	Elemental-Sulfur	right
RXN-12025	PHENYLACETONITRILE	right
RXN-12025	SULFATE	right
RXN-11268	S-ADENOSYLMETHIONINE	left
RXN-11268	BR-	left
RXN-11268	ADENOSYL-HOMO-CYS	right
RXN-11268	CPD-12221	right
RXN-12412	NEUROSPORENE	left
RXN-12412	Acceptor	left
RXN-12412	CPD1F-114	right
RXN-12412	Donor-H2	right
RXN-8290	CPD-12575	left
RXN-8290	CPD-8067	left
RXN-8290	CPD-8068	right
RXN-8290	UDP	right
RXN-12141	CPD-13089	left
RXN-12141	WATER	left
RXN-12141	CPD-13094	right
RXN-8678	CPD-8907	left
RXN-8678	NADP	left
RXN-8678	PROTON	right
RXN-8678	CPD-8905	right
RXN-8678	NADPH	right
RXN-20588	CPD-22270	left
RXN-20588	NADP	left
RXN-20588	CPD-22269	right
RXN-20588	NADPH	right
RXN-20588	PROTON	right
TRANS-CINNAMATE-4-MONOOXYGENASE-RXN	CPD-674	left
TRANS-CINNAMATE-4-MONOOXYGENASE-RXN	OXYGEN-MOLECULE	left
TRANS-CINNAMATE-4-MONOOXYGENASE-RXN	Red-NADPH-Hemoprotein-Reductases	left
TRANS-CINNAMATE-4-MONOOXYGENASE-RXN	COUMARATE	right
TRANS-CINNAMATE-4-MONOOXYGENASE-RXN	WATER	right
TRANS-CINNAMATE-4-MONOOXYGENASE-RXN	Ox-NADPH-Hemoprotein-Reductases	right
RXN-18032	HCO3	left
RXN-18032	CO3	right
RXN-18032	PROTON	right
RXN-15388	CPD-16623	left
RXN-15388	CPD-16600	left
RXN-15388	CPD-10678	right
RXN-15388	Glucopyranose	right
2.7.7.51-RXN	APS	left
2.7.7.51-RXN	AMMONIUM	left
2.7.7.51-RXN	CPD-487	right
2.7.7.51-RXN	SULFATE	right
2.7.7.51-RXN	PROTON	right
RXN-11946	CYCLOARTENOL	left
RXN-11946	FERROCYTOCHROME-B5	left
RXN-11946	OXYGEN-MOLECULE	left
RXN-11946	PROTON	left
RXN-11946	CPD-12916	right
RXN-11946	FERRICYTOCHROME-B5	right
RXN-11946	WATER	right
RXN-7885	CPD1F-130	left
RXN-7885	OXYGEN-MOLECULE	left
RXN-7885	CPD-7200	right
RXN-7885	CPD-7202	right
RXN4FS-22	CPD4FS-7	left
RXN4FS-22	Red-NADPH-Hemoprotein-Reductases	left
RXN4FS-22	OXYGEN-MOLECULE	left
RXN4FS-22	CPD-693	right
RXN4FS-22	Ox-NADPH-Hemoprotein-Reductases	right
RXN4FS-22	WATER	right
RXN4FS-22	PROTON	right
RXN-6182	ALPHA-GLC-6-P	left
RXN-6182	FRUCTOSE-6P	right
RXN-16193	GLUTATHIONE	left
RXN-16193	METHACRYLYL-COA	left
RXN-16193	WATER	left
RXN-16193	CPD-17439	right
RXN-16193	CO-A	right
RXN-16193	PROTON	right
RXN-9151	CPD-9674	left
RXN-9151	NADP	left
RXN-9151	CL-	left
RXN-9151	PROTON	left
RXN-9151	TRICHLOROETHENE	right
RXN-9151	NADPH	right
RXN-9151	OXYGEN-MOLECULE	right
RXN-19659	CARBAMATE	left
RXN-19659	WATER	left
RXN-19659	PROTON	left
RXN-19659	AMMONIUM	right
RXN-19659	HCO3	right
RXN-14088	CPD-15091	left
RXN-14088	PROTON	right
RXN-14088	CPD-15087	right
RXN-14088	WATER	right
RXN-9744	CPD-10447	left
RXN-9744	Donor-H2	left
RXN-9744	PROTON	left
RXN-9744	CPD-10450	right
RXN-9744	WATER	right
RXN-9744	Acceptor	right
RXN-7617	CPD1F-137	left
RXN-7617	OXYGEN-MOLECULE	left
RXN-7617	Donor-H2	left
RXN-7617	CPD-6975	right
RXN-7617	WATER	right
RXN-7617	Acceptor	right
RXN-13489	CPD-6948	left
RXN-13489	Red-NADPH-Hemoprotein-Reductases	left
RXN-13489	OXYGEN-MOLECULE	left
RXN-13489	CPD-13668	right
RXN-13489	Ox-NADPH-Hemoprotein-Reductases	right
RXN-13489	WATER	right
RXNQT-4301	CPDQT-400	left
RXNQT-4301	WATER	left
RXNQT-4301	AMP	right
RXNQT-4301	THZ-P	right
RXNQT-4301	CARBON-DIOXIDE	right
RXNQT-4301	PROTON	right
RXN-11907	CPD-12884	left
RXN-11907	Red-NADPH-Hemoprotein-Reductases	left
RXN-11907	OXYGEN-MOLECULE	left
RXN-11907	CPD-4721	right
RXN-11907	Ox-NADPH-Hemoprotein-Reductases	right
RXN-11907	WATER	right
RXN-13798	CPD-12575	left
RXN-13798	CPD-14820	left
RXN-13798	CPD-14821	right
RXN-13798	UDP	right
RXN-13798	PROTON	right
RXN-11376	Sphingoids	left
RXN-11376	ATP	left
RXN-11376	Sphingoid-1-phosphates	right
RXN-11376	ADP	right
RXN-11376	PROTON	right
3.2.1.161-RXN	CPD-9695	left
3.2.1.161-RXN	WATER	left
3.2.1.161-RXN	CPD-9716	right
3.2.1.161-RXN	CPD-9004	right
RXNQT-4347	CPDQT-29	left
RXNQT-4347	Amino-Acids-20	left
RXNQT-4347	CPDQT-349	right
RXNQT-4347	2-Oxo-carboxylates	right
RXN-7780	CPD-3141	left
RXN-7780	CPD-4211	left
RXN-7780	CPD-6722	right
RXN-7780	PPI	right
PEPSYNTH-RXN	WATER	left
PEPSYNTH-RXN	PYRUVATE	left
PEPSYNTH-RXN	ATP	left
PEPSYNTH-RXN	PROTON	right
PEPSYNTH-RXN	Pi	right
PEPSYNTH-RXN	PHOSPHO-ENOL-PYRUVATE	right
PEPSYNTH-RXN	AMP	right
RXN-11445	3-HYDROXYPROPYL-GLUCOSINOLATE	left
RXN-11445	SINAPOYL-COA	left
RXN-11445	CPD-12417	right
RXN-11445	CO-A	right
RXN-7680	CPD-6971	left
RXN-7680	OXYGEN-MOLECULE	left
RXN-7680	2-KETOGLUTARATE	left
RXN-7680	CPD-6974	right
RXN-7680	SUC	right
RXN-7680	CARBON-DIOXIDE	right
RXN-9023	CPD0-971	left
RXN-9023	Truncated-Limit-Dextrins	right
RXN-20781	S-ADENOSYLMETHIONINE	left
RXN-20781	CPD-22323	left
RXN-20781	ADENOSYL-HOMO-CYS	right
RXN-20781	CPD-22324	right
RXN-20781	PROTON	right
GLYCOGEN-BRANCH-RXN	1-4-alpha-D-Glucan	left
GLYCOGEN-BRANCH-RXN	Glycogens	right
RXN-3522	ASCORBATE	left
RXN-3522	NAD-P-OR-NOP	left
RXN-3522	PROTON	left
RXN-3522	CPD-318	right
RXN-3522	NADH-P-OR-NOP	right
PYRROLINE-2-CARBOXYLATE-REDUCTASE-RXN	PRO	left
PYRROLINE-2-CARBOXYLATE-REDUCTASE-RXN	NAD-P-OR-NOP	left
PYRROLINE-2-CARBOXYLATE-REDUCTASE-RXN	DELTA1-PYRROLINE_2-CARBOXYLATE	right
PYRROLINE-2-CARBOXYLATE-REDUCTASE-RXN	NADH-P-OR-NOP	right
PYRROLINE-2-CARBOXYLATE-REDUCTASE-RXN	PROTON	right
RXN-19712	CPD-13668	left
RXN-19712	OXYGEN-MOLECULE	left
RXN-19712	Red-NADPH-Hemoprotein-Reductases	left
RXN-19712	CPD-21333	right
RXN-19712	WATER	right
RXN-19712	Ox-NADPH-Hemoprotein-Reductases	right
RXN-9659	Octanoyl-ACPs	left
RXN-9659	NAD	left
RXN-9659	2-Octenoyl-ACPs	right
RXN-9659	NADH	right
RXN-9659	PROTON	right
RXN-13459	CPD-14447	left
RXN-13459	CPD-14441	right
RXN-9136	FARNESYL-PP	left
RXN-9136	DELTA3-ISOPENTENYL-PP	left
RXN-9136	PROTON	right
RXN-9136	CPD0-1028	right
RXN-9136	PPI	right
RXN-16041	CPD-14392	left
RXN-16041	Glycerolipids	left
RXN-16041	CPD-17278	right
RXN-16041	CO-A	right
RXN-7302	CPD-6781	left
RXN-7302	WATER	left
RXN-7302	CPD-6745	right
RXN-7302	Pi	right
RXN-9284	PROTON	left
RXN-9284	CPD-9898	left
RXN-9284	CPD-9866	right
RXN-9284	CARBON-DIOXIDE	right
RXN0-5398	CPD-15317	left
RXN0-5398	URACIL	left
RXN0-5398	WATER	right
RXN0-5398	PSEUDOURIDINE-5-P	right
ALANINE--GLYOXYLATE-AMINOTRANSFERASE-RXN	GLYOX	left
ALANINE--GLYOXYLATE-AMINOTRANSFERASE-RXN	L-ALPHA-ALANINE	left
ALANINE--GLYOXYLATE-AMINOTRANSFERASE-RXN	GLY	right
ALANINE--GLYOXYLATE-AMINOTRANSFERASE-RXN	PYRUVATE	right
RXN-12677	CPD-729	left
RXN-12677	CPD-13661	right
RXN-8042	CPD-7496	left
RXN-8042	CPD1F-114	right
CYSPH-RXN	CYS	left
CYSPH-RXN	O-PHOSPHO-L-HOMOSERINE	left
CYSPH-RXN	L-CYSTATHIONINE	right
CYSPH-RXN	Pi	right
FLAVONE-APIOSYLTRANSFERASE-RXN	APIGENIN-7-O-BETA-D-GLUCOSIDE	left
FLAVONE-APIOSYLTRANSFERASE-RXN	UDP-APIOSE	left
FLAVONE-APIOSYLTRANSFERASE-RXN	PROTON	right
FLAVONE-APIOSYLTRANSFERASE-RXN	7-O-BETA-D-APIOFURANOSYL-12-BETA-D-GLU	right
FLAVONE-APIOSYLTRANSFERASE-RXN	UDP	right
RXN-19718	CPD-692	left
RXN-19718	Red-NADPH-Hemoprotein-Reductases	left
RXN-19718	OXYGEN-MOLECULE	left
RXN-19718	CPD-693	right
RXN-19718	Ox-NADPH-Hemoprotein-Reductases	right
RXN-19718	WATER	right
RXN-19718	PROTON	right
RXN-14318	CPD-15217	left
RXN-14318	OXYGEN-MOLECULE	left
RXN-14318	2-KETOGLUTARATE	left
RXN-14318	GIBBERELLIN	right
RXN-14318	SUC	right
RXN-14318	CARBON-DIOXIDE	right
RXN1F-148	CPD1F-115	left
RXN1F-148	CPD1F-118	right
RXN-12195	WATER	left
RXN-12195	CTP	left
RXN-12195	PROTON	right
RXN-12195	Pi	right
RXN-12195	CDP	right
PUTRESCINE-N-METHYLTRANSFERASE-RXN	S-ADENOSYLMETHIONINE	left
PUTRESCINE-N-METHYLTRANSFERASE-RXN	PUTRESCINE	left
PUTRESCINE-N-METHYLTRANSFERASE-RXN	PROTON	right
PUTRESCINE-N-METHYLTRANSFERASE-RXN	ADENOSYL-HOMO-CYS	right
PUTRESCINE-N-METHYLTRANSFERASE-RXN	CPD-394	right
RXN-12683	CPD-13668	left
RXN-12683	OXYGEN-MOLECULE	left
RXN-12683	Red-NADPH-Hemoprotein-Reductases	left
RXN-12683	CPD-13669	right
RXN-12683	WATER	right
RXN-12683	Ox-NADPH-Hemoprotein-Reductases	right
FOLYLPOLYGLUTAMATESYNTH-RXN	GLT	left
FOLYLPOLYGLUTAMATESYNTH-RXN	THF-GLU-N	left
FOLYLPOLYGLUTAMATESYNTH-RXN	ATP	left
FOLYLPOLYGLUTAMATESYNTH-RXN	THF-GLU-N	right
FOLYLPOLYGLUTAMATESYNTH-RXN	Pi	right
FOLYLPOLYGLUTAMATESYNTH-RXN	ADP	right
TRANS-RXNIO2-1	HCO3	left
TRANS-RXNIO2-1	HCO3	right
NARINGENIN-CHALCONE-SYNTHASE-RXN	PROTON	left
NARINGENIN-CHALCONE-SYNTHASE-RXN	P-COUMAROYL-COA	left
NARINGENIN-CHALCONE-SYNTHASE-RXN	MALONYL-COA	left
NARINGENIN-CHALCONE-SYNTHASE-RXN	CPD-20012	right
NARINGENIN-CHALCONE-SYNTHASE-RXN	CARBON-DIOXIDE	right
NARINGENIN-CHALCONE-SYNTHASE-RXN	CO-A	right
RXN-8486	CPD-8659	left
RXN-8486	WATER	left
RXN-8486	PROTON	left
RXN-8486	DOPAMINE	right
RXN-8486	CPD-8651	right
MANNOSE-6-PHOSPHATE-6-REDUCTASE-RXN	NADP	left
MANNOSE-6-PHOSPHATE-6-REDUCTASE-RXN	MANNITOL-1P	left
MANNOSE-6-PHOSPHATE-6-REDUCTASE-RXN	CPD-15979	right
MANNOSE-6-PHOSPHATE-6-REDUCTASE-RXN	NADPH	right
MANNOSE-6-PHOSPHATE-6-REDUCTASE-RXN	PROTON	right
RXN-16155	CPD-17402	left
RXN-16155	CPD-17403	right
RXN-16155	WATER	right
INOSINEKIN-RXN	INOSINE	left
INOSINEKIN-RXN	ATP	left
INOSINEKIN-RXN	PROTON	right
INOSINEKIN-RXN	IMP	right
INOSINEKIN-RXN	ADP	right
RXN-8737	CPD-8958	left
RXN-8737	OXYGEN-MOLECULE	left
RXN-8737	Red-NADPH-Hemoprotein-Reductases	left
RXN-8737	CPD-18758	right
RXN-8737	WATER	right
RXN-8737	Ox-NADPH-Hemoprotein-Reductases	right
2.7.1.127-RXN	INOSITOL-1-4-5-TRISPHOSPHATE	left
2.7.1.127-RXN	ATP	left
2.7.1.127-RXN	PROTON	right
2.7.1.127-RXN	CPD-506	right
2.7.1.127-RXN	ADP	right
RXN-4842	CPD-4703	left
RXN-4842	Red-NADPH-Hemoprotein-Reductases	left
RXN-4842	OXYGEN-MOLECULE	left
RXN-4842	CPD-12884	right
RXN-4842	Ox-NADPH-Hemoprotein-Reductases	right
RXN-4842	WATER	right
2.7.1.134-RXN	CPD-178	left
2.7.1.134-RXN	ATP	left
2.7.1.134-RXN	PROTON	right
2.7.1.134-RXN	CPD-1107	right
2.7.1.134-RXN	ADP	right
RXN-18163	CPDQT-350	left
RXN-18163	OXYGEN-MOLECULE	left
RXN-18163	Red-NADPH-Hemoprotein-Reductases	left
RXN-18163	GLUTATHIONE	left
RXN-18163	CPD-12402	right
RXN-18163	WATER	right
RXN-18163	Ox-NADPH-Hemoprotein-Reductases	right
RXN-8702	R-N-METHYLCOCLAURINE	left
RXN-8702	OXYGEN-MOLECULE	left
RXN-8702	Red-NADPH-Hemoprotein-Reductases	left
RXN-8702	CPD-8925	right
RXN-8702	WATER	right
RXN-8702	Ox-NADPH-Hemoprotein-Reductases	right
4.2.3.26-RXN	GERANYL-PP	left
4.2.3.26-RXN	WATER	left
4.2.3.26-RXN	CPD-8996	right
4.2.3.26-RXN	PPI	right
RXN-713	CPD-710	left
RXN-713	OXYGEN-MOLECULE	left
RXN-713	Donor-H2	left
RXN-713	CPD-711	right
RXN-713	WATER	right
RXN-713	Acceptor	right
RXNQT-4357	CPDQT-428	left
RXNQT-4357	CYS	left
RXNQT-4357	CPDQT-427	right
RXNQT-4357	WATER	right
RXN-7883	CPD1F-129	left
RXN-7883	OXYGEN-MOLECULE	left
RXN-7883	CPD-7204	right
RXN-7883	CPD-7202	right
SERINE--GLYOXYLATE-AMINOTRANSFERASE-RXN	SER	left
SERINE--GLYOXYLATE-AMINOTRANSFERASE-RXN	GLYOX	left
SERINE--GLYOXYLATE-AMINOTRANSFERASE-RXN	OH-PYR	right
SERINE--GLYOXYLATE-AMINOTRANSFERASE-RXN	GLY	right
RXN-12199	WATER	left
RXN-12199	UTP	left
RXN-12199	PROTON	right
RXN-12199	Pi	right
RXN-12199	UMP	right
RXN0-7005	L-DELTA1-PYRROLINE_5-CARBOXYLATE	left
RXN0-7005	E-	left
RXN0-7005	PROTON	left
RXN0-7005	PRO	right
RXN-7405	PROTON	left
RXN-7405	ACETYL-COA	left
RXN-7405	MALONYL-COA	left
RXN-7405	NADPH	left
RXN-7405	6-HYDROXYMELLEIN	right
RXN-7405	CO-A	right
RXN-7405	CARBON-DIOXIDE	right
RXN-7405	NADP	right
RXN-7405	WATER	right
RXN-24046	CPD-9924	left
RXN-24046	CPD-26609	right
S-NORLAUDANOSOLINE-SYNTHASE-RXN	WATER	left
S-NORLAUDANOSOLINE-SYNTHASE-RXN	S-NORCOCLAURINE	left
S-NORLAUDANOSOLINE-SYNTHASE-RXN	DOPAMINE	right
S-NORLAUDANOSOLINE-SYNTHASE-RXN	HYDRPHENYLAC-CPD	right
RXN-19984	CPD-21558	left
RXN-19984	NADP	left
RXN-19984	CPD-21559	right
RXN-19984	NADPH	right
RXN-19984	PROTON	right
RXN-16333	NAD-P-OR-NOP	left
RXN-16333	PROTON	left
RXN-16333	E-	left
RXN-16333	NADH-P-OR-NOP	right
RIBONUCLEOSIDE-DIP-REDUCTI-RXN	Deoxy-Ribonucleoside-Diphosphates	left
RIBONUCLEOSIDE-DIP-REDUCTI-RXN	Ox-Thioredoxin	left
RIBONUCLEOSIDE-DIP-REDUCTI-RXN	WATER	left
RIBONUCLEOSIDE-DIP-REDUCTI-RXN	Ribonucleoside-Diphosphates	right
RIBONUCLEOSIDE-DIP-REDUCTI-RXN	Red-Thioredoxin	right
RXN-9371	CPD-21280	left
RXN-9371	OXYGEN-MOLECULE	left
RXN-9371	Red-NADPH-Hemoprotein-Reductases	left
RXN-9371	CPD-16440	right
RXN-9371	WATER	right
RXN-9371	Ox-NADPH-Hemoprotein-Reductases	right
CARBOXYLESTERASE-RXN	Carboxylic-esters	left
CARBOXYLESTERASE-RXN	WATER	left
CARBOXYLESTERASE-RXN	Alcohols	right
CARBOXYLESTERASE-RXN	Carboxylates	right
CARBOXYLESTERASE-RXN	PROTON	right
RXN-16408	CPD-17638	left
RXN-16408	NADPH	left
RXN-16408	PROTON	left
RXN-16408	CPD-17647	right
RXN-16408	CO-A	right
RXN-16408	NADP	right
RXN-11203	S-ADENOSYLMETHIONINE	left
RXN-11203	CPD-12159	left
RXN-11203	METOH	left
RXN-11203	PROTON	left
RXN-11203	CPD-12162	right
RXN-11203	ADENOSYL-HOMO-CYS	right
RXN-11203	METHYL-GROUP	right
RXN-13919	S-ADENOSYLMETHIONINE	left
RXN-13919	SYRINGETIN	left
RXN-13919	CPD-14940	right
RXN-13919	ADENOSYL-HOMO-CYS	right
ALPHA-AMYL-RXN	1-4-alpha-D-Glucan	left
ALPHA-AMYL-RXN	WATER	left
ALPHA-AMYL-RXN	1-4-alpha-D-Glucan	right
RXN-14511	CPD-3710	left
RXN-14511	WATER	left
RXN-14511	CYTIDINE	right
RXN-14511	Pi	right
RXNQT-4352	CPD-19511	left
RXNQT-4352	WATER	left
RXNQT-4352	CPDQT-428	right
RXNQT-4352	PROTON	right
RXN-14242	GERANYLGERANYL-PP	left
RXN-14242	CPD-15177	right
RXN0-723	FORMATE	left
RXN0-723	CTP	left
RXN0-723	PROTON	left
RXN0-723	DCTP	right
RXN0-723	CARBON-DIOXIDE	right
RXN0-723	WATER	right
METHYLGLUTACONYL-COA-HYDRATASE-RXN	3-HYDROXY-3-METHYL-GLUTARYL-COA	left
METHYLGLUTACONYL-COA-HYDRATASE-RXN	WATER	right
METHYLGLUTACONYL-COA-HYDRATASE-RXN	TRANS-3-METHYL-GLUTACONYL-COA	right
RXN-18186	CPDQT-32	left
RXN-18186	CPD-19478	right
RXN-18186	WATER	right
RXN0-308	Cysteine-Desulfurase-L-cysteine	left
RXN0-308	CYS	left
RXN0-308	L-Cysteine-Desulfurase-persulfide	right
RXN0-308	L-ALPHA-ALANINE	right
HISTIDPHOS-RXN	L-HISTIDINOL-P	left
HISTIDPHOS-RXN	WATER	left
HISTIDPHOS-RXN	HISTIDINOL	right
HISTIDPHOS-RXN	Pi	right
TRANS-RXN4LZ-45	FE+3	left
TRANS-RXN4LZ-45	FE+3	right
RXN-16376	CPD-14741	left
RXN-16376	CPD-17616	right
RXN-16376	WATER	right
RXN-8301	CPD-8080	left
RXN-8301	OXYGEN-MOLECULE	left
RXN-8301	Reduced-ferredoxins	left
RXN-8301	PROTON	left
RXN-8301	CPD-2190	right
RXN-8301	WATER	right
RXN-8301	Oxidized-ferredoxins	right
RXN-8519	PROTON	left
RXN-8519	CPD-8696	left
RXN-8519	NADPH	left
RXN-8519	OXYGEN-MOLECULE	left
RXN-8519	CPD-8709	right
RXN-8519	NADP	right
RXN-8519	WATER	right
RXN-21526	Holo-Hydroxymethylbilane-Synthase	left
RXN-21526	PORPHOBILINOGEN	left
RXN-21526	Hydroxymethylbilane-Synthase-ES	right
RXN-21526	AMMONIUM	right
RXN-13398	CHLOROPHYLLIDE-A	left
RXN-13398	OXYGEN-MOLECULE	left
RXN-13398	NADPH	left
RXN-13398	PROTON	left
RXN-13398	CPD-7014	right
RXN-13398	WATER	right
RXN-13398	NADP	right
RXN-4726	CPD-12575	left
RXN-4726	CPD-332	left
RXN-4726	PROTON	right
RXN-4726	CPD-4617	right
RXN-4726	UDP	right
RXN-9372	CPD-12575	left
RXN-9372	CPD-9980	left
RXN-9372	PROTON	right
RXN-9372	CPD-9981	right
RXN-9372	UDP	right
RXN-14427	CPD-12575	left
RXN-14427	CPD-7096	left
RXN-14427	CPD-15272	right
RXN-14427	UDP	right
RXN-14427	PROTON	right
1.14.19.3-RXN	CPD-18	left
1.14.19.3-RXN	OXYGEN-MOLECULE	left
1.14.19.3-RXN	FERROCYTOCHROME-B5	left
1.14.19.3-RXN	PROTON	left
1.14.19.3-RXN	GAMMA-LINOLENOYL-COA	right
1.14.19.3-RXN	WATER	right
1.14.19.3-RXN	FERRICYTOCHROME-B5	right
RXN-8511	CPD-4750	left
RXN-8511	CPD-8695	right
RXN-8511	PPI	right
RXN-17253	CPD-18666	left
RXN-17253	WATER	left
RXN-17253	CPD-7063	right
3.1.1.78-RXN	WATER	left
3.1.1.78-RXN	POLYNEURIDINE-ALDEHYDE	left
3.1.1.78-RXN	METOH	right
3.1.1.78-RXN	CARBON-DIOXIDE	right
3.1.1.78-RXN	16-EPIVELLOSIMINE	right
RXN-5107	GERANYL-PP	left
RXN-5107	CPD-4891	right
RXN-5107	PPI	right
RXN-8909	CPD-9307	left
RXN-8909	CPD-9304	right
RXN-8909	2-AMINOACRYLATE	right
RXN-7805	PROTON	left
RXN-7805	MALONYL-COA	left
RXN-7805	ISOBUTYRYL-COA	left
RXN-7805	CPD-7104	right
RXN-7805	CARBON-DIOXIDE	right
RXN-7805	CO-A	right
ACETOLACTREDUCTOISOM-RXN	CPD-13357	left
ACETOLACTREDUCTOISOM-RXN	NADP	left
ACETOLACTREDUCTOISOM-RXN	2-ACETO-LACTATE	right
ACETOLACTREDUCTOISOM-RXN	NADPH	right
ACETOLACTREDUCTOISOM-RXN	PROTON	right
RXN-11	PROTON	left
RXN-11	MALONYL-COA	left
RXN-11	CPD-0	right
RXN-11	CO-A	right
RXN-11	CARBON-DIOXIDE	right
RXN-11	WATER	right
RXN-20094	CPD-21719	left
RXN-20094	4-ALPHA-METHYL-5-ALPHA-CHOLEST-7-EN-3-ON	right
RXN-12332	CPD-6082	left
RXN-12332	NAD	left
RXN-12332	WATER	left
RXN-12332	PROTON	right
RXN-12332	B-ALANINE	right
RXN-12332	NADH	right
RXN-1062	CPD-17621	left
RXN-1062	NADPH	left
RXN-1062	OXYGEN-MOLECULE	left
RXN-1062	PROTON	left
RXN-1062	CPD-17627	right
RXN-1062	NADP	right
RXN-1062	WATER	right
RXN-9743	CPD-12575	left
RXN-9743	CPD-10447	left
RXN-9743	CPD-10448	right
RXN-9743	UDP	right
RXN-9743	PROTON	right
RXN-12961	CPD-7857	left
RXN-12961	NADP	left
RXN-12961	CPD-9978	right
RXN-12961	NADPH	right
RXN-12961	PROTON	right
RXNQT-4364	CPD-21171	left
RXNQT-4364	CPD-8913	right
RXNQT-4364	CPDQT-331	right
RXN-8711	P-COUMAROYL-COA	left
RXN-8711	SEROTONIN	left
RXN-8711	PROTON	right
RXN-8711	CPD-8936	right
RXN-8711	CO-A	right
RXN-15745	ETR-Quinones	left
RXN-15745	GLYCEROL-3P	left
RXN-15745	ETR-Quinols	right
RXN-15745	DIHYDROXY-ACETONE-PHOSPHATE	right
RXN-14981	CPD-14042	left
RXN-14981	2-KETOGLUTARATE	left
RXN-14981	OXYGEN-MOLECULE	left
RXN-14981	CPD-15886	right
RXN-14981	SUC	right
RXN-14981	CARBON-DIOXIDE	right
RXN-7779	CPD-6641	left
RXN-7779	CPD-4211	left
RXN-7779	CPD-6643	right
RXN-7779	PPI	right
RXN-7821	S-ADENOSYLMETHIONINE	left
RXN-7821	CPD-7120	left
RXN-7821	ADENOSYL-HOMO-CYS	right
RXN-7821	CPD-7119	right
RXN-7821	PROTON	right
RXNQT-4344	CPDQT-284	left
RXNQT-4344	OXYGEN-MOLECULE	left
RXNQT-4344	CPDQT-422	right
RXNQT-4344	CPD-3746	right
RXNQT-4344	PROTON	right
1.14.13.73-RXN	TABERSONINE	left
1.14.13.73-RXN	OXYGEN-MOLECULE	left
1.14.13.73-RXN	Red-NADPH-Hemoprotein-Reductases	left
1.14.13.73-RXN	16-HYDROXYTABERSONINE	right
1.14.13.73-RXN	WATER	right
1.14.13.73-RXN	Ox-NADPH-Hemoprotein-Reductases	right
RXN-11225	CPD-12180	left
RXN-11225	P-COUMAROYL-COA	left
RXN-11225	WATER	left
RXN-11225	CPD-12187	right
RXN-11225	CO-A	right
RXN-11225	CARBON-DIOXIDE	right
RXN-13444	CPD-14424	left
RXN-13444	CPD-14425	right
RXN-13444	WATER	right
RXN-13025	CPD-14052	left
RXN-13025	PROTON	left
RXN-13025	CPDQT-405	right
RXN-13025	WATER	right
RXN-13025	CARBON-DIOXIDE	right
RXNIO2-5	CPDIO2-6	left
RXNIO2-5	Donor-H2	left
RXNIO2-5	OXYGEN-MOLECULE	left
RXNIO2-5	CPDIO2-7	right
RXNIO2-5	Acceptor	right
RXNIO2-5	WATER	right
RXN-14026	CMP	left
RXN-14026	WATER	left
RXN-14026	CYTIDINE	right
RXN-14026	Pi	right
RXN-8208	CPD-12575	left
RXN-8208	CPD-7862	left
RXN-8208	CPD-7870	right
RXN-8208	UDP	right
RXN-8208	PROTON	right
RXN-13980	FERULOYL-COA	left
RXN-13980	CPD-14969	left
RXN-13980	CPD-14981	right
RXN-13980	CO-A	right
RXN-22315	CPD0-2040	left
RXN-22315	CPD-763	right
RXN-22315	PROTON	right
RXNQT-4155	S-ADENOSYLMETHIONINE	left
RXNQT-4155	CPDQT-16	left
RXNQT-4155	CPD-9866	right
RXNQT-4155	ADENOSYL-HOMO-CYS	right
GAPOXNPHOSPHN-RXN	GAP	left
GAPOXNPHOSPHN-RXN	Pi	left
GAPOXNPHOSPHN-RXN	NAD	left
GAPOXNPHOSPHN-RXN	PROTON	right
GAPOXNPHOSPHN-RXN	DPG	right
GAPOXNPHOSPHN-RXN	NADH	right
RXN-7244	CPD-6742	left
RXN-7244	WATER	left
RXN-7244	CPD-6744	right
RXN-7244	Pi	right
RXN0-1147	SUC-COA	left
RXN0-1147	Oxo-glutarate-dehydrogenase-DH-lipoyl	left
RXN0-1147	CO-A	right
RXN0-1147	Oxo-glutarate-dehydro-suc-DH-lipoyl	right
RXN-12733	CPD-13720	left
RXN-12733	Acceptor	left
RXN-12733	WATER	left
RXN-12733	CPD-13770	right
RXN-12733	Donor-H2	right
RXN-12733	PROTON	right
RXN-7792	CPD-13612	left
RXN-7792	ACYL-COA	left
RXN-7792	CPD3DJ-82	right
RXN-7792	CO-A	right
RXN-7792	PROTON	right
RXN0-882	HYDROXY-METHYL-BUTENYL-DIP	left
RXN0-882	Oxidized-ferredoxins	left
RXN0-882	WATER	left
RXN0-882	2C-METH-D-ERYTHRITOL-CYCLODIPHOSPHATE	right
RXN0-882	Reduced-ferredoxins	right
RXN0-882	PROTON	right
RXN-7771	GDP-MANNOSE	left
RXN-7771	CPD-7078	right
ATPASE-RXN	ATP	left
ATPASE-RXN	WATER	left
ATPASE-RXN	ADP	right
ATPASE-RXN	Pi	right
ATPASE-RXN	PROTON	right
RXN-7486	CPD-6882	left
RXN-7486	Red-NADPH-Hemoprotein-Reductases	left
RXN-7486	OXYGEN-MOLECULE	left
RXN-7486	CPD-6885	right
RXN-7486	Ox-NADPH-Hemoprotein-Reductases	right
RXN-7486	WATER	right
RXN-13663	CPD-14687	left
RXN-13663	MALONYL-COA	left
RXN-13663	PROTON	left
RXN-13663	CPD-14615	right
RXN-13663	CO-A	right
RXN-13663	CARBON-DIOXIDE	right
RXN-18616	CPD-7164	left
RXN-18616	Red-NADPH-Hemoprotein-Reductases	left
RXN-18616	OXYGEN-MOLECULE	left
RXN-18616	CPD-19892	right
RXN-18616	Ox-NADPH-Hemoprotein-Reductases	right
RXN-18616	WATER	right
ADENINE-DEAMINASE-RXN	PROTON	left
ADENINE-DEAMINASE-RXN	WATER	left
ADENINE-DEAMINASE-RXN	ADENINE	left
ADENINE-DEAMINASE-RXN	AMMONIUM	right
ADENINE-DEAMINASE-RXN	HYPOXANTHINE	right
RXN-21156	P-COUMAROYL-COA	left
RXN-21156	CPD-22759	left
RXN-21156	PROTON	left
RXN-21156	CPD-12187	right
RXN-21156	CO-A	right
RXN-21156	CARBON-DIOXIDE	right
FRUCTOKINASE-RXN	BETA-D-FRUCTOSE	left
FRUCTOKINASE-RXN	ATP	left
FRUCTOKINASE-RXN	PROTON	right
FRUCTOKINASE-RXN	FRUCTOSE-6P	right
FRUCTOKINASE-RXN	ADP	right
RXNQT-4321	CPDQT-408	left
RXNQT-4321	WATER	left
RXNQT-4321	CPDQT-413	right
RXNQT-4321	PYRUVATE	right
RXNQT-4321	AMMONIUM	right
RXN-11209	DIHYDRO-THYMINE	left
RXN-11209	NADP	left
RXN-11209	THYMINE	right
RXN-11209	NADPH	right
RXN-11209	PROTON	right
RXN-9049	S-ADENOSYLMETHIONINE	left
RXN-9049	CPD-9524	left
RXN-9049	PROTON	right
RXN-9049	CPD-9528	right
RXN-9049	ADENOSYL-HOMO-CYS	right
RXN-13004	CPD-14039	left
RXN-13004	OXYGEN-MOLECULE	left
RXN-13004	Red-NADPH-Hemoprotein-Reductases	left
RXN-13004	CPD-14040	right
RXN-13004	WATER	right
RXN-13004	Ox-NADPH-Hemoprotein-Reductases	right
TRANS-RXN-165	Hpr-pi-phospho-L-histidines	left
TRANS-RXN-165	D-mannopyranose	left
TRANS-RXN-165	CPD-15979	right
TRANS-RXN-165	Hpr-Histidine	right
RXN-9213	CPD-9833	left
RXN-9213	CPD-9826	right
RXN66-310	44-DIMETHYL-824-CHOLESTADIENOL	left
RXN66-310	FERROCYTOCHROME-B5	left
RXN66-310	OXYGEN-MOLECULE	left
RXN66-310	PROTON	left
RXN66-310	CPD-4575	right
RXN66-310	FERRICYTOCHROME-B5	right
RXN66-310	WATER	right
DIMETHYLPROPIOTHETIN-DETHIOMETHYLASE-RXN	SS-DIMETHYL-BETA-PROPIOTHETIN	left
DIMETHYLPROPIOTHETIN-DETHIOMETHYLASE-RXN	PROTON	right
DIMETHYLPROPIOTHETIN-DETHIOMETHYLASE-RXN	CPD-7670	right
DIMETHYLPROPIOTHETIN-DETHIOMETHYLASE-RXN	ACRYLATE	right
RXN-9549	Palmitoyl-ACPs	left
RXN-9549	WATER	left
RXN-9549	PALMITATE	right
RXN-9549	ACP	right
RXN-9549	PROTON	right
GLYCERATE-DEHYDROGENASE-RXN	NAD	left
GLYCERATE-DEHYDROGENASE-RXN	GLYCERATE	left
GLYCERATE-DEHYDROGENASE-RXN	PROTON	right
GLYCERATE-DEHYDROGENASE-RXN	OH-PYR	right
GLYCERATE-DEHYDROGENASE-RXN	NADH	right
ACETONE-CYANHYDRIN-LYASE-RXN	2-HYDROXY-2-METHYLPROPANENITRILE	left
ACETONE-CYANHYDRIN-LYASE-RXN	ACETONE	right
ACETONE-CYANHYDRIN-LYASE-RXN	HCN	right
RXN-17757	GLYOX	left
RXN-17757	PROTON	left
RXN-17757	E-	left
RXN-17757	GLYCOLLATE	right
RXN-14492	CPD-15364	left
RXN-14492	MALONYL-COA	left
RXN-14492	PROTON	left
RXN-14492	CPD-15368	right
RXN-14492	CO-A	right
RXN-14492	CARBON-DIOXIDE	right
RXN-12314	CPD-7557	left
RXN-12314	Red-NADPH-Hemoprotein-Reductases	left
RXN-12314	OXYGEN-MOLECULE	left
RXN-12314	CPD-13248	right
RXN-12314	Ox-NADPH-Hemoprotein-Reductases	right
RXN-12314	WATER	right
RXN-12314	PROTON	right
TRANS-RXN0-570	PYRUVATE	left
TRANS-RXN0-570	PYRUVATE	right
RXN-11587	S-ADENOSYLMETHIONINE	left
RXN-11587	CPD-12585	left
RXN-11587	CPD-12586	right
RXN-11587	ADENOSYL-HOMO-CYS	right
ASPARTATEKIN-RXN	L-ASPARTATE	left
ASPARTATEKIN-RXN	ATP	left
ASPARTATEKIN-RXN	L-BETA-ASPARTYL-P	right
ASPARTATEKIN-RXN	ADP	right
RXN-4728	CPD-12575	left
RXN-4728	CPD-4209	left
RXN-4728	PROTON	right
RXN-4728	CPD-4603	right
RXN-4728	UDP	right
--LIMONENE-6-MONOOXYGENASE-RXN	CPD-4886	left
--LIMONENE-6-MONOOXYGENASE-RXN	OXYGEN-MOLECULE	left
--LIMONENE-6-MONOOXYGENASE-RXN	Red-NADPH-Hemoprotein-Reductases	left
--LIMONENE-6-MONOOXYGENASE-RXN	CPD-10051	right
--LIMONENE-6-MONOOXYGENASE-RXN	WATER	right
--LIMONENE-6-MONOOXYGENASE-RXN	Ox-NADPH-Hemoprotein-Reductases	right
RXN-712	CPD-710	left
RXN-712	Acceptor	left
RXN-712	CPD-709	right
RXN-712	Donor-H2	right
RXN-9282	S-ADENOSYLMETHIONINE	left
RXN-9282	CPD-9895	left
RXN-9282	PROTON	right
RXN-9282	CPD-9897	right
RXN-9282	ADENOSYL-HOMO-CYS	right
UREA-CARBOXYLASE-RXN	ATP	left
UREA-CARBOXYLASE-RXN	UREA	left
UREA-CARBOXYLASE-RXN	CARBON-DIOXIDE	left
UREA-CARBOXYLASE-RXN	WATER	left
UREA-CARBOXYLASE-RXN	PROTON	right
UREA-CARBOXYLASE-RXN	ADP	right
UREA-CARBOXYLASE-RXN	Pi	right
UREA-CARBOXYLASE-RXN	CPD-578	right
RXN-11288	CPD-461	left
RXN-11288	CPD-4886	right
RXN-11288	PPI	right
RXN-18183	CPD-19476	left
RXN-18183	WATER	left
RXN-18183	3-2-METHYLTHIOETHYLMALIC-ACID	right
RXN-9073	CPD-9561	left
RXN-9073	OXYGEN-MOLECULE	left
RXN-9073	Donor-H2	left
RXN-9073	CPD-9562	right
RXN-9073	WATER	right
RXN-9073	Acceptor	right
RXN-8625	CPD-8853	left
RXN-8625	CPD-8651	left
RXN-8625	PROTON	left
RXN-8625	Acceptor	left
RXN-8625	CPD-8854	right
RXN-8625	WATER	right
RXN-8625	Donor-H2	right
RXN-16426	N-ACETYL-D-GLUCOSAMINE-16-BIS-P	left
RXN-16426	Phosphoacetylglucosamine-Mutase	left
RXN-16426	Phosphoacetylglucosamine-Mutase-P	right
RXN-16426	N-ACETYL-D-GLUCOSAMINE-1-P	right
DEPHOSPHOCOAKIN-RXN	DEPHOSPHO-COA	left
DEPHOSPHOCOAKIN-RXN	ATP	left
DEPHOSPHOCOAKIN-RXN	PROTON	right
DEPHOSPHOCOAKIN-RXN	CO-A	right
DEPHOSPHOCOAKIN-RXN	ADP	right
RXN-20782	S-ADENOSYLMETHIONINE	left
RXN-20782	CPD-22324	left
RXN-20782	ADENOSYL-HOMO-CYS	right
RXN-20782	CPD-22325	right
RXN-20782	PROTON	right
2.7.7.14-RXN	PROTON	left
2.7.7.14-RXN	PHOSPHORYL-ETHANOLAMINE	left
2.7.7.14-RXN	CTP	left
2.7.7.14-RXN	CDP-ETHANOLAMINE	right
2.7.7.14-RXN	PPI	right
RXN-9276	DIHYDROSANGUINARINE	left
RXN-9276	NAD-P-OR-NOP	left
RXN-9276	SANGUINARINE	right
RXN-9276	NADH-P-OR-NOP	right
RXN-7677	CPD-7015	left
RXN-7677	OXYGEN-MOLECULE	left
RXN-7677	NADPH	left
RXN-7677	PROTON	left
RXN-7677	CPD-19759	right
RXN-7677	WATER	right
RXN-7677	NADP	right
RXN-7647	CPD-6993	left
RXN-7647	PROTON	right
RXN-7647	CPD-6991	right
BENZALDEHYDE-DEHYDROGENASE-NAD+-RXN	BENZALDEHYDE	left
BENZALDEHYDE-DEHYDROGENASE-NAD+-RXN	WATER	left
BENZALDEHYDE-DEHYDROGENASE-NAD+-RXN	NAD	left
BENZALDEHYDE-DEHYDROGENASE-NAD+-RXN	BENZOATE	right
BENZALDEHYDE-DEHYDROGENASE-NAD+-RXN	NADH	right
BENZALDEHYDE-DEHYDROGENASE-NAD+-RXN	PROTON	right
TRANS-RXN-229	L-ORNITHINE	left
TRANS-RXN-229	L-ORNITHINE	right
13-BETA-GLUCAN-SYNTHASE-RXN	CPD-12575	left
13-BETA-GLUCAN-SYNTHASE-RXN	1-3-beta-D-Glucans	left
13-BETA-GLUCAN-SYNTHASE-RXN	1-3-beta-D-Glucans	right
13-BETA-GLUCAN-SYNTHASE-RXN	UDP	right
RXN-9809	CPD-10508	left
RXN-9809	CPD-10516	right
3.2.1.23-RXN	Beta-D-Galactosides	left
3.2.1.23-RXN	WATER	left
3.2.1.23-RXN	Non-Galactosylated-Galactose-Acceptors	right
3.2.1.23-RXN	D-galactopyranose	right
ACETALD-DEHYDROG-RXN	NAD	left
ACETALD-DEHYDROG-RXN	CO-A	left
ACETALD-DEHYDROG-RXN	ACETALD	left
ACETALD-DEHYDROG-RXN	PROTON	right
ACETALD-DEHYDROG-RXN	NADH	right
ACETALD-DEHYDROG-RXN	ACETYL-COA	right
RXN-13516	CPD-14503	left
RXN-13516	CPD-12575	left
RXN-13516	CPD-14507	right
RXN-13516	UDP	right
RXN-13516	PROTON	right
RXN-4723	CPD-12575	left
RXN-4723	CPD-4210	left
RXN-4723	PROTON	right
RXN-4723	CPD-4614	right
RXN-4723	UDP	right
RXN-20892	4-METHYL-MYO-INOSITOL	left
RXN-20892	NAD	left
RXN-20892	CPD-22515	right
RXN-20892	NADH	right
RXN-20892	PROTON	right
RXNQT-4331	CPDQT-417	left
RXNQT-4331	PAPS	left
RXNQT-4331	3-5-ADP	right
RXNQT-4331	PROTON	right
RXNQT-4331	CPDQT-420	right
RXN-16365	S-ADENOSYLMETHIONINE	left
RXN-16365	CPD-8912	left
RXN-16365	CPD-17601	right
RXN-16365	ADENOSYL-HOMO-CYS	right
RXN-16365	PROTON	right
RXN-13020	CPD-14048	left
RXN-13020	PROTON	left
RXN-13020	CPDQT-341	right
RXN-13020	WATER	right
RXN-13020	CARBON-DIOXIDE	right
RXN-13474	S-ADENOSYLMETHIONINE	left
RXN-13474	CPD-8097	left
RXN-13474	CPD-14453	right
RXN-13474	ADENOSYL-HOMO-CYS	right
RXN-13474	PROTON	right
RXN-15283	CPD-16497	left
RXN-15283	PROTON	left
RXN-15283	CPD-7898	right
RXN-15283	CARBON-DIOXIDE	right
2.1.1.140-RXN	S-ADENOSYLMETHIONINE	left
2.1.1.140-RXN	S-COCLAURINE	left
2.1.1.140-RXN	PROTON	right
2.1.1.140-RXN	S-N-METHYLCOCLAURINE	right
2.1.1.140-RXN	ADENOSYL-HOMO-CYS	right
RXN-14882	CPD-15818	left
RXN-14882	D-Ribofuranose	right
UDPNACETYLGLUCOSAMACYLTRANS-RXN	UDP-N-ACETYL-D-GLUCOSAMINE	left
UDPNACETYLGLUCOSAMACYLTRANS-RXN	R-3-hydroxymyristoyl-ACPs	left
UDPNACETYLGLUCOSAMACYLTRANS-RXN	UDP-OHMYR-ACETYLGLUCOSAMINE	right
UDPNACETYLGLUCOSAMACYLTRANS-RXN	ACP	right
RXN-5	URACIL	left
RXN-5	2-HYDROXY-4-CARBOXYPYRIMIDINE	right
RXN-16400	OLEATE-CPD	left
RXN-16400	OXYGEN-MOLECULE	left
RXN-16400	Red-NADPH-Hemoprotein-Reductases	left
RXN-16400	18-HYDROXYOLEATE	right
RXN-16400	Ox-NADPH-Hemoprotein-Reductases	right
RXN-16400	WATER	right
PHOSPHOLIPASE-A2-RXN	PHOSPHATIDYLCHOLINE	left
PHOSPHOLIPASE-A2-RXN	WATER	left
PHOSPHOLIPASE-A2-RXN	2-Lysophosphatidylcholines	right
PHOSPHOLIPASE-A2-RXN	Fatty-Acids	right
PHOSPHOLIPASE-A2-RXN	PROTON	right
RXN-7811	3-METHYL-1-246-TRIHYDROXYPHENYLBUTAN	left
RXN-7811	CPD-4211	left
RXN-7811	PROTON	right
RXN-7811	CPD-7109	right
RXN-7811	PPI	right
RXN-7859	PROTON	left
RXN-7859	CPD-7171	left
RXN-7859	CPD-7174	right
RXN-7859	CARBON-DIOXIDE	right
HISTOLDEHYD-RXN	HISTIDINOL	left
HISTOLDEHYD-RXN	NAD	left
HISTOLDEHYD-RXN	PROTON	right
HISTOLDEHYD-RXN	HISTIDINAL	right
HISTOLDEHYD-RXN	NADH	right
ALPHAGALACTOSID-RXN	WATER	left
ALPHAGALACTOSID-RXN	MELIBIOSE	left
ALPHAGALACTOSID-RXN	D-galactopyranose	right
ALPHAGALACTOSID-RXN	Glucopyranose	right
RXN-11619	2-TRANS6-TRANS-FARNESAL	left
RXN-11619	NAD	left
RXN-11619	WATER	left
RXN-11619	CPD-12585	right
RXN-11619	NADH	right
RXN-11619	PROTON	right
RXN-7282	OXOPENTENOATE	left
RXN-7282	CPD-14447	right
UDP-GLUCURONOSYLTRANSFERASE-RXN	UDP-GLUCURONATE	left
UDP-GLUCURONOSYLTRANSFERASE-RXN	Non-Glucur-Glucuronoside-Acceptors	left
UDP-GLUCURONOSYLTRANSFERASE-RXN	Glucuronosylated-Glucuronoside-Acceptors	right
UDP-GLUCURONOSYLTRANSFERASE-RXN	UDP	right
UDP-GLUCURONOSYLTRANSFERASE-RXN	PROTON	right
RXN-11545	CPD-12479	left
RXN-11545	Demethylated-methyl-acceptors	left
RXN-11545	3-METHYLXANTHINE	right
RXN-11545	Methylated-methyl-acceptors	right
RXN-7979	CPD1F-131	left
RXN-7979	Reduced-ferredoxins	left
RXN-7979	PROTON	left
RXN-7979	OXYGEN-MOLECULE	left
RXN-7979	CPD1F-133	right
RXN-7979	Oxidized-ferredoxins	right
RXN-7979	WATER	right
RXN-10636	FARNESYL-PP	left
RXN-10636	WATER	left
RXN-10636	PPI	right
RXN-10636	CPD-11432	right
GLUTAMATESYN-RXN	GLT	left
GLUTAMATESYN-RXN	NADP	left
GLUTAMATESYN-RXN	PROTON	right
GLUTAMATESYN-RXN	GLN	right
GLUTAMATESYN-RXN	2-KETOGLUTARATE	right
GLUTAMATESYN-RXN	NADPH	right
2.3.1.98-RXN	D-GLUCARATE	left
2.3.1.98-RXN	CAFFEOYLQUINATE	left
2.3.1.98-RXN	2-O-CAFFEOYLGLUCARATE	right
2.3.1.98-RXN	QUINATE	right
RXN-11575	FARNESYL-PP	left
RXN-11575	WATER	left
RXN-11575	CPD-8843	right
RXN-11575	PPI	right
RXN-14082	6C-Glc-2-hydroxyeriodictyol	left
RXN-14082	CPD-15083	right
RXN-14082	WATER	right
RXN-11202	S-ADENOSYLMETHIONINE	left
RXN-11202	CPD-12159	left
RXN-11202	METOH	left
RXN-11202	PROTON	left
RXN-11202	CPD-12161	right
RXN-11202	ADENOSYL-HOMO-CYS	right
RXN-11202	METHYL-GROUP	right
RXN-13976	CPD-12575	left
RXN-13976	CPD-8004	left
RXN-13976	CPD-14969	right
RXN-13976	UDP	right
RXN-9166	CPD-9715	left
RXN-9166	CPD-9695	right
PROPCOASYN-RXN	PROPIONYL-COA	left
PROPCOASYN-RXN	ETF-Oxidized	left
PROPCOASYN-RXN	PROTON	left
PROPCOASYN-RXN	ACRYLYL-COA	right
PROPCOASYN-RXN	ETF-Reduced	right
RXN-13472	CPD-8097	left
RXN-13472	CPD-12575	left
RXN-13472	CPD-14455	right
RXN-13472	UDP	right
RXN-13472	PROTON	right
RXN0-7316	GLUTARATE	left
RXN0-7316	2-KETOGLUTARATE	left
RXN0-7316	OXYGEN-MOLECULE	left
RXN0-7316	CPD-381	right
RXN0-7316	SUC	right
RXN0-7316	CARBON-DIOXIDE	right
RXN-4318	CPD-4208	left
RXN-4318	WATER	left
RXN-4318	D-Ribofuranose	right
RXN-4318	CPD-4210	right
RXN-9266	CAFFEOYLSHIKIMATE	left
RXN-9266	CAFFEATE	right
RXN-12587	L-Cysteine-Desulfurase-persulfide	left
RXN-12587	Unsulfurated-Sulfur-Acceptors	left
RXN-12587	Cysteine-Desulfurase-L-cysteine	right
RXN-12587	Sulfurated-Sulfur-Acceptors	right
RXN-9002	CPD-12575	left
RXN-9002	CPD-9460	left
RXN-9002	CPD-9462	right
RXN-9002	UDP	right
RXN-7600	S-ADENOSYLMETHIONINE	left
RXN-7600	7-METHYLXANTHINE	left
RXN-7600	PROTON	right
RXN-7600	1-7-DIMETHYLXANTHINE	right
RXN-7600	ADENOSYL-HOMO-CYS	right
RXN-10626	CPD-9087	left
RXN-10626	Red-NADPH-Hemoprotein-Reductases	left
RXN-10626	OXYGEN-MOLECULE	left
RXN-10626	CPD-11423	right
RXN-10626	Ox-NADPH-Hemoprotein-Reductases	right
RXN-10626	WATER	right
RXN-7708	MET	left
RXN-7708	PHENYL-PYRUVATE	left
RXN-7708	CPD-479	right
RXN-7708	PHE	right
RXN-16998	ALPHA-GLUCOSE-16-BISPHOSPHATE	left
RXN-16998	Phosphoglucomutase	left
RXN-16998	D-glucopyranose-6-phosphate	right
RXN-16998	Phosphorylated-phosphoglucomutase	right
RXN-11434	CPD-12402	left
RXN-11434	WATER	left
RXN-11434	CPD-12403	right
RXN-11434	GLT	right
RXN-13699	CPD-14740	left
RXN-13699	CPD-4402	right
RXN-13699	WATER	right
RXN-9029	ERYTHROSE-4P	left
RXN-9029	3-DEHYDRO-SHIKIMATE	right
RXN-7878	CPD-7193	left
RXN-7878	OXYGEN-MOLECULE	left
RXN-7878	Red-NADPH-Hemoprotein-Reductases	left
RXN-7878	CPD-7192	right
RXN-7878	WATER	right
RXN-7878	Ox-NADPH-Hemoprotein-Reductases	right
RXN-23786	BENZOYLCOA	left
RXN-23786	CPD-173	left
RXN-23786	CPD-26326	right
RXN-23786	CO-A	right
RXN-4721	CPD-12575	left
RXN-4721	CPD-4210	left
RXN-4721	PROTON	right
RXN-4721	CPD-4612	right
RXN-4721	UDP	right
RXN-11546	3-METHYLXANTHINE	left
RXN-11546	Demethylated-methyl-acceptors	left
RXN-11546	XANTHINE	right
RXN-11546	Methylated-methyl-acceptors	right
RXN-5112	PROTON	left
RXN-5112	CPD-4885	left
RXN-5112	NADPH	left
RXN-5112	OXYGEN-MOLECULE	left
RXN-5112	CPD-4884	right
RXN-5112	NADP	right
RXN-5112	WATER	right
RXN0-7271	Protein-Ox-Disulfides	left
RXN0-7271	Red-Glutaredoxins	left
RXN0-7271	Protein-Red-Disulfides	right
RXN0-7271	Ox-Glutaredoxins	right
RXN-12278	CPD-13198	left
RXN-12278	WATER	left
RXN-12278	CPD-7043	right
RXN-12278	MALTOSE	right
2.4.1.117-RXN	DOLICHOLP	left
2.4.1.117-RXN	CPD-12575	left
2.4.1.117-RXN	CPD-166	right
2.4.1.117-RXN	UDP	right
SUCCCOASYN-RXN	SUC	left
SUCCCOASYN-RXN	CO-A	left
SUCCCOASYN-RXN	ATP	left
SUCCCOASYN-RXN	SUC-COA	right
SUCCCOASYN-RXN	ADP	right
SUCCCOASYN-RXN	Pi	right
RXN-4121	Fatty-Acids	left
RXN-4121	OXYGEN-MOLECULE	left
RXN-4121	2R-HYDROPEROXY-FATTY-ACIDS	right
1.2.4.4-RXN	2-KETO-ISOVALERATE	left
1.2.4.4-RXN	BCAA-dehydrogenase-lipoyl	left
1.2.4.4-RXN	PROTON	left
1.2.4.4-RXN	BCAA-dehydrogenase-2MP-DH-lipoyl	right
1.2.4.4-RXN	CARBON-DIOXIDE	right
RXN-21390	CPD-23300	left
RXN-21390	CPD-22266	right
RXN-11401	CPD-12368	left
RXN-11401	Donor-H2	left
RXN-11401	OXYGEN-MOLECULE	left
RXN-11401	CPD-12371	right
RXN-11401	Acceptor	right
RXN-11401	WATER	right
RXN-8533	CPD-8723	left
RXN-8533	CPD-8724	right
RXN-8533	WATER	right
RXN-8418	FARNESYL-PP	left
RXN-8418	CPD-8236	right
RXN-8418	PPI	right
RXN-20026	CPD-21613	left
RXN-20026	Red-NADPH-Hemoprotein-Reductases	left
RXN-20026	OXYGEN-MOLECULE	left
RXN-20026	CPD-21614	right
RXN-20026	Ox-NADPH-Hemoprotein-Reductases	right
RXN-20026	WATER	right
RXN-7877	CPD-4127	left
RXN-7877	OXYGEN-MOLECULE	left
RXN-7877	Red-NADPH-Hemoprotein-Reductases	left
RXN-7877	CPD-7191	right
RXN-7877	WATER	right
RXN-7877	Ox-NADPH-Hemoprotein-Reductases	right
RXN-7543	URACIL	left
RXN-7543	ACETYLSERINE	left
RXN-7543	PROTON	right
RXN-7543	ISOWILLARDIINE	right
RXN-7543	ACET	right
RXN-8902	CPD-9293	left
RXN-8902	CPD-9296	right
RXN1F-152	CPD1F-129	left
RXN1F-152	Reduced-ferredoxins	left
RXN1F-152	PROTON	left
RXN1F-152	OXYGEN-MOLECULE	left
RXN1F-152	CPD1F-130	right
RXN1F-152	Oxidized-ferredoxins	right
RXN1F-152	WATER	right
FLAVONADPREDUCT-RXN	Reduced-flavodoxins	left
FLAVONADPREDUCT-RXN	NADP	left
FLAVONADPREDUCT-RXN	Oxidized-flavodoxins	right
FLAVONADPREDUCT-RXN	NADPH	right
FLAVONADPREDUCT-RXN	PROTON	right
4.2.3.19-RXN	ENT-COPALYL-DIPHOSPHATE	left
4.2.3.19-RXN	PPI	right
4.2.3.19-RXN	CPD1F-128	right
RXN-11737	L-CYSTEATE	left
RXN-11737	2-KETOGLUTARATE	left
RXN-11737	CPD-380	right
RXN-11737	GLT	right
RXN-8479	CPD-12575	left
RXN-8479	CPD-8653	left
RXN-8479	PROTON	right
RXN-8479	CPD-8654	right
RXN-8479	UDP	right
MALATE-DEHYDROGENASE-ACCEPTOR-RXN	ETR-Quinones	left
MALATE-DEHYDROGENASE-ACCEPTOR-RXN	MAL	left
MALATE-DEHYDROGENASE-ACCEPTOR-RXN	ETR-Quinols	right
MALATE-DEHYDROGENASE-ACCEPTOR-RXN	OXALACETIC_ACID	right
DEOXYADENOSINE-KINASE-RXN	DEOXYADENOSINE	left
DEOXYADENOSINE-KINASE-RXN	ATP	left
DEOXYADENOSINE-KINASE-RXN	PROTON	right
DEOXYADENOSINE-KINASE-RXN	DAMP	right
DEOXYADENOSINE-KINASE-RXN	ADP	right
RXN-6423	4-AMINO-BUTYRALDEHYDE	left
RXN-6423	CPD-6124	right
RXN-6423	WATER	right
RXN-6683	CPD-6362	left
RXN-6683	OXYGEN-MOLECULE	left
RXN-6683	Red-NADPH-Hemoprotein-Reductases	left
RXN-6683	CPD-6364	right
RXN-6683	Ox-NADPH-Hemoprotein-Reductases	right
RXN-6683	WATER	right
RXN-7658	CPD-7002	left
RXN-7658	NADP	left
RXN-7658	GERANYLGERANYL-PP	right
RXN-7658	NADPH	right
RXN-7658	PROTON	right
RXN-15382	CPD-16610	left
RXN-15382	Red-NADPH-Hemoprotein-Reductases	left
RXN-15382	OXYGEN-MOLECULE	left
RXN-15382	CPD-16612	right
RXN-15382	Ox-NADPH-Hemoprotein-Reductases	right
RXN-15382	WATER	right
RXN-21008	12-hydroxy-styryl-pyrone-1-3Ketide	left
RXN-21008	CPD-6956	right
RXN-21008	Polyketide-ACP-Proteins	right
RXN-21008	PROTON	right
RXN0-4281	ACETOL	left
RXN0-4281	NADP	left
RXN0-4281	PROTON	right
RXN0-4281	METHYL-GLYOXAL	right
RXN0-4281	NADPH	right
RXN-13248	CPD-12642	left
RXN-13248	PROTON	left
RXN-13248	Methylketones	right
RXN-13248	CARBON-DIOXIDE	right
RXN-13908	CPD-14931	left
RXN-13908	10-FORMYL-DIHYDROFOLATE-GLU-N	right
RXN-13908	WATER	right
RXN-11811	AMMONIA	left
RXN-11811	PROTON	left
RXN-11811	AMMONIUM	right
MYO-INOSITOL-1-KINASE-RXN	MYO-INOSITOL	left
MYO-INOSITOL-1-KINASE-RXN	ATP	left
MYO-INOSITOL-1-KINASE-RXN	PROTON	right
MYO-INOSITOL-1-KINASE-RXN	1-L-MYO-INOSITOL-1-P	right
MYO-INOSITOL-1-KINASE-RXN	ADP	right
RXN-8332	CPD-8098	left
RXN-8332	OXYGEN-MOLECULE	left
RXN-8332	CPD-8094	right
RXN-8332	WATER	right
RXN-9557	R-3-hydroxy-cis-vaccenoyl-ACPs	left
RXN-9557	cis-vaccen-2-enoyl-ACPs	right
RXN-9557	WATER	right
RXN-18166	CPD-1863	left
RXN-18166	OXYGEN-MOLECULE	left
RXN-18166	Red-NADPH-Hemoprotein-Reductases	left
RXN-18166	CPD-19470	right
RXN-18166	Ox-NADPH-Hemoprotein-Reductases	right
RXN-18166	WATER	right
RXN-12668	P-COUMAROYL-COA	left
RXN-12668	CPD0-2106	left
RXN-12668	WATER	left
RXN-12668	CPD-13647	right
RXN-12668	CO-A	right
RXN-12668	CARBON-DIOXIDE	right
RXN-18894	CPD-20260	left
RXN-18894	DOPAQUINONE	left
RXN-18894	CPD-20261	right
RXN-18894	L-DIHYDROXY-PHENYLALANINE	right
NITRIC-OXIDE-SYNTHASE-RXN	ARG	left
NITRIC-OXIDE-SYNTHASE-RXN	NADPH	left
NITRIC-OXIDE-SYNTHASE-RXN	PROTON	left
NITRIC-OXIDE-SYNTHASE-RXN	OXYGEN-MOLECULE	left
NITRIC-OXIDE-SYNTHASE-RXN	L-CITRULLINE	right
NITRIC-OXIDE-SYNTHASE-RXN	NITRIC-OXIDE	right
NITRIC-OXIDE-SYNTHASE-RXN	NADP	right
NITRIC-OXIDE-SYNTHASE-RXN	WATER	right
RXN-12682	CPD-13666	left
RXN-12682	OXYGEN-MOLECULE	left
RXN-12682	Red-NADPH-Hemoprotein-Reductases	left
RXN-12682	CPD-13667	right
RXN-12682	WATER	right
RXN-12682	Ox-NADPH-Hemoprotein-Reductases	right
RXN-13923	S-ADENOSYLMETHIONINE	left
RXN-13923	CPD-14943	left
RXN-13923	CPD-14944	right
RXN-13923	ADENOSYL-HOMO-CYS	right
RXN-13923	PROTON	right
RXN-16045	CPD-18	left
RXN-16045	Glycerolipids	left
RXN-16045	Linoleoyl-groups	right
RXN-16045	CO-A	right
RXN-9083	INDOLE_ACETATE_AUXIN	left
RXN-9083	VAL	left
RXN-9083	ATP	left
RXN-9083	PROTON	right
RXN-9083	CPD-9577	right
RXN-9083	AMP	right
RXN-9083	PPI	right
RXN-11668	CPD-10284	left
RXN-11668	WATER	left
RXN-11668	CPD-14242	right
RXN-11668	PROTON	right
RXN-11668	CO-A	right
RXN-9271	CPD-9831	left
RXN-9271	Demethylated-methyl-acceptors	right
RXN-9271	CPD-9836	right
RXN-14685	TRP	left
RXN-14685	CPD-479	left
RXN-14685	INDOLE_PYRUVATE	right
RXN-14685	MET	right
RXN-24307	CPD-26897	left
RXN-24307	OXYGEN-MOLECULE	left
RXN-24307	Red-NADPH-Hemoprotein-Reductases	left
RXN-24307	CPD-26898	right
RXN-24307	WATER	right
RXN-24307	Ox-NADPH-Hemoprotein-Reductases	right
RXN-15291	LUTEOLIN-7-O-BETA-D-GLUCURONIDE	left
RXN-15291	WATER	left
RXN-15291	5734-TETRAHYDROXYFLAVONE	right
RXN-15291	CPD-12521	right
RXN-15291	PROTON	right
3-HYDROXYDECANOYL-ACP-DEHYDR-RXN	OH-ACYL-ACP	left
3-HYDROXYDECANOYL-ACP-DEHYDR-RXN	TRANS-D2-ENOYL-ACP	right
3-HYDROXYDECANOYL-ACP-DEHYDR-RXN	WATER	right
L-GLN-FRUCT-6-P-AMINOTRANS-RXN	FRUCTOSE-6P	left
L-GLN-FRUCT-6-P-AMINOTRANS-RXN	GLN	left
L-GLN-FRUCT-6-P-AMINOTRANS-RXN	D-GLUCOSAMINE-6-P	right
L-GLN-FRUCT-6-P-AMINOTRANS-RXN	GLT	right
RXN-14869	S-ADENOSYLMETHIONINE	left
RXN-14869	CPD-15799	left
RXN-14869	CPD-15801	right
RXN-14869	ADENOSYL-HOMO-CYS	right
RXN-14869	PROTON	right
ACONITATEDEHYDR-RXN	CIT	left
ACONITATEDEHYDR-RXN	CIS-ACONITATE	right
ACONITATEDEHYDR-RXN	WATER	right
RXN-8431	FARNESYL-PP	left
RXN-8431	CPD-8248	right
RXN-8431	PPI	right
RXN-8958	CPD-17635	left
RXN-8958	CPD-9407	right
RXN-7204	CPD-6681	left
RXN-7204	ATP	left
RXN-7204	PROTON	right
RXN-7204	CPD-178	right
RXN-7204	ADP	right
2.7.7.35-RXN	RIBOSE-5P	left
2.7.7.35-RXN	PROTON	left
2.7.7.35-RXN	ADP	left
2.7.7.35-RXN	Pi	right
2.7.7.35-RXN	ADENOSINE_DIPHOSPHATE_RIBOSE	right
RXN-22774	CPD-15374	left
RXN-22774	LEU	left
RXN-22774	CPD-25235	right
RXN-22774	WATER	right
RXN-12124	CPD-342	left
RXN-12124	Acceptor	left
RXN-12124	ANDROST4ENE	right
RXN-12124	Donor-H2	right
RXN-11255	PROTON	left
RXN-11255	CINNAMOYL-COA	left
RXN-11255	CPD-12208	left
RXN-11255	CPD-12207	right
RXN-11255	CO-A	right
RXN-11255	CARBON-DIOXIDE	right
RXN-10953	CPD-6701	left
RXN-10953	WATER	left
RXN-10953	MYO-INOSITOL	right
RXN-10953	Pi	right
RXN-8147	CPD-7710	left
RXN-8147	2-KETOGLUTARATE	left
RXN-8147	OXYGEN-MOLECULE	left
RXN-8147	CPD-7712	right
RXN-8147	FORMALDEHYDE	right
RXN-8147	SUC	right
RXN-8147	CARBON-DIOXIDE	right
ASPARAGHYD-RXN	ASN	left
ASPARAGHYD-RXN	WATER	left
ASPARAGHYD-RXN	L-ASPARTATE	right
ASPARAGHYD-RXN	AMMONIUM	right
2.1.1.143-RXN	S-ADENOSYLMETHIONINE	left
2.1.1.143-RXN	CPD-4101	left
2.1.1.143-RXN	PROTON	right
2.1.1.143-RXN	CPD-4124	right
2.1.1.143-RXN	ADENOSYL-HOMO-CYS	right
RXN-11357	CPD-7524	left
RXN-11357	ETR-Quinones	left
RXN-11357	CPD-7496	right
RXN-11357	ETR-Quinols	right
RXN-11686	CPD-15088	left
RXN-11686	VITEXIN	right
RXN-11686	WATER	right
RXN-13525	CPD-9424	left
RXN-13525	OXYGEN-MOLECULE	left
RXN-13525	Donor-H2	left
RXN-13525	CPD-14512	right
RXN-13525	WATER	right
RXN-13525	Acceptor	right
RXN-8616	FARNESYL-PP	left
RXN-8616	WATER	left
RXN-8616	CPD-12568	right
RXN-8616	PPI	right
RXN-15281	3-oxo-dodecanoyl-ACPs	left
RXN-15281	WATER	left
RXN-15281	3-OXODODECANOATE	right
RXN-15281	ACP	right
RXN-15281	PROTON	right
HYDROXYPRODEHYDROG-RXN	4-HYDROXY-L-PROLINE	left
HYDROXYPRODEHYDROG-RXN	OXYGEN-MOLECULE	left
HYDROXYPRODEHYDROG-RXN	WATER	right
HYDROXYPRODEHYDROG-RXN	PROTON	right
HYDROXYPRODEHYDROG-RXN	PYRROLINE-HYDROXY-CARBOXYLATE	right
RXN-9461	1-4-beta-D-Glucan	left
RXN-9461	UDP-D-XYLOSE	left
RXN-9461	GXGG-Xyloglucans	right
RXN-9461	UDP	right
RXN-12795	S-ADENOSYLMETHIONINE	left
RXN-12795	CPD-13811	left
RXN-12795	PROTON	right
RXN-12795	CPD-6627	right
RXN-12795	ADENOSYL-HOMO-CYS	right
RXN-18352	CPD-19725	left
RXN-18352	PROTON	left
RXN-18352	PELARGONIDIN-CMPD	right
RXN-18352	WATER	right
2.7.1.139-RXN	INOSITOL-1-3-4-TRIPHOSPHATE	left
2.7.1.139-RXN	ATP	left
2.7.1.139-RXN	PROTON	right
2.7.1.139-RXN	CPD-506	right
2.7.1.139-RXN	ADP	right
PHOSPHOGLUCMUT-RXN	GLC-1-P	left
PHOSPHOGLUCMUT-RXN	D-glucopyranose-6-phosphate	right
RXN-18702	3-MERCAPTO-PYRUVATE	left
RXN-18702	TUM1-L-cysteine	left
RXN-18702	TUM1-S-sulfanylcysteine	right
RXN-18702	PYRUVATE	right
RXN-8298	CPD-8077	left
RXN-8298	OXYGEN-MOLECULE	left
RXN-8298	Reduced-ferredoxins	left
RXN-8298	PROTON	left
RXN-8298	CPD-2189	right
RXN-8298	WATER	right
RXN-8298	Oxidized-ferredoxins	right
RXN-13517	CPD-14504	left
RXN-13517	CPD-12575	left
RXN-13517	CPD-14506	right
RXN-13517	UDP	right
RXN-13517	PROTON	right
RXN-12647	Oxidized-Plastocyanins	left
RXN-12647	E-	left
RXN-12647	Plastocyanin-Reduced	right
RXN-9370	CPD-9976	left
RXN-9370	NADP	left
RXN-9370	CPD-9978	right
RXN-9370	NADPH	right
RXN-9370	PROTON	right
RXN-8317	CPD-8086	left
RXN-8317	OXYGEN-MOLECULE	left
RXN-8317	Reduced-ferredoxins	left
RXN-8317	PROTON	left
RXN-8317	CPD-8087	right
RXN-8317	WATER	right
RXN-8317	Oxidized-ferredoxins	right
RXN-8624	CPD-8851	left
RXN-8624	Donor-H2	left
RXN-8624	CPD-8853	right
RXN-8624	Acceptor	right
RXN-8624	PROTON	right
RXN-9201	CPD-9777	left
RXN-9201	BENZOYLCOA	left
RXN-9201	CPD-9776	right
RXN-9201	CO-A	right
3.2.1.55-RXN	1-5-L-Arabinooligosaccharides	left
3.2.1.55-RXN	WATER	left
3.2.1.55-RXN	CPD-12045	right
3.2.1.55-RXN	1-5-L-Arabinooligosaccharides	right
RXN18C3-20	GERANYLGERANYL-PP	left
RXN18C3-20	WATER	left
RXN18C3-20	CPD-18854	right
RXN18C3-20	PPI	right
RXN-12565	ACETYL-COA	left
RXN-12565	BUTYRYL-COA	left
RXN-12565	K-HEXANOYL-COA	right
RXN-12565	CO-A	right
UDP-ARABINOSE-4-EPIMERASE-RXN	CPD-12513	left
UDP-ARABINOSE-4-EPIMERASE-RXN	UDP-D-XYLOSE	right
RXN-8699	PROTON	left
RXN-8699	TETRAHYDROPALMATINE	left
RXN-8699	OXYGEN-MOLECULE	left
RXN-8699	PALMATINE	right
RXN-8699	HYDROGEN-PEROXIDE	right
RXN-9618	PROTON	left
RXN-9618	CPD-10255	left
RXN-9618	MALONYL-COA	left
RXN-9618	CPD-10256	right
RXN-9618	CO-A	right
RXN-9618	CARBON-DIOXIDE	right
RXN-7826	PROTON	left
RXN-7826	ISOVALERYL-COA	left
RXN-7826	MALONYL-COA	left
RXN-7826	CPD-7147	right
RXN-7826	CO-A	right
RXN-7826	CARBON-DIOXIDE	right
RXN-21389	CPD-22267	left
RXN-21389	NADP	left
RXN-21389	CPD-23300	right
RXN-21389	NADPH	right
RXN-21389	PROTON	right
2.8.2.27-RXN	CPD-1822	left
2.8.2.27-RXN	PAPS	left
2.8.2.27-RXN	3-5-ADP	right
2.8.2.27-RXN	PROTON	right
2.8.2.27-RXN	QUERCETIN-34-BISSULFATE	right
RXN-14903	ETR-Quinones	left
RXN-14903	PRO	left
RXN-14903	ETR-Quinols	right
RXN-14903	PROTON	right
RXN-14903	L-DELTA1-PYRROLINE_5-CARBOXYLATE	right
RXN-13058	CPD-14074	left
RXN-13058	PROTON	left
RXN-13058	CPD-14075	right
RXN-13058	CARBON-DIOXIDE	right
RXN-8899	2-AMINOACRYLATE	left
RXN-8899	WATER	left
RXN-8899	PYRUVATE	right
RXN-8899	AMMONIUM	right
RXN-12867	CPD-678	left
RXN-12867	GLUTATHIONE	left
RXN-12867	NADP	left
RXN-12867	CPD-13909	right
RXN-12867	NADPH	right
RXN-12867	PROTON	right
RXN-8328	CPD-8088	left
RXN-8328	OXYGEN-MOLECULE	left
RXN-8328	FERROCYTOCHROME-B5	left
RXN-8328	PROTON	left
RXN-8328	CPD-2182	right
RXN-8328	WATER	right
RXN-8328	FERRICYTOCHROME-B5	right
RXN-8054	CPD-7545	left
RXN-8054	WATER	left
RXN-8054	PHENYLACETOTHIOHYDROXIMATE	right
RXN-8054	PYRUVATE	right
RXN-8054	AMMONIUM	right
RXN-8054	PROTON	right
RXN-18348	CPD-11512	left
RXN-18348	2-KETOGLUTARATE	left
RXN-18348	OXYGEN-MOLECULE	left
RXN-18348	CPD-19723	right
RXN-18348	SUC	right
RXN-18348	CARBON-DIOXIDE	right
RXN-18348	WATER	right
RXN-115	CPD1F-139	left
RXN-115	2-KETOGLUTARATE	left
RXN-115	OXYGEN-MOLECULE	left
RXN-115	CPD-204	right
RXN-115	SUC	right
RXN-115	CARBON-DIOXIDE	right
RXN-8526	CPD-8716	left
RXN-8526	NADPH	left
RXN-8526	OXYGEN-MOLECULE	left
RXN-8526	CPD-8717	right
RXN-8526	NADP	right
RXN-8526	WATER	right
ASNSYNA-RXN	L-ASPARTATE	left
ASNSYNA-RXN	AMMONIUM	left
ASNSYNA-RXN	ATP	left
ASNSYNA-RXN	PROTON	right
ASNSYNA-RXN	ASN	right
ASNSYNA-RXN	PPI	right
ASNSYNA-RXN	AMP	right
LYSDECARBOX-RXN	PROTON	left
LYSDECARBOX-RXN	LYS	left
LYSDECARBOX-RXN	CARBON-DIOXIDE	right
LYSDECARBOX-RXN	CADAVERINE	right
DLACTDEHYDROGFAD-RXN	Ubiquinones	left
DLACTDEHYDROGFAD-RXN	D-LACTATE	left
DLACTDEHYDROGFAD-RXN	Ubiquinols	right
DLACTDEHYDROGFAD-RXN	PYRUVATE	right
RXN-14076	CPD-15088	left
RXN-14076	ISOVITEXIN	right
RXN-14076	WATER	right
RXN-18230	CPDQT-429	left
RXN-18230	CPD-19511	right
RXN-18230	CPD-19512	right
H2PTERIDINEPYROPHOSPHOKIN-RXN	AMINO-OH-HYDROXYMETHYL-DIHYDROPTERIDINE	left
H2PTERIDINEPYROPHOSPHOKIN-RXN	ATP	left
H2PTERIDINEPYROPHOSPHOKIN-RXN	PROTON	right
H2PTERIDINEPYROPHOSPHOKIN-RXN	DIHYDROPTERIN-CH2OH-PP	right
H2PTERIDINEPYROPHOSPHOKIN-RXN	AMP	right
RXN-13934	S-ADENOSYLMETHIONINE	left
RXN-13934	CPD-13511	left
RXN-13934	CPD-14948	right
RXN-13934	ADENOSYL-HOMO-CYS	right
RXN-13934	PROTON	right
RXN-14488	CPD-17404	left
RXN-14488	FERROCYTOCHROME-B5	left
RXN-14488	OXYGEN-MOLECULE	left
RXN-14488	PROTON	left
RXN-14488	CPD-17400	right
RXN-14488	FERRICYTOCHROME-B5	right
RXN-14488	WATER	right
RXN-13304	CPD-14277	left
RXN-13304	CPD-14282	right
RXN-13304	WATER	right
RXN-17677	CPD-11512	left
RXN-17677	2-KETOGLUTARATE	left
RXN-17677	OXYGEN-MOLECULE	left
RXN-17677	PROTON	left
RXN-17677	3-OH-Anthocyanidins	right
RXN-17677	SUC	right
RXN-17677	CARBON-DIOXIDE	right
RXN-17677	WATER	right
RXN-9627	LAUROYLCOA-CPD	left
RXN-9627	WATER	left
RXN-9627	PROTON	right
RXN-9627	DODECANOATE	right
RXN-9627	CO-A	right
2.4.1.198-RXN	UDP-N-ACETYL-D-GLUCOSAMINE	left
2.4.1.198-RXN	L-1-phosphatidyl-inositols	left
2.4.1.198-RXN	CPD-452	right
2.4.1.198-RXN	UDP	right
2.4.1.198-RXN	PROTON	right
RXN-9746	CPD-10453	left
RXN-9746	WATER	left
RXN-9746	NADP	left
RXN-9746	CPD-9138	right
RXN-9746	NADPH	right
RXN-9746	PROTON	right
THIOL-S-METHYLTRANSFERASE-RXN	S-ADENOSYLMETHIONINE	left
THIOL-S-METHYLTRANSFERASE-RXN	Thiols	left
THIOL-S-METHYLTRANSFERASE-RXN	ADENOSYL-HOMO-CYS	right
THIOL-S-METHYLTRANSFERASE-RXN	Methyl-thioethers	right
THIOL-S-METHYLTRANSFERASE-RXN	PROTON	right
RXN-11249	CPD-12202	left
RXN-11249	CPD-12204	right
RXN-12600	CPD-13542	left
RXN-12600	OXYGEN-MOLECULE	left
RXN-12600	Red-NADPH-Hemoprotein-Reductases	left
RXN-12600	CPD-13544	right
RXN-12600	WATER	right
RXN-12600	Ox-NADPH-Hemoprotein-Reductases	right
2.3.1.167-RXN	10-DEACETYLBACCATIN-III	left
2.3.1.167-RXN	ACETYL-COA	left
2.3.1.167-RXN	BACCATIN-III	right
2.3.1.167-RXN	CO-A	right
RXN-7732	UDP-L-RHAMNOSE	left
RXN-7732	NARINGENIN-7-O-BETA-D-GLUCOSIDE	left
RXN-7732	PROTON	right
RXN-7732	CPD-7059	right
RXN-7732	UDP	right
RXN-13515	CPD-14505	left
RXN-13515	CPD-12575	left
RXN-13515	CPD-14504	right
RXN-13515	UDP	right
RXN-13515	PROTON	right
RXN-13970	CPD1F-766	left
RXN-13970	CPD-15006	left
RXN-13970	CPD-7138	right
RXN-13970	VANILLATE	right
RXNQT-4363	CPDQT-429	left
RXNQT-4363	GLUTATHIONE	left
RXNQT-4363	CPDQT-434	right
1.6.5.4-RXN	CPD-318	left
1.6.5.4-RXN	NADH	left
1.6.5.4-RXN	PROTON	right
1.6.5.4-RXN	ASCORBATE	right
1.6.5.4-RXN	NAD	right
RXN-7304	CPD-6782	left
RXN-7304	WATER	left
RXN-7304	CPD-6783	right
RXN-7304	Pi	right
RXN-19594	CPD-12388	left
RXN-19594	WATER	left
RXN-19594	CPD-7547	right
RXN-19594	GLY	right
RXN-8153	CPD-7234	left
RXN-8153	CPD-7725	right
RXN-18669	ACETYL-COA	left
RXN-18669	PROPANOL	left
RXN-18669	CPD-18998	right
RXN-18669	CO-A	right
RXN-13433	CPD-8909	left
RXN-13433	NAD	left
RXN-13433	CPD-8912	right
RXN-13433	NADH	right
RXN-13433	PROTON	right
RXN-14047	CIT	left
RXN-14047	THREO-DS-ISO-CITRATE	right
RXN-22762	CPD-25213	left
RXN-22762	PROTON	left
RXN-22762	TROPINONE	right
RXN-22762	CARBON-DIOXIDE	right
RXN-14217	DGTP	left
RXN-14217	WATER	left
RXN-14217	DGDP	right
RXN-14217	Pi	right
RXN-14217	PROTON	right
RXN-11270	CPD-12218	left
RXN-11270	BENZALDEHYDE	right
RXN-11270	ACET	right
1.2.1.2-RXN	FORMATE	left
1.2.1.2-RXN	NAD	left
1.2.1.2-RXN	CARBON-DIOXIDE	right
1.2.1.2-RXN	NADH	right
RXN-13939	CPD-14963	left
RXN-13939	CARBON-DIOXIDE	right
RXN-13939	CPD-10296	right
RXN-9822	CPD0-1898	left
RXN-9822	CPD-10537	left
RXN-9822	PROTON	right
RXN-9822	CPD-10538	right
RXN-9822	UDP	right
RXN-7062	CPD-12575	left
RXN-7062	CPD-6602	left
RXN-7062	CPD-6622	right
RXN-7062	UDP	right
RXN-7062	PROTON	right
RXN-4882	CPD-8719	left
RXN-4882	CPD-4752	right
RXN-4882	PPI	right
RXN-8279	CPD-8047	left
RXN-8279	CPD-458	left
RXN-8279	CPD-8049	right
RXN-8279	MYO-INOSITOL	right
RXN-9536	R-3-hydroxymyristoyl-ACPs	left
RXN-9536	NADP	left
RXN-9536	3-oxo-myristoyl-ACPs	right
RXN-9536	NADPH	right
RXN-9536	PROTON	right
NADH-DEHYDROGENASE-RXN	PROTON	left
NADH-DEHYDROGENASE-RXN	NADH	left
NADH-DEHYDROGENASE-RXN	Acceptor	left
NADH-DEHYDROGENASE-RXN	NAD	right
NADH-DEHYDROGENASE-RXN	Donor-H2	right
PRUNASIN-BETA-GLUCOSIDASE-RXN	WATER	left
PRUNASIN-BETA-GLUCOSIDASE-RXN	CPD-553	left
PRUNASIN-BETA-GLUCOSIDASE-RXN	CPD-12702	right
PRUNASIN-BETA-GLUCOSIDASE-RXN	Glucopyranose	right
RXN-14658	S-ADENOSYLMETHIONINE	left
RXN-14658	CPD-15480	left
RXN-14658	PROTON	right
RXN-14658	ADENOSYL-HOMO-CYS	right
RXN-14658	CPD-15481	right
RXN-15384	CPD-16620	left
RXN-15384	Red-NADPH-Hemoprotein-Reductases	left
RXN-15384	OXYGEN-MOLECULE	left
RXN-15384	CPD-16622	right
RXN-15384	Ox-NADPH-Hemoprotein-Reductases	right
RXN-15384	WATER	right
RXN-14484	CPD-15361	left
RXN-14484	NADP	left
RXN-14484	CPD-14300	right
RXN-14484	NADPH	right
RXN-14484	PROTON	right
RXN-13922	S-ADENOSYLMETHIONINE	left
RXN-13922	CPD-14942	left
RXN-13922	CPD-14943	right
RXN-13922	ADENOSYL-HOMO-CYS	right
RXN-13922	PROTON	right
RXN-16173	CPD-17422	left
RXN-16173	Red-NADPH-Hemoprotein-Reductases	left
RXN-16173	OXYGEN-MOLECULE	left
RXN-16173	CPD-718	right
RXN-16173	Ox-NADPH-Hemoprotein-Reductases	right
RXN-16173	WATER	right
FLAVONOID-3-MONOOXYGENASE-RXN	Flavonoids	left
FLAVONOID-3-MONOOXYGENASE-RXN	OXYGEN-MOLECULE	left
FLAVONOID-3-MONOOXYGENASE-RXN	Red-NADPH-Hemoprotein-Reductases	left
FLAVONOID-3-MONOOXYGENASE-RXN	3prime-Hydroxy-Flavonoids	right
FLAVONOID-3-MONOOXYGENASE-RXN	WATER	right
FLAVONOID-3-MONOOXYGENASE-RXN	Ox-NADPH-Hemoprotein-Reductases	right
RXN-11173	CPD-12114	left
RXN-11173	CPD-12111	right
RXN-11173	CO-A	right
RXN-13299	CPD-14276	left
RXN-13299	NADP	left
RXN-13299	CPD-10283	right
RXN-13299	NADPH	right
RXN-13299	PROTON	right
RXN-8205	CPD-12575	left
RXN-8205	CPD-16541	left
RXN-8205	CPD-7714	right
RXN-8205	UDP	right
RXN-14503	CPD-15377	left
RXN-14503	D-Xylopyranose	right
RXN-8326	CPD-8091	left
RXN-8326	OXYGEN-MOLECULE	left
RXN-8326	FERROCYTOCHROME-B5	left
RXN-8326	PROTON	left
RXN-8326	CPD-8092	right
RXN-8326	WATER	right
RXN-8326	FERRICYTOCHROME-B5	right
PHOSPHATIDATE-PHOSPHATASE-RXN	WATER	left
PHOSPHATIDATE-PHOSPHATASE-RXN	L-PHOSPHATIDATE	left
PHOSPHATIDATE-PHOSPHATASE-RXN	Pi	right
PHOSPHATIDATE-PHOSPHATASE-RXN	DIACYLGLYCEROL	right
RXN-13918	S-ADENOSYLMETHIONINE	left
RXN-13918	CPD-14936	left
RXN-13918	CPD-14941	right
RXN-13918	ADENOSYL-HOMO-CYS	right
RXN-13918	PROTON	right
RXN-16190	CPD-9317	left
RXN-16190	WATER	left
RXN-16190	CPD-17436	right
RXN-16190	GLT	right
RXN-19656	S-ADENOSYLMETHIONINE	left
RXN-19656	CPD-19097	left
RXN-19656	ADENOSYL-HOMO-CYS	right
RXN-19656	CPD-21288	right
RXN-19656	PROTON	right
RXN-7631	CPD-6978	left
RXN-7631	Red-NADPH-Hemoprotein-Reductases	left
RXN-7631	OXYGEN-MOLECULE	left
RXN-7631	CPD-6981	right
RXN-7631	Ox-NADPH-Hemoprotein-Reductases	right
RXN-7631	WATER	right
RXN-7571	HIS	left
RXN-7571	PYRUVATE	left
RXN-7571	IMIDAZOLE-PYRUVATE	right
RXN-7571	L-ALPHA-ALANINE	right
3.2.1.141-RXN	MALTOOLIGOSYLTREHALOSE	left
3.2.1.141-RXN	WATER	left
3.2.1.141-RXN	Maltodextrins	right
3.2.1.141-RXN	TREHALOSE	right
RXN-11469	CPD-7727	left
RXN-11469	WATER	left
RXN-11469	CPD-693	right
RXN-11469	Glucopyranose	right
RXN-11469	PROTON	right
RXN-12695	CPD-13683	left
RXN-12695	MALONYL-COA	left
RXN-12695	CPD-13685	right
RXN-12695	CO-A	right
RXN-20065	CPD-578	left
RXN-20065	WATER	left
RXN-20065	CARBAMATE	right
RXN-20065	PROTON	right
RXN-9170	CPD-9734	left
RXN-9170	CPD-9735	right
RXN-5164	CPD-4943	left
RXN-5164	NADP	left
RXN-5164	CPD-4942	right
RXN-5164	NADPH	right
RXN-5164	PROTON	right
RXN-3167	5-O-INDOL-3-YLACETYL-MYO-ETCETERA	left
RXN-3167	WATER	left
RXN-3167	CPD-165	right
RXN-3167	D-galactopyranose	right
RXN-9045	CPD-1722	left
RXN-9045	Red-NADPH-Hemoprotein-Reductases	left
RXN-9045	OXYGEN-MOLECULE	left
RXN-9045	CPD-9523	right
RXN-9045	Ox-NADPH-Hemoprotein-Reductases	right
RXN-9045	WATER	right
RXN0-2022	PROTON	left
RXN0-2022	PYRUVATE	left
RXN0-2022	ACETALD	left
RXN0-2022	ACETOIN	right
RXN0-2022	CARBON-DIOXIDE	right
4.3.1.17-RXN	SER	left
4.3.1.17-RXN	PYRUVATE	right
4.3.1.17-RXN	AMMONIUM	right
1.14.13.118-RXN	VAL	left
1.14.13.118-RXN	OXYGEN-MOLECULE	left
1.14.13.118-RXN	Red-NADPH-Hemoprotein-Reductases	left
1.14.13.118-RXN	2-METHYLPROPANAL-OXIME	right
1.14.13.118-RXN	Ox-NADPH-Hemoprotein-Reductases	right
1.14.13.118-RXN	CARBON-DIOXIDE	right
1.14.13.118-RXN	WATER	right
RXN-10940	MI-HEXAKISPHOSPHATE	left
RXN-10940	WATER	left
RXN-10940	MI-PENTAKISPHOSPHATE	right
RXN-10940	Pi	right
RXN-4263	CPD-3941	left
RXN-4263	CPD-698	right
RXN-13977	CPD-14969	left
RXN-13977	P-COUMAROYL-COA	left
RXN-13977	CPD-14993	right
RXN-13977	CO-A	right
RXN-8555	FARNESYL-PP	left
RXN-8555	CPD-8748	right
RXN-8555	PPI	right
RXN-13849	S-ADENOSYLMETHIONINE	left
RXN-13849	CPD-14861	left
RXN-13849	CPD-14862	right
RXN-13849	ADENOSYL-HOMO-CYS	right
RXN-13849	PROTON	right
RXN-1125	SINAPYL-ALCOHOL	left
RXN-1125	NADP	left
RXN-1125	SINAPALDEHYDE	right
RXN-1125	NADPH	right
RXN-1125	PROTON	right
RXN-19636	CPD-21265	left
RXN-19636	OXYGEN-MOLECULE	left
RXN-19636	Red-NADPH-Hemoprotein-Reductases	left
RXN-19636	CPD-21266	right
RXN-19636	WATER	right
RXN-19636	Ox-NADPH-Hemoprotein-Reductases	right
RXN18C3-8	CPD-17697	left
RXN18C3-8	NADP	left
RXN18C3-8	CPD-22265	right
RXN18C3-8	NADPH	right
RXN18C3-8	PROTON	right
RXN0-2921	METHYLENE-THF-GLU-N	left
RXN0-2921	GLT	left
RXN0-2921	ATP	left
RXN0-2921	METHYLENE-THF-GLU-N	right
RXN0-2921	Pi	right
RXN0-2921	ADP	right
RXN-18207	CPD-19490	left
RXN-18207	PROTON	left
RXN-18207	CPDQT-28	right
RXN-18207	CARBON-DIOXIDE	right
RXN-13893	CPD-14902	left
RXN-13893	PROTON	left
RXN-13893	NADPH	left
RXN-13893	CPD-14901	right
RXN-13893	NADP	right
--MENTHOL-DEHYDROGENASE-RXN	NADP	left
--MENTHOL-DEHYDROGENASE-RXN	--MENTHOL	left
--MENTHOL-DEHYDROGENASE-RXN	PROTON	right
--MENTHOL-DEHYDROGENASE-RXN	CPD-1909	right
--MENTHOL-DEHYDROGENASE-RXN	NADPH	right
RXN-8322	CPD-8091	left
RXN-8322	OXYGEN-MOLECULE	left
RXN-8322	FERROCYTOCHROME-B5	left
RXN-8322	PROTON	left
RXN-8322	CPD-2182	right
RXN-8322	WATER	right
RXN-8322	FERRICYTOCHROME-B5	right
RXN-11267	S-ADENOSYLMETHIONINE	left
RXN-11267	CL-	left
RXN-11267	ADENOSYL-HOMO-CYS	right
RXN-11267	CPD-845	right
RXN-9533	R-3-hydroxydodecanoyl-ACPs	left
RXN-9533	Dodec-2-enoyl-ACPs	right
RXN-9533	WATER	right
TRANS-RXN-206	XANTHINE	left
TRANS-RXN-206	PROTON	left
TRANS-RXN-206	XANTHINE	right
TRANS-RXN-206	PROTON	right
RXN-1726	CPD-2184	left
RXN-1726	OXYGEN-MOLECULE	left
RXN-1726	Reduced-ferredoxins	left
RXN-1726	PROTON	left
RXN-1726	CPD-2185	right
RXN-1726	WATER	right
RXN-1726	Oxidized-ferredoxins	right
RXN-8166	L-PIPECOLATE	left
RXN-8166	NAD-P-OR-NOP	left
RXN-8166	DELTA1-PIPERIDEINE-2-CARBOXYLATE	right
RXN-8166	NADH-P-OR-NOP	right
RXN-8166	PROTON	right
RXN-11233	CPD-12189	left
RXN-11233	WATER	left
RXN-11233	CPD-12170	right
RXN-11233	PROTON	right
SULFITE-OXIDASE-RXN	OXYGEN-MOLECULE	left
SULFITE-OXIDASE-RXN	WATER	left
SULFITE-OXIDASE-RXN	SO3	left
SULFITE-OXIDASE-RXN	HYDROGEN-PEROXIDE	right
SULFITE-OXIDASE-RXN	SULFATE	right
RXN-11443	CPD-12406	left
RXN-11443	WATER	left
RXN-11443	CPDQT-415	right
RXN-11443	CPD-12607	right
RXN4FS-1	CDP-N-METHYLETHANOLAMIN	left
RXN4FS-1	DIACYLGLYCEROL	left
RXN4FS-1	CPD-405	right
RXN4FS-1	CMP	right
RXN4FS-1	PROTON	right
RXNQT-4383	STEAROYL-COA	left
RXNQT-4383	GLYCEROL-3P	left
RXNQT-4383	CPD0-2113	right
RXNQT-4383	CO-A	right
RXN-14434	CPD1F-766	left
RXN-14434	CPD-15283	left
RXN-14434	CPD-15005	right
RXN-14434	4-hydroxybenzoate	right
RXN-13507	CPD-90	left
RXN-13507	Red-NADPH-Hemoprotein-Reductases	left
RXN-13507	OXYGEN-MOLECULE	left
RXN-13507	CPD-14493	right
RXN-13507	Ox-NADPH-Hemoprotein-Reductases	right
RXN-13507	WATER	right
RXN-13507	PROTON	right
1.14.13.36-RXN	4-COUMAROYLQUINATE	left
1.14.13.36-RXN	OXYGEN-MOLECULE	left
1.14.13.36-RXN	Red-NADPH-Hemoprotein-Reductases	left
1.14.13.36-RXN	CAFFEOYLQUINATE	right
1.14.13.36-RXN	WATER	right
1.14.13.36-RXN	Ox-NADPH-Hemoprotein-Reductases	right
1.2.1.1-RXN	FORMALDEHYDE	left
1.2.1.1-RXN	GLUTATHIONE	left
1.2.1.1-RXN	NAD	left
1.2.1.1-RXN	PROTON	right
1.2.1.1-RXN	NADH	right
1.2.1.1-RXN	CPD-548	right
RXN-8574	FARNESYL-PP	left
RXN-8574	CPD-8764	right
RXN-8574	PPI	right
3-OXOACYL-ACP-SYNTH-RXN	Saturated-Fatty-Acyl-ACPs	left
3-OXOACYL-ACP-SYNTH-RXN	MALONYL-ACP	left
3-OXOACYL-ACP-SYNTH-RXN	PROTON	left
3-OXOACYL-ACP-SYNTH-RXN	ACP	right
3-OXOACYL-ACP-SYNTH-RXN	B-KETOACYL-ACP	right
3-OXOACYL-ACP-SYNTH-RXN	CARBON-DIOXIDE	right
RXN-9751	CPD-12575	left
RXN-9751	CPD-10455	left
RXN-9751	CPD-10456	right
RXN-9751	UDP	right
RXN-9751	PROTON	right
1.14.13.93-RXN	CPD-693	left
1.14.13.93-RXN	Red-NADPH-Hemoprotein-Reductases	left
1.14.13.93-RXN	OXYGEN-MOLECULE	left
1.14.13.93-RXN	CPD-7234	right
1.14.13.93-RXN	Ox-NADPH-Hemoprotein-Reductases	right
1.14.13.93-RXN	WATER	right
RXN0-5245	FUM	left
RXN0-5245	PROTON	left
RXN0-5245	E-	left
RXN0-5245	SUC	right
RXN-4304	CPD-4201	left
RXN-4304	OXYGEN-MOLECULE	left
RXN-4304	Red-NADPH-Hemoprotein-Reductases	left
RXN-4304	CPD-4202	right
RXN-4304	Ox-NADPH-Hemoprotein-Reductases	right
RXN-4304	WATER	right
RXN-10885	VANILLATE	left
RXN-10885	GLT	left
RXN-10885	ATP	left
RXN-10885	PROTON	right
RXN-10885	CPD-11845	right
RXN-10885	AMP	right
RXN-10885	PPI	right
RXN-19157	CPD-20653	left
RXN-19157	Donor-H2	left
RXN-19157	CPD-20661	right
RXN-19157	Acceptor	right
DIHYDROKAEMPFEROL-4-REDUCTASE-RXN	LEUCOPELARGONIDIN-CMPD	left
DIHYDROKAEMPFEROL-4-REDUCTASE-RXN	NADP	left
DIHYDROKAEMPFEROL-4-REDUCTASE-RXN	DIHYDROKAEMPFEROL-CMPD	right
DIHYDROKAEMPFEROL-4-REDUCTASE-RXN	NADPH	right
DIHYDROKAEMPFEROL-4-REDUCTASE-RXN	PROTON	right
RXN-10876	CPD-634	left
RXN-10876	PAPS	left
RXN-10876	3-5-ADP	right
RXN-10876	CPD-19795	right
RXN-10876	PROTON	right
RXN-11526	CPD-12491	left
RXN-11526	NAD-P-OR-NOP	left
RXN-11526	CPD-12490	right
RXN-11526	NADH-P-OR-NOP	right
RXN-11526	PROTON	right
RXN-15391	CPD-16625	left
RXN-15391	CPD-12575	left
RXN-15391	CPD-16623	right
RXN-15391	UDP	right
RXN-15391	PROTON	right
RXN-14750	S-ADENOSYLMETHIONINE	left
RXN-14750	CPD-15486	left
RXN-14750	PROTON	right
RXN-14750	CPD-15631	right
RXN-14750	ADENOSYL-HOMO-CYS	right
RXN-13191	MG-PROTOPORPHYRIN-MONOMETHYL-ESTER	left
RXN-13191	NADPH	left
RXN-13191	PROTON	left
RXN-13191	OXYGEN-MOLECULE	left
RXN-13191	DIVINYL-PROTOCHLOROPHYLLIDE-A	right
RXN-13191	NADP	right
RXN-13191	WATER	right
RXN-5109	GERANYL-PP	left
RXN-5109	CPD-4889	right
RXN-5109	PPI	right
XANPRIBOSYLTRAN-RXN	XANTHOSINE-5-PHOSPHATE	left
XANPRIBOSYLTRAN-RXN	PPI	left
XANPRIBOSYLTRAN-RXN	XANTHINE	right
XANPRIBOSYLTRAN-RXN	PRPP	right
RXNN-404	CPD-237	left
RXNN-404	WATER	left
RXNN-404	INDOLE_ACETATE_AUXIN	right
RXNN-404	AMMONIUM	right
RXN-13016	CPD-14046	left
RXN-13016	PROTON	left
RXN-13016	3-METHYLTHIOPROPANALDOXIME	right
RXN-13016	WATER	right
RXN-13016	CARBON-DIOXIDE	right
RXN-24306	CPD-26894	left
RXN-24306	OXYGEN-MOLECULE	left
RXN-24306	Red-NADPH-Hemoprotein-Reductases	left
RXN-24306	CPD-26897	right
RXN-24306	WATER	right
RXN-24306	Ox-NADPH-Hemoprotein-Reductases	right
RXN-1406	N-HYDROXYL-TRYPTAMINE	left
RXN-1406	Acceptor	left
RXN-1406	INDOLE-3-ACETALDOXIME	right
RXN-1406	Donor-H2	right
RXN-13187	TYR	left
RXN-13187	OXYGEN-MOLECULE	left
RXN-13187	Red-NADPH-Hemoprotein-Reductases	left
RXN-13187	CPD-2205	right
RXN-13187	Ox-NADPH-Hemoprotein-Reductases	right
RXN-13187	CARBON-DIOXIDE	right
RXN-13187	WATER	right
RXN-9518	R-3-hydroxyhexanoyl-ACPs	left
RXN-9518	NADP	left
RXN-9518	3-oxo-hexanoyl-ACPs	right
RXN-9518	NADPH	right
RXN-9518	PROTON	right
RXN-4243	CPD-4143	left
RXN-4243	Red-NADPH-Hemoprotein-Reductases	left
RXN-4243	OXYGEN-MOLECULE	left
RXN-4243	CPD-4162	right
RXN-4243	Ox-NADPH-Hemoprotein-Reductases	right
RXN-4243	WATER	right
RXN-21154	CPD-12180	left
RXN-21154	WATER	left
RXN-21154	CPD-22759	right
RXN-21154	CO-A	right
RXN-21154	PROTON	right
2KETO-3METHYLVALERATE-RXN	2-KETO-3-METHYL-VALERATE	left
2KETO-3METHYLVALERATE-RXN	NAD	left
2KETO-3METHYLVALERATE-RXN	CO-A	left
2KETO-3METHYLVALERATE-RXN	2-METHYL-BUTYRYL-COA	right
2KETO-3METHYLVALERATE-RXN	NADH	right
2KETO-3METHYLVALERATE-RXN	CARBON-DIOXIDE	right
RXN-5470	CPD-5168	left
RXN-5470	CPD-166	left
RXN-5470	CPD-5169	right
RXN-5470	DOLICHOLP	right
RXN-5470	PROTON	right
RXN-11385	CPD1F-137	left
RXN-11385	Red-NADPH-Hemoprotein-Reductases	left
RXN-11385	OXYGEN-MOLECULE	left
RXN-11385	CPD-12351	right
RXN-11385	Ox-NADPH-Hemoprotein-Reductases	right
RXN-11385	WATER	right
RXN0-5305	CPD0-1108	left
RXN0-5305	CPD-15818	right
RXN-15523	334578-HEXAHYDROXYFLAVONE	left
RXN-15523	CPD-12575	left
RXN-15523	CPD-16762	right
RXN-15523	UDP	right
RXN-15523	PROTON	right
RXN-9336	CPD-674	left
RXN-9336	NAD	left
RXN-9336	WATER	left
RXN-9336	BENZOATE	right
RXN-9336	ACET	right
RXN-9336	NADH	right
RXN-9336	PROTON	right
RXN-17900	PHOSPHORIBULOSYL-FORMIMINO-AICAR-P	left
RXN-17900	AMMONIA	left
RXN-17900	D-ERYTHRO-IMIDAZOLE-GLYCEROL-P	right
RXN-17900	AICAR	right
RXN-17900	WATER	right
RXN-8713	TYRAMINE	left
RXN-8713	CINNAMOYL-COA	left
RXN-8713	PROTON	right
RXN-8713	CPD-8941	right
RXN-8713	CO-A	right
RXN-10746	CPD-8785	left
RXN-10746	Red-NADPH-Hemoprotein-Reductases	left
RXN-10746	OXYGEN-MOLECULE	left
RXN-10746	CPD-260	right
RXN-10746	Ox-NADPH-Hemoprotein-Reductases	right
RXN-10746	WATER	right
DTDPGLUCOSEPP-RXN	PROTON	left
DTDPGLUCOSEPP-RXN	GLC-1-P	left
DTDPGLUCOSEPP-RXN	TTP	left
DTDPGLUCOSEPP-RXN	DTDP-D-GLUCOSE	right
DTDPGLUCOSEPP-RXN	PPI	right
RXN-11541	CPD-697	left
RXN-11541	OXYGEN-MOLECULE	left
RXN-11541	Donor-H2	left
RXN-11541	CPD-12501	right
RXN-11541	WATER	right
RXN-11541	Acceptor	right
RXN-10938	1-PHOSPHATIDYL-1D-MYO-INOSITOL-35-BISPH	left
RXN-10938	WATER	left
RXN-10938	CPD-177	right
RXN-10938	Pi	right
RXN-12805	S-ADENOSYLMETHIONINE	left
RXN-12805	CPD-83	left
RXN-12805	ADENOSYL-HOMO-CYS	right
RXN-12805	CPD-6959	right
RXN-12805	PROTON	right
RXN-7740	CPD-7061	left
RXN-7740	OXYGEN-MOLECULE	left
RXN-7740	Reduced-ferredoxins	left
RXN-7740	PROTON	left
RXN-7740	CPD-7063	right
RXN-7740	Oxidized-ferredoxins	right
RXN-4303	CPD-4211	left
RXN-4303	ATP	left
RXN-4303	CPD-4201	right
RXN-4303	PPI	right
4.4.1.14-RXN	S-ADENOSYLMETHIONINE	left
4.4.1.14-RXN	PROTON	right
4.4.1.14-RXN	5-METHYLTHIOADENOSINE	right
4.4.1.14-RXN	CPD-68	right
RXN-15509	Protein-Histidines	left
RXN-15509	23-DIPHOSPHOGLYCERATE	left
RXN-15509	Protein-pi-phospho-L-histidines	right
RXN-15509	CPD-16758	right
RXN-4881	ENT-COPALYL-DIPHOSPHATE	left
RXN-4881	CPD-4751	right
RXN-4881	PPI	right
RXN-14693	D-Glucopyranuronate	left
RXN-14693	CPD-15530	right
RXNIO2-7	CPD-2190	left
RXNIO2-7	PROTON	right
RXNIO2-7	CPDIO2-9	right
RXN-15537	S-ADENOSYLMETHIONINE	left
RXN-15537	CPD-16550	left
RXN-15537	CPD-15281	right
RXN-15537	ADENOSYL-HOMO-CYS	right
RXN-15537	PROTON	right
RXN-8623	DOPAMINE	left
RXN-8623	OXYGEN-MOLECULE	left
RXN-8623	CPD-8851	right
RXN-8623	WATER	right
RXN-1401	TRYPTAMINE	left
RXN-1401	WATER	left
RXN-1401	OXYGEN-MOLECULE	left
RXN-1401	AMMONIUM	right
RXN-1401	INDOLE_ACETALDEHYDE	right
RXN-1401	HYDROGEN-PEROXIDE	right
RXN-10878	PAPS	left
RXN-10878	CPD-11835	left
RXN-10878	3-5-ADP	right
RXN-10878	24-Epibrassinolide-Sulfates	right
RXN0-724	FORMATE	left
RXN0-724	UTP	left
RXN0-724	PROTON	left
RXN0-724	DUTP	right
RXN0-724	CARBON-DIOXIDE	right
RXN0-724	WATER	right
RXN-22736	CPD-18238	left
RXN-22736	AMMONIA	left
RXN-22736	CARBAMATE	right
RXN-22736	Pi	right
RXN-22736	PROTON	right
12-ALPHA-L-FUCOSIDASE-RXN	WATER	left
12-ALPHA-L-FUCOSIDASE-RXN	CPD-8198	left
12-ALPHA-L-FUCOSIDASE-RXN	L-Fucopyranoses	right
12-ALPHA-L-FUCOSIDASE-RXN	METHYL-BETA-D-GALACTOSIDE	right
RXN-11417	CPDQT-405	left
RXN-11417	OXYGEN-MOLECULE	left
RXN-11417	Red-NADPH-Hemoprotein-Reductases	left
RXN-11417	CPD-12398	right
RXN-11417	WATER	right
RXN-11417	Ox-NADPH-Hemoprotein-Reductases	right
TRANS-RXN-171	FE+2	left
TRANS-RXN-171	FE+2	right
RXN-9666	OLEOYL-COA	left
RXN-9666	WATER	left
RXN-9666	PROTON	right
RXN-9666	OLEATE-CPD	right
RXN-9666	CO-A	right
RXN-7243	CPD-534	left
RXN-7243	WATER	left
RXN-7243	CPD-6742	right
RXN-7243	Pi	right
RXN-16150	CPD-15365	left
RXN-16150	Glycerolipids	left
RXN-16150	CPD-17397	right
RXN-16150	CO-A	right
RXN-2947	INDOLE_ACETATE_AUXIN	left
RXN-2947	GLT	left
RXN-2947	ATP	left
RXN-2947	PROTON	right
RXN-2947	INDOLE-3-ACETYL-GLU	right
RXN-2947	AMP	right
RXN-2947	PPI	right
PREPHENATE-TRANSAMINE-RXN	CPD-659	left
PREPHENATE-TRANSAMINE-RXN	2-KETOGLUTARATE	left
PREPHENATE-TRANSAMINE-RXN	PREPHENATE	right
PREPHENATE-TRANSAMINE-RXN	GLT	right
KETOISOCAPROATE-RXN	2K-4CH3-PENTANOATE	left
KETOISOCAPROATE-RXN	BCAA-dehydrogenase-lipoyl	left
KETOISOCAPROATE-RXN	PROTON	left
KETOISOCAPROATE-RXN	BCAA-dehydrogenase-3MB-DH-lipoyl	right
KETOISOCAPROATE-RXN	CARBON-DIOXIDE	right
RXN-9951	THREO-DS-ISO-CITRATE	left
RXN-9951	NADP	left
RXN-9951	OXALO-SUCCINATE	right
RXN-9951	NADPH	right
RXN-9951	PROTON	right
GLYC3PDEHYDROG-RXN	GLYCEROL-3P	left
GLYC3PDEHYDROG-RXN	UBIQUINONE-8	left
GLYC3PDEHYDROG-RXN	CPD-9956	right
GLYC3PDEHYDROG-RXN	DIHYDROXY-ACETONE-PHOSPHATE	right
RXN-5642	S-ADENOSYLMETHIONINE	left
RXN-5642	CPD-406	left
RXN-5642	PROTON	right
RXN-5642	CPD-5441	right
RXN-5642	ADENOSYL-HOMO-CYS	right
RXN-7815	CPD-12575	left
RXN-7815	CPD-7090	left
RXN-7815	UDP	right
RXN-7815	CPD-7117	right
RXN-7815	PROTON	right
DXS-RXN	PROTON	left
DXS-RXN	PYRUVATE	left
DXS-RXN	GAP	left
DXS-RXN	DEOXYXYLULOSE-5P	right
DXS-RXN	CARBON-DIOXIDE	right
RXN-15289	LUTEOLIN-7-O-BETA-D-GLUCURONOSYL-1-2	left
RXN-15289	WATER	left
RXN-15289	LUTEOLIN-7-O-BETA-D-DIGLUCURONIDE	right
RXN-15289	CPD-12521	right
2.1.1.82-RXN	S-ADENOSYLMETHIONINE	left
2.1.1.82-RXN	3457-TETRAHYDROXY-3-METHOXYFLAVONE	left
2.1.1.82-RXN	ADENOSYL-HOMO-CYS	right
2.1.1.82-RXN	345-TRIHYDROXY-37-DIMETHOXYFLAVONE	right
RXN-20082	ATP	left
RXN-20082	L-glutamyl-tRNAGln	left
RXN-20082	5-Phosphooxy-L-glutamyl-tRNAGlln	right
RXN-20082	ADP	right
RXN-16194	CPD-17443	left
RXN-16194	WATER	left
RXN-16194	CPD-9298	right
RXN-16194	GLT	right
2-OXOGLUTARATE-SYNTHASE-RXN	2-KETOGLUTARATE	left
2-OXOGLUTARATE-SYNTHASE-RXN	CO-A	left
2-OXOGLUTARATE-SYNTHASE-RXN	Oxidized-ferredoxins	left
2-OXOGLUTARATE-SYNTHASE-RXN	SUC-COA	right
2-OXOGLUTARATE-SYNTHASE-RXN	CARBON-DIOXIDE	right
2-OXOGLUTARATE-SYNTHASE-RXN	Reduced-ferredoxins	right
2-OXOGLUTARATE-SYNTHASE-RXN	PROTON	right
2.4.1.143-RXN	UDP-N-ACETYL-D-GLUCOSAMINE	left
2.4.1.143-RXN	2-N-linked-Glycan	left
2.4.1.143-RXN	2-2-N-linked-Glycan	right
2.4.1.143-RXN	UDP	right
2.4.1.143-RXN	PROTON	right
RXN-10567	CPD-11293	left
RXN-10567	PPI	right
RXN-10567	CPD-11377	right
2.4.1.82-RXN	CPD-458	left
2.4.1.82-RXN	SUCROSE	left
2.4.1.82-RXN	MYO-INOSITOL	right
2.4.1.82-RXN	CPD-1099	right
RXN-9811	CPD-10517	left
RXN-9811	CPD-10518	right
RXN1F-162	CPD1F-95	left
RXN1F-162	2-KETOGLUTARATE	left
RXN1F-162	OXYGEN-MOLECULE	left
RXN1F-162	CPD1F-97	right
RXN1F-162	SUC	right
RXN1F-162	CARBON-DIOXIDE	right
RXN-20587	CPD-22269	left
RXN-20587	NADP	left
RXN-20587	CPD-22268	right
RXN-20587	NADPH	right
RXN-20587	PROTON	right
RXNIO2-11	L-1-PHOSPHATIDYL-ETHANOLAMINE	left
RXNIO2-11	WATER	left
RXNIO2-11	L-PHOSPHATIDATE	right
RXNIO2-11	ETHANOL-AMINE	right
RXNIO2-11	PROTON	right
BENZOATE--COA-LIGASE-RXN	BENZOATE	left
BENZOATE--COA-LIGASE-RXN	CO-A	left
BENZOATE--COA-LIGASE-RXN	ATP	left
BENZOATE--COA-LIGASE-RXN	BENZOYLCOA	right
BENZOATE--COA-LIGASE-RXN	PPI	right
BENZOATE--COA-LIGASE-RXN	AMP	right
RXN-20972	CPD-22613	left
RXN-20972	Red-NADPH-Hemoprotein-Reductases	left
RXN-20972	OXYGEN-MOLECULE	left
RXN-20972	CPD-22614	right
RXN-20972	Ox-NADPH-Hemoprotein-Reductases	right
RXN-20972	WATER	right
RXN-1481	CPD-1962	left
RXN-1481	NADP	left
RXN-1481	WATER	left
RXN-1481	LEUCOPELARGONIDIN-CMPD	right
RXN-1481	NADPH	right
RXN-1481	PROTON	right
RXN-12257	BENZOATE	left
RXN-12257	OXYGEN-MOLECULE	left
RXN-12257	NADPH	left
RXN-12257	PROTON	left
RXN-12257	CPD-13172	right
RXN-12257	NADP	right
R241-RXN	3-PHENYLPROPIONATE	left
R241-RXN	ATP	left
R241-RXN	CO-A	left
R241-RXN	CPD-503	right
R241-RXN	AMP	right
R241-RXN	PPI	right
RXN-8604	FARNESYL-PP	left
RXN-8604	CPD-8803	right
RXN-8604	PPI	right
RXN-8474	CPD-12575	left
RXN-8474	CPD-8667	left
RXN-8474	PROTON	right
RXN-8474	CPD-8665	right
RXN-8474	UDP	right
RXN18C3-27	SUCROSE	left
RXN18C3-27	CPD-10267	left
RXN18C3-27	CPD-19020	right
RXN18C3-27	CO-A	right
2.1.1.146-RXN	S-ADENOSYLMETHIONINE	left
2.1.1.146-RXN	ISOEUGENOL	left
2.1.1.146-RXN	PROTON	right
2.1.1.146-RXN	ISOMETHYLEUGENOL	right
2.1.1.146-RXN	ADENOSYL-HOMO-CYS	right
RXN-23595	CPD-26162	left
RXN-23595	CO-A	left
RXN-23595	ATP	left
RXN-23595	EE-PIPEROYL-COA	right
RXN-23595	ADP	right
RXN-23595	Pi	right
RXN-13794	CPD-14818	left
RXN-13794	WATER	left
RXN-13794	DOPAMINE	right
RXN-13794	CPD-14815	right
RXN-2581	CPD-412	left
RXN-2581	Red-NADPH-Hemoprotein-Reductases	left
RXN-2581	OXYGEN-MOLECULE	left
RXN-2581	CAFFEOYLSHIKIMATE	right
RXN-2581	Ox-NADPH-Hemoprotein-Reductases	right
RXN-2581	WATER	right
1.3.7.2-RXN	Oxidized-ferredoxins	left
1.3.7.2-RXN	1516-DIHYDROBILIVERDIN	left
1.3.7.2-RXN	BILIVERDINE	right
1.3.7.2-RXN	Reduced-ferredoxins	right
1.3.7.2-RXN	PROTON	right
TRANS-RXN4LZ-0	FE+2	left
TRANS-RXN4LZ-0	FE+2	right
UREIDOGLYCOLATE-HYDROLASE-RXN	PROTON	left
UREIDOGLYCOLATE-HYDROLASE-RXN	WATER	left
UREIDOGLYCOLATE-HYDROLASE-RXN	CPD-1091	left
UREIDOGLYCOLATE-HYDROLASE-RXN	AMMONIUM	right
UREIDOGLYCOLATE-HYDROLASE-RXN	CARBON-DIOXIDE	right
UREIDOGLYCOLATE-HYDROLASE-RXN	GLYOX	right
3.6.3.35-RXN	ATP	left
3.6.3.35-RXN	WATER	left
3.6.3.35-RXN	MN+2	left
3.6.3.35-RXN	PROTON	right
3.6.3.35-RXN	Pi	right
3.6.3.35-RXN	ADP	right
3.6.3.35-RXN	MN+2	right
RXN-16404	CPD-17370	left
RXN-16404	NADPH	left
RXN-16404	PROTON	left
RXN-16404	CPD-17644	right
RXN-16404	CO-A	right
RXN-16404	NADP	right
RXN-8058	CPD-7560	left
RXN-8058	OXYGEN-MOLECULE	left
RXN-8058	PROTON	left
RXN-8058	CPD-7561	right
RXN-8058	WATER	right
RXN-19980	CPD-21562	left
RXN-19980	CPD-21553	right
RXN-19980	FORMATE	right
RXN-19980	PROTON	right
RXN-14978	CPD-15449	left
RXN-14978	OXYGEN-MOLECULE	left
RXN-14978	Red-NADPH-Hemoprotein-Reductases	left
RXN-14978	CPD-15447	right
RXN-14978	Ox-NADPH-Hemoprotein-Reductases	right
RXN-14978	WATER	right
RXN-13951	FERULOYL-COA	left
RXN-13951	CPD1F-453	left
RXN-13951	PROTON	left
RXN-13951	CPD-14977	right
RXN-13951	CO-A	right
RXN-10039	O-phospho-L-seryl-tRNASecs	left
RXN-10039	SEPO3	left
RXN-10039	WATER	left
RXN-10039	Charged-SEC-tRNAs	right
RXN-10039	Pi	right
RXN-12202	6-Phosphogluco-Maltodextrins	left
RXN-12202	ATP	left
RXN-12202	WATER	left
RXN-12202	Poly-6-Phosphogluco-Maltodextrins	right
RXN-12202	AMP	right
RXN-12202	Pi	right
RXN-12202	PROTON	right
RXN4FS-25	MET	left
RXN4FS-25	2-KETO-3-METHYL-VALERATE	left
RXN4FS-25	CPD-479	right
RXN4FS-25	ILE	right
RXN-13503	CPD-6948	left
RXN-13503	Red-NADPH-Hemoprotein-Reductases	left
RXN-13503	OXYGEN-MOLECULE	left
RXN-13503	CPD-14499	right
RXN-13503	Ox-NADPH-Hemoprotein-Reductases	right
RXN-13503	WATER	right
RXN-21031	DELTA1-PIPERIDEINE-2-CARBOXYLATE	left
RXN-21031	PROTON	left
RXN-21031	CPD-22667	right
MALIC-NADP-RXN	NADP	left
MALIC-NADP-RXN	MAL	left
MALIC-NADP-RXN	NADPH	right
MALIC-NADP-RXN	CARBON-DIOXIDE	right
MALIC-NADP-RXN	PYRUVATE	right
RXNQT-4306	GLUTATHIONE	left
RXNQT-4306	L-GAMMA-GLUTAMYLCYSTEINE	right
RXN-9520	R-3-hydroxyhexanoyl-ACPs	left
RXN-9520	Hex-2-enoyl-ACPs	right
RXN-9520	WATER	right
TETRAACYLDISACC4KIN-RXN	BISOHMYR-GLC	left
TETRAACYLDISACC4KIN-RXN	ATP	left
TETRAACYLDISACC4KIN-RXN	PROTON	right
TETRAACYLDISACC4KIN-RXN	LIPID-IV-A	right
TETRAACYLDISACC4KIN-RXN	ADP	right
RXN-12606	CPD-13573	left
RXN-12606	CPD-13570	right
URATE-OXIDASE-RXN	URATE	left
URATE-OXIDASE-RXN	OXYGEN-MOLECULE	left
URATE-OXIDASE-RXN	WATER	left
URATE-OXIDASE-RXN	5-HYDROXYISOURATE	right
URATE-OXIDASE-RXN	HYDROGEN-PEROXIDE	right
TRANS-RXN-178	CU+2	left
TRANS-RXN-178	ATP	left
TRANS-RXN-178	WATER	left
TRANS-RXN-178	CU+2	right
TRANS-RXN-178	ADP	right
TRANS-RXN-178	Pi	right
TRANS-RXN-178	PROTON	right
GALACTURONOKINASE-RXN	D-Galactopyranuronate	left
GALACTURONOKINASE-RXN	ATP	left
GALACTURONOKINASE-RXN	PROTON	right
GALACTURONOKINASE-RXN	CPD-501	right
GALACTURONOKINASE-RXN	ADP	right
RXN-12023	CPD-13001	left
RXN-12023	WATER	left
RXN-12023	CPD-7858	right
RXN-10794	ACETYL-COA	left
RXN-10794	MALONYL-COA	left
RXN-10794	NADPH	left
RXN-10794	PROTON	left
RXN-10794	OXYGEN-MOLECULE	left
RXN-10794	CPD-11553	right
RXN-10794	CARBON-DIOXIDE	right
RXN-10794	CO-A	right
RXN-10794	WATER	right
RXN-10794	NADP	right
RXN-13896	S-ADENOSYLMETHIONINE	left
RXN-13896	OBTUSIFOLIOL	left
RXN-13896	CPD-14905	right
RXN-13896	ADENOSYL-HOMO-CYS	right
RXN-13896	PROTON	right
RXN-10457	Jasmonic-Acids	left
RXN-10457	VAL	left
RXN-10457	ATP	left
RXN-10457	Jasmonoyl-Valines	right
RXN-10457	AMP	right
RXN-10457	PPI	right
RXN-10457	PROTON	right
2.7.1.133-RXN	INOSITOL-1-3-4-TRIPHOSPHATE	left
2.7.1.133-RXN	ATP	left
2.7.1.133-RXN	PROTON	right
2.7.1.133-RXN	CPD-505	right
2.7.1.133-RXN	ADP	right
RXN-8589	FARNESYL-PP	left
RXN-8589	CPD-8788	right
RXN-8589	PPI	right
RXN-15581	D-SERINE	left
RXN-15581	2-AMINOACRYLATE	right
RXN-15581	WATER	right
RXN-745	CPD-731	left
RXN-745	CPD-734	right
RXN-9254	CPD-9882	left
RXN-9254	CPD-9880	right
FLAVONOL-3-SULFOTRANSFERASE-RXN	CPD-520	left
FLAVONOL-3-SULFOTRANSFERASE-RXN	PAPS	left
FLAVONOL-3-SULFOTRANSFERASE-RXN	PROTON	right
FLAVONOL-3-SULFOTRANSFERASE-RXN	3-5-ADP	right
FLAVONOL-3-SULFOTRANSFERASE-RXN	CPD-1822	right
DUTP-PYROP-RXN	WATER	left
DUTP-PYROP-RXN	DUTP	left
DUTP-PYROP-RXN	PROTON	right
DUTP-PYROP-RXN	DUMP	right
DUTP-PYROP-RXN	PPI	right
RXN-8871	COUMARATE	left
RXN-8871	WATER	left
RXN-8871	4-HYDROXYBENZALDEHYDE	right
RXN-8871	ACET	right
RXN-9244	CONIFERYL-ALCOHOL	left
RXN-9244	ACETYL-COA	left
RXN-9244	CPD-9875	right
RXN-9244	CO-A	right
RXN-14422	CPD-11941	left
RXN-14422	NADP	left
RXN-14422	CPD-6994	right
RXN-14422	NADPH	right
RXN-14422	PROTON	right
RXN-13163	2-D-THREO-HYDROXY-3-CARBOXY-ISOCAPROATE	left
RXN-13163	3-CARBOXY-3-HYDROXY-ISOCAPROATE	right
RXN-13470	CPD-14461	left
RXN-13470	WATER	left
RXN-13470	CPD-8097	right
RXN-13470	Glucopyranose	right
RXN-12392	Linear-Malto-Oligosaccharides	left
RXN-12392	Pi	left
RXN-12392	Linear-Malto-Oligosaccharides	right
RXN-12392	GLC-1-P	right
RXNIO2-13	DIACYLGLYCEROL	left
RXNIO2-13	D-Galactosyl-12-diacyl-glycerols	left
RXNIO2-13	Triacylglycerols	right
RXNIO2-13	MONO-BETA-D-GALACTOSYLACYLGLYCEROL	right
1.5.1.20-RXN	5-METHYL-THF-GLU-N	left
1.5.1.20-RXN	NAD-P-OR-NOP	left
1.5.1.20-RXN	METHYLENE-THF-GLU-N	right
1.5.1.20-RXN	NADH-P-OR-NOP	right
1.5.1.20-RXN	PROTON	right
RXN-9165	CPD-9715	left
RXN-9165	CPD-9677	right
RXN-7656	CPD-6997	left
RXN-7656	CPD-6998	right
RXN-7656	WATER	right
3-DEHYDROQUINATE-SYNTHASE-RXN	3-DEOXY-D-ARABINO-HEPTULOSONATE-7-P	left
3-DEHYDROQUINATE-SYNTHASE-RXN	DEHYDROQUINATE	right
3-DEHYDROQUINATE-SYNTHASE-RXN	Pi	right
RXN-19421	CPD-8912	left
RXN-19421	CPD-13464	right
RXN-17698	CPD-10414	left
RXN-17698	CPD-12575	left
RXN-17698	2R-3R-Flavan-3-O-glucosides	right
RXN-17698	UDP	right
RXN-17698	PROTON	right
RXN0-2301	ISOVALERYL-COA	left
RXN0-2301	ETF-Oxidized	left
RXN0-2301	PROTON	left
RXN0-2301	3-METHYL-CROTONYL-COA	right
RXN0-2301	ETF-Reduced	right
RXN-7739	CHLOROPHYLLIDE-A	left
RXN-7739	PROTON	left
RXN-7739	CPD-7061	right
RXN-7739	MG+2	right
RXN-13537	PROTON	left
RXN-13537	PHENYLACETALDOXIME	left
RXN-13537	WATER	left
RXN-13537	PHENYLACETALDEHYDE	right
RXN-13537	AMMONIUM	right
RXN-13537	HYDROGEN-PEROXIDE	right
PHOSPHAGLYPSYN-RXN	CDPDIACYLGLYCEROL	left
PHOSPHAGLYPSYN-RXN	GLYCEROL-3P	left
PHOSPHAGLYPSYN-RXN	CMP	right
PHOSPHAGLYPSYN-RXN	L-1-PHOSPHATIDYL-GLYCEROL-P	right
PHOSPHAGLYPSYN-RXN	PROTON	right
RXN-3164	INDOLE-3-ACETYL-BETA-4-D-GLUCOSE	left
RXN-3164	WATER	left
RXN-3164	INDOLE_ACETATE_AUXIN	right
RXN-3164	Glucopyranose	right
RXN-3164	PROTON	right
RXN-15399	CPD-13923	left
RXN-15399	CPD-9905	right
RXN-5721	2-AMINO-3-3-OXOPROP-2-ENYL-BUT-2-ENEDI	left
RXN-5721	QUINOLINATE	right
RXN-5721	WATER	right
RXN-5721	PROTON	right
RXN-7226	CPD-6641	left
RXN-7226	CPD-4211	left
RXN-7226	CPD-6645	right
RXN-7226	PPI	right
RXN-11439	CPD-12394	left
RXN-11439	WATER	left
RXN-11439	CPDQT-411	right
RXN-11439	CPD-12607	right
RXN-11669	CPD-14242	left
RXN-11669	PROTON	left
RXN-11669	CPD-7901	right
RXN-11669	CARBON-DIOXIDE	right
3.5.1.60-RXN	CPD-571	left
3.5.1.60-RXN	WATER	left
3.5.1.60-RXN	Long-Chain-Fatty-Acids	right
3.5.1.60-RXN	ETHANOL-AMINE	right
METHIONINE-S-METHYLTRANSFERASE-RXN	S-ADENOSYLMETHIONINE	left
METHIONINE-S-METHYLTRANSFERASE-RXN	MET	left
METHIONINE-S-METHYLTRANSFERASE-RXN	ADENOSYL-HOMO-CYS	right
METHIONINE-S-METHYLTRANSFERASE-RXN	CPD-397	right
DLACTDEHYDROGNAD-RXN	D-LACTATE	left
DLACTDEHYDROGNAD-RXN	NAD	left
DLACTDEHYDROGNAD-RXN	PYRUVATE	right
DLACTDEHYDROGNAD-RXN	NADH	right
DLACTDEHYDROGNAD-RXN	PROTON	right
RXN-13491	CPD-13669	left
RXN-13491	Red-NADPH-Hemoprotein-Reductases	left
RXN-13491	OXYGEN-MOLECULE	left
RXN-13491	CPD-13670	right
RXN-13491	Ox-NADPH-Hemoprotein-Reductases	right
RXN-13491	WATER	right
RXN-14929	GERANYLGERANYL-PP	left
RXN-14929	HOMOGENTISATE	left
RXN-14929	PROTON	left
RXN-14929	PPI	right
RXN-14929	CPD-11712	right
RXN-14929	CARBON-DIOXIDE	right
RXN-11776	FARNESYL-PP	left
RXN-11776	WATER	left
RXN-11776	PROTON	right
RXN-11776	CPD-12587	right
RXN-11776	Pi	right
RXN-3103	CPD-3021	left
RXN-3103	OXYGEN-MOLECULE	left
RXN-3103	PROTON	right
RXN-3103	CPD-3001	right
RXN-3103	WATER	right
2TRANSKETO-RXN	ERYTHROSE-4P	left
2TRANSKETO-RXN	XYLULOSE-5-PHOSPHATE	left
2TRANSKETO-RXN	FRUCTOSE-6P	right
2TRANSKETO-RXN	GAP	right
RXN-9124	CPD-9617	left
RXN-9124	CPD-9630	right
RXN-8224	GEISSOSCHIZINE	left
RXN-8224	Red-NADPH-Hemoprotein-Reductases	left
RXN-8224	OXYGEN-MOLECULE	left
RXN-8224	POLYNEURIDINE-ALDEHYDE	right
RXN-8224	Ox-NADPH-Hemoprotein-Reductases	right
RXN-8224	WATER	right
RXN-11665	CPD-12635	left
RXN-11665	WATER	left
RXN-11665	CPD-12636	right
RXN-11665	GLY	right
RXN-8687	S-ADENOSYLMETHIONINE	left
RXN-8687	CPD-8914	left
RXN-8687	PROTON	right
RXN-8687	CPD-8915	right
RXN-8687	ADENOSYL-HOMO-CYS	right
RXN-8435	CPD-14553	left
RXN-8435	CPD-8052	left
RXN-8435	PROTON	right
RXN-8435	CPD-8253	right
RXN-8435	UDP	right
RXN-1501	PHOSPHATIDYLCHOLINE	left
RXN-1501	WATER	left
RXN-1501	2-Lysophosphatidylcholines	right
RXN-1501	LINOLENIC_ACID	right
RXN-1345	CPD-725	left
RXN-1345	12-OXO-CIS-9-DODECENOATE	right
RXN-1345	CIS-3-HEXENAL	right
RXN0-884	CPD-4211	left
RXN0-884	Oxidized-ferredoxins	left
RXN0-884	WATER	left
RXN0-884	HYDROXY-METHYL-BUTENYL-DIP	right
RXN0-884	Reduced-ferredoxins	right
RXN0-884	PROTON	right
RXN-7710	1-4-alpha-D-Glucan	left
RXN-7710	Starch	right
RXN3DJ-35528	ACETYL-COA	left
RXN3DJ-35528	SEROTONIN	left
RXN3DJ-35528	PROTON	right
RXN3DJ-35528	CO-A	right
RXN3DJ-35528	N-ACETYL-SEROTONIN	right
RXN-13842	S-ADENOSYLMETHIONINE	left
RXN-13842	CPD-10527	left
RXN-13842	CPD-14857	right
RXN-13842	ADENOSYL-HOMO-CYS	right
RXN-13842	PROTON	right
RXN-20311	CPD-12575	left
RXN-20311	CPD-400	left
RXN-20311	CPD-21950	right
RXN-20311	UDP	right
RXN-20311	PROTON	right
RXN-11002	NADP	left
RXN-11002	4-HYDROXY-BUTYRATE	left
RXN-11002	PROTON	right
RXN-11002	NADPH	right
RXN-11002	SUCC-S-ALD	right
RXN-9929	DI-H-OROTATE	left
RXN-9929	FUM	left
RXN-9929	OROTATE	right
RXN-9929	SUC	right
RXN-20447	4-HYDROXY-BUTYRYL-COA	left
RXN-20447	CPD-226	right
RXN-20447	WATER	right
RXN-2208	CPD-12575	left
RXN-2208	3-METHYLTHIOPROPYLHYDROXAMIC-ACID	left
RXN-2208	PROTON	right
RXN-2208	3-METHYLTHIOPROPYL-DESULFO-GLUCOSINOLATE	right
RXN-2208	UDP	right
RXN-8221	S-ADENOSYLMETHIONINE	left
RXN-8221	CPD-4241	left
RXN-8221	CPD-14751	right
RXN-8221	ADENOSYL-HOMO-CYS	right
RXN-8221	PROTON	right
RXN-6687	S-ADENOSYLMETHIONINE	left
RXN-6687	CPD-13812	left
RXN-6687	CPD-6562	right
RXN-6687	ADENOSYL-HOMO-CYS	right
RXN-6687	PROTON	right
ATPPHOSPHORIBOSYLTRANS-RXN	PHOSPHORIBOSYL-ATP	left
ATPPHOSPHORIBOSYLTRANS-RXN	PPI	left
ATPPHOSPHORIBOSYLTRANS-RXN	ATP	right
ATPPHOSPHORIBOSYLTRANS-RXN	PRPP	right
TRANS-RXN-218	PROTON	left
TRANS-RXN-218	PROTON	right
RXN-9437	CPD-12575	left
RXN-9437	CPD-7026	left
RXN-9437	PROTON	right
RXN-9437	CPD-10077	right
RXN-9437	UDP	right
RXN-10625	PHYTYL-PYROPHOSPHATE	left
RXN-10625	NADP	left
RXN-10625	GERANYLGERANYL-PP	right
RXN-10625	NADPH	right
RXN-10625	PROTON	right
3.2.1.3-RXN	Glycogens	left
3.2.1.3-RXN	WATER	left
3.2.1.3-RXN	Glycogens	right
3.2.1.3-RXN	Glucopyranose	right
RXNQT-4173	CPDQT-34	left
RXNQT-4173	CPDQT-39	right
RXN-4725	CPD-12575	left
RXN-4725	CPD-332	left
RXN-4725	PROTON	right
RXN-4725	CPD-4616	right
RXN-4725	UDP	right
RXN-12582	CHOLINE	left
RXN-12582	NADP	left
RXN-12582	BETAINE_ALDEHYDE	right
RXN-12582	NADPH	right
RXN-12582	PROTON	right
RXN-13988	P-COUMAROYL-COA	left
RXN-13988	CPD-14979	left
RXN-13988	CPD-14986	right
RXN-13988	CO-A	right
HEMEOSYN-RXN	PROTOHEME	left
HEMEOSYN-RXN	FARNESYL-PP	left
HEMEOSYN-RXN	WATER	left
HEMEOSYN-RXN	CPD-17063	right
HEMEOSYN-RXN	PPI	right
RXN-6642	CPD-6262	left
RXN-6642	WATER	left
RXN-6642	S-Substituted-L-Cysteines	right
RXN-6642	GLY	right
2.5.1.46-RXN	SPERMIDINE	left
2.5.1.46-RXN	EIF5A-LYSINE	left
2.5.1.46-RXN	CPD-9973	right
2.5.1.46-RXN	CPD-313	right
2.5.1.46-RXN	PROTON	right
RXN-7461	ACETYLSERINE	left
RXN-7461	DIHYDROXYPIRIDIN-CPD	left
RXN-7461	MIMOSINE	right
RXN-7461	PROTON	right
RXN-7461	ACET	right
RXN0-1441	ADENOSINE_DIPHOSPHATE_RIBOSE	left
RXN0-1441	WATER	left
RXN0-1441	AMP	right
RXN0-1441	CPD-15317	right
RXN0-1441	PROTON	right
RXN-9021	S-ADENOSYLMETHIONINE	left
RXN-9021	CPD-9494	left
RXN-9021	PROTON	right
RXN-9021	CPD-9499	right
RXN-9021	ADENOSYL-HOMO-CYS	right
RXN-13875	CPD-12575	left
RXN-13875	CPD-14856	left
RXN-13875	CPD-14887	right
RXN-13875	UDP	right
RXN-13875	PROTON	right
PERILLYL-ALCOHOL-DEHYDROGENASE-RXN	Perillyl-Alcohols	left
PERILLYL-ALCOHOL-DEHYDROGENASE-RXN	NAD	left
PERILLYL-ALCOHOL-DEHYDROGENASE-RXN	CPD-1084	right
PERILLYL-ALCOHOL-DEHYDROGENASE-RXN	NADH	right
PERILLYL-ALCOHOL-DEHYDROGENASE-RXN	PROTON	right
RXN-8472	CPD-12575	left
RXN-8472	CPD-8663	left
RXN-8472	PROTON	right
RXN-8472	CPD-8664	right
RXN-8472	UDP	right
RXN-2005	BENZOYLCOA	left
RXN-2005	WATER	left
RXN-2005	PROTON	right
RXN-2005	BENZOATE	right
RXN-2005	CO-A	right
ICOSANOYL-COA-SYNTHASE-RXN	STEAROYL-COA	left
ICOSANOYL-COA-SYNTHASE-RXN	MALONYL-COA	left
ICOSANOYL-COA-SYNTHASE-RXN	NADH-P-OR-NOP	left
ICOSANOYL-COA-SYNTHASE-RXN	PROTON	left
ICOSANOYL-COA-SYNTHASE-RXN	CPD-9965	right
ICOSANOYL-COA-SYNTHASE-RXN	CARBON-DIOXIDE	right
ICOSANOYL-COA-SYNTHASE-RXN	CO-A	right
ICOSANOYL-COA-SYNTHASE-RXN	NAD-P-OR-NOP	right
ICOSANOYL-COA-SYNTHASE-RXN	WATER	right
RXN-13695	CPD-14737	left
RXN-13695	WATER	left
RXN-13695	CPD-6481	right
RXN-13695	6-O-BETA-D-XYLOPYRANOSYL	right
RXN-8629	DIHYDROLIPOYL-GCVH	left
RXN-8629	NAD	left
RXN-8629	PROTEIN-LIPOYLLYSINE	right
RXN-8629	NADH	right
RXN-8629	PROTON	right
BENZYL-ALC-DEHYDROGENASE-RXN	BENZYL-ALCOHOL	left
BENZYL-ALC-DEHYDROGENASE-RXN	NAD	left
BENZYL-ALC-DEHYDROGENASE-RXN	PROTON	right
BENZYL-ALC-DEHYDROGENASE-RXN	BENZALDEHYDE	right
BENZYL-ALC-DEHYDROGENASE-RXN	NADH	right
RXN-12243	CPD-12321	left
RXN-12243	PLASTOQUINONE	left
RXN-12243	CPD-13171	right
RXN-12243	Plastoquinols	right
COBALADENOSYLTRANS-RXN	CPD-20905	left
COBALADENOSYLTRANS-RXN	ATP	left
COBALADENOSYLTRANS-RXN	PROTON	left
COBALADENOSYLTRANS-RXN	B12-Corrinoid-Adenosyltranferase	right
COBALADENOSYLTRANS-RXN	P3I	right
RXN-12797	CPD-17354	left
RXN-12797	OXYGEN-MOLECULE	left
RXN-12797	FERROCYTOCHROME-B5	left
RXN-12797	PROTON	left
RXN-12797	CPD-17355	right
RXN-12797	FERRICYTOCHROME-B5	right
RXN-12797	WATER	right
RXN-8920	4-hydroxybenzoate	left
RXN-8920	GERANYL-PP	left
RXN-8920	CPD-9318	right
RXN-8920	PPI	right
2.4.1.141-RXN	CPD-190	left
2.4.1.141-RXN	UDP-N-ACETYL-D-GLUCOSAMINE	left
2.4.1.141-RXN	NN-DIACETYLCHITOBIOSYLDIPHOSPHODOLICHO	right
2.4.1.141-RXN	PROTON	right
2.4.1.141-RXN	UDP	right
RXN-10868	PAPS	left
RXN-10868	CPDQT-326	left
RXN-10868	3-5-ADP	right
RXN-10868	28-Homobrassinosteroid-Sulfates	right
RXN-9700	APIGENIN-7-O-BETA-D-GLUCOSIDE	left
RXN-9700	MALONYL-COA	left
RXN-9700	CPD-10318	right
RXN-9700	CO-A	right
RXN-8901	CPD-9275	left
RXN-8901	CPD-9293	right
RXN-8901	CPD-9273	right
RXN-9131	Glucosylated-Glucose-Acceptors	left
RXN-9131	DIOXINDOLE-3-ACETATE	left
RXN-9131	CPD-9642	right
RXN-9131	Non-Glucosylated-Glucose-Acceptors	right
RXN-9558	Cis-vaccenoyl-ACPs	left
RXN-9558	NAD	left
RXN-9558	cis-vaccen-2-enoyl-ACPs	right
RXN-9558	NADH	right
RXN-9558	PROTON	right
RXN-14858	CPD-15776	left
RXN-14858	WATER	left
RXN-14858	THZ	right
RXN-14858	CPD-15778	right
RXN-14858	PROTON	right
RXN-9130	2-OXINDOLE-3-ACETIC-ACID	left
RXN-9130	DIOXINDOLE-3-ACETATE	right
1.5.1.32-RXN	NADP	left
1.5.1.32-RXN	12-DIHYDROVOMILENINE	left
1.5.1.32-RXN	PROTON	right
1.5.1.32-RXN	NADPH	right
1.5.1.32-RXN	VOMILENINE	right
RXN-8961	CPD-9409	left
RXN-8961	GLYOX	right
RXN-8961	PROPIONYL-COA	right
RXNQT-4324	CPD-12575	left
RXNQT-4324	CPDQT-411	left
RXNQT-4324	PROTON	right
RXNQT-4324	CPDQT-416	right
RXNQT-4324	UDP	right
RXNQT-4319	CPDQT-406	left
RXNQT-4319	WATER	left
RXNQT-4319	CPDQT-411	right
RXNQT-4319	PYRUVATE	right
RXNQT-4319	AMMONIUM	right
APIGNAR-RXN	CPD-20012	left
APIGNAR-RXN	NARINGENIN-CMPD	right
RXN-4466	OMEGA-ALDEHYDE-FATTY-ACID	left
RXN-4466	WATER	left
RXN-4466	NAD	left
RXN-4466	Alpha-omega-dicarboxylates	right
RXN-4466	NADH	right
RXN-4466	PROTON	right
PELUDP-RXN	CPD-12575	left
PELUDP-RXN	PELARGONIDIN-CMPD	left
PELUDP-RXN	UDP	right
PELUDP-RXN	PELARGONIDIN-3-GLUCOSIDE-CMPD	right
RXN-15139	ADENINE	left
RXN-15139	CPD-12377	left
RXN-15139	CPD0-2461	right
RXN-15139	WATER	right
RXN-6421	SPERMINE	left
RXN-6421	OXYGEN-MOLECULE	left
RXN-6421	WATER	left
RXN-6421	CPD-6121	right
RXN-6421	CPD-313	right
RXN-6421	HYDROGEN-PEROXIDE	right
RXN-15556	S-ubiquitinyl-UAP-E1-L-cysteine	left
RXN-15556	Ubiquitin-carrier-protein-E2-L-cysteine	left
RXN-15556	Ubiquitin-activating-protein-E1-L-cys	right
RXN-15556	S-ubiquitinyl-UCP-E2-L-cysteine	right
RXN-10919	SINAPATE	left
RXN-10919	CO-A	left
RXN-10919	ATP	left
RXN-10919	SINAPOYL-COA	right
RXN-10919	AMP	right
RXN-10919	PPI	right
1.1.1.8-RXN	GLYCEROL-3P	left
1.1.1.8-RXN	NAD	left
1.1.1.8-RXN	DIHYDROXY-ACETONE-PHOSPHATE	right
1.1.1.8-RXN	NADH	right
1.1.1.8-RXN	PROTON	right
RXN-172	CPD-482	left
RXN-172	2-KETOGLUTARATE	left
RXN-172	OXYGEN-MOLECULE	left
RXN-172	PROTON	right
RXN-172	CPD-498	right
RXN-172	SUC	right
RXN-172	CARBON-DIOXIDE	right
RXN-172	WATER	right
RXN-22316	CPD-763	left
RXN-22316	CPD-24319	right
RXN-22316	PROTON	right
RXN-743	CPD-12575	left
RXN-743	CPD-648	left
RXN-743	PROTON	right
RXN-743	UDP	right
RXN-743	CPD-1042	right
RXN-12861	CPD-13907	left
RXN-12861	CPD-334	right
RXN-12861	PROTON	right
LOGANATE-O-METHYLTRANSFERASE-RXN	S-ADENOSYLMETHIONINE	left
LOGANATE-O-METHYLTRANSFERASE-RXN	LOGANATE	left
LOGANATE-O-METHYLTRANSFERASE-RXN	ADENOSYL-HOMO-CYS	right
LOGANATE-O-METHYLTRANSFERASE-RXN	LOGANIN	right
RXN-12864	SELENITE	left
RXN-12864	GLUTATHIONE	left
RXN-12864	PROTON	left
RXN-12864	CPD-13908	right
RXN-12864	OXIDIZED-GLUTATHIONE	right
RXN-12864	WATER	right
RXN-16781	CPD-18091	left
RXN-16781	P-COUMAROYL-COA	left
RXN-16781	CPD-18099	right
RXN-16781	CO-A	right
RXN-10005	FARNESYL-PP	left
RXN-10005	CPD-10758	right
RXN-10005	PPI	right
RXN-11241	S-ADENOSYLMETHIONINE	left
RXN-11241	CPD-387	left
RXN-11241	ADENOSYL-HOMO-CYS	right
RXN-11241	CPD-7676	right
MALTODEG-RXN	MALTOHEXAOSE	left
MALTODEG-RXN	MALTOSE	left
MALTODEG-RXN	CPD0-1133	right
MALTODEG-RXN	Glucopyranose	right
RXN-9000	CPD-9459	left
RXN-9000	UDP-GLUCURONATE	left
RXN-9000	PROTON	right
RXN-9000	CPD-9460	right
RXN-9000	UDP	right
RXN1F-155	CPD1F-133	left
RXN1F-155	CPD1F-135	right
TRANS-RXN-227	L-CITRULLINE	left
TRANS-RXN-227	L-CITRULLINE	right
RXN-2948	INDOLE_ACETATE_AUXIN	left
RXN-2948	GLN	left
RXN-2948	ATP	left
RXN-2948	PROTON	right
RXN-2948	INDOLE-3-ACETYL-GLN	right
RXN-2948	AMP	right
RXN-2948	PPI	right
RXN-18783	CPD-12575	left
RXN-18783	CPD-15079	left
RXN-18783	6C-Glc-2-hydroxyeriodictyol	right
RXN-18783	UDP	right
RXN-18783	PROTON	right
RXN-13023	CPD-14050	left
RXN-13023	PROTON	left
RXN-13023	CPDQT-343	right
RXN-13023	WATER	right
RXN-13023	CARBON-DIOXIDE	right
RXN-11306	CPD-12266	left
RXN-11306	WATER	left
RXN-11306	CPD-9382	right
RXN-11306	Pi	right
RXN-12189	S-ADENOSYLMETHIONINE	left
RXN-12189	HSCN	left
RXN-12189	CPD-13128	right
RXN-12189	ADENOSYL-HOMO-CYS	right
RXN-21005	CAFFEOYL-COA	left
RXN-21005	WATER	left
RXN-21005	CPD-7616	right
RXN-21005	ACETYL-COA	right
RXNQT-4304	GLUTATHIONE	left
RXNQT-4304	5-OXOPROLINE	right
RXNQT-4304	CYS-GLY	right
RXN-12136	Vernolates	left
RXN-12136	Red-NADPH-Hemoprotein-Reductases	left
RXN-12136	OXYGEN-MOLECULE	left
RXN-12136	CPD-13088	right
RXN-12136	Ox-NADPH-Hemoprotein-Reductases	right
RXN-12136	WATER	right
O-SUCCINYLBENZOATE-COA-SYN-RXN	CPD-9923	left
O-SUCCINYLBENZOATE-COA-SYN-RXN	O-SUCCINYLBENZOATE	right
O-SUCCINYLBENZOATE-COA-SYN-RXN	WATER	right
RXN-11935	CPD-4124	left
RXN-11935	FERROCYTOCHROME-B5	left
RXN-11935	OXYGEN-MOLECULE	left
RXN-11935	PROTON	left
RXN-11935	CPD-12911	right
RXN-11935	FERRICYTOCHROME-B5	right
RXN-11935	WATER	right
RXN-6242	CPD-7390	left
RXN-6242	OXYGEN-MOLECULE	left
RXN-6242	CPD-8634	right
RXN-6242	WATER	right
RXN18C3-5	CPD-18646	left
RXN18C3-5	OXYGEN-MOLECULE	left
RXN18C3-5	Red-NADPH-Hemoprotein-Reductases	left
RXN18C3-5	CPD-18645	right
RXN18C3-5	WATER	right
RXN18C3-5	Ox-NADPH-Hemoprotein-Reductases	right
RXN-2008	BENZOYLCOA	left
RXN-2008	OXYGEN-MOLECULE	left
RXN-2008	Red-NADPH-Hemoprotein-Reductases	left
RXN-2008	CPD-12112	right
RXN-2008	WATER	right
RXN-2008	Ox-NADPH-Hemoprotein-Reductases	right
RXN-14195	DATP	left
RXN-14195	WATER	left
RXN-14195	DAMP	right
RXN-14195	Pi	right
RXN-14195	PROTON	right
RXN-13294	STEAROYL-COA	left
RXN-13294	MALONYL-COA	left
RXN-13294	PROTON	left
RXN-13294	CPD-14271	right
RXN-13294	CARBON-DIOXIDE	right
RXN-13294	CO-A	right
RXN1F-474	CPD1F-90	left
RXN1F-474	UDP-L-RHAMNOSE	left
RXN1F-474	PROTON	right
RXN1F-474	CPD1F-461	right
RXN1F-474	UDP	right
RXN-13784	CPD-14753	left
RXN-13784	WATER	left
RXN-13784	CPD-11685	right
RXN-13784	Glucopyranose	right
RXN-13784	PROTON	right
RXN-7654	CPD-3061	left
RXN-7654	Red-NADPH-Hemoprotein-Reductases	left
RXN-7654	OXYGEN-MOLECULE	left
RXN-7654	CPD-6996	right
RXN-7654	Ox-NADPH-Hemoprotein-Reductases	right
RXN-7654	WATER	right
RXN18C3-4	CPD-18643	left
RXN18C3-4	CPD-18646	right
RXN-2982	INDOLE-3-ACETYL-LEU	left
RXN-2982	WATER	left
RXN-2982	INDOLE_ACETATE_AUXIN	right
RXN-2982	LEU	right
RXN-16203	GLUTATHIONE	left
RXN-16203	Methylated-methyl-acceptors	left
RXN-16203	S-METHYLGLUTATHIONE	right
RXN-16203	Demethylated-methyl-acceptors	right
RXN1F-164	CPD1F-120	left
RXN1F-164	2-KETOGLUTARATE	left
RXN1F-164	OXYGEN-MOLECULE	left
RXN1F-164	PROTON	right
RXN1F-164	CPD1F-134	right
RXN1F-164	CARBON-DIOXIDE	right
RXN1F-164	SUC	right
RXN-13698	GLT	left
RXN-13698	PYRUVATE	left
RXN-13698	2-KETOGLUTARATE	right
RXN-13698	L-ALPHA-ALANINE	right
RXN-12220	Levan	left
RXN-12220	WATER	left
RXN-12220	Fructofuranose	right
RXN-12220	SUCROSE	right
RXN-16049	CPD-17293	left
RXN-16049	OXYGEN-MOLECULE	left
RXN-16049	Reduced-ferredoxins	left
RXN-16049	PROTON	left
RXN-16049	CPD-17292	right
RXN-16049	WATER	right
RXN-16049	Oxidized-ferredoxins	right
RXN-12101	EPOXYSQUALENE	left
RXN-12101	CPD-13047	right
RXN-13502	CPD-14495	left
RXN-13502	Red-NADPH-Hemoprotein-Reductases	left
RXN-13502	OXYGEN-MOLECULE	left
RXN-13502	CPD-14496	right
RXN-13502	Ox-NADPH-Hemoprotein-Reductases	right
RXN-13502	WATER	right
RXN-13502	PROTON	right
RXN-18144	CPD-2205	left
RXN-18144	CPD-1041	right
RXN-14919	S-ADENOSYLMETHIONINE	left
RXN-14919	CPD-15839	left
RXN-14919	ADENOSYL-HOMO-CYS	right
RXN-14919	CPD-15837	right
RXN-14919	PROTON	right
RXN-8495	LINOLEIC_ACID	left
RXN-8495	OXYGEN-MOLECULE	left
RXN-8495	CPD-8677	right
RXN-8152	CODEINE	left
RXN-8152	2-KETOGLUTARATE	left
RXN-8152	OXYGEN-MOLECULE	left
RXN-8152	MORPHINE	right
RXN-8152	FORMALDEHYDE	right
RXN-8152	SUC	right
RXN-8152	CARBON-DIOXIDE	right
RXN-11884	CPD-12860	left
RXN-11884	4-METHYL-824-CHOLESTADIENOL	right
RXN-13701	CPD-14742	left
RXN-13701	WATER	left
RXN-13701	Linalools	right
RXN-13701	VICIANOSE	right
RXN-8311	CPD-8084	left
RXN-8311	OXYGEN-MOLECULE	left
RXN-8311	Reduced-ferredoxins	left
RXN-8311	PROTON	left
RXN-8311	CPD-8081	right
RXN-8311	WATER	right
RXN-8311	Oxidized-ferredoxins	right
RXN-13894	CPD-14903	left
RXN-13894	CPD-14902	right
RXN-9674	CPD-10277	left
RXN-9674	WATER	left
RXN-9674	CPD-12699	right
RXN-9674	Glucopyranose	right
RXN-9062	CPD-5741	left
RXN-9062	OXYGEN-MOLECULE	left
RXN-9062	Donor-H2	left
RXN-9062	CPD-9544	right
RXN-9062	WATER	right
RXN-9062	Acceptor	right
RXN-1443	CPD-1862	left
RXN-1443	PAPS	left
RXN-1443	3-5-ADP	right
RXN-1443	PROTON	right
RXN-1443	CPD-1863	right
RXN-20955	CPD-5961	left
RXN-20955	Red-NADPH-Hemoprotein-Reductases	left
RXN-20955	OXYGEN-MOLECULE	left
RXN-20955	CPD-22587	right
RXN-20955	Ox-NADPH-Hemoprotein-Reductases	right
RXN-20955	WATER	right
RXN-16461	CPD-7728	left
RXN-16461	CPD-7729	right
RXN-13664	CPD-14687	left
RXN-13664	CPD-11507	right
RXN-13664	CO-A	right
RXN-13664	PROTON	right
RXN1F-165	CPD1F-134	left
RXN1F-165	2-KETOGLUTARATE	left
RXN1F-165	OXYGEN-MOLECULE	left
RXN1F-165	CPD1F-137	right
RXN1F-165	SUC	right
RXN1F-165	CARBON-DIOXIDE	right
RXN-11224	CPD-12184	left
RXN-11224	FERULOYL-COA	left
RXN-11224	WATER	left
RXN-11224	CPD-12187	right
RXN-11224	CO-A	right
RXN-11224	CARBON-DIOXIDE	right
RXN-1381	ACYL-COA	left
RXN-1381	GLYCEROL-3P	left
RXN-1381	ACYL-SN-GLYCEROL-3P	right
RXN-1381	CO-A	right
RXN-13022	CPD-14049	left
RXN-13022	OXYGEN-MOLECULE	left
RXN-13022	Red-NADPH-Hemoprotein-Reductases	left
RXN-13022	CPD-14050	right
RXN-13022	WATER	right
RXN-13022	Ox-NADPH-Hemoprotein-Reductases	right
RXN-4320	CPD-4222	left
RXN-4320	MALONYL-COA	left
RXN-4320	CPD-4223	right
RXN-4320	CO-A	right
RXN-18452	CPD-19789	left
RXN-18452	OXYGEN-MOLECULE	left
RXN-18452	Donor-H2	left
RXN-18452	CPD-19791	right
RXN-18452	WATER	right
RXN-18452	Acceptor	right
RXNQT-4172	CPDQT-29	left
RXNQT-4172	ACETYL-COA	left
RXNQT-4172	WATER	left
RXNQT-4172	PROTON	right
RXNQT-4172	CPDQT-34	right
RXNQT-4172	CO-A	right
RXN-16840	ISOVITEXIN	left
RXN-16840	CPD-14553	left
RXN-16840	CPD-18158	right
RXN-16840	UDP	right
RXN-4221	CPD-4127	left
RXN-4221	CPD-4142	right
RXN0-6274	CPD-4211	left
RXN0-6274	tRNA-Adenosines-37	left
RXN0-6274	6-Dimethylallyladenosine37-tRNAs	right
RXN0-6274	PPI	right
HEME-OXYGENASE-DECYCLIZING-RXN	PROTOHEME	left
HEME-OXYGENASE-DECYCLIZING-RXN	OXYGEN-MOLECULE	left
HEME-OXYGENASE-DECYCLIZING-RXN	Red-NADPH-Hemoprotein-Reductases	left
HEME-OXYGENASE-DECYCLIZING-RXN	PROTON	left
HEME-OXYGENASE-DECYCLIZING-RXN	BILIVERDINE	right
HEME-OXYGENASE-DECYCLIZING-RXN	FE+2	right
HEME-OXYGENASE-DECYCLIZING-RXN	CARBON-MONOXIDE	right
HEME-OXYGENASE-DECYCLIZING-RXN	Ox-NADPH-Hemoprotein-Reductases	right
HEME-OXYGENASE-DECYCLIZING-RXN	WATER	right
RXN-9208	CPD-9788	left
RXN-9208	NADPH	left
RXN-9208	CPD-9787	right
RXN-9208	NADP	right
RXN66-320	5-ALPHA-CHOLESTA-724-DIEN-3-BETA-OL	left
RXN66-320	ZYMOSTEROL	right
RXN-3121	CPD-1102	left
RXN-3121	INDOLE-3-ACETYL-BETA-4-D-GLUCOSE	right
RXN-19971	CPD-21546	left
RXN-19971	ACETYL-COA	left
RXN-19971	CPD-21548	right
RXN-19971	CO-A	right
RXN-9230	CPD-9610	left
RXN-9230	4-hydroxybenzoate	left
RXN-9230	CPD-9864	right
RXN-9230	PPI	right
RXN-7856	CPD-7166	left
RXN-7856	Acceptor	left
RXN-7856	CPD-7171	right
RXN-7856	Donor-H2	right
RXN-13916	S-ADENOSYLMETHIONINE	left
RXN-13916	CPD-14936	left
RXN-13916	CPD-14937	right
RXN-13916	ADENOSYL-HOMO-CYS	right
RXN-13916	PROTON	right
RXN-15322	CPD-14999	left
RXN-15322	1-O-SINAPOYL-BETA-D-GLUCOSE	left
RXN-15322	CPD-16528	right
RXN-15322	Glucopyranose	right
RXN-15322	PROTON	right
RXN-13898	CPD-520	left
RXN-13898	Red-NADPH-Hemoprotein-Reductases	left
RXN-13898	OXYGEN-MOLECULE	left
RXN-13898	CPD-14866	right
RXN-13898	Ox-NADPH-Hemoprotein-Reductases	right
RXN-13898	WATER	right
RXN-13446	CPD-14426	left
RXN-13446	WATER	left
RXN-13446	CPD-13792	right
RXN-13446	CO-A	right
RXN-13446	PROTON	right
RXN-19592	CPD-12400	left
RXN-19592	WATER	left
RXN-19592	CPDQT-408	right
RXN-19592	GLY	right
MANNPISOM-RXN	CPD-15979	left
MANNPISOM-RXN	FRUCTOSE-6P	right
RXN-10770	ADP-D-GLUCOSE	left
RXN-10770	WATER	left
RXN-10770	AMP	right
RXN-10770	GLC-1-P	right
RXN-10770	PROTON	right
RXN-24312	CPD-26899	left
RXN-24312	OXYGEN-MOLECULE	left
RXN-24312	Red-NADPH-Hemoprotein-Reductases	left
RXN-24312	CPD-26903	right
RXN-24312	WATER	right
RXN-24312	Ox-NADPH-Hemoprotein-Reductases	right
RXN-19238	S-ADENOSYLMETHIONINE	left
RXN-19238	S-SCOULERINE	left
RXN-19238	ADENOSYL-HOMO-CYS	right
RXN-19238	CPD-20734	right
RXN-19238	PROTON	right
1.2.3.14-RXN	CPD-692	left
1.2.3.14-RXN	WATER	left
1.2.3.14-RXN	OXYGEN-MOLECULE	left
1.2.3.14-RXN	PROTON	right
1.2.3.14-RXN	CPD-693	right
1.2.3.14-RXN	HYDROGEN-PEROXIDE	right
RXNQT-4325	CPD-12575	left
RXNQT-4325	CPDQT-412	left
RXNQT-4325	PROTON	right
RXNQT-4325	CPDQT-285	right
RXNQT-4325	UDP	right
RXN-12293	CPD-8847	left
RXN-12293	NADPH	left
RXN-12293	PROTON	left
RXN-12293	MEK	right
RXN-12293	NADP	right
RXN-22716	CPD-9779	left
RXN-22716	PROTON	left
RXN-22716	CPD-7995	right
RXN-22716	CARBON-DIOXIDE	right
RXN-18483	CPD-19817	left
RXN-18483	Red-NADPH-Hemoprotein-Reductases	left
RXN-18483	OXYGEN-MOLECULE	left
RXN-18483	CPD-19818	right
RXN-18483	Ox-NADPH-Hemoprotein-Reductases	right
RXN-18483	WATER	right
RXN-9825	S-ADENOSYLMETHIONINE	left
RXN-9825	INDOLE_ACETATE_AUXIN	left
RXN-9825	CPD-10546	right
RXN-9825	ADENOSYL-HOMO-CYS	right
3.1.4.37-RXN	Cyclic-2-3-Ribonucleoside-Monophosphates	left
3.1.4.37-RXN	WATER	left
3.1.4.37-RXN	2-Prime-Ribonucleoside-Monophosphates	right
3.1.4.37-RXN	PROTON	right
RXN-10816	CPD-5921	left
RXN-10816	NAD	left
RXN-10816	PHENYL-PYRUVATE	right
RXN-10816	NADH	right
RXN-10816	PROTON	right
PYRNUTRANSHYDROGEN-RXN	NAD	left
PYRNUTRANSHYDROGEN-RXN	NADPH	left
PYRNUTRANSHYDROGEN-RXN	NADH	right
PYRNUTRANSHYDROGEN-RXN	NADP	right
3.2.1.147-RXN	Thioglucosides	left
3.2.1.147-RXN	WATER	left
3.2.1.147-RXN	Sugar	right
3.2.1.147-RXN	Thiols	right
RXN-13873	CPD-14880	left
RXN-13873	WATER	left
RXN-13873	ADENOSINE_DIPHOSPHATE_RIBOSE	right
RXN-13873	PROTON	right
RXN-8335	PROTON	left
RXN-8335	CPD-8096	left
RXN-8335	CPD-8097	right
RXN-8335	WATER	right
RXN-6544	CPD1F-95	left
RXN-6544	2-KETOGLUTARATE	left
RXN-6544	OXYGEN-MOLECULE	left
RXN-6544	CPD-6228	right
RXN-6544	SUC	right
RXN-6544	CARBON-DIOXIDE	right
RXN-18941	CPD-16719	left
RXN-18941	Red-NADPH-Hemoprotein-Reductases	left
RXN-18941	OXYGEN-MOLECULE	left
RXN-18941	CPD-20324	right
RXN-18941	Ox-NADPH-Hemoprotein-Reductases	right
RXN-18941	WATER	right
RXN-7876	CPD-4143	left
RXN-7876	OXYGEN-MOLECULE	left
RXN-7876	Red-NADPH-Hemoprotein-Reductases	left
RXN-7876	CPD-7190	right
RXN-7876	WATER	right
RXN-7876	Ox-NADPH-Hemoprotein-Reductases	right
RXN-9210	CPD-9786	left
RXN-9210	ACETYL-COA	left
RXN-9210	PROTON	right
RXN-9210	CPD-9785	right
RXN-9210	CO-A	right
RXN-1441	INDOLE-3-ACETALDOXIME	left
RXN-1441	NADPH	left
RXN-1441	OXYGEN-MOLECULE	left
RXN-1441	CYS	left
RXN-1441	CPD-7547	right
RXN-1441	NADP	right
RXN-1441	WATER	right
RXN-12131	3-DEHYDRO-SHIKIMATE	left
RXN-12131	NADP	left
RXN-12131	CPD-13085	right
RXN-12131	NADPH	right
RXN-12131	PROTON	right
GUANINE-DEAMINASE-RXN	PROTON	left
GUANINE-DEAMINASE-RXN	WATER	left
GUANINE-DEAMINASE-RXN	GUANINE	left
GUANINE-DEAMINASE-RXN	XANTHINE	right
GUANINE-DEAMINASE-RXN	AMMONIUM	right
OPPSYN-RXN	TRANS-POLYISOPRENYL-PP	left
OPPSYN-RXN	DELTA3-ISOPENTENYL-PP	left
OPPSYN-RXN	TRANS-POLYISOPRENYL-PP	right
OPPSYN-RXN	PPI	right
2.3.1.166-RXN	10-DEACETYL-2-DEBENZOYLBACCATIN-III	left
2.3.1.166-RXN	BENZOYLCOA	left
2.3.1.166-RXN	10-DEACETYLBACCATIN-III	right
2.3.1.166-RXN	CO-A	right
OHACYL-COA-DEHYDROG-RXN	NAD	left
OHACYL-COA-DEHYDROG-RXN	L-3-HYDROXYACYL-COA	left
OHACYL-COA-DEHYDROG-RXN	3-KETOACYL-COA	right
OHACYL-COA-DEHYDROG-RXN	NADH	right
OHACYL-COA-DEHYDROG-RXN	PROTON	right
RXN-12242	CPD-7526	left
RXN-12242	ETR-Quinones	left
RXN-12242	CPD-7496	right
RXN-12242	ETR-Quinols	right
RXN-19695	CPD-12575	left
RXN-19695	CPD-12100	left
RXN-19695	CPD-9249	right
RXN-19695	UDP	right
RXN-19695	PROTON	right
MORPHINE-6-DEHYDROGENASE-RXN	NAD-P-OR-NOP	left
MORPHINE-6-DEHYDROGENASE-RXN	MORPHINE	left
MORPHINE-6-DEHYDROGENASE-RXN	NADH-P-OR-NOP	right
MORPHINE-6-DEHYDROGENASE-RXN	MORPHINONE	right
MORPHINE-6-DEHYDROGENASE-RXN	PROTON	right
RXN-9628	CPD-10267	left
RXN-9628	WATER	left
RXN-9628	PROTON	right
RXN-9628	CPD-3617	right
RXN-9628	CO-A	right
ADENPRIBOSYLTRAN-RXN	AMP	left
ADENPRIBOSYLTRAN-RXN	PPI	left
ADENPRIBOSYLTRAN-RXN	PRPP	right
ADENPRIBOSYLTRAN-RXN	ADENINE	right
RXN-11273	CPD-685	left
RXN-11273	CPD-12222	right
RXN-9821	CPD-12575	left
RXN-9821	CPD-10537	left
RXN-9821	PROTON	right
RXN-9821	CPD-10536	right
RXN-9821	UDP	right
RXN-13912	S-ADENOSYLMETHIONINE	left
RXN-13912	MYRICETIN	left
RXN-13912	CPD-14930	right
RXN-13912	ADENOSYL-HOMO-CYS	right
RXN-16805	Ferrihemoglobins	left
RXN-16805	NITRIC-OXIDE	left
RXN-16805	OH	left
RXN-16805	Ferrohemoglobins	right
RXN-16805	NITRITE	right
RXN-16805	PROTON	right
RXN-13450	CPD-12575	left
RXN-13450	CPD-14427	left
RXN-13450	UDP	right
RXN-13450	CPD-14431	right
RXN-13450	PROTON	right
RXN-18479	CPD-13420	left
RXN-18479	Red-NADPH-Hemoprotein-Reductases	left
RXN-18479	OXYGEN-MOLECULE	left
RXN-18479	CPD-19811	right
RXN-18479	Ox-NADPH-Hemoprotein-Reductases	right
RXN-18479	WATER	right
RXN-13848	CPD-14856	left
RXN-13848	OXYGEN-MOLECULE	left
RXN-13848	NADPH	left
RXN-13848	PROTON	left
RXN-13848	CPD-14861	right
RXN-13848	NADP	right
RXN-13848	WATER	right
RXN-6763	S-Substituted-L-Cysteines	left
RXN-6763	WATER	left
RXN-6763	PYRUVATE	right
RXN-6763	Thiols	right
RXN-6763	AMMONIUM	right
RXNQT-4309	CPDQT-340	left
RXNQT-4309	OXYGEN-MOLECULE	left
RXNQT-4309	Red-NADPH-Hemoprotein-Reductases	left
RXNQT-4309	CPDQT-341	right
RXNQT-4309	WATER	right
RXNQT-4309	CARBON-DIOXIDE	right
RXNQT-4309	Ox-NADPH-Hemoprotein-Reductases	right
RXN-9279	CPD-9864	left
RXN-9279	OXYGEN-MOLECULE	left
RXN-9279	NADPH	left
RXN-9279	PROTON	left
RXN-9279	CPD-9895	right
RXN-9279	WATER	right
RXN-9279	NADP	right
RXN-10704	CPD-11523	left
RXN-10704	CPD-11522	right
RXN-10704	WATER	right
RXN-12067	CPD-13029	left
RXN-12067	OXYGEN-MOLECULE	left
RXN-12067	Red-NADPH-Hemoprotein-Reductases	left
RXN-12067	CPD-13030	right
RXN-12067	Ox-NADPH-Hemoprotein-Reductases	right
RXN-12067	WATER	right
THIAMINASE-RXN	WATER	left
THIAMINASE-RXN	THIAMINE	left
THIAMINASE-RXN	PROTON	right
THIAMINASE-RXN	THZ	right
THIAMINASE-RXN	HMP	right
RXN-11549	CPD-12480	left
RXN-11549	Methylated-methyl-acceptors	left
RXN-11549	CPD-12505	right
RXN-11549	Demethylated-methyl-acceptors	right
RXN-10956	CPD-505	left
RXN-10956	CPD-506	right
RXN-9342	S-ADENOSYLMETHIONINE	left
RXN-9342	CPD-9953	left
RXN-9342	CPD-9954	right
RXN-9342	ADENOSYL-HOMO-CYS	right
RXN-9342	PROTON	right
RXN-20438	CPD-4182	left
RXN-20438	OXYGEN-MOLECULE	left
RXN-20438	Red-NADPH-Hemoprotein-Reductases	left
RXN-20438	CPD-4183	right
RXN-20438	FORMATE	right
RXN-20438	WATER	right
RXN-20438	Ox-NADPH-Hemoprotein-Reductases	right
RXN-20438	PROTON	right
TRYPTOPHAN-AMINOTRANSFERASE-RXN	2-KETOGLUTARATE	left
TRYPTOPHAN-AMINOTRANSFERASE-RXN	TRP	left
TRYPTOPHAN-AMINOTRANSFERASE-RXN	GLT	right
TRYPTOPHAN-AMINOTRANSFERASE-RXN	INDOLE_PYRUVATE	right
RXN-2009	CPD-12112	left
RXN-2009	WATER	left
RXN-2009	PROTON	right
RXN-2009	CPD-110	right
RXN-2009	CO-A	right
CYCPHOSDIESTER-RXN	Cyclic-2-3-Ribonucleoside-Monophosphates	left
CYCPHOSDIESTER-RXN	WATER	left
CYCPHOSDIESTER-RXN	3-Phosphomonucleotides	right
CYCPHOSDIESTER-RXN	PROTON	right
RXN-8173	ALLYSINE	left
RXN-8173	CPD-7682	right
RXN-8173	WATER	right
RXN-8173	PROTON	right
RXN-16403	CPD-17621	left
RXN-16403	NADPH	left
RXN-16403	PROTON	left
RXN-16403	CPD-17642	right
RXN-16403	CO-A	right
RXN-16403	NADP	right
RXN-8905	CPD-9298	left
RXN-8905	OXYGEN-MOLECULE	left
RXN-8905	NADPH	left
RXN-8905	PROTON	left
RXN-8905	CPD-9269	right
RXN-8905	WATER	right
RXN-8905	NADP	right
ADPREDUCT-RXN	DADP	left
ADPREDUCT-RXN	Ox-Thioredoxin	left
ADPREDUCT-RXN	WATER	left
ADPREDUCT-RXN	ADP	right
ADPREDUCT-RXN	Red-Thioredoxin	right
RXN-1382	L-1-PHOSPHATIDYL-ETHANOLAMINE	left
RXN-1382	SER	left
RXN-1382	L-1-PHOSPHATIDYL-SERINE	right
RXN-1382	ETHANOL-AMINE	right
RXN-6522	CPD1F-97	left
RXN-6522	2-KETOGLUTARATE	left
RXN-6522	OXYGEN-MOLECULE	left
RXN-6522	CPD-6202	right
RXN-6522	SUC	right
RXN-6522	CARBON-DIOXIDE	right
RXN-18731	2-Hydroxyflavanones	left
RXN-18731	Open-tautomer-2-hydroxyflavanones	right
RXN-2006	BENZOYLCOA	left
RXN-2006	ACETYL-COA	left
RXN-2006	CPD-514	right
RXN-2006	CO-A	right
RXN-8419	FARNESYL-PP	left
RXN-8419	CPD-8237	right
RXN-8419	PPI	right
RXN-23276	NITRIC-OXIDE	left
RXN-23276	SUPER-OXIDE	left
RXN-23276	CPD0-1395	right
RXN-9109	CPD-9627	left
RXN-9109	CPD-9624	right
RXN-10697	CPD-11519	left
RXN-10697	CPD-11518	right
RXN-10697	WATER	right
UDPACYLGLCNACDEACETYL-RXN	UDP-OHMYR-ACETYLGLUCOSAMINE	left
UDPACYLGLCNACDEACETYL-RXN	WATER	left
UDPACYLGLCNACDEACETYL-RXN	UDP-OHMYR-GLUCOSAMINE	right
UDPACYLGLCNACDEACETYL-RXN	ACET	right
RXN-7442	PYRAZOLIDINE	left
RXN-7442	Acceptor	left
RXN-7442	Donor-H2	right
RXN-7442	2-PYRAZOLINE	right
RXN-18187	CPD-19478	left
RXN-18187	WATER	left
RXN-18187	CPDQT-37	right
RXN-6161	PROTON	left
RXN-6161	PYRUVATE	left
RXN-6161	ACETALD	right
RXN-6161	CARBON-DIOXIDE	right
RXN-16402	18-HYDROXYOLEATE	left
RXN-16402	CO-A	left
RXN-16402	ATP	left
RXN-16402	CPD-17370	right
RXN-16402	PPI	right
RXN-16402	AMP	right
RXN-9176	CPD-9525	left
RXN-9176	CPD-9749	right
RXN-10664	PALMITYL-COA	left
RXN-10664	FERROCYTOCHROME-B5	left
RXN-10664	OXYGEN-MOLECULE	left
RXN-10664	PROTON	left
RXN-10664	CPD-10269	right
RXN-10664	FERRICYTOCHROME-B5	right
RXN-10664	WATER	right
RXN-8554	FARNESYL-PP	left
RXN-8554	CPD-8747	right
RXN-8554	PPI	right
RXN-15461	CPD-16701	left
RXN-15461	CPD-9410	right
RXN-1623	ACYL-COA	left
RXN-1623	ACYL-SN-GLYCEROL-3P	left
RXN-1623	L-PHOSPHATIDATE	right
RXN-1623	CO-A	right
RXN-9636	ILE	left
RXN-9636	Red-NADPH-Hemoprotein-Reductases	left
RXN-9636	OXYGEN-MOLECULE	left
RXN-9636	CPD-10271	right
RXN-9636	Ox-NADPH-Hemoprotein-Reductases	right
RXN-9636	WATER	right
RXN-9636	PROTON	right
1.14.13.71-RXN	S-N-METHYLCOCLAURINE	left
1.14.13.71-RXN	OXYGEN-MOLECULE	left
1.14.13.71-RXN	Red-NADPH-Hemoprotein-Reductases	left
1.14.13.71-RXN	3-HYDROXY-N-METHYL-S-COCLAURINE	right
1.14.13.71-RXN	WATER	right
1.14.13.71-RXN	Ox-NADPH-Hemoprotein-Reductases	right
PRAISOM-RXN	N-5-PHOSPHORIBOSYL-ANTHRANILATE	left
PRAISOM-RXN	CARBOXYPHENYLAMINO-DEOXYRIBULOSE-P	right
RXN-10689	PROTON	left
RXN-10689	HEXANOYL-COA	left
RXN-10689	MALONYL-COA	left
RXN-10689	CPD-11506	right
RXN-10689	CO-A	right
RXN-10689	CARBON-DIOXIDE	right
RXN-16804	ARABINOSE-5P	left
RXN-16804	CPD-18118	right
RXN-4229	CPD-3946	left
RXN-4229	NADP	left
RXN-4229	PROTON	right
RXN-4229	CPD-3945	right
RXN-4229	NADPH	right
RXN-13002	GERANYL-PP	left
RXN-13002	--bornyl-diphosphate	right
RXN-14515	CPD-15382	left
RXN-14515	BETA-D-FRUCTOSE	right
RXN-12963	P-COUMAROYL-COA	left
RXN-12963	2-KETOGLUTARATE	left
RXN-12963	OXYGEN-MOLECULE	left
RXN-12963	CPD-14010	right
RXN-12963	SUC	right
RXN-12963	CARBON-DIOXIDE	right
RXN-14510	CPD-3723	left
RXN-14510	WATER	left
RXN-14510	URIDINE	right
RXN-14510	Pi	right
RXN-17066	DIHYDROXYNAPHTHOATE	left
RXN-17066	Acceptor	left
RXN-17066	CPD-18334	right
RXN-17066	Donor-H2	right
RXN-8727	CPD-8952	left
RXN-8727	1-O-GALLOYL-BETA-D-GLUCOSE	left
RXN-8727	CPD-8956	right
RXN-8727	Glucopyranose	right
RXN-9197	CPD-9772	left
RXN-9197	CO-A	right
RXN-9197	CPD-9773	right
ISOVALERYL-COA-FAD-RXN	FAD	left
ISOVALERYL-COA-FAD-RXN	ISOVALERYL-COA	left
ISOVALERYL-COA-FAD-RXN	PROTON	left
ISOVALERYL-COA-FAD-RXN	FADH2	right
ISOVALERYL-COA-FAD-RXN	3-METHYL-CROTONYL-COA	right
2.5.1.43-RXN	S-ADENOSYLMETHIONINE	left
2.5.1.43-RXN	PROTON	right
2.5.1.43-RXN	CPD-463	right
2.5.1.43-RXN	5-METHYLTHIOADENOSINE	right
RXN-15463	CPD-20325	left
RXN-15463	OXYGEN-MOLECULE	left
RXN-15463	Red-NADPH-Hemoprotein-Reductases	left
RXN-15463	CPD-16676	right
RXN-15463	WATER	right
RXN-15463	Ox-NADPH-Hemoprotein-Reductases	right
GLYCEROL-3-PHOSPHATE-DEHYDROGENASE-RXN	GLYCEROL-3P	left
GLYCEROL-3-PHOSPHATE-DEHYDROGENASE-RXN	Acceptor	left
GLYCEROL-3-PHOSPHATE-DEHYDROGENASE-RXN	DIHYDROXY-ACETONE-PHOSPHATE	right
GLYCEROL-3-PHOSPHATE-DEHYDROGENASE-RXN	Donor-H2	right
GLUTAMATE-SYNTHASE-NADH-RXN	NAD	left
GLUTAMATE-SYNTHASE-NADH-RXN	GLT	left
GLUTAMATE-SYNTHASE-NADH-RXN	PROTON	right
GLUTAMATE-SYNTHASE-NADH-RXN	NADH	right
GLUTAMATE-SYNTHASE-NADH-RXN	2-KETOGLUTARATE	right
GLUTAMATE-SYNTHASE-NADH-RXN	GLN	right
RXNQT-4327	CPD-12575	left
RXNQT-4327	CPDQT-414	left
RXNQT-4327	PROTON	right
RXNQT-4327	CPDQT-418	right
RXNQT-4327	UDP	right
3.2.1.114-RXN	Mannosyl5-N-acetyl-glucosamine2-R	left
3.2.1.114-RXN	WATER	left
3.2.1.114-RXN	2-N-linked-Glycan	right
3.2.1.114-RXN	CPD-13559	right
3-OXOLAURATE-DECARBOXYLASE-RXN	3-OXODODECANOATE	left
3-OXOLAURATE-DECARBOXYLASE-RXN	PROTON	left
3-OXOLAURATE-DECARBOXYLASE-RXN	CARBON-DIOXIDE	right
3-OXOLAURATE-DECARBOXYLASE-RXN	2-UNDECANONE	right
1.1.1.168-RXN	PANTOYL-LACTONE	left
1.1.1.168-RXN	NADP	left
1.1.1.168-RXN	2-DEHYDROPANTOYL-LACTONE	right
1.1.1.168-RXN	NADPH	right
1.1.1.168-RXN	PROTON	right
PSII-RXN	Plastoquinols	left
PSII-RXN	PROTON	left
PSII-RXN	OXYGEN-MOLECULE	left
PSII-RXN	Light	right
PSII-RXN	PLASTOQUINONE	right
PSII-RXN	PROTON	right
PSII-RXN	WATER	right
METHYLACETOACETYLCOATHIOL-RXN	PROPIONYL-COA	left
METHYLACETOACETYLCOATHIOL-RXN	ACETYL-COA	left
METHYLACETOACETYLCOATHIOL-RXN	2-METHYL-ACETO-ACETYL-COA	right
METHYLACETOACETYLCOATHIOL-RXN	CO-A	right
RXN-14812	CPD-15709	left
RXN-14812	FRUCTOSE-6P	right
RXNQT-4143	GLUTATHIONE	left
RXNQT-4143	WATER	left
RXNQT-4143	CYS-GLY	right
RXNQT-4143	GLT	right
RXN-16360	CPD-8912	left
RXN-16360	Red-NADPH-Hemoprotein-Reductases	left
RXN-16360	OXYGEN-MOLECULE	left
RXN-16360	CPD-17597	right
RXN-16360	Ox-NADPH-Hemoprotein-Reductases	right
RXN-16360	WATER	right
D-PINITOL-DEHYDROGENASE-RXN	CPD-8046	left
D-PINITOL-DEHYDROGENASE-RXN	NADP	left
D-PINITOL-DEHYDROGENASE-RXN	PENTAHYDROXYCYCLOHEXANONE	right
D-PINITOL-DEHYDROGENASE-RXN	NADPH	right
D-PINITOL-DEHYDROGENASE-RXN	PROTON	right
RXN-6902	4-AMINO-BUTYRATE	left
RXN-6902	PYRUVATE	left
RXN-6902	SUCC-S-ALD	right
RXN-6902	L-ALPHA-ALANINE	right
RXN-10434	INDOLE_ACETATE_AUXIN	left
RXN-10434	PRO	left
RXN-10434	ATP	left
RXN-10434	PROTON	right
RXN-10434	CPD-11231	right
RXN-10434	AMP	right
RXN-10434	PPI	right
RXN66-281	CPD-465	left
RXN66-281	NADH-P-OR-NOP	left
RXN66-281	PROTON	left
RXN66-281	SQUALENE	right
RXN66-281	NAD-P-OR-NOP	right
RXN66-281	PPI	right
GPH-RXN	WATER	left
GPH-RXN	CPD-67	left
GPH-RXN	GLYCOLLATE	right
GPH-RXN	Pi	right
RXN-15493	CPD-16749	left
RXN-15493	CPD-12575	left
RXN-15493	CPD-16748	right
RXN-15493	UDP	right
RXN-15493	PROTON	right
RXN-9153	TRICHLOROETHENE	left
RXN-9153	OXYGEN-MOLECULE	left
RXN-9153	NADPH	left
RXN-9153	PROTON	left
RXN-9153	CPD-9673	right
RXN-9153	WATER	right
RXN-9153	NADP	right
RXN-4883	CPD-8719	left
RXN-4883	CPD-4754	right
RXN-4883	PPI	right
GLUCOKIN-RXN	Glucopyranose	left
GLUCOKIN-RXN	ATP	left
GLUCOKIN-RXN	D-glucopyranose-6-phosphate	right
GLUCOKIN-RXN	ADP	right
GLUCOKIN-RXN	PROTON	right
CYCLOEUCALENOL-CYCLOISOMERASE-RXN	CYCLOEUCALENOL	left
CYCLOEUCALENOL-CYCLOISOMERASE-RXN	OBTUSIFOLIOL	right
RXN-9550	Palmitoleoyl-ACPs	left
RXN-9550	WATER	left
RXN-9550	CPD-9245	right
RXN-9550	ACP	right
RXN-9550	PROTON	right
RXN-9716	CPD-10347	left
RXN-9716	UDP-L-RHAMNOSE	left
RXN-9716	PROTON	right
RXN-9716	CPD-10348	right
RXN-9716	UDP	right
RXN-11540	CPD-634	left
RXN-11540	OXYGEN-MOLECULE	left
RXN-11540	Red-NADPH-Hemoprotein-Reductases	left
RXN-11540	CPD-12500	right
RXN-11540	WATER	right
RXN-11540	Ox-NADPH-Hemoprotein-Reductases	right
RXN-11235	CPD-12192	left
RXN-11235	CPD-12191	right
RXN-8285	CPD-8065	left
RXN-8285	CPD-8066	right
RXN-8285	CPD-170	right
RXN-8296	CPD-2188	left
RXN-8296	OXYGEN-MOLECULE	left
RXN-8296	Reduced-ferredoxins	left
RXN-8296	PROTON	left
RXN-8296	CPD-8075	right
RXN-8296	WATER	right
RXN-8296	Oxidized-ferredoxins	right
RXN-9189	CPD-9735	left
RXN-9189	Aminated-Amine-Donors	left
RXN-9189	CPD-9757	right
RXN-9189	Deaminated-Amine-Donors	right
RXN-6142	CPD-12575	left
RXN-6142	P-AMINO-BENZOATE	left
RXN-6142	CPD-5804	right
RXN-6142	UDP	right
RXN-12363	ETOH	left
RXN-12363	ACETYL-COA	left
RXN-12363	ETHYLACETATE	right
RXN-12363	CO-A	right
THIAMIN-PYROPHOSPHOKINASE-RXN	THIAMINE	left
THIAMIN-PYROPHOSPHOKINASE-RXN	ATP	left
THIAMIN-PYROPHOSPHOKINASE-RXN	PROTON	right
THIAMIN-PYROPHOSPHOKINASE-RXN	THIAMINE-PYROPHOSPHATE	right
THIAMIN-PYROPHOSPHOKINASE-RXN	AMP	right
RXN-10690	CPD-12575	left
RXN-10690	CPD-11253	left
RXN-10690	CPD-11510	right
RXN-10690	UDP	right
RXN-10690	PROTON	right
RXN-14409	CPD-15590	left
RXN-14409	D-galactopyranose	right
RXN-5066	2-METHYLPROPANAL-OXIME	left
RXN-5066	CPD-4861	right
RXN-20155	Protein-S-Acetyl-Cysteines	left
RXN-20155	ACETYL-COA	left
RXN-20155	ACETOACETYL-COA	right
RXN-20155	PROT-CYS	right
RXN-15280	3-oxo-myristoyl-ACPs	left
RXN-15280	WATER	left
RXN-15280	CPD-14242	right
RXN-15280	ACP	right
RXN-15280	PROTON	right
RXN-4204	CPD-4122	left
RXN-4204	MALONYL-COA	left
RXN-4204	CPD-4123	right
RXN-4204	CO-A	right
RXN-14904	CPD-10330	left
RXN-14904	CPD0-1108	right
RXN-11416	CPDQT-343	left
RXN-11416	OXYGEN-MOLECULE	left
RXN-11416	Red-NADPH-Hemoprotein-Reductases	left
RXN-11416	CPD-12395	right
RXN-11416	WATER	right
RXN-11416	Ox-NADPH-Hemoprotein-Reductases	right
RXN-22402	CPD0-2040	left
RXN-22402	Elemental-Sulfur	left
RXN-22402	CPD-24395	right
RXN-22402	PROTON	right
RXN-19638	CPD-21267	left
RXN-19638	WATER	left
RXN-19638	CPD-21268	right
RXN-8461	CPD-253	left
RXN-8461	PROTON	right
RXN-8461	CPD-8651	right
RXN-8461	WATER	right
RXN-8386	CPD-8191	left
RXN-8386	Red-NADPH-Hemoprotein-Reductases	left
RXN-8386	OXYGEN-MOLECULE	left
RXN-8386	PHYTOALEXIN-CMPD	right
RXN-8386	Ox-NADPH-Hemoprotein-Reductases	right
RXN-8386	ACETONE	right
RXN-8386	WATER	right
RXN-11275	CPD-12222	left
RXN-11275	OXYGEN-MOLECULE	left
RXN-11275	CPD-12224	right
RXN-11275	CARBON-DIOXIDE	right
RXN-11275	WATER	right
RXN-18966	CPD-20425	left
RXN-18966	CPD-7851	right
RXN-18966	WATER	right
RXNQT-4330	CPDQT-285	left
RXNQT-4330	PAPS	left
RXNQT-4330	3-5-ADP	right
RXNQT-4330	PROTON	right
RXNQT-4330	CPDQT-286	right
RXN-21030	L-PIPECOLATE	left
RXN-21030	OXYGEN-MOLECULE	left
RXN-21030	NADH	left
RXN-21030	CPD-22664	right
RXN-21030	WATER	right
RXN-21030	NAD	right
RXN-13901	S-ADENOSYLMETHIONINE	left
RXN-13901	CPD-14908	left
RXN-13901	CPD-14909	right
RXN-13901	ADENOSYL-HOMO-CYS	right
RXN-13901	PROTON	right
RXN-7101	BCCP-biotin-L-lysine	left
RXN-7101	biotin-L-lysine-in-BCCP-dimers	right
RXN-1728	CPD-2187	left
RXN-1728	OXYGEN-MOLECULE	left
RXN-1728	Reduced-ferredoxins	left
RXN-1728	PROTON	left
RXN-1728	CPD-2188	right
RXN-1728	WATER	right
RXN-1728	Oxidized-ferredoxins	right
RXN-8438	CPD-14553	left
RXN-8438	CPD-8052	left
RXN-8438	PROTON	right
RXN-8438	CPD-8257	right
RXN-8438	UDP	right
RXN-9106	FARNESYL-PP	left
RXN-9106	DELTA3-ISOPENTENYL-PP	left
RXN-9106	CPD-9610	right
RXN-9106	PPI	right
RXN-12062	CPD-13026	left
RXN-12062	OXYGEN-MOLECULE	left
RXN-12062	Red-NADPH-Hemoprotein-Reductases	left
RXN-12062	CPD-13027	right
RXN-12062	Ox-NADPH-Hemoprotein-Reductases	right
RXN-12062	WATER	right
HISTAMINOTRANS-RXN	L-HISTIDINOL-P	left
HISTAMINOTRANS-RXN	2-KETOGLUTARATE	left
HISTAMINOTRANS-RXN	IMIDAZOLE-ACETOL-P	right
HISTAMINOTRANS-RXN	GLT	right
RXN-4704	CPD-4564	left
RXN-4704	WATER	left
RXN-4704	CPD-4563	right
RXN-4704	PROTON	right
RXN-4704	MALONATE	right
RXN-15513	2-PG	left
RXN-15513	G3P	right
RXN-9093	CPD-12513	left
RXN-9093	1-4-beta-Xylan	left
RXN-9093	Arabinoxylan	right
RXN-9093	UDP	right
RXN-19693	CPD-10285	left
RXN-19693	OXYGEN-MOLECULE	left
RXN-19693	Red-NADPH-Hemoprotein-Reductases	left
RXN-19693	CPD-21325	right
RXN-19693	Ox-NADPH-Hemoprotein-Reductases	right
RXN-19693	WATER	right
RXN-8262	S-ADENOSYLMETHIONINE	left
RXN-8262	CPD-520	left
RXN-8262	PROTON	right
RXN-8262	CPD-8004	right
RXN-8262	ADENOSYL-HOMO-CYS	right
RXNQT-4389	CTP	left
RXNQT-4389	CPD-8264	left
RXNQT-4389	PROTON	left
RXNQT-4389	CPDQT-518	right
RXNQT-4389	PPI	right
RXN-14440	PELARGONIDIN-3-GLUCOSIDE-CMPD	left
RXN-14440	CPD-15006	left
RXN-14440	CPD-15289	right
RXN-14440	VANILLATE	right
RXN-14440	PROTON	right
2.1.1.94-RXN	S-ADENOSYLMETHIONINE	left
2.1.1.94-RXN	16-HYDROXYTABERSONINE	left
2.1.1.94-RXN	PROTON	right
2.1.1.94-RXN	ADENOSYL-HOMO-CYS	right
2.1.1.94-RXN	CPD-7164	right
RXN-14514	CPD-3721	left
RXN-14514	WATER	left
RXN-14514	CPD-239	right
RXN-14514	Pi	right
RXN-4504	CPD-14740	left
RXN-4504	NADP	left
RXN-4504	2-HYDROXY-23-DIHYDRODAIDZEIN	right
RXN-4504	NADPH	right
RXN-4504	PROTON	right
RXN-7483	2346-TETRAHYDROXYBENZOPHENONE	left
RXN-7483	Red-NADPH-Hemoprotein-Reductases	left
RXN-7483	OXYGEN-MOLECULE	left
RXN-7483	CPD-6883	right
RXN-7483	Ox-NADPH-Hemoprotein-Reductases	right
RXN-7483	WATER	right
RXN-7483	PROTON	right
RXN-11026	Saturated-Fatty-Acyl-CoA	left
RXN-11026	OXYGEN-MOLECULE	left
RXN-11026	TRANS-D2-ENOYL-COA	right
RXN-11026	HYDROGEN-PEROXIDE	right
RXN-15011	CPD-12511	left
RXN-15011	Protein-hydroxyprolines	left
RXN-15011	Proteins-hydroxyproline-arabinofuranoses	right
RXN-15011	UDP	right
RXN-15011	PROTON	right
RXN-8891	SUCC-S-ALD	left
RXN-8891	NADP	left
RXN-8891	CO-A	left
RXN-8891	SUC-COA	right
RXN-8891	NADPH	right
RXN-8891	PROTON	right
RXN-3585	CPD-3424	left
RXN-3585	MALONYL-COA	left
RXN-3585	CPD-3425	right
RXN-3585	CO-A	right
RXN-9813	CPD-10519	left
RXN-9813	WATER	left
RXN-9813	INDOLE_ACETATE_AUXIN	right
RXN-9813	CO-A	right
RXN-5242	ENT-KAUR-16-EN-19-OL	left
RXN-5242	Red-NADPH-Hemoprotein-Reductases	left
RXN-5242	OXYGEN-MOLECULE	left
RXN-5242	ENT-KAUR-16-EN-19-AL	right
RXN-5242	Ox-NADPH-Hemoprotein-Reductases	right
RXN-5242	WATER	right
RXN4FS-10	L-gulopyranose	left
RXN4FS-10	NAD	left
RXN4FS-10	L-GULONO-1-4-LACTONE	right
RXN4FS-10	NADH	right
RXN4FS-10	PROTON	right
ADPSUGPPHOSPHAT-RXN	ADP-SUGARS	left
ADPSUGPPHOSPHAT-RXN	WATER	left
ADPSUGPPHOSPHAT-RXN	AMP	right
ADPSUGPPHOSPHAT-RXN	Alpha-D-aldose-1-phosphates	right
ADPSUGPPHOSPHAT-RXN	PROTON	right
RXN-5643	S-ADENOSYLMETHIONINE	left
RXN-5643	CPD-5441	left
RXN-5643	PROTON	right
RXN-5643	PHOSPHORYL-CHOLINE	right
RXN-5643	ADENOSYL-HOMO-CYS	right
CATAL-RXN	HYDROGEN-PEROXIDE	left
CATAL-RXN	WATER	right
CATAL-RXN	OXYGEN-MOLECULE	right
CYTIDEAM2-RXN	PROTON	left
CYTIDEAM2-RXN	WATER	left
CYTIDEAM2-RXN	CYTIDINE	left
CYTIDEAM2-RXN	URIDINE	right
CYTIDEAM2-RXN	AMMONIUM	right
RXN-18201	CPD-19487	left
RXN-18201	PROTON	left
RXN-18201	CPDQT-41	right
RXN-18201	CARBON-DIOXIDE	right
RXN-11171	CPD-12112	left
RXN-11171	MALONYL-COA	left
RXN-11171	PROTON	left
RXN-11171	CPD-12111	right
RXN-11171	CO-A	right
RXN-11171	CARBON-DIOXIDE	right
RXN-3166	CPD-165	left
RXN-3166	WATER	left
RXN-3166	PROTON	right
RXN-3166	INDOLE_ACETATE_AUXIN	right
RXN-3166	MYO-INOSITOL	right
UDPGLUCEPIM-RXN	CPD-12575	left
UDPGLUCEPIM-RXN	CPD-14553	right
RXN-7643	PROTON	left
RXN-7643	2-KETO-ISOVALERATE	left
RXN-7643	CPD-7000	right
RXN-7643	CARBON-DIOXIDE	right
UGD-RXN	CPD-12575	left
UGD-RXN	WATER	left
UGD-RXN	NAD	left
UGD-RXN	PROTON	right
UGD-RXN	UDP-GLUCURONATE	right
UGD-RXN	NADH	right
RXN-11473	CPD-12449	left
RXN-11473	MALONYL-COA	left
RXN-11473	NARINGENIN-CMPD	right
RXN-11473	CO-A	right
RXN-11473	CARBON-DIOXIDE	right
RXN-9793	CPD-10501	left
RXN-9793	CPD-10502	right
RXN-13982	P-COUMAROYL-COA	left
RXN-13982	CPD-14981	left
RXN-13982	CPD-14985	right
RXN-13982	CO-A	right
RXN-7860	CPD-7165	left
RXN-7860	CPD-461	left
RXN-7860	CPD-7175	right
RXN-7860	PPI	right
RXN-4312	CPD-4204	left
RXN-4312	WATER	left
RXN-4312	PROTON	right
RXN-4312	CPD-4206	right
RXN-4312	Pi	right
RXN18C3-35	CPD-19027	left
RXN18C3-35	ISOVALERYL-COA	left
RXN18C3-35	CPD-19047	right
RXN18C3-35	CO-A	right
RXN-9202	PROTON	left
RXN-9202	CPD-7994	left
RXN-9202	CPD-9778	left
RXN-9202	CPD-9779	right
RXN-9202	CARBON-DIOXIDE	right
RXN-9564	CPD-10201	left
RXN-9564	NADP	left
RXN-9564	CPD-10206	right
RXN-9564	NADPH	right
RXN-9564	PROTON	right
RXN-13485	CPD-14474	left
RXN-13485	ATP	left
RXN-13485	CO-A	left
RXN-13485	CPD-9207	right
RXN-13485	AMP	right
RXN-13485	PPI	right
RXN-23792	CPD-26326	left
RXN-23792	Red-NADPH-Hemoprotein-Reductases	left
RXN-23792	OXYGEN-MOLECULE	left
RXN-23792	CPD-26330	right
RXN-23792	Ox-NADPH-Hemoprotein-Reductases	right
RXN-23792	WATER	right
RXN-8074	CPD1F-135	left
RXN-8074	CPD-7424	right
TREHALOSEPHOSPHA-RXN	TREHALOSE-6P	left
TREHALOSEPHOSPHA-RXN	WATER	left
TREHALOSEPHOSPHA-RXN	TREHALOSE	right
TREHALOSEPHOSPHA-RXN	Pi	right
GLUTDEHYD-RXN	GLT	left
GLUTDEHYD-RXN	WATER	left
GLUTDEHYD-RXN	NADP	left
GLUTDEHYD-RXN	PROTON	right
GLUTDEHYD-RXN	AMMONIUM	right
GLUTDEHYD-RXN	2-KETOGLUTARATE	right
GLUTDEHYD-RXN	NADPH	right
RXN-18332	CPD-663	left
RXN-18332	CPD-11540	right
TRANS-RXN-172	Fe3-siderophores	left
TRANS-RXN-172	PROTON	left
TRANS-RXN-172	Fe3-siderophores	right
TRANS-RXN-172	PROTON	right
RXN-6741	S-ADENOSYLMETHIONINE	left
RXN-6741	CPD-6481	left
RXN-6741	PROTON	right
RXN-6741	CPD-6482	right
RXN-6741	ADENOSYL-HOMO-CYS	right
RXN-11778	GERANYLGERANYL-PP	left
RXN-11778	CPD1F-128	right
RXN-11778	PPI	right
RXN-8192	CPD1F-129	left
RXN-8192	WATER	left
RXN-8192	Acceptor	left
RXN-8192	CPD-7853	right
RXN-8192	Donor-H2	right
RXN0-5462	GTP	left
RXN0-5462	WATER	left
RXN0-5462	PROTON	right
RXN0-5462	GDP	right
RXN0-5462	Pi	right
RXN1F-19	CPD-725	left
RXN1F-19	WATER	right
RXN1F-19	CPD-728	right
DGDPKIN-RXN	DGDP	left
DGDPKIN-RXN	ATP	left
DGDPKIN-RXN	DGTP	right
DGDPKIN-RXN	ADP	right
RXN-9473	CPD-10157	left
RXN-9473	CPD-10157	right
DIHYDROPYRIMIDINASE-RXN	WATER	left
DIHYDROPYRIMIDINASE-RXN	DI-H-URACIL	left
DIHYDROPYRIMIDINASE-RXN	PROTON	right
DIHYDROPYRIMIDINASE-RXN	3-UREIDO-PROPIONATE	right
PHENOL-BETA-GLUCOSYLTRANSFERASE-RXN	CPD-12575	left
PHENOL-BETA-GLUCOSYLTRANSFERASE-RXN	Phenols	left
PHENOL-BETA-GLUCOSYLTRANSFERASE-RXN	UDP	right
PHENOL-BETA-GLUCOSYLTRANSFERASE-RXN	Aryl-beta-D-Glucosides	right
PHENOL-BETA-GLUCOSYLTRANSFERASE-RXN	PROTON	right
RXN-19731	CPD-21345	left
RXN-19731	WATER	left
RXN-19731	CPD-21113	right
RXN-19731	GLY	right
PYRIMSYN3-RXN	AMINO-HYDROXYMETHYL-METHYL-PYR-P	left
PYRIMSYN3-RXN	ATP	left
PYRIMSYN3-RXN	AMINO-HYDROXYMETHYL-METHYLPYRIMIDINE-PP	right
PYRIMSYN3-RXN	ADP	right
RXN-8215	CPD-7860	left
RXN-8215	OXYGEN-MOLECULE	left
RXN-8215	Donor-H2	left
RXN-8215	CPD-7849	right
RXN-8215	WATER	right
RXN-8215	Acceptor	right
RXN-19011	CPD-13118	left
RXN-19011	Man3-GlcNAc4-Xyl-Fuc-Gal2-Proteins	left
RXN-19011	Man3-GlcNAc4-Xyl-Fuc3-Gal2-Proteins	right
RXN-19011	GDP	right
RXN-19011	PROTON	right
RXN-8181	6-HYDROXYPROTOPINE	left
RXN-8181	DIHYDROSANGUINARINE	right
RXN-8181	WATER	right
TRANS-RXN4LZ-6867	NITRITE	left
TRANS-RXN4LZ-6867	NITRITE	right
ALLYSINE-DEHYDROG-RXN	WATER	left
ALLYSINE-DEHYDROG-RXN	ALLYSINE	left
ALLYSINE-DEHYDROG-RXN	NAD	left
ALLYSINE-DEHYDROG-RXN	PROTON	right
ALLYSINE-DEHYDROG-RXN	CPD-468	right
ALLYSINE-DEHYDROG-RXN	NADH	right
SULFITE-REDUCTASE-FERREDOXIN-RXN	HS	left
SULFITE-REDUCTASE-FERREDOXIN-RXN	Oxidized-ferredoxins	left
SULFITE-REDUCTASE-FERREDOXIN-RXN	WATER	left
SULFITE-REDUCTASE-FERREDOXIN-RXN	SO3	right
SULFITE-REDUCTASE-FERREDOXIN-RXN	Reduced-ferredoxins	right
SULFITE-REDUCTASE-FERREDOXIN-RXN	PROTON	right
RXN-19706	CPD-15446	left
RXN-19706	DTDP-RHAMNOSE	left
RXN-19706	CPD-15444	right
RXN-19706	TDP	right
RXN-19706	PROTON	right
2.3.1.158-RXN	DIACYLGLYCEROL	left
2.3.1.158-RXN	Phospholipids	left
2.3.1.158-RXN	Triacylglycerols	right
2.3.1.158-RXN	Lysophospholipids	right
RXN-4344	CPD-4281	left
RXN-4344	CPD-4283	right
RXN-5502	CPD-5421	left
RXN-5502	BIOCHANIN-A	right
RXN-5502	WATER	right
RXN-5502	PROTON	right
RXN-11626	CPD-12587	left
RXN-11626	CTP	left
RXN-11626	FARNESYL-PP	right
RXN-11626	CDP	right
1TRANSKETO-RXN	D-SEDOHEPTULOSE-7-P	left
1TRANSKETO-RXN	GAP	left
1TRANSKETO-RXN	RIBOSE-5P	right
1TRANSKETO-RXN	XYLULOSE-5-PHOSPHATE	right
25-DIAMINOVALERATE-AMINOTRANSFERASE-RXN	L-ORNITHINE	left
25-DIAMINOVALERATE-AMINOTRANSFERASE-RXN	2-KETOGLUTARATE	left
25-DIAMINOVALERATE-AMINOTRANSFERASE-RXN	GLT	right
25-DIAMINOVALERATE-AMINOTRANSFERASE-RXN	5-AMINO-2-OXOPENTANOATE	right
RXN-9337	BENZOATE	left
RXN-9337	PYRUVATE	left
RXN-9337	CPD-9949	right
RXN-9337	CARBON-DIOXIDE	right
RXN-8546	GERANYL-PP	left
RXN-8546	CPD-8735	right
RXN-8546	PPI	right
RXN-11375	Ceramides	left
RXN-11375	WATER	left
RXN-11375	Sphingoids	right
RXN-11375	Fatty-Acids	right
RXN-16415	Very-long-chain-fatty-acids	left
RXN-16415	CO-A	left
RXN-16415	ATP	left
RXN-16415	VERY-LONG-CHAIN-FATTY-ACYL-COA	right
RXN-16415	PPI	right
RXN-16415	AMP	right
RXN-7884	CPD1F-119	left
RXN-7884	OXYGEN-MOLECULE	left
RXN-7884	CPD-7200	right
RXN-7884	CPD-7199	right
RXN-7884	CPD-7202	right
4-HYDROXYPHENYLPYRUVATE-DIOXYGENASE-RXN	P-HYDROXY-PHENYLPYRUVATE	left
4-HYDROXYPHENYLPYRUVATE-DIOXYGENASE-RXN	OXYGEN-MOLECULE	left
4-HYDROXYPHENYLPYRUVATE-DIOXYGENASE-RXN	CARBON-DIOXIDE	right
4-HYDROXYPHENYLPYRUVATE-DIOXYGENASE-RXN	HOMOGENTISATE	right
RXN-5465	CPD-5163	left
RXN-5465	GDP-MANNOSE	left
RXN-5465	CPD-5164	right
RXN-5465	PROTON	right
RXN-5465	GDP	right
RXNQT-4340	CPDQT-280	left
RXNQT-4340	CPDQT-274	right
RXN-5165	PROTON	left
RXN-5165	CPD-4943	left
RXN-5165	NADPH	left
RXN-5165	CPD-4944	right
RXN-5165	NADP	right
RXN-13662	HEXANOYL-COA	left
RXN-13662	MALONYL-COA	left
RXN-13662	PROTON	left
RXN-13662	CPD-14687	right
RXN-13662	CO-A	right
RXN-13662	CARBON-DIOXIDE	right
RXN-9334	CPD-9930	left
RXN-9334	OXYGEN-MOLECULE	left
RXN-9334	NADPH	left
RXN-9334	PROTON	left
RXN-9334	CPD-9947	right
RXN-9334	WATER	right
RXN-9334	NADP	right
3.2.1.7-RXN	Inulin	left
3.2.1.7-RXN	WATER	left
3.2.1.7-RXN	Inulosaccharides	right
PYRIMSYN1-RXN	S-ADENOSYLMETHIONINE	left
PYRIMSYN1-RXN	5-PHOSPHORIBOSYL-5-AMINOIMIDAZOLE	left
PYRIMSYN1-RXN	AMINO-HYDROXYMETHYL-METHYL-PYR-P	right
PYRIMSYN1-RXN	CH33ADO	right
PYRIMSYN1-RXN	MET	right
PYRIMSYN1-RXN	FORMATE	right
PYRIMSYN1-RXN	CARBON-MONOXIDE	right
PYRIMSYN1-RXN	PROTON	right
RXN-8701	S-ADENOSYLMETHIONINE	left
RXN-8701	R-RETICULINE	left
RXN-8701	CPD-15937	right
RXN-8701	ADENOSYL-HOMO-CYS	right
RXN-8701	PROTON	right
RXN-13443	CPD-14424	left
RXN-13443	NAD-P-OR-NOP	left
RXN-13443	CPD-14423	right
RXN-13443	NADH-P-OR-NOP	right
RXN-13443	PROTON	right
RXN-8037	PROTON	left
RXN-8037	CPD-7418	left
RXN-8037	COUMARIN	right
RXN-8037	WATER	right
RXN-11244	P-COUMAROYL-COA	left
RXN-11244	WATER	left
RXN-11244	CPD-12199	right
RXN-15977	PROPIONYL-COA	left
RXN-15977	OXYGEN-MOLECULE	left
RXN-15977	ACRYLYL-COA	right
RXN-15977	HYDROGEN-PEROXIDE	right
RXN-8455	CPD-12575	left
RXN-8455	CPD-3021	left
RXN-8455	PROTON	right
RXN-8455	CPD-8633	right
RXN-8455	UDP	right
RXN-8890	4-HYDROXY-BUTYRYL-COA	left
RXN-8890	CROTONYL-COA	right
RXN-8890	WATER	right
RXN-11425	CPD-12398	left
RXN-11425	GLUTATHIONE	left
RXN-11425	CPD-12399	right
RXN-11425	WATER	right
RXN-2543	GAMA-TOCOPHEROL	left
RXN-2543	DMPBQ	right
RXN-8491	L-DIHYDROXY-PHENYLALANINE	left
RXN-8491	CPD-8651	left
RXN-8491	PROTON	right
RXN-8491	CPD-8671	right
RXN-8491	WATER	right
RXN-7921	CPD-6994	left
RXN-7921	Red-NADPH-Hemoprotein-Reductases	left
RXN-7921	OXYGEN-MOLECULE	left
RXN-7921	CPD-7214	right
RXN-7921	Ox-NADPH-Hemoprotein-Reductases	right
RXN-7921	WATER	right
PHOSCHOL-RXN	PHOSPHATIDYLCHOLINE	left
PHOSCHOL-RXN	WATER	left
PHOSCHOL-RXN	L-PHOSPHATIDATE	right
PHOSCHOL-RXN	CHOLINE	right
PHOSCHOL-RXN	PROTON	right
RXN-13162	FARNESYL-PP	left
RXN-13162	NADH-P-OR-NOP	left
RXN-13162	PROTON	left
RXN-13162	SQUALENE	right
RXN-13162	PPI	right
RXN-13162	NAD-P-OR-NOP	right
RXN-13497	CPD-90	left
RXN-13497	Red-NADPH-Hemoprotein-Reductases	left
RXN-13497	OXYGEN-MOLECULE	left
RXN-13497	CPD-14491	right
RXN-13497	Ox-NADPH-Hemoprotein-Reductases	right
RXN-13497	WATER	right
RXN-8236	CPD1F-114	left
RXN-8236	OXYGEN-MOLECULE	left
RXN-8236	CPD-7968	right
RXN-8236	CPD-7969	right
RXN-12846	EPOXYSQUALENE	left
RXN-12846	CPD-13883	right
RXN-11429	CPD-12387	left
RXN-11429	WATER	left
RXN-11429	CPD-12388	right
RXN-11429	GLT	right
RXN-8387	PHYTOALEXIN-CMPD	left
RXN-8387	Red-NADPH-Hemoprotein-Reductases	left
RXN-8387	OXYGEN-MOLECULE	left
RXN-8387	BERGAPTOL	right
RXN-8387	Ox-NADPH-Hemoprotein-Reductases	right
RXN-8387	WATER	right
RXN-8688	CADAVERINE	left
RXN-8688	PYRUVATE	left
RXN-8688	PROTON	right
RXN-8688	CPD-8919	right
RXN-8688	L-ALPHA-ALANINE	right
RXN-8688	WATER	right
RXN-22735	ATP	left
RXN-22735	HCO3	left
RXN-22735	AMMONIA	left
RXN-22735	ADP	right
RXN-22735	Pi	right
RXN-22735	CARBAMOYL-P	right
RXN-22735	PROTON	right
RXN-10597	FARNESYL-PP	left
RXN-10597	CPD-11391	right
RXN-10597	PPI	right
RXN-10459	Jasmonic-Acids	left
RXN-10459	LEU	left
RXN-10459	ATP	left
RXN-10459	Jasmonoyl-Leucines	right
RXN-10459	AMP	right
RXN-10459	PPI	right
RXN-10459	PROTON	right
RXN1F-169	CPD1F-96	left
RXN1F-169	2-KETOGLUTARATE	left
RXN1F-169	OXYGEN-MOLECULE	left
RXN1F-169	PROTON	right
RXN1F-169	CPD1F-140	right
RXN1F-169	CARBON-DIOXIDE	right
RXN1F-169	SUC	right
6.3.5.6-RXN	GLN	left
6.3.5.6-RXN	L-aspartyl-tRNAAsn	left
6.3.5.6-RXN	ATP	left
6.3.5.6-RXN	WATER	left
6.3.5.6-RXN	GLT	right
6.3.5.6-RXN	Charged-ASN-tRNAs	right
6.3.5.6-RXN	Pi	right
6.3.5.6-RXN	ADP	right
6.3.5.6-RXN	PROTON	right
RXN-7002	PROTON	left
RXN-7002	RIBOSE-1-ARSENATE	left
RXN-7002	CPD-296	left
RXN-7002	D-Ribofuranose	right
RXN-7002	CPD0-2040	right
RXN-7002	LIPOIC-ACID	right
RXN-14327	CPD-15217	left
RXN-14327	OXYGEN-MOLECULE	left
RXN-14327	2-KETOGLUTARATE	left
RXN-14327	CPD-15218	right
RXN-14327	SUC	right
RXN-14327	CARBON-DIOXIDE	right
RXN-11041	SE-2	left
RXN-11041	SELENOMETHIONINE	right
2.5.1.45-RXN	PUTRESCINE	left
2.5.1.45-RXN	SPERMIDINE	left
2.5.1.45-RXN	CPD-313	right
2.5.1.45-RXN	CPD-1821	right
RXN-10693	CPD-10414	left
RXN-10693	NAD-P-OR-NOP	left
RXN-10693	3-OH-Anthocyanidins	right
RXN-10693	NADH-P-OR-NOP	right
RXN-10693	PROTON	right
RXN-8882	CPD-12575	left
RXN-8882	CPD-9217	left
RXN-8882	PROTON	right
RXN-8882	CPD-9216	right
RXN-8882	UDP	right
RXN-4846	CPD-4744	left
RXN-4846	CPD-4745	right
RXN-13712	44-DIMETHYL-824-CHOLESTADIENOL	left
RXN-13712	OXYGEN-MOLECULE	left
RXN-13712	FERROCYTOCHROME-B5	left
RXN-13712	PROTON	left
RXN-13712	CPD-4577	right
RXN-13712	FERRICYTOCHROME-B5	right
RXN-13712	WATER	right
F16ALDOLASE-RXN	FRUCTOSE-16-DIPHOSPHATE	left
F16ALDOLASE-RXN	DIHYDROXY-ACETONE-PHOSPHATE	right
F16ALDOLASE-RXN	GAP	right
PYRUVATEORTHOPHOSPHATE-DIKINASE-RXN	Pi	left
PYRUVATEORTHOPHOSPHATE-DIKINASE-RXN	PYRUVATE	left
PYRUVATEORTHOPHOSPHATE-DIKINASE-RXN	ATP	left
PYRUVATEORTHOPHOSPHATE-DIKINASE-RXN	PROTON	right
PYRUVATEORTHOPHOSPHATE-DIKINASE-RXN	PHOSPHO-ENOL-PYRUVATE	right
PYRUVATEORTHOPHOSPHATE-DIKINASE-RXN	AMP	right
PYRUVATEORTHOPHOSPHATE-DIKINASE-RXN	PPI	right
RXN-4206	CPD-4123	left
RXN-4206	WATER	left
RXN-4206	PROTON	right
RXN-4206	MALONATE	right
RXN-4206	CPD-4122	right
RXN-5482	CPD-12575	left
RXN-5482	PROTON	left
RXN-5482	NADPH	left
RXN-5482	UDP-L-RHAMNOSE	right
RXN-5482	NADP	right
RXN-5482	WATER	right
RXN-9756	PROTON	left
RXN-9756	CPD-397	left
RXN-9756	CPD-10471	right
RXN-9756	CARBON-DIOXIDE	right
RXN-5468	CPD-5166	left
RXN-5468	CPD-171	left
RXN-5468	CPD-5167	right
RXN-5468	DOLICHOLP	right
RXN-5468	PROTON	right
PSERPHOSPHA-RXN	Phosphoserines	left
PSERPHOSPHA-RXN	WATER	left
PSERPHOSPHA-RXN	PROTON	left
PSERPHOSPHA-RXN	Serines	right
PSERPHOSPHA-RXN	Pi	right
RXN4KF-53	CPD4KF-7	left
RXN4KF-53	CPD4KF-3	right
BHBDCLOS-RXN	CPD-650	left
BHBDCLOS-RXN	NAD	left
BHBDCLOS-RXN	ACETOACETYL-COA	right
BHBDCLOS-RXN	NADH	right
BHBDCLOS-RXN	PROTON	right
RXN-16344	CPD-17595	left
RXN-16344	2-KETOGLUTARATE	left
RXN-16344	OXYGEN-MOLECULE	left
RXN-16344	CPD-8958	right
RXN-16344	SUC	right
RXN-16344	CARBON-DIOXIDE	right
RXN-16344	WATER	right
1.2.1.9-RXN	WATER	left
1.2.1.9-RXN	NADP	left
1.2.1.9-RXN	GAP	left
1.2.1.9-RXN	PROTON	right
1.2.1.9-RXN	G3P	right
1.2.1.9-RXN	NADPH	right
PPPGPPHYDRO-RXN	WATER	left
PPPGPPHYDRO-RXN	GDP-TP	left
PPPGPPHYDRO-RXN	PROTON	right
PPPGPPHYDRO-RXN	Pi	right
PPPGPPHYDRO-RXN	GUANOSINE-5DP-3DP	right
RXN-7799	CPD3DJ-82	left
RXN-7799	ATP	left
RXN-7799	Plant-Ceramide-Phosphate	right
RXN-7799	ADP	right
RXN-7799	PROTON	right
OROPRIBTRANS-RXN	OROTIDINE-5-PHOSPHATE	left
OROPRIBTRANS-RXN	PPI	left
OROPRIBTRANS-RXN	PRPP	right
OROPRIBTRANS-RXN	OROTATE	right
RXN-23334	OXYGEN-MOLECULE	left
RXN-23334	12-OXO-CIS-9-DODECENOATE	left
RXN-23334	CPD-25934	right
RXN-19691	CPD-9459	left
RXN-19691	Red-NADPH-Hemoprotein-Reductases	left
RXN-19691	OXYGEN-MOLECULE	left
RXN-19691	CPD-9474	right
RXN-19691	Ox-NADPH-Hemoprotein-Reductases	right
RXN-19691	WATER	right
RXN-19691	PROTON	right
RXN-12002	ATP	left
RXN-12002	UMP	left
RXN-12002	ADP	right
RXN-12002	UDP	right
RXN-8508	CPD-8691	left
RXN-8508	Red-NADPH-Hemoprotein-Reductases	left
RXN-8508	OXYGEN-MOLECULE	left
RXN-8508	CPD-8692	right
RXN-8508	Ox-NADPH-Hemoprotein-Reductases	right
RXN-8508	WATER	right
ENTF-RXN	SER	left
ENTF-RXN	ATP	left
ENTF-RXN	PROTON	left
ENTF-RXN	SERYL-AMP	right
ENTF-RXN	PPI	right
TREHALA-RXN	TREHALOSE	left
TREHALA-RXN	WATER	left
TREHALA-RXN	GLC	right
TREHALA-RXN	ALPHA-GLUCOSE	right
RXN-13817	CPD-8922	left
RXN-13817	OXYGEN-MOLECULE	left
RXN-13817	Donor-H2	left
RXN-13817	CPD-14837	right
RXN-13817	WATER	right
RXN-13817	Acceptor	right
RXN-11256	CPD-12201	left
RXN-11256	CPD-12209	right
RXN-10954	CPD-6702	left
RXN-10954	WATER	left
RXN-10954	MYO-INOSITOL	right
RXN-10954	Pi	right
RXN-14240	CPD-12724	left
RXN-14240	HYDROGEN-PEROXIDE	left
RXN-14240	WATER	right
RXN-14240	CPD-15172	right
RXN-7163	CPD-1107	left
RXN-7163	ATP	left
RXN-7163	PROTON	right
RXN-7163	MI-HEXAKISPHOSPHATE	right
RXN-7163	ADP	right
TRANS-RXN4LZ-7008	ARG	left
TRANS-RXN4LZ-7008	ARG	right
L-ARABINOKINASE-RXN	BETA-L-ARABINOSE	left
L-ARABINOKINASE-RXN	ATP	left
L-ARABINOKINASE-RXN	CPD-1825	right
L-ARABINOKINASE-RXN	ADP	right
L-ARABINOKINASE-RXN	PROTON	right
RXN-15529	S-ADENOSYLMETHIONINE	left
RXN-15529	CPD-15630	left
RXN-15529	CPD-15632	right
RXN-15529	ADENOSYL-HOMO-CYS	right
RXN-15529	PROTON	right
RXN-16342	S-ADENOSYLMETHIONINE	left
RXN-16342	CPD-17593	left
RXN-16342	CPD-17594	right
RXN-16342	ADENOSYL-HOMO-CYS	right
RXN-16342	PROTON	right
RXN-11402	CPD-12371	left
RXN-11402	CPD1F-114	right
GLUTAMIDOTRANS-RXN	PHOSPHORIBULOSYL-FORMIMINO-AICAR-P	left
GLUTAMIDOTRANS-RXN	GLN	left
GLUTAMIDOTRANS-RXN	PROTON	right
GLUTAMIDOTRANS-RXN	GLT	right
GLUTAMIDOTRANS-RXN	D-ERYTHRO-IMIDAZOLE-GLYCEROL-P	right
GLUTAMIDOTRANS-RXN	AICAR	right
RXN-18381	CPD-9407	left
RXN-18381	OXYGEN-MOLECULE	left
RXN-18381	CPD-9408	right
RXN-18381	HYDROGEN-PEROXIDE	right
2.8.2.28-RXN	QUERCETIN-33-BISSULFATE	left
2.8.2.28-RXN	PAPS	left
2.8.2.28-RXN	3-5-ADP	right
2.8.2.28-RXN	QUERCETIN-337-TRISSULFATE	right
RXN-8314	CPD-8083	left
RXN-8314	OXYGEN-MOLECULE	left
RXN-8314	Reduced-ferredoxins	left
RXN-8314	PROTON	left
RXN-8314	CPD-8081	right
RXN-8314	WATER	right
RXN-8314	Oxidized-ferredoxins	right
TRANS-RXNIO2-2	HCO3	left
TRANS-RXNIO2-2	HCO3	right
RXN-20967	CPD-22609	left
RXN-20967	CPD-22619	left
RXN-20967	CPD-22577	right
RXN-20967	UDP	right
RXN-20967	PROTON	right
RXN-13907	PHE	left
RXN-13907	FORMYL-THF-GLU-N	left
RXN-13907	OXYGEN-MOLECULE	left
RXN-13907	CPD-14931	right
RXN-13907	TYR	right
RXN-719	CPD-719	left
RXN-719	OXYGEN-MOLECULE	left
RXN-719	Red-NADPH-Hemoprotein-Reductases	left
RXN-719	CPD-634	right
RXN-719	WATER	right
RXN-719	Ox-NADPH-Hemoprotein-Reductases	right
2.6.1.14-RXN	2-Oxo-carboxylates	left
2.6.1.14-RXN	ASN	left
2.6.1.14-RXN	Amino-Acids-20	right
2.6.1.14-RXN	2-OXOSUCCINAMATE	right
THIOSULFATE-SULFURTRANSFERASE-RXN	HCN	left
THIOSULFATE-SULFURTRANSFERASE-RXN	S2O3	left
THIOSULFATE-SULFURTRANSFERASE-RXN	PROTON	right
THIOSULFATE-SULFURTRANSFERASE-RXN	SO3	right
THIOSULFATE-SULFURTRANSFERASE-RXN	HSCN	right
RXN-8320	CPD-2181	left
RXN-8320	OXYGEN-MOLECULE	left
RXN-8320	FERROCYTOCHROME-B5	left
RXN-8320	PROTON	left
RXN-8320	CPD-8088	right
RXN-8320	WATER	right
RXN-8320	FERRICYTOCHROME-B5	right
RXN-19591	CPD-12385	left
RXN-19591	WATER	left
RXN-19591	CPD-7545	right
RXN-19591	GLY	right
RXN0-5363	Alpha-lactose	left
RXN0-5363	ALLOLACTOSE	right
RXN-10753	CPD-11556	left
RXN-10753	CPD-11587	right
RXN-9812	CPD-10518	left
RXN-9812	CO-A	left
RXN-9812	CPD-10519	right
RXN-9812	ACETYL-COA	right
RXN18C3-114	CPD-20296	left
RXN18C3-114	2-METHYL-BUTYRYL-COA	left
RXN18C3-114	CPD-20302	right
RXN18C3-114	CO-A	right
RXN-8675	S-ADENOSYLMETHIONINE	left
RXN-8675	CPD-9038	left
RXN-8675	ADENOSYL-HOMO-CYS	right
RXN-8675	DIHYDROSIROHYDROCHLORIN	right
RXN-9721	D-Galactosyl-12-diacyl-glycerols	left
RXN-9721	CPD-10363	left
RXN-9721	CPD-10364	right
RXN-9721	DIACYLGLYCEROL	right
RXN-7679	CHLOROPHYLL-A	left
RXN-7679	Oxidized-ferredoxins	left
RXN-7679	WATER	left
RXN-7679	CPD-7016	right
RXN-7679	Reduced-ferredoxins	right
RXN-7679	PROTON	right
PYRROLINECARBDEHYDROG-RXN	L-DELTA1-PYRROLINE_5-CARBOXYLATE	left
PYRROLINECARBDEHYDROG-RXN	NAD	left
PYRROLINECARBDEHYDROG-RXN	WATER	left
PYRROLINECARBDEHYDROG-RXN	PROTON	right
PYRROLINECARBDEHYDROG-RXN	GLT	right
PYRROLINECARBDEHYDROG-RXN	NADH	right
RXN-21019	CPD0-2040	left
RXN-21019	GLUTATHIONE	left
RXN-21019	CPD-22658	right
RXN-21019	WATER	right
METHYLMALONYL-COA-MUT-RXN	METHYL-MALONYL-COA	left
METHYLMALONYL-COA-MUT-RXN	SUC-COA	right
RXN0-363	XANTHOSINE	left
RXN0-363	WATER	left
RXN0-363	XANTHINE	right
RXN0-363	D-Ribofuranose	right
RXN-8602	FARNESYL-PP	left
RXN-8602	CPD-8802	right
RXN-8602	PPI	right
RXN-13981	P-COUMAROYL-COA	left
RXN-13981	CPD-14980	left
RXN-13981	CPD-14987	right
RXN-13981	CO-A	right
RXN18C3-112	CPD-20295	left
RXN18C3-112	2-METHYL-BUTYRYL-COA	left
RXN18C3-112	CPD-20301	right
RXN18C3-112	CO-A	right
RXN-8563	GERANYL-PP	left
RXN-8563	CPD-8754	right
RXN-8563	PPI	right
DUDPKIN-RXN	DUDP	left
DUDPKIN-RXN	ATP	left
DUDPKIN-RXN	DUTP	right
DUDPKIN-RXN	ADP	right
RXN0-302	2-PHOSPHO-4-CYTIDINE-5-DIPHOSPHO-2-C-MET	left
RXN0-302	2C-METH-D-ERYTHRITOL-CYCLODIPHOSPHATE	right
RXN0-302	CMP	right
HOMOCYSTEINE-S-METHYLTRANSFERASE-RXN	S-ADENOSYLMETHIONINE	left
HOMOCYSTEINE-S-METHYLTRANSFERASE-RXN	HOMO-CYS	left
HOMOCYSTEINE-S-METHYLTRANSFERASE-RXN	PROTON	right
HOMOCYSTEINE-S-METHYLTRANSFERASE-RXN	ADENOSYL-HOMO-CYS	right
HOMOCYSTEINE-S-METHYLTRANSFERASE-RXN	MET	right
ORNITHINE-GLU-AMINOTRANSFERASE-RXN	L-ORNITHINE	left
ORNITHINE-GLU-AMINOTRANSFERASE-RXN	2-KETOGLUTARATE	left
ORNITHINE-GLU-AMINOTRANSFERASE-RXN	GLT	right
ORNITHINE-GLU-AMINOTRANSFERASE-RXN	L-GLUTAMATE_GAMMA-SEMIALDEHYDE	right
RXN-7946	CPD1F-133	left
RXN-7946	CAPSORUBIN	right
RXN-9571	CPD-10198	left
RXN-9571	CPD-10211	right
RXN-8190	CPD-7852	left
RXN-8190	Donor-H2	left
RXN-8190	OXYGEN-MOLECULE	left
RXN-8190	CPD-7847	right
RXN-8190	Acceptor	right
RXN-8190	WATER	right
HISTPRATPHYD-RXN	PHOSPHORIBOSYL-ATP	left
HISTPRATPHYD-RXN	WATER	left
HISTPRATPHYD-RXN	PHOSPHORIBOSYL-AMP	right
HISTPRATPHYD-RXN	PPI	right
HISTPRATPHYD-RXN	PROTON	right
RXN-8992	FARNESYL-PP	left
RXN-8992	DELTA3-ISOPENTENYL-PP	left
RXN-8992	OCTAPRENYL-DIPHOSPHATE	right
RXN-8992	PPI	right
RXN-11772	CPD-12745	left
RXN-11772	GERANYLGERANYL-PP	right
RXN-11772	WATER	right
RXN-14072	CPD-15076	left
RXN-14072	SCOPOLETIN	right
RXN-14501	CPD-15373	left
RXN-14501	CPD-12601	right
RXN-2081	S-ADENOSYLMETHIONINE	left
RXN-2081	1-4-alpha-D-galacturonosyl	left
RXN-2081	Methyl-esterified-homogalacturonan	right
RXN-2081	ADENOSYL-HOMO-CYS	right
RXN-2081	PROTON	right
RXN-9236	CPD-9871	left
RXN-9236	OXYGEN-MOLECULE	left
RXN-9236	Donor-H2	left
RXN-9236	CPD-9873	right
RXN-9236	WATER	right
RXN-9236	Acceptor	right
RXN-13622	CPD-1074	left
RXN-13622	Red-NADPH-Hemoprotein-Reductases	left
RXN-13622	OXYGEN-MOLECULE	left
RXN-13622	CPD-14590	right
RXN-13622	Ox-NADPH-Hemoprotein-Reductases	right
RXN-13622	WATER	right
RXN-7697	Very-long-Chain-234-Saturated-acyl-CoAs	left
RXN-7697	MALONYL-COA	left
RXN-7697	Very-Long-Chain-oxoacyl-CoAs	right
RXN-7697	CARBON-DIOXIDE	right
RXN-7697	CO-A	right
RXN-7065	CPD-12575	left
RXN-7065	CPD-6623	left
RXN-7065	PROTON	right
RXN-7065	CPD-6625	right
RXN-7065	UDP	right
NICONUCADENYLYLTRAN-RXN	PROTON	left
NICONUCADENYLYLTRAN-RXN	ATP	left
NICONUCADENYLYLTRAN-RXN	NICOTINATE_NUCLEOTIDE	left
NICONUCADENYLYLTRAN-RXN	PPI	right
NICONUCADENYLYLTRAN-RXN	DEAMIDO-NAD	right
RXN-19783	Methyl-esterified-homogalacturonan	left
RXN-19783	METOH	right
RXN-19783	D-Galactopyranuronate	right
RXN-19783	CPD-13122	right
ANTHRANILATE-N-BENZOYLTRANSFERASE-RXN	ANTHRANILATE	left
ANTHRANILATE-N-BENZOYLTRANSFERASE-RXN	BENZOYLCOA	left
ANTHRANILATE-N-BENZOYLTRANSFERASE-RXN	CPD-423	right
ANTHRANILATE-N-BENZOYLTRANSFERASE-RXN	CO-A	right
RXN-9369	CPD-9977	left
RXN-9369	NADP	left
RXN-9369	CPD-9978	right
RXN-9369	NADPH	right
RXN-9369	PROTON	right
RXN-8413	Linoleoyl-groups	left
RXN-8413	OXYGEN-MOLECULE	left
RXN-8413	FERROCYTOCHROME-B5	left
RXN-8413	PROTON	left
RXN-8413	CPD-17405	right
RXN-8413	WATER	right
RXN-8413	FERRICYTOCHROME-B5	right
RXN-13897	CPD-696	left
RXN-13897	CYCLOEUCALENOL	right
RXN-9199	CPD-9774	left
RXN-9199	PROTON	right
RXN-9199	CPD-9775	right
RXN-9199	WATER	right
RXNQT-4323	CPDQT-410	left
RXNQT-4323	WATER	left
RXNQT-4323	CPDQT-415	right
RXNQT-4323	PYRUVATE	right
RXNQT-4323	AMMONIUM	right
RXN-20400	GLT	left
RXN-20400	CPD0-1942	left
RXN-20400	ATP	left
RXN-20400	CPD-22077	right
RXN-20400	ADP	right
RXN-20400	Pi	right
RXN-20400	PROTON	right
R82-RXN	CPD-8999	left
R82-RXN	PROTON	right
R82-RXN	2-HYDROXY-3-KETO-5-METHYLTHIO-1-PHOSPHOP	right
RXN-8620	CPD-8848	left
RXN-8620	Red-NADPH-Hemoprotein-Reductases	left
RXN-8620	OXYGEN-MOLECULE	left
RXN-8620	CPD-8846	right
RXN-8620	CPD-8847	right
RXN-8620	Ox-NADPH-Hemoprotein-Reductases	right
RXN-8620	WATER	right
RXN-16996	GLUCOSE-16-DIPHOSPHATE	left
RXN-16996	Beta-phosphoglucomutase	left
RXN-16996	PROTON	left
RXN-16996	GLC-6-P	right
RXN-16996	Phosphorylated-beta-phosphoglucomutase	right
RXN-13407	OXALACETIC_ACID	left
RXN-13407	OXALACETIC_ACID	right
RXN-9368	CPD-7857	left
RXN-9368	NADP	left
RXN-9368	CPD-9976	right
RXN-9368	NADPH	right
RXN-9368	PROTON	right
4.6.1.11-RXN	FARNESYL-PP	left
4.6.1.11-RXN	CPD-1722	right
4.6.1.11-RXN	PPI	right
RXN-8532	CPD-8722	left
RXN-8532	Red-NADPH-Hemoprotein-Reductases	left
RXN-8532	OXYGEN-MOLECULE	left
RXN-8532	CPD-8723	right
RXN-8532	Ox-NADPH-Hemoprotein-Reductases	right
RXN-8532	WATER	right
ALLOPHANATE-HYDROLASE-RXN	PROTON	left
ALLOPHANATE-HYDROLASE-RXN	WATER	left
ALLOPHANATE-HYDROLASE-RXN	CPD-578	left
ALLOPHANATE-HYDROLASE-RXN	AMMONIUM	right
ALLOPHANATE-HYDROLASE-RXN	CARBON-DIOXIDE	right
RXN-8502	CPD-8677	left
RXN-8502	CPD-8686	right
RXN-8502	T-2-NONENAL-CMPD	right
RXNQT-4312	CPDQT-256	left
RXNQT-4312	OXYGEN-MOLECULE	left
RXNQT-4312	Red-NADPH-Hemoprotein-Reductases	left
RXNQT-4312	CPDQT-350	right
RXNQT-4312	CARBON-DIOXIDE	right
RXNQT-4312	WATER	right
RXNQT-4312	Ox-NADPH-Hemoprotein-Reductases	right
2.4.2.38-RXN	UDP-D-XYLOSE	left
2.4.2.38-RXN	2-2-N-linked-Glycan	left
2.4.2.38-RXN	N4-N-ACETYL-BETA-D-GLUCOSAMINYL-X	right
2.4.2.38-RXN	PROTON	right
2.4.2.38-RXN	UDP	right
4.2.3.25-RXN	GERANYL-PP	left
4.2.3.25-RXN	WATER	left
4.2.3.25-RXN	CPD-8997	right
4.2.3.25-RXN	PPI	right
URACIL-PRIBOSYLTRANS-RXN	PPI	left
URACIL-PRIBOSYLTRANS-RXN	UMP	left
URACIL-PRIBOSYLTRANS-RXN	PRPP	right
URACIL-PRIBOSYLTRANS-RXN	URACIL	right
GLYOXI-RXN	S-LACTOYL-GLUTATHIONE	left
GLYOXI-RXN	METHYL-GLYOXAL	right
GLYOXI-RXN	GLUTATHIONE	right
5-NUCLEOTID-RXN	Ribonucleoside-Monophosphates	left
5-NUCLEOTID-RXN	WATER	left
5-NUCLEOTID-RXN	Ribonucleosides	right
5-NUCLEOTID-RXN	Pi	right
RXN-12304	2-TRANS6-TRANS-FARNESOL	left
RXN-12304	ATP	left
RXN-12304	PROTON	right
RXN-12304	CPD-12587	right
RXN-12304	ADP	right
FCLEPIM-RXN	GDP-4-DEHYDRO-6-DEOXY-D-MANNOSE	left
FCLEPIM-RXN	GDP-4-DEHYDRO-6-L-DEOXYGALACTOSE	right
RXN0-5187	FMN	left
RXN0-5187	WATER	left
RXN0-5187	RIBOFLAVIN	right
RXN0-5187	Pi	right
ASNSYNB-RXN	WATER	left
ASNSYNB-RXN	GLN	left
ASNSYNB-RXN	L-ASPARTATE	left
ASNSYNB-RXN	ATP	left
ASNSYNB-RXN	PROTON	right
ASNSYNB-RXN	GLT	right
ASNSYNB-RXN	ASN	right
ASNSYNB-RXN	PPI	right
ASNSYNB-RXN	AMP	right
RXN-15437	CPD-9907	left
RXN-15437	Red-NADPH-Hemoprotein-Reductases	left
RXN-15437	OXYGEN-MOLECULE	left
RXN-15437	CPD-16681	right
RXN-15437	Ox-NADPH-Hemoprotein-Reductases	right
RXN-15437	WATER	right
RXN-13600	CPD-1103	left
RXN-13600	WATER	left
RXN-13600	4-HYDROXYBENZALDEHYDE	right
RXN-13600	HCN	right
RXN-13600	Glucopyranose	right
2.7.7.34-RXN	PROTON	left
2.7.7.34-RXN	GLC-1-P	left
2.7.7.34-RXN	GTP	left
2.7.7.34-RXN	GDP-D-GLUCOSE	right
2.7.7.34-RXN	PPI	right
RXN-11876	CPD-12850	left
RXN-11876	CPD-12852	right
3-HYDROXBUTYRYL-COA-DEHYDRATASE-RXN	CPD-650	left
3-HYDROXBUTYRYL-COA-DEHYDRATASE-RXN	WATER	right
3-HYDROXBUTYRYL-COA-DEHYDRATASE-RXN	CROTONYL-COA	right
RXN-11369	CPD-8652	left
RXN-11369	DOPAQUINONE	left
RXN-11369	L-DOPACHROME	right
RXN-11369	L-DIHYDROXY-PHENYLALANINE	right
RXN-18445	CPD-4211	left
RXN-18445	CPD-19785	left
RXN-18445	PPI	right
RXN-18445	CPD-19789	right
RXN-12883	CPD-4754	left
RXN-12883	OXYGEN-MOLECULE	left
RXN-12883	Red-NADPH-Hemoprotein-Reductases	left
RXN-12883	CPD-13923	right
RXN-12883	Ox-NADPH-Hemoprotein-Reductases	right
RXN-12883	WATER	right
RXN-12883	PROTON	right
RXN-14815	MANNOSE-6P	left
RXN-14815	CPD-15711	right
RXN-4843	CPD-4741	left
RXN-4843	CPD-4742	right
RXN-8970	CPD-9412	left
RXN-8970	OXYGEN-MOLECULE	left
RXN-8970	Red-NADPH-Hemoprotein-Reductases	left
RXN-8970	CPD-9413	right
RXN-8970	Ox-NADPH-Hemoprotein-Reductases	right
RXN-8970	WATER	right
RXN-8970	PROTON	right
NADPH-DEHYDROGENASE-RXN	Acceptor	left
NADPH-DEHYDROGENASE-RXN	NADPH	left
NADPH-DEHYDROGENASE-RXN	PROTON	left
NADPH-DEHYDROGENASE-RXN	Donor-H2	right
NADPH-DEHYDROGENASE-RXN	NADP	right
RXN-8010	CPD-12575	left
RXN-8010	CPD-3041	left
RXN-8010	PROTON	right
RXN-8010	CPD-7391	right
RXN-8010	UDP	right
RXN-16593	CPD-166	left
RXN-16593	CPD-166	right
RXN-12383	DIACYLGLYCEROL	left
RXN-12383	Triacylglycerols	right
RXN-12383	CPD-409	right
RXN-1603	CPD-409	left
RXN-1603	CPD-504	right
RXN-8493	CPD-8658	left
RXN-8493	CPD-15281	left
RXN-8493	CPD-8676	right
RXN-8493	Glucopyranose	right
RXN-15909	Linear-Malto-Oligosaccharides	left
RXN-15909	WATER	left
RXN-15909	CPD-15717	right
RXN-9164	CPD-9715	left
RXN-9164	CPD-9693	right
RXN-14116	L-GLUTAMATE_GAMMA-SEMIALDEHYDE	left
RXN-14116	WATER	left
RXN-14116	NAD	left
RXN-14116	GLT	right
RXN-14116	NADH	right
RXN-14116	PROTON	right
RXN-9634	R-3-hydroxystearoyl-ACPs	left
RXN-9634	Octadec-2-enoyl-ACPs	right
RXN-9634	WATER	right
RXN-19948	CPD-13571	left
RXN-19948	Acceptor	left
RXN-19948	CPD-21541	right
RXN-19948	Donor-H2	right
RXN-9750	CPD-10457	left
RXN-9750	Donor-H2	left
RXN-9750	PROTON	left
RXN-9750	CPD-10455	right
RXN-9750	WATER	right
RXN-9750	Acceptor	right
RXN-14185	DOPAQUINONE	left
RXN-14185	CYS	left
RXN-14185	CPD-15154	right
RXN-9895	SQUALENE	left
RXN-9895	CPD-10642	right
RXN-13514	CPD-14503	left
RXN-13514	CPD-12575	left
RXN-13514	CPD-14504	right
RXN-13514	UDP	right
RXN-1403	INDOLE-3-ACETALDOXIME	left
RXN-1403	INDOLEYL-CPD	right
RXN-1403	WATER	right
RXN-19340	CPD-1829	left
RXN-19340	Corrinoid-Adenosyltransferases	left
RXN-19340	CPD-20904	right
RXN-3602	CPD-3441	left
RXN-3602	CPD-3402	right
RXN-3602	WATER	right
RXN-13306	CPD-9965	left
RXN-13306	NADP	left
RXN-13306	CPD-14280	right
RXN-13306	NADPH	right
RXN-13306	PROTON	right
RXN-9192	GERANIOL	left
RXN-9192	ACETYL-COA	left
RXN-9192	CPD-9758	right
RXN-9192	CO-A	right
DIHYDROXYISOVALDEHYDRAT-RXN	CPD-13357	left
DIHYDROXYISOVALDEHYDRAT-RXN	2-KETO-ISOVALERATE	right
DIHYDROXYISOVALDEHYDRAT-RXN	WATER	right
RXN-13564	ARG	left
RXN-13564	NADPH	left
RXN-13564	PROTON	left
RXN-13564	OXYGEN-MOLECULE	left
RXN-13564	CPD-13518	right
RXN-13564	NADP	right
RXN-13564	WATER	right
RXN-9064	CPD-9536	left
RXN-9064	Acceptor	left
RXN-9064	PROTON	left
RXN-9064	CPD-9544	right
RXN-9064	Donor-H2	right
RXN-7488	3-HYDROXYBENZOATE	left
RXN-7488	CO-A	left
RXN-7488	ATP	left
RXN-7488	CPD-264	right
RXN-7488	PPI	right
RXN-7488	AMP	right
RXN-8553	FARNESYL-PP	left
RXN-8553	CPD-8744	right
RXN-8553	PPI	right
RXN1F-151	CPD1F-126	left
RXN1F-151	CPD1F-129	right
RXN-9088	Glucosylated-Glucose-Acceptors	left
RXN-9088	2-OXINDOLE-3-ACETIC-ACID	left
RXN-9088	Non-Glucosylated-Glucose-Acceptors	right
RXN-9088	CPD-9592	right
RXN-12534	S-Substituted-L-Cysteines	left
RXN-12534	MALONYL-COA	left
RXN-12534	N-Malonyl-L-Cysteine-S-Conjugate	right
RXN-12534	CO-A	right
RXN-12534	PROTON	right
2-KETO-ADIPATE-DEHYDROG-RXN	2K-ADIPATE	left
2-KETO-ADIPATE-DEHYDROG-RXN	NAD	left
2-KETO-ADIPATE-DEHYDROG-RXN	CO-A	left
2-KETO-ADIPATE-DEHYDROG-RXN	CARBON-DIOXIDE	right
2-KETO-ADIPATE-DEHYDROG-RXN	NADH	right
2-KETO-ADIPATE-DEHYDROG-RXN	GLUTARYL-COA	right
RXN-8884	CPD-9212	left
RXN-8884	UDP-L-RHAMNOSE	left
RXN-8884	CPD-9211	right
RXN-8884	UDP	right
RXN-8884	PROTON	right
+-BORNEOL-DEHYDROGENASE-RXN	CPD-1903	left
+-BORNEOL-DEHYDROGENASE-RXN	NAD	left
+-BORNEOL-DEHYDROGENASE-RXN	CPD-862	right
+-BORNEOL-DEHYDROGENASE-RXN	NADH	right
+-BORNEOL-DEHYDROGENASE-RXN	PROTON	right
RXN-23829	Hepta-oxo-hexadecanoyl-ACPs	left
RXN-23829	NADPH	left
RXN-23829	CPD-26377	right
RXN-23829	Polyketide-ACP-Proteins	right
RXN-23829	NADP	right
RXN-23829	WATER	right
THYKI-RXN	THYMIDINE	left
THYKI-RXN	ATP	left
THYKI-RXN	PROTON	right
THYKI-RXN	TMP	right
THYKI-RXN	ADP	right
RXN-20132	CPD-4143	left
RXN-20132	NADP	left
RXN-20132	CPD-4127	right
RXN-20132	NADPH	right
RXN-20132	PROTON	right
RXN-13475	S-ADENOSYLMETHIONINE	left
RXN-13475	CPD-14453	left
RXN-13475	CPD-14452	right
RXN-13475	ADENOSYL-HOMO-CYS	right
RXN-13475	PROTON	right
RXN1F-66	PROTON	left
RXN1F-66	CHLOROPHYLLIDE-A	left
RXN1F-66	PHYTYL-PYROPHOSPHATE	left
RXN1F-66	CHLOROPHYLL-A	right
RXN1F-66	PPI	right
RXN-1346	CIS-3-HEXENAL	left
RXN-1346	TRANS-2-HEXENAL	right
FAD-RED-RXN	NADH-P-OR-NOP	left
FAD-RED-RXN	Ox-FAD-Flavoproteins	left
FAD-RED-RXN	PROTON	left
FAD-RED-RXN	NAD-P-OR-NOP	right
FAD-RED-RXN	Red-FADH2-Flavoproteins	right
RXN-16808	CPD-18126	left
RXN-16808	CPD-18127	right
RXN-11403	PROTON	left
RXN-11403	L-DOPACHROME	left
RXN-11403	DIHYDROXYINDOLE	right
RXN-11403	CARBON-DIOXIDE	right
ADENYLYLSULFATE-REDUCTASE-RXN	SO3	left
ADENYLYLSULFATE-REDUCTASE-RXN	AMP	left
ADENYLYLSULFATE-REDUCTASE-RXN	Oxidized-QmoABC	left
ADENYLYLSULFATE-REDUCTASE-RXN	PROTON	left
ADENYLYLSULFATE-REDUCTASE-RXN	APS	right
ADENYLYLSULFATE-REDUCTASE-RXN	Reduced-QmoABC	right
RXN-7422	Lipid-dihydrosterculate	left
RXN-7422	OXYGEN-MOLECULE	left
RXN-7422	Donor-H2	left
RXN-7422	Lipid-sterculate	right
RXN-7422	WATER	right
RXN-7422	Acceptor	right
ACETATEKIN-RXN	ATP	left
ACETATEKIN-RXN	ACET	left
ACETATEKIN-RXN	ADP	right
ACETATEKIN-RXN	ACETYL-P	right
RXN-12599	CPD1F-128	left
RXN-12599	OXYGEN-MOLECULE	left
RXN-12599	Red-NADPH-Hemoprotein-Reductases	left
RXN-12599	CPD-13539	right
RXN-12599	WATER	right
RXN-12599	Ox-NADPH-Hemoprotein-Reductases	right
RXN-12599	PROTON	right
RXN-8039	CPD-7419	left
RXN-8039	OXYGEN-MOLECULE	left
RXN-8039	Reduced-ferredoxins	left
RXN-8039	PROTON	left
RXN-8039	CPD-7420	right
RXN-8039	WATER	right
RXN-8039	Oxidized-ferredoxins	right
RXN-9007	CPD-12575	left
RXN-9007	CPD-9464	left
RXN-9007	PROTON	right
RXN-9007	CPD-9467	right
RXN-9007	UDP	right
RXN-8458	PROTON	left
RXN-8458	P-COUMAROYL-COA	left
RXN-8458	MALONYL-COA	left
RXN-8458	WATER	left
RXN-8458	CPD-8636	right
RXN-8458	CARBON-DIOXIDE	right
RXN-8458	CO-A	right
1.1.1.273-RXN	NADP	left
1.1.1.273-RXN	10-DEOXYSARPAGINE	left
1.1.1.273-RXN	PROTON	right
1.1.1.273-RXN	NADPH	right
1.1.1.273-RXN	VELLOSIMINE	right
RXN-8171	CPD-7714	left
RXN-8171	MALONYL-COA	left
RXN-8171	CPD-7708	right
RXN-8171	CO-A	right
RXN-8558	FARNESYL-PP	left
RXN-8558	CPD-8751	right
RXN-8558	PPI	right
3.1.3.77-RXN	CPD-8999	left
3.1.3.77-RXN	WATER	left
3.1.3.77-RXN	PROTON	right
3.1.3.77-RXN	CPD-85	right
3.1.3.77-RXN	Pi	right
RXN-7305	CPD-6783	left
RXN-7305	WATER	left
RXN-7305	CPD-6746	right
RXN-7305	Pi	right
CYTOCHROME-B5-REDUCTASE-RXN	FERRICYTOCHROME-B5	left
CYTOCHROME-B5-REDUCTASE-RXN	NADH	left
CYTOCHROME-B5-REDUCTASE-RXN	FERROCYTOCHROME-B5	right
CYTOCHROME-B5-REDUCTASE-RXN	NAD	right
CYTOCHROME-B5-REDUCTASE-RXN	PROTON	right
RXN-16812	CPD-18128	left
RXN-16812	NAD-P-OR-NOP	left
RXN-16812	WATER	left
RXN-16812	CPD-18130	right
RXN-16812	NADH-P-OR-NOP	right
RXN-16812	PROTON	right
RXN-11449	CPDQT-274	left
RXN-11449	SINAPOYL-COA	left
RXN-11449	CPD-12422	right
RXN-11449	CO-A	right
RXN-9657	Butanoyl-ACPs	left
RXN-9657	NAD	left
RXN-9657	Crotonyl-ACPs	right
RXN-9657	NADH	right
RXN-9657	PROTON	right
RXN-4207	CPD-4122	left
RXN-4207	WATER	left
RXN-4207	CPD-3402	right
RXN-4207	Glucopyranose	right
AMYLOMALT-RXN	MALTOTETRAOSE	left
AMYLOMALT-RXN	Glucopyranose	left
AMYLOMALT-RXN	MALTOTRIOSE	right
AMYLOMALT-RXN	MALTOSE	right
PHOSPHASERDECARB-RXN	L-1-PHOSPHATIDYL-SERINE	left
PHOSPHASERDECARB-RXN	PROTON	left
PHOSPHASERDECARB-RXN	L-1-PHOSPHATIDYL-ETHANOLAMINE	right
PHOSPHASERDECARB-RXN	CARBON-DIOXIDE	right
RXN-16780	CPD-16535	left
RXN-16780	CPD-12575	left
RXN-16780	CPD-18094	right
RXN-16780	UDP	right
RXN-13414	SPERMIDINE	left
RXN-13414	NAD	left
RXN-13414	CPD-14378	right
RXN-13414	NADH	right
RXN-13414	PROTON	right
RXN1F-150	CPD1F-114	left
RXN1F-150	CPD1F-126	right
RXN3O-1380	CPD-13612	left
RXN3O-1380	OXYGEN-MOLECULE	left
RXN3O-1380	FERROCYTOCHROME-B5	left
RXN3O-1380	PROTON	left
RXN3O-1380	PHYTOSPINGOSINE	right
RXN3O-1380	WATER	right
RXN3O-1380	FERRICYTOCHROME-B5	right
DIHYDROXYMETVALDEHYDRAT-RXN	1-KETO-2-METHYLVALERATE	left
DIHYDROXYMETVALDEHYDRAT-RXN	2-KETO-3-METHYL-VALERATE	right
DIHYDROXYMETVALDEHYDRAT-RXN	WATER	right
RXN-14450	CPD-8654	left
RXN-14450	CPD-8674	left
RXN-14450	PROTON	left
RXN-14450	CPD-15300	right
RXN-14450	Glucopyranose	right
RXN0-366	GUANOSINE	left
RXN0-366	WATER	left
RXN0-366	D-Ribofuranose	right
RXN0-366	GUANINE	right
RXN-9524	3-Hydroxy-octanoyl-ACPs	left
RXN-9524	NADP	left
RXN-9524	3-Oxo-octanoyl-ACPs	right
RXN-9524	NADPH	right
RXN-9524	PROTON	right
RXN-8980	CPD-9422	left
RXN-8980	L-ALPHA-ALANINE	left
RXN-8980	CPD-9423	right
RXN-8980	PYRUVATE	right
RXN-8980	HYDROGEN-MOLECULE	right
RXN-8572	FARNESYL-PP	left
RXN-8572	CPD-8762	right
RXN-8572	PPI	right
RXN-11908	CPD-4664	left
RXN-11908	Red-NADPH-Hemoprotein-Reductases	left
RXN-11908	OXYGEN-MOLECULE	left
RXN-11908	CPD-4661	right
RXN-11908	Ox-NADPH-Hemoprotein-Reductases	right
RXN-11908	WATER	right
RXN-9588	CPD-1042	left
RXN-9588	WATER	left
RXN-9588	CPD-648	right
RXN-9588	Glucopyranose	right
RXN0-5257	DIHYDROXY-ACETONE-PHOSPHATE	left
RXN0-5257	PROTON	left
RXN0-5257	E-	left
RXN0-5257	GLYCEROL-3P	right
RXN-23912	SERYL-AMP	left
RXN-23912	tRNA-Sec	left
RXN-23912	L-seryl-SEC-tRNAs	right
RXN-23912	AMP	right
RXN-23912	PROTON	right
RXN-19633	CPD-11775	left
RXN-19633	OXYGEN-MOLECULE	left
RXN-19633	CPD-21263	right
RXN-8313	CPD-8082	left
RXN-8313	OXYGEN-MOLECULE	left
RXN-8313	Reduced-ferredoxins	left
RXN-8313	PROTON	left
RXN-8313	CPD-8083	right
RXN-8313	WATER	right
RXN-8313	Oxidized-ferredoxins	right
RXN-9091	CPD-9593	left
RXN-9091	CPD-9598	right
RXN-9091	HYDROGEN-MOLECULE	right
1.8.5.1-RXN	L-DEHYDRO-ASCORBATE	left
1.8.5.1-RXN	GLUTATHIONE	left
1.8.5.1-RXN	ASCORBATE	right
1.8.5.1-RXN	OXIDIZED-GLUTATHIONE	right
RXN-18451	CPD-4211	left
RXN-18451	CPD-19788	left
RXN-18451	PPI	right
RXN-18451	BETA-ACIDS	right
RXN-12419	CPD-12575	left
RXN-12419	1-4-beta-D-Glucan	left
RXN-12419	1-4-beta-D-Glucan	right
RXN-12419	UDP	right
RXN-15452	CPD-4754	left
RXN-15452	Red-NADPH-Hemoprotein-Reductases	left
RXN-15452	OXYGEN-MOLECULE	left
RXN-15452	CPD-16670	right
RXN-15452	Ox-NADPH-Hemoprotein-Reductases	right
RXN-15452	WATER	right
RXNQT-4142	CPDQT-4	left
RXNQT-4142	WATER	left
RXNQT-4142	L-Galactopyranose	right
RXNQT-4142	Pi	right
2.7.7.30-RXN	PROTON	left
2.7.7.30-RXN	CPD-488	left
2.7.7.30-RXN	GTP	left
2.7.7.30-RXN	CPD-13118	right
2.7.7.30-RXN	PPI	right
RXN-4733	CPD-12575	left
RXN-4733	CPD-4441	left
RXN-4733	PROTON	right
RXN-4733	CPD-4618	right
RXN-4733	UDP	right
RXN-16995	Phosphorylated-beta-phosphoglucomutase	left
RXN-16995	CPD-448	left
RXN-16995	GLUCOSE-16-DIPHOSPHATE	right
RXN-16995	Beta-phosphoglucomutase	right
RXN-16995	PROTON	right
RXNQT-4167	CPDQT-32	left
RXNQT-4167	CPDQT-37	right
RXN-4606	BENZYL-DESULFOGLUCOSINOLATE	left
RXN-4606	PAPS	left
RXN-4606	3-5-ADP	right
RXN-4606	PROTON	right
RXN-4606	GLUCOTROPEOLIN	right
RXN4FS-23	CPD4FS-8	left
RXN4FS-23	Red-NADPH-Hemoprotein-Reductases	left
RXN4FS-23	OXYGEN-MOLECULE	left
RXN4FS-23	CPD-7731	right
RXN4FS-23	Ox-NADPH-Hemoprotein-Reductases	right
RXN4FS-23	WATER	right
RXN4FS-23	PROTON	right
RXNQT-4168	CPDQT-37	left
RXNQT-4168	NAD	left
RXNQT-4168	CPDQT-28	right
RXNQT-4168	CARBON-DIOXIDE	right
RXNQT-4168	NADH	right
RXN-15532	CPD-16766	left
RXN-15532	Red-NADPH-Hemoprotein-Reductases	left
RXN-15532	OXYGEN-MOLECULE	left
RXN-15532	CPD-16767	right
RXN-15532	Ox-NADPH-Hemoprotein-Reductases	right
RXN-15532	WATER	right
RXN-14879	S-COCLAURINE	left
RXN-14879	Red-NADPH-Hemoprotein-Reductases	left
RXN-14879	OXYGEN-MOLECULE	left
RXN-14879	6-O-METHYLNORLAUDANOSOLINE	right
RXN-14879	Ox-NADPH-Hemoprotein-Reductases	right
RXN-14879	WATER	right
TRANS-RXN-187	K+	left
TRANS-RXN-187	K+	right
RXN-7183	WATER	left
RXN-7183	NAD-P-OR-NOP	left
RXN-7183	L-DELTA1-PYRROLINE_5-CARBOXYLATE	left
RXN-7183	PROTON	right
RXN-7183	NADH-P-OR-NOP	right
RXN-7183	GLT	right
RXN-776	CPD-720	left
RXN-776	Acceptor	left
RXN-776	CPD-717	right
RXN-776	Donor-H2	right
RXN-24044	DELTA3-ISOPENTENYL-PP	left
RXN-24044	Oxidized-flavodoxins	left
RXN-24044	WATER	left
RXN-24044	HYDROXY-METHYL-BUTENYL-DIP	right
RXN-24044	Reduced-flavodoxins	right
RXN-20168	CPD-21761	left
RXN-20168	OXYGEN-MOLECULE	left
RXN-20168	PROTON	left
RXN-20168	CPD-21762	right
RXN-20168	HYDROGEN-PEROXIDE	right
RXN-15467	CPD-7093	left
RXN-15467	NAD-P-OR-NOP	left
RXN-15467	CPD-16614	right
RXN-15467	NADH-P-OR-NOP	right
RXN-15467	PROTON	right
RXN-11083	CPD-3041	left
RXN-11083	HYDROGEN-PEROXIDE	left
RXN-11083	CPD-12032	right
RXN-11083	WATER	right
RXN-8924	CPD-9321	left
RXN-8924	WATER	left
RXN-8924	Acceptor	left
RXN-8924	CPD-9322	right
RXN-8924	Donor-H2	right
RXN-7645	PROTON	left
RXN-7645	MALONYL-COA	left
RXN-7645	CINNAMOYL-COA	left
RXN-7645	CPD-6993	right
RXN-7645	CO-A	right
RXN-7645	CARBON-DIOXIDE	right
RXN-9162	CPD-9677	left
RXN-9162	WATER	left
RXN-9162	CPD-9711	right
RXN-9162	Glucopyranose	right
RXN-19635	ENT-COPALYL-DIPHOSPHATE	left
RXN-19635	CPD-21265	right
RXN-19635	PPI	right
RXNQT-4380	CPDQT-463	left
RXNQT-4380	1-METHOXY-3-INDOLYLMETHYL-GLUCOSINOLATE	right
RXN-7610	WATER	left
RXN-7610	OXYGEN-MOLECULE	left
RXN-7610	URATE	left
RXN-7610	HYDROGEN-PEROXIDE	right
RXN-7610	CARBON-DIOXIDE	right
RXN-7610	ALLANTOIN	right
GDPPYPHOSKIN-RXN	ATP	left
GDPPYPHOSKIN-RXN	GDP	left
GDPPYPHOSKIN-RXN	AMP	right
GDPPYPHOSKIN-RXN	GUANOSINE-5DP-3DP	right
GDPPYPHOSKIN-RXN	PROTON	right
RXN-8549	FARNESYL-PP	left
RXN-8549	CPD-8737	right
RXN-8549	PPI	right
DIACYLGLYCEROL-O-ACYLTRANSFERASE-RXN	ACYL-COA	left
DIACYLGLYCEROL-O-ACYLTRANSFERASE-RXN	DIACYLGLYCEROL	left
DIACYLGLYCEROL-O-ACYLTRANSFERASE-RXN	Triacylglycerols	right
DIACYLGLYCEROL-O-ACYLTRANSFERASE-RXN	CO-A	right
RXN-9311	CPD-9925	left
RXN-9311	WATER	left
RXN-9311	PROTON	right
RXN-9311	DIHYDROXYNAPHTHOATE	right
RXN-9311	CO-A	right
RXN-6081	2-ACETO-LACTATE	left
RXN-6081	Acceptor	left
RXN-6081	PROTON	left
RXN-6081	DIACETYL	right
RXN-6081	CARBON-DIOXIDE	right
RXN-6081	Donor-H2	right
RXN-9185	CPD-9750	left
RXN-9185	CPD-4889	left
RXN-9185	Acceptor	left
RXN-9185	CPD-9748	right
RXN-9185	Donor-H2	right
TRIPHOSPHATASE-RXN	P3I	left
TRIPHOSPHATASE-RXN	WATER	left
TRIPHOSPHATASE-RXN	PPI	right
TRIPHOSPHATASE-RXN	Pi	right
TRIPHOSPHATASE-RXN	PROTON	right
RXN-12532	S-Substituted-Glutathione	left
RXN-12532	WATER	left
RXN-12532	S-Substituted-Glutamyl-Cysteine	right
RXN-12532	GLY	right
GDPREDUCT-RXN	DGDP	left
GDPREDUCT-RXN	Ox-Thioredoxin	left
GDPREDUCT-RXN	WATER	left
GDPREDUCT-RXN	GDP	right
GDPREDUCT-RXN	Red-Thioredoxin	right
RXN-16036	Oleoyl-lipid	left
RXN-16036	Reduced-ferredoxins	left
RXN-16036	OXYGEN-MOLECULE	left
RXN-16036	PROTON	left
RXN-16036	Linoleoyl-groups	right
RXN-16036	Oxidized-ferredoxins	right
RXN-16036	WATER	right
RXN-8571	FARNESYL-PP	left
RXN-8571	WATER	left
RXN-8571	CPD-8761	right
RXN-8571	PPI	right
RXN-13647	CPD-12111	left
RXN-13647	FORMALDEHYDE	left
RXN-13647	DICOUMAROL	right
RXN-13647	WATER	right
RXN-9523	Hexanoyl-ACPs	left
RXN-9523	MALONYL-ACP	left
RXN-9523	PROTON	left
RXN-9523	3-Oxo-octanoyl-ACPs	right
RXN-9523	CARBON-DIOXIDE	right
RXN-9523	ACP	right
RXN-11234	CPD-12193	left
RXN-11234	ETOH	left
RXN-11234	CPD-12170	right
RXN-11234	WATER	right
RXN-12440	ASCORBATE	left
RXN-12440	HYDROGEN-PEROXIDE	left
RXN-12440	ASCORBATE	right
RXN-12440	L-DEHYDRO-ASCORBATE	right
RXN-12440	WATER	right
RXN-13962	CPD-14999	left
RXN-13962	CPD-8674	left
RXN-13962	CPD-15000	right
RXN-13962	Glucopyranose	right
RXN-13962	PROTON	right
RXN-19381	D-CYSTEINE	left
RXN-19381	HS	right
RXN-19381	2-AMINOACRYLATE	right
RXN-13519	PROTON	left
RXN-13519	PROTON	right
RXN-18958	CPD-20421	left
RXN-18958	CPD-7850	right
RXN-18958	WATER	right
ACETYL-COA-CARBOXYLTRANSFER-RXN	ATP	left
ACETYL-COA-CARBOXYLTRANSFER-RXN	ACETYL-COA	left
ACETYL-COA-CARBOXYLTRANSFER-RXN	HCO3	left
ACETYL-COA-CARBOXYLTRANSFER-RXN	PROTON	right
ACETYL-COA-CARBOXYLTRANSFER-RXN	MALONYL-COA	right
ACETYL-COA-CARBOXYLTRANSFER-RXN	Pi	right
ACETYL-COA-CARBOXYLTRANSFER-RXN	ADP	right
RXN-14522	CPD-15392	left
RXN-14522	WATER	left
RXN-14522	Pi	right
RXN-14522	DEOXYCYTIDINE	right
RXN-14001	CPD-12575	left
RXN-14001	CPD-14849	left
RXN-14001	CPD-14850	right
RXN-14001	UDP	right
RXN-14001	PROTON	right
RXNQT-4147	CPDQT-7	left
RXNQT-4147	WATER	left
RXNQT-4147	CPDQT-8	right
RXNQT-4147	Pi	right
RXN-8392	Oleoyl-lipid	left
RXN-8392	OXYGEN-MOLECULE	left
RXN-8392	FERROCYTOCHROME-B5	left
RXN-8392	PROTON	left
RXN-8392	CPD-17285	right
RXN-8392	WATER	right
RXN-8392	FERRICYTOCHROME-B5	right
2.4.1.219-RXN	CPD-12575	left
2.4.1.219-RXN	VOMILENINE	left
2.4.1.219-RXN	PROTON	right
2.4.1.219-RXN	RAUCAFFRICINE	right
2.4.1.219-RXN	UDP	right
RXN-15459	CPD-16700	left
RXN-15459	PROTON	left
RXN-15459	CPD-9410	right
RXN-15459	WATER	right
3.1.1.23-RXN	1-Acyl-sn-glycerols	left
3.1.1.23-RXN	WATER	left
3.1.1.23-RXN	Fatty-Acids	right
3.1.1.23-RXN	GLYCEROL	right
3.1.1.23-RXN	PROTON	right
RXN-3303	CPD-3161	left
RXN-3303	CPD-3141	right
RXN-3303	WATER	right
RXN-3303	PROTON	right
RXN-8083	CPD-6948	left
RXN-8083	Red-NADPH-Hemoprotein-Reductases	left
RXN-8083	OXYGEN-MOLECULE	left
RXN-8083	CPD-7609	right
RXN-8083	Ox-NADPH-Hemoprotein-Reductases	right
RXN-8083	WATER	right
2.4.1.207-RXN	Donor-Xyloglucans	left
2.4.1.207-RXN	Acceptor-Xyloglucans	left
2.4.1.207-RXN	Donor-Xyloglucan-Cleaved-Xyloglucanyls	right
2.4.1.207-RXN	Accep-Xyloglucan-With-Xyloglucanyl-Segs	right
RXN-7602	XANTHINE	left
RXN-7602	S-ADENOSYLMETHIONINE	left
RXN-7602	PROTON	right
RXN-7602	3-METHYLXANTHINE	right
RXN-7602	ADENOSYL-HOMO-CYS	right
RXN-8565	GERANYL-PP	left
RXN-8565	CPD-8756	right
RXN-8565	PPI	right
RXN-21165	CPD-12852	left
RXN-21165	OXYGEN-MOLECULE	left
RXN-21165	Red-NADPH-Hemoprotein-Reductases	left
RXN-21165	CPD-22765	right
RXN-21165	WATER	right
RXN-21165	Ox-NADPH-Hemoprotein-Reductases	right
RXN-4308	CPD-4205	left
RXN-4308	OXYGEN-MOLECULE	left
RXN-4308	Red-NADPH-Hemoprotein-Reductases	left
RXN-4308	CPD-4206	right
RXN-4308	Ox-NADPH-Hemoprotein-Reductases	right
RXN-4308	WATER	right
RXN-11254	CPD-12184	left
RXN-11254	WATER	left
RXN-11254	CPD-12208	right
RXN-11254	CO-A	right
RXN-11254	PROTON	right
GLYCINE-AMINOTRANSFERASE-RXN	2-KETOGLUTARATE	left
GLYCINE-AMINOTRANSFERASE-RXN	GLY	left
GLYCINE-AMINOTRANSFERASE-RXN	GLT	right
GLYCINE-AMINOTRANSFERASE-RXN	GLYOX	right
RXN-10864	CPD-11775	left
RXN-10864	CPD-11776	right
RXN-9015	SPERMINE	left
RXN-9015	OXYGEN-MOLECULE	left
RXN-9015	WATER	left
RXN-9015	SPERMIDINE	right
RXN-9015	CPD-6082	right
RXN-9015	HYDROGEN-PEROXIDE	right
RXN-14425	CPD-11940	left
RXN-14425	NADP	left
RXN-14425	NARINGENIN-CMPD	right
RXN-14425	NADPH	right
RXN-14425	PROTON	right
RXN-16763	CPD-18078	left
RXN-16763	CPD-8097	right
RXN-16763	CO-A	right
RXN-9057	CPD-9532	left
RXN-9057	CPD-9533	right
RXN-19159	CPD-464	left
RXN-19159	NADPH	left
RXN-19159	PROTON	left
RXN-19159	CPD-20653	right
RXN-19159	NADP	right
RXN-19159	PPI	right
RXN-15458	CPD-9413	left
RXN-15458	Red-NADPH-Hemoprotein-Reductases	left
RXN-15458	OXYGEN-MOLECULE	left
RXN-15458	CPD-16700	right
RXN-15458	Ox-NADPH-Hemoprotein-Reductases	right
RXN-15458	WATER	right
RXN-10749	FERULOYL-COA	left
RXN-10749	16-HYDROXYPALMITATE	left
RXN-10749	CO-A	right
RXN-10749	CPD-11591	right
PROTOPORGENOXI-RXN	PROTOPORPHYRINOGEN	left
PROTOPORGENOXI-RXN	OXYGEN-MOLECULE	left
PROTOPORGENOXI-RXN	PROTOPORPHYRIN_IX	right
PROTOPORGENOXI-RXN	HYDROGEN-PEROXIDE	right
METHYLVALERATE-RXN	2-KETO-3-METHYL-VALERATE	left
METHYLVALERATE-RXN	BCAA-dehydrogenase-lipoyl	left
METHYLVALERATE-RXN	PROTON	left
METHYLVALERATE-RXN	BCAA-dehydrogenase-2MB-DH-lipoyl	right
METHYLVALERATE-RXN	CARBON-DIOXIDE	right
PHOSACETYLTRANS-RXN	Pi	left
PHOSACETYLTRANS-RXN	ACETYL-COA	left
PHOSACETYLTRANS-RXN	ACETYL-P	right
PHOSACETYLTRANS-RXN	CO-A	right
RXN-14491	CPD-17400	left
RXN-14491	OXYGEN-MOLECULE	left
RXN-14491	FERROCYTOCHROME-B5	left
RXN-14491	PROTON	left
RXN-14491	CPD-17399	right
RXN-14491	WATER	right
RXN-14491	FERRICYTOCHROME-B5	right
RXN-4424	CPD-4285	left
RXN-4424	CPD-3402	right
RXN-4424	WATER	right
RXN-9098	DIHYDROXYNAPHTHOATE	left
RXN-9098	Acceptor	left
RXN-9098	PROTON	left
RXN-9098	Donor-H2	right
RXN-9098	CPD0-954	right
RXN-9098	CARBON-DIOXIDE	right
P-PANTOCYSDECARB-RXN	PROTON	left
P-PANTOCYSDECARB-RXN	R-4-PHOSPHOPANTOTHENOYL-L-CYSTEINE	left
P-PANTOCYSDECARB-RXN	PANTETHEINE-P	right
P-PANTOCYSDECARB-RXN	CARBON-DIOXIDE	right
RXN-12281	ACROLEIN	left
RXN-12281	NADPH	left
RXN-12281	PROTON	left
RXN-12281	CPD-665	right
RXN-12281	NADP	right
RXN-5481	UDP-L-RHAMNOSE	left
RXN-5481	NADP	left
RXN-5481	PROTON	right
RXN-5481	CPD-663	right
RXN-5481	NADPH	right
RXN-16815	CPD-18132	left
RXN-16815	OXYGEN-MOLECULE	left
RXN-16815	CPD-18133	right
RXN-16815	HYDROGEN-PEROXIDE	right
CYSTATHIONINE-BETA-SYNTHASE-RXN	SER	left
CYSTATHIONINE-BETA-SYNTHASE-RXN	HOMO-CYS	left
CYSTATHIONINE-BETA-SYNTHASE-RXN	L-CYSTATHIONINE	right
CYSTATHIONINE-BETA-SYNTHASE-RXN	WATER	right
RXN-7997	PELARGONIDIN-3-GLUCOSIDE-CMPD	left
RXN-7997	CAFFEOYL-COA	left
RXN-7997	CPD-7383	right
RXN-7997	CO-A	right
RXN-7997	PROTON	right
RXN-19690	CPD-12575	left
RXN-19690	CPD-9482	left
RXN-19690	CPD-9493	right
RXN-19690	UDP	right
RXN-19690	PROTON	right
TRANS-CINNAMATE-2-MONOOXYGENASE-RXN	PROTON	left
TRANS-CINNAMATE-2-MONOOXYGENASE-RXN	CPD-674	left
TRANS-CINNAMATE-2-MONOOXYGENASE-RXN	OXYGEN-MOLECULE	left
TRANS-CINNAMATE-2-MONOOXYGENASE-RXN	NADPH	left
TRANS-CINNAMATE-2-MONOOXYGENASE-RXN	WATER	right
TRANS-CINNAMATE-2-MONOOXYGENASE-RXN	NADP	right
TRANS-CINNAMATE-2-MONOOXYGENASE-RXN	2-COUMARATE	right
RXN-12588	CYS	left
RXN-12588	Unsulfurated-Sulfur-Acceptors	left
RXN-12588	L-ALPHA-ALANINE	right
RXN-12588	Sulfurated-Sulfur-Acceptors	right
RXN-20744	CPD-22362	left
RXN-20744	CPD-15030	right
RXN-118	CPD-204	left
RXN-118	2-KETOGLUTARATE	left
RXN-118	OXYGEN-MOLECULE	left
RXN-118	PROTON	right
RXN-118	CPD-229	right
RXN-118	SUC	right
RXN-118	CARBON-DIOXIDE	right
RXN-118	WATER	right
SERINE-O-ACETTRAN-RXN	SER	left
SERINE-O-ACETTRAN-RXN	ACETYL-COA	left
SERINE-O-ACETTRAN-RXN	ACETYLSERINE	right
SERINE-O-ACETTRAN-RXN	CO-A	right
RXN-11210	3-UREIDO-ISOBUTYRATE	left
RXN-11210	WATER	left
RXN-11210	PROTON	left
RXN-11210	CPD-471	right
RXN-11210	AMMONIUM	right
RXN-11210	CARBON-DIOXIDE	right
RXN-8046	FARNESYL-PP	left
RXN-8046	CPD-7554	right
RXN-8046	PPI	right
RXN-11663	CPD-21440	left
RXN-11663	GLUTATHIONE	left
RXN-11663	CPD-12634	right
RXN-18782	CPD-12575	left
RXN-18782	CPD-15074	left
RXN-18782	CPD-15088	right
RXN-18782	UDP	right
RXN-18782	PROTON	right
MEPROPCOA-FAD-RXN	ISOBUTYRYL-COA	left
MEPROPCOA-FAD-RXN	ETF-Oxidized	left
MEPROPCOA-FAD-RXN	PROTON	left
MEPROPCOA-FAD-RXN	METHACRYLYL-COA	right
MEPROPCOA-FAD-RXN	ETF-Reduced	right
RXN-11934	CPD-12910	left
RXN-11934	NADPH	left
RXN-11934	PROTON	left
RXN-11934	EPISTEROL	right
RXN-11934	NADP	right
RXN-22713	CHORISMATE	left
RXN-22713	AMMONIA	left
RXN-22713	PROTON	left
RXN-22713	4-AMINO-4-DEOXYCHORISMATE	right
RXN-22713	WATER	right
RXN-8680	CPD-8909	left
RXN-8680	NAD	left
RXN-8680	PROTON	right
RXN-8680	CPD-8911	right
RXN-8680	NADH	right
MONOPHENOL-MONOOXYGENASE-RXN	TYR	left
MONOPHENOL-MONOOXYGENASE-RXN	OXYGEN-MOLECULE	left
MONOPHENOL-MONOOXYGENASE-RXN	DOPAQUINONE	right
MONOPHENOL-MONOOXYGENASE-RXN	WATER	right
RXN-9685	EPOXYSQUALENE	left
RXN-9685	CPD-10308	right
RXN-11258	CAFFEOYL-COA	left
RXN-11258	SPERMIDINE	left
RXN-11258	PROTON	right
RXN-11258	CO-A	right
RXN-11258	CPD-12213	right
RXN-9463	CPD-13118	left
RXN-9463	Xyloglucans-Galactose-23	left
RXN-9463	XLFG-Xyloglucans	right
RXN-9463	GDP	right
RXN-9463	PROTON	right
SERINE-GLYOXYLATE-AMINOTRANSFERASE-RXN	GLY	left
SERINE-GLYOXYLATE-AMINOTRANSFERASE-RXN	OH-PYR	left
SERINE-GLYOXYLATE-AMINOTRANSFERASE-RXN	GLYOX	right
SERINE-GLYOXYLATE-AMINOTRANSFERASE-RXN	SER	right
RXN-15878	HYDROXY-METHYL-BUTENYL-DIP	left
RXN-15878	Oxidized-flavodoxins	left
RXN-15878	WATER	left
RXN-15878	PROTON	left
RXN-15878	2C-METH-D-ERYTHRITOL-CYCLODIPHOSPHATE	right
RXN-15878	Reduced-flavodoxins	right
RXN-12065	CPD-13031	left
RXN-12065	PHENYLACETALDOXIME	right
RXN-23791	CPD-12575	left
RXN-23791	CPD-26330	left
RXN-23791	CPD-26331	right
RXN-23791	UDP	right
RXN-23791	PROTON	right
RXN-8537	CPD-8727	left
RXN-8537	CPD-8728	right
RXN-8537	WATER	right
RXN-8038	NEUROSPORENE	left
RXN-8038	CPD-7419	right
1.1.1.247-RXN	NADP	left
1.1.1.247-RXN	CODEINE	left
1.1.1.247-RXN	PROTON	right
1.1.1.247-RXN	NADPH	right
1.1.1.247-RXN	CODEINONE	right
RXN-8177	CPD-12575	left
RXN-8177	PELARGONIDIN-3-GLUCOSIDE-CMPD	left
RXN-8177	CPD-7843	right
RXN-8177	UDP	right
RXN-8177	PROTON	right
RXN-7652	NARINGENIN-CMPD	left
RXN-7652	OXYGEN-MOLECULE	left
RXN-7652	Red-NADPH-Hemoprotein-Reductases	left
RXN-7652	CPD-6994	right
RXN-7652	Ox-NADPH-Hemoprotein-Reductases	right
RXN-7652	WATER	right
RXN-7652	PROTON	right
RXN-4884	ENT-COPALYL-DIPHOSPHATE	left
RXN-4884	CPD-4753	right
RXN-4884	PPI	right
THI-P-SYN-RXN	PROTON	left
THI-P-SYN-RXN	THZ-P	left
THI-P-SYN-RXN	AMINO-HYDROXYMETHYL-METHYLPYRIMIDINE-PP	left
THI-P-SYN-RXN	THIAMINE-P	right
THI-P-SYN-RXN	PPI	right
RXN-8449	CPD1F-437	left
RXN-8449	UDP-L-RHAMNOSE	left
RXN-8449	RUTIN	right
RXN-8449	UDP	right
RXN-8449	PROTON	right
RXN-15524	5734-TETRAHYDROXYFLAVONE	left
RXN-15524	NADPH	left
RXN-15524	OXYGEN-MOLECULE	left
RXN-15524	PROTON	left
RXN-15524	CPD-16763	right
RXN-15524	NADP	right
RXN-15524	WATER	right
1.14.13.68-RXN	CPD-2205	left
1.14.13.68-RXN	Red-NADPH-Hemoprotein-Reductases	left
1.14.13.68-RXN	OXYGEN-MOLECULE	left
1.14.13.68-RXN	CPD-648	right
1.14.13.68-RXN	Ox-NADPH-Hemoprotein-Reductases	right
1.14.13.68-RXN	WATER	right
RXN-14657	CPD-15477	left
RXN-14657	OXYGEN-MOLECULE	left
RXN-14657	Reduced-ferredoxins	left
RXN-14657	PROTON	left
RXN-14657	CPD-15476	right
RXN-14657	WATER	right
RXN-14657	Oxidized-ferredoxins	right
RXN-8556	FARNESYL-PP	left
RXN-8556	CPD-8749	right
RXN-8556	PPI	right
RXN-15451	PLASTOQUINONE	left
RXN-15451	E-	left
RXN-15451	PROTON	left
RXN-15451	Plastoquinols	right
RXN-15451	PROTON	right
RXN-8665	TRP	left
RXN-8665	OXYGEN-MOLECULE	left
RXN-8665	N-FORMYLKYNURENINE	right
RXN-13914	S-ADENOSYLMETHIONINE	left
RXN-13914	CPD-8605	left
RXN-13914	PROTON	right
RXN-13914	CPD-14935	right
RXN-13914	ADENOSYL-HOMO-CYS	right
RXN-9658	Hexanoyl-ACPs	left
RXN-9658	NAD	left
RXN-9658	Hex-2-enoyl-ACPs	right
RXN-9658	NADH	right
RXN-9658	PROTON	right
RXN-8334	PROTON	left
RXN-8334	CPD-8095	left
RXN-8334	CPD-8096	right
RXN-7682	HYPOXANTHINE	left
RXN-7682	NAD	left
RXN-7682	WATER	left
RXN-7682	XANTHINE	right
RXN-7682	NADH	right
RXN-7682	PROTON	right
NAD-KIN-RXN	NAD	left
NAD-KIN-RXN	ATP	left
NAD-KIN-RXN	PROTON	right
NAD-KIN-RXN	NADP	right
NAD-KIN-RXN	ADP	right
RXN-8319	CPD-8087	left
RXN-8319	OXYGEN-MOLECULE	left
RXN-8319	Reduced-ferredoxins	left
RXN-8319	PROTON	left
RXN-8319	CPD-2186	right
RXN-8319	WATER	right
RXN-8319	Oxidized-ferredoxins	right
RXN-7541	URACIL	left
RXN-7541	ACETYLSERINE	left
RXN-7541	PROTON	right
RXN-7541	3-URACIL-1-YL-L-SERINE	right
RXN-7541	ACET	right
RXN-8471	CPD-12575	left
RXN-8471	CPD-8662	left
RXN-8471	CPD-8663	right
RXN-8471	UDP	right
RXN-22718	CPD-9779	left
RXN-22718	OXYGEN-MOLECULE	left
RXN-22718	Red-NADPH-Hemoprotein-Reductases	left
RXN-22718	PROTON	left
RXN-22718	TROPINONE	right
RXN-22718	CARBON-DIOXIDE	right
RXN-22718	Ox-NADPH-Hemoprotein-Reductases	right
RXN-22718	WATER	right
RXN0-5259	ETR-Quinones	left
RXN0-5259	PROTON	left
RXN0-5259	E-	left
RXN0-5259	ETR-Quinols	right
RXN-18400	CPD-19759	left
RXN-18400	CPD-7014	right
RXN-18400	WATER	right
4.2.3.14-RXN	GERANYL-PP	left
4.2.3.14-RXN	PINENE	right
4.2.3.14-RXN	PPI	right
RXN-9555	Cis-vaccenoyl-ACPs	left
RXN-9555	WATER	left
RXN-9555	CPD-9247	right
RXN-9555	ACP	right
RXN-9555	PROTON	right
RXN-8872	4-HYDROXYBENZALDEHYDE	left
RXN-8872	Red-NADPH-Hemoprotein-Reductases	left
RXN-8872	OXYGEN-MOLECULE	left
RXN-8872	CPD-7616	right
RXN-8872	Ox-NADPH-Hemoprotein-Reductases	right
RXN-8872	WATER	right
RXN-14487	OLEOYL-COA	left
RXN-14487	FERROCYTOCHROME-B5	left
RXN-14487	OXYGEN-MOLECULE	left
RXN-14487	PROTON	left
RXN-14487	CPD-15364	right
RXN-14487	FERRICYTOCHROME-B5	right
RXN-14487	WATER	right
RXN18C3-51	CPD-633	left
RXN18C3-51	UDP-D-XYLOSE	left
RXN18C3-51	CPD-19191	right
RXN18C3-51	UDP	right
RXN18C3-51	PROTON	right
5.5.1.13-RXN	GERANYLGERANYL-PP	left
5.5.1.13-RXN	ENT-COPALYL-DIPHOSPHATE	right
RXN-16020	CPD-17262	left
RXN-16020	NADH-P-OR-NOP	left
RXN-16020	PROTON	left
RXN-16020	CPD-17263	right
RXN-16020	NAD-P-OR-NOP	right
RXN-11265	BENZOYLCOA	left
RXN-11265	CPD-7035	left
RXN-11265	CPD-12217	right
RXN-11265	CO-A	right
RXN-1063	OLEOYL-COA	left
RXN-1063	Red-NADPH-Hemoprotein-Reductases	left
RXN-1063	OXYGEN-MOLECULE	left
RXN-1063	CPD-17370	right
RXN-1063	Ox-NADPH-Hemoprotein-Reductases	right
RXN-1063	WATER	right
DSERDEAM-RXN	D-SERINE	left
DSERDEAM-RXN	PYRUVATE	right
DSERDEAM-RXN	AMMONIUM	right
RXN-8516	CPD-8706	left
RXN-8516	CPD-8707	right
RXN-8516	WATER	right
RXN-7894	CPD-7424	left
RXN-7894	OXYGEN-MOLECULE	left
RXN-7894	CPD-7203	right
RXN-7894	CPD-7198	right
RXN-14524	CPD-15391	left
RXN-14524	WATER	left
RXN-14524	DEOXYADENOSINE	right
RXN-14524	Pi	right
1.14.13.103-RXN	CPD-9440	left
1.14.13.103-RXN	Red-NADPH-Hemoprotein-Reductases	left
1.14.13.103-RXN	OXYGEN-MOLECULE	left
1.14.13.103-RXN	CPD-9442	right
1.14.13.103-RXN	Ox-NADPH-Hemoprotein-Reductases	right
1.14.13.103-RXN	WATER	right
1.14.13.103-RXN	PROTON	right
RXN-9243	CPD-9872	left
RXN-9243	OXYGEN-MOLECULE	left
RXN-9243	Donor-H2	left
RXN-9243	CPD-7158	right
RXN-9243	WATER	right
RXN-9243	Acceptor	right
RXN-12642	CPD-13611	left
RXN-12642	NADP	left
RXN-12642	CPD-13610	right
RXN-12642	NADPH	right
RXN-12642	PROTON	right
RXN-7770	PROTON	left
RXN-7770	UDP-GLUCURONATE	left
RXN-7770	UDP-APIOSE	right
RXN-7770	CARBON-DIOXIDE	right
RXN-19838	INDOLE-3-ACETALDOXIME	left
RXN-19838	INDOLEYL-CPD	right
RXN-19838	WATER	right
RXN-9085	CPD-9587	left
RXN-9085	CPD-9588	right
RXN-9085	WATER	right
2.3.1.177-RXN	BENZOYLCOA	left
2.3.1.177-RXN	MALONYL-COA	left
2.3.1.177-RXN	PROTON	left
2.3.1.177-RXN	CPD-8991	right
2.3.1.177-RXN	CO-A	right
2.3.1.177-RXN	CARBON-DIOXIDE	right
DIMETHUROPORDEHYDROG-RXN	DIHYDROSIROHYDROCHLORIN	left
DIMETHUROPORDEHYDROG-RXN	NAD	left
DIMETHUROPORDEHYDROG-RXN	PROTON	right
DIMETHUROPORDEHYDROG-RXN	SIROHYDROCHLORIN	right
DIMETHUROPORDEHYDROG-RXN	NADH	right
RXN-1883	GDP-L-GALACTOSE	left
RXN-1883	WATER	left
RXN-1883	PROTON	right
RXN-1883	CPD-25003	right
RXN-1883	GMP	right
RXN-1883	Pi	right
DIHYDROOROT-RXN	DI-H-OROTATE	left
DIHYDROOROT-RXN	WATER	left
DIHYDROOROT-RXN	PROTON	right
DIHYDROOROT-RXN	CARBAMYUL-L-ASPARTATE	right
RXN-14165	CPD-8186	left
RXN-14165	Red-NADPH-Hemoprotein-Reductases	left
RXN-14165	OXYGEN-MOLECULE	left
RXN-14165	CPD-8097	right
RXN-14165	Ox-NADPH-Hemoprotein-Reductases	right
RXN-14165	WATER	right
RXN-14889	1-4-beta-Xylan	left
RXN-14889	1-4-D-xylooligosaccharides	right
PHENYLALANINE-DECARBOXYLASE-RXN	PROTON	left
PHENYLALANINE-DECARBOXYLASE-RXN	PHE	left
PHENYLALANINE-DECARBOXYLASE-RXN	PHENYLETHYLAMINE	right
PHENYLALANINE-DECARBOXYLASE-RXN	CARBON-DIOXIDE	right
URUR-RXN	CPD0-2298	left
URUR-RXN	WATER	left
URUR-RXN	CPD-1091	right
URUR-RXN	AMMONIUM	right
RXN-9167	2-OXOBUTANOATE	left
RXN-9167	CPD-9727	right
RXN-10462	ACYL-ACP	left
RXN-10462	GLYCEROL-3P	left
RXN-10462	ACYL-SN-GLYCEROL-3P	right
RXN-10462	ACP	right
RXN-9804	A-LIPID-HYDROPEROXIDE	left
RXN-9804	OLEATE-CPD	left
RXN-9804	CPD-10514	right
RXN-9804	Lipid-hydroxy-fatty-acids	right
HOMOSERKIN-RXN	HOMO-SER	left
HOMOSERKIN-RXN	ATP	left
HOMOSERKIN-RXN	PROTON	right
HOMOSERKIN-RXN	O-PHOSPHO-L-HOMOSERINE	right
HOMOSERKIN-RXN	ADP	right
RXN-9713	CPD-431	left
RXN-9713	ISOVITEXIN	right
RXN-15394	CPD-4753	left
RXN-15394	Red-NADPH-Hemoprotein-Reductases	left
RXN-15394	OXYGEN-MOLECULE	left
RXN-15394	CPD-16627	right
RXN-15394	Ox-NADPH-Hemoprotein-Reductases	right
RXN-15394	WATER	right
RXN-7897	CPD-7206	left
RXN-7897	OXYGEN-MOLECULE	left
RXN-7897	CPD-7204	right
RXN-7897	CPD-7207	right
RXN-8014	SINAPALDEHYDE	left
RXN-8014	NADP	left
RXN-8014	WATER	left
RXN-8014	PROTON	right
RXN-8014	SINAPATE	right
RXN-8014	NADPH	right
RXN-711	CPD-709	left
RXN-711	NADP	left
RXN-711	PROTON	right
RXN-711	CPD-698	right
RXN-711	NADPH	right
RXN-11277	DIACYLGLYCEROL-PYROPHOSPHATE	left
RXN-11277	WATER	left
RXN-11277	L-PHOSPHATIDATE	right
RXN-11277	Pi	right
RXN-11277	PROTON	right
RXN-2122	CPD-17623	left
RXN-2122	NADP	left
RXN-2122	WATER	left
RXN-2122	CPD-17624	right
RXN-2122	NADPH	right
RXN-2122	PROTON	right
MERCAPYSTRANS-RXN	3-MERCAPTO-PYRUVATE	left
MERCAPYSTRANS-RXN	Red-Thioredoxin	left
MERCAPYSTRANS-RXN	PYRUVATE	right
MERCAPYSTRANS-RXN	HS	right
MERCAPYSTRANS-RXN	Ox-Thioredoxin	right
RXN-18212	CPD-3740	left
RXN-18212	WATER	left
RXN-18212	CPD-19493	right
RXN-18212	PYRUVATE	right
RXN-18212	AMMONIUM	right
RXN-18126	CPD-19443	left
RXN-18126	NADP	left
RXN-18126	CPD-19435	right
RXN-18126	NADPH	right
RXN-18126	PROTON	right
RXN-16118	CPD-17371	left
RXN-16118	CPD-17372	left
RXN-16118	CPD-17373	right
RXN-16118	CO-A	right
RXN-9274	CPD-9831	left
RXN-9274	CPD-9827	right
RXN-7863	PROTON	left
RXN-7863	ACETYL-COA	left
RXN-7863	MALONYL-COA	left
RXN-7863	CPD-7165	right
RXN-7863	CO-A	right
RXN-7863	CARBON-DIOXIDE	right
RXN-7863	WATER	right
RXN-8094	CPD-7620	left
RXN-8094	OXYGEN-MOLECULE	left
RXN-8094	WATER	left
RXN-8094	PROTON	right
RXN-8094	CPD-7619	right
RXN-8094	HYDROGEN-PEROXIDE	right
RXN-8380	Elemental-Sulfur	left
RXN-8380	CPD-846	left
RXN-8380	Polysulfides	right
RXN-8380	PROTON	right
RXN-8366	CPD-8165	left
RXN-8366	OXYGEN-MOLECULE	left
RXN-8366	Reduced-ferredoxins	left
RXN-8366	PROTON	left
RXN-8366	CPD-8167	right
RXN-8366	WATER	right
RXN-8366	Oxidized-ferredoxins	right
RXN-7983	CPD-7227	left
RXN-7983	2-KETOGLUTARATE	left
RXN-7983	OXYGEN-MOLECULE	left
RXN-7983	PROTON	right
RXN-7983	CPD-7291	right
RXN-7983	SUC	right
RXN-7983	CARBON-DIOXIDE	right
MALONYL-COA-DECARBOXYLASE-RXN	PROTON	left
MALONYL-COA-DECARBOXYLASE-RXN	MALONYL-COA	left
MALONYL-COA-DECARBOXYLASE-RXN	CARBON-DIOXIDE	right
MALONYL-COA-DECARBOXYLASE-RXN	ACETYL-COA	right
2.7.9.4-RXN	Alpha-D-Glucans	left
2.7.9.4-RXN	WATER	left
2.7.9.4-RXN	ATP	left
2.7.9.4-RXN	Phospho-alpha-glucans	right
2.7.9.4-RXN	AMP	right
2.7.9.4-RXN	Pi	right
2.7.9.4-RXN	PROTON	right
RXN0-3543	AMINO-HYDROXYMETHYL-METHYLPYRIMIDINE-PP	left
RXN0-3543	WATER	left
RXN0-3543	PROTON	right
RXN0-3543	AMINO-HYDROXYMETHYL-METHYL-PYR-P	right
RXN0-3543	Pi	right
RXN-5082	CPD-4864	left
RXN-5082	OXYGEN-MOLECULE	left
RXN-5082	Red-NADPH-Hemoprotein-Reductases	left
RXN-5082	2-HYDROXY-2-METHYLPROPANENITRILE	right
RXN-5082	Ox-NADPH-Hemoprotein-Reductases	right
RXN-5082	WATER	right
RXN-16810	CPD-18127	left
RXN-16810	OXYGEN-MOLECULE	left
RXN-16810	CPD-18128	right
RXN-16810	HYDROGEN-PEROXIDE	right
ALPHA-L-FUCOSIDASE-RXN	AN-ALPHA-L-FUCOSIDE	left
ALPHA-L-FUCOSIDASE-RXN	WATER	left
ALPHA-L-FUCOSIDASE-RXN	Alcohols	right
ALPHA-L-FUCOSIDASE-RXN	L-Fucopyranoses	right
RXN-9155	CPD-9673	left
RXN-9155	OXYGEN-MOLECULE	left
RXN-9155	CPD-9675	right
RXN-9155	WATER	right
RXN-9155	PROTON	right
GLUCONOLACT-RXN	GLC-D-LACTONE	left
GLUCONOLACT-RXN	WATER	left
GLUCONOLACT-RXN	PROTON	right
GLUCONOLACT-RXN	GLUCONATE	right
RXN-9335	CPD-7076	left
RXN-9335	CPD-9947	left
RXN-9335	CPD-9948	right
RXN-19590	CPD-12403	left
RXN-19590	WATER	left
RXN-19590	CPDQT-409	right
RXN-19590	GLY	right
RXN-9115	CPD-9618	left
RXN-9115	CPD-9628	right
RXN-13709	4-METHYL-824-CHOLESTADIENOL	left
RXN-13709	OXYGEN-MOLECULE	left
RXN-13709	FERROCYTOCHROME-B5	left
RXN-13709	PROTON	left
RXN-13709	CPD-4702	right
RXN-13709	FERRICYTOCHROME-B5	right
RXN-13709	WATER	right
SUCCINATE-SEMIALDEHYDE-DEHYDROGENASE-RXN	WATER	left
SUCCINATE-SEMIALDEHYDE-DEHYDROGENASE-RXN	NAD	left
SUCCINATE-SEMIALDEHYDE-DEHYDROGENASE-RXN	SUCC-S-ALD	left
SUCCINATE-SEMIALDEHYDE-DEHYDROGENASE-RXN	PROTON	right
SUCCINATE-SEMIALDEHYDE-DEHYDROGENASE-RXN	NADH	right
SUCCINATE-SEMIALDEHYDE-DEHYDROGENASE-RXN	SUC	right
RXNQT-4318	PROTON	left
RXNQT-4318	CPDQT-262	left
RXNQT-4318	NADPH	left
RXNQT-4318	OXYGEN-MOLECULE	left
RXNQT-4318	CYS	left
RXNQT-4318	CPDQT-410	right
RXNQT-4318	NADP	right
RXNQT-4318	WATER	right
RXN-13691	CPD-14731	left
RXN-13691	WATER	left
RXN-13691	GERANIOL	right
RXN-13691	6-O-BETA-D-XYLOPYRANOSYL	right
RXN-14220	DUDP	left
RXN-14220	WATER	left
RXN-14220	DUMP	right
RXN-14220	Pi	right
RXN-14220	PROTON	right
RXN-13047	--bornyl-diphosphate	left
RXN-13047	WATER	left
RXN-13047	CPD-1908	right
RXN-13047	PPI	right
RXN-8469	CPD1F-130	left
RXN-8469	OXYGEN-MOLECULE	left
RXN-8469	CPD-21154	right
RXN-8469	CPD-8661	right
RXN-113	CPD1F-140	left
RXN-113	2-KETOGLUTARATE	left
RXN-113	OXYGEN-MOLECULE	left
RXN-113	CPD-236	right
RXN-113	SUC	right
RXN-113	CARBON-DIOXIDE	right
RXN-11537	CPD-716	left
RXN-11537	Red-NADPH-Hemoprotein-Reductases	left
RXN-11537	OXYGEN-MOLECULE	left
RXN-11537	CPD-12498	right
RXN-11537	Ox-NADPH-Hemoprotein-Reductases	right
RXN-11537	WATER	right
RXN-5110	GERANYL-PP	left
RXN-5110	CPD-4888	right
RXN-5110	PPI	right
RXN-8436	CPD-8253	left
RXN-8436	Galactosides	left
RXN-8436	CPD-8254	right
GLURS-RXN	GLT-tRNAs	left
GLURS-RXN	GLT	left
GLURS-RXN	ATP	left
GLURS-RXN	Charged-GLT-tRNAs	right
GLURS-RXN	PPI	right
GLURS-RXN	AMP	right
RXN-12253	CPD-13175	left
RXN-12253	WATER	left
RXN-12253	CPD-13172	right
RXN-12253	BENZYL-ALCOHOL	right
RXN-12253	PROTON	right
FARNESOL-DEHYDROGENASE-RXN	NADP	left
FARNESOL-DEHYDROGENASE-RXN	2-TRANS6-TRANS-FARNESOL	left
FARNESOL-DEHYDROGENASE-RXN	PROTON	right
FARNESOL-DEHYDROGENASE-RXN	NADPH	right
FARNESOL-DEHYDROGENASE-RXN	2-TRANS6-TRANS-FARNESAL	right
RXN-9054	S-ADENOSYLMETHIONINE	left
RXN-9054	CPD-9539	left
RXN-9054	CPD-9531	right
RXN-9054	ADENOSYL-HOMO-CYS	right
RXN-4513	CPD-4404	left
RXN-4513	Red-NADPH-Hemoprotein-Reductases	left
RXN-4513	OXYGEN-MOLECULE	left
RXN-4513	CPD-4407	right
RXN-4513	Ox-NADPH-Hemoprotein-Reductases	right
RXN-4513	WATER	right
RXN-8307	CPD-8074	left
RXN-8307	OXYGEN-MOLECULE	left
RXN-8307	Reduced-ferredoxins	left
RXN-8307	PROTON	left
RXN-8307	CPD-8076	right
RXN-8307	WATER	right
RXN-8307	Oxidized-ferredoxins	right
RXN-12255	CPD-6443	left
RXN-12255	CPD-13175	right
RXN-19835	INDOLE-3-ACETALDOXIME	left
RXN-19835	OXYGEN-MOLECULE	left
RXN-19835	Red-NADPH-Hemoprotein-Reductases	left
RXN-19835	CPD-21440	right
RXN-19835	WATER	right
RXN-19835	Ox-NADPH-Hemoprotein-Reductases	right
RXN66-316	CPD-4579	left
RXN66-316	FERROCYTOCHROME-B5	left
RXN66-316	OXYGEN-MOLECULE	left
RXN66-316	PROTON	left
RXN66-316	CPD-4580	right
RXN66-316	FERRICYTOCHROME-B5	right
RXN66-316	WATER	right
RXN0-7080	CTP	left
RXN0-7080	CPD-12377	left
RXN0-7080	5-HYDROXY-CTP	right
RXN0-7080	WATER	right
RXN-12991	CPD-14037	left
RXN-12991	PROTON	left
RXN-12991	CPDQT-262	right
RXN-12991	WATER	right
RXN-12991	CARBON-DIOXIDE	right
RXN-4544	6-Dimethylallyladenosine37-tRNAs	left
RXN-4544	OXYGEN-MOLECULE	left
RXN-4544	Donor-H2	left
RXN-4544	Cis-Prenyl-tRNAs	right
RXN-4544	WATER	right
RXN-4544	Acceptor	right
TDCEACT-RXN	S-ADENOSYLMETHIONINE	left
TDCEACT-RXN	Formate-acetyltransferase-glycine	left
TDCEACT-RXN	Reduced-flavodoxins	left
TDCEACT-RXN	Formate-acetyltrans-glycine-radical	right
TDCEACT-RXN	CH33ADO	right
TDCEACT-RXN	MET	right
TDCEACT-RXN	Flavodoxins-Semiquinones	right
TDCEACT-RXN	PROTON	right
RXN-21004	FERULOYL-COA	left
RXN-21004	WATER	left
RXN-21004	VANILLIN	right
RXN-21004	ACETYL-COA	right
RXN-17699	CPD-10359	left
RXN-17699	CPD-12575	left
RXN-17699	2R-3S-Flavan-3-O-glucosides	right
RXN-17699	UDP	right
RXN-17699	PROTON	right
RXN-15288	LUTEOLIN-7-O-BETA-D-DIGLUCURONIDE	left
RXN-15288	HYDROGEN-PEROXIDE	left
RXN-15288	a-radical-of-luteolin-7-iOi-diglucuronid	right
RXN-15288	WATER	right
RXN4FS-3	PROTON	left
RXN4FS-3	CPD-5441	left
RXN4FS-3	CTP	left
RXN4FS-3	CPD4FS-1	right
RXN4FS-3	PPI	right
RXN-13602	CPD-14594	left
RXN-13602	WATER	left
RXN-13602	LINAMARIN	right
RXN-13602	Glucopyranose	right
RXN-9742	CPD-10447	left
RXN-9742	Acceptor	left
RXN-9742	CPD-10451	right
RXN-9742	Donor-H2	right
RXN-10568	CPD-11293	left
RXN-10568	--beta-santalene	right
RXN-10568	PPI	right
2.7.7.15-RXN	PROTON	left
2.7.7.15-RXN	PHOSPHORYL-CHOLINE	left
2.7.7.15-RXN	CTP	left
2.7.7.15-RXN	CDP-CHOLINE	right
2.7.7.15-RXN	PPI	right
RXN-14494	CPD-15369	left
RXN-14494	CPD-15370	right
RXN-14494	WATER	right
RXN-7904	Long-Chain-Fatty-Acids	left
RXN-7904	CO-A	left
RXN-7904	ATP	left
RXN-7904	Long-Chain-Acyl-CoAs	right
RXN-7904	PPI	right
RXN-7904	AMP	right
RXN-16399	STEARIC_ACID	left
RXN-16399	OXYGEN-MOLECULE	left
RXN-16399	Red-NADPH-Hemoprotein-Reductases	left
RXN-16399	CPD-17640	right
RXN-16399	Ox-NADPH-Hemoprotein-Reductases	right
RXN-16399	WATER	right
RXN-15443	CPD-16683	left
RXN-15443	CPD-12575	left
RXN-15443	CPD-16684	right
RXN-15443	UDP	right
RXN-15443	PROTON	right
RXN-3765	CPD-3628	left
RXN-3765	Red-NADPH-Hemoprotein-Reductases	left
RXN-3765	OXYGEN-MOLECULE	left
RXN-3765	CPD-3629	right
RXN-3765	Ox-NADPH-Hemoprotein-Reductases	right
RXN-3765	WATER	right
RXN-8350	CPD-17281	left
RXN-8350	OXYGEN-MOLECULE	left
RXN-8350	FERROCYTOCHROME-B5	left
RXN-8350	PROTON	left
RXN-8350	CPD-17282	right
RXN-8350	WATER	right
RXN-8350	FERRICYTOCHROME-B5	right
RXN-8515	PROTON	left
RXN-8515	CPD-8695	left
RXN-8515	NADPH	left
RXN-8515	OXYGEN-MOLECULE	left
RXN-8515	CPD-8705	right
RXN-8515	NADP	right
RXN-8515	WATER	right
RXN-12623	Chitodextrins	left
RXN-12623	WATER	left
RXN-12623	CHITOBIOSE	right
RXN-12623	CPD-13227	right
RXN-7250	CPD-6745	left
RXN-7250	WATER	left
RXN-7250	CPD-6747	right
RXN-7250	Pi	right
RXN-9187	CPD-9752	left
RXN-9187	CPD-9754	right
RXN66-3	ACETALD	left
RXN66-3	NAD	left
RXN66-3	WATER	left
RXN66-3	PROTON	right
RXN66-3	NADH	right
RXN66-3	ACET	right
RXN-13482	L-ORNITHINE	left
RXN-13482	CARBAMOYL-P	left
RXN-13482	PROTON	right
RXN-13482	L-CITRULLINE	right
RXN-13482	Pi	right
RXN-18964	CPD-7850	left
RXN-18964	OXYGEN-MOLECULE	left
RXN-18964	Donor-H2	left
RXN-18964	CPD-17652	right
RXN-18964	WATER	right
RXN-18964	Acceptor	right
RXN-969	GLYCOLLATE	left
RXN-969	OXYGEN-MOLECULE	left
RXN-969	GLYOX	right
RXN-969	HYDROGEN-PEROXIDE	right
RXN-12198	CDP	left
RXN-12198	WATER	left
RXN-12198	Pi	right
RXN-12198	CMP	right
RXN-12198	PROTON	right
RXN-8513	CPD-4750	left
RXN-8513	CPD-8697	right
RXN-8513	PPI	right
RXN-12259	BENZALDEHYDE	left
RXN-12259	OXYGEN-MOLECULE	left
RXN-12259	NADPH	left
RXN-12259	PROTON	left
RXN-12259	CPD-13172	right
RXN-12259	WATER	right
RXN-12259	NADP	right
RXN-4307	CPD-4211	left
RXN-4307	AMP	left
RXN-4307	CPD-4205	right
RXN-4307	PPI	right
RXN-12143	OLEATE-CPD	left
RXN-12143	Red-NADPH-Hemoprotein-Reductases	left
RXN-12143	OXYGEN-MOLECULE	left
RXN-12143	CPD-10514	right
RXN-12143	Ox-NADPH-Hemoprotein-Reductases	right
RXN-12143	WATER	right
NADPH--FERRIHEMOPROTEIN-REDUCTASE-RXN	Oxidized-hemoproteins	left
NADPH--FERRIHEMOPROTEIN-REDUCTASE-RXN	NADPH	left
NADPH--FERRIHEMOPROTEIN-REDUCTASE-RXN	PROTON	left
NADPH--FERRIHEMOPROTEIN-REDUCTASE-RXN	Reduced-hemoproteins	right
NADPH--FERRIHEMOPROTEIN-REDUCTASE-RXN	NADP	right
ARGDECARBOX-RXN	PROTON	left
ARGDECARBOX-RXN	ARG	left
ARGDECARBOX-RXN	CARBON-DIOXIDE	right
ARGDECARBOX-RXN	AGMATHINE	right
2.1.1.120-RXN	S-ADENOSYLMETHIONINE	left
2.1.1.120-RXN	12-HYDROXYDIHYDROCHELIRUBINE	left
2.1.1.120-RXN	PROTON	right
2.1.1.120-RXN	ADENOSYL-HOMO-CYS	right
2.1.1.120-RXN	DIHYDROMACARPINE	right
RXN-14083	CPD-6991	left
RXN-14083	Red-NADPH-Hemoprotein-Reductases	left
RXN-14083	OXYGEN-MOLECULE	left
RXN-14083	CPD-15080	right
RXN-14083	Ox-NADPH-Hemoprotein-Reductases	right
RXN-14083	WATER	right
RXN-8703	CPD-8921	left
RXN-8703	OXYGEN-MOLECULE	left
RXN-8703	CPD-8927	right
RXN-4321	CPD-4223	left
RXN-4321	WATER	left
RXN-4321	PROTON	right
RXN-4321	MALONATE	right
RXN-4321	CPD-4222	right
RXN-15466	CPD-16612	left
RXN-15466	NAD-P-OR-NOP	left
RXN-15466	CPD-16613	right
RXN-15466	NADH-P-OR-NOP	right
RXN-15466	PROTON	right
PRTRANS-RXN	N-5-PHOSPHORIBOSYL-ANTHRANILATE	left
PRTRANS-RXN	PPI	left
PRTRANS-RXN	ANTHRANILATE	right
PRTRANS-RXN	PRPP	right
RXN-9242	S-ADENOSYLMETHIONINE	left
RXN-9242	CPD-9870	left
RXN-9242	PROTON	right
RXN-9242	CPD-9872	right
RXN-9242	ADENOSYL-HOMO-CYS	right
SPONTPRO-RXN	PROTON	left
SPONTPRO-RXN	WATER	left
SPONTPRO-RXN	L-DELTA1-PYRROLINE_5-CARBOXYLATE	left
SPONTPRO-RXN	L-GLUTAMATE_GAMMA-SEMIALDEHYDE	right
RXN-11895	S-ADENOSYLMETHIONINE	left
RXN-11895	CPD-83	left
RXN-11895	CPD-12871	right
RXN-11895	ADENOSYL-HOMO-CYS	right
RXN-11895	PROTON	right
RXN-10599	FARNESYL-PP	left
RXN-10599	PPI	right
RXN-10599	CPD-11393	right
RXN-11356	CPD-7526	left
RXN-11356	ETR-Quinones	left
RXN-11356	CPD-7524	right
RXN-11356	ETR-Quinols	right
RXN-21025	Thiarsahydroxy-ArsC	left
RXN-21025	GLUTATHIONE	left
RXN-21025	PROTON	left
RXN-21025	Thiarsahydroxy-SG-ArsC	right
RXN-21025	WATER	right
RXN-8550	FARNESYL-PP	left
RXN-8550	CPD-8738	right
RXN-8550	PPI	right
TRANS-HEXAPRENYLTRANSTRANSFERASE-RXN	FARNESYL-PP	left
TRANS-HEXAPRENYLTRANSTRANSFERASE-RXN	DELTA3-ISOPENTENYL-PP	left
TRANS-HEXAPRENYLTRANSTRANSFERASE-RXN	ALL-TRANS-HEPTAPRENYL-DIPHOSPHATE	right
TRANS-HEXAPRENYLTRANSTRANSFERASE-RXN	PPI	right
ARYLFORMAMIDASE-RXN	N-FORMYLKYNURENINE	left
ARYLFORMAMIDASE-RXN	WATER	left
ARYLFORMAMIDASE-RXN	CPD-14736	right
ARYLFORMAMIDASE-RXN	FORMATE	right
ARYLFORMAMIDASE-RXN	PROTON	right
RXN-11360	S-ADENOSYLMETHIONINE	left
RXN-11360	CPD1F-140	left
RXN-11360	CPD-12333	right
RXN-11360	ADENOSYL-HOMO-CYS	right
6-BETA-HYDROXYHYOSCYAMINE-EPOXIDASE-RXN	CPD-2202	left
6-BETA-HYDROXYHYOSCYAMINE-EPOXIDASE-RXN	2-KETOGLUTARATE	left
6-BETA-HYDROXYHYOSCYAMINE-EPOXIDASE-RXN	OXYGEN-MOLECULE	left
6-BETA-HYDROXYHYOSCYAMINE-EPOXIDASE-RXN	PROTON	right
6-BETA-HYDROXYHYOSCYAMINE-EPOXIDASE-RXN	SCOPOLAMINE	right
6-BETA-HYDROXYHYOSCYAMINE-EPOXIDASE-RXN	SUC	right
6-BETA-HYDROXYHYOSCYAMINE-EPOXIDASE-RXN	CARBON-DIOXIDE	right
6-BETA-HYDROXYHYOSCYAMINE-EPOXIDASE-RXN	WATER	right
RXN-10482	CPD-11293	left
RXN-10482	PPI	right
RXN-10482	CPD-8849	right
RXN-10880	PAPS	left
RXN-10880	CPD-11837	left
RXN-10880	3-5-ADP	right
RXN-10880	CPD-11839	right
RXN-10880	PROTON	right
RXN-14806	D-arabinopyranose	left
RXN-14806	CPD-15700	right
RXN-8253	UNKNOWN	left
RXN-8253	TROPINONE	right
RXN-3241	2-OXINDOLE-3-ACETIC-ACID	left
RXN-3241	2-OXINDOLE-3-ACETYL-HEXOSE	right
GCVMULTI-RXN	GLY	left
GCVMULTI-RXN	THF-GLU-N	left
GCVMULTI-RXN	NAD	left
GCVMULTI-RXN	METHYLENE-THF-GLU-N	right
GCVMULTI-RXN	AMMONIUM	right
GCVMULTI-RXN	CARBON-DIOXIDE	right
GCVMULTI-RXN	NADH	right
RXN-9058	CPD-9533	left
RXN-9058	CPD-9534	right
RXN-5111	CPD-4402	left
RXN-5111	CPD-4211	left
RXN-5111	CPD-4885	right
RXN-5111	PPI	right
RXN-12659	CPD-8678	left
RXN-12659	LINOLEIC_ACID	left
RXN-12659	CPD-17614	right
RXN-12659	CPD-13636	right
RXN-7842	CPD-7137	left
RXN-7842	CAFFEOYL-COA	left
RXN-7842	CPD-7150	right
RXN-7842	CO-A	right
RXN66-321	CPD-4186	left
RXN66-321	NADP	left
RXN66-321	5-ALPHA-CHOLESTA-724-DIEN-3-BETA-OL	right
RXN66-321	NADPH	right
RXN66-321	PROTON	right
RXN-10788	CPD-520	left
RXN-10788	CPD-12575	left
RXN-10788	CPD-11685	right
RXN-10788	UDP	right
RXN-10788	PROTON	right
RXN-2163	S-ADENOSYLMETHIONINE	left
RXN-2163	4-HYDROXY-3-INDOLYLMETHYL-GLUCOSINOLATE	left
RXN-2163	4-METHOXY-3-INDOLYLMETHYL-GLUCOSINOLATE	right
RXN-2163	ADENOSYL-HOMO-CYS	right
RXN-2163	PROTON	right
RXN-12541	OXYGEN-MOLECULE	left
RXN-12541	FE+2	left
RXN-12541	SUPER-OXIDE	right
RXN-12541	FE+3	right
3-OXOACYL-ACP-SYNTH-BASE-RXN	ACETYL-ACP	left
3-OXOACYL-ACP-SYNTH-BASE-RXN	MALONYL-ACP	left
3-OXOACYL-ACP-SYNTH-BASE-RXN	PROTON	left
3-OXOACYL-ACP-SYNTH-BASE-RXN	ACP	right
3-OXOACYL-ACP-SYNTH-BASE-RXN	Acetoacetyl-ACPs	right
3-OXOACYL-ACP-SYNTH-BASE-RXN	CARBON-DIOXIDE	right
RXN-8196	CPD-7854	left
RXN-8196	CPD-7851	right
RXNQT-4311	CPDQT-349	left
RXNQT-4311	OXYGEN-MOLECULE	left
RXNQT-4311	Red-NADPH-Hemoprotein-Reductases	left
RXNQT-4311	WATER	right
RXNQT-4311	CARBON-DIOXIDE	right
RXNQT-4311	Ox-NADPH-Hemoprotein-Reductases	right
RXNQT-4311	CPDQT-405	right
RXNQT-4148	CPDQT-8	left
RXNQT-4148	2-CARBOXY-D-ARABINITOL	right
SERINE-C-PALMITOYLTRANSFERASE-RXN	PROTON	left
SERINE-C-PALMITOYLTRANSFERASE-RXN	SER	left
SERINE-C-PALMITOYLTRANSFERASE-RXN	PALMITYL-COA	left
SERINE-C-PALMITOYLTRANSFERASE-RXN	CARBON-DIOXIDE	right
SERINE-C-PALMITOYLTRANSFERASE-RXN	DEHYDROSPHINGANINE	right
SERINE-C-PALMITOYLTRANSFERASE-RXN	CO-A	right
RXN-9749	CPD-12575	left
RXN-9749	CPD-10457	left
RXN-9749	CPD-10458	right
RXN-9749	UDP	right
RXN-9749	WATER	right
RXN-11087	CPD-12033	left
RXN-11087	CPD-12037	right
RXN-11087	WATER	right
RXN-7580	ENT-KAUR-16-EN-19-AL	left
RXN-7580	Red-NADPH-Hemoprotein-Reductases	left
RXN-7580	OXYGEN-MOLECULE	left
RXN-7580	CPD1F-132	right
RXN-7580	Ox-NADPH-Hemoprotein-Reductases	right
RXN-7580	WATER	right
RXN-7580	PROTON	right
RXN-8367	CPD-8165	left
RXN-8367	OXYGEN-MOLECULE	left
RXN-8367	Reduced-ferredoxins	left
RXN-8367	PROTON	left
RXN-8367	CPD-8166	right
RXN-8367	WATER	right
RXN-8367	Oxidized-ferredoxins	right
RXN-11705	CPD-633	left
RXN-11705	CPD-12575	left
RXN-11705	CPD-12665	right
RXN-11705	UDP	right
RXN-11705	PROTON	right
CAFFEOYL-COA-O-METHYLTRANSFERASE-RXN	S-ADENOSYLMETHIONINE	left
CAFFEOYL-COA-O-METHYLTRANSFERASE-RXN	CAFFEOYL-COA	left
CAFFEOYL-COA-O-METHYLTRANSFERASE-RXN	PROTON	right
CAFFEOYL-COA-O-METHYLTRANSFERASE-RXN	FERULOYL-COA	right
CAFFEOYL-COA-O-METHYLTRANSFERASE-RXN	ADENOSYL-HOMO-CYS	right
TRANS-RXN-225	MAL	left
TRANS-RXN-225	MAL	right
RXN-8985	CPD-9427	left
RXN-8985	HYDROGEN-MOLECULE	left
RXN-8985	CPD-9428	right
RXN66-313	CPD-4577	left
RXN66-313	NAD-P-OR-NOP	left
RXN66-313	CPD-4578	right
RXN66-313	NADH-P-OR-NOP	right
RXN66-313	CARBON-DIOXIDE	right
RXN-11666	CPD-12636	left
RXN-11666	OXYGEN-MOLECULE	left
RXN-11666	Red-NADPH-Hemoprotein-Reductases	left
RXN-11666	INDOLE-CARBOXY-HYDRO-THIAZOLE	right
RXN-11666	HCN	right
RXN-11666	WATER	right
RXN-11666	Ox-NADPH-Hemoprotein-Reductases	right
RXN-11666	PROTON	right
RXN-19341	COB-I-ALAMIN	left
RXN-19341	Oxidized-Flavoproteins	left
RXN-19341	PROTON	left
RXN-19341	CPD-1829	right
RXN-19341	Reduced-Flavoproteins	right
RXN-13895	CPD-14905	left
RXN-13895	CPD-14903	right
RXN-19987	CPD-21561	left
RXN-19987	WATER	left
RXN-19987	CPD-21562	right
RXN-8923	CPD-9320	left
RXN-8923	CPD-9321	right
RXN0-5393	CPD0-1163	left
RXN0-5393	CPD0-1162	right
RXN0-5393	WATER	right
RXN-3768	CPD-14741	left
RXN-3768	NADP	left
RXN-3768	CPD-3630	right
RXN-3768	NADPH	right
RXN-3768	PROTON	right
RXN-18617	CPD-19892	left
RXN-18617	CPD-19893	right
RXN-5462	ALPHA-D-MANNOSYLCHITOBIO	left
RXN-5462	GDP-MANNOSE	left
RXN-5462	CPD-5161	right
RXN-5462	PROTON	right
RXN-5462	GDP	right
RXN-13513	CPD-14502	left
RXN-13513	CPD-12575	left
RXN-13513	CPD-14503	right
RXN-13513	UDP	right
RXN-13513	PROTON	right
HYDROPEROXIDE-DEHYDRATASE-RXN	PROTON	left
HYDROPEROXIDE-DEHYDRATASE-RXN	CPD-59	left
HYDROPEROXIDE-DEHYDRATASE-RXN	WATER	right
HYDROPEROXIDE-DEHYDRATASE-RXN	EPOXYOCTA-CPD	right
RXN-10432	INDOLE_ACETATE_AUXIN	left
RXN-10432	TYR	left
RXN-10432	ATP	left
RXN-10432	PROTON	right
RXN-10432	CPD-11229	right
RXN-10432	AMP	right
RXN-10432	PPI	right
RXN-19953	Reduced-Cys2-Peroxiredoxins	left
RXN-19953	Alkyl-Hydro-Peroxides	left
RXN-19953	2Cys-Peroxiredoxins-With-HydroxyCys	right
RXN-19953	Alcohols	right
RXN-7247	CPD-6741	left
RXN-7247	WATER	left
RXN-7247	CPD-6743	right
RXN-7247	Pi	right
RXN-16414	CPD-17650	left
RXN-16414	OXYGEN-MOLECULE	left
RXN-16414	Reduced-ferredoxins	left
RXN-16414	PROTON	left
RXN-16414	CPD-7853	right
RXN-16414	WATER	right
RXN-16414	Oxidized-ferredoxins	right
RXN-8719	12346-PENTAKIS-O-GALLOYL-BETA-D-GLUC	left
RXN-8719	OXYGEN-MOLECULE	left
RXN-8719	CPD-8949	right
RXN-8719	WATER	right
RXN-12261	BENZALDEHYDE	left
RXN-12261	SALICYLALDEHYDE	right
RXN0A-10711	CPD-10546	left
RXN0A-10711	WATER	left
RXN0A-10711	INDOLE_ACETATE_AUXIN	right
RXN0A-10711	METOH	right
RXN-16809	Ferrihemoglobins	left
RXN-16809	AMMONIUM	left
RXN-16809	OH	left
RXN-16809	Ferrohemoglobins	right
RXN-16809	HYDROXYLAMINE	right
RXN-16809	PROTON	right
RXN-15506	CPD-16747	left
RXN-15506	WATER	left
RXN-15506	CPD-8962	right
RXN-15506	Glucopyranose	right
RXN-12527	S-ADENOSYLMETHIONINE	left
RXN-12527	CPD-13495	left
RXN-12527	CPD-13494	right
RXN-12527	ADENOSYL-HOMO-CYS	right
RXN-12527	PROTON	right
2.1.1.69-RXN	S-ADENOSYLMETHIONINE	left
2.1.1.69-RXN	BERGAPTOL	left
2.1.1.69-RXN	PROTON	right
2.1.1.69-RXN	5-METHOXYFURANOCOUMARIN	right
2.1.1.69-RXN	ADENOSYL-HOMO-CYS	right
RXN-16340	CPD-8912	left
RXN-16340	NADPH	left
RXN-16340	PROTON	left
RXN-16340	OXYGEN-MOLECULE	left
RXN-16340	CPD-17592	right
RXN-16340	NADP	right
RXN-16340	WATER	right
RXN-14809	L-arabinofuranose	left
RXN-14809	L-arabinopyranose	right
RXN-10705	CPD-11527	left
RXN-10705	CPD-11526	right
RXN-10705	WATER	right
RXN-13984	P-COUMAROYL-COA	left
RXN-13984	CPD1F-437	left
RXN-13984	PROTON	left
RXN-13984	CPD-14989	right
RXN-13984	CO-A	right
RXN-13397	CPD-4703	left
RXN-13397	Red-NADPH-Hemoprotein-Reductases	left
RXN-13397	OXYGEN-MOLECULE	left
RXN-13397	CPD-4721	right
RXN-13397	Ox-NADPH-Hemoprotein-Reductases	right
RXN-13397	WATER	right
MANNPGUANYLTRANGDP-RXN	GDP	left
MANNPGUANYLTRANGDP-RXN	MANNOSE-1P	left
MANNPGUANYLTRANGDP-RXN	PROTON	left
MANNPGUANYLTRANGDP-RXN	Pi	right
MANNPGUANYLTRANGDP-RXN	GDP-MANNOSE	right
RXN-8243	2-KETO-6-AMINO-CAPROATE	left
RXN-8243	HYDROGEN-PEROXIDE	left
RXN-8243	5-AMINOPENTANOATE	right
RXN-8243	CARBON-DIOXIDE	right
RXN-8243	WATER	right
RXN-18780	CPD-12575	left
RXN-18780	2-Hydroxyflavanones	left
RXN-18780	3-C-gluc-tautomer-2-hydroxyflavanones	right
RXN-18780	UDP	right
RXN-18780	PROTON	right
RXN-21158	FERULOYL-COA	left
RXN-21158	CPD-12208	left
RXN-21158	PROTON	left
RXN-21158	CPD-12187	right
RXN-21158	CO-A	right
RXN-21158	CARBON-DIOXIDE	right
2-ISOPROPYLMALATESYN-RXN	2-KETO-ISOVALERATE	left
2-ISOPROPYLMALATESYN-RXN	ACETYL-COA	left
2-ISOPROPYLMALATESYN-RXN	WATER	left
2-ISOPROPYLMALATESYN-RXN	PROTON	right
2-ISOPROPYLMALATESYN-RXN	3-CARBOXY-3-HYDROXY-ISOCAPROATE	right
2-ISOPROPYLMALATESYN-RXN	CO-A	right
RXN-2221	3-METHYLTHIOPROPYL-GLUCOSINOLATE	left
RXN-2221	OXYGEN-MOLECULE	left
RXN-2221	NADPH	left
RXN-2221	PROTON	left
RXN-2221	3-METHYLSULFINYLPROPYL-GLUCOSINOLATE	right
RXN-2221	NADP	right
RXN-2221	WATER	right
RXN-20980	ACETYL-COA	left
RXN-20980	CPD-22610	left
RXN-20980	CPD-22613	right
RXN-20980	CO-A	right
RXN-11642	2-HYDROXY-23-DIHYDRODAIDZEIN	left
RXN-11642	CPD-11782	right
RXN-11642	WATER	right
RXN-20131	CPD-707	left
RXN-20131	NADP	left
RXN-20131	CPD-706	right
RXN-20131	NADPH	right
RXN-20131	PROTON	right
RXN-13501	CPD-14494	left
RXN-13501	Red-NADPH-Hemoprotein-Reductases	left
RXN-13501	OXYGEN-MOLECULE	left
RXN-13501	CPD-14495	right
RXN-13501	Ox-NADPH-Hemoprotein-Reductases	right
RXN-13501	WATER	right
RXN-16047	CPD-17294	left
RXN-16047	Reduced-ferredoxins	left
RXN-16047	OXYGEN-MOLECULE	left
RXN-16047	PROTON	left
RXN-16047	CPD-17293	right
RXN-16047	Oxidized-ferredoxins	right
RXN-16047	WATER	right
DTDPDEHYRHAMREDUCT-RXN	DTDP-RHAMNOSE	left
DTDPDEHYRHAMREDUCT-RXN	NADP	left
DTDPDEHYRHAMREDUCT-RXN	DTDP-DEOH-DEOXY-MANNOSE	right
DTDPDEHYRHAMREDUCT-RXN	NADPH	right
DTDPDEHYRHAMREDUCT-RXN	PROTON	right
1.1.1.222-RXN	CPD-2222	left
1.1.1.222-RXN	NAD-P-OR-NOP	left
1.1.1.222-RXN	P-HYDROXY-PHENYLPYRUVATE	right
1.1.1.222-RXN	NADH-P-OR-NOP	right
1.1.1.222-RXN	PROTON	right
RXN-13273	Long-Chain-Aldehydes	left
RXN-13273	CO-A	left
RXN-13273	NAD	left
RXN-13273	Long-Chain-Acyl-CoAs	right
RXN-13273	NADH	right
RXN-13273	PROTON	right
RXN-9099	CPD0-954	left
RXN-9099	OXYGEN-MOLECULE	left
RXN-9099	Donor-H2	left
RXN-9099	HYDROXYNAPHTHOQUINONE	right
RXN-9099	WATER	right
RXN-9099	Acceptor	right
SAMDECARB-RXN	S-ADENOSYLMETHIONINE	left
SAMDECARB-RXN	PROTON	left
SAMDECARB-RXN	CARBON-DIOXIDE	right
SAMDECARB-RXN	S-ADENOSYLMETHIONINAMINE	right
RXN-15507	CPD-16746	left
RXN-15507	WATER	left
RXN-15507	CPD-8959	right
RXN-15507	Glucopyranose	right
RXN1F-163	CPD1F-97	left
RXN1F-163	OXYGEN-MOLECULE	left
RXN1F-163	2-KETOGLUTARATE	left
RXN1F-163	CPD1F-120	right
RXN1F-163	WATER	right
RXN1F-163	CARBON-DIOXIDE	right
RXN1F-163	SUC	right
RXN-4505	CPD-4402	left
RXN-4505	Red-NADPH-Hemoprotein-Reductases	left
RXN-4505	OXYGEN-MOLECULE	left
RXN-4505	6AS11AS-36A9-TRIHYDROXYPTEROCARPAN	right
RXN-4505	Ox-NADPH-Hemoprotein-Reductases	right
RXN-4505	WATER	right
RXN-7698	Very-Long-Chain-3-Hydroxyacyl-CoAs	left
RXN-7698	NADP	left
RXN-7698	Very-Long-Chain-oxoacyl-CoAs	right
RXN-7698	NADPH	right
RXN-7698	PROTON	right
RXN-14243	CPD-15177	left
RXN-14243	WATER	left
RXN-14243	CPD-13929	right
RXN-14243	PPI	right
RXN-4848	CPD-4746	left
RXN-4848	Acceptor	left
RXN-4848	CPD-4744	right
RXN-4848	Donor-H2	right
RXN-18141	S-ADENOSYLMETHIONINE	left
RXN-18141	CPD-19447	left
RXN-18141	ADENOSYL-HOMO-CYS	right
RXN-18141	CPD-19429	right
RXN-18141	PROTON	right
RXN-20433	CPD-4181	left
RXN-20433	FERROCYTOCHROME-B5	left
RXN-20433	OXYGEN-MOLECULE	left
RXN-20433	PROTON	left
RXN-20433	CPD-22131	right
RXN-20433	FERRICYTOCHROME-B5	right
RXN-20433	WATER	right
RXN-8195	CPD-7856	left
RXN-8195	WATER	left
RXN-8195	Acceptor	left
RXN-8195	CPD-7854	right
RXN-8195	Donor-H2	right
RXN-9962	FARNESYL-PP	left
RXN-9962	CPD-10707	right
RXN-9962	PPI	right
RXN-710	CPD-708	left
RXN-710	NAD	left
RXN-710	CPD-698	right
RXN-710	NADH	right
RXN-710	PROTON	right
RXN-13243	Long-Chain-Fatty-Acids	left
RXN-13243	HYDROGEN-PEROXIDE	left
RXN-13243	PROTON	left
RXN-13243	Terminal-Olefins	right
RXN-13243	CARBON-DIOXIDE	right
RXN-13243	WATER	right
TYRAMINE-N-FERULOYLTRANSFERASE-RXN	FERULOYL-COA	left
TYRAMINE-N-FERULOYLTRANSFERASE-RXN	TYRAMINE	left
TYRAMINE-N-FERULOYLTRANSFERASE-RXN	PROTON	right
TYRAMINE-N-FERULOYLTRANSFERASE-RXN	CPD-440	right
TYRAMINE-N-FERULOYLTRANSFERASE-RXN	CO-A	right
RXN-8422	FARNESYL-PP	left
RXN-8422	CPD-8239	right
RXN-8422	PPI	right
2.1.1.84-RXN	S-ADENOSYLMETHIONINE	left
2.1.1.84-RXN	CPD-10527	left
2.1.1.84-RXN	PROTON	right
2.1.1.84-RXN	ADENOSYL-HOMO-CYS	right
2.1.1.84-RXN	345-TRIHYDROXY-367-TRIMETHOXYFLAVO	right
ALDOSE-6-PHOSPHATE-REDUCTASE-NADPH-RXN	D-SORBITOL-6-P	left
ALDOSE-6-PHOSPHATE-REDUCTASE-NADPH-RXN	NADP	left
ALDOSE-6-PHOSPHATE-REDUCTASE-NADPH-RXN	D-glucopyranose-6-phosphate	right
ALDOSE-6-PHOSPHATE-REDUCTASE-NADPH-RXN	NADPH	right
ALDOSE-6-PHOSPHATE-REDUCTASE-NADPH-RXN	PROTON	right
RXN-14200	TTP	left
RXN-14200	WATER	left
RXN-14200	TMP	right
RXN-14200	Pi	right
RXN-14200	PROTON	right
DTDPDEHYDRHAMEPIM-RXN	DTDP-DEOH-DEOXY-GLUCOSE	left
DTDPDEHYDRHAMEPIM-RXN	DTDP-DEOH-DEOXY-MANNOSE	right
RXN-2944	INDOLE_ACETATE_AUXIN	left
RXN-2944	L-ALPHA-ALANINE	left
RXN-2944	ATP	left
RXN-2944	PROTON	right
RXN-2944	INDOLE-3-ACETYL-ALA	right
RXN-2944	AMP	right
RXN-2944	PPI	right
RXN-17352	CONIFERYL-ALCOHOL	left
RXN-17352	HYDROGEN-PEROXIDE	left
RXN-17352	CPD-18761	right
RXN-17352	WATER	right
RXN-12099	EPOXYSQUALENE	left
RXN-12099	CPD-13048	right
RXN-12396	CPD1F-114	left
RXN-12396	OXYGEN-MOLECULE	left
RXN-12396	CPD-13371	right
RXN-12396	CPD-13373	right
RXN-12396	CPD-7969	right
RXN-12254	SALICYLALDEHYDE	left
RXN-12254	Donor-H2	left
RXN-12254	CPD-173	right
RXN-12254	Acceptor	right
RXN-4313	CPD-4205	left
RXN-4313	WATER	left
RXN-4313	CPD-15317	right
RXN-4313	CPD-4209	right
RXNQT-4379	CPDQT-461	left
RXNQT-4379	CPDQT-462	right
RXN-8681	CPD-8911	left
RXN-8681	NAD	left
RXN-8681	PROTON	right
RXN-8681	CPD-8912	right
RXN-8681	NADH	right
GUANOSINEKIN-RXN	GUANOSINE	left
GUANOSINEKIN-RXN	ATP	left
GUANOSINEKIN-RXN	PROTON	right
GUANOSINEKIN-RXN	GMP	right
GUANOSINEKIN-RXN	ADP	right
RXN-12593	ENT-COPALYL-DIPHOSPHATE	left
RXN-12593	PPI	right
RXN-12593	CPD-11534	right
RIBONUCLEOSIDE-DIP-REDUCTII-RXN	DCDP	left
RIBONUCLEOSIDE-DIP-REDUCTII-RXN	Oxidized-NrdH-Proteins	left
RIBONUCLEOSIDE-DIP-REDUCTII-RXN	WATER	left
RIBONUCLEOSIDE-DIP-REDUCTII-RXN	CDP	right
RIBONUCLEOSIDE-DIP-REDUCTII-RXN	Reduced-NrdH-Proteins	right
RXN-13800	APIGENIN-7-O-BETA-D-GLUCOSIDE	left
RXN-13800	CPD-12575	left
RXN-13800	CPD-14824	right
RXN-13800	UDP	right
RXN-13800	PROTON	right
RXN-8500	CPD-8678	left
RXN-8500	CPD-8682	right
RXN-8500	WATER	right
GLYCOGENSYN-RXN	1-4-alpha-D-Glucan	left
GLYCOGENSYN-RXN	ADP-D-GLUCOSE	left
GLYCOGENSYN-RXN	ADP	right
GLYCOGENSYN-RXN	1-4-alpha-D-Glucan	right
PREPHENATEDEHYDRAT-RXN	PROTON	left
PREPHENATEDEHYDRAT-RXN	PREPHENATE	left
PREPHENATEDEHYDRAT-RXN	PHENYL-PYRUVATE	right
PREPHENATEDEHYDRAT-RXN	WATER	right
PREPHENATEDEHYDRAT-RXN	CARBON-DIOXIDE	right
SPERMIDINE-DEHYDROGENASE-RXN	SPERMIDINE	left
SPERMIDINE-DEHYDROGENASE-RXN	WATER	left
SPERMIDINE-DEHYDROGENASE-RXN	Acceptor	left
SPERMIDINE-DEHYDROGENASE-RXN	Donor-H2	right
SPERMIDINE-DEHYDROGENASE-RXN	4-AMINO-BUTYRALDEHYDE	right
SPERMIDINE-DEHYDROGENASE-RXN	CPD-313	right
RXNIO2-6	CPDIO2-7	left
RXNIO2-6	Donor-H2	left
RXNIO2-6	OXYGEN-MOLECULE	left
RXNIO2-6	CPDIO2-8	right
RXNIO2-6	Acceptor	right
RXNIO2-6	WATER	right
RXN-9807	CPD-10515	left
RXN-9807	OXYGEN-MOLECULE	left
RXN-9807	Red-NADPH-Hemoprotein-Reductases	left
RXN-9807	91018-TRIHYDROXYSTEARATE	right
RXN-9807	WATER	right
RXN-9807	Ox-NADPH-Hemoprotein-Reductases	right
2.6.1.41-RXN	PYRUVATE	left
2.6.1.41-RXN	L-ALPHA-ALANINE	right
2.6.1.41-RXN	CPD-479	right
RXN-22406	CPD-24399	left
RXN-22406	HS	left
RXN-22406	CPD-24400	right
RXN-22406	WATER	right
RXN-22406	PROTON	right
RXN-8220	17-O-ACETYLNORAJMALINE	left
RXN-8220	WATER	left
RXN-8220	CPD-4241	right
RXN-8220	ACET	right
RXN-8220	PROTON	right
RXN-8489	CPD-8671	left
RXN-8489	OXYGEN-MOLECULE	left
RXN-8489	CPD-8672	right
RXN-8489	WATER	right
RXN-14500	CPD-15373	left
RXN-14500	D-mannopyranose	right
RXN4FS-20	CPD-692	left
RXN4FS-20	Donor-H2	left
RXN4FS-20	CPD4FS-7	right
RXN4FS-20	Acceptor	right
RXN-7567	CPD-237	left
RXN-7567	INDOLEYL-CPD	right
RXN-7567	WATER	right
RXN-21167	CPD-22766	left
RXN-21167	OXYGEN-MOLECULE	left
RXN-21167	Red-NADPH-Hemoprotein-Reductases	left
RXN-21167	CPD-12853	right
RXN-21167	FORMATE	right
RXN-21167	WATER	right
RXN-21167	Ox-NADPH-Hemoprotein-Reductases	right
RXN-21167	PROTON	right
RXN-17523	PROTOHEME	left
RXN-17523	OXYGEN-MOLECULE	left
RXN-17523	Reduced-ferredoxins	left
RXN-17523	PROTON	left
RXN-17523	BILIVERDINE	right
RXN-17523	FE+2	right
RXN-17523	CARBON-MONOXIDE	right
RXN-17523	Oxidized-ferredoxins	right
RXN-17523	WATER	right
RXN-4541	CPD-4442	left
RXN-4541	WATER	left
RXN-4541	D-Ribofuranose	right
RXN-4541	CPD-4441	right
RXN-4661	CPD-4210	left
RXN-4661	WATER	left
RXN-4661	FAD	left
RXN-4661	PROTON	left
RXN-4661	ADENINE	right
RXN-4661	CPD-4483	right
RXN-4661	FADH2	right
RXN-8937	S-ADENOSYLMETHIONINE	left
RXN-8937	CPD-9366	left
RXN-8937	PROTON	right
RXN-8937	CPD-9367	right
RXN-8937	ADENOSYL-HOMO-CYS	right
RXN-8295	CPD-8073	left
RXN-8295	OXYGEN-MOLECULE	left
RXN-8295	Reduced-ferredoxins	left
RXN-8295	PROTON	left
RXN-8295	CPD-8074	right
RXN-8295	WATER	right
RXN-8295	Oxidized-ferredoxins	right
RXN-13791	CPD-14812	left
RXN-13791	WATER	left
RXN-13791	CPD-14813	right
RXN-13791	Glucopyranose	right
RXN-8268	CPD-12575	left
RXN-8268	CPD-8013	left
RXN-8268	CPD-8011	right
RXN-8268	UDP	right
2.4.1.156-RXN	CPD-14553	left
2.4.1.156-RXN	CPD-165	left
2.4.1.156-RXN	PROTON	right
2.4.1.156-RXN	5-O-INDOL-3-YLACETYL-MYO-ETCETERA	right
2.4.1.156-RXN	UDP	right
RXN-8011	CPD-12575	left
RXN-8011	BUTEIN	left
RXN-8011	PROTON	right
RXN-8011	CPD-7390	right
RXN-8011	UDP	right
RXN-8503	CPD-8678	left
RXN-8503	CPD-8686	right
RXN-8503	CPD-21295	right
RXN-11221	PROTON	left
RXN-11221	FERULOYL-COA	left
RXN-11221	MALONYL-COA	left
RXN-11221	CPD-12180	right
RXN-11221	CO-A	right
RXN-11221	CARBON-DIOXIDE	right
RXN-34	CANAVANINE	left
RXN-34	WATER	left
RXN-34	PROTON	right
RXN-34	L-CANALINE	right
RXN-34	UREA	right
RXN-10811	CO-A	left
RXN-10811	WATER	left
RXN-10811	3-5-ADP	right
RXN-10811	PANTETHEINE-P	right
RXN-10811	PROTON	right
RXN-13932	S-ADENOSYLMETHIONINE	left
RXN-13932	CPD-13511	left
RXN-13932	345-TRIHYDROXY-37-DIMETHOXYFLAVONE	right
RXN-13932	ADENOSYL-HOMO-CYS	right
RXN-13932	PROTON	right
RXN-9281	S-ADENOSYLMETHIONINE	left
RXN-9281	CPD-9896	left
RXN-9281	PROTON	right
RXN-9281	CPD-9898	right
RXN-9281	ADENOSYL-HOMO-CYS	right
RXN-7750	CPD-431	left
RXN-7750	Red-NADPH-Hemoprotein-Reductases	left
RXN-7750	PROTON	left
RXN-7750	OXYGEN-MOLECULE	left
RXN-7750	CPD-3161	right
RXN-7750	Ox-NADPH-Hemoprotein-Reductases	right
RXN-7750	WATER	right
RXN-4402	CPD-4283	left
RXN-4402	CPD-3402	right
RXN-4402	WATER	right
RXN-7653	CPD-6994	left
RXN-7653	Red-NADPH-Hemoprotein-Reductases	left
RXN-7653	OXYGEN-MOLECULE	left
RXN-7653	5734-TETRAHYDROXYFLAVONE	right
RXN-7653	Ox-NADPH-Hemoprotein-Reductases	right
RXN-7653	WATER	right
RXN-9748	CPD-12575	left
RXN-9748	CPD-10457	left
RXN-9748	CPD-10460	right
RXN-9748	UDP	right
RXN-9748	PROTON	right
RXN-2202	CPD-479	left
RXN-2202	ACETYL-COA	left
RXN-2202	WATER	left
RXN-2202	PROTON	right
RXN-2202	2-2-METHYLTHIOETHYLMALIC-ACID	right
RXN-2202	CO-A	right
RXN-13828	ALLOCRYPTOPINE	left
RXN-13828	Red-NADPH-Hemoprotein-Reductases	left
RXN-13828	OXYGEN-MOLECULE	left
RXN-13828	CPD-14846	right
RXN-13828	Ox-NADPH-Hemoprotein-Reductases	right
RXN-13828	WATER	right
RXN-9754	CPD-10468	left
RXN-9754	S-ADENOSYLMETHIONINE	left
RXN-9754	CPD-10470	right
RXN-9754	ADENOSYL-HOMO-CYS	right
RXN-8434	EPOXYSQUALENE	left
RXN-8434	CPD-8250	right
RXN-14239	CPD-12575	left
RXN-14239	CPD-12727	left
RXN-14239	CPD-15175	right
RXN-14239	UDP	right
RXN-14239	PROTON	right
RXN-7920	WATER	left
RXN-7920	MI-HEXAKISPHOSPHATE	left
RXN-7920	Pi	right
RXN-7920	D-myo-inositol-pentakisphosphates	right
RXN-8244	CPD-394	left
RXN-8244	WATER	left
RXN-8244	OXYGEN-MOLECULE	left
RXN-8244	CPD-7993	right
RXN-8244	AMMONIUM	right
RXN-8244	HYDROGEN-PEROXIDE	right
RXN-14024	Nucleoside-Triphosphates	left
RXN-14024	WATER	left
RXN-14024	Nucleoside-Monophosphates	right
RXN-14024	Pi	right
RXN-14024	PROTON	right
RXN-16219	CPD-8678	left
RXN-16219	LINOLEIC_ACID	left
RXN-16219	CPD-17614	right
RXN-16219	Vernolates	right
RXN-15352	CPD-16558	left
RXN-15352	CPD-15283	left
RXN-15352	CPD-16559	right
RXN-15352	Glucopyranose	right
RXN-13046	+-bornyl-diphosphate	left
RXN-13046	WATER	left
RXN-13046	CPD-1903	right
RXN-13046	PPI	right
ALLANTOATE-DEIMINASE-RXN	PROTON	left
ALLANTOATE-DEIMINASE-RXN	ALLANTOATE	left
ALLANTOATE-DEIMINASE-RXN	WATER	left
ALLANTOATE-DEIMINASE-RXN	CPD0-2298	right
ALLANTOATE-DEIMINASE-RXN	AMMONIUM	right
ALLANTOATE-DEIMINASE-RXN	CARBON-DIOXIDE	right
RXN-12200	WATER	left
RXN-12200	CTP	left
RXN-12200	PROTON	right
RXN-12200	Pi	right
RXN-12200	CMP	right
RXN-9818	CPD-10523	left
RXN-9818	INDOXYL	right
RXN-9818	WATER	right
RXN-9553	R-3-hydroxypetroselinoyl-ACPs	left
RXN-9553	Petrosel-2-enoyl-ACPs	right
RXN-9553	WATER	right
RXN-23868	MALONYL-COA	left
RXN-23868	CAFFEOYL-COA	left
RXN-23868	PROTON	left
RXN-23868	CPD-26443	right
RXN-23868	CARBON-DIOXIDE	right
RXN-23868	CO-A	right
RXN-9563	CPD-10198	left
RXN-9563	NAD-P-OR-NOP	left
RXN-9563	CPD-10205	right
RXN-9563	NADH-P-OR-NOP	right
RXN-9563	PROTON	right
RXN-7893	CPD-7424	left
RXN-7893	OXYGEN-MOLECULE	left
RXN-7893	CPD-7201	right
RXN-7893	CPD-7197	right
RXN-9125	CPD-9617	left
RXN-9125	CPD-9619	right
RXNQT-2	GLUTARATE	left
RXNQT-2	Acceptor	left
RXNQT-2	GLUTACONATE	right
RXNQT-2	Donor-H2	right
ALLANTOICASE-RXN	WATER	left
ALLANTOICASE-RXN	ALLANTOATE	left
ALLANTOICASE-RXN	CPD-1091	right
ALLANTOICASE-RXN	UREA	right
PSERTRANSAM-RXN	3-P-SERINE	left
PSERTRANSAM-RXN	2-KETOGLUTARATE	left
PSERTRANSAM-RXN	3-P-HYDROXYPYRUVATE	right
PSERTRANSAM-RXN	GLT	right
RXN-14661	S-ADENOSYLMETHIONINE	left
RXN-14661	CPD-431	left
RXN-14661	ADENOSYL-HOMO-CYS	right
RXN-14661	CPD-15486	right
RXN-8557	FARNESYL-PP	left
RXN-8557	CPD-8750	right
RXN-8557	PPI	right
RXN-14870	S-ADENOSYLMETHIONINE	left
RXN-14870	CPD-15801	left
RXN-14870	CPD-15798	right
RXN-14870	ADENOSYL-HOMO-CYS	right
RXN-14870	PROTON	right
RXN-12086	CPD-13014	left
RXN-12086	WATER	left
RXN-12086	PROTON	right
RXN-12086	CPD-13040	right
RXN-12086	BUTYRIC_ACID	right
RXN-8525	CPD-8715	left
RXN-8525	CPD-8716	right
RXN-8525	WATER	right
ACETYLORNTRANSAM-RXN	N-ALPHA-ACETYLORNITHINE	left
ACETYLORNTRANSAM-RXN	2-KETOGLUTARATE	left
ACETYLORNTRANSAM-RXN	GLT	right
ACETYLORNTRANSAM-RXN	CPD-469	right
RXN-8686	S-ADENOSYLMETHIONINE	left
RXN-8686	CPD-8913	left
RXN-8686	PROTON	right
RXN-8686	CPD-8914	right
RXN-8686	ADENOSYL-HOMO-CYS	right
RXN-6682	CPD-6361	left
RXN-6682	OXYGEN-MOLECULE	left
RXN-6682	Red-NADPH-Hemoprotein-Reductases	left
RXN-6682	CPD-6362	right
RXN-6682	Ox-NADPH-Hemoprotein-Reductases	right
RXN-6682	WATER	right
RXN-14213	TDP	left
RXN-14213	WATER	left
RXN-14213	TMP	right
RXN-14213	Pi	right
RXN-14213	PROTON	right
RXN-5282	MG-PROTOPORPHYRIN-MONOMETHYL-ESTER	left
RXN-5282	NADPH	left
RXN-5282	PROTON	left
RXN-5282	OXYGEN-MOLECULE	left
RXN-5282	13-HYDROXY-MAGNESIUM-PROTOPORP	right
RXN-5282	NADP	right
RXN-5282	WATER	right
RXN-16814	CPD-18131	left
RXN-16814	CPD-18132	right
RXN-5501	S-ADENOSYLMETHIONINE	left
RXN-5501	CPD-3161	left
RXN-5501	CPD-5421	right
RXN-5501	ADENOSYL-HOMO-CYS	right
RXN-5501	PROTON	right
RXNQT-1	CO-A	left
RXNQT-1	GLUTARATE	left
RXNQT-1	ATP	left
RXNQT-1	GLUTARYL-COA	right
RXNQT-1	Pi	right
RXNQT-1	ADP	right
CYSTATHIONINE-BETA-LYASE-RXN	L-CYSTATHIONINE	left
CYSTATHIONINE-BETA-LYASE-RXN	WATER	left
CYSTATHIONINE-BETA-LYASE-RXN	AMMONIUM	right
CYSTATHIONINE-BETA-LYASE-RXN	PYRUVATE	right
CYSTATHIONINE-BETA-LYASE-RXN	HOMO-CYS	right
RXN-18804	GLT	left
RXN-18804	ATP	left
RXN-18804	PROTON	left
RXN-18804	CPD-20105	right
RXN-18804	PPI	right
RXN-10732	CPD-12575	left
RXN-10732	CPD-6801	left
RXN-10732	CPD-11558	right
RXN-10732	UDP	right
RXN-10732	PROTON	right
RXN-8283	CPD-12575	left
RXN-8283	CPD-20012	left
RXN-8283	PROTON	right
RXN-8283	CPD-8062	right
RXN-8283	UDP	right
RXN-19715	CPD-14385	left
RXN-19715	OXYGEN-MOLECULE	left
RXN-19715	Red-NADPH-Hemoprotein-Reductases	left
RXN-19715	CPD-7731	right
RXN-19715	WATER	right
RXN-19715	Ox-NADPH-Hemoprotein-Reductases	right
RXN-19715	PROTON	right
TRANS-RXN4LZ-42	NITRITE	left
TRANS-RXN4LZ-42	NITRITE	right
RXN-8714	TYRAMINE	left
RXN-8714	SINAPOYL-COA	left
RXN-8714	PROTON	right
RXN-8714	CPD-8942	right
RXN-8714	CO-A	right
RXN-7891	CPD-7196	left
RXN-7891	OXYGEN-MOLECULE	left
RXN-7891	CPD-7203	right
RXN-7891	CPD-7197	right
RXN-9046	CPD-9523	left
RXN-9046	CPD-9524	right
RXN-7678	CPD-7016	left
RXN-7678	NAD-P-OR-NOP	left
RXN-7678	CHLOROPHYLL-B	right
RXN-7678	NADH-P-OR-NOP	right
RXN-9779	PHOSPHATIDYL-MYO-INOSITOL-45-BISPHOSPHA	left
RXN-9779	WATER	left
RXN-9779	1-PHOSPHATIDYL-1D-MYO-INOSITOL-5-PHOSPHA	right
RXN-9779	Pi	right
RXN-21551	MI-HEXAKISPHOSPHATE	left
RXN-21551	CU+2	left
RXN-21551	CPD-23451	right
RXN-9071	CPD-23474	left
RXN-9071	OXYGEN-MOLECULE	left
RXN-9071	CPD-9558	right
RXN-9071	WATER	right
2.1.1.128-RXN	S-ADENOSYLMETHIONINE	left
2.1.1.128-RXN	S-NORCOCLAURINE	left
2.1.1.128-RXN	PROTON	right
2.1.1.128-RXN	ADENOSYL-HOMO-CYS	right
2.1.1.128-RXN	S-COCLAURINE	right
RXN-4703	CPD-4563	left
RXN-4703	MALONYL-COA	left
RXN-4703	CPD-4564	right
RXN-4703	CO-A	right
RXN-12646	CPD-4211	left
RXN-12646	WATER	left
RXN-12646	CPD-13614	right
RXN-12646	PPI	right
RXN-18448	ATP	left
RXN-18448	CPD-7076	left
RXN-18448	CO-A	left
RXN-18448	PPI	right
RXN-18448	AMP	right
RXN-18448	2-METHYL-BUTYRYL-COA	right
RXN-11359	S-ADENOSYLMETHIONINE	left
RXN-11359	CPD1F-137	left
RXN-11359	CPD-12332	right
RXN-11359	ADENOSYL-HOMO-CYS	right
RXN18C3-61	CPD-19219	left
RXN18C3-61	WATER	left
RXN18C3-61	CPD-19221	right
RXN18C3-61	METOH	right
RXN-13979	CPD-14969	left
RXN-13979	P-COUMAROYL-COA	left
RXN-13979	CPD-14980	right
RXN-13979	CO-A	right
GLUCOSE-6-PHOSPHATASE-RXN	WATER	left
GLUCOSE-6-PHOSPHATASE-RXN	GLC-6-P	left
GLUCOSE-6-PHOSPHATASE-RXN	Pi	right
GLUCOSE-6-PHOSPHATASE-RXN	GLC	right
RXN-15441	CPD-16627	left
RXN-15441	Red-NADPH-Hemoprotein-Reductases	left
RXN-15441	OXYGEN-MOLECULE	left
RXN-15441	CPD-16612	right
RXN-15441	Ox-NADPH-Hemoprotein-Reductases	right
RXN-15441	WATER	right
RXN-16786	CPD-8721	left
RXN-16786	Red-NADPH-Hemoprotein-Reductases	left
RXN-16786	OXYGEN-MOLECULE	left
RXN-16786	CPD-16534	right
RXN-16786	Ox-NADPH-Hemoprotein-Reductases	right
RXN-16786	WATER	right
RXN-4510	6AS11AS-36A9-TRIHYDROXYPTEROCARPAN	left
RXN-4510	CPD-4211	left
RXN-4510	CPD-4404	right
RXN-4510	PPI	right
3.5.1.52-RXN	CPD-8541	left
3.5.1.52-RXN	WATER	left
3.5.1.52-RXN	N-ACETYL-BETA-GLUCOSAMINYLAMINE	right
3.5.1.52-RXN	Protein-L-Aspartates	right
3.5.1.52-RXN	PROTON	right
RXN-14997	CPD-15318	left
RXN-14997	CPD-15895	right
RXN-8430	FARNESYL-PP	left
RXN-8430	CPD-8247	right
RXN-8430	PPI	right
RXN-13807	S-N-METHYLCANADINE	left
RXN-13807	Red-NADPH-Hemoprotein-Reductases	left
RXN-13807	OXYGEN-MOLECULE	left
RXN-13807	CPD-21506	right
RXN-13807	Ox-NADPH-Hemoprotein-Reductases	right
RXN-13807	WATER	right
RXN-11420	CPD-12383	left
RXN-11420	GLUTATHIONE	left
RXN-11420	CPD-12384	right
RXN-11420	WATER	right
RXN-13813	CPD-6624	left
RXN-13813	CPD-12575	left
RXN-13813	CPD-14835	right
RXN-13813	UDP	right
RXN-13813	PROTON	right
RXN-18184	CPDQT-31	left
RXN-18184	CPD-19477	right
RXN-18184	WATER	right
RXN-5002	UDP-L-RHAMNOSE	left
RXN-5002	NARINGENIN-7-O-BETA-D-GLUCOSIDE	left
RXN-5002	PROTON	right
RXN-5002	UDP	right
RXN-5002	NARINGIN	right
RXN-3201	2-OXINDOLE-3-ACETYL-ASP	left
RXN-3201	3-HYDROXY-2-OXINDOLE-3-ACETYL-ASP	right
2.4.1.119-RXN	CPD-18076	left
2.4.1.119-RXN	Protein-L-Asparagine	left
2.4.1.119-RXN	Dolichol-PP	right
2.4.1.119-RXN	CPD-18077	right
2.4.1.119-RXN	PROTON	right
RXN-10958	1-PHOSPHATIDYL-1D-MYO-INOSITOL-35-BISPH	left
RXN-10958	WATER	left
RXN-10958	1-PHOSPHATIDYL-1D-MYO-INOSITOL-5-PHOSPHA	right
RXN-10958	Pi	right
RXN-8178	CPD-12575	left
RXN-8178	CPD-7117	left
RXN-8178	CPD-7844	right
RXN-8178	UDP	right
RXN-1347	CIS-3-HEXENOL	left
RXN-1347	NAD	left
RXN-1347	CIS-3-HEXENAL	right
RXN-1347	NADH	right
RXN-1347	PROTON	right
KDO-8PPHOSPHAT-RXN	KDO-8P	left
KDO-8PPHOSPHAT-RXN	WATER	left
KDO-8PPHOSPHAT-RXN	KDO	right
KDO-8PPHOSPHAT-RXN	Pi	right
RXN-8084	CPD-7609	left
RXN-8084	Red-NADPH-Hemoprotein-Reductases	left
RXN-8084	OXYGEN-MOLECULE	left
RXN-8084	CPD-7610	right
RXN-8084	Ox-NADPH-Hemoprotein-Reductases	right
RXN-8084	WATER	right
NUCLEOSIDE-DIPHOSPHATASE-RXN	Nucleoside-Diphosphates	left
NUCLEOSIDE-DIPHOSPHATASE-RXN	WATER	left
NUCLEOSIDE-DIPHOSPHATASE-RXN	Nucleoside-Monophosphates	right
NUCLEOSIDE-DIPHOSPHATASE-RXN	Pi	right
NUCLEOSIDE-DIPHOSPHATASE-RXN	PROTON	right
RXN-11322	CPD-15895	left
RXN-11322	GAP	left
RXN-11322	GLN	left
RXN-11322	PROTON	right
RXN-11322	PYRIDOXAL_PHOSPHATE	right
RXN-11322	GLT	right
RXN-11322	Pi	right
RXN-11322	WATER	right
2.6.1.80-RXN	CPD-463	left
2.6.1.80-RXN	2-KETOGLUTARATE	left
2.6.1.80-RXN	GLT	right
2.6.1.80-RXN	CPD-7228	right
RXN-11550	CPD-12505	left
RXN-11550	CPD-12506	right
TRANS-RXN4LZ-4	MALTOSE	left
TRANS-RXN4LZ-4	MALTOSE	right
SORBITOL-6-PHOSPHATASE-RXN	D-SORBITOL-6-P	left
SORBITOL-6-PHOSPHATASE-RXN	WATER	left
SORBITOL-6-PHOSPHATASE-RXN	SORBITOL	right
SORBITOL-6-PHOSPHATASE-RXN	Pi	right
RXN-18740	S-NEDD8-yl-NEDD8-E2-L-cysteine	left
RXN-18740	Cullin-L-Lysine	left
RXN-18740	NEDD8-conjugating-proteins-E2-L-cys	right
RXN-18740	Cullin-N-NEDD8-yl-L-Lysine	right
RXN-18740	PROTON	right
PHOSPHATIDYLINOSITOL-BISPHOSPHATASE-RXN	PHOSPHATIDYL-MYO-INOSITOL-45-BISPHOSPHA	left
PHOSPHATIDYLINOSITOL-BISPHOSPHATASE-RXN	WATER	left
PHOSPHATIDYLINOSITOL-BISPHOSPHATASE-RXN	CPD-1108	right
PHOSPHATIDYLINOSITOL-BISPHOSPHATASE-RXN	Pi	right
RXN-13001	CPD-14419	left
RXN-13001	CPD-14420	right
RXN-13001	WATER	right
RXN-18125	S-ADENOSYLMETHIONINE	left
RXN-18125	CPD-19431	left
RXN-18125	ADENOSYL-HOMO-CYS	right
RXN-18125	CPD-19430	right
RXN-18125	PROTON	right
RXN-7788	ENT-COPALYL-DIPHOSPHATE	left
RXN-7788	CPD-7097	right
RXN-7788	PPI	right
RXN-11085	CPD-12032	left
RXN-11085	Donor-H2	left
RXN-11085	CPD-12033	right
RXN-11085	WATER	right
RXN-11085	Acceptor	right
RXN-7484	2346-TETRAHYDROXYBENZOPHENONE	left
RXN-7484	Red-NADPH-Hemoprotein-Reductases	left
RXN-7484	OXYGEN-MOLECULE	left
RXN-7484	CPD-6882	right
RXN-7484	Ox-NADPH-Hemoprotein-Reductases	right
RXN-7484	WATER	right
RXN-7484	PROTON	right
RXN-9126	CPD-9615	left
RXN-9126	CPD-9619	right
RXN-14219	DUTP	left
RXN-14219	WATER	left
RXN-14219	DUDP	right
RXN-14219	Pi	right
RXN-14219	PROTON	right
RXN-16097	CPD-12646	left
RXN-16097	NADP	left
RXN-16097	CPD-17348	right
RXN-16097	NADPH	right
RXN-16097	PROTON	right
RXNQT-4346	CPDQT-28	left
RXNQT-4346	Amino-Acids-20	left
RXNQT-4346	CPDQT-404	right
RXNQT-4346	2-Oxo-carboxylates	right
RXN-18671	BENZOYLCOA	left
RXN-18671	PROPANOL	left
RXN-18671	CPD-19959	right
RXN-18671	CO-A	right
RXN0-5182	MALTOTETRAOSE	left
RXN0-5182	Pi	left
RXN0-5182	MALTOTRIOSE	right
RXN0-5182	GLC-1-P	right
RXN-24302	CPD-26891	left
RXN-24302	CPD-26892	right
RXN-9726	CPD-5962	left
RXN-9726	NADP	left
RXN-9726	PROGESTERONE	right
RXN-9726	NADPH	right
RXN-9726	PROTON	right
RXN-14395	L-GULONO-1-4-LACTONE	left
RXN-14395	Cytochromes-C-Oxidized	left
RXN-14395	ASCORBATE	right
RXN-14395	Cytochromes-C-Reduced	right
RXN-14395	PROTON	right
RXN-13785	CPD-11685	left
RXN-13785	WATER	left
RXN-13785	CPD-520	right
RXN-13785	Glucopyranose	right
RXN-7832	CPD-12575	left
RXN-7832	CPD-7144	left
RXN-7832	PROTON	right
RXN-7832	CPD-7148	right
RXN-7832	UDP	right
RXN-4502	2-HYDROXY-23-DIHYDRODAIDZEIN	left
RXN-4502	NADP	left
RXN-4502	2-HYDROXYDAIDZEIN	right
RXN-4502	NADPH	right
RXN-4502	PROTON	right
RXN-20996	CINNAMOYL-COA	left
RXN-20996	Chalcone-Synthase	left
RXN-20996	MALONYL-COA	left
RXN-20996	PROTON	left
RXN-20996	Chalcone-Synthase-Tetraketide	right
RXN-20996	CO-A	right
RXN-20996	CARBON-DIOXIDE	right
RXN-19906	CPD-21506	left
RXN-19906	OXYGEN-MOLECULE	left
RXN-19906	Red-NADPH-Hemoprotein-Reductases	left
RXN-19906	CPD-21505	right
RXN-19906	WATER	right
RXN-19906	Ox-NADPH-Hemoprotein-Reductases	right
RXN-13790	S-ADENOSYLMETHIONINE	left
RXN-13790	DEACETYLISOIPECOSIDE	left
RXN-13790	CPD-14812	right
RXN-13790	ADENOSYL-HOMO-CYS	right
RXN-13790	PROTON	right
RXN-11704	CPD-12628	left
RXN-11704	CPD-12663	right
RXN-3592	CPD-3422	left
RXN-3592	WATER	left
RXN-3592	PROTON	right
RXN-3592	MALONATE	right
RXN-3592	CPD-3421	right
RXN-3590	CPD-3421	left
RXN-3590	WATER	left
RXN-3590	CPD-3141	right
RXN-3590	Glucopyranose	right
RXN-3590	PROTON	right
RXN-14216	DCTP	left
RXN-14216	WATER	left
RXN-14216	DCDP	right
RXN-14216	Pi	right
RXN-14216	PROTON	right
7KAPSYN-RXN	PROTON	left
7KAPSYN-RXN	CPD-558	left
7KAPSYN-RXN	L-ALPHA-ALANINE	left
7KAPSYN-RXN	CARBON-DIOXIDE	right
7KAPSYN-RXN	CO-A	right
7KAPSYN-RXN	8-AMINO-7-OXONONANOATE	right
RXN-13792	S-ADENOSYLMETHIONINE	left
RXN-13792	CPD-14813	left
RXN-13792	CPD-14814	right
RXN-13792	ADENOSYL-HOMO-CYS	right
RXN-13792	PROTON	right
QUERCETIN-3-O-METHYLTRANSFERASE-RXN	S-ADENOSYLMETHIONINE	left
QUERCETIN-3-O-METHYLTRANSFERASE-RXN	CPD-520	left
QUERCETIN-3-O-METHYLTRANSFERASE-RXN	PROTON	right
QUERCETIN-3-O-METHYLTRANSFERASE-RXN	ADENOSYL-HOMO-CYS	right
QUERCETIN-3-O-METHYLTRANSFERASE-RXN	3457-TETRAHYDROXY-3-METHOXYFLAVONE	right
FCLREDUCT-RXN	CPD-13118	left
FCLREDUCT-RXN	NADP	left
FCLREDUCT-RXN	GDP-4-DEHYDRO-6-L-DEOXYGALACTOSE	right
FCLREDUCT-RXN	NADPH	right
FCLREDUCT-RXN	PROTON	right
NUCLEOSIDE-DIP-KIN-RXN	Nucleoside-Diphosphates	left
NUCLEOSIDE-DIP-KIN-RXN	ATP	left
NUCLEOSIDE-DIP-KIN-RXN	Nucleoside-Triphosphates	right
NUCLEOSIDE-DIP-KIN-RXN	ADP	right
RXN-8483	DOPAQUINONE	left
RXN-8483	PROTON	right
RXN-8483	CPD-8652	right
RXN1F-99	CPD1F-120	left
RXN1F-99	2-KETOGLUTARATE	left
RXN1F-99	OXYGEN-MOLECULE	left
RXN1F-99	PROTON	right
RXN1F-99	CPD1F-84	right
RXN1F-99	CARBON-DIOXIDE	right
RXN1F-99	SUC	right
RXN-14896	CPD-8215	left
RXN-14896	CPD-23474	left
RXN-14896	PROTON	left
RXN-14896	CPD-9558	right
RXN-14896	WATER	right
GUANYL-KIN-RXN	ATP	left
GUANYL-KIN-RXN	GMP	left
GUANYL-KIN-RXN	ADP	right
GUANYL-KIN-RXN	GDP	right
RXN-16341	S-ADENOSYLMETHIONINE	left
RXN-16341	CPD-17592	left
RXN-16341	CPD-17593	right
RXN-16341	ADENOSYL-HOMO-CYS	right
RXN-16341	PROTON	right
RXN-9348	CPD-9958	left
RXN-9348	Acceptor	left
RXN-9348	UBIQUINONE-10	right
RXN-9348	Donor-H2	right
RXN-18134	CPD-19445	left
RXN-18134	OXYGEN-MOLECULE	left
RXN-18134	Red-NADPH-Hemoprotein-Reductases	left
RXN-18134	CPD-19439	right
RXN-18134	WATER	right
RXN-18134	Ox-NADPH-Hemoprotein-Reductases	right
XMPXAN-RXN	XANTHOSINE-5-PHOSPHATE	left
XMPXAN-RXN	WATER	left
XMPXAN-RXN	XANTHOSINE	right
XMPXAN-RXN	Pi	right
RXN-19008	UDP-N-ACETYL-D-GLUCOSAMINE	left
RXN-19008	Man3-GlcNAc3-Xyl-Proteins	left
RXN-19008	N4-N-ACETYL-BETA-D-GLUCOSAMINYL-X	right
RXN-19008	UDP	right
RXN-19008	PROTON	right
RXN-11355	CPD-12321	left
RXN-11355	PLASTOQUINONE	left
RXN-11355	CPD-7535	right
RXN-11355	Plastoquinols	right
RXN-4735	CPD-12575	left
RXN-4735	CPD-4441	left
RXN-4735	CPD-4620	right
RXN-4735	PROTON	right
RXN-4735	UDP	right
RXN-13310	S-ADENOSYLMETHIONINE	left
RXN-13310	CPD-14262	left
RXN-13310	CPD-14289	right
RXN-13310	ADENOSYL-HOMO-CYS	right
RXN-13310	PROTON	right
RXN1F-443	CPD1F-453	left
RXN1F-443	UDP-L-RHAMNOSE	left
RXN1F-443	CPD1F-420	right
RXN1F-443	UDP	right
RXN-1064	A-LIPID-HYDROPEROXIDE	left
RXN-1064	18-HYDROXYOLEATE	left
RXN-1064	910-EPOXY-18-HYDROXYSTEARATE	right
RXN-1064	Lipid-hydroxy-fatty-acids	right
RXN-20459	S-ADENOSYLMETHIONINE	left
RXN-20459	CPD0-2554	right
RXN-8601	FARNESYL-PP	left
RXN-8601	CPD-8804	right
RXN-8601	PPI	right
RXN0-1132	Pyruvate-dehydrogenase-dihydrolipoate	left
RXN0-1132	NAD	left
RXN0-1132	Pyruvate-dehydrogenase-lipoate	right
RXN0-1132	NADH	right
RXN0-1132	PROTON	right
PYRUVATE-CARBOXYLASE-RXN	PYRUVATE	left
PYRUVATE-CARBOXYLASE-RXN	HCO3	left
PYRUVATE-CARBOXYLASE-RXN	ATP	left
PYRUVATE-CARBOXYLASE-RXN	PROTON	right
PYRUVATE-CARBOXYLASE-RXN	OXALACETIC_ACID	right
PYRUVATE-CARBOXYLASE-RXN	ADP	right
PYRUVATE-CARBOXYLASE-RXN	Pi	right
RXN-9014	CPD-12575	left
RXN-9014	CPD-9476	left
RXN-9014	CPD-9477	right
RXN-9014	UDP	right
RXN-14432	CPD1F-766	left
RXN-14432	CPD-15281	left
RXN-14432	CPD-7138	right
RXN-14432	FERULIC-ACID	right
RXN-1981	ISOCHORISMATE	left
RXN-1981	CPD-110	right
RXN-1981	PYRUVATE	right
RXN-20674	CPD-22307	left
RXN-20674	DEHYDROQUINATE	right
RXN-20674	Pi	right
RXN-8883	CPD-9215	left
RXN-8883	UDP-L-RHAMNOSE	left
RXN-8883	PROTON	right
RXN-8883	CPD-9214	right
RXN-8883	UDP	right
RXN-11431	CPD-12393	left
RXN-11431	WATER	left
RXN-11431	CPD-12394	right
RXN-11431	GLT	right
RXN-4724	CPD-12575	left
RXN-4724	CPD-332	left
RXN-4724	PROTON	right
RXN-4724	CPD-4615	right
RXN-4724	UDP	right
RXN-7182	INOSITOL-1456-TETRAKISPHOSPHATE	left
RXN-7182	ATP	left
RXN-7182	PROTON	right
RXN-7182	CPD-534	right
RXN-7182	ADP	right
BETA-UREIDOPROPIONASE-RXN	3-UREIDO-PROPIONATE	left
BETA-UREIDOPROPIONASE-RXN	WATER	left
BETA-UREIDOPROPIONASE-RXN	PROTON	left
BETA-UREIDOPROPIONASE-RXN	B-ALANINE	right
BETA-UREIDOPROPIONASE-RXN	AMMONIUM	right
BETA-UREIDOPROPIONASE-RXN	CARBON-DIOXIDE	right
RXN66-526	D-glucopyranose-6-phosphate	left
RXN66-526	WATER	left
RXN66-526	Glucopyranose	right
RXN66-526	Pi	right
RXN-21155	FERULOYL-COA	left
RXN-21155	CPD-22759	left
RXN-21155	PROTON	left
RXN-21155	CPD-6602	right
RXN-21155	CO-A	right
RXN-21155	CARBON-DIOXIDE	right
RXN-15374	CPD-16603	left
RXN-15374	CPD-15283	left
RXN-15374	CPD-16604	right
RXN-15374	Glucopyranose	right
RXN-9252	CPD-9884	left
RXN-9252	CPD-9883	right
RXN-14918	S-ADENOSYLMETHIONINE	left
RXN-14918	CPD-15838	left
RXN-14918	ADENOSYL-HOMO-CYS	right
RXN-14918	CPD-15836	right
RXN-14918	PROTON	right
RXN-14754	CPD-7079	left
RXN-14754	OXYGEN-MOLECULE	left
RXN-14754	Red-NADPH-Hemoprotein-Reductases	left
RXN-14754	CPD-15634	right
RXN-14754	WATER	right
RXN-14754	Ox-NADPH-Hemoprotein-Reductases	right
2.7.1.151-RXN	INOSITOL-1-4-5-TRISPHOSPHATE	left
2.7.1.151-RXN	ATP	left
2.7.1.151-RXN	PROTON	right
2.7.1.151-RXN	INOSITOL-1456-TETRAKISPHOSPHATE	right
2.7.1.151-RXN	ADP	right
RXN-8176	CPD-12575	left
RXN-8176	CPD1F-766	left
RXN-8176	CPD-7842	right
RXN-8176	UDP	right
RXN4FS-13	GDP-L-GALACTOSE	left
RXN4FS-13	GLC-1-P	left
RXN4FS-13	CPDQT-4	right
RXN4FS-13	GDP-D-GLUCOSE	right
UMPKI-RXN	ATP	left
UMPKI-RXN	UMP	left
UMPKI-RXN	PROTON	right
UMPKI-RXN	ADP	right
UMPKI-RXN	UDP	right
RXN-20028	CPD-13042	left
RXN-20028	Red-NADPH-Hemoprotein-Reductases	left
RXN-20028	OXYGEN-MOLECULE	left
RXN-20028	CPD-15055	right
RXN-20028	Ox-NADPH-Hemoprotein-Reductases	right
RXN-20028	WATER	right
RXN-9072	CPD-9558	left
RXN-9072	OXYGEN-MOLECULE	left
RXN-9072	Donor-H2	left
RXN-9072	CPD-9561	right
RXN-9072	WATER	right
RXN-9072	Acceptor	right
RXN-9072	PROTON	right
RXN-12994	CPD-14419	left
RXN-12994	NAD-P-OR-NOP	left
RXN-12994	CPD-14422	right
RXN-12994	NADH-P-OR-NOP	right
RXN-12994	PROTON	right
RXN18C3-21	GERANYLGERANYL-PP	left
RXN18C3-21	WATER	left
RXN18C3-21	CPD-18855	right
RXN18C3-21	PPI	right
RXN-13328	4-AMINO-BUTYRATE	left
RXN-13328	GLYOX	left
RXN-13328	SUCC-S-ALD	right
RXN-13328	GLY	right
1.14.13.76-RXN	TAXA-42011-DIEN-5-ALPHA-YL-ACETATE	left
1.14.13.76-RXN	OXYGEN-MOLECULE	left
1.14.13.76-RXN	Red-NADPH-Hemoprotein-Reductases	left
1.14.13.76-RXN	10-BETA-HYDROXYTAXA-42011-DIEN-5-ALPH	right
1.14.13.76-RXN	WATER	right
1.14.13.76-RXN	Ox-NADPH-Hemoprotein-Reductases	right
RXN-2207	3-METHYLTHIOPROPANALDOXIME	left
RXN-2207	NADPH	left
RXN-2207	OXYGEN-MOLECULE	left
RXN-2207	CYS	left
RXN-2207	PROTON	left
RXN-2207	CPD-7546	right
RXN-2207	NADP	right
RXN-2207	WATER	right
RXN-8635	CPD-8653	left
RXN-8635	HYDROGEN-PEROXIDE	left
RXN-8635	CPD-8890	right
RXN-8635	WATER	right
RXN-9090	CPD-9593	left
RXN-9090	CPD-9594	left
RXN-9090	HYDROGEN-MOLECULE	left
RXN-9090	CPD-9597	right
3.1.2.23-RXN	CPD-201	left
3.1.2.23-RXN	WATER	left
3.1.2.23-RXN	PROTON	right
3.1.2.23-RXN	4-hydroxybenzoate	right
3.1.2.23-RXN	CO-A	right
RXN-10455	Jasmonic-Acids	left
RXN-10455	ILE	left
RXN-10455	ATP	left
RXN-10455	Jasmonoyl-Isoleucines	right
RXN-10455	AMP	right
RXN-10455	PPI	right
RXN-10455	PROTON	right
GALACTONOLACTONE-DEHYDROGENASE-RXN	Cytochromes-C-Oxidized	left
GALACTONOLACTONE-DEHYDROGENASE-RXN	CPD-330	left
GALACTONOLACTONE-DEHYDROGENASE-RXN	ASCORBATE	right
GALACTONOLACTONE-DEHYDROGENASE-RXN	Cytochromes-C-Reduced	right
GALACTONOLACTONE-DEHYDROGENASE-RXN	PROTON	right
RXN-13724	SQUALENE	left
RXN-13724	PPI	left
RXN-13724	NADP	left
RXN-13724	CPD-465	right
RXN-13724	NADPH	right
RXN-13724	PROTON	right
RXN-2162	CPD-1863	left
RXN-2162	OXYGEN-MOLECULE	left
RXN-2162	Red-NADPH-Hemoprotein-Reductases	left
RXN-2162	4-HYDROXY-3-INDOLYLMETHYL-GLUCOSINOLATE	right
RXN-2162	Ox-NADPH-Hemoprotein-Reductases	right
RXN-2162	WATER	right
2.4.2.39-RXN	UDP-D-XYLOSE	left
2.4.2.39-RXN	Xyloglucans	left
2.4.2.39-RXN	UDP	right
2.4.2.39-RXN	Xyloglucan-Xylosyl-Residue	right
RXN0-5267	PROTON	left
RXN0-5267	PROTON	right
RXN-12277	6-Phosphoglc-3-Phosphoglc-Amylopectins	left
RXN-12277	WATER	left
RXN-12277	CPD-13198	right
RXN-12277	Pi	right
TRANS-RXNIO2-4	CARBON-DIOXIDE	left
TRANS-RXNIO2-4	CARBON-DIOXIDE	right
RXN-7858	PROTON	left
RXN-7858	CPD-7170	left
RXN-7858	CPD-7173	right
RXN-7858	CARBON-DIOXIDE	right
RXN-8235	CPD-7963	left
RXN-8235	CAFFEOYL-COA	left
RXN-8235	CPD-7965	right
RXN-8235	CO-A	right
SUCROSE-PHOSPHATE-SYNTHASE-RXN	CPD-12575	left
SUCROSE-PHOSPHATE-SYNTHASE-RXN	FRUCTOSE-6P	left
SUCROSE-PHOSPHATE-SYNTHASE-RXN	PROTON	right
SUCROSE-PHOSPHATE-SYNTHASE-RXN	SUCROSE-6P	right
SUCROSE-PHOSPHATE-SYNTHASE-RXN	UDP	right
RXN-4262	CPD-707	left
RXN-4262	NAD	left
RXN-4262	CPD-3941	right
RXN-4262	NADH	right
RXN-19005	UDP-D-XYLOSE	left
RXN-19005	Mannosyl5-N-acetyl-glucosamine2-R	left
RXN-19005	Man5-GlcNAc3-Xyl-Proteins	right
RXN-19005	PROTON	right
RXN-19005	UDP	right
RXN-10787	CPD-12575	left
RXN-10787	CPD-520	left
RXN-10787	UDP	right
RXN-10787	PROTON	right
RXN-10787	CPD-11684	right
RXN-9255	CPD-9880	left
RXN-9255	CPD-9885	right
RXN-13959	P-COUMAROYL-COA	left
RXN-13959	Anthocyanidin-3-O-beta-D-glucosides	left
RXN-13959	CO-A	right
RXN-13959	Anthocyanidin-cinnamoyl-glucosides	right
RXN-14439	PELARGONIDIN-3-GLUCOSIDE-CMPD	left
RXN-14439	CPD-15006	left
RXN-14439	CPD-7137	right
RXN-14439	VANILLATE	right
RXN-14439	PROTON	right
RXN-22831	CPD-720	left
RXN-22831	OXYGEN-MOLECULE	left
RXN-22831	Red-NADPH-Hemoprotein-Reductases	left
RXN-22831	CPD-719	right
RXN-22831	WATER	right
RXN-22831	Ox-NADPH-Hemoprotein-Reductases	right
RXNQT-4161	CPD1F-437	left
RXNQT-4161	UDP-L-RHAMNOSE	left
RXNQT-4161	CPD-5521	right
RXNQT-4161	UDP	right
RXN-14635	S-ADENOSYLMETHIONINE	left
RXN-14635	CPD-15473	left
RXN-14635	PROTON	right
RXN-14635	ADENOSYL-HOMO-CYS	right
RXN-14635	CPD-15468	right
RXN-8364	CPD-8161	left
RXN-8364	OXYGEN-MOLECULE	left
RXN-8364	Donor-H2	left
RXN-8364	CPD-8162	right
RXN-8364	WATER	right
RXN-8364	Acceptor	right
RXN-15908	Starch	left
RXN-15908	Linear-Malto-Oligosaccharides	right
RXN-8323	CPD-2182	left
RXN-8323	OXYGEN-MOLECULE	left
RXN-8323	FERROCYTOCHROME-B5	left
RXN-8323	PROTON	left
RXN-8323	CPD-8090	right
RXN-8323	WATER	right
RXN-8323	FERRICYTOCHROME-B5	right
RXN-11172	CPD-12113	left
RXN-11172	CPD-12114	right
RXN-12871	CPD-13913	left
RXN-12871	WATER	left
RXN-12871	CPD-13912	right
RXN-12871	PROTON	right
RXN-11447	CPDQT-274	left
RXN-11447	BENZOYLCOA	left
RXN-11447	CPD-12420	right
RXN-11447	CO-A	right
RXN-8700	S-ADENOSYLMETHIONINE	left
RXN-8700	S-RETICULINE	left
RXN-8700	PROTON	right
RXN-8700	CPD-8924	right
RXN-8700	ADENOSYL-HOMO-CYS	right
RXN-9915	EPOXYSQUALENE	left
RXN-9915	GERMANICOL	right
NAPHTHOATE-SYN-RXN	PROTON	left
NAPHTHOATE-SYN-RXN	CPD-6972	left
NAPHTHOATE-SYN-RXN	CPD-9925	right
NAPHTHOATE-SYN-RXN	WATER	right
RXN-15122	THR	left
RXN-15122	CPD-15056	right
RXN-15122	WATER	right
RXN1F-357	CHOLINE	left
RXN1F-357	OXYGEN-MOLECULE	left
RXN1F-357	Reduced-ferredoxins	left
RXN1F-357	PROTON	left
RXN1F-357	BETAINE-ALDEHYDE-HYDRATE	right
RXN1F-357	WATER	right
RXN1F-357	Oxidized-ferredoxins	right
RXN-20673	3-DEOXY-D-ARABINO-HEPTULOSONATE-7-P	left
RXN-20673	CPD-22307	right
2.3.1.133-RXN	P-COUMAROYL-COA	left
2.3.1.133-RXN	SHIKIMATE	left
2.3.1.133-RXN	CPD-412	right
2.3.1.133-RXN	CO-A	right
RXN-19994	17-O-ACETYLNORAJMALINE	left
RXN-19994	NADP	left
RXN-19994	CPD-21573	right
RXN-19994	NADPH	right
RXN-19994	PROTON	right
RXN-7760	CPD-7073	left
RXN-7760	UDP-L-RHAMNOSE	left
RXN-7760	PROTON	right
RXN-7760	CPD-7074	right
RXN-7760	UDP	right
RXN-12348	S-ADENOSYLMETHIONINE	left
RXN-12348	Diacylglycerolhomoserines	left
RXN-12348	Diacylglycerol-NNN-trimethylhomoserines	right
RXN-12348	ADENOSYL-HOMO-CYS	right
RXN-12348	PROTON	right
RXN-1823	Starch	left
RXN-1823	WATER	left
RXN-1823	Large-branched-glucans	right
RXN-13527	CPD-14514	left
RXN-13527	Acceptor	left
RXN-13527	CPD-14516	right
RXN-13527	Donor-H2	right
RXN-13527	PROTON	right
RXN-9539	Myristoyl-ACPs	left
RXN-9539	MALONYL-ACP	left
RXN-9539	PROTON	left
RXN-9539	3-oxo-palmitoyl-ACPs	right
RXN-9539	CARBON-DIOXIDE	right
RXN-9539	ACP	right
RXN-8545	FARNESYL-PP	left
RXN-8545	CPD-8734	right
RXN-8545	PPI	right
RXN-18441	CPD-4211	left
RXN-18441	CPD-7105	left
RXN-18441	PPI	right
RXN-18441	CPD-7110	right
RXN-9107	CPD-9625	left
RXN-9107	CPD-9626	right
RXN-9097	Glucosylated-Glucose-Acceptors	left
RXN-9097	2-OXINDOLE-3-ACETYL-ASP	left
RXN-9097	Non-Glucosylated-Glucose-Acceptors	right
RXN-9097	CPD-9602	right
RXN-12533	S-Substituted-Glutamyl-Cysteine	left
RXN-12533	WATER	left
RXN-12533	S-Substituted-L-Cysteines	right
RXN-12533	GLT	right
RXN-9806	CPD-10514	left
RXN-9806	WATER	left
RXN-9806	CPD-10515	right
RXN4FS-2	S-ADENOSYLMETHIONINE	left
RXN4FS-2	CPD-160	left
RXN4FS-2	PHOSPHATIDYLCHOLINE	right
RXN4FS-2	ADENOSYL-HOMO-CYS	right
RXN4FS-2	PROTON	right
RXN-5472	CPD-5170	left
RXN-5472	CPD-166	left
RXN-5472	CPD-18076	right
RXN-5472	DOLICHOLP	right
RXN-5472	PROTON	right
RXN-9537	R-3-hydroxymyristoyl-ACPs	left
RXN-9537	Tetradec-2-enoyl-ACPs	right
RXN-9537	WATER	right
RXN-9249	CPD-9878	left
RXN-9249	CPD-9879	right
DTDPGLUCDEHYDRAT-RXN	DTDP-D-GLUCOSE	left
DTDPGLUCDEHYDRAT-RXN	WATER	right
DTDPGLUCDEHYDRAT-RXN	DTDP-DEOH-DEOXY-GLUCOSE	right
RXN-8477	CPD-12575	left
RXN-8477	CPD-8661	left
RXN-8477	PROTON	right
RXN-8477	CPD-8668	right
RXN-8477	UDP	right
RXN-11418	CPDQT-350	left
RXN-11418	OXYGEN-MOLECULE	left
RXN-11418	Red-NADPH-Hemoprotein-Reductases	left
RXN-11418	CPD-12401	right
RXN-11418	WATER	right
RXN-11418	Ox-NADPH-Hemoprotein-Reductases	right
2.7.7.57-RXN	PROTON	left
2.7.7.57-RXN	CPD-406	left
2.7.7.57-RXN	CTP	left
2.7.7.57-RXN	CDP-N-METHYLETHANOLAMIN	right
2.7.7.57-RXN	PPI	right
RXN-12602	CPD-11534	left
RXN-12602	OXYGEN-MOLECULE	left
RXN-12602	Red-NADPH-Hemoprotein-Reductases	left
RXN-12602	CPD-13542	right
RXN-12602	WATER	right
RXN-12602	Ox-NADPH-Hemoprotein-Reductases	right
RXN-12602	PROTON	right
RXN-15191	CPD-16172	left
RXN-15191	OXYGEN-MOLECULE	left
RXN-15191	NADPH	left
RXN-15191	ANTHRANILATE	right
RXN-15191	NADP	right
RXN-15191	WATER	right
RXN-7903	Stearoyl-ACPs	left
RXN-7903	Reduced-ferredoxins	left
RXN-7903	OXYGEN-MOLECULE	left
RXN-7903	PROTON	left
RXN-7903	Oleoyl-ACPs	right
RXN-7903	Oxidized-ferredoxins	right
RXN-7903	WATER	right
RXN-7590	CPD-6202	left
RXN-7590	2-KETOGLUTARATE	left
RXN-7590	OXYGEN-MOLECULE	left
RXN-7590	CPD-6201	right
RXN-7590	SUC	right
RXN-7590	CARBON-DIOXIDE	right
RXN-7590	WATER	right
RXN-9119	CPD-9632	left
RXN-9119	CPD-9633	right
ADENYLYLSULFATASE-RXN	APS	left
ADENYLYLSULFATASE-RXN	WATER	left
ADENYLYLSULFATASE-RXN	PROTON	right
ADENYLYLSULFATASE-RXN	SULFATE	right
ADENYLYLSULFATASE-RXN	AMP	right
RXN0-2382	INDOLE	left
RXN0-2382	SER	left
RXN0-2382	TRP	right
RXN0-2382	WATER	right
RXN-10817	PHENYLETHYLAMINE	left
RXN-10817	OXYGEN-MOLECULE	left
RXN-10817	WATER	left
RXN-10817	PHENYLACETALDEHYDE	right
RXN-10817	AMMONIUM	right
RXN-10817	HYDROGEN-PEROXIDE	right
RXN-15127	CPD-16015	left
RXN-15127	WATER	left
RXN-15127	PYRUVATE	right
RXN-15127	AMMONIUM	right
2.6.1.57-RXN	Aromatic-Amino-Acids	left
2.6.1.57-RXN	2-KETOGLUTARATE	left
2.6.1.57-RXN	Aromatic-Oxoacids	right
2.6.1.57-RXN	GLT	right
RXN-10700	CPD-11525	left
RXN-10700	ACETYL-COA	left
RXN-10700	CPD-11524	right
RXN-10700	CO-A	right
TRANS-RXN-323	Chitodextrins	left
TRANS-RXN-323	Chitodextrins	right
RXN-13524	CPD-9424	left
RXN-13524	Donor-H2	left
RXN-13524	OXYGEN-MOLECULE	left
RXN-13524	CPD-14516	right
RXN-13524	Acceptor	right
RXN-13524	WATER	right
RXN-13524	PROTON	right
RXN-11773	CPD-12745	left
RXN-11773	WATER	left
RXN-11773	Donor-H2	left
RXN-11773	CPD-12746	right
RXN-11773	PPI	right
RXN-11773	Acceptor	right
RXN-21162	4-ALPHA-METHYL-5-ALPHA	left
RXN-21162	FERROCYTOCHROME-B5	left
RXN-21162	OXYGEN-MOLECULE	left
RXN-21162	PROTON	left
RXN-21162	CPD-22763	right
RXN-21162	FERRICYTOCHROME-B5	right
RXN-21162	WATER	right
RXN-13603	CPD-14596	left
RXN-13603	WATER	left
RXN-13603	CPD-10277	right
RXN-13603	Glucopyranose	right
RXN-7687	CPD-6994	left
RXN-7687	2-KETOGLUTARATE	left
RXN-7687	OXYGEN-MOLECULE	left
RXN-7687	5734-TETRAHYDROXYFLAVONE	right
RXN-7687	SUC	right
RXN-7687	CARBON-DIOXIDE	right
RXN-7687	WATER	right
RXN18C3-43	CPD-19018	left
RXN18C3-43	ISOBUTYRYL-COA	left
RXN18C3-43	CPD-19121	right
RXN18C3-43	CO-A	right
RXN-22604	D-LACTATE	left
RXN-22604	PROTON	left
RXN-22604	CPD-24843	right
RXN0-5114	3-P-SERINE	left
RXN0-5114	WATER	left
RXN0-5114	SER	right
RXN0-5114	Pi	right
RXN-12418	CPD-14553	left
RXN-12418	Xyloglucans-Galactose-3	left
RXN-12418	Xyloglucans-Galactose-23	right
RXN-12418	UDP	right
RXN-18209	CPD-19491	left
RXN-18209	PROTON	left
RXN-18209	CPDQT-27	right
RXN-18209	CARBON-DIOXIDE	right
RXN-16195	CPD-17444	left
RXN-16195	WATER	left
RXN-16195	CPD-17443	right
RXN-16195	GLY	right
1-PHOSPHATIDYLINOSITOL-KINASE-RXN	L-1-phosphatidyl-inositols	left
1-PHOSPHATIDYLINOSITOL-KINASE-RXN	ATP	left
1-PHOSPHATIDYLINOSITOL-KINASE-RXN	CPD-1108	right
1-PHOSPHATIDYLINOSITOL-KINASE-RXN	ADP	right
1-PHOSPHATIDYLINOSITOL-KINASE-RXN	PROTON	right
RXN-14025	UMP	left
RXN-14025	WATER	left
RXN-14025	URIDINE	right
RXN-14025	Pi	right
RXN-9105	DIHYDROXYNAPHTHOATE	left
RXN-9105	CPD-4211	left
RXN-9105	ALIZARIN	right
RXN-9105	PPI	right
DIAMINOPIMDECARB-RXN	PROTON	left
DIAMINOPIMDECARB-RXN	MESO-DIAMINOPIMELATE	left
DIAMINOPIMDECARB-RXN	CARBON-DIOXIDE	right
DIAMINOPIMDECARB-RXN	LYS	right
RXN-20050	CPD-21665	left
RXN-20050	PROTON	left
RXN-20050	CPD-21663	right
RXN-20050	WATER	right
RXN-2945	INDOLE_ACETATE_AUXIN	left
RXN-2945	LEU	left
RXN-2945	ATP	left
RXN-2945	PROTON	right
RXN-2945	INDOLE-3-ACETYL-LEU	right
RXN-2945	PPI	right
RXN-2945	AMP	right
RXN-8454	CPD-8632	left
RXN-8454	OXYGEN-MOLECULE	left
RXN-8454	CPD-8634	right
RXN-8454	WATER	right
RXN-10483	CPD-11293	left
RXN-10483	PPI	right
RXN-10483	CPD-11287	right
GLUTDECARBOX-RXN	PROTON	left
GLUTDECARBOX-RXN	GLT	left
GLUTDECARBOX-RXN	CARBON-DIOXIDE	right
GLUTDECARBOX-RXN	4-AMINO-BUTYRATE	right
2.3.1.23-RXN	ACYL-COA	left
2.3.1.23-RXN	2-Lysophosphatidylcholines	left
2.3.1.23-RXN	PHOSPHATIDYLCHOLINE	right
2.3.1.23-RXN	CO-A	right
RXN-16096	CPD-17347	left
RXN-16096	CPD-17348	right
RXN-16096	WATER	right
RXN-7738	CHLOROPHYLL-A	left
RXN-7738	WATER	left
RXN-7738	PROTON	right
RXN-7738	CHLOROPHYLLIDE-A	right
RXN-7738	PHYTOL	right
RXN-9005	CPD-12575	left
RXN-9005	CPD-9461	left
RXN-9005	CPD-9464	right
RXN-9005	UDP	right
RXN-13448	S-ADENOSYLMETHIONINE	left
RXN-13448	CPD-14427	left
RXN-13448	ADENOSYL-HOMO-CYS	right
RXN-13448	CPD-14430	right
RXN-13448	PROTON	right
RXN-13874	CPD-12575	left
RXN-13874	CPD-14857	left
RXN-13874	CPD-14886	right
RXN-13874	UDP	right
RXN-13874	PROTON	right
RXN-7596	S-ADENOSYLMETHIONINE	left
RXN-7596	XANTHOSINE	left
RXN-7596	7-METHYLXANTHOSINE	right
RXN-7596	ADENOSYL-HOMO-CYS	right
RXN-16398	PALMITATE	left
RXN-16398	OXYGEN-MOLECULE	left
RXN-16398	Red-NADPH-Hemoprotein-Reductases	left
RXN-16398	16-HYDROXYPALMITATE	right
RXN-16398	Ox-NADPH-Hemoprotein-Reductases	right
RXN-16398	WATER	right
RXN-20958	CPD-22599	left
RXN-20958	CPD-10537	right
RXN-20958	WATER	right
RXN-13003	CPDQT-256	left
RXN-13003	OXYGEN-MOLECULE	left
RXN-13003	Red-NADPH-Hemoprotein-Reductases	left
RXN-13003	CPD-14039	right
RXN-13003	Ox-NADPH-Hemoprotein-Reductases	right
RXN-13003	WATER	right
RXN-13003	PROTON	right
RXN-4142	Fatty-Aldehydes	left
RXN-4142	NAD	left
RXN-4142	WATER	left
RXN-4142	Fatty-Acids	right
RXN-4142	NADH	right
RXN-4142	PROTON	right
RXN-19587	CPD-12406	left
RXN-19587	WATER	left
RXN-19587	CPDQT-410	right
RXN-19587	GLY	right
RXN-8333	CPD-8094	left
RXN-8333	WATER	left
RXN-8333	PROTON	right
RXN-8333	CPD-8095	right
RXN-18349	CPD-19723	left
RXN-18349	PROTON	left
RXN-18349	3-OH-Anthocyanidins	right
RXN-18349	WATER	right
2.3.1.160-RXN	16-EPIVELLOSIMINE	left
2.3.1.160-RXN	ACETYL-COA	left
2.3.1.160-RXN	VINORINE	right
2.3.1.160-RXN	CO-A	right
GLYCEROL-KIN-RXN	GLYCEROL	left
GLYCEROL-KIN-RXN	ATP	left
GLYCEROL-KIN-RXN	PROTON	right
GLYCEROL-KIN-RXN	GLYCEROL-3P	right
GLYCEROL-KIN-RXN	ADP	right
RXN-9006	CPD-12575	left
RXN-9006	CPD-9469	left
RXN-9006	CPD-9467	right
RXN-9006	UDP	right
UPPSYN-RXN	Di-trans-poly-cis-polyprenyl-PP	left
UPPSYN-RXN	DELTA3-ISOPENTENYL-PP	left
UPPSYN-RXN	PPI	right
UPPSYN-RXN	Di-trans-poly-cis-polyprenyl-PP	right
MALDEXPHOSPHORYL-RXN	Pi	left
MALDEXPHOSPHORYL-RXN	MALTOTETRAOSE	left
MALDEXPHOSPHORYL-RXN	GLC-1-P	right
MALDEXPHOSPHORYL-RXN	CPD-1790	right
DCYSDESULF-RXN	WATER	left
DCYSDESULF-RXN	D-CYSTEINE	left
DCYSDESULF-RXN	AMMONIUM	right
DCYSDESULF-RXN	PYRUVATE	right
DCYSDESULF-RXN	HS	right
RXN-11101	CPD-3946	left
RXN-11101	OXYGEN-MOLECULE	left
RXN-11101	Red-NADPH-Hemoprotein-Reductases	left
RXN-11101	CPD-717	right
RXN-11101	Ox-NADPH-Hemoprotein-Reductases	right
RXN-11101	WATER	right
RXN-8425	FARNESYL-PP	left
RXN-8425	CPD-8242	right
RXN-8425	PPI	right
DEOXYNUCLEOTIDE-3-PHOSPHATASE-RXN	Deoxy-Ribonucleoside-3P	left
DEOXYNUCLEOTIDE-3-PHOSPHATASE-RXN	WATER	left
DEOXYNUCLEOTIDE-3-PHOSPHATASE-RXN	Deoxy-Ribonucleosides	right
DEOXYNUCLEOTIDE-3-PHOSPHATASE-RXN	Pi	right
2.1.1.118-RXN	S-ADENOSYLMETHIONINE	left
2.1.1.118-RXN	COLUMBAMINE	left
2.1.1.118-RXN	PROTON	right
2.1.1.118-RXN	ADENOSYL-HOMO-CYS	right
2.1.1.118-RXN	PALMATINE	right
RXN-11340	DODECANOATE	left
RXN-11340	Red-NADPH-Hemoprotein-Reductases	left
RXN-11340	OXYGEN-MOLECULE	left
RXN-11340	CPD-12299	right
RXN-11340	Ox-NADPH-Hemoprotein-Reductases	right
RXN-11340	WATER	right
RXN-18895	CPD-15154	left
RXN-18895	DOPAQUINONE	left
RXN-18895	CPD-20262	right
RXN-18895	L-DIHYDROXY-PHENYLALANINE	right
RXN-8255	CPD-7996	left
RXN-8255	L-HYOSCYAMINE	right
RXN-13921	S-ADENOSYLMETHIONINE	left
RXN-13921	CPD-14930	left
RXN-13921	CPD-14942	right
RXN-13921	ADENOSYL-HOMO-CYS	right
RXN-13921	PROTON	right
PHOSPHOENOLPYRUVATE-PHOSPHATASE-RXN	WATER	left
PHOSPHOENOLPYRUVATE-PHOSPHATASE-RXN	PHOSPHO-ENOL-PYRUVATE	left
PHOSPHOENOLPYRUVATE-PHOSPHATASE-RXN	Pi	right
PHOSPHOENOLPYRUVATE-PHOSPHATASE-RXN	PYRUVATE	right
RXN-779	CPD-724	left
RXN-779	Red-NADPH-Hemoprotein-Reductases	left
RXN-779	OXYGEN-MOLECULE	left
RXN-779	CPD-634	right
RXN-779	Ox-NADPH-Hemoprotein-Reductases	right
RXN-779	WATER	right
RXN-14396	HYDROXYMETHYLBILANE	left
RXN-14396	CPD-11444	right
RXN-14396	WATER	right
RXN-8609	FARNESYL-PP	left
RXN-8609	CPD-8809	right
RXN-8609	PPI	right
1.14.13.91-RXN	10-DEOXYSARPAGINE	left
1.14.13.91-RXN	Red-NADPH-Hemoprotein-Reductases	left
1.14.13.91-RXN	OXYGEN-MOLECULE	left
1.14.13.91-RXN	CPD-4243	right
1.14.13.91-RXN	Ox-NADPH-Hemoprotein-Reductases	right
1.14.13.91-RXN	WATER	right
3-DEHYDROQUINATE-DEHYDRATASE-RXN	DEHYDROQUINATE	left
3-DEHYDROQUINATE-DEHYDRATASE-RXN	WATER	right
3-DEHYDROQUINATE-DEHYDRATASE-RXN	3-DEHYDRO-SHIKIMATE	right
6.3.4.11-RXN	3-methylcrotonoyl-CoA-carboxylase-lysine	left
6.3.4.11-RXN	BIOTIN	left
6.3.4.11-RXN	ATP	left
6.3.4.11-RXN	Biotin-EC6-4-1-4	right
6.3.4.11-RXN	PPI	right
6.3.4.11-RXN	AMP	right
6.3.4.11-RXN	PROTON	right
RXN0-7229	ETR-Quinones	left
RXN0-7229	GLYCOLLATE	left
RXN0-7229	ETR-Quinols	right
RXN0-7229	GLYOX	right
RXN-11936	CPD-12911	left
RXN-11936	FERROCYTOCHROME-B5	left
RXN-11936	OXYGEN-MOLECULE	left
RXN-11936	PROTON	left
RXN-11936	CPD-12912	right
RXN-11936	FERRICYTOCHROME-B5	right
RXN-11936	WATER	right
RXN-9102	Glucosylated-Glucose-Acceptors	left
RXN-9102	CPD-9602	left
RXN-9102	Non-Glucosylated-Glucose-Acceptors	right
RXN-9102	CPD-9603	right
RXN-10635	FARNESYL-PP	left
RXN-10635	WATER	left
RXN-10635	CPD-11430	right
RXN-10635	PPI	right
NARINGENIN-3-DIOXYGENASE-RXN	NARINGENIN-CMPD	left
NARINGENIN-3-DIOXYGENASE-RXN	OXYGEN-MOLECULE	left
NARINGENIN-3-DIOXYGENASE-RXN	2-KETOGLUTARATE	left
NARINGENIN-3-DIOXYGENASE-RXN	CARBON-DIOXIDE	right
NARINGENIN-3-DIOXYGENASE-RXN	SUC	right
NARINGENIN-3-DIOXYGENASE-RXN	DIHYDROKAEMPFEROL-CMPD	right
RXN-10815	PHENYL-PYRUVATE	left
RXN-10815	OXYGEN-MOLECULE	left
RXN-10815	CPD-11495	right
RXN-10815	CARBON-DIOXIDE	right
2.6.1.58-RXN	PYRUVATE	left
2.6.1.58-RXN	PHE	left
2.6.1.58-RXN	PHENYL-PYRUVATE	right
2.6.1.58-RXN	L-ALPHA-ALANINE	right
SUCC-FUM-OXRED-RXN	SUC	left
SUCC-FUM-OXRED-RXN	Acceptor	left
SUCC-FUM-OXRED-RXN	FUM	right
SUCC-FUM-OXRED-RXN	Donor-H2	right
RXN-14378	ADP-D-GLUCOSE	left
RXN-14378	1-4-alpha-D-Glucan	left
RXN-14378	ADP	right
RXN-14378	Alpha-Amyloses	right
MALATE-DEH-RXN	MAL	left
MALATE-DEH-RXN	NAD	left
MALATE-DEH-RXN	PROTON	right
MALATE-DEH-RXN	OXALACETIC_ACID	right
MALATE-DEH-RXN	NADH	right
TYROSINE-3-MONOOXYGENASE-RXN	TYR	left
TYROSINE-3-MONOOXYGENASE-RXN	TETRA-H-BIOPTERIN	left
TYROSINE-3-MONOOXYGENASE-RXN	OXYGEN-MOLECULE	left
TYROSINE-3-MONOOXYGENASE-RXN	L-DIHYDROXY-PHENYLALANINE	right
TYROSINE-3-MONOOXYGENASE-RXN	4a-Hydroxytetrahydrobiopterins	right
RXN-2103	1-4-alpha-D-galacturonosyl	left
RXN-2103	WATER	left
RXN-2103	1-4-alpha-D-galacturonosyl	right
1.14.13.74-RXN	7-DEOXYLOGANIN	left
1.14.13.74-RXN	OXYGEN-MOLECULE	left
1.14.13.74-RXN	Red-NADPH-Hemoprotein-Reductases	left
1.14.13.74-RXN	LOGANIN	right
1.14.13.74-RXN	WATER	right
1.14.13.74-RXN	Ox-NADPH-Hemoprotein-Reductases	right
HYDROHEX-RXN	13-HYDROPEROXYOCTADECA-911-DIENOATE	left
HYDROHEX-RXN	12-OXO-CIS-9-DODECENOATE	right
HYDROHEX-RXN	HEXANAL	right
RXN-8184	CPD1F-129	left
RXN-8184	Donor-H2	left
RXN-8184	OXYGEN-MOLECULE	left
RXN-8184	CPD-7850	right
RXN-8184	Acceptor	right
RXN-8184	WATER	right
RXN-7632	CPD-6982	left
RXN-7632	NAD-P-OR-NOP	left
RXN-7632	34-DIHYDROXYPHENYLPYRUVATE	right
RXN-7632	NADH-P-OR-NOP	right
RXN-7632	PROTON	right
