Lab.ID	BIOCYC.ID	Compound.name	mz	RT	CAS.ID	HMDB.ID	KEGG.ID	Formula	mz.pos	mz.neg	Submitter	Synonyms	monisotopic_molecular_weight	SMILES.ID	INCHI.ID	INCHIKEY.ID	Kingdom	Super_class	Class	Sub_class	direct_parent	molecular_framework	classyfire_status	classyfire_source	source
CPD-18719	CPD-18719	D-fructofuranose 6-phosphate	260.0297185262					C6H11O9P			plantcyc <https://plantcyc.org/>		260.0297185262	C(OP(=O)([O-])[O-])[C@H]1(OC(CO)(O)[C@@H](O)[C@H](O)1)		BGWGXPAPYGQALX-VRPWFDPXSA-L									PlantCyc/PMN local PGDB
Heme-d1	Heme-d1	heme d 1	712.146785369					C34H26N4O10FE			plantcyc <https://plantcyc.org/>		712.146785369	CC6(\C(/CCC(=O)[O-])=C7(\C=C8(C(/C=C/C([O-])=O)=C(C)/C1(/N([Fe-2]35(N(C(/C=C4(C(=O)[C@@](CC(=O)[O-])(C)C(\C=C2(C(=O)[C@](C)(CC([O-])=O)C(\C=1)=[N+]2/3))=[N+]4/5))=6)7))8))))		YTCKFKAUGWIMPJ-FSQDTXDGSA-H									PlantCyc/PMN local PGDB
CPD-19814	CPD-19814	tuberonic acid glucoside	388.1733324977					C18H27O9			plantcyc <https://plantcyc.org/>	12-hydroxyjasmonate 12- O -beta-D-glucoside	388.1733324977	C(O[C@@H]1(O[C@H](CO)[C@@H](O)[C@H](O)[C@@H](O)1))C\C=C/CC2(C(=O)CCC2CC([O-])=O)		JFDNMLUPLXZXGV-CTVCMHGRSA-M									PlantCyc/PMN local PGDB
Phycocyanobilins	Phycocyanobilins	a phycocyanobilin	586.2791349732					C33H36N4O6			plantcyc <https://plantcyc.org/>	a phycobiliverdin	586.2791349732	C/C=C1([C@@H](C)C(NC\1=C/C4(/NC(/C=C3(C(/CCC([O-])=O)=C(C)/C(\C=C2(C(/C)=C(CC)/C(=O)N2))=N\3))=C(CCC([O-])=O)/C(\C)=4))=O)		INPDFIMLLXXDOQ-MKLOKSPTSA-L									PlantCyc/PMN local PGDB
CPD-478	CPD-478	1-pyrroline-5-carboxylate	113.0476784741					C5H6NO2			plantcyc <https://plantcyc.org/>	3,4-dihydro-2H-pyrrole-2-carboxylate	113.0476784741	C1(\CCC(\N=1)C(=O)[O-])		DWAKNKKXGALPNW-UHFFFAOYSA-M									PlantCyc/PMN local PGDB
Phosphoserines	Phosphoserines	L(or D)- O -phosphoserine	185.0089235046					C3H5NO6P			plantcyc <https://plantcyc.org/>	a phosphoserine	185.0089235046	C(OP(=O)([O-])[O-])C(N)C([O-])=O		BZQFBWGGLXLEPQ-UHFFFAOYSA-K									PlantCyc/PMN local PGDB
D-galactofuranose	D-galactofuranose	D-galactofuranose	180.0633881178					C6H12O6			plantcyc <https://plantcyc.org/>		180.0633881178	C(O)[C@@H](O)[C@H]1([C@H](O)[C@@H](O)C(O1)O)		AVVWPBAENSWJCB-RSVSWTKNSA-N									PlantCyc/PMN local PGDB
L-Iduronate	L-Iduronate	L-iduronate	194.0426526757					C6H9O7			plantcyc <https://plantcyc.org/>		194.0426526757	C(=O)[C@H](O)[C@@H](O)[C@H](O)[C@@H](O)C(=O)[O-]		IAJILQKETJEXLJ-SKNVOMKLSA-M									PlantCyc/PMN local PGDB
RIBOSE-5P	RIBOSE-5P	D-ribose 5-phosphate	230.0191538399					C5H9O8P			plantcyc <https://plantcyc.org/>	D-ribose-5-phosphoric acid // ribose-5-phosphoric acid // ribose-5P // D-ribose-5-P // ribose-5-P // D-ribose 5'-phosphate	230.0191538399	C(=O)[C@H](O)[C@H](O)[C@@H](COP([O-])([O-])=O)O											PlantCyc/PMN local PGDB
D-Mannosamines	D-Mannosamines	D-mannosamine	179.079372533					C6H14NO5			plantcyc <https://plantcyc.org/>	2-amino-2-deoxy-D-Mannose	179.079372533	C(O)[C@@H]1([C@@H](O)[C@H](O)[C@H]([NH3+])C(O)O1)		MSWZFWKMSRAUBD-CBPJZXOFSA-O									PlantCyc/PMN local PGDB
CPD-8475	CPD-8475	2-hydroxyhexadecanoate	272.2351448935					C16H31O3			plantcyc <https://plantcyc.org/>	2-hydroxyhexadecanoic acid // 2-hydroxypalmitate // 2-hydroxypalmitic acid	272.2351448935	CCCCCCCCCCCCCCC(O)C([O-])=O		JGHSBPIZNUXPLA-UHFFFAOYSA-M									PlantCyc/PMN local PGDB
N-acetyl-alpha-D-hexosamines	N-acetyl-alpha-D-hexosamines	an N-acetyl-alpha-D-hexosamine	221.0899372193					C8H15NO6			plantcyc <https://plantcyc.org/>		221.0899372193	CC(NC1(C(C([C@H](O[C@@H]1O)CO)O)O))=O		OVRNDRQMDRJTHS-HOJWEIHESA-N									PlantCyc/PMN local PGDB
CPD0-2227	CPD0-2227	an octadecenoyl-CoA (n-C18:1CoA)	1031.3605240149					C39H64N7O17P3S			plantcyc <https://plantcyc.org/>		1031.3605240149	CCCCCCCCCCCCCCC/C=C/C(=O)SCCNC(=O)CCNC(=O)[C@H](O)C(C)(C)COP(=O)(OP(=O)(OC[C@@H]1([C@@H](OP([O-])(=O)[O-])[C@@H](O)[C@@H](O1)N2(C3(\N=C/N=C(C(\N=C/2)=3)/N))))[O-])[O-]		NBCCUIHOHUKBMK-LFZQUHGESA-J									PlantCyc/PMN local PGDB
CPD0-2228	CPD0-2228	a tetradecenoyl-CoA (n-C14:1CoA)	975.2979237581					C35H56N7O17P3S			plantcyc <https://plantcyc.org/>		975.2979237581	CCCCCC/C=C/CCCCCC(=O)SCCNC(=O)CCNC(=O)[C@H](O)C(C)(C)COP(=O)(OP(=O)(OC[C@@H]1([C@@H](OP([O-])(=O)[O-])[C@@H](O)[C@@H](O1)N2(C3(\N=C/N=C(C(\N=C/2)=3)/N))))[O-])[O-]		JPIHVKICKVPFFY-QSGBVPJFSA-J									PlantCyc/PMN local PGDB
Thiazoles	Thiazoles	a thiazole	84.9986197915					C3H3NS			plantcyc <https://plantcyc.org/>		84.9986197915	C1(\N=C/S\C=1)											PlantCyc/PMN local PGDB
UDP-L-arabinopyranose	UDP-L-arabinopyranose	UDP-L-arabinopyranose	536.0444556902					C14H20N2O16P2			plantcyc <https://plantcyc.org/>		536.0444556902	C3(OC(OP(OP(OC[C@@H]2([C@H]([C@H]([C@H](N1(\C=C/C(=O)NC1=O))O2)O)O))(=O)[O-])(=O)[O-])[C@H](O)[C@@H](O)[C@@H](O)3)		DQQDLYVHOTZLOR-OKQNPRBNSA-L									PlantCyc/PMN local PGDB
HEME_A	HEME_A	heme a	854.3705777152					C49H54N4O6FE			plantcyc <https://plantcyc.org/>		854.3705777152	C=CC4(\C6(/C=C8(C(/C)=C(CCC(=O)[O-])/C1(/N([Fe]35([N+]2(\C(/C(/C=O)=C(CCC(=O)[O-])\C(/C=1)=2)=C/C7(/N3C(\C=C(C(/C)=4)/[N+]\5=6)=C(C(/C)=7)/[C@@H](O)CC/C=C(C)/CC/C=C(C)/CCC=C(C)C))))8))))		RRJCKGQQRUXGQR-PRYGPKJJSA-J									PlantCyc/PMN local PGDB
Vernolates	Vernolates	vernolate	296.2351448935					C18H31O3			plantcyc <https://plantcyc.org/>	12,13-epoxy-9-cis-octadecenoic acid // 12,13-epoxy-9-cis-octadecenoate // vernolic acid // (9Z)-11-(3-pentyloxiran-2-yl)undec-9-enoic acid // (9Z)-11-(3-pentyloxiran-2-yl)undec-9-enoic acids // 12(13)-EpOME // (9Z)-12,13-epoxyoctadecenoic acid // 12,13-cis-epoxyoctadecenoic acid // cis-12,13-ep, 9c-18:1 // cis-12,13-epoxy-9-octadecenoic acid // isoleukotoxin // (+/-)12(13)-EpOME // (+/-)vernolate	296.2351448935	CCCCCC1(OC(C\C=C/CCCCCCCC(=O)[O-])1)		CCPPLLJZDQAOHD-FLIBITNWSA-M									PlantCyc/PMN local PGDB
DEOXY-RIBOSE-5P	DEOXY-RIBOSE-5P	2-deoxy-D-ribose 5-phosphate	214.0242392178					C5H9O7P			plantcyc <https://plantcyc.org/>		214.0242392178	C(OP([O-])(=O)[O-])[C@@H]1([C@@H](O)CC(O)O1)		KKZFLSZAWCYPOC-PYHARJCCSA-L									PlantCyc/PMN local PGDB
Retinals	Retinals	a retinal	284.2140155209					C20H28O			plantcyc <https://plantcyc.org/>	Vitamin A // Vitamin A1	284.2140155209	CC(/C=C/C1(/C(C)(C)CCCC(/C)=1))=C\C=C\C(/C)=C\C=O											PlantCyc/PMN local PGDB
CPD0-1561	CPD0-1561	selenocysteine	168.9642002741					C3H7NO2SE			plantcyc <https://plantcyc.org/>	3-selenyl-alanine // D,L-selenocysteine // selenium-cystine	168.9642002741	C([SeH])C([NH3+])C([O-])=O		ZKZBPNGNEQAJSX-UHFFFAOYSA-N									PlantCyc/PMN local PGDB
25-DIAMINOPENTANOATE	25-DIAMINOPENTANOATE	ornithine	132.0898776398					C5H13N2O2			plantcyc <https://plantcyc.org/>	2,5-diaminopentanoate	132.0898776398	C(C[NH3+])CC([NH3+])C([O-])=O											PlantCyc/PMN local PGDB
2-HYDROXYGLUTARIC_ACID	2-HYDROXYGLUTARIC_ACID	2-hydroxyglutarate	148.0371733673					C5H6O5			plantcyc <https://plantcyc.org/>	2-hydroxyglutaric acid // alpha-hydroxyglutarate // alpha-hydroxy-glutarate // 2-hydroxypentanedioic acid	148.0371733673	C(CC(=O)[O-])C(O)C(=O)[O-]		HWXBTNAVRSUOJR-UHFFFAOYSA-L									PlantCyc/PMN local PGDB
CPD-15694	CPD-15694	3-hydroxy-decanoyl-CoA	937.2458881876					C31H50N7O18P3S			plantcyc <https://plantcyc.org/>		937.2458881876	CCCCCCCC(O)CC(=O)SCCNC(=O)CCNC(=O)[C@H](O)C(C)(C)COP(=O)(OP(=O)(OC[C@@H]1([C@@H](OP([O-])(=O)[O-])[C@@H](O)[C@@H](O1)N2(C3(\N=C/N=C(C(\N=C/2)=3)/N))))[O-])[O-]											PlantCyc/PMN local PGDB
GLUCOSAMINE	GLUCOSAMINE	D-glucosamine	179.079372533					C6H14NO5			plantcyc <https://plantcyc.org/>	2-amino-2-deoxyglucose // chitosamine // glucosamine	179.079372533	C(O)[C@@H]1([C@@H](O)[C@H](O)[C@@H]([NH3+])C(O)O1)		MSWZFWKMSRAUBD-IVMDWMLBSA-O									PlantCyc/PMN local PGDB
N-acetyl-D-hexosamines	N-acetyl-D-hexosamines	an N -acetyl-D-hexosamine	221.0899372193					C8H15NO6			plantcyc <https://plantcyc.org/>		221.0899372193	CC(NC1(C(C([C@H](OC1O)CO)O)O))=O		OVRNDRQMDRJTHS-BKJPEWSUSA-N									PlantCyc/PMN local PGDB
2-Deoxypentoses	2-Deoxypentoses	a 2-deoxypentose	134.0579088094					C5H10O4			plantcyc <https://plantcyc.org/>	3,4,5-trihydroxypentanal	134.0579088094	C(C=O)C(O)C(O)CO		ASJSAQIRZKANQN-UHFFFAOYSA-N									PlantCyc/PMN local PGDB
Porphyrins	Porphyrins	a porphyrin	310.1218464702					C20H14N4			plantcyc <https://plantcyc.org/>		310.1218464702	C4(\C=C3(\C=C5(\C=C/C(\C=C1(\C=C/C(/N1)=C/C2(\C=C/C(/N=2)=C/C(/N3)=4)))=N5)))											PlantCyc/PMN local PGDB
GLUCOSE-16-DIPHOSPHATE	GLUCOSE-16-DIPHOSPHATE	glucose-1,6-bisphosphate	339.9960489346					C6H10O12P2			plantcyc <https://plantcyc.org/>	glucose-1,6-diphosphate	339.9960489346	C(OP([O-])(=O)[O-])[C@H]1(OC([C@@H]([C@H]([C@@H]1O)O)O)OP(=O)([O-])[O-])											PlantCyc/PMN local PGDB
PLASTOQUINONE	PLASTOQUINONE	a plastoquinone	748.6158318122					C53H80O2			plantcyc <https://plantcyc.org/>		748.6158318122	CC(C)=CCCC(\C)=C/CCC(\C)=C/CCC(\C)=C/CCC(\C)=C/CCC(\C)=C/CCC(\C)=C/CCC(\C)=C/CCC(\C)=C/CC1(\C(C(/C)=C(C)/C(\C=1)=O)=O)											PlantCyc/PMN local PGDB
L-Guluronate	L-Guluronate	L-guluronate	194.0426526757					C6H9O7			plantcyc <https://plantcyc.org/>		194.0426526757	C(=O)[C@@H](O)[C@@H](O)[C@H](O)[C@@H](O)C(=O)[O-]		IAJILQKETJEXLJ-SQOUGZDYSA-M									PlantCyc/PMN local PGDB
L-XYLOSE	L-XYLOSE	L-xylose	150.0528234315					C5H10O5			plantcyc <https://plantcyc.org/>	L-xylo-pentose	150.0528234315	C(=O)[C@@H](O)[C@H](O)[C@@H](O)CO		PYMYPHUHKUWMLA-WISUUJSJSA-N									PlantCyc/PMN local PGDB
D-quinovose	D-quinovose	D-quinovose	164.0684734957					C6H12O5			plantcyc <https://plantcyc.org/>	6-deoxy-D-glucose // D-epifucose // D-chinovose // D-glucomethylose // isorhamnose // isorhodeose	164.0684734957	C[C@@H](O)[C@@H](O)[C@H](O)[C@@H](O)C=O		PNNNRSAQSRJVSB-JGWLITMVSA-N									PlantCyc/PMN local PGDB
CPD-26629	CPD-26629	2-methylbutanoyl-CoA	851.1727232445					C26H40N7O17P3S			plantcyc <https://plantcyc.org/>	2-methyl-butyryl-CoA // 2-methylbutyryl-CoA // alpha-methylbutyryl-CoA // alpha-methylbutanoyl-CoA	851.1727232445	CCC(C)C(=O)SCCNC(=O)CCNC(=O)[C@H](O)C(C)(C)COP(=O)(OP(=O)(OC[C@@H]1([C@@H](OP([O-])(=O)[O-])[C@@H](O)[C@@H](O1)N2(C3(\N=C/N=C(C(\N=C/2)=3)/N))))[O-])[O-]		LYNVNYDEQMMNMZ-XGXNYEOVSA-J									PlantCyc/PMN local PGDB
L-xylopyranose	L-xylopyranose	L-xylopyranose	150.0528234315					C5H10O5			plantcyc <https://plantcyc.org/>		150.0528234315	C1(O)(OC[C@H](O)[C@@H](O)[C@H](O)1)											PlantCyc/PMN local PGDB
Hexose-1-Phosphate	Hexose-1-Phosphate	a hexose 1-phosphate	260.0297185262					C6H11O9P			plantcyc <https://plantcyc.org/>		260.0297185262	C(O)C1(OC(OP([O-])(=O)[O-])C(O)C(O)C(O)1)		HXXFSFRBOHSIMQ-UHFFFAOYSA-L									PlantCyc/PMN local PGDB
C27-22S-hydroxysteroid	C27-22S-hydroxysteroid	a (22 S )-22-hydroxy-C 27 -steroid	388.3705161629					C27H48O			plantcyc <https://plantcyc.org/>		388.3705161629	CC(C)CC[C@H](O)C(C)C3(CCC4(C2(CCC1(CCCCC(C)1C2CCC(C)34))))		OLYXNPLLTCKGPC-SZMCTDDBSA-N									PlantCyc/PMN local PGDB
Methyl-Farnesoates	Methyl-Farnesoates	a methyl farnesoate	250.1932800788					C16H26O2			plantcyc <https://plantcyc.org/>	a farnesoic acid methyl ester // a 2,6,10-Dodecatrienoic acid, 3,7,11-trimethyl-, methyl ester // a farnesenic acid, methyl ester // a farnesyl methyl ester // a methyl 3,7,11-trimethyl-2,6,10-dodecatrienoate // a methyl farnesate // a methyl farnesylate	250.1932800788	CC(C)=CCCC(\C)=C/CCC(\C)=C/C(=O)OC		NWKXNIPBVLQYAB-UHFFFAOYSA-N									PlantCyc/PMN local PGDB
2-OXINDOLE-3-ACETYL-HEXOSE	2-OXINDOLE-3-ACETYL-HEXOSE	a 2-oxindole-3-acetyl-hexose	353.1110665919					C16H19NO8			plantcyc <https://plantcyc.org/>		353.1110665919	C(O)C3(O[C@@H](OC(=O)CC1(C(=O)NC2(\C=C/C=C\C1=2)))C(O)C(O)C(O)3)		MLVJTFNIARPUAO-NTFJDHGLSA-N									PlantCyc/PMN local PGDB
Thiopurines	Thiopurines	a thiopurine	152.0156668392					C5H4N4S			plantcyc <https://plantcyc.org/>		152.0156668392	C1(\NC2(C(/S)=N\C=N/C(\N=1)=2))											PlantCyc/PMN local PGDB
HEME_D	HEME_D	heme d	652.198427009					C34H32N4O6FE			plantcyc <https://plantcyc.org/>		652.198427009	C=CC3(\C7(\[N+]4(\[Fe]16([N+]5(\C(/[C@@]([C@@](C(\C=C2(C(/C)=C(C=C)/C(/N12)=C/C(/C(\C)=3)=4))=5)(C)O)(CCC(=O)[O-])O)=C/C8(/N6C(/C=7)=C(C)/C(\CCC(=O)[O-])=8))))))		RPJMZJBGAPHZQR-XCVPDAMTSA-J									PlantCyc/PMN local PGDB
3-Dehydro-D-Galactopyranose	3-Dehydro-D-Galactopyranose	3-dehydro-D-galactopyranose	178.0477380536					C6H10O6			plantcyc <https://plantcyc.org/>	3-keto-D-galactose	178.0477380536	C(O)[C@H]1(OC([C@@H](C([C@H]1O)=O)O)O)		APIQNBNBIICCON-CHTHJEHHSA-N									PlantCyc/PMN local PGDB
D-galactopyranose-6-phosphate	D-galactopyranose-6-phosphate	D-galactopyranose 6-phosphate	260.0297185262					C6H11O9P			plantcyc <https://plantcyc.org/>		260.0297185262	C(OP([O-])([O-])=O)[C@H]1(OC([C@@H]([C@H]([C@H]1O)O)O)O)											PlantCyc/PMN local PGDB
Galacturonate	Galacturonate	galacturonate	194.0426526757					C6H9O7			plantcyc <https://plantcyc.org/>		194.0426526757	C(=O)[C@H](O)[C@@H](O)[C@@H](O)[C@H](O)C(=O)[O-]		IAJILQKETJEXLJ-RSJOWCBRSA-M									PlantCyc/PMN local PGDB
Vaccenate	Vaccenate	a vaccenate	282.2558803356					C18H33O2			plantcyc <https://plantcyc.org/>	octadec-11-enoate // 11-octadecenoate // a vaccenic acid	282.2558803356	CCCCCC/C=C/CCCCCCCCCC([O-])=O		UWHZIFQPPBDJPM-UHFFFAOYSA-M									PlantCyc/PMN local PGDB
2-3-Butanediols	2-3-Butanediols	a 2,3-butanediol	90.0680795652					C4H10O2			plantcyc <https://plantcyc.org/>	a butane-2,3-diol // a 2,3-butylene glycol	90.0680795652	CC(C(O)C)O											PlantCyc/PMN local PGDB
12-Hydroxyjasmonates	12-Hydroxyjasmonates	tuberonic acid	226.1205090662					C12H17O4			plantcyc <https://plantcyc.org/>	12-OHJA // 12-hydroxyjasmonic acid // 12-hydroxy-JA // (+/-)-12-hydroxyjasmonate // 12-hydroxy epi-jasmonic acid // 12-hydroxyjasmonate // {(1R,2R)-2-[(2Z)-5-hydroxypent-2-enyl]-3-oxo-cyclopentyl}acetate	226.1205090662	C(O)C\C=C/CC1(C(=O)CCC1CC([O-])=O)		RZGFUGXQKMEMOO-UPHRSURJSA-M									PlantCyc/PMN local PGDB
Ketohexoses	Ketohexoses	a ketohexose	180.0633881178					C6H12O6			plantcyc <https://plantcyc.org/>		180.0633881178	C(O)C(=O)C(O)C(O)C(O)CO		BJHIKXHVCXFQLS-UHFFFAOYSA-N									PlantCyc/PMN local PGDB
Glycerol-1-phosphate	Glycerol-1-phosphate	glycerol 1-phosphate	172.0136745315					C3H7O6P			plantcyc <https://plantcyc.org/>	D,L-alpha-glycerol-phosphate // DL-glycerol 1-phosphate	172.0136745315	C(O)C(COP([O-])(=O)[O-])O		AWUCVROLDVIAJX-UHFFFAOYSA-L									PlantCyc/PMN local PGDB
Jasmonoyl-Leucines	Jasmonoyl-Leucines	a jasmonoyl-L-leucine	323.2096584245					C18H28NO4			plantcyc <https://plantcyc.org/>	a JA-Leu // a jasmonate-leucine // a jasmonic acid-leucine // a jasmonic acid-leucine conjugate // a jasmonyl-leucine	323.2096584245	CC\C=C/CC1(C(=O)CCC1CC(N[C@@H](CC(C)C)C([O-])=O)=O)		BDUIIOHQSYPXRT-GJKCTVFGSA-M									PlantCyc/PMN local PGDB
Methyl-Jasmonates	Methyl-Jasmonates	a methyl jasmonate	224.1412445083					C13H20O3			plantcyc <https://plantcyc.org/>	a jasmonic acid methyl ester // a jasmonate methyl ester // an MeJA	224.1412445083	CC\C=C/CC1(C(=O)CCC1CC(OC)=O)		GEWDNTWNSAZUDX-PLNGDYQASA-N									PlantCyc/PMN local PGDB
D-glucose-6-phosphate	D-glucose-6-phosphate	D-glucose 6-phosphate	260.0297185262					C6H11O9P			plantcyc <https://plantcyc.org/>	D-glucose-6-P // D-glucose-6-phosphate	260.0297185262	C([C@H]1(OC([C@@H]([C@H]([C@@H]1O)O)O)O))OP([O-])([O-])=O											PlantCyc/PMN local PGDB
Inulosaccharides	Inulosaccharides	an inulosaccharide	990.3275052753					C36H62O31			plantcyc <https://plantcyc.org/>	a short beta(2->1) D-fructan)	990.3275052753	C(O)[C@H]6(O[C@@](CO[C@]5(CO[C@]4(CO[C@]3(CO[C@]2(CO[C@]1(CO)(O[C@H](CO)[C@@H](O)[C@H](O)1))(O[C@H](CO)[C@@H](O)[C@H](O)2))(O[C@H](CO)[C@@H](O)[C@H](O)3))(O[C@H](CO)[C@@H](O)[C@H](O)4))(O[C@H](CO)[C@@H](O)[C@H](O)5))(O)[C@H]([C@@H]6O)O)		KQRXSOWGZRBDOE-MPBPJTCYSA-N									PlantCyc/PMN local PGDB
D-RIBULOSE	D-RIBULOSE	D-ribulose	150.0528234315					C5H10O5			plantcyc <https://plantcyc.org/>	D-erythro-pentulose // D-erythropentulose // erythropentulose	150.0528234315	C(O)[C@@H](O)[C@@H](O)C(=O)CO		ZAQJHHRNXZUBTE-NQXXGFSBSA-N									PlantCyc/PMN local PGDB
NADPHX	NADPHX	NADPHX	763.1016667914					C21H28N7O18P3			plantcyc <https://plantcyc.org/>		763.1016667914	C1(/N(C(O)CCC(/C(=O)N)=1)[C@@H]2(O[C@@H]([C@H]([C@H]2O)O)COP(OP(OC[C@H]5(O[C@@H](N3(C4(\C(\N=C/3)=C(N)/N=C\N=4)))[C@H](OP([O-])(=O)[O-])[C@H](O)5))(=O)[O-])(=O)[O-]))		SZKXTJUOKARGIY-SYZDXSIJSA-J									PlantCyc/PMN local PGDB
N-acetyl-beta-D-hexosamines	N-acetyl-beta-D-hexosamines	an N -acetyl-beta-D-hexosamine	221.0899372193					C8H15NO6			plantcyc <https://plantcyc.org/>		221.0899372193	CC(NC1(C(C([C@H](O[C@H]1O)CO)O)O))=O		OVRNDRQMDRJTHS-YVKWHVBHSA-N									PlantCyc/PMN local PGDB
CPD-24716	CPD-24716	13-HOTrE(alpha)	294.2194948293					C18H29O3			plantcyc <https://plantcyc.org/>	13-HOTE(alpha) // 13-hydroxy-9Z,11E,15Z-octadecatrienoate // 13-OH-9Z,11E,15Z-octadecatrienoate // (+/-)13-HOTrE(alpha) // (+/-)13-HOTE(alpha)	294.2194948293	CC\C=C/CC(O)/C=C/C=C\CCCCCCCC(=O)[O-]		KLLGGGQNRTVBSU-JDTPQGGVSA-M									PlantCyc/PMN local PGDB
ATROPINE	ATROPINE	atropine	289.1677936098					C17H24NO3			plantcyc <https://plantcyc.org/>	hyoscyamine	289.1677936098	C[NH+]1([C@@H]2(C[C@@H](C[C@@H]1CC2)OC(=O)C(CO)C3(\C=C/C=C\C=3)))		RKUNBYITZUJHSG-SPUOUPEWSA-O									PlantCyc/PMN local PGDB
UDP-N-ACETYL-GALACTOSAMINE	UDP-N-ACETYL-GALACTOSAMINE	UDP- N -acetyl-D-galactosamine	607.081569478					C17H25N3O17P2			plantcyc <https://plantcyc.org/>	UDP- N -acetylgalactosamine // uridine diphosphate N -acetylgalactosamine	607.081569478	CC(N[C@H]3(C(OP(OP(OC[C@@H]2([C@H]([C@H]([C@H](N1(\C=C/C(=O)NC1=O))O2)O)O))(=O)[O-])(=O)[O-])O[C@@H]([C@@H]([C@@H]3O)O)CO))=O		LFTYTUAZOPRMMI-LDDHHVEYSA-L									PlantCyc/PMN local PGDB
D-glucopyranose-6-phosphate	D-glucopyranose-6-phosphate	D-glucopyranose 6-phosphate	260.0297185262					C6H11O9P			plantcyc <https://plantcyc.org/>	D-glucopyranose-6-P	260.0297185262	C([C@H]1(OC([C@@H]([C@H]([C@@H]1O)O)O)O))OP([O-])([O-])=O		NBSCHQHZLSJFNQ-GASJEMHNSA-L									PlantCyc/PMN local PGDB
D-SEDOHEPTULOSE-7-P	D-SEDOHEPTULOSE-7-P	D-sedoheptulose 7-phosphate	290.0402832125					C7H13O10P			plantcyc <https://plantcyc.org/>	D-Sedoheptulose-7-P // heptulose 7-phosphate // sedoheptulose-7-P // sedo-heptulose-7-phosphate	290.0402832125	C(O)C([C@@H](O)[C@@H]([C@H](O)[C@@H](COP(=O)([O-])[O-])O)O)=O		JDTUMPKOJBQPKX-GBNDHIKLSA-L									PlantCyc/PMN local PGDB
Isocitrate	Isocitrate	isocitrate	192.0270026115					C6H5O7			plantcyc <https://plantcyc.org/>	isocitric acid	192.0270026115	C(=O)(C(CC([O-])=O)C(O)C([O-])=O)[O-]		ODBLHEXUDAPZAU-UHFFFAOYSA-K									PlantCyc/PMN local PGDB
D-Iduronate	D-Iduronate	D-iduronate	194.0426526757					C6H9O7			plantcyc <https://plantcyc.org/>		194.0426526757	C(=O)[C@@H](O)[C@H](O)[C@@H](O)[C@H](O)C(=O)[O-]		IAJILQKETJEXLJ-LECHCGJUSA-M									PlantCyc/PMN local PGDB
UDP-L-arabinofuranose	UDP-L-arabinofuranose	UDP-L-arabinofuranose	536.0444556902					C14H20N2O16P2			plantcyc <https://plantcyc.org/>		536.0444556902	C(O)[C@H]1([C@H](O)[C@@H](O)C(O1)OP(OP(OC[C@@H]3([C@H]([C@H]([C@H](N2(\C=C/C(=O)NC2=O))O3)O)O))(=O)[O-])(=O)[O-])		QGNZSCRNMXQWNR-OKQNPRBNSA-L									PlantCyc/PMN local PGDB
9-HPODE	9-HPODE	9-HpODE	312.2300595156					C18H31O4			plantcyc <https://plantcyc.org/>	9-hydroperoxy-(10E,12Z)-octadecadienoate // (+/-)9-HpODE	312.2300595156	CCCCC\C=C/C=C/C(CCCCCCCC([O-])=O)OO		JGUNZIWGNMQSBM-ZJHFMPGASA-M									PlantCyc/PMN local PGDB
Jasmonoyl-Valines	Jasmonoyl-Valines	a jasmonoyl-L-valine	309.1940083603					C17H26NO4			plantcyc <https://plantcyc.org/>	a jasmonate-valine // a jasmonic acid-valine // a jasmonic acid-valine conjugate // a jasmonyl-valine // a JA-Val	309.1940083603	CC\C=C/CC1(C(=O)CCC1CC(N[C@@H](C(C)C)C([O-])=O)=O)		LZPFFKBGBPBJAW-KHXRIMTESA-M									PlantCyc/PMN local PGDB
Glutamates	Glutamates	D-or-L-glutamate	147.0531577825					C5H8NO4			plantcyc <https://plantcyc.org/>		147.0531577825	C(CCC(C(=O)[O-])[NH3+])([O-])=O											PlantCyc/PMN local PGDB
D-Galactopyranuronate	D-Galactopyranuronate	D-galactopyranuronate	194.0426526757					C6H9O7			plantcyc <https://plantcyc.org/>	D-galactopyranuronic acid	194.0426526757	C([C@@H]1([C@@H]([C@@H]([C@H](C(O1)O)O)O)O))([O-])=O		AEMOLEFTQBMNLQ-YMDCURPLSA-M									PlantCyc/PMN local PGDB
D-Ribopyranose	D-Ribopyranose	D-ribopyranose	150.0528234315					C5H10O5			plantcyc <https://plantcyc.org/>		150.0528234315	C1(OC([C@@H]([C@@H]([C@@H]1O)O)O)O)											PlantCyc/PMN local PGDB
L-fucoses	L-fucoses	L-fucose	164.0684734957					C6H12O5			plantcyc <https://plantcyc.org/>	L-galactomethylose // 6-deoxy-L-galactose	164.0684734957	C[C@@H]([C@@H](O)[C@@H](O)[C@@H](C=O)O)O		PNNNRSAQSRJVSB-KCDKBNATSA-N									PlantCyc/PMN local PGDB
Butirosins	Butirosins	a butirosin	555.2751718073					C21H45N5O12			plantcyc <https://plantcyc.org/>		555.2751718073	C([NH3+])C[C@H](O)C(=O)N[C@@H]3(C[C@H]([NH3+])[C@@H](O[C@H]1(O[C@H](C[NH3+])[C@@H](O)[C@H](O)[C@@H]([NH3+])1))[C@H](O[C@H]2([C@H](O)C(O)[C@@H](CO)O2))[C@@H](O)3)		XEQLFNPSYWZPOW-KRKVEZTKSA-R									PlantCyc/PMN local PGDB
L-glucopyranose	L-glucopyranose	L-glucopyranose	180.0633881178					C6H12O6			plantcyc <https://plantcyc.org/>		180.0633881178	C(O)[C@@H]1(OC(O)[C@@H](O)[C@H](O)[C@@H](O)1)		WQZGKKKJIJFFOK-ZZWDRFIYSA-N									PlantCyc/PMN local PGDB
N-ACETYL-D-GLUCOSAMINE-16-BIS-P	N-ACETYL-D-GLUCOSAMINE-16-BIS-P	N -acetyl-D-glucosamine 1,6-bisphosphate	381.0225980361					C8H13NO12P2			plantcyc <https://plantcyc.org/>	N -acetyl-D-glucosamine-1,6-P 2 // N -acetyl-D-glucosamine-1,6-diphosphate	381.0225980361	CC(=O)N[C@H]1(C(OP([O-])(=O)[O-])O[C@H](COP(=O)([O-])[O-])[C@@H](O)[C@H](O)1)		WBYIPZVSBSKNQR-RTRLPJTCSA-J									PlantCyc/PMN local PGDB
L-idopyranuronate	L-idopyranuronate	L-idopyranuronate	194.0426526757					C6H9O7			plantcyc <https://plantcyc.org/>	L-idopyranuronic acid	194.0426526757	C([O-])(=O)[C@@H]1(OC(O)[C@H](O)[C@@H](O)[C@H](O)1)		AEMOLEFTQBMNLQ-HNFCZKTMSA-M									PlantCyc/PMN local PGDB
CPD-20315	CPD-20315	stilbene oxide	196.0888150073					C14H12O			plantcyc <https://plantcyc.org/>		196.0888150073	C3(\C=C/C(/C2(OC(C1(\C=C/C=C\C=1))2))=C\C=3)		ARCJQKUWGAZPFX-UHFFFAOYSA-N									PlantCyc/PMN local PGDB
Mannose-6-phosphate	Mannose-6-phosphate	D-mannose 6-phosphate	260.0297185262					C6H11O9P			plantcyc <https://plantcyc.org/>	D-mannose-6-P	260.0297185262	C(=O)[C@H]([C@H]([C@@H]([C@@H](COP([O-])(=O)[O-])O)O)O)O		VFRROHXSMXFLSN-KVTDHHQDSA-L									PlantCyc/PMN local PGDB
Anthraquinones	Anthraquinones	an anthraquinone	208.052429501					C14H8O2			plantcyc <https://plantcyc.org/>		208.052429501	C1(\C=C/C2(/C(=O)C3(/C=C\C=C/C(/C(=O)C(/C=1)=2)=3)))											PlantCyc/PMN local PGDB
CPD0-2032	CPD0-2032	DL-glyceraldehyde 3-phosphate	169.9980244673					C3H5O6P			plantcyc <https://plantcyc.org/>		169.9980244673	C(OP(=O)([O-])[O-])C(O)C=O											PlantCyc/PMN local PGDB
L-arabinopyranose	L-arabinopyranose	L-arabinopyranose	150.0528234315					C5H10O5			plantcyc <https://plantcyc.org/>		150.0528234315	C1([C@H](O)[C@H](O)[C@@H](O)C(O)O1)											PlantCyc/PMN local PGDB
MANDELONITRILE	MANDELONITRILE	mandelonitrile	133.052763852					C8H7NO			plantcyc <https://plantcyc.org/>		133.052763852	C(C(C1(\C=C/C=C\C=1))O)#N											PlantCyc/PMN local PGDB
Inositols	Inositols	an inositol	180.0633881178					C6H12O6			plantcyc <https://plantcyc.org/>	1,2,3,4,5,6-cyclohexanehexol	180.0633881178	C1(O)(C(O)C(O)C(O)C(O)C(O)1)											PlantCyc/PMN local PGDB
CPD-17589	CPD-17589	a phytosphingenine	315.2773440592					C18H38NO3			plantcyc <https://plantcyc.org/>	a 4-hydroxy-sphing-8-enine // a 4-hydroxy-8-sphingenine	315.2773440592	CCCCCCCCC/C=C/CCC[C@@H](O)[C@@H](O)[C@@H]([NH3+])CO		CQKNELOTFUSOTP-KSZLIROESA-O									PlantCyc/PMN local PGDB
Bacteriochlorins	Bacteriochlorins	a bacteriochlorin	314.1531465986					C20H18N4			plantcyc <https://plantcyc.org/>		314.1531465986	C4(\C=C3(\C=C5(CCC(/C=C1(CCC(\N1)=C\C2(\C=C/C(/N=2)=C/C(/N3)=4)))=N\5)))		FWBFDXIBOYYUPH-DBLYXWCISA-N									PlantCyc/PMN local PGDB
DL-Phosphomalate	DL-Phosphomalate	( RS )-phosphomalate	213.9878537115					C4H3O8P			plantcyc <https://plantcyc.org/>	DL-P-malate // DL-phosphomalate	213.9878537115	C(=O)(C(OP(=O)([O-])[O-])CC([O-])=O)[O-]		GWTXMJGSNKSXJW-UHFFFAOYSA-J									PlantCyc/PMN local PGDB
D-arabinofuranose	D-arabinofuranose		150.0528234315					C5H10O5			plantcyc <https://plantcyc.org/>		150.0528234315	C(O)[C@@H]1([C@@H](O)[C@H](O)C(O)O1)		HMFHBZSHGGEWLO-ZRMNMSDTSA-N									PlantCyc/PMN local PGDB
CPD-12274	CPD-12274	N -acetyl-beta-D-glucosaminyl-(1->4)-D-glucosamine	382.158745066					C14H27N2O10			plantcyc <https://plantcyc.org/>	4- O -( N -acetyl-beta-D-glucosaminyl)-D-glucosamine // 2-(acetylamino)-4- O -(2-amino-2-deoxy-beta-D-glucopyranosyl)-2-deoxy-beta-D-glucopyranose // N -monoacetylchitobiose	382.158745066	CC(=O)N[C@@H]1([C@@H](O)[C@@H]([C@@H](CO)O[C@H]1O[C@H]2([C@H](O)[C@H](C(O)O[C@H](CO)2)[NH3+]))O)		BXVPZDGOKHWNAM-UEVOBBHASA-O									PlantCyc/PMN local PGDB
Sphingadienine	Sphingadienine	a sphinga-4,8-dienine	297.2667793729					C18H36NO2			plantcyc <https://plantcyc.org/>	4,8-sphingadienine	297.2667793729	CCCCCCCCC/C=C/CC/C=C/[C@@H](O)[C@@H]([NH3+])CO		RTQVJTLVVBJRJG-HWJAXULBSA-O									PlantCyc/PMN local PGDB
RS-Malate	RS-Malate	( RS )-malate	134.0215233031					C4H4O5			plantcyc <https://plantcyc.org/>	( RS )-malic acid // DL-apple acid // DL-malic acid // hydroxysuccinic acid // hydroxybutanedioic acid // malic acid // DL-malate // malate // 2-hydroxybutanedioate	134.0215233031	C(=O)([O-])CC(O)C([O-])=O											PlantCyc/PMN local PGDB
Phytochromobilins	Phytochromobilins	a phytochromobilin	584.263484909					C33H34N4O6			plantcyc <https://plantcyc.org/>		584.263484909	C/C=C1([C@@H](C)C(NC\1=C/C4(/NC(/C=C3(C(/CCC([O-])=O)=C(C)/C(\C=C2(C(/C)=C(C=C)/C(=O)N2))=N\3))=C(CCC([O-])=O)/C(\C)=4))=O)		DKMLMZVDTGOEGU-MKLOKSPTSA-L									PlantCyc/PMN local PGDB
13-HODE	13-HODE	13-HODE	296.2351448935					C18H31O3			plantcyc <https://plantcyc.org/>	(9Z,11E)-13-hydroxyoctadecadienoate // 13-hydroxy-(9Z,11E)-octadecadienoate // (+/-)13-HODE	296.2351448935	CCCCCC(O)/C=C/C=C\CCCCCCCC(=O)[O-]		HNICUWMFWZBIFP-BSZOFBHHSA-M									PlantCyc/PMN local PGDB
4a-Hydroxytetrahydrobiopterins	4a-Hydroxytetrahydrobiopterins	a 4a-hydroxytetrahydrobiopterin	257.1124039959					C9H15N5O4			plantcyc <https://plantcyc.org/>		257.1124039959	CC(O)C(O)[C@H]2(CNC1(\[C@](O)(C(\N=C(N)/N=1)=O)N2))		KJKIEFUPAPPGBC-ATDKUNPGSA-N									PlantCyc/PMN local PGDB
D-Ketopentoses	D-Ketopentoses	a D-ketopentose	150.0528234315					C5H10O5			plantcyc <https://plantcyc.org/>		150.0528234315	C(O)[C@@H](O)C(O)C(=O)CO		ZAQJHHRNXZUBTE-VXPOTGITSA-N									PlantCyc/PMN local PGDB
DIOH-ISOVALERATE	DIOH-ISOVALERATE	2,3-dihydroxy-3-methylbutanoate	134.0579088094					C5H9O4			plantcyc <https://plantcyc.org/>	2,3-dihydroxy-isovalerate // alpha,beta-dihydroxy-isovalerate	134.0579088094	CC(C)(O)C(O)C(=O)[O-]											PlantCyc/PMN local PGDB
D-Mannopyranuronate	D-Mannopyranuronate	D-mannopyranuronate	194.0426526757					C6H9O7			plantcyc <https://plantcyc.org/>	D-mannopyranuronic acid	194.0426526757	C([O-])(=O)[C@H]1(OC(O)[C@@H](O)[C@@H](O)[C@H](O)1)		AEMOLEFTQBMNLQ-VANFPWTGSA-M									PlantCyc/PMN local PGDB
CPD-16348	CPD-16348	3-hydroxytetracosanoyl-CoA	1133.4649890864					C45H78N7O18P3S			plantcyc <https://plantcyc.org/>		1133.4649890864	CCCCCCCCCCCCCCCCCCCCCC(O)CC(=O)SCCNC(=O)CCNC([C@H](O)C(C)(C)COP([O-])(=O)OP([O-])(=O)OC[C@@H]1([C@@H](OP(=O)([O-])[O-])[C@@H](O)[C@@H](O1)N2(\C=N/C3(C(/N)=N\C=N/C2=3))))=O											PlantCyc/PMN local PGDB
TARTRONATE-S-ALD	TARTRONATE-S-ALD	tartronate semialdehyde	104.0109586168					C3H3O4			plantcyc <https://plantcyc.org/>	2-hydroxy-3-oxopropanoate // tartronic semialdehyde // hydroxymalonaldehydic acid // tartronate-S-ald	104.0109586168	C(=O)C(O)C(=O)[O-]		QWBAFPFNGRFSFB-UHFFFAOYSA-M									PlantCyc/PMN local PGDB
N-sulfo-D-glucosamine	N-sulfo-D-glucosamine	N -sulfo-D-glucosamine	259.0361870893					C6H12NO8S			plantcyc <https://plantcyc.org/>	GlcNS // D- N -sulfoglucosamine // GlcN2S	259.0361870893	C(O)[C@@H]1([C@@H](O)[C@H](O)[C@@H](NS(=O)(=O)[O-])C(O)O1)		PRDZVHCOEWJPOB-IVMDWMLBSA-M									PlantCyc/PMN local PGDB
17-BETA-HYDROXYANDROSTAN-3-ONE	17-BETA-HYDROXYANDROSTAN-3-ONE	5-dihydrotestosterone	290.2245802072					C19H30O2			plantcyc <https://plantcyc.org/>	17-beta-hydroxyandrostan-3-one	290.2245802072	C[C@@]34([C@H]2([C@H]([C@H]1([C@@](C)([C@@H](O)CC1)CC2))CCC3CC(=O)CC4))		NVKAWKQGWWIWPM-QHDNXLQLSA-N									PlantCyc/PMN local PGDB
L-Ribulofuranose	L-Ribulofuranose	L-ribulofuranose	150.0528234315					C5H10O5			plantcyc <https://plantcyc.org/>		150.0528234315	C(O)C1(O)([C@@H](O)[C@@H](O)CO1)		LQXVFWRQNMEDEE-QRHDOFTISA-N									PlantCyc/PMN local PGDB
All-trans-3-hydroxyretinal	All-trans-3-hydroxyretinal	all-trans -3-hydroxyretinal	300.208930143					C20H28O2			plantcyc <https://plantcyc.org/>	3-hydroxy- all-trans -retinal	300.208930143	CC(/C=C/C1(/C(C)(C)CC(O)CC(/C)=1))=C\C=C\C(/C)=C\C=O											PlantCyc/PMN local PGDB
D-Glucopyranuronate	D-Glucopyranuronate	D-glucopyranuronate	194.0426526757					C6H9O7			plantcyc <https://plantcyc.org/>	D-glucopyranuronic acid	194.0426526757	[C@H]1(O)([C@@H](O)C(O)O[C@H](C(=O)[O-])[C@@H](O)1)		AEMOLEFTQBMNLQ-AQKNRBDQSA-M									PlantCyc/PMN local PGDB
Ribulose	Ribulose	ribulose	150.0528234315					C5H10O5			plantcyc <https://plantcyc.org/>		150.0528234315	C(O)C(O)C(O)C(=O)CO		ZAQJHHRNXZUBTE-UHFFFAOYSA-N									PlantCyc/PMN local PGDB
Unsaturated-Pyranuronate	Unsaturated-Pyranuronate	a 4,5-unsaturated pyranuronate	176.0320879894					C6H7O6			plantcyc <https://plantcyc.org/>		176.0320879894	C(C1(\OC(C(C(\C=1)O)O)O))([O-])=O		IAKKJSVSFCTLRY-UHFFFAOYSA-M									PlantCyc/PMN local PGDB
Arabinopyranoses	Arabinopyranoses	an arabinopyranose	150.0528234315					C5H10O5			plantcyc <https://plantcyc.org/>		150.0528234315	C1(C(O)C(O)C(O)C(O)O1)											PlantCyc/PMN local PGDB
Ribulose-phosphates	Ribulose-phosphates	L(or D)-ribulose 5-phosphate	230.0191538399					C5H9O8P			plantcyc <https://plantcyc.org/>		230.0191538399	C(C(C(C(CO)=O)O)O)OP([O-])([O-])=O		FNZLKVNUWIIPSJ-UHFFFAOYSA-L									PlantCyc/PMN local PGDB
C28-Steroids	C28-Steroids	a C 28 steroid	386.391251605					C28H50			plantcyc <https://plantcyc.org/>		386.391251605	CC(C)C(C)CCC(C)C3(CCC4(C2(CCC1(CCCCC(C)1C2CCC(C)34))))		WAAWMJYYKITCGF-UHFFFAOYSA-N									PlantCyc/PMN local PGDB
CPD-15709	CPD-15709	keto -D-fructose 6-phosphate	260.0297185262					C6H11O9P			plantcyc <https://plantcyc.org/>		260.0297185262	C(O)C(=O)[C@@H](O)[C@@H]([C@H](O)COP([O-])(=O)[O-])O		GSXOAOHZAIYLCY-HSUXUTPPSA-L									PlantCyc/PMN local PGDB
Jasmonoyl-ACCs	Jasmonoyl-ACCs	a jasmonoyl-1-aminocyclopropane-1 carboxylate	293.1627082319					C16H22NO4			plantcyc <https://plantcyc.org/>	a jasmonyl-1-aminocyclopropane-1 carboxylic acid // a JA-ACC // a jasmonate-ACC // a jasmonyl-1-aminocyclopropanecarboxylate // a jasmonyl-1-aminocyclopropane-1 carboxylate	293.1627082319	CC\C=C/CC1(C(=O)CCC1CC(NC2(CC2)C([O-])=O)=O)		TVRBFBSVUYCAKT-ARJAWSKDSA-M									PlantCyc/PMN local PGDB
CPD-15317	CPD-15317	D-ribofuranose 5-phosphate	230.0191538399					C5H9O8P			plantcyc <https://plantcyc.org/>		230.0191538399	C(OP([O-])(=O)[O-])[C@@H]1([C@@H](O)[C@@H](O)C(O)O1)		KTVPXOYAKDPRHY-SOOFDHNKSA-L									PlantCyc/PMN local PGDB
3-HYDROXY-ISOBUTYRATE	3-HYDROXY-ISOBUTYRATE	3-hydroxy-isobutanoate	104.0473441231					C4H7O3			plantcyc <https://plantcyc.org/>	3-hydroxy-isobutyrate // 3-hydroxyisobutyric acid // 3-hydroxy-2-methylpropanoate	104.0473441231	CC(C([O-])=O)CO		DBXBTMSZEOQQDU-UHFFFAOYSA-M									PlantCyc/PMN local PGDB
CPD-12548	CPD-12548	UDP-D-xylose	536.0444556902					C14H20N2O16P2			plantcyc <https://plantcyc.org/>		536.0444556902	C3(OC(OP(OP(OC[C@@H]2([C@H]([C@H]([C@H](N1(\C=C/C(=O)NC1=O))O2)O)O))(=O)[O-])(=O)[O-])[C@H](O)[C@@H](O)[C@H](O)3)		DQQDLYVHOTZLOR-WZNRFRBMSA-L									PlantCyc/PMN local PGDB
SEDOHEPTULOSE	SEDOHEPTULOSE	D-sedoheptulose	210.0739528041					C7H14O7			plantcyc <https://plantcyc.org/>	D-glucoheptulose // D-mannoheptulose // L-galactoheptulose // galacto-heptulose	210.0739528041	C(O)[C@@H](O)[C@@H](O)[C@@H](O)[C@H](O)C(=O)CO		HSNZZMHEPUFJNZ-SHUUEZRQSA-N									PlantCyc/PMN local PGDB
3-Hydroxybutanoyl-CoAs	3-Hydroxybutanoyl-CoAs	3-hydroxybutanoyl-CoA	853.1519878024					C25H38N7O18P3S			plantcyc <https://plantcyc.org/>	3-OH-butyryl-CoA // OH-butyryl-CoA // beta-hydroxybutyryl- S -CoA // D-3-hydroxybutyryl-CoA // hydroxy-butyryl-CoA // beta-hydroxybutyryl-CoA // 3-hydroxybutyryl-CoA	853.1519878024	CC(CC(SCCNC(CCNC(C(C(COP(=O)([O-])OP(OC[C@H]1(O[C@H]([C@@H]([C@@H]1OP([O-])([O-])=O)O)N2(\C=N/C3(C(/N)=N\C=N/C2=3))))([O-])=O)(C)C)O)=O)=O)=O)O											PlantCyc/PMN local PGDB
5-Deoxy-D-Ribose	5-Deoxy-D-Ribose	5-deoxy-D-ribose	134.0579088094					C5H10O4			plantcyc <https://plantcyc.org/>	(2R,3R,4R)-2,3,4-trihydroxypentanal // (2R,3R,4R)-2,3,4-trihydroxyvaleraldehyde // 5'-deoxyribose // 5-deoxy-aldehydo-D-ribose // 5-desoxy-D-ribose // D-ribo-2,3,4-trihydroxyvaleraldehyde	134.0579088094	C[C@@H](O)[C@@H](O)[C@@H](O)C=O		WDRISBUVHBMJEF-MROZADKFSA-N									PlantCyc/PMN local PGDB
D-myo-inositol-pentakisphosphates	D-myo-inositol-pentakisphosphates	a D myo -inositol penta kis phosphate	579.8950401598					C6H7O21P5			plantcyc <https://plantcyc.org/>		579.8950401598	C1(O)(C(OP([O-])(=O)[O-])C(OP(=O)([O-])[O-])C(OP(=O)([O-])[O-])C(OP([O-])([O-])=O)C(OP([O-])([O-])=O)1)		CTPQAXVNYGZUAJ-UHFFFAOYSA-D									PlantCyc/PMN local PGDB
Watasemycin	Watasemycin	watasemycin	352.0915338987					C16H19N2O3S2			plantcyc <https://plantcyc.org/>		352.0915338987	C[C@H]2([C@H](\N=C(C1(\C(\O)=C/C=C\C=1))/S2)C3(SC[C@@](C)(N(C)3)C([O-])=O))		NOEXPDVJQLSPPC-RTAVLPMESA-M									PlantCyc/PMN local PGDB
3-Hydroxy-11-cis-retinal	3-Hydroxy-11-cis-retinal	11- cis -3-hydroxyretinal	300.208930143					C20H28O2			plantcyc <https://plantcyc.org/>	3-hydroxy-11- cis -retinaldehyde // 3-hydroxy-11- cis -retinal	300.208930143	CC(/C=C/C1(/[C@@](CC(O)CC(/C)=1)(C)C))=C\C=C/C(\C)=C/C=O											PlantCyc/PMN local PGDB
CPD0-2101	CPD0-2101	5,6,7,8-tetrahydromonapterin	257.1124039959					C9H15N5O4			plantcyc <https://plantcyc.org/>	H 4 -MPt // tetrahydromonapterin	257.1124039959	C1(NC2(/N=C(N)\NC(=O)C(/NC1[C@H](O)[C@@H](O)CO)=2))		XHIXPVCTDRNTTC-YQVKZWHSSA-N									PlantCyc/PMN local PGDB
C28-3-beta-hydroxysteroid	C28-3-beta-hydroxysteroid	a C28 3beta-hydroxysteroid	402.3861662271					C28H50O			plantcyc <https://plantcyc.org/>		402.3861662271	CC(C)C(C)CCC(C)C3(CCC4(C2(CCC1(C[C@@H](O)CCC(C)1C2CCC(C)34))))		ARYTXMNEANMLMU-HFDUOMAPSA-N									PlantCyc/PMN local PGDB
Retinoates	Retinoates	a retinoate	300.208930143					C20H27O2			plantcyc <https://plantcyc.org/>	Vitamin A // a retinoic acid	300.208930143	CC(/C=C/C1(/C(CCCC(/C)=1)(C)C))=C\C=C\C(/C)=C\C([O-])=O		SHGAZHPCJJPHSC-UHFFFAOYSA-M									PlantCyc/PMN local PGDB
Pyochelin	Pyochelin	pyochelin	324.0602337703					C14H15N2O3S2			plantcyc <https://plantcyc.org/>	Pyochelin	324.0602337703	CN3(C([C@@H]2(\N=C(C1(\C(\O)=C/C=C\C=1))/SC2))SC[C@H]3C([O-])=O)		NYBZAGXTZXPYND-GDVCOKDOSA-M									PlantCyc/PMN local PGDB
GLUCURONATE	GLUCURONATE	D-glucuronate	194.0426526757					C6H9O7			plantcyc <https://plantcyc.org/>	glucuronate // glucuronic acid // D-glucuronic acid // GlcA // D-glucopyranuronic acid	194.0426526757	C(=O)[C@H](O)[C@@H](O)[C@H](O)[C@H](O)C(=O)[O-]		IAJILQKETJEXLJ-QTBDOELSSA-M									PlantCyc/PMN local PGDB
CPD-15990	CPD-15990	trehalose	342.1162115493					C12H22O11			plantcyc <https://plantcyc.org/>	D-trehalose	342.1162115493	C([C@H]1(OC([C@@H]([C@H]([C@@H]1O)O)O)OC2([C@@H]([C@H]([C@@H]([C@H](O2)CO)O)O)O)))O											PlantCyc/PMN local PGDB
Iduronate	Iduronate	iduronate	194.0426526757					C6H9O7			plantcyc <https://plantcyc.org/>	iduronic acid	194.0426526757	C(=O)[C@H](O)[C@@H](O)[C@H](O)[C@@H](O)C(=O)[O-]		IAJILQKETJEXLJ-SKNVOMKLSA-M									PlantCyc/PMN local PGDB
Farnesols	Farnesols	a farnesol	222.1983654567					C15H26O			plantcyc <https://plantcyc.org/>		222.1983654567	CC(C)=CCCC(\C)=C/CCC(/C)=C/CO											PlantCyc/PMN local PGDB
5-Deoxypentoses	5-Deoxypentoses	a 5-deoxypentose	134.0579088094					C5H10O4			plantcyc <https://plantcyc.org/>		134.0579088094	CC(O)C(O)C(O)C=O		WDRISBUVHBMJEF-UHFFFAOYSA-N									PlantCyc/PMN local PGDB
CAFFEATE	CAFFEATE	caffeate	180.0422587452					C9H7O4			plantcyc <https://plantcyc.org/>	caffeic acid // 3-(3,4-dihydroxyphenyl)prop-2-enoate	180.0422587452	C1(/C=C(C(/O)=C\C(/C=C/C([O-])=O)=1)/O)		QAIPRVGONGVQAS-UHFFFAOYSA-M									PlantCyc/PMN local PGDB
L-Ketohexoses	L-Ketohexoses	an L-ketohexose	180.0633881178					C6H12O6			plantcyc <https://plantcyc.org/>		180.0633881178	C(O)C(=O)C(O)C(O)[C@@H](O)CO		BJHIKXHVCXFQLS-ORLPHIGFSA-N									PlantCyc/PMN local PGDB
N-ACETYLNEURAMINATE	N-ACETYLNEURAMINATE	N -acetylneuraminate	309.105981214					C11H18NO9			plantcyc <https://plantcyc.org/>	sialic acid // NANA // O-sialic acid // sialate // N -acetylneuraminic acid // Neu5Ac // 5-acetamido-3,5-dideoxy-D-glycero-D-galacto-2-nonulosonic acid // 5-acetamido-3,5-dideoxy-D-glycero-D-galacto-non-2-ulopyranosonic acid	309.105981214	CC(=O)N[C@@H]1([C@H](CC(O)(C([O-])=O)O[C@H]1[C@H](O)[C@H](O)CO)O)		SQVRNKJHWKZAKO-LUWBGTNYSA-M									PlantCyc/PMN local PGDB
CPD-15975	CPD-15975	D-cellobiose	342.1162115493					C12H22O11			plantcyc <https://plantcyc.org/>	4- O -beta-D-glucopyranosyl--D-glucopyranose // beta-D-glucosyl-(1->4)-D-glucose	342.1162115493	C([C@@H]2([C@H]([C@@H]([C@H]([C@H](O[C@@H]1([C@H](OC([C@@H]([C@H]1O)O)O)CO))O2)O)O)O))O											PlantCyc/PMN local PGDB
CPD-11797	CPD-11797	2- O -sulfonatolactate	169.9885086152					C3H4O6S			plantcyc <https://plantcyc.org/>	2- O -sulfonatolactic acid // 2-(sulfooxy)propanoic acid // 2-(sulfooxy)propanoate	169.9885086152	CC(C(=O)[O-])OS(=O)(=O)[O-]		CSRZVBCXQYEYKY-UHFFFAOYSA-L									PlantCyc/PMN local PGDB
C29-22S-hydroxysteroid	C29-22S-hydroxysteroid	a (22 S )-22-hydroxy-C 29 -steroid	416.4018162913					C29H52O			plantcyc <https://plantcyc.org/>		416.4018162913	CCC(C(C)C)C[C@H](O)C(C)C3(CCC4(C2(CCC1(CCCCC(C)1C2CCC(C)34))))		TVGPNLFBDBNZSL-GPVPRDKBSA-N									PlantCyc/PMN local PGDB
CPD-21358	CPD-21358	L- glycero -D- manno -heptose	210.0739528041					C7H14O7			plantcyc <https://plantcyc.org/>		210.0739528041	C([C@@H]([C@H]1(OC(O)[C@H]([C@H]([C@@H]1O)O)O))O)O		BGWQRWREUZVRGI-OLLRPPRZSA-N									PlantCyc/PMN local PGDB
D-galactose-1-phosphate	D-galactose-1-phosphate	D-galactose 1-phosphate	260.0297185262					C6H11O9P			plantcyc <https://plantcyc.org/>	D-galactopyranose 1-phosphate	260.0297185262	C(O)[C@H]1(OC(OP(=O)([O-])[O-])[C@H](O)[C@@H](O)[C@@H](O)1)		HXXFSFRBOHSIMQ-SVZMEOIVSA-L									PlantCyc/PMN local PGDB
2-Hydroxy-2-methylbutyronitriles	2-Hydroxy-2-methylbutyronitriles	2-hydroxy-2-methylbutanenitrile	99.0684139162					C5H9NO			plantcyc <https://plantcyc.org/>	2-hydroxy-2-methylbutyronitrile	99.0684139162	CCC(C)(O)C#N		VMEHOTODTPXCKT-UHFFFAOYSA-N									PlantCyc/PMN local PGDB
STEROID-O-SULFATE	STEROID-O-SULFATE	a steroid sulfate	336.1395299488					C18H23O4S			plantcyc <https://plantcyc.org/>		336.1395299488	CC14(CCCC(C2(CCC3(\C(/C(CC1)2)=C/C=C(\C=3)/OS(=O)(=O)[O-])))4)		KFFRVXQLZSOXIX-UHFFFAOYSA-M									PlantCyc/PMN local PGDB
CHITOBIOSE	CHITOBIOSE	N , N' -diacetylchitobiose	424.1693097523					C16H28N2O11			plantcyc <https://plantcyc.org/>	diacetylchitobiose // N -[2-[5-acetylamino-4,6-dihydroxy-2-(hydroxymethyl)tetrahydropyran-3-yl]oxy-4,5-dihyrdoxy-6-(hydroxymethyl)tetrahydropyran-3-yl]acetamide // CBS // chitobiose // 2-(acetylamino)-4-O-[2-(acetylamino)-2-deoxy-beta-D-glucopyranosyl]-2-deoxy-beta-D-glucopyranose	424.1693097523	CC(=O)N[C@H]1(C(O)O[C@H](CO)[C@H]([C@H](O)1)O[C@@H]2(O[C@@H]([C@@H](O)[C@H](O)[C@@H](NC(C)=O)2)CO))		CDOJPCSDOXYJJF-CBTAGEKQSA-N									PlantCyc/PMN local PGDB
Alpha-pinene	Alpha-pinene	an alpha-pinene	136.1252005136					C10H16			plantcyc <https://plantcyc.org/>		136.1252005136	CC1(\C2(CC(C\C=1)C2(C)C))											PlantCyc/PMN local PGDB
Heme_I	Heme_I	heme i	855.3784027473					C49H55N4O6FE			plantcyc <https://plantcyc.org/>	haem i	855.3784027473	C=CC4(\C6(/C=C8(C(/C)=C(CCC(=O)[O-])/C1(/N([Fe]35([N+]2(\C(/C(/CO)=C(CCC(=O)[O-])\C(/C=1)=2)=C/C7(/N3C(\C=C(C(/C)=4)/[N+]\5=6)=C(C(/C)=7)/C(O)CC/C=C(C)/CC/C=C(C)/CCC=C(C)C))))8))))		ZWPMBVUBHXVNAH-ONCSLILDSA-J									PlantCyc/PMN local PGDB
L-XYLULOSE	L-XYLULOSE	L-xylulose	150.0528234315					C5H10O5			plantcyc <https://plantcyc.org/>	xylulose // L-threo-pent-2-ulose	150.0528234315	C(O)[C@H](O)[C@@H](O)C(=O)CO		ZAQJHHRNXZUBTE-WVZVXSGGSA-N									PlantCyc/PMN local PGDB
CPD-11933	CPD-11933	a diphospho-1D-myo-inositol pentakisphosphate	739.8277009766					C6H6O27P7			plantcyc <https://plantcyc.org/>	PP-InsP 5 // a diphosphoinositol pentakisphosphate	739.8277009766	C1(OP([O-])(=O)[O-])(C(OP(=O)([O-])[O-])C(OP(=O)([O-])[O-])C(OP([O-])(=O)OP(=O)([O-])[O-])C(OP([O-])(=O)[O-])C(OP([O-])(=O)[O-])1)		UPHPWXPNZIOZJL-UHFFFAOYSA-A									PlantCyc/PMN local PGDB
Jadomycin-A	Jadomycin-A	jadomycin A	419.1368874119					C24H21NO6			plantcyc <https://plantcyc.org/>		419.1368874119	CC[C@H](C)[C@H]1(C(=O)OC2(N1C4(\C(=O)C5(/C(/O)=C\C=C/C(/C(=O)C(\C3(C\2=C\C(/C)=C/C(O)=3))=4)=5))))		AVMSKCRHMKXYOO-ZSISJILLSA-N									PlantCyc/PMN local PGDB
CPD-26204	CPD-26204	CDP-glycerol	477.054960797					C12H19N3O13P2			plantcyc <https://plantcyc.org/>	rac -CDP-glycerol	477.054960797	C(O)C(O)COP(OP(OC[C@@H]2([C@H]([C@H]([C@H](N1(\C=C/C(/N)=N\C1=O))O2)O)O))(=O)[O-])([O-])=O		HHPOUCCVONEPRK-JANFQQFMSA-L									PlantCyc/PMN local PGDB
D-quinovopyranose	D-quinovopyranose	D-quinovopyranose	164.0684734957					C6H12O5			plantcyc <https://plantcyc.org/>	6-deoxy-D-glucopyranose	164.0684734957	C[C@@H]1([C@@H](O)[C@H](O)[C@@H](O)C(O)O1)		SHZGCJCMOBCMKK-GASJEMHNSA-N									PlantCyc/PMN local PGDB
C29-Steroids	C29-Steroids	a C 29 steroid	400.4069016692					C29H52			plantcyc <https://plantcyc.org/>		400.4069016692	CCC(C(C)C)CCC(C)C3(CCC4(C2(CCC1(CCCCC(C)1C2CCC(C)34))))		GKBHKNPLNHLYHT-UHFFFAOYSA-N									PlantCyc/PMN local PGDB
L-RIBULOSE	L-RIBULOSE	L-ribulose	150.0528234315					C5H10O5			plantcyc <https://plantcyc.org/>	ribulose	150.0528234315	C(O)[C@H](O)[C@H](O)C(=O)CO		ZAQJHHRNXZUBTE-UCORVYFPSA-N									PlantCyc/PMN local PGDB
CPD-21351	CPD-21351	3-deoxy-D- manno -2-octulosonate	238.0688674262					C8H13O8			plantcyc <https://plantcyc.org/>	2-keto-3-deoxyoctulosonic acid pyranose // 3-deoxy-D- manno -octulosonate // 3-deoxy-D- manno -oct-2-ulosonate	238.0688674262	C(O)[C@@H](O)[C@H]1(OC(O)(C([O-])=O)C[C@H]([C@H]1O)O)		NNLZBVFSCVTSLA-XMABDTGBSA-M									PlantCyc/PMN local PGDB
D-galactose-6-phosphate	D-galactose-6-phosphate	a D-galactose 6-phosphate	260.0297185262					C6H11O9P			plantcyc <https://plantcyc.org/>		260.0297185262	C(=O)[C@@H]([C@H]([C@H]([C@@H](COP([O-])(=O)[O-])O)O)O)O		VFRROHXSMXFLSN-KCDKBNATSA-L									PlantCyc/PMN local PGDB
Lactate	Lactate	lactate	90.0316940589					C3H5O3			plantcyc <https://plantcyc.org/>	DL lactate // ( RS )-lactate // 2-hydroxypropanoate	90.0316940589	CC(C([O-])=O)O											PlantCyc/PMN local PGDB
CPD-24813	CPD-24813	D-fructose 6-phosphate	260.0297185262					C6H11O9P			plantcyc <https://plantcyc.org/>		260.0297185262	C(O)C(=O)[C@@H](O)[C@@H]([C@H](O)COP([O-])(=O)[O-])O		GSXOAOHZAIYLCY-HSUXUTPPSA-L									PlantCyc/PMN local PGDB
Jasmonoyl-Glutamines	Jasmonoyl-Glutamines	a jasmonoyl-glutamine	338.1841719555					C17H25N2O5			plantcyc <https://plantcyc.org/>	a JA-Gln // a jasmonate-glutamine // a jasmonic acid-glutamine // a jasmonic acid-glutamine conjugate // a jasmonyl-glutamine	338.1841719555	CC\C=C/CC1(C(=O)CCC1CC(N[C@@H](CCC(N)=O)C([O-])=O)=O)		NQOXCBDTLUTPNO-OTFPUDJKSA-M									PlantCyc/PMN local PGDB
CPD-12179	CPD-12179	methylmalonate semialdehyde	102.0316940589					C4H5O3			plantcyc <https://plantcyc.org/>	2-methyl-3-oxopropanoate // CH 3 -malonate-semialdehyde	102.0316940589	CC(C=O)C(=O)[O-]											PlantCyc/PMN local PGDB
2-3-dihydroxypropane-1-sulfonate	2-3-dihydroxypropane-1-sulfonate	2,3-dihydroxypropane 1-sulfonate	156.0092440573					C3H7O5S			plantcyc <https://plantcyc.org/>	3-sulfopropanediol // DHPS	156.0092440573	C(S(=O)(=O)[O-])C(O)CO		YPFUJZAAZJXMIP-UHFFFAOYSA-M									PlantCyc/PMN local PGDB
DIPHOSPHO-1D-MYO-INOSITOL-TETRAKISPHOSPH	DIPHOSPHO-1D-MYO-INOSITOL-TETRAKISPHOSPH	a diphospho-1D-myo-inositol tetrakisphosphate	659.8613705682					C6H7O24P6			plantcyc <https://plantcyc.org/>		659.8613705682	[C@H]1([C@H]([C@@H]([C@H]([C@@H]([C@H]1OP([O-])(=O)[O-])OP([O-])(=O)[O-])OP([O-])(=O)[O-])OP(=O)([O-])OP([O-])(=O)[O-])OP(=O)([O-])[O-])O		DKLABXZLIOMPIM-YORTWTKJSA-C									PlantCyc/PMN local PGDB
9-HODE	9-HODE	9-HODE	296.2351448935					C18H31O3			plantcyc <https://plantcyc.org/>	(10E,12Z)-9-hydroxyoctadeca-10,12-dienoate // (+/-)9-HODE	296.2351448935	CCCCC\C=C/C=C/C(O)CCCCCCCC(=O)[O-]		NPDSHTNEKLQQIJ-ZJHFMPGASA-M									PlantCyc/PMN local PGDB
4-HYDROXYPHENYLLACTATE	4-HYDROXYPHENYLLACTATE	3-(4-hydroxyphenyl)lactate	182.0579088094					C9H9O4			plantcyc <https://plantcyc.org/>	4-hydroxyphenyllactate // p-hydroxyphenyllactate // 3-(4-hydroxyphenyl)lactic acid // 2-hydroxy-3-(4-hydroxyphenyl)propanoate // p-hydroxyphenyllactic acid	182.0579088094	C1(\C(/CC(C([O-])=O)O)=C/C=C(\C=1)/O)											PlantCyc/PMN local PGDB
3-O-methyl-L-rhamnose	3-O-methyl-L-rhamnose	L-acofriose	178.0841235599					C7H14O5			plantcyc <https://plantcyc.org/>	3-O-methyl-L-rhamnose	178.0841235599	C[C@H]1([C@@H]([C@H]([C@H](C(O1)O)O)OC)O)		OEKPKBBXXDGXNB-UISSTJQFSA-N									PlantCyc/PMN local PGDB
N6-O-disulfo-D-glucosamine	N6-O-disulfo-D-glucosamine	N ,6- O -disulfo-D-glucosamine	338.9930016456					C6H11NO11S2			plantcyc <https://plantcyc.org/>	N2-,6-disulfo-D-glucosamine	338.9930016456	C([C@H]1(OC([C@@H]([C@H]([C@@H]1O)O)NS(=O)([O-])=O)O))OS(=O)([O-])=O		DQTRACMFIGDHSN-IVMDWMLBSA-L									PlantCyc/PMN local PGDB
MELANIN	MELANIN	melanin	318.0640568198					C18H10N2O4			plantcyc <https://plantcyc.org/>		318.0640568198	CC3(/C(C(C4(/C1(C5(\C(\NC=1)=C(C)/C(C(C(/C2(C(\C(\NC=2)=3)=4))=5)=O)=O))))=O)=O)											PlantCyc/PMN local PGDB
Jasmonoyl-Phenylalanines	Jasmonoyl-Phenylalanines	a jasmonoyl-L-phenylalanine	357.1940083603					C21H26NO4			plantcyc <https://plantcyc.org/>	a phenylalanine-jasmonate conjugate // a JA-Phe // a jasmonate-phenylalanine // a jasmonic acid-phenylalanine // a jasmonic acid-phenylalanine conjugate // a jasmonyl-phenylalanine	357.1940083603	CC\C=C/CC1(C(=O)CCC1CC(N[C@@H](CC2(\C=C/C=C\C=2))C([O-])=O)=O)		BYYWRCJZFSTRMQ-YYYBFOMSSA-M									PlantCyc/PMN local PGDB
13-HPODE	13-HPODE	13-HpODE	312.2300595156					C18H31O4			plantcyc <https://plantcyc.org/>	13-hydroperoxy-(9Z,11E)-octadecadienoate // (9Z,11E)-13-hydroperoxyoctadecadienoate // (+/-)13-HpODE	312.2300595156	CCCCCC(/C=C/C=C\CCCCCCCC(=O)[O-])OO		JDSRHVWSAMTSSN-BSZOFBHHSA-M									PlantCyc/PMN local PGDB
L-RHAMNOFURANOSE	L-RHAMNOFURANOSE	L-rhamnofuranose	164.0684734957					C6H12O5			plantcyc <https://plantcyc.org/>		164.0684734957	C[C@@H]([C@H]1([C@H]([C@@H](O)C(O1)O)O))O		AFNUZVCFKQUDBJ-ZZWDRFIYSA-N									PlantCyc/PMN local PGDB
11-Hydroxyjasmonates	11-Hydroxyjasmonates	an 11-hydroxyjasmonate	226.1205090662					C12H17O4			plantcyc <https://plantcyc.org/>	an 11-OHJA // an 11-hydroxyjasmonic acid // an 11-hydroxy-JA	226.1205090662	CC(O)\C=C/CC1(C(=O)CCC1CC([O-])=O)		KLPBEXRQJBKPDM-IHWYPQMZSA-M									PlantCyc/PMN local PGDB
Hexitols	Hexitols	a hexitol	182.079038182					C6H14O6			plantcyc <https://plantcyc.org/>		182.079038182	C(C(C(C(C(CO)O)O)O)O)O											PlantCyc/PMN local PGDB
D-xylofuranose	D-xylofuranose	D-xylofuranose	150.0528234315					C5H10O5			plantcyc <https://plantcyc.org/>		150.0528234315	C(O)[C@@H]1([C@@H]([C@H](C(O)O1)O)O)		HMFHBZSHGGEWLO-IOVATXLUSA-N									PlantCyc/PMN local PGDB
D-GALACTURONATE	D-GALACTURONATE	D-galacturonate	194.0426526757					C6H9O7			plantcyc <https://plantcyc.org/>	galacturonate // D-galaturonate // galaturonate // D-galacturonic acid // D-galactopyranuronic acid	194.0426526757	C(=O)[C@H](O)[C@@H](O)[C@@H](O)[C@H](O)C(=O)[O-]		IAJILQKETJEXLJ-RSJOWCBRSA-M									PlantCyc/PMN local PGDB
D-Glucofuranose	D-Glucofuranose	D-glucofuranose	180.0633881178					C6H12O6			plantcyc <https://plantcyc.org/>		180.0633881178	C(O)[C@H]([C@@H]1([C@@H]([C@H](C(O)O1)O)O))O		AVVWPBAENSWJCB-IVMDWMLBSA-N									PlantCyc/PMN local PGDB
E-nerolidol	E-nerolidol	(6 E )-nerolidol	222.1983654567					C15H26O			plantcyc <https://plantcyc.org/>		222.1983654567	C=CC(C)(O)CC/C=C(C)/CCC=C(C)C		FQTLCLSUCSAZDY-SDNWHVSQSA-N									PlantCyc/PMN local PGDB
CPD-13935	CPD-13935	alpha-1,6-D mannobiose	342.1162115493					C12H22O11			plantcyc <https://plantcyc.org/>	alpha-D-mannosyl-(1->6)-D-mannose	342.1162115493	C2(O)(O[C@H](CO[C@H]1(O[C@H](CO)[C@@H](O)[C@H](O)[C@H](O)1))[C@@H](O)[C@H](O)[C@H](O)2)		DLRVVLDZNNYCBX-FZFXURTHSA-N									PlantCyc/PMN local PGDB
CPD-11914	CPD-11914	L-digitoxose	148.0735588736					C6H12O4			plantcyc <https://plantcyc.org/>		148.0735588736	C[C@H](O)[C@H](O)[C@H](O)CC=O		JWFRNGYBHLBCMB-JKUQZMGJSA-N									PlantCyc/PMN local PGDB
D-Galactose	D-Galactose	D-galactose	180.0633881178					C6H12O6			plantcyc <https://plantcyc.org/>	D-Gal	180.0633881178	C(=O)[C@@H]([C@H]([C@H]([C@@H](CO)O)O)O)O		GZCGUPFRVQAUEE-KCDKBNATSA-N									PlantCyc/PMN local PGDB
CPD-23494	CPD-23494	a (2 R ,3 S )-leucocyanidin	306.0739528041					C15H14O7			plantcyc <https://plantcyc.org/>	a 2,3- trans -leucocyanidin	306.0739528041	C3(\C(\[C@H]1(OC2(\C=C(/C=C(C(\C([C@@H]1O)O)=2)/O)\O)))=C/C(/O)=C(\C=3)/O)		SBZWTSHAFILOTE-NOYMGPGASA-N									PlantCyc/PMN local PGDB
ALLO-THR	ALLO-THR	DL-allothreonine	119.0582431604					C4H9NO3			plantcyc <https://plantcyc.org/>	allothreonine // allo-thr	119.0582431604	CC(O)C([NH3+])C([O-])=O											PlantCyc/PMN local PGDB
Lactaldehydes	Lactaldehydes	lactaldehyde	74.0367794368					C3H6O2			plantcyc <https://plantcyc.org/>	DL-lactaldehyde // 2-hydroxypropanal // 2-hydroxypropionaldehyde	74.0367794368	CC(O)C=O											PlantCyc/PMN local PGDB
17-beta-Hydroxysteroids	17-beta-Hydroxysteroids	a 17-beta-hydroxysteroid	276.2453156493					C19H32O			plantcyc <https://plantcyc.org/>		276.2453156493	CC24(CCCCC(CCC1(C3(CC[C@H](O)C(C)(CCC12)3)))4)		QUKZBUCPOSYYFO-HNLWTILRSA-N									PlantCyc/PMN local PGDB
DL-Phospholactate	DL-Phospholactate	phospholactate	169.9980244673					C3H4O6P			plantcyc <https://plantcyc.org/>	DL-phospholactate	169.9980244673	CC(C(=O)[O-])OP(=O)([O-])[O-]											PlantCyc/PMN local PGDB
D-Ketohexoses	D-Ketohexoses	a D-ketohexose	180.0633881178					C6H12O6			plantcyc <https://plantcyc.org/>		180.0633881178	C(O)C(=O)C(O)C(O)[C@H](O)CO		BJHIKXHVCXFQLS-GBLJGUNLSA-N									PlantCyc/PMN local PGDB
Jadomycin-B	Jadomycin-B	jadomycin B	549.1998815992					C30H31NO9			plantcyc <https://plantcyc.org/>		549.1998815992	CC[C@H](C)[C@H]1(C(=O)OC3(N1C5(\C(=O)C6(/C(/O[C@H]2(C[C@@H](O)[C@@H](O)[C@H](C)O2))=C\C=C/C(/C(=O)C(\C4(C\3=C\C(/C)=C/C(O)=4))=5)=6))))		BSBSCJRAEMDCHC-LVOPHWFOSA-N									PlantCyc/PMN local PGDB
N-acetyl-a-D-hexosamine-1-phosphates	N-acetyl-a-D-hexosamine-1-phosphates	an N -acetyl-alpha-D-hexosamine 1-phosphate	301.0562676277					C8H14NO9P			plantcyc <https://plantcyc.org/>		301.0562676277	CC(=O)NC1(C(O)C(O)[C@@H](CO)O[C@H](OP(=O)([O-])[O-])1)		FZLJPEPAYPUMMR-YVKWHVBHSA-L									PlantCyc/PMN local PGDB
All-Biopterines	All-Biopterines	a biopterin	237.0861892454					C9H11N5O3			plantcyc <https://plantcyc.org/>	a 2-amino-4-hydroxy-6-(1,2-dihydroxypropyl)-pteridine	237.0861892454	CC(C(O)C1(\C=N/C2(\N=C(N)/NC(C(/N=1)=2)=O)))O		LHQIJBMDNUYRAM-UHFFFAOYSA-N									PlantCyc/PMN local PGDB
Jasmonoyl-Isoleucines	Jasmonoyl-Isoleucines	a jasmonoyl-L-isoleucine	323.2096584245					C18H28NO4			plantcyc <https://plantcyc.org/>	a JA-Ile // a jasmonate-isoleucine // a jasmonic acid-isoleucine // a jasmonic acid-isoleucine conjugate // a jasmonyl isoleucine	323.2096584245	CC\C=C/CC1(C(=O)CCC1CC(N[C@@H]([C@@H](C)CC)C([O-])=O)=O)		IBZYPBGPOGJMBF-PHZNYZCBSA-M									PlantCyc/PMN local PGDB
NADHX	NADHX	NADHX	683.135336383					C21H29N7O15P2			plantcyc <https://plantcyc.org/>		683.135336383	C1(/N(C(O)CCC(/C(N)=O)=1)[C@@H]5(O[C@H](COP(=O)([O-])OP(=O)([O-])OC[C@H]2(O[C@H]([C@H](O)[C@H](O)2)N3(\C=N/C4(C(/N)=N\C=N/C3=4))))[C@@H](O)[C@@H](O)5))		IDBZKGQRLBFUFQ-SYZDXSIJSA-L									PlantCyc/PMN local PGDB
Hexuronates	Hexuronates	a hexuronate	194.0426526757					C6H9O7			plantcyc <https://plantcyc.org/>	a hexuronic acid	194.0426526757	C(=O)C(O)C(O)C(O)C(O)C(=O)[O-]		IAJILQKETJEXLJ-UHFFFAOYSA-M									PlantCyc/PMN local PGDB
D-glucose-1-phosphates	D-glucose-1-phosphates	D-glucose 1-phosphate	260.0297185262					C6H11O9P			plantcyc <https://plantcyc.org/>	D-glucopyranose 1-phosphate	260.0297185262	C(O)[C@@H]1([C@H]([C@@H]([C@H](C(OP(=O)([O-])[O-])O1)O)O)O)		HXXFSFRBOHSIMQ-GASJEMHNSA-L									PlantCyc/PMN local PGDB
Thiazostatin	Thiazostatin	thiazostatin	338.0758838345					C15H17N2O3S2			plantcyc <https://plantcyc.org/>		338.0758838345	C[C@]3(N(C)C([C@H]2(\N=C(C1(\C(\O)=C/C=C\C=1))/SC2))SC3)C([O-])=O		IYXVCNSDGXPAND-NXGPAIQASA-M									PlantCyc/PMN local PGDB
CPD-15979	CPD-15979	D-mannopyranose 6-phosphate	260.0297185262					C6H11O9P			plantcyc <https://plantcyc.org/>	D-mannopyranose-6-P	260.0297185262	C(OP(=O)([O-])[O-])[C@H]1(OC(O)[C@@H](O)[C@@H](O)[C@H](O)1)											PlantCyc/PMN local PGDB
Arabinofuranoses	Arabinofuranoses	an arabinofuranose	150.0528234315					C5H10O5			plantcyc <https://plantcyc.org/>		150.0528234315	C(O)C1([C@H](O)[C@@H](O)C(O)O1)											PlantCyc/PMN local PGDB
CPD-21103	CPD-21103	3-methyl-2-oxopentanoate	130.0629941873					C6H9O3			plantcyc <https://plantcyc.org/>		130.0629941873	CCC(C)C(=O)C(=O)[O-]		JVQYSWDUAOAHFM-UHFFFAOYSA-M									PlantCyc/PMN local PGDB
L-Galactopyranose	L-Galactopyranose	L-galactopyranose	180.0633881178					C6H12O6			plantcyc <https://plantcyc.org/>		180.0633881178	C([C@@H]1(OC([C@H]([C@@H]([C@@H]1O)O)O)O))O		WQZGKKKJIJFFOK-DHVFOXMCSA-N									PlantCyc/PMN local PGDB
DTDP-4-DEHYDRO-6-DEOXY-D-GALACTOSE	DTDP-4-DEHYDRO-6-DEOXY-D-GALACTOSE	dTDP-4-dehydro-6-deoxy-D-galactose	546.0651911323					C16H22N2O15P2			plantcyc <https://plantcyc.org/>	dTDP-4-dehydro-6-deoxy-D-glucose	546.0651911323	CC1(\C(=O)NC(N(\C=1)[C@H]3(C[C@H](O)[C@@H](COP(=O)([O-])OP(OC2([C@@H]([C@H](C(=O)[C@H](O2)C)O)O))(=O)[O-])O3))=O)		PSXWNITXWWECNY-SRPWTXKTSA-L									PlantCyc/PMN local PGDB
C27-Steroids	C27-Steroids	a C 27 steroid	372.3756015408					C27H48			plantcyc <https://plantcyc.org/>		372.3756015408	CC(C)CCCC(C)C3(CCC4(C2(CCC1(CCCCC(C)1C2CCC(C)34))))		XIIAYQZJNBULGD-UHFFFAOYSA-N									PlantCyc/PMN local PGDB
HEME_O	HEME_O	heme o	840.3913131573					C49H56N4O5FE			plantcyc <https://plantcyc.org/>		840.3913131573	C=CC3(\C7(\[N+]4(\[Fe]16([N+]5(\C(/C(\CCC(=O)[O-])=C(C)\C(/C=C2(C(\C)=C(C(\N12)=C\C(\C(/C)=3)=4)/[C@@H](O)CC/C=C(C)/CC/C=C(C)/CCC=C(C)C))=5)=C/C8(/N6C(/C=7)=C(C)/C(\CCC(=O)[O-])=8))))))		FRKORVCRVCLRBA-ARQJTVBPSA-J									PlantCyc/PMN local PGDB
5-HYDROXY-L-LYSINE	5-HYDROXY-L-LYSINE	5-hydroxy-L-lysine	162.1004423261					C6H15N2O3			plantcyc <https://plantcyc.org/>	5-hydroxylysine // hydroxylysine // delta-hydroxy-L-lysine // 2,6-diamino-5-hydroxyhexanoate // 5-hydroxy-2,6-diaminohexanoate	162.1004423261	C(C[C@H]([NH3+])C(=O)[O-])C(O)C[NH3+]											PlantCyc/PMN local PGDB
L-Ketopentoses	L-Ketopentoses	an L-ketopentose	150.0528234315					C5H10O5			plantcyc <https://plantcyc.org/>		150.0528234315	C(O)[C@H](O)C(O)C(=O)CO		ZAQJHHRNXZUBTE-WWLRPLJCSA-N									PlantCyc/PMN local PGDB
5678-TETRAHYDROPTERIDINE	5678-TETRAHYDROPTERIDINE	a 5,6,7,8-tetrahydropteridine	136.0748962776					C6H8N4			plantcyc <https://plantcyc.org/>	a 5,6,7,8-tetrahydropterine // a tetrahydropteridine	136.0748962776	C1(CNC2(/N=C\N=C/C(/N1)=2))		IDAICLIJTRXNER-UHFFFAOYSA-N									PlantCyc/PMN local PGDB
C28-22S-hydroxysteroid	C28-22S-hydroxysteroid	a (22 S )-22-hydroxy-C 28 -steroid	402.3861662271					C28H50O			plantcyc <https://plantcyc.org/>		402.3861662271	CC(C)C(C)C[C@H](O)C(C)C3(CCC4(C2(CCC1(CCCCC(C)1C2CCC(C)34))))		XCYIMZFGSRPMQH-YVXPVVMSSA-N									PlantCyc/PMN local PGDB
Chlorins	Chlorins	a chlorin	312.1374965344					C20H16N4			plantcyc <https://plantcyc.org/>		312.1374965344	C4(\C=C3(\C=C5(\C=C/C(\C=C1(CCC(\N1)=C\C2(\C=C/C(/N=2)=C/C(/N3)=4)))=N5)))		SURLGNKAQXKNSP-DBLYXWCISA-N									PlantCyc/PMN local PGDB
Hexaric-Acids	Hexaric-Acids	a hexaric acid	210.0375672978					C6H8O8			plantcyc <https://plantcyc.org/>		210.0375672978	C(=O)([O-])C(O)C(O)C(O)C(O)C(=O)[O-]											PlantCyc/PMN local PGDB
3-Oxosteroyl-CoA	3-Oxosteroyl-CoA	a 3-oxo bile acid CoA ester	1123.3867387654					C45H68N7O18P3S			plantcyc <https://plantcyc.org/>		1123.3867387654	C[C@H](CCC(=O)SCCNC(=O)CCNC(=O)[C@H](O)C(C)(C)COP(=O)(OP(=O)(OC[C@@H]1([C@@H](OP([O-])(=O)[O-])[C@@H](O)[C@@H](O1)N2(C3(\N=C/N=C(C(\N=C/2)=3)/N))))[O-])[O-])C5(CCC6(C7(CCC4(CC(=O)CCC(C)4C(CCC(C)56)7))))		URZYEVFFDFMJGU-NQLYPUFXSA-J									PlantCyc/PMN local PGDB
Mannuronate	Mannuronate	mannuronate	194.0426526757					C6H9O7			plantcyc <https://plantcyc.org/>		194.0426526757	C(=O)[C@H]([C@@H](O)[C@H](O)[C@@H](C([O-])=O)O)O		IAJILQKETJEXLJ-MBMOQRBOSA-M									PlantCyc/PMN local PGDB
HEME_C	HEME_C	heme c	686.168389209					C34H34N4O4S2FE			plantcyc <https://plantcyc.org/>		686.168389209	CC3(\C7(\[N+]4(\[Fe]16([N+]5(\C(/C(\C)=C(C(\C=C2(C(/C)=C(CCC(=O)[O-])/C(/N12)=C/C(/C(\CCC(=O)[O-])=3)=4))=5)/C(C)S)=C/C8(/N6C(/C=7)=C(C)/C(/C(C)S)=8))))))		HDADCWOFPYHTMD-IDTMDVKXSA-J									PlantCyc/PMN local PGDB
CPDQT-421	CPDQT-421	&xi;-progoitrin	389.0450372161					C11H18NO10S2			plantcyc <https://plantcyc.org/>	2-hydroxy-but-3-enyl-glucosinolate	389.0450372161	C=CC(O)CC(\S[C@@H]1(O[C@H](CO)[C@@H](O)[C@H](O)[C@@H](O)1))=N\OS(=O)(=O)[O-]		MYHSVHWQEVDFQT-KIKSCADISA-M									PlantCyc/PMN local PGDB
3-HYDROXY-BUTYRATE	3-HYDROXY-BUTYRATE	3-hydroxybutanoate	104.0473441231					C4H7O3			plantcyc <https://plantcyc.org/>	beta-hydroxybutyrate // 3-hydroxybutyrate // beta-hydroxybutanoate // 3-hydroxybutyric acid	104.0473441231	CC(O)CC([O-])=O		WHBMMWSBFZVSSR-UHFFFAOYSA-M									PlantCyc/PMN local PGDB
D-arabinopyranose	D-arabinopyranose		150.0528234315					C5H10O5			plantcyc <https://plantcyc.org/>		150.0528234315	C1([C@@H](O)[C@@H](O)[C@H](O)C(O)O1)											PlantCyc/PMN local PGDB
Pentitols	Pentitols	a pentitol	152.0684734957					C5H12O5			plantcyc <https://plantcyc.org/>		152.0684734957	C(O)C(O)C(O)C(O)CO											PlantCyc/PMN local PGDB
CPD-16569	CPD-16569	kojibiose	342.1162115493					C12H22O11			plantcyc <https://plantcyc.org/>	2-alpha-D-glucosyl-D-glucose // alpha-D-glucopyranosyl-(1->2)-D-glucopyranose	342.1162115493	C(O)[C@H]2(OC(O)[C@H](O[C@@H]1([C@H](O)[C@H]([C@H](O)[C@@H](CO)O1)O))[C@@H](O)[C@H](O)2)											PlantCyc/PMN local PGDB
L-arabinofuranose	L-arabinofuranose	L-arabinofuranose	150.0528234315					C5H10O5			plantcyc <https://plantcyc.org/>	L-Ara f	150.0528234315	C(O)[C@H]1([C@H](O)[C@@H](O)C(O)O1)		HMFHBZSHGGEWLO-HWQSCIPKSA-N									PlantCyc/PMN local PGDB
D-Fructopyranose	D-Fructopyranose	D-fructopyranose	180.0633881178					C6H12O6			plantcyc <https://plantcyc.org/>		180.0633881178	C(O)C1(O)(OC[C@@H](O)[C@@H](O)[C@H](O)1)											PlantCyc/PMN local PGDB
6-Hydroxy-Purine-Nucleotides	6-Hydroxy-Purine-Nucleotides	a 6-hydroxypurine nucleotide	348.0470999249					C10H13N4O8P			plantcyc <https://plantcyc.org/>		348.0470999249	C(OP(=O)(O)O)C1(C(O)C(O)C(O1)N2(\C=N/C3(\C/2=N/C=N\C(\O)=3)))											PlantCyc/PMN local PGDB
Jasmonic-Acids	Jasmonic-Acids	a jasmonate	210.1255944441					C12H17O3			plantcyc <https://plantcyc.org/>	a jasmonic acid // a JA	210.1255944441	CC\C=C/CC1(C(=O)CCC1CC([O-])=O)		ZNJFBWYDHIGLCU-ARJAWSKDSA-M									PlantCyc/PMN local PGDB
D-mannofuranose	D-mannofuranose	D-mannofuranose	180.0633881178					C6H12O6			plantcyc <https://plantcyc.org/>	Manf // D-manno-hexofuranose	180.0633881178	C(O)[C@@H](O)[C@@H]1([C@@H]([C@@H](C(O)O1)O)O)		AVVWPBAENSWJCB-GASJEMHNSA-N									PlantCyc/PMN local PGDB
CPD-4893	CPD-4893	sabinene	136.1252005136					C10H16			plantcyc <https://plantcyc.org/>		136.1252005136	CC(C)C12(C(C1)C(CC2)=C)											PlantCyc/PMN local PGDB
Pyranuronates	Pyranuronates	a pyranuronate	194.0426526757					C6H9O7			plantcyc <https://plantcyc.org/>	a pyranuronic acid	194.0426526757	C1(O)(C(O)C(O)OC(C(=O)[O-])C(O)1)		AEMOLEFTQBMNLQ-UHFFFAOYSA-M									PlantCyc/PMN local PGDB
CPD-538	CPD-538	a serine phosphoethanolamine	228.0511226703					C5H13N2O6P			plantcyc <https://plantcyc.org/>		228.0511226703	C(COP(OCC(C(=O)[O-])[NH3+])([O-])=O)[NH3+]											PlantCyc/PMN local PGDB
Alpha-Hexose-1-Phosphates	Alpha-Hexose-1-Phosphates	an alpha-hexose 1-phosphate	260.0297185262					C6H11O9P			plantcyc <https://plantcyc.org/>		260.0297185262	C(O)C1(O[C@H](OP(=O)([O-])[O-])C(O)C(O)C(O)1)		HXXFSFRBOHSIMQ-SQHQMROCSA-L									PlantCyc/PMN local PGDB
12-Hydroxyjasmonate-Sulfates	12-Hydroxyjasmonate-Sulfates	a 12-hydroxyjasmonate sulfate	306.0773236225					C12H16O7S			plantcyc <https://plantcyc.org/>	a 12-OHJA sulfate // a 12-hydroxyjasmonic acid sulfate // a SO4-hydroxy-JA // a 12-hydroxy-JA sulfate	306.0773236225	C(OS(=O)(=O)[O-])C\C=C/CC1(C(=O)CCC1CC([O-])=O)		MLUJBNROAVANKK-UPHRSURJSA-L									PlantCyc/PMN local PGDB
L-Fucopyranoses	L-Fucopyranoses	L-fucopyranose	164.0684734957					C6H12O5			plantcyc <https://plantcyc.org/>	6-deoxy-L-galactose // L-galactomethylose	164.0684734957	C[C@@H]1(OC([C@H]([C@@H]([C@@H]1O)O)O)O)											PlantCyc/PMN local PGDB
D-idopyranuronate	D-idopyranuronate	D-idopyranuronate	194.0426526757					C6H9O7			plantcyc <https://plantcyc.org/>	D-idopyranuronic acid	194.0426526757	C([O-])(=O)[C@H]1(OC(O)[C@@H](O)[C@H](O)[C@@H](O)1)		AEMOLEFTQBMNLQ-ISAMGBGPSA-M									PlantCyc/PMN local PGDB
Farnesoates	Farnesoates	a farnesoate	233.1541549183					C15H20O2			plantcyc <https://plantcyc.org/>	a farnesoic acid // a 3,7,11-trimethyl-2,6,10-dodecatrienoic acid // a farnesenic acid // a farnesic acid // a farnesylic acid	233.1541549183	CC(C)=CCCC(C)=C=CCC(C)=C=C(=O)[O-]											PlantCyc/PMN local PGDB
CPD0-2186	CPD0-2186	a hexadecenoyl-CoA (n-C16:1CoA)	1003.3292238865					C37H60N7O17P3S			plantcyc <https://plantcyc.org/>		1003.3292238865	CCCCCC/C=C/CCCCCCCC(SCCNC(=O)CCNC(=O)[C@H](O)C(C)(C)COP(=O)(OP(=O)(OC[C@@H]1([C@@H](OP([O-])(=O)[O-])[C@@H](O)[C@@H](O1)N2(C3(\N=C/N=C(C(\N=C/2)=3)/N))))[O-])[O-])=O											PlantCyc/PMN local PGDB
5-Deoxy-D-Ribofuranose	5-Deoxy-D-Ribofuranose	5-deoxy-D-ribofuranose	134.0579088094					C5H10O4			plantcyc <https://plantcyc.org/>		134.0579088094	C[C@H]1(OC(O)[C@@H]([C@@H]1O)O)		MKMRBXQLEMYZOY-SOOFDHNKSA-N									PlantCyc/PMN local PGDB
CPD-13545	CPD-13545	chitobiose	340.1481803797					C12H26N2O9			plantcyc <https://plantcyc.org/>	beta-D-glucosaminyl-(1->4)-D-glucosamine // 2-amino-4- O -(2-amino-2-deoxy-beta-D-glucopyranosyl)-2-deoxy-D-glucopyranose	340.1481803797	C(O)[C@@H]1([C@@H](O)[C@H](O)[C@@H]([NH3+])[C@@H](O1)O[C@H]2([C@H](O)[C@H](C(O)O[C@H](CO)2)[NH3+]))											PlantCyc/PMN local PGDB
D-Fucoses	D-Fucoses	D-fucose	164.0684734957					C6H12O5			plantcyc <https://plantcyc.org/>	6-deoxy-D-galactose	164.0684734957	C[C@H]([C@H](O)[C@H](O)[C@H](C=O)O)O		PNNNRSAQSRJVSB-DPYQTVNSSA-N									PlantCyc/PMN local PGDB
CPD-11256	CPD-11256	an 11-hydroxyjasmonate sulfate	306.0773236225					C12H16O7S			plantcyc <https://plantcyc.org/>	an 11-OHJA sulfate // an 11-hydroxyjasmonic acid sulfate // an 11-SO4-hydroxy-JA // an 11-hydroxy-JA-sulfate	306.0773236225	CC(OS(=O)(=O)[O-])\C=C/CC1(C(=O)CCC1CC([O-])=O)		XOANNBHPTKIFSM-IHWYPQMZSA-L									PlantCyc/PMN local PGDB
CPD-24682	CPD-24682	9,10,13-TriHOME	330.2406242019					C18H33O5			plantcyc <https://plantcyc.org/>	(11E)-9,10,13-trihydroxyoctadecenoate // 9,10,13-trihydroxy-11-octadecenoate // 9,10,13-Trihydroxyoctadec-11-enoate	330.2406242019	CCCCCC(O)/C=C/C(O)C(O)CCCCCCCC(=O)[O-]		NTVFQBIHLSPEGQ-BUHFOSPRSA-M									PlantCyc/PMN local PGDB
UDP-L-ARABINOSE	UDP-L-ARABINOSE	UDP-L-arabinose	536.0444556902					C14H20N2O16P2			plantcyc <https://plantcyc.org/>	UDP-beta-L-arabinose // UDP-arabinose	536.0444556902	C3(OC(OP(OP(OC[C@@H]2([C@H]([C@H]([C@H](N1(\C=C/C(=O)NC1=O))O2)O)O))(=O)[O-])(=O)[O-])[C@H](O)[C@@H](O)[C@@H](O)3)		DQQDLYVHOTZLOR-OKQNPRBNSA-L									PlantCyc/PMN local PGDB
Heme-b	Heme-b	heme b	618.1929477006					C34H30N4O4FE			plantcyc <https://plantcyc.org/>		618.1929477006	C=CC4(\C(/C)=C5(\C=C6(C(/C)=C(CCC(=O)[O-])/C7(\C=C8(C(/CCC(=O)[O-])=C(C)/C1(/N([Fe]3(N(C(/C=C2(C(/C)=C(C=C)/C(\C=1)=[N+]2/3))=4)5)([N+]/6=7))8))))))		YHLKGEDAGPGZPN-RGGAHWMASA-J									PlantCyc/PMN local PGDB
7-Deazapurines	7-Deazapurines	a 7-deazapurine	119.0483471761					C6H5N3			plantcyc <https://plantcyc.org/>		119.0483471761	C2(\N\C=N/C1(\C(/C=C\N=1)=2))											PlantCyc/PMN local PGDB
CPD-25183	CPD-25183	rosmarinate	360.0845174904					C18H15O8			plantcyc <https://plantcyc.org/>	rosmarinate anion // rosmarinate(1-)	360.0845174904	C(OC(C(=O)[O-])CC1(\C=C/C(/O)=C(\C=1)/O))(=O)/C=C/C2(/C=C(C(/O)=C\C=2)/O)		DOUMFZQKYFQNTF-ZZXKWVIFSA-M									PlantCyc/PMN local PGDB
Phycoerythrobilins	Phycoerythrobilins	a phycoerythrobilin	586.2791349732					C33H36N4O6			plantcyc <https://plantcyc.org/>	PEB	586.2791349732	C/C=C1([C@@H](C)C(NC\1=C/C4(/NC(/C=C3(C(/CCC([O-])=O)=C(C)/C(\C[C@H]2(C(/C)=C(C=C)/C(=O)N2))=N\3))=C(CCC([O-])=O)/C(\C)=4))=O)		IGJXAXFFKKRFKU-VVZNRSQRSA-L									PlantCyc/PMN local PGDB
D-rhamnopyranoses	D-rhamnopyranoses	D-rhamnopyranose	164.0684734957					C6H12O5			plantcyc <https://plantcyc.org/>		164.0684734957	C[C@@H]1([C@H]([C@@H]([C@@H](C(O1)O)O)O)O)											PlantCyc/PMN local PGDB
9-HOTrE	9-HOTrE	9-HOTrE	294.2194948293					C18H29O3			plantcyc <https://plantcyc.org/>	9-HOTE // 9-hydroxy-10E,12Z,15Z-octadecatrienoiate // (+/-)9-HOTrE // (+/-)9-HOTE	294.2194948293	CC\C=C/C\C=C/C=C/C(O)CCCCCCCC(=O)[O-]		RIGGEAZDTKMXSI-CUHSZNQNSA-M									PlantCyc/PMN local PGDB
Glucose-6-phosphate	Glucose-6-phosphate	D-glucose 6-phosphate	260.0297185262					C6H11O9P			plantcyc <https://plantcyc.org/>	D-glucose-6-P	260.0297185262	C(=O)[C@@H]([C@H]([C@@H]([C@@H](COP([O-])(=O)[O-])O)O)O)O		VFRROHXSMXFLSN-SLPGGIOYSA-L									PlantCyc/PMN local PGDB
D-GLUCOSAMINE-6-P	D-GLUCOSAMINE-6-P	D-glucosamine 6-phosphate	259.0457029414					C6H13NO8P			plantcyc <https://plantcyc.org/>	D-glucosamine phosphate // D-glucosamine-6-P	259.0457029414	C(OP([O-])(=O)[O-])[C@H]1(OC(O)[C@H]([NH3+])[C@@H](O)[C@H](O)1)		XHMJOUIAFHJHBW-IVMDWMLBSA-M									PlantCyc/PMN local PGDB
D-mannuronates	D-mannuronates	D-mannuronate	194.0426526757					C6H9O7			plantcyc <https://plantcyc.org/>	D-mannuronic acid	194.0426526757	C(=O)[C@H]([C@@H](O)[C@H](O)[C@@H](C([O-])=O)O)O		IAJILQKETJEXLJ-MBMOQRBOSA-M									PlantCyc/PMN local PGDB
Xylulose	Xylulose	xylulose	150.0528234315					C5H10O5			plantcyc <https://plantcyc.org/>		150.0528234315	C(O)C(O)C(O)C(=O)CO		ZAQJHHRNXZUBTE-UHFFFAOYSA-N									PlantCyc/PMN local PGDB
3-CHLORO-DL-ALANINE	3-CHLORO-DL-ALANINE	3-chloro-DL-alanine	123.008706152					C3H6NO2CL			plantcyc <https://plantcyc.org/>	beta-chloro-DL-alanine	123.008706152	C(Cl)C([NH3+])C([O-])=O											PlantCyc/PMN local PGDB
NACMUR	NACMUR	N -acetyl-D-muramate	293.1110665919					C11H18NO8			plantcyc <https://plantcyc.org/>	2-acetamido-3- O -(D-1-carboxyethyl)-2-deoxy-beta-D-glucose // MurNAc // N -acetylmuramic acid // NAcMur // 2-[3-acetylamino-2,5-dihydroxy-6-(hydroxymethyl)tetrahydropyran-4-yl]oxypropanoic acid // N -acetyl-D-muramic acid	293.1110665919	C[C@@H](O[C@@H]1([C@@H](NC(=O)C)C(O[C@H](CO)[C@H]1O)O))C(=O)[O-]		MNLRQHMNZILYPY-MKFCKLDKSA-M									PlantCyc/PMN local PGDB
Inositol-Phosphates	Inositol-Phosphates	an inositol phosphate	260.0297185262					C6H11O9P			plantcyc <https://plantcyc.org/>		260.0297185262	C1(C(C(C(C(C1O)O)OP(=O)([O-])[O-])O)O)O											PlantCyc/PMN local PGDB
3-Dehydropyranoses	3-Dehydropyranoses	a 3-dehydropyranose	178.0477380536					C6H10O6			plantcyc <https://plantcyc.org/>		178.0477380536	C(O)C1(C(O)C(=O)C(O)C(O)O1)		APIQNBNBIICCON-UHFFFAOYSA-N									PlantCyc/PMN local PGDB
N-ACETYL-D-GLUCOSAMINE-6-P	N-ACETYL-D-GLUCOSAMINE-6-P	N -acetyl-D-glucosamine 6-phosphate	301.0562676277					C8H14NO9P			plantcyc <https://plantcyc.org/>	N -acetylglucosamine-6-P // GlcNAc-6-P // N -acetyl-D-glucosamine-6-P // N -acetyl-glucosamine 6-phosphate // N -acetyl-glucosamine-6-P	301.0562676277	CC(=O)N[C@H]1(C(O)O[C@H](COP([O-])(=O)[O-])[C@@H](O)[C@H](O)1)		BRGMHAYQAZFZDJ-RTRLPJTCSA-L									PlantCyc/PMN local PGDB
CPD-16768	CPD-16768	mycosamine	163.0844579109					C6H14NO4			plantcyc <https://plantcyc.org/>	3-amino-3-deoxy-D-rhamnose // 3-amino-3,6-dideoxymannose // 3-amino-3,6-dideoxy-D-mannose	163.0844579109	C[C@H]1(OC([C@@H](O)[C@H]([C@H](O)1)[NH3+])O)		OINCELAOJGBMQV-YIDFTEPTSA-O									PlantCyc/PMN local PGDB
23-Diaminopropanoate	23-Diaminopropanoate	2,3-diaminopropanoate	104.0585775114					C3H9N2O2			plantcyc <https://plantcyc.org/>	2,3-diaminopropionate // 2,3-diaminopropionic acid // 2,3-diaminopropanoic acid // 3-aminoalanine zwitterion // 2-amino-3-ammoniopropanoate	104.0585775114	C([NH3+])C(C(=O)[O-])[NH3+]		PECYZEOJVXMISF-UHFFFAOYSA-O									PlantCyc/PMN local PGDB
CPD-15991	CPD-15991	D-trehalose 6-phosphate	422.0825419577					C12H21O14P			plantcyc <https://plantcyc.org/>	trehalose phosphate // trehalose 6-phosphate	422.0825419577	C([C@H]1(OC([C@@H]([C@H]([C@@H]1O)O)O)OC2([C@@H]([C@H]([C@@H]([C@H](O2)COP([O-])(=O)[O-])O)O)O)))O											PlantCyc/PMN local PGDB
Plastoquinols	Plastoquinols	a plastoquinol	750.6314818764					C53H82O2			plantcyc <https://plantcyc.org/>	PQ	750.6314818764	CC(C)=CCCC(\C)=C/CCC(\C)=C/CCC(\C)=C/CCC(\C)=C/CCC(\C)=C/CCC(\C)=C/CCC(\C)=C/CCC(\C)=C/CC1(/C=C(C(/C)=C(C)/C(/O)=1)/O)											PlantCyc/PMN local PGDB
6-7-Dihydrobiopterins	6-7-Dihydrobiopterins	6,7-dihydrobiopterin	239.1018393096					C9H13N5O3			plantcyc <https://plantcyc.org/>	a 6,7-dihydrobiopterin // quinoid dihydrobiopterin // q-dihydrobiopterin	239.1018393096	CC(O)C(O)C2(CNC1(\C(\C(=O)\N=C(N)/N=1)=N/2))		ZHQJVZLJDXWFFX-UHFFFAOYSA-N									PlantCyc/PMN local PGDB
D-fructofuranose-1-phosphate	D-fructofuranose-1-phosphate	D-fructofuranose 1-phosphate	260.0297185262					C6H11O9P			plantcyc <https://plantcyc.org/>		260.0297185262	C(O)[C@@H]1([C@@H](O)[C@H](O)C(COP([O-])([O-])=O)(O)O1)											PlantCyc/PMN local PGDB
CPD-55	CPD-55	octadecanal	268.2766157777					C18H36O			plantcyc <https://plantcyc.org/>		268.2766157777	CCCCCCCCCCCCCCCCCC=O		FWWQKRXKHIRPJY-UHFFFAOYSA-N									PlantCyc/PMN local PGDB
CPD-8250	CPD-8250	alpha-amyrin	426.3861662271					C30H50O			plantcyc <https://plantcyc.org/>	viminalol // alpha-amyrenol // alpha-amyrine // (3beta)-urs-12-en-3-ol // 5alpha-urs-12-en-3beta-ol // 4,4,6a,6b,8a,11,12,14b-octamethyl-1,2,3,4,4a,5,6,6a,6b,7,8,8a,9,10,11,12,12a,14,14a,14b-icosahydropicen-3-ol	426.3861662271	C[C@@H]1(CC[C@]2(C)(CC[C@@]3(C)([C@]4([C@H](C\C=C([C@H]([C@@H](C)1)2)/3)[C@@]5(C)(CC[C@H](O)C(C)(C)[C@H](CC4)5))(C))))		FSLPMRQHCOLESF-SFMCKYFRSA-N									PlantCyc/PMN local PGDB
METHYLENE-THF	METHYLENE-THF	5,10-methylenetetrahydropteroyl mono-L-glutamate	457.1709815073					C20H21N7O6			plantcyc <https://plantcyc.org/>	N 5 ,N 10 -methylenetetrahydrofolate mono-L-glutamate // 5,10-methylenetetrahydrofolate mono-L-glutamate // 5,10-methylene-H 4 PteGlu 1	457.1709815073	C3(NC4(/N=C(N)\NC(=O)C(/N2(CN(C1(\C=C/C(/C(=O)N[C@@H](CCC([O-])=O)C([O-])=O)=C\C=1))C[C@@H]23))=4))		QYNUQALWYRSVHF-OLZOCXBDSA-L									PlantCyc/PMN local PGDB
CPD-4204	CPD-4204	trans -zeatin riboside diphosphate	511.0869296274					C15H20N5O11P2			plantcyc <https://plantcyc.org/>	ZDP // zeatin diphosphate // tZRDP	511.0869296274	CC(/CO)=C\CNC3(/N=C\N=C1(C(/N=C\N1[C@@H]2(O[C@H](COP(=O)([O-])OP(=O)([O-])[O-])[C@@H](O)[C@@H](O)2))=3))		MXFPFNSSZYNJGX-HNNGNKQASA-K									PlantCyc/PMN local PGDB
CPD-13685	CPD-13685	2-naphthol 6'-O-malonylglucoside	392.1107322409					C19H19O9			plantcyc <https://plantcyc.org/>		392.1107322409	C3(\C=C2(\C=C/C(/O[C@@H]1(O[C@@H]([C@H]([C@@H]([C@H]1O)O)O)COC(=O)CC(=O)[O-]))=C\C/2=C\C=3))		AUARYYUGYYPPDD-LQDZTQBFSA-M									PlantCyc/PMN local PGDB
5-PHOSPHO-RIBOSYL-GLYCINEAMIDE	5-PHOSPHO-RIBOSYL-GLYCINEAMIDE	N 1 -(5-phospho-beta-D-ribosyl)glycinamide	286.0566019787					C7H14N2O8P			plantcyc <https://plantcyc.org/>	5-phospho-beta-D-ribosyl-glycineamide // 5'-phosphoribosylglycinamide // 5'-phosphoribosylglycineamide // 5'-p-ribosylglycinamide // 5'-p-ribosylglycineamide	286.0566019787	C([NH3+])C(=O)N[C@H]1([C@H](O)[C@H](O)[C@@H](COP([O-])(=O)[O-])O1)		OBQMLSFOUZUIOB-SHUUEZRQSA-M									PlantCyc/PMN local PGDB
CPD-8093	CPD-8093	1-linoleoyl-2-alpha-linolenoyl-phosphatidylcholine	781.56215506					C44H78NO8P			plantcyc <https://plantcyc.org/>	phosphatidylcholine (1-18:2-2-18:3) // 18:2-18:3-PC // 1-(9Z,12Z-octadecadienoyl)-2-(9Z,12Z,15Z-octadecatrienoyl)-sn-glycero-3-phosphocholine // 1-18:2-2-18:3-phosphatidylcholine	781.56215506	CCCCC\C=C/C\C=C/CCCCCCCC(OC[C@@H](OC(=O)CCCCCCC\C=C/C\C=C/C\C=C/CC)COP([O-])(=O)OCC[N+](C)(C)C)=O		HZGAVPNEGHQJID-UNBCHYIMSA-N									PlantCyc/PMN local PGDB
CPD-12621	CPD-12621	4-(indol-3-yl)butanoyl-beta-D-glucose	365.1474520982					C18H23NO7			plantcyc <https://plantcyc.org/>	IBA-glucose // indolebutyryl-glucose // indole-3-butyryl-D-glucose // IBA-Glc // indole-3-butyric acid D-glucoside // indole-3-butyryl-glucose	365.1474520982	C(O)[C@H]3(O[C@@H](OC(=O)CCCC1(\C2(/C=C\C=C/C(/N\C=1)=2)))[C@H](O)[C@@H](O)[C@H](O)3)		CIJFFKOICMQHCH-LHKMKVQPSA-N									PlantCyc/PMN local PGDB
BENZOATE	BENZOATE	benzoate	122.0367794368					C7H5O2			plantcyc <https://plantcyc.org/>	benzoic acid // benzenecarboxylic acid // phenylformic acid	122.0367794368	C(C1(\C=C/C=C\C=1))([O-])=O		WPYMKLBDIGXBTP-UHFFFAOYSA-M									PlantCyc/PMN local PGDB
CPD-9898	CPD-9898	3-methoxy-4-hydroxy-5-( all-trans -nonaprenyl)benzoate	780.6056610564					C53H79O4			plantcyc <https://plantcyc.org/>	3-nonaprenyl-4-hydroxy-5-methoxybenzoate // 3-methoxy-4-hydroxy-5-nonaprenylbenzoate // 3-(3,7,11,15,19,23-nonamethyltetracosa-2,6,10,14,18,22-hexaenyl) -4-hydroxy-5-methoxy-benzoic acid	780.6056610564	CC(C)=CCCC(\C)=C/CCC(\C)=C/CCC(\C)=C/CCC(\C)=C/CCC(\C)=C/CCC(\C)=C/CCC(\C)=C/CCC(\C)=C/CC1(/C=C(/C=C(C(/O)=1)/OC)/C([O-])=O)		FDPPBYXDOXRDHA-JSGWLJPKSA-M									PlantCyc/PMN local PGDB
CPD0-2489	CPD0-2489	2-hydroxy-3-nitropropionate	137.0324223404					C3H4NO5			plantcyc <https://plantcyc.org/>		137.0324223404	C([N+](=O)[O-])C(O)C(=O)[O-]		XUBFCGLROXDUOV-UHFFFAOYSA-M									PlantCyc/PMN local PGDB
ISOBUTYRATE	ISOBUTYRATE	isobutanoate	88.052429501					C4H7O2			plantcyc <https://plantcyc.org/>	2-methylpropionic acid // 2-methylpropanoic acid // isobutyric acid // isobutyrate // dimethylacetic acid // 2-methylpropanoate	88.052429501	CC(C)C([O-])=O		KQNPFQTWMSNSAP-UHFFFAOYSA-M									PlantCyc/PMN local PGDB
CPD-9038	CPD-9038	precorrin-1	850.290881451					C41H38N4O16			plantcyc <https://plantcyc.org/>		850.290881451	C[C@]5(C1(\N=C(CC4(\NC(/CC3(\NC(/CC2(\NC(/C=1)=C(CC([O-])=O)/C(\CCC([O-])=O)=2))=C(CCC([O-])=O)/C(\CC(=O)[O-])=3))=C(CCC([O-])=O)/C(\CC([O-])=O)=4))/[C@H]5CCC(=O)[O-]))(CC([O-])=O)		CJLVUWULFKHGFB-NZCAJUPMSA-F									PlantCyc/PMN local PGDB
CPD-8079	CPD-8079	1-18:1-2-16:3-monogalactosyldiacylglycerol	750.5281985964					C43H74O10			plantcyc <https://plantcyc.org/>	18:1-16:3-MGDG // 1-(9Z-octadecenoyl)-2-(7Z,10Z,13Z-hexadecatrienoyl)-3-O-beta-D-galactosyl-sn-glycerol	750.5281985964	CCCCCCCC\C=C/CCCCCCCC(OC[C@H](CO[C@@H]1(O[C@@H]([C@@H]([C@@H]([C@H]1O)O)O)CO))OC(CCCCC\C=C/C\C=C/C\C=C/CC)=O)=O		ULEDCQDCQAHGFD-LUKLOYDESA-N									PlantCyc/PMN local PGDB
MANNOSE-1P	MANNOSE-1P	alpha-D-mannose 1-phosphate	260.0297185262					C6H11O9P			plantcyc <https://plantcyc.org/>	mannose-1-phosphate // D-mannose-1-phosphate // mannose-1-P // alpha-D-mannopyranose 1-phosphate	260.0297185262	C(O)[C@H]1(O[C@H](OP(=O)([O-])[O-])[C@@H](O)[C@@H](O)[C@H](O)1)		HXXFSFRBOHSIMQ-RWOPYEJCSA-L									PlantCyc/PMN local PGDB
DOCOSANOATE	DOCOSANOATE	behenate	340.3341306566					C22H43O2			plantcyc <https://plantcyc.org/>	behenic acid // docosanoic acid // docosanoate	340.3341306566	CCCCCCCCCCCCCCCCCCCCCC([O-])=O		UKMSUNONTOPOIO-UHFFFAOYSA-M									PlantCyc/PMN local PGDB
CPD-717	CPD-717	3-dehydro-6-deoxoteasterone	432.3603454071					C28H48O3			plantcyc <https://plantcyc.org/>	dehydro-deoxoteasterone	432.3603454071	CC(C)[C@H](C)[C@@H](O)[C@H](O)[C@@H](C)[C@H]3(CC[C@H]4([C@@H]2(CC[C@H]1(CC(=O)CC[C@@](C)1[C@H]2CC[C@](C)34))))		URNVSZVQLKHKDE-WAFXAADMSA-N									PlantCyc/PMN local PGDB
CPD-8078	CPD-8078	1-18:3-2-16:2-monogalactosyldiacylglycerol	748.5125485322					C43H72O10			plantcyc <https://plantcyc.org/>	18:3-16:2-MGDG // 1-(9Z,12Z,15Z-octadecatrienoyl)-2-(7Z,10Z-hexadecadienoyl)-3-O-beta-D-galactosyl-sn-glycerol	748.5125485322	CC\C=C/C\C=C/C\C=C/CCCCCCCC(OC[C@H](CO[C@@H]1(O[C@@H]([C@@H]([C@@H]([C@H]1O)O)O)CO))OC(CCCCC\C=C/C\C=C/CCCCC)=O)=O		WSMYBUVBFWDMEC-SBPCIGHSSA-N									PlantCyc/PMN local PGDB
CPD-12406	CPD-12406	( Z )-1-(L-cysteinylglycin- S -yl)- N -hydroxy-&omega;-(methylsulfanyl)nonan-1-imine	379.1599478149					C15H29N3O4S2			plantcyc <https://plantcyc.org/>		379.1599478149	CSCCCCCCCCC(\SC[C@H]([NH3+])C(=O)NCC([O-])=O)=N\O		XYOACNDOMQSCCR-JYRXDZGKSA-N									PlantCyc/PMN local PGDB
INDOLE-3-ACETYL-ASP	INDOLE-3-ACETYL-ASP	(indol-3-yl)acetyl-L-aspartate	290.0902715703					C14H12N2O5			plantcyc <https://plantcyc.org/>	indole-3-acetyl-aspartic acid // indole-3-acetyl-Asp	290.0902715703	C(CC1(\C2(/C=C\C=C/C(/N\C=1)=2)))(N[C@H](C(=O)[O-])CC([O-])=O)=O		VAFNMNRKDDAKRM-NSHDSACASA-L									PlantCyc/PMN local PGDB
CPD-15476	CPD-15476	8-hydroxy-salvigenin	344.0896028683					C18H16O7			plantcyc <https://plantcyc.org/>	8-OH-salvigenin // 4H-1-benzopyran-4-one, 5,8-dihydroxy-6,7-dimethoxy-2-(4-methoxyphenyl)- // flavone, 5,8-dihydroxy-4',6,7-trimethoxy-	344.0896028683	COC3(\C=C/C(/C1(/OC2(/C(/O)=C(C(\OC)=C(C(\C(=O)\C=1)=2)\O)/OC)))=C\C=3)		ZNLSNAZJVYNXLN-UHFFFAOYSA-N									PlantCyc/PMN local PGDB
4-hydroxybenzoate	4-hydroxybenzoate	4-hydroxybenzoate	138.0316940589					C7H5O3			plantcyc <https://plantcyc.org/>	p -hydroxybenzoate // 4-hydroxybenzoic acid	138.0316940589	C(C1(\C=C/C(/O)=C\C=1))(=O)[O-]		FJKROLUGYXJWQN-UHFFFAOYSA-M									PlantCyc/PMN local PGDB
CPD0-1808	CPD0-1808	1,2-dioctanoyl-1-amino-2,3-propanediol	343.2722586813					C19H37NO4			plantcyc <https://plantcyc.org/>	diC 8 1-amide	343.2722586813	CCCCCCCC(=O)NCC(CO)OC(=O)CCCCCCC		KGDBSAYTYOBZHB-UHFFFAOYSA-N									PlantCyc/PMN local PGDB
N-FORMYLKYNURENINE	N-FORMYLKYNURENINE	N -formyl-L-kynurenine	236.079706884					C11H12N2O4			plantcyc <https://plantcyc.org/>	N -formylkynurenine	236.079706884	C(=O)NC1(/C=C\C=C/C(/C(=O)C[C@H]([NH3+])C(=O)[O-])=1)		BYHJHXPTQMMKCA-QMMMGPOBSA-N									PlantCyc/PMN local PGDB
PYRROLINE-HYDROXY-CARBOXYLATE	PYRROLINE-HYDROXY-CARBOXYLATE	(3 R ,5 S )-3-hydroxy-1-pyrroline-5-carboxylate	129.0425930962					C5H6NO3			plantcyc <https://plantcyc.org/>	L-&Delta; 1 -pyrroline 3-hydroxy-5-carboxylate // L-1-pyrroline-3-hydroxy-5-carboxylate	129.0425930962	C1(\[C@H](O)C[C@@H](C([O-])=O)\N=1)		WFOFKRKDDKGRIK-DMTCNVIQSA-M									PlantCyc/PMN local PGDB
CPD-609	CPD-609	P 1 ,P 4 - bis (5'-guanosyl) tetraphosphate	868.0380940549					C20H24N10O21P4			plantcyc <https://plantcyc.org/>	Gp4G // bis (5'-guanosyl) tetraphosphate	868.0380940549	C(OP(=O)([O-])OP(=O)([O-])OP(=O)([O-])OP(=O)([O-])OC[C@H]3(O[C@@H](N1(C2(\N=C(N)/NC(=O)C(\N=C/1)=2)))[C@H](O)[C@H](O)3))[C@H]6(O[C@@H](N4(C5(\N=C(N)/NC(=O)C(\N=C/4)=5)))[C@H](O)[C@H](O)6)		OLGWXCQXRSSQPO-MHARETSRSA-J									PlantCyc/PMN local PGDB
CAMP	CAMP	cyclic-AMP	329.0525196538					C10H11N5O6P			plantcyc <https://plantcyc.org/>	cyclic 3',5'-AMP // 3',5'-cyclic AMP // adenosine cyclic-3',5'-monophosphate // adenosine cyclic-monophosphate // adenosine-cyclic-phosphoric-acid // cAMP // adenosine-cyclic-phosphate // adenosine-3',5'-monophosphate // adenosine 3',5'-cyclic phosphate // adenosine-3',5'-cyclic monophosphate // cyclic-3',5'-adenosine monophosphate	329.0525196538	C3([C@H]4(O[C@@H](N1(C2(\C(\N=C/1)=C(N)/N=C\N=2)))[C@H](O)[C@H](OP([O-])(=O)O3)4))		IVOMOUWHDPKRLL-KQYNXXCUSA-M									PlantCyc/PMN local PGDB
CPD-9151	CPD-9151	3-chlorocatechol	143.9978071147					C6H5O2CL			plantcyc <https://plantcyc.org/>	3-chlorobenzene-1,2-diol // 3-chloro-1,2-benzenediol	143.9978071147	C1(\C=C(C(\O)=C(\C=1)\Cl)\O)		GQKDZDYQXPOXEM-UHFFFAOYSA-N									PlantCyc/PMN local PGDB
CPD8J2-1	CPD8J2-1	( S )-malyl N -acetyl-alpha-D-glucosaminide	337.1008958361					C12H17NO10			plantcyc <https://plantcyc.org/>	GlcNAc-Mal	337.1008958361	CC(N[C@H]1([C@@H](O[C@@H](CC([O-])=O)C([O-])=O)O[C@@H]([C@H]([C@@H]1O)O)CO))=O		COBMRTSHZAUOCY-BVKYVCSXSA-L									PlantCyc/PMN local PGDB
CPD-11529	CPD-11529	(+)-7- epi -jasmonoyl-CoA	959.2302381234					C33H48N7O18P3S			plantcyc <https://plantcyc.org/>	(+)-7-iso-jasmonoyl-CoA	959.2302381234	CC\C=C/C[C@@H]1(C(=O)CC[C@@H]1CC(SCCNC(=O)CCNC(=O)[C@H](O)C(C)(C)COP(=O)(OP(=O)(OC[C@@H]2([C@@H](OP([O-])(=O)[O-])[C@@H](O)[C@@H](O2)N3(C4(\N=C/N=C(C(\N=C/3)=4)/N))))[O-])[O-])=O)		WQKKCPPNDKSAIU-CBGYDUJUSA-J									PlantCyc/PMN local PGDB
CPD-11591	CPD-11591	16-feruloyloxypalmitate	448.2824890166					C26H39O6			plantcyc <https://plantcyc.org/>	&omega;-feruloyloxypalmitate // 16-{[3-(4-hydroxy-3-methoxyphenyl)prop-2-enoyl]oxy}hexadecanoate	448.2824890166	COC1(\C(\O)=C/C=C(/C=1)/C=C/C(=O)OCCCCCCCCCCCCCCCC(=O)[O-])		DCZDUZNVOVFUCD-HTXNQAPBSA-M									PlantCyc/PMN local PGDB
CPD-731	CPD-731	(+)-7- epi -jasmonate	210.1255944441					C12H17O3			plantcyc <https://plantcyc.org/>	(+)-7-iso-jasmonic acid // iso-jasmonic acid // (3R,7S)-(+)-7-iso-jasmonate // (+)-7-iso-jasmonate	210.1255944441	CC\C=C/C[C@@H]1(C(=O)CC[C@@H]1CC([O-])=O)		ZNJFBWYDHIGLCU-QKMQQOOLSA-M									PlantCyc/PMN local PGDB
CPD-22837	CPD-22837	N -demethyllincomycin- S -cysteine conjugate	465.2144858059					C19H36N3O8S			plantcyc <https://plantcyc.org/>		465.2144858059	CCC[C@@H]1(C[C@H]([NH2+]C1)C(=O)N[C@H]([C@H](O)C)[C@@H]2([C@H](O)[C@@H]([C@@H](O)[C@@H](SC[C@H]([NH3+])C(=O)[O-])O2)O))		BJZOQNUWORIJTI-NBKBVJNDSA-O									PlantCyc/PMN local PGDB
CPD-16534	CPD-16534	ferruginol	286.2296655851					C20H30O			plantcyc <https://plantcyc.org/>	abieta-8,11,13-trien-12-ol	286.2296655851	CC(C)C2(\C=C1(CC[C@H]3(C(C)(C)CCC[C@](C)(C1=CC(O)=2)3)))		QXNWVJOHUAQHLM-AZUAARDMSA-N									PlantCyc/PMN local PGDB
CPD1F-139	CPD1F-139	gibberellin A 1	348.157288503					C19H23O6			plantcyc <https://plantcyc.org/>	GA1 // gibberellin 1	348.157288503	C=C1([C@@]3(O)(C[C@]4(C1)([C@H]([C@@H]5([C@]2(C(=O)O[C@](CC[C@H](O)2)([C@@H](CC3)4)5)(C)))C([O-])=O)))		JLJLRLWOEMWYQK-SNTJWBGVSA-M									PlantCyc/PMN local PGDB
CYSTAMINE	CYSTAMINE	cystamine	152.0441897756					C4H14N2S2			plantcyc <https://plantcyc.org/>		152.0441897756	C(CSSCC[NH3+])[NH3+]		APQPRKLAWCIJEK-UHFFFAOYSA-P									PlantCyc/PMN local PGDB
CPD-13122	CPD-13122	4-deoxy-L- threo -hex-4-enopyranuronate	176.0320879894					C6H7O6			plantcyc <https://plantcyc.org/>	(3R,4S)-2,3,4-trihydroxy-3,4-dihydro-2H-pyran-6-carboxylic acid // 4-deoxy-L-threo-5-hexosulose-uronic acid // 4-deoxy-L-threo-5-hexosulose-uronate // 4-deoxy-L- threo -5-hexosulose-uronate // 4-deoxy-beta-L- threo -hex-4-enopyranuronose	176.0320879894	C(C1(\OC([C@@H]([C@H](\C=1)O)O)O))([O-])=O		IAKKJSVSFCTLRY-BAKTXGBYSA-M									PlantCyc/PMN local PGDB
CPD-12520	CPD-12520	2'-deoxyuridine 5'-alpha,beta-imido-diphosphate	387.0232667381					C9H12N3O10P2			plantcyc <https://plantcyc.org/>	alpha,beta imido dUDP	387.0232667381	C(OP([O-])(=O)NP([O-])([O-])=O)[C@@H]2([C@H](C[C@H](N1(\C=C/C(=O)NC1=O))O2)O)		COFNIXBQVWFHTR-SHYZEUOFSA-K									PlantCyc/PMN local PGDB
CPD-13546	CPD-13546	3-(methylsulfanyl)propanoyl-CoA	869.1291438703					C25H38N7O17P3S2			plantcyc <https://plantcyc.org/>	MMPA-CoA // 3- S -methylthiopropionyl-CoA // 3-methylmercaptopropionyl-CoA // 3-methylmercaptopropanoyl-CoA // 3-(methylthio)propionyl-CoA	869.1291438703	CC(C)([C@@H](O)C(=O)NCCC(=O)NCCSC(=O)CCSC)COP(=O)(OP(=O)(OC[C@@H]1([C@@H](OP([O-])(=O)[O-])[C@@H](O)[C@@H](O1)N2(C3(\N=C/N=C(C(\N=C/2)=3)/N))))[O-])[O-]		SIEFLYWJLBNLAM-CITAKDKDSA-J									PlantCyc/PMN local PGDB
FERULOYL-COA	FERULOYL-COA	feruloyl-CoA	943.1625524887					C31H40N7O19P3S			plantcyc <https://plantcyc.org/>	(E)-3-(4-hydroxy-3-methoxyphenyl)prop-2-enoyl-CoA // (E)-4-hydroxy-3-methoxycinnamoyl-CoA	943.1625524887	CC(C)(COP(OP([O-])(OC[C@@H]1([C@@H](OP([O-])([O-])=O)[C@@H](O)[C@@H](O1)N2(C3(\N=C/N=C(C(\N=C/2)=3)/N))))=O)([O-])=O)[C@@H](O)C(=O)NCCC(=O)NCCSC(=O)/C=C/C4(/C=C(C(/O)=C\C=4)/OC)		GBXZVJQQDAJGSO-NBXNMEGSSA-J									PlantCyc/PMN local PGDB
3-OXO-DELTA46-CHOLYL-COA	3-OXO-DELTA46-CHOLYL-COA	12alpha-hydroxy-3-oxochol-4,6-dien-24-oyl-CoA	1135.3503532591					C45H64N7O19P3S			plantcyc <https://plantcyc.org/>	3-oxo-&Delta; 4,6 -choloyl-CoA	1135.3503532591	C[C@H](CCC(=O)SCCNC(=O)CCNC(=O)[C@H](O)C(C)(C)COP(=O)(OP(=O)(OC[C@@H]1([C@@H](OP([O-])(=O)[O-])[C@@H](O)[C@@H](O1)N2(C3(\N=C/N=C(C(\N=C/2)=3)/N))))[O-])[O-])[C@H]5(CC[C@H]6([C@@H]7(\C=C/C4(/[C@](C)(CCC(=O)\C=4)[C@@H](C[C@H](O)[C@](C)56)7))))		XXRCPHNWDYEHBJ-UCJRQDITSA-J									PlantCyc/PMN local PGDB
CPD-9978	CPD-9978	(6 E )-8-oxogeranial	166.0993796936					C10H14O2			plantcyc <https://plantcyc.org/>	10-oxogeranial	166.0993796936	CC(/CC/C=C(C)/C=O)=C\C=O		GRHWFPUCRVCMRY-TXFIJWAUSA-N									PlantCyc/PMN local PGDB
CPD-11770	CPD-11770	7,8-dihydromonapterin	255.0967539317					C9H13N5O4			plantcyc <https://plantcyc.org/>	L- threo -7,8-dihydroneopterin	255.0967539317	C1(NC2(/N=C(N)\NC(=O)C(/N=C1/[C@H](O)[C@@H](O)CO)=2))		YQIFAMYNGGOTFB-NJGYIYPDSA-N									PlantCyc/PMN local PGDB
CPD-11712	CPD-11712	2-methyl-6-geranylgeranyl-1,4-benzoquinol	396.3028305282					C27H40O2			plantcyc <https://plantcyc.org/>	MGGBQ	396.3028305282	CC(C)=CCCC(\C)=C/CCC(\C)=C/CCC(\C)=C/CC1(/C=C(\C=C(C)/C(/O)=1)/O)		DOWCCBNJUZOLRJ-MLAGYPMBSA-N									PlantCyc/PMN local PGDB
CPD-19487	CPD-19487	3-carboxy-10-(methylsulfanyl)-2-oxodecanoate	276.1031444425					C12H18O5S			plantcyc <https://plantcyc.org/>	3-carboxy-10-(methylthio)-2-oxodecanoate	276.1031444425	CSCCCCCCCC(C(=O)C(=O)[O-])C(=O)[O-]		UKHZBTWECWUVPH-UHFFFAOYSA-L									PlantCyc/PMN local PGDB
CPD-7004	CPD-7004	dihydrogeranylgeranyl chlorophyll a	890.5196632783					C55H67N4O5MG			plantcyc <https://plantcyc.org/>	dihydrogeranylgeranyl-chl a // dihydroGG-chl a // dihydroGG-chlorophyll a	890.5196632783	C=CC8(\C(/C)=C7(\C=C1([C@@H](C)[C@H](CCC(=O)OC/C=C(C)/CCC[C@H](C)CC/C=C(C)/CCC=C(C)C)C2(\C9(/[C-](C(OC)=O)C(=O)C3(\C(\N4([Mg-2]6([N+]\1=2)([N+]5(\C(/C(\C)=C(CC)\C(/C=C(C(\C)=3)\4)=5)=C/C(/N67)=8))))=9))))))		QHUCPLMRABCZRD-USXFXJNZSA-M									PlantCyc/PMN local PGDB
CPDQT-274	CPDQT-274	4-hydroxybutylglucosinolate	391.0606872803					C11H20NO10S2			plantcyc <https://plantcyc.org/>	beta-D-glucopyranose, 1-thio-, 1-[5-hydroxy-N-(sulfooxy)pentanimidate]	391.0606872803	C(O)CCCC(\S[C@@H]1(O[C@H](CO)[C@@H](O)[C@H](O)[C@@H](O)1))=N\OS(=O)(=O)[O-]		QHIATSAYASRLEY-IIPHORNXSA-M									PlantCyc/PMN local PGDB
CPD-11606	CPD-11606	stigmasterol 3-O-beta-D-glucoside	574.4233395944					C35H58O6			plantcyc <https://plantcyc.org/>	3-O-beta-D-glucopyranosylstigmasterol // stigma-5,22-dien-3-beta-D-glucopyranoside // stigmasterol 3-O-beta-D-glucopyranoside	574.4233395944	CC[C@@H](C(C)C)/C=C/[C@@H](C)[C@H]4(CC[C@H]5([C@@H]3(C\C=C2(C[C@@H](O[C@@H]1(O[C@H](CO)[C@@H](O)[C@H](O)[C@@H](O)1))CC[C@@](C)2[C@H]3CC[C@](C)45))))		VWDLOXMZIGUBKM-AUGXRQBFSA-N									PlantCyc/PMN local PGDB
CPD-6742	CPD-6742	D- myo -inositol (1,2,5,6) tetrakisphosphate	499.9287097514					C6H8O18P4			plantcyc <https://plantcyc.org/>	1D- myo -inositol (1,2,5,6) tetra kis phosphate // I(1,2,5,6)P 4	499.9287097514	[C@H]1(O)([C@@H](O)[C@H](OP([O-])(=O)[O-])[C@@H](OP([O-])(=O)[O-])[C@H](OP([O-])([O-])=O)[C@H](OP([O-])([O-])=O)1)		MRVYFOANPDTYBY-XCMZKKERSA-F									PlantCyc/PMN local PGDB
CPD-18132	CPD-18132	2-hydroxy-3-[(1E)-3-oxoprop-1-en-1-yl]-2H-pyran-6-carboxylate	196.0371733673					C9H7O5			plantcyc <https://plantcyc.org/>		196.0371733673	C(=O)/C=C/C1(/C(O)OC(/C([O-])=O)=C/C=1)		WSDRCWZBOIXKPF-OWOJBTEDSA-M									PlantCyc/PMN local PGDB
CPD-710	CPD-710	campestanol	402.3861662271					C28H50O			plantcyc <https://plantcyc.org/>	5alpha-campestanol	402.3861662271	CC(C)[C@H](C)CC[C@@H](C)[C@H]3(CC[C@H]4([C@@H]2(CC[C@H]1(C[C@@H](O)CC[C@@](C)1[C@H]2CC[C@](C)34))))		ARYTXMNEANMLMU-ATEDBJNTSA-N									PlantCyc/PMN local PGDB
N-ACETYL-GLUTAMYL-P	N-ACETYL-GLUTAMYL-P	N -acetylglutamyl-phosphate	269.0300528772					C7H9NO8P			plantcyc <https://plantcyc.org/>	N-Acetyl-L-glutamyl 5-phosphate // N -acetyl-L-glutamate-5-phosphate // N -acetyl-glutamyl-P // N -acetylglutamyl-P // N -acetyl-5-glutamyl phosphate	269.0300528772	CC(=O)N[C@H](C([O-])=O)CCC(=O)OP([O-])(=O)[O-]		FCVIHFVSXHOPSW-YFKPBYRVSA-K									PlantCyc/PMN local PGDB
CPD-7656	CPD-7656	clorgyline	271.0530695288					C13H15NOCL2			plantcyc <https://plantcyc.org/>	clorgiline	271.0530695288	C#CCN(CCCOC1(/C=C\C(\Cl)=C/C(/Cl)=1))C		BTFHLQRNAMSNLC-UHFFFAOYSA-N									PlantCyc/PMN local PGDB
2-D-THREO-HYDROXY-3-CARBOXY-ISOCAPROATE	2-D-THREO-HYDROXY-3-CARBOXY-ISOCAPROATE	(2 R ,3 S )-3-isopropylmalate	176.0684734957					C7H10O5			plantcyc <https://plantcyc.org/>	2-D-threo-hydroxy-3-carboxy-isocaproate // 3-carboxy-2-hydroxy-4-methylpentanoate // beta-isopropylmalate // 3-isopropylmalate	176.0684734957	CC(C)[C@H](C([O-])=O)[C@H](C([O-])=O)O		RNQHMTFBUSSBJQ-CRCLSJGQSA-L									PlantCyc/PMN local PGDB
3-OXO-DEOXYCHOLYL-COA	3-OXO-DEOXYCHOLYL-COA	12alpha-hydroxy-3-oxocholan-24-oyl-CoA	1139.3816533875					C45H68N7O19P3S			plantcyc <https://plantcyc.org/>	3-oxo-deoxycholoyl-CoA // 3-dehydro-deoxycholoyl-CoA	1139.3816533875	C[C@H](CCC(=O)SCCNC(=O)CCNC(=O)[C@H](O)C(C)(C)COP(=O)(OP(=O)(OC[C@@H]1([C@@H](OP([O-])(=O)[O-])[C@@H](O)[C@@H](O1)N2(C3(\N=C/N=C(C(\N=C/2)=3)/N))))[O-])[O-])[C@H]6(CC[C@H]7([C@@H]5(CC[C@@H]4(CC(=O)CC[C@@](C)4[C@H]5C[C@H](O)[C@](C)67))))		DUXMITADCRRTKI-REQADMJUSA-J									PlantCyc/PMN local PGDB
CPD-11668	CPD-11668	dihydroxyferuloyl-sinapoyl spermidine	735.3003239253					C38H45N3O12			plantcyc <https://plantcyc.org/>	N',N''-bis(5-hydroxyferuloyl)-N'''-sinapoylspermidine	735.3003239253	COC1(\C(\O)=C(C=C(/C=1)/C=C/C(=O)NCCCCN(CCCNC(/C=C/C2(/C=C(C(\O)=C(C=2)\OC)/OC))=O)C(=O)/C=C/C3(/C=C(C(\O)=C(C=3)\OC)/O))\O)		FDECXSCMWXHRNU-FOXWYSRTSA-N									PlantCyc/PMN local PGDB
INDOLE_PYRUVATE	INDOLE_PYRUVATE	(indol-3-yl)pyruvate	203.0582431604					C11H8NO3			plantcyc <https://plantcyc.org/>	indole-pyr // indolepyruvic acid // indole-3-pyruvate // indolepyruvate // 3-(indol-3-yl)pyruvate // 3-indole-2-oxopropanoate // IPA // indole-3-pyruvic acid	203.0582431604	C([O-])(=O)C(=O)CC1(\C2(/C=C\C=C/C(/N\C=1)=2))		RSTKLPZEZYGQPY-UHFFFAOYSA-M									PlantCyc/PMN local PGDB
CPD-6994	CPD-6994	(2S)-eriodictyol	288.0633881178					C15H11O6			plantcyc <https://plantcyc.org/>		288.0633881178	C3(\C(\[C@H]1(OC2(/C=C(/C=C(C(\C(C1)=O)=2)/O)/[O-])))=C/C(/O)=C(\C=3)/O)		SBHXYTNGIZCORC-ZDUSSCGKSA-M									PlantCyc/PMN local PGDB
CPD-724	CPD-724	6alpha-hydroxy-6-deoxocastasterone	466.3658247155					C28H50O5			plantcyc <https://plantcyc.org/>	hydroxydeoxocastasterone // 6alpha-hydroxycastasterone	466.3658247155	CC(C)[C@H](C)[C@@H](O)[C@H](O)[C@@H](C)[C@H]3(CC[C@H]4([C@@H]2(C[C@H](O)[C@H]1(C[C@H](O)[C@H](O)C[C@@](C)1[C@H]2CC[C@](C)34))))		CVXIEYXJQSRIAC-KLUYZAHOSA-N									PlantCyc/PMN local PGDB
CHLOROPHYLL-B	CHLOROPHYLL-B	chlorophyll b	906.5145779004					C55H70N4O6MG			plantcyc <https://plantcyc.org/>		906.5145779004	C=CC4(\C(/C)=C5(\C=C7([C@@H](C)[C@H](CCC(=O)OC/C=C(C)/CCC[C@H](C)CCC[C@H](C)CCCC(C)C)C(\C6(/[C@@H](C(OC)=O)C(=O)C1(\C(\N2([Mg]N(C(/C=C3(C(/C=O)=C(CC)\C(/C=C(C(\C)=1)\2)=N3))=4)5))=6)))=N7)))											PlantCyc/PMN local PGDB
CPD-718	CPD-718	3-dehydroteasterone	446.339609965					C28H46O4			plantcyc <https://plantcyc.org/>	dehydroteasterone	446.339609965	CC(C)[C@H](C)[C@@H](O)[C@H](O)[C@@H](C)[C@H]3(CC[C@H]4([C@@H]2(CC(=O)[C@H]1(CC(=O)CC[C@@](C)1[C@H]2CC[C@](C)34))))		SVBMASFUJDIDJC-XFJIFGBKSA-N									PlantCyc/PMN local PGDB
CPD-14040	CPD-14040	N , N -dihydroxypentahomomethionine	251.1191288577					C10H20NO4S			plantcyc <https://plantcyc.org/>		251.1191288577	CSCCCCCCC[C@H](N(O)O)C([O-])=O		RIBOHFDQFNREER-VIFPVBQESA-M									PlantCyc/PMN local PGDB
MAL	MAL	( S )-malate	134.0215233031					C4H4O5			plantcyc <https://plantcyc.org/>	( S )-malic acid // L-apple acid // L-malic acid // L-hydroxysuccinic acid // L-hydroxybutanedioic acid // L-malate	134.0215233031	C(=O)([O-])C[C@H](O)C([O-])=O		BJEPYKJPYRNKOW-REOHCLBHSA-L									PlantCyc/PMN local PGDB
CPD-21322	CPD-21322	7beta-hydroxythalianol	442.3810808492					C30H50O2			plantcyc <https://plantcyc.org/>		442.3810808492	CC(C)=CCCC(\C)=C/CC[C@@H](C)[C@@]1(C)(CCC2(\[C@]3(C)([C@@H](C[C@H](O)C\1=2)C(C)(C)[C@@H](O)CC3)))		XXYQDXFKXSZMJO-AVCSPELISA-N									PlantCyc/PMN local PGDB
CPD-17439	CPD-17439	2-(glutathion- S -yl)-2-carboxypropane	393.1205854207					C14H21N3O8S			plantcyc <https://plantcyc.org/>		393.1205854207	CC(C([O-])=O)CSC[C@@H](C(NCC([O-])=O)=O)NC(=O)CC[C@H]([NH3+])C([O-])=O		JQWABENXVMJJMW-NPPUSCPJSA-L									PlantCyc/PMN local PGDB
2-KETO-ISOVALERATE	2-KETO-ISOVALERATE	3-methyl-2-oxobutanoate	116.0473441231					C5H7O3			plantcyc <https://plantcyc.org/>	2-oxo-3-methylbutanoate // 2-oxoisovalerate // alpha-keto-isovaleric acid // alpha-ketoisopentanoic acid // alpha-keto-isovalerate // alpha-oxoisovalerate // alpha-ketovaline // 2-keto-isovalerate // 2-ketovaline // alpha-keto-valine // 2-oxoisopentanoate // 2-keto-3-methylbutyric acid // 3-methyl-2-oxobutyrate	116.0473441231	CC(C(C([O-])=O)=O)C		QHKABHOOEWYVLI-UHFFFAOYSA-M									PlantCyc/PMN local PGDB
ALLYSINE	ALLYSINE	( S )-2-amino-6-oxohexanoate	145.0738932246					C6H11NO3			plantcyc <https://plantcyc.org/>	L-2-aminoadipate 6-semialdehyde // 2-aminoadipate 6-semialdehyde // alpha-aminoadipate 6-semialdehyde // 2-aminoadipate semialdehyde // L-allysine // ( S )-2-aminoadipate 6-semialdehyde // 2-aminoadipate-6-semialdehyde	145.0738932246	C(=O)CCC[C@H]([NH3+])C(=O)[O-]		GFXYTQPNNXGICT-YFKPBYRVSA-N									PlantCyc/PMN local PGDB
OXALO-SUCCINATE	OXALO-SUCCINATE	oxalosuccinate	190.0113525473					C6H3O7			plantcyc <https://plantcyc.org/>	oxalo-succ	190.0113525473	C(C([O-])=O)C(C(C(=O)[O-])=O)C([O-])=O		UFSCUAXLTRFIDC-UHFFFAOYSA-K									PlantCyc/PMN local PGDB
INDOLE-3-ACETYL-GLN	INDOLE-3-ACETYL-GLN	(indol-3-yl)acetyl-L-glutamine	303.1219060497					C15H16N3O4			plantcyc <https://plantcyc.org/>	indole-3-acetyl-Gln // Nalpha-(indol-3-ylacetyl)-glutamine	303.1219060497	C(N)(=O)CC[C@H](NC(CC1(\C2(/C=C\C=C/C(/N\C=1)=2)))=O)C(=O)[O-]		DVJIJAYHBZALOJ-LBPRGKRZSA-M									PlantCyc/PMN local PGDB
57222428-ERGOSTATETRAENOL	57222428-ERGOSTATETRAENOL	ergosta-5,7,22,24(28)-tetraen-3beta-ol	394.3235659703					C28H42O			plantcyc <https://plantcyc.org/>	5,7,22,24(28)-ergostatetraenol // ergosta-5,7,22,23(28)-tetraen-3beta-ol // ergosta-5,7,22,24(24 1 )-tetraen-3beta-ol	394.3235659703	CC(C)C(/C=C/[C@@H](C)[C@H]3(CC[C@H]4(C2([C@@H]([C@]1(CC[C@H](O)CC/1=C\C=2)(C))CC[C@](C)34))))=C		SQFQJKZSFOZDJY-CVGLIYDESA-N									PlantCyc/PMN local PGDB
CPD-15633	CPD-15633	aldehydo -D-galacturonate	194.0426526757					C6H9O7			plantcyc <https://plantcyc.org/>		194.0426526757	C(=O)[C@H](O)[C@@H](O)[C@@H](O)[C@H](O)C(=O)[O-]		IAJILQKETJEXLJ-RSJOWCBRSA-M									PlantCyc/PMN local PGDB
CPD-9539	CPD-9539	calycosin	284.0684734957					C16H12O5			plantcyc <https://plantcyc.org/>	3'-hydroxyformononetin // 3',7-dihydroxy-4'-methoxyisoflavone	284.0684734957	COC3(/C=C\C(\C1(\C(=O)C2(\C(\O\C=1)=C/C(/O)=C\C=2)))=C/C(/O)=3)		ZZAJQOPSWWVMBI-UHFFFAOYSA-N									PlantCyc/PMN local PGDB
CPD-8911	CPD-8911	(3R,4R)-3,4-bis(4-hydroxy-3-methoxybenzyl)tetrahydro-2-furanol	360.157288503					C20H24O6			plantcyc <https://plantcyc.org/>	(3R,4R)-3,4-bis[(4-hydroxy-3-methoxyphenyl)methyl]oxolan-2-ol	360.157288503	COC3(/C=C(C[C@@H]2([C@@H](CC1(\C=C(C(/O)=C\C=1)\OC))C(OC2)O))\C=C/C(/O)=3)		AQTZWMJGAOIWFV-VKWYCSODSA-N									PlantCyc/PMN local PGDB
CPDQT-518	CPDQT-518	CDP-1-18:1(9Z)-2-16:0-glycerol	979.5299420314					C46H81N3O15P2			plantcyc <https://plantcyc.org/>	CDP-1-oleoyl-2-palmitoyl-glycerol	979.5299420314	C([C@@H]2([C@H]([C@H]([C@H](N1(C(/N=C(\C=C/1)/N)=O))O2)O)O))OP(OP(OC[C@H](OC(=O)CCCCCCCCCCCCCCC)COC(=O)CCCCCCC\C=C/CCCCCCCC)([O-])=O)([O-])=O											PlantCyc/PMN local PGDB
CPD-195	CPD-195	octanoate	144.1150297578					C8H15O2			plantcyc <https://plantcyc.org/>	octanoate (n-C8:0) // C-8 acid // n-caprylic acid // caprylic acid // capryloate // 1-heptanecarboxylic acid // neo-fat 8 // octanoic acid // n-octanoic acid // n-octic acid // octoic acid // n-octylic acid	144.1150297578	CCCCCCCC(=O)[O-]		WWZKQHOCKIZLMA-UHFFFAOYSA-M									PlantCyc/PMN local PGDB
CPD-12515	CPD-12515	alpha-L-idopyranuronate	194.0426526757					C6H9O7			plantcyc <https://plantcyc.org/>	IdoA	194.0426526757	C([O-])(=O)[C@@H]1(O[C@@H](O)[C@H](O)[C@@H](O)[C@H](O)1)		AEMOLEFTQBMNLQ-VCSGLWQLSA-M									PlantCyc/PMN local PGDB
CPD-10450	CPD-10450	2-amino-4,6-dinitrotoluene	201.0749558571					C7H8N3O4			plantcyc <https://plantcyc.org/>	2-ADNT	201.0749558571	CC1(/C(/[NH3+])=C\C(\[N+](=O)[O-])=C/C(/[N+]([O-])=O)=1)		IEEJAAUSLQCGJH-UHFFFAOYSA-O									PlantCyc/PMN local PGDB
CPD-381	CPD-381	( S )-2-hydroxyglutarate	148.0371733673					C5H6O5			plantcyc <https://plantcyc.org/>	L-2-hydroxyglutarate // ( S )-2-hydroxyglutaric acid // (2S)-2-hydroxypentanedioic acid // L-2-hydroxyglutaric acid	148.0371733673	C(=O)([O-])[C@@H](O)CCC(=O)[O-]		HWXBTNAVRSUOJR-VKHMYHEASA-L									PlantCyc/PMN local PGDB
CPD-22762	CPD-22762	(3beta,9beta)-4alpha-demethyl-4alpha-formyl-9,19-cyclolanost-3-ol	442.3810808492					C30H50O2			plantcyc <https://plantcyc.org/>		442.3810808492	CC(C)CCC[C@@H](C)[C@H]3(CC[C@@]4(C)([C@@H]1(CC[C@H]5([C@@](C=O)(C)[C@@H](O)CC[C@@]2(C[C@@]12CC[C@](C)34)5))))		XEGWDDJDOFYUBF-BPYUMQNDSA-N									PlantCyc/PMN local PGDB
CPD-14893	CPD-14893	fungisterol	400.3705161629					C28H48O			plantcyc <https://plantcyc.org/>	ergosta-7-en-3 beta-ol // gamma-ergostenol // &Delta; 7 -ergostenol // ergost-7-enol	400.3705161629	CC(C)[C@@H](C)CC[C@@H](C)[C@@H]3([C@]2(CC[C@@H]1([C@]4(C)([C@@H](CC=C1[C@@H]2CC3)C[C@@H](O)CC4)))(C))		PUGBZUWUTZUUCP-ZRKHGVCBSA-N									PlantCyc/PMN local PGDB
CPD-13171	CPD-13171	15,9'-di- cis -phytofluene	542.4851519902					C40H62			plantcyc <https://plantcyc.org/>		542.4851519902	CC(C)=CCCC(\C)=C/CCC(/C)=C/C=C/C(\C)=C/C=C\C=C(C)\CC/C=C(C)/CC/C=C(C)/CCC=C(C)C		OVSVTCFNLSGAMM-IQEMYQFOSA-N									PlantCyc/PMN local PGDB
CPD-14445	CPD-14445	1,4-bis-{[N-(1-imino-1-guanidino-methyl)]sulfanylmethyl}-3,6-dimethyl-benzene	366.1408841278					C14H26N8S2			plantcyc <https://plantcyc.org/>		366.1408841278	CC1(/C=C(C(/C)=C/C(/CSC(NC(N)=[NH2+])=[NH2+])=1)/CSC(NC(N)=[NH2+])=[NH2+])		UQMGTQSCMRRWFV-UHFFFAOYSA-R									PlantCyc/PMN local PGDB
CPD-21400	CPD-21400	(+)-nootkatol	220.1827153925					C15H24O			plantcyc <https://plantcyc.org/>	beta-nootkatol // (+)-trans-nootkatol // trans-nootkatol	220.1827153925	C=C(C)[C@H]1(C[C@@]2(C)([C@H](C)C[C@H](O)\C=C(CC1)/2))		GFNWRKNVTHDNPV-UXOAXIEHSA-N									PlantCyc/PMN local PGDB
CPD-6992	CPD-6992	(+)-pinobanksin	272.0684734957					C15H11O5			plantcyc <https://plantcyc.org/>	(2R,3R)-pinobanksin	272.0684734957	C3(\C=C/C(/[C@H]1(OC2(\C(\C([C@@H]1O)=O)=C(/C=C(/C=2)/[O-])\O)))=C\C=3)		SUYJZKRQHBQNCA-LSDHHAIUSA-M									PlantCyc/PMN local PGDB
3-UREIDO-PROPIONATE	3-UREIDO-PROPIONATE	3-ureidopropanoate	132.0534921335					C4H7N2O3			plantcyc <https://plantcyc.org/>	3-ureidopropionate // beta-ureidopropionic acid // N -carbamoyl-beta-alanine // 3-ureidopropionic acid	132.0534921335	C(NC(=O)N)CC([O-])=O		JSJWCHRYRHKBBW-UHFFFAOYSA-M									PlantCyc/PMN local PGDB
BIO-5-AMP	BIO-5-AMP	biotinyl-5'-adenylate	573.1406827341					C20H27N7O9PS			plantcyc <https://plantcyc.org/>	biotinyl-5'-AMP	573.1406827341	C(OP(OC(=O)CCCC[C@@H]1(SC[C@@H]2(NC(=O)N[C@H]12)))(=O)[O-])[C@H]5(O[C@@H](N3(C4(\C(\N=C/3)=C(N)/N=C\N=4)))[C@H](O)[C@H](O)5)		UTQCSTJVMLODHM-RHCAYAJFSA-M									PlantCyc/PMN local PGDB
CPD-335	CPD-335	( R )-3-hydroxybutanoate	104.0473441231					C4H7O3			plantcyc <https://plantcyc.org/>	D-3-hydroxybutyrate // D-beta-hydroxybutyrate // (R)-3-hydroxybutanoic acid // (R)-3-hydroxybutyric acid // beta-hydroxybutyric acid // b-hydroxybutyric acid // ( R )-3-hydroxybutyrate	104.0473441231	C[C@H](CC([O-])=O)O		WHBMMWSBFZVSSR-GSVOUGTGSA-M									PlantCyc/PMN local PGDB
5734-TETRAHYDROXYFLAVONE	5734-TETRAHYDROXYFLAVONE	luteolin	286.0477380536					C15H9O6			plantcyc <https://plantcyc.org/>	3',4',5,7-tetrahydroxyflavone // 5,7,3',4'-tetrahydroxyflavone	286.0477380536	C3(/C=C(C(/O)=C\C(\C1(\OC2(/C=C(/C=C(C(\C(=O)\C=1)=2)/O)/[O-])))=3)/O)		IQPNAANSBPBGFQ-UHFFFAOYSA-M									PlantCyc/PMN local PGDB
CPD-14485	CPD-14485	glycyrrhetaldehyde	454.3446953429					C30H46O3			plantcyc <https://plantcyc.org/>	glycyrrhetinic aldehyde	454.3446953429	C[C@@]4(C)(C3(CC[C@@]2(C)([C@]1(C)(CC[C@@]5([C@H](C/1=C\C(C2[C@](C)3CC[C@H](O)4)=O)C[C@](C=O)(C)CC5)C))))		OTKNPGBTQXVJNH-DFRAZXLMSA-N									PlantCyc/PMN local PGDB
CPD-11839	CPD-11839	24-epicathasterone-22-O-sulfate	512.3171599634					C28H47O6S			plantcyc <https://plantcyc.org/>		512.3171599634	CC(C)[C@@H](C)C[C@H](OS([O-])(=O)=O)[C@@H](C)[C@H]3(CC[C@H]4([C@@H]2(CC(=O)[C@H]1(C[C@@H](O)CC[C@@](C)1[C@H]2CC[C@](C)34))))		MMHKTOGFTDNQOU-QDUMAPLTSA-M									PlantCyc/PMN local PGDB
CPD-5962	CPD-5962	5beta-pregnan-3,20 dione	316.2402302714					C21H32O2			plantcyc <https://plantcyc.org/>		316.2402302714	CC(=O)[C@H]3(CC[C@H]4([C@@H]2(CC[C@@H]1(CC(=O)CC[C@@](C)1[C@H]2CC[C@](C)34))))		XMRPGKVKISIQBV-XWOJZHJZSA-N									PlantCyc/PMN local PGDB
FUM	FUM	fumarate	116.0109586168					C4H2O4			plantcyc <https://plantcyc.org/>	fum // fumaric acid	116.0109586168	C(/C([O-])=O)=C\C(=O)[O-]		VZCYOOQTPOCHFL-OWOJBTEDSA-L									PlantCyc/PMN local PGDB
34-DIHYDROXYPHENYLACETALDEHYDE	34-DIHYDROXYPHENYLACETALDEHYDE	3,4-dihydroxyphenylacetaldehyde	152.0473441231					C8H8O3			plantcyc <https://plantcyc.org/>	protocatechuatealdehyde	152.0473441231	C1(\C(/CC=O)=C/C(/O)=C(\C=1)/O)		IADQVXRMSNIUEL-UHFFFAOYSA-N									PlantCyc/PMN local PGDB
CPD-20109	CPD-20109	(3 E ,7 E )-dolabella-3,7-dien-18-ol	290.2609657135					C20H34O			plantcyc <https://plantcyc.org/>		290.2609657135	CC2(/CC[C@H]1([C@H](C(C)(C)O)CC[C@@](C)1C/C=C(C)/CC/C=2))		OEBBSSBZPLXOHC-HJHANVIFSA-N									PlantCyc/PMN local PGDB
CPD-5725	CPD-5725	THF-L-glutamate	574.2135746035					C24H27N8O9			plantcyc <https://plantcyc.org/>	tetrahydrofolate glutamate	574.2135746035	C(=O)([O-])[C@@H](CCC(=O)[O-])NC(CC[C@H](NC(=O)C3(\C=C/C(/NC[C@H]1(CNC2(/N=C(N)\NC(=O)C(/N1)=2)))=C\C=3))C([O-])=O)=O											PlantCyc/PMN local PGDB
CPD-15777	CPD-15777	pyrithiamine	260.1637112849					C14H20N4O			plantcyc <https://plantcyc.org/>	pyrithiamin // neopyrithiamine // 2-{1-[(4-Amino-2-methyl-5-pyrimidinyl)methyl]-2-methyl-1,2-dihydro-3-pyridinyl}ethanol	260.1637112849	CC2(N(CC1(\C(\N)=N/C(\C)=N\C=1))\C=C/C=C(CCO)\2)		UZLPMHGCXVJFGY-UHFFFAOYSA-N									PlantCyc/PMN local PGDB
CPD-12644	CPD-12644	1-palmitoyl-2-vernoloyl-phosphatidylcholine	775.5727197463					C42H80NO9P			plantcyc <https://plantcyc.org/>		775.5727197463	CCCCCCCCCCCCCCCC(=O)OC[C@@H](OC(=O)CCCCCCC\C=C/CC1(OC(CCCCC)1))COP(=O)([O-])OCC[N+](C)(C)C		HZKBHRZARZUXPO-JLBYXMBLSA-N									PlantCyc/PMN local PGDB
CPD-13087	CPD-13087	(9Z)-12,13,17-trihydroxyoctadeca-9-enoate	330.2406242019					C18H33O5			plantcyc <https://plantcyc.org/>	(9Z)-12,13,17-trihydroxyoctadeca-9-enoic acid	330.2406242019	CC(O)CCCC(O)C(O)C\C=C/CCCCCCCC(=O)[O-]		IYIVYYHFHGVWRB-VURMDHGXSA-M									PlantCyc/PMN local PGDB
CPD-7092	CPD-7092	momilactone A	314.1881947009					C20H26O3			plantcyc <https://plantcyc.org/>		314.1881947009	C=C[C@@]2(CCC3([C@]1(CCC([C@]4(C1C(\C=C(C2)/3)OC4=O)C)=O)C))C		MPHXYQVSOFGNEN-QCZCYNOHSA-N									PlantCyc/PMN local PGDB
CPD0-1392	CPD0-1392	cisplatin	298.955577623					H6N2CL2PT			plantcyc <https://plantcyc.org/>	cis -dichlorodiammineplatinum(II)	298.955577623	Cl[Pt+2]Cl.N.N											PlantCyc/PMN local PGDB
CPD-24324	CPD-24324	dimethylarsino-glutathione	411.0445275444					C12H21N3O6SAS			plantcyc <https://plantcyc.org/>	DMAG III // darinaparsin // zinapar // ZIO-101 // UNII-9XX54M675G // (2S)-2-amino-5-[[(2R)-1-(carboxymethylamino)-3-(dimethylarsinothio)-1-oxopropan-2-yl]amino]-5-oxopentanoate // L-gamma-glutamyl- S -(dimethylarsino)-L-cysteinyl-glycine	411.0445275444	C(NC([C@@H](NC(=O)CC[C@H]([NH3+])C([O-])=O)CS[As](C)C)=O)C([O-])=O		JGDXFQORBMPJGR-YUMQZZPRSA-M									PlantCyc/PMN local PGDB
CPD-475	CPD-475	gibberellin A 110	348.1936740093					C20H26O5			plantcyc <https://plantcyc.org/>	GA110	348.1936740093	C=C1([C@H]2(C[C@]3(C1)([C@H]([C@@H]4([C@@](C)(C[C@@H](O)C[C@@](C)([C@@H](CC2)3)4)C([O-])=O))C([O-])=O)))		SFGDEUSMQMGAFH-MJPABCAUSA-L									PlantCyc/PMN local PGDB
CPD-19816	CPD-19816	cis -12-sulfojasmonate	306.0773236225					C12H16O7S			plantcyc <https://plantcyc.org/>		306.0773236225	C(OS(=O)(=O)[O-])C\C=C/C[C@@H]1(C(=O)CC[C@@H]1CC([O-])=O)		MLUJBNROAVANKK-SZXTZRQCSA-L									PlantCyc/PMN local PGDB
AMINO-RIBOSYLAMINO-1H-3H-PYR-DIONE	AMINO-RIBOSYLAMINO-1H-3H-PYR-DIONE	5-amino-6-(D-ribitylamino)uracil	276.106984267					C9H16N4O6			plantcyc <https://plantcyc.org/>	6-(1-D-ribitylamino)-5-amino-2,4-dihydroxypyrimidine // 5-amino-6-ribitylamino-2,4(1H,3H)-pyrimidinedione // 6-(1-D-ribitylamino)-5-aminouracil // 5-amino-6-(1-D-ribitylamino)pyrimidine-2,4(1H,3H)-dione	276.106984267	C(NC1(NC(NC(=O)C(N)=1)=O))[C@H](O)[C@H](O)[C@H](O)CO		XKQZIXVJVUPORE-RPDRRWSUSA-N									PlantCyc/PMN local PGDB
MANNOSE-6P	MANNOSE-6P	alpha-D-mannopyranose 6-phosphate	260.0297185262					C6H11O9P			plantcyc <https://plantcyc.org/>	alpha-D-mannose-6-P	260.0297185262	C(OP(=O)([O-])[O-])[C@H]1(O[C@H](O)[C@@H](O)[C@@H](O)[C@H](O)1)		NBSCHQHZLSJFNQ-PQMKYFCFSA-L									PlantCyc/PMN local PGDB
CPD-9000	CPD-9000	4-(gamma-L-glutamylamino)butanoate	232.1059216345					C9H15N2O5			plantcyc <https://plantcyc.org/>	gamma-glu-GABA // gamma-glutamyl-gamma-aminobutyric acid // gamma-glutamyl-gamma-aminobutyrate // gamma-glutamyl-gamma-aminobutanoate // 4-(glutamylamino)butanoate	232.1059216345	C(=O)(NCCCC([O-])=O)CC[C@H]([NH3+])C(=O)[O-]		MKYPKZSGLSOGLL-LURJTMIESA-M									PlantCyc/PMN local PGDB
CPD-8090	CPD-8090	1-alpha-linolenoyl-2-linoleoyl-phosphatidylcholine	781.56215506					C44H78NO8P			plantcyc <https://plantcyc.org/>	phosphatidylcholine (1-18:3-2-18:2) // 18:3-18:2-PC // 1-18:3-2-18:2-phosphatidylcholine	781.56215506	CC\C=C/C\C=C/C\C=C/CCCCCCCC(OC[C@@H](OC(=O)CCCCCCC\C=C/C\C=C/CCCCC)COP([O-])(=O)OCC[N+](C)(C)C)=O		QFDYIDGUKXRPKH-VSLGLSMXSA-N									PlantCyc/PMN local PGDB
CPD-10818	CPD-10818	3-methylbut-3-en-1-yl phosphate	166.0394953515					C5H9O4P			plantcyc <https://plantcyc.org/>	isopentenyl-P // isopentenyl phosphate	166.0394953515	C=C(CCOP(=O)([O-])[O-])C		QMZRXYCCCYYMHF-UHFFFAOYSA-L									PlantCyc/PMN local PGDB
3-METHYLTHIOPROPYL-GLUCOSINOLATE	3-METHYLTHIOPROPYL-GLUCOSINOLATE	glucoiberverin	407.0378433482					C11H20NO9S3			plantcyc <https://plantcyc.org/>	3-(methylthio)propyl-glucosinolate // 3-(methylsulfanyl)propyl-glucosinolate // glucoibervirin	407.0378433482	CSCCCC(\S[C@@H]1(O[C@H](CO)[C@@H](O)[C@H](O)[C@@H](O)1))=N\OS(=O)(=O)[O-]		ZCZCVJVUJGULMO-IIPHORNXSA-M									PlantCyc/PMN local PGDB
CPD-12658	CPD-12658	riboflavin cyclic-4',5'-phosphate	438.0940501175					C17H18N4O8P			plantcyc <https://plantcyc.org/>	cFMN	438.0940501175	CC4(\C=C3(C(/N(C[C@@H](O)[C@@H](O)[C@@H]1(COP([O-])(=O)O1))C2(\C(\C(=O)/N=C(/N=2)/O)=N/3))=C\C(/C)=4))		CVZKYDYRJQYYDJ-MBNYWOFBSA-M									PlantCyc/PMN local PGDB
CH3-MALONATE-S-ALD	CH3-MALONATE-S-ALD	( S )-methylmalonate-semialdehyde	102.0316940589					C4H5O3			plantcyc <https://plantcyc.org/>	( S )-2-methyl-3-oxopropanoate // ( S )-ch3-malonate-semialdehyde	102.0316940589	C[C@@H](C=O)C(=O)[O-]		VOKUMXABRRXHAR-VKHMYHEASA-M									PlantCyc/PMN local PGDB
CPD-18097	CPD-18097	cyanidin 3- O -beta- D -(caffeoyl)-sambubioside	743.1823393213					C35H34O18			plantcyc <https://plantcyc.org/>	cyanidin 3- O -[2"- O -xylosyl) 6"- O -(caffeoyl) glucoside	743.1823393213	C6(\C(/C=C/C(=O)OC[C@H]5(O[C@@H](OC1(\C(=[O+]C2(\C(/C=1)=C(/C=C(/C=2)/O)\[O-]))C3(\C=C/C(/O)=C(/C=3)/O)))[C@H](O[C@@H]4(OC[C@@H](O)[C@H](O)[C@@H](O)4))[C@@H](O)[C@H](O)5))=CC(\O)=C(\C=6)\O)		XGQPXBKBCOHIQI-YONICNLVSA-N									PlantCyc/PMN local PGDB
CPD-16537	CPD-16537	arabidopsis anthocyanin A3	889.2402481307					C41H44O22			plantcyc <https://plantcyc.org/>	cyanidin 3- O -[2"- O -(xylosyl)-6"- O -(4-coumaroyl) glucoside] 5- O -glucoside // cyanidin 3- O -[2"- O -(xylosyl)-6"- O -(p-coumaroyl) glucoside] 5- O -glucoside // cyanidin 3- O -[6- O -(4-coumaroyl)]-beta- D -sambubioside 5- O -glucoside	889.2402481307	C(O)[C@@H]7([C@@H](O)[C@H](O)[C@@H](O)[C@H](OC6(\C=C(/C=C1(C(\C=C(C(=[O+]1)C2(\C=C/C(/O)=C(/C=2)/O))\O[C@@H]4(O[C@@H]([C@@H](O)[C@H](O)[C@@H](O[C@@H]3(OC[C@@H](O)[C@H](O)[C@@H](O)3))4)COC(/C=C/C5(\C=C/C(/O)=C\C=5))=O))=6))\[O-]))O7)		JSYDBTWJIIAZPU-NEVABJEQSA-N									PlantCyc/PMN local PGDB
AMINO-OH-HYDROXYMETHYL-DIHYDROPTERIDINE	AMINO-OH-HYDROXYMETHYL-DIHYDROPTERIDINE	6-(hydroxymethyl)-7,8-dihydropterin	195.0756245591					C7H9N5O2			plantcyc <https://plantcyc.org/>	2-amino-6-(hydroxymethyl)-7,8-dihydropteridin-4(3H)-one // 2-amino-6-(hydroxymethyl)-7,8-dihydropteridin-4-one	195.0756245591	C(O)C1(\CNC2(/N=C(N)\NC(=O)C(/N=1)=2))		CQQNNQTXUGLUEV-UHFFFAOYSA-N									PlantCyc/PMN local PGDB
ISOCHORISMATE	ISOCHORISMATE	isochorismate	226.0477380536					C10H8O6			plantcyc <https://plantcyc.org/>	Isochorismic acid	226.0477380536	C=C(C(=O)[O-])O[C@H]1(\C=C/C=C([C@@H]1O)/C([O-])=O)		NTGWPRCCOQCMGE-YUMQZZPRSA-L									PlantCyc/PMN local PGDB
3-OXO-5-BETA-CHOLANATE	3-OXO-5-BETA-CHOLANATE	3-dehydrolithocholate	374.2820950861					C24H37O3			plantcyc <https://plantcyc.org/>	3-oxocholanate // 3-ketocholanic acid // 3-ketocholanate // 3-oxo-5beta-cholanate // 3-oxo-5beta-cholan-24-oate	374.2820950861	C[C@@H]([C@H]3(CC[C@H]4([C@@H]2(CC[C@@H]1(CC(=O)CC[C@@](C)1[C@H]2CC[C@](C)34)))))CCC(=O)[O-]		KIQFUORWRVZTHT-OPTMKGCMSA-M									PlantCyc/PMN local PGDB
CPD0-1112	CPD0-1112	beta-L-rhamnopyranose	164.0684734957					C6H12O5			plantcyc <https://plantcyc.org/>	beta-L-rhamnose	164.0684734957	C[C@@H]1(O[C@@H]([C@@H]([C@@H]([C@H]1O)O)O)O)		SHZGCJCMOBCMKK-YJRYQGEOSA-N									PlantCyc/PMN local PGDB
CPD1F-766	CPD1F-766	cyanidin-3- O -beta-D-glucoside	449.1083865172					C21H19O11			plantcyc <https://plantcyc.org/>	kuromanin // cyanidin 3-O-beta-D-glucopyranoside // cyanidin-3-O-glucoside // Chrysanthemin	449.1083865172	C(O)[C@@H]1([C@@H](O)[C@H](O)[C@@H](O)[C@@H](O1)OC3(\C(C2(\C=C(C(/O)=C\C=2)\O))=[O+]C4(\C(/C=3)=C(/C=C(/C=4)/[O-])\[O-])))		RKWHWFONKJEUEF-GQUPQBGVSA-M									PlantCyc/PMN local PGDB
3Z-PHYTOCHROMOBILIN	3Z-PHYTOCHROMOBILIN	(3Z)-phytochromobilin	584.263484909					C33H34N4O6			plantcyc <https://plantcyc.org/>		584.263484909	C\C=C1([C@@H](C)C(NC\1=C/C4(/NC(/C=C3(C(/CCC([O-])=O)=C(C)/C(\C=C2(C(/C)=C(C=C)/C(=O)N2))=N\3))=C(CCC([O-])=O)/C(\C)=4))=O)		DKMLMZVDTGOEGU-AIKFXVFZSA-L									PlantCyc/PMN local PGDB
CPD-18658	CPD-18658	C37-phenolphthiocerol A	576.5117606712					C37H68O4			plantcyc <https://plantcyc.org/>	(3R,4S,9R,11R)-29-(4-hydroxyphenyl)-3-methoxy-4-methylnonacosane-9,11-diol	576.5117606712	CC[C@@H](OC)[C@@H](C)CCCC[C@@H](O)C[C@H](O)CCCCCCCCCCCCCCCCCCC1(\C=C/C(/O)=C\C=1)		GDIGGEUWHKJEEK-OBSFXCBMSA-N									PlantCyc/PMN local PGDB
CPD-19720	CPD-19720	alpha-hydroxyheme	634.1878623227					C34H30N4O5FE			plantcyc <https://plantcyc.org/>		634.1878623227	C=CC1(\C3(/C=C8(C(/C)=C(CCC(=O)[O-])/C4(/N([Fe-2]26(N7(C(/C(/O)=C(C(/C)=1)\[N+]/2=3)=C(C=C)/C(\C)=C(\C=C5(C(/C)=C(CCC(=O)[O-])/C(\C=4)=[N+]5/6))\7)))8))))		QIKCVSLEZBFGCU-CEPNNTPPSA-J									PlantCyc/PMN local PGDB
CPD-14963	CPD-14963	C-13 2 -carboxypyropheophorbide a	578.2529202227					C34H33N4O5			plantcyc <https://plantcyc.org/>	(3S,4S,21R)-3-(2-carboxyethyl)-14-ethyl-4,8,13,18-tetramethyl-20-oxo-9-vinylphorbine-21-carboxylic acid // 3-phorbinepropanoic acid, 21-carboxy-9-ethenyl-14-ethyl-4,8,13,18-tetramethyl-20-oxo-, (3S,4S,21R)- // C-13(2)-carboxylpyropheophorbide a // C-13(2)-carboxypyropheophorbide a	578.2529202227	C=CC4(\C(/C)=C3(\C=C6([C@H]([C@@H](C(/C5(\[C@@H](C(O)=O)C(=O)C1(\C(\NC(/C(\C)=1)=C/C2(/C(\CC)=C(C)\C(\N=2)=C\C(\N3)=4))=5)))=N\6)CCC(=O)[O-])C)))		HSGTVFFMFUJNOZ-NFFVJZDFSA-M									PlantCyc/PMN local PGDB
CPD-18126	CPD-18126	(2E,4Z,5E)-2-hydroxy-7-oxo-(2-oxoethylidene)hepta-2,5-dienoate	196.0371733673					C9H7O5			plantcyc <https://plantcyc.org/>	(2E,4Z,5E)-2-hydroxy-7-oxo-(2-oxoethylidene)hepta-2,5-dienoic acid	196.0371733673	C(=O)/C=C/C(/C=C(C([O-])=O)/O)=CC=O		SMAGVHUTDOFZAJ-WVQKSCCESA-M									PlantCyc/PMN local PGDB
CPD-19542	CPD-19542	tetraethylammonium	147.1986998077					C9H24N			plantcyc <https://plantcyc.org/>		147.1986998077	CC[N+](CC)(CC)CC.C		JUCPIUUYZVNZSC-UHFFFAOYSA-N									PlantCyc/PMN local PGDB
CPD-21769	CPD-21769	3-methoxy-4-hydroxy-5-( all-trans -hexaprenyl)benzoate	576.417860286					C38H55O4			plantcyc <https://plantcyc.org/>	3-(3,7,11,15,19,23-hexamethyltetracosa-2,6,10,14,18,22-hexaenyl) -4-hydroxy-5-methoxy-benzoic acid // 3- all trans -hexaprenyl-4-hydroxy-5-methoxybenzoate // 3-methoxy-4-hydroxy-5-hexaprenylbenzoate // 3-hexaprenyl-4-hydroxy-5-methoxybenzoic acid // 3-hexaprenyl-4-hydroxy-5-methoxybenzoate	576.417860286	CC(C)=CCCC(\C)=C/CCC(\C)=C/CCC(\C)=C/CCC(\C)=C/CCC(\C)=C/CC1(\C(\O)=C(/C=C(\C=1)/C(=O)[O-])\OC)		YSZSVGFMAJXGMQ-FRICUITQSA-M									PlantCyc/PMN local PGDB
CPD-10157	CPD-10157	Fe(II)-nicotianamine	359.0779775223					C12H21N3O6FE			plantcyc <https://plantcyc.org/>	Fe(II)-NA // Fe2+ -NA	359.0779775223	C([C@@H]([NH3+])CC[NH2+][C@@H](CC[NH+]1(C(C([O-])=O)CC1))C([O-])=O)([O-])=O.[Fe+2]		JIBPFVLGFJYRFE-IWKQBAGXSA-N									PlantCyc/PMN local PGDB
3-METHYLTHIOPROPYLHYDROXAMIC-ACID	3-METHYLTHIOPROPYLHYDROXAMIC-ACID	( Z )-&omega;-(methylsulfanyl)butyl-thiohydroximate	165.0282053604					C5H11NOS2			plantcyc <https://plantcyc.org/>	( Z )- N -hydroxy-4-(methylsulfanyl)butimidothioate	165.0282053604	CSCCCC(\S)=N\O		LQVOUPXXRIMQIM-UHFFFAOYSA-N									PlantCyc/PMN local PGDB
CPD-3617	CPD-3617	decanoate	172.1463298862					C10H19O2			plantcyc <https://plantcyc.org/>	caprate // decanoic acid // n-decanoate // n-capric acid // caprinic acid // caprinate // capric acid	172.1463298862	CCCCCCCCCC(=O)[O-]		GHVNFZFCNZKVNT-UHFFFAOYSA-M									PlantCyc/PMN local PGDB
CPD-23979	CPD-23979	17beta-hydroxyandrost-5-en-3-one	288.208930143					C19H28O2			plantcyc <https://plantcyc.org/>	3-oxo-androst-5-ene-17beta-ol	288.208930143	C[C@@]12(CCC(=O)CC/1=C\C[C@@H]3([C@@H]2CC[C@]4(C)([C@@H](O)CC[C@@H]34)))		SEDRVEWTPRTLOZ-DYKIIFRCSA-N									PlantCyc/PMN local PGDB
CPDQT-273	CPDQT-273	gluconapin	373.050122594					C11H18NO9S2			plantcyc <https://plantcyc.org/>	3-butenyl-glucosinolate // but-3-enyl-glucosinolate // 4-isothiocyanato-1-butene-glucosinolate	373.050122594	C=CCCC(\S[C@@H]1(O[C@H](CO)[C@@H](O)[C@H](O)[C@@H](O)1))=N\OS(=O)(=O)[O-]		PLYQBXHVYUJNQB-IIPHORNXSA-M									PlantCyc/PMN local PGDB
CPD-1861	CPD-1861	( Z )-2-(1 H -indol-3-yl)-1-thioacetohydroximate	206.0513836435					C10H9N2OS			plantcyc <https://plantcyc.org/>		206.0513836435	C1(\NC2(/C=C\C=C/C(/C(\CC(\[S-])=N\O)=1)=2))		NPTAQBFHUNRJAR-UHFFFAOYSA-M									PlantCyc/PMN local PGDB
CPD-5683	CPD-5683	acidomycin	217.077264043					C9H14NO3S			plantcyc <https://plantcyc.org/>		217.077264043	C1(=O)(NC(CCCCCC([O-])=O)SC1)		CSOJYIADHHNGRM-UHFFFAOYSA-M									PlantCyc/PMN local PGDB
CPD-12916	CPD-12916	4alpha-hydroxymethyl,4beta,14alpha-dimethyl-9beta,19-cyclo-5alpha-cholest-24-en-3beta-ol	442.3810808492					C30H50O2			plantcyc <https://plantcyc.org/>	(3beta,4alpha)-9,19-cyclolanost-24-ene-3,28-diol // 30-hydroxycycloartenol // 9,19-cyclolanost-24-ene-3,28-diol, (3beta,4alpha)-	442.3810808492	CC(C)=CCC[C@@H](C)[C@H]3(CC[C@@]4(C)([C@@H]1(CC[C@H]5([C@@](CO)(C)[C@@H](O)CCC2(CC12CC[C@](C)34)5))))		UTTLWQMTEWKFNX-XWLPYIGKSA-N									PlantCyc/PMN local PGDB
CPD-14378	CPD-14378	( E )-(4-aminobutylidene)(3-aminopropyl)amine	143.1422475613					C7H20N3			plantcyc <https://plantcyc.org/>	dehydrospermidine (ambiguous)	143.1422475613	C([NH3+])CC/[NH+]=C/CCC[NH3+]		YAVLYBVKPXLZEQ-UXBLZVDNSA-Q									PlantCyc/PMN local PGDB
5-HYDROXYISOURATE	5-HYDROXYISOURATE	( S )-5-hydroxyisourate	184.0232546376					C5H4N4O4			plantcyc <https://plantcyc.org/>		184.0232546376	C2([C@]1(O)(NC(=O)NC/1=N/C(=O)N2))(=O)		LTQYPAVLAYVKTK-YFKPBYRVSA-N									PlantCyc/PMN local PGDB
CPDQT-413	CPDQT-413	( Z )-&omega;-(methylsulfanyl)heptyl-thiohydroximate	207.075155553					C8H17NOS2			plantcyc <https://plantcyc.org/>	( Z )- N -hydroxy-7-(methylsulfanyl)heptimidothioate	207.075155553	CSCCCCCCC(\S)=N\O		GLRIWFRUUABTJT-UHFFFAOYSA-N									PlantCyc/PMN local PGDB
PHOSPHORIBOSYL-ATP	PHOSPHORIBOSYL-ATP	1-(5-phospho-beta-D-ribosyl)-ATP	719.0043343105					C15H19N5O20P4			plantcyc <https://plantcyc.org/>	1-(5-phosphoribosyl)-ATP // N1-(5-phospho-D-ribosyl)-ATP // 5-phosphoribosyl-ATP // 1-(5-phospho-D-ribosyl)-ATP // phosphoribosyl-ATP	719.0043343105	C(OP([O-])(=O)[O-])[C@H]4(O[C@@H](N1(C(C2(\N=C/N(C(\N=C/1)=2)[C@@H]3(O[C@H](COP(=O)([O-])OP(=O)([O-])OP(=O)([O-])[O-])[C@@H](O)[C@@H](O)3)))=N))[C@H](O)[C@@H]4O)		RKNHJBVBFHDXGR-KEOHHSTQSA-H									PlantCyc/PMN local PGDB
CPD-19794	CPD-19794	brassinolide 22-O-sulfate	560.3019038297					C28H47O9S			plantcyc <https://plantcyc.org/>		560.3019038297	CC([C@@H]([C@H]([C@@H]([C@@H](C)C2([C@]3(CCC4([C@]1(C[C@H]([C@H](C[C@@H]1C(=O)OCC([C@H](CC2)3)4)O)O)C))(C)))OS(=O)(=O)[O-])O)C)C		MDJSEODEPHDJBE-XZDDVQLQSA-M									PlantCyc/PMN local PGDB
CPD-12702	CPD-12702	( R )-mandelonitrile	133.052763852					C8H7NO			plantcyc <https://plantcyc.org/>	(2R)-hydroxy(phenyl)acetonitrile	133.052763852	C([C@@H](C1(\C=C/C=C\C=1))O)#N		NNICRUQPODTGRU-QMMMGPOBSA-N									PlantCyc/PMN local PGDB
CPD-11521	CPD-11521	3-oxo-2-(cis-2'-pentenyl)-cyclopentane-1-hexanoyl-CoA	1015.2928383802					C37H56N7O18P3S			plantcyc <https://plantcyc.org/>	OPC6-CoA	1015.2928383802	CC\C=C/C[C@H]1([C@H](CCC(=O)1)CCCCCC(SCCNC(=O)CCNC(=O)[C@H](O)C(C)(C)COP(=O)(OP(=O)(OC[C@@H]2([C@@H](OP([O-])(=O)[O-])[C@@H](O)[C@@H](O2)N3(C4(\N=C/N=C(C(\N=C/3)=4)/N))))[O-])[O-])=O)		VWFUYQVGVAEVNH-WZGLBKMISA-J									PlantCyc/PMN local PGDB
CPD-8677	CPD-8677	(9 S )-HPODE	312.2300595156					C18H31O4			plantcyc <https://plantcyc.org/>	9(S)-hydroperoxy-10(E),12(Z)-octadecadienoic acid // (9 S )-HPOD // 9(S)-hydroperoxy-10(E),12(Z)-octadecadienoate // (9S,10E,12Z)-9-hydroperoxy-10,12-octadecadienoate	312.2300595156	CCCCC\C=C/C=C/[C@H](CCCCCCCC([O-])=O)OO		JGUNZIWGNMQSBM-UINYOVNOSA-M									PlantCyc/PMN local PGDB
CPD-14740	CPD-14740	(3R,4R)-7,2',4'-trihydroxyisoflavanol	274.0841235599					C15H14O5			plantcyc <https://plantcyc.org/>	(3R,4R)-3-(2,4-dihydroxyphenyl)-3,4-dihydro-2H-1-benzopyran-4,7-diol	274.0841235599	C3(/C=C([C@H]1([C@H](C2(/C=C\C(\O)=C/C(/OC1)=2))O))\C(\O)=C/C(/O)=3)		GEFJKNBTBQBFOH-WFASDCNBSA-N									PlantCyc/PMN local PGDB
DOPAMINE	DOPAMINE	dopamine	153.0789786025					C8H12NO2			plantcyc <https://plantcyc.org/>	deoxyepinephrine // hydroxytyramine // 3,4-dihydroxyphenethylamine // intropin // 2-(3,4-dihydroxyphenyl)ethylamine // 4-(2-aminoethyl)benzene-1,2-diol // 3-hydroxytyramine	153.0789786025	C(CC1(\C=C(C(/O)=C\C=1)\O))[NH3+]		VYFYYTLLBUKUHU-UHFFFAOYSA-O									PlantCyc/PMN local PGDB
CPD-10689	CPD-10689	norspermine	188.2000967912					C9H28N4			plantcyc <https://plantcyc.org/>	3,3,3-tetramine // 1,5,9,13-tetraazatridecane // N,N'-bis(3-aminopropyl)-1,3-propanediamine // thermine	188.2000967912	C([NH2+]CCC[NH2+]CCC[NH3+])CC[NH3+]		ZAXCZCOUDLENMH-UHFFFAOYSA-R									PlantCyc/PMN local PGDB
CPD-18334	CPD-18334	2-carboxy-1,4-naphthoquinone	202.026608681					C11H5O4			plantcyc <https://plantcyc.org/>	1,4-diketo-2-naphthoate // 1,4-dioxo-2-naphthoate	202.026608681	C([O-])(=O)C1(\C(=O)C2(/C=C\C=C/C(/C(=O)/C=1)=2))		UZSCBEJDBQICON-UHFFFAOYSA-M									PlantCyc/PMN local PGDB
L-THREONATE	L-THREONATE	L-threonate	136.0371733673					C4H7O5			plantcyc <https://plantcyc.org/>	L-threonic acid // (2R,3S)-2,3,4-trihydroxybutanoate	136.0371733673	C([C@@H]([C@H](C(=O)[O-])O)O)O		JPIJQSOTBSSVTP-STHAYSLISA-M									PlantCyc/PMN local PGDB
2-3-DIHYDRODIPICOLINATE	2-3-DIHYDRODIPICOLINATE	( S )-2,3-dihydrodipicolinate	169.0375077183					C7H5NO4			plantcyc <https://plantcyc.org/>	2,3-di-H-dipicolinate // L-2,3-dihydrodipicolinate	169.0375077183	C1(\C[C@H](/N=C(\C=1)/C(=O)[O-])C(=O)[O-])		UWOCFOFVIBZJGH-YFKPBYRVSA-L									PlantCyc/PMN local PGDB
CPD-6041	CPD-6041	methotrexate	454.1713158583					C20H20N8O5			plantcyc <https://plantcyc.org/>	amethopterin	454.1713158583	CN(CC1(\C=N/C2(\N=C(N)/N=C(C(\N=1)=2)/N)))C3(\C=C/C(/C(N[C@@H](CCC([O-])=O)C(=O)[O-])=O)=C\C=3)		FBOZXECLQNJBKD-ZDUSSCGKSA-L									PlantCyc/PMN local PGDB
CPD1F-120	CPD1F-120	gibberellin A 24	346.1780239451					C20H24O5			plantcyc <https://plantcyc.org/>	GA24	346.1780239451	C=C1([C@H]2(C[C@]3(C1)([C@H]([C@@H]4([C@@](C)(CCC[C@@](C=O)([C@@H](CC2)3)4)C([O-])=O))C([O-])=O)))		QQRSSHFHXYSOMF-CXXOJBQZSA-L									PlantCyc/PMN local PGDB
CPD-8694	CPD-8694	abieta-7,13-diene-18-oate	302.2245802072					C20H29O2			plantcyc <https://plantcyc.org/>	AbA // (1R,4aR,4bR,10aR)-7-isopropyl-1,4a-dimethyl-1,2,3,4,4a,4b,5,6,10,10a-decahydrophenanthrene-1-carboxylate // 13-isopropylpodocarpa-7,13-dien-15-oic acid // sylvic acid // 7,13-abietadien-18-oic acid // abietic acid	302.2245802072	CC(C)C1(\CC[C@H]2(C(/C=1)=C/C[C@@H]3([C@@](C)2CCC[C@](C([O-])=O)(C)3)))		RSWGJHLUYNHPMX-ONCXSQPRSA-M									PlantCyc/PMN local PGDB
CPD-11763	CPD-11763	bisorganyltrisulfane	646.1396826578					C20H32N6O12S3			plantcyc <https://plantcyc.org/>	GS 3 G	646.1396826578	C(SSSCC(NC(=O)CCC([NH3+])C(=O)[O-])C(=O)NCC(=O)[O-])C(C(O)NCC(=O)[O-])NC(CCC(C([O-])=O)[NH3+])=O		IMZRQZICOZIGNP-UHFFFAOYSA-L									PlantCyc/PMN local PGDB
5-HYDROXY-FERULIC-ACID	5-HYDROXY-FERULIC-ACID	5-hydroxyferulate	210.0528234315					C10H9O5			plantcyc <https://plantcyc.org/>	5-hydroxy ferulic acid	210.0528234315	COC1(/C=C(/C=C/C([O-])=O)/C=C(C(\O)=1)/O)		YFXWTVLDSKSYLW-NSCUHMNNSA-M									PlantCyc/PMN local PGDB
PHYTOSPINGOSINE	PHYTOSPINGOSINE	phytosphingosine	317.2929941234					C18H40NO3			plantcyc <https://plantcyc.org/>	4R-hydroxysphinganine (C18) // D- ribo -4-hydroxysphinganine (C18) // t18:0 // phytosphingosine (C18) // 4R-hydroxasphinganine	317.2929941234	CCCCCCCCCCCCCC[C@@H](O)[C@H]([C@H](CO)[NH3+])O		AERBNCYCJBRYDG-KSZLIROESA-O									PlantCyc/PMN local PGDB
O-PHOSPHO-L-HOMOSERINE	O-PHOSPHO-L-HOMOSERINE	O -phospho-L-homoserine	199.0245735688					C4H8NO6P			plantcyc <https://plantcyc.org/>	o-phosphohomoserine	199.0245735688	C(OP([O-])(=O)[O-])C[C@H]([NH3+])C([O-])=O		FXDNYOANAXWZHG-VKHMYHEASA-L									PlantCyc/PMN local PGDB
CPD0-2030	CPD0-2030	glycerophosphoserine	259.0457029414					C6H13NO8P			plantcyc <https://plantcyc.org/>		259.0457029414	C(O)[C@@H](O)COP(OC[C@H]([NH3+])C(=O)[O-])([O-])=O		ZWZWYGMENQVNFU-UHNVWZDZSA-M									PlantCyc/PMN local PGDB
CPD-185	CPD-185	(1 Z ,3 Z )-4-hydroxybuta-1,3-diene-1,2,4-tricarboxylate	202.0113525473					C7H3O7			plantcyc <https://plantcyc.org/>	4-carboxy-2-hydroxyhexa-2,4-dienedioate // (2 E ,4 E )-4-carboxy-2-hydroxyhexa-2,4-dienedioate // OMAenol // 2-hydroxy-4-carboxy-hexa-2,4-dienedioate // 4-carboxy-2-hydroxymuconate // 2-hydroxy-4-carboxymuconate	202.0113525473	C(\C=C(\C=C(C([O-])=O)/O)/C([O-])=O)([O-])=O		QWLUKZXOQAQUFQ-QEFWFIIXSA-K									PlantCyc/PMN local PGDB
CPD-708	CPD-708	campest-4-en-3beta-ol	400.3705161629					C28H48O			plantcyc <https://plantcyc.org/>	methylcholestenol // (24 R )-24-methyl-cholest-4-en-3beta-ol	400.3705161629	CC(C)[C@H](C)CC[C@@H](C)[C@H]3(CC[C@H]4([C@@H]2(CCC1(\[C@@](CC[C@H](O)\C=1)(C)[C@H]2CC[C@](C)34))))		CPQUIAPJXYFMHN-PODYLUTMSA-N									PlantCyc/PMN local PGDB
CPD-416	CPD-416	4-O-feruloyl-D-quinate	368.1107322409					C17H19O9			plantcyc <https://plantcyc.org/>	4-O-feruloyl-D-quinic acid	368.1107322409	COC1(\C(\O)=C/C=C(/C=1)/C=C/C(O[C@@H]2([C@@H](C[C@@](C([O-])=O)(CC2O)O)O))=O)		VTMFDSJJVNQXLT-AARZOWLDSA-M									PlantCyc/PMN local PGDB
CPD-12390	CPD-12390	( Z )-1-(glutathion- S -yl)- N -hydroxy-&omega;-(methylsulfanyl)butan-1-imine	438.1242905901					C15H25N4O7S2			plantcyc <https://plantcyc.org/>		438.1242905901	CSCCCC(\SC[C@H](NC(=O)CC[C@H]([NH3+])C([O-])=O)C(=O)NCC([O-])=O)=N\O		MZIFZNVMGWJZJS-CKPZPDRJSA-M									PlantCyc/PMN local PGDB
CPD-9046	CPD-9046	4,4'-dithiodipyridine	220.0128896472					C10H8N2S2			plantcyc <https://plantcyc.org/>	4,4'-dipyridyl disulfide // Pyridine, 4,4'-dithiobis-	220.0128896472	C1(\C=C(\C=C/N=1)\SSC2(\C=C/N=C\C=2))		UHBAPGWWRFVTFS-UHFFFAOYSA-N									PlantCyc/PMN local PGDB
CPD-11561	CPD-11561	adenosine pentaphosphate	666.9284059737					C10H12N5O19P5			plantcyc <https://plantcyc.org/>	adenosine 5'-pentaphosphate	666.9284059737	C(OP(OP(=O)([O-])OP([O-])(=O)OP([O-])(=O)OP([O-])(=O)[O-])([O-])=O)[C@H]3(O[C@@H](N1(C2(\C(\N=C/1)=C(N)/N=C\N=2)))[C@H](O)[C@H](O)3)		WYJWVZZCMBUPSP-KQYNXXCUSA-H									PlantCyc/PMN local PGDB
CPD-13914	CPD-13914	cyclic-2,3- O -oxalyl-L-threonate	190.0113525473					C6H5O7			plantcyc <https://plantcyc.org/>	2,3-cyclic oxalyl theronolactone	190.0113525473	C(O)C1(OC(=O)C(=O)OC(C(=O)[O-])1)		NKBSFRFTBUHMJF-UHFFFAOYSA-M									PlantCyc/PMN local PGDB
CPD-22602	CPD-22602	( E )-5,6-dihydro-4-hydroxy-6-(styryl)pyran-2-one	216.0786442515					C13H12O3			plantcyc <https://plantcyc.org/>	5,6-dihydro-4-hydroxy-6-stryl-2-pyrone	216.0786442515	C1(=O)(O[C@H](CC(/O)=C\1)/C=C/C2(\C=C/C=C\C=2))		GAEBQUJLHSUKEK-SYTKJHMZSA-N									PlantCyc/PMN local PGDB
CPD-7535	CPD-7535	9,15,9'-tri- cis -&zeta;-carotene	540.469501926					C40H60			plantcyc <https://plantcyc.org/>	9,15,9'- cis -&zeta;-carotene	540.469501926	CC(C)=CCCC(\C)=C/CCC(/C)=C/C=C/C(\C)=C/C=C\C=C(C)\C=C\C=C(C)/CC/C=C(C)/CCC=C(C)C		BIWLELKAFXRPDE-LMARSQGMSA-N									PlantCyc/PMN local PGDB
CPD-20340	CPD-20340	ophthalmate	289.1273853581					C11H18N3O6			plantcyc <https://plantcyc.org/>	ophthalmic acid // N-{(2S)-1-[(carboxymethyl)amino]-1-oxobutan-2-yl}-L-glutamine // (gamma-L-glutamyl-( S )-2-aminobutanoyl-glycine	289.1273853581	CC[C@@H](C(NCC(=O)[O-])=O)NC(CC[C@@H](C(=O)[O-])[NH3+])=O		JCMUOFQHZLPHQP-BQBZGAKWSA-M									PlantCyc/PMN local PGDB
DADP	DADP	dADP	411.0345001264					C10H12N5O9P2			plantcyc <https://plantcyc.org/>	2'-deoxyadenosine-5'-diphosphate // deoxyadenosine-diphosphate // 2'-Deoxyadenosine 5'-diphosphate	411.0345001264	C(OP(=O)([O-])OP(=O)([O-])[O-])[C@H]3(O[C@@H](N1(C2(\C(\N=C/1)=C(N)/N=C\N=2)))C[C@H](O)3)		DAEAPNUQQAICNR-RRKCRQDMSA-K									PlantCyc/PMN local PGDB
CPD0-1662	CPD0-1662	alpha-monofluoromethylarginine	206.1179039465					C7H15N4O2F			plantcyc <https://plantcyc.org/>	MFMA	206.1179039465	C(NC(N)=N)CCC(CF)(N)C(=O)O		ZAJPVQSJWGQONE-UHFFFAOYSA-N									PlantCyc/PMN local PGDB
CPD-22761	CPD-22761	(3beta,9beta)-4alpha-demethyl-4alpha-methylhydroxy-9,19-cyclolanost-3-ol	444.3967309134					C30H52O2			plantcyc <https://plantcyc.org/>		444.3967309134	CC(C)CCC[C@@H](C)[C@H]3(CC[C@@]4(C)([C@@H]1(CC[C@H]5([C@@](CO)(C)[C@@H](O)CC[C@@]2(C[C@@]12CC[C@](C)34)5))))		HWVWXEOIUCFPQJ-BPYUMQNDSA-N									PlantCyc/PMN local PGDB
CPD-11527	CPD-11527	3-oxo-2-(cis-2'-pentenyl)-cyclopentane-1-(3R-hydroxybutanoyl)-CoA	1003.2564528739					C35H52N7O19P3S			plantcyc <https://plantcyc.org/>	OPC4-3-hydroxyacyl-CoA	1003.2564528739	CC\C=C/C[C@H]1([C@H](CCC(=O)1)C[C@H](O)CC(=O)SCCNC(=O)CCNC(=O)[C@H](O)C(C)(C)COP(=O)(OP(=O)(OC[C@@H]2([C@@H](OP([O-])(=O)[O-])[C@@H](O)[C@@H](O2)N3(C4(\N=C/N=C(C(\N=C/3)=4)/N))))[O-])[O-])		YUFHOTSRMDFGNS-GBYPGRTBSA-J									PlantCyc/PMN local PGDB
COUMARYL-ALCOHOL	COUMARYL-ALCOHOL	4-coumaryl alcohol	150.0680795652					C9H10O2			plantcyc <https://plantcyc.org/>	p -coumaryl alcohol	150.0680795652	C(/CO)=C\C1(\C=C/C(/O)=C\C=1)		PTNLHDGQWUGONS-OWOJBTEDSA-N									PlantCyc/PMN local PGDB
CPD-11845	CPD-11845	N -vanillate-L-glutamate	297.0848518414					C13H13NO7			plantcyc <https://plantcyc.org/>	N -(4-hydroxy-3-methoxybenzoyl)-L-glutamate // N -(4-hydroxy-3-methoxybenzoyl)-L-glutamic acid	297.0848518414	COC1(/C=C(\C=C/C(/O)=1)/C(=O)N[C@@H](CCC([O-])=O)C(=O)[O-])		NAZILJHSHDTNTQ-QMMMGPOBSA-L									PlantCyc/PMN local PGDB
CPD-82	CPD-82	dihydroconiferyl alcohol glucoside	344.1471177472					C16H24O8			plantcyc <https://plantcyc.org/>	dihydroconiferyl alcohol-4-O-beta-D-glucopyranoside	344.1471177472	COC2(/C=C(CCCO)\C=C/C(/O[C@H]1([C@@H]([C@H]([C@@H]([C@H](O1)CO)O)O)O))=2)		QFYFLJZBZITPGX-IBEHDNSVSA-N									PlantCyc/PMN local PGDB
CPDQT-432	CPDQT-432	4-methoxy-3-indolylmethyl glucosinolate aglycone	316.0187628861					C11H10N2O5S2			plantcyc <https://plantcyc.org/>		316.0187628861	COC2(\C=C/C=C1(C(\C(/CC(\[S-])=N\OS(=O)([O-])=O)=C/N1)=2))		ZOTUJOONTCAPII-UHFFFAOYSA-L									PlantCyc/PMN local PGDB
CPD-18238	CPD-18238	carboxyphosphate	141.9667243389					CHO6P			plantcyc <https://plantcyc.org/>		141.9667243389	C(=O)([O-])OP([O-])(=O)O		LQQCGEGRINLHDP-UHFFFAOYSA-L									PlantCyc/PMN local PGDB
CPD-18630	CPD-18630	C33-phthiotriol A	512.5168460491					C33H68O3			plantcyc <https://plantcyc.org/>	4-methyldotriacontane-3,9,11-triol	512.5168460491	CCCCCCCCCCCCCCCCCCCCC[C@@H](O)C[C@H](O)CCCC[C@H](C)[C@H](O)CC		LCBMZQAFNALYOG-LDLFXXLYSA-N									PlantCyc/PMN local PGDB
CPD-24334	CPD-24334	methylarsonite	123.9505508047					CH3O2AS			plantcyc <https://plantcyc.org/>	MMA III // monomethylarsonite	123.9505508047	C[As]([O-])[O-]		OMPSDEOAXJHSLH-UHFFFAOYSA-N									PlantCyc/PMN local PGDB
CPDQT-7	CPDQT-7	hamamelose-2 1 ,5-bisphosphate	339.9960489346					C6H14O12P2			plantcyc <https://plantcyc.org/>	HBP	339.9960489346	C([C@@H]1([C@H]([C@](COP(O)(=O)O)([C@@H](O1)O)O)O))OP(O)(O)=O											PlantCyc/PMN local PGDB
CPD-14281	CPD-14281	trans -docos-2-enoyl-CoA	1087.4231242717					C43H72N7O17P3S			plantcyc <https://plantcyc.org/>	trans -2,3-dihydro-docosenoyl-CoA // (2 E )-docosenoyl-CoA	1087.4231242717	CCCCCCCCCCCCCCCCCCC/C=C/C(=O)SCCNC(=O)CCNC([C@H](O)C(C)(C)COP([O-])(=O)OP([O-])(=O)OC[C@@H]1([C@@H](OP(=O)([O-])[O-])[C@@H](O)[C@@H](O1)N2(\C=N/C3(C(/N)=N\C=N/C2=3))))=O		KRTIFNFQCJTGMV-DYAVHEMFSA-J									PlantCyc/PMN local PGDB
THZ-P	THZ-P	4-methyl-5-(2-phosphooxyethyl)thiazole	223.0068150146					C6H8NO4PS			plantcyc <https://plantcyc.org/>	4-4-methyl-5-(2-phosphonooxyethyl)-thiazole // 4-methyl-5-(2-phosphoethyl)-thiazole // THZ-P // 4-methyl-5-(beta-hydroxyethyl)thiazole phosphate // HET-P	223.0068150146	CC1(\N=C/SC(/CCOP(=O)([O-])[O-])=1)		OCYMERZCMYJQQO-UHFFFAOYSA-L									PlantCyc/PMN local PGDB
OLEOYL-COA	OLEOYL-COA	oleoyl-CoA	1031.3605240149					C39H64N7O17P3S			plantcyc <https://plantcyc.org/>	oloeyl-CoA ( cis ) // cis -octadec-9-enoyl-CoA // (9Z)-octadec-9-enoyl-CoA // 18:1 cis -9 // 18:1(n-9)	1031.3605240149	CCCCCCCC\C=C/CCCCCCCC(=O)SCCNC(=O)CCNC(=O)[C@H](O)C(C)(C)COP(=O)(OP(=O)(OC[C@@H]1([C@@H](OP([O-])(=O)[O-])[C@@H](O)[C@@H](O1)N2(C3(\N=C/N=C(C(\N=C/2)=3)/N))))[O-])[O-]		XDUHQPOXLUAVEE-BPMMELMSSA-J									PlantCyc/PMN local PGDB
IODOACETATE	IODOACETATE	iodoacetate	185.9177723405					C2H2O2I			plantcyc <https://plantcyc.org/>	2-iodoacetate // monoiodoacetate	185.9177723405	C(I)C(=O)[O-]		JDNTWHVOXJZDSN-UHFFFAOYSA-M									PlantCyc/PMN local PGDB
7-DEOXYLOGANIN	7-DEOXYLOGANIN	7-deoxyloganin	374.1576824335					C17H26O9			plantcyc <https://plantcyc.org/>		374.1576824335	C[C@H]1(CC[C@H]3([C@@H]1[C@H](O[C@@H]2(O[C@H](CO)[C@@H](O)[C@H](O)[C@@H](O)2))O/C=C3/C(OC)=O))		KMHXLGLJTQHEIM-OUEWTLASSA-N									PlantCyc/PMN local PGDB
CPD-24361	CPD-24361	methylarsonic acid	139.9454654268					CH5O3AS			plantcyc <https://plantcyc.org/>	MMA V // MeAsO(OH) 2 // methanearsonic acid // monomethylarsonic acid	139.9454654268	C[As](=O)(O)O		QYPPRTNMGCREIM-UHFFFAOYSA-N									PlantCyc/PMN local PGDB
2-ACETO-2-HYDROXY-BUTYRATE	2-ACETO-2-HYDROXY-BUTYRATE	( S )-2-aceto-2-hydroxybutanoate	146.0579088094					C6H9O4			plantcyc <https://plantcyc.org/>	( S )-2-aceto-2-hydroxy-butyrate // ( S )-2-hydroxy-2-ethyl-3-oxobutanoate	146.0579088094	CC[C@@](O)(C(=O)[O-])C(C)=O		VUQLHQFKACOHNZ-LURJTMIESA-M									PlantCyc/PMN local PGDB
CPD-18	CPD-18	linoleoyl-CoA	1029.3448739507					C39H62N7O17P3S			plantcyc <https://plantcyc.org/>	cis , cis -octadeca-9,12-dienoyl-CoA // (9Z,12Z)-octadeca-9,12-dienoyl-CoA // 18:2(n-6)	1029.3448739507	CCCCC\C=C/C\C=C/CCCCCCCC(SCCNC(=O)CCNC(=O)[C@H](O)C(C)(C)COP(=O)(OP(=O)(OC[C@@H]1([C@@H](OP([O-])(=O)[O-])[C@@H](O)[C@@H](O1)N2(C3(\N=C/N=C(C(\N=C/2)=3)/N))))[O-])[O-])=O		YECLLIMZHNYFCK-RRNJGNTNSA-J									PlantCyc/PMN local PGDB
CPD-4206	CPD-4206	trans -zeatin riboside monophosphate	431.120599219					C15H20N5O8P			plantcyc <https://plantcyc.org/>	ZMP // tZRMP	431.120599219	CC(/CO)=C\CNC3(/N=C\N=C1(C(/N=C\N1[C@@H]2(O[C@H](COP(=O)([O-])[O-])[C@@H](O)[C@@H](O)2))=3))		IRILMCCKFANGJQ-HNNGNKQASA-L									PlantCyc/PMN local PGDB
CPD-25935	CPD-25935	9,10-epoxy-12-oxododecanoate	228.1361591304					C12H19O4			plantcyc <https://plantcyc.org/>	9,10-epoxy-12-oxododecanoic acid	228.1361591304	C(CC1(OC(CCCCCCCC(=O)[O-])1))=O		AZDFNKCFWMIGBN-UHFFFAOYSA-M									PlantCyc/PMN local PGDB
CPD-7203	CPD-7203	5,6-epoxy-3-hydroxy-9-apo-beta-caroten-9-one	224.1412445083					C13H20O3			plantcyc <https://plantcyc.org/>		224.1412445083	CC(/C=C/C12(C(CC(CC1(O2)C)O)(C)C))=O		VYKLRWGPNUVKNC-AATRIKPKSA-N									PlantCyc/PMN local PGDB
CPD0-2463	CPD0-2463	5-phospho-alpha-D-ribose 1,2-cyclic phosphate	291.974919562					C5H7O10P2			plantcyc <https://plantcyc.org/>	5-phospho-alpha-D-ribosyl 1,2-cyclic phosphate // alpha-D-ribose-1,2-cyclic-phosphate 5-phosphate	291.974919562	C(OP(=O)([O-])[O-])[C@H]1(O[C@H]2([C@@H]([C@@H]1O)OP(O2)([O-])=O))		OXGUIUWFXGIWNM-TXICZTDVSA-K									PlantCyc/PMN local PGDB
CPD-29	CPD-29	p -chloromercuribenzoate	357.9684331147					C7H4O2CLHG			plantcyc <https://plantcyc.org/>	4-chloromercuribenzoic acid // (4-carboxyphenyl)-chloro-mercury // p-CMB // p -chloromercuribenzoic acid	357.9684331147	C1(=C/C=C(\C=C/1)/C(=O)[O-])[Hg]Cl		YFZOUMNUDGGHIW-UHFFFAOYSA-L									PlantCyc/PMN local PGDB
DIHYDROCHELIRUBINE	DIHYDROCHELIRUBINE	dihydrochelirubine	363.1106726614					C21H17NO5			plantcyc <https://plantcyc.org/>	13, 14-dihydro-5-methoxy-13-methyl-[1, 3]benzodioxolo[5, 6-c]-1, 3-dioxolo[4, 5-i]phenanthridine	363.1106726614	C2(C6(/C(C3(/C=C\C4(/C=C1(C(/OCO1)=C\C(C(\N(C)2)=3)=4))))=C(/C=C5(C(\OCO5)=6))OC))		JPXUJRDPZQUCNV-UHFFFAOYSA-N									PlantCyc/PMN local PGDB
CPD0-1242	CPD0-1242	thiolactomycin	210.0714503836					C11H14O2S			plantcyc <https://plantcyc.org/>	antibiotic 2-200 // (+)-thiolactomycin // (R)-(+)-thiolactomycin // (2R)-5-hydroxy-2,4-dimethyl-2-[(1E)-2-methylbuta-1,3-dien-1-yl]-2,3-dihydrothiophen-3-one	210.0714503836	C=CC(\C)=C/[C@]1(SC(/O)=C(C)/C(=O)1)(C)		HGCGJTZCWZFGBT-XUIVZRPNSA-N									PlantCyc/PMN local PGDB
CPD-10332	CPD-10332	gibberellin 44 (open lactone form)	364.1885886314					C20H26O6			plantcyc <https://plantcyc.org/>	gibberellin A44 open lactone // gibberellin A44 diacid // GA44 open lactone	364.1885886314	C=C1([C@@]2(O)(C[C@]3(C1)([C@H]([C@@H]4([C@@](C)(CCC[C@@](CO)([C@@H](CC2)3)4)C([O-])=O))C([O-])=O)))		AXEUUXHMKSPQAI-YTJHIPEWSA-L									PlantCyc/PMN local PGDB
2-METHYL-BUTYRYL-COA	2-METHYL-BUTYRYL-COA	(2 S )-2-methylbutanoyl-CoA	851.1727232445					C26H40N7O17P3S			plantcyc <https://plantcyc.org/>	(2 S )-2-methyl-butyryl-CoA // (2 S )-2-methylbutyryl-CoA // (2 S )-alpha-methylbutyryl-CoA // (2 S )-alpha-methylbutanoyl-CoA	851.1727232445	CC[C@H](C)C(=O)SCCNC(=O)CCNC(=O)[C@H](O)C(C)(C)COP(=O)(OP(=O)(OC[C@@H]1([C@@H](OP([O-])(=O)[O-])[C@@H](O)[C@@H](O1)N2(C3(\N=C/N=C(C(\N=C/2)=3)/N))))[O-])[O-]		LYNVNYDEQMMNMZ-JRQZLUQRSA-J									PlantCyc/PMN local PGDB
CPD-13093	CPD-13093	15,16-DiHODE	312.2300595156					C18H31O4			plantcyc <https://plantcyc.org/>	(9Z,12Z)-15,16-dihydroxyoctadeca-9,12-dienoic acid // (9Z,12Z)-15,16-dihydroxyoctadecadienoate // (9Z,12Z)-15,16-dihydroxyoctadeca-9,12-dienoate	312.2300595156	CCC(O)C(O)C\C=C/C\C=C/CCCCCCCC(=O)[O-]		LKLLJYJTYPVCID-OHPMOLHNSA-M									PlantCyc/PMN local PGDB
ARABINOSE-5P	ARABINOSE-5P	aldehydo -D-arabinose 5-phosphate	230.0191538399					C5H9O8P			plantcyc <https://plantcyc.org/>	aldehydo -D-arabinose-5P // aldehydo -arabinose-5P	230.0191538399	C(=O)[C@H]([C@@H]([C@@H](COP([O-])([O-])=O)O)O)O		PPQRONHOSHZGFQ-WDCZJNDASA-L									PlantCyc/PMN local PGDB
CPD-12405	CPD-12405	( Z )-1-(glutathion- S -yl)- N -hydroxy-&omega;-(methylsulfanyl)nonan-1-imine	508.2025409111					C20H35N4O7S2			plantcyc <https://plantcyc.org/>		508.2025409111	CSCCCCCCCCC(\SC[C@H](NC(CC[C@@H](C(=O)[O-])[NH3+])=O)C(=O)NCC([O-])=O)=N\O		GPZLPQNMTKAECU-QNPAVUSQSA-M									PlantCyc/PMN local PGDB
CPD-4203	CPD-4203	N 6 -(&Delta; 2 -isopentenyl)-adenosine 5'-diphosphate	495.0920150053					C15H20N5O10P2			plantcyc <https://plantcyc.org/>	isopentenyladenosine-5'-diphosphate // iPDP // isopentenyladenosine riboside-5'-diphosphate // iPRDP	495.0920150053	CC(C)=CCNC3(/N=C\N=C1(C(/N=C\N1[C@@H]2(O[C@H](COP(=O)([O-])OP(=O)([O-])[O-])[C@@H](O)[C@@H](O)2))=3))		VXMXKDAHJURHEN-SDBHATRESA-K									PlantCyc/PMN local PGDB
CPD-24675	CPD-24675	trans -EKODE-(E)-Ib	310.2144094514					C18H29O4			plantcyc <https://plantcyc.org/>	12(13)Ep-9-KODE // trans-12,13-epoxy-11-oxo-trans-9-octadecenoate // 9-oxo-12,13-epoxy-10-octadecenoate // EPOODA	310.2144094514	CCCCCC1(C(/C=C/C(CCCCCCCC(=O)[O-])=O)O1)		RCMABBHQYMBYKV-BUHFOSPRSA-M									PlantCyc/PMN local PGDB
CPD-16352	CPD-16352	N -(tetracosanoyl)-sphinganine	651.6529456					C42H85NO3			plantcyc <https://plantcyc.org/>	C24 dihydrosphingosine // C24 sphinganine // C24 dihydroceramide // Cer(d18:0/24:0) // ceramide-1 (sphinganine:N-C24:0) // ceramide A (C24)	651.6529456	CCCCCCCCCCCCCCCCCCCCCCCC(=O)N[C@@H](CO)[C@H](O)CCCCCCCCCCCCCCC		BPLYVSYSBPLDOA-WVILEFPPSA-N									PlantCyc/PMN local PGDB
MALTOPENTAOSE	MALTOPENTAOSE	maltopentaose	828.2746818438					C30H52O26			plantcyc <https://plantcyc.org/>		828.2746818438	C([C@H]5(O[C@H](O[C@@H]4([C@H](O[C@H](O[C@@H]1([C@H](O[C@@H]([C@@H]([C@H]1O)O)O[C@@H]2([C@H](O[C@@H]([C@@H]([C@H]2O)O)O[C@@H]3([C@H](OC([C@@H]([C@H]3O)O)O)CO))CO))CO))[C@@H]([C@H]4O)O)CO))[C@@H]([C@H]([C@@H]5O)O)O))O		FTNIPWXXIGNQQF-HZWIHCTQSA-N									PlantCyc/PMN local PGDB
CPD-12594	CPD-12594	all- trans -geranyl-geranyl monophosphate	370.2272961219					C20H33O4P			plantcyc <https://plantcyc.org/>	all- trans -geranyl-geranyl-p // geranylgeranyl-P // geranylgeranyl phosphate // (2E,6E,10E)-geranylgeranyl monophosphate // 2,6,10,14-Hexadecatetraen-1-ol, 3,7,11,15-tetramethyl-, 1-dihydrogen phosphate, ( 2E,6E,10E )- // 2,6,10,14-Hexadecatetraen-1-ol, 3,7,11,15-tetramethyl-, dihydrogen phosphate, ( E,E,E )-	370.2272961219	CC(C)=CCCC(\C)=C/CCC(\C)=C/CCC(\C)=C/COP(=O)([O-])[O-]		VHUBNUSXPIJYSG-QIRCYJPOSA-L									PlantCyc/PMN local PGDB
CPD-11506	CPD-11506	tetraketide 2-pyrone	224.104859002					C12H15O4			plantcyc <https://plantcyc.org/>	hexanoyl triacetic acid lactone // HTAL	224.104859002	CCCCCC(=O)CC1(\OC(=O)/C=C(\C=1)/[O-])		GHURLXDGHMZIGJ-UHFFFAOYSA-M									PlantCyc/PMN local PGDB
GALACTOSE-1P	GALACTOSE-1P	alpha-D-galactose 1-phosphate	260.0297185262					C6H11O9P			plantcyc <https://plantcyc.org/>	alpha-D-Gal-1-P // alpha-D-galactopyranose 1-phosphate // galactose-1-P // D-galactose-1-phosphate	260.0297185262	C(O)[C@H]1(O[C@H](OP(=O)([O-])[O-])[C@H](O)[C@@H](O)[C@@H](O)1)		HXXFSFRBOHSIMQ-FPRJBGLDSA-L									PlantCyc/PMN local PGDB
CPD-14501	CPD-14501	steviol	318.2194948293					C20H29O3			plantcyc <https://plantcyc.org/>	hydroxydehydrostevic acid // kaur-16-en-18-oic acid // (14alpha)-13-hydroxykaur-16-en-18-oic-acid	318.2194948293	C=C1(C[C@@]24(C[C@@]1(O)CC[C@@H]([C@]3(C)(CCC[C@](C([O-])=O)(C)[C@@H](CC2)3))4))		QFVOYBUQQBFCRH-VQSWZGCSSA-M									PlantCyc/PMN local PGDB
CPD-10750	CPD-10750	UDP-2-acetamido-2,6-dideoxy-beta-L- arabino -hex-4-ulose	589.0710047917					C17H23N3O16P2			plantcyc <https://plantcyc.org/>	UDP-2-acetamido-2,6-dideoxy-beta-L- arabino -4-hexulose	589.0710047917	C[C@H]3(C([C@@H]([C@H]([C@@H](OP(OP(OC[C@@H]2([C@H]([C@H]([C@H](N1(\C=C/C(=O)NC1=O))O2)O)O))(=O)[O-])(=O)[O-])O3)NC(C)=O)O)=O)		XBILTLYIKDPORV-QEEJMIEASA-L									PlantCyc/PMN local PGDB
UDP-SULFOQUINOVOSE	UDP-SULFOQUINOVOSE	UDP-alpha-D-sulfoquinovopyranose	630.0169203107					C15H21N2O19P2S			plantcyc <https://plantcyc.org/>	UDP-6-sulfoquinovose // UDP-sulfoquinovose // UDP-alpha-D-sulfoquinovose	630.0169203107	C(OP(=O)([O-])OP(O[C@H]1(O[C@H](CS(=O)(=O)[O-])[C@@H](O)[C@H](O)[C@@H](O)1))(=O)[O-])[C@@H]3([C@H]([C@H]([C@H](N2(\C=C/C(=O)NC2=O))O3)O)O)		FQANCGQCBCUSMI-JZMIEXBBSA-K									PlantCyc/PMN local PGDB
CPD0-1137	CPD0-1137	P 1 , P 5 - bis (5'-adenosyl) pentaphosphate	916.0145952191					C20H24N10O22P5			plantcyc <https://plantcyc.org/>	5',5'''-diadenosine pentaphosphate // bis (5'-adenosyl) pentaphosphate // P(1),P(5)-di(adenosine-5'-)pentaphosphate // Ap 5 A // P 1 , P 5 -di(adenosine-5')-pentaphosphate	916.0145952191	C(OP(=O)([O-])OP(=O)([O-])OP(=O)([O-])OP(=O)([O-])OP(=O)([O-])OC[C@H]3(O[C@@H](N1(C2(\C(\N=C/1)=C(N)/N=C\N=2)))[C@H](O)[C@H](O)3))[C@H]6(O[C@@H](N4(C5(\C(\N=C/4)=C(N)/N=C\N=5)))[C@H](O)[C@H](O)6)		OIMACDRJUANHTJ-XPWFQUROSA-I									PlantCyc/PMN local PGDB
CPD0-1036	CPD0-1036	acivicin	178.0145198114					C5H7N2O3CL			plantcyc <https://plantcyc.org/>		178.0145198114	C1(CC(O/N=1)C(C([O-])=O)[NH3+])Cl		QAWIHIJWNYOLBE-UHFFFAOYSA-N									PlantCyc/PMN local PGDB
CPD-9926	CPD-9926	BPH-652	499.9265557683					C16H16O7PSK3			plantcyc <https://plantcyc.org/>		499.9265557683	C(S(=O)(=O)O[K])(P(O[K])(O[K])=O)CCCC1(\C=C(\C=C/C=1)\OC2(\C=C/C=C\C=2))		DRADVLDMPYYQDB-UHFFFAOYSA-K									PlantCyc/PMN local PGDB
CPD-7619	CPD-7619	heptanoate	130.0993796936					C7H13O2			plantcyc <https://plantcyc.org/>	heptanoic acid // enanthic acid // oenanthylic acid	130.0993796936	CCCCCCC(=O)[O-]		MNWFXJYAOYHMED-UHFFFAOYSA-M									PlantCyc/PMN local PGDB
CPD-12387	CPD-12387	( Z )-1-(glutathion- S -yl)- N -hydroxy-2-(1 H -indol-3-yl)ethan-1-imine	479.1474688732					C20H24N5O7S			plantcyc <https://plantcyc.org/>		479.1474688732	C1(\NC2(/C=C\C=C/C(/C(\CC(\SC[C@@H](C(NCC([O-])=O)=O)NC(=O)CC[C@H]([NH3+])C([O-])=O)=N\O)=1)=2))		RAKAOQJZHXOSHL-FXOIQJHLSA-M									PlantCyc/PMN local PGDB
CPD-431	CPD-431	apigenin	270.0528234315					C15H9O5			plantcyc <https://plantcyc.org/>	4',5,7-trihydroxyflavone	270.0528234315	C3(/C=C(\C=C/C(/C1(/OC2(/C=C(/C=C(C(\C(=O)\C=1)=2)/O)/[O-])))=3)/O)		KZNIFHPLKGYRTM-UHFFFAOYSA-M									PlantCyc/PMN local PGDB
CPD-448	CPD-448	beta-D-glucopyranose 1-phosphate	260.0297185262					C6H11O9P			plantcyc <https://plantcyc.org/>	beta-D-glucose 1-phosphate	260.0297185262	C(O)[C@H]1(O[C@H]([C@@H]([C@H]([C@@H]1O)O)O)OP([O-])([O-])=O)		HXXFSFRBOHSIMQ-DVKNGEFBSA-L									PlantCyc/PMN local PGDB
DIISOPROPYL-FLUOROPHOSPHATE	DIISOPROPYL-FLUOROPHOSPHATE	diisopropyl fluorophosphate	184.0664590257					C6H14O3PF			plantcyc <https://plantcyc.org/>		184.0664590257	CC(C)OP(=O)(F)OC(C)C		MUCZHBLJLSDCSD-UHFFFAOYSA-N									PlantCyc/PMN local PGDB
CPD0-1675	CPD0-1675	butyrylcholine	175.1572289235					C9H20NO2			plantcyc <https://plantcyc.org/>		175.1572289235	CCCC(=O)OCC[N+](C)(C)C		YRIBGSCJIMXMPJ-UHFFFAOYSA-N									PlantCyc/PMN local PGDB
N1-ACETYLSPERMINE	N1-ACETYLSPERMINE	N 1 -acetylspermine	244.2263115417					C12H31N4O			plantcyc <https://plantcyc.org/>		244.2263115417	CC(=O)NCCC[NH2+]CCCC[NH2+]CCC[NH3+]		GUNURVWAJRRUAV-UHFFFAOYSA-Q									PlantCyc/PMN local PGDB
CPD0-1251	CPD0-1251	dihydrohomopteroate	328.1283884111					C15H15N6O3			plantcyc <https://plantcyc.org/>	dihydrohomopteroic acid // 7,8-dihydrohomopteroic acid	328.1283884111	C(NC1(\C=C/C(/C(=O)[O-])=C\C=1))CC2(\CNC3(NC(/N)=N/C(=O)C(\N=2)=3))		KCMJLKPNBXLNNJ-UHFFFAOYSA-M									PlantCyc/PMN local PGDB
TDP	TDP	dTDP	402.0229323871					C10H13N2O11P2			plantcyc <https://plantcyc.org/>	TDP // thymidine 5'-(trihydrogen diphosphate) (9CI) // deoxy-TDP // thymidine-5'-diphosphate // thymidine-diphosphate	402.0229323871	CC1(\C(=O)NC(=O)N(\C=1)[C@H]2(C[C@H](O)[C@@H](COP(=O)([O-])OP(=O)([O-])[O-])O2))		UJLXYODCHAELLY-XLPZGREQSA-K									PlantCyc/PMN local PGDB
2-OXINDOLE-3-ACETYL-ASP	2-OXINDOLE-3-ACETYL-ASP	(2-oxindol-3-yl)acetyl-L-aspartate	306.0851861924					C14H12N2O6			plantcyc <https://plantcyc.org/>	2-oxindole-3-acetyl-aspartic acid // 2-oxindole-3-acetyl-asp	306.0851861924	C(CC1(C(=O)NC2(\C\1=C/C=C\C=2)))(N[C@H](C(=O)[O-])CC([O-])=O)=O		SDOOMIWSQMGJCL-HTLJXXAVSA-L									PlantCyc/PMN local PGDB
CPD-10320	CPD-10320	vernolate	296.2351448935					C18H31O3			plantcyc <https://plantcyc.org/>	cis-12,13-Epoxy-cis-9-octadecenoic acid // (9Z)-(12S,13R)-12,13-Epoxyoctadecenoic acid // vernolic acid	296.2351448935	CCCCCC1(OC(C\C=C/CCCCCCCC(=O)[O-])1)											PlantCyc/PMN local PGDB
GLUCONATE	GLUCONATE	D-gluconate	196.0583027399					C6H11O7			plantcyc <https://plantcyc.org/>	D-gluconic acid // dextronic acid // maltonic acid	196.0583027399	C(O)[C@@H](O)[C@@H](O)[C@H](O)[C@@H](O)C(=O)[O-]		RGHNJXZEOKUKBD-SQOUGZDYSA-M									PlantCyc/PMN local PGDB
CPD-4822	CPD-4822	kanamycin B	483.2540424347					C18H42N5O10			plantcyc <https://plantcyc.org/>	nebramycin factor 5 // bekanamycin // kanamycin-B	483.2540424347	C([NH3+])[C@@H]1([C@@H](O)[C@H](O)[C@@H]([NH3+])[C@H](O1)O[C@@H]2([C@@H]([NH3+])C[C@H]([C@@H]([C@H]2O)O[C@H]3(O[C@H](CO)[C@@H](O)[C@H]([NH3+])[C@@H](O)3))[NH3+]))		SKKLOUVUUNMCJE-FQSMHNGLSA-S									PlantCyc/PMN local PGDB
CPD-21439	CPD-21439	30-oxoobtusifoliol	440.365430785					C30H48O2			plantcyc <https://plantcyc.org/>		440.365430785	CC(C)C(CC[C@@H](C)[C@H]2(CC[C@@]3(C=O)(C4(\CC[C@H]1([C@H](C)[C@@H](O)CC[C@@](C)1C(\CC[C@](C)23)=4)))))=C		JWTDVNSFHBUKTK-OKTBDYBISA-N									PlantCyc/PMN local PGDB
CPD-157	CPD-157	(2 Z ,4 E )-2-hydroxy-6-oxonona-2,4-diene-1,9-dioate	214.0477380536					C9H8O6			plantcyc <https://plantcyc.org/>	(2 Z ,4 E )-2-hydroxy-6-oxo-nona-2,4-diene 1,9-dicarboxylate // (2 Z ,4 E )-2-hydroxy-6-ketononadienedioic acid // (2 Z ,4 E )-2-hydroxy-6-ketononadienedicarboxylate // (2 Z ,4 E )-2-hydroxy-6-ketonona-2,4-dienedioate // (2 Z ,4 E )-2-hydroxy-6-oxonona-2,4-dienedioate	214.0477380536	C([O-])(=O)CCC(=O)/C=C/C=C(C([O-])=O)\O		RFENOVFRMPRRJI-YDCWOTKKSA-L									PlantCyc/PMN local PGDB
CPD-15024	CPD-15024	quercetin 3- O -gentiobioside-7- O -rhamnoside	772.2062083481					C33H40O21			plantcyc <https://plantcyc.org/>	quercetin 3- O -[glucopyranosyl(1->6)glucopyranoside]-7- O -rhamnopyranoside // quercetin 3- O -glucosyl(1->6)glucoside-7- O -rhamnoside	772.2062083481	C[C@@H]6(O[C@H](OC5(\C=C4(C(\C(=O)C(/O[C@@H]1(O[C@@H]([C@H]([C@@H]([C@H]1O)O)O)CO[C@H]2([C@@H]([C@H]([C@@H]([C@H](O2)CO)O)O)O)))=C(C3(\C=C/C(/O)=C(/C=3)/O))\O4)=C(/C=5)\O)))[C@@H]([C@@H]([C@H]6O)O)O)		UVTUVMGAQABOCL-YQJBXTIASA-N									PlantCyc/PMN local PGDB
CPD-24938	CPD-24938	alpha-L-ribulofuranose	150.0528234315					C5H10O5			plantcyc <https://plantcyc.org/>		150.0528234315	C(O)[C@]1(O)([C@@H](O)[C@@H](O)CO1)		LQXVFWRQNMEDEE-VAYJURFESA-N									PlantCyc/PMN local PGDB
CPD1F-4	CPD1F-4	(3 S ,5 R ,6 R )-3,5-dihydroxy-6,7-didehydro-5,6-dihydro-12'-apo-beta-caroten-12'-al	382.2507949577					C25H34O3			plantcyc <https://plantcyc.org/>	C25-allenic-apo-aldehyde	382.2507949577	CC(/C=C/C=C(C)/C=C=C1([C@@](O)(C)CC(O)CC(C)(C)1))=C\C=C\C=C(C)\C=O		MFDUGTOOXGORRX-ORGLZDQCSA-N									PlantCyc/PMN local PGDB
CPD-22658	CPD-22658	arsenic triglutathione	993.1495392554					C30H45N9O18S3AS			plantcyc <https://plantcyc.org/>	ATG III // As(SG) 3	993.1495392554	C(NC([C@@H](NC(=O)CC[C@H]([NH3+])C([O-])=O)CS[As](SC[C@H](NC(=O)CC[C@H]([NH3+])C(=O)[O-])C(NCC([O-])=O)=O)SC[C@H](NC(=O)CC[C@H]([NH3+])C(=O)[O-])C(NCC([O-])=O)=O)=O)C([O-])=O		UXNWJLSRLNSHSI-QQCJEOGWSA-K									PlantCyc/PMN local PGDB
5Z13E-15S-1115-DIHYDROXY-9-OXOPROS	5Z13E-15S-1115-DIHYDROXY-9-OXOPROS	prostaglandin E 2	352.2249741377					C20H31O5			plantcyc <https://plantcyc.org/>	prostglandin E 2 // (5 Z ,13 E )-(15 S )-11,15-dihydroxy-9-oxoprosta-5,13-dienoate // PGE2 // prostglandin E2 // (5Z,13E)-(15S)-11alpha,15-dihydroxy-9-oxoprosta-5,13-dienoate // (5Z,13E)-(15S)-11alpha15-Dihydroxy-9-oxoprost-13-enoate // dinoprostone	352.2249741377	CCCCC[C@H](O)/C=C/[C@@H]1([C@@H](C\C=C/CCCC(=O)[O-])C(=O)C[C@@H](O)1)		XEYBRNLFEZDVAW-ARSRFYASSA-M									PlantCyc/PMN local PGDB
SHIKIMATE-5P	SHIKIMATE-5P	shikimate 3-phosphate	254.0191538399					C7H8O8P			plantcyc <https://plantcyc.org/>	shikimate 5-phosphate // shikimate-5-P // 3-phosphoshikimate // shikimate-3-P	254.0191538399	C(=O)([O-])C1(\C[C@@H](O)[C@H](O)[C@H](OP(=O)([O-])[O-])/C=1)		QYOJSKGCWNAKGW-PBXRRBTRSA-K									PlantCyc/PMN local PGDB
CPD-10608	CPD-10608	trans -dienelactone	140.0109586168					C6H3O4			plantcyc <https://plantcyc.org/>	2- trans -dienelactone // trans -4-carboxymethylenebut-2-en-1,4-olide	140.0109586168	C1(\C(\OC(=O)\C=1)=C/C(=O)[O-])		AYFXPGXAZMFWNH-ONEGZZNKSA-M									PlantCyc/PMN local PGDB
CPD-19775	CPD-19775	ferroheme i	856.3862277794					C49H56N4O6FE			plantcyc <https://plantcyc.org/>		856.3862277794	C=CC4(\C6(/C=C8(C(/C)=C(CCC(=O)[O-])/C1(/N([Fe-2]35([N+]2(\C(/C(/CO)=C(CCC(=O)[O-])\C(/C=1)=2)=C/C7(/N3C(\C=C(C(/C)=4)/[N+]\5=6)=C(C(/C)=7)/[C@@H](O)CC/C=C(C)/CC/C=C(C)/CCC=C(C)C))))8))))		DUDFUCVGSNDDBK-PRYGPKJJSA-J									PlantCyc/PMN local PGDB
ALPHA11-ALPHA-EPOXY-15-HYDROXYTHROMBA	ALPHA11-ALPHA-EPOXY-15-HYDROXYTHROMBA	thromboxane A 2	352.2249741377					C20H31O5			plantcyc <https://plantcyc.org/>	(5Z,13E)-(15S)-9alpha,11alpha-epoxy-15-hydroxythromboxa-5,13-dienoate // (5Z, 9alpha,11 alpha,13E,15S)-9,11-epoxy-15-hydroxythromboxa- 5,13-dien-1-oic acid // TXA 2	352.2249741377	CCCCC[C@H](O)/C=C/[C@H]2(O[C@H]1(C[C@H](O1)[C@H](C\C=C/CCCC(=O)[O-])2))		DSNBHJFQCNUKMA-SCKDECHMSA-M									PlantCyc/PMN local PGDB
CPD-22132	CPD-22132	31-norcycloartanone	412.3705161629					C29H48O			plantcyc <https://plantcyc.org/>	(9beta)-4beta-demethyl-9,19-cyclolanost-3-one	412.3705161629	CC(C)CCC[C@@H](C)[C@H]3(CC[C@@]4(C)([C@@H]1(CC[C@H]5([C@H](C)C(=O)CC[C@@]2(C[C@@]12CC[C@](C)34)5))))		MCZKAQHKWYEXEU-XJXRDSNCSA-N									PlantCyc/PMN local PGDB
UDP-D-GALACTURONATE	UDP-D-GALACTURONATE	UDP-alpha-D-galacturonate	580.0342849344					C15H19N2O18P2			plantcyc <https://plantcyc.org/>		580.0342849344	C(OP(=O)([O-])OP(O[C@H]1(O[C@H](C([O-])=O)[C@H](O)[C@H](O)[C@@H](O)1))(=O)[O-])[C@@H]3([C@H]([C@H]([C@H](N2(\C=C/C(=O)NC2=O))O3)O)O)		HDYANYHVCAPMJV-GXNRKQDOSA-K									PlantCyc/PMN local PGDB
CPD-17624	CPD-17624	&omega;-carboxy-(9 Z )-octadec-9-enoyl-CoA	1061.3347031949					C39H61N7O19P3S			plantcyc <https://plantcyc.org/>	18-carboxyl oleoyl-CoA	1061.3347031949	CC(C)([C@@H](O)C(=O)NCCC(=O)NCCSC(=O)CCCCCCC\C=C/CCCCCCCC(=O)[O-])COP(=O)(OP(=O)(OC[C@@H]1([C@@H](OP([O-])(=O)[O-])[C@@H](O)[C@@H](O1)N2(C3(\N=C/N=C(C(\N=C/2)=3)/N))))[O-])[O-]		IISWKVFHQLAOMW-BTFUZUOASA-I									PlantCyc/PMN local PGDB
CPD-12865	CPD-12865	4alpha-hydroxymethyl,4beta,14alpha-dimethyl-9beta,19-cyclo-5alpha-ergost-24(24 1 )-en-3beta-ol	456.3967309134					C31H52O2			plantcyc <https://plantcyc.org/>		456.3967309134	CC(C)C(CC[C@@H](C)[C@H]3(CC[C@@]4(C)([C@@H]1(CC[C@H]5([C@@](CO)(C)[C@@H](O)CC[C@@]2(C[C@@]12CC[C@](C)34)5)))))=C		FQXKPPBUTHZNET-NIGXAPAPSA-N									PlantCyc/PMN local PGDB
DIHYDROPTERIN-CH2OH-PP	DIHYDROPTERIN-CH2OH-PP	(7,8-dihydropterin-6-yl)methyl diphosphate	355.0082853759					C7H8N5O8P2			plantcyc <https://plantcyc.org/>	6-hydroxymethyl-dihydropterin pyrophosphate // 6-hydroxymethyl-dihydropterin diphosphate // 6-hydroxymethyl-7,8-dihydropterin diphosphate	355.0082853759	C1(C(/COP(=O)([O-])OP(=O)([O-])[O-])=N\C2(/C(=O)NC(/N)=N/C(\N1)=2))		FCQGJGLSOWZZON-UHFFFAOYSA-K									PlantCyc/PMN local PGDB
CPD-20264	CPD-20264	8-[(2S)-2-amino-2-carboxylatoethyl]-5-hydroxy-2H-1,4-benzothiazine-3-carboxylate	296.0466921961					C12H11N2O5S			plantcyc <https://plantcyc.org/>		296.0466921961	C1(SC2(\C(\N=C(C([O-])=O)/1)=C(\C=C/C(\C[C@@H](C(=O)[O-])[NH3+])=2)\O))		RQBIFHFSVGODDD-LURJTMIESA-M									PlantCyc/PMN local PGDB
CPD-14036	CPD-14036	N -hydroxyhexahomomethioniate	249.1398642998					C11H22NO3S			plantcyc <https://plantcyc.org/>		249.1398642998	CSCCCCCCCC[C@H](NO)C(=O)[O-]		YUVSLMOWLXLZEG-JTQLQIEISA-M									PlantCyc/PMN local PGDB
PHTYOSPHINGOSINE-1-P	PHTYOSPHINGOSINE-1-P	phytosphingosine (C18) 1-phosphate	397.2593245318					C18H39NO6P			plantcyc <https://plantcyc.org/>	(2S,3S,4R)-2-ammonio-3,4-dihydroxyoctadecyl phosphate	397.2593245318	CCCCCCCCCCCCCC[C@@H](O)[C@H]([C@H](COP([O-])(=O)[O-])[NH3+])O		AYGOSKULTISFCW-KSZLIROESA-M									PlantCyc/PMN local PGDB
CPD0-1162	CPD0-1162	(2 E ,5 Z )-tetradec-2,5-enoyl-CoA	973.2822736939					C35H54N7O17P3S			plantcyc <https://plantcyc.org/>	2-trans,5-cis-tetradecenoyl-CoA // 14:2-&Delta;2,&Delta;5-CoA // 2- trans ,5- cis -tetradecadienoyl-CoA	973.2822736939	CCCCCCCC\C=C/C/C=C/C(SCCNC(=O)CCNC(=O)[C@H](O)C(C)(C)COP(=O)(OP(=O)(OC[C@@H]1([C@@H](OP([O-])(=O)[O-])[C@@H](O)[C@@H](O1)N2(C3(\N=C/N=C(C(\N=C/2)=3)/N))))[O-])[O-])=O		JVEFYXPCQBMMAA-ZMLWRGBOSA-J									PlantCyc/PMN local PGDB
UDP-APIOSE	UDP-APIOSE	UDP-D-apiose	536.0444556902					C14H20N2O16P2			plantcyc <https://plantcyc.org/>		536.0444556902	C(OP(=O)([O-])OP(O[C@H]1(OC[C@](O)(CO)[C@@H](O)1))(=O)[O-])[C@@H]3([C@H]([C@H]([C@H](N2(\C=C/C(=O)NC2=O))O3)O)O)		SYVORCSTSYHSPN-UXAZDEAISA-L									PlantCyc/PMN local PGDB
CPD-18120	CPD-18120	caffealdehyde	164.0473441231					C9H8O3			plantcyc <https://plantcyc.org/>	3,4-dihydroxycinnamaldehyde // caffeic aldehyde	164.0473441231	C(=O)/C=C/C1(/C=C(C(/O)=C\C=1)/O)		AXMVYSVVTMKQSL-OWOJBTEDSA-N									PlantCyc/PMN local PGDB
CPD-2185	CPD-2185	1-linoleoyl-2-(3E)-hexadecenoyl-phosphatidylglycerol	744.4941350743					C40H72O10P			plantcyc <https://plantcyc.org/>	18:2-t16:1-PG // 1-(9Z,12Z-octadecadienoyl)-2-(3E-hexadecenoyl)-sn-glycero-3-phospho-(1'-sn-glycerol) // 1-18:2-2-trans-16:1-phosphatidylglycerol	744.4941350743	CCCCC\C=C/C\C=C/CCCCCCCC(=O)OC[C@@H](OC(=O)C/C=C/CCCCCCCCCCCC)COP(=O)([O-])OC[C@H](CO)O		QKKVMRCIRQQMDU-LUGIZMLVSA-M									PlantCyc/PMN local PGDB
CPD-8178	CPD-8178	pheophytin b	884.5451860646					C55H72N4O6			plantcyc <https://plantcyc.org/>	phaeophytin b	884.5451860646	C=CC4(\C(/C)=C3(\C=C6([C@@H](C)[C@H](CCC(=O)OC/C=C(C)/CCC[C@H](C)CCC[C@H](C)CCCC(C)C)C(/C5(\[C@@H](C(OC)=O)C(=O)C1(\C(\NC(/C(\C)=1)=C/C2(/C(\CC)=C(C(\N=2)=C\C(\N3)=4)/C=O))=5)))=N\6)))		ZQGOYEJYAYJFTL-LCEKIETQSA-N									PlantCyc/PMN local PGDB
3-METHYL-CROTONYL-COA	3-METHYL-CROTONYL-COA	3-methylcrotonyl-CoA	849.1570731803					C26H38N7O17P3S			plantcyc <https://plantcyc.org/>	beta-methylcrotonoyl-CoA // 3-methylbut-2-enoyl-CoA // 3-methyl-2-butenoyl-CoA	849.1570731803	CC(C)=CC(=O)SCCNC(=O)CCNC(=O)[C@H](O)C(C)(C)COP(=O)(OP(=O)(OC[C@@H]1([C@@H](OP([O-])(=O)[O-])[C@@H](O)[C@@H](O1)N2(C3(\N=C/N=C(C(\N=C/2)=3)/N))))[O-])[O-]		BXIPALATIYNHJN-ZMHDXICWSA-J									PlantCyc/PMN local PGDB
CPD-8122	CPD-8122	adenylyl-molybdopterin	724.0648307518					C20H24N10O12P2S2			plantcyc <https://plantcyc.org/>	adenylated molybdopterin // H2Dtpp-mADP // molybdopterin-AMP // molybdopterin adenine mononucleotide	724.0648307518	C(OP(=O)([O-])OP(OC[C@H]2(O[C@H]1(NC3(/N=C(N)\NC(=O)C(/N[C@H]1C(\S)=C2\S)=3))))(=O)[O-])[C@H]6(O[C@@H](N4(C5(\C(\N=C/4)=C(N)/N=C\N=5)))[C@H](O)[C@H](O)6)		XJXFAXLUOKQPAQ-YPRLVJTJSA-L									PlantCyc/PMN local PGDB
CPD-313	CPD-313	propane-1,3-diamine	74.0843983314					C3H12N2			plantcyc <https://plantcyc.org/>	trimethylenediamine // 1,3-propanediamine // 1,3-diaminopropane // 1,3-DAP	74.0843983314	C(CC[NH3+])[NH3+]		XFNJVJPLKCPIBV-UHFFFAOYSA-P									PlantCyc/PMN local PGDB
CPDQT-288	CPDQT-288	6-(methylsulfinyl)hexyl-glucosinolate	465.0797081629					C14H26NO10S3			plantcyc <https://plantcyc.org/>	glucohesperin // 1-thio-1-[7-(methylsulfinyl)-N-(sulfooxy)heptanimidate]-beta-D-glucopyranose // glucoalissin	465.0797081629	CS(=O)CCCCCCC(\S[C@@H]1(O[C@H](CO)[C@@H](O)[C@H](O)[C@@H](O)1))=N\OS(=O)(=O)[O-]		OOGAQHVYHLPICD-YFJRXZMFSA-M									PlantCyc/PMN local PGDB
CPD0-1594	CPD0-1594	2,4-diamino-6-ethyl-5,3'-(2-trifluoromethyl-4-sulphonamidophenoxy)prop-1'-yloxypyrimidine	435.1188094464					C16H20N5O4SF3			plantcyc <https://plantcyc.org/>		435.1188094464	CCC2(\C(\OCCCOC1(\C(\C(F)(F)F)=C/C(/S(=O)(=O)N)=C\C=1))=C(N)/N=C(N)\N=2)		YPZHSOSGSVUVIV-UHFFFAOYSA-N									PlantCyc/PMN local PGDB
CPD-9864	CPD-9864	4-hydroxy-3-decaprenylbenzoate	818.6576966269					C57H85O3			plantcyc <https://plantcyc.org/>	3-decaprenyl-4-hydroxybenzoate	818.6576966269	CC(C)=CCCC(\C)=C/CCC(\C)=C/CCC(\C)=C/CCC(\C)=C/CCC(\C)=C/CCC(\C)=C/CCC(\C)=C/CCC(\C)=C/CCC(\C)=C/CC1(/C=C(\C=C/C(/O)=1)/C(=O)[O-])		CMPNJZREBHCPHN-LTNIBBDRSA-M									PlantCyc/PMN local PGDB
CPD-13228	CPD-13228	( E )-2-pentenal	84.0575148789					C5H8O			plantcyc <https://plantcyc.org/>	trans -2-pentenal // ( E )-3-ethylacrolein // ( E )-3-ethyl-2-propenal // ( E )-2-penten-1-al // (E)-pent-2-en-1-al	84.0575148789	CC/C=C/C=O		DTCCTIQRPGSLPT-ONEGZZNKSA-N									PlantCyc/PMN local PGDB
CPD1F-136	CPD1F-136	ent -7alpha-hydroxykaur-16-en-19-oate	318.2194948293					C20H29O3			plantcyc <https://plantcyc.org/>	ent-7-alpha-hydroxykaurenoate // ent-7-alpha-hydroxykaurenoic acid // 7-hydroxy-kaurenoic acid	318.2194948293	C=C1([C@@H]4(CC[C@@H]3([C@@](C1)([C@@H](O)C[C@@H]2([C@@](C([O-])=O)(C)CCC[C@](C)23))C4)))		KMLXVEXJZSTMBV-YDIYEOSVSA-M									PlantCyc/PMN local PGDB
CPD-11524	CPD-11524	3-oxo-2-(cis-2'-pentenyl)-cyclopentane-1-(3-oxohexanoyl)-CoA	1029.2721029381					C37H54N7O19P3S			plantcyc <https://plantcyc.org/>	OPC6-3-ketoacyl-CoA	1029.2721029381	CC\C=C/C[C@H]1([C@H](CCC(=O)1)CCCC(=O)CC(SCCNC(=O)CCNC(=O)[C@H](O)C(C)(C)COP(=O)(OP(=O)(OC[C@@H]2([C@@H](OP([O-])(=O)[O-])[C@@H](O)[C@@H](O2)N3(C4(\N=C/N=C(C(\N=C/3)=4)/N))))[O-])[O-])=O)		ADGIRVMSHGGGHU-AZVXSVFWSA-J									PlantCyc/PMN local PGDB
CPDQT-408	CPDQT-408	( Z )-1-(L-cystein- S -yl)- N -hydroxy-&omega;-(methylsulfanyl)heptan-1-imine	294.1071839629					C11H22N2O3S2			plantcyc <https://plantcyc.org/>		294.1071839629	CSCCCCCCC(\SC[C@H]([NH3+])C([O-])=O)=N\O		GZRUEMAXFZIEER-FWSONLODSA-N									PlantCyc/PMN local PGDB
CPD-7496	CPD-7496	prolycopene	536.4382017976					C40H56			plantcyc <https://plantcyc.org/>	7,9,7',9'-tetra- cis -lycopene // 9,9'-di- cis -&zeta;-carotene // 7,9,7',9'- tetracis -lycopene	536.4382017976	CC(C)=CCCC(\C)=C/C=C\C(/C)=C/C=C/C(\C)=C/C=C/C=C(C)/C=C/C=C(C)\C=C/C=C(C)/CCC=C(C)C		OAIJSZIZWZSQBC-BYUNHUQQSA-N									PlantCyc/PMN local PGDB
CYCLOEUCALENOL	CYCLOEUCALENOL	cycloeucalenol	426.3861662271					C30H50O			plantcyc <https://plantcyc.org/>		426.3861662271	CC(C)C(CC[C@@H](C)[C@H]3(CC[C@@]4(C)([C@@H]1(CC[C@H]5([C@H](C)[C@@H](O)CC[C@@]2(C[C@@]12CC[C@](C)34)5)))))=C		HUNLTIZKNQDZEI-PGFZVWMDSA-N									PlantCyc/PMN local PGDB
CPDQT-434	CPDQT-434	indol-3-ylmethylisothiocyanate-glutathione	495.1246249411					C20H24N5O6S2			plantcyc <https://plantcyc.org/>		495.1246249411	C(NC(SC[C@@H](C(NCC([O-])=O)=O)NC(=O)CC[C@H]([NH3+])C([O-])=O)=S)C1(\C2(/C=C\C=C/C(/N/C=1)=2))		WJEGHYZNKDEWFC-ZFWWWQNUSA-M									PlantCyc/PMN local PGDB
CPD-13092	CPD-13092	12,13-DiHODE	312.2300595156					C18H31O4			plantcyc <https://plantcyc.org/>	(9Z,15Z)-12,13-dihydroxyoctadeca-9,15-dienoic acid // (9Z,15Z)-12,13-dihydroxyoctadecadienoate // (9Z,15Z)-12,13-dihydroxyoctadeca-9,15-dienoate	312.2300595156	CC\C=C/CC(O)C(O)C\C=C/CCCCCCCC(=O)[O-]		RGRKFKRAFZJQMS-OOHFSOINSA-M									PlantCyc/PMN local PGDB
SINAPOYL-S-MALATE	SINAPOYL-S-MALATE	sinapoyl-(S)-malate	340.0794321125					C15H14O9			plantcyc <https://plantcyc.org/>		340.0794321125	COC1(\C(\OC(=O)[C@@H](O)CC(=O)[O-])=C(C=C(/C=C/C(=O)[O-])/C=1)\OC)		SVOZVFTXNDIEBH-NWALNABHSA-L									PlantCyc/PMN local PGDB
CPD-12821	CPD-12821	phosphatidylglycerolphosphate (1,2-di-palmitoyl)	802.4761155469					C38H73O13P2			plantcyc <https://plantcyc.org/>	phosphatidylglycerophosphate (dihexadecanoyl, n-C16:0) // 1,2-dipalmitoyl-phosphatidylglycerol-phosphate	802.4761155469	CCCCCCCCCCCCCCCC(=O)OC[C@H](COP(OC[C@@H](O)COP(=O)([O-])[O-])([O-])=O)OC(=O)CCCCCCCCCCCCCCC		ONJBJMDJKLHMEK-MPQUPPDSSA-K									PlantCyc/PMN local PGDB
CPD-14048	CPD-14048	N , N -dihydroxy-L-dihomomethionine	209.0721786651					C7H14NO4S			plantcyc <https://plantcyc.org/>		209.0721786651	CSCCCC[C@H](N(O)O)C(=O)[O-]		QUWOJKUKIVDGKY-LURJTMIESA-M									PlantCyc/PMN local PGDB
HYDROXYMUCONATE-SALD	HYDROXYMUCONATE-SALD	(2Z,4E)-2-hydroxy-6-oxohexa-2,4-dienoate	142.026608681					C6H5O4			plantcyc <https://plantcyc.org/>	2-hydroxymuconate-6-semialdehyde // 2-hydroxymuconic semialdehyde // 2-hydroxymuconate semialdehyde	142.026608681	C(=O)/C=C/C=C(C(=O)[O-])\O		KGLCZTRXNNGESL-WFTYEQLWSA-M									PlantCyc/PMN local PGDB
CPD-11259	CPD-11259	(+)-7- epi -jasmonoyl-L-isoleucine	323.2096584245					C18H28NO4			plantcyc <https://plantcyc.org/>	(+)-7-iso-JA-L-Ile // (+)-7- iso -jasmonate-L-isoleucine // (+)-7- iso -jasmonic acid-L-isoleucine // (+)-7- iso -jasmonic acid-L-isoleucine conjugate // (+)-7- iso -jasmonyl-L-isoleucine // N-[(3R,7S)-(+)-7-iso-Jasmonoyl]-(S)-isoleucine // (3R,7S)-JA-L-Ile // (+)-7- iso -jasmonoyl-L-isoleucine	323.2096584245	CC\C=C/C[C@@H]1(C(=O)CC[C@@H]1CC(N[C@@H]([C@@H](C)CC)C([O-])=O)=O)		IBZYPBGPOGJMBF-QPERPISQSA-M									PlantCyc/PMN local PGDB
CPD1F-140	CPD1F-140	gibberellin A 20	332.1623738809					C19H23O5			plantcyc <https://plantcyc.org/>	GA20	332.1623738809	C=C1([C@@]3(O)(C[C@]4(C1)([C@H]([C@@H]5([C@]2(C(=O)O[C@](CCC2)([C@@H](CC3)4)5)(C)))C([O-])=O)))		OXFPYCSNYOFUCH-AODVQFRNSA-M									PlantCyc/PMN local PGDB
PROSTAGLANDIN-H2	PROSTAGLANDIN-H2	prostaglandin H 2	352.2249741377					C20H31O5			plantcyc <https://plantcyc.org/>	(5Z, 13E)-(15S)-9alpha,11alpha-epidioxy-15-hydroxyprosta-5,13-dienoate // (5Z,13E)-(15S)-9alpha,11alpha-epidioxy-15-hydroxyprosta-5,13-dienoate // (5Z,9alpha,11alpha,13E,15S)-9,11-epidioxy-15-hydroxy-prosta-5,13-dienoate // PGH2	352.2249741377	CCCCC[C@H](O)/C=C/[C@H]2([C@H]1(C[C@H](OO1)[C@H](C\C=C/CCCC(=O)[O-])2))		YIBNHAJFJUQSRA-YNNPMVKQSA-M									PlantCyc/PMN local PGDB
CPD-9803	CPD-9803	2-hydroxycaffeate	210.0528234315					C10H10O5			plantcyc <https://plantcyc.org/>	2-hydroxy caffeic acid	210.0528234315	C(/C=C/C1(/C(/O)=C\C(\O)=C(\C=1)\OC))(=O)O											PlantCyc/PMN local PGDB
CPD-7063	CPD-7063	red chlorophyll catabolite	626.2740495953					C35H36N4O7			plantcyc <https://plantcyc.org/>	RCC // red bilin // (7S,8S,101R)-8-(2-carboxyethyl)-17-ethyl-19-formyl-101-(methoxycarbonyl)-3,7,13,18-tetramethyl-2-vinyl-8,23-dihydro-7H-10,12-ethanobiladiene-ab-1,102(21H)-dione	626.2740495953	CCC5(\C(/C)=C(C=O)/NC(/C=C1(C(\C)=C2(C(\N1)=C([C-](C(OC)=O)C(=O)2)\C3(/[C@@H](CCC(=O)[O-])[C@H](C)C(\N=3)=C\C4(C(/C)=C(C=C)/C(=O)N4)))))=5)		GVTPYCXGTFQZDT-YSSUGPPCSA-M									PlantCyc/PMN local PGDB
CPD-17640	CPD-17640	18-hydroxystearate	300.2664450219					C18H35O3			plantcyc <https://plantcyc.org/>	18-hydroxyoctadecanoate // 18-hydroxyoctadecanoic acid // 18-hydroxystearic acid	300.2664450219	C(O)CCCCCCCCCCCCCCCCC([O-])=O		VLHZUYUOEGBBJB-UHFFFAOYSA-M									PlantCyc/PMN local PGDB
CPD-17422	CPD-17422	3-dehydro-6-hydroxyteasterone	448.3552600292					C28H48O4			plantcyc <https://plantcyc.org/>		448.3552600292	CC(C)[C@H](C)[C@@H](O)[C@H](O)[C@@H](C)[C@H]3(CC[C@H]4([C@@H]2(C[C@H](O)[C@H]1(CC(=O)CC[C@@](C)1[C@H]2CC[C@](C)34))))		VIPVRXUSPSUXNI-XDMMOTQBSA-N									PlantCyc/PMN local PGDB
N-DELTA-PHOSPHONOACETYL-L-ORNITHINE	N-DELTA-PHOSPHONOACETYL-L-ORNITHINE	N -delta-(phosphonoacetyl)-L-ornithine	254.0667727345					C7H14N2O6P			plantcyc <https://plantcyc.org/>		254.0667727345	C(P(=O)(O)[O-])C(NCCCC([NH3+])C([O-])=O)=O		FCIHAQFHXJOLIF-UHFFFAOYSA-M									PlantCyc/PMN local PGDB
CPD-19490	CPD-19490	3-carboxy-7-(methylsulfanyl)-2-oxoheptanoate	234.0561942499					C9H12O5S			plantcyc <https://plantcyc.org/>	3-carboxy-7-(methylthio)-2-oxoheptanoate	234.0561942499	CSCCCCC(C(=O)C(=O)[O-])C(=O)[O-]		XXJZWLKRFPCKLB-UHFFFAOYSA-L									PlantCyc/PMN local PGDB
3-HYDROXYPROPYL-GLUCOSINOLATE	3-HYDROXYPROPYL-GLUCOSINOLATE	3-hydroxypropyl-glucosinolate	377.0450372161					C10H18NO10S2			plantcyc <https://plantcyc.org/>		377.0450372161	C(O)CCC(\S[C@@H]1(O[C@H](CO)[C@@H](O)[C@H](O)[C@@H](O)1))=N\OS(=O)(=O)[O-]		WIGYSAIZPJAWDF-GLVDENFASA-M									PlantCyc/PMN local PGDB
5-PHOSPHORIBOSYL-N-FORMYLGLYCINEAMIDINE	5-PHOSPHORIBOSYL-N-FORMYLGLYCINEAMIDINE	2-(formamido)-N 1 -(5-phospho-beta-D-ribosyl)acetamidine	313.067501016					C8H15N3O8P			plantcyc <https://plantcyc.org/>	5-phosphoribosyl- N -formylglycineamidine // 5'-phosphoribosyl- N -formyl glycineamidine // 5'-phosphoribosylformylglycinamidine	313.067501016	C(NC=O)C(N[C@H]1([C@H](O)[C@H](O)[C@@H](COP([O-])(=O)[O-])O1))=[NH2+]		PMCOGCVKOAOZQM-XVFCMESISA-M									PlantCyc/PMN local PGDB
GLUTARATE	GLUTARATE	glutarate	132.0422587452					C5H6O4			plantcyc <https://plantcyc.org/>	pentanedioate // glutaric acid	132.0422587452	C(CC([O-])=O)CC(=O)[O-]		JFCQEDHGNNZCLN-UHFFFAOYSA-L									PlantCyc/PMN local PGDB
CPDQT-409	CPDQT-409	( Z )-1-(L-cystein- S -yl)- N -hydroxy-&omega;-(methylsulfanyl)octan-1-imine	308.1228340271					C12H24N2O3S2			plantcyc <https://plantcyc.org/>		308.1228340271	CSCCCCCCCC(\SC[C@H]([NH3+])C([O-])=O)=N\O		WRJULZYRRYOGJO-SFEFGNTJSA-N									PlantCyc/PMN local PGDB
CPDQT-299	CPDQT-299	8-(methylsulfinyl)octyl-glucosinolate	493.1110082913					C16H30NO10S3			plantcyc <https://plantcyc.org/>	glucohirsutin	493.1110082913	CS(=O)CCCCCCCCC(\S[C@@H]1(O[C@H](CO)[C@@H](O)[C@H](O)[C@@H](O)1))=N\OS(=O)(=O)[O-]		GPMDJOOLATZDQL-OTNWBXTQSA-M									PlantCyc/PMN local PGDB
INDOL-YLACETYL-MYO-INOSITOL-ARABINOSIDE	INDOL-YLACETYL-MYO-INOSITOL-ARABINOSIDE	(indol-3-yl)acetyl- myo -inositol L-arabinoside	469.158410715					C21H27NO11			plantcyc <https://plantcyc.org/>		469.158410715	C3(\NC4(/C=C\C=C/C(/C(\CC(=O)O[C@H]2([C@H](O[C@H]1(OC[C@H](O)[C@H](O)[C@@H](O)1))[C@@H](O)[C@H](O)[C@@H](O)[C@@H](O)2))=3)=4))		RSJCNPKYAYZLFB-POJWULBDSA-N									PlantCyc/PMN local PGDB
CPD-13734	CPD-13734	ferroheme a	854.3705777152					C49H54N4O6FE			plantcyc <https://plantcyc.org/>		854.3705777152	C=CC4(\C6(/C=C8(C(/C)=C(CCC(=O)[O-])/C1(/N([Fe-2]35([N+]2(\C(/C(/C=O)=C(CCC(=O)[O-])\C(/C=1)=2)=C/C7(/N3C(\C=C(C(/C)=4)/[N+]\5=6)=C(C(/C)=7)/[C@@H](O)CC/C=C(C)/CC/C=C(C)/CCC=C(C)C))))8))))		ZGGYGTCPXNDTRV-PRYGPKJJSA-J									PlantCyc/PMN local PGDB
LINOLEIC_ACID	LINOLEIC_ACID	linoleate	280.2402302714					C18H31O2			plantcyc <https://plantcyc.org/>	cis,cis-9,12-octadecadienoate // 9-cis,12-cis-octadecadienoate // linoleic acid // 9,12-linoleic acid // (9Z,12Z)-octadeca-9,12-dienoate // cis,cis-9,12-octadecadienoic acid // 9-cis,12-cis-octadecadienoic acid // (9Z,12Z)-octadeca-9,12-dienoic acid // 9,12-octadecadienoic acid (ambiguous)	280.2402302714	CCCCC\C=C/C\C=C/CCCCCCCC([O-])=O		OYHQOLUKZRVURQ-HZJYTTRNSA-M									PlantCyc/PMN local PGDB
CPD-8906	CPD-8906	(-)-pinoresinol	358.1416384388					C20H22O6			plantcyc <https://plantcyc.org/>		358.1416384388	COC1(\C(\O)=C/C=C(/C=1)/[C@@H]4(OC[C@H]3([C@H](C2(\C=C/C(/O)=C(/C=2)/OC))OC[C@H]34)))		HGXBRUKMWQGOIE-NSMLZSOPSA-N									PlantCyc/PMN local PGDB
CPD-12420	CPD-12420	4-benzoyloxybutylglucosinolate	495.0869020308					C18H24NO11S2			plantcyc <https://plantcyc.org/>		495.0869020308	C(OC(C1(\C=C/C=C\C=1))=O)CCCC(\S[C@@H]2(O[C@H](CO)[C@@H](O)[C@H](O)[C@@H](O)2))=N\OS(=O)(=O)[O-]		IEVWTBIZULGLHA-VUPCDYMOSA-M									PlantCyc/PMN local PGDB
CPDQT-411	CPDQT-411	( Z )-&omega;-(methylsulfanyl)pentyl-thiohydroximate	179.0438554246					C6H13NOS2			plantcyc <https://plantcyc.org/>	( Z )- N -hydroxy-5-(methylsulfanyl)pentimidothioate	179.0438554246	CSCCCCC(\S)=N\O		UDHXDZYDFAVOEH-UHFFFAOYSA-N									PlantCyc/PMN local PGDB
34-DIHYDROXYPHENYLPYRUVATE	34-DIHYDROXYPHENYLPYRUVATE	3-(3,4-dihydroxyphenyl)pyruvate	196.0371733673					C9H7O5			plantcyc <https://plantcyc.org/>	3-(3,4-dihydroxyphenyl)-2-oxo-propanoic acid // 3,4-dihydroxyphenylpyruvate	196.0371733673	C(C(CC1(\C=C/C(/O)=C(\C=1)/O))=O)(=O)[O-]		LQQFFJFGLSKYIR-UHFFFAOYSA-M									PlantCyc/PMN local PGDB
IMIDAZOLE_ACETALDEHYDE	IMIDAZOLE_ACETALDEHYDE	imidazole acetaldehyde	110.0480128251					C5H6N2O			plantcyc <https://plantcyc.org/>	(imidazol-4-yl)acetaldehyde	110.0480128251	C(=O)CC1(\N=C/N\C=1)		MQSRGWNVEZRLDK-UHFFFAOYSA-N									PlantCyc/PMN local PGDB
CPD-17646	CPD-17646	2-(2,8-dihydroxytridecyl)-6-oxopyran-4-olate	326.2093240735					C18H29O5			plantcyc <https://plantcyc.org/>		326.2093240735	CCCCCC(O)CCCCCC(O)CC1(\OC(=O)/C=C(\C=1)/[O-])		BRNMYGIMJVYGAY-UHFFFAOYSA-M									PlantCyc/PMN local PGDB
CPD-5743	CPD-5743	thenoyl trifluoro acetone	221.9962346947					C8H4O2SF3			plantcyc <https://plantcyc.org/>	TTFA	221.9962346947	C1(\C=C(C(=O)\C=C(C(F)(F)F)/[O-])/S\C=1)		UGHMGUXSEYFBLC-DAXSKMNVSA-M									PlantCyc/PMN local PGDB
CPD-7062	CPD-7062	pheophorbide b	606.2478348448					C35H33N4O6			plantcyc <https://plantcyc.org/>	pheide b	606.2478348448	C=CC4(\C(/C)=C3(\C=C6([C@@H](C)[C@H](CCC(=O)[O-])C(/C5(\[C@@H](C(OC)=O)C(=O)C1(\C(\NC(/C(\C)=1)=C/C2(/C(\CC)=C(C(\N=2)=C\C(\N3)=4)/C=O))=5)))=N\6)))		PROPHBCDMQAJMH-HSJXTSEBSA-M									PlantCyc/PMN local PGDB
CPD-8164	CPD-8164	1-16:0-2-18:3-digalactosyldiacylglycerol	914.5966720921					C49H86O15			plantcyc <https://plantcyc.org/>	16:0-18:3-DGDG // 1-hexadecanoyl-2-(9Z,12Z,15Z-octadecatrienoyl)-3-O-[alpha-D-galactosyl-(1->6)-O-beta-D-galactosyl]-sn-glycerol	914.5966720921	C(O)C1(OC(C(O)C(O)C1O)OC2(C(CO)OC(C(O)C2O)OC(COC([R1])=O)COC([R2])=O))		WVWINZZVFAFVMJ-HZDSJJKASA-N									PlantCyc/PMN local PGDB
CPD0-1035	CPD0-1035	N 2 -hydroxyguanosine 5'-monophosphate	379.0529135843					C10H12N5O9P			plantcyc <https://plantcyc.org/>	N 2 -hydroxyguanosine 5'-monophosphate // N 2 -OH-GMP	379.0529135843	C(OP(=O)([O-])[O-])[C@H]3(O[C@@H](N1(C2(/N=C(NC(=O)C(\N=C/1)=2)/NO)))[C@H](O)[C@H](O)3)		SSIZKFAFDISVTQ-UUOKFMHZSA-L									PlantCyc/PMN local PGDB
CPD-12085	CPD-12085	(L-cysteinyl)adenylate	450.0722688179					C13H19N6O8PS			plantcyc <https://plantcyc.org/>	L-cysteine-AMP // L-cysteinyl-adenylate	450.0722688179	C(OP(OC(=O)[C@H](CS)[NH3+])(=O)[O-])[C@H]3(O[C@@H](N1(C2(\C(\N=C/1)=C(N)/N=C\N=2)))[C@H](O)[C@H](O)3)		CHQCHJWWSCSGOJ-MACXSXHHSA-N									PlantCyc/PMN local PGDB
CPD-9831	CPD-9831	isoscopoletin	192.0422587452					C10H8O4			plantcyc <https://plantcyc.org/>	7-methoxyesculetin // 7-methyl esculetin // 6-hydroxy-7-methoxycoumarin	192.0422587452	C1(\C=C/C2(/C(/O1)=C\C(\OC)=C(\C=2)\O))(=O)											PlantCyc/PMN local PGDB
CPDQT-280	CPDQT-280	glucoraphanin	437.0484080345					C12H22NO10S3			plantcyc <https://plantcyc.org/>	4-(methylsulfinyl)butyl-glucosinolate	437.0484080345	CS(=O)CCCCC(\S[C@@H]1(O[C@H](CO)[C@@H](O)[C@H](O)[C@@H](O)1))=N\OS(=O)(=O)[O-]		GMMLNKINDDUDCF-BYNGITTOSA-M									PlantCyc/PMN local PGDB
SELENOHOMOCYSTEINE	SELENOHOMOCYSTEINE	seleno-L-homocysteine	182.9798503383					C4H9NO2SE			plantcyc <https://plantcyc.org/>	2-amino-4-selanyl-butanoate	182.9798503383	C(C[SeH])[C@H]([NH3+])C(=O)[O-]		RCWCGLALNCIQNM-VKHMYHEASA-N									PlantCyc/PMN local PGDB
CPD-7714	CPD-7714	shisonin	757.1979893855					C36H36O18			plantcyc <https://plantcyc.org/>		757.1979893855	C(O)[C@@H]1([C@@H](O)[C@H](O)[C@@H](O)[C@@H](O1)OC3(\C4(/C=C(C(C2(\C=C/C(/O)=C(/C=2)/O))=[O+]C(\C=C(/C=3)\[O-])=4)/O[C@@H]6(O[C@H](COC(=O)/C=C/C5(\C=C/C(/O)=C\C=5))[C@@H](O)[C@H](O)[C@@H](O)6))))		YPXWWSJGANMFFQ-AQAMAIGXSA-N									PlantCyc/PMN local PGDB
CPDQT-326	CPDQT-326	28-homobrassinolide	494.3607393376					C29H50O6			plantcyc <https://plantcyc.org/>	B-homo-7-oxastigmastan-6-one, 2,3,22,23-tetrahydroxy-, (2alpha,3alpha,5alpha,22R,23R)-	494.3607393376	CC[C@@H](C(C)C)[C@H]([C@@H]([C@@H](C)[C@H]2(CC[C@H]3([C@@H]4(COC([C@H]1(C[C@@H]([C@@H](C[C@@](C)1[C@@H](CC[C@](C)23)4)O)O))=O))))O)O		HJIKODJJEORHMZ-NNPZUXBVSA-N									PlantCyc/PMN local PGDB
CPD-21178	CPD-21178	6-chloro-2-phenyl-4-sulfanylpyrimidine	222.0018466351					C10H7N2SCL			plantcyc <https://plantcyc.org/>		222.0018466351	C2(S)(\N=C(C1(\C=C/C=C\C=1))/N=C(/C=2)/Cl)		JXMXPKLVNXOVAF-UHFFFAOYSA-N									PlantCyc/PMN local PGDB
3-BENZOYLOXYPROPYL-GLUCOSINOLATE	3-BENZOYLOXYPROPYL-GLUCOSINOLATE	glucomalcommin	481.0712519666					C17H22NO11S2			plantcyc <https://plantcyc.org/>	3-benzoyloxypropyl-glucosinolate	481.0712519666	C(OC(C1(\C=C/C=C\C=1))=O)CCC(\S[C@@H]2(O[C@H](CO)[C@@H](O)[C@H](O)[C@@H](O)2))=N\OS(=O)(=O)[O-]		CGAALQATDWOQFD-LQCFSIINSA-M									PlantCyc/PMN local PGDB
CPD-12117	CPD-12117	demethylmenaquinol-7	636.4906312986					C45H64O2			plantcyc <https://plantcyc.org/>	DMKH2-7	636.4906312986	CC(C)=CCCC(\C)=C/CCC(\C)=C/CCC(\C)=C/CCC(\C)=C/CCC(\C)=C/CCC(\C)=C/CC1(/C=C(C2(/C=C\C=C/C(/C(/O)=1)=2))/O)		UFZDIMBXTVRBDS-SSQLMYNASA-N									PlantCyc/PMN local PGDB
CPD-14081	CPD-14081	nicotine blue	250.0225859356					C10H4N2O6			plantcyc <https://plantcyc.org/>	4,5,4',5'-tetrahydroxy-3,3'-diazadiphenoquinone-(2,2') // (E)-2,2',5,5'-tetrahydroxy-6H,6'H-[3,3'-bipyridinylidene]-6,6'-dione	250.0225859356	C1([O-])(=NC(=O)C(/O)=C\C/1=C2(/C=C(C(=O)/N=C2/[O-])/O))		JUTQRXXDIORLET-ONEGZZNKSA-L									PlantCyc/PMN local PGDB
CPD-13668	CPD-13668	30-hydroxy-beta-amyrin	442.3810808492					C30H50O2			plantcyc <https://plantcyc.org/>		442.3810808492	C[C@]1([C@H](CC[C@@]2(C5([C@@](CCC12)([C@]3(C(/C4([C@@](CC3)(CC[C@@](C4)(CO)C)C))=C/C5)C)C))C)O)C		OYONPFUYHNGECE-CQYSPVIFSA-N									PlantCyc/PMN local PGDB
CPD-13026	CPD-13026	N 2 -hydroxy-L-tryptophan	220.0847922619					C11H11N2O3			plantcyc <https://plantcyc.org/>		220.0847922619	C1(\NC2(/C=C\C=C/C(/C(\C[C@H](NO)C(=O)[O-])=1)=2))		PNBGTYVVHKDDFM-JTQLQIEISA-M									PlantCyc/PMN local PGDB
CPD-21548	CPD-21548	stemmadenine acetate	396.2049073976					C23H29N2O4			plantcyc <https://plantcyc.org/>	O -acetylstemmadenine	396.2049073976	C/C=C4([C@@H]1(CC[NH+](CCC2(\C3(/C=C\C=C/C(/NC(/[C@](C(=O)OC)(COC(C)=O)1)=2)=3)))C4))		ZNCUMLJVNWXVLT-ISNKGDJGSA-O									PlantCyc/PMN local PGDB
CPD-23985	CPD-23985	11-oxo-5alpha-androstanedione	302.1881947009					C19H26O3			plantcyc <https://plantcyc.org/>	11KDHA4 // 11K-5alpha-dione	302.1881947009	C[C@@]34(CCC(=O)C[C@H](CC[C@@H]1([C@H](C(=O)C[C@]2(C)(C(CC[C@@H]12)=O))3))4)		VRHVOUYZPKSINF-XNTXBEAUSA-N									PlantCyc/PMN local PGDB
CPD-12595	CPD-12595	D-glucaro-1,5-lactone	192.0270026115					C6H7O7			plantcyc <https://plantcyc.org/>	glucaro-1,5-lactone // 1,5-glucarolactone // glucaro-delta-lactone // delta-glucarolactone // D-glucaro-delta-lactone	192.0270026115	C([C@@H]1([C@H]([C@@H]([C@H](C(O1)=O)O)O)O))([O-])=O		YLKFQNUGXOLRNI-QDQPNEQZSA-M									PlantCyc/PMN local PGDB
CPD-12521	CPD-12521	beta-D-glucuronate	194.0426526757					C6H9O7			plantcyc <https://plantcyc.org/>	beta-D-glucuronic acid // beta-D-glucopyranuronic acid	194.0426526757	[C@H]1(O)([C@@H](O)[C@H](O)O[C@H](C(=O)[O-])[C@@H](O)1)		AEMOLEFTQBMNLQ-QIUUJYRFSA-M									PlantCyc/PMN local PGDB
L-SELENOCYSTEINE	L-SELENOCYSTEINE	L-selenocysteine	168.9642002741					C3H7NO2SE			plantcyc <https://plantcyc.org/>	selenocys // U	168.9642002741	C([SeH])[C@H]([NH3+])C([O-])=O		ZKZBPNGNEQAJSX-REOHCLBHSA-N									PlantCyc/PMN local PGDB
CPD-1063	CPD-1063	S -methyl-5-thio-D-ribulose 1-phosphate	260.011959972					C6H11O7PS			plantcyc <https://plantcyc.org/>	5-methylthio-5-deoxy-D-ribulose 1-phosphate // 1-phosphomethylthioribulose // methylthioribulose 1-phosphate // MTRu-1-P // 1PMT-ribulose // 1-phospho-5-S-methylthioribulose // 5-(methylthio)ribulose 1-phosphate	260.011959972	CSC[C@@H](O)[C@@H](O)C(=O)COP([O-])(=O)[O-]		CNSJRYUMVMWNMC-RITPCOANSA-L									PlantCyc/PMN local PGDB
CPDQT-417	CPDQT-417	6-(methylsulfanyl)hexyl-desulfoglucosinolate	369.1279789845					C14H27NO6S2			plantcyc <https://plantcyc.org/>	6-(methylthio)hexyl-desulfoglucosinolate	369.1279789845	CSCCCCCCC(\S[C@@H]1(O[C@H](CO)[C@@H](O)[C@H](O)[C@@H](O)1))=N\O		RTWFLPZWHKDFBK-RFEZBLSLSA-N									PlantCyc/PMN local PGDB
CPD-19813	CPD-19813	cis -tuberonic acid glucoside	388.1733324977					C18H27O9			plantcyc <https://plantcyc.org/>	cis -12-hydroxyjasmonate 12- O -beta-D-glucoside	388.1733324977	C(O[C@@H]1(O[C@H](CO)[C@@H](O)[C@H](O)[C@@H](O)1))C\C=C/C[C@@H]2(C(=O)CC[C@@H]2CC([O-])=O)		JFDNMLUPLXZXGV-OAIXPKHMSA-M									PlantCyc/PMN local PGDB
CPD-9277	CPD-9277	methiin	151.0303138504					C4H9NO3S			plantcyc <https://plantcyc.org/>	S-methyl-L-cycteine sulfoxide // Kale anemia factor // S-methylcysteine sulfoxide // S-methyl-L-cysteine sulfoxide // 3-methylsulfinyl-L-alanine // MCSO	151.0303138504	C(=O)([O-])[C@@H]([NH3+])CS(=O)C		ZZLHPCSGGOGHFW-BUKSALPDSA-N									PlantCyc/PMN local PGDB
CPD0-1762	CPD0-1762	1,2-dioctanoyl-1,2,3-butanetriol	358.2719243303					C20H38O5			plantcyc <https://plantcyc.org/>	3-methyl-diC 8	358.2719243303	CCCCCCCC(=O)OCC(OC(=O)CCCCCCC)C(O)C		XZRNOEJHMMUVPM-UHFFFAOYSA-N									PlantCyc/PMN local PGDB
CPD-67	CPD-67	2-phosphoglycolate	155.9823744031					C2H2O6P			plantcyc <https://plantcyc.org/>	2-P-glycolate // phosphoglycolate // Phosphoglycolic acid	155.9823744031	C(OP([O-])(=O)[O-])C([O-])=O		ASCFNMCAHFUBCO-UHFFFAOYSA-K									PlantCyc/PMN local PGDB
CPDQT-462	CPDQT-462	5-hydroxy-8-methoxypsoralen	232.0371733673					C12H8O5			plantcyc <https://plantcyc.org/>		232.0371733673	C1(=O)(OC2(/C(\C=C/1)=C(C3(\C=C/OC(\C(\OC)=2)=3))/O))											PlantCyc/PMN local PGDB
CPDQT-262	CPDQT-262	( E )-9-(methylsulfanyl)nonanal oxime	203.1343849914					C10H21NOS			plantcyc <https://plantcyc.org/>	( E )-9-(methylthio)nonanal oxime	203.1343849914	C(/CCCCCCCCSC)=N\O		AOYJXBVIPWAMOG-PKNBQFBNSA-N									PlantCyc/PMN local PGDB
CPD-15643	CPD-15643	UDP- N -acetyl-beta-L-pneumosamine	591.0866548559					C17H25N3O16P2			plantcyc <https://plantcyc.org/>	UDP-2-acetamido-2,6-dideoxy-beta-L-talose	591.0866548559	C[C@H]3([C@@H](O)[C@H]([C@H]([C@@H](OP(OP(OC[C@@H]2([C@H]([C@H]([C@H](N1(\C=C/C(=O)NC1=O))O2)O)O))(=O)[O-])(=O)[O-])O3)NC(C)=O)O)		INJACODUUNZJCO-GOGQOHCTSA-L									PlantCyc/PMN local PGDB
ADENOSYLCOBINAMIDE	ADENOSYLCOBINAMIDE	adenosylcobinamide	1242.607222919					C58H84N16O11CO			plantcyc <https://plantcyc.org/>	AdoCbi	1242.607222919	C[C@@H](O)CNC(=O)CC[C@]1(C)([C@@H](CC(=O)N)[C@@H]%11([C@@]6(C)([C@@](C)(CC(N)=O)[C@H](CCC(N)=O)C7(\C(/C)=C4([C@@](C)(CC(N)=O)[C@H](CCC(N)=O)C5(\C=C2(C(C)(C)[C@H](CCC(N)=O)C3(\C(/C)=C1/N([Co-2]([N+]\2=3)([N+]4=5)([N+]\6=7)C[C@@H]8([C@H]([C@@H](O)[C@@H](O8)N9(\C=N/C%10(\C/9=N/C=N\C(/N)=%10)))O))%11))))))))		KQXSPGAEBZWHMC-QMUWONGRSA-M									PlantCyc/PMN local PGDB
CPD-22765	CPD-22765	4alpha-methyl-14alpha-hydroxymethyl-5alpha-cholesta-8,24-dien-3beta-ol	428.365430785					C29H48O2			plantcyc <https://plantcyc.org/>		428.365430785	CC(C)=CCC[C@@H](C)[C@H]2(CC[C@@]3(CO)(C4(\CC[C@H]1([C@H](C)[C@@H](O)CC[C@@](C)1C(\CC[C@](C)23)=4))))		FCBZHKUEDRJCAS-HUWKDVIGSA-N									PlantCyc/PMN local PGDB
10-FORMYL-THF	10-FORMYL-THF	10-formyl-tetrahydrofolate mono-L-glutamate	473.1658961294					C20H21N7O7			plantcyc <https://plantcyc.org/>	N 10 -formyl-tetrahydrofolate mono-L-glutamate // N 10 -formyl-THF mono-L-glutamate // N 10 -formyl-H 4 F mono-L-glutamate // 10-formyl-THF mono-L-glutamate // 10-formyl-H 4 PteGlu 1 // N 10 -formyl-H 4 PteGlu 1	473.1658961294	C2([C@H](CN(C=O)C1(\C=C/C(/C(=O)N[C@H](C(=O)[O-])CCC([O-])=O)=C\C=1))NC3(\C(=O)NC(/N)=N/C(\N2)=3))		AUFGTPPARQZWDO-YPMHNXCESA-L									PlantCyc/PMN local PGDB
CPD-10308	CPD-10308	baruol	426.3861662271					C30H50O			plantcyc <https://plantcyc.org/>	D:B-friedo-baccharan-5,21-dien-3-ol	426.3861662271	CC(C)=CCC[C@@]1(C)(C[C@@]2(C)([C@](C)(CC1)[C@@H]4([C@@](C)(CC2)[C@H]3(C(/C(C)(C)[C@@H](O)CC3)=C\C4))))		XJJAVFWIAXATMT-KNUFMLCHSA-N									PlantCyc/PMN local PGDB
CPD0-1326	CPD0-1326	p-(bromoacetamido)phenyl uridyl pyrophosphate	614.9654733649					C17H18N3O13P2BR			plantcyc <https://plantcyc.org/>		614.9654733649	C(Br)C(=O)NC3(\C=C/C(/OP(=O)([O-])OP(=O)([O-])OC[C@H]1(O[C@H]([C@H](O)[C@H](O)1)N2(\C=C/C(=O)NC(=O)2)))=C\C=3)		RQKFRKXXIQLRRR-RAEVTNRLSA-L									PlantCyc/PMN local PGDB
CPD-13255	CPD-13255	soyasaponin I	942.5188157016					C48H77O18			plantcyc <https://plantcyc.org/>		942.5188157016	C[C@H]8([C@H](O)[C@@H](O)[C@@H](O)[C@H](O[C@@H]7([C@@H](O)[C@@H](O)[C@@H](CO)O[C@@H](O[C@@H]6([C@@H](O)[C@H](O)[C@@H](C(=O)[O-])O[C@@H](O[C@H]4(CC[C@]3(C)([C@H]5(C\C=C2([C@@H]1(CC(C)(C)C[C@@H](O)[C@@](C)1CC[C@](C)2[C@](C)(CC[C@H]3[C@](CO)(C)4)5))))))6))7))O8)		PTDAHAWQAGSZDD-IOVCITQVSA-M									PlantCyc/PMN local PGDB
CPD-9001	CPD-9001	(9S,10S)-10-hydroxy-9-(phosphooxy) octadecanoate	396.2276900524					C18H34O7P			plantcyc <https://plantcyc.org/>		396.2276900524	CCCCCCCC[C@H](O)[C@@H](OP([O-])(=O)[O-])CCCCCCCC(=O)[O-]		UELBXEKQONEDKM-IRXDYDNUSA-K									PlantCyc/PMN local PGDB
910-EPOXY-18-HYDROXYSTEARATE	910-EPOXY-18-HYDROXYSTEARATE	9,10-epoxy-18-hydroxystearate	314.2457095798					C18H33O4			plantcyc <https://plantcyc.org/>	9R,10S-epoxy-18-hydroxystearate	314.2457095798	C(CCCCCCCC1(C(CCCCCCCC(=O)[O-])O1))O		ITTPZDMHCNGAGQ-UHFFFAOYSA-M									PlantCyc/PMN local PGDB
CPD-18798	CPD-18798	3-dehydrodeoxycholate	390.2770097082					C24H37O4			plantcyc <https://plantcyc.org/>	12alpha-hydroxy-3-oxo-5beta-cholan-24-oate	390.2770097082	C[C@@H]([C@H]3(CC[C@H]4([C@@H]2(CC[C@@H]1(CC(=O)CC[C@@](C)1[C@H]2C[C@H](O)[C@](C)34)))))CCC(=O)[O-]		WMUMZOAFCDOTRW-OVEHVULHSA-M									PlantCyc/PMN local PGDB
DIHYDROXYINDOLE	DIHYDROXYINDOLE	5,6-dihydroxyindole	149.0476784741					C8H7NO2			plantcyc <https://plantcyc.org/>	1 H -indole-5,6-diol // dopamine lutine // DHI	149.0476784741	C1(\C2(/C=C(C(/O)=C\C(N\C=1)=2)/O))		SGNZYJXNUURYCH-UHFFFAOYSA-N									PlantCyc/PMN local PGDB
CPD-25021	CPD-25021	beta-D-rhamnopyranose	164.0684734957					C6H12O5			plantcyc <https://plantcyc.org/>	beta-D-rhamnose	164.0684734957	C[C@@H]1([C@H]([C@@H]([C@@H]([C@@H](O1)O)O)O)O)		SHZGCJCMOBCMKK-RWOPYEJCSA-N									PlantCyc/PMN local PGDB
CPD66-34	CPD66-34	1,2-dipalmitoyl- sn -glycerol	568.5066752933					C35H68O5			plantcyc <https://plantcyc.org/>	1,2-dipalmitoylglycerol	568.5066752933	CCCCCCCCCCCCCCCC(OC[C@@H](OC(=O)CCCCCCCCCCCCCCC)CO)=O		JEJLGIQLPYYGEE-XIFFEERXSA-N									PlantCyc/PMN local PGDB
CPDQT-387	CPDQT-387	14-nonacosanol	424.4644165481					C29H60O			plantcyc <https://plantcyc.org/>		424.4644165481	CCCCCCCCCCCCCC(O)CCCCCCCCCCCCCCC											PlantCyc/PMN local PGDB
CPD-9009	CPD-9009	2,4-dichlorophenoxyacetate	219.9693994789					C8H5O3CL2			plantcyc <https://plantcyc.org/>	2,4-dichlorophenoxyacetic acid // 2,4-D	219.9693994789	C(COC1(\C(\Cl)=C/C(/Cl)=C\C=1))(=O)[O-]		OVSKIKFHRZPJSS-UHFFFAOYSA-M									PlantCyc/PMN local PGDB
CPD-591	CPD-591	cyanidin	287.0555630857					C15H9O6			plantcyc <https://plantcyc.org/>	2-(3,4-dihydroxyphenyl)-3,5,7-trihydroxy-1-Benzopyrylium // 2-(3,4-dihydroxyphenyl)-3,5,7-trihydroxychromenylium // 3,3',4',5,7-pentahydroxyflavylium // cyanidol	287.0555630857	C3(\C(\C1(=[O+]C2(\C=C(/C=C(C(\C=C1\[O-])=2)/[O-])\O)))=C/C(/O)=C(\C=3)/O)		VEVZSMAEJFVWIL-UHFFFAOYSA-M									PlantCyc/PMN local PGDB
CPD-6956	CPD-6956	bis -noryangonin	230.0579088094					C13H9O4			plantcyc <https://plantcyc.org/>	BNY	230.0579088094	C2(=O)(OC(/C=C/C1(\C=C/C(/O)=C\C=1))=C/C(/[O-])=C\2)		ORVQWHLMVLOZPX-ZZXKWVIFSA-M									PlantCyc/PMN local PGDB
TMP	TMP	dTMP	322.0566019787					C10H13N2O8P			plantcyc <https://plantcyc.org/>	thymidylic acid // thymidine monophosphate // deoxythymidylate // TMP // thymidine 5'-monophosphate // thymidine-phosphate // thymidine 5'-phosphate // deoxythymidine 5'-phosphate // 5'-thymidylic acid // deoxythymidylic acid // thymidylate	322.0566019787	CC1(\C(=O)NC(=O)N(\C=1)[C@H]2(C[C@H](O)[C@@H](COP(=O)([O-])[O-])O2))		GYOZYWVXFNDGLU-XLPZGREQSA-L									PlantCyc/PMN local PGDB
S-ADENOSYLMETHIONINAMINE	S-ADENOSYLMETHIONINAMINE	S -adenosyl 3-(methylsulfanyl)propylamine	356.1630593579					C14H24N6O3S			plantcyc <https://plantcyc.org/>	S -adenosyl-(5')-3-methylthiopropylamine // dcSAM // decarboxylated AdoMet // (5-deoxy-5-adenosyl)(3-aminopropyl) methylsulfonium salt // decarboxylated SAM // S -adenosylmethioninamine // decarboxylated S-adenosylmethionine // S -methyl- S -adenosyl homocysteamine // 3-amino-propyl- S -adenosine // S -adenosyl-L-methioninamine // S -adenosyl 3-(methylthio)propylamine	356.1630593579	C[S+](CCC[NH3+])C[C@H]3(O[C@@H](N1(C2(\C(\N=C/1)=C(N)/N=C\N=2)))[C@H](O)[C@H](O)3)		ZUNBITIXDCPNSD-LSRJEVITSA-O									PlantCyc/PMN local PGDB
CPD-12214	CPD-12214	triferuloyl spermidine	673.2999299948					C37H43N3O9			plantcyc <https://plantcyc.org/>	N 1 ,N 5 ,N 10 -triferuloyl spermidine	673.2999299948	COC1(\C(\O)=C/C=C(/C=1)/C=C/C(=O)NCCCN(C(/C=C/C2(/C=C(C(/O)=C\C=2)/OC))=O)CCCCNC(=O)/C=C/C3(/C=C(C(/O)=C\C=3)/OC))		KMJWIBDYGUTEFB-WLJYFSRTSA-N									PlantCyc/PMN local PGDB
CPD-27085	CPD-27085	17-dehydropreakuammicine	350.1630425829					C21H23N2O3			plantcyc <https://plantcyc.org/>	methyl (16S,19E)-17-oxocura-1,19-diene-16-carboxylate	350.1630425829	C/C=C4([C@@H]2(C[C@H]5([C@]1(C3(\C(\N=C1[C@](C(OC)=O)(C=O)2)=C/C=C\C=3))(CC[NH+](C4)5))))		OBUYIUIFFBCOOV-OQTQPSEISA-O									PlantCyc/PMN local PGDB
SCOPOLIN	SCOPOLIN	scopolin	354.0950821767					C16H18O9			plantcyc <https://plantcyc.org/>		354.0950821767	COC2(\C(\O[C@H]1([C@@H]([C@H]([C@H](O)[C@@H](CO)O1)O)O))=C/C3(OC(\C=C/C(/C=2)=3)=O))		SGTCGCCQZOUMJJ-YMILTQATSA-N									PlantCyc/PMN local PGDB
CPDQT-34	CPDQT-34	2-[(6'-methylsulfanyl)hexyl]malate	264.1031444425					C11H18O5S			plantcyc <https://plantcyc.org/>	2-[(6'-methylthio)hexyl]malic acid // 2-[(6'-methylthio)hexyl]malate	264.1031444425	CSCCCCCCC(O)(CC([O-])=O)C(=O)[O-]		FEKMFSGDBKSRNR-UHFFFAOYSA-L									PlantCyc/PMN local PGDB
AGMATHINE	AGMATHINE	agmatine	130.1218464702					C5H16N4			plantcyc <https://plantcyc.org/>	(4-aminobutyl)guanidine // N-(4-aminobutyl)guanidine	130.1218464702	C(CCC[NH3+])NC(N)=[NH2+]		QYPPJABKJHAVHS-UHFFFAOYSA-P									PlantCyc/PMN local PGDB
BUTYRIC_ACID	BUTYRIC_ACID	butanoate	88.052429501					C4H7O2			plantcyc <https://plantcyc.org/>	butyrate // butyric acid // butanoic acid // ethylacetic acid // n-butanoate // 1-propanecarboxylic acid // propylformic acid	88.052429501	CCCC(=O)[O-]		FERIUCNNQQJTOY-UHFFFAOYSA-M									PlantCyc/PMN local PGDB
CPD-263	CPD-263	(-)-trans-isopiperitenol	152.1201151357					C10H16O			plantcyc <https://plantcyc.org/>		152.1201151357	C=C(C)[C@H]1(CCC(/C)=C/[C@H](O)1)		OLAKPNFIICOONC-ZJUUUORDSA-N									PlantCyc/PMN local PGDB
CPD-7547	CPD-7547	( Z )-1-(L-cystein- S -yl)- N -hydroxy-2-(1 H -indol-3-yl)ethan-1-imine	293.0834120534					C13H15N3O3S			plantcyc <https://plantcyc.org/>		293.0834120534	C(SC[C@H]([NH3+])C(=O)[O-])(CC1(\C2(\C(\N\C=1)=C/C=C\C=2)))=NO		GREVXYZKHGJYAU-HPCMQXCGSA-N									PlantCyc/PMN local PGDB
3-HYDROXY-PROPIONATE	3-HYDROXY-PROPIONATE	3-hydroxypropanoate	90.0316940589					C3H5O3			plantcyc <https://plantcyc.org/>	3-hydroxypropionate // beta-hydroxypropionate // 3-hydroxypropanoic acid // 3-hydropropionic acid // hydracrylic acid // 3-hydroxypropionic acid	90.0316940589	C(CO)C([O-])=O		ALRHLSYJTWAHJZ-UHFFFAOYSA-M									PlantCyc/PMN local PGDB
CPD0-2472	CPD0-2472	( R )-NADHX	683.135336383					C21H29N7O15P2			plantcyc <https://plantcyc.org/>	(6 R )-6-beta-hydroxy-1,4,5,6-tetrahydronicotinamide-adenine dinucleotide	683.135336383	C1(/N([C@H](O)CCC(/C(N)=O)=1)[C@@H]5(O[C@H](COP(OP(OC[C@H]4(O[C@@H](N2(C3(\C(\N=C/2)=C(N)/N=C\N=3)))[C@H](O)[C@H](O)4))(=O)[O-])(=O)[O-])[C@@H](O)[C@@H](O)5))		IDBZKGQRLBFUFQ-MTKBYBFRSA-L									PlantCyc/PMN local PGDB
CPD-13028	CPD-13028	( Z )-indol-3-ylacetaldoxime	174.0793129535					C10H10N2O			plantcyc <https://plantcyc.org/>	( Z )-3-indoleacetaldoxime // ( Z )-indole-3-acetaldehyde oxime // ( Z )-indole-3-acetaldoxime	174.0793129535	C(\CC1(\C2(/C=C\C=C/C(/N\C=1)=2)))=N\O		ZLIGRGHTISHYNH-SDQBBNPISA-N									PlantCyc/PMN local PGDB
CPD-9858	CPD-9858	2-methoxy-6-( all trans -heptaprenyl)benzene-1,4-diol	616.4855459207					C42H64O3			plantcyc <https://plantcyc.org/>	2-methoxy-6-heptaprenyl-1,4-benzoquinol	616.4855459207	CC(C)=CCCC(\C)=C/CCC(\C)=C/CCC(\C)=C/CCC(\C)=C/CCC(\C)=C/CCC(\C)=C/CC1(\C(\O)=C(/C=C(\C=1)/O)\OC)		WEGXYVFDOLUULO-TUUMQRACSA-N									PlantCyc/PMN local PGDB
CPD-9293	CPD-9293	thioacrolein	72.0033708184					C3H4S			plantcyc <https://plantcyc.org/>	prop-2-enethial	72.0033708184	C=CC=S		GPRPXLGCWOJFQZ-UHFFFAOYSA-N									PlantCyc/PMN local PGDB
CPD-24871	CPD-24871	S -(2-succinyl)-glutathione	423.0947646007					C14H18N3O10S			plantcyc <https://plantcyc.org/>		423.0947646007	C(SC(CC([O-])=O)C(=O)[O-])[C@@H](C(NCC([O-])=O)=O)NC(=O)CC[C@H]([NH3+])C([O-])=O		PWCIUOASSAHGHI-WPZUCAASSA-K									PlantCyc/PMN local PGDB
8-Oxo-dGTP	8-Oxo-dGTP	8-oxo-dGTP	522.990659779					C10H12N5O14P3			plantcyc <https://plantcyc.org/>	7,8-dihydro-8-oxo-2'-dGTP // 2'-deoxy-7,8-dihydro-8-oxo-guanosine 5'-triphosphate	522.990659779	C(OP(=O)([O-])OP(=O)([O-])OP(=O)([O-])[O-])[C@H]3(O[C@@H](N1(C2(\N=C(N)/NC(=O)C(NC(=O)1)=2)))C[C@H](O)3)		BUZOGVVQWCXXDP-VPENINKCSA-J									PlantCyc/PMN local PGDB
L-CYSTEATE	L-CYSTEATE	L-cysteate	169.0044930304					C3H6NO5S			plantcyc <https://plantcyc.org/>	L-cysteic acid // 3-sulfoalanine // 2-amino-3-sulfopropionic acid // ( R )-cysteate // 3-sulfo-L-alanine // (2R)-2-amino-3-sulfopropanoic acid	169.0044930304	C([C@H]([NH3+])C(=O)[O-])S(=O)(=O)[O-]		XVOYSCVBGLVSOL-REOHCLBHSA-M									PlantCyc/PMN local PGDB
2-KETOGLUTARATE	2-KETOGLUTARATE	2-oxoglutarate	146.0215233031					C5H4O5			plantcyc <https://plantcyc.org/>	ketoglutarate // alpha-ketoglutarate // 2-oxoglutaric acid // alpha-ketoglutaric acid // alpha-oxoglutarate // 2-ketoglutaric acid // 2-ketoglutarate // 2-oxopentanedionic acid // 2-oxopentanedionate // a-ketoglutaric acid	146.0215233031	C(CC([O-])=O)C(=O)C([O-])=O		KPGXRSRHYNQIFN-UHFFFAOYSA-L									PlantCyc/PMN local PGDB
CPD-10452	CPD-10452	2-amino-4,6-dinitrotoluene glucoside	363.1277792886					C13H17N3O9			plantcyc <https://plantcyc.org/>	2-ADNT glucoside	363.1277792886	CC2(/C(/[N+](=O)[O-])=C\C(\[N+](=O)[O-])=C/C(/NC1(O[C@H](CO)[C@@H](O)[C@H](O)[C@@H](O)1))=2)		CMGFICSLNOXZET-HENWMNBSSA-N									PlantCyc/PMN local PGDB
CPD-24090	CPD-24090	norfluorocurarine	292.1575632745					C19H21N2O			plantcyc <https://plantcyc.org/>	(19 E )-cura-2(16),19-dien-17-al	292.1575632745	C/C=C4([C@@H]2(C[C@H]5([C@]1(C3(/C=C\C=C/C(/NC\1=C2/C=O)=3))(CC[NH+](C4)5))))		VFUITWPFKLGEQA-UQZDHWHBSA-O									PlantCyc/PMN local PGDB
CPD-6202	CPD-6202	gibberellin A 37	364.1885886314					C20H26O6			plantcyc <https://plantcyc.org/>	GA37	364.1885886314	C=C1([C@H]2(C[C@]3(C1)([C@H]([C@@H]4([C@@](C)([C@@H](O)CC[C@@](CO)([C@@H](CC2)3)4)C(=O)[O-]))C([O-])=O)))		UAKKWAVFAPTAOA-SQLMURCQSA-L									PlantCyc/PMN local PGDB
LUTEOLIN-7-O-NEOHESPERIDOSIDE	LUTEOLIN-7-O-NEOHESPERIDOSIDE	luteolin 7- O -neohesperidoside	594.1584702945					C27H30O15			plantcyc <https://plantcyc.org/>	luteolin-7-rutinoside	594.1584702945	C[C@@H]5(O[C@@H](O[C@@H]1([C@H]([C@@H]([C@@H](CO)O[C@H]1OC4(\C=C3(C(\C(\C=C(C2(\C=C/C(/O)=C(/C=2)/O))/O3)=O)=C(/C=4)\O)))O)O))[C@@H]([C@@H]([C@H]5O)O)O)		SHPPXMGVUDNKLV-KMFFXDMSSA-N									PlantCyc/PMN local PGDB
CPD-12386	CPD-12386	1-(1 H -indol-3-yl)-2- aci -nitroethane	192.0898776398					C10H10N2O2			plantcyc <https://plantcyc.org/>	(E)-hydroxy[2-(1H-indol-3-yl)ethylidene]oxidoazanium	192.0898776398	C(CC1(\C2(/C=C\C=C/C(/N\C=1)=2)))=[N+](O)[O-]		LZEDEUNADWSJKX-UHFFFAOYSA-N									PlantCyc/PMN local PGDB
5-P-BETA-D-RIBOSYL-AMINE	5-P-BETA-D-RIBOSYL-AMINE	5-phospho-beta-D-ribosylamine	229.0351382551					C5H11NO7P			plantcyc <https://plantcyc.org/>	5-P-beta-D-ribosylamine // PRA // 5-phosphoribosylamine	229.0351382551	C(OP([O-])(=O)[O-])[C@@H]1([C@@H](O)[C@@H](O)[C@H]([NH3+])O1)		SKCBPEVYGOQGJN-TXICZTDVSA-M									PlantCyc/PMN local PGDB
CPD-12368	CPD-12368	9'- cis -neurosporene	538.4538518618					C40H58			plantcyc <https://plantcyc.org/>		538.4538518618	CC(C)=CCCC(\C)=C/C=C/C(\C)=C/C=C/C(\C)=C/C=C/C=C(C)/C=C/C=C(C)\CC/C=C(C)/CCC=C(C)C		ATCICVFRSJQYDV-NMDVFZMRSA-N									PlantCyc/PMN local PGDB
CPD0-1811	CPD0-1811	1-monopalmitoylethylene glycol	300.2664450219					C18H36O3			plantcyc <https://plantcyc.org/>	mono-C 16 -EG	300.2664450219	CCCCCCCCCCCCCCCC(=O)OCCO		BXCRLBBIZJSWNS-UHFFFAOYSA-N									PlantCyc/PMN local PGDB
CPD-11945	CPD-11945	luteolinidin	271.0606484636					C15H11O5			plantcyc <https://plantcyc.org/>		271.0606484636	C3(/C=C(C(/O)=C\C(\C1(=[O+]C2(\C(/C=C\1)=C(/C=C(/C=2)/O)\O)))=3)/O)		GDNIGMNXEKGFIP-UHFFFAOYSA-O									PlantCyc/PMN local PGDB
CPD0-1457	CPD0-1457	ethyleneglycol phosphate	142.0031098452					C2H5O5P			plantcyc <https://plantcyc.org/>	ethyleneglycol-P	142.0031098452	C(OP([O-])(=O)[O-])CO		PCIBVZXUNDZWRL-UHFFFAOYSA-L									PlantCyc/PMN local PGDB
CPD-18633	CPD-18633	C34-phthiocerol A	526.5324961133					C34H70O3			plantcyc <https://plantcyc.org/>	3-methoxy-4-methyldotriacontane-9,11-diol	526.5324961133	CCCCCCCCCCCCCCCCCCCCC[C@@H](O)C[C@H](O)CCCC[C@H](C)[C@H](OC)CC		IVPFDOZWCWTFPQ-KRFMAMIKSA-N									PlantCyc/PMN local PGDB
MYRICETIN	MYRICETIN	myricetin	318.0375672978					C15H9O8			plantcyc <https://plantcyc.org/>	myricitin // cannabiscetin // myricetol	318.0375672978	C3(/C(/O)=C(C(/O)=C\C(\C1(\OC2(/C=C(/C=C(C(\C(=O)C(/[O-])=1)=2)/O)/O)))=3)/O)		IKMDFBPHZNJCSN-UHFFFAOYSA-M									PlantCyc/PMN local PGDB
DEACETOXYVINDOLINE	DEACETOXYVINDOLINE	deacetoxyvindoline	398.2205574618					C23H31N2O4			plantcyc <https://plantcyc.org/>	desacetoxyvindoline	398.2205574618	CC[C@@]25(\C=C/C[NH+]4(CC[C@@]1(C3(/C=C\C(\OC)=C/C(/N(C)[C@H]1[C@](C(OC)=O)(O)C2)=3))[C@@H]45))		WNKDGPXNFMMOEJ-RNJSZURPSA-O									PlantCyc/PMN local PGDB
RIBULOSE-5P	RIBULOSE-5P	D-ribulose 5-phosphate	230.0191538399					C5H9O8P			plantcyc <https://plantcyc.org/>	ribulose-5P // D-ribulose-5-P // ribulose-5-P	230.0191538399	C([C@H]([C@H](C(CO)=O)O)O)OP([O-])([O-])=O		FNZLKVNUWIIPSJ-UHNVWZDZSA-L									PlantCyc/PMN local PGDB
CPD-13081	CPD-13081	solasodine 3-O-beta-D-glucoside	575.3822030612					C33H54NO7			plantcyc <https://plantcyc.org/>	solasodine 3-O-beta-D-glucose // beta-D-glucopyranoside, (3beta,22alpha,25R)-spirosol-5-en-3-yl // solasod-5-ene // gamma-solamargine // solasodine 3-O-beta-D-glucopyranoside	575.3822030612	C[C@H]1(C[NH2+][C@@]7(CC1)([C@@H](C)[C@H]2([C@H](C[C@@H]6([C@@]2(C)CC[C@H]3([C@@H](C\C=C4(C[C@H](CC[C@@]3(C)4)O[C@@H]5(O[C@H](CO)[C@@H](O)[C@H](O)[C@@H](O)5)))6)))O7)))		XMLLJGHZPHTUKK-CKSYUEDFSA-O									PlantCyc/PMN local PGDB
CPD-12575	CPD-12575	UDP-alpha-D-glucose	566.0550203765					C15H22N2O17P2			plantcyc <https://plantcyc.org/>	UDPG // UDP-glucose // UDP-D-glucose // UDP-alpha-D-glucopyranose // uridine 5'-diphosphoglucose	566.0550203765	C(O)[C@@H]1([C@@H](O)[C@H](O)[C@@H](O)[C@H](O1)OP(OP(OC[C@@H]3([C@H]([C@H]([C@H](N2(\C=C/C(=O)NC2=O))O3)O)O))(=O)[O-])(=O)[O-])		HSCJRCZFDFQWRP-JZMIEXBBSA-L									PlantCyc/PMN local PGDB
SPERMINE	SPERMINE	spermine	202.2157468554					C10H30N4			plantcyc <https://plantcyc.org/>	gerontine // musculamine // neuridine // diaminopropyl-tetramethylenediamine	202.2157468554	C(CCC[NH2+]CCC[NH3+])[NH2+]CCC[NH3+]		PFNFFQXMRSDOHW-UHFFFAOYSA-R									PlantCyc/PMN local PGDB
CPD-22681	CPD-22681	3- O -methyl-D-mannose	194.079038182					C7H14O6			plantcyc <https://plantcyc.org/>	3- O -methyl-D-mannopyranose	194.079038182	CO[C@@H]1([C@H](O)C(O)O[C@H](CO)[C@@H](O)1)		SCBBSJMAPKXHAH-BWSJPXOBSA-N									PlantCyc/PMN local PGDB
CPD-12044	CPD-12044	alpha-D-arabinofuranose	150.0528234315					C5H10O5			plantcyc <https://plantcyc.org/>	alpha-D-arabinose	150.0528234315	C(O)[C@@H]1([C@@H](O)[C@H](O)[C@@H](O)O1)		HMFHBZSHGGEWLO-MBMOQRBOSA-N									PlantCyc/PMN local PGDB
CPD-21108	CPD-21108	S -(6-hydroxy-4-methylhexan-4-yl)-L-cysteine	235.1242142356					C10H21NO3S			plantcyc <https://plantcyc.org/>		235.1242142356	CCCC(SC[C@@H](C([O-])=O)[NH3+])(C)CCO		TZOZQHMXIZVAKI-PEHGTWAWSA-N									PlantCyc/PMN local PGDB
D-LACTATE	D-LACTATE	( R )-lactate	90.0316940589					C3H5O3			plantcyc <https://plantcyc.org/>	( R )-2-hydroxypropanate // D-lactate // ( R )-lactic acid // D-lactic acid	90.0316940589	C[C@H](C([O-])=O)O		JVTAAEKCZFNVCJ-UWTATZPHSA-M									PlantCyc/PMN local PGDB
TETRANITROMETHANE	TETRANITROMETHANE	tetranitromethane	204.0342132544					CN4O8			plantcyc <https://plantcyc.org/>		204.0342132544	C([N+]([O-])=O)([N+]([O-])=O)([N+](=O)[O-])[N+]([O-])=O		NYTOUQBROMCLBJ-UHFFFAOYSA-N									PlantCyc/PMN local PGDB
CPD-21116	CPD-21116	4-methyl-4-sulfanylpentan-2-one	132.0608856973					C6H12OS			plantcyc <https://plantcyc.org/>	4-mercapto-4-methylpentan-2-one // 4-MMP	132.0608856973	CC(=O)CC(C)(S)C		QRNZMFDCKKEPSX-UHFFFAOYSA-N									PlantCyc/PMN local PGDB
CPD-3629	CPD-3629	2'-hydroxypseudobaptigenin	298.0477380536					C16H10O6			plantcyc <https://plantcyc.org/>	2',7-dihydroxy-3',4'-methylenedioxyisoflavone // DMI	298.0477380536	C3(\OC4(\C(\C(=O)C(/C2(\C=C1(C(/OCO1)=C\C(\O)=2)))=3)=C/C=C(/C=4)/O))		WMDDXGLVVGBJSO-UHFFFAOYSA-N									PlantCyc/PMN local PGDB
2-OXINDOLE-3-ACETIC-ACID	2-OXINDOLE-3-ACETIC-ACID	2-oxoindole-3-acetate	191.0582431604					C10H8NO3			plantcyc <https://plantcyc.org/>	2-indolinone-3-acetic acid // 2-oxoindole-3-acetic acid // 2-indolinone-3-acetate	191.0582431604	C([O-])(=O)CC1(C(=O)NC2(\C\1=C/C=C\C=2))		ILGMGHZPXRDCCS-UHFFFAOYSA-M									PlantCyc/PMN local PGDB
CPD-7708	CPD-7708	malonylshisonin	843.198383316					C39H37O21			plantcyc <https://plantcyc.org/>		843.198383316	C(OC(=O)/C=C/C1(\C=C/C(/O)=C\C=1))[C@H]2(O[C@H]([C@H](O)[C@@H](O)[C@H](O)2)OC4(\C(C3(\C=C/C(/O)=C(/C=3)/O))=[O+]C5(\C=C(/C=C(C(\C=4)=5)/O[C@H]6([C@H](O)[C@@H](O)[C@H](O)[C@@H](COC(=O)CC(=O)[O-])O6))\[O-])))		HCZDGTUAMVKZNE-KMKFZPLVSA-M									PlantCyc/PMN local PGDB
CPD-19489	CPD-19489	3-carboxy-8-(methylsulfanyl)-2-oxooctanoate	248.0718443141					C10H14O5S			plantcyc <https://plantcyc.org/>	3-carboxy-8-(methylthio)-2-oxooctanoate	248.0718443141	CSCCCCCC(C(=O)C(=O)[O-])C(=O)[O-]		YOBCOUZBIFVTFN-UHFFFAOYSA-L									PlantCyc/PMN local PGDB
CPD-9857	CPD-9857	2-methoxy-6-( all-trans -heptaprenyl)phenol	600.4906312986					C42H64O2			plantcyc <https://plantcyc.org/>		600.4906312986	CC(C)=CCCC(\C)=C/CCC(\C)=C/CCC(\C)=C/CCC(\C)=C/CCC(\C)=C/CCC(\C)=C/CC1(\C(\O)=C(\C=C/C=1)\OC)		YWVPPRXIDDCHCQ-CUHBLUQCSA-N									PlantCyc/PMN local PGDB
CPD-14283	CPD-14283	trans -cerot-2-enoyl-CoA	1143.4857245285					C47H80N7O17P3S			plantcyc <https://plantcyc.org/>	trans -2,3-dihydro-cerotenoyl-CoA // (2 E )-cerotenoyl-CoA	1143.4857245285	CCCCCCCCCCCCCCCCCCCCCCC/C=C/C(=O)SCCNC(=O)CCNC(=O)[C@H](O)C(C)(C)COP(=O)(OP(=O)(OC[C@H]1(O[C@H]([C@@H]([C@@H]1OP([O-])(=O)[O-])O)N2(C3(\N=C/N=C(C(\N=C/2)=3)/N))))[O-])[O-]		GGUUXBBWTGIIGE-KESUDTCVSA-J									PlantCyc/PMN local PGDB
CPD-12321	CPD-12321	15- cis -phytoene	544.5008020544					C40H64			plantcyc <https://plantcyc.org/>		544.5008020544	CC(C)=CCCC(\C)=C/CCC(\C)=C/CCC(\C)=C/C=C\C=C(C)\CC/C=C(C)/CC/C=C(C)/CCC=C(C)C		YVLPJIGOMTXXLP-BHLJUDRVSA-N									PlantCyc/PMN local PGDB
CPD-16013	CPD-16013	2-iminobutanoate	101.0476784741					C4H7NO2			plantcyc <https://plantcyc.org/>		101.0476784741	CCC(C(=O)[O-])=[NH2+]		WRBRCYPPGUCRHW-UHFFFAOYSA-N									PlantCyc/PMN local PGDB
FRU1P	FRU1P	beta-D-fructofuranose 1-phosphate	260.0297185262					C6H11O9P			plantcyc <https://plantcyc.org/>	beta-D-fructofuranose-1-P	260.0297185262	C(O)[C@@H]1([C@@H](O)[C@H](O)[C@](COP([O-])([O-])=O)(O)O1)		RHKKZBWRNHGJEZ-ARQDHWQXSA-L									PlantCyc/PMN local PGDB
CPD-12496	CPD-12496	(22R,23R)-22,23-dihydroxy-campest-4-en-3-one	430.3446953429					C28H46O3			plantcyc <https://plantcyc.org/>		430.3446953429	CC(C)[C@H](C)[C@@H](O)[C@H](O)[C@@H](C)[C@H]3(CC[C@H]4([C@@H]2(CCC1(\[C@@](CCC(=O)\C=1)(C)[C@H]2CC[C@](C)34))))		PCLHVGYGQYOJEF-YPODHHRNSA-N									PlantCyc/PMN local PGDB
CPD-12867	CPD-12867	4alpha-carboxy-4beta,14alpha-dimethyl-9beta,19-cyclo-5alpha-ergost-24(24 1 )-en-3beta-ol	470.3759954713					C31H49O3			plantcyc <https://plantcyc.org/>	(3beta,4alpha)-3-hydroxy-24-methylene-9,19-cyclolanostan-28-oic acid	470.3759954713	CC(C)C(CC[C@@H](C)[C@H]3(CC[C@@]4(C)([C@@H]1(CC[C@H]5([C@@](C([O-])=O)(C)[C@@H](O)CC[C@@]2(C[C@@]12CC[C@](C)34)5)))))=C		RLRGKMMFFVWPHT-NUYPAGBLSA-M									PlantCyc/PMN local PGDB
PHENYLACETOTHIOHYDROXIMATE	PHENYLACETOTHIOHYDROXIMATE	( Z )-2-phenyl-1-thioacetohydroximate	167.0404846062					C8H8NOS			plantcyc <https://plantcyc.org/>	( Z )- N -hydroxy-2-phenylacetimidothioate	167.0404846062	C1(\C=C/C(\CC(\[S-])=N\O)=C\C=1)		IHTJGIKQNHDTSX-UHFFFAOYSA-M									PlantCyc/PMN local PGDB
CPD-4182	CPD-4182	4alpha,14alpha-dimethyl-cholesta-8-enol	414.3861662271					C29H50O			plantcyc <https://plantcyc.org/>	31-nor-24(25)-dihydrolanosterol	414.3861662271	CC(C)CCC[C@@H](C)[C@H]2(CC[C@@]3(C)(C4(\CC[C@H]1([C@H](C)[C@@H](O)CC[C@@](C)1C(\CC[C@](C)23)=4))))		IXVNEXDHXGHWLS-PMIIOQGLSA-N									PlantCyc/PMN local PGDB
LINOLENIC_ACID	LINOLENIC_ACID	alpha-linolenate	278.2245802072					C18H29O2			plantcyc <https://plantcyc.org/>	(9,12,15)-linolenic acid // linolenate // 9Z,12Z,15Z-octadecatrienoate // 9Z,12Z,15Z-octadecatrienoic acid // (9,12,15)-linolenate // alpha-linolenic acid	278.2245802072	CC\C=C/C\C=C/C\C=C/CCCCCCCC(=O)[O-]		DTOSIQBPPRVQHS-PDBXOOCHSA-M									PlantCyc/PMN local PGDB
CPD-12914	CPD-12914	(24 Z )-4alpha-carboxy-stigmasta-7,24(24 1 )-dien-3beta-ol	456.3603454071					C30H47O3			plantcyc <https://plantcyc.org/>		456.3603454071	C\C=C(CC[C@@H](C)[C@H]3(CC[C@H]4(C1([C@@H]([C@@]2(C)(CC[C@H](O)[C@@H](C([O-])=O)[C@H](CC=1)2))CC[C@](C)34))))/C(C)C		PLFNGFVQAIAQFS-HHZIVNGQSA-M									PlantCyc/PMN local PGDB
CPD-482	CPD-482	gibberellin A 51	332.1623738809					C19H23O5			plantcyc <https://plantcyc.org/>	GA51	332.1623738809	C=C1([C@H]3(C[C@]4(C1)([C@H]([C@@H]5([C@]2(C(=O)O[C@](C[C@H](O)C2)([C@@H](CC3)4)5)(C)))C([O-])=O)))		HHDWSDSMWJQURA-GBNXXHSSSA-M									PlantCyc/PMN local PGDB
CPD-15205	CPD-15205	beta-D-mannuronate	194.0426526757					C6H9O7			plantcyc <https://plantcyc.org/>		194.0426526757	C([O-])(=O)[C@H]1(O[C@@H](O)[C@@H](O)[C@@H](O)[C@H](O)1)		AEMOLEFTQBMNLQ-SYJWYVCOSA-M									PlantCyc/PMN local PGDB
CPD-8234	CPD-8234	alpha-copaene	204.1878007704					C15H24			plantcyc <https://plantcyc.org/>	copaene // 1,3-dimethyl-8-(1-methylethyl)-tricyclo[4.4.0.02,7]dec-3-ene // (-)-alpha-copaene	204.1878007704	CC(C)C1(CC[C@]2(C3([C@@H]1[C@@H]2C\C=C(C)/3))(C))		VLXDPFLIRFYIME-PLWLXLEKSA-N									PlantCyc/PMN local PGDB
CPD0-1712	CPD0-1712	5-mercuriocytidine	444.0483215113					C9H12N3O5HG			plantcyc <https://plantcyc.org/>		444.0483215113	C(O)[C@@H]2([C@H]([C@H]([C@H](N1(/C=C(C(/N)=N\C(=O)1)/[Hg]))O2)O)O)		BMMMCRUMSPAKKR-IAIGYFSYSA-N									PlantCyc/PMN local PGDB
CPD-8155	CPD-8155	pheophytin a	870.5659215067					C55H74N4O5			plantcyc <https://plantcyc.org/>		870.5659215067	C=CC4(\C(/C)=C3(\C=C6([C@@H](C)[C@H](CCC(=O)OC/C=C(C)/CCC[C@H](C)CCC[C@H](C)CCCC(C)C)C(/C5(\[C@@H](C(OC)=O)C(=O)C1(\C(\NC(/C(\C)=1)=C/C2(/C(\CC)=C(C)\C(\N=2)=C\C(\N3)=4))=5)))=N\6)))		CQIKWXUXPNUNDV-RCBXBCQGSA-N									PlantCyc/PMN local PGDB
CPD-14443	CPD-14443	(2S,4S)-4-hydroxy-2,3,4,5-tetrahydrodipicolinate	187.0480724046					C7H7NO5			plantcyc <https://plantcyc.org/>	(4 S )-4-hydroxy-2,3,4,5-tetrahydro-(2 S )-dipicolinate	187.0480724046	C1([C@H](O)CC(/C([O-])=O)=N\[C@@H]1C([O-])=O)		DVTPRYHENFBCII-IMJSIDKUSA-L									PlantCyc/PMN local PGDB
CPD-13644	CPD-13644	N 5 -acetyl-L-ornithine	174.1004423261					C7H14N2O3			plantcyc <https://plantcyc.org/>	L- N -delta-acetylornithine // N delta -acetyl-L-ornithine // L- N delta -acetylornithine	174.1004423261	CC(=O)NCCC[C@@H](C(=O)[O-])[NH3+]		SRXKAYJJGAAOBP-LURJTMIESA-N									PlantCyc/PMN local PGDB
CPD-61	CPD-61	(2R,3S)-2,3-dimethylmalate	162.0528234315					C6H8O5			plantcyc <https://plantcyc.org/>	(2 R ,3 S )-dimethylmalate // 2,3-dimethylmalate	162.0528234315	C[C@H](C(=O)[O-])[C@](C)(O)C(=O)[O-]		WTIIULQJLZEHGZ-CVYQJGLWSA-L									PlantCyc/PMN local PGDB
CPDQT-386	CPDQT-386	14-heptacosanol	396.4331164197					C27H56O			plantcyc <https://plantcyc.org/>		396.4331164197	CCCCCCCCCCCCCC(O)CCCCCCCCCCCCC											PlantCyc/PMN local PGDB
CPD-12401	CPD-12401	1-(methylsulfanyl)-8- aci -nitrooctane	207.1292996135					C9H19NO2S			plantcyc <https://plantcyc.org/>	8-(methylsulfanyl)octan-1-ylideneazinate	207.1292996135	CSCCCCCCCC=[N+](O)[O-]		LXZOOYJPYFVQFL-UHFFFAOYSA-N									PlantCyc/PMN local PGDB
STAUROSPORINE	STAUROSPORINE	staurosporine	466.2004907217					C28H27N4O3			plantcyc <https://plantcyc.org/>	STP // AM-2282	466.2004907217	C[C@@]15(O[C@H](C[C@@H]([NH2+]C)[C@@H](OC)1)N2(C8(/C=C\C=C/C(/C3(C7(\C(=O)NCC(/C4(C6(/C=C\C=C/C(/N(C(C2=3)=4)5)=6)))=7)))=8)))		HKSZLNNOFSGOKW-FYTWVXJKSA-O									PlantCyc/PMN local PGDB
CPD-10571	CPD-10571	terbinafine	291.1986998077					C21H26N			plantcyc <https://plantcyc.org/>	Lamisil	291.1986998077	CC(C#C/C=C/C[NH+](C)CC1(\C2(\C=C/C=C\C(\C=C/C=1)=2)))(C)C		DOMXUEMWDBAQBQ-WEVVVXLNSA-O									PlantCyc/PMN local PGDB
PALMITATE	PALMITATE	palmitate	256.2402302714					C16H31O2			plantcyc <https://plantcyc.org/>	hexadecanoate (n-C16:0) // palmitic acid // hexadecanoate // hexadecanoic acid	256.2402302714	CCCCCCCCCCCCCCCC([O-])=O		IPCSVZSSVZVIGE-UHFFFAOYSA-M									PlantCyc/PMN local PGDB
HOMOGENTISATE	HOMOGENTISATE	homogentisate	168.0422587452					C8H7O4			plantcyc <https://plantcyc.org/>	2,5-dihydroxyphenylacetate	168.0422587452	C1(\C(\O)=C/C(\CC([O-])=O)=C(\C=1)/O)		IGMNYECMUMZDDF-UHFFFAOYSA-M									PlantCyc/PMN local PGDB
CPD-11423	CPD-11423	plaunotol	306.2558803356					C20H34O2			plantcyc <https://plantcyc.org/>	18-hydroxygeranylgeraniol	306.2558803356	CC(C)=CCCC(\C)=C/CCC(\CO)=C\CCC(\C)=C/CO		SUWYPNNPLSRNPS-UNTSEYQFSA-N									PlantCyc/PMN local PGDB
3-KETOBUTYRATE	3-KETOBUTYRATE	acetoacetate	102.0316940589					C4H5O3			plantcyc <https://plantcyc.org/>	3-ketobutyrate // 3-oxobutanate // oxobutyrate // acetoacetic acid // 3-oxobutyric acid // 3-oxobutanoic acid // diacetic acid // beta-ketobutyric acid	102.0316940589	CC(=O)CC([O-])=O		WDJHALXBUFZDSR-UHFFFAOYSA-M									PlantCyc/PMN local PGDB
SIROHYDROCHLORIN	SIROHYDROCHLORIN	sirohydrochlorin	862.290881451					C42H38N4O16			plantcyc <https://plantcyc.org/>	Precorrin	862.290881451	C[C@@]1(CC(=O)[O-])(C3(\NC(/[C@@H](CCC(=O)[O-])1)=C/C2(/C(\CC(=O)[O-])=C(CCC(=O)[O-])\C(\N=2)=C\C5(\NC(/C=C4([C@@](C)(CC(=O)[O-])[C@H](CCC(=O)[O-])C(\C=3)=N4))=C(CC(=O)[O-])/C(\CCC(=O)[O-])=5))))		KWIZRXMMFRBUML-AHGFGAHVSA-F									PlantCyc/PMN local PGDB
ARACHIDONYL-COA	ARACHIDONYL-COA	arachidonoyl-CoA	1053.3448739507					C41H62N7O17P3S			plantcyc <https://plantcyc.org/>	arachidonyl-CoA // (5Z,8Z,11Z,14Z)-icosatetraenoyl-CoA	1053.3448739507	CCCCC\C=C/C\C=C/C\C=C/C\C=C/CCCC(=O)SCCNC(=O)CCNC(=O)[C@H](O)C(C)(C)COP(=O)(OP(=O)(OC[C@@H]1([C@@H](OP([O-])(=O)[O-])[C@@H](O)[C@@H](O1)N2(C3(\N=C/N=C(C(\N=C/2)=3)/N))))[O-])[O-]		JDEPVTUUCBFJIW-YQVDHACTSA-J									PlantCyc/PMN local PGDB
CPD-9269	CPD-9269	alliin	177.0459639146					C6H11NO3S			plantcyc <https://plantcyc.org/>	(+)-L-alliin // 3-(allylsulfinyl)alanin // ( S )-allyl-L-cystein-S-oxide // ( S )-S-allyl-L-cysteine sulfoxide // ( S )-3-(allylsulphinyl)-L-alanine	177.0459639146	C=CCS(=O)C[C@H]([NH3+])C([O-])=O		XUHLIQGRKRUKPH-DYEAUMGKSA-N									PlantCyc/PMN local PGDB
CPD-14043	CPD-14043	N -hydroxyhomomethionine	179.0616139788					C6H12NO3S			plantcyc <https://plantcyc.org/>		179.0616139788	CSCCC[C@@H](C([O-])=O)NO		ICWHQHNAQWNMTM-YFKPBYRVSA-M									PlantCyc/PMN local PGDB
CPD-8652	CPD-8652	leucodopachrome	195.0531577825					C9H8NO4			plantcyc <https://plantcyc.org/>	cyclo-dopa // 2-carboxy-2,3-dihydro-5,6-dihydroxyindole	195.0531577825	C([O-])(=O)[C@H]1(NC2(\C=C(C(/O)=C\C(/C1)=2)\O))		JDWYRSDDJVCWPB-LURJTMIESA-M									PlantCyc/PMN local PGDB
BISOHMYR-GLC	BISOHMYR-GLC	lipid A disaccharide ( E. coli )	1324.8876311033					C68H127N2O20P			plantcyc <https://plantcyc.org/>	2,3-bis-(3-hydroxytetradecanoyl)-beta-D-glucosaminyl-(beta-D-1,6)-2,3-bis-(3-hydroxytetradecanoyl)-alpha-D-glucosaminyl-1-phosphate // 2,3-bis(3-hydroxymyristoyl)-beta-D-glucosaminyl-1,6-beta-D-2,3-bis(3-hydroxymyristoyl)-alpha-D-glucosaminyl 1-phosphate // 2'-3'-diacyl-GlcN(beta-1'-6)2,3-diacyl-GlcN-1-P // 2,3,2',3'-tetrakis(3-hydroxymyristoyl)-D-glucosaminyl-1,6-alpha-D-glucosamine 1-phosphate // 2,3-bis(3-hydroxytetradecanoyl)-D-glucosaminyl-1,6-beta-D-2,3-bis(3-hydroxytetradecanoyl)-alpha-D-glucosaminyl 1-phosphate // [2- N ,3- O -bis(3-hydroxytetradecanoyl)-beta-D-glucosaminyl]-(1 -> 6)-[2- N ,3- O -bis(3-hydroxytetradecanoyl)-alpha-D-glucosaminyl phosphate] // tetraacyldisaccharide-1-phosphate	1324.8876311033	CCCCCCCCCCC[C@H](CC(=O)N[C@H]1([C@@H](O[C@H](CO)[C@H]([C@@H]1OC(=O)C[C@H](O)CCCCCCCCCCC)O)OC[C@@H]2([C@@H](O)[C@H](OC(C[C@H](O)CCCCCCCCCCC)=O)[C@@H](NC(=O)C[C@H](O)CCCCCCCCCCC)[C@@H](OP([O-])([O-])=O)O2)))O		HLDJGHAAKRKPAV-QDORLFPLSA-L									PlantCyc/PMN local PGDB
CPD-2482	CPD-2482	D-cycloserine	102.0429274472					C3H7N2O2			plantcyc <https://plantcyc.org/>	D-4-amino-3-isoxazolidinone // D-4-amino-3-isoxazolidone // orientomycin // Seromycin	102.0429274472	C1(ONC(=O)[C@H]([NH3+])1)		DYDCUQKUCUHJBH-UWTATZPHSA-O									PlantCyc/PMN local PGDB
CPD-8999	CPD-8999	5-(methylsulfanyl)-2,3-dioxopentyl 1-phosphate	242.0013952857					C6H9O6PS			plantcyc <https://plantcyc.org/>	1-phosphoryloxy-2,3-diketo-5-methylthiopentane // 1-phospho-2,3-diketo-5-methylthiopentane // DKM-1-P // 2,3-diketo-5-methylthio 1-phosphopentane // 2,3-diketo-5-methylthiopentyl 1-phosphate // 5-(methylsulfanyl)-2,3-dioxopentyl phosphate // 5-methylthio-1-(phosphonooxy)pentane-2,3-dione // 5-(methylthio)-2,3-dioxopentyl phosphate // 5-(methylthio)-2,3-dioxopentyl 1-phosphate	242.0013952857	CSCCC(=O)C(=O)COP([O-])(=O)[O-]		HKEAOVFNWRDVAJ-UHFFFAOYSA-L									PlantCyc/PMN local PGDB
CPD-15436	CPD-15436	(5Z)-tetradecenoyl-CoA	975.2979237581					C35H56N7O17P3S			plantcyc <https://plantcyc.org/>	cis -tetradec-5-enoyl-CoA // 14:1 cis -5 // 14:1(n-9) // (5Z)-tetradec-5-enoyl-CoA	975.2979237581	CCCCCCCC\C=C/CCCC(SCCNC(=O)CCNC(=O)[C@H](O)C(C)(C)COP(=O)(OP(=O)(OC[C@@H]1([C@@H](OP([O-])(=O)[O-])[C@@H](O)[C@@H](O1)N2(C3(\N=C/N=C(C(\N=C/2)=3)/N))))[O-])[O-])=O		MRVDZOHJMLTLHJ-STFCKWFXSA-J									PlantCyc/PMN local PGDB
CPD-7885	CPD-7885	tetracosanal	352.3705161629					C24H48O			plantcyc <https://plantcyc.org/>		352.3705161629	CCCCCCCCCCCCCCCCCCCCCCCC=O		HGINZVDZNQJVLQ-UHFFFAOYSA-N									PlantCyc/PMN local PGDB
CPD0-1240	CPD0-1240	monofluoromethylornithine	164.0961058719					C6H14N2O2F			plantcyc <https://plantcyc.org/>	2-fluoromethylornithine // alpha-Fluoromethylornithine // ornithine, 2-(fluoromethyl)-	164.0961058719	C(F)C(C(=O)[O-])([NH3+])CCC[NH3+]		PYSFCFGTQFSVRE-UHFFFAOYSA-O									PlantCyc/PMN local PGDB
CPD0-1393	CPD0-1393	2'-azido-2'-deoxyuridine-5'-diphosphate	447.0192439927					C9H10N5O12P2			plantcyc <https://plantcyc.org/>		447.0192439927	C(OP(=O)([O-])OP(=O)([O-])[O-])[C@@H]2([C@H](C([C@H](N1(\C=C/C(=O)NC1=O))O2)ON=[N+]=[N-])O)		XGNQBLVRLRDTNR-WDGWZIQESA-K									PlantCyc/PMN local PGDB
RIBOFLAVIN	RIBOFLAVIN	riboflavin	376.1382843954					C17H19N4O6			plantcyc <https://plantcyc.org/>	vitamin B 2	376.1382843954	CC3(\C=C2(C(/N(C[C@H](O)[C@H](O)[C@H](O)CO)C1(\C(\C(=O)[N-]C(=O)/N=1)=N/2))=C\C(/C)=3))		AUNGANRZJHBGPY-SCRDCRAPSA-M									PlantCyc/PMN local PGDB
CPD1F-437	CPD1F-437	quercetin-3-O-beta-D-glucoside	464.0954761072					C21H19O12			plantcyc <https://plantcyc.org/>	quercetin-3-glucoside // isoquercetin // isoquercitrin // isotrifoliin // glucosyl 3-quercetin // quercetin-3-O-beta-D-glucopyranoside	464.0954761072	C(O)[C@@H]1([C@@H](O)[C@H](O)[C@@H](O)[C@@H](O1)OC3(\C(=O)C4(/C(/OC(\C2(/C=C(C(/O)=C\C=2)/O))=3)=C\C(\[O-])=C/C(/O)=4)))		OVSQVDMCBVZWGM-QSOFNFLRSA-M									PlantCyc/PMN local PGDB
PHOSPHORIBOSYL-AMP	PHOSPHORIBOSYL-AMP	1-(5-phospho-beta-D-ribosyl)-AMP	559.0716734937					C15H19N5O14P2			plantcyc <https://plantcyc.org/>	1-(5-phosphoribosyl)-AMP // phosphoribosyl-AMP // 5-phosphoribosyl-AMP // N-(5-phospho-D-ribosyl)-AMP // N-(5'-phospho-D-ribosyl)-AMP // N1-(5-phospho-D-ribosyl)-AMP	559.0716734937	C(OP([O-])(=O)[O-])[C@H]4(O[C@@H](N1(C(C2(\N=C/N(C(\N=C/1)=2)[C@@H]3(O[C@H](COP(=O)([O-])[O-])[C@@H](O)[C@@H](O)3)))=N))[C@H](O)[C@@H]4O)		RTQMRTSPTLIIHM-KEOHHSTQSA-J									PlantCyc/PMN local PGDB
CPD-8092	CPD-8092	phosphatidylcholine (1-18:1-2-18:3)	783.5778051242					C44H80NO8P			plantcyc <https://plantcyc.org/>	1-oleoyl-2-alpha-linolenoyl-phosphatidylcholine // 18:1-18:3-PC // 1-(9Z-octadecenoyl)-2-(9Z,12Z,15Z-octadecatrienoyl)-sn-glycero-3-phosphocholine // 1-18:1-2-18:3-phosphatidylcholine	783.5778051242	CCCCCCCC\C=C/CCCCCCCC(OC[C@@H](OC(=O)CCCCCCC\C=C/C\C=C/C\C=C/CC)COP([O-])(=O)OCC[N+](C)(C)C)=O		FVQGNFUBHWGFCY-HJOYQDMMSA-N									PlantCyc/PMN local PGDB
N-HYDROXYL-TRYPTAMINE	N-HYDROXYL-TRYPTAMINE	N -hydroxyl-tryptamine	176.0949630177					C10H12N2O			plantcyc <https://plantcyc.org/>		176.0949630177	C(NO)CC1(\C2(/C=C\C=C/C(/N\C=1)=2))		SNIXRMIHFOIVBB-UHFFFAOYSA-N									PlantCyc/PMN local PGDB
UDP-OHMYR-GLUCOSAMINE	UDP-OHMYR-GLUCOSAMINE	UDP-3- O -[(3 R )-3-hydroxymyristoyl]-alpha-D-glucosamine	791.2642848705					C29H50N3O18P2			plantcyc <https://plantcyc.org/>	UDP-3- O -(3-hydroxytetradecanoyl)-D-glucosamine // UDP-3- O -(3-hydroxytetradecanoyl)glucosamine // UDP-3- O -(3-hydroxymyristoyl)-alpha-D-glucosamine	791.2642848705	CCCCCCCCCCC[C@H](CC(O[C@@H]3([C@H]([C@@H](OP(OP(OC[C@@H]2([C@H]([C@H]([C@H](N1(\C=C/C(=O)NC1=O))O2)O)O))(=O)[O-])(=O)[O-])O[C@@H]([C@H]3O)CO)[NH3+]))=O)O		ZFPNNOXCEDQJQS-SSVOXRMNSA-M									PlantCyc/PMN local PGDB
CPD-12331	CPD-12331	methyl gibberellin A 9	330.183109323					C20H26O4			plantcyc <https://plantcyc.org/>	GA 9 methyl ester // carboxymethyl GA 9 // methyl GA 9 // gibberellin A 9 methyl ester	330.183109323	C=C3([C@@H]2(CC[C@H]4([C@]15(CCC[C@@]([C@H]1[C@@H]([C@](C2)(C3)4)C(OC)=O)(C)C(O5)=O))))		GKRMJALKMNRHGF-WARWBDHMSA-N									PlantCyc/PMN local PGDB
CPDQT-416	CPDQT-416	4-(methylsulfanyl)butyl-desulfoglucosinolate	341.0966788561					C12H23NO6S2			plantcyc <https://plantcyc.org/>	4-(methylthio)butyl-desulfoglucosinolate	341.0966788561	CSCCCCC(\S[C@@H]1(O[C@H](CO)[C@@H](O)[C@H](O)[C@@H](O)1))=N\O		WILLOUKDISBKTQ-AHMUMSBHSA-N									PlantCyc/PMN local PGDB
SINAPATE	SINAPATE	sinapate	224.0684734957					C11H11O5			plantcyc <https://plantcyc.org/>	3,5-dimethoxy-4-hydroxycinnamate // sinapinate // sinapinic acid // sinapic acid // 3,5-dimethoxy-4-hydroxycinnamic acid // 4-hydroxy-3,5-dimethoxycinnamate	224.0684734957	COC1(\C(\O)=C(C=C(/C=C/C(=O)[O-])/C=1)\OC)		PCMORTLOPMLEFB-ONEGZZNKSA-M									PlantCyc/PMN local PGDB
CPD-8076	CPD-8076	1-18:3-2-16:1-monogalactosyldiacylglycerol	750.5281985964					C43H74O10			plantcyc <https://plantcyc.org/>	18:3-16:1-MGDG // 1-(9Z,12Z,15Z-octadecatrienoyl)-2-(7Z-hexadecenoyl)-3-O-beta-D-galactosyl-sn-glycerol	750.5281985964	CC\C=C/C\C=C/C\C=C/CCCCCCCC(OC[C@H](CO[C@@H]1(O[C@@H]([C@@H]([C@@H]([C@H]1O)O)O)CO))OC(CCCCC\C=C/CCCCCCCC)=O)=O		SYSPLJXKZRPIPM-LWNBRHQXSA-N									PlantCyc/PMN local PGDB
3-DEHYDRO-SHIKIMATE	3-DEHYDRO-SHIKIMATE	3-dehydroshikimate	172.0371733673					C7H7O5			plantcyc <https://plantcyc.org/>	3-dehydroshikimic acid // 5-dehydroshikimic acid // 5-dehydroshikimate	172.0371733673	C([O-])(=O)C1(\C[C@@H](O)[C@H](O)C(=O)/C=1)		SLWWJZMPHJJOPH-PHDIDXHHSA-M									PlantCyc/PMN local PGDB
CPD0-1718	CPD0-1718	7,8-dihydropterin	165.0650598728					C6H7N5O			plantcyc <https://plantcyc.org/>	dihydropterin // H2-pterin	165.0650598728	C1(\CNC2(/N=C(N)\NC(=O)C(/N=1)=2))		PXZWKVIXSKSCFR-UHFFFAOYSA-N									PlantCyc/PMN local PGDB
ALPHA-METHYL-5-ALPHA-ERGOSTA	ALPHA-METHYL-5-ALPHA-ERGOSTA	4alpha-methyl-5alpha-ergosta-8,14,24(28)-trien-3beta-ol	410.3548660987					C29H46O			plantcyc <https://plantcyc.org/>	4alpha-methyl-5alpha-ergosta-8,14,24(24 1 )-trien-3beta-ol	410.3548660987	CC(C)C(CC[C@@H](C)[C@H]2(CC=C3(C4(\CC[C@H]1([C@H](C)[C@@H](O)CC[C@@](C)1C(\CC[C@](C)23)=4)))))=C		HLAWVOWADPNAGN-BAHZUFOISA-N									PlantCyc/PMN local PGDB
13-HYDROPEROXYOCTADECA-911-DIENOATE	13-HYDROPEROXYOCTADECA-911-DIENOATE	(13 S )-HPODE	312.2300595156					C18H31O4			plantcyc <https://plantcyc.org/>	13(S)-hydroperoxy-9(Z),11(E)-octadecadienoate // (9Z,11E)-(13S)-13-hydroperoxyoctadeca-9,11-dienoate	312.2300595156	CCCCC[C@@H](/C=C/C=C\CCCCCCCC(=O)[O-])OO		JDSRHVWSAMTSSN-IRQZEAMPSA-M									PlantCyc/PMN local PGDB
CPD-15474	CPD-15474	gardenin B	358.1052529325					C19H18O7			plantcyc <https://plantcyc.org/>	5-hydroxy-2-(4-methoxyphenyl)-6,7,8-trimethoxy-4H-1-benzopyran-4-one // 5-hydroxy-4',6,7,8-tetramethoxyflavone // demethyltangeretin	358.1052529325	COC3(\C=C/C(/C1(/OC2(/C(/OC)=C(C(\OC)=C(C(\C(=O)\C=1)=2)\O)/OC)))=C\C=3)		LXEVSYZNYDZSOB-UHFFFAOYSA-N									PlantCyc/PMN local PGDB
CPD1F-138	CPD1F-138	gibberellin A 12 -aldehyde	316.2038447651					C20H27O3			plantcyc <https://plantcyc.org/>	GA 12 -aldehyde // GA12-aldehyde	316.2038447651	C=C1([C@H]2(C[C@]3(C1)([C@H]([C@@H]4([C@@](C)(CCC[C@@](C)([C@@H](CC2)3)4)C([O-])=O))C=O)))		ZCTUNYRXJKLWPY-LLCOKINKSA-M									PlantCyc/PMN local PGDB
DGTP	DGTP	dGTP	506.9957451569					C10H12N5O13P3			plantcyc <https://plantcyc.org/>	2'-deoxyguanosine-5'-triphosphate // deoxy-GTP // deoxyguanosine-triphosphate	506.9957451569	C(OP(=O)([O-])OP(=O)([O-])OP(=O)([O-])[O-])[C@H]3(O[C@@H](N1(C2(\N=C(N)/NC(=O)C(\N=C/1)=2)))C[C@H](O)3)		HAAZLUGHYHWQIW-KVQBGUIXSA-J									PlantCyc/PMN local PGDB
CPD-8268	CPD-8268	bisoleoyl phosphatidate	700.5043058301					C39H71O8P			plantcyc <https://plantcyc.org/>	18:1-18:1-PA // 1-18:1-2-18:1-phosphatidic acid // 1,2-(9Z-octadecenoyl)-sn-glycero-3-phosphate // 1-18:1-2-18:1-phosphatidate // dioleoyl phosphatidate	700.5043058301	CCCCCCCC\C=C/CCCCCCCC(OC[C@@H](OC(=O)CCCCCCC\C=C/CCCCCCCC)COP([O-])(=O)[O-])=O		MHUWZNTUIIFHAS-DSSVUWSHSA-L									PlantCyc/PMN local PGDB
CPD-24740	CPD-24740	5-iso prostaglandin F 2alpha -VI	354.2406242019					C20H33O5			plantcyc <https://plantcyc.org/>	5-iPF2a-VI // 5-iPF2alpha-VI // iPF 2alpha -I // isoprostane F 2alpha -I // 5-iso PGF 2alpha -VI	354.2406242019	CCCCC\C=C/C[C@H]1([C@H](O)C[C@H](O)[C@H]1/C=C/C(O)CCCC(=O)[O-])		RZCPXIZGLPAGEV-SUHLLOIRSA-M									PlantCyc/PMN local PGDB
CPD-12417	CPD-12417	3-sinapoyloxypropylglucosinolate	583.1029460255					C21H28NO14S2			plantcyc <https://plantcyc.org/>		583.1029460255	COC2(/C=C(/C=C/C(OCCCC(\S[C@@H]1(O[C@H](CO)[C@@H](O)[C@H](O)[C@@H](O)1))=N\OS(=O)(=O)[O-])=O)/C=C(C(\O)=2)/OC)		ZXNGTIMPVQJBQY-LUPOLDEESA-M									PlantCyc/PMN local PGDB
CPD-22719	CPD-22719	colibactin	770.2304869961					C37H38N8O7S2			plantcyc <https://plantcyc.org/>		770.2304869961	C[C@H]8(CCC(/C7(/C(=O)NC1(CC1)C(/CC(=O)NCC(=O)C6(\N=C(C(C(C5(\N=C(CNC(CC4(\C2(CC2)NC(=O)C(/C3(\CC[C@H](C)/N=3))=4))=O)/S\C=5))=O)=O)/S\C=6))=7))=N\8)		ZWKHDAZPVITMAI-ROUUACIJSA-N									PlantCyc/PMN local PGDB
CPD0-1660	CPD0-1660	alpha-ethynylagmatine	154.1218464702					C7H14N4			plantcyc <https://plantcyc.org/>	EA	154.1218464702	C#CC(N)CCCNC(N)=N		VPTPVJMIJOZPON-UHFFFAOYSA-N									PlantCyc/PMN local PGDB
CPD1G-277	CPD1G-277	cerotoyl-CoA	1145.5013745927					C47H82N7O17P3S			plantcyc <https://plantcyc.org/>	hexacosanoyl-CoA	1145.5013745927	CCCCCCCCCCCCCCCCCCCCCCCCCC(=O)SCCNC(=O)CCNC([C@H](O)C(C)(C)COP([O-])(=O)OP([O-])(=O)OC[C@@H]1([C@@H](OP(=O)([O-])[O-])[C@@H](O)[C@@H](O1)N2(\C=N/C3(C(/N)=N\C=N/C2=3))))=O		FHLYYFPJDVYWQH-CPIGOPAHSA-J									PlantCyc/PMN local PGDB
CPD-7280	CPD-7280	(3 S ,5 R ,6 S )-5,6-epoxy-3-hydroxy-5,6-dihydro-12'-apo-beta-caroten-12'-al	382.2507949577					C25H34O3			plantcyc <https://plantcyc.org/>		382.2507949577	CC(/C=C/C=C(C)/C=C/[C@@]12(OC(C[C@H](O)CC(C)(C)1)2))=C\C=C\C=C(C)\CC=O		FYYDCJDEFSYVOY-WENURHBKSA-N									PlantCyc/PMN local PGDB
CPD-21258	CPD-21258	alpha-L-xylopyranose	150.0528234315					C5H10O5			plantcyc <https://plantcyc.org/>		150.0528234315	[C@H]1(O)(OC[C@H](O)[C@@H](O)[C@H](O)1)		SRBFZHDQGSBBOR-SKNVOMKLSA-N									PlantCyc/PMN local PGDB
NORSPERMIDINE	NORSPERMIDINE	norspermidine	131.1422475613					C6H20N3			plantcyc <https://plantcyc.org/>	3,3'-iminobispropylamine // bis(3-aminopropyl)amine // N -3-aminopropyl-1,3-diaminopropane // sym -norspermidine	131.1422475613	C(CC[NH2+]CCC[NH3+])[NH3+]		OTBHHUPVCYLGQO-UHFFFAOYSA-Q									PlantCyc/PMN local PGDB
3-5-ADP	3-5-ADP	adenosine 3',5'-bisphosphate	427.0294147485					C10H11N5O10P2			plantcyc <https://plantcyc.org/>	adenosine-3',5'-bisphosphate // phosphoadenosine phosphate // PAP // adenosine 3',5'-diphosphate (incorrect)	427.0294147485	C(OP(=O)([O-])[O-])[C@H]3(O[C@@H](N1(C2(\C(\N=C/1)=C(N)/N=C\N=2)))[C@H](O)[C@H](OP([O-])(=O)[O-])3)		WHTCPDAXWFLDIH-KQYNXXCUSA-J									PlantCyc/PMN local PGDB
CPD-730	CPD-730	(9 S ,13 S ,15 Z )-12-oxo-10,11-dihydrophyto-15-enoate	294.2194948293					C18H29O3			plantcyc <https://plantcyc.org/>	3-oxo-2-(cis-2'-pentenyl)-cyclopentane-1-octanoic acid // oxopentenyl-cyclopentane-octanoic acid // OPC8 // OPC-8:0 // (1S,2S)-OPC8 // 8-[(1S,2S)-3-oxo-2-{(Z)-pent-2-enyl}cyclopentyl]octanoate // 3-oxo-2-(cis-2'-pentenyl)-cyclopentane-1-octanoate // (9 S ,13 S )-12-oxo-15-phytoenoate // (9 S ,13 S )-12-oxo-10,11-dihydro-15-phytoenoate	294.2194948293	CC\C=C/C[C@H]1([C@H](CCC(=O)1)CCCCCCCC([O-])=O)		BZXZFDKIRZBJEP-JMTMCXQRSA-M									PlantCyc/PMN local PGDB
CPD-11835	CPD-11835	24-epibrassinolide	480.3450892734					C28H48O6			plantcyc <https://plantcyc.org/>		480.3450892734	CC(C)[C@@H](C)[C@@H](O)[C@H](O)[C@@H](C)[C@H]4(CC[C@@H]3([C@](C)(CC[C@H]2([C@H](COC(=O)[C@H]1(C[C@H](O)[C@H](O)C[C@@](C)12))3))4))		IXVMHGVQKLDRKH-QHBHMFGVSA-N									PlantCyc/PMN local PGDB
CPD-12546	CPD-12546	3'-azido-3'-deoxythymidine 5'-phosphate	349.0787344043					C10H12N5O7P			plantcyc <https://plantcyc.org/>	3'-azido-3'-deoxythymidine monophosphate // AZTMP // Zidovudine monophosphate // Zidovudine 5'-monophosphate // ZDVMP	349.0787344043	CC1(\C(=O)NC(N(\C=1)[C@H]2(C[C@H](N=[N+]=[N-])[C@@H](COP(=O)([O-])[O-])O2))=O)		OIFWQOKDSPDILA-XLPZGREQSA-L									PlantCyc/PMN local PGDB
DOPAQUINONE	DOPAQUINONE	dopaquinone	195.0531577825					C9H9NO4			plantcyc <https://plantcyc.org/>		195.0531577825	C([O-])(=O)[C@@H]([NH3+])CC1(\C=C/C(=O)C(\C=1)=O)		AHMIDUVKSGCHAU-LURJTMIESA-N									PlantCyc/PMN local PGDB
CPD-2190	CPD-2190	1-18:3-2-16:3-monogalactosyldiacylglycerol	746.496898468					C43H70O10			plantcyc <https://plantcyc.org/>	18:3-16:3-MGDG // 1-(9Z,12Z,15Z-octadecatrienoyl)-2-(7Z,10Z,13Z-hexadecatrienoyl)-3-O-beta-D-galactosyl-sn-glycerol	746.496898468	CC\C=C/C\C=C/C\C=C/CCCCCCCC(OC[C@H](CO[C@@H]1(O[C@@H]([C@@H]([C@@H]([C@H]1O)O)O)CO))OC(CCCCC\C=C/C\C=C/C\C=C/CC)=O)=O		ZRLAOEYZSKXGSL-RZRNQMRLSA-N									PlantCyc/PMN local PGDB
CPD-464	CPD-464	prephytoene diphosphate	722.4440275575					C40H65O7P2			plantcyc <https://plantcyc.org/>	(1R,2R,3R)-prephytoene diphosphate	722.4440275575	CC(C)=CCCC(\C)=C/CCC(\C)=C/CCC(\C)=C/[C@@H]1([C@@](CC/C=C(C)/CC/C=C(C)/CCC=C(C)C)([C@H]1COP(OP(=O)([O-])[O-])([O-])=O)C)		RVCNKTPCHZNAAO-IMSLGMFESA-K									PlantCyc/PMN local PGDB
CPD-24726	CPD-24726	8- epi -prostaglandin F 2alpha	354.2406242019					C20H33O5			plantcyc <https://plantcyc.org/>	8-iso-prostaglandin F 2alpha // 8-epi-PGF2alpha // 8-iso-PGF2a // 8-IsoP // 8-isoprostane // 9,11,15-trihydroxy-prosta-5,13-dien-1-oate	354.2406242019	CCCCC[C@H](O)/C=C/[C@H]1([C@H](O)C[C@H](O)[C@@H](C\C=C/CCCC(=O)[O-])1)		PXGPLTODNUVGFL-NAPLMKITSA-M									PlantCyc/PMN local PGDB
CPD-24935	CPD-24935	alpha-D-ribulofuranose	150.0528234315					C5H10O5			plantcyc <https://plantcyc.org/>		150.0528234315	C(O)[C@@]1(O)([C@H](O)[C@H](O)CO1)		LQXVFWRQNMEDEE-WDCZJNDASA-N									PlantCyc/PMN local PGDB
CPD-8033	CPD-8033	quercetin 3,7- O -diglucoside	626.1482995387					C27H30O17			plantcyc <https://plantcyc.org/>		626.1482995387	C([C@H]5(O[C@@H](OC3(\C=C(C4(\C(C(/O[C@H]1([C@@H]([C@H]([C@@H]([C@H](O1)CO)O)O)O))=C(C2(\C=C/C(/O)=C(/C=2)/O))\OC(/C=3)=4)=O))\O))[C@@H]([C@H]([C@@H]5O)O)O))O		BNSCASRSSGJHQH-DEFKTLOSSA-N									PlantCyc/PMN local PGDB
N-ACETYL-D-GLUCOSAMINE-1-P	N-ACETYL-D-GLUCOSAMINE-1-P	N -acetyl-alpha-D-glucosamine 1-phosphate	301.0562676277					C8H14NO9P			plantcyc <https://plantcyc.org/>		301.0562676277	CC(=O)N[C@@H]1([C@@H](O)[C@H](O)[C@@H](CO)O[C@H](OP([O-])(=O)[O-])1)		FZLJPEPAYPUMMR-FMDGEEDCSA-L									PlantCyc/PMN local PGDB
CPD-4615	CPD-4615	dihydrozeatin-7- N -glucose	383.1804835611					C16H25N5O6			plantcyc <https://plantcyc.org/>		383.1804835611	CC(CCNC1(\C2(N(\C=N/C(\N=C/N=1)=2)[C@@H]3([C@@H]([C@H]([C@@H]([C@H](O3)CO)O)O)O))))CO		WSELIHNWDGFXRQ-CLORPHGJSA-N									PlantCyc/PMN local PGDB
5-HYDROXY-CONIFERALDEHYDE	5-HYDROXY-CONIFERALDEHYDE	5-hydroxy-coniferaldehyde	194.0579088094					C10H10O4			plantcyc <https://plantcyc.org/>		194.0579088094	COC1(\C(\O)=C(C=C(/C=C/C=O)/C=1)\O)		IEHPLRVWOHZKCS-NSCUHMNNSA-N									PlantCyc/PMN local PGDB
CPDQT-412	CPDQT-412	( Z )-&omega;-(methylsulfanyl)hexyl-thiohydroximate	193.0595054888					C7H15NOS2			plantcyc <https://plantcyc.org/>	( Z )- N -hydroxy-6-(methylsulfanyl)heximidothioate	193.0595054888	CSCCCCCC(\S)=N\O		HZGWSMQRHPTXFL-UHFFFAOYSA-N									PlantCyc/PMN local PGDB
CPD-24349	CPD-24349	arsenic-phytochelatin 3	843.0854824356					C26H35N7O14S3AS			plantcyc <https://plantcyc.org/>	arsenic-PC 3 // As III -PC 3	843.0854824356	C2(S[As]1(SC[C@@H](C(N[C@H](C([O-])=O)CCC(=O)N[C@@H](CS1)C(N[C@@H](C([O-])=O)CCC(=O)N[C@H]2C(NCC([O-])=O)=O)=O)=O)NC(=O)CC[C@H]([NH3+])C([O-])=O))		JMWFRADNOZWWRR-PCXUGDDNSA-K									PlantCyc/PMN local PGDB
CHORISMATE	CHORISMATE	chorismate	226.0477380536					C10H8O6			plantcyc <https://plantcyc.org/>	chorismic acid	226.0477380536	C=C(C(=O)[O-])O[C@H]1([C@H](O)\C=C/C(/C([O-])=O)=C\1)		WTFXTQVDAKGDEY-HTQZYQBOSA-L									PlantCyc/PMN local PGDB
QUINATE	QUINATE	L-quinate	192.0633881178					C7H11O6			plantcyc <https://plantcyc.org/>	(-)-quinic acid // (-)-quinate // (1S,3R,4S,5R)-1,3,4,5-tetrahydroxycyclohexanecarboxylate	192.0633881178	C(=O)([O-])[C@@]1(O)(C[C@@H](O)[C@H](O)[C@H](O)C1)		AAWZDTNXLSGCEK-WYWMIBKRSA-M									PlantCyc/PMN local PGDB
KDO	KDO	3-deoxy-alpha-D- manno -2-octulosonate	238.0688674262					C8H13O8			plantcyc <https://plantcyc.org/>	alpha-2-keto-3-deoxyoctulosonic acid pyranose // 3-Kdo // deoxy-manno-octulosonate // ketodeoxyoctonate // 3-deoxy-alpha-D- manno -octulosonate // 3-deoxy-alpha-D- manno -oct-2-ulosonate // 2-keto-3-deoxyoctonate	238.0688674262	C(O)[C@@H](O)[C@H]1(O[C@@](O)(C([O-])=O)C[C@H]([C@H]1O)O)		NNLZBVFSCVTSLA-HXUQBWEZSA-M									PlantCyc/PMN local PGDB
CPD-8259	CPD-8259	beta-D-ribosylnicotinate	257.0899372193					C11H13NO6			plantcyc <https://plantcyc.org/>	nicotinic acid riboside // ribosylnicotinate // nicotinic acid ribose // nicotinate riboside	257.0899372193	C(O)[C@@H]1([C@@H](O)[C@@H](O)[C@@H](O1)[N+]2(\C=C/C=C(/C=2)/C(=O)[O-]))		PUEDDPCUCPRQNY-ZYUZMQFOSA-N									PlantCyc/PMN local PGDB
DMPBQ	DMPBQ	2,3-dimethyl-6-phytyl-1,4-benzoquinol	416.365430785					C28H48O2			plantcyc <https://plantcyc.org/>		416.365430785	CC(CCC[C@H](CCC[C@@H](C)CCCC(\C)=C/CC1(/C=C(C(/C)=C(C)/C(/O)=1)/O))C)C		SUFZKUBNOVDJRR-WGEODTKDSA-N									PlantCyc/PMN local PGDB
CPD-9934	CPD-9934	fumigatol	170.0579088094					C8H10O4			plantcyc <https://plantcyc.org/>		170.0579088094	CC1(\C(\O)=C(C(\OC)=C(\C=1)\O)\O)		FBRSHCVRTNPNES-UHFFFAOYSA-N									PlantCyc/PMN local PGDB
ENTEROBACTIN	ENTEROBACTIN	enterobactin	669.1442172138					C30H27N3O15			plantcyc <https://plantcyc.org/>	(2,3-dihydroxybenzoylserine) 3 // enterochelin // N -(2,3-dihydroxybenzoyl)- O -[ N -(2,3-dihydroxybenzoyl)- O -[ N -(2,3-dihydroxybenzoyl)-L-seryl]-L-seryl]-L-serine-(3->1(3))-lactone	669.1442172138	C2([C@H](NC(=O)C1(\C(\O)=C(\C=C/C=1)\O))C(OC[C@@H](C(OC[C@@H](C(=O)O2)NC(=O)C3(\C(\O)=C(\C=C/C=3)\O))=O)NC(=O)C4(/C=C\C=C(C(\O)=4)\O))=O)		SERBHKJMVBATSJ-BZSNNMDCSA-N									PlantCyc/PMN local PGDB
PHOSPHORIBOSYL-CARBOXY-AMINOIMIDAZOLE	PHOSPHORIBOSYL-CARBOXY-AMINOIMIDAZOLE	5-amino-1-(5-phospho-D-ribosyl)imidazole-4-carboxylate	339.0467655739					C9H11N3O9P			plantcyc <https://plantcyc.org/>	1-(5-phosphoribosyl)-4-carboxy-5-aminoimidazole // 5'-P-ribosyl-4-carboxy-5-aminoimidazole // 5'-phosphoribosyl-4-carboxy-5-aminoimidazole // 5-phosphoribosyl-4-carboxy-5-aminoimidazole // 1-(5'-phosphoribosyl)-5-amino-4-imidazole carboxylate // 1-(5'-phosphoribosyl)-4-carboxy-5-aminoimidazole // 4-carboxyaminoimidazole ribonucleotide // phosphoribosyl-carboxy-aminoimidazole	339.0467655739	C(OP(=O)([O-])[O-])[C@H]2(O[C@@H](N1(C(/N)=C(C(=O)[O-])/N=C\1))[C@H](O)[C@H](O)2)		XFVULMDJZXYMSG-ZIYNGMLESA-K									PlantCyc/PMN local PGDB
CPD-23986	CPD-23986	11beta-hydroxy-5alpha-androstanedione	304.2038447651					C19H28O3			plantcyc <https://plantcyc.org/>	11OHDHA4 // 11OH-5alpha-dione	304.2038447651	C[C@@]34(CCC(=O)C[C@H](CC[C@@H]1([C@H]([C@@H](O)C[C@]2(C)(C(CC[C@@H]12)=O))3))4)		FZEAQJIXYCPBLD-NYNCOMEHSA-N									PlantCyc/PMN local PGDB
CPD-7994	CPD-7994	1-methylpyrrolinium	85.0891493583					C5H10N			plantcyc <https://plantcyc.org/>	1-methyl-&Delta; 1 -pyrrolinium ion // N -methyl-&Delta; 1 -pyrrolinium cation	85.0891493583	C[N+]1(\CCC\C=1)		FDWZAOGDOVQOLD-UHFFFAOYSA-N									PlantCyc/PMN local PGDB
D-HEXOSE-6-PHOSPHATE	D-HEXOSE-6-PHOSPHATE	D-hexose 6-phosphate	260.0297185262					C6H11O9P			plantcyc <https://plantcyc.org/>		260.0297185262	C(OP(=O)([O-])[O-])C1(OC(O)C(O)C(O)C(O)1)		NBSCHQHZLSJFNQ-UHFFFAOYSA-L									PlantCyc/PMN local PGDB
CPD-14274	CPD-14274	3-oxocerotoyl-CoA	1159.4806391506					C47H80N7O18P3S			plantcyc <https://plantcyc.org/>	3-oxohexacosanoyl-CoA	1159.4806391506	CCCCCCCCCCCCCCCCCCCCCCCC(=O)CC(=O)SCCNC(=O)CCNC(=O)[C@H](O)C(C)(C)COP(=O)(OP(=O)(OC[C@H]1(O[C@H]([C@@H]([C@@H]1OP([O-])(=O)[O-])O)N2(C3(\N=C/N=C(C(\N=C/2)=3)/N))))[O-])[O-]		VOMUIFOBQMYJPJ-CPIGOPAHSA-J									PlantCyc/PMN local PGDB
L-CANALINE	L-CANALINE	L-canaline	134.0691421977					C4H10N2O3			plantcyc <https://plantcyc.org/>	L-a-amino-g-(aminooxy)-n-butyric acid // L-2-amino-4-(aminooxy)butyric acid // L-2-amino-4-(aminooxy)butyrate	134.0691421977	C(C[C@H]([NH3+])C(=O)[O-])ON		FQPGMQABJNQLLF-VKHMYHEASA-N									PlantCyc/PMN local PGDB
CPD-302	CPD-302	D-aspartate	133.0375077183					C4H6NO4			plantcyc <https://plantcyc.org/>	D-aspartic acid	133.0375077183	C(C(=O)[O-])[C@@H]([NH3+])C(=O)[O-]		CKLJMWTZIZZHCS-UWTATZPHSA-M									PlantCyc/PMN local PGDB
ACETYL-P	ACETYL-P	acetyl phosphate	139.987459781					C2H3O5P			plantcyc <https://plantcyc.org/>	acetyl-P	139.987459781	CC(OP([O-])(=O)[O-])=O		LIPOUNRJVLNBCD-UHFFFAOYSA-L									PlantCyc/PMN local PGDB
CPD0-1252	CPD0-1252	dihydro-10-thiopteroate	331.0739099996					C14H12N5O3S			plantcyc <https://plantcyc.org/>	dihydro-10-thiopteroic acid	331.0739099996	C1(NC3(/N=C(N)\NC(=O)C(/N=C1/CSC2(\C=C/C(/C([O-])=O)=C\C=2))=3))		DVFLJCBBQOODBA-UHFFFAOYSA-M									PlantCyc/PMN local PGDB
CPD-24959	CPD-24959	beta-L-ribulofuranose	150.0528234315					C5H10O5			plantcyc <https://plantcyc.org/>		150.0528234315	C(O)[C@@]1(O)([C@@H](O)[C@@H](O)CO1)		LQXVFWRQNMEDEE-YUPRTTJUSA-N									PlantCyc/PMN local PGDB
CPD-3631	CPD-3631	(-)-maackiain	284.0684734957					C16H12O5			plantcyc <https://plantcyc.org/>	(6aR,12aR)-6a,12a-dihydro-6H-[1,3]dioxolo[5,6][1]benzofuro[3,2-c]chromen-3-ol // (6aR,12aR)-3-hydroxy-8,9-methylenedioxypterocarpane	284.0684734957	C2(OC5(/C=C(\C=C/C(/[C@@H]3(OC4(/C=C1(C(/OCO1)=C\C(\[C@H]23)=4))))=5)/O))		HUKSJTUUSUGIDC-ZBEGNZNMSA-N									PlantCyc/PMN local PGDB
CPD-21770	CPD-21770	2-methoxy-6-( all-trans -hexaprenyl)phenol	532.4280310418					C37H56O2			plantcyc <https://plantcyc.org/>	2-hexaprenyl-6-methoxyphenol // 2- all trans -hexaprenyl-6-methoxyphenol	532.4280310418	CC(C)=CCCC(\C)=C/CCC(\C)=C/CCC(\C)=C/CCC(\C)=C/CCC(\C)=C/CC1(/C=C\C=C(C(/O)=1)\OC)		WVPRAWNIVDFQBO-DUBIXASGSA-N									PlantCyc/PMN local PGDB
BUTHIONINE-SULFOXIMINE	BUTHIONINE-SULFOXIMINE	buthionine sulfoximine	222.1038131445					C8H18N2O3S			plantcyc <https://plantcyc.org/>	S -butyl-DL-homocysteine ( S,R )-sulfoximine // 2-amino-4-( S -butylsulfonimidoyl)butanoate	222.1038131445	CCCCS(=O)(=N)CC[C@H]([NH3+])C(=O)[O-]		KJQFBVYMGADDTQ-CVSPRKDYSA-N									PlantCyc/PMN local PGDB
CPD-14282	CPD-14282	trans -lignocer-2-enoyl-CoA	1115.4544244001					C45H76N7O17P3S			plantcyc <https://plantcyc.org/>	trans -2,3-dihydro-lignocerenoyl-CoA // (2 E )-lignocerenoyl-CoA	1115.4544244001	CCCCCCCCCCCCCCCCCCCCC/C=C/C(=O)SCCNC(=O)CCNC([C@H](O)C(C)(C)COP([O-])(=O)OP([O-])(=O)OC[C@@H]1([C@@H](OP(=O)([O-])[O-])[C@@H](O)[C@@H](O1)N2(\C=N/C3(C(/N)=N\C=N/C2=3))))=O		UVJKZCSQLMWPMV-LQJAWXTISA-J									PlantCyc/PMN local PGDB
CPD-12385	CPD-12385	( Z )-1-(L-cysteinyglycin- S -yl)- N -hydroxy-2-phenylethan-1-imine	311.0939767397					C13H17N3O4S			plantcyc <https://plantcyc.org/>		311.0939767397	C(SC(/CC1(\C=C/C=C\C=1))=N/O)[C@H]([NH3+])C(=O)NCC(=O)[O-]		FRNQPMDCZLCKPZ-WSJCWXPMSA-N									PlantCyc/PMN local PGDB
CPD-3344	CPD-3344	pyruvic oxime	103.026943032					C3H4NO3			plantcyc <https://plantcyc.org/>		103.026943032	CC(/C(=O)[O-])=N\O		MVGBKLTYYAYYGY-DUXPYHPUSA-M									PlantCyc/PMN local PGDB
L-PANTOATE	L-PANTOATE	(R)-pantoate	148.0735588736					C6H11O4			plantcyc <https://plantcyc.org/>	pantoate // L-pantoate	148.0735588736	CC(C)(CO)[C@H](C([O-])=O)O		OTOIIPJYVQJATP-BYPYZUCNSA-M									PlantCyc/PMN local PGDB
FARNESYL-PP	FARNESYL-PP	(2 E ,6 E )-farnesyl diphosphate	382.1310262735					C15H25O7P2			plantcyc <https://plantcyc.org/>	2- trans ,6- trans -farnesyl diphosphate // 2-trans,6-trans-farnesyl diphosphate // FPP // trans, trans -farnesyl diphosphate // farnesyl-PP // farnesyl pyrophosphate // &omega;, E,E -farnesyl diphosphate // farnesyl diphosphate // ( E,E )-farnesyl diphosphate // all-trans -farnesyl diphosphate // C 15 -PP	382.1310262735	CC(C)=CCCC(\C)=C/CCC(\C)=C/COP(OP([O-])(=O)[O-])(=O)[O-]		VWFJDQUYCIWHTN-YFVJMOTDSA-K									PlantCyc/PMN local PGDB
CPDQT-400	CPDQT-400	ADP-5-ethyl-4-methylthiazole-2-carboxylate	596.0491639126					C17H19N6O12P2S			plantcyc <https://plantcyc.org/>	AHZ // adenosine diphosphate 5-(beta-ethyl)-4-methyl-thiazole-2-carboxylic acid // ADT // adenylated thiazole // 2-carboxylate-4-methyl-5-beta-(ethyl adenosine 5-diphosphate) thiazole	596.0491639126	CC4(\N=C(C(=O)[O-])/SC(/CCOP(OP(OC[C@H]3(O[C@@H](N1(C2(\C(\N=C/1)=C(N)/N=C\N=2)))[C@H](O)[C@H](O)3))(=O)[O-])(=O)[O-])=4)		VGXBGQACJQRWLV-LKGUXBDMSA-K									PlantCyc/PMN local PGDB
CPD-16357	CPD-16357	N -(hexacosanoyl)-phytosphingosine	695.6791603505					C44H89NO4			plantcyc <https://plantcyc.org/>	cer2_26 // ceramide-2 (phytosphingosine:N-C26:0) // N -(hexacosanoyl)-4-hydroxysphinganine // ceramide B (C26) // ceramide-2 (C26) // ceramide N(C26:0)P(C:18:0)	695.6791603505	CCCCCCCCCCCCCCCCCCCCCCCCCC(=O)N[C@@H](CO)[C@@H]([C@H](O)CCCCCCCCCCCCCC)O		GKRXVCWVXYHWOD-KZRDWULCSA-N									PlantCyc/PMN local PGDB
CPD-8067	CPD-8067	kaempferol 3- O -beta- D -glucosyl-(1->2)-beta-D-glucoside	610.1533849166					C27H29O16			plantcyc <https://plantcyc.org/>	kaempferol-3- O -sophoroside	610.1533849166	C5(\C(\C3(\OC4(/C=C(/C=C(C(\C(C(/O[C@H]1([C@@H]([C@H]([C@H](O)[C@H](O1)CO)O)O[C@H]2([C@@H]([C@H]([C@H](O)[C@H](O2)CO)O)O)))=3)=O)=4)/O)/[O-])))=C/C=C(\C=5)/O)		LKZDFKLGDGSGEO-UJECXLDQSA-M									PlantCyc/PMN local PGDB
2-OXOBUTANOATE	2-OXOBUTANOATE	2-oxobutanoate	102.0316940589					C4H5O3			plantcyc <https://plantcyc.org/>	2-oxobutyrate // 2-ketobutyrate // 2-oxobutyric acid // alpha-oxobutyric acid // alpha-ketobutyrate // alpha-ketobutyric acid // 2-oxo-butyrate // 2-keto-butyrate // 2-ketobutyric acid // a-ketobutyric acid	102.0316940589	CCC(=O)C(=O)[O-]		TYEYBOSBBBHJIV-UHFFFAOYSA-M									PlantCyc/PMN local PGDB
CPD-10460	CPD-10460	4-hydroxylamino-2,6-dinitrotoluene-O-glucoside	379.1226939107					C13H17N3O10			plantcyc <https://plantcyc.org/>	4-HADNT O-glucoside	379.1226939107	CC2(/C(/[N+](=O)[O-])=C\C(\NOC1([C@H](O)[C@@H](O)[C@H](O)[C@@H](CO)O1))=C/C(/[N+]([O-])=O)=2)		YBIKXELGQAEZAC-HENWMNBSSA-N									PlantCyc/PMN local PGDB
DELTA1-PIPERIDEINE-2-CARBOXYLATE	DELTA1-PIPERIDEINE-2-CARBOXYLATE	1-piperideine-2-carboxylate	127.0633285383					C6H8NO2			plantcyc <https://plantcyc.org/>	1,2-didehydropiperidine-2-carboxylate // &Delta; 1 -piperideine-2-carboxylate	127.0633285383	C1(/N=C(CCC1)/C(=O)[O-])		GEJXSVNGWOSZPC-UHFFFAOYSA-M									PlantCyc/PMN local PGDB
CPD0-1324	CPD0-1324	P1-uridyl-P2-phenyl diphosphate	480.0334970734					C15H16N2O12P2			plantcyc <https://plantcyc.org/>		480.0334970734	C(OP(=O)([O-])OP(=O)(OC1(\C=C/C=C\C=1))[O-])[C@@H]2([C@@H](O)[C@@H](O)[C@@H](O2)N3(\C=C/C(=O)NC(=O)3))		ZHUWBKDWWGKIEN-FMKGYKFTSA-L									PlantCyc/PMN local PGDB
CPD-15530	CPD-15530	aldehydo -D-glucuronate	194.0426526757					C6H9O7			plantcyc <https://plantcyc.org/>	aldehydo -D-glucuronic acid	194.0426526757	C(=O)[C@H](O)[C@@H](O)[C@H](O)[C@H](O)C(=O)[O-]		IAJILQKETJEXLJ-QTBDOELSSA-M									PlantCyc/PMN local PGDB
GLUCOTROPEOLIN	GLUCOTROPEOLIN	glucotropaeolin	409.050122594					C14H18NO9S2			plantcyc <https://plantcyc.org/>	glucotropeolin	409.050122594	C(O)[C@@H]2([C@@H](O)[C@H](O)[C@@H](O)[C@H](SC(/CC1(\C=C/C=C\C=1))=N/OS(=O)(=O)[O-])O2)		QQGLQYQXUKHWPX-RFEZBLSLSA-M									PlantCyc/PMN local PGDB
CPD-18078	CPD-18078	2,4,6-trihydroxycinnamoyl-CoA	945.1418170466					C30H38N7O20P3S			plantcyc <https://plantcyc.org/>		945.1418170466	CC(C)(COP(OP([O-])(OC[C@@H]1([C@@H](OP([O-])([O-])=O)[C@@H](O)[C@@H](O1)N2(C3(\N=C/N=C(C(\N=C/2)=3)/N))))=O)([O-])=O)[C@@H](O)C(=O)NCCC(=O)NCCSC(=O)/C=C/C4(/C(/O)=C\C(\O)=C(\C=4)\O)		SYWCHDHDSJLGJL-VWNJLPARSA-J									PlantCyc/PMN local PGDB
CPD0-967	CPD0-967	hexanediol 1,6-bisphosphate	278.0320405104					C6H12O8P2			plantcyc <https://plantcyc.org/>	hexanediol-1,6-diphosphate	278.0320405104	C(OP(=O)([O-])[O-])CCCCCOP(=O)([O-])[O-]		WEFLHIGSMGJZMW-UHFFFAOYSA-J									PlantCyc/PMN local PGDB
CPD-8066	CPD-8066	ajugose	990.3275052753					C36H62O31			plantcyc <https://plantcyc.org/>	alpha-D-Galp-(1->6)-alpha-D-Galp-(1->6)-alpha-D-Galp-(1-6)-alpha-D-Galp-(1->6)-alpha-D-Glcp-(1->2)-beta-D-Fruf	990.3275052753	C(O)[C@@H]1([C@H](O)[C@H](O)[C@@H](O)[C@H](O1)OC[C@@H]2([C@H](O)[C@H](O)[C@@H](O)[C@H](O2)OC[C@@H]3([C@H](O)[C@H](O)[C@@H](O)[C@H](O3)OC[C@@H]6([C@H](O)[C@H](O)[C@@H](O)[C@@H](OC[C@@H]5([C@@H](O)[C@H](O)[C@@H](O)[C@@H](O[C@@]4(CO)([C@@H](O)[C@H](O)[C@@H](CO)O4))O5))O6))))		NCIHJQNXRKJRMJ-HKJJPIHFSA-N									PlantCyc/PMN local PGDB
CPD-21324	CPD-21324	14- apo -arabidiol	292.2402302714					C19H32O2			plantcyc <https://plantcyc.org/>		292.2402302714	CC(=O)[C@@H]1(CC[C@H]2([C@](C)1CC[C@@H]3([C@@](C)2CC[C@H](O)C(C)(C)3)))		XVVLVNIOQHUWFO-USOAJAOKSA-N									PlantCyc/PMN local PGDB
PALMITALDEHYDE	PALMITALDEHYDE	hexadecanal	240.2453156493					C16H32O			plantcyc <https://plantcyc.org/>	palmitoyl aldehyde // palmitaldehyde	240.2453156493	CCCCCCCCCCCCCCCC=O		NIOYUNMRJMEDGI-UHFFFAOYSA-N									PlantCyc/PMN local PGDB
CPD-9245	CPD-9245	palmitoleate	254.2245802072					C16H29O2			plantcyc <https://plantcyc.org/>	(9 Z )-hexadec-9-enoate // palmitoleic acid (16:1&Delta;9) // palmitoleic acid // (9 Z )-hexadecenoic acid // cis-9-hexadecenoic acid // cis-9-hexadecenoate	254.2245802072	CCCCCC\C=C/CCCCCCCC(=O)[O-]		SECPZKHBENQXJG-FPLPWBNLSA-M									PlantCyc/PMN local PGDB
CPD-12126	CPD-12126	menaquinol- 9	786.6314818764					C56H82O2			plantcyc <https://plantcyc.org/>	MKH2-9	786.6314818764	CC(C)=CCCC(\C)=C/CCC(\C)=C/CCC(\C)=C/CCC(\C)=C/CCC(\C)=C/CCC(\C)=C/CCC(\C)=C/CCC(\C)=C/CC1(/C(\C)=C(C2(/C=C\C=C/C(/C(/O)=1)=2))/O)		KNWZIPKBOGOFFC-UVZVDVBNSA-N									PlantCyc/PMN local PGDB
CPD-8609	CPD-8609	4,4-dimethyl-5-alpha-cholesta-8,14-dien-3-beta-ol	412.3705161629					C29H48O			plantcyc <https://plantcyc.org/>		412.3705161629	CC(C)CCC[C@H]([C@@H]4([C@]1(C)(C(C2(\CC[C@@H]3([C@@](C)(C(\CC1)=2)CC[C@H](O)C(C)(C)3)))=CC4)))C		OGQJUYXFIOFTMA-PBJLWWPKSA-N									PlantCyc/PMN local PGDB
CPD-465	CPD-465	presqualene diphosphate	586.3188270439					C30H49O7P2			plantcyc <https://plantcyc.org/>		586.3188270439	CC(C)=CCCC(\C)=C/CCC(\C)=C/[C@@H]1([C@@](C)(CC/C=C(C)/CCC=C(C)C)[C@H]1COP(OP([O-])([O-])=O)([O-])=O)		ATZKAUGGNMSCCY-QLYDTTAWSA-K									PlantCyc/PMN local PGDB
CPD-17372	CPD-17372	1-(18-hydroxyoleoyl)- sn -glycrol 3-phosphate	452.2539048029					C21H39O8P			plantcyc <https://plantcyc.org/>	1-(18-hydroxyoleoyl)-2-lyso-phosphatidate	452.2539048029	C(O)CCCCCCC\C=C/CCCCCCCC(=O)OC[C@H](COP([O-])([O-])=O)O		GFJKJLHWWZXDAU-KXFGNQBASA-L									PlantCyc/PMN local PGDB
4-AMINO-4-DEOXYCHORISMATE	4-AMINO-4-DEOXYCHORISMATE	4-amino-4-deoxychorismate	225.0637224688					C10H10NO5			plantcyc <https://plantcyc.org/>		225.0637224688	C=C(C(=O)[O-])O[C@H]1([C@H]([NH3+])\C=C/C(/C([O-])=O)=C\1)		OIUJHGOLFKDBSU-HTQZYQBOSA-M									PlantCyc/PMN local PGDB
NN-DIMETHYLANILINE-N-OXIDE	NN-DIMETHYLANILINE-N-OXIDE	N,N -dimethylaniline- N -oxide	137.0840639804					C8H11NO			plantcyc <https://plantcyc.org/>		137.0840639804	CN(C)(=O)C1(\C=C/C=C\C=1)		LKQUDAOAMBKKQW-UHFFFAOYSA-N									PlantCyc/PMN local PGDB
CPD-498	CPD-498	gibberellin A 51 -catabolite	330.1467238167					C19H20O5			plantcyc <https://plantcyc.org/>	GA51-catabolite	330.1467238167	C=C1([C@H]2(C[C@]3(C1)([C@H]([C@@H]4([C@@](C([O-])=O)(C)CC(=O)C=C([C@@H](CC2)3)4))C([O-])=O)))		JBJGOHHQQSPYTO-BLMVKCSQSA-L									PlantCyc/PMN local PGDB
CPD-12139	CPD-12139	N -(sulfonatooxy)prop-2-enimidothioate	196.9816490983					C4H5NO4S2			plantcyc <https://plantcyc.org/>	N -(sulfonatooxy)prop-2-enimidothioic acid // 2-propenyl-thiohydroximate-O-sulfate	196.9816490983	C=CCC(\[S-])=N\OS([O-])(=O)=O		KUCLLOHRTWVXPV-UHFFFAOYSA-L									PlantCyc/PMN local PGDB
ADENOSINE_DIPHOSPHATE_RIBOSE	ADENOSINE_DIPHOSPHATE_RIBOSE	ADP-D-ribose	559.0716734937					C15H21N5O14P2			plantcyc <https://plantcyc.org/>	adenosine diphosphate D-ribose // adenosine 5'-(5-deoxy-D-ribofuranos-5-yl diphosphate) // adenosine 5'-diphosphoribose	559.0716734937	C(OP(=O)([O-])OP(OC[C@@H]1([C@@H](O)[C@@H](O)C(O1)O))(=O)[O-])[C@H]4(O[C@@H](N2(C3(\C(\N=C/2)=C(N)/N=C\N=3)))[C@H](O)[C@H](O)4)		SRNWOUGRCWSEMX-TYASJMOZSA-L									PlantCyc/PMN local PGDB
CPD-8462	CPD-8462	pentadecanoate	242.2245802072					C15H29O2			plantcyc <https://plantcyc.org/>	pentadecanoic acid	242.2245802072	CCCCCCCCCCCCCCC([O-])=O		WQEPLUUGTLDZJY-UHFFFAOYSA-M									PlantCyc/PMN local PGDB
CPD-13084	CPD-13084	brassicasterol 3-O-beta-D-glucoside	560.4076895302					C34H56O6			plantcyc <https://plantcyc.org/>	3-O-beta-D-brassicasterol-glucoside // beta-D-glucopyranoside, (3beta,22E)-ergosta-5,22-dien-3-yl // 3-O-beta-D-glucosyl-brassicasterol	560.4076895302	CC(C)[C@@H](C)/C=C/[C@@H](C)[C@H]4(CC[C@H]5([C@@H]3(C\C=C2(C[C@@H](O[C@@H]1(O[C@H](CO)[C@@H](O)[C@H](O)[C@@H](O)1))CC[C@@](C)2[C@H]3CC[C@](C)45))))		ILUZPRRJJSFYEH-OBNQGTFASA-N									PlantCyc/PMN local PGDB
CPD-12513	CPD-12513	UDP-beta-L-arabinopyranose	536.0444556902					C14H20N2O16P2			plantcyc <https://plantcyc.org/>		536.0444556902	C3(O[C@H](OP(OP(OC[C@@H]2([C@H]([C@H]([C@H](N1(\C=C/C(=O)NC1=O))O2)O)O))(=O)[O-])(=O)[O-])[C@H](O)[C@@H](O)[C@@H](O)3)		DQQDLYVHOTZLOR-IAZOVDBXSA-L									PlantCyc/PMN local PGDB
CPD0-1678	CPD0-1678	trimethylacetaldehyde	86.0731649431					C5H10O			plantcyc <https://plantcyc.org/>		86.0731649431	CC(C=O)(C)C		FJJYHTVHBVXEEQ-UHFFFAOYSA-N									PlantCyc/PMN local PGDB
CPD-12523	CPD-12523	alpha-D-galacturonate	194.0426526757					C6H9O7			plantcyc <https://plantcyc.org/>	alpha-D-galacturonic acid	194.0426526757	C([O-])(=O)[C@@H]1([C@@H]([C@@H]([C@H]([C@H](O1)O)O)O)O)		AEMOLEFTQBMNLQ-BKBMJHBISA-M									PlantCyc/PMN local PGDB
CPD-13713	CPD-13713	adenosine 5'-phosphoselenate	474.9643500064					C10H12N5O10PSE			plantcyc <https://plantcyc.org/>	adenylyl-selenate // APSe // adenosine phosphoselenate // adenylylselenate // adenosine-5'-phosphoselenate	474.9643500064	C(OP(=O)([O-])O[Se](=O)(=O)[O-])[C@H]3(O[C@@H](N1(C2(\C(\N=C/1)=C(N)/N=C\N=2)))[C@H](O)[C@H](O)3)		XCADVMZZFPIERR-KQYNXXCUSA-L									PlantCyc/PMN local PGDB
HYDROXY-METHYL-BUTENYL-DIP	HYDROXY-METHYL-BUTENYL-DIP	( E )-4-hydroxy-3-methylbut-2-en-1-yl diphosphate	262.000740382					C5H9O8P2			plantcyc <https://plantcyc.org/>	( E )-4-hydroxy-3-methylbut 2-en-1-yl diphosphate // HMBDP // 1-hydroxy-2-methyl-2-(E)-butenyl 4-diphosphate	262.000740382	CC(/CO)=C\COP(OP([O-])(=O)[O-])(=O)[O-]		MDSIZRKJVDMQOQ-GORDUTHDSA-K									PlantCyc/PMN local PGDB
CPD-4127	CPD-4127	isofucosterol	412.3705161629					C29H48O			plantcyc <https://plantcyc.org/>		412.3705161629	C\C=C(CC[C@@H](C)[C@H]3(CC[C@H]4([C@@H]2(C\C=C1(C[C@@H](O)CC[C@@](C)1[C@H]2CC[C@](C)34)))))/C(C)C		OSELKOCHBMDKEJ-WGMIZEQOSA-N									PlantCyc/PMN local PGDB
4-P-PANTOTHENATE	4-P-PANTOTHENATE	( R )-4'-phosphopantothenate	299.0770030698					C9H15NO8P			plantcyc <https://plantcyc.org/>	4'-phosphopantothenate // 4'-P-Pantothenate // D-4'-phosphopantothenate	299.0770030698	CC([C@H](C(=O)NCCC(=O)[O-])O)(COP([O-])([O-])=O)C		XHFVGHPGDLDEQO-ZETCQYMHSA-K									PlantCyc/PMN local PGDB
CPD-9592	CPD-9592	1-(2-oxindole-3-acetyl)-beta-D-glucose	353.1110665919					C16H19NO8			plantcyc <https://plantcyc.org/>	1-O-{2-oxoindol-3-ylacetyl)-beta-D-glucopyranoside	353.1110665919	C(O)[C@H]3(O[C@@H](OC(=O)CC1(C(=O)NC2(\C=C/C=C\C1=2)))[C@H](O)[C@@H](O)[C@H](O)3)		MLVJTFNIARPUAO-LCNORDJOSA-N									PlantCyc/PMN local PGDB
CPD-4482	CPD-4482	3-methyl-4- cis -hydroxy-2-butenal	100.052429501					C5H8O2			plantcyc <https://plantcyc.org/>		100.052429501	CC(\CO)=C\C=O		BSHDRMLUCYMQOP-DJWKRKHSSA-N									PlantCyc/PMN local PGDB
CPD-14499	CPD-14499	erythrodiol	442.3810808492					C30H50O2			plantcyc <https://plantcyc.org/>	olean-12-ene-3beta,28-diol // 3beta-erythrodiol	442.3810808492	CC4(C[C@H]5(C2(\[C@]([C@@]1(CC[C@H]3(C([C@H](CC[C@]([C@H]1C\C=2)3C)O)(C)C))C)(CC[C@@](CC4)5CO)C)))C		PSZDOEIIIJFCFE-OSQDELBUSA-N									PlantCyc/PMN local PGDB
RIBOSE-1-ARSENATE	RIBOSE-1-ARSENATE	ribose-1-arsenate	273.9669887299					C5H9O8AS			plantcyc <https://plantcyc.org/>		273.9669887299	C(O)[C@@H]1([C@@H](O)[C@@H](O)[C@@H](O[As]([O-])(=O)[O-])O1)		RYJJOMQPAAUFBF-TXICZTDVSA-L									PlantCyc/PMN local PGDB
CPD-697	CPD-697	brassinolide	480.3450892734					C28H48O6			plantcyc <https://plantcyc.org/>		480.3450892734	CC(C)[C@H](C)[C@@H](O)[C@H](O)[C@@H](C)[C@H]4(CC[C@@H]3([C@](C)(CC[C@H]2([C@H](COC(=O)[C@H]1(C[C@H](O)[C@H](O)C[C@@](C)12))3))4))		IXVMHGVQKLDRKH-KNBKMWSGSA-N									PlantCyc/PMN local PGDB
CPD-10447	CPD-10447	2-hydroxylamino-4,6-dinitrotoluene	217.0698704792					C7H7N3O5			plantcyc <https://plantcyc.org/>	2-HADNT	217.0698704792	CC1(/C(/NO)=C\C(\[N+](=O)[O-])=C/C(/[N+](=O)[O-])=1)		KONVLHWTMAMGAA-UHFFFAOYSA-N									PlantCyc/PMN local PGDB
CPD-506	CPD-506	D- myo -inositol (1,3,4,5)-tetrakisphosphate	499.9287097514					C6H8O18P4			plantcyc <https://plantcyc.org/>	Ins(1,3,4,5)P 4 // inositol (1,3,4,5)-tetra kis phosphate // 1D- myo -inositol (1,3,4,5)-tetra kis phosphate	499.9287097514	[C@@H]1(O)([C@@H](OP([O-])(=O)[O-])[C@H](OP(=O)([O-])[O-])[C@@H](OP(=O)([O-])[O-])[C@@H](O)[C@@H](OP([O-])([O-])=O)1)		CIPFCGZLFXVXBG-CNWJWELYSA-F									PlantCyc/PMN local PGDB
SALUTARIDINE	SALUTARIDINE	salutaridine	327.1470581677					C19H22NO4			plantcyc <https://plantcyc.org/>	5,6,8,14-tetradehydro-4-hydroxy-3,6-dimethoxy-17-methyl-morphinan-7-one	327.1470581677	C[NH+]3([C@H]1(C4(\[C@](C2(\C(\O)=C(\C=C/C(\C1)=2)\OC))(CC3)/C=C(C(/C=4)=O)/OC)))		GVTRUVGBZQJVTF-YJYMSZOUSA-O									PlantCyc/PMN local PGDB
CPD-15533	CPD-15533	tetracenomycin C	472.1005614851					C23H20O11			plantcyc <https://plantcyc.org/>		472.1005614851	CC1(/C2(C(/C=C(C(/C(OC)=O)=1)/OC)=C/C3(/C(=O)[C@]4(O)([C@](O)(C(=O)C(/C(O)=2)=3)C(=O)/C=C([C@@H](O)4)/OC))))		ULHJWHCSSAEMLW-UEVCKROQSA-N									PlantCyc/PMN local PGDB
GLC-1-P	GLC-1-P	alpha-D-glucopyranose 1-phosphate	260.0297185262					C6H11O9P			plantcyc <https://plantcyc.org/>	glucose 1-phosphate // cori ester // D-glucose 1-phosphate // glucose-1P // alpha-glucose-1-phosphate // D-glucose-alpha-1-phosphate // alpha-D-glucose-1-P // D-glucose-1-phosphate // alpha-D-glucose 1-phosphate	260.0297185262	C(O)[C@H]1(O[C@H](OP(=O)([O-])[O-])[C@H](O)[C@@H](O)[C@H](O)1)		HXXFSFRBOHSIMQ-VFUOTHLCSA-L									PlantCyc/PMN local PGDB
CMP-KDO	CMP-KDO	CMP-3-deoxy-beta-D- manno -octulosonate	543.1101536917					C17H24N3O15P			plantcyc <https://plantcyc.org/>	CMP-2-dehydro-3-deoxy-D-octonate // CMP-beta-Kdo // CMP-ketodeoxyoctonate	543.1101536917	C(O)[C@@H](O)[C@H]3(O[C@@](OP(OC[C@@H]2([C@H]([C@H]([C@H](N1(\C=C/C(/N)=N\C1=O))O2)O)O))(=O)[O-])(C([O-])=O)C[C@H]([C@H]3O)O)		YWWJKULNWGRYAS-XKKDATLGSA-L									PlantCyc/PMN local PGDB
L-1-LYSOPHOSPHATIDATE	L-1-LYSOPHOSPHATIDATE	1-oleoyl- sn -glycerol 3-phosphate	436.2589901808					C21H39O7P			plantcyc <https://plantcyc.org/>	L-2-lysophosphatidate // lysophosphatidic acid // LPA // oleoyl lysophosphatidic acid // 1-oleoyl-lyso-phosphatidic acid // 1-oleyl-2-lyso-phosphatidate	436.2589901808	CCCCCCCC\C=C/CCCCCCCC(=O)OC[C@H](COP([O-])([O-])=O)O		WRGQSWVCFNIUNZ-GDCKJWNLSA-L									PlantCyc/PMN local PGDB
CPD-59	CPD-59	(9Z,11E,14Z)-(13S)-hydroperoxyoctadeca-(9,11,14)-trienoate	310.2144094514					C18H29O4			plantcyc <https://plantcyc.org/>		310.2144094514	CCC\C=C/[C@@H](/C=C/C=C\CCCCCCCC([O-])=O)OO		UKAYSZOBJMGOTG-NVZNDERGSA-M									PlantCyc/PMN local PGDB
PROTOHEME	PROTOHEME	protoheme	618.1929477006					C34H30N4O4FE			plantcyc <https://plantcyc.org/>	protoheme IX // ferroprotoporphyrin IX // ferroheme b	618.1929477006	C=CC4(\C(/C)=C5(\C=C6(C(/C)=C(CCC(=O)[O-])/C7(\C=C8(C(/CCC(=O)[O-])=C(C)/C1(/N([Fe-2]3(N(C(/C=C2(C(/C)=C(C=C)/C(\C=1)=[N+]2/3))=4)5)([N+]/6=7))8))))))		KABFMIBPWCXCRK-RGGAHWMASA-J									PlantCyc/PMN local PGDB
CPD-8163	CPD-8163	1-16:0-2-18:2-digalactosyldiacylglycerol	916.6123221563					C49H88O15			plantcyc <https://plantcyc.org/>	16:0-18:2-DGDG // 1-hexadecanoyl-2-(9Z,12Z-octadecadienoyl)-3-O-[alpha-D-galactosyl-(1->6)-O-beta-D-galactosyl]-sn-glycerol	916.6123221563	C(O)C1(OC(C(O)C(O)C1O)OC2(C(CO)OC(C(O)C2O)OC(COC([R1])=O)COC([R2])=O))		QZXMUPATKGLZAP-GNSPKCTRSA-N									PlantCyc/PMN local PGDB
CPD-560	CPD-560	5-(methylsulfanyl)-D-ribose	180.0456295636					C6H12O4S			plantcyc <https://plantcyc.org/>	5-methylthio-D-ribose // 5-methylthioribose // S -methyl-5-thio-D-ribofuranose // S -methyl-5-thio-D-ribose	180.0456295636	CSC[C@H]1(OC([C@@H]([C@@H]1O)O)O)		OLVVOVIFTBSBBH-JDJSBBGDSA-N									PlantCyc/PMN local PGDB
CPD-13089	CPD-13089	(12Z,15Z)-9,10-epoxyoctadeca-12,15-dienoate	294.2194948293					C18H29O3			plantcyc <https://plantcyc.org/>	(12Z,15Z)-9,10-epoxyoctadeca-12,15-dienoic acid // (12Z,15Z)-9,10-epoxyoctadecadienoate	294.2194948293	CC\C=C/C\C=C/CC1(OC1CCCCCCCC(=O)[O-])		JTEGNNHWOIJBJZ-ZJSQCTGTSA-M									PlantCyc/PMN local PGDB
CPD-8088	CPD-8088	1-linoleoyl-2-oleoyl-phosphatidylcholine	785.5934551884					C44H82NO8P			plantcyc <https://plantcyc.org/>	phosphatidylcholine (1-18:2-2-18:1) // 18:2-18:1-PC // 1-18:2-2-18:1-phosphatidylcholine	785.5934551884	CCCCC\C=C/C\C=C/CCCCCCCC(OC[C@@H](OC(=O)CCCCCCC\C=C/CCCCCCCC)COP([O-])(=O)OCC[N+](C)(C)C)=O		RTAZWRZKFSTMOY-NMSVECGZSA-N									PlantCyc/PMN local PGDB
LOGANATE	LOGANATE	loganate	376.1369469914					C16H23O10			plantcyc <https://plantcyc.org/>	loganic acid	376.1369469914	C[C@H]1([C@@H](O)C[C@H]3([C@@H]1[C@H](O[C@@H]2(O[C@H](CO)[C@@H](O)[C@H](O)[C@@H](O)2))O/C=C3/C([O-])=O))		JNNGEAWILNVFFD-CDJYTOATSA-M									PlantCyc/PMN local PGDB
CPD-535	CPD-535	beta-D-fructose 2,6-bisphosphate	339.9960489346					C6H10O12P2			plantcyc <https://plantcyc.org/>	fructose 2,6-diphosphate // fru 2,6-P 2	339.9960489346	C([C@H]1(O[C@@]([C@H]([C@@H]1O)O)(CO)OP([O-])([O-])=O))OP(=O)([O-])[O-]		YXWOAJXNVLXPMU-ZXXMMSQZSA-J									PlantCyc/PMN local PGDB
CPD-12373	CPD-12373	indole-5,6-quinone	147.0320284099					C8H5NO2			plantcyc <https://plantcyc.org/>	IQ // indolequinone	147.0320284099	C1(\C2(\C(\N\C=1)=C/C(=O)C(=O)\C=2))		IGGVVGHJSQSLFO-UHFFFAOYSA-N									PlantCyc/PMN local PGDB
CPD-236	CPD-236	gibberellin A 29	348.157288503					C19H23O6			plantcyc <https://plantcyc.org/>	GA29	348.157288503	C=C1([C@@]3(O)(C[C@]4(C1)([C@H]([C@@H]5([C@]2(C(=O)O[C@](C[C@H](O)C2)([C@@H](CC3)4)5)(C)))C([O-])=O)))		BKBYHSYZKIAJDA-LPEMZMRWSA-M									PlantCyc/PMN local PGDB
CPDQT-395	CPDQT-395	16-hentriacontanol	452.4957166765					C31H64O			plantcyc <https://plantcyc.org/>		452.4957166765	CCCCCCCCCCCCCCCC(O)CCCCCCCCCCCCCCC											PlantCyc/PMN local PGDB
TYRAMINE	TYRAMINE	tyramine	137.0840639804					C8H12NO			plantcyc <https://plantcyc.org/>	tyrosamine // 4-(2-aminoethyl)phenol // p -hydroxyphenethylamine // 2-( p -hydroxyphenyl)ethylamine // para -tyramine // p -tyramine	137.0840639804	C1(\C=C(\C=C/C(\CC[NH3+])=1)\O)		DZGWFCGJZKJUFP-UHFFFAOYSA-O									PlantCyc/PMN local PGDB
DIHYDROXYPIRIDIN-CPD	DIHYDROXYPIRIDIN-CPD	pyridine-3,4-diol	111.0320284099					C5H5NO2			plantcyc <https://plantcyc.org/>	3,4-dihydroxypyridine	111.0320284099	C1(\N=C/C(/O)=C(\C=1)/O)		ZCUUVWCJGRQCMZ-UHFFFAOYSA-N									PlantCyc/PMN local PGDB
CPD-12367	CPD-12367	8-oxo-GMP	379.0529135843					C10H12N5O9P			plantcyc <https://plantcyc.org/>	7,8-dihydro-8-oxo-guanosine 5'-phosphate	379.0529135843	C(OP(=O)([O-])[O-])[C@H]3(O[C@@H](N1(C2(\N=C(N)/NC(=O)C(NC(=O)1)=2)))[C@H](O)[C@H](O)3)		MDSQIQSLWQTQDK-UMMCILCDSA-L									PlantCyc/PMN local PGDB
GAP	GAP	D-glyceraldehyde 3-phosphate	169.9980244673					C3H5O6P			plantcyc <https://plantcyc.org/>	3-phosphoglyceraldehyde // D-glyceraldehyde-3-P // glyceraldehyde 3-phosphate // GAP // glyceraldehyde-phosphate // glyceraldehyde-P // glyceraldehyde-3-P // (2 R )-2-hydroxy-3-(phosphooxy)-propanal // triose phosphate	169.9980244673	C(=O)[C@H](O)COP(=O)([O-])[O-]		LXJXRIRHZLFYRP-VKHMYHEASA-L									PlantCyc/PMN local PGDB
CPD-12045	CPD-12045	alpha-L-arabinofuranose	150.0528234315					C5H10O5			plantcyc <https://plantcyc.org/>	alpha-L-arabinose // alpha-L-Ara f	150.0528234315	C(O)[C@H]1([C@H](O)[C@@H](O)[C@H](O)O1)		HMFHBZSHGGEWLO-QMKXCQHVSA-N									PlantCyc/PMN local PGDB
CPD-11660	CPD-11660	5-methoxy-2-methyl-3-( all-trans -decaprenyl)benzoquinone	832.6733466911					C58H88O3			plantcyc <https://plantcyc.org/>	2-decaprenyl-3-methyl-6-methoxy-1,4-benzoquinone // 6-methoxy-3-methyl-2-( all-trans -decaprenyl)-1,4-benzoquinone	832.6733466911	CC(C)=CCCC(\C)=C/CCC(\C)=C/CCC(\C)=C/CCC(\C)=C/CCC(\C)=C/CCC(\C)=C/CCC(\C)=C/CCC(\C)=C/CCC(\C)=C/CC1(\C(C(/OC)=C\C(C(/C)=1)=O)=O)		DLBRMPAESNEOJM-RGIWONJESA-N									PlantCyc/PMN local PGDB
CPD-6948	CPD-6948	beta-amyrin	426.3861662271					C30H50O			plantcyc <https://plantcyc.org/>	beta-amyrenol	426.3861662271	CC4(C[C@H]5(C2(\[C@]([C@@]1(CC[C@H]3(C(C)(C)[C@H](CC[C@]([C@H]1C\C=2)3C)O))C)(CC[C@@](C)(CC4)5)C)))C		JFSHUTJDVKUMTJ-QHPUVITPSA-N									PlantCyc/PMN local PGDB
CPD-8892	CPD-8892	leukotriene A 4	318.2194948293					C20H29O3			plantcyc <https://plantcyc.org/>	leukotriene A(4) // (7E,9E,11Z,14Z)-(5S,6S)-5,6-epoxyicosa-7,9,11,14-tetraenoate	318.2194948293	CCCCC\C=C/C\C=C/C=C/C=C/[C@@H]1(O[C@@H]1CCCC(=O)[O-])		UFPQIRYSPUYQHK-XWYPZHSRSA-M									PlantCyc/PMN local PGDB
CPD0-1584	CPD0-1584	2,4-diamino-6-ethyl-5,3'-(2-cyclohexylphenoxy)prop-1'-yloxypyrimidine	412.2474409143					C23H32N4O3			plantcyc <https://plantcyc.org/>		412.2474409143	CCC3(/N=C(N)\N=C(C(/OCCCOC2(\C(/C1(CCC(C(C)=O)CC1))=C/C=C\C=2))=3)\N)		GKVIGLISMFSOPU-UHFFFAOYSA-N									PlantCyc/PMN local PGDB
17-O-ACETYLNORAJMALINE	17-O-ACETYLNORAJMALINE	17- O -acetylnorajmaline	354.1943427113					C21H26N2O3			plantcyc <https://plantcyc.org/>	acetylnorajmaline	354.1943427113	CC[C@H]3([C@@H]2(C4([C@@H](OC(=O)C)C15(C6(\C(\N[C@H]1[C@H](C2)N([C@H](O)3)[C@H]4C5)=C/C=C\C=6)))))		VAOXSMUPPRUEKF-ZXDSMUBISA-N									PlantCyc/PMN local PGDB
CPD-9870	CPD-9870	2-methoxy-6-( all trans -nonaprenyl)benzene-1,4-diol	752.6107464343					C52H80O3			plantcyc <https://plantcyc.org/>	2-nonaprenyl-6-methoxy-1,4-benzoquinol // 2-methoxy-6-nonaprenyl-1,4-benzoquinol	752.6107464343	CC(C)=CCCC(\C)=C/CCC(\C)=C/CCC(\C)=C/CCC(\C)=C/CCC(\C)=C/CCC(\C)=C/CCC(\C)=C/CCC(\C)=C/CC1(\C(\O)=C(/C=C(\C=1)/O)\OC)		SKAOREKNLOKWTC-JSGWLJPKSA-N									PlantCyc/PMN local PGDB
S-TETRAHYDROBERBERINE	S-TETRAHYDROBERBERINE	( S )-canadine	339.1470581677					C20H21NO4			plantcyc <https://plantcyc.org/>	( S )-tetrahydroberberine	339.1470581677	C1(CC4(\C(\[C@@H]2(CC3(\C=C/C(/OC)=C(C(/CN12)=3)/OC)))=C/C5(/OCOC(/C=4)=5)))		VZTUIEROBZXUFA-INIZCTEOSA-N									PlantCyc/PMN local PGDB
CPD-12908	CPD-12908	4alpha-formyl-ergosta-7,24(24 1 )-dien-3beta-ol	426.3497807208					C29H46O2			plantcyc <https://plantcyc.org/>		426.3497807208	CC(C)C(CC[C@@H](C)[C@H]3(CC[C@H]4(C1([C@@H]([C@@]2(C)(CC[C@H](O)[C@@H](C=O)[C@H](CC=1)2))CC[C@](C)34))))=C		RFKHEEQSEZBUAP-KMPIVKRFSA-N									PlantCyc/PMN local PGDB
CPD-26609	CPD-26609	(1R,5S,6S)-2-succinyl-5-enolpyruvyl-6-hydroxycyclohex-2-ene-1-carboxylate	328.0794321125					C14H13O9			plantcyc <https://plantcyc.org/>		328.0794321125	C=C(C(=O)[O-])O[C@H]1(C/C=C([C@H]([C@H](O)1)C(=O)[O-])/C(=O)CCC(=O)[O-])		JKJGLRGLOMRXFN-MVWJERBFSA-K									PlantCyc/PMN local PGDB
CPD-14133	CPD-14133	( R )-NADPHX	763.1016667914					C21H28N7O18P3			plantcyc <https://plantcyc.org/>		763.1016667914	C5(/N([C@@H]1(O[C@@H]([C@H]([C@H]1O)O)COP(OP(OC[C@H]4(O[C@@H](N2(C3(\C(\N=C/2)=C(N)/N=C\N=3)))[C@H](OP([O-])(=O)[O-])[C@H](O)4))(=O)[O-])(=O)[O-]))[C@H](O)CCC(/C(=O)N)=5)		SZKXTJUOKARGIY-MTKBYBFRSA-J									PlantCyc/PMN local PGDB
CPD-12917	CPD-12917	4alpha-hydroxymethyl-5alpha-cholesta-7,24-dien-3beta-ol	414.3497807208					C28H46O2			plantcyc <https://plantcyc.org/>		414.3497807208	CC(C)=CCC[C@@H](C)[C@H]3(CC[C@H]4(C1([C@@H]([C@]2(CC[C@H](O)[C@@H](CO)[C@H](CC=1)2)(C))CC[C@](C)34)))		FTXKHJXUVPWVQB-LVSAPHKCSA-N									PlantCyc/PMN local PGDB
4-CARBOXYMETHYLENEBUT-2-EN-4-OLIDE	4-CARBOXYMETHYLENEBUT-2-EN-4-OLIDE	cis -dienelactone	140.0109586168					C6H3O4			plantcyc <https://plantcyc.org/>	cis -4-carboxymethylenebut-2-en-4-olide	140.0109586168	C1(\C(\OC(=O)\C=1)=C\C(=O)[O-])		AYFXPGXAZMFWNH-ARJAWSKDSA-M									PlantCyc/PMN local PGDB
CPD-12115	CPD-12115	demethylmenaquinol-8	704.5532315554					C50H72O2			plantcyc <https://plantcyc.org/>	2-demethylmenaquinol-8 // DMKH2-8	704.5532315554	CC(C)=CCCC(\C)=C/CCC(\C)=C/CCC(\C)=C/CCC(\C)=C/CCC(\C)=C/CCC(\C)=C/CCC(\C)=C/CC1(/C=C(C2(/C=C\C=C/C(/C(/O)=1)=2))/O)		FGYPGICSXJEKCG-AENDIINCSA-N									PlantCyc/PMN local PGDB
CPD-5401	CPD-5401	p-chloromercuriphenylsulfonate	393.9354184268					C6H4O3SCLHG			plantcyc <https://plantcyc.org/>	p -chloromercuriphenyl sulphonate // p -chloromercuriphenyl sulphonic acid // p -CMPSA // p -chloromercuriphenylsulphonate // PCMBS // 4-chloromercuribenzenesulfonate // p -chloromercuribenzenesulfonate	393.9354184268	C1(\C=C/C(/S(=O)([O-])=O)=C\C=1)[Hg]Cl		XXEBDPRHFAWOND-UHFFFAOYSA-L									PlantCyc/PMN local PGDB
CPD-10254	CPD-10254	(9Z,12Z)-hexadeca-9,12-dienoyl-CoA	1001.3135738223					C37H58N7O17P3S			plantcyc <https://plantcyc.org/>	9,12-cis-hexadecadienoyl-CoA // 16:2-delta9,12-CoA // 9z,12z-hexadecadienoyl-CoA	1001.3135738223	CCC\C=C/C\C=C/CCCCCCCC(=O)SCCNC(=O)CCNC(=O)[C@H](O)C(C)(C)COP(=O)(OP(=O)(OC[C@@H]1([C@@H](OP([O-])(=O)[O-])[C@@H](O)[C@@H](O1)N2(C3(\N=C/N=C(C(\N=C/2)=3)/N))))[O-])[O-]		CQXSJFXWARGOBE-PCRJDALTSA-J									PlantCyc/PMN local PGDB
4-HYDROXY-BUTYRATE	4-HYDROXY-BUTYRATE	4-hydroxybutanoate	104.0473441231					C4H7O3			plantcyc <https://plantcyc.org/>	4-hydroxybutanoic acid // 4-hydroxybutyric acid // gamma-hydroxybutyrate // gamma-hydroxybutyric acid // g-hydroxybutyric acid // GHB // 4-hydroxybutyrate	104.0473441231	C(CCC([O-])=O)O		SJZRECIVHVDYJC-UHFFFAOYSA-M									PlantCyc/PMN local PGDB
L-HYOSCYAMINE	L-HYOSCYAMINE	( S )-atropine	289.1677936098					C17H24NO3			plantcyc <https://plantcyc.org/>	L-tropine tropate // daturine // duboisine // L-hyoscyamine // (S)-atropinium	289.1677936098	C[NH+]1([C@@H]2(C[C@@H](C[C@@H]1CC2)OC(=O)[C@H](CO)C3(\C=C/C=C\C=3)))		RKUNBYITZUJHSG-FXUDXRNXSA-O									PlantCyc/PMN local PGDB
CPD-26783	CPD-26783	OA-6129 B2	473.1831856775					C20H30N3O8S			plantcyc <https://plantcyc.org/>		473.1831856775	C[C@@H](O)[C@H]1(C(=O)N2(C(\C(=O)[O-])=C(C[C@H]12)/SCCNC(=O)CCNC(=O)[C@H](O)C(C)(C)CO))		HNLNYXRYILRJHY-JDOCFBBISA-M									PlantCyc/PMN local PGDB
CPD-12849	CPD-12849	(1 E ,3 E )-4-hydroxybuta-1,3-diene-1,2,4-tricarboxylate	202.0113525473					C7H3O7			plantcyc <https://plantcyc.org/>	4-carboxy-2-hydroxyhexa-2,4-cis,cis-dienedioate // 4-carboxy-2-hydroxy-cis,cis-muconate	202.0113525473	C(/C(/C(=O)[O-])=C\C(=O)[O-])=C(C(=O)[O-])\O		QWLUKZXOQAQUFQ-DXLKSGPOSA-K									PlantCyc/PMN local PGDB
CPD-12853	CPD-12853	4alpha-methyl-5alpha-cholesta-8,14,24-trien-3beta-ol	396.3392160345					C28H44O			plantcyc <https://plantcyc.org/>	cholesta-8,14,24-trien-3-ol, 4-methyl-, (3beta,4alpha,5alpha)-	396.3392160345	CC(C)=CCC[C@@H](C)[C@H]2(CC=C3(C4(\CC[C@H]1([C@H](C)[C@@H](O)CC[C@@](C)1C(\CC[C@](C)23)=4))))		QJVMEAZHJKXWJD-HESBYNJASA-N									PlantCyc/PMN local PGDB
CPD-10512	CPD-10512	16-oxo-palmitate	270.2194948293					C16H29O3			plantcyc <https://plantcyc.org/>	16-oxo-hexadecanoate	270.2194948293	C(=O)CCCCCCCCCCCCCCC(=O)[O-]		NKVUEIHJDGURIA-UHFFFAOYSA-M									PlantCyc/PMN local PGDB
CPD-13711	CPD-13711	3-[(3a S ,4 S ,7a S )-7a-methyl-1,5-dioxo-octahydro-1 H -inden-4-yl]propanoate	238.1205090662					C13H17O4			plantcyc <https://plantcyc.org/>	3aalpha-H-4alpha(3'-propanoate)-7abeta-methylhexahydro-1,5-indane-dione // 9,17-dioxo-1,2,3,4,10,19-hexanorandrostan-5-oic acid // 9,17-dioxo-1,2,3,4,10,19-hexanorandrostan-5-oate // HIP	238.1205090662	C[C@]12(CCC(=O)[C@@H](CCC([O-])=O)[C@H](CCC(=O)1)2)		PCCFNLPWOFTZPJ-RVBZMBCESA-M									PlantCyc/PMN local PGDB
CPD0-1614	CPD0-1614	2-methylaspartate	147.0531577825					C5H8NO4			plantcyc <https://plantcyc.org/>	alpha-methyl-DL-aspartate	147.0531577825	CC(C(=O)[O-])([NH3+])CC(=O)[O-]		CWAYDJFPMMUKOI-UHFFFAOYSA-M									PlantCyc/PMN local PGDB
CPD-4443	CPD-4443	cis -zeatin riboside monophosphate	431.120599219					C15H20N5O8P			plantcyc <https://plantcyc.org/>	cZRMP	431.120599219	CC(\CO)=C\CNC3(/N=C\N=C1(C(/N=C\N1[C@@H]2(O[C@H](COP(=O)([O-])[O-])[C@@H](O)[C@@H](O)2))=3))		IRILMCCKFANGJQ-BAJUWZQUSA-L									PlantCyc/PMN local PGDB
CPD-14050	CPD-14050	N , N -dihydroxytrihomomethionine	223.0878287293					C8H16NO4S			plantcyc <https://plantcyc.org/>		223.0878287293	CSCCCCC[C@@H](C([O-])=O)N(O)O		PBLLFERESQOVTJ-ZETCQYMHSA-M									PlantCyc/PMN local PGDB
CPD-330	CPD-330	L-galactono-1,4-lactone	178.0477380536					C6H10O6			plantcyc <https://plantcyc.org/>	L-galactono-gamma-lactone // L-galactonate-gamma-lactone // L-galactonic acid-gamma-lactone // L-galactonic acid-g-lactone	178.0477380536	C(O)[C@H](O)[C@@H]1([C@@H](O)[C@H](O)C(=O)O1)		SXZYCXMUPBBULW-NEEWWZBLSA-N									PlantCyc/PMN local PGDB
CPD-21252	CPD-21252	beta-D-idopyranuronate	194.0426526757					C6H9O7			plantcyc <https://plantcyc.org/>	beta-D-idopyranuronic acid	194.0426526757	C([O-])(=O)[C@H]1(O[C@@H](O)[C@@H](O)[C@H](O)[C@@H](O)1)		AEMOLEFTQBMNLQ-LVBGKUAWSA-M									PlantCyc/PMN local PGDB
CPD-23984	CPD-23984	11-oxodihydrotestosterone	304.2038447651					C19H28O3			plantcyc <https://plantcyc.org/>	11-ketodihydrotestosterone // 11KDHT	304.2038447651	C[C@@]34([C@H]2([C@H]([C@H]1([C@@](C)([C@@H](O)CC1)CC(=O)2))CC[C@H]3CC(=O)CC4))		RSQKILYTRHKUIJ-HZGXJFKTSA-N									PlantCyc/PMN local PGDB
CPD-474	CPD-474	(+)-taxifolin	304.0583027399					C15H11O7			plantcyc <https://plantcyc.org/>	trans dihydroquercetin // (+)-dihydroquercetin // taxifolin	304.0583027399	C3(/C=C(C(/O)=C\C(\[C@H]1(OC2(/C=C(/C=C(C(\C(=O)[C@H](O)1)=2)/O)/[O-])))=3)/O)		CXQWRCVTCMQVQX-LSDHHAIUSA-M									PlantCyc/PMN local PGDB
CPD-1083	CPD-1083	( E )-2-methylcrotonoyl-CoA	849.1570731803					C26H38N7O17P3S			plantcyc <https://plantcyc.org/>	methylcrotonyl-CoA // trans-2-methylbut-2-enoyl-CoA // 2-methylbut-2-enoyl-CoA // tigloyl-CoA // tiglyl-CoA // 2-methyl-crotonyl-CoA // ( E )-2-methylbut-2-enoyl-CoA	849.1570731803	C/C=C(C)/C(=O)SCCNC(=O)CCNC(=O)[C@H](O)C(C)(C)COP(=O)(OP(=O)(OC[C@@H]1([C@@H](OP([O-])(=O)[O-])[C@@H](O)[C@@H](O1)N2(C3(\N=C/N=C(C(\N=C/2)=3)/N))))[O-])[O-]		PMWATMXOQQZNBX-DKBZLLMOSA-J									PlantCyc/PMN local PGDB
CPD-21330	CPD-21330	oleanolate 3-O-beta-D-glucoside	618.4131688386					C36H57O8			plantcyc <https://plantcyc.org/>		618.4131688386	CC1(C)(CC[C@]2(C(=O)[O-])(CC[C@]3(C)(C(/[C@H](C1)2)=C/C[C@@H]4([C@@]5(C)(CC[C@@H](C(C)(C)[C@H](CC[C@@](C)34)5)O[C@H]6([C@@H]([C@@H](O)[C@@H]([C@@H](CO)O6)O)O))))))		ZNFRITHWVZXJRK-YHFBEQRYSA-M									PlantCyc/PMN local PGDB
CAFFEOYL-COA	CAFFEOYL-COA	( E )-caffeoyl-CoA	929.1469024245					C30H38N7O19P3S			plantcyc <https://plantcyc.org/>	3,4-dihydroxyacryloyl-CoA // trans -caffeoyl-CoA	929.1469024245	CC(C)(COP(OP([O-])(OC[C@@H]1([C@@H](OP([O-])([O-])=O)[C@@H](O)[C@@H](O1)N2(C3(\N=C/N=C(C(\N=C/2)=3)/N))))=O)([O-])=O)[C@@H](O)C(=O)NCCC(=O)NCCSC(=O)/C=C/C4(/C=C(C(/O)=C\C=4)/O)		QHRGJMIMHCLHRG-ZSELIEHESA-J									PlantCyc/PMN local PGDB
16-HYDROXYPALMITATE	16-HYDROXYPALMITATE	16-hydroxypalmitate	272.2351448935					C16H31O3			plantcyc <https://plantcyc.org/>	16-hydroxy-hexadecanoate // &omega;-hydroxy-hexadecanoate // &omega;-hydroxy-palmitate // juniperate // 16-hydroxy-hexadecanoic acid	272.2351448935	C(CCCCCCCCCCCCCCC([O-])=O)O		UGAGPNKCDRTDHP-UHFFFAOYSA-M									PlantCyc/PMN local PGDB
CPD-720	CPD-720	6-deoxotyphasterol	434.3759954713					C28H50O3			plantcyc <https://plantcyc.org/>	deoxotyphasterol	434.3759954713	CC(C)[C@H](C)[C@@H](O)[C@H](O)[C@@H](C)[C@H]3(CC[C@H]4([C@@H]2(CC[C@H]1(C[C@H](O)CC[C@@](C)1[C@H]2CC[C@](C)34))))		WPHVOXMMNSLJSF-DAWJDVIISA-N									PlantCyc/PMN local PGDB
CPD-9583	CPD-9583	(6-hydroxy-indol-3-yl)acetyl-L-valine	290.1266570766					C15H17N2O4			plantcyc <https://plantcyc.org/>	6-OH-IAA-Val // 6-hydroxy-IAA-valine // N -(6-hydroxyinol-3-ylacetyl)-valine	290.1266570766	CC(C)[C@H](NC(CC1(\C2(/C=C\C(\O)=C/C(/N\C=1)=2)))=O)C(=O)[O-]		SEUUNRVBBVWRRE-AWEZNQCLSA-M									PlantCyc/PMN local PGDB
CPD-14083	CPD-14083	6,3-dihydroxy-2-pyridinone	127.026943032					C5H4NO3			plantcyc <https://plantcyc.org/>		127.026943032	C1(/C=C(NC(=O)C(/[O-])=1)/O)		YXJHZIOEJRCYHK-UHFFFAOYSA-M									PlantCyc/PMN local PGDB
CPD-505	CPD-505	D- myo -inositol (1,3,4,6)-tetrakisphosphate	499.9287097514					C6H8O18P4			plantcyc <https://plantcyc.org/>	Ins(1,3,4,6)P 4 // inositol (1,3,4,6)-tetra kis phosphate // 1D- myo -inositol 1,3,4,6-tetra kis phosphate	499.9287097514	[C@@H]1(O)([C@@H](OP([O-])(=O)[O-])[C@H](OP([O-])([O-])=O)[C@H](O)[C@H](OP(=O)([O-])[O-])[C@@H](OP(=O)([O-])[O-])1)		ZAWIXNGTTZTBKV-JMVOWJSSSA-F									PlantCyc/PMN local PGDB
CPD-3728	CPD-3728	O-phospho-L-tyrosine	261.040223633					C9H10NO6P			plantcyc <https://plantcyc.org/>	phosphotyrosine // O(4)-phosphonato-L-tyrosine(2-) // (2S)-2-ammonio-3-[4-(phosphonatooxy)phenyl]propanoate	261.040223633	C([C@H](CC1(\C=C/C(/OP([O-])([O-])=O)=C\C=1))[NH3+])(=O)[O-]		DCWXELXMIBXGTH-QMMMGPOBSA-L									PlantCyc/PMN local PGDB
HOMOMETHIONINE	HOMOMETHIONINE	L-homomethionine	163.0666993567					C6H13NO2S			plantcyc <https://plantcyc.org/>	(2S)-2-amino-5-(methylsulfanyl)pentanoate	163.0666993567	CSCCC[C@@H](C([O-])=O)[NH3+]		SFSJZXMDTNDWIX-YFKPBYRVSA-N									PlantCyc/PMN local PGDB
CPD-729	CPD-729	(9 S ,13 S,15 Z ) -12-oxophyto-10,15-dienoate	292.2038447651					C18H27O3			plantcyc <https://plantcyc.org/>	(15 Z )-12-oxophyto-10,15-dienoic acid // (15 Z )-12-oxophyto-10,15-dienoate // 12-OPDA // (10Z,15Z)-12-oxophytodienoate // 12-oxophytodienoic acid // 4-oxo-5-(2-pentenyl)-2-cyclopentene-1-octanoic acid // 8-(2-(cis-2'-pentenyl)-3-oxo-cis-4-cyclopentenyl)octanoic acid // 9(S),13(S)-12-Oxo-PDA	292.2038447651	CC\C=C/C[C@@H]1(C(\C=C/[C@H](CCCCCCCC(=O)[O-])1)=O)		PMTMAFAPLCGXGK-JMTMCXQRSA-M									PlantCyc/PMN local PGDB
CPD-9152	CPD-9152	4-chlorocatechol	143.9978071147					C6H5O2CL			plantcyc <https://plantcyc.org/>	4-chloropyrocatechol // 4-chlorobenzene-1,2-diol // 4-chloro-1,2-benzenediol	143.9978071147	C1(/C=C(C(/O)=C\C(\Cl)=1)/O)		WWOBYPKUYODHDG-UHFFFAOYSA-N									PlantCyc/PMN local PGDB
CPD-15269	CPD-15269	luteolinidin 5- O -beta-D-glucoside	433.1134718951					C21H20O10			plantcyc <https://plantcyc.org/>		433.1134718951	C4(\C(\C2(\[O+]=C1(/C=C(/C=C(C/1=C\C=2)/O[C@H]3([C@@H]([C@H]([C@H](O)[C@H](O3)CO)O)O))/[O-])))=C/C(/O)=C(\C=4)/O)		RXQNESSHTIRLBK-YMQHIKHWSA-N									PlantCyc/PMN local PGDB
CPD-13952	CPD-13952	dTDP-3,4-didehydro-2,6-dideoxy-alpha-D-glucose	528.054626446					C16H20N2O14P2			plantcyc <https://plantcyc.org/>	6-dTDP-(2 R ,6 S )-2-methyloxane-3,4-dione	528.054626446	CC1(\C(=O)NC(N(\C=1)[C@H]3(C[C@H](O)[C@@H](COP(=O)([O-])OP(O[C@H]2(O[C@H](C)C(=O)C(=O)C2))(=O)[O-])O3))=O)		FHKRUUVTZNTHKJ-NJIBTWPXSA-L									PlantCyc/PMN local PGDB
2-CARBOXY-D-ARABINITOL	2-CARBOXY-D-ARABINITOL	2-carboxy-D-arabinitol	196.0583027399					C6H11O7			plantcyc <https://plantcyc.org/>		196.0583027399	C(O)[C@@H](O)[C@@H](O)[C@@](O)(CO)C(=O)[O-]		XONDRGRALZTVKD-KODRXGBYSA-M									PlantCyc/PMN local PGDB
CPD-7228	CPD-7228	3''-deamino-3''-oxonicotianamine	302.1114009429					C12H17N2O7			plantcyc <https://plantcyc.org/>		302.1114009429	C([C@H](CC[NH+]1([C@@H](CC1)C([O-])=O))[NH2+]CCC(C([O-])=O)=O)([O-])=O		PSBHIGYNXQIUQY-YUMQZZPRSA-M									PlantCyc/PMN local PGDB
CPDQT-33	CPDQT-33	2-[(5'-methylsulfanyl)pentyl]malate	250.0874943783					C10H16O5S			plantcyc <https://plantcyc.org/>	2-[(5'-methylthio)pentyl]malic acid // 2-[(5'-methylthio)pentyl]malate	250.0874943783	CSCCCCCC(O)(CC([O-])=O)C(=O)[O-]		OKIIWFXZWJTTLY-UHFFFAOYSA-L									PlantCyc/PMN local PGDB
CPD-356	CPD-356	D-arabinono-1,4-lactone	148.0371733673					C5H8O5			plantcyc <https://plantcyc.org/>	D-arabino-1,4-lactone	148.0371733673	C(O)[C@H]1(OC(=O)[C@@H](O)[C@H](O)1)		CUOKHACJLGPRHD-JJYYJPOSSA-N									PlantCyc/PMN local PGDB
CPDQT-410	CPDQT-410	( Z )-1-(L-cystein- S -yl)- N -hydroxy-&omega;-(methylsulfanyl)nonan-1-imine	322.1384840913					C13H26N2O3S2			plantcyc <https://plantcyc.org/>		322.1384840913	CSCCCCCCCCC(\SCC([NH3+])C([O-])=O)=N\O		OKZTWSCTVDMBGE-QINSGFPZSA-N									PlantCyc/PMN local PGDB
CPD-11700	CPD-11700	1D- myo -inositol 1-diphosphate 2,3,4,5,6-pentakisphosphate	739.8277009766					C6H6O27P7			plantcyc <https://plantcyc.org/>	1-diphosinositol pentakisphosphate // iphospho-myo-inositol pentakisphosphate // 1D- myo -inositol 1-diphosphate pentakisphosphate // 1-diphospho-1D- myo -inositol 2,3,4,5,6-pentakisphosphate	739.8277009766	[C@H]1(OP(=O)([O-])[O-])([C@H](OP([O-])(=O)[O-])[C@@H](OP([O-])(=O)[O-])[C@H](OP(OP([O-])(=O)[O-])([O-])=O)[C@H](OP([O-])([O-])=O)[C@H](OP(=O)([O-])[O-])1)		UPHPWXPNZIOZJL-UOTPTPDRSA-A									PlantCyc/PMN local PGDB
CPD-13276	CPD-13276	tirucalla-7,24-diene-3beta-ol	426.3861662271					C30H50O			plantcyc <https://plantcyc.org/>		426.3861662271	CC(C)=CCC[C@H](C)C1(CC[C@]2([C@@]1(C)CCC3(C\2=C\C[C@@H]4([C@@](C)3CC[C@H](O)C(C)(C)4)))(C))		DICCPNLDOZNSML-ZVSNHUJDSA-N									PlantCyc/PMN local PGDB
CPD-8721	CPD-8721	abieta-8,11,13-triene	270.234750963					C20H30			plantcyc <https://plantcyc.org/>	dehydroabietadiene // abietatriene	270.234750963	CC(C)C2(\C=C1(CC[C@H]3(C(C)(C)CCC[C@](C)(C1=CC=2)3)))		QUUCYKKMFLJLFS-AZUAARDMSA-N									PlantCyc/PMN local PGDB
CPD-22597	CPD-22597	6-deoxy-D-allose	164.0684734957					C6H12O5			plantcyc <https://plantcyc.org/>	D-allomethylose	164.0684734957	C[C@@H]1([C@@H](O)[C@@H](O)[C@@H](O)C(O)O1)		SHZGCJCMOBCMKK-IVMDWMLBSA-N									PlantCyc/PMN local PGDB
CPD-225	CPD-225	trans -aconitate	174.0164379252					C6H3O6			plantcyc <https://plantcyc.org/>	trans -aconitic acid // ( E )-prop-1-ene-1,2,3-tricarboxylate	174.0164379252	C([O-])(=O)/C=C(CC([O-])=O)/C([O-])=O		GTZCVFVGUGFEME-HNQUOIGGSA-K									PlantCyc/PMN local PGDB
CPD-2183	CPD-2183	1-oleoyl-2-palmitoyl-phosphatidylglycerol	748.5254352027					C40H76O10P			plantcyc <https://plantcyc.org/>	phosphatidylglycerol (1-18:1-2-16:0) // 18:1-16:0-PG // 1-18:1-2-16:0-phosphatidylglycerol	748.5254352027	CCCCCCCC\C=C/CCCCCCCC(=O)OC[C@@H](OC(=O)CCCCCCCCCCCCCCC)COP(=O)([O-])OC[C@H](CO)O		GTCKEWVHTGGUSN-HGWHEPCSSA-M									PlantCyc/PMN local PGDB
CPD-14849	CPD-14849	quercetin 3- O -beta- D -glucosyl-(1->2)-beta- D -glucoside	626.1482995387					C27H30O17			plantcyc <https://plantcyc.org/>	quercetin diglucoside // baimaside // quercetin 3- O -beta- D - // QUOSP // quercetin 3- O -sophoroside	626.1482995387	C(O)[C@H]1(O[C@H]([C@H](O)[C@@H](O)[C@H](O)1)O[C@@H]2([C@@H](O)[C@H](O)[C@@H](CO)O[C@H]2OC4(\C(C5(/C(/O)=C\C(\O)=C/C(/OC(\C3(/C=C\C(\O)=C(/C=3)\O))=4)=5))=O)))		RDUAJIJVNHKTQC-UJECXLDQSA-N									PlantCyc/PMN local PGDB
DIAMINO-OH-PHOSPHORIBOSYLAMINO-PYR	DIAMINO-OH-PHOSPHORIBOSYLAMINO-PYR	2,5-diamino-6-(5-phospho-D-ribosylamino)pyrimidin-4(3H)-one	353.0736490264					C9H14N5O8P			plantcyc <https://plantcyc.org/>	2,5-diamino-6-hydroxy-4-(5-phosphoribosylamino)pyrimidine // DARP // 2,5-diamino-6-(1-D-ribosylamino)pyrimidin-4(3H)-one 5'-phosphate // 2,5-diamino-6-(ribosylamino)-4-(3H)-pyrimidinone 5'-phosphate // 2,5-diamino-6-(D-ribosylamino)pyrimidin-4(3H)-one 5'-phosphate	353.0736490264	C([C@@H]2([C@@H](O)[C@@H](O)[C@H](NC1(/N=C(N)\NC(=O)C(/N)=1))O2))OP(=O)([O-])[O-]		OCLCLRXKNJCOJD-UMMCILCDSA-L									PlantCyc/PMN local PGDB
CPD-25248	CPD-25248	N -(1-deoxy-D-fructos-1-yl)-L-glutamine	308.1219656292					C11H20N2O8			plantcyc <https://plantcyc.org/>	deoxyfructosyl-L-glutamine // santhopine	308.1219656292	C([C@@]1(O)(OC[C@@H](O)[C@@H](O)[C@H](O)1))[NH2+][C@@H](CCC(N)=O)C(=O)[O-]		SNIATPDKUZZXAT-VISRLPHGSA-N									PlantCyc/PMN local PGDB
CPD-20263	CPD-20263	7-[(2S)-2-amino-2-carboxylatoethyl]-5-hydroxy-2H-1,4-benzothiazine-3-carboxylate	296.0466921961					C12H11N2O5S			plantcyc <https://plantcyc.org/>		296.0466921961	C([O-])(=O)C1(\CSC2(\C(\N=1)=C(\C=C(C[C@@H](C(=O)[O-])[NH3+])/C=2)\O))		MYILHSJZODALKH-LURJTMIESA-M									PlantCyc/PMN local PGDB
CPD-4611	CPD-4611	kinetin-9- N -glucoside	377.1335333685					C16H19N5O6			plantcyc <https://plantcyc.org/>		377.1335333685	C([C@H]1(O[C@@H]([C@@H]([C@H]([C@@H]1O)O)O)N2(C3(\N=C/N=C(C(\N=C/2)=3)/NCC4(\O\C=C/C=4)))))O		OYLTWZIEBYEQGY-HMXKMONRSA-N									PlantCyc/PMN local PGDB
CPD-19478	CPD-19478	2-[(2'-methylsulfanyl)butyl]maleate	218.0612796278					C9H12O4S			plantcyc <https://plantcyc.org/>	2-[(2'-methylthio)butyl]maleate	218.0612796278	CSCCCCC(\C(=O)[O-])=C\C([O-])=O		NRBLWWINQRHBME-SREVYHEPSA-L									PlantCyc/PMN local PGDB
CPD-15364	CPD-15364	ricinoleoyl-CoA	1047.355438637					C39H64N7O18P3S			plantcyc <https://plantcyc.org/>	12-hydroxy-9-octadecenoyl-CoA	1047.355438637	CCCCCC[C@@H](O)C\C=C/CCCCCCCC(SCCNC(=O)CCNC(=O)[C@H](O)C(C)(C)COP(=O)(OP(=O)(OC[C@@H]1([C@@H](OP([O-])(=O)[O-])[C@@H](O)[C@@H](O1)N2(C3(\N=C/N=C(C(\N=C/2)=3)/N))))[O-])[O-])=O		BHVZCCKRRPYXCV-MGNVXPIMSA-J									PlantCyc/PMN local PGDB
CPD-9872	CPD-9872	5-methoxy-2-methyl-3-( all-trans -nonaprenyl)benzene-1,4-diol	766.6263964985					C53H82O3			plantcyc <https://plantcyc.org/>	2-nonaprenyl-3-methyl-6-methoxy-1,4-benzoquinol // 6-methoxy-3-methyl-2-nonaprenyl-1,4-benzoquinol // 2-methoxy-3-methyl-6-all-trans-nonaprenylhydroquinone // 6-methoxy-3-methyl-2-( all-trans -nonaprenyl)-1,4-benzoquinol	766.6263964985	CC(C)=CCCC(\C)=C/CCC(\C)=C/CCC(\C)=C/CCC(\C)=C/CCC(\C)=C/CCC(\C)=C/CCC(\C)=C/CCC(\C)=C/CC1(/C(\C)=C(/C=C(C(/O)=1)/OC)/O)		GLNRSJSLTUCXTP-IQSNHBBHSA-N									PlantCyc/PMN local PGDB
CD+2	CD+2	Cd 2+	113.9033581					CD			plantcyc <https://plantcyc.org/>	cadmium(II) // Cd II // Cd ++	113.9033581	[Cd+2]		WLZRMCYVCSSEQC-UHFFFAOYSA-N									PlantCyc/PMN local PGDB
VANILLATE	VANILLATE	vanillate	168.0422587452					C8H7O4			plantcyc <https://plantcyc.org/>	4-hydroxy-3-methoxybenzoic acid // vanillic acid // 4-hydroxy-3-methoxybenzoate	168.0422587452	COC1(\C(\O)=C/C=C(/C=1)/C(=O)[O-])		WKOLLVMJNQIZCI-UHFFFAOYSA-M									PlantCyc/PMN local PGDB
CPD-13040	CPD-13040	1,2-dibutyrin	232.1310737525					C11H20O5			plantcyc <https://plantcyc.org/>	glycerol 1,2-dibutanoate // beta-dibutyrin // butanoic acid, 1-(hydroxymethyl)-1,2-ethanediyl ester // dibutyrylglycerol	232.1310737525	CCCC(OC[C@@H](OC(CCC)=O)CO)=O		AWHAUPZHZYUHOM-VIFPVBQESA-N									PlantCyc/PMN local PGDB
CPD-12524	CPD-12524	beta-D-galacturonate	194.0426526757					C6H9O7			plantcyc <https://plantcyc.org/>	beta-D-galacturonic acid	194.0426526757	C([O-])(=O)[C@@H]1([C@@H]([C@@H]([C@H]([C@@H](O1)O)O)O)O)		AEMOLEFTQBMNLQ-DTEWXJGMSA-M									PlantCyc/PMN local PGDB
CPD-10455	CPD-10455	4-amino-2,6-dinitrotoluene	201.0749558571					C7H8N3O4			plantcyc <https://plantcyc.org/>		201.0749558571	CC1(/C(/[N+](=O)[O-])=C\C(\[NH3+])=C/C(/[N+]([O-])=O)=1)		KQRJATLINVYHEZ-UHFFFAOYSA-O									PlantCyc/PMN local PGDB
CPD-12750	CPD-12750	juvenile hormone III acid	252.1725446367					C15H23O3			plantcyc <https://plantcyc.org/>	juvenile hormone III carboxylate // (2 E ,6 E ,10 R )-10,11-epoxy-3,7,11-trimethyl-2,6-dodecadienoate	252.1725446367	CC(/CC[C@@H]1(C(C)(O1)C))=C\CCC(\C)=C/C(=O)[O-]		DIAZNFMKLJLDNM-AQAKBEBOSA-M									PlantCyc/PMN local PGDB
DEOXYCHOLATE	DEOXYCHOLATE	deoxycholate	392.2926597724					C24H39O4			plantcyc <https://plantcyc.org/>	deoxycholic acid // 3alpha,12alpha-dihydroxy-5beta-cholanate	392.2926597724	C[C@@H]([C@H]3(CC[C@H]4([C@@H]2(CC[C@@H]1(C[C@H](O)CC[C@@](C)1[C@H]2C[C@H](O)[C@](C)34)))))CCC(=O)[O-]		KXGVEGMKQFWNSR-LLQZFEROSA-M									PlantCyc/PMN local PGDB
CPD-10543	CPD-10543	alpha-D-quinovopyranose	164.0684734957					C6H12O5			plantcyc <https://plantcyc.org/>	alpha-D-quinovose // 6-deoxy-alpha-D-glucose	164.0684734957	C[C@@H]1([C@@H](O)[C@H](O)[C@@H](O)[C@@H](O)O1)		SHZGCJCMOBCMKK-DVKNGEFBSA-N									PlantCyc/PMN local PGDB
CPD-1241	CPD-1241	alpha-D-galactose 6-phosphate	260.0297185262					C6H11O9P			plantcyc <https://plantcyc.org/>	6-phospho-alpha-D-galactose	260.0297185262	C(OP([O-])([O-])=O)[C@H]1(O[C@@H]([C@@H]([C@H]([C@H]1O)O)O)O)		NBSCHQHZLSJFNQ-PHYPRBDBSA-L									PlantCyc/PMN local PGDB
CPD-7087	CPD-7087	(+)-dihydromyricetin	320.053217362					C15H11O8			plantcyc <https://plantcyc.org/>	(+)-ampelopsin	320.053217362	C3(/C(/[C@H]1(OC2(/C=C(/C=C(C(\C([C@@H]1O)=O)=2)/O)/[O-])))=C\C(\O)=C(C(/O)=3)\O)		KJXSIXMJHKAJOD-LSDHHAIUSA-M									PlantCyc/PMN local PGDB
CPD-18666	CPD-18666	epoxypheophorbide a	608.263484909					C35H34N4O6			plantcyc <https://plantcyc.org/>		608.263484909	CCC1(\C4(\N=C(C(/C)=1)\C7(OC2(C(/C=C)=C(C)/C(/N2)=C/C3([C@@H](C)[C@H](CCC(=O)[O-])C(\N=3)=C5([C-](C(OC)=O)C(=O)C6(\C(/C)=C(\C=4)/NC/5=6))))7)))		ZMTPZDVBGYNPLZ-YGOWEZGDSA-M									PlantCyc/PMN local PGDB
CPDQT-349	CPDQT-349	L-tetrahomomethionine	205.1136495493					C9H19NO2S			plantcyc <https://plantcyc.org/>		205.1136495493	C(=O)([O-])[C@@H]([NH3+])CCCCCCSC		NBXNZQFZGOQQPE-QMMMGPOBSA-N									PlantCyc/PMN local PGDB
CPD-12629	CPD-12629	salicylate beta-D-glucose ester	300.0845174904					C13H16O8			plantcyc <https://plantcyc.org/>	salicylic acid beta-D-glucose ester // beta-D-glucopyranose, 1-(2-hydroxybenzoate) // SGE // SA beta-D-glucose ester // 2-hydroxybenzoic acid glucose ester // glucosyl salicylate	300.0845174904	C(O)[C@H]2(O[C@@H](OC(C1(/C=C\C=C/C(/O)=1))=O)[C@H](O)[C@@H](O)[C@H](O)2)		XNHKMZHWRNMFCU-HMUNZLOLSA-N									PlantCyc/PMN local PGDB
CPD-4902	CPD-4902	tricyclene	136.1252005136					C10H16			plantcyc <https://plantcyc.org/>		136.1252005136	CC1(C)([C@@]3(C)(C2(C(C[C@H]1C2)3)))		RRBYUSWBLVXTQN-JYCPTSIYSA-N									PlantCyc/PMN local PGDB
CPD-2002	CPD-2002	vibriobactin	705.264607121					C35H39N5O11			plantcyc <https://plantcyc.org/>		705.264607121	C[C@H]5([C@H](C(NCCCN(C(=O)[C@@H]2([C@@H](C)OC(/C1(\C(\O)=C(\C=C/C=1)\O))=N/2))CCCNC(C3(\C(\O)=C(\C=C/C=3)\O))=O)=O)\N=C(C4(\C(\O)=C(\C=C/C=4)\O))/O5)		LLMKLMMXMOTPRU-YOAXHERRSA-N									PlantCyc/PMN local PGDB
CPD-7608	CPD-7608	24-hydroxy-beta-amyrin	442.3810808492					C30H50O2			plantcyc <https://plantcyc.org/>	olean-12-ene-3beta,24-diol	442.3810808492	C[C@@]4(CC5(C2(\[C@]([C@@]1(CCC3([C@]([C@H](CC[C@](C1C\C=2)3C)O)(CO)C))C)(CC[C@@](CC4)5C)C)))C		NTWLPZMPTFQYQI-PXOHOISBSA-N									PlantCyc/PMN local PGDB
CPD-5846	CPD-5846	3beta-hydroxy-4beta-methyl-5alpha-cholest-7-ene-4alpha-carboxylate	444.3603454071					C29H47O3			plantcyc <https://plantcyc.org/>	17-(1,5-dimethylhexyl)-3-hydroxy-4,10,13-trimethyl-2,3,4,5,6,9, 10,11,12,13,14,15,16,17-tetradecahydro-1H-cyclopenta[a] phenanthrene-4-carboxylic acid	444.3603454071	CC(C)CCC[C@@H](C)[C@H]4(CC[C@@H]1([C@](C)(CC[C@H]3(C1=CC[C@H]2([C@](C)(C([O-])=O)[C@H](CC[C@@](C)23)O)))4))		UQFZKTIHSICSPG-DSHYQQBWSA-M									PlantCyc/PMN local PGDB
CPD-4602	CPD-4602	isopentenyladenine-7- N -glucoside	365.1699188748					C16H23N5O5			plantcyc <https://plantcyc.org/>		365.1699188748	CC(C)=CCNC1(\C2(N(\C=N/C(\N=C/N=1)=2)[C@@H]3([C@@H]([C@H]([C@@H]([C@H](O3)CO)O)O)O)))		ORUWKZNXHJIZKV-HMXKMONRSA-N									PlantCyc/PMN local PGDB
CPD-14052	CPD-14052	N , N -dihydroxy-tetrahomomethionine	237.1034787935					C9H18NO4S			plantcyc <https://plantcyc.org/>		237.1034787935	C(=O)([O-])[C@@H](N(O)O)CCCCCCSC		BMIHHOYYQXWVEG-QMMMGPOBSA-M									PlantCyc/PMN local PGDB
CPD-13380	CPD-13380	dTDP-2,6-dideoxy-D-glycero-hex-2-enos-4-ulose	528.054626446					C16H19N2O14P2			plantcyc <https://plantcyc.org/>		528.054626446	CC1(\C(=O)NC(N(\C=1)[C@H]3(C[C@H](O)[C@@H](COP(=O)([O-])OP(O[C@H]2(O[C@H](C)C(=O)C(/[O-])=C\2))(=O)[O-])O3))=O)		QWDIAMULKXKCNE-NJIBTWPXSA-K									PlantCyc/PMN local PGDB
CPD-641	CPD-641	(R)-mevalonate diphosphate	308.0062196904					C6H10O10P2			plantcyc <https://plantcyc.org/>	mevalonate-5-PP // (R)-5-diphosphomevalonate	308.0062196904	C[C@@](O)(CCOP(=O)([O-])OP([O-])([O-])=O)CC(=O)[O-]		SIGQQUBJQXSAMW-ZCFIWIBFSA-J									PlantCyc/PMN local PGDB
CPD-6661	CPD-6661	1D- myo -inositol (1,2,3,4,6)-penta kis phosphate	579.8950401598					C6H7O21P5			plantcyc <https://plantcyc.org/>		579.8950401598	[C@@H]1(O)([C@@H](OP([O-])(=O)[O-])[C@H](OP([O-])([O-])=O)[C@H](OP([O-])([O-])=O)[C@H](OP(=O)([O-])[O-])[C@@H](OP(=O)([O-])[O-])1)		CTPQAXVNYGZUAJ-QWBQGLJISA-D									PlantCyc/PMN local PGDB
CPD-9956	CPD-9956	ubiquinol- 8	728.574360928					C49H76O4			plantcyc <https://plantcyc.org/>	ubiquinol(8)	728.574360928	CC(C)=CCCC(\C)=C/CCC(\C)=C/CCC(\C)=C/CCC(\C)=C/CCC(\C)=C/CCC(\C)=C/CCC(\C)=C/CC1(\C(\O)=C(C(\OC)=C(C(/C)=1)\O)\OC)		LOJUQFSPYHMHEO-SGHXUWJISA-N									PlantCyc/PMN local PGDB
5-P-RIBOSYL-N-FORMYLGLYCINEAMIDE	5-P-RIBOSYL-N-FORMYLGLYCINEAMIDE	N 2 -formyl- N 1 -(5-phospho-beta-D-ribosyl)glycinamide	314.0515166008					C8H13N2O9P			plantcyc <https://plantcyc.org/>	5'-phosphoribosyl- N -formylglycineamide // 5'-P-ribosyl- N -formylglycineamide // 5'-phosphoribosyl- N -formylglycinamide // 5-phosphoribosyl- N -formalglycineamide // 5'-phosphoribosyl-formylglycinamide	314.0515166008	C(NC=O)C(=O)N[C@H]1([C@H](O)[C@H](O)[C@@H](COP([O-])(=O)[O-])O1)		VDXLUNDMVKSKHO-XVFCMESISA-L									PlantCyc/PMN local PGDB
CPD-14037	CPD-14037	N , N -dihydroxyhexahomomethioniate	265.1347789219					C11H22NO4S			plantcyc <https://plantcyc.org/>		265.1347789219	CSCCCCCCCC[C@H](N(O)O)C(=O)[O-]		HNSLELPGRITQOV-JTQLQIEISA-M									PlantCyc/PMN local PGDB
CPD-8661	CPD-8661	3beta-hydroxy-beta-cyclocitral	168.1150297578					C10H16O2			plantcyc <https://plantcyc.org/>	(3 S )-hydroxy-beta-cyclocitral // (3 S )-3-hydroxycyclocitral	168.1150297578	CC1(/C[C@@H](O)CC(C)(C)C(/C=O)=1)		SWPMTVXRLXPNDP-MRVPVSSYSA-N									PlantCyc/PMN local PGDB
UNDECAPRENYL-DIPHOSPHATE	UNDECAPRENYL-DIPHOSPHATE	di-trans,octa-cis -undecaprenyl diphosphate	926.6318283279					C55H89O7P2			plantcyc <https://plantcyc.org/>	di- trans -poly- cis -undecaprenyl diphosphate // undecaprenyl-PP (ambiguous) // bactoprenyl pyrophosphate // undecaprenyl pyrophosphate (ambiguous) // UPP (ambiguous) // C 55 -PP (ambiguous) // Und-PP	926.6318283279	CC(C)=CCCC(\C)=C/CCC(\C)=C/CCC(/C)=C/CCC(/C)=C/CCC(/C)=C/CCC(/C)=C/CCC(/C)=C/CCC(/C)=C/CCC(/C)=C/CCC(/C)=C/COP(=O)([O-])OP(=O)([O-])[O-]		NTXGVHCCXVHYCL-NTDVEAECSA-K									PlantCyc/PMN local PGDB
CPD-22833	CPD-22833	N -demethyllincomycin mercapturate	507.2250504922					C21H37N3O9S			plantcyc <https://plantcyc.org/>		507.2250504922	CCC[C@@H]1(C[C@H]([NH2+]C1)C(=O)N[C@H]([C@H](O)C)[C@@H]2([C@H](O)[C@@H]([C@@H](O)[C@@H](SC[C@H](NC(=O)C)C(=O)[O-])O2)O))		GNGGMQVVPWGQLI-GYNKIMQWSA-N									PlantCyc/PMN local PGDB
PHOSPHORIBULOSYL-FORMIMINO-AICAR-P	PHOSPHORIBULOSYL-FORMIMINO-AICAR-P	phosphoribulosylformimino-AICAR-phosphate	577.08223818					C15H21N5O15P2			plantcyc <https://plantcyc.org/>	5-[(5-phospho-1-deoxy-beta-D-ribulos-1-ylamino)methylideneamino]-1-(5-phosphoribosyl)imidazole-4-carboxamide // N-(5'-phospho-D-1'-ribulosylformimino)-5-amino-1-(5''-phosphoribosyl)-4-imidazolecarboxamide // phosphoribulosylformiminoAICAR-phosphate // phosphoribulosyl-formimino-5-aminoimidazole-4-carboxamide ribotide phosphate // phosphoribulosyl-formimino-5-aminoimidazole-4-carboxamide ribonucleotide phosphate // PRFAR // N-(5'phospho-D-1'-ribulosylformimino)-5-amino-1-(5-phosphoribosyl)-4-imidazolecarboxamide // phosphoribulosylformimino-AICAR-P	577.08223818	C(OP(=O)([O-])[O-])[C@@H](O)[C@@H](O)C(=O)C/N=C/NC1(\N(\C=N/C(\C(=O)N)=1)[C@@H]2(O[C@H](COP([O-])([O-])=O)[C@@H](O)[C@@H](O)2))		BLKFNHOCHNCLII-GHVQHMAVSA-J									PlantCyc/PMN local PGDB
CPD-11540	CPD-11540	UDP-4-dehydro-beta-L-rhamnose	548.0444556902					C15H20N2O16P2			plantcyc <https://plantcyc.org/>	UDP-4-keto-beta-L-rhamnose	548.0444556902	C[C@H]3(C(=O)[C@@H](O)[C@@H](O)[C@@H](OP(OP(OC[C@@H]2([C@H]([C@H]([C@H](N1(\C=C/C(=O)NC1=O))O2)O)O))(=O)[O-])(=O)[O-])O3)		DDWGQQADOIMFOI-TYENRRDNSA-L									PlantCyc/PMN local PGDB
CPD-638	CPD-638	gibberellin A 44 (closed lactone form)	346.1780239451					C20H25O5			plantcyc <https://plantcyc.org/>	GA44 (closed lactone form) // GA 44 (closed lactone form) // gibberellin A 44 // gibberellin A44 // GA 44 open lactone form // GA 44 free alcohol form // gibberellin A 44 free alcohol form // GA44	346.1780239451	C=C1([C@@]3(O)(C[C@]4(C1)([C@H]([C@@H]5([C@]2(C(=O)OC[C@](CCC2)([C@@H](CC3)4)5)(C)))C([O-])=O)))		KSBJAONOPKRVRR-LTTRRGSQSA-M									PlantCyc/PMN local PGDB
CPD-8764	CPD-8764	( E , E )-alpha-farnesene	204.1878007704					C15H24			plantcyc <https://plantcyc.org/>	trans , trans -alpha-farnesene // alpha-farnesene // (E)-alpha-farnesene	204.1878007704	C=CC(\C)=C/C/C=C(C)/CCC=C(C)C		CXENHBSYCFFKJS-VDQVFBMKSA-N									PlantCyc/PMN local PGDB
EGTA	EGTA	EGTA	380.1430950018					C14H20N2O10			plantcyc <https://plantcyc.org/>	ethyleneglycol-bis-N,N'-tetraacetic acid // egtazic acid	380.1430950018	C(N(CC(=O)[O-])CC(=O)[O-])COCCOCCN(CC(=O)[O-])CC(=O)[O-]		DEFVIWRASFVYLL-UHFFFAOYSA-J									PlantCyc/PMN local PGDB
DEHYDROQUINATE	DEHYDROQUINATE	3-dehydroquinate	190.0477380536					C7H9O6			plantcyc <https://plantcyc.org/>	3-dehydroquinic acid // 5-dehydroquinic acid // 5-dehydroquinate // 5-de-H-quinate // rel-(1R,3R,4S)-1,3,4-trihydroxy-5-oxocyclohexanecarboxylate	190.0477380536	C(=O)([O-])[C@]1(O)(CC(=O)[C@@H](O)[C@H](O)C1)		WVMWZWGZRAXUBK-SYTVJDICSA-M									PlantCyc/PMN local PGDB
CPD-1862	CPD-1862	desulfoglucobrassicin	368.104207075					C16H20N2O6S			plantcyc <https://plantcyc.org/>		368.104207075	C2(\NC3(/C=C\C=C/C(/C(\CC(\S[C@@H]1(O[C@H](CO)[C@@H](O)[C@H](O)[C@@H](O)1))=N\O)=2)=3))		CWNIQCOMWQROPA-PIAXYHQTSA-N									PlantCyc/PMN local PGDB
CPD-633	CPD-633	gentisate	154.026608681					C7H5O4			plantcyc <https://plantcyc.org/>	gentisic acid // hydroquinonecarboxylic acid // 2,5-dihydroxybenzoate // 2,5-DHBA // 2,5-dihydroxybenzoic acid // 2,5-dioxybenzoic acid // 3,6-dihydroxybenzoic acid // 5-hydroxysalicylic acid // 5-hydroxysalicylate	154.026608681	C(=O)([O-])C1(/C=C(\C=C/C(/O)=1)/O)		WXTMDXOMEHJXQO-UHFFFAOYSA-M									PlantCyc/PMN local PGDB
CPD-17647	CPD-17647	dodecane-1,7-diol	202.1932800788					C12H26O2			plantcyc <https://plantcyc.org/>		202.1932800788	CCCCCC(O)CCCCCCO		WFTBVPNDDYMTNW-UHFFFAOYSA-N									PlantCyc/PMN local PGDB
CPD-7524	CPD-7524	7,9,9'- cis -neurosporene	538.4538518618					C40H58			plantcyc <https://plantcyc.org/>	proneurosporene // 7,9,9'-tri- cis -neurosporene // 7,9,9'- tricis -neurosporene	538.4538518618	CC(C)=CCCC(\C)=C/C=C\C(/C)=C/C=C/C(\C)=C/C=C/C=C(C)/C=C/C=C(C)\CC/C=C(C)/CCC=C(C)C		ATCICVFRSJQYDV-IFJQPPEWSA-N									PlantCyc/PMN local PGDB
CPD-24626	CPD-24626	13-oxo-9Z,11E-ODE	294.2194948293					C18H29O3			plantcyc <https://plantcyc.org/>	(9Z,11E)-13-oxooctadecadienoate // (Z,E)-13-oxooctadeca-9,11-dienoate // 13-keto-9,11-ODE // 13-ketoODE // 13-KODE // 13-oxo-(9Z,11E)-octadecadienoate // 13-oxoODE	294.2194948293	CCCCCC(=O)/C=C/C=C\CCCCCCCC(=O)[O-]		JHXAZBBVQSRKJR-BSZOFBHHSA-M									PlantCyc/PMN local PGDB
OROTATE	OROTATE	orotate	156.0171066272					C5H3N2O4			plantcyc <https://plantcyc.org/>	orotic acid	156.0171066272	C1(\C(=O)NC(NC(/C([O-])=O)=1)=O)		PXQPEWDEAKTCGB-UHFFFAOYSA-M									PlantCyc/PMN local PGDB
CPD-8691	CPD-8691	abieta-7,13-dien-18-ol	288.2453156493					C20H32O			plantcyc <https://plantcyc.org/>	abietadienol // ((1R,4aR,4bR,10aR)-7-isopropyl-1,4a-dimethyl-1,2,3,4,4a,4b,5,6,10,10a-decahydrophenanthren-1-yl)methanol	288.2453156493	CC(C2(\CC[C@@H]3([C@@]1([C@H]([C@@](CCC1)(CO)C)C\C=C(/C=2)/3)C)))C		GQRUHVMVWNKUFW-LWYYNNOASA-N									PlantCyc/PMN local PGDB
3-P-SERINE	3-P-SERINE	O -phospho-L-serine	185.0089235046					C3H6NO6P			plantcyc <https://plantcyc.org/>	L-serine phosphate // phosphoryl-L-serine // L-seryl phosphate // L-serine-3P // L-serine 3-phosphate // 3-phospho-L-serine // O-phospho-serine	185.0089235046	C(OP([O-])([O-])=O)[C@H]([NH3+])C(=O)[O-]		BZQFBWGGLXLEPQ-REOHCLBHSA-L									PlantCyc/PMN local PGDB
CPD-469	CPD-469	N -acetyl-L-glutamate 5-semialdehyde	173.0688078467					C7H10NO4			plantcyc <https://plantcyc.org/>	N -acetylglutamate gamma-semialdehyde // N -acetyl-L-glutamate-5-semialdehyde // N -acetyl-L-glutamate semialdehyde // N -acetylglutamate semialdehyde // 2-acetamido-5-oxopentanoate	173.0688078467	CC(=O)N[C@H](C([O-])=O)CCC=O		BCPSFKBPHHBDAI-LURJTMIESA-M									PlantCyc/PMN local PGDB
CPD-14051	CPD-14051	N -hydroxy-tetrahomomethionine	221.1085641714					C9H18NO3S			plantcyc <https://plantcyc.org/>		221.1085641714	C(=O)([O-])[C@@H](NO)CCCCCCSC		CGCGAIDHWUSRHO-QMMMGPOBSA-M									PlantCyc/PMN local PGDB
PYRIDOXAL_PHOSPHATE	PYRIDOXAL_PHOSPHATE	pyridoxal 5'-phosphate	247.0245735688					C8H8NO6P			plantcyc <https://plantcyc.org/>	pyridoxal phosphate // pyridoxal-5P // pyridoxal 5-phosphate // pyridoxal-P // vitamin B6	247.0245735688	CC1(/N=C\C(\COP(=O)([O-])[O-])=C(C(/O)=1)\C=O)		NGVDGCNFYWLIFO-UHFFFAOYSA-L									PlantCyc/PMN local PGDB
CPDQT-521	CPDQT-521	phosphatidylglycerophosphate (dioctadec-9-enoyl(Z))	798.4448154185					C38H69O13P2			plantcyc <https://plantcyc.org/>	1-18:1(9Z)-2-18:1(9Z)-phosphatidylglycerophosphate	798.4448154185	C(C(OC(=O)CCCCCCC/C=C/CCCCCC)COC(CCCCCCC/C=C/CCCCCC)=O)OP([O-])(=O)OCC(COP([O-])(=O)[O-])O											PlantCyc/PMN local PGDB
IMIDAZOLE-ACETOL-P	IMIDAZOLE-ACETOL-P	3-(imidazol-4-yl)-2-oxopropyl phosphate	220.0249079198					C6H7N2O5P			plantcyc <https://plantcyc.org/>	imidazole acetol-P // imidazole acetol-phosphate	220.0249079198	C1(\N\C=N/C(\CC(COP([O-])(=O)[O-])=O)=1)		YCFFMSOLUMRAMD-UHFFFAOYSA-L									PlantCyc/PMN local PGDB
CPD-22307	CPD-22307	3-deoxy-D-arabino-heptulopyranuronate 7-phosphate	288.0246331483					C7H10O10P			plantcyc <https://plantcyc.org/>	(2R,4R,5S,6R)-2,4,5-trihydroxy-6-[(phosphonatooxy)methyl]oxane-2-carboxylate // cyclic 3-deoxy-D-arabino-heptulosonate 7-phosphate	288.0246331483	C(OP(=O)([O-])[O-])[C@@H]1([C@@H](O)[C@H](O)C[C@](O)(C(=O)[O-])O1)		QOYBDYMPWLOFKG-YCHQMNKZSA-K									PlantCyc/PMN local PGDB
CPD0-1815	CPD0-1815	1,3-dioctanoylglycerol	330.2406242019					C18H34O5			plantcyc <https://plantcyc.org/>	1,3-diC 8	330.2406242019	CCCCCCCC(=O)OCC(O)OC(=O)CCCCCCC		LMTGVXSPSZPIKA-UHFFFAOYSA-N									PlantCyc/PMN local PGDB
CPD-11939	CPD-11939	3,5-bisdiphosphoinositol-1D- myo -inositol 2,3,4,6-tetrakisphosphate	819.794031385					C6H6O30P8			plantcyc <https://plantcyc.org/>		819.794031385	[C@@H]1(OP([O-])([O-])=O)([C@H](OP([O-])(=O)[O-])[C@@H](OP(=O)([O-])OP(=O)([O-])[O-])[C@H](OP(=O)([O-])[O-])[C@@H](OP(=O)([O-])OP([O-])(=O)[O-])[C@@H](OP([O-])([O-])=O)1)		HHQOOERQSFJGEP-ZSIQDKGESA-A									PlantCyc/PMN local PGDB
DIHYDROSIROHYDROCHLORIN	DIHYDROSIROHYDROCHLORIN	precorrin-2	864.3065315152					C42H41N4O16			plantcyc <https://plantcyc.org/>	dihydrosirohydrochlorin	864.3065315152	C[C@]1(CC(=O)[O-])([C@@H](C3(\[NH2+]C\1=C/C2([C@@H](CCC(=O)[O-])[C@](C(\N=2)=C\C5(\NC(/CC4(\NC(/C=3)=C(CC(=O)[O-])/C(\CCC(=O)[O-])=4))=C(CCC(=O)[O-])/C(\CC(=O)[O-])=5))(C)CC(=O)[O-])))CCC(=O)[O-])		OQIIYZQTTMKFAU-ZNLOQLQNSA-G									PlantCyc/PMN local PGDB
CPD-16541	CPD-16541	cyanidin 3- O -[6- O -(4-coumaroyl)]-beta- D -glucoside	595.145165954					C30H25O13			plantcyc <https://plantcyc.org/>	cyanidin 3-(p-coumaroyl)-glucoside // cyanidin 3- O -[6"- O -(p-coumaroyl)] glucoside // cyanidin 3- O -beta- D -p-coumaroylglucoside	595.145165954	C([C@H]1(O[C@H]([C@@H]([C@H]([C@@H]1O)O)O)OC2(\C(=[O+]C3(\C=C(/C=C(C(\C=2)=3)/[O-])\[O-]))C4(\C=C/C(/O)=C(/C=4)/O))))OC(/C=C/C5(\C=C/C(/O)=C\C=5))=O		QAOBEOXFSUJDJL-SHPGVJHPSA-M									PlantCyc/PMN local PGDB
XTP	XTP	XTP	523.9746753638					C10H11N4O15P3			plantcyc <https://plantcyc.org/>	xanthosine 5' triphosphate	523.9746753638	C(OP(=O)([O-])OP(=O)([O-])OP(=O)([O-])[O-])[C@H]3(O[C@@H](N1(C2(/NC(=O)NC(=O)C(\N=C/1)=2)))[C@H](O)[C@H](O)3)		CAEFEWVYEZABLA-UUOKFMHZSA-J									PlantCyc/PMN local PGDB
CPD0-1312	CPD0-1312	pyrimidin-2-one-ribonucleoside	228.0746215061					C9H12N2O5			plantcyc <https://plantcyc.org/>		228.0746215061	C2(\C=C/N([C@@H]1(O[C@H](CO)[C@@H](O)[C@@H](O)1))C(=O)\N=2)		RPQZTTQVRYEKCR-WCTZXXKLSA-N									PlantCyc/PMN local PGDB
CPD-16538	CPD-16538	arabidopsis anthocyanin A5	975.2406420612					C44H45O25			plantcyc <https://plantcyc.org/>	cyanidin 3- O -[2"- O -(xylosyl)-6"- O -(4-coumaroyl) glucoside] 5- O -malonylglucoside // cyanidin 3- O -[2"- O -(xylosyl)-6"- O -(p-coumaroyl) glucoside] 5- O -malonylglucoside	975.2406420612	C(OC(=O)CC(=O)[O-])[C@@H]7([C@@H](O)[C@H](O)[C@@H](O)[C@H](OC6(\C=C(/C=C1(C(\C=C(C(=[O+]1)C2(\C=C/C(/O)=C(/C=2)/O))\O[C@@H]4(O[C@@H]([C@@H](O)[C@H](O)[C@@H](O[C@@H]3(OC[C@@H](O)[C@H](O)[C@@H](O)3))4)COC(/C=C/C5(\C=C/C(/O)=C\C=5))=O))=6))\[O-]))O7)		JKGXHHXZZLNEGD-XINMMMEUSA-M									PlantCyc/PMN local PGDB
CPD-4081	CPD-4081	4alpha-methylfecosterol	412.3705161629					C29H48O			plantcyc <https://plantcyc.org/>	4alpha-methyl-5alpha-ergosta-8,14,24(28)-dien-3beta-ol // 4alpha-methyl-5alpha-ergosta-8,24-dien-3beta-ol	412.3705161629	CC(C)C(CC[C@@H](C)[C@H]2(CC[C@H]3(C4(\CC[C@H]1([C@H](C)[C@@H](O)CC[C@@](C)1C(\CC[C@](C)23)=4)))))=C		QLDNWJOJCDIMKK-XLFBYWHPSA-N									PlantCyc/PMN local PGDB
CPD-19725	CPD-19725	(4 S )-2,3-dehydroleucopelargonidin	288.0633881178					C15H10O6			plantcyc <https://plantcyc.org/>		288.0633881178	C3(\C(\C1(\OC2(\C=C(/C=C(C(\[C@H](O)C(/[O-])=1)=2)/[O-])\O)))=C/C=C(\C=3)/O)		GMICVRNSOOSANN-ZDUSSCGKSA-L									PlantCyc/PMN local PGDB
CPD-12868	CPD-12868	cycloeucalenone	424.3705161629					C30H48O			plantcyc <https://plantcyc.org/>	9,19-cyclo-5alpha,9beta-ergost-24(28)-en-3-one // 3H,19H-cyclopropa[9,10]cyclopenta[a]phenanthrene // 4alpha,14alpha-dimethyl-9beta,19-cyclo-ergost-24(24 1 )-en-3-one	424.3705161629	CC(C)C(CC[C@@H](C)[C@H]3(CC[C@@]4(C)([C@@H]1(CC[C@H]5([C@H](C)C(=O)CC[C@@]2(C[C@@]12CC[C@](C)34)5)))))=C		NFRXSIOHGADFRG-MEMZBLDGSA-N									PlantCyc/PMN local PGDB
CPD-1302	CPD-1302	5-methyltetrahydropteroyl tri-L-glutamate	717.2718177639					C30H35N9O12			plantcyc <https://plantcyc.org/>	N 5 -methyl--H 4 PteGlu 3 // N 5 -methyltetrahydropteroyl tri-L-glutamate	717.2718177639	CN1([C@H](CNC2(/N=C(N)\NC(C\1=2)=O))CNC3(\C=C/C(/C(N[C@H](C(=O)[O-])CCC(N[C@H](C(=O)[O-])CCC(N[C@H](C(=O)[O-])CCC([O-])=O)=O)=O)=O)=C\C=3))		HVRNKDVLFAVCJF-VJANTYMQSA-J									PlantCyc/PMN local PGDB
CPD-18003	CPD-18003	hydrocaffeoyl-CoA	931.1625524887					C30H40N7O19P3S			plantcyc <https://plantcyc.org/>	3-(3,4-dihydroxyphenyl)propanoyl-CoA	931.1625524887	CC(C)([C@@H](O)C(=O)NCCC(=O)NCCSC(=O)CCC1(\C=C(C(/O)=C\C=1)\O))COP(=O)(OP(=O)(OC[C@@H]2([C@@H](OP([O-])(=O)[O-])[C@@H](O)[C@@H](O2)N3(C4(\N=C/N=C(C(\N=C/3)=4)/N))))[O-])[O-]		NDSCGRAEWDSLKF-FUEUKBNZSA-J									PlantCyc/PMN local PGDB
CHLORALAN-CPD	CHLORALAN-CPD	3-chloro-L-alanine	123.008706152					C3H6NO2CL			plantcyc <https://plantcyc.org/>	beta-chloro-L-alanine	123.008706152	C(Cl)[C@H]([NH3+])C([O-])=O		ASBJGPTTYPEMLP-REOHCLBHSA-N									PlantCyc/PMN local PGDB
4-HYDROXY-3-INDOLYLMETHYL-GLUCOSINOLATE	4-HYDROXY-3-INDOLYLMETHYL-GLUCOSINOLATE	4-hydroxyglucobrassicin	464.0559362534					C16H19N2O10S2			plantcyc <https://plantcyc.org/>	4-hydroxyindol-3-ylmethylglucosinolate // 4-hydroxy-3-indolylmethyl-glucosinolate // 1-S-[2-(4-hydroxy-1H-indol-3-yl)-N-(sulfooxy)ethanimidoyl]-1-thio-beta-D-glucopyranose	464.0559362534	C2(\NC3(\C=C/C=C(C(\C(/CC(\S[C@@H]1(O[C@H](CO)[C@@H](O)[C@H](O)[C@@H](O)1))=N\OS(=O)(=O)[O-])=2)=3)/O))		CSMYCLLHRFFFLG-WVGMDVCISA-M									PlantCyc/PMN local PGDB
CPD-19480	CPD-19480	2-[(2'-methylsulfanyl)hexyl]maleate	246.0925797562					C11H16O4S			plantcyc <https://plantcyc.org/>	2-[(2'-methylthio)hexyl]maleate	246.0925797562	CSCCCCCCC(\C(=O)[O-])=C\C([O-])=O		BDWTWLBLUBGINP-HJWRWDBZSA-L									PlantCyc/PMN local PGDB
CPD-1107	CPD-1107	D- myo -inositol 1,3,4,5,6-pentakisphosphate	579.8950401598					C6H7O21P5			plantcyc <https://plantcyc.org/>	1D- myo -inositol 1,3,4,5,6-penta kis phosphate // inositol 1,3,4,5,6-penta kis phosphate // I(1,3,4,5,6)P 5	579.8950401598	[C@@H]1(O)([C@@H](OP([O-])([O-])=O)[C@H](OP([O-])(=O)[O-])[C@@H](OP([O-])(=O)[O-])[C@H](OP(=O)([O-])[O-])[C@@H](OP(=O)([O-])[O-])1)		CTPQAXVNYGZUAJ-KXXVROSKSA-D									PlantCyc/PMN local PGDB
PRECURSOR-Z	PRECURSOR-Z	cyclic pyranopterin phosphate	345.0474342759					C10H11N5O7P			plantcyc <https://plantcyc.org/>	precursor Z // cPMP // precursor-Z // 8-amino-2,12,12-trihydroxy-4a,5a,6,9,11,11a,12,12a-octahydro[1,3,2]dioxaphosphinino[4',5':5,6]pyrano[3,2-g]pteridin-10(4H)-one 2-oxide // 8-amino-2,12,12-trihydroxy-4,4a,5a,6,9,10,11,11a,12,12a-decahydro-[1,3,2]dioxaphosphinino[4',5':5,6]pyrano[3,2-g]pteridine 2-oxide // cyclic pyranopterin monophosphate	345.0474342759	C1(OP([O-])(=O)OC2(C1O[C@@H]3([C@H](C(=O)2)NC4(\C(=O)NC(/N)=N/C(\N3)=4))))		PWFXLXMPGSLEOZ-QQVWSJFJSA-M									PlantCyc/PMN local PGDB
CPD-14741	CPD-14741	(3R,4R)-3-(6-hydroxy-1,3-benzodioxol-5-yl)-3,4-dihydro-2H-chromene-4,7-diol	302.079038182					C16H14O6			plantcyc <https://plantcyc.org/>	7,2'-dihydroxy-4',5'-methylenedioxyisoflavanol // cis -(-)-DMDI // (3R)-3-(6-hydroxy-2H-1,3-benzodioxol-5-yl)-3,4-dihydro-2H-1-benzopyran-4,7-diol // cis -(-)-7,2'-dihydroxy-4',5'-methylenedioxyisoflavanol // (3R,4R)-7,2'-dihydroxy-4',5'-methylenedioxyisoflavanol	302.079038182	C1(OC2(\C(\O1)=C/C(O)=C(/C=2)[C@H]3([C@H](C4(/C=C\C(\O)=C/C(/OC3)=4))O)))		VGLBFRZJJZBAST-ZBEGNZNMSA-N									PlantCyc/PMN local PGDB
RIBOSE-15-BISPHOSPHATE	RIBOSE-15-BISPHOSPHATE	alpha-D-ribose 1,5-bisphosphate	309.9854842483					C5H8O11P2			plantcyc <https://plantcyc.org/>	ribose-1,5-bisphosphate	309.9854842483	C(OP(=O)([O-])[O-])[C@H]1(O[C@@H]([C@@H]([C@@H]1O)O)OP([O-])(=O)[O-])		AAAFZMYJJHWUPN-TXICZTDVSA-J									PlantCyc/PMN local PGDB
CPD-20927	CPD-20927	2-{[(4-methoxybenzyl)(methyl)amino]methyl}-2-methylpropane-1,3-diol	253.1677936098					C14H24NO3			plantcyc <https://plantcyc.org/>		253.1677936098	CC(CO)(CO)C[NH+](C)CC1(\C=C/C(/OC)=C\C=1)		LGEIPBYULZCRGR-UHFFFAOYSA-O									PlantCyc/PMN local PGDB
CPD1F-97	CPD1F-97	gibberellin A 15 (open lactone form)	348.1936740093					C20H26O5			plantcyc <https://plantcyc.org/>	gibberellin A 15 // gibberellin A15 // GA 15 (open lactone form) // GA15	348.1936740093	C=C1([C@H]2(C[C@]3(C1)([C@H]([C@@H]4([C@@](C)(CCC[C@@](CO)([C@@H](CC2)3)4)C([O-])=O))C([O-])=O)))		TZGXVFYTKTWKCU-CXXOJBQZSA-L									PlantCyc/PMN local PGDB
CPD0-1711	CPD0-1711	5-(chloromercuri)cytidine	479.0171742213					C9H12N3O5CLHG			plantcyc <https://plantcyc.org/>		479.0171742213	C(O)[C@@H]2([C@H]([C@H]([C@H](N1(/C=C(C(/N)=N\C(=O)1)/[Hg]Cl))O2)O)O)		DEBWUFGKLVMZFT-WFIJOQBCSA-M									PlantCyc/PMN local PGDB
CPD0-1585	CPD0-1585	2,4-diamino-6-ethyl-5,3'-(2-trifluoromethylphenoxy)prop-1'-yloxypyrimidine	356.1460104749					C16H19N4O2F3			plantcyc <https://plantcyc.org/>		356.1460104749	CCC2(/N=C(N)\N=C(C(/OCCCOC1(\C(\C(F)(F)F)=C/C=C\C=1))=2)\N)		HVKMGDGEKJADAB-UHFFFAOYSA-N									PlantCyc/PMN local PGDB
D-ERYTHRO-IMIDAZOLE-GLYCEROL-P	D-ERYTHRO-IMIDAZOLE-GLYCEROL-P	D- erythro -1-(imidazol-4-yl)-glycerol 3-phosphate	238.0354726061					C6H9N2O6P			plantcyc <https://plantcyc.org/>	D- erythro -imidazole-glycerol-phosphate // D- erythro -imidazole-glycerol-P // erythro -imidazole-glycerol-P // erythro -imidazole-glycerol-phosphate // imidazole glycerol phosphate // IGP	238.0354726061	C1(\N\C=N/C(\[C@@H]([C@H](O)COP(=O)([O-])[O-])O)=1)		HFYBTHCYPKEDQQ-RITPCOANSA-L									PlantCyc/PMN local PGDB
QUERCETIN-34-BISSULFATE	QUERCETIN-34-BISSULFATE	quercetin-3,4'-bissulfate	461.9562817883					C15H7O13S2			plantcyc <https://plantcyc.org/>		461.9562817883	C3(/C=C(C(/O)=C\C(\C1(\OC2(/C=C(/C=C(C(\C(=O)C(/OS(=O)(=O)[O-])=1)=2)/O)/[O-])))=3)/OS(=O)(=O)[O-])		MUUFJLJGMRBUTO-UHFFFAOYSA-K									PlantCyc/PMN local PGDB
CPD-12397	CPD-12397	( Z )-1-(L-cysteinylglycin- S -yl)- N -hydroxy-&omega;-(methylsulfanyl)hexan-1-imine	337.1129976223					C12H23N3O4S2			plantcyc <https://plantcyc.org/>		337.1129976223	CSCCCCCC(\SC[C@H]([NH3+])C(=O)NCC([O-])=O)=N\O		NNTFOZKQHHVOHU-KOUBLQELSA-N									PlantCyc/PMN local PGDB
CPD-24184	CPD-24184	isoavenasterol	412.3705161629					C29H48O			plantcyc <https://plantcyc.org/>		412.3705161629	C/C=C(CC[C@@H](C)[C@H]3(CC[C@H]4(C1([C@@H]([C@@]2(C)(CC[C@H](O)C[C@H](CC=1)2))CC[C@](C)34))))/C(C)C		MCWVPSBQQXUCTB-YMXWHZCSSA-N									PlantCyc/PMN local PGDB
CPDQT-343	CPDQT-343	( E )-6-(methylsulfanyl)hexanal oxime	161.0874347988					C7H15NOS			plantcyc <https://plantcyc.org/>	( E )-6-(methylthio)hexanal oxime	161.0874347988	CSCCCCC/C=N/O		OKKDZUZMZMLOGY-SOFGYWHQSA-N									PlantCyc/PMN local PGDB
CPD-11281	CPD-11281	S -sulfanylglutathione	339.0558766739					C10H16N3O6S2			plantcyc <https://plantcyc.org/>	glutathione-sulfide // glutathione persulfide	339.0558766739	C(SS)[C@@H](C(NCC([O-])=O)=O)NC(=O)CC[C@H]([NH3+])C([O-])=O		QBOLVLBSUGJHGB-WDSKDSINSA-M									PlantCyc/PMN local PGDB
CPDQT-433	CPDQT-433	4-methoxy-3-indolylmethylisothiocyanate	218.0513836435					C11H10N2OS			plantcyc <https://plantcyc.org/>		218.0513836435	COC1(\C2(/C(/CN=C=S)=C\NC(\C=C/C=1)=2))		IMQUXUBOZWPMFX-UHFFFAOYSA-N									PlantCyc/PMN local PGDB
CPD-2483	CPD-2483	L-cycloserine	102.0429274472					C3H7N2O2			plantcyc <https://plantcyc.org/>	L-4-amino-3-isoxazolidinone // L-4-amino-3-isoxazolidone	102.0429274472	C1(ONC(=O)[C@@H]([NH3+])1)		DYDCUQKUCUHJBH-REOHCLBHSA-O									PlantCyc/PMN local PGDB
FORMYL-COA	FORMYL-COA	formyl-CoA	795.1101229877					C22H32N7O17P3S			plantcyc <https://plantcyc.org/>		795.1101229877	CC(C)([C@@H](O)C(=O)NCCC(=O)NCCSC=O)COP(=O)(OP(=O)(OC[C@@H]1([C@@H](OP([O-])(=O)[O-])[C@@H](O)[C@@H](O1)N2(C3(\N=C/N=C(C(\N=C/2)=3)/N))))[O-])[O-]		SXMOKYXNAPLNCW-GORZOVPNSA-J									PlantCyc/PMN local PGDB
CPD-14716	CPD-14716	( R )-2-hydroxyhexadecanoate	272.2351448935					C16H31O3			plantcyc <https://plantcyc.org/>	( R )-2-hydroxyhexadecanoic acid // ( R )-2-hydroxypalmitate // ( R )-2-hydroxypalmitic acid	272.2351448935	CCCCCCCCCCCCCC[C@@H](O)C([O-])=O		JGHSBPIZNUXPLA-OAHLLOKOSA-M									PlantCyc/PMN local PGDB
CPD-17595	CPD-17595	(-)-yatein	400.1522031251					C22H24O7			plantcyc <https://plantcyc.org/>	deoxypodorhizone // dihydroanhydropodorhizol // (3R,4R)-4-(2H-1,3-benzodioxol-5-ylmethyl)-3-[(3,4,5-trimethoxyphenyl)methyl]oxolan-2-one	400.1522031251	COC4(/C=C(C[C@@H]3([C@@H](CC1(\C=C/C2(/OCOC(/C=1)=2)))COC3=O))\C=C(C(\OC)=4)\OC)		GMLDZDDTZKXJLU-JKSUJKDBSA-N									PlantCyc/PMN local PGDB
CPD-11938	CPD-11938	1D- myo -inositol 1,5-bis(diphosphate) 2,3,4,6-tetrakisphosphate	819.794031385					C6H6O30P8			plantcyc <https://plantcyc.org/>	1,5-bisdiphosphoinositol-1D- myo -inositol (2,3,4,6)tetrakisphosphate // 1D- myo -inositol 1-diphosphate pentakisphosphate	819.794031385	[C@H]1(OP(=O)([O-])[O-])([C@@H](OP(=O)([O-])[O-])[C@H](OP([O-])(=O)OP([O-])(=O)[O-])[C@@H](OP([O-])(=O)[O-])[C@H](OP(OP([O-])(=O)[O-])([O-])=O)[C@H](OP([O-])([O-])=O)1)		HHQOOERQSFJGEP-SLWYWOEDSA-A									PlantCyc/PMN local PGDB
5-OXOPROLINE	5-OXOPROLINE	5-oxo-L-proline	129.0425930962					C5H6NO3			plantcyc <https://plantcyc.org/>	pyrrolidone-COO // pyrrolidone-carboxylate // L-5-pyrrolidone-2-carboxylic acid // L-pyroglutamic acid // pyroglutamic acid // pyroglutamate // 5-pyrrolidone-2-carboxylic acid // L-pyroglutamate // pidolic acid	129.0425930962	C(=O)([C@H]1(NC(CC1)=O))[O-]		ODHCTXKNWHHXJC-VKHMYHEASA-M									PlantCyc/PMN local PGDB
CPD-16539	CPD-16539	arabidopsis anthocyanin A9	1181.2985508706					C55H55O29			plantcyc <https://plantcyc.org/>	cyanidin 3- O -[2"- O -(2"'- O -(sinapoyl) xylosyl) 6"- O -(p-coumaroyl) glucoside] 5- O -[6""- O -(malonyl) glucoside	1181.2985508706	COC1(\C(\O)=C(C=C(/C=1)/C=C/C(=O)O[C@H]8([C@H](O[C@H]2([C@@H](O[C@@H]([C@@H](O)[C@H](O)2)COC(/C=C/C3(\C=C/C(/O)=C\C=3))=O)OC4(\C(=[O+]C5(\C(/C=4)=C(/C=C(/C=5)/[O-])\O[C@@H]6(O[C@H](COC(=O)CC(=O)[O-])[C@@H](O)[C@H](O)[C@@H](O)6)))C7(\C=C/C(/O)=C(/C=7)/O))))OC[C@@H](O)[C@H](O)8))\OC)		MAKMINQMKSULBY-GWCBQTKKSA-M									PlantCyc/PMN local PGDB
CPD0-1236	CPD0-1236	N 3-(4-methoxyfumaroyl)-L-2,3-diaminopropanoate	216.0746215061					C8H12N2O5			plantcyc <https://plantcyc.org/>	N 3 -methoxyfumaroyl-2,3-diaminopropanoate // N beta -methoxyfumaroyl-DAP // N beta -methoxyfumaroyl-2,3-diaminopropanoate // N3-(4-methoxyfumaroyl)-L-2,3-diaminopropanoic acid // FMDP	216.0746215061	C(=O)(NC[C@@H](C(=O)[O-])[NH3+])/C=C/C(=O)OC		IXTGTEFAVXEHRV-HRJJCQLASA-N									PlantCyc/PMN local PGDB
CPD-22766	CPD-22766	14alpha-formyl-4alpha-methyl-5alpha-cholesta-8,24-dien-3beta-ol	426.3497807208					C29H46O2			plantcyc <https://plantcyc.org/>		426.3497807208	CC(C)=CCC[C@@H](C)[C@H]2(CC[C@@]3(C=O)(C4(\CC[C@H]1([C@H](C)[C@@H](O)CC[C@@](C)1C(\CC[C@](C)23)=4))))		VIFGWTCNTQQMHH-HUWKDVIGSA-N									PlantCyc/PMN local PGDB
PHOSPHORIBOSYL-FORMAMIDO-CARBOXAMIDE	PHOSPHORIBOSYL-FORMAMIDO-CARBOXAMIDE	5-formamido-1-(5-phospho-D-ribosyl)-imidazole-4-carboxamide	366.0576646112					C10H13N4O9P			plantcyc <https://plantcyc.org/>	5-formamido-1-(5-phospho-D-ribosyl)imidazole-4-carboxamide // 5'-p-ribosyl-5-formamido-4-imidazolecarboxamide // 5'-phosphoribosyl-5-formamido-4-imidazole carboxamide // 5'-p-ribosyl-5-formamido-4-imidazole carboxamide // 5-phosphoribosyl-5-formamido-4-imid-carboxamide // 5'-phosphoribosyl-formamido-carboxamide // 5-formylamidoimidazole-4-carboxamide ribonucleotide	366.0576646112	C(OP(=O)([O-])[O-])[C@H]2(O[C@@H](N1(C(/NC=O)=C(C(=O)N)/N=C\1))[C@H](O)[C@H](O)2)		ABCOOORLYAOBOZ-KQYNXXCUSA-L									PlantCyc/PMN local PGDB
CPD-9873	CPD-9873	3-demethylubiquinol-10	850.6839113774					C58H90O4			plantcyc <https://plantcyc.org/>		850.6839113774	CC(C)=CCCC(\C)=C/CCC(\C)=C/CCC(\C)=C/CCC(\C)=C/CCC(\C)=C/CCC(\C)=C/CCC(\C)=C/CCC(\C)=C/CCC(\C)=C/CC1(/C(\C)=C(C(\O)=C(C(/O)=1)\OC)/O)		VLMQNHNMQVLPQI-AVRCVIBKSA-N									PlantCyc/PMN local PGDB
CPD-649	CPD-649	sphinganine 1-phosphate	381.2644099097					C18H39NO5P			plantcyc <https://plantcyc.org/>	dihydrosphingosine 1-phosphate // DHS-1-P	381.2644099097	CCCCCCCCCCCCCCC[C@H]([C@H](COP([O-])(=O)[O-])[NH3+])O		YHEDRJPUIRMZMP-ZWKOTPCHSA-M									PlantCyc/PMN local PGDB
CPD-14762	CPD-14762	2''- O -acetyl-ADP-ribose	601.08223818					C17H23N5O15P2			plantcyc <https://plantcyc.org/>	2''-OAADPr	601.08223818	CC(O[C@H]4(C(O[C@H](COP(OP(OC[C@H]3(O[C@@H](N1(C2(\C(\N=C/1)=C(N)/N=C\N=2)))[C@H](O)[C@H](O)3))(=O)[O-])(=O)[O-])[C@@H](O)4)O))=O		BFNOPXRXIQJDHO-YDKGJHSESA-L									PlantCyc/PMN local PGDB
17-O-DEACETYLVINDOLINE	17-O-DEACETYLVINDOLINE	17-O-deacetylvindoline	414.2154720839					C23H31N2O5			plantcyc <https://plantcyc.org/>	deacetylvindoline	414.2154720839	CC[C@@]25(\C=C/C[NH+]4(CC[C@@]1(C3(/C=C\C(\OC)=C/C(/N(C)[C@H]1[C@](C(OC)=O)(O)[C@H](O)2)=3))[C@@H]45))		ZDKMPOJNYNVYLA-PEGGBQQISA-O									PlantCyc/PMN local PGDB
CPD-696	CPD-696	24-methylenecycloartanol	440.4018162913					C31H52O			plantcyc <https://plantcyc.org/>	24(28)-methylenecycloartanol	440.4018162913	CC(C)C(CC[C@@H](C)[C@H]3(CC[C@@]4(C)([C@@H]1(CC[C@H]5(C(C)(C)[C@@H](O)CC[C@@]2(C[C@@]12CC[C@](C)34)5)))))=C		BDHQMRXFDYJGII-UEBIAWITSA-N									PlantCyc/PMN local PGDB
CPD-603	CPD-603	3-cyano-L-alanine	114.0429274472					C4H5N2O2			plantcyc <https://plantcyc.org/>	3-cyanoalanine // L-3-cyanoalanine // cyano-L-alanine	114.0429274472	C(C[C@H](N)C(=O)[O-])#N		BXRLWGXPSRYJDZ-VKHMYHEASA-M									PlantCyc/PMN local PGDB
CPD-18821	CPD-18821	3-oxochol-4,6-dien-24-oyl-CoA	1119.355438637					C45H64N7O18P3S			plantcyc <https://plantcyc.org/>	3-oxo-&Delta; 4,6 -7-deoxy-chenodeoxycholoyl-CoA	1119.355438637	C[C@H](CCC(=O)SCCNC(=O)CCNC(=O)[C@H](O)C(C)(C)COP(=O)(OP(=O)(OC[C@@H]1([C@@H](OP([O-])(=O)[O-])[C@@H](O)[C@@H](O1)N2(C3(\N=C/N=C(C(\N=C/2)=3)/N))))[O-])[O-])[C@H]5(CC[C@H]6([C@@H]7(\C=C/C4(/[C@](C)(CCC(=O)\C=4)[C@@H](CC[C@](C)56)7))))		IQGCDPWHEHJEGO-ABDXREKHSA-J									PlantCyc/PMN local PGDB
CPD-8933	CPD-8933	chlorosuccinate	151.9876363589					C4H3O4CL			plantcyc <https://plantcyc.org/>		151.9876363589	C(=O)([O-])C(Cl)CC(=O)[O-]		QEGKXSHUKXMDRW-UHFFFAOYSA-L									PlantCyc/PMN local PGDB
UROPORPHYRINOGEN-III	UROPORPHYRINOGEN-III	uroporphyrinogen-III	836.2752313868					C40H36N4O16			plantcyc <https://plantcyc.org/>	uroporphyrinogen III	836.2752313868	C(=O)([O-])CCC2(\C(/CC(=O)[O-])=C1(CC5(\NC(/CC4(\NC(/CC3(\NC(/CC(\N1)=2)=C(CCC(=O)[O-])/C(\CC(=O)[O-])=3))=C(CC(=O)[O-])/C(\CCC(=O)[O-])=4))=C(CC([O-])=O)/C(\CCC(=O)[O-])=5)))		HUHWZXWWOFSFKF-UHFFFAOYSA-F									PlantCyc/PMN local PGDB
12-OXO-TRANS-10-DODECENOATE	12-OXO-TRANS-10-DODECENOATE	traumatin	212.1412445083					C12H19O3			plantcyc <https://plantcyc.org/>	(10 E )-12-oxo-dodecenoate // 12-oxo- trans -10-dodecenoate // &Delta;10-ODA // 12-oxo-(10 E )-dodecenoic acid // (10 E )-12-oxo-dodec-10-enoate // (10 E )-traumatin	212.1412445083	C(/C=C/CCCCCCCCC(=O)[O-])=O		INMKWUNQKOWGEZ-VQHVLOKHSA-M									PlantCyc/PMN local PGDB
CPD0-1033	CPD0-1033	psicofuranine	297.107318618					C11H15N5O5			plantcyc <https://plantcyc.org/>	9-D-psicofuranosyl-6-aminopurine // angustmycin C	297.107318618	C(O)[C@@H]1([C@@H](O)[C@@H](O)[C@@](CO)(O1)N2(\C=N/C3(C(/N)=N\C=N/C2=3)))		BNZYRKVSCLSXSJ-IOSLPCCCSA-N									PlantCyc/PMN local PGDB
CPD-4889	CPD-4889	( E )-beta-ocimene	136.1252005136					C10H16			plantcyc <https://plantcyc.org/>	trans -beta-ocimene	136.1252005136	C=CC(\C)=C/CC=C(C)C		IHPKGUQCSIINRJ-CSKARUKUSA-N									PlantCyc/PMN local PGDB
CPD-12333	CPD-12333	methyl gibberellin A 20	346.1780239451					C20H26O5			plantcyc <https://plantcyc.org/>	gibberellin A 20 methyl ester // methyl GA 20 // GA 20 methyl ester // carboxymethyl GA 20	346.1780239451	C=C3([C@@]2(CC[C@H]4([C@]15(CCC[C@@]([C@H]1[C@@H]([C@](C2)(C3)4)C(OC)=O)(C)C(O5)=O)))O)		SXJSUTBDMIRVGQ-QPLUWCFDSA-N									PlantCyc/PMN local PGDB
2-DEOXYGLUCOSE-6-PHOSPHATE	2-DEOXYGLUCOSE-6-PHOSPHATE	2-deoxyglucose 6-phosphate	244.0348039041					C6H11O8P			plantcyc <https://plantcyc.org/>		244.0348039041	C(C[C@H]([C@@H]([C@@H](COP([O-])([O-])=O)O)O)O)=O		MBPFNOMGYSRGQZ-PBXRRBTRSA-L									PlantCyc/PMN local PGDB
CPD-477	CPD-477	gibberellin A 97	364.1885886314					C20H26O6			plantcyc <https://plantcyc.org/>	GA97	364.1885886314	C=C1([C@@]2(O)(C[C@]3(C1)([C@H]([C@@H]4([C@@](C)(C[C@@H](O)C[C@@](C)([C@@H](CC2)3)4)C([O-])=O))C([O-])=O)))		DBFXNHHIIKEXPP-JOJUGDBLSA-L									PlantCyc/PMN local PGDB
CPD-21614	CPD-21614	sideretin (reduced form)	224.0320879894					C10H8O6			plantcyc <https://plantcyc.org/>	5-hydroxyfraxetin	224.0320879894	COC2(/C(/O)=C1(\C=C/C(OC\1=C(C(\O)=2)/O)=O))		WMAQKVUYHVUULI-UHFFFAOYSA-N									PlantCyc/PMN local PGDB
CPDQT-419	CPDQT-419	8-(methylsulfanyl)octyl-desulfoglucosinolate	397.1592791129					C16H31NO6S2			plantcyc <https://plantcyc.org/>	8-(methylthio)octyl-desulfoglucosinolate	397.1592791129	CSCCCCCCCCC(\S[C@@H]1(O[C@H](CO)[C@@H](O)[C@H](O)[C@@H](O)1))=N\O		JXHZTRXZIXRIDX-URUUWQEUSA-N									PlantCyc/PMN local PGDB
CPD-316	CPD-316	reduced riboflavin	378.1539344596					C17H22N4O6			plantcyc <https://plantcyc.org/>	4a,5-dihydroriboflavine // 7,8-dimethyl-10-(D-ribo-2,3,4,5-tetrahydroxypentyl)-4a,5-dihydroisoalloxazine // 7,8-dimethyl-10-(D-ribo-2,3,4,5-tetrahydroxypentyl)-5,10-dihydrobenzo[g]pteridine-2,4(3H,4aH)-dione	378.1539344596	CC3(\C=C2(C(/N(C[C@H](O)[C@H](O)[C@H](O)CO)C1(\C(C(=O)NC(=O)/N=1)N2))=C\C(/C)=3))		UTKDOUCGQVLJIN-PIGZVRMJSA-N									PlantCyc/PMN local PGDB
CPD-725	CPD-725	13( S )-HpOTre	310.2144094514					C18H29O4			plantcyc <https://plantcyc.org/>	13(S)-hydroperoxylinolenic acid // hydroperoxylinolenic acid // 13S-hydroperoxy-9(Z),11(E),15(Z)-octadecatrienoic acid // 13(S)-hydroperoxy-(9Z,11E,15Z)-octadecatrienoate // 13(S)-hydroperoxylinolenate // (9Z,11E,15Z)-(13S)-hydroperoxyoctadeca-9,11,15-trienoate // 13(S)-HPOTE	310.2144094514	CC\C=C/C[C@@H](/C=C/C=C\CCCCCCCC([O-])=O)OO		UYQGVDXDXBAABN-FQSPHKRJSA-M									PlantCyc/PMN local PGDB
OCTAPRENYL-METHYL-METHOXY-BENZQ	OCTAPRENYL-METHYL-METHOXY-BENZQ	5-methoxy-2-methyl-3-( all-trans -octaprenyl)benzene-1,4-diol	698.5637962417					C48H74O3			plantcyc <https://plantcyc.org/>	2-octaprenyl-3-methyl-6-methoxy-1,4-benzenediol // 6-methoxy-3-methyl-2-octaprenylquinol // 2-octaprenyl-3-methyl-6-methoxyhydroquinone // 2-octaprenyl-3-methyl-6-methoxyquinol // 6-methoxy-3-methyl-2-( all-trans -octaprenyl)-1,4-benzoquinol	698.5637962417	CC(C)=CCCC(\C)=C/CCC(\C)=C/CCC(\C)=C/CCC(\C)=C/CCC(\C)=C/CCC(\C)=C/CCC(\C)=C/CC1(/C(\C)=C(/C=C(C(/O)=1)/OC)/O)		HDSGDGSLNMIMKU-KFSSTAEESA-N									PlantCyc/PMN local PGDB
CPD-4241	CPD-4241	norajmaline	312.183778025					C19H24N2O2			plantcyc <https://plantcyc.org/>		312.183778025	CC[C@H]3([C@@H]2(C4([C@@H](O)C15(C6(\C(\N[C@H]1[C@H](C2)N([C@H](O)3)[C@H]4C5)=C/C=C\C=6)))))		HIOAYNMZFIHQNS-GLLFFQQYSA-N									PlantCyc/PMN local PGDB
CPD-17420	CPD-17420	6-hydroxytyphasterol	450.3709100934					C28H50O4			plantcyc <https://plantcyc.org/>		450.3709100934	CC(C)[C@H](C)[C@@H](O)[C@H](O)[C@@H](C)[C@H]3(CC[C@H]4([C@@H]2(C[C@H](O)[C@H]1(C[C@H](O)CC[C@@](C)1[C@H]2CC[C@](C)34))))		QQPPQQNYVDYNAA-VKTWQGKFSA-N									PlantCyc/PMN local PGDB
CPD0-1810	CPD0-1810	1,2-di -O- octylglycerol	316.2977451503					C19H40O3			plantcyc <https://plantcyc.org/>	diC 8 ether	316.2977451503	CCCCCCCCOCC(OCCCCCCCC)CO		QWHKYVBQPAUEPF-UHFFFAOYSA-N									PlantCyc/PMN local PGDB
CPD-7655	CPD-7655	octyl beta-D-glucopyranoside	292.1885886314					C14H28O6			plantcyc <https://plantcyc.org/>	1- O -n-octyl-beta-D-glucopyranoside // OG // beta-D-octyl glucoside // octylglucoside // octyl beta-D-glucoside	292.1885886314	CCCCCCCCO[C@@H]1(O[C@@H]([C@H]([C@@H]([C@H]1O)O)O)CO)		HEGSGKPQLMEBJL-RKQHYHRCSA-N									PlantCyc/PMN local PGDB
CPD-728	CPD-728	(9Z,13S,15Z)-12,13-epoxyoctadeca-9,11,15-trienoate	292.2038447651					C18H27O3			plantcyc <https://plantcyc.org/>	12,13(S)-epoxylinolenic acid // epoxylinolenic acid // 12,13-epoxy-octadecatrienoic acid // (9 Z )-(13 S )-12,13-epoxyoctadeca-9,11,15-trienoate // (9Z,15Z)-(13S)-12,13-epoxyoctadeca-9,11,15-trienoate // 12,13-EOT // (9Z,13S,15Z)-12,13-epoxyoctadeca-9,11,15-trienoic acid // 12,13(S)-epoxylinolenate	292.2038447651	CC\C=C/C[C@@H]1(OC\1=C/C=C\CCCCCCCC(=O)[O-])		YZBZORUZOSCZRN-DCUPSMFCSA-M									PlantCyc/PMN local PGDB
CPD-7158	CPD-7158	3-demethylubiquinol-9	782.6213111206					C53H82O4			plantcyc <https://plantcyc.org/>		782.6213111206	CC(C)=CCCC(\C)=C/CCC(\C)=C/CCC(\C)=C/CCC(\C)=C/CCC(\C)=C/CCC(\C)=C/CCC(\C)=C/CCC(\C)=C/CC1(\C(\O)=C(C(\O)=C(C(/C)=1)\O)\OC)		ALAJATOGWWBPQT-NSCWJZNLSA-N									PlantCyc/PMN local PGDB
CPD0-2459	CPD0-2459	triethanolamine	150.1130183851					C6H16NO3			plantcyc <https://plantcyc.org/>		150.1130183851	C(O)C[NH+](CCO)CCO		GSEJCLTVZPLZKY-UHFFFAOYSA-O									PlantCyc/PMN local PGDB
GDP-TP	GDP-TP	pppGpp	682.9233205958					C10H11N5O20P5			plantcyc <https://plantcyc.org/>	guanosine pentaphosphate // guanosine 3'-diphosphate 5'-triphosphate // guanosine 5'-triphosphate,3'-diphosphate	682.9233205958	C(OP(=O)([O-])OP(=O)([O-])OP(=O)([O-])[O-])[C@H]3(O[C@@H](N1(\C=N/C2(C(=O)NC(/N)=N/C1=2)))[C@H](O)[C@H](OP([O-])(OP([O-])([O-])=O)=O)3)		KCPMACXZAITQAX-UUOKFMHZSA-G									PlantCyc/PMN local PGDB
P-NITROPHENOL	P-NITROPHENOL	4-nitrophenol	141.0425930962					C6H4NO3			plantcyc <https://plantcyc.org/>	p -nitrophenol // PNP // niphen // 4-hydroxynitrobenzene // para -nitrophenol	141.0425930962	C1(/C=C(\C=C/C(/[N+](=O)[O-])=1)/[O-])		BTJIUGUIPKRLHP-UHFFFAOYSA-M									PlantCyc/PMN local PGDB
CPDQT-516	CPDQT-516	CDP-1-18:1(9Z)-2-18:1(9Z)-glycerol	1005.5455920956					C48H83N3O15P2			plantcyc <https://plantcyc.org/>	CDP-1,2-dioctadecenoylglycerol // CDP-1,2-dioleoylglycerol	1005.5455920956	C([C@@H]2([C@H]([C@H]([C@H](N1(C(/N=C(\C=C/1)/N)=O))O2)O)O))OP(OP(OC[C@H](OC(=O)CCCCCCC\C=C/CCCCCCCC)COC(=O)CCCCCCC\C=C/CCCCCCCC)([O-])=O)([O-])=O											PlantCyc/PMN local PGDB
CPD-885	CPD-885	gibberellin A 98	348.1936740093					C20H27O5			plantcyc <https://plantcyc.org/>	GA98	348.1936740093	C=C1([C@H]2(C[C@]3(C1)([C@H]([C@@H]4([C@@](C)(C[C@@H](O)C[C@@](CO)([C@@H](CC2)3)4)C=O))C([O-])=O)))		ATMPPYARKPQWNF-OLHXTJCGSA-M									PlantCyc/PMN local PGDB
GUANOSINE-5DP-3DP	GUANOSINE-5DP-3DP	ppGpp	602.9569901874					C10H11N5O17P4			plantcyc <https://plantcyc.org/>	guanosine tetraphosphate // guanosine 5'-diphosphate,3'-diphosphate // guanosine 3',5'-bispyrophosphate // guanosine 3',5'-bis(diphosphate) // guanosine 3'-diphosphate 5'-diphosphate // magic spot // guanosine-5',3'-tetraphosphate	602.9569901874	C(OP(=O)([O-])OP(=O)([O-])[O-])[C@H]3(O[C@@H](N1(\C=N/C2(C(=O)NC(/N)=N/C1=2)))[C@H](O)[C@H](OP([O-])(OP([O-])([O-])=O)=O)3)		BUFLLCUFNHESEH-UUOKFMHZSA-H									PlantCyc/PMN local PGDB
CPD-13611	CPD-13611	C 20 sphinganine	329.3293796297					C20H44NO2			plantcyc <https://plantcyc.org/>	dihydrosphingosine (C20) // erythro-D-sphinganine (C20) // DHS (C20) // eicosasphinganine // eicosadihydrosphingosine // 1,3-eicosanediol, 2-amino- // d20:0 // sphinganine (C20) // icosasphinganine	329.3293796297	CCCCCCCCCCCCCCCCC[C@@H](O)[C@@H]([NH3+])CO		UFMHYBVQZSPWSS-VQTJNVASSA-O									PlantCyc/PMN local PGDB
CPD-7854	CPD-7854	3,4,3',4'-tetradehydroisozeaxanthin	564.3967309134					C40H52O2			plantcyc <https://plantcyc.org/>	4,4'-dihydro-3,4,3',4'-tetradehydro-beta,beta-carotene	564.3967309134	CC(/C=C/C=C(C)/C=C/C1(/C(C/C=C(C(/C)=1)/O)(C)C))=C\C=C\C=C(C)\C=C\C=C(C)\C=C\C2(\C(C/C=C(C(/C)=2)/O)(C)C)		PNLSIRAIRUYUEO-DKLMTRRASA-N									PlantCyc/PMN local PGDB
1-KESTOTRIOSE	1-KESTOTRIOSE	1-kestotriose	504.1690349808					C18H32O16			plantcyc <https://plantcyc.org/>	1-kestose // 1 F -(beta-D-fructofuranosyl)sucrose // beta-D-fructofuranosyl-(2->1)-beta-D-fructofuranosyl alpha-D-glucopyranoside // O -beta-D-fructofuranosyl-(2->1)- O -beta-D-fructofuranosyl-(2->1)-alpha-D-glucopyranoside // beta-D-Fru-(2->1)-beta-D-Fru-(2->1)-alpha-D-Glup	504.1690349808	C(O)[C@H]3(O[C@H](O[C@]2(CO[C@]1(CO)(O[C@H](CO)[C@@H](O)[C@H](O)1))(O[C@H](CO)[C@@H](O)[C@H](O)2))[C@H](O)[C@@H](O)[C@H](O)3)		VAWYEUIPHLMNNF-OESPXIITSA-N									PlantCyc/PMN local PGDB
S-ALLANTOIN	S-ALLANTOIN	( S )-(+)-allantoin	158.0439900797					C4H6N4O3			plantcyc <https://plantcyc.org/>	S -allantoin	158.0439900797	C(=O)(N)N[C@H]1(NC(=O)NC(=O)1)		POJWUDADGALRAB-SFOWXEAESA-N									PlantCyc/PMN local PGDB
CPD-2187	CPD-2187	1-18:1-2-16:0-monogalactosyldiacylglycerol	756.575148789					C43H80O10			plantcyc <https://plantcyc.org/>	18:1-16:0-MGDG // 1-(9Z-octadecenoyl)-2-hexadecanoyl-3-O-beta-D-galactosyl-sn-glycerol	756.575148789	CCCCCCCC\C=C/CCCCCCCC(OC[C@H](CO[C@@H]1(O[C@@H]([C@@H]([C@@H]([C@H]1O)O)O)CO))OC(CCCCCCCCCCCCCCC)=O)=O		JBZBYHKCRFIXBI-OTVPKONDSA-N									PlantCyc/PMN local PGDB
CPD-607	CPD-607	adenosine tetraphosphate	586.9620755653					C10H12N5O16P4			plantcyc <https://plantcyc.org/>	Adenosine 5'-tetraphosphate // p 4 A	586.9620755653	C(OP(OP(OP(OP([O-])([O-])=O)([O-])=O)([O-])=O)([O-])=O)[C@H]3(O[C@@H](N1(C2(\C(\N=C/1)=C(N)/N=C\N=2)))[C@H](O)[C@H](O)3)		WWMWAMFHUSTZTA-KQYNXXCUSA-I									PlantCyc/PMN local PGDB
CPD-23237	CPD-23237	3-oxochol-4,6-dienoate	370.2507949577					C24H33O3			plantcyc <https://plantcyc.org/>	3-oxo-&Delta; 4,6 -7-deoxy-chenodeoxycholate	370.2507949577	C[C@H](CCC(=O)[O-])[C@H]2(CC[C@H]3([C@@H]4(\C=C/C1(/[C@](C)(CCC(=O)\C=1)[C@@H](CC[C@](C)23)4))))		CREVIXFSUWYGRJ-IHMUCKAYSA-M									PlantCyc/PMN local PGDB
ANTHRANILATE	ANTHRANILATE	anthranilate	137.0476784741					C7H6NO2			plantcyc <https://plantcyc.org/>	anthranilic acid // 2-aminobenzoic acid // vitamin L1 // o -aminobenzoic acid // 2-aminobenzoate // o -aminobenzoate	137.0476784741	C(C1(\C(\N)=C/C=C\C=1))(=O)[O-]		RWZYAGGXGHYGMB-UHFFFAOYSA-M									PlantCyc/PMN local PGDB
CPD-9002	CPD-9002	(9S,10S)-9,10-dihydroxyoctadecanoate	316.261359644					C18H35O4			plantcyc <https://plantcyc.org/>	(9S,10S)-9,10-dihydroxystearate	316.261359644	CCCCCCCC[C@H](O)[C@@H](O)CCCCCCCC(=O)[O-]		VACHUYIREGFMSP-IRXDYDNUSA-M									PlantCyc/PMN local PGDB
CPD-5742	CPD-5742	amobarbital	226.1317424545					C11H17N2O3			plantcyc <https://plantcyc.org/>	amytal	226.1317424545	CCC1(C([N-]C(NC1=O)=O)=O)CCC(C)C		VIROVYVQCGLCII-UHFFFAOYSA-M									PlantCyc/PMN local PGDB
2C-METH-D-ERYTHRITOL-CYCLODIPHOSPHATE	2C-METH-D-ERYTHRITOL-CYCLODIPHOSPHATE	2-C-methyl-D-erythritol-2,4-cyclodiphosphate	277.9956550041					C5H10O9P2			plantcyc <https://plantcyc.org/>	ME-2,4cPP // MEcPP	277.9956550041	C[C@@]1(CO)(OP(=O)([O-])OP(=O)([O-])OC[C@@H](O)1)		SFRQRNJMIIUYDI-UHNVWZDZSA-L									PlantCyc/PMN local PGDB
N-5-PHOSPHORIBOSYL-ANTHRANILATE	N-5-PHOSPHORIBOSYL-ANTHRANILATE	N -(5-phosphoribosyl)-anthranilate	349.0562676277					C12H13NO9P			plantcyc <https://plantcyc.org/>	N -(5-phospho-D-ribosyl)-anthranilate // N -(5-phospho-beta-D-ribosyl)-anthranilate // 5-phosphoribosyl-anthranilate // 5-P-ribosyl-anthranilate // 5'-phosphoribosyl-anthranilate // 5'-P-ribosyl-anthranilate	349.0562676277	C(OP(=O)([O-])[O-])[C@H]2(O[C@@H](NC1(/C=C\C=C/C(/C(=O)[O-])=1))[C@H](O)[C@H](O)2)		PMFMJXPRNJUYMB-GWOFURMSSA-K									PlantCyc/PMN local PGDB
CPD0-1394	CPD0-1394	2'-chloro-2'-deoxyuridine-5'-diphosphate	421.9683100008					C9H10N2O11P2CL			plantcyc <https://plantcyc.org/>		421.9683100008	C(OP(=O)([O-])OP(=O)([O-])[O-])[C@@H]2([C@H](C([C@H](N1(\C=C/C(=O)NC1=O))O2)Cl)O)		WGHTVAKXVHPEEP-RNMRRNDGSA-K									PlantCyc/PMN local PGDB
CPD-22601	CPD-22601	( E )-4-hydroxy-6-(styryl)pyran-2-one	214.0629941873					C13H10O3			plantcyc <https://plantcyc.org/>	4-hydroxy-6-[( E )-2-phenylethenyl]pyran-2-one // 4-hydroxy-6-stryryl-alpha-pyrone	214.0629941873	C2(=O)(OC(/C=C/C1(\C=C/C=C\C=1))=C/C(/O)=C\2)		LGSQMZHPXAWUAT-VOTSOKGWSA-N									PlantCyc/PMN local PGDB
AICAR	AICAR	5-amino-1-(5-phospho-D-ribosyl)imidazole-4-carboxamide	338.0627499891					C9H13N4O8P			plantcyc <https://plantcyc.org/>	Z-nucleotide // AICA ribonucleotide // 5'-phosphoribosyl-5-amino-4-imidazole carboxamide // 5-amino-4-imidazolecarboxamide ribotide // 5'-P-ribosyl-5-amino-4-imidazole carboxamide // aminoimidazole carboxamide ribonucleotide // 5-aminoimidazole-4-carboxamide-1-beta-D-ribofuranosyl 5'-monophosphate // ZMP	338.0627499891	C(OP(=O)([O-])[O-])[C@H]2(O[C@@H](N1(C(/N)=C(C(=O)N)/N=C\1))[C@H](O)[C@H](O)2)		NOTGFIUVDGNKRI-UUOKFMHZSA-L									PlantCyc/PMN local PGDB
CPD-22362	CPD-22362	( S )-8-oxocitronellyl enol	168.1150297578					C10H16O2			plantcyc <https://plantcyc.org/>		168.1150297578	C[C@H](/C=C/O)CC/C=C(C)/C=O		CUVKIWGKVWHEEO-BVRNBXKUSA-N									PlantCyc/PMN local PGDB
CPD-15834	CPD-15834	2,3-dimethyl-6-geranylgeranyl-1,4-benzoquinol	410.3184805924					C28H42O2			plantcyc <https://plantcyc.org/>		410.3184805924	CC(C)=CCCC(\C)=C/CCC(\C)=C/CCC(\C)=C/CC1(/C=C(C(/C)=C(C)/C(/O)=1)/O)		QFMVWSPTQOCGTB-TUZVQDLTSA-N									PlantCyc/PMN local PGDB
CPD-16169	CPD-16169	2-iodosobenzoate	263.9283370268					C7H4O3I			plantcyc <https://plantcyc.org/>	o -iodosobenzoate // 2-iodosobenzoic acid // o -iodosobenzoic acid // 2-iodosylbenzoic acid // o -odosylbenzoic acid	263.9283370268	C(=O)([O-])C1(\C(\I=O)=C/C=C\C=1)		IFPHDUVGLXEIOQ-UHFFFAOYSA-M									PlantCyc/PMN local PGDB
CPD-12046	CPD-12046	beta-L-arabinofuranose	150.0528234315					C5H10O5			plantcyc <https://plantcyc.org/>	beta-L-arabinose // beta-L-Ara f	150.0528234315	C(O)[C@H]1([C@H](O)[C@@H](O)[C@@H](O)O1)		HMFHBZSHGGEWLO-KLVWXMOXSA-N									PlantCyc/PMN local PGDB
CPDQT-26	CPDQT-26	quercetin-3,7- O -dirhamnoside	594.1584702945					C27H29O15			plantcyc <https://plantcyc.org/>	quercetin-3- O -rhamnoside-7- O -rhamnoside	594.1584702945	C[C@@H]5(O[C@H](OC3(\C=C(C4(\C(=O)C(/O[C@H]1(O[C@H]([C@@H]([C@H]([C@H]1O)O)O)C))=C(C2(\C=C/C(/O)=C(/C=2)/O))\OC(/C=3)=4))\[O-]))[C@H](O)[C@@H]([C@H]5O)O)		GXLQUHPXGLZNGE-VWSLVOSVSA-M									PlantCyc/PMN local PGDB
CPD-6203	CPD-6203	gibberellin A 38	362.1729385672					C20H25O6			plantcyc <https://plantcyc.org/>	GA38	362.1729385672	C=C1([C@@]3(O)(C[C@]4(C1)([C@H]([C@@H]5([C@]2(C(=O)OC[C@](CC[C@H](O)2)([C@@H](CC3)4)5)(C)))C([O-])=O)))		GAQSCLQIDHHPEE-BGACTFDASA-M									PlantCyc/PMN local PGDB
3-MERCAPTO-PYRUVATE	3-MERCAPTO-PYRUVATE	2-oxo-3-sulfanylpropanoate	119.9881146847					C3H3O3S			plantcyc <https://plantcyc.org/>	mercaptopyruvate // 3-mercaptopyruvic acid // beta-thiopyruvate // beta-mercaptopyruvate // 3-mercaptopyruvate	119.9881146847	C(C(C(=O)[O-])=O)S		OJOLFAIGOXZBCI-UHFFFAOYSA-M									PlantCyc/PMN local PGDB
G3P	G3P	3-phospho-D-glycerate	185.9929390894					C3H4O7P			plantcyc <https://plantcyc.org/>	3-phospho-(R)-glycerate // 3-phospho-D-glyceric acid // 3-P-D-glycerate // D-glycerate-3-P // D-glycerate 3-phosphate // 3-phosphoglycerate // D-3-phosphoglycerate // D-3-Phospho-glyceric acid	185.9929390894	C(OP(=O)([O-])[O-])[C@@H](O)C(=O)[O-]		OSJPPGNTCRNQQC-UWTATZPHSA-K									PlantCyc/PMN local PGDB
CPD-15225	CPD-15225	cyclic di-3',5'-adenylate	658.1050393076					C20H22N10O12P2			plantcyc <https://plantcyc.org/>	cyclic di-3',5'-AMP // cyclic di-adenosine monophosphate // cyclic diadenosine monophosphate	658.1050393076	C1([C@@H]7([C@@H](OP([O-])(=O)OC[C@@H]4([C@@H](OP([O-])(=O)O1)[C@@H](O)[C@H](N2(C3(\N=C/N=C(C(\N=C/2)=3)/N)))O4))[C@@H](O)[C@H](N5(C6(\N=C/N=C(C(\N=C/5)=6)/N)))O7))		PDXMFTWFFKBFIN-XPWFQUROSA-L									PlantCyc/PMN local PGDB
CPD0-1083	CPD0-1083	L-galactonate	196.0583027399					C6H11O7			plantcyc <https://plantcyc.org/>		196.0583027399	C([C@@H]([C@H]([C@H]([C@@H](C([O-])=O)O)O)O)O)O		RGHNJXZEOKUKBD-RSJOWCBRSA-M									PlantCyc/PMN local PGDB
CPD-19811	CPD-19811	(+)-7- epi -12-oxojasmonoyl-L-isoleucine	337.1889229824					C18H26NO5			plantcyc <https://plantcyc.org/>	(3R, 7S)-12CHO-JA-Ile // (3R, 7S)-12-oxojasmonoyl-isoleucine // (3R, 7S)-12-oxojasmonoyl-L-isoleucine // (+)-7- iso -12-oxojasmonoyl-L-isoleucine	337.1889229824	CC[C@H](C)[C@H](NC(=O)C[C@H]1(CCC(=O)[C@@H](C\C=C/CC=O)1))C([O-])=O		BLZRWMJJRGXFHK-RAJZRIHCSA-M									PlantCyc/PMN local PGDB
CPD0-1239	CPD0-1239	monofluoromethylputrescine	106.0906265635					C4H13N2F			plantcyc <https://plantcyc.org/>	alpha-monofluoromethylputrescine // 1,2-propanediamine, 3-fluoro-, (+-)-	106.0906265635	C(F)C(C[NH3+])C[NH3+]		MLGYPSMVMFEFLH-UHFFFAOYSA-P									PlantCyc/PMN local PGDB
3-HYDROXY-CISCIS-MUCONATE	3-HYDROXY-CISCIS-MUCONATE	3-hydroxy- cis,cis -muconate	158.0215233031					C6H4O5			plantcyc <https://plantcyc.org/>		158.0215233031	C(\C(\O)=C/C(=O)[O-])=C\C(=O)[O-]		DLKZGMNZEDNHKO-BXTBVDPRSA-L									PlantCyc/PMN local PGDB
3-KETO-ADIPATE	3-KETO-ADIPATE	3-oxoadipate	160.0371733673					C6H6O5			plantcyc <https://plantcyc.org/>	beta-ketoadipate // 3-ketoadipate // 3-oxohexanedioate	160.0371733673	C(=O)([O-])CC(=O)CCC(=O)[O-]		RTGHRDFWYQHVFW-UHFFFAOYSA-L									PlantCyc/PMN local PGDB
CPD0-1468	CPD0-1468	dXMP	348.0470999249					C10H11N4O8P			plantcyc <https://plantcyc.org/>		348.0470999249	C(OP(=O)([O-])[O-])C3(OC(N1(\C=N/C2(\C(=O)NC(=O)NC/1=2)))CC(O)3)		RTWWRSBEQVIVBY-UHFFFAOYSA-L									PlantCyc/PMN local PGDB
2-PROPENYL-GLUCOSINOLATE	2-PROPENYL-GLUCOSINOLATE	sinigrin	359.0344725298					C10H16NO9S2			plantcyc <https://plantcyc.org/>	2-propenyl-glucosinolate // allyl-glucosinolate	359.0344725298	C=CCC(\S[C@@H]1(O[C@H](CO)[C@@H](O)[C@H](O)[C@@H](O)1))=N\OS([O-])(=O)=O		PHZOWSSBXJXFOR-GLVDENFASA-M									PlantCyc/PMN local PGDB
C55-PP-GLCNAC-MANNACA	C55-PP-GLCNAC-MANNACA	beta-D-ManNAcA-(1->4)-alpha-D-GlcNAc-PP-Und	1346.7698379518					C71H113N2O18P2			plantcyc <https://plantcyc.org/>	undecaprenyl-diphospho-N-acetylglucosamine-N-acetylmannosaminuronate // ManNAcA-GlcNAc-PP-lipid // C55-PP-GlcNAc-ManNAcA // N -acetyl-beta-D-mannosaminuronyl-(1->4)-N-acetyl-alpha-D-glucosaminyl-diphospho- ditrans,octacis -undecaprenol // undecaprenyl N -acetyl-glucosaminyl- N -acetyl-mannosaminuronate pyrophosphate // ECA-lipid II // beta-D-ManNAcA-(1->4)-alpha-D-GlcNAc-pyrophosphorylundecaprenol // beta-D-ManNAcA-(1->4)-alpha-D-GlcNAc-diphospho- ditrans,octacis -undecaprenol	1346.7698379518	CC(C)=CCCC(/C)=C/CCC(/C)=C/CCC(/C)=C/CCC(/C)=C/CCC(/C)=C/CCC(/C)=C/CCC(/C)=C/CCC(/C)=C/CCC(/C)=C/CCC(/C)=C/COP(=O)([O-])OP(=O)([O-])O[C@H]2(O[C@H](CO)[C@@H](O[C@@H]1(O[C@H](C(=O)[O-])[C@@H](O)[C@H](O)[C@H](NC(C)=O)1))[C@H](O)[C@@H](NC(C)=O)2)		IGGGNUSEBUZFTR-VKNDNNCMSA-K									PlantCyc/PMN local PGDB
CPD-9925	CPD-9925	1,4-dihydroxy-2-naphthoyl-CoA	953.1469024245					C32H38N7O19P3S			plantcyc <https://plantcyc.org/>	1,4-dihydroxy-2-naphthoate-CoA // DHNA-CoA	953.1469024245	CC(C)([C@@H](O)C(=O)NCCC(=O)NCCSC(C1(/C=C(C2(\C(\C(\O)=1)=C/C=C\C=2))/O))=O)COP(=O)(OP(=O)(OC[C@@H]3([C@@H](OP([O-])(=O)[O-])[C@@H](O)[C@@H](O3)N4(C5(\N=C/N=C(C(\N=C/4)=5)/N))))[O-])[O-]		PYTINLGPKDJURZ-HSJNEKGZSA-J									PlantCyc/PMN local PGDB
ENT-KAUR-16-EN-19-AL	ENT-KAUR-16-EN-19-AL	ent -kaurenal	286.2296655851					C20H30O			plantcyc <https://plantcyc.org/>	ent -kaur-16-en-19-al	286.2296655851	C=C1([C@H]4(C[C@]3(C1)(CC[C@@H]2([C@](C)(C=O)CCC[C@](C)2[C@@H]3CC4))))		JCAVDWHQNFTFBW-XRNRSJMDSA-N									PlantCyc/PMN local PGDB
CPD-14039	CPD-14039	N -hydroxypentahomomethionine	235.1242142356					C10H20NO3S			plantcyc <https://plantcyc.org/>		235.1242142356	CSCCCCCCCC(NO)C([O-])=O		DPWLWTOLQTUIJL-UHFFFAOYSA-M									PlantCyc/PMN local PGDB
CPD-17222	CPD-17222	(2R,3E)-phycocyanobilin	586.2791349732					C33H36N4O6			plantcyc <https://plantcyc.org/>		586.2791349732	C/C=C1([C@@H](C)C(NC\1=C/C4(/NC(/C=C3(C(/CCC([O-])=O)=C(C)/C(\C=C2(C(/C)=C(CC)/C(=O)N2))=N\3))=C(CCC([O-])=O)/C(\C)=4))=O)		INPDFIMLLXXDOQ-UAWLBFNISA-L									PlantCyc/PMN local PGDB
PYRIDOXAMINE	PYRIDOXAMINE	pyridoxamine	168.0898776398					C8H13N2O2			plantcyc <https://plantcyc.org/>		168.0898776398	CC1(\C(\O)=C(C(/CO)=C\N=1)\C[NH3+])		NHZMQXZHNVQTQA-UHFFFAOYSA-O									PlantCyc/PMN local PGDB
CPD-534	CPD-534	D- myo -inositol (1,2,4,5,6)-pentakisphosphate	579.8950401598					C6H7O21P5			plantcyc <https://plantcyc.org/>	1D- myo -inositol 1,2,4,5,6-penta kis phosphate // myo -inositol 1,2,4,5,6-penta kis phosphate // inositol 1,2,4,5,6-penta kis phosphate	579.8950401598	[C@H]1(O)([C@@H](OP([O-])(=O)[O-])[C@H](OP([O-])([O-])=O)[C@@H](OP([O-])([O-])=O)[C@H](OP([O-])([O-])=O)[C@H](OP([O-])(=O)[O-])1)		CTPQAXVNYGZUAJ-XCMZKKERSA-D									PlantCyc/PMN local PGDB
CPD-25934	CPD-25934	9-hydroperoxytraumatin	244.1310737525					C12H19O5			plantcyc <https://plantcyc.org/>	(10 E )-9-hydroperoxy-12-oxo-dodecenoate // (10 E )-9-hydroperoxy-12-oxo-dodecenoic acid // (10 E )-9-hydroperoxytraumatin	244.1310737525	C(/C=C/C(OO)CCCCCCCC(=O)[O-])=O		KVBXTYVVYKUGIO-SOFGYWHQSA-M									PlantCyc/PMN local PGDB
HISTAMINE	HISTAMINE	histamine	111.0796473045					C5H10N3			plantcyc <https://plantcyc.org/>	peremin // 1H-Imidazole-4-ethanamine	111.0796473045	C([NH3+])CC1(\N=C/N\C=1)		NTYJJOPFIAHURM-UHFFFAOYSA-O									PlantCyc/PMN local PGDB
CPD-12125	CPD-12125	menaquinol- 7	650.5062813628					C46H66O2			plantcyc <https://plantcyc.org/>	menaquinol(7) // MKH2-7	650.5062813628	CC(C)=CCCC(\C)=C/CCC(\C)=C/CCC(\C)=C/CCC(\C)=C/CCC(\C)=C/CCC(\C)=C/CC1(/C(\C)=C(C2(/C=C\C=C/C(/C(/O)=1)=2))/O)		VFGNPJRRTKMYKN-LJWNYQGCSA-N									PlantCyc/PMN local PGDB
2-C-METHYL-D-ERYTHRITOL-4-PHOSPHATE	2-C-METHYL-D-ERYTHRITOL-4-PHOSPHATE	2-C-methyl-D-erythritol 4-phosphate	216.039889282					C5H11O7P			plantcyc <https://plantcyc.org/>	2-methylerylthritol 4-phosphate	216.039889282	C[C@](O)(CO)[C@H](O)COP([O-])([O-])=O		XMWHRVNVKDKBRG-UHNVWZDZSA-L									PlantCyc/PMN local PGDB
CPD-13370	CPD-13370	(2E,4E,6E)-4-methylocta-2,4,6-trienedial	150.0680795652					C9H10O2			plantcyc <https://plantcyc.org/>		150.0680795652	CC(/C=C/C=O)=C\C=C\C=O		HLZZDTVXNYNFKH-BNFXUGDESA-N									PlantCyc/PMN local PGDB
CPD-24622	CPD-24622	9( S )-HODE	296.2351448935					C18H31O3			plantcyc <https://plantcyc.org/>	9(S)-hydroxy-(10E,12Z)-octadecadienoate // (9S)-hydroxy(10E,12Z)-octadecadienoate	296.2351448935	CCCCC\C=C/C=C/[C@@H](O)CCCCCCCC(=O)[O-]		NPDSHTNEKLQQIJ-UINYOVNOSA-M									PlantCyc/PMN local PGDB
CPDQT-458	CPDQT-458	2- R -hydroperoxy-linolenate	310.2144094514					C18H30O4			plantcyc <https://plantcyc.org/>	2- R -hydroperoxy-linolenic acid // 2- R -hydroperoxy-all-cis-9,12,15-octadecatrienoic acid // 2- R -hydroperoxy-(9Z,12Z,15Z)-octadecatrienoic acid // 2- R -hydroperoxy-(9,12,15)-linolenic acid // 2- R -hydroperoxy-9Z,12Z,15Z-octadecatrienoate // (9Z,12Z,15Z)-2-hydroperoxyoctadeca-9,12,15-trienoic acid	310.2144094514	CC\C=C/C\C=C/C\C=C/CCCCCCC(OO)C(=O)O											PlantCyc/PMN local PGDB
CPDQT-37	CPDQT-37	3-[(4'-methylsulfanyl)butyl]malate	236.0718443141					C9H14O5S			plantcyc <https://plantcyc.org/>	3-[(4'-methylthio)butyl]malic acid // 3-[(4'-methylthio)butyl]malate	236.0718443141	CSCCCCC(C(O)C(=O)[O-])C(=O)[O-]		ZIZLDVKLMYVMNX-UHFFFAOYSA-L									PlantCyc/PMN local PGDB
CPD-8004	CPD-8004	isorhamnetin	316.0583027399					C16H11O7			plantcyc <https://plantcyc.org/>	3'-methoxyquercetin // 3-methylquercetin	316.0583027399	COC1(\C(\O)=C/C=C(/C=1)/C2(/OC3(\C(\C(=O)C(/[O-])=2)=C(/C=C(/C=3)/O)\O)))		IZQSVPBOUDKVDZ-UHFFFAOYSA-M									PlantCyc/PMN local PGDB
CPD-23305	CPD-23305	6- O -methyl-beta-D-galacturonate	208.0583027399					C7H12O7			plantcyc <https://plantcyc.org/>	6- O -methyl-beta-D-galacturonic acid	208.0583027399	COC(=O)[C@@H]1([C@@H]([C@@H]([C@H]([C@@H](O1)O)O)O)O)		DICCNWCUKCYGNF-SXUWKVJYSA-N									PlantCyc/PMN local PGDB
CPD-4201	CPD-4201	N 6 -(&Delta; 2 -isopentenyl)-adenosine 5'-triphosphate	575.0583454137					C15H20N5O13P3			plantcyc <https://plantcyc.org/>	isopentenyladenosine-5'-triphosphate // iPTP // isopentenyladenosine riboside-5'-triphosphate // iPRTP	575.0583454137	CC(C)=CCNC3(/N=C\N=C1(C(/N=C\N1[C@@H]2(O[C@H](COP(=O)([O-])OP(=O)([O-])OP(=O)([O-])[O-])[C@@H](O)[C@@H](O)2))=3))		OPLVZTYVQUWKHB-SDBHATRESA-J									PlantCyc/PMN local PGDB
GLYOX	GLYOX	glyoxylate	74.0003939305					C2HO3			plantcyc <https://plantcyc.org/>	glyoxalate // glyox // glyoxylic acid	74.0003939305	C(C(=O)[O-])=O		HHLFWLYXYJOTON-UHFFFAOYSA-M									PlantCyc/PMN local PGDB
CPD-24684	CPD-24684	9( S ),10( S ),13( S )-TriHOME	330.2406242019					C18H33O5			plantcyc <https://plantcyc.org/>	(9S,10S,11E,13S)-9,10,13-trihydroxyoctadecenoate // 9( S ),10( S ),13( S )-trihydroxy-11-octadecenoate // 9( S ),10( S ),13( S )-trihydroxyoctadec-11-enoate	330.2406242019	CCCCC[C@H](O)/C=C/[C@H](O)[C@@H](O)CCCCCCCC(=O)[O-]		NTVFQBIHLSPEGQ-MVFSOIOZSA-M									PlantCyc/PMN local PGDB
CPD0-1325	CPD0-1325	P1-uridyl-P2-methyl diphosphate	418.0178470092					C10H14N2O12P2			plantcyc <https://plantcyc.org/>		418.0178470092	COP(=O)([O-])OP(=O)([O-])OC[C@@H]1([C@@H](O)[C@@H](O)[C@@H](O1)N2(\C=C/C(=O)NC(=O)2))		QEXWQSCECHIMQL-ZOQUXTDFSA-L									PlantCyc/PMN local PGDB
CPD-13909	CPD-13909	glutathioselenol	387.0003277839					C10H16N3O6SSE			plantcyc <https://plantcyc.org/>	GSSeH // selenoglutathione persulfide // selenoglutathione	387.0003277839	C(S[SeH])[C@@H](C(NCC([O-])=O)=O)NC(=O)CC[C@H]([NH3+])C([O-])=O		UUYVRXVWXDDDGX-WDSKDSINSA-M									PlantCyc/PMN local PGDB
CPD-10307	CPD-10307	arabidiol	444.3967309134					C30H52O2			plantcyc <https://plantcyc.org/>	(13R, 14R, 17E)-malabarica-17,21-diene-3beta,14-diol	444.3967309134	CC(C)=CCCC(\C)=C/CC[C@@](C)(O)[C@@H]1(CC[C@H]2([C@](C)1CC[C@@H]3([C@@](C)2CC[C@H](O)C(C)(C)3)))		KCSCTOANDBOIGV-ZFAZNOKVSA-N									PlantCyc/PMN local PGDB
CPD-7246	CPD-7246	N -acetyl-alpha-D-galactosamine 1-phosphate	301.0562676277					C8H14NO9P			plantcyc <https://plantcyc.org/>	N-Acetyl-D-galactosamine 1-phosphate	301.0562676277	CC(N[C@@H]1([C@@H](O)[C@@H](O)[C@@H](CO)O[C@H](OP([O-])(=O)[O-])1))=O		FZLJPEPAYPUMMR-JAJWTYFOSA-L									PlantCyc/PMN local PGDB
3-UREIDO-ISOBUTYRATE	3-UREIDO-ISOBUTYRATE	3-(carbamoylamino)-2-methylpropanoate	146.0691421977					C5H9N2O3			plantcyc <https://plantcyc.org/>	N -carbamyl-beta-aminoisobutyric acid // N -carbamyl-beta-aminoisobutyrate // (R)-3-ureido-isobutyrate // (R)-3-ureido-isobutanoate	146.0691421977	C[C@H](CNC(N)=O)C(=O)[O-]		PHENTZNALBMCQD-GSVOUGTGSA-M									PlantCyc/PMN local PGDB
3-BROMOPYRUVATE	3-BROMOPYRUVATE	3-bromopyruvate	165.9265565626					C3H2O3BR			plantcyc <https://plantcyc.org/>	bromopyruvate // 3-bromopyruvic acid // bromopyruvic acid // 3-bromo-2-oxopropanoic acid	165.9265565626	C(Br)C(=O)C(=O)[O-]		PRRZDZJYSJLDBS-UHFFFAOYSA-M									PlantCyc/PMN local PGDB
OXOPENTENOATE	OXOPENTENOATE	2-oxopent-4-enoate	114.0316940589					C5H5O3			plantcyc <https://plantcyc.org/>	2-oxo-4-pentenoate // 2-oxopentenoate // 2-keto-4-pentenoate // oxopent-4-enoate // 2-keto-4-pentenoic acid // 2-ketopent-4-enoic acid	114.0316940589	C=CCC(=O)C(=O)[O-]		NOXRYJAWRSNUJD-UHFFFAOYSA-M									PlantCyc/PMN local PGDB
OCTAPRENYL-DIPHOSPHATE	OCTAPRENYL-DIPHOSPHATE	all- trans -octaprenyl diphosphate	722.4440275575					C40H65O7P2			plantcyc <https://plantcyc.org/>	farnesylfarnesylgeranyl-PP // octaprenyl pyrophosphate // OPP // farnesylfarnesylgeraniol // octaprenyl diphosphate	722.4440275575	CC(C)=CCCC(\C)=C/CCC(\C)=C/CCC(\C)=C/CCC(\C)=C/CCC(\C)=C/CCC(\C)=C/CCC(\C)=C/COP(=O)([O-])OP(=O)([O-])[O-]		IKKLDISSULFFQO-DJMILUHSSA-K									PlantCyc/PMN local PGDB
CPD-23406	CPD-23406	avenanthramide C	315.0742871551					C16H12NO6			plantcyc <https://plantcyc.org/>		315.0742871551	C([O-])(=O)C2(/C=C(\C=C/C(/NC(=O)/C=C/C1(/C=C(C(/O)=C\C=1)/O))=2)/O)		IDUUXROOZBOOPH-QHHAFSJGSA-M									PlantCyc/PMN local PGDB
CPD0-1235	CPD0-1235	N -iodoacetylglucosamine 6-phosphate	346.9865801872					C8H14NO6I			plantcyc <https://plantcyc.org/>		346.9865801872	C(I)C(=O)N[C@H]1(C(O[C@H](CO)[C@@H](O)[C@@H]1O)O)		FAQNRQQRXPAZHI-ZQLGFOCFSA-N									PlantCyc/PMN local PGDB
4-COUMAROYLQUINATE	4-COUMAROYLQUINATE	trans -5- O -(4-coumaroyl)-D-quinate	338.1001675546					C16H17O8			plantcyc <https://plantcyc.org/>	4-coumaroylquinate // trans-(p-coumaroyl)-quinate // trans -5- O -(4-coumaroyl)quinate	338.1001675546	C([O-])(=O)[C@]1(O)(C[C@@H](O)[C@@H](O)[C@@H](C1)OC(=O)/C=C/C2(\C=C/C(/O)=C\C=2))		BMRSEYFENKXDIS-OTCYKTEZSA-M									PlantCyc/PMN local PGDB
ARG	ARG	L-arginine	174.1116757144					C6H15N4O2			plantcyc <https://plantcyc.org/>	2-amino-5-guanidinovaleric acid // R // arginine // arg // L-arg	174.1116757144	C(NC(N)=[NH2+])CC[C@H]([NH3+])C(=O)[O-]		ODKSFYDXXFIFQN-BYPYZUCNSA-O									PlantCyc/PMN local PGDB
CPD-9584	CPD-9584	(6-hydroxy-indol-3-yl)acetyl-L-phenylalanine	338.1266570766					C19H17N2O4			plantcyc <https://plantcyc.org/>	6-OH-IAA-Phe // 6-hydroxy-IAA-phenylalanine // N -(6-hydroxyinol-3-ylacetyl)-phenylalanine	338.1266570766	C(CC1(\C2(/C=C\C(\O)=C/C(/N\C=1)=2)))(N[C@H](C(=O)[O-])CC3(\C=C/C=C\C=3))=O		XYOSMXFVURVKBE-KRWDZBQOSA-M									PlantCyc/PMN local PGDB
CPD0-2358	CPD0-2358	6-phosphonouridine 5'-monophosphate	404.002196945					C9H10N2O12P2			plantcyc <https://plantcyc.org/>		404.002196945	C(OP(=O)([O-])[O-])[C@@H]2([C@H]([C@H]([C@H](N1(C(/P([O-])([O-])=O)=C\C(=O)NC1=O))O2)O)O)		UOHNQAKDCVUDFE-YXZULKJRSA-J									PlantCyc/PMN local PGDB
CPD-18084	CPD-18084	1,6-dihydro-beta-NADP	745.0911021051					C21H26N7O17P3			plantcyc <https://plantcyc.org/>	6-dihydro-nicotinamide adenine dinucleotide phosphate // 6DHNADP	745.0911021051	C1(N(/C=C(\C=C/1)/C(=O)N)[C@@H]2(O[C@@H]([C@H]([C@H]2O)O)COP(OP(OC[C@H]5(O[C@@H](N3(C4(\C(\N=C/3)=C(N)/N=C\N=4)))[C@H](OP([O-])(=O)[O-])[C@H](O)5))(=O)[O-])(=O)[O-]))		UADKDCHYFVMAQG-NNYOXOHSSA-J									PlantCyc/PMN local PGDB
CPD0-1617	CPD0-1617	N-(phosphonacetyl)-L-aspartate	255.014402813					C6H7NO8P			plantcyc <https://plantcyc.org/>		255.014402813	C(N[C@H](C([O-])=O)CC(=O)[O-])(=O)CP(O)(=O)[O-]		ZZKNRXZVGOYGJT-VKHMYHEASA-K									PlantCyc/PMN local PGDB
UDP-GLUCURONATE	UDP-GLUCURONATE	UDP-alpha-D-glucuronate	580.0342849344					C15H19N2O18P2			plantcyc <https://plantcyc.org/>	UDP-D-glucuronic acid // UDP-glucuronic acid // UDP-glucuronate // uridine diphosphate glucuronate // uridine diphosphate glucuronic acid // UDP-D-glucuronate // UDP-GlcA	580.0342849344	C(OP(=O)([O-])OP(O[C@H]1(O[C@H](C([O-])=O)[C@@H](O)[C@H](O)[C@@H](O)1))(=O)[O-])[C@@H]3([C@H]([C@H]([C@H](N2(\C=C/C(=O)NC2=O))O3)O)O)		HDYANYHVCAPMJV-LXQIFKJMSA-K									PlantCyc/PMN local PGDB
ENOL-PHENYLPYRUVATE	ENOL-PHENYLPYRUVATE	enol-phenylpyruvate	164.0473441231					C9H7O3			plantcyc <https://plantcyc.org/>		164.0473441231	C([O-])(=O)C(\O)=C\C1(\C=C/C=C\C=1)		DEDGUGJNLNLJSR-VURMDHGXSA-M									PlantCyc/PMN local PGDB
CPD-8767	CPD-8767	(+)-camphene	136.1252005136					C10H16			plantcyc <https://plantcyc.org/>	(1R,4S)-camphene	136.1252005136	C=C1(C(C)(C)[C@H]2(C[C@H]1CC2))		CRPUJAZIXJMDBK-DTWKUNHWSA-N									PlantCyc/PMN local PGDB
91018-TRIHYDROXYSTEARATE	91018-TRIHYDROXYSTEARATE	9,10,18-trihydroxystearate	332.2562742661					C18H35O5			plantcyc <https://plantcyc.org/>		332.2562742661	C(O)CCCCCCCC(O)C(O)CCCCCCCC(=O)[O-]		OISFHODBOQNZAG-UHFFFAOYSA-M									PlantCyc/PMN local PGDB
CPD-14049	CPD-14049	N -hydroxytrihomomethionine	207.0929141072					C8H16NO3S			plantcyc <https://plantcyc.org/>		207.0929141072	CSCCCCC[C@@H](C([O-])=O)NO		JCEAPZJPOHTKKJ-ZETCQYMHSA-M									PlantCyc/PMN local PGDB
CPD-12400	CPD-12400	( Z )-1-(L-cysteinylglycin- S -yl)- N -hydroxy-&omega;-(methylsulfanyl)heptan-1-imine	351.1286476865					C13H25N3O4S2			plantcyc <https://plantcyc.org/>		351.1286476865	CSCCCCCCC(\SC[C@H]([NH3+])C(=O)NCC([O-])=O)=N\O		OLIVGXOVIZTTSI-WSJCWXPMSA-N									PlantCyc/PMN local PGDB
LIPID-IV-A	LIPID-IV-A	lipid IV A ( E. coli )	1404.8539615117					C68H126N2O23P2			plantcyc <https://plantcyc.org/>	2-deoxy-2-{[(3R)-3-hydroxypentadecanoyl]amino}-3-O-[(3R)-3-hydroxytetradecanoyl]-4-O-phosphono-beta-D-glucopyranosyl-(1->6)-2-deoxy-3-O-[(3R)-3-hydroxytetradecanoyl]-2-{[(3R)-3-hydroxytetradecanoyl]amino}-1-O-phosphono-alpha-D-glucopyranose	1404.8539615117	CCCCCCCCCCC[C@@H](O)CC(=O)N[C@H]1([C@@H](OP([O-])([O-])=O)O[C@@H]([C@@H](O)[C@H](OC(=O)C[C@H](O)CCCCCCCCCCC)1)CO[C@@H]2(O[C@H](CO)[C@H]([C@@H]([C@H]2NC(C[C@H](O)CCCCCCCCCCC)=O)OC(=O)C[C@H](O)CCCCCCCCCCC)OP([O-])([O-])=O))		KVJWZTLXIROHIL-QDORLFPLSA-J									PlantCyc/PMN local PGDB
CPD-14046	CPD-14046	N , N -dihydroxyhomomethionine	195.0565286009					C6H12NO4S			plantcyc <https://plantcyc.org/>		195.0565286009	CSCCC[C@@H](C([O-])=O)N(O)O		CTFNBPCKMHCTPC-YFKPBYRVSA-M									PlantCyc/PMN local PGDB
CIS-ACONITATE	CIS-ACONITATE	cis -aconitate	174.0164379252					C6H3O6			plantcyc <https://plantcyc.org/>	(Z)-prop-1-ene-1,2,3-tricarboxylate // cis -aconitic acid	174.0164379252	C([O-])(=O)C(/CC(=O)[O-])=C/C(=O)[O-]		GTZCVFVGUGFEME-IWQZZHSRSA-K									PlantCyc/PMN local PGDB
CPD-19817	CPD-19817	(+)-7- epi -jasmonoyl-L-phenylalanine	357.1940083603					C21H26NO4			plantcyc <https://plantcyc.org/>	(+)-7-iso-phenylalanine L-jasmonate conjugate // (+)-7-iso-JA-L-Phe // (+)-7-iso-jasmonate-L-phenylalanine // (+)-7-iso-jasmonic acid L-phenylalanine // (+)-7-iso-jasmonic acid L-phenylalanine conjugate // (+)-7-iso-jasmonyl-L-phenylalanine // (+)-7-iso-jasmonoyl-L-phenylalanine	357.1940083603	CC\C=C/C[C@@H]1(C(=O)CC[C@@H]1CC(N[C@@H](CC2(\C=C/C=C\C=2))C([O-])=O)=O)		BYYWRCJZFSTRMQ-JNPKKTEJSA-M									PlantCyc/PMN local PGDB
CPD-251	CPD-251	gibberellin A 29 -catabolite	346.1416384388					C19H20O6			plantcyc <https://plantcyc.org/>	GA29-catabolite	346.1416384388	C=C1([C@@]2(O)(C[C@]3(C1)([C@H]([C@@H]4([C@@](C([O-])=O)(C)CC(=O)C=C([C@@H](CC2)3)4))C([O-])=O)))		CFYSKMXAQIWPNE-SBECISRQSA-L									PlantCyc/PMN local PGDB
ALLANTOATE	ALLANTOATE	allantoate	176.054554766					C4H7N4O4			plantcyc <https://plantcyc.org/>	allantoic acid	176.054554766	C(C(=O)[O-])(NC(=O)N)NC(=O)N		NUCLJNSWZCHRKL-UHFFFAOYSA-M									PlantCyc/PMN local PGDB
CPD-19971	CPD-19971	N -(4-oxoglutaryl)-L-cysteinylglycine	306.0521715045					C10H12N2O7S			plantcyc <https://plantcyc.org/>	deaminated glutathione	306.0521715045	C(S)[C@@H](C(NCC([O-])=O)=O)NC(=O)CCC(=O)C([O-])=O		PMIVQUCENWNWHX-YFKPBYRVSA-L									PlantCyc/PMN local PGDB
CPD-17444	CPD-17444	2-(glutathion- S -yl)-propene	347.1151061123					C13H20N3O6S			plantcyc <https://plantcyc.org/>		347.1151061123	C=CCSC[C@@H](C(NCC([O-])=O)=O)NC(=O)CC[C@H]([NH3+])C([O-])=O		HYWLPDOKCGRIQZ-IUCAKERBSA-M									PlantCyc/PMN local PGDB
12-OXO-CIS-9-DODECENOATE	12-OXO-CIS-9-DODECENOATE	(9 Z )-traumatin	212.1412445083					C12H19O3			plantcyc <https://plantcyc.org/>	12-oxo-c-9-dodecenoate // 12-oxo-cis-9-dodecenoate // (9 Z )-12-oxo-dodecenoate // (9 Z )-12-oxo-dodec-9-enoate	212.1412445083	C(=O)C\C=C/CCCCCCCC(=O)[O-]		KIHXTOVLSZRTHJ-ALCCZGGFSA-M									PlantCyc/PMN local PGDB
S-TETRAHYDROCOLUMBAMINE	S-TETRAHYDROCOLUMBAMINE	( S )-tetrahydrocolumbamine	341.1627082319					C20H23NO4			plantcyc <https://plantcyc.org/>	5,8,13,13a-tetrahydrocolumbamine // isocorypalmine // (13aS)-5,8,13,13a-tetrahydro-3,9,10-trimethoxy-6H-dibenzo[a,g]quinolizin-2-ol	341.1627082319	C1(CC4(/C=C(C(/O)=C\C(\[C@@H]2(CC3(\C=C/C(/OC)=C(C(/CN12)=3)/OC)))=4)/OC))		KDFKJOFJHSVROC-INIZCTEOSA-N									PlantCyc/PMN local PGDB
CPD-7418	CPD-7418	cis -2-coumarate	164.0473441231					C9H7O3			plantcyc <https://plantcyc.org/>	(2Z)-3-(2-hydroxyphenyl)acrylate // (2Z)-3-(2-hydroxyphenyl)prop-2-enoate // cis -2-hydroxycinnamate	164.0473441231	C(\C=C/C1(\C=C/C=C\C(O)=1))(=O)[O-]		PMOWTIHVNWZYFI-WAYWQWQTSA-M									PlantCyc/PMN local PGDB
CPD-219	CPD-219	D-lysine	146.105527704					C6H15N2O2			plantcyc <https://plantcyc.org/>	D-2,6-diaminohexanoic acid	146.105527704	C([NH3+])CCC[C@@H]([NH3+])C([O-])=O		KDXKERNSBIXSRK-RXMQYKEDSA-O									PlantCyc/PMN local PGDB
CPD-695	CPD-695	gibberellin A 53	348.1936740093					C20H26O5			plantcyc <https://plantcyc.org/>	GA53	348.1936740093	C=C1([C@@]2(O)(C[C@]3(C1)([C@H]([C@@H]4([C@@](C)(CCC[C@@](C)([C@@H](CC2)3)4)C([O-])=O))C([O-])=O)))		CZEMYYICWZPENF-VOLTXKGXSA-L									PlantCyc/PMN local PGDB
CPD-8089	CPD-8089	phosphatidylcholine (1-18:3-2-18:1)	783.5778051242					C44H80NO8P			plantcyc <https://plantcyc.org/>	PC(18:3/18:1) // 18:3-18:1-PC // 1-18:3-2-18:1-phosphatidylcholine // 1-alpha-linolenoyl-2-oleoyl-phosphatidylcholine	783.5778051242	CC\C=C/C\C=C/C\C=C/CCCCCCCC(OC[C@@H](OC(=O)CCCCCCC\C=C/CCCCCCCC)COP([O-])(=O)OCC[N+](C)(C)C)=O		LPDGUCIMNBNWEJ-BXZVQSHESA-N									PlantCyc/PMN local PGDB
CPD-8091	CPD-8091	1-oleoyl-2-linoleoyl-phosphatidylcholine	785.5934551884					C44H82NO8P			plantcyc <https://plantcyc.org/>	phosphatidylcholine (1-18:1-2-18:2) // 18:1-18:2-PC // 1-(9Z-octadecenoyl)-2-(9Z,12Z-octadecadienoyl)-sn-glycero-3-phosphocholine // 1-18:1-2-18:2-phosphatidylcholine	785.5934551884	CCCCCCCC\C=C/CCCCCCCC(OC[C@@H](OC(=O)CCCCCCC\C=C/C\C=C/CCCCC)COP([O-])(=O)OCC[N+](C)(C)C)=O		GDWULUGDXGHJIJ-VJHNMZKJSA-N									PlantCyc/PMN local PGDB
CPD-8168	CPD-8168	1-18:3-2-18:3-monogalactosyldiacylglycerol	774.5281985964					C45H74O10			plantcyc <https://plantcyc.org/>	18:3-18:3-MGDG // 1,2-(9Z,12Z,15Z-octadecatrienoyl)-3-O-beta-D-galactosyl-sn-glycerol	774.5281985964	CC\C=C/C\C=C/C\C=C/CCCCCCCC(OC[C@H](CO[C@@H]1(O[C@H](CO)[C@H](O)[C@H](O)[C@@H](O)1))OC(=O)CCCCCCC\C=C/C\C=C/C\C=C/CC)=O		QUZHZFAQJATMCA-QAZQWDDOSA-N									PlantCyc/PMN local PGDB
CPD-17371	CPD-17371	18-hydroxylinoleoyl-CoA	1045.3397885728					C39H62N7O18P3S			plantcyc <https://plantcyc.org/>	&omega;-hydroxylinoleoyl-CoA	1045.3397885728	CC(C)([C@@H](O)C(=O)NCCC(=O)NCCSC(=O)CCCCCCC\C=C/C\C=C/CCCCCO)COP(=O)(OP(=O)(OC[C@@H]1([C@@H](OP([O-])(=O)[O-])[C@@H](O)[C@@H](O1)N2(C3(\N=C/N=C(C(\N=C/2)=3)/N))))[O-])[O-]		HJEGYLSHIKPENR-DAXVLCLXSA-J									PlantCyc/PMN local PGDB
CPD-7268	CPD-7268	N -benzylformamide	135.0684139162					C8H9NO			plantcyc <https://plantcyc.org/>		135.0684139162	C(C1(\C=C/C=C\C=1))NC=O		IIBOGKHTXBPGEI-UHFFFAOYSA-N									PlantCyc/PMN local PGDB
2-DEHYDROPANTOATE	2-DEHYDROPANTOATE	2-dehydropantoate	146.0579088094					C6H9O4			plantcyc <https://plantcyc.org/>	ketopantoate // 2-ketopantoate	146.0579088094	CC(C(=O)C([O-])=O)(CO)C		PKVVTUWHANFMQC-UHFFFAOYSA-M									PlantCyc/PMN local PGDB
DEHYDROSPHINGANINE	DEHYDROSPHINGANINE	3-dehydrosphinganine	299.2824294371					C18H38NO2			plantcyc <https://plantcyc.org/>	3-dehydro-D-sphinganine (C18) // KDHS (C18) // 3-ketodihydrosphingosine (C18) // 3-dehydrosphinganine (C18)	299.2824294371	CCCCCCCCCCCCCCCC([C@H](CO)[NH3+])=O		KBUNOSOGGAARKZ-KRWDZBQOSA-O									PlantCyc/PMN local PGDB
CPD-21719	CPD-21719	4beta-methyl-5alpha-cholest-7-en-3-one	398.3548660987					C28H46O			plantcyc <https://plantcyc.org/>		398.3548660987	CC(C)CCC[C@@H](C)[C@H]3(CC[C@H]4(C1([C@@H]([C@]2(CCC(=O)[C@H](C)[C@H](CC=1)2)(C))CC[C@](C)34)))		OWKGVPXWOHLTSL-LVGZUCAQSA-N									PlantCyc/PMN local PGDB
CPD-10280	CPD-10280	lignoceroyl-CoA	1117.4700744643					C45H78N7O17P3S			plantcyc <https://plantcyc.org/>	tetracosanoyl-CoA	1117.4700744643	CCCCCCCCCCCCCCCCCCCCCCCC(=O)SCCNC(=O)CCNC(=O)[C@H](O)C(C)(C)COP(=O)(OP(=O)(OC[C@H]1(O[C@H]([C@@H]([C@@H]1OP([O-])(=O)[O-])O)N2(C3(\N=C/N=C(C(\N=C/2)=3)/N))))[O-])[O-]		MOYMQYZWIUKGGY-JBKAVQFISA-J									PlantCyc/PMN local PGDB
CDP-ETHANOLAMINE	CDP-ETHANOLAMINE	CDP-ethanolamine	446.0603805259					C11H19N4O11P2			plantcyc <https://plantcyc.org/>	cytidine diphosphate ethanolamine	446.0603805259	C(COP(OP(OC[C@@H]2([C@H]([C@H]([C@H](N1(\C=C/C(/N)=N\C1=O))O2)O)O))(=O)[O-])([O-])=O)[NH3+]		WVIMUEUQJFPNDK-PEBGCTIMSA-M									PlantCyc/PMN local PGDB
CPD-12371	CPD-12371	7',9'- cis -lycopene	536.4382017976					C40H56			plantcyc <https://plantcyc.org/>		536.4382017976	CC(C)=CCCC(\C)=C/C=C\C(/C)=C/C=C/C(\C)=C/C=C/C=C(C)/C=C/C=C(C)/C=C/C=C(C)/CCC=C(C)C		OAIJSZIZWZSQBC-HBJBWGLZSA-N									PlantCyc/PMN local PGDB
CPD-24323	CPD-24323	monomethylarsino-diglutathione	702.0970333999					C21H33N6O12S2AS			plantcyc <https://plantcyc.org/>	MADG III	702.0970333999	C(NC([C@@H](NC(=O)CC[C@H]([NH3+])C([O-])=O)CS[As](SC[C@H](NC(=O)CC[C@H]([NH3+])C([O-])=O)C(NCC([O-])=O)=O)C)=O)C([O-])=O		PFYKVCFNANBHRF-CYDGBPFRSA-L									PlantCyc/PMN local PGDB
23-DIPHOSPHOGLYCERATE	23-DIPHOSPHOGLYCERATE	2,3-diphospho-D-glycerate	265.9592694978					C3H3O10P2			plantcyc <https://plantcyc.org/>	2,3-bisphosphoglycerate // D-Greenwald ester // 2,3-P 2 -D-glycerate // 2,3-bisphospho-D-glycerate // 2,3-diphosphoglycerate // DPG // 2,3-bisPGA // (2R)-2,3-bisphosphoglycerate	265.9592694978	C(OP([O-])(=O)[O-])[C@@H](OP(=O)([O-])[O-])C(=O)[O-]		XOHUEYCVLUUEJJ-UWTATZPHSA-I									PlantCyc/PMN local PGDB
MPBQ	MPBQ	2-methyl-6-phytyl-1,4-benzoquinol	402.3497807208					C27H46O2			plantcyc <https://plantcyc.org/>		402.3497807208	CC(CCC[C@H](CCC[C@@H](C)CCCC(\C)=C/CC1(/C=C(\C=C(C)/C(/O)=1)/O))C)C		GTWCNYRFOZKWTL-UOFXASEASA-N									PlantCyc/PMN local PGDB
CPD-20483	CPD-20483	epsilon-(gamma-L-glutamyl)-L-lysine	275.1481208002					C11H21N3O5			plantcyc <https://plantcyc.org/>		275.1481208002	C(CCNC(CC[C@@H](C(=O)[O-])[NH3+])=O)C[C@@H](C(=O)[O-])[NH3+]		JPKNLFVGUZRHOB-YUMQZZPRSA-N									PlantCyc/PMN local PGDB
CPD-12495	CPD-12495	(22R,23R)-22,23-dihydroxycampesterol	432.3603454071					C28H48O3			plantcyc <https://plantcyc.org/>		432.3603454071	CC(C)[C@H](C)[C@@H](O)[C@H](O)[C@@H](C)[C@H]3(CC[C@H]4([C@@H]2(C\C=C1(C[C@@H](O)CC[C@@](C)1[C@H]2CC[C@](C)34))))		UJGZOSZMMQGHPD-GTYSVAQVSA-N									PlantCyc/PMN local PGDB
CPD-16015	CPD-16015	2-iminopropanoate	87.0320284099					C3H5NO2			plantcyc <https://plantcyc.org/>		87.0320284099	CC(C(=O)[O-])=[NH2+]		DUAWRLXHCUAWMK-UHFFFAOYSA-N									PlantCyc/PMN local PGDB
CPDQT-350	CPDQT-350	( E )-8-(methylsulfanyl)octanal oxime	189.1187349272					C9H19NOS			plantcyc <https://plantcyc.org/>	( E )-8-(methylthio)octanal oxime	189.1187349272	CSCCCCCCC/C=N/O		XKNUDVRSFJJTNT-CSKARUKUSA-N									PlantCyc/PMN local PGDB
DIHYDROXY-ACETONE-PHOSPHATE	DIHYDROXY-ACETONE-PHOSPHATE	glycerone phosphate	169.9980244673					C3H5O6P			plantcyc <https://plantcyc.org/>	dihydroxyacetone phosphate // dihydroxyacetone-P // di-OH-acetone-P // dihydroxy-acetone phosphate // 3-hydroxy-2-oxopropyl phosphate	169.9980244673	C(C(=O)CO)OP([O-])([O-])=O		GNGACRATGGDKBX-UHFFFAOYSA-L									PlantCyc/PMN local PGDB
DITHIOTHREITOL	DITHIOTHREITOL	L-dithiothreitol	154.0122209452					C4H10O2S2			plantcyc <https://plantcyc.org/>	L-DTT // L-threo-1,4-dimercapto-2,3-butanediol // L-1,4-disulfanylbutane-2,3-diol // L-1,4-dithiothreitol	154.0122209452	C(S)[C@H](O)[C@@H](O)CS		VHJLVAABSRFDPM-IMJSIDKUSA-N									PlantCyc/PMN local PGDB
CPD-14298	CPD-14298	2,6-dioxo-6-phenylhexa-3-enoate	218.0579088094					C12H9O4			plantcyc <https://plantcyc.org/>		218.0579088094	C([O-])(=O)C(/C=C/CC(C1(\C=C/C=C\C=1))=O)=O		QPGAZPBFRAAJBD-XBXARRHUSA-M									PlantCyc/PMN local PGDB
NICOTINAMIDE_NUCLEOTIDE	NICOTINAMIDE_NUCLEOTIDE	beta-nicotinamide D-ribonucleotide	336.0722520429					C11H14N2O8P			plantcyc <https://plantcyc.org/>	beta-nicotinamide mononucleotide // beta-nicotinamide ribonucleotide // beta-nicotinamide nucleotide	336.0722520429	C(OP(=O)([O-])[O-])[C@@H]2([C@@H](O)[C@@H](O)[C@H]([N+]1(\C=C/C=C(/C=1)/C(=O)N))O2)		DAYLJWODMCOQEW-TURQNECASA-M									PlantCyc/PMN local PGDB
CPD-7612	CPD-7612	soyasapogenol B-3- O -beta-glucuronide	634.4080834607					C36H57O9			plantcyc <https://plantcyc.org/>		634.4080834607	CC6(C)(C[C@H]5(C1(\[C@](C)([C@@]2(C)([C@H](C\C=1)[C@]4(C)([C@@H](CC2)[C@@](C)(CO)[C@@H](O[C@@H]3(O[C@H](C(=O)[O-])[C@@H](O)[C@H](O)[C@@H](O)3))CC4)))CC[C@](C)5[C@H](O)C6)))		NARQRJFIZNOSJV-JIHAXZPOSA-M									PlantCyc/PMN local PGDB
2-CARBOXY-D-ARABINITOL-1-PHOSPHATASE	2-CARBOXY-D-ARABINITOL-1-PHOSPHATASE	2-carboxy-D-arabinitol 1-phosphate	276.0246331483					C6H10O10P			plantcyc <https://plantcyc.org/>	2-carboxyarabinitol 1-phosphate // 2-C-((phosphooxy)methyl)-D-ribonic acid	276.0246331483	C(O)[C@@H](O)[C@@H](O)[C@@](O)(COP([O-])(=O)[O-])C(=O)[O-]		UJTMIRNFEXKGMS-KODRXGBYSA-K									PlantCyc/PMN local PGDB
CPD-14880	CPD-14880	cyclic ADP-ribose	543.0767588716					C15H20N5O13P2			plantcyc <https://plantcyc.org/>	cADPR // cyclic adenosine diphosphate ribose // N 1 -(beta-D-ribosyl)adenosine 5'(P1),5''(P2)-cyclic diphosphate	543.0767588716	C4(OP([O-])(=O)OP(OC[C@@H]1([C@@H](O)[C@@H](O)[C@@H](O1)N2(\C=N/C3(\C/2=N/C=[N+](C(\N)=3)/[C@@H]5(O[C@H]4[C@@H](O)[C@@H](O)5)))))([O-])=O)		RSEFDAKYCYLNIE-KEOHHSTQSA-M									PlantCyc/PMN local PGDB
TTP	TTP	dTTP	481.9892627955					C10H13N2O14P3			plantcyc <https://plantcyc.org/>	thymidine triphosphate // thymidine 5'-triphosphate // TTP	481.9892627955	CC1(\C(=O)NC(=O)N(\C=1)[C@H]2(C[C@H](O)[C@@H](COP(=O)([O-])OP(=O)([O-])OP(=O)([O-])[O-])O2))		NHVNXKFIZYSCEB-XLPZGREQSA-J									PlantCyc/PMN local PGDB
CPD-17445	CPD-17445	dimethyl thiosulfinate	109.9860061947					C2H6OS2			plantcyc <https://plantcyc.org/>		109.9860061947	CSS(=O)C		RRGUMJYEQDVBFP-UHFFFAOYSA-N									PlantCyc/PMN local PGDB
HYDROXY-915-DIOXOPROSTA-13-ENOATE	HYDROXY-915-DIOXOPROSTA-13-ENOATE	15-dehydro-prostaglandin E 2	350.2093240735					C20H29O5			plantcyc <https://plantcyc.org/>	(5Z,13E)-11alpha-hydroxy-9,15-dioxoprosta-5,13-dienoate // 15-keto-prostaglandin E 2	350.2093240735	CCCCCC(=O)/C=C/[C@@H]1([C@@H](C\C=C/CCCC(=O)[O-])C(=O)C[C@@H](O)1)		YRTJDWROBKPZNV-KMXMBPPJSA-M									PlantCyc/PMN local PGDB
SALUTARIDINOL	SALUTARIDINOL	salutaridinol	329.1627082319					C19H24NO4			plantcyc <https://plantcyc.org/>	5,6,8,14-tetradehydro-3,6-dimethoxy-17-methyl-morphinan-4,7-diol	329.1627082319	C[NH+]4(CC[C@@]12(/C=C([C@@H](O)/C=C1/[C@@H](CC3(\C2=C(O)C(/OC)=C\C=3))4)/OC))		LLSADFZHWMEBHH-TYILLQQXSA-O									PlantCyc/PMN local PGDB
CPD-9051	CPD-9051	2-deoxy-2-amino glucitol-6-phosphate	261.0613530056					C6H15NO8P			plantcyc <https://plantcyc.org/>	2-amino-2-deoxy-D-glucitol 6-phosphate // 2-amino-2-deoxy-glucitol 6-phosphate // 2-deoxy-2-amino-D-glucitol 6-phosphate // 2-amino-2-deoxyglucitol 6-phosphate // 2-amino-2-deoxy-6-O-phosphono-D-glucitol	261.0613530056	C(O)[C@H]([NH3+])[C@H]([C@@H]([C@@H](COP(=O)([O-])[O-])O)O)O		LBNVXZROMBUNNQ-SLPGGIOYSA-M									PlantCyc/PMN local PGDB
INDOLE-3-GLYCEROL-P	INDOLE-3-GLYCEROL-P	(1 S ,2 R )-1-C-(indol-3-yl)glycerol 3-phosphate	287.0558736972					C11H12NO6P			plantcyc <https://plantcyc.org/>	indole-3-glycerol phosphate // 1-(indol-3-yl)glycerol 3-phosphate // C 1 -(3-Indolyl)-glycerol 3-phosphate // indole-3-glycerol-P // 1-(indol-3-yl)glycerol-3-P // 1-(indol-3-yl)glycerol-3-phosphate // indoleglycerol phosphate // indole-3-glycerol-phosphate	287.0558736972	C1(/NC2(/C=C\C=C/C(/C(/[C@@H]([C@@H](COP([O-])(=O)[O-])O)O)=1)=2))		NQEQTYPJSIEPHW-MNOVXSKESA-L									PlantCyc/PMN local PGDB
CPD-12587	CPD-12587	(2 E ,6 E )-farnesyl phosphate	302.1646958651					C15H25O4P			plantcyc <https://plantcyc.org/>	2,6,10-dodecatrien-1-ol, 3,7,11-trimethyl-, dihydrogen phosphate, ( 2E,6E )- // 2,6,10-dodecatrien-1-ol, 3,7,11-trimethyl-, dihydrogen phosphate, ( E,E ) // ( E,E )-farnesyl monophosphate // ( E,E )-farnesyl phosphate // ( trans, trans )-farnesyl monophosphate // 2- trans ,-6- trans -farnesyl monophosphate // 2- trans ,-6- trans -farnesyl phosphate	302.1646958651	CC(C)=CCCC(\C)=C/CCC(\C)=C/COP([O-])([O-])=O		ALEWCKXBHSDCCT-YFVJMOTDSA-L									PlantCyc/PMN local PGDB
CPD-13088	CPD-13088	9,10-12,13-diepoxyoctadecanoate	312.2300595156					C18H31O4			plantcyc <https://plantcyc.org/>	9,10-12,13-diepoxyoctadecanoic acid	312.2300595156	CCCCCC2(OC(CC1(OC(CCCCCCCC(=O)[O-])1))2)		LAIUZQCFIABNDP-UHFFFAOYSA-M									PlantCyc/PMN local PGDB
NIACINE	NIACINE	nicotinate	123.0320284099					C6H4NO2			plantcyc <https://plantcyc.org/>	3-pyridinecarboxylic acid // nicotinic acid // wampocap // nicolar // nicocap // nicobid // nico-400- // nicamin // niacin // niacine // vitamin B 3 // 3-pyridinecarboxylate // pyridine-3-carboxylate	123.0320284099	C1(\N=C/C(/C(=O)[O-])=C\C=1)		PVNIIMVLHYAWGP-UHFFFAOYSA-M									PlantCyc/PMN local PGDB
CPD-487	CPD-487	adenosine 5'-phosphoramidate	346.0790687553					C10H14N6O6P			plantcyc <https://plantcyc.org/>	adenosine-5'-monophosphoramidate // AMP-NH2	346.0790687553	C(OP(N)([O-])=O)[C@H]3(O[C@@H](N1(C2(\C(\N=C/1)=C(N)/N=C\N=2)))[C@H](O)[C@H](O)3)		LDEMREUBLBGZBO-KQYNXXCUSA-M									PlantCyc/PMN local PGDB
CPD-9280	CPD-9280	ethiin	165.0459639146					C5H11NO3S			plantcyc <https://plantcyc.org/>	S-ethyl-L-cysteine sulfoxide // S-ethylcysteine sulfoxide // 3-(ethylsulfinyl)-L-alanine	165.0459639146	CCS(=O)C[C@H]([NH3+])C([O-])=O		CSZTZFUEOCFFJH-YGVKFDHGSA-N									PlantCyc/PMN local PGDB
S-SCOULERINE	S-SCOULERINE	( S )-scoulerine	327.1470581677					C19H21NO4			plantcyc <https://plantcyc.org/>	(13aS)-3,10-dimethoxy-5,8,13,13a-tetrahydro-6H-isoquino[3,2-a]isoquinoline-2,9-diol // (-)-scoulerine // (13aS)-5,8,13,13a-tetrahydro-3,10-dimethoxy-6H-dibenzo[a,g]quinolizine-2,9-diol	327.1470581677	C1(N3([C@H](C2(\C=C(C(/OC)=C\C(/C1)=2)\O))CC4(\C=C/C(/OC)=C(C(/C3)=4)/O)))		KNWVMRVOBAFFMH-HNNXBMFYSA-N									PlantCyc/PMN local PGDB
CPD-18147	CPD-18147	(2R,6Z)-2-hydroxy-6-(hydroxymethylidene)-2,5-dimethylcyclohex-4-ene-1,3-dione	182.0579088094					C9H10O4			plantcyc <https://plantcyc.org/>		182.0579088094	CC1(\C(\C(=O)[C@@](O)(C)C(=O)\C=1)=C\O)		OCYDARSQXVAYSD-XTULLQBASA-N									PlantCyc/PMN local PGDB
CPD-21169	CPD-21169	S -fenclorimyl-L-cysteine	309.033875045					C13H12N3O2SCL			plantcyc <https://plantcyc.org/>		309.033875045	C(SC2(\C=C(\N=C(C1(\C=C/C=C\C=1))/N=2)\Cl))[C@@H](C([O-])=O)[NH3+]		LUJYEBNGNGLDOW-VIFPVBQESA-N									PlantCyc/PMN local PGDB
L-ASPARTATE-SEMIALDEHYDE	L-ASPARTATE-SEMIALDEHYDE	L-aspartate 4-semialdehyde	117.0425930962					C4H7NO3			plantcyc <https://plantcyc.org/>	L-aspartic 4-semialdehyde // L-aspartate-semialdehyde // L-aspartate beta-semialdehyde	117.0425930962	C(=O)C[C@H]([NH3+])C(=O)[O-]		HOSWPDPVFBCLSY-VKHMYHEASA-N									PlantCyc/PMN local PGDB
CPD-8984	CPD-8984	cis -stilbene oxide	196.0888150073					C14H12O			plantcyc <https://plantcyc.org/>		196.0888150073	C3(\C=C/C(/[C@@H]2(O[C@H](C1(\C=C/C=C\C=1))2))=C\C=3)		ARCJQKUWGAZPFX-OKILXGFUSA-N									PlantCyc/PMN local PGDB
CPD-8083	CPD-8083	1-18:2-2-18:3-digalactosyldiacylglycerol	938.5966720921					C51H86O15			plantcyc <https://plantcyc.org/>	18:2-18:3-DGDG // 1-(9Z,12Z-octadecenoyl)-2-(9Z,12Z,15Z-octadecatrienoyl)-3-O-[alpha-D-galactosyl-(1->6)-O-beta-D-galactosyl]-sn-glycerol	938.5966720921	C(O)C1(OC(C(O)C(O)C1O)OC2(C(CO)OC(C(O)C2O)OC(COC([R1])=O)COC([R2])=O))		GKSHYDZIFVNLSS-IPDWFASDSA-N									PlantCyc/PMN local PGDB
CPD-13636	CPD-13636	(12 Z )-9,10-epoxyocta-dec-12-enoate	296.2351448935					C18H31O3			plantcyc <https://plantcyc.org/>	9(10)-EpOME // leukotoxin // 9,10-epoxy-12-octadecenoate // 9,10-EODE // 9,10-epoxy-12-octa-decenoic acid // 9,10-epoxy-12-octa-decenoate // 9,10-epoxy-12-cis-octadecenoate // 9,10-epoxy-12-cis-octadecenoic acid // coronaric acid // coronarate // (+/-)9(10)-EpOME	296.2351448935	CCCCC\C=C/CC1(OC(CCCCCCCC(=O)[O-])1)		FBUKMFOXMZRGRB-YFHOEESVSA-M									PlantCyc/PMN local PGDB
CPD-19776	CPD-19776	hydroxyferroheme i	872.3811424015					C49H56N4O7FE			plantcyc <https://plantcyc.org/>		872.3811424015	C=CC4(\C6(/C=C8(C(/C)=C(CCC(=O)[O-])/C1(/N([Fe-2]35([N+]2(\C(/C(/C(O)O)=C(CCC(=O)[O-])\C(/C=1)=2)=C/C7(/N3C(\C=C(C(/C)=4)/[N+]\5=6)=C(C(/C)=7)/[C@@H](O)CC/C=C(C)/CC/C=C(C)/CCC=C(C)C))))8))))		WLGRCQGURUMQMH-JEZRNDINSA-J									PlantCyc/PMN local PGDB
CPD-16536	CPD-16536	cyanidin 3- O -[6- O -(4-coumaroyl)]-beta- D -sambubioside	727.1874246992					C35H34O17			plantcyc <https://plantcyc.org/>	cyanidin 3- O -[beta-D-xylosyl-(1->2)]-6- O -(p-coumaroyl)-beta-D-glucoside // cyanidin 3- O -beta- D -(p-coumaroyl)-sambubioside	727.1874246992	C6(/C=C(\C=C/C(/C=C/C(=O)OC[C@H]5(O[C@@H](OC1(\C(=[O+]C2(\C(/C=1)=C(/C=C(/C=2)/O)\[O-]))C3(\C=C/C(/O)=C(/C=3)/O)))[C@H](O[C@@H]4(OC[C@@H](O)[C@H](O)[C@@H](O)4))[C@@H](O)[C@H](O)5))=6)/O)		KMIJRKZNTFVLAI-YONICNLVSA-N									PlantCyc/PMN local PGDB
3-METHYLTHIOPROPANALDOXIME	3-METHYLTHIOPROPANALDOXIME	( E )-4-(methylsulfanyl)butanal oxime	133.0561346704					C5H11NOS			plantcyc <https://plantcyc.org/>	( E )-4-(methylthio)butanal oxime	133.0561346704	CSCCC/C=N/O		DNYWTMVKWUGHCB-GQCTYLIASA-N									PlantCyc/PMN local PGDB
ACIFLUORFEN	ACIFLUORFEN	acifluorfen	360.9964846504					C14H6NO5CLF3			plantcyc <https://plantcyc.org/>		360.9964846504	C(C1(/C=C(\C=C/C(/N(=O)=O)=1)/OC2(/C=C\C(\C(F)(F)F)=C/C(/Cl)=2)))(=O)[O-]		NUFNQYOELLVIPL-UHFFFAOYSA-M									PlantCyc/PMN local PGDB
CPD-7202	CPD-7202	4,9-dimethyldodeca-2,4,6,8,10-pentaene-1,12-dial	216.1150297578					C14H16O2			plantcyc <https://plantcyc.org/>		216.1150297578	CC(/C=C/C=O)=C\C=C\C=C(C)\C=C\C=O		QXJSYJRWEUENRT-PSAUJTBTSA-N									PlantCyc/PMN local PGDB
CPD-14763	CPD-14763	3''- O -acetyl-ADP-ribose	601.08223818					C17H23N5O15P2			plantcyc <https://plantcyc.org/>		601.08223818	CC(O[C@@H]4([C@@H](COP(OP(OC[C@H]3(O[C@@H](N1(C2(\C(\N=C/1)=C(N)/N=C\N=2)))[C@H](O)[C@H](O)3))(=O)[O-])(=O)[O-])OC(O)[C@H](O)4))=O		HNHCIVXQBMBKPQ-YDKGJHSESA-L									PlantCyc/PMN local PGDB
CPD-7214	CPD-7214	(2S)-dihydrotricetin	304.0583027399					C15H11O7			plantcyc <https://plantcyc.org/>	(2 S )-3',4',5'-pentahydroxyflavanone // (2 S )-5,7,3',4',5'-pentahydroxyflavanone	304.0583027399	C3(/C(/[C@H]1(OC2(/C=C(/C=C(C(\C(C1)=O)=2)/O)/[O-])))=C\C(\O)=C(C(/O)=3)\O)		USQXPEWRYWRRJD-LBPRGKRZSA-M									PlantCyc/PMN local PGDB
CPD-13910	CPD-13910	cyclic- 3,4- O -oxalyl-L-threonate	190.0113525473					C6H5O7			plantcyc <https://plantcyc.org/>	3,4-cyclic oxalyl theronolactone	190.0113525473	C1(OC(=O)C(=O)OC(C(O)C(=O)[O-])1)		FTDFTFXOJYXVTH-UHFFFAOYSA-M									PlantCyc/PMN local PGDB
CPD-15619	CPD-15619	aldehydo -L-fucose	164.0684734957					C6H12O5			plantcyc <https://plantcyc.org/>		164.0684734957	C[C@@H]([C@@H](O)[C@@H](O)[C@@H](C=O)O)O		PNNNRSAQSRJVSB-KCDKBNATSA-N									PlantCyc/PMN local PGDB
CPD-6224	CPD-6224	gibberellin A 34	348.157288503					C19H23O6			plantcyc <https://plantcyc.org/>	GA34	348.157288503	C=C1([C@H]3(C[C@]4(C1)([C@H]([C@@H]5([C@]2(C(=O)O[C@](C[C@H](O)[C@H](O)2)([C@@H](CC3)4)5)(C)))C([O-])=O)))		IGZIQAJJXGRAJF-OQAXFVLUSA-M									PlantCyc/PMN local PGDB
SUCROSE-6P	SUCROSE-6P	sucrose 6 F -phosphate	422.0825419577					C12H21O14P			plantcyc <https://plantcyc.org/>	sucrose-6F-P // 6- O -phosphonato-beta-D-fructofuranosyl alpha-D-glucopyranoside	422.0825419577	C(O)[C@H]2(O[C@H](O[C@]1(CO)(O[C@H](COP([O-])(=O)[O-])[C@@H](O)[C@H](O)1))[C@H](O)[C@@H](O)[C@H](O)2)		PJTTXANTBQDXME-UGDNZRGBSA-L									PlantCyc/PMN local PGDB
3-KETOLACTOSE	3-KETOLACTOSE	3'-dehydrolactose	340.1005614851					C12H20O11			plantcyc <https://plantcyc.org/>	3-dehydro-beta-D-galactosyl-beta-D-glucopyranoside // 3'-ketolactose	340.1005614851	C(O)[C@H]2(O[C@@H](O[C@@H]1([C@@H](CO)OC(O)[C@H](O)[C@@H](O)1))[C@H](O)C(=O)[C@@H](O)2)		HKKHTABTHSUDBP-ILXILVFVSA-N									PlantCyc/PMN local PGDB
CPD-8898	CPD-8898	17- O -acetylajmaline	368.2099927755					C22H28N2O3			plantcyc <https://plantcyc.org/>	acetylajmaline	368.2099927755	CC[C@H]3([C@@H]2(C4([C@@H](OC(=O)C)C15(C6(\C(\N(C)[C@H]1[C@H](C2)N([C@H](O)3)[C@H]4C5)=C/C=C\C=6)))))		SRISWFJLVRCABV-QQTHMAAHSA-N									PlantCyc/PMN local PGDB
CPD-11714	CPD-11714	2-methyl-6-farnesyl-1,4-benzoquinol	328.2402302714					C22H32O2			plantcyc <https://plantcyc.org/>	MFBQ	328.2402302714	CC(C)=CCCC(\C)=C/CCC(\C)=C/CC1(/C=C(\C=C(C)/C(/O)=1)/O)		CMIAQOJJEOLRAQ-VZRGJMDUSA-N									PlantCyc/PMN local PGDB
S-HYDROXYMETHYLGLUTATHIONE	S-HYDROXYMETHYLGLUTATHIONE	S -(hydroxymethyl)glutathione	337.0943706702					C11H18N3O7S			plantcyc <https://plantcyc.org/>	HMGSH // HM-GSH // GS-CH 2 -OH // (hydroxymethyl)glutathione	337.0943706702	C(NC(=O)[C@H](CSCO)NC(=O)CC[C@H]([NH3+])C(=O)[O-])C(=O)[O-]		PIUSLWSYOYFRFR-BQBZGAKWSA-M									PlantCyc/PMN local PGDB
CPD-21259	CPD-21259	3-deoxy-D-glycero-beta-D-galacto-nonulosonate	268.0794321125					C9H15O9			plantcyc <https://plantcyc.org/>	3-deoxy-D- glycero -D- galacto -nononate // 3-deoxy-D- glycero -D- galacto -nonulosonate // 3-deoxy-D- glycero -D- galacto -nonulosonic acid // 3-deoxy-D- glycero -D- galacto -non-2-ulopyranosonic acid // 3-deoxy-D- glycero -D- galacto -nononic acid // 3-deoxy-D- glycero -D- galacto -non-2-ulopyranosonate // beta-Kdn // 3-deoxy-D-glycero-beta-D-galacto-non-2-ulopyranosonate	268.0794321125	C(O)[C@@H](O)[C@H]([C@@H]1(O[C@@](C([O-])=O)(O)C[C@@H]([C@H]1O)O))O		CLRLHXKNIYJWAW-YOQZMRDMSA-M									PlantCyc/PMN local PGDB
CPD-7064	CPD-7064	primary fluorescent chlorophyll catabolite	628.2896996595					C35H38N4O7			plantcyc <https://plantcyc.org/>	pFCC // (82R,12S,13S)-12-(2-carboxyethyl)-3-ethyl-1-formyl-82-(methoxycarbonyl)-2,7,13,17-tetramethyl-18-vinyl-12,13-dihydro-8,10-ethanobilene-b-81,19(16H)-dione	628.2896996595	CCC5(\C(/C)=C(C=O)/NC(/CC1(\NC2(\C(/[C-](C(OC)=O)C(=O)C(\C(/C)=1)=2)=C4([C@@H](CCC(=O)[O-])[C@H](C)C(/CC3(C(/C)=C(C=C)/C(=O)N3))=N/4))))=5)		VHQSFNUIHPNTMW-LRYVNUGJSA-M									PlantCyc/PMN local PGDB
CPD-123	CPD-123	2,6-dihydroxypyridine	111.0320284099					C5H5NO2			plantcyc <https://plantcyc.org/>		111.0320284099	C1(\C=C(/N=C(\C=1)/O)\O)		WLFXSECCHULRRO-UHFFFAOYSA-N									PlantCyc/PMN local PGDB
CPDQT-385	CPDQT-385	13-heptacosanol	396.4331164197					C27H56O			plantcyc <https://plantcyc.org/>		396.4331164197	CCCCCCCCCCCCC(O)CCCCCCCCCCCCCC											PlantCyc/PMN local PGDB
SIROHEME	SIROHEME	siroheme	918.225823551					C42H36N4O16FE			plantcyc <https://plantcyc.org/>		918.225823551	C[C@]3(CC(=O)[O-])([C@H](CCC(=O)[O-])C7(\[N+]4(\[Fe-2]16([N+]5(\C(/C(\CCC([O-])=O)=C(CC(=O)[O-])\C(/C=C2([C@@](C)(CC(=O)[O-])[C@H](CCC(=O)[O-])C(\N12)=C\C/3=4))=5)=C/C8(/N6C(/C=7)=C(CC([O-])=O)/C(\CCC(=O)[O-])=8))))))		DLKSSIHHLYNIKN-QIISWYHFSA-D									PlantCyc/PMN local PGDB
CDP-N-METHYLETHANOLAMIN	CDP-N-METHYLETHANOLAMIN	CDP-N-methylethanolamine	460.0760305901					C12H21N4O11P2			plantcyc <https://plantcyc.org/>		460.0760305901	C(COP(OP(OC[C@@H]2([C@H]([C@H]([C@H](N1(\C=C/C(/N)=N\C1=O))O2)O)O))(=O)[O-])([O-])=O)[NH2+]C		RSPRLQAZJOAGFP-QCNRFFRDSA-M									PlantCyc/PMN local PGDB
L-RHAMNONO-14-LACTONE	L-RHAMNONO-14-LACTONE	L-rhamnono-1,4-lactone	162.0528234315					C6H10O5			plantcyc <https://plantcyc.org/>	L-rhamno-1,4-lactone // 3,4-dihydroxy-5-(1-hydroxyethyl)tetrahydrofuran-2-one // 6-deoxy-L-mannono-1,4-lactone // L-rhamnono-gamma-lactone	162.0528234315	C[C@@H]([C@H]1([C@H]([C@@H](O)C(O1)=O)O))O		VASLEPDZAKCNJX-KLVWXMOXSA-N									PlantCyc/PMN local PGDB
CPD-12915	CPD-12915	avenastenone	410.3548660987					C29H46O			plantcyc <https://plantcyc.org/>	stigmasta-7,24(28)-dien-3-one, ( 5alpha,24Z )- // 5alpha -stigmasta-7,Z-24(28)-dien-3-one	410.3548660987	C\C=C(CC[C@@H](C)[C@H]3(CC[C@H]4(C1([C@@H]([C@@]2(C)(CCC(=O)C[C@H](CC=1)2))CC[C@](C)34))))/C(C)C		XHRPJMCAEXVFFM-KADTVRCUSA-N									PlantCyc/PMN local PGDB
CPD-21441	CPD-21441	2-hydroxy-2-(1H-indol-3-yl)acetonitrile	172.0636628893					C10H8N2O			plantcyc <https://plantcyc.org/>		172.0636628893	C(#N)C(O)C1(\C2(/C=C\C=C/C(/N/C=1)=2))		VGQUBGXRAQAKRE-UHFFFAOYSA-N									PlantCyc/PMN local PGDB
CPD-8098	CPD-8098	cis -caffeate	180.0422587452					C9H7O4			plantcyc <https://plantcyc.org/>	cis -3,4-dihydroxy-cinnamate // cis -caffeic acid // (2 Z )-3-(3,4-dihydroxyphenyl)prop-2-enoic acid // (2 Z )-3-(3,4-dihydroxyphenyl)prop-2-enoate	180.0422587452	C([O-])(=O)\C=C/C1(\C=C/C(/O)=C(C=1)/O)		QAIPRVGONGVQAS-RQOWECAXSA-M									PlantCyc/PMN local PGDB
CPD-8815	CPD-8815	4-methylsalicylate	152.0473441231					C8H7O3			plantcyc <https://plantcyc.org/>	2-hydroxy-4-methylbenzoate // gamma-cresotate // m-cresotate // 2-hydroxy-p-toluate	152.0473441231	CC1(\C=C/C(/C([O-])=O)=C(\C=1)/O)		NJESAXZANHETJV-UHFFFAOYSA-M									PlantCyc/PMN local PGDB
CPD-25003	CPD-25003	beta-L-galactopyranose	180.0633881178					C6H12O6			plantcyc <https://plantcyc.org/>	beta-L-galactose	180.0633881178	C([C@@H]1(O[C@@H]([C@H]([C@@H]([C@@H]1O)O)O)O))O		WQZGKKKJIJFFOK-KGJVWPDLSA-N									PlantCyc/PMN local PGDB
L-GLUTAMATE_GAMMA-SEMIALDEHYDE	L-GLUTAMATE_GAMMA-SEMIALDEHYDE	L-glutamate 5-semialdehyde	131.0582431604					C5H9NO3			plantcyc <https://plantcyc.org/>	glutamic gamma-semialdehyde // L-glutamate gamma-semialdehyde // glutamate-semialdehyde	131.0582431604	C(C[C@H]([NH3+])C([O-])=O)C=O		KABXUUFDPUOJMW-BYPYZUCNSA-N									PlantCyc/PMN local PGDB
CPD-8678	CPD-8678	9( S )-HpOTre	310.2144094514					C18H29O4			plantcyc <https://plantcyc.org/>	9(S)-hydroperoxy-10(E),12(Z),15(Z)-octadecatrienoic acid // 9(S)-hydroperoxy-10(E),12(Z),15(Z)-octadecatrienoate // 9( S )-HPOTE	310.2144094514	CC\C=C/C\C=C/C=C/[C@H](CCCCCCCC([O-])=O)OO		RWKJTIHNYSIIHW-MEBVTJQTSA-M									PlantCyc/PMN local PGDB
CDP-CHOLINE	CDP-CHOLINE	CDP-choline	490.1229807827					C14H25N4O11P2			plantcyc <https://plantcyc.org/>	citicoline // citicholine // cidifos // cyticholine // cytidine 5'-diphosphocholine // cytidine diphosphate choline	490.1229807827	C[N+](C)(C)CCOP(OP(OC[C@@H]2([C@H]([C@H]([C@H](N1(\C=C/C(/N)=N\C1=O))O2)O)O))(=O)[O-])([O-])=O		RZZPDXZPRHQOCG-OJAKKHQRSA-M									PlantCyc/PMN local PGDB
CPD-7424	CPD-7424	9'- cis -neoxanthin	600.417860286					C40H56O4			plantcyc <https://plantcyc.org/>	9 c Neox // 9 c -neoxanthin	600.417860286	CC(/C=C/C=C(C)/C=C=C1([C@@](O)(C)C[C@@H](O)CC(C)(C)1))=C\C=C\C=C(C)\C=C\C=C(C)/C=C/[C@]23(C(C)(C)C[C@H](O)C[C@@](C)(O2)3)		PGYAYSRVSAJXTE-FTLOKQSXSA-N									PlantCyc/PMN local PGDB
TAXA-42011-DIEN-5A-OL	TAXA-42011-DIEN-5A-OL	taxa-4(20),11-dien-5alpha-ol	288.2453156493					C20H32O			plantcyc <https://plantcyc.org/>		288.2453156493	CC2(\CC[C@H]1(C[C@H]3([C@](C)(CCC(\C(C)(C)1)=2)CC[C@H](O)C3=C)))		QHDGSWAXTYWVOP-ZNWBIBPKSA-N									PlantCyc/PMN local PGDB
MALEATE	MALEATE	maleate	116.0109586168					C4H2O4			plantcyc <https://plantcyc.org/>	maleic acid // cis-butenedioic acid	116.0109586168	C([O-])(=O)\C=C/C([O-])=O		VZCYOOQTPOCHFL-UPHRSURJSA-L									PlantCyc/PMN local PGDB
CPD-27445	CPD-27445	3-demethylubiquinone-10	848.6682613132					C58H88O4			plantcyc <https://plantcyc.org/>		848.6682613132	CC(C)=CCCC(\C)=C/CCC(\C)=C/CCC(\C)=C/CCC(\C)=C/CCC(\C)=C/CCC(\C)=C/CCC(\C)=C/CCC(\C)=C/CCC(\C)=C/CC1(\C(=O)C(\OC)=C(C(=O)C(/C)=1)\O)		ONGWDJKIJUAIOD-AVRCVIBKSA-N									PlantCyc/PMN local PGDB
PENTACHLOROPHENOL	PENTACHLOROPHENOL	pentachlorophenol	263.8470032042					C6OCL5			plantcyc <https://plantcyc.org/>	PCP	263.8470032042	C1(C(\Cl)=C(C(\[O-])=C(C(\Cl)=1)\Cl)\Cl)Cl		IZUPBVBPLAPZRR-UHFFFAOYSA-M									PlantCyc/PMN local PGDB
CPD1F-95	CPD1F-95	gibberellin A 12	332.1987593872					C20H26O4			plantcyc <https://plantcyc.org/>	C20-GAs // C 20 -GAs // open lactone gibberrellin skeleton // C 20 skeleton // C 20 -GA skeleton // C 20 -gibberellin skeleton // GA12	332.1987593872	C=C1([C@H]2(C[C@]3(C1)([C@H]([C@@H]4([C@@](C)(CCC[C@@](C)([C@@H](CC2)3)4)C([O-])=O))C([O-])=O)))		UJFQJDAESQJXTG-UFUZVNNQSA-L									PlantCyc/PMN local PGDB
CPD-292	CPD-292	(2E)-hexadecenal	238.2296655851					C16H30O			plantcyc <https://plantcyc.org/>	trans -hexadec-2-enal	238.2296655851	CCCCCCCCCCCCC/C=C/C=O		KLJFYXOVGVXZKT-CCEZHUSRSA-N									PlantCyc/PMN local PGDB
DODECANOATE	DODECANOATE	dodecanoate	200.1776300146					C12H23O2			plantcyc <https://plantcyc.org/>	laurate // n -dodecanoic acid // dodecanoic acid // n-dodecanoic acid // lauric acid // tin II 2-ethylhexanoate // dodecanoate	200.1776300146	CCCCCCCCCCCC([O-])=O		POULHZVOKOAJMA-UHFFFAOYSA-M									PlantCyc/PMN local PGDB
DTDP-DEOH-DEOXY-GLUCOSE	DTDP-DEOH-DEOXY-GLUCOSE	dTDP-4-dehydro-6-deoxy-alpha-D-glucopyranose	546.0651911323					C16H22N2O15P2			plantcyc <https://plantcyc.org/>	TDP-4-keto-6-deoxy--alpha-D-glucose // TDP-4-oxo-6-deoxy--alpha-D-glucose // dTDP-4-oxo-6-deoxy--alpha-D-glucose // dTDP-6-deoxy-alpha-D- xylo -4-hexosulose // dTDP-6-deoxy-alpha-D-xylohex-4-ulose // dTDP-4-dehydro-6-deoxy-alpha-D-glucose	546.0651911323	CC1(\C(=O)NC(N(\C=1)[C@H]3(C[C@H](O)[C@@H](COP(=O)([O-])OP(O[C@H]2(O[C@H](C)C(=O)[C@H](O)[C@@H](O)2))(=O)[O-])O3))=O)		PSXWNITXWWECNY-UCBTUHGZSA-L									PlantCyc/PMN local PGDB
CPD-8075	CPD-8075	1-18:2-2-16:1-monogalactosyldiacylglycerol	752.5438486606					C43H76O10			plantcyc <https://plantcyc.org/>	18:2-16:1-MGDG // 1-(9Z,12Z-octadecadienoyl)-2-(7Z-hexadecenoyl)-3-O-beta-D-galactosyl-sn-glycerol	752.5438486606	CCCCC\C=C/C/C=C/CCCCCCCC(OC[C@H](CO[C@@H]1(O[C@@H]([C@@H]([C@@H]([C@H]1O)O)O)CO))OC(CCCCC\C=C/CCCCCCCC)=O)=O		HGHVCQZWRZWQKS-CPHKDGEVSA-N									PlantCyc/PMN local PGDB
CPD-6221	CPD-6221	gibberellin A 13	378.1678531893					C20H23O7			plantcyc <https://plantcyc.org/>	GA13	378.1678531893	C=C1([C@H]2(C[C@]3(C1)([C@H]([C@@H]4([C@@](C)([C@@H](O)CC[C@@](C(=O)[O-])([C@@H](CC2)3)4)C([O-])=O))C([O-])=O)))		UYRCHWLYXIQJKK-HMRRIYTKSA-K									PlantCyc/PMN local PGDB
CPD-8087	CPD-8087	1-alpha-linolenoyl-2-palmitoyl-phosphatidylglycerol	744.4941350743					C40H72O10P			plantcyc <https://plantcyc.org/>	phosphatidylglycerol (1-18:3-2-16:0) // 18:3-16:0-PG // 1-(9Z,12Z,15Z-octadecatrienoyl)-2-hexadecanoyl-sn-glycero-3-phospho-(1'-sn-glycerol) // 1-18:3-2-16:0-phosphatidylglycerol	744.4941350743	CC\C=C/C\C=C/C\C=C/CCCCCCCC(=O)OC[C@@H](OC(=O)CCCCCCCCCCCCCCC)COP(=O)([O-])OC[C@H](CO)O		LZCSTAJDQULBAS-FTZNWAQRSA-M									PlantCyc/PMN local PGDB
CPD-1863	CPD-1863	glucobrassicin	448.0610216313					C16H19N2O9S2			plantcyc <https://plantcyc.org/>	indolylmethyl glucosinolate // 3-indolymethyl glucosinolate // 3-indolymethyl-glucosinolate // indolylmethyl-glucosinolate // 3-IMG	448.0610216313	C2(\NC3(/C=C\C=C/C(/C(\CC(\S[C@@H]1(O[C@H](CO)[C@@H](O)[C@H](O)[C@@H](O)1))=N\OS(=O)(=O)[O-])=2)=3))		DNDNWOWHUWNBCK-PIAXYHQTSA-M									PlantCyc/PMN local PGDB
3-METHYLSULFINYLPROPYL-GLUCOSINOLATE	3-METHYLSULFINYLPROPYL-GLUCOSINOLATE	glucoiberin	423.0327579703					C11H20NO10S3			plantcyc <https://plantcyc.org/>	3-(methylsulfinyl)propyl-glucosinolate	423.0327579703	CS(=O)CCCC(\S[C@@H]1(O[C@H](CO)[C@@H](O)[C@H](O)[C@@H](O)1))=N\OS(=O)(=O)[O-]		PHYYADMVYQURSX-XEAHXTBRSA-M									PlantCyc/PMN local PGDB
CPD-14820	CPD-14820	quercetin-3-gentiobioside	626.1482995387					C27H30O17			plantcyc <https://plantcyc.org/>		626.1482995387	C(O)[C@H]5(O[C@@H](OC[C@H]1(O[C@H]([C@H](O)[C@@H](O)[C@H](O)1)OC3(\C(C4(/C(/O)=C\C(\O)=C/C(/OC(\C2(/C=C\C(\O)=C(/C=2)\O))=3)=4))=O)))[C@H](O)[C@@H](O)[C@H](O)5)		FDRQPMVGJOQVTL-DEFKTLOSSA-N									PlantCyc/PMN local PGDB
R-2-HYDROXYGLUTARATE	R-2-HYDROXYGLUTARATE	( R )-2-hydroxyglutarate	148.0371733673					C5H6O5			plantcyc <https://plantcyc.org/>	( R )-2-hydroxyglutaric acid // ( R )-2-hydroxypentanedioic acid // D-2-hydroxyglutarate	148.0371733673	C(CC[C@H](C([O-])=O)O)([O-])=O		HWXBTNAVRSUOJR-GSVOUGTGSA-L									PlantCyc/PMN local PGDB
CPD-13245	CPD-13245	8-anilinonaphthalenesulfonate	299.0616139788					C16H12NO3S			plantcyc <https://plantcyc.org/>	8-anilino-1-naphthalenesulfonic acid // 8-anilino-1-naphthalenesulfonate // 8-anilinonaphthalene-1-sulfonate // ANS	299.0616139788	C3(\C=C/C(/NC1(\C2(C(/S(=O)([O-])=O)=C\C=C/C(\C=C/C=1)=2)))=C\C=3)		FWEOQOXTVHGIFQ-UHFFFAOYSA-M									PlantCyc/PMN local PGDB
CPD-13712	CPD-13712	(2 Z ,4 Z )-2-hydroxyhexa-2,4-dienoate	128.0473441231					C6H7O3			plantcyc <https://plantcyc.org/>		128.0473441231	C\C=C/C=C(C(=O)[O-])\O		VPGPQVKJUYKKNN-LDIADDGTSA-M									PlantCyc/PMN local PGDB
CPD-16540	CPD-16540	arabidopsis anthocyanin A11	1343.3513743021					C61H65O34			plantcyc <https://plantcyc.org/>	cyanidin 3- O -[6- O -(4- O -beta-D-glucosyl- p -coumaroyl)-2- O -(2- O -sinapoyl-beta-D-xylosyl)-beta-D-glucosyl]-5- O -(6- O -malonyl-beta-D-glucoside) // cyanidin 3- O -[2"- O -(2"'- O -(sinapoyl) xylosyl) 6"- O -(p- O -(glucosyl)-p-coumaroyl) glucoside] 5- O -[6""- O -(malonyl) glucoside	1343.3513743021	COC1(\C(\O)=C(C=C(/C=1)/C=C/C(=O)O[C@H]9([C@H](O[C@H]2([C@@H](O[C@@H]([C@@H](O)[C@H](O)2)COC(/C=C/C4(\C=C/C(/O[C@H]3([C@H](O)[C@@H](O)[C@H](O)[C@@H](CO)O3))=C\C=4))=O)OC5(\C(=[O+]C6(\C(/C=5)=C(/C=C(/C=6)/[O-])\O[C@@H]7(O[C@H](COC(=O)CC(=O)[O-])[C@@H](O)[C@H](O)[C@@H](O)7)))C8(\C=C/C(/O)=C(/C=8)/O))))OC[C@@H](O)[C@H](O)9))\OC)		QRNIDVBVORPNBX-YYZQHOFDSA-M									PlantCyc/PMN local PGDB
CPD-6981	CPD-6981	(R)-rosmarinate	360.0845174904					C18H15O8			plantcyc <https://plantcyc.org/>	(2R)-O-caffeoyl-3-(3,4-dihydroxyphenyl)lactate	360.0845174904	C(O[C@@H](C(=O)[O-])CC1(\C=C/C(/O)=C(\C=1)/O))(=O)/C=C/C2(/C=C(C(/O)=C\C=2)/O)		DOUMFZQKYFQNTF-WUTVXBCWSA-M									PlantCyc/PMN local PGDB
CPD-15272	CPD-15272	apigeninidin 5- O -beta-D-glucoside	417.118557273					C21H20O9			plantcyc <https://plantcyc.org/>		417.118557273	C4(\C(\C2(\[O+]=C1(/C=C(/C=C(C/1=C\C=2)/O[C@H]3([C@@H]([C@H]([C@H](O)[C@H](O3)CO)O)O))/[O-])))=C/C=C(\C=4)/O)		SRKBASTXQAAMHZ-YMQHIKHWSA-N									PlantCyc/PMN local PGDB
CPD-21325	CPD-21325	23-hydroxymarneral	442.3810808492					C30H50O2			plantcyc <https://plantcyc.org/>		442.3810808492	CC(C)=CCCC(\C)=C/CCC(\C)=C/CC[C@]1(C)([C@H](C)CCC(\[C@@H](CCC=O)1)=C(C)\CO)		RIZXEQIPLKUODL-SHHKXEFASA-N									PlantCyc/PMN local PGDB
O-SUCCINYLBENZOATE	O-SUCCINYLBENZOATE	2-succinylbenzoate	222.0528234315					C11H8O5			plantcyc <https://plantcyc.org/>	o -succinyl-benzoate // 2-succinyl-benzoate // o -succinylbenzoate // 4-(2-carboxyphenyl)-4-oxobutanoate	222.0528234315	C1(\C=C/C(/C(=O)[O-])=C(\C=1)/C(=O)CCC(=O)[O-])		YIVWQNVQRXFZJB-UHFFFAOYSA-L									PlantCyc/PMN local PGDB
CPD-10468	CPD-10468	( 2R )-2-hydroxy-4-(methylsulfanyl)butanoate	150.0350648773					C5H9O3S			plantcyc <https://plantcyc.org/>	D-2-hydroxy-4-methylthiobutyrate // D-4-methylthio-2-hydroxybutyrate // D-4-methylthio-2-hydroxybutanoate // D-2-hydroxy-4-methylthiobutanoate // 2-hydroxy-4-(methylthio)butyric acid	150.0350648773	CSCC[C@H](C([O-])=O)O		ONFOSYPQQXJWGS-SCSAIBSYSA-M									PlantCyc/PMN local PGDB
CPD-226	CPD-226	vinylacetyl-CoA	835.1414231161					C25H36N7O17P3S			plantcyc <https://plantcyc.org/>	3-butenoyl-CoA // but-3-enoyl-CoA	835.1414231161	C=CCC(SCCNC(=O)CCNC(=O)[C@H](O)C(C)(C)COP(=O)(OP(=O)(OC[C@@H]1([C@@H](OP([O-])(=O)[O-])[C@@H](O)[C@@H](O1)N2(C3(\N=C/N=C(C(\N=C/2)=3)/N))))[O-])[O-])=O		UATIGEHITDTAGF-CITAKDKDSA-J									PlantCyc/PMN local PGDB
CPD-4618	CPD-4618	cis -zeatin-7- N -glucoside	381.1648334969					C16H23N5O6			plantcyc <https://plantcyc.org/>		381.1648334969	CC(/CO)=C\CNC1(\C2(N(\C=N/C(\N=C/N=1)=2)[C@@H]3([C@@H]([C@H]([C@@H]([C@H](O3)CO)O)O)O)))		HTDHRCLVWUEXIS-GIHYWFGSSA-N									PlantCyc/PMN local PGDB
BETAINE-ALDEHYDE-HYDRATE	BETAINE-ALDEHYDE-HYDRATE	betaine aldehyde hydrate	121.1102787309					C5H14NO2			plantcyc <https://plantcyc.org/>	choline gem-diol // glycine betaine aldehyde hydrate	121.1102787309	C[N+](C)(CC(O)O)C		HEHORKLRCFPRON-UHFFFAOYSA-N									PlantCyc/PMN local PGDB
CPD-12777	CPD-12777	(3 R )-hydroxydecanoyl-CoA	937.2458881876					C31H50N7O18P3S			plantcyc <https://plantcyc.org/>		937.2458881876	CCCCCCC[C@H](CC(SCCNC(=O)CCNC(=O)[C@H](O)C(C)(C)COP(=O)(OP(=O)(OC[C@H]1(O[C@H]([C@@H]([C@@H]1OP([O-])(=O)[O-])O)N2(C3(\N=C/N=C(C(\N=C/2)=3)/N))))[O-])[O-])=O)O		HIVSMYZAMUNFKZ-PDQACDDGSA-J									PlantCyc/PMN local PGDB
INOSITOL-1456-TETRAKISPHOSPHATE	INOSITOL-1456-TETRAKISPHOSPHATE	D- myo -inositol (1,4,5,6)-tetrakisphosphate	499.9287097514					C6H8O18P4			plantcyc <https://plantcyc.org/>	inositol (1,4,5,6)-tetra kis phosphate // 1D- myo -inositol (1,4,5,6)-tetra kis phosphate // Ins(1,4,5,6)P 4 // I(1,4,5,6)P 4	499.9287097514	[C@@H]1(O)([C@@H](OP([O-])([O-])=O)[C@H](OP([O-])(=O)[O-])[C@@H](OP([O-])(=O)[O-])[C@H](OP(=O)([O-])[O-])[C@@H](O)1)		MRVYFOANPDTYBY-YORTWTKJSA-F									PlantCyc/PMN local PGDB
CPD-20730	CPD-20730	rhizathalene A	272.2504010272					C20H32			plantcyc <https://plantcyc.org/>		272.2504010272	C=C(C)[C@@H]1([C@H]3([C@](C)(CC1)CC[C@@H](C)[C@@]2(CCC(/C)=C/C2)3))		IIMQNFIZNZKEMW-SWBPCFCJSA-N									PlantCyc/PMN local PGDB
CPD-13128	CPD-13128	methyl thiocyanate	72.9986197915					C2H3NS			plantcyc <https://plantcyc.org/>		72.9986197915	CSC#N		VYHVQEYOFIYNJP-UHFFFAOYSA-N									PlantCyc/PMN local PGDB
CPD-10515	CPD-10515	(9R,10S)-dihydroxystearate	316.261359644					C18H35O4			plantcyc <https://plantcyc.org/>	9,10-dihydroxystearate // (9R,10S)-9,10-dihydroxystearate	316.261359644	CCCCCCCC[C@H](O)[C@H](O)CCCCCCCC([O-])=O		VACHUYIREGFMSP-DLBZAZTESA-M									PlantCyc/PMN local PGDB
MONOMETHYL-ESTER-OF-TRANS-ACONITATE	MONOMETHYL-ESTER-OF-TRANS-ACONITATE	( E )-3-(methoxycarbonyl)pent-2-enedioate	188.0320879894					C7H6O6			plantcyc <https://plantcyc.org/>	( E )-3-carboxy-2-pentenedioate 6-methyl ester	188.0320879894	COC(=O)C(\CC(=O)[O-])=C/C(=O)[O-]		BRYKYSQCLNCYQW-DUXPYHPUSA-L									PlantCyc/PMN local PGDB
INDOLE-3-ACETYL-ALA	INDOLE-3-ACETYL-ALA	(indol-3-yl)acetyl-L-alanine	246.1004423261					C13H13N2O3			plantcyc <https://plantcyc.org/>	indole-3-acetyl-ala	246.1004423261	C[C@H](NC(CC1(\C2(/C=C\C=C/C(/N\C=1)=2)))=O)C(=O)[O-]		FBDCJLXTUCMFLF-QMMMGPOBSA-M									PlantCyc/PMN local PGDB
CPD-155	CPD-155	D-galacto-hexodialdose	178.0477380536					C6H10O6			plantcyc <https://plantcyc.org/>		178.0477380536	C(=O)[C@H](O)[C@@H](O)[C@@H](O)[C@H](O)C=O		VYPPEYAOCURAAE-GUCUJZIJSA-N									PlantCyc/PMN local PGDB
ENT-COPALYL-DIPHOSPHATE	ENT-COPALYL-DIPHOSPHATE	(-)- ent -copalyl diphosphate	450.1936265303					C20H33O7P2			plantcyc <https://plantcyc.org/>	(-)-copalyl diphosphate // ent -copalyl diphosphate	450.1936265303	CC(/CC[C@H]1([C@@]2(CCCC(C)(C)[C@@H](CCC1=C)2)C))=C\COP([O-])(=O)OP([O-])([O-])=O		JCAIWDXKLCEQEO-PGHZQYBFSA-K									PlantCyc/PMN local PGDB
CPDQT-420	CPDQT-420	6-(methylsulfanyl)hexyl-glucosinolate	449.0847935408					C14H26NO9S3			plantcyc <https://plantcyc.org/>	6-(methylthio)hexyl-glucosinolate	449.0847935408	CSCCCCCCC(\S[C@@H]1(O[C@H](CO)[C@@H](O)[C@H](O)[C@@H](O)1))=N\OS(=O)(=O)[O-]		ZAKICGFSIJSCSF-RFEZBLSLSA-M									PlantCyc/PMN local PGDB
CPD0-1311	CPD0-1311	5-fluoropyrimidin-2-one-ribonucleoside	246.065199674					C9H11N2O5F			plantcyc <https://plantcyc.org/>		246.065199674	C2(\C(\F)=C/N([C@@H]1(O[C@H](CO)[C@@H](O)[C@@H](O)1))C(=O)\N=2)		BISROEGZKWHITE-WCTZXXKLSA-N									PlantCyc/PMN local PGDB
CPD0-2190	CPD0-2190	L-alanyl-D-glutamate	218.0902715703					C8H13N2O5			plantcyc <https://plantcyc.org/>	L-Ala-D-Glu	218.0902715703	C[C@H]([NH3+])C(=O)N[C@H](CCC(=O)[O-])C(=O)[O-]		VYZAGTDAHUIRQA-CRCLSJGQSA-M									PlantCyc/PMN local PGDB
CPD-713	CPD-713	6-oxocampestanol	416.365430785					C28H48O2			plantcyc <https://plantcyc.org/>	oxocampestanol	416.365430785	CC(C)[C@H](C)CC[C@@H](C)[C@H]3(CC[C@H]4([C@@H]2(CC(=O)[C@H]1(C[C@@H](O)CC[C@@](C)1[C@H]2CC[C@](C)34))))		NBJZGNFIZZWBOJ-JSHJXQBASA-N									PlantCyc/PMN local PGDB
MALONATE-S-ALD	MALONATE-S-ALD	3-oxopropanoate	88.0160439947					C3H3O3			plantcyc <https://plantcyc.org/>	malonate semialdehyde // malonic semialdehyde	88.0160439947	C(=O)CC([O-])=O		OAKURXIZZOAYBC-UHFFFAOYSA-M									PlantCyc/PMN local PGDB
CPDQT-256	CPDQT-256	L-pentahomomethionine	219.1292996135					C10H21NO2S			plantcyc <https://plantcyc.org/>		219.1292996135	CSCCCCCCC[C@H]([NH3+])C(=O)[O-]		GYYOKOIBHIWNHE-VIFPVBQESA-N									PlantCyc/PMN local PGDB
CPD-7234	CPD-7234	8'-hydroxyabscisate	280.1310737525					C15H19O5			plantcyc <https://plantcyc.org/>	8'-HOABA	280.1310737525	CC(\C=C\[C@@]1(O)(C(/C)=C/C(=O)C[C@@](CO)(C)1))=C\C(=O)[O-]		AVFORCKFTWHFAR-ZSIFGTMLSA-M									PlantCyc/PMN local PGDB
CPD-15711	CPD-15711	beta-D-mannopyranose 6-phosphate	260.0297185262					C6H11O9P			plantcyc <https://plantcyc.org/>	beta-D-mannose-6-P	260.0297185262	C(OP(=O)([O-])[O-])[C@H]1(O[C@@H](O)[C@@H](O)[C@@H](O)[C@H](O)1)		NBSCHQHZLSJFNQ-RWOPYEJCSA-L									PlantCyc/PMN local PGDB
CPD-12124	CPD-12124	menaquinol- 6	582.443681106					C41H58O2			plantcyc <https://plantcyc.org/>	menaquinol(6) // MKH2-6	582.443681106	CC(C)=CCCC(\C)=C/CCC(\C)=C/CCC(\C)=C/CCC(\C)=C/CCC(\C)=C/CC1(/C(\C)=C(C2(/C=C\C=C/C(/C(/O)=1)=2))/O)		ZVENTDGZQVBWNA-RCIYGOBDSA-N									PlantCyc/PMN local PGDB
CPD-20421	CPD-20421	4,4-dihydroxy-beta,beta-carotene	568.4280310418					C40H56O2			plantcyc <https://plantcyc.org/>		568.4280310418	CC(/C=C/C=C(C)/C=C/C1(/C(CCCC(/C)=1)(C)C))=C\C=C\C=C(C)\C=C\C=C(C)\C=C\C2(\C(CCC(O)(O)C(/C)=2)(C)C)		NMQZISAUULLQSP-QQGJMDNJSA-N									PlantCyc/PMN local PGDB
CPD-9917	CPD-9917	(12 S )-12-methyltetradecanoate	242.2245802072					C15H29O2			plantcyc <https://plantcyc.org/>	(12 S )-12-methyltetradecanoic acid // anteiso-15:0	242.2245802072	CC[C@H](C)CCCCCCCCCCC(=O)[O-]		XKLJLHAPJBUBNL-AWEZNQCLSA-M									PlantCyc/PMN local PGDB
CPD-24936	CPD-24936	keto -D-ribulose	150.0528234315					C5H10O5			plantcyc <https://plantcyc.org/>		150.0528234315	C(O)[C@@H](O)[C@@H](O)C(=O)CO		ZAQJHHRNXZUBTE-NQXXGFSBSA-N									PlantCyc/PMN local PGDB
CPD-8264	CPD-8264	1-18:1-2-16:0-phosphatidate	674.4886557659					C37H69O8P			plantcyc <https://plantcyc.org/>	18:1-16:0-PA // 1-18:1-2-16:0-phosphatidic acid // 1-(9Z-octadecenoyl)-2-hexadecanoyl-sn-glycero-3-phosphate	674.4886557659	CCCCCCCC\C=C/CCCCCCCC(OC[C@@H](OC(=O)CCCCCCCCCCCCCCC)COP([O-])(=O)[O-])=O		ZSXHMDPHNCOWSV-QEJMHMKOSA-L									PlantCyc/PMN local PGDB
4-PHOSPHONOOXY-THREONINE	4-PHOSPHONOOXY-THREONINE	4-phosphooxy-L-threonine	215.0194881909					C4H8NO7P			plantcyc <https://plantcyc.org/>	L-threo-3-hydroxy-homoserine phosphate // 4-phosphonooxy-L-threonine // 4-phospho-hydroxy-threonine // 4-(phosphonooxy)-threonine // O -phospho-4-hydroxy-L-threonine // phospho-hydroxy-threonine // 4-(phosphonooxy)-L-threonine // 4-phospho-hydroxy-L-threonine	215.0194881909	C(=O)([O-])[C@@H]([NH3+])[C@H](O)COP([O-])(=O)[O-]		FKHAKIJOKDGEII-GBXIJSLDSA-L									PlantCyc/PMN local PGDB
CPD-13686	CPD-13686	1-naphthol glucoside	306.1103383104					C16H18O6			plantcyc <https://plantcyc.org/>	alpha-naphthol glucoside	306.1103383104	C1(\C=C/C3(/C(\C=1)=C\C=C/C(/O[C@@H]2(O[C@@H]([C@H]([C@@H]([C@H]2O)O)O)CO))=3))		CVAOQMBKGUKOIZ-IBEHDNSVSA-N									PlantCyc/PMN local PGDB
INDOLE-CARBOXY-HYDRO-THIAZOLE	INDOLE-CARBOXY-HYDRO-THIAZOLE	(R)-dihydrocamalexate	246.0462982656					C12H9N2O2S			plantcyc <https://plantcyc.org/>	dihydrocamalexic acid // (4R)-2-(1H-indol-3-yl)-4,5-dihydrothiazole-4-carboxylate	246.0462982656	C2(/NC3(/C=C\C=C/C(/C(/C1(/SCC(C([O-])=O)\N=1))=2)=3))		GTTVJFCVXYCPHB-UHFFFAOYSA-M									PlantCyc/PMN local PGDB
CPD-7837	CPD-7837	triacontanoate	452.4593311702					C30H59O2			plantcyc <https://plantcyc.org/>	melissic acid // melissate // triacontanoic acid // myricic acid // n-triacontanoic acid	452.4593311702	CCCCCCCCCCCCCCCCCCCCCCCCCCCCCC([O-])=O		VHOCUJPBKOZGJD-UHFFFAOYSA-M									PlantCyc/PMN local PGDB
CPD-20420	CPD-20420	16alpha-hydroxy-beta-amyrin	442.3810808492					C30H50O2			plantcyc <https://plantcyc.org/>	olean-12-ene-3beta,16alpha-diol	442.3810808492	CC4(C)(C[C@H]5(C2(\[C@]([C@@]1(CC[C@H]3(C(C)(C)[C@H](CC[C@]([C@H]1C\C=2)3C)O))C)(C[C@@H](O)[C@@](CC4)5C)C)))		VLRYIIPJIVGFIV-PXCMFJNASA-N									PlantCyc/PMN local PGDB
CPD-18099	CPD-18099	pelargonidin 3- O -beta- D -(4-coumaroyl)-sambubioside	711.1925100771					C35H33O16			plantcyc <https://plantcyc.org/>	pelargonidin 3- O -[2"- O -xylosyl) 6"- O -(p-coumaroyl) glucoside // pelargonidin 3- O -beta- D -(p-coumaroyl)-sambubioside	711.1925100771	C6(/C=C(\C=C/C(/C=C/C(=O)OC[C@H]5(O[C@@H](OC1(\C(=[O+]C2(\C(/C=1)=C(/C=C(/C=2)/[O-])\[O-]))C3(\C=C/C(/O)=C\C=3)))[C@H](O[C@@H]4(OC[C@@H](O)[C@H](O)[C@@H](O)4))[C@@H](O)[C@H](O)5))=6)/O)		YGZYUUFOXHFXGY-YONICNLVSA-M									PlantCyc/PMN local PGDB
FERULIC-ACID	FERULIC-ACID	ferulate	194.0579088094					C10H9O4			plantcyc <https://plantcyc.org/>	ferulic acid // 4-hydroxy-3-methoxycinnamic acid // caffeic acid 3-methyl ether // 4-hydroxy-3-methoxycinnamate	194.0579088094	COC1(\C(\O)=C/C=C(/C=C/C([O-])=O)/C=1)		KSEBMYQBYZTDHS-HWKANZROSA-M									PlantCyc/PMN local PGDB
RHAMNOSE	RHAMNOSE	alpha-L-rhamnopyranose	164.0684734957					C6H12O5			plantcyc <https://plantcyc.org/>	6-deoxy-alpha-L-mannopyranose // alpha-L-mannomethylose // isodulcit // alpha-L-rhamnose	164.0684734957	C[C@H]1([C@@H]([C@H]([C@H]([C@@H](O1)O)O)O)O)		SHZGCJCMOBCMKK-HGVZOGFYSA-N									PlantCyc/PMN local PGDB
CPD-9871	CPD-9871	5-methoxy-2-methyl-3-( all-trans -decaprenyl)benzene-1,4-diol	834.6889967553					C58H90O3			plantcyc <https://plantcyc.org/>	6-methoxy-3-methyl-2-decaprenyl-1,4-benzoquinol // 6-methoxy-5-methyl-2-decaprenyl-1,4-benzoquinol // 6-methoxy-3-methyl-2-( all-trans -decaprenyl)-1,4-benzoquinol	834.6889967553	CC(C)=CCCC(\C)=C/CCC(\C)=C/CCC(\C)=C/CCC(\C)=C/CCC(\C)=C/CCC(\C)=C/CCC(\C)=C/CCC(\C)=C/CCC(\C)=C/CC1(/C(\C)=C(/C=C(C(/O)=1)/OC)/O)		XCOXSBLQZPFVGK-RGIWONJESA-N									PlantCyc/PMN local PGDB
CPD-17699	CPD-17699	N 1 , N 8 -bis(coumaroyl)-spermidine	437.2314564991					C25H32N3O4			plantcyc <https://plantcyc.org/>		437.2314564991	C([NH2+]CCCNC(=O)/C=C/C1(\C=C/C(/O)=C\C=1))CCCNC(=O)/C=C/C2(\C=C/C(/O)=C\C=2)		QYBCBMVQSCJMSA-VOMDNODZSA-O									PlantCyc/PMN local PGDB
DCTP	DCTP	dCTP	466.9895971465					C9H12N3O13P3			plantcyc <https://plantcyc.org/>	2'-deoxycytidine-5'-triphosphate // deoxycytidine-triphosphate // deoxy-CTP	466.9895971465	C(OP(OP(=O)([O-])OP(=O)([O-])[O-])(=O)[O-])[C@@H]2([C@H](C[C@H](N1(C(/N=C(\C=C/1)/N)=O))O2)O)		RGWHQCVHVJXOKC-SHYZEUOFSA-J									PlantCyc/PMN local PGDB
CPD-18148	CPD-18148	stipitaldehyde	180.0422587452					C9H8O4			plantcyc <https://plantcyc.org/>	4,7-dihydroxy-2-methyl-5-oxocyclohepta-1,3,6-triene-1-carbaldehyde	180.0422587452	CC1(/C=C(C(=O)/C=C(C(/C=O)=1)/O)/O)		KBVWPCXFPMMRFY-UHFFFAOYSA-N									PlantCyc/PMN local PGDB
L-ARGININO-SUCCINATE	L-ARGININO-SUCCINATE	L-arginino-succinate	290.1226343312					C10H17N4O6			plantcyc <https://plantcyc.org/>	N -(L-arginino)-succinate // arginino-succinate	290.1226343312	C(NC(NC(CC(=O)[O-])C(=O)[O-])=[NH2+])CC[C@@H](C(=O)[O-])[NH3+]		KDZOASGQNOPSCU-ZBHICJROSA-M									PlantCyc/PMN local PGDB
CPD1F-132	CPD1F-132	ent -kaur-16-en-19-oate	302.2245802072					C20H29O2			plantcyc <https://plantcyc.org/>	ent-kaurenoate // ent-kaurenoic acid	302.2245802072	C=C1([C@H]4(C[C@]3(C1)(CC[C@@H]2([C@@](C([O-])=O)(C)CCC[C@](C)2[C@@H]3CC4))))		NIKHGUQULKYIGE-OTCXFQBHSA-M									PlantCyc/PMN local PGDB
INOSITOL-1-4-5-TRISPHOSPHATE	INOSITOL-1-4-5-TRISPHOSPHATE	D- myo -inositol (1,4,5)-trisphosphate	419.962379343					C6H9O15P3			plantcyc <https://plantcyc.org/>	inositol (1,4,5)-trisphosphate // 1D- myo -inositol (1,4,5)-trisphosphate // I(1,4,5)P 3 // InsP 3 // IP 3 // triphosphoinositol	419.962379343	[C@@H]1(O)([C@@H](OP([O-])([O-])=O)[C@H](O)[C@@H](OP(=O)([O-])[O-])[C@H](OP(=O)([O-])[O-])[C@@H](O)1)		MMWCIQZXVOZEGG-XJTPDSDZSA-H									PlantCyc/PMN local PGDB
CPD-22763	CPD-22763	4alpha-methylhydroxy-5alpha-cholest-7-en-3beta-ol	416.365430785					C28H48O2			plantcyc <https://plantcyc.org/>		416.365430785	CC(C)CCC[C@H]([C@@H]4([C@]1(C)([C@H](C2([C@H](CC1)[C@]3(C)([C@@H](CC=2)[C@H](CO)[C@@H](O)CC3)))CC4)))C		IHCCUGWTVWSKGF-LVSAPHKCSA-N									PlantCyc/PMN local PGDB
METHYLARSONATE	METHYLARSONATE	methylarsonate	139.9454654268					CH4O3AS			plantcyc <https://plantcyc.org/>	MMA V // methanearsonate // methylarsenate // Agent Blue // monomethanearsonate	139.9454654268	C[As](=O)([O-])O		QYPPRTNMGCREIM-UHFFFAOYSA-M									PlantCyc/PMN local PGDB
CPD-204	CPD-204	gibberellin A 8	364.1522031251					C19H23O7			plantcyc <https://plantcyc.org/>	GA8 // 2beta-hydroxygibberellin 1	364.1522031251	C=C1([C@@]3(O)(C[C@]4(C1)([C@H]([C@@H]5([C@]2(C(=O)O[C@](C[C@H](O)[C@H](O)2)([C@@H](CC3)4)5)(C)))C([O-])=O)))		WZRRJZYYGOOHRC-AXLMTQBOSA-M									PlantCyc/PMN local PGDB
CPD-12299	CPD-12299	11-hydroxydodecanoate	216.1725446367					C12H23O3			plantcyc <https://plantcyc.org/>	&omega;-1 lauric acid // &omega;-1 laurate // 11-hydroxylauric acid // 11-hydroxylaurate	216.1725446367	CC(O)CCCCCCCCCC(=O)[O-]		KQGAHNAFXMVSGY-UHFFFAOYSA-M									PlantCyc/PMN local PGDB
CPD-2961	CPD-2961	D-gluconate 6-phosphate	276.0246331483					C6H10O10P			plantcyc <https://plantcyc.org/>	6-p gluconate // 6-phospho gluconate // 6-phosphogluconic acid // 6-phospho D-gluconate	276.0246331483	C([C@H]([C@H]([C@@H]([C@H](C([O-])=O)O)O)O)O)OP([O-])([O-])=O		BIRSGZKFKXLSJQ-SQOUGZDYSA-K									PlantCyc/PMN local PGDB
CPD-510	CPD-510	alpha-D-glucuronate 1-phosphate	274.0089830841					C6H8O10P			plantcyc <https://plantcyc.org/>	glucuronate-1-P // glucuronate-1-phosphate // D-glucuronate-1-P // D-glucuronate-1-phosphate // 1-phospho-alpha-D-glucuronate	274.0089830841	C([C@H]1(O[C@@H]([C@@H]([C@H]([C@@H]1O)O)O)OP([O-])([O-])=O))(=O)[O-]		AIQDYKMWENWVQJ-QIUUJYRFSA-K									PlantCyc/PMN local PGDB
CPD0-1445	CPD0-1445	L-alanyl-L-glutamate	218.0902715703					C8H13N2O5			plantcyc <https://plantcyc.org/>	L-Ala-L-Glu // Ala-Glu	218.0902715703	C[C@H]([NH3+])C(=O)N[C@H](C([O-])=O)CCC(=O)[O-]		VYZAGTDAHUIRQA-WHFBIAKZSA-M									PlantCyc/PMN local PGDB
CPD-11520	CPD-11520	3-oxo-2-(cis-2'-pentenyl)-cyclopentane-1-(3-oxooctanoyl)-CoA	1057.3034030665					C39H58N7O19P3S			plantcyc <https://plantcyc.org/>	OPC8-3-ketoacyl-CoA	1057.3034030665	CC\C=C/C[C@H]1([C@H](CCC(=O)1)CCCCCC(=O)CC(SCCNC(=O)CCNC(=O)[C@H](O)C(C)(C)COP(=O)(OP(=O)(OC[C@@H]2([C@@H](OP([O-])(=O)[O-])[C@@H](O)[C@@H](O2)N3(C4(\N=C/N=C(C(\N=C/3)=4)/N))))[O-])[O-])=O)		YYCCMACTOAJGGW-OZVHGMPNSA-J									PlantCyc/PMN local PGDB
FADH2	FADH2	FADH 2	787.1727845218					C27H33N9O15P2			plantcyc <https://plantcyc.org/>	flavin adenine dinucleotide reduced // 1,5-dihydro-FAD	787.1727845218	CC6(\C=C1(C(/N(C2(/NC(NC(=O)C(\N1)=2)=O))C[C@H](O)[C@H](O)[C@H](O)COP(OP([O-])(OC[C@@H]5([C@@H](O)[C@@H](O)[C@H](N3(\C=N/C4(C(/N)=N\C=N/C3=4)))O5))=O)([O-])=O)=C\C(/C)=6))		YPZRHBJKEMOYQH-UYBVJOGSSA-L									PlantCyc/PMN local PGDB
CPD-18695	CPD-18695	C36-phenolphthiotriol A	562.496110607					C36H66O4			plantcyc <https://plantcyc.org/>	(3R,4S,9R,11R)-29-(4-hydroxyphenyl)-4-methylnonacosane-3,9,11-triol	562.496110607	CC[C@@H](O)[C@@H](C)CCCC[C@@H](O)C[C@H](O)CCCCCCCCCCCCCCCCCCC1(\C=C/C(/O)=C\C=1)		IABNHFIYGZWRGD-KHCOHBKDSA-N									PlantCyc/PMN local PGDB
CPD-24201	CPD-24201	9,10-DiHOME	314.2457095798					C18H33O4			plantcyc <https://plantcyc.org/>	9,10-Hydroxyoctadec-12(Z)-enoate // 9,10-DHOA // 9,10-dihydroxy-(12Z)-octadecenoate // (12Z)-9,10-dihydroxyoctadecenoate // (12 Z )-9,10-dihydroxydec-12-enoate // leukotoxin diol // (12 Z )-9,10-dihydroxydec-12-enoic acid // (+/-)9,10-DiHOME // (+/-)9,10-DHOA	314.2457095798	CCCCC\C=C/CC(O)C(O)CCCCCCCC(=O)[O-]		XEBKSQSGNGRGDW-YFHOEESVSA-M									PlantCyc/PMN local PGDB
CPD-25932	CPD-25932	traumatate	228.1361591304					C12H18O4			plantcyc <https://plantcyc.org/>	traumatic acid // (2E)-dodec-2-enedioic acid // (2E)-dodec-2-enedioate // trans-traumatic acid	228.1361591304	C([O-])(/C=C/CCCCCCCCC(=O)[O-])=O		MAZWDMBCPDUFDJ-VQHVLOKHSA-L									PlantCyc/PMN local PGDB
N-FORMIMINO-L-GLUTAMATE	N-FORMIMINO-L-GLUTAMATE	N -formimino-L-glutamate	174.0640568198					C6H9N2O4			plantcyc <https://plantcyc.org/>	N -formimino-glutamate // formiminoglutamate // formimino-glu // alpha-formamidinoglutarate // N -formimidoyl-L-glutamate	174.0640568198	C(N[C@H](C([O-])=O)CCC([O-])=O)=[NH2+]		NRXIKWMTVXPVEF-BYPYZUCNSA-M									PlantCyc/PMN local PGDB
CPD-13688	CPD-13688	4-methylumbelliferone 6'-O-malonylglucoside	424.1005614851					C19H19O11			plantcyc <https://plantcyc.org/>		424.1005614851	CC2(\C3(/C=C\C(\O[C@@H]1(O[C@H](COC(=O)CC(=O)[O-])[C@@H](O)[C@H](O)[C@@H](O)1))=C/C(/OC(=O)\C=2)=3))		AYSIYQZBMZTTTC-DCCCRPSOSA-M									PlantCyc/PMN local PGDB
HOMOARGININE	HOMOARGININE	L-homoarginine	188.1273257786					C7H17N4O2			plantcyc <https://plantcyc.org/>		188.1273257786	C([C@H](CCCCNC(N)=[NH2+])[NH3+])(=O)[O-]		QUOGESRFPZDMMT-YFKPBYRVSA-O									PlantCyc/PMN local PGDB
CPD0-889	CPD0-889	N -(4-aminobenzoyl)-L-glutamate	266.0902715703					C12H12N2O5			plantcyc <https://plantcyc.org/>	4-aminobenzoyl-glutamate // pABA-Glu // N -(para-aminobenzoyl)-L-glutamate // N -(4-aminobenzoyl)-L-glutamic acid // p -aminobenzoyl glutamate	266.0902715703	C([O-])(=O)CCC(NC(=O)C1(\C=C/C(/N)=C\C=1))C(=O)[O-]		GADGMZDHLQLZRI-UHFFFAOYSA-L									PlantCyc/PMN local PGDB
CPD-9646	CPD-9646	di-trans,octa-cis -undecaprenyl phosphate	846.6654979195					C55H89O4P			plantcyc <https://plantcyc.org/>	ditrans,polycis -undecaprenyl phosphate // ditrans,octacis -undecaprenyl phosphate // C 55 -P // Und-P	846.6654979195	CC(C)=CCCC(\C)=C/CCC(\C)=C/CCC(/C)=C/CCC(/C)=C/CCC(/C)=C/CCC(/C)=C/CCC(/C)=C/CCC(/C)=C/CCC(/C)=C/CCC(/C)=C/COP(=O)([O-])[O-]		UFPHFKCTOZIAFY-NTDVEAECSA-L									PlantCyc/PMN local PGDB
INOSITOL-1-4-BISPHOSPHATE	INOSITOL-1-4-BISPHOSPHATE	D- myo -inositol (1,4)-bisphosphate	339.9960489346					C6H10O12P2			plantcyc <https://plantcyc.org/>	myo -inositol (1,4)-bisphosphate // inositol (1,4)-bisphosphate // I(1,4)P 2	339.9960489346	[C@@H]1(O)([C@@H](O)[C@H](OP(=O)([O-])[O-])[C@@H](O)[C@@H](O)[C@@H](OP([O-])([O-])=O)1)		PELZSPZCXGTUMR-RTPHHQFDSA-J									PlantCyc/PMN local PGDB
CPD-13118	CPD-13118	GDP-beta-L-fucose	589.08223818					C16H23N5O15P2			plantcyc <https://plantcyc.org/>	GDP-beta-L-fucopyranose // GDP-L-fucose // guanosine diphosphate fucose // GDP-L-fucopyranose // GDP-L-Fuc // GDP-L-Fuc p	589.08223818	C[C@@H]4(O[C@H](OP(OP(=O)([O-])OC[C@H]3(O[C@@H](N1(C2(\N=C(N)/NC(=O)C(\N=C/1)=2)))[C@H](O)[C@H](O)3))(=O)[O-])[C@H]([C@@H]([C@@H]4O)O)O)		LQEBEXMHBLQMDB-JGQUBWHWSA-L									PlantCyc/PMN local PGDB
4-AMINO-BUTYRALDEHYDE	4-AMINO-BUTYRALDEHYDE	4-aminobutanal	87.0684139162					C4H10NO			plantcyc <https://plantcyc.org/>	4-amino-butyraldehyde // gamma-aminobutyraldehyde // 4-aminobutyraldehyde // ABAL	87.0684139162	C(C[NH3+])CC=O		DZQLQEYLEYWJIB-UHFFFAOYSA-O									PlantCyc/PMN local PGDB
2-METHYL-6-SOLANYL-14-BENZOQUINONE	2-METHYL-6-SOLANYL-14-BENZOQUINONE	2-methyl-6-all-trans-nonaprenyl-1,4-benzoquinol	736.6158318122					C52H80O2			plantcyc <https://plantcyc.org/>	MSBQ // 2-methyl-6-solanesyl-1,4-benzoquinol // 2-methyl-6--all-trans-nonaprenyl-benzene-1,4-diol // 2-methyl-6-solanyl-1,4-benzoquinol	736.6158318122	CC(C)=CCCC(\C)=C/CCC(\C)=C/CCC(\C)=C/CCC(\C)=C/CCC(\C)=C/CCC(\C)=C/CCC(\C)=C/CCC(\C)=C/CC1(/C=C(\C=C(C)/C(/O)=1)/O)		SWKACZQJGXABCN-JSGWLJPKSA-N									PlantCyc/PMN local PGDB
CPD-13086	CPD-13086	12,13-DiHOME	314.2457095798					C18H33O4			plantcyc <https://plantcyc.org/>	12,13-dihydroxy-(9Z)-octadecenoate // (9Z)-12,13-dihydroxyoctadecenoate // (9Z)-12,13-dihydroxyoctadeca-9-enoate // (9Z)-12,13-dihydroxyoctadeca-9-enoic acid // (9Z)-12,13-dihydroxyoctadecaenoate // (+/-)12,13-DiHOME // (+/-)12,13-DHOA	314.2457095798	CCCCCC(O)C(O)C\C=C/CCCCCCCC(=O)[O-]		CQSLTKIXAJTQGA-FLIBITNWSA-M									PlantCyc/PMN local PGDB
CPD-12725	CPD-12725	baicalin	446.0849114209					C21H17O11			plantcyc <https://plantcyc.org/>	baicalein 7-O-glucuronide // 7-D-glucuronic acid-5,6-dihydroxyflavone // 5,6-dihydroxy-4-oxo-2-phenyl-4H-1-benzopyran-7-yl beta-D-glucopyranosiduronic acid // 5,6,7-trihydroxyflavone-7-O-beta-D-glucuronate	446.0849114209	C(=O)([O-])[C@H]1(O[C@H]([C@H](O)[C@@H](O)[C@H](O)1)OC3(\C(\O)=C(C4(\C(=O)\C=C(C2(\C=C/C=C\C=2))/OC(/C=3)=4))\O))		IKIIZLYTISPENI-ZFORQUDYSA-M									PlantCyc/PMN local PGDB
DIAMINONONANOATE	DIAMINONONANOATE	(7 R ,8 S )-diaminononanoate	188.1524778966					C9H21N2O2			plantcyc <https://plantcyc.org/>	(7 R ,8 S )-7,8-diaminopelargonate // DAPA	188.1524778966	C[C@@H]([C@@H](CCCCCC([O-])=O)[NH3+])[NH3+]		KCEGBPIYGIWCDH-JGVFFNPUSA-O									PlantCyc/PMN local PGDB
GLUTACONATE	GLUTACONATE	( E )-glutaconate	130.026608681					C5H4O4			plantcyc <https://plantcyc.org/>	trans -glutaconic acid // trans -glutaconate // ( E )-glutaconic acid	130.026608681	C(/CC(=O)[O-])=C\C(=O)[O-]		XVOUMQNXTGKGMA-OWOJBTEDSA-L									PlantCyc/PMN local PGDB
CPD-13053	CPD-13053	queuosine	409.159748119					C17H24N5O7			plantcyc <https://plantcyc.org/>	nucleoside Q // Q (nucleoside)	409.159748119	C(O)[C@H]4(O[C@@H](N1(/C=C(C2(C(=O)NC(/N)=N/C1=2))/C[NH2+]C3([C@@H](O)[C@@H](O)\C=C/3)))[C@H](O)[C@H](O)4)		QQXQGKSPIMGUIZ-NLMVHHJCSA-O									PlantCyc/PMN local PGDB
CPD-12350	CPD-12350	methyl gibberellin A 34	362.1729385672					C20H26O6			plantcyc <https://plantcyc.org/>	GA 34 methyl ester // gibberellin A 34 methyl ester // methyl GA 34	362.1729385672	C=C3([C@@H]2(CC[C@H]4([C@]15(C[C@@H]([C@@H]([C@@]([C@H]1[C@@H]([C@](C2)(C3)4)C(OC)=O)(C)C(O5)=O)O)O))))		KWOJOQRTFRJBKX-RCGNALFNSA-N									PlantCyc/PMN local PGDB
GLYCOLLATE	GLYCOLLATE	glycolate	76.0160439947					C2H3O3			plantcyc <https://plantcyc.org/>	hydroxyacetic acid // glycolic acid // glycollate	76.0160439947	C(C(=O)[O-])O		AEMRFAOFKBGASW-UHFFFAOYSA-M									PlantCyc/PMN local PGDB
TDP-FUC4NAC	TDP-FUC4NAC	dTDP-4-acetamido-alpha-D-fucose	589.107390298					C18H27N3O15P2			plantcyc <https://plantcyc.org/>	TDP-Fuc4NAc // dTDP- N -acetylthomosamine // TDP-4N-acetyl-alpha-D-fucosamine // dTDP-4-acetamido-4,6-dideoxy-alpha-D-galactose	589.107390298	CC1(\C(=O)NC(N(\C=1)[C@H]3(C[C@H](O)[C@@H](COP(=O)([O-])OP(O[C@H]2(O[C@H](C)[C@H](NC(=O)C)[C@H](O)[C@@H](O)2))(=O)[O-])O3))=O)		YHXQWYBLXUELDA-HYPDDMKDSA-L									PlantCyc/PMN local PGDB
CPD-10448	CPD-10448	2-hydroxylamino-4,6-dinitrotoluene-O-glucoside	379.1226939107					C13H17N3O10			plantcyc <https://plantcyc.org/>	2-HADNT O-glucoside	379.1226939107	CC2(/C(/NOC1(O[C@H](CO)[C@@H](O)[C@H](O)[C@@H](O)1))=C\C(\[N+](=O)[O-])=C/C(/[N+]([O-])=O)=2)		FDHKZWGRIMCNIS-HENWMNBSSA-N									PlantCyc/PMN local PGDB
CPD-7117	CPD-7117	delphinidin-3- O -beta-D-glucoside	465.1033011393					C21H19O12			plantcyc <https://plantcyc.org/>	delfinidin-3-O-glucoside	465.1033011393	C(O)[C@@H]4([C@@H](O)[C@H](O)[C@@H](O)[C@H](OC2(\C(C1(\C=C(C(\O)=C(/C=1)\O)\O))=[O+]C3(\C(/C=2)=C(/C=C(/C=3)/[O-])\[O-])))O4)		XENHPQQLDPAYIJ-PEVLUNPASA-M									PlantCyc/PMN local PGDB
CPD-10273	CPD-10273	(1 E ,2 S )-2-methylbutanal oxime	101.0840639804					C5H11NO			plantcyc <https://plantcyc.org/>		101.0840639804	CC[C@H](C)/C=N/O		SEWWFHKIKWFJNV-WHEKYOLUSA-N									PlantCyc/PMN local PGDB
CPD-13683	CPD-13683	2-naphthol glucoside	306.1103383104					C16H18O6			plantcyc <https://plantcyc.org/>	beta-naphthol glucoside // beta-naphthol glucoside	306.1103383104	C1(\C=C/C2(/C=C(\C=C/C(\C=1)=2)/O[C@@H]3(O[C@@H]([C@H]([C@@H]([C@H]3O)O)O)CO)))		MWHKPYATGMFFPI-IBEHDNSVSA-N									PlantCyc/PMN local PGDB
CPD-22764	CPD-22764	4alpha-formyl-5alpha-cholest-7-en-3beta-ol	414.3497807208					C28H46O2			plantcyc <https://plantcyc.org/>		414.3497807208	CC(C)CCC[C@H]([C@@H]4([C@]1(C)([C@H](C2([C@H](CC1)[C@]3(C)([C@@H](CC=2)[C@H](C=O)[C@@H](O)CC3)))CC4)))C		JOBRDKSINVPTQA-LVSAPHKCSA-N									PlantCyc/PMN local PGDB
L-PHOSPHINOTHRICIN	L-PHOSPHINOTHRICIN	L-phosphinothricin	181.0503943888					C5H11NO4P			plantcyc <https://plantcyc.org/>	glufosinate // DL-phosphinothricin // phosphinothricin // phosphinothricine // (S)-phosphinothricin // (S)-2-amino-4-(hydroxymethylphosphinyl)butyric acid // (S)-4-[hydroxy(methyl)phosphinyl]-2-aminobutyric acid // L-glufosinate	181.0503943888	CP(CC[C@H]([NH3+])C(=O)[O-])([O-])=O		IAJOBQBIJHVGMQ-BYPYZUCNSA-M									PlantCyc/PMN local PGDB
CPD-18091	CPD-18091	pelargonidin 3- O -beta- D -sambubioside	565.1557306403					C26H27O14			plantcyc <https://plantcyc.org/>	pelargonidin 3- O -[2"- O -(xylosyl)] glucoside // pelargonidin 3-sambubioside	565.1557306403	C5(\C(\C4(\[O+]=C1(C(/C(/[O-])=C\C(\[O-])=C/1)=C/C(/O[C@@H]3(O[C@@H]([C@@H](O)[C@H](O)[C@@H](O[C@@H]2(OC[C@@H](O)[C@H](O)[C@@H](O)2))3)CO))=4)))=C/C=C(\C=5)/O)		NKUOSFBSKVBOJC-AOBOYTTNSA-M									PlantCyc/PMN local PGDB
L-ALPHA-AMINO-EPSILON-KETO-PIMELATE	L-ALPHA-AMINO-EPSILON-KETO-PIMELATE	L-alpha-amino-epsilon-keto-pimelate	189.0637224688					C7H10NO5			plantcyc <https://plantcyc.org/>	L-2-Amino-6-oxopimelate // L-2-Amino-6-oxoheptanedioate	189.0637224688	C([O-])(=O)[C@H](CCCC(C([O-])=O)=O)[NH3+]		UKCSFKLWNHUBDY-BYPYZUCNSA-M									PlantCyc/PMN local PGDB
MI-HEXAKISPHOSPHATE	MI-HEXAKISPHOSPHATE	phytate	659.8613705682					C6H6O24P6			plantcyc <https://plantcyc.org/>	phytic acid // 1D- myo -inositol 1,2,3,4,5,6-hexakisphosphate // myo -inositol hexakisphosphate // D- myo -Inositol 1,2,3,4,5,6-hexakisphosphate // myo -Inositol 1,2,3,4,5,6-hexakisphosphate // inositol 1,2,3,4,5,6-hexakisphosphate // InsP 6 // 1D- myo -inositol hexakisphosphate // IP6 // inositol hexaphosphate // Ins(1,2,3,4,5,6)P 6	659.8613705682	[C@@H]1(OP([O-])([O-])=O)([C@H](OP([O-])(=O)[O-])[C@@H](OP([O-])(=O)[O-])[C@H](OP(=O)([O-])[O-])[C@@H](OP(=O)([O-])[O-])[C@@H](OP([O-])([O-])=O)1)		IMQLKJBTEOYOSI-GPIVLXJGSA-B									PlantCyc/PMN local PGDB
CPD-13907	CPD-13907	dehydroascorbate (bicyclic form)	192.0270026115					C6H8O7			plantcyc <https://plantcyc.org/>	dehydroascorbate monohydrate	192.0270026115	C2(=O)(O[C@H]1([C@](O)(OC[C@H](O)1)C(O)(O)2))		QPPOKIPSRPKDEM-VPGXFDHMSA-N									PlantCyc/PMN local PGDB
CPDQT-418	CPDQT-418	7-(methylsulfanyl)heptyl-desulfoglucosinolate	383.1436290487					C15H29NO6S2			plantcyc <https://plantcyc.org/>	7-(methylthio)heptyl-desulfoglucosinolate	383.1436290487	CSCCCCCCCC(\S[C@@H]1(O[C@H](CO)[C@@H](O)[C@H](O)[C@@H](O)1))=N\O		HRWHFIDSPSFJJQ-OOMJLXHVSA-N									PlantCyc/PMN local PGDB
CPD-711	CPD-711	(6alpha)-hydroxycampestanol	418.3810808492					C28H50O2			plantcyc <https://plantcyc.org/>	hydroxycampestanol	418.3810808492	CC(C)[C@H](C)CC[C@@H](C)[C@H]3(CC[C@H]4([C@@H]2(C[C@H](O)[C@H]1(C[C@@H](O)CC[C@@](C)1[C@H]2CC[C@](C)34))))		XOCKKQKIUYNBRG-XYCVKZCMSA-N									PlantCyc/PMN local PGDB
CPD-1881	CPD-1881	(indol-3-yl)- N -(sulfonatooxy)methanimidothioate	286.0081981998					C10H8N2O4S2			plantcyc <https://plantcyc.org/>	indol-3-yl-methyl glucosinolate aglycone // indolylmethyl glucosinolate aglycone // indol-3-yl-acetothiohydroxamate-O-sulfonate	286.0081981998	C1(\NC2(/C=C\C=C/C(/C(\CC(\[S-])=N\OS(=O)(=O)[O-])=1)=2))		IDPCCZAHFVRMNJ-UHFFFAOYSA-L									PlantCyc/PMN local PGDB
CPD-8162	CPD-8162	1-18:3-2-16:0-digalactosyldiacylglycerol	914.5966720921					C49H86O15			plantcyc <https://plantcyc.org/>	18:3-16:0-DGDG	914.5966720921	C(O)C1(OC(C(O)C(O)C1O)OC2(C(CO)OC(C(O)C2O)OC(COC([R1])=O)COC([R2])=O))		IJEZFJFCQWYKEM-HZDSJJKASA-N									PlantCyc/PMN local PGDB
CPD-1086	CPD-1086	5-amino-6-(5-phospho-D-ribitylamino)uracil	356.0733146754					C9H15N4O9P			plantcyc <https://plantcyc.org/>	5-amino-6-(5'-phosphoribitylamino)uracil // 5-amino-6-(5-phosphoribitylamino)uracil // 5-amino-6-ribitylamino-2,4(1H,3H)-pyrimidinedione 5'-phosphate	356.0733146754	C(NC1(NC(NC(=O)C(N)=1)=O))[C@H](O)[C@H](O)[C@H](O)COP([O-])(=O)[O-]		RQRINYISXYAZKL-RPDRRWSUSA-L									PlantCyc/PMN local PGDB
OROTIDINE-5-PHOSPHATE	OROTIDINE-5-PHOSPHATE	orotidine 5'-phosphate	368.0256957808					C10H10N2O11P			plantcyc <https://plantcyc.org/>		368.0256957808	C(OP(=O)([O-])[O-])[C@H]1(O[C@H]([C@H](O)[C@H](O)1)N2(C(/C(=O)[O-])=C/C(=O)NC(=O)2))		KYOBSHFOBAOFBF-XVFCMESISA-K									PlantCyc/PMN local PGDB
CPD-12394	CPD-12394	( Z )-1-(L-cysteinylglycin- S -yl)- N -hydroxy-&omega;-(methylsulfanyl)pentan-1-imine	323.0973475581					C11H21N3O4S2			plantcyc <https://plantcyc.org/>		323.0973475581	CSCCCCC(\SC[C@H]([NH3+])C(=O)NCC([O-])=O)=N\O		FPKWDSJLQYQAEF-DAPVSWSBSA-N									PlantCyc/PMN local PGDB
CPD-14652	CPD-14652	(+)-5-deoxystrigol	330.1467238167					C19H22O5			plantcyc <https://plantcyc.org/>		330.1467238167	CC1(\C(=O)O[C@H](\C=1)O/C=C2([C@@H]3([C@H](OC(=O)2)C4([C@@](C)(C)CCCC(C3)=4))))		QXTUQXRFEBHUBA-DYLOANJQSA-N									PlantCyc/PMN local PGDB
GAMMA-GLUTAMYL-PUTRESCINE	GAMMA-GLUTAMYL-PUTRESCINE	gamma-glutamyl-L-putrescine	217.1426414918					C9H20N3O3			plantcyc <https://plantcyc.org/>	gamma-L glutamylputrescine // gamma-Glu-Put // gamma-glutamylputrescine	217.1426414918	C([NH3+])CCCNC(=O)CC[C@H]([NH3+])C(=O)[O-]		WKGTVHGVLRCTCF-ZETCQYMHSA-O									PlantCyc/PMN local PGDB
CPD-674	CPD-674	trans -cinnamate	148.052429501					C9H7O2			plantcyc <https://plantcyc.org/>	beta-phenylacrylic acid // ( E )-3-phenyl-2-prop -2-enoic acid // cinnamic acid // cinnamate // trans -cinnamic acid // ( E )-cinnamate	148.052429501	C(=O)([O-])/C=C/C1(\C=C/C=C\C=1)		WBYWAXJHAXSJNI-VOTSOKGWSA-M									PlantCyc/PMN local PGDB
CPD-4483	CPD-4483	(2 E )-4-hydroxy-3-methylbut-2-enal	100.052429501					C5H8O2			plantcyc <https://plantcyc.org/>		100.052429501	CC(/CO)=C\C=O		BSHDRMLUCYMQOP-GORDUTHDSA-N									PlantCyc/PMN local PGDB
PYRIDOXINE-5P	PYRIDOXINE-5P	pyridoxine 5'-phosphate	249.040223633					C8H10NO6P			plantcyc <https://plantcyc.org/>	pyridoxol 5'-phosphate // pyridoxine 5-phosphate // pyridoxine phosphate // pyridoxine-5P // pyridoxine-P // [5-hydroxy-4-(hydroxymethyl)-6-methylpyridin-3-yl]methyl phosphate	249.040223633	CC1(\C(\O)=C(C(/COP([O-])(=O)[O-])=C\N=1)\CO)		WHOMFKWHIQZTHY-UHFFFAOYSA-L									PlantCyc/PMN local PGDB
CPD-7078	CPD-7078	GDP-beta-L-gulose	605.0771528021					C16H23N5O16P2			plantcyc <https://plantcyc.org/>		605.0771528021	C([C@@H]4(O[C@H](OP(OP(=O)([O-])OC[C@H]3(O[C@@H](N1(C2(\N=C(N)/NC(=O)C(\N=C/1)=2)))[C@H](O)[C@H](O)3))(=O)[O-])[C@@H](O)[C@@H](O)[C@H](O)4))O		MVMSCBBUIHUTGJ-HVMPVDAASA-L									PlantCyc/PMN local PGDB
CPD-12393	CPD-12393	( Z )-1-(glutathion- S -yl)- N -hydroxy-&omega;-(methylsulfanyl)pentan-1-imine	452.1399406543					C16H27N4O7S2			plantcyc <https://plantcyc.org/>		452.1399406543	CSCCCCC(\SC[C@H](NC(=O)CC[C@H]([NH3+])C([O-])=O)C(=O)NCC([O-])=O)=N\O		YQUHLDHXDRTWFY-BUJFJAHTSA-M									PlantCyc/PMN local PGDB
KDO-8P	KDO-8P	3-deoxy-D- manno -octulosonate 8-phosphate	318.0351978346					C8H12O11P			plantcyc <https://plantcyc.org/>	3-deoxy-D- manno -octulosonate 8-P // 2-dehydro-3-deoxy-D-octonate 8-P // 2-dehydro-3-deoxy-D-octonate 8-phosphate // Kdo-8P	318.0351978346	C(OP([O-])(=O)[O-])[C@@H](O)[C@H]1(O[C@@](O)(C([O-])=O)C[C@H]([C@H]1O)O)		IZZNRKJLBIYBJN-HXUQBWEZSA-K									PlantCyc/PMN local PGDB
UDP-N-ACETYL-D-GLUCOSAMINE	UDP-N-ACETYL-D-GLUCOSAMINE	UDP- N -acetyl-alpha-D-glucosamine	607.081569478					C17H25N3O17P2			plantcyc <https://plantcyc.org/>	UDP-2-acetamido-2-deoxy-D-glucose // UDP-acetyl-D-glucosamine // UDP- N -acetyl-glucosamine // uridine diphosphate N -acetylglucosamine // N-[2-[[[5-[(2,4-dioxo-1H-pyrimidin-1-yl)]-3,4-dihydroxy-tetrahydrofuran-2-yl]methoxy-hydroxy-phosphinoyl]oxy-hydroxy-phosphinoyl]oxy-4,5-dihydroxy-6-(hydroxymethyl)tetrahydropyran-3-yl]acetamide // UDP-2-acetamido-2-deoxy-alpha-D-glucose // UDP- N -acetyl-D-glucosamine // UDP-alpha- N -acetyl-D-glucosamine // uridine 5'-diphospho- N --acetylglucosamine	607.081569478	CC(=O)N[C@H]3([C@@H](OP(OP(OC[C@@H]2([C@H]([C@H]([C@H](N1(\C=C/C(=O)NC1=O))O2)O)O))(=O)[O-])(=O)[O-])O[C@@H]([C@H]([C@@H]3O)O)CO)		LFTYTUAZOPRMMI-CFRASDGPSA-L									PlantCyc/PMN local PGDB
CPD-280	CPD-280	glutarate semialdehyde	116.0473441231					C5H7O3			plantcyc <https://plantcyc.org/>	5-oxopentanoate	116.0473441231	C(CCCC(=O)[O-])=O		VBKPPDYGFUZOAJ-UHFFFAOYSA-M									PlantCyc/PMN local PGDB
CPD-23238	CPD-23238	3-oxochol-4-en-24-oate	372.2664450219					C24H35O3			plantcyc <https://plantcyc.org/>		372.2664450219	C[C@H](CCC(=O)[O-])[C@H]3(CC[C@H]4([C@@H]2(CCC1(\[C@@](CCC(=O)\C=1)(C)[C@H]2CC[C@](C)34))))		WCFIGQHNBJXROP-IHMUCKAYSA-M									PlantCyc/PMN local PGDB
CPD-7014	CPD-7014	chlorophyllide b	628.2172266806					C35H30N4O6MG			plantcyc <https://plantcyc.org/>		628.2172266806	C=CC4(\C(/C)=C5(\C=C7([C@@H](C)[C@H](CCC(=O)[O-])C(\C6(/[C@@H-](C(OC)=O)C(=O)C1(\C(\N2([Mg]N(C(/C=C3(C(/C=O)=C(CC)\C(/C=C(C(\C)=1)\2)=N3))=4)5))=6)))=N7)))											PlantCyc/PMN local PGDB
CPD-9610	CPD-9610	all- trans -decaprenyl diphosphate	858.5692280711					C50H81O7P2			plantcyc <https://plantcyc.org/>		858.5692280711	CC(C)=CCCC(\C)=C/CCC(\C)=C/CCC(\C)=C/CCC(\C)=C/CCC(\C)=C/CCC(\C)=C/CCC(\C)=C/CCC(\C)=C/CCC(\C)=C/COP(=O)([O-])OP(=O)([O-])[O-]		FSCYHDCTHRVSKN-CMVHWAPMSA-K									PlantCyc/PMN local PGDB
CPD-2043	CPD-2043	(2S)-flavanone	224.0837296294					C15H12O2			plantcyc <https://plantcyc.org/>		224.0837296294	C3(\C=C/C(/[C@@H]1(CC(=O)C2(\C(\O1)=C/C=C\C=2)))=C\C=3)		ZONYXWQDUYMKFB-HNNXBMFYSA-N									PlantCyc/PMN local PGDB
GLUTAMATE-1-SEMIALDEHYDE	GLUTAMATE-1-SEMIALDEHYDE	(S)-4-amino-5-oxopentanoate	131.0582431604					C5H9NO3			plantcyc <https://plantcyc.org/>	L-glutamate 1-semialdehyde	131.0582431604	C([C@H](CCC([O-])=O)[NH3+])=O		MPUUQNGXJSEWTF-BYPYZUCNSA-N									PlantCyc/PMN local PGDB
CPD-577	CPD-577	cyclohexane-1-carbonyl-CoA	877.1883733087					C28H42N7O17P3S			plantcyc <https://plantcyc.org/>	cyclohexylcarbonyl-CoA // cyclohexane-1-carboxyl-CoA	877.1883733087	CC(C)([C@@H](O)C(=O)NCCC(=O)NCCSC(=O)C1(CCCCC1))COP(=O)(OP(=O)(OC[C@@H]2([C@@H](OP([O-])(=O)[O-])[C@@H](O)[C@@H](O2)N3(C4(\N=C/N=C(C(\N=C/3)=4)/N))))[O-])[O-]		QRSKGVRHSLILFG-TYHXJLICSA-J									PlantCyc/PMN local PGDB
CPD-19760	CPD-19760	2-(glutathion-S-yl)-hydroquinone	415.1049353565					C16H20N3O8S			plantcyc <https://plantcyc.org/>	GS-hydroquinone // GS-HQ	415.1049353565	C(SC1(\C(\O)=C/C=C(/C=1)/O))[C@@H](C(NCC([O-])=O)=O)NC(=O)CC[C@H]([NH3+])C([O-])=O		PBSYQNUIZQXWAE-UWVGGRQHSA-M									PlantCyc/PMN local PGDB
CPD-6955	CPD-6955	4-coumaroyltriacetate lactone	272.0684734957					C15H11O5			plantcyc <https://plantcyc.org/>	p-coumaroyltriacetate lactone // 4-coumaroyltriacetic acid lactone // p-coumaroyltriacetic acid lactone	272.0684734957	C2(/C=C(\C=C/C(/C=C/C(=O)CC1(\OC(=O)/C=C(\C=1)/[O-]))=2)/O)		ZUILKEWVWUKSAO-ZZXKWVIFSA-M									PlantCyc/PMN local PGDB
PAPS	PAPS	3'-phosphoadenylyl-sulfate	506.9862293048					C10H11N5O13P2S			plantcyc <https://plantcyc.org/>	phosphoadenosine-5'-phosphosulfate // phosphoadenosine phosphosulfate // 3'-phosphoadenosine-5'-phosphosulfate // 3'-phosphoadenylyl sulfate // 3'-phospho-5'-adenylyl sulfate	506.9862293048	C(OP(=O)([O-])OS(=O)([O-])=O)[C@H]3(O[C@@H](N1(C2(\C(\N=C/1)=C(N)/N=C\N=2)))[C@H](O)[C@H](OP([O-])(=O)[O-])3)		GACDQMDRPRGCTN-KQYNXXCUSA-J									PlantCyc/PMN local PGDB
CPD-7090	CPD-7090	delphinidin	303.0504777078					C15H9O7			plantcyc <https://plantcyc.org/>	delfinidin	303.0504777078	C3(/C(/O)=C(C(/O)=C\C(\C1(C(/[O-])=C\C2(\C(\[O+]=1)=C/C(/O)=C\C(\[O-])=2)))=3)/O)		JKHRCGUTYDNCLE-UHFFFAOYSA-M									PlantCyc/PMN local PGDB
2-KETO-3-METHYL-VALERATE	2-KETO-3-METHYL-VALERATE	(3 S )-3-methyl-2-oxopentanoate	130.0629941873					C6H9O3			plantcyc <https://plantcyc.org/>	( S )-3-methyl-2-oxopentanoate // alpha-keto-methylvalerate // 2-oxo-3-methylvalerate // ( S )-2-oxo-3-methylpentanoate // ( S )-3-methyl-2-oxovalerate // 2-oxo-3-methylpentanoate // 3-methyl-2-oxopentanoate // alpha-keto-beta-methyl-valerate // 2-keto-3-methyl-valerate // 2-keto-isoleucine	130.0629941873	CC[C@H](C)C(=O)C([O-])=O		JVQYSWDUAOAHFM-BYPYZUCNSA-M									PlantCyc/PMN local PGDB
CPD-23965	CPD-23965	11beta-hydroxytestosterone	304.2038447651					C19H28O3			plantcyc <https://plantcyc.org/>	11OHT	304.2038447651	C[C@@]34([C@H]2([C@H]([C@H]1([C@@](C)([C@@H](O)CC1)C[C@H](O)2))CCC/3=C\C(=O)CC4))		YQDZGFAYWGWSJK-SLMGBJJTSA-N									PlantCyc/PMN local PGDB
CPD-19491	CPD-19491	3-carboxy-6-(methylsulfanyl)-2-oxohexanoate	220.0405441857					C8H10O5S			plantcyc <https://plantcyc.org/>	3-carboxy-6-(methylthio)-2-oxohexanoate	220.0405441857	C(C(CCCSC)C(=O)C(=O)[O-])(=O)[O-]		WRGKTDWHJSBCJR-UHFFFAOYSA-L									PlantCyc/PMN local PGDB
CPD-4585	CPD-4585	zaragozic acid C	754.3200563144					C40H47O14			plantcyc <https://plantcyc.org/>		754.3200563144	CC(/C=C/CCC(O[C@H]3([C@]1(O[C@@](O[C@@H]([C@@]1(O)C(=O)[O-])C([O-])=O)(CCCC(OC(=O)C)C(C)CC2(\C=C/C=C\C=2))[C@@H]3O)C(=O)[O-]))=O)CCCC4(\C=C/C=C\C=4)		KQMNJFMTGHRJHM-OTUZZISOSA-K									PlantCyc/PMN local PGDB
CPD-12213	CPD-12213	tricaffeoyl spermidine	631.2529798022					C34H37N3O9			plantcyc <https://plantcyc.org/>	N 1 ,N 5 ,N 10 -tricaffeoyl spermidine	631.2529798022	C(NC(/C=C/C1(\C=C/C(/O)=C(C=1)/O))=O)CCN(C(/C=C/C2(\C=C/C(/O)=C(C=2)/O))=O)CCCCNC(=O)/C=C/C3(\C=C/C(/O)=C(C=3)/O)		ZKNHGZHOGBDPIA-ZOWBABNGSA-N									PlantCyc/PMN local PGDB
CPD1F-86	CPD1F-86	gibberellin A 17	378.1678531893					C20H23O7			plantcyc <https://plantcyc.org/>		378.1678531893	C=C1([C@@]2(O)(C[C@]3(C1)([C@H]([C@@H]4([C@@](C)(CCC[C@@](C([O-])=O)([C@@H](CC2)3)4)C([O-])=O))C([O-])=O)))		AUKMHZZVLPQAOX-CDNFTCFOSA-K									PlantCyc/PMN local PGDB
3-METHYLTHIOPROPYL-DESULFO-GLUCOSINOLATE	3-METHYLTHIOPROPYL-DESULFO-GLUCOSINOLATE	3-(methylsulfanyl)propyl-desulfoglucosinolate	327.0810287919					C11H21NO6S2			plantcyc <https://plantcyc.org/>	3-(methylthio)propyl-desulfoglucosinolate	327.0810287919	CSCCCC(\S[C@@H]1(O[C@H](CO)[C@@H](O)[C@H](O)[C@@H](O)1))=N\O		OYTRJEKRRFSKHF-IIPHORNXSA-N									PlantCyc/PMN local PGDB
CPD-9305	CPD-9305	( Z )-propanethial oxide	92.0295855689					C3H6OS			plantcyc <https://plantcyc.org/>	lachrymatory factor	92.0295855689	CCC=[S+][O-]		BAZSXBOAXJLRNH-UHFFFAOYSA-N									PlantCyc/PMN local PGDB
CPD-253	CPD-253	4,5- seco -dopa	229.0586370909					C9H10NO6			plantcyc <https://plantcyc.org/>	4-(L-alanin-3-yl)-2-hydroxy-cis,cis-muconate 6-semialdehyde	229.0586370909	C(=O)\C=C(C[C@H]([NH3+])C(=O)[O-])/C=C(C([O-])=O)/O		FNEGJFDTWWXQES-QTWONPPNSA-M									PlantCyc/PMN local PGDB
CPD0-1158	CPD0-1158	(3 E ,5 Z )-tetradeca-3,5-dienoyl-CoA	973.2822736939					C35H54N7O17P3S			plantcyc <https://plantcyc.org/>	3- trans ,5- cis -tetradecadienoyl-CoA	973.2822736939	CCCCCCCC\C=C/C=C/CC(SCCNC(=O)CCNC(=O)[C@H](O)C(C)(C)COP(=O)(OP(=O)(OC[C@@H]1([C@@H](OP([O-])(=O)[O-])[C@@H](O)[C@@H](O1)N2(C3(\N=C/N=C(C(\N=C/2)=3)/N))))[O-])[O-])=O		QADUDNMSWUFMGZ-ROGIYNEGSA-J									PlantCyc/PMN local PGDB
CPD-26252	CPD-26252	deacetyl-cucurbitacin C	518.3243538313					C30H46O7			plantcyc <https://plantcyc.org/>		518.3243538313	CC(C)(O)/C=C/C([C@](C)(O)[C@H]1([C@H](O)C[C@]4(C)([C@@](C)1CC(=O)[C@@]3(CO)([C@H]2(C(/C(C)(C)[C@@H](O)CC2)=C\C[C@H]34)))))=O		NUFIOTUSJMDQNJ-WCEPEJTKSA-N									PlantCyc/PMN local PGDB
CPD-8979	CPD-8979	succinamate	117.0425930962					C4H6NO3			plantcyc <https://plantcyc.org/>	succanimic acid // succanimate // succinamic acid	117.0425930962	C(CCC([O-])=O)(N)=O		JDVPQXZIJDEHAN-UHFFFAOYSA-M									PlantCyc/PMN local PGDB
CPD-12541	CPD-12541	N -acetyl-alpha-D-glucosamine	221.0899372193					C8H15NO6			plantcyc <https://plantcyc.org/>		221.0899372193	CC(=O)N[C@H]1([C@@H](O)O[C@H](CO)[C@@H](O)[C@H](O)1)		OVRNDRQMDRJTHS-PVFLNQBWSA-N									PlantCyc/PMN local PGDB
CPD-10507	CPD-10507	4-(indol-3-yl)butanoate	203.0946286667					C12H12NO2			plantcyc <https://plantcyc.org/>	gamma-(indol-3-yl)butyric acid // beta-indolylbutyric acid // 3-indolebutyric acid // 3-indolyl-gamma-butyric acid // indole-3-butanoate // 4-(indol-3-yl)butyric acid // indole-3-butyric acid // IBA // indolebutyric acid // indole-3-butyrate	203.0946286667	C1(\C=C/C2(/N\C=C(CCCC([O-])=O)/C(\C=1)=2))		JTEDVYBZBROSJT-UHFFFAOYSA-M									PlantCyc/PMN local PGDB
CPD-12663	CPD-12663	2,5-dihydroxybenzoate 2-O-beta-D-glucoside	316.0794321125					C13H15O9			plantcyc <https://plantcyc.org/>	2,5-dihydroxybenzoic acid 2-O-beta-D-glucoside // DHB2G // 5-hydroxy-2-[3,4,5-trihydroxy-6-(hydroxymethyl)oxan-2-yl]oxybenzoate // 2-(beta-D-glucopyranosyloxy)-5-hydroxy-benzoic acid	316.0794321125	C(O)[C@H]2(O[C@@H](OC1(/C=C\C(\O)=C/C(/C([O-])=O)=1))[C@H](O)[C@@H](O)[C@H](O)2)		GEZJVEGHJRPQEX-BZNQNGANSA-M									PlantCyc/PMN local PGDB
CPD-8160	CPD-8160	1-18:1-2-16:0-digalactosyldiacylglycerol	918.6279722205					C49H90O15			plantcyc <https://plantcyc.org/>	18:1-16:0-DGDG	918.6279722205	C(O)C1(OC(C(O)C(O)C1O)OC2(C(CO)OC(C(O)C2O)OC(COC([R1])=O)COC([R2])=O))		URPVRQMPLAUDPR-KTIOJHCCSA-N									PlantCyc/PMN local PGDB
CPD0-1898	CPD0-1898	UDP-alpha-D-fucopyranose	550.0601057544					C15H22N2O16P2			plantcyc <https://plantcyc.org/>	UDP-6-deoxy-alpha-D-galactose	550.0601057544	C[C@@H]3([C@H](O)[C@H](O)[C@@H](O)[C@@H](OP(OP(OC[C@@H]2([C@H]([C@H]([C@H](N1(\C=C/C(=O)NC1=O))O2)O)O))(=O)[O-])(=O)[O-])O3)		DRDCJEIZVLVWNC-ABVWGUQPSA-L									PlantCyc/PMN local PGDB
CPDQT-285	CPDQT-285	5-(methylsulfanyl)pentyl-desulfoglucosinolate	355.1123289203					C13H25NO6S2			plantcyc <https://plantcyc.org/>	5-(methylthio)pentyl-desulfoglucosinolate	355.1123289203	CSCCCCCC(\S[C@@H]1(O[C@H](CO)[C@@H](O)[C@H](O)[C@@H](O)1))=N\O		HKIBRYCZLMJRFT-CBEPRAPJSA-N									PlantCyc/PMN local PGDB
CPD-21340	CPD-21340	all-trans -nonaprenyl diphosphate	790.5066278143					C45H73O7P2			plantcyc <https://plantcyc.org/>	(hydroxy-(3,7,11,15,19,23,27,31,35-nonamethylhexatriaconta-2,6,10,14,18,22,26,30,34-nonaenoxy)phosphinoyl)oxyphosphonic acid // solanyl pyrophosphate // all- trans -nonaprenyl diphosphate // solanesyl pyrophosphate // solanesyl diphosphate	790.5066278143	CC(C)=CCCC(\C)=C/CCC(\C)=C/CCC(\C)=C/CCC(\C)=C/CCC(\C)=C/CCC(\C)=C/CCC(\C)=C/CCC(\C)=C/COP(OP(=O)([O-])[O-])(=O)[O-]		IVLBHBFTRNVIAP-MEGGAXOGSA-K									PlantCyc/PMN local PGDB
R-4-PHOSPHOPANTOTHENOYL-L-CYSTEINE	R-4-PHOSPHOPANTOTHENOYL-L-CYSTEINE	(R)-4'-phosphopantothenoyl-L-cysteine	402.0861875476					C12H20N2O9PS			plantcyc <https://plantcyc.org/>	(R)-4'-phospho-N-pantothenoyl-L-cysteine // 4-P-N-pantothenoylcysteine // 4'-P-N-pantothenoylcysteine // N-((R)-4-phosphopantothenoyl)-L-cysteine // 4'-phosphopantothenoylcysteine // 4'-phospho-N-pantothenoylcysteine // N-[(R)-4'-phosphopantothenoyl]-L-cysteine // PPC	402.0861875476	CC(C)(COP(=O)([O-])[O-])[C@@H](O)C(=O)NCCC(=O)N[C@@H](CS)C(=O)[O-]		XQYALQVLCNHCFT-CBAPKCEASA-K									PlantCyc/PMN local PGDB
CPD-12025	CPD-12025	Se -methyl-Se-L-methionine	213.0268005309					C6H14NO2SE			plantcyc <https://plantcyc.org/>	selenium-methyl-selenium-L-methionine // Se -Me L-selenomethionine // Se -methylseleno-L-methionine // Se -methyl Se-L-Met // Se -methyl selenomethionine // Se -methylmethionine // Se -methyl-methionine	213.0268005309	C[Se+](C)CC[C@H]([NH3+])C(=O)[O-]		QALHNGMTIIHGNI-YFKPBYRVSA-O									PlantCyc/PMN local PGDB
ADP-D-GLUCOSE	ADP-D-GLUCOSE	ADP-alpha-D-glucose	589.08223818					C16H23N5O15P2			plantcyc <https://plantcyc.org/>	adenosine diphosphate glucose // ADP-glucose // ADP-D-glucose // adenosine-5'-diphosphoglucose	589.08223818	C([C@@H]1([C@H]([C@@H]([C@H]([C@H](O1)OP(OP(OC[C@H]4(O[C@@H](N2(C3(\C(\N=C/2)=C(N)/N=C\N=3)))[C@H](O)[C@H](O)4))(=O)[O-])(=O)[O-])O)O)O))O		WFPZSXYXPSUOPY-ROYWQJLOSA-L									PlantCyc/PMN local PGDB
CPD-10893	CPD-10893	quercetin 3,4',7-trisulfate	541.9130963446					C15H7O16S3			plantcyc <https://plantcyc.org/>	quercetin 3,7,4'-trisulfate	541.9130963446	C3(/C=C(C(/O)=C\C(\C1(\OC2(/C=C(/C=C(C(\C(=O)C(/OS(=O)(=O)[O-])=1)=2)/O)/OS(=O)(=O)[O-])))=3)/OS(=O)(=O)[O-])		OHGDJKUWKHBWFH-UHFFFAOYSA-K									PlantCyc/PMN local PGDB
CPD-15566	CPD-15566	(2E,4E)-tetradeca-2,4-dienoyl-CoA	973.2822736939					C35H54N7O17P3S			plantcyc <https://plantcyc.org/>	2- trans ,4- trans -tetradecadienoyl-CoA	973.2822736939	CCCCCCCCC/C=C/C=C/C(SCCNC(=O)CCNC(=O)[C@H](O)C(C)(C)COP(=O)(OP(=O)(OC[C@@H]1([C@@H](OP([O-])(=O)[O-])[C@@H](O)[C@@H](O1)N2(C3(\N=C/N=C(C(\N=C/2)=3)/N))))[O-])[O-])=O		ULOGSHZMDLRQRY-INBGBNCRSA-J									PlantCyc/PMN local PGDB
CPD-21438	CPD-21438	30-hydroxyobtusifoliol	442.3810808492					C30H50O2			plantcyc <https://plantcyc.org/>		442.3810808492	CC(C)C(CC[C@@H](C)[C@H]2(CC[C@@]3(CO)(C4(\CC[C@H]1([C@H](C)[C@@H](O)CC[C@@](C)1C(\CC[C@](C)23)=4)))))=C		NLRBCQBDLKXHQX-OKTBDYBISA-N									PlantCyc/PMN local PGDB
CPD-5845	CPD-5845	3beta-hydroxy-4beta-methyl-5alpha-cholest-7-ene-4alpha-carbaldehyde	428.365430785					C29H48O2			plantcyc <https://plantcyc.org/>		428.365430785	CC(C)CCC[C@@H](C)[C@H]4(CC[C@@H]1([C@](C)(CC[C@H]3(C1=CC[C@H]2([C@@](C=O)(C)[C@H](CC[C@@](C)23)O)))4))		HCOOTBJPHHNRCV-AQTSNUJDSA-N									PlantCyc/PMN local PGDB
CPD-16497	CPD-16497	3-oxo-palmitate	270.2194948293					C16H29O3			plantcyc <https://plantcyc.org/>	3-oxohexadecanoic acid // 3-keto palmitic acid // 3-ketopalmitate // 3-oxo-hexdecanoate	270.2194948293	CCCCCCCCCCCCCC(=O)CC(=O)[O-]		ASICPMTWQSESKX-UHFFFAOYSA-M									PlantCyc/PMN local PGDB
P-AMINO-BENZOATE	P-AMINO-BENZOATE	4-aminobenzoate	137.0476784741					C7H6NO2			plantcyc <https://plantcyc.org/>	para-aminobenzoic acid // p-aminobenzoic acid // para-aminobenzoate // p -aminobenzoate // 4-aminobenzoic acid // pABA	137.0476784741	C(=O)([O-])C1(\C=C/C(/N)=C\C=1)		ALYNCZNDIQEVRV-UHFFFAOYSA-M									PlantCyc/PMN local PGDB
CPD0-1661	CPD0-1661	alpha-monofluoromethylagmatine	162.1280747023					C6H15N4F			plantcyc <https://plantcyc.org/>	FMA	162.1280747023	C(NC(N)=N)CCC(CF)N		SUJCPTTWZVYXRT-UHFFFAOYSA-N									PlantCyc/PMN local PGDB
CPD-12588	CPD-12588	norsolorinate anthrone	356.1259883746					C20H18O6			plantcyc <https://plantcyc.org/>	norsolorinic acid anthrone // noranthrone // 3-hexanoyl-4,5-dihydroxy-10-oxo-9,10-dihydroanthracene-2,7-diolate	356.1259883746	CCCCCC(=O)C1(/C(/[O-])=C\C2(/CC3(/C=C(/C=C(C(/C(=O)C(\C(\O)=1)=2)=3)/O)/[O-])))		CIFXLTLZYCPTJK-UHFFFAOYSA-L									PlantCyc/PMN local PGDB
GUAZATINE	GUAZATINE	guazatine	355.3423443525					C18H44N7			plantcyc <https://plantcyc.org/>		355.3423443525	C(CCCCCCCNC(N)=[NH2+])[NH2+]CCCCCCCCNC(N)=[NH2+]		RONFGUROBZGJKP-UHFFFAOYSA-Q									PlantCyc/PMN local PGDB
DELTA1-PIPERIDEINE-2-6-DICARBOXYLATE	DELTA1-PIPERIDEINE-2-6-DICARBOXYLATE	( S )-2,3,4,5-tetrahydrodipicolinate	171.0531577825					C7H7NO4			plantcyc <https://plantcyc.org/>	2,3,4,5-tetrahydrodipicolinate // ( S )-2,3,4,5-tetrahydropyridine-2,6-dicarboxylate // &Delta; 1 -piperideine-2,6-dicarboxylate // tetrahydrodipicolinate // tetrahydropyridine-2,6-dicarboxylate // L-2,3,4,5-tetrahydrodipicolinate	171.0531577825	C1(CC(/C([O-])=O)=N\[C@@H](C1)C([O-])=O)		CXMBCXQHOXUCEO-BYPYZUCNSA-L									PlantCyc/PMN local PGDB
CPD-12634	CPD-12634	(glutathion- S -yl)(1 H -indol-3-yl)acetonitrile	461.1369041869					C20H22N5O6S			plantcyc <https://plantcyc.org/>	gammaGluCys(IAN)Gly // IAN-glutathione conjugate	461.1369041869	C1(/NC2(/C=C\C=C/C(/C(/C(SC[C@@H](C(NCC([O-])=O)=O)NC(=O)CC[C@H]([NH3+])C([O-])=O)C#N)=1)=2))		IYKWLNJKMRZQJG-JFXOEICMSA-M									PlantCyc/PMN local PGDB
CPD-12665	CPD-12665	2,5-dihydroxybenzoate 5-O-beta-D-glucoside	316.0794321125					C13H15O9			plantcyc <https://plantcyc.org/>	2,5-dihydroxybenzoic acid 5-O-beta-D-glucoside // DHB5G // 2-(beta-D-glucopyranosyloxy)-5-hydroxy-benzoic acid	316.0794321125	C(O)[C@H]2(O[C@@H](OC1(\C=C(C(/O)=C\C=1)\C(=O)[O-]))[C@H](O)[C@@H](O)[C@H](O)2)		CBTFERBMQQAROP-BZNQNGANSA-M									PlantCyc/PMN local PGDB
CPD-7279	CPD-7279	2- cis ,4- trans -xanthoxin	250.1568945725					C15H22O3			plantcyc <https://plantcyc.org/>	xanthoxin	250.1568945725	CC(\C=C\[C@@]12(C(C)(C)C[C@@H](C[C@@]1(C)O2)O))=C\C=O		ZTALKMXOHWQNIA-TVBSHJCBSA-N									PlantCyc/PMN local PGDB
L-GLUTAMATE-5-P	L-GLUTAMATE-5-P	gamma-L-glutamyl 5-phosphate	227.0194881909					C5H8NO7P			plantcyc <https://plantcyc.org/>	L-glutamate 5-phosphate // gamma-L-glutamyl-5-P	227.0194881909	C(CC[C@@H](C(=O)[O-])[NH3+])(OP([O-])(=O)[O-])=O		PJRXVIJAERNUIP-VKHMYHEASA-L									PlantCyc/PMN local PGDB
CPD-17421	CPD-17421	6-hydroxyteasterone	450.3709100934					C28H50O4			plantcyc <https://plantcyc.org/>		450.3709100934	CC(C)[C@H](C)[C@@H](O)[C@H](O)[C@@H](C)[C@H]3(CC[C@H]4([C@@H]2(C[C@H](O)[C@H]1(C[C@@H](O)CC[C@@](C)1[C@H]2CC[C@](C)34))))		QQPPQQNYVDYNAA-QJZSHHPBSA-N									PlantCyc/PMN local PGDB
CPD-13851	CPD-13851	2-hydroxy-dATP	506.9957451569					C10H12N5O13P3			plantcyc <https://plantcyc.org/>	2-hydroxy-2'-deoxyadenosine 5'-triphosphate // 2'-deoxyisoguanosine triphosphate	506.9957451569	C(OP(=O)([O-])OP(=O)([O-])OP(=O)([O-])[O-])[C@H]3(O[C@@H](N1(C2(/N=C(/N=C(C(\N=C/1)=2)/N)/O)))C[C@H](O)3)		UOACBPRDWRDEHJ-KVQBGUIXSA-J									PlantCyc/PMN local PGDB
CPD-18085	CPD-18085	1,2-dihydro-beta-NADP	745.0911021051					C21H26N7O17P3			plantcyc <https://plantcyc.org/>	2-dihydro-nicotinamide adenine dinucleotide phosphate // 2DHNADP	745.0911021051	C1(\N(CC(/C(=O)N)=C\C=1)[C@@H]2(O[C@@H]([C@H]([C@H]2O)O)COP(OP(OC[C@H]5(O[C@@H](N3(C4(\C(\N=C/3)=C(N)/N=C\N=4)))C(OP([O-])(=O)[O-])[C@H](O)5))(=O)[O-])(=O)[O-]))		SNZSFAQYVLPEBZ-FUXVTKQXSA-J									PlantCyc/PMN local PGDB
CPD-13027	CPD-13027	N 2 ,N 2 -dihydroxy-L-tryptophan	236.079706884					C11H11N2O4			plantcyc <https://plantcyc.org/>		236.079706884	C1(\NC2(/C=C\C=C/C(/C(\C[C@H](N(O)O)C(=O)[O-])=1)=2))		FKJQZUQEYSGYFZ-JTQLQIEISA-M									PlantCyc/PMN local PGDB
CPD-9567	CPD-9567	N -beta-D-glucosyl-(indol-3-yl)acetate	337.1161519698					C16H18NO7			plantcyc <https://plantcyc.org/>	IAA-N-glucose // N-beta-D-glucopyranosyl IAA // N-beta-D-glucopyranosol IAA // IAA-N-beta-D-glucose // N-beta-D-glucopyranosyl indole-3-acetate	337.1161519698	C(O)[C@H]3(O[C@@H](N1(\C=C(CC([O-])=O)/C2(\C=C/C=C\C/1=2)))[C@H](O)[C@@H](O)[C@H](O)3)		MVSQEPAOMLRIRW-YMILTQATSA-M									PlantCyc/PMN local PGDB
CPD-501	CPD-501	alpha-D-galacturonate 1-phosphate	274.0089830841					C6H8O10P			plantcyc <https://plantcyc.org/>	1-phospho-alpha-D-galacturonate // D-galacturonate-1-P // galacturonate-1-phosphate // galacturonate-1-P // D-galacturonate 1-phosphate	274.0089830841	C(=O)([O-])[C@H]1(O[C@@H]([C@@H]([C@H]([C@H]1O)O)O)OP([O-])([O-])=O)		AIQDYKMWENWVQJ-DTEWXJGMSA-K									PlantCyc/PMN local PGDB
CPD-412	CPD-412	trans -5-O-(4-coumaroyl)shikimate	320.0896028683					C16H15O7			plantcyc <https://plantcyc.org/>	4-coumaroylshikimate // trans-(p-coumaroyl)-shikimate	320.0896028683	C(O[C@H]1([C@H](O)[C@H](O)/C=C(C1)/C([O-])=O))(=O)/C=C/C2(\C=C/C(/O)=C\C=2)		GVECSFFLZYNEBO-PDXJTRCTSA-M									PlantCyc/PMN local PGDB
DIHYDRONEOPTERIN-P3	DIHYDRONEOPTERIN-P3	7,8-dihydroneopterin 3'-triphosphate	494.9957451569					C9H12N5O13P3			plantcyc <https://plantcyc.org/>	6-(L-erythro-1,2-dihydroxypropyl 3-triphosphate)-7,8-dihydropterin // 6-[(1S,2R)-1,2-dihydroxy-3-triphosphooxypropyl]-7,8-dihydropterin // 6-(D- erythro -1',2',3'-trihydroxypropyl)-7,8-dihydropterin-3'-triphosphate // 2-amino-4-hydroxy-6-( erythro -1,2,3-trihydroxypropyl)dihydropteridine triphosphate // dihydroneopterin triphosphate // H 2 NTP // 7,8-dihydroneopterin triphosphate	494.9957451569	C1(NC2(/N=C(N)\NC(=O)C(/N=C1/[C@H](O)[C@H](O)COP([O-])(=O)OP([O-])(=O)OP([O-])(=O)[O-])=2))		DGGUVLXVLHAAGT-XINAWCOVSA-J									PlantCyc/PMN local PGDB
CPD-12831	CPD-12831	phylloquinol	452.365430785					C31H48O2			plantcyc <https://plantcyc.org/>	2-methyl-3-phytyl-1,4-naphthoquinol // vitamin K1	452.365430785	CC(C)CCC[C@@H](C)CCC[C@@H](C)CCCC(\C)=C/CC1(/C(\C)=C(C2(/C=C\C=C/C(/C(/O)=1)=2))/O)		BUFJIHPUGZHTHL-NKFFZRIASA-N									PlantCyc/PMN local PGDB
CPDMETA-13651	CPDMETA-13651	perakine	350.1630425829					C21H22N2O3			plantcyc <https://plantcyc.org/>	raucaffrine // (17 R ,20alpha,21beta)-1,2-didehydro-1-demethyl-17-(acetyloxy)-21-methyl-18-norajmalan-19-al	350.1630425829	C[C@H]3([C@H](C=O)[C@@H]2(C4([C@@H](OC(=O)C)C15(C6(\C(\N=C1\[C@H](C2)N3[C@H]4C5)=C/C=C\C=6)))))		GDXJMOGWONJRHL-GIELRJASSA-N									PlantCyc/PMN local PGDB
D-MYO-INOSITOL-4-PHOSPHATE	D-MYO-INOSITOL-4-PHOSPHATE	1D- myo -inositol 4-monophosphate	260.0297185262					C6H11O9P			plantcyc <https://plantcyc.org/>	D- myo -inositol 4-phosphate // D- myo -inositol 4-monophosphate // inositol 4-phosphate // Ins(4)P 1 // Ins4P	260.0297185262	[C@@H]1(O)([C@H](O)[C@@H](O)[C@H](OP(=O)([O-])[O-])[C@@H](O)[C@@H](O)1)		INAPMGSXUVUWAF-CNWJWELYSA-L									PlantCyc/PMN local PGDB
CPD-568	CPD-568	N 1 -acetylspermidine	187.1684623118					C9H23N3O			plantcyc <https://plantcyc.org/>	an N -acetylspermidine	187.1684623118	CC(=O)NCCC[NH2+]CCCC[NH3+]		MQTAVJHICJWXBR-UHFFFAOYSA-P									PlantCyc/PMN local PGDB
CPD-13575	CPD-13575	2-[(2 R ,5 Z )-2-carboxy-4-methylthiazol-5(2 H )-ylidene]ethyl phosphate	266.9966442588					C7H7NO6PS			plantcyc <https://plantcyc.org/>	cThz*-P // thiazole tautomer // ( R,Z )-2-(2-carboxy-4-methylthiazol-5(2 H )-ylidene)ethyl phosphate	266.9966442588	CC1(\C(\S[C@H](C([O-])=O)\N=1)=C/COP(=O)([O-])[O-])		PQMCQNOVNFNPFJ-AOPYWJJESA-K									PlantCyc/PMN local PGDB
CPD-17866	CPD-17866	S -sulfinatoglutathione	371.0457059181					C10H15N3O8S2			plantcyc <https://plantcyc.org/>	GSSO2-	371.0457059181	C(SS([O-])=O)[C@@H](C(NCC([O-])=O)=O)NC(=O)CC[C@H]([NH3+])C([O-])=O		QUBUTNSZZFICHL-WDSKDSINSA-L									PlantCyc/PMN local PGDB
ISOVALERATE	ISOVALERATE	3-methylbutanoate	102.0680795652					C5H9O2			plantcyc <https://plantcyc.org/>	isovalerate // 3-methylbutyrate	102.0680795652	CC(C)CC(=O)[O-]		GWYFCOCPABKNJV-UHFFFAOYSA-M									PlantCyc/PMN local PGDB
CPD-19479	CPD-19479	2-[(2'-methylsulfanyl)pentyl]maleate	232.076929692					C10H14O4S			plantcyc <https://plantcyc.org/>	2-[(2'-methylthio)pentyl]maleate	232.076929692	CSCCCCCC(\C(=O)[O-])=C\C([O-])=O		FHIODBUYVWQUDO-FPLPWBNLSA-L									PlantCyc/PMN local PGDB
CPD-26024	CPD-26024	N -(1-deoxy-D-fructos-1-yl)-L-asparagine	294.106315565					C10H18N2O8			plantcyc <https://plantcyc.org/>	fructosylasparagine // fructose-L-asparagine // D-fructose-L-asparagine	294.106315565	C([C@@]1(O)(OC[C@@H](O)[C@@H](O)[C@H](O)1))[NH2+][C@@H](CC(N)=O)C(=O)[O-]		AOBQWGHMIKNEHI-PBYSEVBRSA-N									PlantCyc/PMN local PGDB
CPD-12912	CPD-12912	(24 Z )-4alpha-formyl-stigmasta-7,24(24 1 )-dien-3beta-ol	440.365430785					C30H48O2			plantcyc <https://plantcyc.org/>		440.365430785	C\C=C(CC[C@@H](C)[C@H]3(CC[C@H]4(C1([C@@H]([C@@]2(C)(CC[C@H](O)[C@@H](C=O)[C@H](CC=1)2))CC[C@](C)34))))/C(C)C		YTPAERFJSRKUSQ-BBJFWFDQSA-N									PlantCyc/PMN local PGDB
CPD-4141	CPD-4141	24-methyldesmosterol	398.3548660987					C28H46O			plantcyc <https://plantcyc.org/>		398.3548660987	CC(C)=C(C)CC[C@@H](C)[C@H]3(CC[C@H]4([C@@H]2(C\C=C1(C[C@@H](O)CC[C@@](C)1[C@H]2CC[C@](C)34))))		YTFTXKBJICNYCV-PXBBAZSNSA-N									PlantCyc/PMN local PGDB
CPD-9247	CPD-9247	cis -vaccenate	282.2558803356					C18H33O2			plantcyc <https://plantcyc.org/>	cis -vaccenic acid // (Z)-octadec-11-enoate // (Z)-11-octadecenoic acid // cis -11-octadecenoic acid // cis -octadec-11-enoic acid	282.2558803356	CCCCCC\C=C/CCCCCCCCCC(=O)[O-]		UWHZIFQPPBDJPM-FPLPWBNLSA-M									PlantCyc/PMN local PGDB
PELARGONIDIN-CMPD	PELARGONIDIN-CMPD	pelargonidin	271.0606484636					C15H9O5			plantcyc <https://plantcyc.org/>		271.0606484636	C3(\C(\C1(=[O+]C2(\C=C(/C=C(C(\C=C1\[O-])=2)/[O-])\O)))=C/C=C(\C=3)/O)		XVFMGWDSJLBXDZ-UHFFFAOYSA-M									PlantCyc/PMN local PGDB
CPD-9338	CPD-9338	( Z,E )-alpha-farnesene	204.1878007704					C15H24			plantcyc <https://plantcyc.org/>	cis-alpha-farnesene	204.1878007704	C=CC(/C)=C/C/C=C(C)/CCC=C(C)C		CXENHBSYCFFKJS-OXYODPPFSA-N									PlantCyc/PMN local PGDB
CPD-24913	CPD-24913	N -pyruvoyl-L-glutamate	217.0586370909					C8H9NO6			plantcyc <https://plantcyc.org/>		217.0586370909	CC(=O)C(N[C@@H](CCC([O-])=O)C(=O)[O-])=O		JHLSCKRPFIRSSX-YFKPBYRVSA-L									PlantCyc/PMN local PGDB
3-HYDROXY-5917-TRIOXO-45910-DISECOA	3-HYDROXY-5917-TRIOXO-45910-DISECOA	(1 E ,2 Z )-3-hydroxy-5,9,17-trioxo-4,5:9,10-disecoandrosta-1 (10),2-dien-4-oate	348.157288503					C19H23O6			plantcyc <https://plantcyc.org/>	8-[(3a-methyl-3,6-dioxo-2,3a,4,5,7,7a-hexahydro-1H-inden-7-yl)]- 2-hydroxy-5-methyl-6-oxo-octa-2,4-dienoic acid // 4,5-9,10-diseco-3-hydroxy-5,9,17-trioxoandrosta-1(10),2-diene-4-oate // 4,5-9,10-diseco-3-hydroxy-5,9,17-trioxoandrosta-1(10),2-diene-4-oic acid // 4,9-DSHA	348.157288503	CC(/C(=O)CC[C@@H]1(C(=O)CC[C@]2(C)(C(=O)CC[C@@H]12)))=C\C=C(C(=O)[O-])/O		HRJXKKSJPNWKCP-UNXDAHLPSA-M									PlantCyc/PMN local PGDB
CPD-19177	CPD-19177	1-(5'-phospho-beta-D-ribofuranosyl)barbiturate	340.0307811587					C9H11N2O10P			plantcyc <https://plantcyc.org/>		340.0307811587	C(OP(=O)([O-])[O-])[C@H]2([C@@H]([C@H]([C@H](N1(C(=O)NC(=O)CC(=O)1))O2)O)O)		AODYJUNLDJOADV-YHSFNTFWSA-L									PlantCyc/PMN local PGDB
CPD-15023	CPD-15023	kaempferol 3- O -beta- D -glucosyl-(1->2)-beta-D-glucoside-7- O -alpha-L-rhamnoside	756.211293726					C33H40O20			plantcyc <https://plantcyc.org/>	kaempferol 3- O -sophoroside-7- O -rhamnoside	756.211293726	C[C@@H]6(O[C@@H](OC5(\C=C4(C(\C(=O)C(/O[C@@H]1(O[C@@H]([C@H]([C@@H]([C@H]1O[C@H]2([C@@H]([C@H]([C@@H]([C@H](O2)CO)O)O)O))O)O)CO))=C(C3(\C=C/C(/O)=C\C=3))\O4)=C(/C=5)\O)))[C@@H]([C@@H]([C@H]6O)O)O)		VRYWDBDPXMHHGE-IAYTZLMWSA-N									PlantCyc/PMN local PGDB
SYRINGETIN	SYRINGETIN	syringetin	346.0688674262					C17H13O8			plantcyc <https://plantcyc.org/>	3',5'-dimethylmyricetin // myricetin 3',5'-dimethyl ether	346.0688674262	COC1(/C=C(/C=C(C(\O)=1)/OC)/C2(/OC3(/C=C(/C=C(C(\C(=O)C(/[O-])=2)=3)/O)/O)))		UZMAPBJVXOGOFT-UHFFFAOYSA-M									PlantCyc/PMN local PGDB
D-MYO-INOSITOL-1-MONOPHOSPHATE	D-MYO-INOSITOL-1-MONOPHOSPHATE	1D- myo -inositol 1-monophosphate	260.0297185262					C6H11O9P			plantcyc <https://plantcyc.org/>	1D- myo -inositol (1)-monophosphate // 1D-myo-Inositol 1-phosphate // D- myo -inositol (1)-monophosphate // Ins(1)P 1 // 1-D- myo -inositol-1-p // 1D- myo -inositol 1-phosphate // Ins1P	260.0297185262	[C@@H]1(O)([C@H](O)[C@@H](O)[C@H](OP([O-])(=O)[O-])[C@H](O)[C@H](O)1)		INAPMGSXUVUWAF-UOTPTPDRSA-L									PlantCyc/PMN local PGDB
3-OXO-DELTA4-DEOXYCHOLYL-COA	3-OXO-DELTA4-DEOXYCHOLYL-COA	12alpha-hydroxy-3-oxochol-4-en-24-oyl-CoA	1137.3660033233					C45H66N7O19P3S			plantcyc <https://plantcyc.org/>	3-oxo-&Delta; 4 -deoxycholyl-CoA	1137.3660033233	C[C@H](CCC(=O)SCCNC(=O)CCNC(=O)[C@H](O)C(C)(C)COP(=O)(OP(=O)(OC[C@@H]1([C@@H](OP([O-])(=O)[O-])[C@@H](O)[C@@H](O1)N2(C3(\N=C/N=C(C(\N=C/2)=3)/N))))[O-])[O-])[C@H]6(CC[C@H]7([C@@H]5(CCC4(\[C@@](CCC(=O)\C=4)(C)[C@H]5C[C@H](O)[C@](C)67))))		YHNAADKYQGFQKO-UCJRQDITSA-J									PlantCyc/PMN local PGDB
CPD-1090	CPD-1090	(-)-isopiperitenone	150.1044650715					C10H14O			plantcyc <https://plantcyc.org/>		150.1044650715	C=C([C@H]1(CCC(/C)=C/C1=O))C		SEZLYIWMVRUIKT-SECBINFHSA-N									PlantCyc/PMN local PGDB
GLYCERATE	GLYCERATE	D-glycerate	106.026608681					C3H5O4			plantcyc <https://plantcyc.org/>	( R )-glycerate // glycerate // D-glyceric acid	106.026608681	C(=O)([O-])[C@H](O)CO		RBNPOMFGQQGHHO-UWTATZPHSA-M									PlantCyc/PMN local PGDB
CPD-13518	CPD-13518	N &omega; -hydroxy-L-arginine	190.1065903365					C6H15N4O3			plantcyc <https://plantcyc.org/>	L-hydroxyarginine	190.1065903365	C(NC(NO)=[NH2+])CC[C@H]([NH3+])C([O-])=O		FQWRAVYMZULPNK-BYPYZUCNSA-O									PlantCyc/PMN local PGDB
CINNAMOYL-COA	CINNAMOYL-COA	( E )-cinnamoyl-CoA	897.1570731803					C30H38N7O17P3S			plantcyc <https://plantcyc.org/>	( E )-3-phenyl-2-prop -2-enoyl-CoA // cinnamoyl-CoA // trans -cinnamoyl-CoA	897.1570731803	CC(C)(COP(OP([O-])(OC[C@@H]1([C@@H](OP([O-])([O-])=O)[C@@H](O)[C@@H](O1)N2(C3(\N=C/N=C(C(\N=C/2)=3)/N))))=O)([O-])=O)[C@@H](O)C(=O)NCCC(=O)NCCSC(=O)/C=C/C4(\C=C/C=C\C=4)		JVNVHNHITFVWIX-KZKUDURGSA-J									PlantCyc/PMN local PGDB
CPD-27332	CPD-27332	4-(carboxyamino)butanoate	147.0531577825					C5H7NO4			plantcyc <https://plantcyc.org/>		147.0531577825	C(NC(=O)[O-])CCC(=O)[O-]		YFQWAQOGQLLCFA-UHFFFAOYSA-L									PlantCyc/PMN local PGDB
CPD-4617	CPD-4617	dihydrozeatin- O -glucoside	383.1804835611					C16H25N5O6			plantcyc <https://plantcyc.org/>		383.1804835611	C[C@@H](CCNC1(\C2(\N=C/NC(/N=C\N=1)=2)))CO[C@@H]3([C@@H]([C@H]([C@@H]([C@H](O3)CO)O)O)O)		QRZHDHJUYBONQQ-JSYMRTRDSA-N									PlantCyc/PMN local PGDB
CPD-7421	CPD-7421	alpha-cryptoxanthin	552.4331164197					C40H56O			plantcyc <https://plantcyc.org/>	beta,epsilon-caroten-3'-ol	552.4331164197	CC(/C=C/C=C(C)/C=C/C1(/[C@](C)(C)CCCC(/C)=1))=C\C=C\C=C(C)\C=C\C=C(C)\C=C\C2([C@@](C)(C)C[C@@H](\C=C(C)/2)O)		ORAKUVXRZWMARG-UDSJNADVSA-N									PlantCyc/PMN local PGDB
CPD-7013	CPD-7013	geranylgeranyl chlorophyll b	900.4676277078					C55H64N4O6MG			plantcyc <https://plantcyc.org/>		900.4676277078	C=CC4(\C(/C)=C5(\C=C7([C@@H](C)[C@H](CCC(=O)OC/C=C(C)/CC/C=C(C)/CC/C=C(C)/CCC=C(C)C)C(\C6(/[C@@H](C(OC)=O)C(=O)C1(\C(\N2([Mg]N(C(/C=C3(C(/C=O)=C(CC)\C(/C=C(C(\C)=1)\2)=N3))=4)5))=6)))=N7)))											PlantCyc/PMN local PGDB
CPD-17627	CPD-17627	10,16-dihydroxypalmitoyl-CoA	1037.3347031949					C37H62N7O19P3S			plantcyc <https://plantcyc.org/>		1037.3347031949	CC(C)([C@@H](O)C(=O)NCCC(=O)NCCSC(CCCCCCCCC(CCCCCCO)O)=O)COP(=O)(OP(=O)(OC[C@@H]1([C@@H](OP([O-])(=O)[O-])[C@@H](O)[C@@H](O1)N2(C3(\N=C/N=C(C(\N=C/2)=3)/N))))[O-])[O-]		TVGWWABLGLVNFY-QTFKDKGUSA-J									PlantCyc/PMN local PGDB
CPD-15473	CPD-15473	pilosin	330.0739528041					C17H14O7			plantcyc <https://plantcyc.org/>	4H-1-benzopyran-4-one, 5,7,8-trihydroxy-6-methoxy-2-(4-methoxyphenyl)-	330.0739528041	COC3(\C=C/C(/C1(/OC2(/C(/O)=C(C(\OC)=C(C(\C(=O)\C=1)=2)\O)/O)))=C\C=3)		ASAOSMVQLGTAQO-UHFFFAOYSA-N									PlantCyc/PMN local PGDB
CPD-634	CPD-634	castasterone	464.3501746513					C28H48O5			plantcyc <https://plantcyc.org/>		464.3501746513	CC(C)[C@H](C)[C@@H](O)[C@H](O)[C@@H](C)[C@H]3(CC[C@H]4([C@@H]2(CC(=O)[C@H]1(C[C@H](O)[C@H](O)C[C@@](C)1[C@H]2CC[C@](C)34))))		VYUIKSFYFRVQLF-YLNAYWRASA-N									PlantCyc/PMN local PGDB
CPD-714	CPD-714	cathasterone	432.3603454071					C28H48O3			plantcyc <https://plantcyc.org/>	(22S)-3beta,22-dihydroxy-5alpha-campestan-6-one	432.3603454071	CC(C)[C@H](C)C[C@H](O)[C@@H](C)[C@H]3(CC[C@H]4([C@@H]2(CC(=O)[C@H]1(C[C@@H](O)CC[C@@](C)1[C@H]2CC[C@](C)34))))		JSVPGVHCEQDJCZ-VGEHDTSWSA-N									PlantCyc/PMN local PGDB
CPD0-1345	CPD0-1345	hydroxymethyl-dCDP	417.0338314244					C10H14N3O11P2			plantcyc <https://plantcyc.org/>	2'-deoxy-5-hydroxymethylcytidine-5'-diphosphate	417.0338314244	C(O)C1(\C(\N)=N/C(N(/C=1)[C@H]2(C[C@@H]([C@@H](COP(OP([O-])([O-])=O)(=O)[O-])O2)O))=O)		RQKDPSTWKKMBPM-XLPZGREQSA-K									PlantCyc/PMN local PGDB
O-SUCCINYL-L-HOMOSERINE	O-SUCCINYL-L-HOMOSERINE	O -succinyl-L-homoserine	219.0742871551					C8H12NO6			plantcyc <https://plantcyc.org/>	O -succinyl-homoserine // O-succinyl-homoserine // succinyl-homoserine	219.0742871551	C(CC(=O)OCC[C@@H](C([O-])=O)[NH3+])C([O-])=O		GNISQJGXJIDKDJ-YFKPBYRVSA-M									PlantCyc/PMN local PGDB
CPD-9904	CPD-9904	3-methoxy-4-hydroxy-5-( all-trans -heptaprenyl)benzoate	644.4804605428					C43H63O4			plantcyc <https://plantcyc.org/>	3-methoxy-4-hydroxy-5-heptaprenylbenzoate // 3-(3,7,11,15,19,23-heptamethyltetracosa-2,6,10,14,18,22-hexaenyl) -4-hydroxy-5-methoxy-benzoic acid // 3-heptaprenyl-4-hydroxy-5-methoxybenzoate	644.4804605428	CC(C)=CCCC(\C)=C/CCC(\C)=C/CCC(\C)=C/CCC(\C)=C/CCC(\C)=C/CCC(\C)=C/CC1(/C=C(/C=C(C(/O)=1)/OC)/C([O-])=O)		KYBJQEICWVEWIL-TUUMQRACSA-M									PlantCyc/PMN local PGDB
CPD-13576	CPD-13576	2-(2-carboxy-4-methylthiazol-5-yl)ethyl phosphate	266.9966442588					C7H7NO6PS			plantcyc <https://plantcyc.org/>	4-methyl-5-[2-(phosphonooxy)ethyl]-1,3-thiazole-2-carboxylic acid // 4-methyl-5-[2-(phosphonooxy)ethyl]-1,3-thiazole-2-carboxylate // cThz-P	266.9966442588	CC1(\N=C(C(=O)[O-])/SC(/CCOP(=O)([O-])[O-])=1)		XWECMAHAKFWYNV-UHFFFAOYSA-K									PlantCyc/PMN local PGDB
CPD-13090	CPD-13090	(9Z,15Z)-12,13-epoxy-octadeca-9,15-dienoate	294.2194948293					C18H29O3			plantcyc <https://plantcyc.org/>	(9Z,15Z)-12,13-epoxy-octadeca-9,15-dienoic acid // (9Z,15Z)-12,13-epoxy-octadecadienoate	294.2194948293	CC\C=C/CC1(OC1C\C=C/CCCCCCCC(=O)[O-])		BKKGUKSHPCTUGE-OOHFSOINSA-M									PlantCyc/PMN local PGDB
CPD-7100	CPD-7100	(2 S )-2-isopropyl-3-oxosuccinate	174.0528234315					C7H8O5			plantcyc <https://plantcyc.org/>	2-isopropyl-3-oxosuccinate	174.0528234315	CC([C@H](C(=O)[O-])C(=O)C(=O)[O-])C		HIIZAGQWABAMRR-BYPYZUCNSA-L									PlantCyc/PMN local PGDB
CPD-16637	CPD-16637	elloramycin	660.2054204871					C32H36O15			plantcyc <https://plantcyc.org/>		660.2054204871	CC1(/C3(C(/C=C(C(/C(=O)OC)=1)/O[C@H]2([C@H](OC)[C@@H]([C@H]([C@H](C)O2)OC)OC))=C/C4(/C([C@]5([C@@H](C(/OC)=C\C(=O)[C@@](C(C(/C(O)=3)=4)=O)5OC)O)O)=O)))		OYEXGNNKRQPUBW-FJYHMNRNSA-N									PlantCyc/PMN local PGDB
CPD-9304	CPD-9304	( E )-prop-1-en-1- SO -peroxol	90.0139355047					C3H6OS			plantcyc <https://plantcyc.org/>	( E )-1-propenylsulfenic acid // trans -1-propenylsulfenate // ( E )-1-propenylsulfenate	90.0139355047	C/C=C/SO		MJPOWQTYEJVYKF-NSCUHMNNSA-N									PlantCyc/PMN local PGDB
CPD0-1108	CPD0-1108	beta-D-ribofuranose	150.0528234315					C5H10O5			plantcyc <https://plantcyc.org/>		150.0528234315	C([C@@H]1([C@@H](O)[C@@H](O)[C@H](O)O1))O		HMFHBZSHGGEWLO-TXICZTDVSA-N									PlantCyc/PMN local PGDB
CPD-21110	CPD-21110	2-methyl-3-sulfanylbutan-1-ol	120.0608856973					C5H12OS			plantcyc <https://plantcyc.org/>		120.0608856973	CC(C(S)C)CO		RFMHFOPFUZZBAD-UHFFFAOYSA-N									PlantCyc/PMN local PGDB
N5-METHYLGLUTAMINE	N5-METHYLGLUTAMINE	N 5 -methyl-L-glutamine	160.0847922619					C6H12N2O3			plantcyc <https://plantcyc.org/>	gamma-L-glutamyl methylamide // (2S)-2-amino-5-(methylamino)-5-oxopentanoate	160.0847922619	CNC(=O)CC[C@H]([NH3+])C(=O)[O-]		ONXPDKGXOOORHB-BYPYZUCNSA-N									PlantCyc/PMN local PGDB
CPD-4573	CPD-4573	30-oxolanosterol	440.365430785					C30H48O2			plantcyc <https://plantcyc.org/>	14-oxo-lanosterol // 4,4-dimethyl-14alpha-formyl-5alpha-cholesta-8,24-dien-3beta-ol	440.365430785	CC(C)=CCC[C@H]([C@@H]1([C@]3(C)([C@@](C=O)(CC1)C4(\CC[C@@H]2(C(C)(C)[C@@H](O)CC[C@@]2(C(\CC3)=4)C)))))C		PGGIMLIQOHYFIS-PUXRVUTHSA-N									PlantCyc/PMN local PGDB
CPD-12568	CPD-12568	(3 S ,6 E )-nerolidol	222.1983654567					C15H26O			plantcyc <https://plantcyc.org/>	(3 S )-( E )-nerolidol	222.1983654567	C=C[C@@](C)(O)CC/C=C(C)/CCC=C(C)C		FQTLCLSUCSAZDY-ATGUSINASA-N									PlantCyc/PMN local PGDB
CPD-8921	CPD-8921	(+)-piperitol	356.1259883746					C20H20O6			plantcyc <https://plantcyc.org/>		356.1259883746	COC1(\C(\O)=C/C=C(/C=1)/[C@@H]4([C@H]5(CO[C@H](C3(\C=C2(C(/OCO2)=C\C=3)))[C@@H](CO4)5)))		VBIRCRCPHNUJAS-AFHBHXEDSA-N									PlantCyc/PMN local PGDB
DGDP	DGDP	dGDP	427.0294147485					C10H12N5O10P2			plantcyc <https://plantcyc.org/>	2'-deoxyguanosine-5'-diphosphate // deoxyguanosine-diphosphate	427.0294147485	C(OP(=O)([O-])OP(=O)([O-])[O-])[C@H]3(O[C@@H](N1(C2(\N=C(N)/NC(=O)C(\N=C/1)=2)))C[C@H](O)3)		CIKGWCTVFSRMJU-KVQBGUIXSA-K									PlantCyc/PMN local PGDB
CPD-7833	CPD-7833	octacosanoate	424.4280310418					C28H55O2			plantcyc <https://plantcyc.org/>	montanic acid // montanate // octacosanoic acid	424.4280310418	CCCCCCCCCCCCCCCCCCCCCCCCCCCC([O-])=O		UTOPWMOLSKOLTQ-UHFFFAOYSA-M									PlantCyc/PMN local PGDB
CPD-12829	CPD-12829	plastoquinol-9	750.6314818764					C53H82O2			plantcyc <https://plantcyc.org/>		750.6314818764	CC(C)=CCCC(\C)=C/CCC(\C)=C/CCC(\C)=C/CCC(\C)=C/CCC(\C)=C/CCC(\C)=C/CCC(\C)=C/CCC(\C)=C/CC1(\C(\O)=C(C)/C(\C)=C(\C=1)/O)		IJBLJLREWPLEPB-IQSNHBBHSA-N									PlantCyc/PMN local PGDB
LEUCOPELARGONIDIN-CMPD	LEUCOPELARGONIDIN-CMPD	(2 R ,3 S ,4 S )-leucopelargonidin	290.079038182					C15H14O6			plantcyc <https://plantcyc.org/>	cis -3,4-leucopelargonidin	290.079038182	C3(\C(\[C@H]1(OC2(\C(/[C@@H]([C@@H]1O)O)=C(/C=C(/C=2)/O)\O)))=C/C=C(\C=3)/O)		FSVMLWOLZHGCQX-SOUVJXGZSA-N									PlantCyc/PMN local PGDB
DCDP	DCDP	dCDP	387.0232667381					C9H12N3O10P2			plantcyc <https://plantcyc.org/>	2'-deoxycytidine diphosphate // 2'-deoxycytidine-5'-diphosphate // deoxycytidine-diphosphate	387.0232667381	C(OP(OP([O-])([O-])=O)(=O)[O-])[C@@H]2([C@H](C[C@H](N1(C(/N=C(\C=C/1)/N)=O))O2)O)		FTDHDKPUHBLBTL-SHYZEUOFSA-K									PlantCyc/PMN local PGDB
CPD0-1133	CPD0-1133	maltoheptaose	1152.3803287068					C42H72O36			plantcyc <https://plantcyc.org/>		1152.3803287068	C(O)[C@@H]1([C@@H](O)[C@H](O)[C@@H](O)[C@H](O1)O[C@H]2([C@H](O)[C@@H](O)[C@H](O[C@H](CO)2)O[C@H]3([C@H](O)[C@@H](O)[C@H](O[C@H](CO)3)O[C@H]7([C@H](O)[C@@H](O)[C@@H](O[C@H]6([C@H](O)[C@@H](O)[C@@H](O[C@H]4([C@H](O)[C@@H](O)[C@H](O[C@H](CO)4)O[C@H]5([C@H](O)[C@@H](O)C(O)O[C@H](CO)5)))O[C@H](CO)6))O[C@H](CO)7))))		BNABBHGYYMZMOA-QJBBZCPBSA-N									PlantCyc/PMN local PGDB
CPD-13613	CPD-13613	L- threo -sphinganine	301.2980795013					C18H40NO2			plantcyc <https://plantcyc.org/>	L-threo-dihydrosphingosine (C18) // threo-L-sphinganine (C18) // L-threo-DHS (C18) // L-threo-sphinganine (C18) // safingol (C18) // L- threo -sphinganine (C18)	301.2980795013	CCCCCCCCCCCCCCC[C@@H]([C@H](CO)[NH3+])O		OTKJDMGTUTTYMP-ROUUACIJSA-O									PlantCyc/PMN local PGDB
2-AMINOMUCONATE_SEMIALDEHYDE	2-AMINOMUCONATE_SEMIALDEHYDE	(2Z,4E)-2-amino-6-oxohexa-2,4-dienoate	141.0425930962					C6H7NO3			plantcyc <https://plantcyc.org/>	2-aminomuconate semialdehyde // 2-aminomuconic semialdehyde // 2-aminomuconic 6-semialdehyde // 2-aminomuconate 6-semialdehyde	141.0425930962	C(/C=C(C([O-])=O)\[NH3+])=C\C=O		QCGTZPZKJPTAEP-WFTYEQLWSA-N									PlantCyc/PMN local PGDB
2-KETO-GLUTARAMATE	2-KETO-GLUTARAMATE	2-oxoglutaramate	145.0375077183					C5H6NO4			plantcyc <https://plantcyc.org/>	2-keto-glutaramate	145.0375077183	C(CC(N)=O)C(=O)C(=O)[O-]		COJBGNAUUSNXHX-UHFFFAOYSA-M									PlantCyc/PMN local PGDB
CPD-8910	CPD-8910	(+)-secoisolariciresinol	362.1729385672					C20H26O6			plantcyc <https://plantcyc.org/>	8S,8'S-secoisolariciresinol // SS-secoisolariciresinol	362.1729385672	COC2(\C(\O)=C/C=C(C[C@@H]([C@H](CC1(\C=C/C(/O)=C(\C=1)/OC))CO)CO)\C=2)		PUETUDUXMCLALY-HZPDHXFCSA-N									PlantCyc/PMN local PGDB
DATP	DATP	dATP	491.0008305348					C10H12N5O12P3			plantcyc <https://plantcyc.org/>	2'-deoxyATP // 2'-deoxyadenosine triphosphate // deoxy-ATP // deoxyadenosine-triphosphate // 2'-deoxyadenosine-5'-triphosphate	491.0008305348	C(OP(=O)([O-])OP(=O)([O-])OP(=O)([O-])[O-])[C@H]3(O[C@@H](N1(C2(\C(\N=C/1)=C(N)/N=C\N=2)))C[C@H](O)3)		SUYVUBYJARFZHO-RRKCRQDMSA-J									PlantCyc/PMN local PGDB
CPD-12043	CPD-12043	beta-D-arabinofuranose	150.0528234315					C5H10O5			plantcyc <https://plantcyc.org/>	beta-D-arabinose	150.0528234315	C(O)[C@@H]1([C@@H](O)[C@H](O)[C@H](O)O1)		HMFHBZSHGGEWLO-SQOUGZDYSA-N									PlantCyc/PMN local PGDB
GDP-4-DEHYDRO-6-L-DEOXYGALACTOSE	GDP-4-DEHYDRO-6-L-DEOXYGALACTOSE	GDP-4-dehydro-6-deoxy-beta-L-galactose	587.0665881158					C16H21N5O15P2			plantcyc <https://plantcyc.org/>	GDP-4-oxo-L-fucose // GDP-4-keto-6-L-deoxygalactose	587.0665881158	C[C@H]1(C(=O)[C@@H](O)[C@H](O)[C@H](O1)OP(OP(=O)([O-])OC[C@H]4(O[C@@H](N2(C3(\N=C(N)/NC(=O)C(\N=C/2)=3)))[C@H](O)[C@H](O)4))(=O)[O-])		PNHLMHWWFOPQLK-ZQXLIXSRSA-L									PlantCyc/PMN local PGDB
GUANOSINE_TETRAPHOSPHATE	GUANOSINE_TETRAPHOSPHATE	guanosine tetraphosphate	602.9569901874					C10H12N5O17P4			plantcyc <https://plantcyc.org/>		602.9569901874	C(OP(=O)([O-])OP(=O)(OP([O-])(OP([O-])(=O)[O-])=O)[O-])[C@H]3(O[C@@H](N1(\C=N/C2(C(=O)NC(/N)=N/C1=2)))[C@H](O)[C@H](O)3)		KDFXXNGTULMGMF-UUOKFMHZSA-I									PlantCyc/PMN local PGDB
CPD-19818	CPD-19818	(+)-7- epi -12-hydroxyjasmonoyl-L-phenylalanine	373.1889229824					C21H26NO5			plantcyc <https://plantcyc.org/>	(+)-7-iso-12OH-JA-Phe // (+)-7-iso-12-hydroxyjasmonoyl-L-phenylalanine	373.1889229824	C(O)C\C=C/C[C@@H]1(C(=O)CC[C@@H]1CC(N[C@@H](CC2(\C=C/C=C\C=2))C([O-])=O)=O)		VDKUVTCFUXVZCC-QLAVEODCSA-M									PlantCyc/PMN local PGDB
MESO-TARTRATE	MESO-TARTRATE	meso -tartrate	150.0164379252					C4H4O6			plantcyc <https://plantcyc.org/>	meso -tartaric acid // (2R,3S)-2,3-dihydroxybutanedioate // mesotartaric acid // erythrarate // M-tartarate // M-tartaric acid	150.0164379252	C([C@H]([C@H](C([O-])=O)O)O)([O-])=O		FEWJPZIEWOKRBE-XIXRPRMCSA-L									PlantCyc/PMN local PGDB
CPD-10712	CPD-10712	di-trans,trideca-cis -tetradecaprenyl diphosphate	1266.9448296119					C80H129O7P2			plantcyc <https://plantcyc.org/>	di-trans, poly-cis -polyprenyl diphosphate (C 80 )	1266.9448296119	CC(C)=CCCC(\C)=C/CCC(\C)=C/CCC(/C)=C/CCC(/C)=C/CCC(/C)=C/CCC(/C)=C/CCC(/C)=C/CCC(/C)=C/CCC(/C)=C/CCC(/C)=C/CCC(/C)=C/CCC(/C)=C/CCC(/C)=C/CCC(/C)=C/CCC(/C)=C/COP([O-])(=O)OP([O-])(=O)[O-]		TUNIPIPDJADHSR-HIQRJCTMSA-K									PlantCyc/PMN local PGDB
7-METHYLGUANOSINE-5-PHOSPHATE	7-METHYLGUANOSINE-5-PHOSPHATE	N 7 -methylguanosine 5'-phosphate	379.0892990906					C11H15N5O8P			plantcyc <https://plantcyc.org/>	N 7 -methyl-guanosine-5'-phosphate // N 7 -methyl-guanosine-phosphate // N 7 -methyl-GMP // 7-methylguanosine-5'-phosphate	379.0892990906	C[N+]1(\C3(C(=O)NC(/N)=N/C(N(\C=1)[C@@H]2(O[C@H](COP(=O)([O-])[O-])[C@@H](O)[C@@H](O)2))=3))		AOKQNZVJJXPUQA-KQYNXXCUSA-M									PlantCyc/PMN local PGDB
CPDQT-296	CPDQT-296	7-(methylsulfanyl)heptyl-glucosinolate	463.100443605					C15H28NO9S3			plantcyc <https://plantcyc.org/>	7-(methylthio)heptyl-glucosinolate	463.100443605	CSCCCCCCCC(\S[C@@H]1(O[C@H](CO)[C@@H](O)[C@H](O)[C@@H](O)1))=N\OS(=O)(=O)[O-]		SJHVRBSHKTUXLG-OOMJLXHVSA-M									PlantCyc/PMN local PGDB
DCMP	DCMP	dCMP	307.0569363297					C9H12N3O7P			plantcyc <https://plantcyc.org/>	2'-deoxycytidine 5'-monophosphate // deoxycytidylate // deoxycytidylic acid // deoxycytidine monophosphate // 2'-deoxycytidine 5'-phosphate // deoxycytidine-phosphate	307.0569363297	C(OP(=O)([O-])[O-])[C@@H]2([C@H](C[C@H](N1(\C=C/C(/N)=N\C(=O)1))O2)O)		NCMVOABPESMRCP-SHYZEUOFSA-L									PlantCyc/PMN local PGDB
UDP-D-XYLOSE	UDP-D-XYLOSE	UDP-alpha-D-xylose	536.0444556902					C14H20N2O16P2			plantcyc <https://plantcyc.org/>		536.0444556902	C3(O[C@H](OP(OP(OC[C@@H]2([C@H]([C@H]([C@H](N1(\C=C/C(=O)NC1=O))O2)O)O))(=O)[O-])(=O)[O-])[C@H](O)[C@@H](O)[C@H](O)3)		DQQDLYVHOTZLOR-OCIMBMBZSA-L									PlantCyc/PMN local PGDB
CPD-7968	CPD-7968	bixin aldehyde	348.208930143					C24H28O2			plantcyc <https://plantcyc.org/>		348.208930143	CC(/C=C/C=C(C)/C=C/C=O)=C\C=C\C=C(C)\C=C\C=C(C)\C=C\C=O		IMKFJOUBSRCEPD-DBTAAFGWSA-N									PlantCyc/PMN local PGDB
CPD-3746	CPD-3746	methanesulfonate	95.9881146847					CH3O3S			plantcyc <https://plantcyc.org/>	methylsulfonate // MSA // methanesulfonic acid	95.9881146847	CS(=O)(=O)[O-]		AFVFQIVMOAPDHO-UHFFFAOYSA-M									PlantCyc/PMN local PGDB
CPD-21440	CPD-21440	dehydro(indole-3-yl)acetonitrile	154.053098203					C10H6N2			plantcyc <https://plantcyc.org/>	dehydro-IAN	154.053098203	C(#N)\C=C1(C2(/C=C\C=C/C(/N=C\1)=2))		POAVPLAOCHOOPK-VMPITWQZSA-N									PlantCyc/PMN local PGDB
DIMETHYLARSINATE	DIMETHYLARSINATE	cacodylate	137.9662008689					C2H6O2AS			plantcyc <https://plantcyc.org/>	dimethylarsinate // DMA V // DMA(V) // Agent Blue	137.9662008689	C[As](C)(=O)[O-]		OGGXGZAMXPVRFZ-UHFFFAOYSA-M									PlantCyc/PMN local PGDB
CPD-14702	CPD-14702	(22 R )-22-hydroxycholesterol	402.3497807208					C27H46O2			plantcyc <https://plantcyc.org/>	(22 R )-OH-cholesterol	402.3497807208	CC(C)CC[C@@H](O)[C@@H](C)[C@H]3(CC[C@H]4([C@@H]2(C\C=C1(C[C@@H](O)CC[C@@](C)1[C@H]2CC[C@](C)34))))		RZPAXNJLEKLXNO-GFKLAVDKSA-N									PlantCyc/PMN local PGDB
CPD-709	CPD-709	(5alpha)-campestan-3-one	400.3705161629					C28H48O			plantcyc <https://plantcyc.org/>	methylcholestanone // (24 R )-24-methyl-5alpha-cholestan-3-one // 3-dehydro-campestanol	400.3705161629	CC(C)[C@H](C)CC[C@@H](C)[C@H]3(CC[C@H]4([C@@H]2(CC[C@H]1(CC(=O)CC[C@@](C)1[C@H]2CC[C@](C)34))))		DDJMOMHMVFXEQF-JBQSTXLYSA-N									PlantCyc/PMN local PGDB
CPD-24625	CPD-24625	13( S )-HODE	296.2351448935					C18H31O3			plantcyc <https://plantcyc.org/>	(13S)-hydroxy-(9Z,11E)-octadecadienoate // (9Z,11E,13S)-13-hydroxyoctadecadienoate	296.2351448935	CCCCC[C@H](O)/C=C/C=C\CCCCCCCC(=O)[O-]		HNICUWMFWZBIFP-IRQZEAMPSA-M									PlantCyc/PMN local PGDB
CPD-6947	CPD-6947	demethylphylloquinone	436.3341306566					C30H44O2			plantcyc <https://plantcyc.org/>	2-phytyl-1,4-naphtoquinone	436.3341306566	CC(CCC[C@H](CCC[C@@H](C)CCCC(\C)=C/CC1(\C(=O)C2(\C(\C(\C=1)=O)=C/C=C\C=2)))C)C		UDYIPZFWVJJQJF-KQPZCCJBSA-N									PlantCyc/PMN local PGDB
CPD-650	CPD-650	(3 R )-hydroxybutanoyl-CoA	853.1519878024					C25H38N7O18P3S			plantcyc <https://plantcyc.org/>	(3R)-3-hydroxybutanoyl-CoA // 3-OH-butyryl-CoA // OH-butyryl-CoA // beta-hydroxybutyryl- S -CoA // D-3-hydroxybutyryl-CoA // hydroxy-butyryl-CoA // beta-hydroxybutyryl-CoA // 3-hydroxybutyryl-CoA // (3R)-3-Hydroxybutanoyl-CoA // 3-hydroxybutanoyl-CoA	853.1519878024	C[C@H](CC(SCCNC(=O)CCNC(=O)[C@H](O)C(C)(C)COP(=O)(OP(=O)(OC[C@@H]1([C@@H](OP([O-])(=O)[O-])[C@@H](O)[C@@H](O1)N2(C3(\N=C/N=C(C(\N=C/2)=3)/N))))[O-])[O-])=O)O		QHHKKMYHDBRONY-WZZMXTMRSA-J									PlantCyc/PMN local PGDB
CPD-7015	CPD-7015	7 1 -hydroxychlorophyllide a	630.2328767448					C35H32N4O6MG			plantcyc <https://plantcyc.org/>	7-hydroxychlorophyllide a (misleading)	630.2328767448	C=CC4(\C(/C)=C5(\C=C7([C@@H](C)[C@H](CCC(=O)[O-])C(\C6(/[C@@H-](C(OC)=O)C(=O)C1(\C(\N2([Mg]N(C(/C=C3(C(/CO)=C(CC)\C(/C=C(C(\C)=1)\2)=N3))=4)5))=6)))=N7)))											PlantCyc/PMN local PGDB
CPD-4616	CPD-4616	dihydrozeatin-9- N -glucoside	383.1804835611					C16H25N5O6			plantcyc <https://plantcyc.org/>		383.1804835611	C[C@@H](CCNC1(\C2(\N=C/N(C(\N=C/N=1)=2)[C@@H]3([C@@H]([C@H]([C@@H]([C@H](O3)CO)O)O)O))))CO		DRPMMLWYLAPTPK-JSYMRTRDSA-N									PlantCyc/PMN local PGDB
TETCYCLACIS	TETCYCLACIS	tetcyclacis	273.0781231212					C13H12N5CL			plantcyc <https://plantcyc.org/>	tetcyclasis	273.0781231212	C1(/C=C(\C=C/C(/Cl)=1)/N5(C3(C(C2(C4(C(C(C2)3)\N=N/4)))\N=N/5)))		DPOWHSMECVNHAT-UHFFFAOYSA-N									PlantCyc/PMN local PGDB
CPD-21326	CPD-21326	marnerol	428.4018162913					C30H52O			plantcyc <https://plantcyc.org/>		428.4018162913	CC(C)=CCCC(\C)=C/CCC(\C)=C/CC[C@]1(C)([C@H](C)CCC([C@@H](CCCO)1)=C(C)C)		AARUWLXSIZJQDK-OPEBEUCHSA-N									PlantCyc/PMN local PGDB
CPD-9175	CPD-9175	N -acetyl-L-cysteine	163.0303138504					C5H8NO3S			plantcyc <https://plantcyc.org/>	acetylcysteine // N -acetylcysteine	163.0303138504	CC(N[C@H](C(=O)[O-])CS)=O		PWKSKIMOESPYIA-BYPYZUCNSA-M									PlantCyc/PMN local PGDB
CPD-20568	CPD-20568	tribromopyrrole-2-carboxylate	344.7635661136					C5HNO2BR3			plantcyc <https://plantcyc.org/>		344.7635661136	C1(Br)(NC(\C([O-])=O)=C(C(\Br)=1)/Br)		GPADKIKEHFMOHG-UHFFFAOYSA-M									PlantCyc/PMN local PGDB
QUERCETIN-33-BISSULFATE	QUERCETIN-33-BISSULFATE	quercetin-3,3'-bissulfate	461.9562817883					C15H7O13S2			plantcyc <https://plantcyc.org/>		461.9562817883	C3(/C=C(C(/OS(=O)(=O)[O-])=C\C(\C1(\OC2(/C=C(/C=C(C(\C(=O)C(/OS(=O)(=O)[O-])=1)=2)/O)/[O-])))=3)/O)		CVENNDDRCHLONB-UHFFFAOYSA-K									PlantCyc/PMN local PGDB
CPD-15716	CPD-15716	sucrose 6 G -phosphate	422.0825419577					C12H21O14P			plantcyc <https://plantcyc.org/>	beta-D-fructofuranosyl-(21)-alpha-D-glucopyranoside 6-phosphate // alpha-D-glucopyranosyl-(12)-beta-D-fructofuranoside 6-phosphate	422.0825419577	C(O)[C@H]2(O[C@](O[C@H]1(O[C@H](COP(=O)([O-])[O-])[C@@H](O)[C@H](O)[C@@H](O)1))(CO)[C@H]([C@@H]2O)O)		WQQSIXKPRAUZJL-UGDNZRGBSA-L									PlantCyc/PMN local PGDB
CPD-11253	CPD-11253	trans -tuberonic acid	226.1205090662					C12H17O4			plantcyc <https://plantcyc.org/>	trans -12-OHJA // trans -12-hydroxyjasmonic acid // trans -12-hydroxy-JA // E -12-hydroxyjasmonate // trans -12-hydroxyjasmonate	226.1205090662	C(O)C\C=C/C[C@H]1(C(=O)CC[C@@H]1CC([O-])=O)		RZGFUGXQKMEMOO-BSANDHCLSA-M									PlantCyc/PMN local PGDB
L-ALA-GAMMA-D-GLU-DAP	L-ALA-GAMMA-D-GLU-DAP	L-alanyl-gamma-D-glutamyl- meso -diaminopimelate	390.1750638322					C15H25N4O8			plantcyc <https://plantcyc.org/>	L-Ala-D-Glu- meso -A 2 pm // L-Ala-gamma-D-Glu-diaminopimelate // L-Ala-gamma-D-Glu-Dap // L-alanyl-gamma-D-glutamyl- meso -2,6-diaminoheptanedioate	390.1750638322	C[C@H]([NH3+])C(=O)N[C@H](CCC(=O)N[C@H](C([O-])=O)CCC[C@@H]([NH3+])C(=O)[O-])C(=O)[O-]		FMNCPUGORYYCEM-QCLAVDOMSA-M									PlantCyc/PMN local PGDB
L-HISTIDINOL-P	L-HISTIDINOL-P	L-histidinol phosphate	221.0565423992					C6H11N3O4P			plantcyc <https://plantcyc.org/>	histidinol-P // L-histidinol-p // histidinol phosphate	221.0565423992	C1(\N\C=N/C(\C[C@@H](COP([O-])(=O)[O-])[NH3+])=1)		CWNDERHTHMWBSI-YFKPBYRVSA-M									PlantCyc/PMN local PGDB
CPDQT-414	CPDQT-414	( Z )-&omega;-(methylsulfanyl)octyl-thiohydroximate	221.0908056172					C9H19NOS2			plantcyc <https://plantcyc.org/>	( Z )- N -hydroxy-8-(methylsulfanyl)octimidothioate	221.0908056172	CSCCCCCCCC(\S)=N\O		VQXIERGSFOQSNS-UHFFFAOYSA-N									PlantCyc/PMN local PGDB
CPD-16535	CPD-16535	cyanidin 3- O -beta- D -sambubioside	581.1506452624					C26H27O15			plantcyc <https://plantcyc.org/>	sambicyanin // cyanidin 3-sambubioside // cyanidin-3-xyloglucoside // cyanidin 3- O -[2"- O -(xylosyl)] glucoside	581.1506452624	C5(\C(\C1(=[O+]C4(\C(/C=C1/O[C@@H]3(O[C@@H]([C@@H](O)[C@H](O)[C@@H](O[C@@H]2(OC[C@@H](O)[C@H](O)[C@@H](O)2))3)CO))=C(/C=C(/C=4)/[O-])\[O-])))=C/C(/O)=C(\C=5)/O)		ZPPQIOUITZSYAO-AOBOYTTNSA-M									PlantCyc/PMN local PGDB
CPD-17370	CPD-17370	18-hydroxyoleoyl-CoA	1047.355438637					C39H64N7O18P3S			plantcyc <https://plantcyc.org/>	(9Z)-18-hydroxyoctadec-9-enoyl-CoA // &omega;-hydroxyoleoyl-CoA	1047.355438637	CC(C)([C@@H](O)C(=O)NCCC(=O)NCCSC(=O)CCCCCCC\C=C/CCCCCCCCO)COP(=O)(OP(=O)(OC[C@@H]1([C@@H](OP([O-])(=O)[O-])[C@@H](O)[C@@H](O1)N2(C3(\N=C/N=C(C(\N=C/2)=3)/N))))[O-])[O-]		MQACSUXWIYYZAK-UTNXWDCOSA-J									PlantCyc/PMN local PGDB
CARBAMYUL-L-ASPARTATE	CARBAMYUL-L-ASPARTATE	N -carbamoyl-L-aspartate	176.0433213777					C5H6N2O5			plantcyc <https://plantcyc.org/>	carbamyul-L-aspartate // carbamyul-aspartate // carbamoyl-aspartate // carbamyl-aspartate // carbamyl-L-aspartate // L-ureidosuccinate	176.0433213777	C(=O)([O-])C[C@H](NC(N)=O)C([O-])=O		HLKXYZVTANABHZ-REOHCLBHSA-L									PlantCyc/PMN local PGDB
CPD-13985	CPD-13985	dTDP-4-dehydro-2,6-dideoxy-alpha-D-allose	530.0702765102					C16H22N2O14P2			plantcyc <https://plantcyc.org/>	dTDP-4-oxo-2,6-dideoxy-alpha-D-gulose // dTDP-4-keto-2,6-dideoxy-alpha-D-allose // dTDP-4-oxo-2,6-dideoxy-alpha-D-allose	530.0702765102	CC1(\C(=O)NC(N(\C=1)[C@H]3(C[C@H](O)[C@@H](COP(=O)([O-])OP(O[C@H]2(O[C@H](C)C(=O)[C@@H](O)C2))(=O)[O-])O3))=O)		AONILRCSLAIOQE-KISRQWFGSA-L									PlantCyc/PMN local PGDB
CPD-12005	CPD-12005	dimethyl selenide	109.9634719926					C2H6SE			plantcyc <https://plantcyc.org/>	methyl selenide // dimethylselenium // dimethylselenide	109.9634719926	C[Se]C		RVIXKDRPFPUUOO-UHFFFAOYSA-N									PlantCyc/PMN local PGDB
CPD-6982	CPD-6982	(R)-3-(3,4-dihydroxyphenyl)lactate	198.0528234315					C9H9O5			plantcyc <https://plantcyc.org/>	R(+)-(3,4-dihydroxyphenyl)lactic acid // (2R)-3-(3,4-dihydroxyphenyl)-2-hydroxypropanoate	198.0528234315	C([C@@H](CC1(\C=C/C(/O)=C(\C=1)/O))O)(=O)[O-]		PAFLSMZLRSPALU-MRVPVSSYSA-M									PlantCyc/PMN local PGDB
OCTAPRENYL-METHYL-OH-METHOXY-BENZQ	OCTAPRENYL-METHYL-OH-METHOXY-BENZQ	3-demethylubiquinol- 8	714.5587108638					C48H74O4			plantcyc <https://plantcyc.org/>	2-octaprenyl-3-methyl-5-hydroxy-6-methoxy-1,4-benzoquinol // OMHMB // 2-octaprenyl-3-methyl-5-hydroxy-6-methoxy-1,4-benzoquinone	714.5587108638	CC(C)=CCCC(\C)=C/CCC(\C)=C/CCC(\C)=C/CCC(\C)=C/CCC(\C)=C/CCC(\C)=C/CCC(\C)=C/CC1(/C(\C)=C(C(\O)=C(C(/O)=1)\OC)/O)		QURLIMHPCRKMJP-WDXILIIOSA-N									PlantCyc/PMN local PGDB
OH-CROTONYL-COA	OH-CROTONYL-COA	4-hydroxycrotonyl-CoA	851.1363377382					C25H36N7O18P3S			plantcyc <https://plantcyc.org/>	(2 E )-4-hydroxybut-2-enoyl-CoA	851.1363377382	CC(C)([C@@H](O)C(=O)NCCC(=O)NCCSC(=O)/C=C/CO)COP(=O)(OP(=O)(OC[C@@H]1([C@@H](OP([O-])(=O)[O-])[C@@H](O)[C@@H](O1)N2(C3(\N=C/N=C(C(\N=C/2)=3)/N))))[O-])[O-]		FQFRDDVZPBFYST-GLTODZKNSA-J									PlantCyc/PMN local PGDB
CPD-26235	CPD-26235	cucurbitacin C	560.3349185176					C32H48O8			plantcyc <https://plantcyc.org/>		560.3349185176	CC(=O)OC(C)(C)/C=C/C(=O)[C@](C)(O)[C@H]1([C@H](O)C[C@]4(C)([C@@](C)1CC(=O)[C@@]3(CO)([C@H]2(C(/C(C)(C)[C@@H](O)CC2)=C\C[C@H]34))))		DGIGXLXLGBAJJN-TUOUHCSQSA-N									PlantCyc/PMN local PGDB
HYDROXYMETHYLBILANE	HYDROXYMETHYLBILANE	preuroporphyrinogen	854.2857960731					C40H38N4O17			plantcyc <https://plantcyc.org/>	hydroxymethylbilane	854.2857960731	C(O)C4(\NC(/CC3(\NC(/CC2(\NC(/CC1(\N\C=C(CCC(=O)[O-])/C(\CC([O-])=O)=1))=C(CCC(=O)[O-])/C(\CC([O-])=O)=2))=C(CCC(=O)[O-])/C(\CC(=O)[O-])=3))=C(CCC(=O)[O-])/C(\CC(=O)[O-])=4)		WDFJYRZCZIUBPR-UHFFFAOYSA-F									PlantCyc/PMN local PGDB
CPD-12392	CPD-12392	1-(methylsulfanyl)-5- aci -nitropentane	165.0823494209					C6H13NO2S			plantcyc <https://plantcyc.org/>	5-(methylsulfanyl)pentan-1-ylideneazinate	165.0823494209	CSCCCCC=[N+]([O-])O		XWWGSEVYUBTSFS-UHFFFAOYSA-N									PlantCyc/PMN local PGDB
IMP	IMP	IMP	348.0470999249					C10H11N4O8P			plantcyc <https://plantcyc.org/>	5'-IMP // ribosylhypoxanthine monophosphate // inosinate // inosine monophosphate // inosine 5'-monophosphate // inosine 5'-phosphate // 5'-inosinate // 5'-inosinic acid // 5'-inosine monophosphate // hypoxanthin ribotide	348.0470999249	C(OP(=O)([O-])[O-])[C@H]3(O[C@@H](N1(C2(\N=C/NC(=O)C(\N=C/1)=2)))[C@H](O)[C@H](O)3)		GRSZFWQUAKGDAV-KQYNXXCUSA-L									PlantCyc/PMN local PGDB
CPD-9459	CPD-9459	oleanolate	456.3603454071					C30H47O3			plantcyc <https://plantcyc.org/>	oleanolic acid // oleanic acid // caryophyllin // 3beta-hydroxyolean-12-en-28-oic acid // oleonolic acid // 3beta-hydroxyolean-12-en-28-oate	456.3603454071	CC4(C[C@H]5(C2(\[C@]([C@@]1(CC[C@H]3(C([C@H](CC[C@]([C@H]1C\C=2)3C)O)(C)C))C)(CC[C@@](CC4)5C([O-])=O)C)))C		MIJYXULNPSFWEK-GTOFXWBISA-M									PlantCyc/PMN local PGDB
CPD-13368	CPD-13368	all-trans -10'-apo-beta-carotenal	376.2766157777					C27H36O			plantcyc <https://plantcyc.org/>		376.2766157777	CC(/C=C/C=C(C)/C=C/C1(/C(C)(C)CCCC(/C)=1))=C\C=C\C=C(C)\C=C\C=O		PJEHRCCPERVGEC-FLHUAPOTSA-N									PlantCyc/PMN local PGDB
4-GUANIDO-BUTYRAMIDE	4-GUANIDO-BUTYRAMIDE	4-guanidinobutanamide	144.1011110281					C5H13N4O			plantcyc <https://plantcyc.org/>	4-guanidinobutyramide // 4-guanidobutanamide // 4-guanido-butyramide // gamma-guanidinobutyramide	144.1011110281	C(NC(N)=[NH2+])CCC(=O)N		YHVFECVVGNXFKO-UHFFFAOYSA-O									PlantCyc/PMN local PGDB
CPD-700	CPD-700	ergosta-5,7,24(28)-trien-3beta-ol	396.3392160345					C28H44O			plantcyc <https://plantcyc.org/>	5,7,24(28)-ergostatrienol // 5-dehydro episterol	396.3392160345	CC(C)C(CC[C@@H](C)[C@H]3(CC[C@H]4(C2([C@@H]([C@]1(CC[C@H](O)CC/1=C\C=2)(C))CC[C@](C)34))))=C		ZEPNVCGPJXYABB-LOIOQLKMSA-N									PlantCyc/PMN local PGDB
CPD-3740	CPD-3740	L-djenkolate	254.0394983282					C7H14N2O4S2			plantcyc <https://plantcyc.org/>	L-cysteine thioacetal of formaldehyde // L-djenkolic acid // beta,beta'-methylenedithiodialanine // 3,3'-methylenedithiobis(2-aminopropanoic acid) // 3,3'-(methylenedithio)-di-L-alanine	254.0394983282	C([C@@H](C(=O)[O-])[NH3+])SCSC[C@@H](C(=O)[O-])[NH3+]		JMQMNWIBUCGUDO-WHFBIAKZSA-N									PlantCyc/PMN local PGDB
ALPHA-RIBAZOLE-5-P	ALPHA-RIBAZOLE-5-P	alpha-ribazole 5'-phosphate	358.092987485					C14H17N2O7P			plantcyc <https://plantcyc.org/>	N1-(5'-phospho-alpha-D-ribosyl)-5,6-dimethylbenzimidazole // DMB-ribose-5'-P // alpha-ribazole-5'-P // DMB-alpha-ribotide // 5,6-dimethylbenzimidazolyl-alpha-ribotide	358.092987485	CC1(\C(/C)=C/C2(/N(\C=N/C(\C=1)=2)[C@@H]3([C@H](O)[C@H](O)[C@@H](COP([O-])(=O)[O-])O3)))		ZMRGXEJKZPRBPJ-SYQHCUMBSA-L									PlantCyc/PMN local PGDB
GLYCEROPHOSPHOGLYCEROL	GLYCEROPHOSPHOGLYCEROL	glycerophosphoglycerol	246.0504539683					C6H14O8P			plantcyc <https://plantcyc.org/>	diglycerol phosphate // bis(2,3-dihydroxypropyl) phosphate	246.0504539683	C(C(COP(OCC(CO)O)([O-])=O)O)O		LLCSXHMJULHSJN-UHFFFAOYSA-M									PlantCyc/PMN local PGDB
CPD-24185	CPD-24185	5-dehydroisoavenasterol	410.3548660987					C29H46O			plantcyc <https://plantcyc.org/>		410.3548660987	C/C=C(CC[C@@H](C)[C@H]3(CC[C@H]4(C2([C@@H]([C@@]1(C)(CC[C@H](O)CC/1=C\C=2))CC[C@](C)34))))/C(C)C		XPRWWANUPMYKMF-XFVTWJKKSA-N									PlantCyc/PMN local PGDB
CPD-9875	CPD-9875	coniferyl acetate	222.0892089378					C12H14O4			plantcyc <https://plantcyc.org/>		222.0892089378	CC(OC/C=C/C1(\C=C/C(/O)=C(C=1)/OC))=O		XLZFUNZRKIQHOL-ONEGZZNKSA-N									PlantCyc/PMN local PGDB
CPD-19219	CPD-19219	acibenzolar- S -methyl	209.9921542051					C8H6N2OS2			plantcyc <https://plantcyc.org/>	BTH derivative // benzothiadiazole derivative // benzo(1,2,3)-thiadiazole-7-carbothioic acid S -methyl ester // ASM	209.9921542051	CSC(=O)C1(\C2(\S\N=N/C(\C=C/C=1)=2))		UELITFHSCLAHKR-UHFFFAOYSA-N									PlantCyc/PMN local PGDB
CPD-7140	CPD-7140	bisdemalonylsalvianin	757.1979893855					C36H36O18			plantcyc <https://plantcyc.org/>	pelargonidin 3- O -(6-caffeoyl-beta-D-glucoside) 5- O -beta-D glucoside	757.1979893855	C(O)[C@@H]6([C@H]([C@@H]([C@H]([C@H](OC1(\C2(/C=C(C(=[O+]C(\C=C(/C=1)\[O-])=2)C3(\C=C/C(/O)=C\C=3))/O[C@H]5([C@H](O)[C@@H](O)[C@H](O)[C@@H](COC(=O)/C=C/C4(/C=C(C(/O)=C\C=4)/O))O5))))O6)O)O)O)		MLLMLJXCGLXOIJ-AQAMAIGXSA-N									PlantCyc/PMN local PGDB
CPD-8052	CPD-8052	1D- chiro -inositol	180.0633881178					C6H12O6			plantcyc <https://plantcyc.org/>	(1R,2R,3S,4S,5S,6S)-cyclohexane-1,2,3,4,5,6-hexol	180.0633881178	[C@H]1([C@@H]([C@@H]([C@H]([C@@H]([C@H]1O)O)O)O)O)O		CDAISMWEOUEBRE-LKPKBOIGSA-N									PlantCyc/PMN local PGDB
18-HYDROXYOLEATE	18-HYDROXYOLEATE	18-hydroxyoleate	298.2507949577					C18H33O3			plantcyc <https://plantcyc.org/>	18-hydroxyoctadec-9-enoic acid // 18-hydroxy-9Z-octadecenoate // &omega;-hydroxy-9Z-octadecenoate // omega-hydroxy oleate // 18-hydroxy-(9Z)-oleate(1-) // &omega;-hydroxy-(9Z)-octadecenoate(1-) // &omega;-hydroxyoleate(1-) // (Z)-18-hydroxyoctadec-9-enoic acid	298.2507949577	C(O)CCCCCCC\C=C/CCCCCCCC(=O)[O-]		LQUHZVLTTWMBTO-UPHRSURJSA-M									PlantCyc/PMN local PGDB
CPD-9451	CPD-9451	2-isopropylmaleate	158.0579088094					C7H8O4			plantcyc <https://plantcyc.org/>	beta-isopropylmaleate // 2-isopropylmaleic acid	158.0579088094	CC(C(\C(=O)[O-])=C\C(=O)[O-])C		NJMGRJLQRLFQQX-HYXAFXHYSA-L									PlantCyc/PMN local PGDB
2K-ADIPATE	2K-ADIPATE	2-oxoadipate	160.0371733673					C6H6O5			plantcyc <https://plantcyc.org/>	2-ketoadipate // alpha-ketoadipate // 2-keto-adipate // 2-oxohexanedionic acid // 2-oxoadipic acid	160.0371733673	C(CC(=O)C(=O)[O-])CC(=O)[O-]		FGSBNBBHOZHUBO-UHFFFAOYSA-L									PlantCyc/PMN local PGDB
56-DIHYDROXYINDOLE-2-CARBOXYLATE	56-DIHYDROXYINDOLE-2-CARBOXYLATE	5,6-dihydroxyindole-2-carboxylate	193.0375077183					C9H6NO4			plantcyc <https://plantcyc.org/>	5,6-dihydroxy-1 H -indole-2-carboxylate // DHICA	193.0375077183	C1(\C2(/C=C(C(/O)=C\C(NC(/C(=O)[O-])=1)=2)/O))		YFTGOBNOJKXZJC-UHFFFAOYSA-M									PlantCyc/PMN local PGDB
CPD-8013	CPD-8013	quercetin 3- O -rhamnoside	448.1005614851					C21H19O11			plantcyc <https://plantcyc.org/>		448.1005614851	C[C@H]1([C@H](O)[C@@H](O)[C@@H](O)[C@H](O1)OC3(\C(=O)C4(/C(/O)=C\C(\[O-])=C/C(/OC(\C2(/C=C(C(/O)=C\C=2)/O))=3)=4)))		OXGUCUVFOIWWQJ-TUPRLDOISA-M									PlantCyc/PMN local PGDB
CIT	CIT	citrate	192.0270026115					C6H5O7			plantcyc <https://plantcyc.org/>	citr // cit // citric acid // 2-hydroxy-1,2,3-propanetricarboxylic acid	192.0270026115	C(=O)([O-])CC(C(=O)[O-])(O)CC(=O)[O-]		KRKNYBCHXYNGOX-UHFFFAOYSA-K									PlantCyc/PMN local PGDB
CPD-18087	CPD-18087	1,6-dihydro-beta-NAD	665.1247716967					C21H27N7O14P2			plantcyc <https://plantcyc.org/>	6-dihydro-beta-nicotinamide adenine dinucleotide // 6-dihydro-nicotinamide adenine dinucleotide // 6DHNAD	665.1247716967	C1(/N(C\C=C/C(/C(N)=O)=1)[C@@H]5(O[C@H](COP(OP(OC[C@H]4(O[C@@H](N2(C3(\C(\N=C/2)=C(N)/N=C\N=3)))[C@H](O)[C@H](O)4))(=O)[O-])(=O)[O-])[C@@H](O)[C@@H](O)5))		QVQHBKNZCMZBKP-NNYOXOHSSA-L									PlantCyc/PMN local PGDB
CPD-16905	CPD-16905	monacolin L acid	322.2144094514					C19H29O4			plantcyc <https://plantcyc.org/>		322.2144094514	C[C@H]2(\C=C1(\C=C/[C@H](C)[C@H](CC[C@@H](O)C[C@@H](O)CC([O-])=O)[C@H]1CC2))		RPDSFBJYUHLDNI-MHMDBQTNSA-M									PlantCyc/PMN local PGDB
SACCHAROPINE	SACCHAROPINE	L-saccharopine	276.132136385					C11H19N2O6			plantcyc <https://plantcyc.org/>	saccharopine // N 6 -(L-1,3-dicarboxypropyl)-L-lysine // epsilon-N-(L-glutar-2-yl)-L-lysine	276.132136385	C(CC[NH2+][C@@H](CCC([O-])=O)C([O-])=O)C[C@H]([NH3+])C([O-])=O		ZDGJAHTZVHVLOT-YUMQZZPRSA-M									PlantCyc/PMN local PGDB
CPD-24961	CPD-24961	alpha-D-xylulofuranose	150.0528234315					C5H10O5			plantcyc <https://plantcyc.org/>		150.0528234315	C(O)[C@@]1(O)([C@H]([C@@H](CO1)O)O)		LQXVFWRQNMEDEE-WISUUJSJSA-N									PlantCyc/PMN local PGDB
2-PHOSPHO-4-CYTIDINE-5-DIPHOSPHO-2-C-MET	2-PHOSPHO-4-CYTIDINE-5-DIPHOSPHO-2-C-MET	2-phospho-4-(cytidine 5'-diphospho)-2-C-methyl-D-erythritol	601.0475059559					C14H22N3O17P3			plantcyc <https://plantcyc.org/>	CDP-ME-2P // CDP-methyl-D-erylthritol 2-phosphate // 4-diphosphocytidyl-2C-methyl-D-erythritol 2-phosphate // 4-diphosphocytidyl-2-C-methylerythritol 2-phosphate	601.0475059559	C[C@](OP([O-])([O-])=O)(CO)[C@H](O)COP(OP(OC[C@@H]2([C@H]([C@H]([C@H](N1(\C=C/C(/N)=N\C1=O))O2)O)O))(=O)[O-])([O-])=O		HTJXTKBIUVFUAR-XHIBXCGHSA-J									PlantCyc/PMN local PGDB
CMP-N-ACETYL-NEURAMINATE	CMP-N-ACETYL-NEURAMINATE	CMP- N -acetyl-beta-neuraminate	614.1472674795					C20H29N4O16P			plantcyc <https://plantcyc.org/>	cytidine monophosphate N -acetyl-beta-neuraminate // cytidine monophosphate N -acetyl-beta-neuraminic acid // CMP-sialic acid // CMP-Neu5Ac // CMP-sialate	614.1472674795	CC(=O)N[C@@H]3([C@H](C[C@](C([O-])=O)(OP(=O)([O-])OC[C@@H]2([C@H]([C@H]([C@H](N1(\C=C/C(/N)=N\C1=O))O2)O)O))O[C@H]3[C@H](O)[C@H](O)CO)O)		TXCIAUNLDRJGJZ-BILDWYJOSA-L									PlantCyc/PMN local PGDB
EPISTEROL	EPISTEROL	episterol	398.3548660987					C28H46O			plantcyc <https://plantcyc.org/>	9&xi;-episterol	398.3548660987	CC(C)C(CC[C@@H](C)[C@H]3(CC[C@H]4(C1([C@@H]([C@]2(CC[C@H](O)C[C@H](CC=1)2)(C))CC[C@](C)34))))=C		BTCAEOLDEYPGGE-JVAZTMFWSA-N									PlantCyc/PMN local PGDB
CPD-12510	CPD-12510	1843U89	500.1695845238					C27H22N4O6			plantcyc <https://plantcyc.org/>	folate analog 1843u89	500.1695845238	CC3(\NC4(/C=C\C5(\C=C/C(/CNC2(\C=C1(C(/C(=O)N([C@H](C([O-])=O)CCC(=O)[O-])C1)=C\C=2)))=C\C(C(\C(=O)\N=3)=4)=5)))		BRVFNEZMTRVUGW-QFIPXVFZSA-L									PlantCyc/PMN local PGDB
BISOHMYR-GLUCOSAMINYL-1P	BISOHMYR-GLUCOSAMINYL-1P	lipid X ( E. coli )	711.432263099					C34H64NO12P			plantcyc <https://plantcyc.org/>	2,3-bis(3-hydroxytetradecanoyl)-alpha-D-glucosaminyl 1-phosphate // 2,3-bis(beta-hydroxymyristoyl)-alpha-D-glucosaminyl 1-phosphate // 2,3-bis[(3 R )-3-hydroxymyristoyl]-alpha-D-glucosaminyl 1-phosphate // 2,3-bis(3-hydroxymyristoyl)-alpha-D-glucosaminyl 1-phosphate	711.432263099	CCCCCCCCCCC[C@H](CC(N[C@@H]1([C@H]([C@@H]([C@H](O[C@@H]1OP([O-])(=O)[O-])CO)O)OC(C[C@@H](CCCCCCCCCCC)O)=O))=O)O		HEHQDWUWJVPREQ-XQJZMFRCSA-L									PlantCyc/PMN local PGDB
CPDQT-429	CPDQT-429	indolylmethylisothiocyanate	188.0408189572					C10H8N2S			plantcyc <https://plantcyc.org/>	indol-3-ylmethylisothiocyanate	188.0408189572	C(C1(\C2(/C=C\C=C/C(/N/C=1)=2)))N=C=S		IUGVJHWSHLFGAU-UHFFFAOYSA-N									PlantCyc/PMN local PGDB
DECOYININE	DECOYININE	decoyinine	279.0967539317					C11H13N5O4			plantcyc <https://plantcyc.org/>	angustmycin A	279.0967539317	C=C3(O[C@@](CO)(N1(C2(\C(\N=C/1)=C(N)/N=C\N=2)))[C@H](O)[C@H](O)3)		UZSSGAOAYPICBZ-SOCHQFKDSA-N									PlantCyc/PMN local PGDB
CPD-17638	CPD-17638	7-hydroxylauroyl-CoA	965.277188316					C33H54N7O18P3S			plantcyc <https://plantcyc.org/>	7-hydroxydodecanoyl-CoA	965.277188316	CCCCCC(O)CCCCCC(=O)SCCNC(=O)CCNC(=O)[C@H](O)C(C)(C)COP(=O)(OP(=O)(OC[C@@H]1([C@@H](OP([O-])(=O)[O-])[C@@H](O)[C@@H](O1)N2(C3(\N=C/N=C(C(\N=C/2)=3)/N))))[O-])[O-]		RXEDUSGPUQQZEW-XIRPNGCASA-J									PlantCyc/PMN local PGDB
CPD-8082	CPD-8082	1-18:2-2-18:2-digalactosyldiacylglycerol	940.6123221563					C51H88O15			plantcyc <https://plantcyc.org/>	18:2-18:2-DGDG // 1,2-(9Z,12Z-octadecadienoyl)-3-O-[alpha-D-galactosyl-(1->6)-O-beta-D-galactosyl]-sn-glycerol	940.6123221563	C(O)C1(OC(C(O)C(O)C1O)OC2(C(CO)OC(C(O)C2O)OC(COC([R1])=O)COC([R2])=O))		MUUBILNSVLPLLL-MEZUJYBGSA-N									PlantCyc/PMN local PGDB
CPD0-2099	CPD0-2099	3,4,-dihydroxybutylphosphonate	170.0344099736					C4H10O5P			plantcyc <https://plantcyc.org/>		170.0344099736	C(P(O)(=O)[O-])CC(O)CO		ZUCRMPBYWBAFDW-UHFFFAOYSA-M									PlantCyc/PMN local PGDB
ALPHA-RIBAZOLE	ALPHA-RIBAZOLE	alpha-ribazole	278.1266570766					C14H18N2O4			plantcyc <https://plantcyc.org/>	N1-(alpha-D-ribosyl)-5,6-dimethylbenzimidazole	278.1266570766	CC1(\C(/C)=C/C2(/N(\C=N/C(\C=1)=2)[C@@H]3([C@H](O)[C@H](O)[C@@H](CO)O3)))		HLRUKOJSWOKCPP-SYQHCUMBSA-N									PlantCyc/PMN local PGDB
CPD-110	CPD-110	salicylate	138.0316940589					C7H5O3			plantcyc <https://plantcyc.org/>	o-hydroxybenzoate // 2-hydroxybenzoate // 2-HBA // SA // 2-hydroxybenzoic acid // salicylic acid // o-hydroxybenzoic acid	138.0316940589	C(C1(\C(\O)=C/C=C\C=1))([O-])=O		YGSDEFSMJLZEOE-UHFFFAOYSA-M									PlantCyc/PMN local PGDB
CPD-12910	CPD-12910	episterone	396.3392160345					C28H44O			plantcyc <https://plantcyc.org/>	ergosta-7,24(28)-dien-3-one, (5alpha)-	396.3392160345	CC(C)C(CC[C@@H](C)[C@H]3(CC[C@H]4(C1([C@@H]([C@@]2(C)(CCC(=O)C[C@H](CC=1)2))CC[C@](C)34))))=C		XFPWUGLDJACLNZ-GZTYTQPTSA-N									PlantCyc/PMN local PGDB
CPD-24939	CPD-24939	beta-D-ribulofuranose	150.0528234315					C5H10O5			plantcyc <https://plantcyc.org/>	beta-D- erythro -2-pentulofuranose	150.0528234315	C(O)[C@]1(O)([C@H](O)[C@H](O)CO1)		LQXVFWRQNMEDEE-UOWFLXDJSA-N									PlantCyc/PMN local PGDB
CPD-17644	CPD-17644	(9Z)-octadec-9-ene-1,18-diol	284.2715303998					C18H36O2			plantcyc <https://plantcyc.org/>		284.2715303998	C(O)CCCCCCC\C=C/CCCCCCCCO		XUSRQFSIUJWCKT-UPHRSURJSA-N									PlantCyc/PMN local PGDB
CHLOROPHYLL-A	CHLOROPHYLL-A	chlorophyll a	892.5353133425					C55H71N4O5MG			plantcyc <https://plantcyc.org/>	chlorophyll a (phytol)	892.5353133425	C=CC4(\C(/C)=C5(\C=C7([C@@H](C)[C@H](CCC(=O)OC/C=C(C)/CCC[C@H](C)CCC[C@H](C)CCCC(C)C)C(\C6(/[C@@H-](C(OC)=O)C(=O)C1(\C(\N2([Mg]N(C(/C=C3(C(/C)=C(CC)/C(\C=C(C(\C)=1)/2)=N3))=4)5))=6)))=N7)))											PlantCyc/PMN local PGDB
CPD-12919	CPD-12919	4alpha-carboxy,4beta,14alpha-dimethyl-9beta,19-cyclo-5alpha-cholest-24-en-3beta-ol	456.3603454071					C30H47O3			plantcyc <https://plantcyc.org/>	(3beta,4alpha)-3-hydroxy-9,19-cyclolanost-24-en-28-oic acid // 9,19-cyclolanost-24-en-28-oic acid, 3-hydroxy-, (3beta,4alpha)-	456.3603454071	CC(C)=CCC[C@@H](C)[C@H]3(CC[C@@]4(C)([C@@H]1(CC[C@H]5([C@@](C([O-])=O)(C)[C@@H](O)CCC2(CC12CC[C@](C)34)5))))		GHMALMMXVUBOFV-HILGRQLYSA-M									PlantCyc/PMN local PGDB
CPDQT-404	CPDQT-404	L-trihomomethionine	191.0979994851					C8H17NO2S			plantcyc <https://plantcyc.org/>		191.0979994851	CSCCCCC[C@@H](C([O-])=O)[NH3+]		UKDJCWUSWYBRDM-ZETCQYMHSA-N									PlantCyc/PMN local PGDB
CPD-12487	CPD-12487	petivericin	262.0486064515					C14H14OS2			plantcyc <https://plantcyc.org/>	S-benzyl phenylmethanethiosulfinate	262.0486064515	C(S(=O)SCC1(\C=C/C=C\C=1))C2(\C=C/C=C\C=2)		VUJONJHZKSZFSA-UHFFFAOYSA-N									PlantCyc/PMN local PGDB
ECDYSONE	ECDYSONE	ecdysone	464.313789145					C27H44O6			plantcyc <https://plantcyc.org/>	molting hormone	464.313789145	C[C@H]([C@H](O)CCC(O)(C)C)[C@H]1(CC[C@]3(O)([C@@](C)1CC[C@@H]2([C@@]4(C)(C[C@@H]([C@H](O)C[C@@H](C(=O)/C=C2/3)4)O))))		UPEZCKBFRMILAV-JMZLNJERSA-N									PlantCyc/PMN local PGDB
PROTOPORPHYRINOGEN	PROTOPORPHYRINOGEN	protoporphyrinogen IX	568.3049557932					C34H38N4O4			plantcyc <https://plantcyc.org/>	protoporphyrinogen	568.3049557932	C=CC2(\C(/C)=C1(CC5(\NC(/CC4(\NC(/CC3(\NC(/CC(\N1)=2)=C(C)/C(\C=C)=3))=C(C)/C(\CCC([O-])=O)=4))=C(CCC(=O)[O-])/C(\C)=5)))		UHSGPDMIQQYNAX-UHFFFAOYSA-L									PlantCyc/PMN local PGDB
CPD-19511	CPD-19511	indole-3-carbinonium ion	129.0578492299					C9H8N			plantcyc <https://plantcyc.org/>		129.0578492299	[CH3+]=C1(C2(/C=C\C=C/C(/N=C\1)=2))		NSQIQDGIPQVASR-UHFFFAOYSA-N									PlantCyc/PMN local PGDB
DEOXY-OH-METHYLCYTIDINE-TRIPHOSPHATE	DEOXY-OH-METHYLCYTIDINE-TRIPHOSPHATE	2'-deoxy-5-hydroxymethylcytidine-5'-triphosphate	497.0001618328					C10H14N3O14P3			plantcyc <https://plantcyc.org/>	hydroxymethyl-dCTP	497.0001618328	C(O)C1(\C(\N)=N/C(N(/C=1)[C@H]2(C[C@@H]([C@@H](COP([O-])(=O)OP([O-])(=O)OP(=O)([O-])[O-])O2)O))=O)		DLHNIFPAUZVLLA-XLPZGREQSA-J									PlantCyc/PMN local PGDB
C1	C1	UDP-MurNAc-L-Ala-gamma-D-Glu- meso -DAP-D-Ala-D-Ala	1193.3414255721					C41H61N9O28P2			plantcyc <https://plantcyc.org/>	UDP- N -acetylmuramoyl-L-alanyl-gamma-D-glutamyl-meso-2,6-diaminopimeloyl-D-alanyl-D-alanine // UDP- N -acetylmuramoyl-L-alanyl-gamma-D-glutamyl-meso-2,6-diaminoheptanedioate- D-alanyl-D-alanine // UDP- N -acetyl-alpha-D-muramoyl-L-alanyl-gamma-D-glutamyl- meso -2,6-diaminopimeloyl-D-alanyl-D-alanine	1193.3414255721	C[C@H](C(=O)N[C@H](C)C(=O)[O-])NC(=O)[C@H](CCC[C@H](C([O-])=O)[NH3+])NC(=O)CC[C@@H](NC(=O)[C@@H](NC([C@H](O[C@@H]3([C@@H](NC(=O)C)[C@@H](OP([O-])(OP(OC[C@@H]2([C@H]([C@H]([C@H](N1(\C=C/C(=O)NC1=O))O2)O)O))(=O)[O-])=O)O[C@H](CO)[C@@H](O)3))C)=O)C)C(=O)[O-]		IMWOXEZVYQDRDF-MCZXNMLPSA-J									PlantCyc/PMN local PGDB
CPD-12728	CPD-12728	wogonin 7-O-beta-D-glucuronate	460.1005614851					C22H19O11			plantcyc <https://plantcyc.org/>	oroxindin // wogonin-7-O-beta-D-glucuronide // 5,7-dihydroxy-8-methoxyflavone 7-O-beta-D-glucuronate	460.1005614851	COC3(/C4(/OC(/C1(\C=C/C=C\C=1))=C/C(=O)C(/C(/O)=C\C(\O[C@@H]2(O[C@H](C([O-])=O)[C@@H](O)[C@H](O)[C@@H](O)2))=3)=4))		LNOHXHDWGCMVCO-NTKSAMNMSA-M									PlantCyc/PMN local PGDB
CPD-6950	CPD-6950	&Psi;-taraxasterol	426.3861662271					C30H50O			plantcyc <https://plantcyc.org/>		426.3861662271	CC1(\[C@@H](C)C5([C@](C)(C\C=1)CC[C@]3(C)(C(CCC2([C@@]4(C)(CC[C@@H](C(C)(C)C(CC[C@](C)23)4)O)))5)))		NGFFRJBGMSPDMS-VPUBHQHASA-N									PlantCyc/PMN local PGDB
CPD-26891	CPD-26891	4beta,20-epoxy-5alpha-hydroxy-tax-11(12)-ene	304.2402302714					C20H32O2			plantcyc <https://plantcyc.org/>		304.2402302714	CC2(\CC[C@H]1(C[C@H]4([C@](C)(CCC(\C(C)(C)1)=2)CC[C@H](O)[C@@]3(OC3)4)))		RTKXAGDIAPQBQG-LPXKSRHMSA-N									PlantCyc/PMN local PGDB
CPD-11826	CPD-11826	( 22R,23R )-28-homobrassinolide 22-sulfate	574.3175538939					C29H49O9S			plantcyc <https://plantcyc.org/>		574.3175538939	CC[C@@H](C(C)C)[C@H]([C@@H]([C@@H](C)[C@H]2(CC[C@H]3([C@@H]4(COC([C@H]1(C[C@@H]([C@@H](C[C@@](C)1[C@@H](CC[C@](C)23)4)O)O))=O))))OS(=O)(=O)[O-])O		CIZSJGKCVNJXTC-NNPZUXBVSA-M									PlantCyc/PMN local PGDB
NEUROSPORENE	NEUROSPORENE	all-trans neurosporene	538.4538518618					C40H58			plantcyc <https://plantcyc.org/>	7,8-dihydro-&psi;,&psi;-carotene // neurosporene	538.4538518618	CC(C)=CCCC(\C)=C/C=C/C(\C)=C/C=C/C(\C)=C/C=C/C=C(C)/C=C/C=C(C)/CC/C=C(C)/CCC=C(C)C		ATCICVFRSJQYDV-XILUKMICSA-N									PlantCyc/PMN local PGDB
CPDQT-30	CPDQT-30	9-(methylsulfanyl)-2-oxononanoate	218.0976651341					C10H17O3S			plantcyc <https://plantcyc.org/>	9-(methylthio)-2-oxononanoic acid // 9-(methylthio)-2-oxononanoate	218.0976651341	CSCCCCCCCC(=O)C([O-])=O		MJGXIOUQXYXGLP-UHFFFAOYSA-M									PlantCyc/PMN local PGDB
DIETHYLDITHIOCARBAMATE	DIETHYLDITHIOCARBAMATE	diethyldithiocarbamate	149.0332907383					C5H10NS2			plantcyc <https://plantcyc.org/>	diethyldithiocarbamic acid // Ditiocarb // diethylcarbamodithioic acid // diethyldithione // Imuthiol // diethyl dithiocarbamate // DIECA	149.0332907383	CCN(CC)C(=S)[S-]		LMBWSYZSUOEYSN-UHFFFAOYSA-M									PlantCyc/PMN local PGDB
CPD-12830	CPD-12830	demethylphylloquinol	438.3497807208					C30H46O2			plantcyc <https://plantcyc.org/>	2-phytyl-1,4-naphthoquinol	438.3497807208	CC(CCC[C@H](CCC[C@@H](C)CCCC(\C)=C/CC1(/C=C(C2(/C=C\C=C/C(/C(/O)=1)=2))/O))C)C		AEFNZGGBWOQYID-KQPZCCJBSA-N									PlantCyc/PMN local PGDB
CPD-10451	CPD-10451	2-methyl-1,5-dinitro-3-nitrosobenzene	215.054220415					C7H5N3O5			plantcyc <https://plantcyc.org/>	2-nitroso-4,6-dinitrotoluene	215.054220415	CC1(/C(/N=O)=C\C(\[N+](=O)[O-])=C/C(/[N+]([O-])=O)=1)		CVKROUKPCDJVNY-UHFFFAOYSA-N									PlantCyc/PMN local PGDB
CPD-9957	CPD-9957	ubiquinol- 9	796.6369611848					C54H84O4			plantcyc <https://plantcyc.org/>	ubiquinol(9)	796.6369611848	CC(C)=CCCC(\C)=C/CCC(\C)=C/CCC(\C)=C/CCC(\C)=C/CCC(\C)=C/CCC(\C)=C/CCC(\C)=C/CCC(\C)=C/CC1(\C(\O)=C(C(\OC)=C(C(/C)=1)\O)\OC)		NPCOQXAVBJJZBQ-WJNLUYJISA-N									PlantCyc/PMN local PGDB
CPD-9897	CPD-9897	3-methoxy-4-hydroxy-5-( all-trans -decaprenyl)benzoate	848.6682613132					C58H87O4			plantcyc <https://plantcyc.org/>	3-methoxy-4-hydroxy-5-decaprenylbenzoate // 3-(3,7,11,15,19,23-decamethyltetracosa-2,6,10,14,18,22-hexaenyl) -4-hydroxy-5-methoxy-benzoic acid // 3-decaprenyl-4-hydroxy-5-methoxybenzoate	848.6682613132	CC(C)=CCCC(\C)=C/CCC(\C)=C/CCC(\C)=C/CCC(\C)=C/CCC(\C)=C/CCC(\C)=C/CCC(\C)=C/CCC(\C)=C/CCC(\C)=C/CC1(/C=C(/C=C(C(/O)=1)/OC)/C([O-])=O)		WCQCNOIKXGNDLX-RDSVHMIISA-M									PlantCyc/PMN local PGDB
MORPHINE	MORPHINE	morphine	285.1364934814					C17H20NO3			plantcyc <https://plantcyc.org/>		285.1364934814	C[NH+]4(CC[C@@]15([C@@H]3([C@H](\C=C/[C@@H]([C@@H](CC2(\C=C/C(/O)=C(C\1=2)/O3))4)5)O)))		BQJCRHHNABKAKU-KBQPJGBKSA-O									PlantCyc/PMN local PGDB
CPD-16907	CPD-16907	dihydromonacolin L acid	324.2300595156					C19H31O4			plantcyc <https://plantcyc.org/>		324.2300595156	C[C@@H]1(CC[C@@H]2([C@@H](CC[C@@H](O)C[C@@H](O)CC([O-])=O)[C@@H](C)\C=C/[C@@H](C1)2))		NYKUCCPVLWRDEZ-VCWNUMGPSA-M									PlantCyc/PMN local PGDB
CPD-25236	CPD-25236	N -(1-deoxy-D-fructos-1-yl)-L-valine	279.131802034					C11H21NO7			plantcyc <https://plantcyc.org/>	fructosylvaline	279.131802034	CC(C)[C@@H](C(=O)[O-])[NH2+]C[C@@]1(O)(OC[C@@H](O)[C@@H](O)[C@H](O)1)		LXTJQOKOTMRERV-RKYHVTRTSA-N									PlantCyc/PMN local PGDB
CPD-7883	CPD-7883	hexacosanal	380.4018162913					C26H52O			plantcyc <https://plantcyc.org/>		380.4018162913	CCCCCCCCCCCCCCCCCCCCCCCCCC=O		QAXXQMIHMLTJQI-UHFFFAOYSA-N									PlantCyc/PMN local PGDB
OCTADEC-9-ENE-118-DIOIC-ACID	OCTADEC-9-ENE-118-DIOIC-ACID	alpha,&omega;-9 Z -octadecenedioate	312.2300595156					C18H30O4			plantcyc <https://plantcyc.org/>	alpha,&omega;-9 Z -octadecenedioic acid // 1,18-9 Z -octadecenedioic acid // octadecenedioate // 18-carboxyl oleate	312.2300595156	C(=O)([O-])CCCCCCC\C=C/CCCCCCCC(=O)[O-]		SBLKVIQSIHEQOF-UPHRSURJSA-L									PlantCyc/PMN local PGDB
L-BETA-ASPARTYL-P	L-BETA-ASPARTYL-P	L-aspartyl-4-phosphate	213.0038381267					C4H6NO7P			plantcyc <https://plantcyc.org/>	4-phospho-L-aspartate // L-4-aspartyl phosphate // L-beta-aspartyl-P // L-beta-aspartyl-phosphate // L-aspartyl-4-P // L-aspartyl-beta-phosphate // 4-phosphonato-L-aspartate	213.0038381267	C([C@H]([NH3+])C(=O)[O-])C(=O)OP([O-])(=O)[O-]		IXZNKTPIYKDIGG-REOHCLBHSA-L									PlantCyc/PMN local PGDB
CPD-19544	CPD-19544	L-tyrosine benzyl ester	271.1208434172					C16H18NO3			plantcyc <https://plantcyc.org/>	(S)-benzyl 2-amino-3-(4-hydroxyphenyl)propanoate	271.1208434172	C2(\C=C/C(/COC([C@H](CC1(\C=C/C(/O)=C\C=1))[NH3+])=O)=C\C=2)		BVCTWRNVKLXEQC-HNNXBMFYSA-O									PlantCyc/PMN local PGDB
2-HYDROXYDAIDZEIN	2-HYDROXYDAIDZEIN	2'-hydroxydaidzein	270.0528234315					C15H10O5			plantcyc <https://plantcyc.org/>	2',4',7-trihydroxyisoflavone	270.0528234315	C1(\C(\O)=C/C(/O)=C(\C=1)/C2(/C(=O)C3(/C=C\C(\O)=C/C(/O\C=2)=3)))		ZCTNPCRBEWXCGP-UHFFFAOYSA-N									PlantCyc/PMN local PGDB
CPD-22993	CPD-22993	7 1 -hydroxychlorophyllide a 2	628.2172266806					C35H30N4O6MG			plantcyc <https://plantcyc.org/>		628.2172266806	C=CC4(\C(/C)=C5(\C=C7([C@@H](C)[C@H](CCC(=O)[O-])C(\C6(/[C@@H-](C(OC)=O)C(=O)C1(\C(\N2([Mg]N(C(/C=C3(C(/CO)=C(C=C)\C(/C=C(C(\C)=1)\2)=N3))=4)5))=6)))=N7)))											PlantCyc/PMN local PGDB
UDP-AA-GLUTAMATE	UDP-AA-GLUTAMATE	UDP- N -acetyl-alpha-D-muramoyl-L-alanyl-D-glutamate	879.1824057346					C28H39N5O23P2			plantcyc <https://plantcyc.org/>	UDP-MurNAc-L-ala-D-Glu	879.1824057346	C[C@H](NC([C@H](O[C@@H]3([C@@H](NC(=O)C)[C@@H](OP([O-])(OP(OC[C@@H]2([C@H]([C@H]([C@H](N1(\C=C/C(=O)NC1=O))O2)O)O))(=O)[O-])=O)O[C@H](CO)[C@@H](O)3))C)=O)C(N[C@H](CCC(=O)[O-])C(=O)[O-])=O		OJZCATPXPWFLHF-HPUCEMLMSA-J									PlantCyc/PMN local PGDB
INOSITOL-1-3-4-TRIPHOSPHATE	INOSITOL-1-3-4-TRIPHOSPHATE	D- myo -inositol (1,3,4)-trisphosphate	419.962379343					C6H9O15P3			plantcyc <https://plantcyc.org/>	1-D- myo -inositol (1,3,4)-trisphosphate // inositol 1,3,4-trisphosphate	419.962379343	[C@H]1(O)([C@@H](O)[C@H](OP(=O)([O-])[O-])[C@@H](OP(=O)([O-])[O-])[C@@H](O)[C@@H](OP([O-])([O-])=O)1)		MMWCIQZXVOZEGG-MLQGYMEPSA-H									PlantCyc/PMN local PGDB
CPD-21078	CPD-21078	3-methyl-3-sulfanylhexan-1-ol	148.0921858257					C7H16OS			plantcyc <https://plantcyc.org/>	3-methyl-3-sulfanylhexanol	148.0921858257	CCCC(C)(S)CCO		PSALIMFZUGITJC-UHFFFAOYSA-N									PlantCyc/PMN local PGDB
CPD-12218	CPD-12218	3-hydroxy-3-phenylpropanoate	166.0629941873					C9H9O3			plantcyc <https://plantcyc.org/>	3-hydroxy-3-phenyl propionic acid // 3-hydroxy-3-phenylpropionate // beta-hydroxyphenylpropionic acid // 3-hydroxy-3-phenylpropanoic acid	166.0629941873	C(CC(O)C1(\C=C/C=C\C=1))([O-])=O		AYOLELPCNDVZKZ-UHFFFAOYSA-M									PlantCyc/PMN local PGDB
ZYMOSTEROL	ZYMOSTEROL	zymosterol	384.3392160345					C27H44O			plantcyc <https://plantcyc.org/>	5alpha-cholesta-8,24-dien-3beta-ol // delta8, 24-cholestadien-3beta-ol	384.3392160345	CC(C)=CCC[C@@H](C)[C@H]2(CC[C@H]3(C4(\CC[C@H]1(C[C@@H](O)CC[C@@](C)1C(\CC[C@](C)23)=4))))		CGSJXLIKVBJVRY-XTGBIJOFSA-N									PlantCyc/PMN local PGDB
TRYPTAMINE	TRYPTAMINE	tryptamine	160.1000483956					C10H13N2			plantcyc <https://plantcyc.org/>	3-(2-aminoethyl)indole	160.1000483956	C([NH3+])CC1(\C2(/C=C\C=C/C(/N\C=1)=2))		APJYDQYYACXCRM-UHFFFAOYSA-O									PlantCyc/PMN local PGDB
CPD-26251	CPD-26251	19,25-dihydroxycucurbitadienol	458.3759954713					C30H50O3			plantcyc <https://plantcyc.org/>		458.3759954713	C[C@H](C/C=C/C(C)(O)C)[C@H]1(CC[C@@]4([C@]1(C)CC[C@]2(CO)([C@@H](C/C=C3([C@H]2CC[C@H](O)C(C)(C)3))4))C)		LDPLCTIOJXLSGD-OYVKYSGXSA-N									PlantCyc/PMN local PGDB
CPD-734	CPD-734	(-)-jasmonate	210.1255944441					C12H17O3			plantcyc <https://plantcyc.org/>	(-)-jasmonic acid // jasmonic acid // (3R,7R)-(-)-jasmonate // {(1R,2R)-3-oxo-2-[(2Z)-pent-2-en-1-yl]cyclopentyl}acetate	210.1255944441	CC\C=C/C[C@H]1(C(=O)CC[C@@H]1CC([O-])=O)		ZNJFBWYDHIGLCU-HWKXXFMVSA-M									PlantCyc/PMN local PGDB
CPD-8838	CPD-8838	juvenile hormone III	266.1881947009					C16H26O3			plantcyc <https://plantcyc.org/>	methyl (2 E ,6 E ,10 R )-10,11-epoxy-3,7,11-trimethyl-2,6-dodecadienoate // JH III	266.1881947009	CC(/CC[C@@H]1(C(C)(O1)C))=C\CCC(\C)=C/C(=O)OC		QVJMXSGZTCGLHZ-HONBPKQLSA-N									PlantCyc/PMN local PGDB
CPD-21707	CPD-21707	N 6 -(D-glucosyl)-L-lysine	308.1583511355					C12H25N2O7			plantcyc <https://plantcyc.org/>	glucoselysine // glucosyllysine	308.1583511355	C(O)[C@H]1(O[C@@H](O)[C@H]([NH2+]CCCC[C@H]([NH3+])C(=O)[O-])[C@@H](O)[C@H](O)1)		IGBBBLSQXFDCHI-MIDKXNQYSA-O									PlantCyc/PMN local PGDB
CPD-1301	CPD-1301	tetrahydropteroyl tri-L-glutamate	703.2561676997					C29H33N9O12			plantcyc <https://plantcyc.org/>	H 4 PteGlu 3	703.2561676997	C([C@@H]1(NC2(\C(NC(/N)=N/C(\NC1)=2)=O)))NC3(\C=C/C(/C(N[C@H](C(=O)[O-])CCC(N[C@H](C(=O)[O-])CCC(N[C@H](C(=O)[O-])CCC([O-])=O)=O)=O)=O)=C\C=3)		RXWVHRYZTWZATH-XSLAGTTESA-J									PlantCyc/PMN local PGDB
CPD-13254	CPD-13254	soyasaponin III	796.4609068922					C42H67O14			plantcyc <https://plantcyc.org/>	(3beta,4beta,21alpha)-2 1 ,2 3 -dihydroxyolean-12-en-3-yl (2- O -beta-D-galactopyranosyl)-beta-D-glucopyranosiduronate	796.4609068922	CC7(C)(C[C@@H](O)[C@@]6(C)([C@H](C5(\[C@](C)([C@@]4(C)([C@@H]([C@@]3(C)(CC[C@H](O[C@@H]2(O[C@H](C([O-])=O)[C@@H](O)[C@H](O)[C@@H](O[C@H]1([C@H](O)[C@@H](O)[C@@H](O)[C@@H](CO)O1))2))[C@](C)(CO)[C@@H]3CC4))C\C=5))CC6))C7))		OKIHRVKXRCAJFQ-AHBDIROXSA-M									PlantCyc/PMN local PGDB
CPD-5861	CPD-5861	2-deoxy-D-galactose	164.0684734957					C6H12O5			plantcyc <https://plantcyc.org/>	2-deoxy-D-lyxohexose // deoxygalactose	164.0684734957	C(O)[C@@H]1([C@H](O)[C@H](O)CC(O)O1)		PMMURAAUARKVCB-DUVQVXGLSA-N									PlantCyc/PMN local PGDB
CPD-11444	CPD-11444	uroporphyrinogen-I	836.2752313868					C40H36N4O16			plantcyc <https://plantcyc.org/>	uroporphyrinogen I	836.2752313868	C(=O)([O-])CCC2(\C(/CC(=O)[O-])=C1(CC5(\NC(/CC4(\NC(/CC3(\NC(/CC(\N1)=2)=C(CC(=O)[O-])/C(\CCC([O-])=O)=3))=C(CC(=O)[O-])/C(\CCC(=O)[O-])=4))=C(CC([O-])=O)/C(\CCC(=O)[O-])=5)))		QTTNOSKSLATGQB-UHFFFAOYSA-F									PlantCyc/PMN local PGDB
CPD-7725	CPD-7725	phaseic acid	280.1310737525					C15H19O5			plantcyc <https://plantcyc.org/>	(-)-phaseic acid // PA // phaseate	280.1310737525	CC(\C=C\[C@@]2(O)([C@@]1(OC[C@@](CC(=O)C1)(C)2)(C)))=C\C(=O)[O-]		IZGYIFFQBZWOLJ-HOJYMBPFSA-M									PlantCyc/PMN local PGDB
CPD-12815	CPD-12815	CDP-1,2-dipalmitoylglycerol	953.5142919672					C44H79N3O15P2			plantcyc <https://plantcyc.org/>		953.5142919672	CCCCCCCCCCCCCCCC(=O)OC[C@H](COP(OP(OC[C@@H]2([C@H]([C@H]([C@H](N1(\C=C/C(/N)=N\C1=O))O2)O)O))(=O)[O-])([O-])=O)OC(=O)CCCCCCCCCCCCCCC		ITYHVANGBZMQML-BQUKFSKHSA-L									PlantCyc/PMN local PGDB
CPDQT-461	CPDQT-461	8-methoxypsoralen	216.0422587452					C12H8O4			plantcyc <https://plantcyc.org/>		216.0422587452	C1(=O)(OC2(/C(\C=C/1)=C\C3(\C=C/OC(C(\OC)=2)=3)))											PlantCyc/PMN local PGDB
CPD0-1493	CPD0-1493	3-deaza-GMP	362.0627499891					C11H14N4O8P			plantcyc <https://plantcyc.org/>		362.0627499891	C(OP(=O)([O-])O)[C@H]3(O[C@@H](N1(C2(/C=C(N)\NC(=O)C(\N=C/1)=2)))[C@H](O)[C@H](O)3)		SMOXFGDCBYPWTB-MGUDNFKCSA-M									PlantCyc/PMN local PGDB
CPD-14651	CPD-14651	carlactone carboxylate	332.1623738809					C19H23O5			plantcyc <https://plantcyc.org/>		332.1623738809	CC2(\CCC[C@](C)(C)C(/C=C/C(/C([O-])=O)=C\OC1(\C=C(C)/C(=O)O1))=2)		WUBRWXCVIPHXLX-DQBULIGTSA-M									PlantCyc/PMN local PGDB
CPD-9494	CPD-9494	3,5-dihydroxyanisole	140.0473441231					C7H8O3			plantcyc <https://plantcyc.org/>	flamenol // 5-methoxyresorcinol // phloroglucinol monomethyl ether	140.0473441231	COC1(\C=C(/C=C(/C=1)/O)\O)		HDVRLUFGYQYLFJ-UHFFFAOYSA-N									PlantCyc/PMN local PGDB
CPD0-2474	CPD0-2474	( S )-NADPHX	763.1016667914					C21H28N7O18P3			plantcyc <https://plantcyc.org/>	(6S)-6beta-hydroxy-1,4,5,6-tetrahydronicotinamide-adenine dinucleotide phosphate	763.1016667914	C5(/N([C@@H]1(O[C@@H]([C@H]([C@H]1O)O)COP(OP(OC[C@H]4(O[C@@H](N2(C3(\C(\N=C/2)=C(N)/N=C\N=3)))[C@H](OP([O-])(=O)[O-])[C@H](O)4))(=O)[O-])(=O)[O-]))[C@@H](O)CCC(/C(=O)N)=5)		SZKXTJUOKARGIY-VPHRTNKSSA-J									PlantCyc/PMN local PGDB
CPD-16781	CPD-16781	dihydrochelerythrine	349.1314081035					C21H19NO4			plantcyc <https://plantcyc.org/>	12,13-dihydrochelerythrine	349.1314081035	CN2(C4(/C5(/C=C1(C(/OCO1)=C\C(\C=C/C(/C3(\C=C/C(/OC)=C(C(\C2)=3)/OC))=4)=5))))		ALZAZMCIBRHMFF-UHFFFAOYSA-N									PlantCyc/PMN local PGDB
CPD0-1237	CPD0-1237	N -3-fumaroyl-L-2,3-diaminopropanoate	202.0589714419					C7H9N2O5			plantcyc <https://plantcyc.org/>	N -3-fumaroyl-(S)-2,3-diaminopropanoate // N beta -fumaroyl-DAP // N beta -fumaroyl-2,3-diaminopropanoate	202.0589714419	C([O-])(=O)/C=C/C(=O)NC[C@H]([NH3+])C([O-])=O		FYPSRFSOOLJBNE-QPHDTYRISA-M									PlantCyc/PMN local PGDB
CPD-3630	CPD-3630	(3R)-sophorol	300.0633881178					C16H12O6			plantcyc <https://plantcyc.org/>	(-)-sophorol	300.0633881178	C3(OC4(\C(\C(=O)[C@H](C2(/C=C1(C(/OCO1)=C\C(O)=2)))3)=C/C=C(/C=4)/O))		FAPWSAQOVOBPCP-NSHDSACASA-N									PlantCyc/PMN local PGDB
PROTOPORPHYRIN_IX	PROTOPORPHYRIN_IX	protoporphyrin IX	562.2580056006					C34H32N4O4			plantcyc <https://plantcyc.org/>		562.2580056006	C=CC4(\C(/C)=C3(\C=C5(C(/C)=C(CCC([O-])=O)/C(\C=C1(C(/CCC([O-])=O)=C(C)/C(/N1)=C/C2(/C(\C=C)=C(C)\C(\N=2)=C\C(\N3)=4)))=N\5)))		KSFOVUSSGSKXFI-UJJXFSCMSA-L									PlantCyc/PMN local PGDB
CPD0-1659	CPD0-1659	alpha-allenylagmatine	168.1374965344					C8H16N4			plantcyc <https://plantcyc.org/>	AA	168.1374965344	C=C=CC(CCCNC(N)=N)N		JCEZJHOHMHDSJO-UHFFFAOYSA-N									PlantCyc/PMN local PGDB
6AS11AS-36A9-TRIHYDROXYPTEROCARPAN	6AS11AS-36A9-TRIHYDROXYPTEROCARPAN	(-)-glycinol	272.0684734957					C15H12O5			plantcyc <https://plantcyc.org/>	3,6,9-trihydroxypterocarpan // (6alphaS,11alphaS)-3,6alpha,9-trihydroxypterocarpan	272.0684734957	C3(\C(\O)=C/C4(/OC[C@]1(O)([C@@H](OC2(\C1=C/C=C(/C=2)/O))C(/C=3)=4)))		QMXOFBXZEKTJIK-LSDHHAIUSA-N									PlantCyc/PMN local PGDB
CPD-8134	CPD-8134	24- epi -campesterol	400.3705161629					C28H48O			plantcyc <https://plantcyc.org/>	ergost-5-en-3beta-ol // (24S)-methylcholest-5-en-3beta-ol // &Delta;22-dihydrobrassicasterol // (24S)-24-methyl-5-cholestene-3beta-ol // (3beta)-ergost-5-en-3-ol	400.3705161629	CC(C)[C@@H](C)CC[C@@H](C)[C@H]3(CC[C@H]4([C@@H]2(C\C=C1(C[C@@H](O)CC[C@@](C)1[C@H]2CC[C@](C)34))))		SGNBVLSWZMBQTH-ZRUUVFCLSA-N									PlantCyc/PMN local PGDB
6-HYDROXY-NICOTINATE	6-HYDROXY-NICOTINATE	6-hydroxynicotinate	139.026943032					C6H4NO3			plantcyc <https://plantcyc.org/>	6-hydroxy-nicotinate	139.026943032	C1(/N=C(\C=C/C(/C(=O)[O-])=1)/O)		BLHCMGRVFXRYRN-UHFFFAOYSA-M									PlantCyc/PMN local PGDB
CPD-23570	CPD-23570	thioplatensimycin	457.1559082945					C24H27NO6S			plantcyc <https://plantcyc.org/>		457.1559082945	C[C@]3(C(=O)\C=C/[C@@]24(C[C@@H]1([C@@](C)(O[C@@H](C1)[C@H]23)C4)))(CCC(=O)NC5(/C(/O)=C(\C=C/C(/O)=5)/C(S)=O))		ZQYLQHFOXSDSHJ-OFBLZTNGSA-N									PlantCyc/PMN local PGDB
CPD-6082	CPD-6082	3-aminopropanal	73.052763852					C3H8NO			plantcyc <https://plantcyc.org/>	3-amino-propanal // 3-APA // 3-aminopropionaldehyde // APAL	73.052763852	C(=O)CC[NH3+]		PCXDJQZLDDHMGX-UHFFFAOYSA-O									PlantCyc/PMN local PGDB
CPD-20261	CPD-20261	2- S -cysteinyldopaquinone	314.0572568824					C12H14N2O6S			plantcyc <https://plantcyc.org/>		314.0572568824	C(SC1(\C(C(\C=C/C(\C[C@@H](C(=O)[O-])[NH3+])=1)=O)=O))[C@@H](C(=O)[O-])[NH3+]		WZVBMYNCJXSJII-BQBZGAKWSA-N									PlantCyc/PMN local PGDB
1-L-MYO-INOSITOL-1-P	1-L-MYO-INOSITOL-1-P	1D- myo -inositol 3-monophosphate	260.0297185262					C6H11O9P			plantcyc <https://plantcyc.org/>	1-L- myo -inositol-1-p // L- myo -inositol 1-phosphate // inositol 1-phosphate // myo -inositol 1-phosphate // 1D- myo -inositol 3-phosphate // Ins(3)P 1 // D- myo -inositol (3)-monophosphate // myo -inositol 1-monophosphate // Ins3P // 1L- myo -inositol 1-phosphate // myo -inositol phosphate	260.0297185262	[C@H]1(O)([C@@H](O)[C@H](O)[C@@H](OP(=O)([O-])[O-])[C@@H](O)[C@@H](O)1)		INAPMGSXUVUWAF-PTQMNWPWSA-L									PlantCyc/PMN local PGDB
CPD-488	CPD-488	beta-L-fucose 1-phosphate	244.0348039041					C6H11O8P			plantcyc <https://plantcyc.org/>	L-Fucose 1-phosphate // 6-deoxy-L-galactose 1-phosphate // L-fucopyranose 1-(dihydrogen phosphate)	244.0348039041	C[C@@H]1(O[C@H](OP(=O)([O-])[O-])[C@@H](O)[C@H](O)[C@H](O)1)		PTVXQARCLQPGIR-SXUWKVJYSA-L									PlantCyc/PMN local PGDB
CPD-9866	CPD-9866	2-methoxy-6-( all-trans -nonaprenyl)phenol	736.6158318122					C52H80O2			plantcyc <https://plantcyc.org/>		736.6158318122	CC(C)=CCCC(\C)=C/CCC(\C)=C/CCC(\C)=C/CCC(\C)=C/CCC(\C)=C/CCC(\C)=C/CCC(\C)=C/CCC(\C)=C/CC1(\C(\O)=C(\C=C/C=1)\OC)		XRYXRAOXVPWHHK-SSRAZKMSSA-N									PlantCyc/PMN local PGDB
CPD-22077	CPD-22077	gamma-L-glutamyl-( S )-2-aminobutanoate	232.1059216345					C9H15N2O5			plantcyc <https://plantcyc.org/>		232.1059216345	CC[C@@H](C([O-])=O)NC(CC[C@@H](C(=O)[O-])[NH3+])=O		FUZOZPRKGAXGOB-WDSKDSINSA-M									PlantCyc/PMN local PGDB
CPD-13610	CPD-13610	C 20 3-dehydrosphinganine	327.3137295655					C20H42NO2			plantcyc <https://plantcyc.org/>	3-dehydro-D-sphinganine (C20) // KDHS (C20) // 3-ketodihydrosphinganine (C20) // 3-dehydroeicosasphinganine // 3-dehydroeicosadihydrosphingosine // 3-eicosanone, 2-amino-1-hydroxy- // 2-amino-1-hydroxyicosan-3-one // 3-dehydrosphinganine (C20) // 3-dehydroicosasphinganine	327.3137295655	CCCCCCCCCCCCCCCCCC(=O)[C@@H]([NH3+])CO		FVOLNXKBISLPQY-IBGZPJMESA-O									PlantCyc/PMN local PGDB
EPOXYSQUALENE	EPOXYSQUALENE	(3 S )-2,3-epoxy-2,3-dihydrosqualene	426.3861662271					C30H50O			plantcyc <https://plantcyc.org/>	squalene 2,3-epoxide // squalene 2,3-oxide // (S)-squalene-2,3-epoxide // 2,3-EDSQ // 2,3-epoxisqualene // oxidosqualene // 2,3-oxidosqualene // (3 S )-2,3-epoxysqualene	426.3861662271	CC(C)=CCCC(\C)=C/CCC(\C)=C/CC/C=C(C)/CC/C=C(C)/CC[C@H]1(C(C)(C)O1)		QYIMSPSDBYKPPY-RSKUXYSASA-N									PlantCyc/PMN local PGDB
CPD-22994	CPD-22994	7 1 -dihydroxychlorophyllide a 2	644.2121413027					C35H30N4O7MG			plantcyc <https://plantcyc.org/>		644.2121413027	C=CC4(\C(/C)=C5(\C=C7([C@@H](C)[C@H](CCC(=O)[O-])C(\C6(/[C@@H-](C(OC)=O)C(=O)C1(\C(\N2([Mg]N(C(/C=C3(C(/C(O)O)=C(C=C)\C(/C=C(C(\C)=1)\2)=N3))=4)5))=6)))=N7)))											PlantCyc/PMN local PGDB
CPD-7138	CPD-7138	cyanidin 3,5-di- O -beta-D-glucoside	611.1612099487					C27H30O16			plantcyc <https://plantcyc.org/>	cyanidin-3,5-diglucoside	611.1612099487	C(O)[C@@H]1([C@@H](O)[C@H](O)[C@@H](O)[C@@H](O1)OC3(\C4(/C=C(C(C2(\C=C(C(/O)=C\C=2)\O))=[O+]C(\C=C(/C=3)\[O-])=4)/O[C@H]5([C@H](O)[C@@H](O)[C@H](O)[C@@H](CO)O5))))		RDFLLVCQYHQOBU-ZOTFFYTFSA-N									PlantCyc/PMN local PGDB
CPD-8908	CPD-8908	(-)-lariciresinol	360.157288503					C20H24O6			plantcyc <https://plantcyc.org/>		360.157288503	COC3(\C(\O)=C/C=C(C[C@H]2([C@@H](CO)[C@H](C1(\C=C/C(/O)=C(/C=1)/OC))OC2))\C=3)		MHXCIKYXNYCMHY-SXGZJXTBSA-N									PlantCyc/PMN local PGDB
CPD-12601	CPD-12601	beta-D-mannopyranose	180.0633881178					C6H12O6			plantcyc <https://plantcyc.org/>	beta-D-mannose	180.0633881178	C(O)[C@@H]1([C@@H](O)[C@H](O)[C@H](O)[C@H](O)O1)		WQZGKKKJIJFFOK-RWOPYEJCSA-N									PlantCyc/PMN local PGDB
CPD-602	CPD-602	5-amino-6-(5-phospho-D-ribosylamino)uracil	354.0576646112					C9H13N4O9P			plantcyc <https://plantcyc.org/>	5-amino-6-(ribosylamino)-2,4-(1H,3H)-pyrimidinedione 5'-phosphate // 5-amino-6-(5'-phosphoribosylamino)uracil	354.0576646112	C(OP(=O)([O-])[O-])[C@H]1(O[C@H]([C@H](O)[C@H](O)1)NC2(NC(=O)NC(=O)C(N)=2))		LZEXYCAGPMYXLX-UMMCILCDSA-L									PlantCyc/PMN local PGDB
CPD-4202	CPD-4202	trans -zeatin riboside triphosphate	591.0532600358					C15H20N5O14P3			plantcyc <https://plantcyc.org/>	ZTP // zeatin triphosphate // tZRTP	591.0532600358	CC(/CO)=C\CNC3(/N=C\N=C1(C(/N=C\N1[C@@H]2(O[C@H](COP(=O)([O-])OP(=O)([O-])OP(=O)([O-])[O-])[C@@H](O)[C@@H](O)2))=3))		AOFQQLZNDSBFLN-HNNGNKQASA-J									PlantCyc/PMN local PGDB
CPD-5881	CPD-5881	4a-hydroxy-L-erythro-5,6,7,8-tetrahydrobiopterin	257.1124039959					C9H15N5O4			plantcyc <https://plantcyc.org/>	4a-hydroxy-5,6,7,8-tetrahydrobiopterin // 4a-hydroxy-tetrahydropterin // (6 R )-6-(L- erythro -1,2-dihydroxypropyl)-5,6,7,8-tetrahydro-4a-hydroxypterin // (6R)-4a-hydroxy-tetrahydrobiopterin	257.1124039959	C[C@H](O)[C@H](O)[C@H]1(CNC2(\[C@@](O)(N1)C(=O)\N=C(N)/N=2))		KJKIEFUPAPPGBC-XXKOCQOQSA-N									PlantCyc/PMN local PGDB
4-HYDROXY-BUTYRYL-COA	4-HYDROXY-BUTYRYL-COA	4-hydroxybutanoyl-CoA	853.1519878024					C25H38N7O18P3S			plantcyc <https://plantcyc.org/>	4-hydroxybutyryl-CoA	853.1519878024	CC(C)([C@@H](O)C(=O)NCCC(=O)NCCSC(=O)CCCO)COP(=O)(OP(=O)(OC[C@@H]1([C@@H](OP([O-])(=O)[O-])[C@@H](O)[C@@H](O1)N2(C3(\N=C/N=C(C(\N=C/2)=3)/N))))[O-])[O-]		BAMBWCGEVIAQBF-CITAKDKDSA-J									PlantCyc/PMN local PGDB
2-HYDROXYPHYTANOYL-COA	2-HYDROXYPHYTANOYL-COA	2-hydroxyphytanoyl-CoA	1077.4023888296					C41H70N7O18P3S			plantcyc <https://plantcyc.org/>		1077.4023888296	CC(C)CCCC(C)CCCC(C)CCCC(C)C(O)C(=O)SCCNC(=O)CCNC(=O)[C@H](O)C(C)(C)COP(=O)(OP(=O)(OC[C@@H]1([C@@H](OP([O-])(=O)[O-])[C@@H](O)[C@@H](O1)N2(C3(\N=C/N=C(C(\N=C/2)=3)/N))))[O-])[O-]		WNVFJMYPVBOLKV-YLNUKALLSA-J									PlantCyc/PMN local PGDB
GDP-MANNOSE	GDP-MANNOSE	GDP-alpha-D-mannose	605.0771528021					C16H23N5O16P2			plantcyc <https://plantcyc.org/>	guanosine pyrophosphate mannose // guanosine diphosphomannose // guanosine diphosphate mannose // GDP-mannose // guanosine 5'-diphospho-D-mannose	605.0771528021	C(OP(=O)([O-])OP(O[C@H]1(O[C@@H]([C@@H](O)[C@H](O)[C@H](O)1)CO))(=O)[O-])[C@H]4(O[C@@H](N2(C3(\N=C(N)/NC(=O)C(\N=C/2)=3)))[C@H](O)[C@H](O)4)		MVMSCBBUIHUTGJ-GDJBGNAASA-L									PlantCyc/PMN local PGDB
CPD-7526	CPD-7526	9,9'-di- cis -&zeta;-carotene	540.469501926					C40H60			plantcyc <https://plantcyc.org/>		540.469501926	CC(C)=CCCC(\C)=C/CCC(/C)=C/C=C/C(\C)=C/C=C/C=C(C)/C=C/C=C(C)\CC/C=C(C)/CCC=C(C)C		BIWLELKAFXRPDE-ZURBLSRNSA-N									PlantCyc/PMN local PGDB
HMP	HMP	4-amino-2-methyl-5-pyrimidinemethanol	139.0745619266					C6H9N3O			plantcyc <https://plantcyc.org/>	hydroxymethylpyrimidine // pyramine // pyramin // Toxopyrimidine // HMP // 4-amino-2-methyl-5-hydroxymethylpyrimidine // 4-amino-5-hydroxymethyl-2-methylpyrimidine	139.0745619266	CC1(\N=C(C(/CO)=C\N=1)\N)		VUTBELPREDJDDH-UHFFFAOYSA-N									PlantCyc/PMN local PGDB
1-KETO-2-METHYLVALERATE	1-KETO-2-METHYLVALERATE	( R )-2,3-dihydroxy-3-methylpentanoate	148.0735588736					C6H11O4			plantcyc <https://plantcyc.org/>	( R )-2,3-dihydroxy-3-methylvalerate	148.0735588736	CC[C@@](C)(O)[C@H](C([O-])=O)O		PDGXJDXVGMHUIR-UJURSFKZSA-M									PlantCyc/PMN local PGDB
CPD1F-431	CPD1F-431	kaempferol-3- O -beta-gentiobioside-7- O -alpha-L-rhamnoside	756.211293726					C33H40O20			plantcyc <https://plantcyc.org/>	kaempferol-3-O-[glucopyranosyl(1-6)glucopyranoside]-7-O-rhamnopyranoside // kaempferol 3- O -glucosyl(1->6)glucoside-7- O -rhamnoside	756.211293726	C[C@@H]6(O[C@@H](OC5(\C=C4(C(\C(=O)C(/O[C@@H]1(O[C@@H]([C@H]([C@@H]([C@H]1O)O)O)CO[C@H]2([C@@H]([C@H]([C@@H]([C@H](O2)CO)O)O)O)))=C(C3(\C=C/C(/O)=C\C=3))\O4)=C(/C=5)\O)))[C@@H]([C@@H]([C@H]6O)O)O)		QFSDWLPMRWDFID-CSNYLUTCSA-N									PlantCyc/PMN local PGDB
BETA-L-ARABINOSE	BETA-L-ARABINOSE	beta-L-arabinopyranose	150.0528234315					C5H10O5			plantcyc <https://plantcyc.org/>	beta-L-arabinose	150.0528234315	C1([C@@H]([C@@H]([C@H]([C@H](O1)O)O)O)O)		SRBFZHDQGSBBOR-KLVWXMOXSA-N									PlantCyc/PMN local PGDB
CPD-6741	CPD-6741	D- myo -inositol (1,2,3,5,6) pentakisphosphate	579.8950401598					C6H7O21P5			plantcyc <https://plantcyc.org/>	1D- myo -inositol (1,2,3,5,6) penta kis phosphate // I(1,2,3,5,6)P 5	579.8950401598	[C@H]1(O)([C@H](OP(=O)([O-])[O-])[C@@H](OP([O-])(=O)[O-])[C@H](OP([O-])([O-])=O)[C@H](OP(=O)([O-])[O-])[C@H](OP(=O)([O-])[O-])1)		CTPQAXVNYGZUAJ-UOTPTPDRSA-D									PlantCyc/PMN local PGDB
CPD1F-453	CPD1F-453	kaempferol 3- O -beta-D-glucoside	448.1005614851					C21H19O11			plantcyc <https://plantcyc.org/>	kaempferol-3- O -D-glucoside // kaempferol-3-glucoside // astragalin	448.1005614851	C(O)[C@@H]4([C@@H](O)[C@H](O)[C@@H](O)[C@H](OC2(\C(=O)C3(/C(/O)=C\C(\[O-])=C/C(/OC(\C1(/C=C\C(\O)=C/C=1))=2)=3)))O4)		JPUKWEQWGBDDQB-QSOFNFLRSA-M									PlantCyc/PMN local PGDB
INDOLE-3-ACETYL-GLU	INDOLE-3-ACETYL-GLU	(indol-3-yl)acetyl-L-glutamate	304.1059216345					C15H14N2O5			plantcyc <https://plantcyc.org/>	indole-3-acetyl-Glu // indole-3-acetyl-glutamic acid	304.1059216345	C(CC1(\C2(/C=C\C=C/C(/N\C=1)=2)))(N[C@H](C(=O)[O-])CCC([O-])=O)=O		YRKLGWOHYXIKSF-LBPRGKRZSA-L									PlantCyc/PMN local PGDB
CPD-6949	CPD-6949	taraxasterol	426.3861662271					C30H50O			plantcyc <https://plantcyc.org/>		426.3861662271	C=C4(CC[C@]5(C)(CC[C@]2(C)([C@H](CC[C@@H]1([C@@]3(C)(CC[C@H](O)C(C)(C)[C@H](CC[C@](C)12)3)))[C@@H]([C@H](C)4)5)))		XWMMEBCFHUKHEX-ZJJHUPNDSA-N									PlantCyc/PMN local PGDB
CPD-10792	CPD-10792	2-amino-3,7-dideoxy-D-threo-hept-6-ulosonate	191.079372533					C7H13NO5			plantcyc <https://plantcyc.org/>	ADTH // 2-amino-2,3,7-trideoxy-D- lyxo -hept-6-ulosonic acid	191.079372533	CC(=O)[C@@H](O)[C@H](O)C[C@H]([NH3+])C([O-])=O		IFMHGOADXGYWMO-KVQBGUIXSA-N									PlantCyc/PMN local PGDB
CPD-698	CPD-698	campest-4-en-3-one	398.3548660987					C28H46O			plantcyc <https://plantcyc.org/>	methylcholestenone // (24 R )-24-methyl-cholest-4-en-3-one // 3-dehydro-&Delta; 4-5 -campesterol	398.3548660987	CC(C)[C@H](C)CC[C@@H](C)[C@H]3(CC[C@H]4([C@@H]2(CCC1(\[C@@](CCC(=O)\C=1)(C)[C@H]2CC[C@](C)34))))		QQIOPZFVTIHASB-IMUDCKKOSA-N									PlantCyc/PMN local PGDB
CPD-23987	CPD-23987	11beta-hydroxydihydrotestosterone	306.2194948293					C19H30O3			plantcyc <https://plantcyc.org/>	11OHDHT	306.2194948293	C[C@@]34([C@H]2([C@H]([C@H]1([C@@](C)([C@@H](O)CC1)C[C@H](O)2))CC[C@H]3CC(=O)CC4))		WARJRVLSUJRZKT-QHTZCDKYSA-N									PlantCyc/PMN local PGDB
CPD-22130	CPD-22130	31-norcycloartanol	414.3861662271					C29H50O			plantcyc <https://plantcyc.org/>	(3beta,9beta)-4beta-demethyl-9,19-cyclolanost-3-ol	414.3861662271	CC(C)CCC[C@@H](C)[C@H]3(CC[C@@]4(C)([C@@H]1(CC[C@H]5([C@H](C)[C@@H](O)CC[C@@]2(C[C@@]12CC[C@](C)34)5))))		RXPPOAQPYLFCAS-WXPWFURYSA-N									PlantCyc/PMN local PGDB
CPD-25240	CPD-25240	N 1 -(1-deoxy-D-fructos-1-yl)-L-lysine	308.1583511355					C12H25N2O7			plantcyc <https://plantcyc.org/>	N alpha -(D-fructosyl)-L-lysine	308.1583511355	C([C@@]1(O)(OC[C@@H](O)[C@@H](O)[C@H](O)1))[NH2+][C@H](C(=O)[O-])CCCC[NH3+]		MJTOFLFMNGKVNS-TYCYOEEFSA-O									PlantCyc/PMN local PGDB
CPD-9928	CPD-9928	BPH-700	483.9316411462					C16H16O6PSK3			plantcyc <https://plantcyc.org/>		483.9316411462	C(S(O[K])(=O)=O)(P(=O)(O[K])O[K])CCCC2(\C=C/C(/C1(\C=C/C=C\C=1))=C\C=2)		LBNUOQAEVSXSSE-UHFFFAOYSA-K									PlantCyc/PMN local PGDB
PHMB	PHMB	p-hydroxymercuribenzoate	340.0023200589					C7H5O3HG			plantcyc <https://plantcyc.org/>	(p-carboxyphenyl)hydroxymercury // p-hydroxymercuribenzoic acid // PHMB	340.0023200589	C1(=C/C=C(\C=C/1)/C(=O)[O-])[Hg]O		WMHRYLDWLOGHSG-UHFFFAOYSA-L									PlantCyc/PMN local PGDB
E-2-METHOXYCARBONYLMETHYLBUTENEDIOAT	E-2-METHOXYCARBONYLMETHYLBUTENEDIOAT	(E)-2-(methoxycarbonylmethyl)butenedioate	188.0320879894					C7H6O6			plantcyc <https://plantcyc.org/>		188.0320879894	COC(=O)CC(/C(=O)[O-])=C\C(=O)[O-]		MRNZYUAGJLJQAM-DUXPYHPUSA-L									PlantCyc/PMN local PGDB
CPD-470	CPD-470	L-2,4-diaminobutanoate	118.0742275756					C4H11N2O2			plantcyc <https://plantcyc.org/>	diaminobutyrate // 2,4-diamino-L-butyrate // L-2,4-diaminobutyrate // L-2,4-diaminobutyric acid // (2S)-2,4-diaminobutanoate	118.0742275756	C(C[C@@H](C([O-])=O)[NH3+])[NH3+]		OGNSCSPNOLGXSM-VKHMYHEASA-O									PlantCyc/PMN local PGDB
PICOLINATE	PICOLINATE	picolinate	123.0320284099					C6H4NO2			plantcyc <https://plantcyc.org/>	2-pyridinecarboxylate // picolinic acid // 2-pyridine carboxylic acid // 2-picolinate // 2-picolinic acid	123.0320284099	C1(\N=C(\C=C/C=1)\C([O-])=O)		SIOXPEMLGUPBBT-UHFFFAOYSA-M									PlantCyc/PMN local PGDB
PSEUDOURIDINE-5-P	PSEUDOURIDINE-5-P	pseudouridine 5'-phosphate	324.0358665366					C9H11N2O9P			plantcyc <https://plantcyc.org/>		324.0358665366	C2(\NC(=O)NC(C(/[C@H]1([C@@H]([C@@H]([C@@H](COP(=O)([O-])[O-])O1)O)O))=2)=O)		MOBMOJGXNHLLIR-GBNDHIKLSA-L									PlantCyc/PMN local PGDB
OLEATE-CPD	OLEATE-CPD	oleate	282.2558803356					C18H33O2			plantcyc <https://plantcyc.org/>	oleic acid // (9Z)-octadec-9-enoate // (9Z)-octadecenoate // (9Z)-octadecenoic acid // (9Z)-octadec-9-enoic acid // (Z)-octadec-9-enoic acid // 18:1 n-9 // 18:1&Delta;9cis // C18:1 n-9 // cis-9-octadecenoic acid // cis-&Delta; 9 -octadecenoic acid // cis-oleic acid // octadec-9-enoic acid // octadecenoate (n-C18:1) // 9-octadecenoic acid	282.2558803356	CCCCCCCC\C=C/CCCCCCCC([O-])=O		ZQPPMHVWECSIRJ-KTKRTIGZSA-M									PlantCyc/PMN local PGDB
NMNH	NMNH	reduced beta-nicotinamide D-ribonucleotide	336.0722520429					C11H15N2O8P			plantcyc <https://plantcyc.org/>	nicotinamide mononucleotide (reduced) // NMNH	336.0722520429	C1(/N(\C=C/CC(/C(N)=O)=1)[C@@H]2(O[C@H](COP(=O)([O-])[O-])[C@@H](O)[C@@H](O)2))		XQHMUSRSLNRVGA-TURQNECASA-L									PlantCyc/PMN local PGDB
GERANYLGERANYL-PP	GERANYLGERANYL-PP	geranylgeranyl diphosphate	450.1936265303					C20H33O7P2			plantcyc <https://plantcyc.org/>	GGPP // all- trans -geranyl-geranyl-pp // geranylgeranyl-PP // (2E,6E,10E)-geranylgeranyl diphosphate // &omega;, E , E , E -geranylgeranyl diphosphate // (2E,6E,10E)-3,7,11,15-tetramethylhexadeca-2,6,10,14-tetraen-1-yl diphosphate // all- trans -geranylgeranyl diphosphate // 2- trans ,6- trans ,10- trans -geranylgeranyl diphosphate // geranylgeranyl pyrophosphate	450.1936265303	CC(C)=CCCC(\C)=C/CCC(\C)=C/CCC(\C)=C/COP(=O)([O-])OP(=O)([O-])[O-]		OINNEUNVOZHBOX-QIRCYJPOSA-K									PlantCyc/PMN local PGDB
CPD-14795	CPD-14795	UDP- N -acetyl-alpha-D-galactosamine	607.081569478					C17H25N3O17P2			plantcyc <https://plantcyc.org/>	UDP-GalNAc // Uridine 5'-diphospho- N -acetylgalactosamine	607.081569478	CC(N[C@H]3([C@@H](OP(OP(OC[C@@H]2([C@H]([C@H]([C@H](N1(\C=C/C(=O)NC1=O))O2)O)O))(=O)[O-])(=O)[O-])O[C@@H]([C@@H]([C@@H]3O)O)CO))=O		LFTYTUAZOPRMMI-NESSUJCYSA-L									PlantCyc/PMN local PGDB
CPD-20926	CPD-20926	1-(4-methoxyphenyl)-N-methyl-N-[(3-methyloxetan-3-yl)methyl]methanamine	235.1572289235					C14H22NO2			plantcyc <https://plantcyc.org/>		235.1572289235	CC1(COC1)C[NH+](C)CC2(\C=C/C(/OC)=C\C=2)		PHGMVEPLTMCGOB-UHFFFAOYSA-O									PlantCyc/PMN local PGDB
CPD-14755	CPD-14755	aureobasidin A	1100.6885558379					C60H92N8O11			plantcyc <https://plantcyc.org/>	R 106 // basifungin	1100.6885558379	CC[C@H](C)[C@@H]2(NC(=O)[C@@H]4(CCCN(C(=O)[C@@H](N(C)C([C@H](CC1(\C=C/C=C\C=1))NC(=O)[C@@H](N(C)C(=O)[C@@H](C(CC)C)OC(=O)[C@H](C(O)(C)C)N(C)C(=O)[C@H](CC(C)C)NC([C@H](C(C)C)N(C)C(=O)2)=O)C(C)C)=O)CC3(\C=C/C=C\C=3))4))		RLMLFADXHJLPSQ-MJQYLNDYSA-N									PlantCyc/PMN local PGDB
CPD0-2617	CPD0-2617	dTDP-6-deoxy-alpha-D-glucose	548.0808411965					C16H24N2O15P2			plantcyc <https://plantcyc.org/>	dTDP-alpha-D-quinovose	548.0808411965	CC1(\C(=O)NC(N(\C=1)[C@H]3(C[C@H](O)[C@@H](COP(=O)([O-])OP(O[C@H]2(O[C@H](C)[C@@H](O)[C@H](O)[C@@H](O)2))(=O)[O-])O3))=O)		ZOSQFDVXNQFKBY-LPGAPTBISA-L									PlantCyc/PMN local PGDB
CPDQT-41	CPDQT-41	10-(methylsulfanyl)-2-oxodecanoate	232.1133151983					C11H19O3S			plantcyc <https://plantcyc.org/>	10-(methylthio)-2-oxo-decanoic acid // 10-(methylthio)-2-oxodecanoate	232.1133151983	CSCCCCCCCCC(=O)C([O-])=O		IEZWLIJBCDCGEU-UHFFFAOYSA-M									PlantCyc/PMN local PGDB
CPDQT-388	CPDQT-388	15-nonacosanol	424.4644165481					C29H60O			plantcyc <https://plantcyc.org/>		424.4644165481	CCCCCCCCCCCCCCC(O)CCCCCCCCCCCCCC											PlantCyc/PMN local PGDB
CPDQT-32	CPDQT-32	2-[(4'-methylsulfanyl)butyl]malate	236.0718443141					C9H14O5S			plantcyc <https://plantcyc.org/>	2-[(4'-methylthio)butyl]malic acid // 2-[(4'-methylthio)butyl]malate	236.0718443141	CSCCCCC(O)(CC([O-])=O)C(=O)[O-]		MHYITDUVXNMMNZ-UHFFFAOYSA-L									PlantCyc/PMN local PGDB
CHLOROACETOL-PHOSPHATE	CHLOROACETOL-PHOSPHATE	chloroacetol-phosphate	187.9641375231					C3H4O5PCL			plantcyc <https://plantcyc.org/>	1-hydroxy-3-chloro-2-propanone-phosphate	187.9641375231	C(C(COP([O-])(=O)[O-])=O)Cl		OAZBZQJUELMYST-UHFFFAOYSA-L									PlantCyc/PMN local PGDB
PREPHENATE	PREPHENATE	prephenate	226.0477380536					C10H8O6			plantcyc <https://plantcyc.org/>		226.0477380536	C(=O)([O-])C(=O)C[C@]1(C(=O)[O-])(\C=C/[C@@H](O)\C=C/1)		FPWMCUPFBRFMLH-XGAOUMNUSA-L									PlantCyc/PMN local PGDB
CPD-19481	CPD-19481	2-[(2'-methylsulfanyl)heptyl]maleate	260.1082298204					C12H18O4S			plantcyc <https://plantcyc.org/>	2-[(2'-methylthio)heptyl]maleate	260.1082298204	CSCCCCCCCC(\C(=O)[O-])=C\C([O-])=O		GADMIJGPIIRJII-KTKRTIGZSA-L									PlantCyc/PMN local PGDB
CPD-7061	CPD-7061	pheophorbide a	592.2685702869					C35H34N4O5			plantcyc <https://plantcyc.org/>	pheide a	592.2685702869	C=CC1(\C3(\NC(/C(\C)=1)=C/C2([C@@H](C)[C@H](CCC(=O)[O-])C(\N=2)=C5([C-](C(OC)=O)C(=O)C6(\C(/C)=C(\C=C4(C(/CC)=C(C)/C(\C=3)=N\4))/NC/5=6)))))		UXWYEAZHZLZDGM-ZVEVZSNKSA-M									PlantCyc/PMN local PGDB
OXALATE	OXALATE	oxalate	89.9953085526					C2O4			plantcyc <https://plantcyc.org/>	oxalic acid // ethanedioic acid	89.9953085526	C([O-])(C(=O)[O-])=O		MUBZPKHOEPUJKR-UHFFFAOYSA-L									PlantCyc/PMN local PGDB
2-FUROATE	2-FUROATE	2-furoate	112.0160439947					C5H3O3			plantcyc <https://plantcyc.org/>	L-THFA // L-tetrahydro-2-furoic acid	112.0160439947	C(C1(\O\C=C/C=1))([O-])=O		SMNDYUVBFMFKNZ-UHFFFAOYSA-M									PlantCyc/PMN local PGDB
CPD-19719	CPD-19719	verdoheme	621.1800372906					C33H29N4O5FE			plantcyc <https://plantcyc.org/>		621.1800372906	C=CC1(\C3(/C=C8(C(/C)=C(CCC(=O)[O-])/C4(/N([Fe-2]26(N7(C(/[O+]=C(C(/C)=1)[N+]\2=3)=C(C=C)\C(/C)=C(\C=C5(C(/C)=C(CCC(=O)[O-])/C(\C=4)=[N+]5/6))/7)))8))))		JFGVATQDLBFQRV-HPQJSUICSA-K									PlantCyc/PMN local PGDB
CGMP	CGMP	3',5'-cyclic GMP	345.0474342759					C10H11N5O7P			plantcyc <https://plantcyc.org/>	cyclic-GMP // guanosine-cyclic-phosphoric-acid // cGMP // guanosine cyclic-monophosphate // guanosine 3',5'-cyclic-monophosphate // guanosine 3',5'-cyclic phosphate // cyclic 3',5'-guanosine monophosphate // guanosine 3',5'-cyclic monophosphate	345.0474342759	C4([C@@H]3([C@H]([C@H]([C@H](N1(C2(\N=C(N)/NC(=O)C(\N=C/1)=2)))O3)O)OP(O4)(=O)[O-]))		ZOOGRGPOEVQQDX-UUOKFMHZSA-M									PlantCyc/PMN local PGDB
CPD-17375	CPD-17375	1-[18-hydroxyoeoyl]-2-[18-hydroxy-linoleoyl]- sn -glycerol	650.5121546017					C39H70O7			plantcyc <https://plantcyc.org/>		650.5121546017	C(O)CCCCCCC\C=C/CCCCCCCC(OC[C@@H](OC(=O)CCCCCCC\C=C/C\C=C/CCCCCO)CO)=O		RCALBBVHQNUWNO-OSFDYRCISA-N									PlantCyc/PMN local PGDB
CPD-24362	CPD-24362	dimethylarsinic acid	137.9662008689					C2H7O2AS			plantcyc <https://plantcyc.org/>	DMA V // DMA(V) // cacodylic acid	137.9662008689	C[As](C)(=O)O		OGGXGZAMXPVRFZ-UHFFFAOYSA-N									PlantCyc/PMN local PGDB
CPD-14825	CPD-14825	luteolin-7- O -gentiobioside	610.1533849166					C27H30O16			plantcyc <https://plantcyc.org/>		610.1533849166	C5(/C=C(C(/O)=C\C(\C1(\OC2(/C=C(/C=C(C(\C(=O)\C=1)=2)/O)/O[C@@H]4(O[C@H](CO[C@@H]3(O[C@H](CO)[C@@H](O)[C@H](O)[C@@H](O)3))[C@@H](O)[C@H](O)[C@@H](O)4))))=5)/O)		LDTDRTSKWGQBAA-IPOZFMEPSA-N									PlantCyc/PMN local PGDB
CPD-5521	CPD-5521	quercetin-3- O -glucoside-7- O -rhamnoside	610.1533849166					C27H30O16			plantcyc <https://plantcyc.org/>		610.1533849166	C[C@@H]5(O[C@H](OC3(\C=C(C4(\C(C(/O[C@H]1([C@@H]([C@H]([C@@H]([C@H](O1)CO)O)O)O))=C(C2(\C=C/C(/O)=C(/C=2)/O))\OC(/C=3)=4)=O))\O))[C@@H]([C@@H]([C@H]5O)O)O)		OTUCXMIQUNROBJ-NVPNHPEKSA-N									PlantCyc/PMN local PGDB
P-HYDROXY-PHENYLPYRUVATE	P-HYDROXY-PHENYLPYRUVATE	3-(4-hydroxyphenyl)pyruvate	180.0422587452					C9H7O4			plantcyc <https://plantcyc.org/>	p-hydroxyphenylpyruvic acid // 4-hydroxyphenylpyruvate // hydroxyphenylpyruvate // p -hydroxyphenylpyruvate	180.0422587452	C1(\C(/CC(C([O-])=O)=O)=C/C=C(\C=1)/O)		KKADPXVIOXHVKN-UHFFFAOYSA-M									PlantCyc/PMN local PGDB
CPD-4186	CPD-4186	lathosterol	386.3548660987					C27H46O			plantcyc <https://plantcyc.org/>	cholesta-7-en-3beta-ol // 5alpha-cholest-7-en-3beta-ol // alpha-cholest-7-en-3beta-ol // cholesta-7-enol // &Delta; 7 -cholesten-3-beta-ol // gamma-cholesterol	386.3548660987	CC(C)CCC[C@H]([C@@H]4([C@]1(C)([C@H](C2([C@H](CC1)[C@]3(C)([C@@H](CC=2)C[C@@H](O)CC3)))CC4)))C		IZVFFXVYBHFIHY-SKCNUYALSA-N									PlantCyc/PMN local PGDB
CPDQT-31	CPDQT-31	2-[(3'-methylsulfanyl)propyl]malate	222.0561942499					C8H12O5S			plantcyc <https://plantcyc.org/>	2-[(3'-methylthio)propyl]malic acid // 2-[(3'-methylthio)propyl]malate	222.0561942499	CSCCCC(O)(CC([O-])=O)C(=O)[O-]		WLOKFRZXOVZGIN-UHFFFAOYSA-L									PlantCyc/PMN local PGDB
APS	APS	adenosine 5'-phosphosulfate	427.0198988964					C10H12N5O10PS			plantcyc <https://plantcyc.org/>	adenylyl-sulfate // APS // adenosine phosphosulfate // adenosine 5'-sulphatophosphate	427.0198988964	C(OP([O-])(OS(=O)([O-])=O)=O)[C@H]3(O[C@@H](N1(C2(\C(\N=C/1)=C(N)/N=C\N=2)))[C@H](O)[C@H](O)3)		IRLPACMLTUPBCL-KQYNXXCUSA-L									PlantCyc/PMN local PGDB
CPD-12404	CPD-12404	1-(methylsulfanyl)-9- aci -nitrononane	221.1449496777					C10H21NO2S			plantcyc <https://plantcyc.org/>	9-(methylsulfanyl)nonan-1-ylideneazinate	221.1449496777	C(CCCCCCCCSC)=[N+]([O-])O		YNGGFUNKMBPTPS-UHFFFAOYSA-N									PlantCyc/PMN local PGDB
CPD-13369	CPD-13369	13-apo-beta-carotenone	258.1983654567					C18H26O			plantcyc <https://plantcyc.org/>	13-apo-beta-caroten-12-one	258.1983654567	CC(/C=C/C1(/C(C)(C)CCCC(/C)=1))=C\C=C\C(C)=O		UBTNVRPIHJRBCI-LUXGDSJYSA-N									PlantCyc/PMN local PGDB
CPD-8084	CPD-8084	1-18:3-2-18:2-digalactosyldiacylglycerol	938.5966720921					C51H86O15			plantcyc <https://plantcyc.org/>	18:3-18:2-DGDG	938.5966720921	C(O)C1(OC(C(O)C(O)C1O)OC2(C(CO)OC(C(O)C2O)OC(COC([R1])=O)COC([R2])=O))		OHMFSKZMPVONKQ-IERPWCHASA-N									PlantCyc/PMN local PGDB
TRANS-3-METHYL-GLUTACONYL-COA	TRANS-3-METHYL-GLUTACONYL-COA	3-methylglutaconyl-CoA	893.1469024245					C27H37N7O19P3S			plantcyc <https://plantcyc.org/>	trans -3-methylglutaconyl-CoA // ( E )-3-methylglutaconyl-1-CoA	893.1469024245	CC(/CC(=O)[O-])=C\C(=O)SCCNC(=O)CCNC(=O)[C@H](O)C(C)(C)COP(=O)(OP(=O)(OC[C@@H]1([C@@H](OP([O-])(=O)[O-])[C@@H](O)[C@@H](O1)N2(C3(\N=C/N=C(C(\N=C/2)=3)/N))))[O-])[O-]		GXKSHRDAHFLWPN-RKYLSHMCSA-I									PlantCyc/PMN local PGDB
CPD-13222	CPD-13222	trans -4-hexen-3-one	98.0731649431					C6H10O			plantcyc <https://plantcyc.org/>	trans -4-hexene-3-one // ( E )-4-hexen-3-one // ( E )-hex-4-en-3-one // ( E )-2-hexene-4-one // 4-hexen-3-one, (4 E )- // ( E )-2-hexen-4-one	98.0731649431	C/C=C/C(CC)=O		FEWIGMWODIRUJM-HWKANZROSA-N									PlantCyc/PMN local PGDB
3-OXODODECANOATE	3-OXODODECANOATE	3-oxo-dodecanoate	214.1568945725					C12H21O3			plantcyc <https://plantcyc.org/>	3-oxododecanoic acid	214.1568945725	CCCCCCCCCC(CC([O-])=O)=O		DZHSPYMHDVROSM-UHFFFAOYSA-M									PlantCyc/PMN local PGDB
CPD-19547	CPD-19547	N -propargylglycine	113.0476784741					C5H6NO2			plantcyc <https://plantcyc.org/>	(S)-2-(prop-2-ynylamino)acetate // (2S)-2-(ethynylamino)propanoate	113.0476784741	C#CN[C@H](C(=O)[O-])C		LXAXDNARFSIPLO-BYPYZUCNSA-M									PlantCyc/PMN local PGDB
CPD-716	CPD-716	teasterone	448.3552600292					C28H48O4			plantcyc <https://plantcyc.org/>		448.3552600292	CC(C)[C@H](C)[C@@H](O)[C@H](O)[C@@H](C)[C@H]3(CC[C@H]4([C@@H]2(CC(=O)[C@H]1(C[C@@H](O)CC[C@@](C)1[C@H]2CC[C@](C)34))))		SBSXXCCMIWEPEE-GZKYLSGOSA-N									PlantCyc/PMN local PGDB
2K-4CH3-PENTANOATE	2K-4CH3-PENTANOATE	4-methyl-2-oxopentanoate	130.0629941873					C6H9O3			plantcyc <https://plantcyc.org/>	2-keto-4-methyl-pentanoate // 2-oxoisocaproate // 2-oxo-4-methylpentanoate // alpha-ketoisocaproate // alpha-oxoisocaproate // 2-ketoisocaproate // ketoleucine // 4-methyl-2-oxopentanoic acid // 2-ketoisocaproic acid // 2-oxoisocaproic acid	130.0629941873	CC(C)CC(C([O-])=O)=O		BKAJNAXTPSGJCU-UHFFFAOYSA-M									PlantCyc/PMN local PGDB
CPD-11505	CPD-11505	olivetol	180.1150297578					C11H16O2			plantcyc <https://plantcyc.org/>	5-pentylresorcinol // 5-n-amylresorcinol	180.1150297578	CCCCCC1(\C=C(/C=C(\C=1)/O)\O)		IRMPFYJSHJGOPE-UHFFFAOYSA-N									PlantCyc/PMN local PGDB
CPD-7728	CPD-7728	9'-hydroxyabscisate	280.1310737525					C15H19O5			plantcyc <https://plantcyc.org/>	9'-HOABA // 9'-hydroxyavscesic acid	280.1310737525	CC(\C=C\[C@@]1(O)(C(/C)=C/C(=O)C[C@](CO)(C)1))=C\C([O-])=O		AVFORCKFTWHFAR-QOMXHDIWSA-M									PlantCyc/PMN local PGDB
S-LACTOYL-GLUTATHIONE	S-LACTOYL-GLUTATHIONE	( R )- S -lactoylglutathione	379.1049353565					C13H20N3O8S			plantcyc <https://plantcyc.org/>	S-D-lactoylglutathione // D-lactoylglutathione	379.1049353565	C[C@@H](O)C(=O)SC[C@@H](C(NCC([O-])=O)=O)NC(=O)CC[C@H]([NH3+])C([O-])=O		VDYDCVUWILIYQF-CSMHCCOUSA-M									PlantCyc/PMN local PGDB
GERANYL-PP	GERANYL-PP	geranyl diphosphate	314.0684260167					C10H17O7P2			plantcyc <https://plantcyc.org/>	geranyl-diphosphate // geranyl-pyrophosphate // GPP // geranyl-PP // geranyl pyrophosphate // &omega;,E-geranyl diphosphate	314.0684260167	CC(C)=CCCC(\C)=C/COP([O-])(OP(=O)([O-])[O-])=O		GVVPGTZRZFNKDS-JXMROGBWSA-K									PlantCyc/PMN local PGDB
CPD-23404	CPD-23404	avenanthramide A	299.079372533					C16H12NO5			plantcyc <https://plantcyc.org/>	2-[(4-hydroxycinnamoyl)amino]-5-hydroxybenzoate	299.079372533	C([O-])(=O)C2(/C=C(\C=C/C(/NC(=O)/C=C/C1(\C=C/C(/O)=C\C=1))=2)/O)		QGUMNWHANDITDB-FPYGCLRLSA-M									PlantCyc/PMN local PGDB
CPD-1789	CPD-1789	dehydro-D-arabinono-1,4-lactone	146.0215233031					C5H6O5			plantcyc <https://plantcyc.org/>	(5R)-3,4-dihydroxy-5-(hydroxymethyl)furan-2(5H)-one // D-erythro-ascorbic acid // D-erythro-ascorbate	146.0215233031	C(O)[C@@H]1(C(\O)=C(C(=O)O1)\O)		ZZZCUOFIHGPKAK-UWTATZPHSA-N									PlantCyc/PMN local PGDB
CPD-13371	CPD-13371	pseudoionone	192.1514152641					C13H20O			plantcyc <https://plantcyc.org/>		192.1514152641	CC(C)=CCCC(\C)=C/C=C/C(C)=O		JXJIQCXXJGRKRJ-KOOBJXAQSA-N									PlantCyc/PMN local PGDB
CPD-21649	CPD-21649	4-hydroxyindole-3-carbonyl nitrile	186.0429274472					C10H6N2O2			plantcyc <https://plantcyc.org/>	4-OH-ICN	186.0429274472	C(#N)C(=O)C1(\C2(\C(\N/C=1)=C/C=C\C(\O)=2))		KVUDODPZCDAFRS-UHFFFAOYSA-N									PlantCyc/PMN local PGDB
CPD1F-84	CPD1F-84	gibberellin A 25	362.1729385672					C20H23O6			plantcyc <https://plantcyc.org/>	GA25	362.1729385672	C=C1([C@H]2(C[C@]3(C1)([C@H]([C@@H]4([C@@](C)(CCC[C@@](C(=O)[O-])([C@@H](CC2)3)4)C([O-])=O))C([O-])=O)))		XOUJCIPAKFLTCI-POPXMCHDSA-K									PlantCyc/PMN local PGDB
CPD-15159	CPD-15159	(6R)-L- erythro -6,7-dihydrobiopterin	239.1018393096					C9H13N5O3			plantcyc <https://plantcyc.org/>	erythro -quinonoid dihydro-(6H)-biopterin // erythro -quinoid dihydrobiopterin // (6R)- erythro -6,7-dihydrobiopterin	239.1018393096	C[C@H](O)[C@H](O)[C@@H]1(/N=C2(C(/NC1)=N\C(/N)=N/C(=O)2))		ZHQJVZLJDXWFFX-RPDRRWSUSA-N									PlantCyc/PMN local PGDB
CPD-12636	CPD-12636	2-(cystein- S -yl)-2-(1H-indol-3-yl)-acetonitrile	275.0728473671					C13H13N3O2S			plantcyc <https://plantcyc.org/>	Cys(IAN) // IAN-cysteine conjugate // 2-amino-3-{[cyano(1H-indol-3-yl)methyl]sulfanyl}propanoic acid // indole-3-acetonitrile-cysteine conjugate	275.0728473671	C1(/NC2(/C=C\C=C/C(/C(/C(SC[C@@H](C([O-])=O)[NH3+])C#N)=1)=2))		XNBDZHNCVGUXMR-NUHJPDEHSA-N									PlantCyc/PMN local PGDB
2-HEXAPRENYL-6-METHOXY-14-BENZOQUINOL	2-HEXAPRENYL-6-METHOXY-14-BENZOQUINOL	2-methoxy-6-( all trans -hexaprenyl)benzene-1,4-diol	548.4229456639					C37H56O3			plantcyc <https://plantcyc.org/>	2-methoxy-6-hexaprenyl-1,4-benzoquinol // 2-hexaprenyl-6-methoxy-1,4-benzoquinol // 6-methoxy-2-hexaprenylhydroquinone // all-trans-6-methoxy-2-hexaprenylhydroquinone // 2- all trans -hexaprenyl-6-methoxyhydroquinone // 2-methoxy-6- all trans -hexaprenyl-1,4-benzoquinol	548.4229456639	CC(C)=CCCC(\C)=C/CCC(\C)=C/CCC(\C)=C/CCC(\C)=C/CCC(\C)=C/CC1(\C(\O)=C(/C=C(\C=1)/O)\OC)		ZAGWHOPYPMUKOK-FRICUITQSA-N									PlantCyc/PMN local PGDB
DI-H-OROTATE	DI-H-OROTATE	( S )-dihydroorotate	158.0327566914					C5H5N2O4			plantcyc <https://plantcyc.org/>	dihydro-L-orotate // ( S )-4,5-dihydroorotate // ( S )-4,5-dihydroorotic acid // ( S )-hydroorotic acid // ( S )-di-H-orotate // L-dihydroorotate // 4,5-dihydro-L-orotate // L-4,5-dihydroorotate // ( S )-4-pyrimidinecarboxylic acid	158.0327566914	C1(C(=O)NC(=O)N[C@H](C(=O)[O-])1)		UFIVEPVSAGBUSI-REOHCLBHSA-M									PlantCyc/PMN local PGDB
CPD-8990	CPD-8990	L-methionine-( R )- S -oxide	165.0459639146					C5H11NO3S			plantcyc <https://plantcyc.org/>	L-methionine- R -sulfoxide	165.0459639146	CS(=O)CC[C@H]([NH3+])C(=O)[O-]		QEFRNWWLZKMPFJ-ZXPFJRLXSA-N									PlantCyc/PMN local PGDB
CPD-12116	CPD-12116	demethylmenaquinol-6	568.4280310418					C40H56O2			plantcyc <https://plantcyc.org/>	DMKH2-6	568.4280310418	CC(C)=CCCC(\C)=C/CCC(\C)=C/CCC(\C)=C/CCC(\C)=C/CCC(\C)=C/CC1(/C=C(C2(/C=C\C=C/C(/C(/O)=1)=2))/O)		UFAXPZAZHZPELJ-ROTSUDQPSA-N									PlantCyc/PMN local PGDB
CPD-9582	CPD-9582	(indol-3-yl)acetyl-L-phenylalanine	322.1317424545					C19H17N2O3			plantcyc <https://plantcyc.org/>	IAA-phenylalanine	322.1317424545	C(CC1(\C2(/C=C\C=C/C(/N\C=1)=2)))(N[C@H](C(=O)[O-])CC3(\C=C/C=C\C=3))=O		BUGQHORRADGONS-KRWDZBQOSA-M									PlantCyc/PMN local PGDB
COPROPORPHYRINOGEN_III	COPROPORPHYRINOGEN_III	coproporphyrinogen III	660.31591441					C36H40N4O8			plantcyc <https://plantcyc.org/>		660.31591441	CC2(\C(/CCC([O-])=O)=C1(CC5(\NC(/CC4(\NC(/CC3(\NC(/CC(\N1)=2)=C(C)/C(\CCC([O-])=O)=3))=C(CCC([O-])=O)/C(\C)=4))=C(CCC(=O)[O-])/C(\C)=5)))		NIUVHXTXUXOFEB-UHFFFAOYSA-J									PlantCyc/PMN local PGDB
CPD-7199	CPD-7199	3-hydroxy-9-apo-delta-caroten-9-one	208.1463298862					C13H20O2			plantcyc <https://plantcyc.org/>		208.1463298862	CC1(\C(C(C[C@@H](\C=1)O)(C)C)/C=C/C(=O)C)		FDSNVAKZRJLMJN-VIEBRROSSA-N									PlantCyc/PMN local PGDB
CPD-18131	CPD-18131	(2E,4Z,6E)-5-formyl-2-hydroxy-8-oxoocta-2,4,6-trienoate	196.0371733673					C9H7O5			plantcyc <https://plantcyc.org/>	(2E,4Z,6E)-5-formyl-2-hydroxy-8-oxoocta-2,4,6-trienoic acid	196.0371733673	C(=O)/C=C/C(/C=O)=C/C=C(C([O-])=O)/O		IGPCHXWXWBHSFS-WTTCWNDYSA-M									PlantCyc/PMN local PGDB
CPD-18580	CPD-18580	C32-phthiocerol A	498.5011959849					C32H66O3			plantcyc <https://plantcyc.org/>	3-methoxy-4-methyl-triacontane-9,11-diol	498.5011959849	CCCCCCCCCCCCCCCCCCC[C@@H](O)C[C@H](O)CCCC[C@H](C)[C@H](OC)CC		LMPCWEJSURZPHA-SYEZAVJTSA-N									PlantCyc/PMN local PGDB
TAXA-411-DIENE	TAXA-411-DIENE	taxa-4(5),11(12)-diene	272.2504010272					C20H32			plantcyc <https://plantcyc.org/>	taxa-4,11-diene	272.2504010272	CC2(\[C@H]1(C[C@@H]3(CCC(/C)=C(CC[C@@](C)1CC\C=2)/C(C)(C)3)))		FRJSECSOXKQMOD-HQRMLTQVSA-N									PlantCyc/PMN local PGDB
CPD-21172	CPD-21172	indol-3-ylmethylisothiocyanate-[gamma-Glu-Cys}	438.1031612175					C18H21N4O5S2			plantcyc <https://plantcyc.org/>		438.1031612175	C(NC(SC[C@@H](C([O-])=O)NC(=O)CC[C@H]([NH3+])C([O-])=O)=S)C1(\C2(/C=C\C=C/C(/N/C=1)=2))		GZOFCUCPYZIBSD-JSGCOSHPSA-M									PlantCyc/PMN local PGDB
CPD-10330	CPD-10330	alpha-D-ribofuranose	150.0528234315					C5H10O5			plantcyc <https://plantcyc.org/>	alpha D-ribose	150.0528234315	C(O)[C@@H]1([C@H]([C@H]([C@@H](O)O1)O)O)		HMFHBZSHGGEWLO-AIHAYLRMSA-N									PlantCyc/PMN local PGDB
CPD-11594	CPD-11594	15-hydroxypentadecanoate	258.2194948293					C15H29O3			plantcyc <https://plantcyc.org/>		258.2194948293	C(O)CCCCCCCCCCCCCC([O-])=O		BZUNJUAMQZRJIP-UHFFFAOYSA-M									PlantCyc/PMN local PGDB
CPD-3945	CPD-3945	(22 S )-22-hydroxy-campest-4-en-3-one	414.3497807208					C28H46O2			plantcyc <https://plantcyc.org/>	(22alpha)-hydroxy-campest-4-en-3-one // (22 S ,24 R )-22-hydroxy-ergost-4-en-3-one	414.3497807208	CC(C)[C@H](C)C[C@H](O)[C@@H](C)[C@H]3(CC[C@H]4([C@@H]2(CCC1(\[C@@](CCC(=O)\C=1)(C)[C@H]2CC[C@](C)34))))		FMFAICDKESPFNH-NQMBQAPESA-N									PlantCyc/PMN local PGDB
CPD-15154	CPD-15154	5- S -cysteinyldopa	316.0729069466					C12H16N2O6S			plantcyc <https://plantcyc.org/>		316.0729069466	C([C@@H](C(=O)[O-])[NH3+])C1(\C=C(C(\O)=C(\C=1)\O)\SC[C@@H](C(=O)[O-])[NH3+])		SXISMOAILJWTID-BQBZGAKWSA-N									PlantCyc/PMN local PGDB
CPD-8809	CPD-8809	7- epi -alpha-selinene	204.1878007704					C15H24			plantcyc <https://plantcyc.org/>		204.1878007704	C=C([C@@H]1(C[C@H]2(C(/C)=C/CC[C@](CC1)2C)))C		OZQAPQSEYFAMCY-SOUVJXGZSA-N									PlantCyc/PMN local PGDB
CPD0-1636	CPD0-1636	trifluoroalanine	143.0194129778					C3H3NO2F3			plantcyc <https://plantcyc.org/>		143.0194129778	C(=O)([O-])C(N)C(F)(F)F		HMJQKIDUCWWIBW-UHFFFAOYSA-M									PlantCyc/PMN local PGDB
CPD-7857	CPD-7857	(6 E )-8-hydroxygeraniol	170.130679822					C10H18O2			plantcyc <https://plantcyc.org/>	(E)-8-hydroxygeraniol // 8-hydroxygeraniol // trans,trans-2,6-dimethyl-2,6-octadiene-1,8-diol	170.130679822	CC(/CC/C=C(C)/CO)=C\CO		PREUOUJFXMCMSJ-TXFIJWAUSA-N									PlantCyc/PMN local PGDB
CPDQT-295	CPDQT-295	7-(methylsulfinyl)heptyl-glucosinolate	479.0953582271					C15H28NO10S3			plantcyc <https://plantcyc.org/>	glucoibarin	479.0953582271	CS(=O)CCCCCCCC(\S[C@@H]1(O[C@H](CO)[C@@H](O)[C@H](O)[C@@H](O)1))=N\OS(=O)(=O)[O-]		LQZALQLZOQQFGM-WSDYKABSSA-M									PlantCyc/PMN local PGDB
CPD-8608	CPD-8608	4,4-dimethyl-14alpha-formyl-5alpha-cholesta-8-en-3beta-ol	442.3810808492					C30H50O2			plantcyc <https://plantcyc.org/>		442.3810808492	CC(C)CCC[C@H]([C@@H]4([C@]1(C)([C@](C=O)(C2(\CC[C@@H]3([C@@](C)(C(\CC1)=2)CC[C@H](O)C(C)(C)3)))CC4)))C		MKMLAQLNFVFNRK-PUXRVUTHSA-N									PlantCyc/PMN local PGDB
EPOXYOCTA-CPD	EPOXYOCTA-CPD	(9Z)-(13S)-12,13-epoxyoctadeca-9,11-dienoate	294.2194948293					C18H29O3			plantcyc <https://plantcyc.org/>	13(s)-EOD // (9Z)-11-[(3S)-3-pentyloxiran-2-ylidene]undec-9-enoate	294.2194948293	CCCCC[C@H]1(C(\O1)=C\C=C/CCCCCCCC([O-])=O)		ZFVKKBAQVWQQHP-ALADIWIOSA-M									PlantCyc/PMN local PGDB
CPD-6747	CPD-6747	D- myo -inositol (1,2) bisphosphate	339.9960489346					C6H10O12P2			plantcyc <https://plantcyc.org/>	1D- myo -inositol (1,2) bisphosphate // 1D- myo -inositol (1,2) biphosphate // D- myo -inositol (1,2) biphosphate // I(1,2)P 2	339.9960489346	[C@@H]1(O)([C@@H](O)[C@H](OP([O-])([O-])=O)[C@H](OP([O-])([O-])=O)[C@H](O)[C@@H](O)1)		MCKAJXMRULSUKI-FTYOSCRSSA-J									PlantCyc/PMN local PGDB
S-RETICULINE	S-RETICULINE	( S )-reticuline	329.1627082319					C19H24NO4			plantcyc <https://plantcyc.org/>	(1S)-1-(3-hydroxy-4-methoxybenzyl)-6-methoxy-2-methyl-1,2,3,4-tetrahydroisoquinolin-7-ol	329.1627082319	C1([NH+]([C@H](C2(\C=C(C(/OC)=C\C(/C1)=2)\O))CC3(\C=C/C(/OC)=C(\C=3)/O))C)		BHLYRWXGMIUIHG-HNNXBMFYSA-O									PlantCyc/PMN local PGDB
CPD-360	CPD-360	D-xylono-1,5-lactone	148.0371733673					C5H8O5			plantcyc <https://plantcyc.org/>	D-xylonolactone	148.0371733673	C1([C@@H]([C@H]([C@@H](CO1)O)O)O)=O		XXBSUZSONOQQGK-FLRLBIABSA-N									PlantCyc/PMN local PGDB
CPD-397	CPD-397	S -methyl-L-methionine	165.0823494209					C6H14NO2S			plantcyc <https://plantcyc.org/>	S -methylmethionine	165.0823494209	C[S+](CC[C@H]([NH3+])C(=O)[O-])C		YDBYJHTYSHBBAU-YFKPBYRVSA-O									PlantCyc/PMN local PGDB
CPD-715	CPD-715	6-deoxoteasterone	434.3759954713					C28H50O3			plantcyc <https://plantcyc.org/>	deoxoteasterone	434.3759954713	CC(C)[C@H](C)[C@@H](O)[C@H](O)[C@@H](C)[C@H]3(CC[C@H]4([C@@H]2(CC[C@H]1(C[C@@H](O)CC[C@@](C)1[C@H]2CC[C@](C)34))))		WPHVOXMMNSLJSF-GUOPQYDVSA-N									PlantCyc/PMN local PGDB
CPD-22667	CPD-22667	1,4,5,6-tetrahydropyridine-2-carboxylate	127.0633285383					C6H9NO2			plantcyc <https://plantcyc.org/>	2,3-didehydropiperidine-2-carboxylate // &Delta; 2 -piperideine-2-carboxylate	127.0633285383	C1([NH2+]C(/C(=O)[O-])=C/CC1)		SYHALQNMKJVYAZ-UHFFFAOYSA-N									PlantCyc/PMN local PGDB
BENZYL-DESULFOGLUCOSINOLATE	BENZYL-DESULFOGLUCOSINOLATE	desulfoglucotropaeolin	329.0933080377					C14H19NO6S			plantcyc <https://plantcyc.org/>		329.0933080377	C(O)[C@@H]2([C@@H](O)[C@H](O)[C@@H](O)[C@H](SC(/CC1(\C=C/C=C\C=1))=N/O)O2)		QXWFHEDNDCNERW-RFEZBLSLSA-N									PlantCyc/PMN local PGDB
BIOCHANIN-A	BIOCHANIN-A	biochanin-A	284.0684734957					C16H11O5			plantcyc <https://plantcyc.org/>	biochanin A	284.0684734957	COC3(\C=C/C(/C1(/C(C2(/C(/O\C=1)=C\C(\[O-])=C/C(/O)=2))=O))=C\C=3)		WUADCCWRTIWANL-UHFFFAOYSA-M									PlantCyc/PMN local PGDB
CPD-8161	CPD-8161	1-18:2-2-16:0-digalactosyldiacylglycerol	916.6123221563					C49H88O15			plantcyc <https://plantcyc.org/>	18:2-16:0-DGDG	916.6123221563	C(O)C1(OC(C(O)C(O)C1O)OC2(C(CO)OC(C(O)C2O)OC(COC([R1])=O)COC([R2])=O))		UZXCPFISFMJPAV-GNSPKCTRSA-N									PlantCyc/PMN local PGDB
GLC-6-P	GLC-6-P	beta-D-glucose 6-phosphate	260.0297185262					C6H11O9P			plantcyc <https://plantcyc.org/>	beta-D-glucose-6-P	260.0297185262	C([C@H]1(O[C@H]([C@@H]([C@H]([C@@H]1O)O)O)O))OP([O-])([O-])=O		NBSCHQHZLSJFNQ-VFUOTHLCSA-L									PlantCyc/PMN local PGDB
CPD-2184	CPD-2184	1-oleoyl-2-(3E)-hexadecenoyl-phosphatidylglycerol	746.5097851385					C40H74O10P			plantcyc <https://plantcyc.org/>	18:1-t16:1-PG // 1-(9Z-octadecenoyl)-2-(3E-hexadecenoyl)-sn-glycero-3-phospho-(1'-sn-glycerol) // 1-18:1-2-trans-16:1-phosphatidylglycerol	746.5097851385	CCCCCCCC\C=C/CCCCCCCC(=O)OC[C@@H](OC(=O)C/C=C/CCCCCCCCCCCC)COP(=O)([O-])OC[C@H](CO)O		RKUHYANOZYJDLK-VZRSDKANSA-M									PlantCyc/PMN local PGDB
CPD-9311	CPD-9311	ethylsulfenate	78.0139355047					C2H6OS			plantcyc <https://plantcyc.org/>	ethylsulfenic acid	78.0139355047	CCSO		HRKZEUPYFXLVQW-UHFFFAOYSA-N									PlantCyc/PMN local PGDB
CPD-8693	CPD-8693	abieta-7,13-diene-18-al	286.2296655851					C20H30O			plantcyc <https://plantcyc.org/>	abietal // abietaldehyde // abietinal // abietadienal // (1R,4aR,4bR,10aR)-7-isopropyl-1,4a-dimethyl-1,2,3,4,4a,4b,5,6,10,10a-decahydrophenanthrene-1-carbaldehyde	286.2296655851	CC(C2(\CC[C@@H]3([C@@]1([C@H]([C@@](CCC1)(C=O)C)C\C=C(/C=2)/3)C)))C		HOFSYSONRIGEAC-LWYYNNOASA-N									PlantCyc/PMN local PGDB
PROPANE-1-2-DIOL	PROPANE-1-2-DIOL	( S )-propane-1,2-diol	76.052429501					C3H8O2			plantcyc <https://plantcyc.org/>	( S )-1,2-propane-diol // ( S )-1,2-propanediol // ( S )-1,2-dihydroxypropane // L-1,2-propanediol	76.052429501	C[C@@H](CO)O		DNIAPMSPPWPWGF-VKHMYHEASA-N									PlantCyc/PMN local PGDB
4-hydroxy-2-1H-quinolone	4-hydroxy-2-1H-quinolone	4-hydroxyquinolin-2(1 H )-one	161.0476784741					C9H7NO2			plantcyc <https://plantcyc.org/>	DHQ // 4-hydroxy-2-quinolone // 4-hydroxy-2(1 H )-quinolone	161.0476784741	C1(\C=C/C2(/NC(=O)/C=C(C(/C=1)=2)/O))		HDHQZCHIXUUSMK-UHFFFAOYSA-N									PlantCyc/PMN local PGDB
HOMO-CIT	HOMO-CIT	(2 R )-homocitrate	206.0426526757					C7H7O7			plantcyc <https://plantcyc.org/>	2-hydroxybutane-1,2,4-tricarboxylate // homocitric acid // 3-hydroxy-3-carboxyadipic acid // (2 R )-2-hydroxybutane-1,2,4-tricarboxylate // ( R )-2-hydroxybutane-1,2,4-tricarboxylate // homocitrate // ( R )-homocitrate	206.0426526757	C(C([O-])=O)C[C@](O)(C([O-])=O)CC([O-])=O		XKJVEVRQMLKSMO-SSDOTTSWSA-K									PlantCyc/PMN local PGDB
CPD-10758	CPD-10758	(Z) gamma-bisabolene	204.1878007704					C15H24			plantcyc <https://plantcyc.org/>		204.1878007704	CC(C)=CCCC(C)=C1(C\C=C(C)/CC1)		XBGUIVFBMBVUEG-CCEZHUSRSA-N									PlantCyc/PMN local PGDB
CPD0-1314	CPD0-1314	uridine-5'-diphosphate bromoacetol	537.9389242634					C12H15N2O13P2BR			plantcyc <https://plantcyc.org/>		537.9389242634	C(Br)C(=O)COP(=O)([O-])OP(=O)([O-])OC[C@@H]2([C@H]([C@H]([C@H](N1(\C=C/C(=O)NC1=O))O2)O)O)		KUNNVLZBOWEQIC-QCNRFFRDSA-L									PlantCyc/PMN local PGDB
CPDQT-522	CPDQT-522	castasterone-23-O-glucoside	626.4029980828					C34H58O10			plantcyc <https://plantcyc.org/>		626.4029980828	CC(C)[C@H](C)[C@@H](O[C@H]1(O[C@H](CO)[C@@H](O)[C@H](O)[C@@H](O)1))[C@H](O)[C@@H](C)[C@H]4(CC[C@H]5([C@@H]3(CC(=O)[C@H]2(C[C@H](O)[C@H](O)C[C@@](C)2[C@H]3CC[C@](C)45))))		OZXMTRULWNHBRI-JGRCFTTDSA-N									PlantCyc/PMN local PGDB
CPDQT-40	CPDQT-40	3-[(7'-methylsulfanyl)heptyl]malate	278.1187945067					C12H20O5S			plantcyc <https://plantcyc.org/>	3-[(7'-methylthio)heptyl]malic acid // 3-[(7'-methylthio)heptyl]malate	278.1187945067	CSCCCCCCCC(C(O)C(=O)[O-])C(=O)[O-]		SXLJFGXGVBWOOB-UHFFFAOYSA-L									PlantCyc/PMN local PGDB
CPD-11523	CPD-11523	3-oxo-2-(cis-2'-pentenyl)-cyclopentane-1-(3R-hydroxyhexanoyl)-CoA	1031.2877530023					C37H56N7O19P3S			plantcyc <https://plantcyc.org/>	OPC6-3-hydroxyacyl-CoA	1031.2877530023	CC\C=C/C[C@H]1([C@H](CCC(=O)1)CCC[C@H](O)CC(SCCNC(=O)CCNC(=O)[C@H](O)C(C)(C)COP(=O)(OP(=O)(OC[C@@H]2([C@@H](OP([O-])(=O)[O-])[C@@H](O)[C@@H](O2)N3(C4(\N=C/N=C(C(\N=C/3)=4)/N))))[O-])[O-])=O)		OMDQVIUYDJAWHX-QHZCMHFTSA-J									PlantCyc/PMN local PGDB
CPD-194	CPD-194	4-nitrophenyl phosphate	221.0089235046					C6H4NO6P			plantcyc <https://plantcyc.org/>	para-nitrophenyl phosphate // nitrophenol-P // NO2-phen-P // nitrophenol-phosphate // p -nitrophenyl phosphate // pNPP	221.0089235046	C1(/C=C(\C=C/C(/[N+](=O)[O-])=1)/OP([O-])(=O)[O-])		XZKIHKMTEMTJQX-UHFFFAOYSA-L									PlantCyc/PMN local PGDB
CPD-17633	CPD-17633	22-oxo-docosanoyl-CoA	1103.4180388938					C43H72N7O18P3S			plantcyc <https://plantcyc.org/>	22-oxo-behenoyl-CoA	1103.4180388938	CC(C)([C@@H](O)C(=O)NCCC(=O)NCCSC(=O)CCCCCCCCCCCCCCCCCCCCC=O)COP(=O)(OP(=O)(OC[C@@H]1([C@@H](OP([O-])(=O)[O-])[C@@H](O)[C@@H](O1)N2(C3(\N=C/N=C(C(\N=C/2)=3)/N))))[O-])[O-]		DROSANFEMLESIE-GNSUAQHMSA-J									PlantCyc/PMN local PGDB
D-GLT	D-GLT	D-glutamate	147.0531577825					C5H8NO4			plantcyc <https://plantcyc.org/>	D-glutamic acid // D-glu	147.0531577825	C(CC[C@H](C(=O)[O-])[NH3+])([O-])=O		WHUUTDBJXJRKMK-GSVOUGTGSA-M									PlantCyc/PMN local PGDB
CPD-22137	CPD-22137	lathosterone	384.3392160345					C27H44O			plantcyc <https://plantcyc.org/>	5alpha-cholest-7-en-3-one	384.3392160345	CC(C)CCC[C@H]([C@@H]4([C@]1(C)([C@H](C2([C@H](CC1)[C@]3(C)([C@@H](CC=2)CC(=O)CC3)))CC4)))C		FLRPNSKUGCVRRB-IINKENNYSA-N									PlantCyc/PMN local PGDB
CPD-444	CPD-444	S -methyl-5-thio-alpha-D-ribose 1-phosphate	260.011959972					C6H11O7PS			plantcyc <https://plantcyc.org/>	5-methylthioribose-1-phosphate // 5-methylthio-D-ribose-1-phosphate // 1-phosphomethylthioribose // 1-phospho-5-S-methylthioribose // 1-PMTR // 1-phospho-5-S-methylthio-alpha-D-ribofuranoside // S -methyl-5-thio-D-ribose 1-phosphate	260.011959972	CSC[C@H]1(O[C@H](OP([O-])(=O)[O-])[C@@H]([C@@H]1O)O)		JTFITTQBRJDSTL-KVTDHHQDSA-L									PlantCyc/PMN local PGDB
S-N-METHYLCOCLAURINE	S-N-METHYLCOCLAURINE	( S )- N -methylcoclaurine	299.1521435456					C18H22NO3			plantcyc <https://plantcyc.org/>	( S )-1,2,3,4-tetrahydro-1-[ (4-hydroxyphenyl)methyl ]-6-methoxy-2-methyl -7-isoquinolinol	299.1521435456	C1([NH+]([C@H](C2(\C=C(C(/OC)=C\C(/C1)=2)\O))CC3(\C=C/C(/O)=C\C=3))C)		BOKVLBSSPUTWLV-INIZCTEOSA-O									PlantCyc/PMN local PGDB
PHENYLGLYOXYLATE	PHENYLGLYOXYLATE	phenylglyoxylate	150.0316940589					C8H5O3			plantcyc <https://plantcyc.org/>	2-oxo-2-phenylacetate // phenylglyoxylic acid // benzoylformic acid // benzoylformate	150.0316940589	C(=O)(C(C1(\C=C/C=C\C=1))=O)[O-]		FAQJJMHZNSSFSM-UHFFFAOYSA-M									PlantCyc/PMN local PGDB
CPD-468	CPD-468	L-2-aminoadipate	161.0688078467					C6H10NO4			plantcyc <https://plantcyc.org/>	L-aminoadipic acid // L-aminoadipate // L-2-amino-hexanedioic acid // L-alpha-aminoadipate // L-alpha-aminoadipic acid // L-2-aminoadipic acid // L-2-aminohexanedioate // aminoadipate	161.0688078467	C([O-])(=O)CCC[C@@H](C(=O)[O-])[NH3+]		OYIFNHCXNCRBQI-BYPYZUCNSA-M									PlantCyc/PMN local PGDB
3OH-4P-OH-ALPHA-KETOBUTYRATE	3OH-4P-OH-ALPHA-KETOBUTYRATE	(3R)-3-hydroxy-2-oxo-4 phosphooxybutanoate	213.9878537115					C4H4O8P			plantcyc <https://plantcyc.org/>	3-hydroxy-4-phospho-hydroxy-alpha-ketobutyrate // 2-oxo-3-hydroxy-4-phosphobutanoate	213.9878537115	C([C@H](C(C([O-])=O)=O)O)OP([O-])(=O)[O-]		MZJFVXDTNBHTKZ-UWTATZPHSA-K									PlantCyc/PMN local PGDB
CPD-13354	CPD-13354	salidroside	300.1209029967					C14H20O7			plantcyc <https://plantcyc.org/>	8-O-b-D-glucoside of tyrosol // rhodioloside	300.1209029967	C(O)[C@@H]2([C@@H](O)[C@H](O)[C@@H](O)[C@H](OCCC1(\C=C/C(/O)=C\C=1))O2)		ILRCGYURZSFMEG-RKQHYHRCSA-N									PlantCyc/PMN local PGDB
CPD-24646	CPD-24646	9-oxo-ODE	294.2194948293					C18H29O3			plantcyc <https://plantcyc.org/>	(10E,12Z)-9-oxooctadecadienoate // 9-keto-ODE // 9-ketoODE // 9-oxo-(10E,12Z)-octadecadienoate // 9-oxoODE	294.2194948293	CCCCC\C=C/C=C/C(=O)CCCCCCCC(=O)[O-]		LUZSWWYKKLTDHU-ZJHFMPGASA-M									PlantCyc/PMN local PGDB
CPD-178	CPD-178	D- myo -inositol (3,4,5,6)-tetrakisphosphate	499.9287097514					C6H8O18P4			plantcyc <https://plantcyc.org/>	Ins(3,4,5,6)P 4 // Inositol 3,4,5,6-tetra kis phosphate // 1D- myo -inositol 3,4,5,6-tetra kis phosphate // I(3,4,5,6)P 4	499.9287097514	[C@@H]1(O)([C@@H](O)[C@H](OP([O-])(=O)[O-])[C@@H](OP([O-])(=O)[O-])[C@H](OP(=O)([O-])[O-])[C@@H](OP(=O)([O-])[O-])1)		MRVYFOANPDTYBY-UZAAGFTCSA-F									PlantCyc/PMN local PGDB
D-GLUCARATE	D-GLUCARATE	D-glucarate	210.0375672978					C6H8O8			plantcyc <https://plantcyc.org/>	glucarate // D-glucaric acid // L-gularic acid // D-saccharic acid // D-glucosaccharic acid // saccharate // ( D )-glucarate // D-saccharate // saccharic acid	210.0375672978	C(=O)([C@H](O)[C@@H](O)[C@H](O)[C@H](O)C(=O)[O-])[O-]		DSLZVSRJTYRBFB-LLEIAEIESA-L									PlantCyc/PMN local PGDB
CPDQT-331	CPDQT-331	raphanusamate	162.9761697899					C4H4NO2S2			plantcyc <https://plantcyc.org/>	2-thioxo1,3-thiazolidine-4-carboxylate // raphanusamic acid // 2-thioxo1,3-thiazolidine-4-carboxylic acid	162.9761697899	C1(SC(=S)NC(C([O-])=O)1)		SQUOCHQOQMZGQP-UHFFFAOYSA-M									PlantCyc/PMN local PGDB
UBIQUINOL-30	UBIQUINOL-30	ubiquinol-6	592.4491604144					C39H60O4			plantcyc <https://plantcyc.org/>	ubiquinol // ubiquinol(30) // reduced ubiquinone // dihydroubiquinone	592.4491604144	CC(C)=CCCC(\C)=C/CCC(\C)=C/CCC(\C)=C/CCC(\C)=C/CCC(\C)=C/CC1(\C(\O)=C(C(\OC)=C(C(/C)=1)\O)\OC)		DYOSCPIQEYRQEO-LPHQIWJTSA-N									PlantCyc/PMN local PGDB
PUTRESCINE	PUTRESCINE	putrescine	88.1000483956					C4H14N2			plantcyc <https://plantcyc.org/>	diaminobutane // 1,4-diaminobutane // 1,4-butanediamine // tetramethylenediamine	88.1000483956	C([NH3+])CCC[NH3+]		KIDHWZJUCRJVML-UHFFFAOYSA-P									PlantCyc/PMN local PGDB
CPD-13030	CPD-13030	N,N -dihydroxy-L-phenylalanine	197.0688078467					C9H10NO4			plantcyc <https://plantcyc.org/>		197.0688078467	C([O-])(=O)[C@@H](N(O)O)CC1(\C=C/C=C\C=1)		IDBRDXGJPFCEFF-QMMMGPOBSA-M									PlantCyc/PMN local PGDB
CPD-12572	CPD-12572	tricin	330.0739528041					C17H13O7			plantcyc <https://plantcyc.org/>	3',5'- O -dimethyltricetin	330.0739528041	COC1(/C=C(/C=C(C(\O)=1)/OC)/C2(/OC3(/C=C(/C=C(C(\C(=O)\C=2)=3)/O)/[O-])))		HRGUSFBJBOKSML-UHFFFAOYSA-M									PlantCyc/PMN local PGDB
VINYL-ACETATE	VINYL-ACETATE	vinyl acetate	86.0367794368					C4H5O2			plantcyc <https://plantcyc.org/>	but-3-enoate // 3-butenoate	86.0367794368	C=CCC(=O)[O-]		PVEOYINWKBTPIZ-UHFFFAOYSA-M									PlantCyc/PMN local PGDB
D-SORBITOL-6-P	D-SORBITOL-6-P	D-sorbitol 6-phosphate	262.0453685904					C6H13O9P			plantcyc <https://plantcyc.org/>	D-glucitol 6-phosphate	262.0453685904	C([C@@H]([C@H]([C@@H]([C@@H](COP([O-])(=O)[O-])O)O)O)O)O		GACTWZZMVMUKNG-SLPGGIOYSA-L									PlantCyc/PMN local PGDB
CPD-22035	CPD-22035	N -(docosanoyl)-sphinganine	623.6216454716					C40H81NO3			plantcyc <https://plantcyc.org/>	C22 sphinganine // C22 dihydrosphingosine // C22 dihydroceramide	623.6216454716	CCCCCCCCCCCCCCCCCCCCCC(=O)N[C@@H](CO)[C@H](O)CCCCCCCCCCCCCCC		SXPRAKSDHOEHIG-ZESVVUHVSA-N									PlantCyc/PMN local PGDB
CPD-8012	CPD-8012	kaempferol 7- O -beta-D-glucoside-3- O -alpha-L-rhamnoside	594.1584702945					C27H30O15			plantcyc <https://plantcyc.org/>		594.1584702945	C[C@H]1([C@H](O)[C@@H](O)[C@@H](O)[C@@H](O1)OC4(\C(=O)C5(/C(/O)=C\C(\O[C@H]2([C@@H]([C@H]([C@@H]([C@H](O2)CO)O)O)O))=C/C(/OC(\C3(/C=C\C(\O)=C/C=3))=4)=5)))		MBLYALXOUBKFNE-SOABXMLTSA-N									PlantCyc/PMN local PGDB
CPD0-2184	CPD0-2184	(2 Z ,4 E ,7 E )-2-hydroxy-6-oxonona-2,4,7-triene-1,9-dioate	212.0320879894					C9H6O6			plantcyc <https://plantcyc.org/>	2-hydroxy-6-oxononatrienedioate // 2-hydroxy-6-oxonona-2,4,7-trienedioic acid // 2-hydroxy-6-oxonona-2,4,7-triene-1,9-dioic acid // 2-hydroxy-6-ketononatrienedioate // 2-hydroxy-6-oxonona-2,4,7-triene-1,9-dioate	212.0320879894	C([O-])(=O)/C=C/C(=O)/C=C/C=C(C([O-])=O)\O		WCJYZUFKKTYNLB-ARITWGJRSA-L									PlantCyc/PMN local PGDB
3-PHENYLPROPIONATE	3-PHENYLPROPIONATE	3-phenylpropanoate	150.0680795652					C9H9O2			plantcyc <https://plantcyc.org/>	hydrocinnamate // 3-phenylpropionic acid // hydrocinnamic acid // HCA // phenylpropanoate // 3-phenylpropionate	150.0680795652	C(CCC1(\C=C/C=C\C=1))([O-])=O		XMIIGOLPHOKFCH-UHFFFAOYSA-M									PlantCyc/PMN local PGDB
O-SINAPOYLGLUCAROLACTONE	O-SINAPOYLGLUCAROLACTONE	O-sinapoylglucarolactone	398.0849114209					C17H18O11			plantcyc <https://plantcyc.org/>	3-(4-hydroxy-3,5-dimethoxy-phenyl)acrylic acid (3,4,5- trihydroxy-6-oxo-tetrahydropyran-2-yl)methyl ester	398.0849114209	COC1(\C(\O)=C(C=C(/C=1)/C=C/C(OC(=O)[C@@H]2([C@H]([C@@H]([C@@H](O)C(=O)O2)O)O))=O)\OC)		UWTYNMLWDGHWKX-XAAJGCANSA-N									PlantCyc/PMN local PGDB
2-ALPHA-HYDROXYETHYL-THPP	2-ALPHA-HYDROXYETHYL-THPP	2-(alpha-hydroxyethyl)thiamine diphosphate	470.079007478					C14H20N4O8P2S			plantcyc <https://plantcyc.org/>	2-(alpha-hydroxyethyl)-TPP // 2-(alpha-hydroxyethyl)-ThPP	470.079007478	CC2(\[N+](/CC1(\C=N/C(\C)=N\C(/N)=1))=C(C(O)C)/SC(/CCOP([O-])(=O)OP([O-])(=O)[O-])=2)		RRUVJGASJONMDY-UHFFFAOYSA-L									PlantCyc/PMN local PGDB
CPD-9577	CPD-9577	(indol-3-yl)acetyl-L-valine	274.1317424545					C15H17N2O3			plantcyc <https://plantcyc.org/>	IAA-valine	274.1317424545	CC(C)[C@H](NC(CC1(\C2(/C=C\C=C/C(/N\C=1)=2)))=O)C(=O)[O-]		AZEGJHGXTSUPPG-AWEZNQCLSA-M									PlantCyc/PMN local PGDB
CPD-7006	CPD-7006	tetrahydrogeranylgeranyl chlorophyll a	892.5353133425					C55H69N4O5MG			plantcyc <https://plantcyc.org/>	tetrahydroGG-chlorophyll a // tetrahydroGG-chl a // tetrahydrogeranylgeranyl-chl a	892.5353133425	C=CC8(\C(/C)=C7(\C=C1([C@@H](C)[C@H](CCC(=O)OC/C=C(C)/CCC[C@H](C)CCC[C@H](C)CCC=C(C)C)C2(\C9(/[C-](C(OC)=O)C(=O)C3(\C(\N4([Mg-2]6([N+]\1=2)([N+]5(\C(/C(\C)=C(CC)\C(/C=C(C(\C)=3)\4)=5)=C/C(/N67)=8))))=9))))))		NVDIDZKEPDPXJJ-ONWAGYJKSA-M									PlantCyc/PMN local PGDB
CPD0-1343	CPD0-1343	5-bromo-dCTP	544.9001097144					C9H11N3O13P3BR			plantcyc <https://plantcyc.org/>		544.9001097144	C(OP(OP(=O)([O-])OP(=O)([O-])[O-])(=O)[O-])[C@@H]2([C@H](C[C@H](N1(/C=C(C(/N)=N\C1=O)/Br))O2)O)		UYPHYZSNRPGPAN-RRKCRQDMSA-J									PlantCyc/PMN local PGDB
CPD-12497	CPD-12497	7-oxatyphasterol	464.3501746513					C28H48O5			plantcyc <https://plantcyc.org/>	(22R,23R,24S)-3alpha,22,23-trihydroxy-24-methyl-B-homo-7-oxa-5alpha-cholestan-6-one	464.3501746513	CC([C@@H]([C@H]([C@@H]([C@@H](C)C1([C@]2(CCC3([C@@]4(C)(CC[C@@H](O)C[C@H](C(=O)OCC(C(CC1)2)3)4)))(C)))O)O)C)C		LLFIMDUWAVPJEJ-KKOXEEMUSA-N									PlantCyc/PMN local PGDB
CPD0-1583	CPD0-1583	pyrimethamine	248.0828741481					C12H14N4CL			plantcyc <https://plantcyc.org/>		248.0828741481	CCC2(\C(/C1(\C=C/C(/Cl)=C\C=1))=C(N)/N=C(N)\[NH+]=2)		WKSAUQYGYAYLPV-UHFFFAOYSA-O									PlantCyc/PMN local PGDB
CPD-12447	CPD-12447	phlorizin	436.1369469914					C21H23O10			plantcyc <https://plantcyc.org/>	floridzin // phloretin 2'- O -glucoside // phlorhizin // phloridzin // phlorizoside	436.1369469914	C(O)[C@@H]3([C@@H](O)[C@H](O)[C@@H](O)[C@H](OC2(\C(\C(CCC1(\C=C/C(/O)=C\C=1))=O)=C(/C=C(/C=2)/[O-])\O))O3)		IOUVKUPGCMBWBT-QNDFHXLGSA-M									PlantCyc/PMN local PGDB
QUINOLINATE	QUINOLINATE	quinolinate	167.0218576541					C7H3NO4			plantcyc <https://plantcyc.org/>	2,3-pyridinedicarboxylic acid // 2,3-pyridinedicarboxylate // quinolinic acid // pyridine-2,3-dicarboxylic acid // pyridine-2,3-dicarboxylate	167.0218576541	C1(\N=C(C(/C([O-])=O)=C\C=1)\C([O-])=O)		GJAWHXHKYYXBSV-UHFFFAOYSA-L									PlantCyc/PMN local PGDB
CPD-11526	CPD-11526	3-oxo-2-(cis-2'-pentenyl)-cyclopentane-1-(E-buta-2-enoyl)-CoA	985.2458881876					C35H50N7O18P3S			plantcyc <https://plantcyc.org/>	OPC4-trans-2-enoyl-CoA	985.2458881876	CC\C=C/C[C@H]1([C@H](CCC(=O)1)C/C=C/C(=O)SCCNC(=O)CCNC(=O)[C@H](O)C(C)(C)COP(=O)(OP(=O)(OC[C@@H]2([C@@H](OP([O-])(=O)[O-])[C@@H](O)[C@@H](O2)N3(C4(\N=C/N=C(C(\N=C/3)=4)/N))))[O-])[O-])		QSAQFDYWYNLXEC-GUQXGGMCSA-J									PlantCyc/PMN local PGDB
CPD-12422	CPD-12422	4-sinapoyloxybutylglucosinolate	597.1185960897					C22H30NO14S2			plantcyc <https://plantcyc.org/>		597.1185960897	COC2(/C=C(/C=C/C(OCCCCC(\S[C@@H]1(O[C@H](CO)[C@@H](O)[C@H](O)[C@@H](O)1))=N\OS(=O)(=O)[O-])=O)/C=C(C(\O)=2)/OC)		QLYVNSUTQJZDJB-YFERVVOTSA-M									PlantCyc/PMN local PGDB
CPD-10457	CPD-10457	4-hydroxylamino-2,6-dinitrotoluene	217.0698704792					C7H7N3O5			plantcyc <https://plantcyc.org/>	4-HADNT	217.0698704792	CC1(/C(/[N+](=O)[O-])=C\C(\NO)=C/C(/[N+]([O-])=O)=1)		HTTDEAQRSCMCQS-UHFFFAOYSA-N									PlantCyc/PMN local PGDB
CPD-12938	CPD-12938	(3a S )-jadomycin A	419.1368874119					C24H21NO6			plantcyc <https://plantcyc.org/>		419.1368874119	CC[C@H](C)[C@H]1(C(=O)O[C@@H]2(N1C4(\C(=O)C5(/C(/O)=C\C=C/C(/C(=O)C(\C3(C\2=C\C(/C)=C/C(O)=3))=4)=5))))		AVMSKCRHMKXYOO-JNVIWZAMSA-N									PlantCyc/PMN local PGDB
CPD-12388	CPD-12388	( Z )-1-(L-cysteinylglycin- S -yl)- N -hydroxy-2-(1 H -indol-3-yl)ethan-1-imine	350.104875777					C15H18N4O4S			plantcyc <https://plantcyc.org/>		350.104875777	C1(\NC2(/C=C\C=C/C(/C(\CC(\SC[C@H]([NH3+])C(=O)NCC([O-])=O)=N\O)=1)=2))		PQEHILHGDWJAOT-UQGHUHRHSA-N									PlantCyc/PMN local PGDB
CPD-22767	CPD-22767	4alpha-hydroxymethyl-14alpha-methyl-cholesta-8-enol	430.3810808492					C29H50O2			plantcyc <https://plantcyc.org/>		430.3810808492	CC(C)CCC[C@@H](C)[C@H]2(CC[C@@]3(C)(C4(\CC[C@H]1([C@H](CO)[C@@H](O)CC[C@@](C)1C(\CC[C@](C)23)=4))))		JBASSMQXCFRUTA-PMIIOQGLSA-N									PlantCyc/PMN local PGDB
CPD-9273	CPD-9273	allylsulfenate	90.0139355047					C3H6OS			plantcyc <https://plantcyc.org/>	allylsulfenic acid	90.0139355047	C=CCSO		WLHNIAVMSNXYHO-UHFFFAOYSA-N									PlantCyc/PMN local PGDB
CPD-18088	CPD-18088	1,2-dihydro-beta-NAD	665.1247716967					C21H27N7O14P2			plantcyc <https://plantcyc.org/>	2-dihydro-beta-nicotinamide adenine dinucleotide // 2-dihydro-nicotinamide adenine dinucleotide // 2DHNAD	665.1247716967	C1(N(\C=C/C=C1/C(N)=O)[C@@H]5(O[C@H](COP(OP(OC[C@H]4(O[C@@H](N2(C3(\C(\N=C/2)=C(N)/N=C\N=3)))[C@H](O)[C@H](O)4))(=O)[O-])(=O)[O-])[C@@H](O)[C@@H](O)5))		TVJJIHUATXWSJG-NNYOXOHSSA-L									PlantCyc/PMN local PGDB
OXIDIZED-GLUTATHIONE	OXIDIZED-GLUTATHIONE	glutathione disulfide	612.1519619036					C20H30N6O12S2			plantcyc <https://plantcyc.org/>	glutathione oxidized // glutathione ox // oxidized glutathione	612.1519619036	C(SSC[C@@H](C(NCC([O-])=O)=O)NC(=O)CC[C@H]([NH3+])C([O-])=O)[C@@H](C(NCC([O-])=O)=O)NC(=O)CC[C@H]([NH3+])C([O-])=O		YPZRWBKMTBYPTK-BJDJZHNGSA-L									PlantCyc/PMN local PGDB
CAFFEOYLQUINATE	CAFFEOYLQUINATE	chlorogenate	354.0950821767					C16H17O9			plantcyc <https://plantcyc.org/>	5- O -caffeoyl-D-quinic acid // trans -5- O -caffeoyl-D-quinate // caffeoylquinate // trans -5-O-caffeoyl-D-quinate // chlorogenic acid // 3-O-caffeoyl-D-quinic acid	354.0950821767	C([O-])(=O)[C@]1(O)(C[C@@H](O)[C@@H](O)[C@@H](C1)OC(=O)/C=C/C2(/C=C(C(/O)=C\C=2)/O))		CWVRJTMFETXNAD-JUHZACGLSA-M									PlantCyc/PMN local PGDB
PYRIDOXAMINE-5P	PYRIDOXAMINE-5P	pyridoxamine 5'-phosphate	248.0562080482					C8H12N2O5P			plantcyc <https://plantcyc.org/>	pyridoxamine phosphate	248.0562080482	CC1(\C(\O)=C(C(/COP([O-])([O-])=O)=C\N=1)\C[NH3+])		ZMJGSOSNSPKHNH-UHFFFAOYSA-M									PlantCyc/PMN local PGDB
CPD-16439	CPD-16439	7-deoxyloganetin	212.104859002					C11H16O4			plantcyc <https://plantcyc.org/>		212.104859002	C[C@H]1(CC[C@H]2([C@@H]1[C@H](O)O/C=C2/C(OC)=O))		GGFAHFSRIITJIJ-NONSRLQASA-N									PlantCyc/PMN local PGDB
CPD-12421	CPD-12421	2-benzoyloxy-3-butenylglucosinolate	493.0712519666					C18H22NO11S2			plantcyc <https://plantcyc.org/>		493.0712519666	C=CC(OC(C1(\C=C/C=C\C=1))=O)CC(\S[C@@H]2(O[C@H](CO)[C@@H](O)[C@H](O)[C@@H](O)2))=N\OS(=O)(=O)[O-]		NCAVLZAQUKCVIQ-VRZAYVRFSA-M									PlantCyc/PMN local PGDB
CPD-2186	CPD-2186	1-alpha-linolenoyl-2-(3E)-hexadecenoyl-phosphatidylglycerol	742.4784850101					C40H70O10P			plantcyc <https://plantcyc.org/>	18:3-t16:1-PG // 1-(9Z,12Z,15Z-octadecatrienoyl)-2-(3E-hexadecenoyl)-sn-glycero-3-phospho-(1'-sn-glycerol) // 1-18:3-2-trans-16:1-phosphatidylglycerol	742.4784850101	CC\C=C/C\C=C/C\C=C/CCCCCCCC(=O)OC[C@@H](OC(=O)C/C=C/CCCCCCCCCCCC)COP(=O)([O-])OC[C@H](CO)O		DSOFJFHIQQEFSK-XVNCUXIASA-M									PlantCyc/PMN local PGDB
L-GULONATE	L-GULONATE	L-gulonate	196.0583027399					C6H11O7			plantcyc <https://plantcyc.org/>	gulonate	196.0583027399	C(O)[C@H](O)[C@@H](O)[C@H](O)[C@H](O)C(=O)[O-]		RGHNJXZEOKUKBD-QTBDOELSSA-M									PlantCyc/PMN local PGDB
CPD-8922	CPD-8922	(+)-sesamin	354.1103383104					C20H18O6			plantcyc <https://plantcyc.org/>		354.1103383104	C1(OC2(\C(\O1)=C/C=C(/C=2)/[C@@H]5([C@H]6(CO[C@H](C4(\C=C3(C(/OCO3)=C\C=4)))[C@@H](CO5)6))))		PEYUIKBAABKQKQ-AFHBHXEDSA-N									PlantCyc/PMN local PGDB
CPD-15004	CPD-15004	(3E)-phytochromobilin	584.263484909					C33H34N4O6			plantcyc <https://plantcyc.org/>		584.263484909	C/C=C1([C@@H](C)C(NC\1=C/C4(/NC(/C=C3(C(/CCC([O-])=O)=C(C)/C(\C=C2(C(/C)=C(C=C)/C(=O)N2))=N\3))=C(CCC([O-])=O)/C(\C)=4))=O)		DKMLMZVDTGOEGU-UAWLBFNISA-L									PlantCyc/PMN local PGDB
CPD-7207	CPD-7207	8',10-diapocarotene-8',10-dial	256.1463298862					C17H20O2			plantcyc <https://plantcyc.org/>	4,9,13-trimethyltetradeca-2,4,6,8,10,12-hexaene-1,14-dial // (2E,4E,6E,8E,10E,12E)-2,6,11-trimethyltetradeca-2,4,6,8,10,12-hexaenedial // 2,6,11-trimethyltetradeca-hexaenedial	256.1463298862	CC(/C=C/C=C(C)/C=O)=C\C=C\C=C(C)\C=C\C=O		OATKIQKYFYPALV-LIIBWLHSSA-N									PlantCyc/PMN local PGDB
CPD-14647	CPD-14647	9- cis -10'-apo-beta-carotenal	376.2766157777					C27H36O			plantcyc <https://plantcyc.org/>		376.2766157777	CC(/C=C/C=C(C)\C=C\C1(\C(C)(C)CCCC(/C)=1))=C\C=C\C=C(C)\C=C\C=O		PJEHRCCPERVGEC-OLTPUEGQSA-N									PlantCyc/PMN local PGDB
CPDMETA-13652	CPDMETA-13652	raucaffrinoline	352.1786926471					C21H24N2O3			plantcyc <https://plantcyc.org/>	(17 R ,20alpha,21beta)-1,2-didehydro-1-demethyl-19-hydroxy-21-methyl-18-norajmalan-17-yl acetate	352.1786926471	C[C@H]3([C@H](CO)[C@@H]2(C4([C@@H](OC(=O)C)C15(C6(\C(\N=C1\[C@H](C2)N3[C@H]4C5)=C/C=C\C=6)))))		XIMPCXFLDSKALH-GIELRJASSA-N									PlantCyc/PMN local PGDB
PRPP	PRPP	5-phospho-alpha-D-ribose 1-diphosphate	389.9518146567					C5H8O14P3			plantcyc <https://plantcyc.org/>	5-phosphoribosyl 1-pyrophosphate // 5-phosphoribosyl diphosphate // 5-phosphoribosyl-1-PP // 5-phosphoribosyl-PP // 5-phosphoribosyl-1-pyrophosphate // 5-phosphoribosylpyrophosphate // phosphoribosylpyrophosphate // 5-phospho-ribosyl-pyrophosphate // alpha-D-5-phosphoribosylPP // alpha-D-5-P-RibosylPP	389.9518146567	C(OP(=O)([O-])[O-])[C@@H]1([C@@H](O)[C@@H](O)[C@H](O1)OP(OP([O-])(=O)[O-])([O-])=O)		PQGCEDQWHSBAJP-TXICZTDVSA-I									PlantCyc/PMN local PGDB
CPD-10900	CPD-10900	isorhamnetin 3-sulfate	396.0151172962					C16H10O10S			plantcyc <https://plantcyc.org/>	3' methylquercetin 3-sulphate // isorhamnetin 3-sulphate	396.0151172962	COC1(\C(\O)=C/C=C(/C=1)/C2(/OC3(/C=C(/C=C(C(\C(=O)C(/OS(=O)(=O)[O-])=2)=3)/O)/[O-])))		CZFNXFXZXWDYMZ-UHFFFAOYSA-L									PlantCyc/PMN local PGDB
CADAVERINE	CADAVERINE	cadaverine	102.1156984598					C5H16N2			plantcyc <https://plantcyc.org/>	pentane-1,5-diamine // diaminopentane // 1,5-diaminopentane // 1,5-pentanediamine // pentamethylenediamine // 1-BioDex	102.1156984598	C([NH3+])CCCC[NH3+]		VHRGRCVQAFMJIZ-UHFFFAOYSA-P									PlantCyc/PMN local PGDB
CPD-18685	CPD-18685	O -methyl-4- O -[2,4-di- O -methyl-alpha-L-fucopyranosyl-(1->3)-alpha-L-rhamnopyranosyl-(1->3)-2- O -methyl-alpha-L-rhamnopyranosyl]-hydroxybenzoate	632.2680207439					C29H44O15			plantcyc <https://plantcyc.org/>		632.2680207439	C[C@H]4([C@H](O)[C@@H](O[C@@H]1(O[C@@H](C)[C@@H](OC)[C@@H](O)[C@H](OC)1))[C@@H](O)[C@H](O[C@H]3([C@@H](OC)[C@H](OC2(\C=C/C(/C(OC)=O)=C\C=2))O[C@@H](C)[C@H](O)3))O4)		CUUUTFCDEUGWHT-UCJRHUJRSA-N									PlantCyc/PMN local PGDB
CPD-6641	CPD-6641	2'-hydroxygenistein	286.0477380536					C15H9O6			plantcyc <https://plantcyc.org/>	5,7,2',4'-tetrahydroxyisoflavone	286.0477380536	C3(/C=C(C1(\C(=O)C2(/C(/O)=C\C(\[O-])=C/C(/O\C=1)=2)))\C(\O)=C/C(/O)=3)		GSSOWCUOWLMMRJ-UHFFFAOYSA-M									PlantCyc/PMN local PGDB
CPD0-2486	CPD0-2486	alpha-D-galactofuranose	180.0633881178					C6H12O6			plantcyc <https://plantcyc.org/>		180.0633881178	C(O)[C@@H](O)[C@H]1([C@H](O)[C@@H](O)[C@H](O1)O)		AVVWPBAENSWJCB-TVIMKVIFSA-N									PlantCyc/PMN local PGDB
DITP	DITP	dITP	491.9848461196					C10H11N4O13P3			plantcyc <https://plantcyc.org/>	deoxyinosine triphosphate	491.9848461196	C(OP(=O)([O-])OP(=O)([O-])OP(=O)([O-])[O-])[C@H]3(O[C@@H](N1(C2(\N=C/NC(=O)C(\N=C/1)=2)))C[C@H](O)3)		UFJPAQSLHAGEBL-RRKCRQDMSA-J									PlantCyc/PMN local PGDB
L-LACTATE	L-LACTATE	( S )-lactate	90.0316940589					C3H5O3			plantcyc <https://plantcyc.org/>	L-lactate // L(+)-lactate // L-lactic acid // ( S )-lactic acid	90.0316940589	C[C@@H](C([O-])=O)O		JVTAAEKCZFNVCJ-REOHCLBHSA-M									PlantCyc/PMN local PGDB
INDOLE-3-ACETYL-BETA-4-D-GLUCOSE	INDOLE-3-ACETYL-BETA-4-D-GLUCOSE	4- O -(indol-3-ylacetyl)-beta-D-glucose	337.1161519698					C16H19NO7			plantcyc <https://plantcyc.org/>	indole-3-acetyl-beta-4-D-glucose	337.1161519698	C([C@@H]3([C@@H](OC(=O)CC1(\C2(/C=C\C=C/C(/N\C=1)=2)))[C@H](O)[C@@H](O)[C@H](O)O3))O		XSNPKRVRWPBMKE-JPIRQXTESA-N									PlantCyc/PMN local PGDB
D-6-P-GLUCONO-DELTA-LACTONE	D-6-P-GLUCONO-DELTA-LACTONE	6-phospho D-glucono-1,5-lactone	258.014068462					C6H9O9P			plantcyc <https://plantcyc.org/>	6-phosphogluconolactone // D-6-phosphoglucono-delta-lactone // D-6-P-glucono-delta-lactone // D-glucono-1,5-lactone 6-phosphate // D-glucono-delta-lactone 6-phosphate // D-6-phospho-glucono-delta-lactone	258.014068462	C(OP([O-])(=O)[O-])[C@@H]1([C@@H](O)[C@H](O)[C@@H](O)C(=O)O1)		IJOJIVNDFQSGAB-SQOUGZDYSA-L									PlantCyc/PMN local PGDB
CPD-628	CPD-628	3-oxalomalate	206.0062671694					C6H3O8			plantcyc <https://plantcyc.org/>	oxalomalate // 3-oxalomalic acid // oxalomalic acid	206.0062671694	C([O-])(=O)C(C(C([O-])=O)O)C(C(=O)[O-])=O		YILAUJBAPQXZGM-UHFFFAOYSA-K									PlantCyc/PMN local PGDB
CPD-8844	CPD-8844	(3 E )-4,8-dimethylnona-1,3,7-triene	150.1408505778					C11H18			plantcyc <https://plantcyc.org/>	(3 E )-4,8-dimethyl-1,3,7-nonatriene // 4,8-dimethyl-1,3( E ),7-nonatriene // DMNT	150.1408505778	C=C/C=C(C)/CCC=C(C)C		LUKZREJJLWEWQM-YRNVUSSQSA-N									PlantCyc/PMN local PGDB
CPD-3943	CPD-3943	(22 S )-22-hydroxycampesterol	416.365430785					C28H48O2			plantcyc <https://plantcyc.org/>	(22alpha)-hydroxy-campesterol	416.365430785	CC(C)[C@H](C)C[C@H](O)[C@@H](C)[C@H]3(CC[C@H]4([C@@H]2(C\C=C1(C[C@@H](O)CC[C@@](C)1[C@H]2CC[C@](C)34))))		LSZJAIFORSLKOY-PACUACIMSA-N									PlantCyc/PMN local PGDB
INDOLE-PROPIONATE	INDOLE-PROPIONATE	3-(1H-indol-3-yl)propanoate	189.0789786025					C11H10NO2			plantcyc <https://plantcyc.org/>	indole-propionate // 3-indolepropionic acid // indole-3-propionate // IPA // indole-3-propanoate // 3-(1H-indol-3-yl)propionate	189.0789786025	C1(\C=C/C2(/N\C=C(CCC(=O)[O-])/C(\C=1)=2))		GOLXRNDWAUTYKT-UHFFFAOYSA-M									PlantCyc/PMN local PGDB
CPD-2461	CPD-2461	methylsuccinate	132.0422587452					C5H6O4			plantcyc <https://plantcyc.org/>	methylsuccinic acid // 2-methylbutanedioate	132.0422587452	CC(CC([O-])=O)C([O-])=O		WXUAQHNMJWJLTG-UHFFFAOYSA-L									PlantCyc/PMN local PGDB
CPD0-1763	CPD0-1763	1,2-dioctanoyl-3-methyl-1,2,3-butanetriol	372.2875743945					C21H40O5			plantcyc <https://plantcyc.org/>	3,3,-dimethyl-diC 8	372.2875743945	CCCCCCCC(=O)OCC(C(O)(C)C)OC(=O)CCCCCCC		KRHZSXCZZKOXLQ-UHFFFAOYSA-N									PlantCyc/PMN local PGDB
CPD-6744	CPD-6744	D- myo -inositol (1,2,6) trisphosphate	419.962379343					C6H9O15P3			plantcyc <https://plantcyc.org/>	1D- myo -inositol (1,2,6) trisphosphate // Ins(1,2,6)P 3 // I(1,2,6)P 3	419.962379343	[C@H]1(O)([C@H](O)[C@@H](OP([O-])(=O)[O-])[C@H](OP([O-])([O-])=O)[C@H](OP([O-])([O-])=O)[C@H](O)1)		GKDKOMAJZATYAY-UOTPTPDRSA-H									PlantCyc/PMN local PGDB
P-COUMAROYL-COA	P-COUMAROYL-COA	( E )-4-coumaroyl-CoA	913.1519878024					C30H38N7O18P3S			plantcyc <https://plantcyc.org/>	p -coumaroyl-CoA // 4-hydroxycinnamoyl-CoA // 4-coumaryl-CoA // p -coumaryl-CoA // 4-coumaroyl-CoA // trans -4-coumaroyl-CoA	913.1519878024	CC(C)(COP(OP([O-])(OC[C@@H]1([C@@H](OP([O-])([O-])=O)[C@@H](O)[C@@H](O1)N2(C3(\N=C/N=C(C(\N=C/2)=3)/N))))=O)([O-])=O)[C@@H](O)C(=O)NCCC(=O)NCCSC(=O)/C=C/C4(\C=C/C(/O)=C\C=4)		DMZOKBALNZWDKI-MATMFAIHSA-J									PlantCyc/PMN local PGDB
CPDQT-394	CPDQT-394	15-hentriacontanol	452.4957166765					C31H64O			plantcyc <https://plantcyc.org/>		452.4957166765	CCCCCCCCCCCCCCC(O)CCCCCCCCCCCCCCCC											PlantCyc/PMN local PGDB
CPD-20105	CPD-20105	(L-glutamyl)adenylate	476.1056774363					C15H20N6O10P			plantcyc <https://plantcyc.org/>	L-glutamyl-AMP // L-glutamyl-adenylate	476.1056774363	C(OP(OC(=O)[C@@H]([NH3+])CCC([O-])=O)(=O)[O-])[C@H]3(O[C@@H](N1(C2(\C(\N=C/1)=C(N)/N=C\N=2)))[C@H](O)[C@H](O)3)		KQRQKNUGLKGTSJ-LTOLZBHSSA-M									PlantCyc/PMN local PGDB
5-DIPHOSPHO-1D-MYO-INOSITOL-12346P	5-DIPHOSPHO-1D-MYO-INOSITOL-12346P	1D- myo inositol 5-diphosphate 1,2,3,4,6-pentakisphosphate	739.8277009766					C6H6O27P7			plantcyc <https://plantcyc.org/>	5-PP-InsP 5 // diphosphoinositol pentakisphosphate // 5-diphospho-1D- myo -inositol pentakisphosphate // (1r,2R,3S,4s,5R,6S)-2,3,4,5,6-pentakis(phosphonooxy)cyclohexyl trihydrogen diphosphate // 5-diphospho-1D- myo -inositol 1,2,3,4,6-pentakisphosphate	739.8277009766	[C@@H]1(OP([O-])([O-])=O)([C@@H](OP([O-])([O-])=O)[C@H](OP([O-])(=O)[O-])[C@@H](OP([O-])(=O)OP([O-])(=O)[O-])[C@H](OP(=O)([O-])[O-])[C@@H](OP(=O)([O-])[O-])1)		UPHPWXPNZIOZJL-KXXVROSKSA-A									PlantCyc/PMN local PGDB
CPD-85	CPD-85	1,2-dihydroxy-5-(methylsulfanyl)pent-1-en-3-one	162.0350648773					C6H9O3S			plantcyc <https://plantcyc.org/>	1,2-dihydroxy-3-keto-5-methylthiopentene anion // 1,2-dihydroxy-3-keto-5-methylthiopentane // 1,2-dihydroxy-3-keto-5-methylthiopentene // acireductone // 1,2-dihydroxy-5-(methylthio)pent-1-en-3-one	162.0350648773	CSCCC(C(\[O-])=C\O)=O		CILXJJLQPTUUSS-XQRVVYSFSA-M									PlantCyc/PMN local PGDB
CPD-14553	CPD-14553	UDP-alpha-D-galactose	566.0550203765					C15H22N2O17P2			plantcyc <https://plantcyc.org/>	UDP-alpha-D-galactopyranose // UDP-galactose // UDP-Gal	566.0550203765	C(O)[C@@H]1([C@H](O)[C@H](O)[C@@H](O)[C@H](O1)OP(OP(OC[C@@H]3([C@H]([C@H]([C@H](N2(\C=C/C(=O)NC2=O))O3)O)O))(=O)[O-])(=O)[O-])		HSCJRCZFDFQWRP-ABVWGUQPSA-L									PlantCyc/PMN local PGDB
CPD-26892	CPD-26892	4alpha,5beta-5,20-epoxytax-11-ene-4-ol	304.2402302714					C20H32O2			plantcyc <https://plantcyc.org/>	oxo-taxadiene-4alpha-ol (incorrect)	304.2402302714	CC2(\CC[C@H]1(C[C@H]3([C@](C)(CCC(\C(C)(C)1)=2)CC[C@H]4(OC[C@@](O)34))))		WFOFTTUMRWXDJQ-TWRRNRRFSA-N									PlantCyc/PMN local PGDB
CPD1F-137	CPD1F-137	gibberellin A 4	332.1623738809					C19H23O5			plantcyc <https://plantcyc.org/>	GA4	332.1623738809	C=C1([C@H]3(C[C@]4(C1)([C@H]([C@@H]5([C@]2(C(=O)O[C@](CC[C@H](O)2)([C@@H](CC3)4)5)(C)))C([O-])=O)))		RSQSQJNRHICNNH-UKJRIFTCSA-M									PlantCyc/PMN local PGDB
CPD-11647	CPD-11647	thermospermine	202.2157468554					C10H30N4			plantcyc <https://plantcyc.org/>	1,12-diamino-4,8-diazadodecane // N1-(3-(3-aminopropylamino)propyl)butane-1,4-diamine	202.2157468554	C([NH3+])CCC[NH2+]CCC[NH2+]CCC[NH3+]		DODDBCGMRAFLEB-UHFFFAOYSA-R									PlantCyc/PMN local PGDB
CPD-6971	CPD-6971	gibberellin A 15 (closed lactone form)	330.183109323					C20H25O4			plantcyc <https://plantcyc.org/>	GA 15 (closed lactone form) // GA15 (closed lactone form)	330.183109323	C=C1([C@H]3(C[C@]4(C1)([C@H]([C@@H]5([C@]2(C(=O)OC[C@](CCC2)([C@@H](CC3)4)5)(C)))C([O-])=O)))		MXCOJKLBLFWFNI-IATJTFMBSA-M									PlantCyc/PMN local PGDB
CPDQT-406	CPDQT-406	( Z )-1-(L-cystein- S -yl)- N -hydroxy-&omega;-(methylsulfanyl)pentan-1-imine	266.0758838345					C9H18N2O3S2			plantcyc <https://plantcyc.org/>		266.0758838345	CSCCCCC(\SC[C@H]([NH3+])C([O-])=O)=N\O		LOOVXQAHWKSBOP-RPORLEBXSA-N									PlantCyc/PMN local PGDB
CPD-14649	CPD-14649	carlactone	302.1881947009					C19H26O3			plantcyc <https://plantcyc.org/>		302.1881947009	CC(\C=C\C1(\[C@@](C)(C)CCCC(/C)=1))=C\OC2(\C=C(C)/C(=O)O2)		OTIYLZVFQIMLQH-FRGMPSNRSA-N									PlantCyc/PMN local PGDB
CPD-12585	CPD-12585	( 2E,6E )-farnesoate	236.1776300146					C15H23O2			plantcyc <https://plantcyc.org/>	( 2E,6E )-farnesoic acid // (2- trans -6- trans )-farnesoate // ( 2E,6E )-3,7,11-trimethyl-2,6,10-dodecatrienoic acid // ( 2E,6E )-farnesenic acid // ( 2E,6E )-farnesic acid // ( 2E,6E )-farnesylic acid // ( 2E,6E )-3,7,11-trimethyl-dodeca-2,6,10-trienoic acid // trans,trans-farnesoic acid // ( E,E )-farnesoic acid // all- trans -farnesoic acid // (2- trans -6- trans ) farnesoic acid	236.1776300146	CC(C)=CCCC(\C)=C/CCC(\C)=C/C(=O)[O-]		WJHFZYAELPOJIV-IJFRVEDASA-M									PlantCyc/PMN local PGDB
ALL-TRANS-PENTAPRENYL-DIPHOSPHATE	ALL-TRANS-PENTAPRENYL-DIPHOSPHATE	all- trans -pentaprenyl diphosphate	518.2562267871					C25H41O7P2			plantcyc <https://plantcyc.org/>	pentaprenyl-diphosphate // geranylfarnesyl diphosphate // geranylfarnesyl-PP // geranylfarnesyl-diphosphate // 2,6,10,14- trans -pentaprenyl diphosphate // (2E,6E,10E,14E)-geranylfarnesyl diphosphate // all-trans -geranylfarnesyl diphosphate // all-trans -farnesylgeranyl diphosphate	518.2562267871	CC(C)=CCCC(\C)=C/CCC(\C)=C/CCC(\C)=C/CCC(\C)=C/COP(=O)([O-])OP(=O)([O-])[O-]		JMVSBFJBMXQNJW-GIXZANJISA-K									PlantCyc/PMN local PGDB
CPD-21427	CPD-21427	5'- O -phosphonoadenylyl-(3'->5')-adenosine	676.1156039939					C20H23N10O13P2			plantcyc <https://plantcyc.org/>	pApA // linear 5'-phosphadenylyl-adenosine	676.1156039939	C([C@@H]3([C@@H](O)[C@@H](O)[C@H](N1(C2(\C(\N=C/1)=C(N)/N=C\N=2)))O3))OP([O-])(=O)O[C@H]6([C@@H](O)[C@H](N4(C5(\C(\N=C/4)=C(N)/N=C\N=5)))O[C@H](COP([O-])([O-])=O)6)		GTUJJVSZIHQLHA-XPWFQUROSA-K									PlantCyc/PMN local PGDB
CPD-17446	CPD-17446	diethyl thiosulfinate	138.0173063231					C4H10OS2			plantcyc <https://plantcyc.org/>		138.0173063231	CCSS(CC)=O		FIWQKOIUXFENIV-UHFFFAOYSA-N									PlantCyc/PMN local PGDB
CPD-9307	CPD-9307	(+)- trans -isoalliin	177.0459639146					C6H11NO3S			plantcyc <https://plantcyc.org/>	PRENSCO // S-1-propenyl-L-cysteine sulfoxide	177.0459639146	C/C=C/S(=O)C[C@H]([NH3+])C([O-])=O		OKYHUOHBRKWCQJ-FTJYXMLISA-N									PlantCyc/PMN local PGDB
DIHYDROXY-BUTANONE-P	DIHYDROXY-BUTANONE-P	1-deoxy-L-glycero-tetrulose 4-phosphate	184.0136745315					C4H7O6P			plantcyc <https://plantcyc.org/>	3,4-dihydroxy-2-butanone-4-phosphate // tetrolose phosphate // 3,4-dihydroxy-2-butanone-4-P // L-3,4-dihydroxybutan-2-one-4-phosphate	184.0136745315	CC(=O)[C@H](O)COP([O-])(=O)[O-]		OKYHYXLCTGGOLM-SCSAIBSYSA-L									PlantCyc/PMN local PGDB
CPD0-1809	CPD0-1809	1,2-di- S -octyl-1,2-dimercapto-3-propanol	348.2520572861					C19H40OS2			plantcyc <https://plantcyc.org/>	diC 8 thioether	348.2520572861	CCCCCCCCSCC(CO)SCCCCCCCC		QFABSLRCNMGQBZ-UHFFFAOYSA-N									PlantCyc/PMN local PGDB
CPD-5441	CPD-5441	N-dimethylethanolamine phosphate	169.0503943888					C4H11NO4P			plantcyc <https://plantcyc.org/>	N,N-dimethylethanolamine phosphate // dimethylethanolamine phosphate // P-DME	169.0503943888	C[NH+](CCOP([O-])([O-])=O)C		BLHVJAAEHMLMOI-UHFFFAOYSA-M									PlantCyc/PMN local PGDB
CPDQT-284	CPDQT-284	glucoalyssin	451.0640580987					C13H24NO10S3			plantcyc <https://plantcyc.org/>	5-(methylsulfinyl)pentyl-glucosinolate	451.0640580987	CS(=O)CCCCCC(\S[C@@H]1(O[C@H](CO)[C@@H](O)[C@H](O)[C@@H](O)1))=N\OS(=O)(=O)[O-]		HUCGRJSHMZWRQQ-PWGYDFSISA-M									PlantCyc/PMN local PGDB
CPD-14844	CPD-14844	myricetin 3- O -gentiobioside	642.1432141608					C27H30O18			plantcyc <https://plantcyc.org/>		642.1432141608	C5(/C(/O)=C(C(/O)=C\C(\C3(\OC4(/C=C(/C=C(C(\C(=O)C(/O[C@H]1([C@@H]([C@H]([C@H](O)[C@H](O1)CO[C@H]2([C@@H]([C@H]([C@H](O)[C@H](O2)CO)O)O))O)O))=3)=4)/O)/O)))=5)/O)		HUHZBMAVCTZCMX-IWUZQBPLSA-N									PlantCyc/PMN local PGDB
CPD-25235	CPD-25235	N -(1-deoxy-D-fructos-1-yl)-L-leucine	293.1474520982					C12H23NO7			plantcyc <https://plantcyc.org/>	deoxyfructosyl-L-leucine	293.1474520982	CC(C)C[C@@H](C(=O)[O-])[NH2+]C[C@@]1(O)(OC[C@@H](O)[C@@H](O)[C@H](O)1)		ZVFBUGZJZNDPOS-TYCYOEEFSA-N									PlantCyc/PMN local PGDB
CPD-12909	CPD-12909	4alpha-carboxy-ergosta-7,24(24 1 )-dien-3beta-ol	442.3446953429					C29H45O3			plantcyc <https://plantcyc.org/>		442.3446953429	CC(C)C(CC[C@@H](C)[C@H]3(CC[C@H]4(C1([C@@H]([C@@]2(C)(CC[C@H](O)[C@@H](C([O-])=O)[C@H](CC=1)2))CC[C@](C)34))))=C		URESBFJPXATWDO-QFCGGAEGSA-M									PlantCyc/PMN local PGDB
D-CYSTEINE	D-CYSTEINE	D-cysteine	121.0197491641					C3H7NO2S			plantcyc <https://plantcyc.org/>		121.0197491641	C(S)[C@H](C(=O)[O-])[NH3+]		XUJNEKJLAYXESH-UWTATZPHSA-N									PlantCyc/PMN local PGDB
CPD-490	CPD-490	alpha-D-xylose 1-phosphate	230.0191538399					C5H9O8P			plantcyc <https://plantcyc.org/>		230.0191538399	[C@@H]1([C@@H]([C@H]([C@@H](CO1)O)O)O)OP([O-])([O-])=O		ILXHFXFPPZGENN-KKQCNMDGSA-L									PlantCyc/PMN local PGDB
CPD0-1759	CPD0-1759	sn -1,2-di(2-propylpentanoyl)glycerol	344.2562742661					C19H36O5			plantcyc <https://plantcyc.org/>	di(2-propylC 5 )	344.2562742661	CCCC(CCC)C(=O)OC[C@@H](OC(C(CCC)CCC)=O)CO		VRHHCIFJHPYESE-KRWDZBQOSA-N									PlantCyc/PMN local PGDB
OXALACETIC_ACID	OXALACETIC_ACID	oxaloacetate	132.0058732389					C4H2O5			plantcyc <https://plantcyc.org/>	keto-oxaloacetate // oxaloacetic acid // oxalacetic acid // oxalacetate	132.0058732389	C(C([O-])=O)C(=O)C([O-])=O		KHPXUQMNIQBQEV-UHFFFAOYSA-L									PlantCyc/PMN local PGDB
CPD-8009	CPD-8009	quercetin 3,5- O -diglucoside	626.1482995387					C27H30O17			plantcyc <https://plantcyc.org/>		626.1482995387	C(O)[C@@H]5([C@@H](O)[C@H](O)[C@@H](O)[C@H](OC4(/C=C(/C=C3(C(\C(C(/O[C@@H]1(O[C@@H]([C@H]([C@@H]([C@H]1O)O)O)CO))=C(C2(\C=C(C(/O)=C\C=2)\O))\O3)=O)=4))/O))O5)		YOXWSUCVDVXAMX-DEFKTLOSSA-N									PlantCyc/PMN local PGDB
ARACHIDONIC_ACID	ARACHIDONIC_ACID	arachidonate	304.2402302714					C20H31O2			plantcyc <https://plantcyc.org/>	(5Z,8Z,11Z,14Z)-icosatetraenoate // arachidonic acid // all-cis -icosa-5,8,11,14-tetraenoate // (5Z,8Z,11Z,14Z)-icosatetra-5,8,11,14-enoate // C20:4 fatty acid	304.2402302714	CCCCC\C=C/C\C=C/C\C=C/C\C=C/CCCC(=O)[O-]		YZXBAPSDXZZRGB-DOFZRALJSA-M									PlantCyc/PMN local PGDB
CPD0-1586	CPD0-1586	2,4-diamino-6-methyl-5,3'-(3-nitrophenoxy)prop-1'-yloxypyrimidine	321.1437041243					C14H19N5O4			plantcyc <https://plantcyc.org/>		321.1437041243	CC2(/N=C([NH3+])\N=C(C(/OCCCOC1(\C=C(\C=C/C=1)\[N+](=O)[O-]))=2)\[NH3+])		KYIVIUPDTCMOIN-UHFFFAOYSA-P									PlantCyc/PMN local PGDB
CPD-7610	CPD-7610	soyasapogenol B	458.3759954713					C30H50O3			plantcyc <https://plantcyc.org/>	24-hydroxysophoradiol // (3beta,22beta)-olean-12-ene-3,22,24-triol	458.3759954713	C[C@@]4(CC5(C2(\[C@]([C@@]1(CCC3([C@](CO)(C)[C@H](CC[C@](C1C\C=2)3C)O))C)(CC[C@@]([C@@H](C4)O)5C)C)))C		YOQAQNKGFOLRGT-FNBSVUNXSA-N									PlantCyc/PMN local PGDB
CPDQT-38	CPDQT-38	3-[(5'-methylsulfanyl)pentyl]malate	250.0874943783					C10H16O5S			plantcyc <https://plantcyc.org/>	3-[(5'-methylthio)pentyl]malic acid // 3-[(5'-methylthio)pentyl]malate	250.0874943783	CSCCCCCC(C(O)C(=O)[O-])C(=O)[O-]		YBISUHXEJDGADQ-UHFFFAOYSA-L									PlantCyc/PMN local PGDB
AMINO-HYDROXYMETHYL-METHYL-PYR-P	AMINO-HYDROXYMETHYL-METHYL-PYR-P	4-amino-2-methyl-5-(phosphooxymethyl)pyrimidine	219.040892335					C6H8N3O4P			plantcyc <https://plantcyc.org/>	4-amino-5-phosphomethyl-2-methylpyrimidine // 4-amino-5-hydroxymethyl-2-methylpyrimidine-phosphate	219.040892335	CC1(\N=C/C(/COP(=O)([O-])[O-])=C(N)\N=1)		PKYFHKIYHBRTPI-UHFFFAOYSA-L									PlantCyc/PMN local PGDB
CPD-23509	CPD-23509	(14 S )-14-methylhexadecanoate	270.2558803356					C17H33O2			plantcyc <https://plantcyc.org/>		270.2558803356	CC[C@H](C)CCCCCCCCCCCCC([O-])=O		FXUKWLSZZHVEJD-INIZCTEOSA-M									PlantCyc/PMN local PGDB
CPD-12282	CPD-12282	12-hydroxylaurate	216.1725446367					C12H23O3			plantcyc <https://plantcyc.org/>	&omega;-hydroxylauric acid // 12-hydroxydodecanoic acid // 12-hydroxylauric acid // omega-hydroxydodecanoic acid // &omega;-hydroxylaurate // 12-hydroxydodecanoate	216.1725446367	C(=O)([O-])CCCCCCCCCCCO		ZDHCZVWCTKTBRY-UHFFFAOYSA-M									PlantCyc/PMN local PGDB
CPD0-1422	CPD0-1422	dipalmitoyl phosphatidate	648.4730057017					C35H67O8P			plantcyc <https://plantcyc.org/>	PA(16:0/16:0) // 1,2-dihexadecanoyl-sn-glycero 3-phosphate // 1,2-dipalmitoyl-3-sn-phosphatidic acid // dipalmitoyl phosphatidic acid // 1-palmitoyl-2-palmitoyl phosphatidate // 1-palmitoyl-2-palmitoleoyl-sn-glycerol 3-phosphate	648.4730057017	CCCCCCCCCCCCCCCC(=O)OC[C@H](COP(=O)([O-])[O-])OC(CCCCCCCCCCCCCCC)=O		PORPENFLTBBHSG-MGBGTMOVSA-L									PlantCyc/PMN local PGDB
CPD-8654	CPD-8654	betanin	552.1591389965					C24H24N2O13			plantcyc <https://plantcyc.org/>	Beetroot Red // E162 // betanidin 5- O -beta-glucoside	552.1591389965	C(/C=C1(C[C@H](NC(/C([O-])=O)=C/1)C([O-])=O))=[N+]2([C@@H](CC3(/C=C(C(/O)=C\C/2=3)/O[C@H]4([C@@H]([C@H]([C@@H]([C@H](O4)CO)O)O)O)))C([O-])=O)		DHHFDKNIEVKVKS-FMOSSLLZSA-L									PlantCyc/PMN local PGDB
DIHYDRONEOPTERIN-P	DIHYDRONEOPTERIN-P	7,8-dihydroneopterin 3'-phosphate	335.0630843401					C9H12N5O7P			plantcyc <https://plantcyc.org/>	dihydroneopterin 3'-monophosphate // dihydroneopterin-P // 2-amino-4-hydroxy-6-(erythro-1,2,3-trihydroxypropyl)dihydropteridine phosphate // dihydroneopterin 3'-phosphate // 7,8-dihydro-D-neopterin 3'-phosphate	335.0630843401	C1(NC2(/N=C(N)\NC(=O)C(/N=C1/[C@H](O)[C@H](O)COP(=O)([O-])[O-])=2))		PLSQMGZYOGSOCE-XINAWCOVSA-L									PlantCyc/PMN local PGDB
CPD1F-461	CPD1F-461	kaempferol-3- O -alpha-L-rhamnopyranoside	432.105646863					C21H19O10			plantcyc <https://plantcyc.org/>	kaempferol-3-rhamnoside	432.105646863	C[C@@H]4(O[C@@H](OC2(\C(C3(/C(/OC(\C1(/C=C\C(\O)=C/C=1))=2)=C\C(\[O-])=C/C(/O)=3))=O))[C@@H]([C@@H]([C@H]4O)O)O)		SOSLMHZOJATCCP-AEIZVZFYSA-M									PlantCyc/PMN local PGDB
CPDQT-8	CPDQT-8	hamamelose	180.0633881178					C6H12O6			plantcyc <https://plantcyc.org/>		180.0633881178	C([C@@H]1([C@H]([C@](CO)([C@@H](O1)O)O)O))O											PlantCyc/PMN local PGDB
2-MERCAPTOETHANOL	2-MERCAPTOETHANOL	2-sulfanylethan-1-ol	78.0139355047					C2H6OS			plantcyc <https://plantcyc.org/>	hydroxyethyl sulfide // beta-mercaptoethanol // 2-mercaptoethanol	78.0139355047	C(O)CS		DGVVWUTYPXICAM-UHFFFAOYSA-N									PlantCyc/PMN local PGDB
DUTP	DUTP	dUTP	467.9736127313					C9H11N2O14P3			plantcyc <https://plantcyc.org/>	deoxy-UTP // 2'-deoxyuridine-5'-triphosphate // deoxyuridine-triphosphate	467.9736127313	C(OP(=O)([O-])OP(=O)([O-])OP(=O)([O-])[O-])[C@H]2(O[C@@H](N1(\C=C/C(=O)NC1=O))C[C@H](O)2)		AHCYMLUZIRLXAA-SHYZEUOFSA-J									PlantCyc/PMN local PGDB
CPD-12501	CPD-12501	26-hydroxybrassinolide	496.3400038955					C28H48O7			plantcyc <https://plantcyc.org/>		496.3400038955	CC([C@@H]([C@H]([C@@H]([C@H](C2([C@]3(CCC4([C@]1(C[C@H]([C@H](C[C@@H]1C(=O)OCC(C(CC2)3)4)O)O)C))(C)))C)O)O)C)CO		WPKOZIBAIWHRJZ-QDMVLMCESA-N									PlantCyc/PMN local PGDB
CPD-8690	CPD-8690	etheroleate	294.2194948293					C18H29O3			plantcyc <https://plantcyc.org/>	(9Z,11E,1'E)-12-(1'E-hexenyloxy)-9,11-dodecadienoic acid // etheroleic acid // (9Z,11E,1'E)-12-(1'-Ehexenyloxy)-9,11-dodecadienoate	294.2194948293	CCCC/C=C/O/C=C/C=C\CCCCCCCC([O-])=O		NQNHRHWFZHFAAH-XSWVPMOFSA-M									PlantCyc/PMN local PGDB
CPD-9807	CPD-9807	2-hydroxyferulate	210.0528234315					C10H10O5			plantcyc <https://plantcyc.org/>	2-hydroxy ferulic acid	210.0528234315	C(/C=C/C1(/C(/O)=C\C(\O)=C(\C=1)\OC))(=O)O											PlantCyc/PMN local PGDB
CPD-663	CPD-663	UDP-4-dehydro-6-deoxy-alpha-D-glucose	548.0444556902					C15H20N2O16P2			plantcyc <https://plantcyc.org/>	UDP-4-keto-6-deoxyglucose // UDP-4-keto-6-deoxy-alpha-D-glucose // UDP-4-oxo-6-deoxy-alpha-D-glucose	548.0444556902	C[C@H]3(O[C@H](OP(OP(OC[C@@H]2([C@H]([C@H]([C@H](N1(\C=C/C(=O)NC1=O))O2)O)O))(=O)[O-])(=O)[O-])[C@H](O)[C@@H](O)C(=O)3)		DDWGQQADOIMFOI-JPHISPRKSA-L									PlantCyc/PMN local PGDB
CPD-20260	CPD-20260	2- S -cysteinyldopa	316.0729069466					C12H16N2O6S			plantcyc <https://plantcyc.org/>		316.0729069466	C(SC1(/C(\C[C@@H](C(=O)[O-])[NH3+])=C\C=C(C(\O)=1)\O))[C@@H](C(=O)[O-])[NH3+]		IAGPESOLVJAEAG-BQBZGAKWSA-N									PlantCyc/PMN local PGDB
CPD0-1591	CPD0-1591	5-[[4-methoxy-3-(phenylmethoxy)phenyl]methyl]-2,4-pyrimidinediamine	336.158625907					C19H20N4O2			plantcyc <https://plantcyc.org/>		336.158625907	COC3(/C=C\C(/CC1(\C(\N)=N/C(\N)=N\C=1))=C/C(/OCC2(\C=C/C=C\C=2))=3)		XARRNBRDTOCYPU-UHFFFAOYSA-N									PlantCyc/PMN local PGDB
CPD-4183	CPD-4183	4alpha-methyl-cholesta-8,14-dienol	398.3548660987					C28H46O			plantcyc <https://plantcyc.org/>	4alpha-methylcholesta-8,14-dien-3beta-ol	398.3548660987	CC(CCC[C@@H](C)[C@@H]3([C@]2(CCC4(/[C@]1(CC[C@@H]([C@H]([C@@H]1CCC(/C2=CC3)=4)C)O)C))(C)))C		OUCINTVMAVITJZ-HESBYNJASA-N									PlantCyc/PMN local PGDB
PHYTYL-PYROPHOSPHATE	PHYTYL-PYROPHOSPHATE	phytyl diphosphate	456.2405767229					C20H39O7P2			plantcyc <https://plantcyc.org/>	phytyl pyrophosphate // phytyl-PP	456.2405767229	CC(CCC[C@H](CCC[C@H](CCCC(\C)=C/COP([O-])(=O)OP([O-])(=O)[O-])C)C)C		ITPLBNCCPZSWEU-PYDDKJGSSA-K									PlantCyc/PMN local PGDB
CPD-15265	CPD-15265	brevianamide F	283.1320768055					C16H17N3O2			plantcyc <https://plantcyc.org/>	cyclo-L-Trp-L-Pro // cyclo-L-pryptophan-L-proline // cyclo-L-proline-L-pryptophan	283.1320768055	C4(\C=C3(C(/C[C@H]1(C(N2(CCC[C@@H](C(N1)=O)2))=O))=C/NC/3=C/C=4))		RYFZBPVMVYTEKZ-KBPBESRZSA-N									PlantCyc/PMN local PGDB
CPD-14638	CPD-14638	(2S,3R)-2-amino-3-methyl-4-ketopentanoate	145.0738932246					C6H11NO3			plantcyc <https://plantcyc.org/>	(2S,3R)-2-amino-3-methyl-4-ketopentanoic acid	145.0738932246	C[C@@H](C(=O)C)[C@H]([NH3+])C(=O)[O-]		MMBIRKOXPSBOTN-UCORVYFPSA-N									PlantCyc/PMN local PGDB
CPD-18118	CPD-18118	D-arabinofuranose 5-phosphate	230.0191538399					C5H9O8P			plantcyc <https://plantcyc.org/>	D-arabinofuranose 5P	230.0191538399	C(OP([O-])(=O)[O-])[C@@H]1([C@@H](O)[C@H](O)C(O)O1)		KTVPXOYAKDPRHY-ZRMNMSDTSA-L									PlantCyc/PMN local PGDB
CPD-12383	CPD-12383	1- aci -nitro-2-phenylethane	153.0789786025					C8H9NO2			plantcyc <https://plantcyc.org/>		153.0789786025	C(CC1(\C=C/C=C\C=1))=[N+](O)[O-]		KUPCZGVUUHIRGX-UHFFFAOYSA-N									PlantCyc/PMN local PGDB
CPD-19477	CPD-19477	2-[(2'-methylsulfanyl)propyl]maleate	204.0456295636					C8H10O4S			plantcyc <https://plantcyc.org/>	2-[(2'-methylthio)propyl]maleate	204.0456295636	CSCCCC(\C(=O)[O-])=C\C([O-])=O		RQAOZCCKOFEXBK-WAYWQWQTSA-L									PlantCyc/PMN local PGDB
CPD-8989	CPD-8989	L-methionine-( S )- S -oxide	165.0459639146					C5H11NO3S			plantcyc <https://plantcyc.org/>		165.0459639146	CS(=O)CC[C@H]([NH3+])C(=O)[O-]		QEFRNWWLZKMPFJ-MFXDVPHUSA-N									PlantCyc/PMN local PGDB
CPDQT-36	CPDQT-36	3-[(3'-methylsulfanyl)propyl]malate	222.0561942499					C8H12O5S			plantcyc <https://plantcyc.org/>	3-[(3'-methylthio)propyl]malic acid // 3-[(3'-methylthio)propyl]malate	222.0561942499	C(C(CCCSC)C(O)C(=O)[O-])(=O)[O-]		SQXVIIOPMYSNCP-UHFFFAOYSA-L									PlantCyc/PMN local PGDB
CPD-21171	CPD-21171	indol-3-ylmethylisothiocyanate-L-cysteine	309.0605681213					C13H15N3O2S2			plantcyc <https://plantcyc.org/>		309.0605681213	C(NC(SC[C@@H](C([O-])=O)[NH3+])=S)C1(\C2(/C=C\C=C/C(/N/C=1)=2))		WYPFKKHHBKZRFG-JTQLQIEISA-N									PlantCyc/PMN local PGDB
CPD-14019	CPD-14019	alpha-D-fucopyranose	164.0684734957					C6H12O5			plantcyc <https://plantcyc.org/>	alpha-D-fucose	164.0684734957	C[C@@H]1([C@H](O)[C@H](O)[C@@H](O)[C@@H](O)O1)		SHZGCJCMOBCMKK-PHYPRBDBSA-N									PlantCyc/PMN local PGDB
CPD-4603	CPD-4603	isopentenyladenine-9- N -glucoside	365.1699188748					C16H23N5O5			plantcyc <https://plantcyc.org/>		365.1699188748	CC(C)=CCNC1(\C2(\N=C/N(C(\N=C/N=1)=2)[C@@H]3([C@@H]([C@H]([C@@H]([C@H](O3)CO)O)O)O)))		XEHLLUQVSRLWMH-HMXKMONRSA-N									PlantCyc/PMN local PGDB
NICOTINE	NICOTINE	( S )-nicotine	162.1156984598					C10H15N2			plantcyc <https://plantcyc.org/>	nicotine	162.1156984598	C1(CC[C@H]([NH+](C)1)C2(\C=N/C=C\C=2))		SNICXCGAKADSCV-JTQLQIEISA-O									PlantCyc/PMN local PGDB
CPD-7072	CPD-7072	(2 S )-hesperetin	302.079038182					C16H13O6			plantcyc <https://plantcyc.org/>	(2 S )-5,7,3'-trihydroxy-4'-methoxyflavanone	302.079038182	COC3(/C=C\C(\[C@H]1(OC2(/C=C(/C=C(C(\C(C1)=O)=2)/O)/[O-])))=C/C(/O)=3)		AIONOLUJZLIMTK-AWEZNQCLSA-M									PlantCyc/PMN local PGDB
CPD-17443	CPD-17443	gamma-L-glutamyl-[( S )-allyl]-L-cysteine	290.0936423887					C11H17N2O5S			plantcyc <https://plantcyc.org/>		290.0936423887	C=CCSC[C@@H](C([O-])=O)NC(=O)CC[C@H]([NH3+])C([O-])=O		FUTHBNRZCFKVQZ-YUMQZZPRSA-M									PlantCyc/PMN local PGDB
CPD-8135	CPD-8135	crinosterol	398.3548660987					C28H46O			plantcyc <https://plantcyc.org/>		398.3548660987	CC(C)[C@H](C)/C=C/[C@@H](C)[C@H]3(CC[C@H]4([C@@H]2(C\C=C1(C[C@@H](O)CC[C@@](C)1[C@H]2CC[C@](C)34))))		OILXMJHPFNGGTO-SDMVIZLASA-N									PlantCyc/PMN local PGDB
CPD-3141	CPD-3141	genistein	270.0528234315					C15H9O5			plantcyc <https://plantcyc.org/>	5,7-dihydroxy-3-(4-hydroxyphenyl)-4H-chromen-4-one // 5,7,4'-trihydroxyisoflavone // 4',5,7-trihydroxyisoflavone	270.0528234315	C3(\C(\C1(\C(=O)C2(/C(/O)=C\C(\[O-])=C/C(/O\C=1)=2)))=C/C=C(\C=3)/O)		TZBJGXHYKVUXJN-UHFFFAOYSA-M									PlantCyc/PMN local PGDB
TRANS-CINNAMOYL-BETA-D-GLUCOSE	TRANS-CINNAMOYL-BETA-D-GLUCOSE	cinnamoyl-beta-D-glucoside	310.1052529325					C15H18O7			plantcyc <https://plantcyc.org/>	1- O -cinnamoyl-beta-D-glucopyranose	310.1052529325	C2(\C=C/C(/C=C/C(=O)O[C@@H]1(O[C@H](CO)[C@@H](O)[C@H](O)[C@@H](O)1))=C\C=2)		CJGRGYBLAHPYOM-HOLMNUNMSA-N									PlantCyc/PMN local PGDB
CPD-12486	CPD-12486	petiveriin	227.0616139788					C10H13NO3S			plantcyc <https://plantcyc.org/>	S-benzyl-L-cysteine sulfoxide	227.0616139788	C(S(=O)C[C@H]([NH3+])C(=O)[O-])C1(\C=C/C=C\C=1)		OBQBHBOGTLPNJM-HJULIUOESA-N									PlantCyc/PMN local PGDB
MALTOHEXAOSE	MALTOHEXAOSE	maltohexaose	990.3275052753					C36H62O31			plantcyc <https://plantcyc.org/>		990.3275052753	C([C@H]6(O[C@H](O[C@@H]5([C@H](O[C@H](O[C@@H]4([C@H](O[C@H](O[C@@H]1([C@H](O[C@@H]([C@@H]([C@H]1O)O)O[C@@H]2([C@H](O[C@@H]([C@@H]([C@H]2O)O)O[C@@H]3([C@H](OC([C@@H]([C@H]3O)O)O)CO))CO))CO))[C@@H]([C@H]4O)O)CO))[C@@H]([C@H]5O)O)CO))[C@@H]([C@H]([C@@H]6O)O)O))O		OCIBBXPLUVYKCH-LIGGPISVSA-N									PlantCyc/PMN local PGDB
CPD-8198	CPD-8198	methyl-2-alpha-L-fucopyranosyl-beta-D-galactoside	340.1369469914					C13H24O10			plantcyc <https://plantcyc.org/>		340.1369469914	C[C@H]1([C@H]([C@H]([C@H](O)[C@@H](O1)O[C@H]2([C@H](OC)O[C@@H]([C@H](O)[C@@H]2O)CO))O)O)		ZUPSABSQBFCIOU-IBVRSMRASA-N									PlantCyc/PMN local PGDB
CPD0-1029	CPD0-1029	alpha-D-glucose 1-methylene-phosphonate	274.0453685904					C7H14O9P			plantcyc <https://plantcyc.org/>	Glc-1-MeP	274.0453685904	C(O)[C@H]1(O[C@H](OCP(=O)(O)[O-])[C@H](O)[C@@H](O)[C@H](O)1)		WJEZSLBGCUKRIK-ZFYZTMLRSA-M									PlantCyc/PMN local PGDB
2-O-CAFFEOYLGLUCARATE	2-O-CAFFEOYLGLUCARATE	2-O-caffeoylglucarate	372.0692613567					C15H14O11			plantcyc <https://plantcyc.org/>		372.0692613567	C(=O)(/C=C/C1(\C=C/C(/O)=C(C=1)/O))O[C@H]([C@H]([C@@H]([C@@H](C(=O)[O-])O)O)O)C(=O)[O-]		OMIXKOJEIRRAJW-CDEBNWADSA-L									PlantCyc/PMN local PGDB
CPD-4	CPD-4	molybdopterin	395.012311098					C10H12N5O6PS2			plantcyc <https://plantcyc.org/>	MPT // pyranopterin-dithiolate // ene-dithiol pyranopterin // H 2 Dtpp-mP // [(5aR,8R,9aR)-2-amino-4-oxo-6,7-disulfanyl-3,5,5a,8,9a,10-hexahydro-4H-pyrano[3,2-g]pteridin-8-yl]methyl dihydrogen phosphate // H2Dtpp-mP	395.012311098	C(OP([O-])(=O)[O-])[C@@H]1(C(\S)=C([C@H]2([C@@H](O1)NC3(/N=C(N)\NC(=O)C(/N2)=3)))\S)		HPEUEJRPDGMIMY-IFQPEPLCSA-L									PlantCyc/PMN local PGDB
CPD-15021	CPD-15021	quercetin 3- O -glucosyl-(1->2)-glucoside-7- O -rhamnoside	772.2062083481					C33H40O21			plantcyc <https://plantcyc.org/>	quercetin 3- O -sophoroside-7- O -rhamnoside	772.2062083481	C[C@@H]6(O[C@H](OC4(\C=C(C5(\C(=O)C(/O[C@@H]2(O[C@H](CO)[C@@H](O)[C@H](O)[C@@H](O[C@@H]1(O[C@H](CO)[C@@H](O)[C@H](O)[C@@H](O)1))2))=C(C3(\C=C/C(/O)=C(/C=3)/O))\OC(/C=4)=5))\O))[C@@H]([C@@H]([C@H]6O)O)O)		CAXLTZYEJPQCKD-WHBTYZLHSA-N									PlantCyc/PMN local PGDB
CPD-10283	CPD-10283	3-oxobehenoyl-CoA	1103.4180388938					C43H72N7O18P3S			plantcyc <https://plantcyc.org/>	3-oxodocosanoyl-CoA	1103.4180388938	CCCCCCCCCCCCCCCCCCCC(=O)CC(=O)SCCNC(=O)CCNC([C@H](O)C(C)(C)COP([O-])(=O)OP([O-])(=O)OC[C@@H]1([C@@H](OP(=O)([O-])[O-])[C@@H](O)[C@@H](O1)N2(\C=N/C3(C(/N)=N\C=N/C2=3))))=O		RKCOGGUHKPTOQJ-GNSUAQHMSA-J									PlantCyc/PMN local PGDB
CPD-12835	CPD-12835	anthraniloyl- O -glucopyranose	299.1005019056					C13H17NO7			plantcyc <https://plantcyc.org/>	anthranilic acid-beta-glucoside // 2-aminobenzoic acid-beta-glucoside // anthranilic acid, beta-D-glucosyl ester // 1-O-beta-D-Glucopyranosyl anthranilate // D-Glucose 1-anthranilate // anthraniloyl- O -glucose // anthranilate-beta-glucoside	299.1005019056	C(O)[C@H]2(O[C@@H](OC(C1(/C=C\C=C/C(/N)=1))=O)[C@H](O)[C@@H](O)[C@H](O)2)		GTQKOJVFDJDUGN-HMUNZLOLSA-N									PlantCyc/PMN local PGDB
CPD-19753	CPD-19753	2-dehydro-3-deoxy-D-octonate	238.0688674262					C8H13O8			plantcyc <https://plantcyc.org/>	keto-3-deoxy-D-manno-octulosonate // 3-deoxy-D-manno-octulosonate // keto-3-deoxy-D-manno-oct-2-ulosonate	238.0688674262	C([C@H]([C@H]([C@@H]([C@@H](CO)O)O)O)O)C(=O)C([O-])=O		KYQCXUMVJGMDNG-SHUUEZRQSA-M									PlantCyc/PMN local PGDB
CPD-12841	CPD-12841	2,4-dihydroxyquinoline	163.0633285383					C9H9NO2			plantcyc <https://plantcyc.org/>	2,4-quinolinediol	163.0633285383	C1(\C=C/C2(/NC(O)/C=C(C(/C=1)=2)/O))		RJINPVKBEQSXIS-UHFFFAOYSA-N									PlantCyc/PMN local PGDB
CPD-206	CPD-206	phytanoyl-CoA	1061.4074742075					C41H70N7O17P3S			plantcyc <https://plantcyc.org/>		1061.4074742075	CC(C)CCC[C@@H](C)CCC[C@@H](C)CCCC(C)CC(SCCNC(=O)CCNC(=O)[C@H](O)C(C)(C)COP(=O)(OP(=O)(OC[C@@H]1([C@@H](OP([O-])(=O)[O-])[C@@H](O)[C@@H](O1)N2(C3(\N=C/N=C(C(\N=C/2)=3)/N))))[O-])[O-])=O		NRJQGHHZMSOUEN-HHVNVSIESA-J									PlantCyc/PMN local PGDB
CPD-19812	CPD-19812	(+)-7- epi -12-hydroxy-12-oxojasmonoyl-L-isoleucine	353.1838376045					C18H25NO6			plantcyc <https://plantcyc.org/>	(3R, 7S)-12COOH-JA-Ile // (3R, 7S)-12-hydroxy-12-oxojasmonoyl-isoleucine // (3R, 7S)-12-hydroxy-12-oxojasmonoyl-L-isoleucine // (+)-7- iso -12-hydroxy-12-oxojasmonoyl-L-isoleucine	353.1838376045	CC[C@H](C)[C@H](NC(=O)C[C@H]1(CCC(=O)[C@@H](C\C=C/CC([O-])=O)1))C([O-])=O		JGWHHQHWBOQVJU-SIEWLTCVSA-L									PlantCyc/PMN local PGDB
PANTETHEINE-P	PANTETHEINE-P	4'-phosphopantetheine	358.0963583034					C11H21N2O7PS			plantcyc <https://plantcyc.org/>	phosphopantotheine // pantetheine 4'-phosphate // phosphopantetheine	358.0963583034	CC([C@@H](O)C(=O)NCCC(NCCS)=O)(C)COP([O-])(=O)[O-]		JDMUPRLRUUMCTL-VIFPVBQESA-L									PlantCyc/PMN local PGDB
CPD-5601	CPD-5601	N -monomethylethanolamine	75.0684139162					C3H10NO			plantcyc <https://plantcyc.org/>		75.0684139162	C[NH2+]CCO		OPKOKAMJFNKNAS-UHFFFAOYSA-O									PlantCyc/PMN local PGDB
CPD-7672	CPD-7672	3-(methylsulfanyl)propanoate	120.024500191					C4H7O2S			plantcyc <https://plantcyc.org/>	MMPA // methylmercaptopropionate // 3-methylthiopropionate // 3-methylthiopropionic acid // methyl-3-mercaptopropionate // methyl-beta-mercaptopropionate // 3- S -methylmercaptopropionate // 3- S -methylthiopropionate // 3-(methylthio)propanoate	120.024500191	CSCCC([O-])=O		CAOMCZAIALVUPA-UHFFFAOYSA-M									PlantCyc/PMN local PGDB
CPD-13578	CPD-13578	aminomethylpyrimidine	138.0905463418					C6H11N4			plantcyc <https://plantcyc.org/>	4-amino-5-aminomethyl-2-methylpyrimidine // 2-methyl-4-amino-5-aminomethylpyrimidine	138.0905463418	CC1(\N=C/C(\C[NH3+])=C(N)\N=1)		OZOHTVFCSKFMLL-UHFFFAOYSA-O									PlantCyc/PMN local PGDB
CPD-13091	CPD-13091	(9Z,12Z)-15,16-epoxyoctadeca-9,12-dienoate	294.2194948293					C18H29O3			plantcyc <https://plantcyc.org/>	(9Z,12Z)-15,16-epoxyoctadeca-9,12-dienoic acid // (9Z,12Z)-15,16-epoxyoctadecadienoate	294.2194948293	CCC1(OC1C\C=C/C\C=C/CCCCCCCC(=O)[O-])		HKSDVVJONLXYKL-OHPMOLHNSA-M									PlantCyc/PMN local PGDB
PYRUVATE	PYRUVATE	pyruvate	88.0160439947					C3H3O3			plantcyc <https://plantcyc.org/>	alpha-ketopropionic acid // BTS // alpha-ketopropionic acid // acetylformic acid // pyroracemic acid // 2-oxopropanoic acid // pyruvic acid // 2-oxopropanoate // 2-oxo-propionic acid	88.0160439947	CC(=O)C(=O)[O-]		LCTONWCANYUPML-UHFFFAOYSA-M									PlantCyc/PMN local PGDB
CPD-8656	CPD-8656	cyclo-dopa 5- O -glucoside	357.105981214					C15H18NO9			plantcyc <https://plantcyc.org/>		357.105981214	C([C@@H]3([C@H]([C@@H]([C@H]([C@H](OC1(\C(\O)=C/C2(/N[C@@H](CC(/C=1)=2)C([O-])=O)))O3)O)O)O))O		PXMFPPFHRQZIHO-OLCQZNMOSA-M									PlantCyc/PMN local PGDB
DIMETHYL-D-RIBITYL-LUMAZINE	DIMETHYL-D-RIBITYL-LUMAZINE	6,7-dimethyl-8-(1-D-ribityl)lumazine	326.1226343312					C13H17N4O6			plantcyc <https://plantcyc.org/>	6,7-Dimethyl-8-(1'-D-ribityl)lumazine // 6,7-dimethyl-8-(1-D-ribityl)lumazine // 6,7-dimethyl-8-(D-ribityl)lumazine // 6,7-dimethyl-8-D-ribityllumazine // 6,7-Dimethyl-8-ribityllumazine // DMDRL // RL-6,7-diMe	326.1226343312	CC1(\N=C2(C(/N(C[C@H](O)[C@H](O)[C@H](O)CO)C(/C)=1)=N\C(=O)[N-]C(=O)2))		SXDXRJZUAJBNFL-XKSSXDPKSA-M									PlantCyc/PMN local PGDB
ITP	ITP	ITP	507.9797607417					C10H11N4O14P3			plantcyc <https://plantcyc.org/>	inosine triphosphate // inosine 5'-triphosphate	507.9797607417	C(OP(=O)([O-])OP(=O)([O-])OP(=O)([O-])[O-])[C@H]3(O[C@@H](N1(C2(\N=C/NC(=O)C(\N=C/1)=2)))[C@H](O)[C@H](O)3)		HAEJPQIATWHALX-KQYNXXCUSA-J									PlantCyc/PMN local PGDB
CPD0-2554	CPD0-2554	( R )-S-adenosyl-L-methionine	400.1528886021					C15H23N6O5S			plantcyc <https://plantcyc.org/>	( R )- S -adenosyl-L-methionine	400.1528886021	C[S+](C[C@H]3(O[C@@H](N1(C2(\C(\N=C/1)=C(N)/N=C\N=2)))[C@H](O)[C@H](O)3))CC[C@@H](C(=O)[O-])[NH3+]		MEFKEPWMEQBLKI-TYYLHDHTSA-O									PlantCyc/PMN local PGDB
CPD-6681	CPD-6681	D- myo -inositol (3,4,6)-trisphosphate	419.962379343					C6H9O15P3			plantcyc <https://plantcyc.org/>	1D- myo -inositol (3,4,6)-trisphosphate // I(3,4,6)P 3	419.962379343	[C@@H]1(O)([C@H](OP([O-])(=O)[O-])[C@@H](O)[C@H](OP(=O)([O-])[O-])[C@@H](OP(=O)([O-])[O-])[C@@H](O)1)		MMWCIQZXVOZEGG-GSRZWBRNSA-H									PlantCyc/PMN local PGDB
CPD-19191	CPD-19191	gentisate 5- O -beta- D -xylopyranoside	286.0688674262					C12H13O8			plantcyc <https://plantcyc.org/>	gentisic acid 5- O -beta- D -xylopyranoside	286.0688674262	C2(O[C@H](OC1(\C=C/C(/O)=C(/C=1)/C(=O)[O-]))[C@H](O)[C@@H](O)[C@H](O)2)		OGFQCMFLQIYVSQ-DTHBNOIPSA-M									PlantCyc/PMN local PGDB
CPD-1825	CPD-1825	beta-L-arabinose 1-phosphate	230.0191538399					C5H9O8P			plantcyc <https://plantcyc.org/>	beta-L-arabinose 1-P	230.0191538399	C1(O[C@@H]([C@@H]([C@H]([C@H]1O)O)O)OP([O-])(=O)[O-])		ILXHFXFPPZGENN-QMKXCQHVSA-L									PlantCyc/PMN local PGDB
CPD-13353	CPD-13353	(2S,3E)-2-amino-4-(2-aminoethoxy)but-3-enoate	160.0847922619					C6H13N2O3			plantcyc <https://plantcyc.org/>	aminoethoxyvinylglycine // Aviglycine // L-2-amino-4-(2-aminoethoxy)- trans -3-butenoic acid // L- trans -2-amino-4-(2-aminoethoxy)-3-butenoic acid // ( S -( E ))-2-amino-4-(2-aminoethoxy)-3-butenoic acid // L-2-amino-4-(2'-aminoethoxy)- trans -3-butenoic acid // AVG	160.0847922619	C([NH3+])CO/C=C/[C@@H](C(=O)[O-])[NH3+]		USGUVNUTPWXWBA-JRIXXDKMSA-O									PlantCyc/PMN local PGDB
FECOSTEROL	FECOSTEROL	fecosterol	398.3548660987					C28H46O			plantcyc <https://plantcyc.org/>	24-methylene-5alpha-cholest-8-en-3beta-ol	398.3548660987	CC(C)C(CC[C@@H](C)[C@H]2(CC[C@H]3(C4(\CC[C@H]1(C[C@@H](O)CC[C@@](C)1C(\CC[C@](C)23)=4)))))=C		SLQKYSPHBZMASJ-QKPORZECSA-N									PlantCyc/PMN local PGDB
CPDQT-39	CPDQT-39	3-[(6'-methylsulfanyl)hexyl]malate	264.1031444425					C11H18O5S			plantcyc <https://plantcyc.org/>	3-[(6'-methylthio)hexyl]malic acid // 3-[(6'-methylthio)hexyl]malate	264.1031444425	CSCCCCCCC(C(O)C(=O)[O-])C(=O)[O-]		LQQZHLHCFSCJCU-UHFFFAOYSA-L									PlantCyc/PMN local PGDB
CPD-723	CPD-723	6-deoxocastasterone	450.3709100934					C28H50O4			plantcyc <https://plantcyc.org/>	deoxocastasterone	450.3709100934	CC(C)[C@H](C)[C@@H](O)[C@H](O)[C@@H](C)[C@H]3(CC[C@H]4([C@@H]2(CC[C@H]1(C[C@H](O)[C@H](O)C[C@@](C)1[C@H]2CC[C@](C)34))))		VXBLCLVRWCLEOX-BFYSZXNBSA-N									PlantCyc/PMN local PGDB
CPD-14483	CPD-14483	glycyrrhetinate	470.339609965					C30H45O4			plantcyc <https://plantcyc.org/>	glycyrrhetinic acid // 3-beta-hydroxyglycyrrhetinate // glycyrrhetin // enoxolone // uralenic acid	470.339609965	C[C@@]4(C)(C3(CC[C@@]2(C)([C@]1(C)(CC[C@@]5([C@H](C/1=C\C(C2[C@](C)3CC[C@H](O)4)=O)C[C@](C([O-])=O)(C)CC5)C))))		MPDGHEJMBKOTSU-VOPRYAMFSA-M									PlantCyc/PMN local PGDB
5-METHYL-THF	5-METHYL-THF	5-methyltetrahydropteroyl mono-L-glutamate	459.1866315715					C20H23N7O6			plantcyc <https://plantcyc.org/>	5-methyltetrahydrofolate mono-L-glutamate // 5-methyl-THF mono-L-glutamate // 5-methyl-5,6,7,8-tetrahydrofolate mono-L-glutamate // n5-methyltetrahydrofolate mono-L-glutamate // N5-methyl-THF mono-L-glutamate // methyl-THF mono-L-glutamate // methyl-tetrahydrofolate mono-L-glutamate // methyl-H4F mono-L-glutamate // 5-methyl-5,6,7,8-tetrahydropteroyl-L-glutamate // N 5 -methyl--H 4 PteGlu 1 // N 5 -methyltetrahydropteroyl mono-L-glutamate	459.1866315715	CN1([C@H](CNC2(/N=C(N)\NC(=O)C\1=2))CNC3(\C=C/C(/C(=O)N[C@H](C(=O)[O-])CCC([O-])=O)=C\C=3))		ZNOVTXRBGFNYRX-STQMWFEESA-L									PlantCyc/PMN local PGDB
4-ALPHA-METHYL-5-ALPHA	4-ALPHA-METHYL-5-ALPHA	4alpha-methyl-5alpha-cholest-7-en-3beta-ol	400.3705161629					C28H48O			plantcyc <https://plantcyc.org/>		400.3705161629	CC(C)CCC[C@H]([C@@H]4([C@]1(C)([C@H](C2([C@H](CC1)[C@]3(C)([C@@H](CC=2)[C@H](C)[C@@H](O)CC3)))CC4)))C		LMYZQUNLYGJIHI-SPONXPENSA-N									PlantCyc/PMN local PGDB
CPD-19493	CPD-19493	S -(sulfanylmethyl)-L-cysteine	167.0074699183					C4H9NO2S2			plantcyc <https://plantcyc.org/>	S -(mercaptomethyl)-L-cysteine	167.0074699183	C(S)SC[C@@H](C([O-])=O)[NH3+]		VOGYCJZGORDPOR-VKHMYHEASA-N									PlantCyc/PMN local PGDB
CPD-294	CPD-294	2-maleylacetate	158.0215233031					C6H4O5			plantcyc <https://plantcyc.org/>	4-oxohex-2-enedioate // maleylacetate // (2Z)-4-oxohex-2-enedioate	158.0215233031	C(\C(=O)CC([O-])=O)=C\C(=O)[O-]		SOXXPQLIZIPMIZ-UPHRSURJSA-L									PlantCyc/PMN local PGDB
CPD-14300	CPD-14300	(11Z)-3-oxoicosa-11-enoyl-CoA	1073.3710887012					C41H66N7O18P3S			plantcyc <https://plantcyc.org/>	(11Z)-3-oxoeicosa-11-enoyl-CoA // (11Z)-3-oxoeicosenoyl-CoA	1073.3710887012	CCCCCCCC\C=C/CCCCCCCC(=O)CC(=O)SCCNC(=O)CCNC(=O)[C@H](O)C(C)(C)COP(=O)(OP(=O)(OC[C@@H]1([C@@H](OP([O-])(=O)[O-])[C@@H](O)[C@@H](O1)N2(C3(\N=C/N=C(C(\N=C/2)=3)/N))))[O-])[O-]		ASKKPQKSCFYPPP-FVLDFCIYSA-J									PlantCyc/PMN local PGDB
CPD-13428	CPD-13428	alpha-L-galactopyranose	180.0633881178					C6H12O6			plantcyc <https://plantcyc.org/>	alpha-L-galactose	180.0633881178	C([C@@H]1(O[C@H]([C@H]([C@@H]([C@@H]1O)O)O)O))O		WQZGKKKJIJFFOK-SXUWKVJYSA-N									PlantCyc/PMN local PGDB
CPD-23405	CPD-23405	avenanthramide B	329.0899372193					C17H14NO6			plantcyc <https://plantcyc.org/>		329.0899372193	COC2(\C(\O)=C/C(/C=C/C(=O)NC1(/C=C\C(\O)=C/C(/C([O-])=O)=1))=C/C=2)		WCPUQYOMFPRURI-XVNBXDOJSA-M									PlantCyc/PMN local PGDB
CPD-8427	CPD-8427	(4E,8E)-sphinga-4,8-dienine	297.2667793729					C18H36NO2			plantcyc <https://plantcyc.org/>	sphinga-4,8-dienine // 4,8-sphingadienine	297.2667793729	CCCCCCCCC/C=C/CC/C=C/[C@@H](O)[C@@H]([NH3+])CO		RTQVJTLVVBJRJG-SEXYCKHXSA-O									PlantCyc/PMN local PGDB
CPD-13557	CPD-13557	alpha-D-glucosyl-(1->3)-alpha-D-mannose	342.1162115493					C12H22O11			plantcyc <https://plantcyc.org/>	alpha(Glc(1-3)alphaMan // glucosyl-alpha1,3 mannose	342.1162115493	C(O)[C@@H]2([C@@H](O)[C@H](O)[C@@H](O)[C@@H](O[C@@H]1([C@H](O)[C@@H](O)O[C@H](CO)[C@@H](O)1))O2)		QIGJYVCQYDKYDW-ZINHCKEWSA-N									PlantCyc/PMN local PGDB
CPD-12366	CPD-12366	8-oxo-GTP	538.9855744011					C10H12N5O15P3			plantcyc <https://plantcyc.org/>	7,8-dihydro-8-oxoguanosine 5'-triphosphate	538.9855744011	C(OP(=O)([O-])OP(=O)([O-])OP(=O)([O-])[O-])[C@H]3(O[C@@H](N1(C2(\N=C(N)/NC(=O)C(NC(=O)1)=2)))[C@H](O)[C@H](O)3)		JCHLKIQZUXYLPW-UMMCILCDSA-J									PlantCyc/PMN local PGDB
3-2-METHYLTHIOETHYLMALIC-ACID	3-2-METHYLTHIOETHYLMALIC-ACID	3-[(2'-methylsulfanyl)ethyl]malate	208.0405441857					C7H10O5S			plantcyc <https://plantcyc.org/>	3-[(2'-methylsulfanyl)ethyl]malic acid	208.0405441857	CSCCC(C(=O)[O-])C(O)C([O-])=O		UZRMQJKPFRLIDG-UHFFFAOYSA-L									PlantCyc/PMN local PGDB
CPD-7021	CPD-7021	alpha-aminooxy-beta-phenylpropanoate	181.0738932246					C9H10NO3			plantcyc <https://plantcyc.org/>	alpha-aminooxy-beta-phenylpropionate	181.0738932246	C([C@H](CC1(\C=C/C=C\C=1))ON)(=O)[O-]		BRKLOAHUJZWUQQ-QMMMGPOBSA-M									PlantCyc/PMN local PGDB
CPD-457	CPD-457	4-O-beta-D-glucosyl-4-hydroxycinnamate	326.1001675546					C15H17O8			plantcyc <https://plantcyc.org/>		326.1001675546	C(O)[C@@H]1([C@@H](O)[C@H](O)[C@@H](O)[C@@H](O1)OC2(\C=C/C(/C=C/C([O-])=O)=C/C=2))		LJFYQZQUAULRDF-FDGSXQGBSA-M									PlantCyc/PMN local PGDB
CPD-18643	CPD-18643	(22 R )-22,26-dihydroxycholesterol	418.3446953429					C27H46O3			plantcyc <https://plantcyc.org/>		418.3446953429	CC(CO)CC[C@@H](O)[C@@H](C)[C@H]3(CC[C@H]4([C@@H]2(C\C=C1(C[C@@H](O)CC[C@@](C)1[C@H]2CC[C@](C)34))))		YDFJGPFMKWECQA-RILARPOQSA-N									PlantCyc/PMN local PGDB
CPD-7727	CPD-7727	beta-D-glucopyranosyl abscisate	426.1889825619					C21H30O9			plantcyc <https://plantcyc.org/>	abscisic acid glucose ester // (+)-ABA glucose ester // (+)- A -ABA glucose ester // ABA glucosyl ester // ABA-GE	426.1889825619	CC(\C=C\[C@@]1(C(C)(C)CC(=O)\C=C(C)/1)O)=C\C(O[C@H]2([C@H](O)[C@@H](O)[C@H](O)[C@@H](CO)O2))=O		HLVPIMVSSMJFPS-VTEUUMMASA-N									PlantCyc/PMN local PGDB
CPD-9296	CPD-9296	3-vinyl-[4H]-1,2-dithin	144.0067416368					C6H8S2			plantcyc <https://plantcyc.org/>		144.0067416368	C=CC1(C\C=C/SS1)		NLHCAGKOLUBCBZ-UHFFFAOYSA-N									PlantCyc/PMN local PGDB
2-hydroxy-4-1H-quinolone	2-hydroxy-4-1H-quinolone	2-hydroxy-4(1 H )-quinolone	161.0476784741					C9H7NO2			plantcyc <https://plantcyc.org/>		161.0476784741	C1(\C=C/C2(/NC(/O)=C\C(=O)C(/C=1)=2))		HDHQZCHIXUUSMK-UHFFFAOYSA-N									PlantCyc/PMN local PGDB
QUERCETIN-337-TRISSULFATE	QUERCETIN-337-TRISSULFATE	quercetin 3,3',7-trissulfate	541.9130963446					C15H7O16S3			plantcyc <https://plantcyc.org/>		541.9130963446	C3(/C=C(C(/OS(=O)(=O)[O-])=C\C(\C1(\OC2(/C=C(/C=C(C(\C(=O)C(/OS(=O)(=O)[O-])=1)=2)/O)/OS(=O)(=O)[O-])))=3)/O)		WWSKELVNYRIPTL-UHFFFAOYSA-K									PlantCyc/PMN local PGDB
SUCC-S-ALD	SUCC-S-ALD	succinate semialdehyde	102.0316940589					C4H5O3			plantcyc <https://plantcyc.org/>	succinyl semialdehyde // succ-S-ald // succinic semialdehyde	102.0316940589	C(C=O)CC(=O)[O-]		UIUJIQZEACWQSV-UHFFFAOYSA-M									PlantCyc/PMN local PGDB
5-PHOSPHONOOXY-L-LYSINE	5-PHOSPHONOOXY-L-LYSINE	(5 R )-5-phosphooxy-L-lysine	242.0667727345					C6H14N2O6P			plantcyc <https://plantcyc.org/>		242.0667727345	C(C[C@H]([NH3+])C(=O)[O-])C(C[NH3+])OP(=O)([O-])[O-]		WLPXLNNUXMDSPG-AKGZTFGVSA-M									PlantCyc/PMN local PGDB
CPD-18100	CPD-18100	pelargonidin 3- O -beta- D -(caffeoyl)-sambubioside	727.1874246992					C35H34O17			plantcyc <https://plantcyc.org/>	pelargonidin 3- O -[2"- O -xylosyl) 6"- O -(caffeoyl) glucoside	727.1874246992	C6(\C(/C=C/C(=O)OC[C@H]5(O[C@@H](OC1(\C(=[O+]C2(\C(/C=1)=C(/C=C(/C=2)/O)\[O-]))C3(\C=C/C(/O)=C\C=3)))[C@H](O[C@@H]4(OC[C@@H](O)[C@H](O)[C@@H](O)4))[C@@H](O)[C@H](O)5))=CC(\O)=C(\C=6)\O)		JBMPKBPWGYJDNW-YONICNLVSA-N									PlantCyc/PMN local PGDB
CPD-15647	CPD-15647	UDP- N -acetyl-alpha-D-quinovosamine	591.0866548559					C17H25N3O16P2			plantcyc <https://plantcyc.org/>	UDP-6-deoxy- N - acetyl-alpha-D-glucosamine // UDP-D-QuiNAc // UDP-QuiNAc	591.0866548559	C[C@@H]3([C@@H](O)[C@@H]([C@H]([C@@H](OP(OP(OC[C@@H]2([C@H]([C@H]([C@H](N1(\C=C/C(=O)NC1=O))O2)O)O))(=O)[O-])(=O)[O-])O3)NC(C)=O)O)		INJACODUUNZJCO-WNSRFTAOSA-L									PlantCyc/PMN local PGDB
2-OXO-5-METHYLTHIOPENTANOIC-ACID	2-OXO-5-METHYLTHIOPENTANOIC-ACID	5-(methylsulfanyl)-2-oxopentanoate	162.0350648773					C6H9O3S			plantcyc <https://plantcyc.org/>	5-(methylthio)-2-oxopentanoic-acid // 5-(methylthio)-2-oxopentanoate	162.0350648773	CSCCCC(=O)C(=O)[O-]		MPJMAJLPWRBNBU-UHFFFAOYSA-M									PlantCyc/PMN local PGDB
CPDQT-520	CPDQT-520	phosphatidylglycerolphosphate (1-oleoyl, 2-palmitoyl)	828.4917656111					C40H75O13P2			plantcyc <https://plantcyc.org/>	phosphatidylglycerophosphate (1-18:1(9Z), 2-16:1) // phosphatidylglycerophosphate (1-octadecenoyl(9Z), 2-palmitoyl)	828.4917656111	CCCCCCCC\C=C/CCCCCCCC(=O)OC[C@H](COP([O-])(=O)OC[C@@H](O)COP([O-])(=O)[O-])OC(=O)CCCCCCCCCCCCCCC		WQMDYQSTTXRXLQ-HGWHEPCSSA-K									PlantCyc/PMN local PGDB
CPD0-881	CPD0-881	N -acetyl-D-muramate 6-phosphate	373.0773970003					C11H17NO11P			plantcyc <https://plantcyc.org/>	MurNAc-6-P	373.0773970003	C[C@@H](O[C@@H]1([C@H](C(O[C@@H]([C@H]1O)COP([O-])(=O)[O-])O)NC(=O)C))C([O-])=O		NMEMTQKUEVNSPV-MKFCKLDKSA-K									PlantCyc/PMN local PGDB
2-2-METHYLTHIOETHYLMALIC-ACID	2-2-METHYLTHIOETHYLMALIC-ACID	2-[(2'-methylsulfanyl)ethyl]malate	208.0405441857					C7H10O5S			plantcyc <https://plantcyc.org/>	2-[(2'-methylthio)ethyl]malic-acid // 2-[(2'-methylthio)ethyl]malate	208.0405441857	CSCCC(CC([O-])=O)(O)C(=O)[O-]		FZNWJRXTACKOPU-UHFFFAOYSA-L									PlantCyc/PMN local PGDB
CPD-7417	CPD-7417	cis -beta-D-glucosyl-2-hydroxycinnamate	326.1001675546					C15H17O8			plantcyc <https://plantcyc.org/>	(2Z)-3-[2-(beta-D-glucopyranosyloxy)phenyl]acrylate // beta-D-glucosyl-2-coumarinate // cis -beta-D-glucosyl-2-hydroxycinnamate // cis -coumarinate-beta-D-glucosyl // cis -coumarinic acid-beta- D -glucoside // 2-(beta-D-glucosyloxy)- cis -cinnamate	326.1001675546	C([C@H]2(O[C@@H](OC1(\C=C/C=C\C(\C=C/C(=O)[O-])=1))[C@@H]([C@H]([C@@H]2O)O)O))O		GVRIYIMNJGULCZ-QLFWQTQQSA-M									PlantCyc/PMN local PGDB
CPD-14650	CPD-14650	(2 E ,4 E ,6 E )-7-hydroxy-4-methylhepta-2,4,6-trienal	138.0680795652					C8H10O2			plantcyc <https://plantcyc.org/>		138.0680795652	CC(/C=C/C=O)=C\C=C\O		TYQZWSFEJJSSQR-YUHMVAQCSA-N									PlantCyc/PMN local PGDB
CPD0-1344	CPD0-1344	5-iodo-dCTP	592.8862401144					C9H11N3O13P3I			plantcyc <https://plantcyc.org/>	5-iododeoxycytidine-5'-triphosphate // 5-iodo-2'-deoxycytidine-5'-triphosphate // 5-iododeoxycytidine triphosphate	592.8862401144	C(OP(OP(=O)([O-])OP(=O)([O-])[O-])(=O)[O-])[C@@H]2([C@H](C[C@H](N1(/C=C(C(/N)=N\C1=O)/I))O2)O)		OOMLBPVHGFQCCL-RRKCRQDMSA-J									PlantCyc/PMN local PGDB
CPD-8605	CPD-8605	laricitrin	332.053217362					C16H11O8			plantcyc <https://plantcyc.org/>	3'- O -methylmyricetin	332.053217362	COC1(/C=C(/C=C(C(\O)=1)/O)/C2(/OC3(/C=C(/C=C(C(\C(C(/[O-])=2)=O)=3)/O)/O)))		CFYMYCCYMJIYAB-UHFFFAOYSA-M									PlantCyc/PMN local PGDB
PHOSPHORYL-CHOLINE	PHOSPHORYL-CHOLINE	phosphocholine	185.0816945172					C5H13NO4P			plantcyc <https://plantcyc.org/>	choline-phosphate // phosphoryl-choline // O -phosphocholine	185.0816945172	C[N+](CCOP([O-])([O-])=O)(C)C		YHHSONZFOIEMCP-UHFFFAOYSA-M									PlantCyc/PMN local PGDB
CPD-3441	CPD-3441	(3R,4R)-7,2'-dihydroxy-4'-methoxyisoflavanol	288.0997736241					C16H16O5			plantcyc <https://plantcyc.org/>	(3R,4R)-DMI // (3R,4R)-4'-methoxyisoflavan-2',4,7-triol	288.0997736241	COC3(\C=C/C([C@H]1([C@H](C2(\C(\OC1)=C/C(/O)=C\C=2))O))=C(/C=3)O)		YZBBUYKPTHDZHF-BBRMVZONSA-N									PlantCyc/PMN local PGDB
ALLOLACTOSE	ALLOLACTOSE	allolactose	342.1162115493					C12H22O11			plantcyc <https://plantcyc.org/>	beta-D-galactopyranosyl-(1->6)-D-glucopyranose	342.1162115493	C([C@H]1(O[C@H]([C@@H]([C@H]([C@H]1O)O)O)OC[C@H]2(OC([C@@H]([C@H]([C@@H]2O)O)O)O)))O		DLRVVLDZNNYCBX-VDGMBKLFSA-N									PlantCyc/PMN local PGDB
CPD1F-115	CPD1F-115	delta-carotene	536.4382017976					C40H56			plantcyc <https://plantcyc.org/>	epsilon,&psi;-carotene	536.4382017976	CC(C)=CCCC(\C)=C/C=C/C(\C)=C/C=C/C(\C)=C/C=C/C=C(C)/C=C/C=C(C)/C=C/[C@@H]1(C(C)(C)CC\C=C(C)/1)		WGIYGODPCLMGQH-GOXCNPTKSA-N									PlantCyc/PMN local PGDB
CPD-21811	CPD-21811	24-epicathasterone-3-O-sulfate	512.3171599634					C28H47O6S			plantcyc <https://plantcyc.org/>		512.3171599634	CC(C)[C@@H](C)C[C@H](O)[C@@H](C)[C@H]3(CC[C@H]4([C@@H]2(CC(=O)[C@H]1(C[C@@H](OS(=O)(=O)[O-])CC[C@@](C)1[C@H]2CC[C@](C)34))))		PJFLQYKMDCABGN-FWIQQJMXSA-M									PlantCyc/PMN local PGDB
CPD-14498	CPD-14498	oleanolic aldehyde	440.365430785					C30H48O2			plantcyc <https://plantcyc.org/>		440.365430785	CC4(C[C@H]5(C2(\[C@]([C@@]1(CC[C@H]3(C([C@H](CC[C@]([C@H]1C\C=2)3C)O)(C)C))C)(CC[C@@](CC4)5C=O)C)))C		STHRNDDZYFUIDO-OSQDELBUSA-N									PlantCyc/PMN local PGDB
INDOLE-3-ACETYL-LEU	INDOLE-3-ACETYL-LEU	(indol-3-yl)acetyl-L-leucine	288.1473925187					C16H19N2O3			plantcyc <https://plantcyc.org/>	indole-3-acetyl-Leu	288.1473925187	CC(C)C[C@H](NC(CC1(\C2(/C=C\C=C/C(/N\C=1)=2)))=O)C(=O)[O-]		HCZNPUHZYPPINM-AWEZNQCLSA-M									PlantCyc/PMN local PGDB
CPD-8913	CPD-8913	3-(aminomethyl)indole	146.0843983314					C9H11N2			plantcyc <https://plantcyc.org/>	indol-3-ylmethylamine // AMI	146.0843983314	C([NH3+])C1(\C2(\C(\N/C=1)=C/C=C\C=2))		JXYGLMATGAAIBU-UHFFFAOYSA-O									PlantCyc/PMN local PGDB
TETRACOSANOATE	TETRACOSANOATE	lignocerate	368.365430785					C24H47O2			plantcyc <https://plantcyc.org/>	lignoceric acid // tetracosanoic acid // tetracosanoate	368.365430785	CCCCCCCCCCCCCCCCCCCCCCCC([O-])=O		QZZGJDVWLFXDLK-UHFFFAOYSA-M									PlantCyc/PMN local PGDB
CPD-18127	CPD-18127	2-hydroxy-4-[(1E)-3-oxoprop-1-en-1-yl]-2H-pyran-6-carboxylate	196.0371733673					C9H7O5			plantcyc <https://plantcyc.org/>		196.0371733673	C(=O)/C=C/C1(\C=C(C([O-])=O)/OC(O)C=1)		RBVIYJGRPOEJCS-OWOJBTEDSA-M									PlantCyc/PMN local PGDB
PANTOTHENATE	PANTOTHENATE	( R )-pantothenate	219.1106726614					C9H16NO5			plantcyc <https://plantcyc.org/>	vitamin B 5 // ( R )-pantothenic acid // D-pantothenic acid	219.1106726614	CC(C)(CO)[C@@H](O)C(=O)NCCC(=O)[O-]		GHOKWGTUZJEAQD-ZETCQYMHSA-M									PlantCyc/PMN local PGDB
CPD0-1761	CPD0-1761	1,2-dioctanoyl-1,2,6-hexanetriol	386.3032244587					C22H42O5			plantcyc <https://plantcyc.org/>	diC 8 -hexanetriol	386.3032244587	CCCCCCCC(=O)OCC(OC(=O)CCCCCCC)CCCCO		OIZUFAJVECZZKT-UHFFFAOYSA-N									PlantCyc/PMN local PGDB
N-4-GUANIDINOBUTYL-4-HYDROXYCINNAMAMID	N-4-GUANIDINOBUTYL-4-HYDROXYCINNAMAMID	4-coumaroylagmatine	276.158625907					C14H21N4O2			plantcyc <https://plantcyc.org/>	N-(4-guanidinobutyl)-3-(4-hydroxyphenyl)-acrylamide // N -(4-guanidinobutyl)-4-hydroxycinnamide	276.158625907	C(CNC(/C=C/C1(\C=C/C(/O)=C\C=1))=O)CC[NH+]=C(N)N		AKIHYQWCLCDMMI-VMPITWQZSA-O									PlantCyc/PMN local PGDB
2-KETO-6-AMINO-CAPROATE	2-KETO-6-AMINO-CAPROATE	6-amino-2-oxohexanoate	145.0738932246					C6H11NO3			plantcyc <https://plantcyc.org/>	2-keto-6-aminocaproate // 2-oxo-6-aminocaproate // alpha-keto-epsilon-aminocaproate // alpha-keto-epsilon-aminohexanoate // alpha-ketolysine	145.0738932246	C(CC(=O)C(=O)[O-])CC[NH3+]		GWENQMVPLJAMAE-UHFFFAOYSA-N									PlantCyc/PMN local PGDB
CPD-7937	CPD-7937	hentriacontane	436.5008020544					C31H64			plantcyc <https://plantcyc.org/>	n-hentriacontane // untriacontane	436.5008020544	CCCCCCCCCCCCCCCCCCCCCCCCCCCCCCC		IUJAMGNYPWYUPM-UHFFFAOYSA-N									PlantCyc/PMN local PGDB
PHENYL-PYRUVATE	PHENYL-PYRUVATE	3-phenyl-2-oxopropanoate	164.0473441231					C9H7O3			plantcyc <https://plantcyc.org/>	alpha-ketohydrocinnamic acid // keto -phenylpyruvate // phenylpyruvate // 3-phenylpyruvate // 3-phenylpyruvic acid // 2-oxo-3-phenylpropanoate	164.0473441231	C([O-])(=O)C(=O)CC1(\C=C/C=C\C=1)		BTNMPGBKDVTSJY-UHFFFAOYSA-M									PlantCyc/PMN local PGDB
CPD-9924	CPD-9924	(1R,2S,5S,6S)-2-succinyl-5-enolpyruvyl-6-hydroxycyclohex-3-ene-1-carboxylate	328.0794321125					C14H13O9			plantcyc <https://plantcyc.org/>	2-succinyl-5-enolpyruvyl-6-hydroxy-3-cyclohexene-1-carboxylic acid // 5-enolpyruvoyl-6-hydroxy-2-succinyl-cyclohex-3-ene-1-carboxylic acid // 5-Enolpyruvoyl-6-hydroxy-2-succinylcyclohex-3-ene-1-carboxylate // 2-succinyl-5-enolpyruvoyl-6-hydroxy-3-cyclohexene-1-carboxylate	328.0794321125	C=C(C(=O)[O-])O[C@H]1(\C=C/[C@H](C(=O)CCC(=O)[O-])[C@H]([C@H](O)1)C(=O)[O-])		XYCATPIYKOARSZ-OAIFWDMCSA-K									PlantCyc/PMN local PGDB
CPD-9981	CPD-9981	7-deoxyloganate	360.1420323693					C16H23O9			plantcyc <https://plantcyc.org/>	7-deoxyloganic acid	360.1420323693	C[C@H]1(CC[C@H]3([C@@H]1[C@H](O[C@@H]2(O[C@H](CO)[C@@H](O)[C@H](O)[C@@H](O)2))O/C=C3/C([O-])=O))		DSXFHNSGLYXPNG-YDYVGBNJSA-M									PlantCyc/PMN local PGDB
COUMARATE	COUMARATE	4-coumarate	164.0473441231					C9H7O3			plantcyc <https://plantcyc.org/>	4-hydroxycinnamate // 4-hydroxycinnamic acid // p-coumarate // trans -4-hydroxycinnamate // p-coumaric acid // trans-p -hydroxycinnamate // trans -4-coumarate // (2E)-3-(4-hydroxyphenyl)acrylate	164.0473441231	C(=O)([O-])/C=C/C1(\C=C/C(/O)=C\C=1)		NGSWKAQJJWESNS-ZZXKWVIFSA-M									PlantCyc/PMN local PGDB
GDP-4-DEHYDRO-6-DEOXY-D-MANNOSE	GDP-4-DEHYDRO-6-DEOXY-D-MANNOSE	GDP-4-dehydro-alpha-D-rhamnose	587.0665881158					C16H21N5O15P2			plantcyc <https://plantcyc.org/>	GDP-4-keto-6-deoxymannose // GDP-4-keto-6-deoxy-alpha-D-mannose // GDP-4-dehydro-6-deoxy-alpha-D-talose // GDP-4-oxo-6-deoxy-alpha-D-mannose // GDP-4-dehydro-6-deoxy-alpha-D-mannose // GDP-4-dehydro-6-deoxymannose // GDP-6-deoxy-D- lyxo -4-hexulose	587.0665881158	C[C@H]4(O[C@H](OP(OP(=O)([O-])OC[C@H]3(O[C@@H](N1(C2(\N=C(N)/NC(=O)C(\N=C/1)=2)))[C@H](O)[C@H](O)3))(=O)[O-])[C@@H](O)[C@@H](O)C(=O)4)		PNHLMHWWFOPQLK-BKUUWRAGSA-L									PlantCyc/PMN local PGDB
3-4-DIHYDROXYBENZOATE	3-4-DIHYDROXYBENZOATE	protocatechuate	154.026608681					C7H5O4			plantcyc <https://plantcyc.org/>	protocatehuic acid // 3,4-DHBA // benzoic acid, 3,4-dihydroxy- // 4,5-dihydroxybenzoic acid // catechol-4-carboxylic acid // 4-carboxy-1,2-dihydroxybenzene // protocatechuic acid // 3,4-dihydroxybenzoate // 3,4-dihydrobenzoic acid // Pca // 3,4-dihydroxybenzoic acid	154.026608681	C(C1(\C=C(C(/O)=C\C=1)\O))(=O)[O-]		YQUVCSBJEUQKSH-UHFFFAOYSA-M									PlantCyc/PMN local PGDB
DTDP-D-GLUCOSE	DTDP-D-GLUCOSE	dTDP-alpha-D-glucose	564.0757558186					C16H24N2O16P2			plantcyc <https://plantcyc.org/>	TDP-glucose // dTDP-glucose // dTDP-D-glucose // thymidine-5'-diphospho-alpha-D-glucose	564.0757558186	CC1(\C(=O)NC(N(\C=1)[C@H]3(C[C@H](O)[C@@H](COP([O-])(=O)OP([O-])(=O)O[C@H]2(O[C@H](CO)[C@@H](O)[C@H](O)[C@@H](O)2))O3))=O)		YSYKRGRSMLTJNL-URARBOGNSA-L									PlantCyc/PMN local PGDB
CPD-3941	CPD-3941	campest-5-en-3-one	398.3548660987					C28H46O			plantcyc <https://plantcyc.org/>		398.3548660987	CC([C@@H](CC[C@H](C2([C@]3(CCC4([C@]1(CCC(CC/1=C\CC(C(CC2)3)4)=O)C))(C)))C)C)C		ATIPVUGMJZAJPC-PHOXBLGLSA-N									PlantCyc/PMN local PGDB
THIAMINE-P	THIAMINE-P	thiamine phosphate	346.0864623191					C12H16N4O4PS			plantcyc <https://plantcyc.org/>	TMP // thiamin monophosphate // thiamin phosphate // thiamin-P // thiamine-Pi // ThP // thiamine monophosphate	346.0864623191	CC2(\[N+](/CC1(\C(\N)=N/C(\C)=N\C=1))=C/SC(/CCOP([O-])(=O)[O-])=2)		HZSAJDVWZRBGIF-UHFFFAOYSA-M									PlantCyc/PMN local PGDB
CPD1ZN3-1	CPD1ZN3-1	(7 R ,8 S )-8-amino-7-(carboxyamino)nonanoate	232.1423071408					C10H19N2O4			plantcyc <https://plantcyc.org/>		232.1423071408	C[C@@H]([C@@H](CCCCCC([O-])=O)NC(=O)[O-])[NH3+]		OQNJZSIPDMTUAJ-JGVFFNPUSA-M									PlantCyc/PMN local PGDB
CPD-12511	CPD-12511	UDP-beta-L-arabinofuranose	536.0444556902					C14H20N2O16P2			plantcyc <https://plantcyc.org/>		536.0444556902	C(O)[C@H]1([C@H](O)[C@@H](O)[C@H](O1)OP(OP(OC[C@@H]3([C@H]([C@H]([C@H](N2(\C=C/C(=O)NC2=O))O3)O)O))(=O)[O-])(=O)[O-])		QGNZSCRNMXQWNR-IAZOVDBXSA-L									PlantCyc/PMN local PGDB
CPD-12500	CPD-12500	26-hydroxycastasterone	480.3450892734					C28H48O6			plantcyc <https://plantcyc.org/>		480.3450892734	CC([C@@H]([C@H]([C@@H]([C@H](C2([C@]3(CCC4([C@]1(C[C@H]([C@H](C[C@@H]1C(CC(C(CC2)3)4)=O)O)O)C))(C)))C)O)O)C)CO		GIHKVCBPOTYEGP-WPXWDAEZSA-N									PlantCyc/PMN local PGDB
CPD-12491	CPD-12491	phenylmethanesulfenate	140.0295855689					C7H8OS			plantcyc <https://plantcyc.org/>	phenylmethanesulfenic acid // PMSA	140.0295855689	C(SO)C1(\C=C/C=C\C=1)		PWRKXLBZLTYQGN-UHFFFAOYSA-N									PlantCyc/PMN local PGDB
2-COUMARATE	2-COUMARATE	trans -2-coumarate	164.0473441231					C9H7O3			plantcyc <https://plantcyc.org/>	trans -2-hydroxycinnamate // o -coumarate // 3-(2-hydroxyphenyl)acrylate	164.0473441231	C(/C=C/C1(\C=C/C=C\C(O)=1))([O-])=O		PMOWTIHVNWZYFI-AATRIKPKSA-M									PlantCyc/PMN local PGDB
CPD-19488	CPD-19488	3-carboxy-9-(methylsulfanyl)-2-oxononanoate	262.0874943783					C11H16O5S			plantcyc <https://plantcyc.org/>	3-carboxy-9-(methylthio)-2-oxononanoate	262.0874943783	CSCCCCCCC(C(=O)C(=O)[O-])C(=O)[O-]		PBYOKOGRHHZTHQ-UHFFFAOYSA-L									PlantCyc/PMN local PGDB
CPD-14271	CPD-14271	3-oxoicosanoyl-CoA	1075.3867387654					C41H68N7O18P3S			plantcyc <https://plantcyc.org/>		1075.3867387654	CCCCCCCCCCCCCCCCCC(=O)CC(=O)SCCNC(=O)CCNC([C@H](O)C(C)(C)COP([O-])(=O)OP([O-])(=O)OC[C@@H]1([C@@H](OP(=O)([O-])[O-])[C@@H](O)[C@@H](O1)N2(\C=N/C3(C(/N)=N\C=N/C2=3))))=O		FYBVHNZJDVUVLJ-IBYUJNRCSA-J									PlantCyc/PMN local PGDB
CPD-2222	CPD-2222	(R)-3-(4-hydroxyphenyl)lactate	182.0579088094					C9H9O4			plantcyc <https://plantcyc.org/>	R(+)-4-hydroxyphenyllactic acid // R(+)-4-hydroxyphenyllactate // p-hydroxyphenyllactate // (R+)-3-(4-hydroxyphenyl)lactate	182.0579088094	C1(\C(/C[C@H](C([O-])=O)O)=C/C=C(\C=1)/O)		JVGVDSSUAVXRDY-MRVPVSSYSA-M									PlantCyc/PMN local PGDB
CPD-20995	CPD-20995	12-alpha-hydroxy-3 oxochol-4-enoate	388.261359644					C24H35O4			plantcyc <https://plantcyc.org/>	3-dehydro-&Delta;4-deoxycholate // 3-dehydro-deoxychol-4-enoate	388.261359644	C[C@H](CCC(=O)[O-])[C@H]3(CC[C@H]4([C@@H]2(CCC1(\[C@@](CCC(=O)\C=1)(C)[C@H]2C[C@H](O)[C@](C)34))))		BGHDKUPKUZDVRW-QUPGBHKMSA-M									PlantCyc/PMN local PGDB
CPD-11522	CPD-11522	3-oxo-2-(cis-2'-pentenyl)-cyclopentane-1-(E-hexa-2-enoyl)-CoA	1013.277188316					C37H54N7O18P3S			plantcyc <https://plantcyc.org/>	OPC6-trans-2-enoyl-CoA	1013.277188316	CC\C=C/C[C@H]1([C@H](CCC(=O)1)CCC/C=C/C(SCCNC(=O)CCNC(=O)[C@H](O)C(C)(C)COP(=O)(OP(=O)(OC[C@@H]2([C@@H](OP([O-])(=O)[O-])[C@@H](O)[C@@H](O2)N3(C4(\N=C/N=C(C(\N=C/3)=4)/N))))[O-])[O-])=O)		IEENEQSEOWXDQK-DIOAFZBUSA-J									PlantCyc/PMN local PGDB
2-HEXAPRENYL-3-METHYL-5-HYDROXY-6-METHOX	2-HEXAPRENYL-3-METHYL-5-HYDROXY-6-METHOX	3-demethylubiquinol-6	578.4335103502					C38H58O4			plantcyc <https://plantcyc.org/>	2-hexaprenyl-3-methyl-5-hydroxy-6-methoxy-1,4-benzoquinol	578.4335103502	CC(C)=CCCC(\C)=C/CCC(\C)=C/CCC(\C)=C/CCC(\C)=C/CCC(\C)=C/CC1(/C(\C)=C(C(\O)=C(C(/O)=1)\OC)/O)		ZQXNZNKHQXLVCV-HGJBZHBGSA-N									PlantCyc/PMN local PGDB
CPD-14278	CPD-14278	(3 R )-3-hydroxycerotoyl-CoA	1161.4962892148					C47H82N7O18P3S			plantcyc <https://plantcyc.org/>		1161.4962892148	CCCCCCCCCCCCCCCCCCCCCCC[C@@H](O)CC(=O)SCCNC(=O)CCNC(=O)[C@H](O)C(C)(C)COP(=O)(OP(=O)(OC[C@H]1(O[C@H]([C@@H]([C@@H]1OP([O-])(=O)[O-])O)N2(C3(\N=C/N=C(C(\N=C/2)=3)/N))))[O-])[O-]		GBMJOTOUUWGTIA-CSLACTSSSA-J									PlantCyc/PMN local PGDB
CPDQT-4	CPDQT-4	beta-L-galactose 1-phosphate	260.0297185262					C6H11O9P			plantcyc <https://plantcyc.org/>		260.0297185262	C(O)[C@H]1([C@@H](O)[C@@H](O)[C@H](O)[C@@H](OP([O-])([O-])=O)O1)		HXXFSFRBOHSIMQ-SXUWKVJYSA-L									PlantCyc/PMN local PGDB
DIVINYLCHLOROPHYLLIDE-A	DIVINYLCHLOROPHYLLIDE-A	chlorophyllide a 2	612.2223120585					C35H30N4O5MG			plantcyc <https://plantcyc.org/>	3,8-divinyl chlorophyllide a	612.2223120585	C=CC4(\C(/C)=C5(\C=C7([C@@H](C)[C@H](CCC(=O)[O-])C(\C6(/[C@@H-](C(OC)=O)C(=O)C1(\C(\N2([Mg]N(C(/C=C3(C(/C)=C(C=C)/C(\C=C(C(\C)=1)/2)=N3))=4)5))=6)))=N7)))											PlantCyc/PMN local PGDB
CPD-7600	CPD-7600	( Z )-but-2-enal	70.0418648147					C4H6O			plantcyc <https://plantcyc.org/>	( cis )-crotonaldehyde // ( cis )-but-2-enal // ( cis )-2-butenal	70.0418648147	C\C=C/C=O		MLUCVPSAIODCQM-IHWYPQMZSA-N									PlantCyc/PMN local PGDB
2-HYDROXY-23-DIHYDRODAIDZEIN	2-HYDROXY-23-DIHYDRODAIDZEIN	(3R)-2'-hydroxydihydrodaidzein	272.0684734957					C15H12O5			plantcyc <https://plantcyc.org/>	2'-hydroxy-2,3-dihydrodaidzein // 2',4',7-trihydroxyisoflavanone	272.0684734957	C3(\C(\O)=C/C(O)=C([C@H]1(C(C2(\C(\OC1)=C/C(/O)=C\C=2))=O))\C=3)		WBOWBLGZAXVREM-LBPRGKRZSA-N									PlantCyc/PMN local PGDB
STRICTOSIDINE	STRICTOSIDINE	3-alpha( S )-strictosidine	530.2264307007					C27H35N2O9			plantcyc <https://plantcyc.org/>	strictosidine	530.2264307007	C=C[C@@H]4([C@H](C[C@H]1(C2(\NC3(\C(/C(\CC[NH2+]1)=2)=C/C=C\C=3))))C(/C(=O)OC)=C\O[C@H]4O[C@@H]5(O[C@@H]([C@H]([C@@H]([C@H]5O)O)O)CO))		XBAMJZTXGWPTRM-NTXHKPOFSA-O									PlantCyc/PMN local PGDB
CPD-14847	CPD-14847	kaempferol 3- O -beta-gentiobioside	610.1533849166					C27H30O16			plantcyc <https://plantcyc.org/>	kaempferol-3-gentiobioside	610.1533849166	C5(/C=C(\C=C/C(/C3(/OC4(/C=C(/C=C(C(\C(=O)C(/O[C@@H]2(O[C@H](CO[C@@H]1(O[C@H](CO)[C@@H](O)[C@H](O)[C@@H](O)1))[C@@H](O)[C@H](O)[C@@H](O)2))=3)=4)/O)/O)))=5)/O)		BITPRCODIALMOV-DEFKTLOSSA-N									PlantCyc/PMN local PGDB
CPD-14441	CPD-14441	(3E)-2-oxopent-3-enoate	114.0316940589					C5H5O3			plantcyc <https://plantcyc.org/>		114.0316940589	C/C=C/C(=O)C(=O)[O-]		IWARWSDDJHGZOW-NSCUHMNNSA-M									PlantCyc/PMN local PGDB
CPD-11828	CPD-11828	( 22R,23R )-28-homocastasterone 22-O-sulfate	558.3226392718					C29H49O8S			plantcyc <https://plantcyc.org/>		558.3226392718	CC[C@H]([C@H]([C@@H]([C@@H](C)[C@@H]2([C@]3(CC[C@@H]4([C@]1(C[C@H]([C@H](C[C@@H]1C(=O)C[C@@H]([C@H](CC2)3)4)O)O)C))(C)))OS(=O)(=O)[O-])O)C(C)C		MXFYIPZNENWPSK-NKOPCKDMSA-M									PlantCyc/PMN local PGDB
CPD-15055	CPD-15055	5-hydroxyxanthotoxin	232.0371733673					C12H8O5			plantcyc <https://plantcyc.org/>	5-hydroxy-8-methoxypsoralen // 4-hydroxy-9-methoxy-7H-furo[3,2-g]chromen-7-one	232.0371733673	COC2(/C3(/OC(\C=C/C(/C(/O)=C1(\C=C/OC\1=2))=3)=O))		XPFCGZWOHNGDSP-UHFFFAOYSA-N									PlantCyc/PMN local PGDB
CPD-11941	CPD-11941	luteoforol	290.079038182					C15H14O6			plantcyc <https://plantcyc.org/>	leucoluteolinidin	290.079038182	C3(/C=C(C(/O)=C\C(\[C@H]1(OC2(\C(/C(C1)O)=C(/C=C(/C=2)/O)\O)))=3)/O)		FSYDWKPCKNCRDI-ABLWVSNPSA-N									PlantCyc/PMN local PGDB
CPD-7025	CPD-7025	phytyl monophosphate	376.2742463145					C20H39O4P			plantcyc <https://plantcyc.org/>	phytolmonophosphate	376.2742463145	CC(CCC[C@H](CCC[C@@H](C)CCCC(\C)=C/COP([O-])(=O)[O-])C)C		YRXRHZOKDFCXIB-PYDDKJGSSA-L									PlantCyc/PMN local PGDB
CPD-1128	CPD-1128	1-pyrroline-4-hydroxy-2-carboxylate	129.0425930962					C5H6NO3			plantcyc <https://plantcyc.org/>		129.0425930962	C1(/N=C(CC(O)1)/C([O-])=O)		AOMLMYXPXUTBQH-UHFFFAOYSA-M									PlantCyc/PMN local PGDB
ADENYLOSUCC	ADENYLOSUCC	adenylosuccinate	463.0740429569					C14H14N5O11P			plantcyc <https://plantcyc.org/>	N 6 -(1,2-dicarboxyethyl)AMP // adenylosuccinic acid	463.0740429569	C(OP(=O)([O-])[O-])[C@H]3(O[C@@H](N1(C2(\C(\N=C/1)=C(N[C@@H](CC(=O)[O-])C([O-])=O)/N=C\N=2)))[C@H](O)[C@H](O)3)		OFBHPPMPBOJXRT-VWJPMABRSA-J									PlantCyc/PMN local PGDB
3-ENOLPYRUVYL-SHIKIMATE-5P	3-ENOLPYRUVYL-SHIKIMATE-5P	5-enolpyruvoyl-shikimate 3-phosphate	324.0246331483					C10H9O10P			plantcyc <https://plantcyc.org/>	3-enolpyruvyl-shikimate 5-phosphate // 3-enolpyruvyl-shikimate-5-P // 5-O-(1-carboxyvinyl)-3-phosphoshikimate // 5-enolpyruvyl-shikimate 3-phosphate	324.0246331483	C=C(C(=O)[O-])O[C@@H]1(CC(/C(=O)[O-])=C\[C@@H](OP(=O)([O-])[O-])[C@@H](O)1)		QUTYKIXIUDQOLK-PRJMDXOYSA-J									PlantCyc/PMN local PGDB
CPD-4621	CPD-4621	dihydrozeatin-9- N -glucoside- O -glucoside	545.2333069926					C22H35N5O11			plantcyc <https://plantcyc.org/>		545.2333069926	C[C@@H](CCNC1(\C2(\N=C/N(C(\N=C/N=1)=2)[C@@H]3([C@@H]([C@H]([C@@H]([C@H](O3)CO)O)O)O))))CO[C@@H]4([C@@H]([C@H]([C@@H]([C@H](O4)CO)O)O)O)		KDIRTCPHKDPWMQ-HOQAQFJJSA-N									PlantCyc/PMN local PGDB
SUC	SUC	succinate	118.026608681					C4H4O4			plantcyc <https://plantcyc.org/>	succinic acid // suc // succ // butanedioic acid // ethylenesuccinic acid	118.026608681	C(C([O-])=O)CC([O-])=O		KDYFGRWQOYBRFD-UHFFFAOYSA-L									PlantCyc/PMN local PGDB
DELTA1-PYRROLINE_2-CARBOXYLATE	DELTA1-PYRROLINE_2-CARBOXYLATE	1-pyrroline-2-carboxylate	113.0476784741					C5H6NO2			plantcyc <https://plantcyc.org/>	1-pyrroline-2-carboxylic acid // &Delta; 1 -pyrroline-2-carboxylate // 4,5-dihydro-3H-pyrrole-2-carboxylate	113.0476784741	C1(CCC(/C([O-])=O)=N\1)		RHTAIKJZSXNELN-UHFFFAOYSA-M									PlantCyc/PMN local PGDB
CPD-2188	CPD-2188	1-18:1-2-16:1-monogalactosyldiacylglycerol	754.5594987248					C43H78O10			plantcyc <https://plantcyc.org/>	18:1-16:1-MGDG // 1-(9Z-octadecenoyl)-2-(7Z-hexadecenoyl)-3-O-beta-D-galactosyl-sn-glycerol,	754.5594987248	CCCCCCCC\C=C/CCCCCCCC(OC[C@H](CO[C@@H]1(O[C@@H]([C@@H]([C@@H]([C@H]1O)O)O)CO))OC(CCCCC\C=C/CCCCCCCC)=O)=O		RVTDOBUXLKASID-NVMFGSTBSA-N									PlantCyc/PMN local PGDB
CPD-13243	CPD-13243	geranyl monophosphate	234.1020956083					C10H17O4P			plantcyc <https://plantcyc.org/>	geranyl-monophosphate // geranyl-phosphate // ( E )-geranyl phosphate // geranyl-P // trans -geranyl phosphate	234.1020956083	CC(C)=CCCC(\C)=C/COP([O-])([O-])=O		FFOWJDCTFSWUMJ-JXMROGBWSA-L									PlantCyc/PMN local PGDB
INDOLE_ACETATE_AUXIN	INDOLE_ACETATE_AUXIN	(indol-3-yl)acetate	175.0633285383					C10H8NO2			plantcyc <https://plantcyc.org/>	IAA // indole-3-acetic acid // indoleacetic acid // auxin // indoleacetate // indole-3-acetate // (1 H -indol-3-yl)acetate // 3-indoleacetic acid	175.0633285383	C([O-])(=O)CC1(\C2(/C=C\C=C/C(/N\C=1)=2))		SEOVTRFCIGRIMH-UHFFFAOYSA-M									PlantCyc/PMN local PGDB
CPD-4613	CPD-4613	trans -zeatin-9- N -glucoside	381.1648334969					C16H23N5O6			plantcyc <https://plantcyc.org/>		381.1648334969	CC(/CO)=C\CNC1(\C2(\N=C/N(C(\N=C/N=1)=2)[C@@H]3([C@@H]([C@H]([C@@H]([C@H](O3)CO)O)O)O)))		VYRAJOITMBSQSE-GIHYWFGSSA-N									PlantCyc/PMN local PGDB
CPD-18654	CPD-18654	C34-phenolphthiotriol A	534.4648104786					C34H62O4			plantcyc <https://plantcyc.org/>	(3R,4S,9R,11R)-27-(4-hydroxyphenyl)-4-methylheptacosane-3,9,11-triol	534.4648104786	CC[C@@H](O)[C@@H](C)CCCC[C@@H](O)C[C@H](O)CCCCCCCCCCCCCCCCC1(\C=C/C(/O)=C\C=1)		VVPCVZFMTFYBFJ-KXSUPTTBSA-N									PlantCyc/PMN local PGDB
CPD-19726	CPD-19726	(4 S )-2,3-dehydro-leucocyanidin	304.0583027399					C15H12O7			plantcyc <https://plantcyc.org/>		304.0583027399	C3(\C(\C1(\OC2(\C=C(/C=C(C(\[C@@H](C(/O)=1)O)=2)/O)\O)))=C/C(/O)=C(\C=3)/O)		YAAGNRWEJSZFLV-ZDUSSCGKSA-N									PlantCyc/PMN local PGDB
1-CARBOXYVINYL-CARBOXYPHOSPHONATE	1-CARBOXYVINYL-CARBOXYPHOSPHONATE	1-carboxyvinyl carboxyphosphonate	195.9772890252					C4H2O7P			plantcyc <https://plantcyc.org/>	CPEP // carboxyphosphonoenolpyruvate	195.9772890252	C=C(C([O-])=O)OP(=O)(C(=O)[O-])[O-]		LPUFGTSGSICQBX-UHFFFAOYSA-K									PlantCyc/PMN local PGDB
CPD-15234	CPD-15234	cyanidin 3- O -[6- O -(4- O -beta-D-glucosyl- p -coumaroyl)-2- O -(beta-D-xylosyl)-beta-D-glucosyl]-5- O -(6- O -malonyl-beta-D-glucoside)	1137.2934654927					C50H55O30			plantcyc <https://plantcyc.org/>		1137.2934654927	C(O)[C@H]1(O[C@H]([C@H](O)[C@@H](O)[C@H](O)1)OC8(\C=C/C(/C=C/C(=O)OC[C@@H]3([C@@H](O)[C@H](O)[C@@H](O[C@H]2([C@H](O)[C@@H](O)[C@H](O)CO2))[C@@H](O3)OC5(\C(C4(\C=C(C(/O)=C\C=4)\O))=[O+]C6(\C=C(/C=C(C(\C=5)=6)/O[C@H]7([C@H](O)[C@@H](O)[C@H](O)[C@@H](COC(=O)CC(=O)[O-])O7))\[O-]))))=C/C=8))		NXTHTMNXJOEVLR-RBRVVFPSSA-M									PlantCyc/PMN local PGDB
574-TRIHYDROXY-3-METHOXYFLAVONE	574-TRIHYDROXY-3-METHOXYFLAVONE	chrysoeriol	300.0633881178					C16H11O6			plantcyc <https://plantcyc.org/>	3'-O-methylluteolin // 5,7,4'-trihydroxy-3'-methoxyflavone	300.0633881178	COC1(\C(\O)=C/C=C(/C=1)/C2(/OC3(/C=C(/C=C(C(\C(=O)\C=2)=3)/O)/[O-])))		SCZVLDHREVKTSH-UHFFFAOYSA-M									PlantCyc/PMN local PGDB
CPD-12391	CPD-12391	( Z )-1-(L-cysteinylglycin- S -yl)- N -hydroxy-&omega;-(methylsulfanyl)butan-1-imine	309.0816974939					C10H19N3O4S2			plantcyc <https://plantcyc.org/>		309.0816974939	CSCCCC(\SC[C@H]([NH3+])C(=O)NCC([O-])=O)=N\O		CRFBBNBNLWWNBP-LJVSZVHQSA-N									PlantCyc/PMN local PGDB
CPD-9861	CPD-9861	3-demethylubiquinol- 7	646.496110607					C43H66O4			plantcyc <https://plantcyc.org/>	2-heptaprenyl-3-methyl-5-hydroxy-6-methoxy-1,4-benzoquinol	646.496110607	CC(C)=CCCC(\C)=C/CCC(\C)=C/CCC(\C)=C/CCC(\C)=C/CCC(\C)=C/CCC(\C)=C/CC1(/C(\C)=C(C(\O)=C(C(/O)=1)\OC)/O)		OHBHBMXNJCUMCR-DKCCAHEHSA-N									PlantCyc/PMN local PGDB
3-HEXAPRENYL-4-HYDROXYBENZOATE	3-HEXAPRENYL-4-HYDROXYBENZOATE	4-hydroxy-3-hexaprenylbenzoate	546.4072955997					C37H53O3			plantcyc <https://plantcyc.org/>	3-hexaprenyl-4-hydroxybenzoate // 4-hydroxy-3- all-trans -hexaprenylbenzoate	546.4072955997	CC(C)=CCCC(\C)=C/CCC(\C)=C/CCC(\C)=C/CCC(\C)=C/CCC(\C)=C/CC1(/C=C(\C=C/C(/O)=1)/C(=O)[O-])		LKMQQQABIGIHGL-LAAQXVIISA-M									PlantCyc/PMN local PGDB
2-HYDROXY-3-KETO-5-METHYLTHIO-1-PHOSPHOP	2-HYDROXY-3-KETO-5-METHYLTHIO-1-PHOSPHOP	2-hydroxy-5-(methylsulfanyl)-3-oxopent-1-enyl 1-phosphate	242.0013952857					C6H8O6PS			plantcyc <https://plantcyc.org/>	1-phosphoryloxyl-2-hydroxy-3-keto-5-methylthiopentene // 2-hydroxy-3-keto-5-methylthio-1-phosphopentene // 2-hydroxy-5-(methylthio)-3-oxopent-1-en-1-yl 1-phosphate	242.0013952857	CSCCC(C(\[O-])=C\OP([O-])(=O)[O-])=O		YIEMFVNCENFBSD-XQRVVYSFSA-K									PlantCyc/PMN local PGDB
CPD0-1807	CPD0-1807	2,3-dioctanoylglyceramide	357.2515232392					C19H35NO5			plantcyc <https://plantcyc.org/>	diC 8 -glyceramide	357.2515232392	CCCCCCCC(=O)OCC(C(N)=O)OC(CCCCCCC)=O		SQCGUQKRQFIHJL-UHFFFAOYSA-N									PlantCyc/PMN local PGDB
CPD-26676	CPD-26676	S -lactoylglutathione hemithioacetal	379.1049353565					C13H20N3O8S			plantcyc <https://plantcyc.org/>		379.1049353565	CC(=O)C(O)SC[C@@H](C(NCC([O-])=O)=O)NC(=O)CC[C@H]([NH3+])C([O-])=O		NITDPUFIYQDBCA-UDUUBDRPSA-M									PlantCyc/PMN local PGDB
CPD-12628	CPD-12628	salicylate 2-O-beta-D-glucoside	300.0845174904					C13H15O8			plantcyc <https://plantcyc.org/>	salicylic acid 2-O-beta-D-glucoside // salicylic acid 2-beta-D-glucoside // benzoic acid, O-(glucopyranosyloxy)- // 2-O-beta-glucopyranosylsalicylic acid // SAG // 2-hydroxybenzoic acid 2-O-beta-D-glucoside	300.0845174904	C(O)[C@H]2(O[C@@H](OC1(\C(\C(=O)[O-])=C/C=C\C=1))[C@H](O)[C@@H](O)[C@H](O)2)		TZPBMNKOLMSJPF-BZNQNGANSA-M									PlantCyc/PMN local PGDB
CPD-2301	CPD-2301	2,3,6-trihydroxypyridine	127.026943032					C5H5NO3			plantcyc <https://plantcyc.org/>		127.026943032	C1(\C(\O)=C(/N=C(\C=1)/O)\O)		YXJHZIOEJRCYHK-UHFFFAOYSA-N									PlantCyc/PMN local PGDB
PHENYLACETALDOXIME	PHENYLACETALDOXIME	( Z )-phenylacetaldehyde oxime	135.0684139162					C8H9NO			plantcyc <https://plantcyc.org/>		135.0684139162	C1(\C=C/C(\C\C=N/O)=C\C=1)		CXISHLWVCSLKOJ-CLFYSBASSA-N									PlantCyc/PMN local PGDB
CPD-24912	CPD-24912	isochorismoyl-L-glutamate	355.0903311498					C15H14NO9			plantcyc <https://plantcyc.org/>	isochorismate-9-glutamate	355.0903311498	C=C(C(N[C@@H](CCC([O-])=O)C(=O)[O-])=O)O[C@H]1(\C=C/C=C([C@@H]1O)/C([O-])=O)		SYHKPNAMUNWTOX-NHCYSSNCSA-K									PlantCyc/PMN local PGDB
CPD-14277	CPD-14277	(3 R )-3-hydroxylignoceroyl-CoA	1133.4649890864					C45H78N7O18P3S			plantcyc <https://plantcyc.org/>		1133.4649890864	CCCCCCCCCCCCCCCCCCCCC[C@@H](O)CC(=O)SCCNC(=O)CCNC([C@H](O)C(C)(C)COP([O-])(=O)OP([O-])(=O)OC[C@@H]1([C@@H](OP(=O)([O-])[O-])[C@@H](O)[C@@H](O1)N2(\C=N/C3(C(/N)=N\C=N/C2=3))))=O		QIBKBVRVOFIKLN-YSOWJFSKSA-J									PlantCyc/PMN local PGDB
3-P-HYDROXYPYRUVATE	3-P-HYDROXYPYRUVATE	3-phosphooxypyruvate	183.9772890252					C3H2O7P			plantcyc <https://plantcyc.org/>	phosphohydroxypyruvate // 3-phosphonooxypyruvate // 3-P-hydroxypyruvate // 3-p-OH-pyr // 3-phosphohydroxypyruvate // 3-p-OH-pyruvate // 3-p-hydroxy-pyr // 3-phosphohydroxy-pyr // phosphohydroxypyruate // 3-phospho-hydroxypyruvate	183.9772890252	C(OP([O-])(=O)[O-])C(=O)C(=O)[O-]		LFLUCDOSQPJJBE-UHFFFAOYSA-K									PlantCyc/PMN local PGDB
CPD-6974	CPD-6974	gibberellin A 37 (closed lactone form)	346.1780239451					C20H25O5			plantcyc <https://plantcyc.org/>	GA37 (closed lactone form)	346.1780239451	C=C1([C@H]3(C[C@]4(C1)([C@H]([C@@H]5([C@]2(C(=O)OC[C@](CC[C@H](O)2)([C@@H](CC3)4)5)(C)))C([O-])=O)))		QYXZQZMPZUEEML-SHJCSGKRSA-M									PlantCyc/PMN local PGDB
LIPOIC-ACID	LIPOIC-ACID	( R )-lipoate	206.0435210736					C8H13O2S2			plantcyc <https://plantcyc.org/>	alpha-liponic acid // 5-(1,2-dithiolan-3-yl)-pentanoate // lipoic acid // 6,8-thioctic acid // 6,8-thioctate // D-thioctic acid // D-thioctate	206.0435210736	C(CCC(=O)[O-])C[C@@H]1(CCSS1)		AGBQKNBQESQNJD-SSDOTTSWSA-M									PlantCyc/PMN local PGDB
CPD-10514	CPD-10514	9,10-epoxystearate	298.2507949577					C18H33O3			plantcyc <https://plantcyc.org/>	9,10-epoxystearic acid // epoxyoleic acid // cis-3-octyloxirane octanoic acid // cis-9,10-epoxystearic acid // 9R,10S-epoxystearate	298.2507949577	CCCCCCCCC1(C(CCCCCCCC(=O)[O-])O1)		IMYZYCNQZDBZBQ-UHFFFAOYSA-M									PlantCyc/PMN local PGDB
CPD-3402	CPD-3402	(-)-medicarpin	270.0892089378					C16H14O4			plantcyc <https://plantcyc.org/>	(6aR,11aR)-medicarpin // demethylhomopterocarpin	270.0892089378	COC4(\C=C1(C(/[C@@H]2(COC3(/C=C(\C=C/C(/[C@H](O1)2)=3)/O)))=C/C=4))		NSRJSISNDPOJOP-BBRMVZONSA-N									PlantCyc/PMN local PGDB
CPD-706	CPD-706	chalinasterol	398.3548660987					C28H46O			plantcyc <https://plantcyc.org/>	24-methylenecholesterol	398.3548660987	CC(C)C(CC[C@@H](C)[C@H]3(CC[C@H]4([C@@H]2(C\C=C1(C[C@@H](O)CC[C@@](C)1[C@H]2CC[C@](C)34)))))=C		INDVLXYUCBVVKW-PXBBAZSNSA-N									PlantCyc/PMN local PGDB
RIBOSE-1P	RIBOSE-1P	alpha-D-ribose-1-phosphate	230.0191538399					C5H9O8P			plantcyc <https://plantcyc.org/>	D-ribose-1-phosphate // alpha-D-ribose-1P // alpha-D-ribofuranose 1-phosphate // ribose-1-phosphate	230.0191538399	C(O)[C@H]1(O[C@H](OP([O-])(=O)[O-])[C@H](O)[C@H](O)1)		YXJDFQJKERBOBM-TXICZTDVSA-L									PlantCyc/PMN local PGDB
CPD-16876	CPD-16876	2-hydroxy-5-oxoproline	145.0375077183					C5H6NO4			plantcyc <https://plantcyc.org/>		145.0375077183	C(=O)([C@@]1(O)(NC(CC1)=O))[O-]		XWXRVFUXLXYGHK-RXMQYKEDSA-M									PlantCyc/PMN local PGDB
CPD-6201	CPD-6201	gibberellin A 36	362.1729385672					C20H24O6			plantcyc <https://plantcyc.org/>	GA36	362.1729385672	C=C1([C@H]2(C[C@]3(C1)([C@H]([C@@H]4([C@@](C)([C@@H](O)CC[C@@](C=O)([C@@H](CC2)3)4)C([O-])=O))C([O-])=O)))		JZBLVVPDEDCVQA-SQLMURCQSA-L									PlantCyc/PMN local PGDB
UDP-OHMYR-ACETYLGLUCOSAMINE	UDP-OHMYR-ACETYLGLUCOSAMINE	UDP-3- O -[(3 R )-3-hydroxymyristoyl]- N -acetyl-alpha-D-glucosamine	833.2748495568					C31H51N3O19P2			plantcyc <https://plantcyc.org/>	UDP-3- O -(3-hydroxytetradecanoyl)- N -acetylglucosamine // UDP-3- O -(3-hydroxymyristoyl)- N -acetylglucosamine	833.2748495568	CCCCCCCCCCC[C@H](CC(O[C@@H]3([C@H]([C@@H](OP(=O)([O-])OP(=O)(OC[C@@H]2([C@H]([C@H]([C@H](N1(\C=C/C(=O)NC1=O))O2)O)O))[O-])O[C@@H]([C@H]3O)CO)NC(=O)C))=O)O		TZSJGZGYQDNRRX-MPLCHSTDSA-L									PlantCyc/PMN local PGDB
44-DIMETHYL-5ALPHA-CHOLEST-7-EN-3BET	44-DIMETHYL-5ALPHA-CHOLEST-7-EN-3BET	4,4-dimethyl-5alpha-cholest-7-en-3beta-ol	414.3861662271					C29H50O			plantcyc <https://plantcyc.org/>		414.3861662271	CC(C)CCC[C@@H](C)[C@H]4(CC[C@@H]1([C@](C)(CC[C@H]3(C1=CC[C@H]2(C(C)(C)[C@H](CC[C@@](C)23)O)))4))		UVNXFLZMQCAWCP-RCTKLBHESA-N									PlantCyc/PMN local PGDB
CPD-15302	CPD-15302	platensimycin	441.1787522266					C24H26NO7			plantcyc <https://plantcyc.org/>	PMN // (-)-platensimycin	441.1787522266	C[C@]3(C(=O)\C=C/[C@@]24(C[C@@H]1([C@@](C)(O[C@@H](C1)[C@H]23)C4)))(CCC(=O)NC5(/C(/O)=C\C=C(C(\O)=5)\C([O-])=O))		CSOMAHTTWTVBFL-OFBLZTNGSA-M									PlantCyc/PMN local PGDB
CPD-3607	CPD-3607	alpha-L-glucopyranose	180.0633881178					C6H12O6			plantcyc <https://plantcyc.org/>	alpha-L-glucose	180.0633881178	C(O)[C@@H]1(O[C@@H](O)[C@@H](O)[C@H](O)[C@@H](O)1)		WQZGKKKJIJFFOK-MDMQIMBFSA-N									PlantCyc/PMN local PGDB
CPD-26731	CPD-26731	N -(1-deoxy-D-fructopyranos-1-yl)glycine	237.0848518414					C8H15NO7			plantcyc <https://plantcyc.org/>	N -(1-deoxy-D-fructos-1-yl)glycine // deoxyfructosylglycine // fructoseglycine	237.0848518414	C([NH2+]CC(=O)[O-])[C@@]1(O)(OC[C@@H](O)[C@@H](O)[C@H](O)1)		BVWXBDYZZFSXIL-CCXZUQQUSA-N									PlantCyc/PMN local PGDB
CPD-12592	CPD-12592	N -acetyl-farnesylcysteine	367.2181146208					C20H32NO3S			plantcyc <https://plantcyc.org/>	L-cysteine, N-acetyl-S-[( 2E,6E )-3,7,11-trimethyl-2,6,10-dodecatrien-1-yl]- // AFC // N-acetyl-L-farnesylcysteine // N-acetyl-S-all- trans -farnesyl-L-cysteine // N-acetyl-S-farnesyl-L-cysteine // N-Acetyl-S- trans,trans -farnesyl-L-cysteine	367.2181146208	CC(C)=CCCC(\C)=C/CCC(\C)=C/CSC[C@H](NC(C)=O)C(=O)[O-]		XTURYZYJYQRJDO-BNAHBJSTSA-M									PlantCyc/PMN local PGDB
CPD-14242	CPD-14242	3-oxo-myristate	242.1881947009					C14H25O3			plantcyc <https://plantcyc.org/>		242.1881947009	CCCCCCCCCCCC(=O)CC([O-])=O		XLKOZYOVXNPWGT-UHFFFAOYSA-M									PlantCyc/PMN local PGDB
CPD-575	CPD-575	cyclohexane-1-carboxylate	128.0837296294					C7H11O2			plantcyc <https://plantcyc.org/>		128.0837296294	C(=O)([O-])C1(CCCCC1)		NZNMSOFKMUBTKW-UHFFFAOYSA-M									PlantCyc/PMN local PGDB
CPD-19113	CPD-19113	(2-aminobenzoyl)acetyl-CoA	928.1628868397					C30H39N8O18P3S			plantcyc <https://plantcyc.org/>		928.1628868397	CC(C)([C@@H](O)C(=O)NCCC(=O)NCCSC(=O)CC(C1(\C(\N)=C/C=C\C=1))=O)COP(=O)(OP(=O)(OC[C@@H]2([C@@H](OP([O-])(=O)[O-])[C@@H](O)[C@@H](O2)N3(C4(\N=C/N=C(C(\N=C/3)=4)/N))))[O-])[O-]		OLOTULRNHWZRKJ-FUEUKBNZSA-J									PlantCyc/PMN local PGDB
CPD-8610	CPD-8610	4,4-dimethyl-5alpha-cholesta-8-en-3beta-ol	414.3861662271					C29H50O			plantcyc <https://plantcyc.org/>	4,4-dimethylcholesta-8-en-3-ol	414.3861662271	CC(C)CCC[C@H]([C@@H]4([C@]1(C)([C@H](C2(\CC[C@@H]3([C@@](C)(C(\CC1)=2)CC[C@H](O)C(C)(C)3)))CC4)))C		FYHRVINOXYETMN-QGBOJXOESA-N									PlantCyc/PMN local PGDB
CPD-9905	CPD-9905	3beta-hydroxy-9beta-pimara-7,15-diene-19,6beta-olide	316.2038447651					C20H28O3			plantcyc <https://plantcyc.org/>		316.2038447651	C=C[C@@]2(CCC3([C@]1(CCC([C@]4(C1C(\C=C(C2)/3)OC4=O)C)O)C))C		SPZLJXUKZRAIQP-ISYXSIGESA-N									PlantCyc/PMN local PGDB
7-8-DIHYDROPTEROATE	7-8-DIHYDROPTEROATE	7,8-dihydropteroate	314.1127383469					C14H13N6O3			plantcyc <https://plantcyc.org/>	dihydropterate // H2Pte // dihydropteroate	314.1127383469	C(NC1(\C=C/C(/C(=O)[O-])=C\C=1))C2(CNC3(/N=C(N)\NC(=O)C(/N=2)=3))		WBFYVDCHGVNRBH-UHFFFAOYSA-M									PlantCyc/PMN local PGDB
4-TRIMETHYLAMMONIOBUTANAL	4-TRIMETHYLAMMONIOBUTANAL	4-trimethylammoniobutanal	131.131014173					C7H16NO			plantcyc <https://plantcyc.org/>	gamma-trimethylaminobutyraldehyde // trimethylaminobutyraldehyde // trimethyl-(4-oxobutyl)ammonium // N,N,N-trimethyl-4-oxobutan-1-aminium // 1-butanaminium, N,N,N-trimethyl-4-oxo- // N,N,N -trimethyl-4-oxobutan-1-aminium	131.131014173	C(CCC=O)[N+](C)(C)C		OITBLCDWXSXNCN-UHFFFAOYSA-N									PlantCyc/PMN local PGDB
2-BROMOPORPHOBILINOGEN	2-BROMOPORPHOBILINOGEN	2-bromoporphobilinogen	304.0058695161					C10H12N2O4BR			plantcyc <https://plantcyc.org/>		304.0058695161	C(C1(\NC(/Br)=C(CCC(=O)[O-])\C(/CC(=O)[O-])=1))[NH3+]		KBACDURQNLFTOL-UHFFFAOYSA-M									PlantCyc/PMN local PGDB
CPD-12423	CPD-12423	2-sinapoyloxy-3-butenylglucosinolate	595.1029460255					C22H28NO14S2			plantcyc <https://plantcyc.org/>		595.1029460255	C=CC(OC(=O)/C=C/C1(/C=C(C(\O)=C(C=1)\OC)/OC))CC(\S[C@@H]2(O[C@H](CO)[C@@H](O)[C@H](O)[C@@H](O)2))=N\OS(=O)(=O)[O-]		WJTPNROZULSXGJ-JDEQPLKTSA-M									PlantCyc/PMN local PGDB
CPD-4607	CPD-4607	benzyladenine-7- N -glucoside	387.1542688106					C18H21N5O5			plantcyc <https://plantcyc.org/>		387.1542688106	C([C@H]1(O[C@@H]([C@@H]([C@H]([C@@H]1O)O)O)N3(C4(C(/NCC2(\C=C/C=C\C=2))=N\C=N/C(\N=C/3)=4))))O		MFMRRPHRZQYKIJ-YYZLIPTLSA-N									PlantCyc/PMN local PGDB
CPD-693	CPD-693	2- cis -abscisate	264.1361591304					C15H19O4			plantcyc <https://plantcyc.org/>	abscisic acid // ABA // abscisate // (+)-ABA // (+)- S -ABA // abscisin II // 2- cis -ABA // (+)-abscisate // 2- cis -abscisic acid // (7E,9Z)-(6S)-6-hydroxy-3-oxo-11-apo-epsilon-caroten-11-oate	264.1361591304	CC(\C=C\[C@@]1(C(C)(C)CC(=O)\C=C(C)/1)O)=C\C(=O)[O-]		JLIDBLDQVAYHNE-YKALOCIXSA-M									PlantCyc/PMN local PGDB
5-O-INDOL-3-YLACETYL-MYO-ETCETERA	5-O-INDOL-3-YLACETYL-MYO-ETCETERA	5-O-(indol-3-ylacetyl- myo -inositol) D-galactoside	499.1689754013					C22H29NO12			plantcyc <https://plantcyc.org/>		499.1689754013	C(O)[C@@H]1([C@H](O)[C@H](O)[C@H]([C@@H](O1)O[C@@H]4([C@@H](O)[C@H](O)[C@@H](O)[C@@H](O)[C@@H](OC(=O)CC2(\C3(/C=C\C=C/C(/N\C=2)=3)))4))O)		CTIMKKNHIWVXHA-ICRLQBCGSA-N									PlantCyc/PMN local PGDB
CPD-19335	CPD-19335	9-hydroxy traumatin	228.1361591304					C12H19O4			plantcyc <https://plantcyc.org/>	(10 E )-9-hydroxytraumatin // (10 E )-9-hydroxy-12-oxo-dodecenoic acid // (10 E )-9-hydroxy-12-oxo-dodecenoate // 9-hydroxytraumatin // 9-hydroxy-12-oxo-10E-dodecenoic acid // 9-hydroxy-12-oxo-10E-dodecenoate	228.1361591304	C(/C=C/C(O)CCCCCCCC(=O)[O-])=O		ADPDWAFVBDMZSV-SOFGYWHQSA-M									PlantCyc/PMN local PGDB
GIBBERELLIN	GIBBERELLIN	gibberellin A 3	346.1416384388					C19H21O6			plantcyc <https://plantcyc.org/>	gibberellic acid // gibberellin	346.1416384388	C=C1([C@@]3(O)(C[C@]4(C1)([C@H]([C@@H]5([C@]2(C(=O)O[C@](\C=C/[C@H](O)2)([C@@H](CC3)4)5)(C)))C([O-])=O)))		IXORZMNAPKEEDV-SNTJWBGVSA-M									PlantCyc/PMN local PGDB
ALL-TRANS-HEXAPRENYL-DIPHOSPHATE	ALL-TRANS-HEXAPRENYL-DIPHOSPHATE	all- trans -hexaprenyl diphosphate	586.3188270439					C30H49O7P2			plantcyc <https://plantcyc.org/>	hexaprenyl-diphosphate	586.3188270439	CC(C)=CCCC(\C)=C/CCC(\C)=C/CCC(\C)=C/CCC(\C)=C/CCC(\C)=C/COP(=O)([O-])OP(=O)([O-])[O-]		NGFSMHKFTZROKJ-MMSZMYIBSA-K									PlantCyc/PMN local PGDB
4-CYTIDINE-5-DIPHOSPHO-2-C	4-CYTIDINE-5-DIPHOSPHO-2-C	4-(cytidine 5'-diphospho)-2-C-methyl-D-erythritol	521.0811755475					C14H23N3O14P2			plantcyc <https://plantcyc.org/>	CDP-ME // CDP-methyl-D-erythritol // 4-diphosphocytidyl-2C-methyl-D-erythritol // 4-diphosphocytidyl-2-C-methylerythritol	521.0811755475	C[C@](O)(CO)[C@H](O)COP(OP(OC[C@@H]2([C@H]([C@H]([C@H](N1(\C=C/C(/N)=N\C1=O))O2)O)O))(=O)[O-])([O-])=O		YFAUKWZNPVBCFF-XHIBXCGHSA-L									PlantCyc/PMN local PGDB
CPD-21107	CPD-21107	S -(6-hydroxy-4-methylhexan-4-yl)-L-cysteinylglycine	292.1456779592					C12H24N2O4S			plantcyc <https://plantcyc.org/>	3-methyl-3-sulfanylhexan-1-ol-[Cys-Gly] conjugate // [1-(2-hydroxyethyl)-1-methylbutyl]- S -L-cysteinylglycine // Cys-Gly-3M3SH	292.1456779592	CCCC(SC[C@@H](C(NCC([O-])=O)=O)[NH3+])(C)CCO		FIKNGFBNGIHRJV-QHGLUPRGSA-N									PlantCyc/PMN local PGDB
CPD-7989	CPD-7989	(+)-valencene	204.1878007704					C15H24			plantcyc <https://plantcyc.org/>		204.1878007704	C=C([C@H]1(C[C@]2([C@@H](CC\C=C(CC1)/2)C)C))C		QEBNYNLSCGVZOH-NFAWXSAZSA-N									PlantCyc/PMN local PGDB
CPD-19179	CPD-19179	(8 S )-3',8-cyclo-7,8-dihydroguanosine 5'-triphosphate	522.990659779					C10H12N5O14P3			plantcyc <https://plantcyc.org/>	3',8-cH2GTP	522.990659779	C(OP([O-])(=O)OP([O-])(=O)OP([O-])(=O)[O-])[C@H]1(O[C@H]2(N3(C4(\N=C(N)/NC(=O)C(N[C@H]([C@](O)1[C@@H](O)2)3)=4))))		HRBCPXBJAWPPIC-FLISOKMQSA-J									PlantCyc/PMN local PGDB
CPD-229	CPD-229	gibberellin A 8 -catabolite	362.1365530609					C19H20O7			plantcyc <https://plantcyc.org/>	GA 8 -catabolite // GA8-catabolite	362.1365530609	C=C1([C@@]2(O)(C[C@]3(C1)([C@H]([C@@H]4([C@@](C(=O)[O-])(C)[C@@H](O)C(=O)C=C([C@@H](CC2)3)4))C([O-])=O)))		NAOFYNMJUGRAFS-UWSJOQIXSA-L									PlantCyc/PMN local PGDB
CPD-10279	CPD-10279	docosanoyl-CoA	1089.4387743359					C43H74N7O17P3S			plantcyc <https://plantcyc.org/>	behenoyl-CoA	1089.4387743359	CCCCCCCCCCCCCCCCCCCCCC(=O)SCCNC(=O)CCNC(=O)[C@H](O)C(C)(C)COP(=O)(OP(=O)(OC[C@@H]1([C@@H](OP([O-])(=O)[O-])[C@@H](O)[C@@H](O1)N2(C3(\N=C/N=C(C(\N=C/2)=3)/N))))[O-])[O-]		NDDZLVOCGALPLR-GNSUAQHMSA-J									PlantCyc/PMN local PGDB
CPD-18823	CPD-18823	3-oxocholan-24-oyl-CoA	1123.3867387654					C45H68N7O18P3S			plantcyc <https://plantcyc.org/>		1123.3867387654	C[C@H](CCC(=O)SCCNC(=O)CCNC(=O)[C@H](O)C(C)(C)COP(=O)(OP(=O)(OC[C@@H]1([C@@H](OP([O-])(=O)[O-])[C@@H](O)[C@@H](O1)N2(C3(\N=C/N=C(C(\N=C/2)=3)/N))))[O-])[O-])[C@H]6(CC[C@H]7([C@@H]5(CC[C@@H]4(CC(=O)CC[C@@](C)4[C@H]5CC[C@](C)67))))		URZYEVFFDFMJGU-BEVXJUHISA-J									PlantCyc/PMN local PGDB
DTDP-D-FUCOSE	DTDP-D-FUCOSE	dTDP-alpha-D-fucopyranose	548.0808411965					C16H24N2O15P2			plantcyc <https://plantcyc.org/>	dTDP-D-fucose	548.0808411965	CC1(\C(=O)NC(N(\C=1)[C@H]3(C[C@H](O)[C@@H](COP(=O)([O-])OP(O[C@H]2(O[C@H](C)[C@H](O)[C@H](O)[C@@H](O)2))(=O)[O-])O3))=O)		ZOSQFDVXNQFKBY-FQLHZTMTSA-L									PlantCyc/PMN local PGDB
CPDQT-27	CPDQT-27	6-(methylsulfanyl)-2-oxohexanoate	176.0507149415					C7H11O3S			plantcyc <https://plantcyc.org/>	6-(methylthio)-2-oxohexanoic acid // 6-(methylthio)-2-oxohexanoate	176.0507149415	CSCCCCC(=O)C([O-])=O		GRUGZHAOXOPASC-UHFFFAOYSA-M									PlantCyc/PMN local PGDB
CPD0-1224	CPD0-1224	L-2-amino-4-oxo-5-chloropentanoate	165.0192708383					C5H8NO3CL			plantcyc <https://plantcyc.org/>	2-amino-4-oxo-5-chloropentanoic acid // 2-amino-5-chloro-4-oxopentanoic acid // 2-amino-4-keto-5-chloropentanoic acid	165.0192708383	C(Cl)C(=O)C[C@H]([NH3+])C(=O)[O-]		RAAUBRQLKXXMQK-BYPYZUCNSA-N									PlantCyc/PMN local PGDB
CPD-556	CPD-556	cholesteryl-beta-D-glucoside	548.4076895302					C33H56O6			plantcyc <https://plantcyc.org/>	O -beta-D-glucosyl-cholesterol // cholesterol beta-D-glucoside // (3beta)-cholest-5-en-3-yl-beta-D-glucopyranoside	548.4076895302	CC(C)CCC[C@@H](C)[C@H]1(CC[C@@H]2([C@@](C)1CC[C@H]5([C@H]2C\C=C4(C[C@@H](O[C@@H]3(O[C@H](CO)[C@@H](O)[C@H](O)[C@@H](O)3))CC[C@@](C)45))))		FSMCJUNYLQOAIM-UQBZCTSOSA-N									PlantCyc/PMN local PGDB
P-RIBOSYL-4-SUCCCARB-AMINOIMIDAZOLE	P-RIBOSYL-4-SUCCCARB-AMINOIMIDAZOLE	5'-phosphoribosyl-4-(N-succinocarboxamide)-5-aminoimidazole	454.0737086059					C13H15N4O12P			plantcyc <https://plantcyc.org/>	( S )-2-[5-amino-1-(5-phospho-D-ribosyl)imidazole-4-carboxamido]succinate // 1-(5-phosphoribosyl)-4-(N-succino-carboxamide)-5-aminoimidazole // 5'-P-ribosyl-4-(N-succinocarboxamide)-5-aminoimidazole // 5'-p-Ribosyl-4-(N-succinocarboxamide)-5-amino imidazole // 1-(5'-phosphoribosyl)-4-(N-succino-carboxamide)-5-aminoimidazole	454.0737086059	C(OP(=O)([O-])[O-])[C@H]2(O[C@@H](N1(C(/N)=C(C(=O)NC(C([O-])=O)CC([O-])=O)/N=C\1))[C@H](O)[C@H](O)2)		NAQGHJTUZRHGAC-LBGUGVGYSA-J									PlantCyc/PMN local PGDB
ACETYL-GLU	ACETYL-GLU	N -acetyl-L-glutamate	189.0637224688					C7H9NO5			plantcyc <https://plantcyc.org/>	N -acetyl-L-glutamic acid // acetyl-L-glu // acetyl-L-glutamate // NAG // N-acetyl-glutamic acid	189.0637224688	CC(=O)N[C@H](C([O-])=O)CCC(=O)[O-]		RFMMMVDNIPUKGG-YFKPBYRVSA-L									PlantCyc/PMN local PGDB
CPD-13080	CPD-13080	solasodine	413.3293796297					C27H44NO2			plantcyc <https://plantcyc.org/>	spirosol-5-en-3-ol, (3beta,22alpha,25R)- // solancarpidine // solasodin // solasod-5-en-3beta-ol // purapuridine	413.3293796297	C[C@H]1(C[NH2+][C@@]6(CC1)([C@@H](C)[C@H]2([C@H](C[C@@H]5([C@@]2(C)CC[C@H]3([C@@H](C\C=C4(C[C@H](CC[C@@]3(C)4)O))5)))O6)))		KWVISVAMQJWJSZ-GPXMTLFMSA-O									PlantCyc/PMN local PGDB
4-OXALOMESACONATE	4-OXALOMESACONATE	(1 E )-4-oxobut-1-ene-1,2,4-tricarboxylate	202.0113525473					C7H3O7			plantcyc <https://plantcyc.org/>	4-oxalmesaconic acid // 4-oxalomesaconate // gamma-oxalomesaconate // (E)-3-carboxy-5-oxo-2-hexenedioic-acid // OMAketo	202.0113525473	C(=O)([O-])/C=C(CC(C([O-])=O)=O)/C([O-])=O		ODTDYYZJDQGKQT-NSCUHMNNSA-K									PlantCyc/PMN local PGDB
GERMANICOL	GERMANICOL	germanicol	426.3861662271					C30H50O			plantcyc <https://plantcyc.org/>		426.3861662271	CC5(C)(CC[C@@]1(C)(C(/[C@@H]2([C@@](C)(CC1)[C@@]3(C)([C@H](CC2)[C@]4(C)([C@@H](CC3)C(C)(C)[C@@H](O)CC4))))=C/5))		QMUXVPRGNJLGRT-PNTWTTAKSA-N									PlantCyc/PMN local PGDB
CPD0-1354	CPD0-1354	tetrahydrothiamine diphosphate	428.0684427917					C12H19N4O7P2S			plantcyc <https://plantcyc.org/>	tetrahydro-TPP // tetrahydrothiamin pyrophosphate	428.0684427917	CC2(C(CCOP(=O)([O-])OP(=O)([O-])[O-])SCN(CC1(\C(\N)=N/C(\C)=N\C=1))2)		QMLRZDVHAMEWFV-UHFFFAOYSA-K									PlantCyc/PMN local PGDB
CPD-548	CPD-548	S -formylglutathione	335.078720606					C11H16N3O7S			plantcyc <https://plantcyc.org/>		335.078720606	C(NC(=O)[C@H](CSC=O)NC(=O)CC[C@H]([NH3+])C(=O)[O-])C(=O)[O-]		FHXAGOICBFGEBF-BQBZGAKWSA-M									PlantCyc/PMN local PGDB
5-FORMYL-THF	5-FORMYL-THF	(6 S )-5-formyl-tetrahydrofolate mono-L-glutamate	473.1658961294					C20H21N7O7			plantcyc <https://plantcyc.org/>	n5-formyltetrahydrofolate monoglutamate // n5-formyl-thf monoglutamate // N 5 -formyl-THF monoglutamate // 5-formyl-H4F monoglutamate // 5-formyl-THF monoglutamate // folinic acid monoglutamate // 5-CHO-THF monoglutamate // folinate // formyl-H4F monoglutamate // citrovorum factor // N 5 -formyl-H4F monoglutamate // N 5 -formyl-H 4 PteGlu 1 // (6S)-leucovorin	473.1658961294	C(NC1(\C=C/C(/C(=O)N[C@H](C(=O)[O-])CCC([O-])=O)=C\C=1))[C@H]2(CNC3(/N=C(N)\NC(=O)C(/N(C=O)2)=3))		VVIAGPKUTFNRDU-STQMWFEESA-L									PlantCyc/PMN local PGDB
5-AMINO-2-OXOPENTANOATE	5-AMINO-2-OXOPENTANOATE	5-amino-2-oxopentanoate	131.0582431604					C5H9NO3			plantcyc <https://plantcyc.org/>	2-oxo-5-aminovalerate // 5-amino-2-oxopentanoic acid // alpha-keto-delta-aminovaleric acid // 2-keto-ornithine // 2-keto-5-aminovalerate // alpha-keto-delta-aminovalerate	131.0582431604	C(C[NH3+])CC(=O)C([O-])=O		BWHGMFYTDQEALD-UHFFFAOYSA-N									PlantCyc/PMN local PGDB
CPDQT-340	CPDQT-340	L-dihomomethionine	177.0823494209					C7H15NO2S			plantcyc <https://plantcyc.org/>	6-(methylsulfanyl)norleucine // 2-amino-6-(methylsulfanyl)hexanoic acid	177.0823494209	CSCCCC[C@H]([NH3+])C(=O)[O-]		FBWIRBFZWNIGJC-LURJTMIESA-N									PlantCyc/PMN local PGDB
L-DOPACHROME	L-DOPACHROME	L-dopachrome	193.0375077183					C9H6NO4			plantcyc <https://plantcyc.org/>	indole-5,6-quinoneimine // 2-L-carboxy-2,3-dihydroindole-5,6-quinone	193.0375077183	C([O-])(=O)[C@H]1(NC2(\C(/C1)=C/C(C(=O)/C=2)=O))		VJNCICVKUHKIIV-LURJTMIESA-M									PlantCyc/PMN local PGDB
CPD-4125	CPD-4125	avenasterol	412.3705161629					C29H48O			plantcyc <https://plantcyc.org/>		412.3705161629	C\C=C(CC[C@@H](C)[C@H]3(CC[C@H]4(C1([C@@H]([C@@]2(C)(CC[C@H](O)C[C@H](CC=1)2))CC[C@](C)34))))/C(C)C		MCWVPSBQQXUCTB-OQTIOYDCSA-N									PlantCyc/PMN local PGDB
CPD-12398	CPD-12398	1-(methylsulfanyl)-7- aci -nitroheptane	193.1136495493					C8H17NO2S			plantcyc <https://plantcyc.org/>	7-(methylsulfanyl)heptan-1-ylideneazinate	193.1136495493	CSCCCCCCC=[N+](O)[O-]		KNGCMXYOIZUVFL-UHFFFAOYSA-N									PlantCyc/PMN local PGDB
BETA-D-XYLOSE	BETA-D-XYLOSE	beta-D-xylopyranose	150.0528234315					C5H10O5			plantcyc <https://plantcyc.org/>	beta-D-xylose	150.0528234315	C1(O[C@@H](O)[C@H](O)[C@@H](O)[C@H](O)1)		SRBFZHDQGSBBOR-KKQCNMDGSA-N									PlantCyc/PMN local PGDB
CPD-15056	CPD-15056	( Z )-2-aminobutenoate	101.0476784741					C4H7NO2			plantcyc <https://plantcyc.org/>	( Z )-2-aminobut-2-enoate // ( Z )-2-aminobutenoic acid // ( Z )-dehydrobutyrine // (2 Z )-2-aminobut-2-enoic acid // ( Z )-2,3-didehydrobutyrine // anhydrothreonine	101.0476784741	C\C=C(C([O-])=O)/[NH3+]		PAWSVPVNIXFKOS-IHWYPQMZSA-N									PlantCyc/PMN local PGDB
CPD-4610	CPD-4610	kinetin-7- N -glucoside	377.1335333685					C16H19N5O6			plantcyc <https://plantcyc.org/>		377.1335333685	C([C@H]1(O[C@@H]([C@@H]([C@H]([C@@H]1O)O)O)N3(C4(C(/NCC2(\O\C=C/C=2))=N\C=N/C(\N=C/3)=4))))O		AXJIOWGMASZFOU-HMXKMONRSA-N									PlantCyc/PMN local PGDB
GLYCEROL-3P	GLYCEROL-3P	sn -glycerol 3-phosphate	172.0136745315					C3H7O6P			plantcyc <https://plantcyc.org/>	L-alpha-glycerophosphate // L-G3P // L-glycerol 3-phosphate // alpha-glycerophosphoric acid // alpha-glycerophosphate // D-glycerol 1-phosphate // glycerol 3-phosphate	172.0136745315	C(OP([O-])(=O)[O-])[C@H](O)CO		AWUCVROLDVIAJX-GSVOUGTGSA-L									PlantCyc/PMN local PGDB
CPD0-1249	CPD0-1249	gamma-methylphosphinothricin	195.066044453					C6H13NO4P			plantcyc <https://plantcyc.org/>	GMPPT	195.066044453	CC(P([O-])(C)=O)CC([NH3+])C(=O)[O-]		LLSWVOXJHFIPIU-UHFFFAOYSA-M									PlantCyc/PMN local PGDB
CPD-5661	CPD-5661	zeinoxanthin	552.4331164197					C40H56O			plantcyc <https://plantcyc.org/>	beta,epsilon-carotene-3-ol // (3R,6'R)-beta,epsilon-caroten-3-ol // 3-hydroxy-alpha-carotene	552.4331164197	CC(/C=C/C=C(C)/C=C/[C@@H]1(C(C)(C)CC\C=C(C)/1))=C\C=C\C=C(C)\C=C\C=C(C)\C=C\C2(\C(C)(C)C[C@H](O)CC(/C)=2)		NBZANZVJRKXVBH-NHWXEJKLSA-N									PlantCyc/PMN local PGDB
CPD-9869	CPD-9869	2-methoxy-6-( all-trans -decaprenyl)benzene-1,4-diol	820.6733466911					C57H88O3			plantcyc <https://plantcyc.org/>	6-decaprenyl-2-methoxy-1,4-benzoquinol // all trans -decaprenyl-2-methoxy-6-1,4-benzoquinol	820.6733466911	CC(C)=CCCC(\C)=C/CCC(\C)=C/CCC(\C)=C/CCC(\C)=C/CCC(\C)=C/CCC(\C)=C/CCC(\C)=C/CCC(\C)=C/CCC(\C)=C/CC1(\C(\O)=C(/C=C(\C=1)/O)\OC)		LIOKNOIJMJKVCG-RDSVHMIISA-N									PlantCyc/PMN local PGDB
4-FUMARYL-ACETOACETATE	4-FUMARYL-ACETOACETATE	4-fumaryl-acetoacetate	200.0320879894					C8H6O6			plantcyc <https://plantcyc.org/>	(2E)-4,6-dioxooct-2-enedioate	200.0320879894	C([O-])(=O)/C=C/C(=O)CC(=O)CC([O-])=O		GACSIVHAIFQKTC-OWOJBTEDSA-L									PlantCyc/PMN local PGDB
CPD-22612	CPD-22612	alpha-acetyldigitoxin	806.445256828					C43H66O14			plantcyc <https://plantcyc.org/>		806.445256828	C[C@H]1(O[C@H](C[C@H](OC(=O)C)[C@H](O)1)O[C@@H]2([C@@H](C)O[C@H](C[C@H](O)2)O[C@H]3([C@@H](O)C[C@@H](O[C@H](C)3)O[C@@H]8(C[C@H]7(CC[C@@H]6([C@H](CC[C@@]5(C)([C@](O)(CC[C@H](C4(\COC(=O)\C=4))5)6))[C@](C)7CC8))))))		HPMZBILYSWLILX-UMDUKNJSSA-N									PlantCyc/PMN local PGDB
CPD1F-90	CPD1F-90	kaempferol	286.0477380536					C15H9O6			plantcyc <https://plantcyc.org/>		286.0477380536	C3(/C=C(\C=C/C(/C1(/OC2(/C=C(/C=C(C(\C(C(/O)=1)=O)=2)/O)/[O-])))=3)/O)		IYRMWMYZSQPJKC-UHFFFAOYSA-M									PlantCyc/PMN local PGDB
CPD0-1663	CPD0-1663	alpha-difluoromethylarginine	224.1084821144					C7H14N4O2F2			plantcyc <https://plantcyc.org/>	DFMA	224.1084821144	C(NC(N)=[NH2+])CCC(C(F)F)(N)C([O-])=O		YEORLXJBCPPSOC-UHFFFAOYSA-N									PlantCyc/PMN local PGDB
CPD-8659	CPD-8659	miraxanthin V	346.1164863208					C17H16N2O6			plantcyc <https://plantcyc.org/>		346.1164863208	C(\N=C/C=C1(C[C@H](NC(/C(=O)[O-])=C/1)C([O-])=O))CC2(\C=C(C(/O)=C\C=2)\O)		PDKFHZWVCCZUIF-WPJLFRKISA-L									PlantCyc/PMN local PGDB
CPD0-2552	CPD0-2552	m 7 GTP	539.0219599074					C11H15N5O14P3			plantcyc <https://plantcyc.org/>	7-methyl-GTP	539.0219599074	C[N+]1(\C3(C(=O)NC(/N)=N/C(N(\C=1)[C@@H]2(O[C@H](COP(=O)([O-])OP(=O)([O-])OP(=O)([O-])[O-])[C@@H](O)[C@@H](O)2))=3))		DKVRNHPCAOHRSI-KQYNXXCUSA-K									PlantCyc/PMN local PGDB
CPD-8692	CPD-8692	abieta-7,13-dien-18,18-diol	304.2402302714					C20H32O2			plantcyc <https://plantcyc.org/>	abietadiene-diol	304.2402302714	CC(C3(\CC[C@@H]2([C@@]1(C([C@@](CCC1)(C(O)O)C)CC=C2/C=3)C)))C		CPTVDNMRGYWJCH-RMGPQRKISA-N									PlantCyc/PMN local PGDB
FRUCTOSELYSINE	FRUCTOSELYSINE	N 6 -(1-deoxy-D-fructos-1-yl)-L-lysine	308.1583511355					C12H25N2O7			plantcyc <https://plantcyc.org/>	fructoselysine (ambiguous) // N epsilon -(D-fructosyl)-L-lysine	308.1583511355	C([C@@]1(O)(OC[C@@H](O)[C@@H](O)[C@H](O)1))[NH2+]CCCC[C@H]([NH3+])C(=O)[O-]		ILTPZXUNQYGXOJ-TYCYOEEFSA-O									PlantCyc/PMN local PGDB
CPD-12395	CPD-12395	1-(methylsulfanyl)-6- aci -nitrohexane	179.0979994851					C7H15NO2S			plantcyc <https://plantcyc.org/>	6-(methylsulfanyl)hexan-1-ylideneazinate	179.0979994851	CSCCCCCC=[N+](O)[O-]		JTDCVVYTRKWMAE-UHFFFAOYSA-N									PlantCyc/PMN local PGDB
CPD-8843	CPD-8843	(3 R ,6 E )-nerolidol	222.1983654567					C15H26O			plantcyc <https://plantcyc.org/>	( E )-nerolidol // (3 R )-( E )-nerolidol	222.1983654567	C=C[C@](C)(O)CC/C=C(C)/CCC=C(C)C		FQTLCLSUCSAZDY-GOFCXVBSSA-N									PlantCyc/PMN local PGDB
CPD-4142	CPD-4142	&Delta; 24-25 -sitosterol	412.3705161629					C29H48O			plantcyc <https://plantcyc.org/>		412.3705161629	CCC(CC[C@@H](C)[C@H]3(CC[C@H]4([C@@H]2(C\C=C1(C[C@@H](O)CC[C@@](C)1[C@H]2CC[C@](C)34)))))=C(C)C		YYLFLRIUDMIWTD-VEVYEIKRSA-N									PlantCyc/PMN local PGDB
4-MALEYL-ACETOACETATE	4-MALEYL-ACETOACETATE	4-maleyl-acetoacetate	200.0320879894					C8H6O6			plantcyc <https://plantcyc.org/>	(2Z)-4,6-dioxooct-2-enedioate	200.0320879894	C([O-])(=O)\C=C/C(=O)CC(=O)CC([O-])=O		GACSIVHAIFQKTC-UPHRSURJSA-L									PlantCyc/PMN local PGDB
CPD-21118	CPD-21118	S -(1-hydroxyhexan-3-yl)-L-cysteine	221.1085641714					C9H19NO3S			plantcyc <https://plantcyc.org/>	3-sulfanylhexan-1-ol-[Cys] conjugate // S -(6-hydroxyhexan-4-yl)-L-cysteine	221.1085641714	CCCC(SC[C@@H](C([O-])=O)[NH3+])CCO		GTJBXOQYHBJVCS-MQWKRIRWSA-N									PlantCyc/PMN local PGDB
UDP-AAGM-DIAMINOHEPTANEDIOATE	UDP-AAGM-DIAMINOHEPTANEDIOATE	UDP-MurNAc-L-Ala-gamma-D-Glu- meso -DAP	1051.2671979965					C35H51N7O26P2			plantcyc <https://plantcyc.org/>	UDP-N-acetyl-alpha-D-muramoyl-L-alanyl-gamma-D-glutamyl- meso -2,6-diaminopimelate // UDP- N -acetyl-alpha-D-muramoyl-L-alanyl-gamma-D-glutamyl- meso -diaminopimelate // UDP- N -acetyl-alpha-D-muramoyl-L-alanyl-gamma-D-glutamyl- meso -2,6-diaminopimelate // UDP- N -acetyl-alpha-D-muramoyl-L-alanyl-gamma-D-glutamyl-meso-2,6-diaminoheptanedioate // UDP-MurNAc-L-Ala-gamma-D-Glu- meso -A 2 pm	1051.2671979965	C[C@H](NC([C@H](O[C@@H]3([C@@H](NC(=O)C)[C@@H](OP([O-])(OP(OC[C@@H]2([C@H]([C@H]([C@H](N1(\C=C/C(=O)NC1=O))O2)O)O))(=O)[O-])=O)O[C@H](CO)[C@@H](O)3))C)=O)C(N[C@H](CCC(=O)N[C@@H](CCC[C@H](C(=O)[O-])[NH3+])C(=O)[O-])C(=O)[O-])=O		QUHLBZKCGUXHGP-BHBBPGSKSA-J									PlantCyc/PMN local PGDB
DUDP	DUDP	dUDP	388.0072823229					C9H11N2O11P2			plantcyc <https://plantcyc.org/>	2'-deoxyuridine-5'-diphosphate // deoxyuridine-diphosphate	388.0072823229	C(OP(=O)([O-])OP(=O)([O-])[O-])[C@H]2(O[C@@H](N1(\C=C/C(=O)NC1=O))C[C@H](O)2)		QHWZTVCCBMIIKE-SHYZEUOFSA-K									PlantCyc/PMN local PGDB
CPD3DJ-11366	CPD3DJ-11366	sphingosine 1-phosphate	379.2487598455					C18H37NO5P			plantcyc <https://plantcyc.org/>		379.2487598455	CCCCCCCCCCCCC/C=C/[C@@H](O)[C@@H]([NH3+])COP([O-])(=O)[O-]		DUYSYHSSBDVJSM-KRWOKUGFSA-M									PlantCyc/PMN local PGDB
CPD-23957	CPD-23957	androstenediol	290.2245802072					C19H30O2			plantcyc <https://plantcyc.org/>	androst-5-ene-3beta,17beta-diol // (3beta,17beta)-androst-5-ene-3,17-diol	290.2245802072	C[C@@]12(CC[C@H](O)CC/1=C\C[C@@H]3([C@@H]2CC[C@]4(C)([C@@H](O)CC[C@@H]34)))		QADHLRWLCPCEKT-LOVVWNRFSA-N									PlantCyc/PMN local PGDB
2-3-DIHYDROXYBENZOATE	2-3-DIHYDROXYBENZOATE	2,3-dihydroxybenzoate	154.026608681					C7H5O4			plantcyc <https://plantcyc.org/>	2,3-dihydroxybenzoic acid // 3-hydroxysalicylate // catechol-3-carboxylate // 2-pyrocatechuate	154.026608681	C(C1(\C(\O)=C(\C=C/C=1)\O))([O-])=O		GLDQAMYCGOIJDV-UHFFFAOYSA-M									PlantCyc/PMN local PGDB
CPD-14994	CPD-14994	13(S)-HOTrE(alpha)	294.2194948293					C18H29O3			plantcyc <https://plantcyc.org/>	(9Z,11E,13S,15Z)-13-hydroxyoctadeca-9,11,15-trienoate // 13(S)-HOTrE	294.2194948293	CC\C=C/C[C@@H](/C=C/C=C\CCCCCCCC([O-])=O)O		KLLGGGQNRTVBSU-FQSPHKRJSA-M									PlantCyc/PMN local PGDB
TAXA-42011-DIEN-5-ALPHA-YL-ACETATE	TAXA-42011-DIEN-5-ALPHA-YL-ACETATE	taxa-4(20),11-dien-5-alpha-yl acetate	330.2558803356					C22H34O2			plantcyc <https://plantcyc.org/>		330.2558803356	CC2(\CC[C@H]1(C[C@H]3([C@](C)(CCC(\[C@](C)(C)1)=2)CC[C@H](OC(=O)C)C3=C)))		APIZAZFFQBVSJA-ZJDLJICXSA-N									PlantCyc/PMN local PGDB
CPD-7071	CPD-7071	homoeriodictyol	302.079038182					C16H13O6			plantcyc <https://plantcyc.org/>		302.079038182	COC1(/C=C(\C=C/C(/O)=1)/[C@H]2(OC3(/C=C(/C=C(C(\C(C2)=O)=3)/O)/[O-])))		FTODBIPDTXRIGS-ZDUSSCGKSA-M									PlantCyc/PMN local PGDB
SPERMIDINE	SPERMIDINE	spermidine	145.1578976255					C7H22N3			plantcyc <https://plantcyc.org/>	N -(3-aminopropyl)butane-1,4-diamine	145.1578976255	C([NH3+])CC[NH2+]CCCC[NH3+]		ATHGHQPFGPMSJY-UHFFFAOYSA-Q									PlantCyc/PMN local PGDB
5-HYDROXY-CTP	5-HYDROXY-CTP	5-hydroxy-CTP	498.9794263907					C9H12N3O15P3			plantcyc <https://plantcyc.org/>	5-hydroxycytidine triphosphate	498.9794263907	C(OP(OP(=O)([O-])OP(=O)([O-])[O-])(=O)[O-])[C@@H]2([C@H]([C@@H](O)[C@H](N1(/C=C(C(/N)=N\C1=O)/O))O2)O)		DMFODUNDODUQKK-UAKXSSHOSA-J									PlantCyc/PMN local PGDB
CPD-13328	CPD-13328	trans -6-hydroxyferuloyl-CoA	959.1574671108					C31H40N7O20P3S			plantcyc <https://plantcyc.org/>	2,4-dihydroxy-3-methoxycinnamoyl-CoA // (2 E )-6-hydroxyferuloyl-CoA	959.1574671108	CC(C)(COP(OP([O-])(OC[C@@H]1([C@@H](OP([O-])([O-])=O)[C@@H](O)[C@@H](O1)N2(C3(\N=C/N=C(C(\N=C/2)=3)/N))))=O)([O-])=O)[C@@H](O)C(=O)NCCC(=O)NCCSC(=O)/C=C/C4(/C=C(C(/O)=C\C(O)=4)/OC)		NWKKCROQKYNXQZ-GVNCYCPWSA-J									PlantCyc/PMN local PGDB
ENT-KAUR-16-EN-19-OL	ENT-KAUR-16-EN-19-OL	ent -kaurenol	288.2453156493					C20H32O			plantcyc <https://plantcyc.org/>	ent -kaur-16-en-19-ol	288.2453156493	C=C1([C@H]4(C[C@]3(C1)(CC[C@@H]2([C@](C)(CO)CCC[C@](C)2[C@@H]3CC4))))		TUJQVRFWMWRMIO-XRNRSJMDSA-N									PlantCyc/PMN local PGDB
CPD-7988	CPD-7988	Triton X-100	250.1932800788					C16H26O2			plantcyc <https://plantcyc.org/>		250.1932800788	CC(C)(C)CC(C)(C)C1(\C=C/C(/OCCO)=C\C=1)		JYCQQPHGFMYQCF-UHFFFAOYSA-N									PlantCyc/PMN local PGDB
ENOL-OXALOACETATE	ENOL-OXALOACETATE	enol-oxaloacetate	132.0058732389					C4H2O5			plantcyc <https://plantcyc.org/>	enol-oxaloacetic acid // 2-hydroxyethylenedicarboxylate // hydroxyfumarate	132.0058732389	C([O-])(=O)C(\O)=C\C(=O)[O-]		UWYVPFMHMJIBHE-UPHRSURJSA-L									PlantCyc/PMN local PGDB
CPD-9306	CPD-9306	thiosulfinate	162.0173063231					C6H10OS2			plantcyc <https://plantcyc.org/>	1-hydroxy-1,2-di[(1E)-1-propen-1-yl]disulfanium	162.0173063231	C/C=C/SS(/C=C/C)=O		GYJUUWJKEUIYPF-GGWOSOGESA-N									PlantCyc/PMN local PGDB
MEVALONATE	MEVALONATE	( R )-mevalonate	148.0735588736					C6H11O4			plantcyc <https://plantcyc.org/>	mevalonate // mevalonic acid	148.0735588736	C[C@@](O)(CCO)CC(=O)[O-]		KJTLQQUUPVSXIM-ZCFIWIBFSA-M									PlantCyc/PMN local PGDB
DTDP-DEOH-DEOXY-MANNOSE	DTDP-DEOH-DEOXY-MANNOSE	dTDP-4-dehydro-beta-L-rhamnose	546.0651911323					C16H22N2O15P2			plantcyc <https://plantcyc.org/>	dTDP-4-oxo-6-deoxy-beta-L-mannose // dTDP-4-oxo-beta-L-rhamnose // dTDP-4-dehydro-6-deoxy-beta-L-mannose // dTDP-4-keto-L-rhamnose	546.0651911323	CC1(\C(=O)NC(=O)N(\C=1)[C@H]3(C[C@H](O)[C@@H](COP(=O)([O-])OP(=O)([O-])O[C@H]2(O[C@@H](C)C(=O)[C@@H](O)[C@@H](O)2))O3))		PSXWNITXWWECNY-LPVGZGSHSA-L									PlantCyc/PMN local PGDB
CPD0-1588	CPD0-1588	2,4-diamino-6-methyl-5,3'-(3-trifluoromethylphenoxy)prop-1'-yloxypyrimidine	342.1303604107					C15H17N4O2F3			plantcyc <https://plantcyc.org/>		342.1303604107	CC2(\C(\OCCCOC1(\C=C(\C=C/C=1)\C(F)(F)F))=C(N)/N=C(N)\N=2)		ZTHDNDKUAPDRQD-UHFFFAOYSA-N									PlantCyc/PMN local PGDB
CPD-21546	CPD-21546	stemmadenine	354.1943427113					C21H27N2O3			plantcyc <https://plantcyc.org/>		354.1943427113	C/C=C4([C@@H]1(CC[NH+](CCC2(\C3(/C=C\C=C/C(/NC(/[C@](C(OC)=O)(CO)1)=2)=3)))C4))		MBXJCHZRHROMQA-OSZHWHEXSA-O									PlantCyc/PMN local PGDB
CPD-81	CPD-81	coniferaldehyde glucoside	340.1158176188					C16H20O8			plantcyc <https://plantcyc.org/>	coniferyl aldehyde-4-O-beta-D-glucopyranoside	340.1158176188	COC2(/C=C(\C=C/C(/O[C@H]1([C@@H]([C@H]([C@@H]([C@H](O1)CO)O)O)O))=2)/C=C/C=O)		PJFKUPRDDXTASO-FAOXUISGSA-N									PlantCyc/PMN local PGDB
CPD-12860	CPD-12860	4alpha-methyl-5alpha-cholesta-7,24-dien-3beta-ol	398.3548660987					C28H46O			plantcyc <https://plantcyc.org/>	24-dehydrolophenol // cholesta-7,24-dien-3-ol, 4-methyl-, (3beta,4alpha,5alpha) // 5alpha-cholesta-7,24-dien-3beta-ol, 4alpha-methyl-	398.3548660987	CC(C)=CCC[C@@H](C)[C@H]3(CC[C@H]4(C1([C@@H]([C@]2(CC[C@H](O)[C@@H](C)[C@H](CC=1)2)(C))CC[C@](C)34)))		MUPKQZRBZSOULX-SPONXPENSA-N									PlantCyc/PMN local PGDB
CPD-10458	CPD-10458	4-hydroxylamino-2,6-dinitrotoluene 3C-glucoside	379.1226939107					C13H17N3O10			plantcyc <https://plantcyc.org/>	4-HADNT C-glucoside	379.1226939107	CC1(/C(/[N+](=O)[O-])=C\C(\NO)=C(C(/[N+]([O-])=O)=1)\C2(O[C@H](CO)[C@@H](O)[C@H](O)[C@@H](O)2))		PQZHEDVVKNTFII-DDSNRORXSA-N									PlantCyc/PMN local PGDB
CPD-13029	CPD-13029	N -hydroxy-L-phenylalanine	181.0738932246					C9H10NO3			plantcyc <https://plantcyc.org/>		181.0738932246	C([O-])(=O)[C@@H](NO)CC1(\C=C/C=C\C=1)		VTPJSQTVPKSYCB-QMMMGPOBSA-M									PlantCyc/PMN local PGDB
CPD-459	CPD-459	trans -beta-D-glucosyl-2-hydroxycinnamate	326.1001675546					C15H17O8			plantcyc <https://plantcyc.org/>	2-O-(beta- D -glucosyl)-2-hydroxycinnamate	326.1001675546	C(O)[C@@H]1([C@H]([C@H](O)[C@@H](O)[C@@H](O1)OC2(\C(/C=C/C(=O)[O-])=C/C=C\C=2))O)		GVRIYIMNJGULCZ-ZMKUSUEASA-M									PlantCyc/PMN local PGDB
CPDQT-341	CPDQT-341	( E )-5-(methylsulfanyl)pentanal oxime	147.0717847346					C6H13NOS			plantcyc <https://plantcyc.org/>	( E )-5-(methylthio)pentanal oxime	147.0717847346	CSCCCC/C=N/O		KNFFJJFEYQLINT-FNORWQNLSA-N									PlantCyc/PMN local PGDB
CPD-4126	CPD-4126	5-dehydroavenasterol	410.3548660987					C29H46O			plantcyc <https://plantcyc.org/>		410.3548660987	C\C=C(CC[C@@H](C)[C@H]3(CC[C@H]4(C2([C@@H]([C@@]1(C)(CC[C@H](O)CC/1=C\C=2))CC[C@](C)34))))/C(C)C		XPRWWANUPMYKMF-HVEGQNEHSA-N									PlantCyc/PMN local PGDB
OH-PYR	OH-PYR	3-hydroxypyruvate	104.0109586168					C3H3O4			plantcyc <https://plantcyc.org/>	beta-hydroxypyruvate // OH-pyruvate // OH-pyr // hydroxypyruvate // hydroxypyruvic acid // 3-hydroxy-2-oxopropanoic acid // 3-hydroxy-2-oxopropanoate // beta-hydroxypyruvic acid	104.0109586168	C(C(=O)C([O-])=O)O		HHDDCCUIIUWNGJ-UHFFFAOYSA-M									PlantCyc/PMN local PGDB
CPD-6951	CPD-6951	lupan-3beta,20-diol	444.3967309134					C30H52O2			plantcyc <https://plantcyc.org/>	3,20-dihydroxylupane	444.3967309134	CC1(C)([C@H](CC[C@]5([C@H]1CC[C@]4(C)([C@@H](CC[C@@H]3([C@H]2([C@](C)(CC[C@@H](C(C)(C)O)2)CC[C@](C)34)))5))(C))O)		YDNYDUBBAZTLTQ-LIVJDELJSA-N									PlantCyc/PMN local PGDB
CPD-12918	CPD-12918	4alpha-formyl,4beta,14alpha-dimethyl-9beta,19-cyclo-5alpha-cholest-24-en-3beta-ol	440.365430785					C30H48O2			plantcyc <https://plantcyc.org/>	(3beta,4alpha)-3-hydroxy-9,19-cyclolanost-24-en-28-al // 9,19-cyclolanost-24-en-28-al, 3-hydroxy-, (3beta,4alpha)-	440.365430785	CC(C)=CCC[C@@H](C)[C@H]3(CC[C@@]4(C)([C@@H]1(CC[C@H]5([C@@](C=O)(C)[C@@H](O)CCC2(CC12CC[C@](C)34)5))))		HPCOTHKWIJPKNI-XWLPYIGKSA-N									PlantCyc/PMN local PGDB
CPD-5821	CPD-5821	( S )-2-oxo-4-hydroxy-4-carboxy-5-ureidoimidazoline	202.0338193239					C5H5N4O5			plantcyc <https://plantcyc.org/>	( S )-5-hydroxy-2-oxo-4-ureido-2,5-dihydro-1H imidazole-5-carboxylate // ( S )-OHCU // 4-(carbamoylamino)-5-hydroxy-2-oxo-2,5-dihydro-1H-imidazole-5-carboxylate	202.0338193239	C([C@]1(O)(NC(=O)/N=C1/NC(N)=O))(=O)[O-]		WHKYNCPIXMNTRQ-YFKPBYRVSA-M									PlantCyc/PMN local PGDB
CPDQT-523	CPDQT-523	brassinolide-23-O-glucoside	642.3979127049					C34H58O11			plantcyc <https://plantcyc.org/>		642.3979127049	CC([C@@H]([C@H]([C@@H]([C@@H](C)C2([C@]3(CCC4([C@]1(C[C@H]([C@H](C[C@@H]1C(=O)OCC([C@H](CC2)3)4)O)O)C))(C)))O)O[C@H]5(O[C@H](CO)[C@@H](O)[C@H](O)[C@@H](O)5))C)C		ZGXCUMDOLQMEFX-GFSZBVRDSA-N									PlantCyc/PMN local PGDB
CPD-329	CPD-329	L- xylo -hex-3-ulono-1,4-lactone	176.0320879894					C6H8O6			plantcyc <https://plantcyc.org/>	L- xylo -hexulonolactone // L- xylo -hex-3-ulonolactone	176.0320879894	C([C@H](O)[C@H]1(OC(=O)C(O)C(=O)1))O		PJBQWWHYTVYMLO-LZUUPNLKSA-N									PlantCyc/PMN local PGDB
CPD-8167	CPD-8167	1-18:3-2-18:2-monogalactosyldiacylglycerol	776.5438486606					C45H76O10			plantcyc <https://plantcyc.org/>	18:3-18:2-MGDG	776.5438486606	CC\C=C/C\C=C/C\C=C/CCCCCCCC(OC[C@H](CO[C@@H]1(O[C@H](CO)[C@H](O)[C@H](O)[C@@H](O)1))OC(=O)CCCCCCC\C=C/C\C=C/CCCCC)=O		YNSRHGCGBFCDGK-ROUQBACDSA-N									PlantCyc/PMN local PGDB
CPD-9965	CPD-9965	arachidoyl-CoA	1061.4074742075					C41H70N7O17P3S			plantcyc <https://plantcyc.org/>	eicosanoyl-CoA // icosanoyl-CoA	1061.4074742075	CCCCCCCCCCCCCCCCCCCC(=O)SCCNC(=O)CCNC(=O)[C@H](O)C(C)(C)COP(=O)(OP(=O)(OC[C@@H]1([C@@H](OP([O-])(=O)[O-])[C@@H](O)[C@@H](O1)N2(C3(\N=C/N=C(C(\N=C/2)=3)/N))))[O-])[O-]		JYLSVNBJLYCSSW-IBYUJNRCSA-J									PlantCyc/PMN local PGDB
CPD-4184	CPD-4184	4alpha-methyl-5alpha-cholesta-8-en-3-ol	400.3705161629					C28H48O			plantcyc <https://plantcyc.org/>	4a-methyl-24(25)-dihydrozymosterol // 4alpha-methyl-cholesta-8-enol // 4-methylcholesta-8-en-3-ol	400.3705161629	CC(C)CCC[C@H]([C@@H]4([C@]1(C)([C@H](C2(\CC[C@@H]3([C@@](C)(C(\CC1)=2)CC[C@H](O)[C@@H](C)3)))CC4)))C		SCEZIHJVTBQOLS-YIJYGBTNSA-N									PlantCyc/PMN local PGDB
CPD-719	CPD-719	typhasterol	448.3552600292					C28H48O4			plantcyc <https://plantcyc.org/>		448.3552600292	CC(C)[C@H](C)[C@@H](O)[C@H](O)[C@@H](C)[C@H]3(CC[C@H]4([C@@H]2(CC(=O)[C@H]1(C[C@H](O)CC[C@@](C)1[C@H]2CC[C@](C)34))))		SBSXXCCMIWEPEE-SELDZKRUSA-N									PlantCyc/PMN local PGDB
CPD-12581	CPD-12581	S -(2 E ,6 E )-farnesyl-L-cysteine	325.2075499345					C18H31NO2S			plantcyc <https://plantcyc.org/>	S -farnesylcysteine // L-Cysteine, S-(3,7,11-trimethyl-2,6,10-dodecatrienyl)-, (E,E)- // S -all- trans -farnesyl cysteine // S - trans, trans -farnesylcysteine // 2- trans -6- trans -farnesylcysteine // S -all- trans -farnesylcysteine	325.2075499345	CC(C)=CCCC(\C)=C/CCC(\C)=C/CSC[C@H]([NH3+])C(=O)[O-]		SYSLNQMKLROGCL-BCYUYYMPSA-N									PlantCyc/PMN local PGDB
HYDROXYMALONATE	HYDROXYMALONATE	2-hydroxymalonate	120.0058732389					C3H2O5			plantcyc <https://plantcyc.org/>	tartronate // hydroxymalonate // tartronic acid	120.0058732389	C([O-])(=O)C(O)C([O-])=O		ROBFUDYVXSDBQM-UHFFFAOYSA-L									PlantCyc/PMN local PGDB
CPD-21327	CPD-21327	23-hydroxymarnerol	444.3967309134					C30H52O2			plantcyc <https://plantcyc.org/>		444.3967309134	CC(C)=CCCC(\C)=C/CCC(\C)=C/CC[C@]1(C)([C@H](C)CCC(\[C@@H](CCCO)1)=C(C)\CO)		FVJWHWQUXLNAGL-SHHKXEFASA-N									PlantCyc/PMN local PGDB
CPD-12928	CPD-12928	4alpha-carboxy-5alpha-cholesta-7,24-dien-3beta-ol	428.3290452787					C28H43O3			plantcyc <https://plantcyc.org/>		428.3290452787	CC(C)=CCC[C@@H](C)[C@H]3(CC[C@H]4(C1([C@@H]([C@]2(CC[C@H](O)[C@@H](C([O-])=O)[C@H](CC=1)2)(C))CC[C@](C)34)))		BWHPOOZLIGPHHL-QPCSTCLVSA-M									PlantCyc/PMN local PGDB
L-4-HYDROXYGLUTAMATE_SEMIALDEHYDE	L-4-HYDROXYGLUTAMATE_SEMIALDEHYDE	L-4-hydroxyglutamate semialdehyde	147.0531577825					C5H9NO4			plantcyc <https://plantcyc.org/>	4-hydroxyglutamate semialdehyde // (2S,4R)-2-amino-4-hydroxy-5-oxopentanoate	147.0531577825	C(=O)[C@@H](C[C@@H](C([O-])=O)[NH3+])O		XCXUZPXOFFRGGP-DMTCNVIQSA-N									PlantCyc/PMN local PGDB
CPD-15435	CPD-15435	(L-threonylcarbamoyl)adenylate	492.1005920584					C15H19N6O11P			plantcyc <https://plantcyc.org/>		492.1005920584	C[C@@H](O)[C@@H](C([O-])=O)NC(=O)OP(OC[C@H]3(O[C@@H](N1(C2(\C(\N=C/1)=C(N)/N=C\N=2)))[C@H](O)[C@H](O)3))([O-])=O		GHLUPQUHEIJRCU-DWVDDHQFSA-L									PlantCyc/PMN local PGDB
CPD-13949	CPD-13949	glucosyl-oleandomycin	849.47219986					C41H72NO17			plantcyc <https://plantcyc.org/>		849.47219986	C[C@H]5(C[C@@]1(CO1)C(=O)[C@H](C)[C@@H](O)[C@@H](C)[C@@H](C)OC(=O)[C@H](C)[C@@H](O[C@H]2(C[C@H](OC)[C@@H](O)[C@H](C)O2))[C@H](C)[C@@H](O[C@@H]4(O[C@H](C)C[C@@H]([C@@H](OC3(O[C@H](CO)[C@@H](O)[C@H](O)[C@@H](O)3))4)[NH+](C)C))5)		DGXXZLIJQKOLQC-GZFACOMDSA-O									PlantCyc/PMN local PGDB
XANTHOSINE-5-PHOSPHATE	XANTHOSINE-5-PHOSPHATE	XMP	364.042014547					C10H11N4O9P			plantcyc <https://plantcyc.org/>	(9-D-ribosylxanthine) 5'-phosphate // xanthosine 5-phosphate // xanthosine 5'-phosphate // xanthosine-5-P // xanthosine-5'-P // 9-(5-phospho-beta-D-ribosyl)xanthine // xanthine ribotide // xanthosine 5'-monophosphate	364.042014547	C(OP(=O)([O-])[O-])[C@H]3(O[C@@H](N1(C2(/NC(=O)NC(=O)C(\N=C/1)=2)))[C@H](O)[C@H](O)3)		DCTLYFZHFGENCW-UUOKFMHZSA-L									PlantCyc/PMN local PGDB
CPD-21253	CPD-21253	alpha-D-idopyranuronate	194.0426526757					C6H9O7			plantcyc <https://plantcyc.org/>	alpha-D-idopyranuronic acid	194.0426526757	C([O-])(=O)[C@H]1(O[C@H](O)[C@@H](O)[C@H](O)[C@@H](O)1)		AEMOLEFTQBMNLQ-CLQWQSTFSA-M									PlantCyc/PMN local PGDB
CPD-4124	CPD-4124	(24 Z )-24-ethylidenelophenol	426.3861662271					C30H50O			plantcyc <https://plantcyc.org/>	citrostadienol	426.3861662271	C\C=C(CC[C@@H](C)[C@H]3(CC[C@H]4(C1([C@@H]([C@@]2(C)(CC[C@H](O)[C@@H](C)[C@H](CC=1)2))CC[C@](C)34))))/C(C)C		LPZCCMIISIBREI-JXMPMKKESA-N									PlantCyc/PMN local PGDB
BILIVERDINE	BILIVERDINE	( Z,Z )-biliverdin-IX alpha	582.2478348448					C33H32N4O6			plantcyc <https://plantcyc.org/>	dehydrobilirubin // uteroverdine // biliverdine // biliverdin // 8,12-bis(2-carboxyethyl)-2,7,13,17-tetramethyl-3,18-divinylbilin-1(19)(21H,24H)-dione	582.2478348448	C=CC1(\C(\NC(C(/C)=1)=O)=C\C4(\NC(/C=C3(C(/CCC(=O)[O-])=C(C)/C(\C=C2(C(/C)=C(C=C)/C(=O)N2))=N\3))=C(CCC(=O)[O-])/C(\C)=4))		QBUVFDKTZJNUPP-BBROENKCSA-L									PlantCyc/PMN local PGDB
CPD-183	CPD-183	gallate	170.0215233031					C7H5O5			plantcyc <https://plantcyc.org/>	gallic acid // 3,4,5-trihydroxybenzoic acid // 3,4,5-trihydroxybenzoate // pyrogallol-5-carboxylic acid // pyrogallol-5-carboxylate	170.0215233031	C([O-])(=O)C1(\C=C(C(\O)=C(/C=1)\O)\O)		LNTHITQWFMADLM-UHFFFAOYSA-M									PlantCyc/PMN local PGDB
CPD-499	CPD-499	( R )-5-phosphomevalonate	228.039889282					C6H10O7P			plantcyc <https://plantcyc.org/>	( R )-5-phosphomevalonic acid // mevalonate-5P // ( R )-mevalonate 5-phosphate // ( R )-mevalonic acid 5-phosphate // mevalonate-P	228.039889282	C[C@@](O)(CCOP(=O)([O-])[O-])CC(=O)[O-]		OKZYCXHTTZZYSK-ZCFIWIBFSA-K									PlantCyc/PMN local PGDB
CPD-18578	CPD-18578	C35-phenolphthiocerol A	548.4804605428					C35H64O4			plantcyc <https://plantcyc.org/>	(3R,4S,9R,11R)-27-(4-hydroxyphenyl)-3-methoxy-4-methylheptacosane-9,11-diol	548.4804605428	CC[C@@H](OC)[C@@H](C)CCCC[C@@H](O)C[C@H](O)CCCCCCCCCCCCCCCCC1(\C=C/C(/O)=C\C=1)		VWBMBYMZZRYHTK-XWISBFJWSA-N									PlantCyc/PMN local PGDB
CPD-13717	CPD-13717	L-selenocystathionine	270.0118787482					C7H14N2O4SE			plantcyc <https://plantcyc.org/>		270.0118787482	C([Se]C[C@@H](C([O-])=O)[NH3+])C[C@H]([NH3+])C(=O)[O-]		ZNWYDQPOUQRDLY-WHFBIAKZSA-N									PlantCyc/PMN local PGDB
CPD0-1650	CPD0-1650	2-amino-3-(phosphomethylphosphinyl)propanoate	247.001074733					C4H9NO7P2			plantcyc <https://plantcyc.org/>	2-amino-4-[(phosphonomethyl)hydroxy-phosphinyl]butanoate	247.001074733	C(P(=O)(CP(=O)(O)[O-])[O-])C(C(=O)[O-])[NH3+]		UXBKWDOSNBQQLQ-UHFFFAOYSA-L									PlantCyc/PMN local PGDB
CPD-12212	CPD-12212	tricoumaroyl spermidine	583.2682359359					C34H37N3O6			plantcyc <https://plantcyc.org/>	N 1 ,N 5 ,N 10 -tricoumaroyl spermidine	583.2682359359	C(NC(/C=C/C1(\C=C/C(/O)=C\C=1))=O)CCN(C(/C=C/C2(\C=C/C(/O)=C\C=2))=O)CCCCNC(=O)/C=C/C3(\C=C/C(/O)=C\C=3)		PFDVWJCSCYDRMZ-AUCPOXKISA-N									PlantCyc/PMN local PGDB
CPD-2181	CPD-2181	1-oleoyl-2-oleoyl-phosphatidylcholine	787.6091052526					C44H84NO8P			plantcyc <https://plantcyc.org/>	sn -glycerol-3-phosphocholine (1-18:1-2-18:1) // 18:1-18:1-PC // 1,2-(9Z-octadecenoyl)- sn --glycero-3-phosphocholine // 1-18:1-2-18:1- sn --glycerol-3-phosphocholine // 1-18:1-2-18:1-phosphatidylcholine // dioleoyl-phosphatidylcholine	787.6091052526	CCCCCCCC\C=C/CCCCCCCC(OC[C@@H](OC(=O)CCCCCCC\C=C/CCCCCCCC)COP([O-])(=O)OCC[N+](C)(C)C)=O		SNKAWJBJQDLSFF-NVKMUCNASA-N									PlantCyc/PMN local PGDB
5-PHOSPHORIBOSYL-5-AMINOIMIDAZOLE	5-PHOSPHORIBOSYL-5-AMINOIMIDAZOLE	5-amino-1-(5-phospho-beta-D-ribosyl)imidazole	295.0569363297					C8H13N3O7P			plantcyc <https://plantcyc.org/>	5-aminoimidazole ribonucleotide // 5-amino-1-(5-phospho-D-ribosyl)imidazole // 5-aminoimidazole ribotide // 1-(5'-phosphoribosyl)-5-aminoimidazole // 5'-phosphoribosyl-5-aminoimidazole // phosphoribosylaminoimidazole	295.0569363297	C1(\[NH+]=C/N(C(/N)=1)[C@@H]2(O[C@H](COP(=O)([O-])[O-])[C@@H](O)[C@@H](O)2))		PDACUKOKVHBVHJ-XVFCMESISA-M									PlantCyc/PMN local PGDB
CPD-9895	CPD-9895	3,4-dihydroxy-5-( all-trans -decaprenyl)benzoate	834.652611249					C57H85O4			plantcyc <https://plantcyc.org/>	3-(3,7,11,15,19,23-decamethyltetracosa-2,6,10,14,18,22-hexaenyl) -4,5-dihydroxy-benzoic acid // 3-decaprenyl-4,5-dihydroxybenzoate	834.652611249	CC(C)=CCCC(\C)=C/CCC(\C)=C/CCC(\C)=C/CCC(\C)=C/CCC(\C)=C/CCC(\C)=C/CCC(\C)=C/CCC(\C)=C/CCC(\C)=C/CC1(/C=C(/C=C(C(/O)=1)/O)/C([O-])=O)		HGWUGDIATLOPBN-BHZQGFRMSA-M									PlantCyc/PMN local PGDB
CPD1F-134	CPD1F-134	gibberellin A 9	316.1674592588					C19H23O4			plantcyc <https://plantcyc.org/>	C19-GAs // C 19 -GAs // closed lactone gibberellin skeleton // C 19 skeleton // C 19 -GA skeleton // C 19 -gibberellin skeleton // GA9	316.1674592588	C=C1([C@H]3(C[C@]4(C1)([C@H]([C@@H]5([C@]2(C(=O)O[C@](CCC2)([C@@H](CC3)4)5)(C)))C([O-])=O)))		MHVYWTXXZIFXDT-PKZSZHAESA-M									PlantCyc/PMN local PGDB
CPD-12118	CPD-12118	demethylmenaquinol-9	772.6158318122					C55H80O2			plantcyc <https://plantcyc.org/>	DMKH2-9	772.6158318122	CC(C)=CCCC(\C)=C/CCC(\C)=C/CCC(\C)=C/CCC(\C)=C/CCC(\C)=C/CCC(\C)=C/CCC(\C)=C/CCC(\C)=C/CC1(/C=C(C2(/C=C\C=C/C(/C(/O)=1)=2))/O)		WJUVWMHFGHNQJZ-RNFPTGGASA-N									PlantCyc/PMN local PGDB
PHENYLGLYOXAL	PHENYLGLYOXAL	phenylglyoxal	134.0367794368					C8H6O2			plantcyc <https://plantcyc.org/>	benzoylcarboxaldehyde // benzoylformaldehyde // phenylethanedione // alpha-oxobenzeneacetaldehyde // benzeneacetaldehyde, alpha-oxo-, monohydrate // glyoxal, phenyl-	134.0367794368	C(=O)C(=O)C1(\C=C/C=C\C=1)		OJUGVDODNPJEEC-UHFFFAOYSA-N									PlantCyc/PMN local PGDB
CPD-17438	CPD-17438	gamma-L-glutamyl-( S )-2-carboxypropyl-L-cysteine	336.0991216971					C12H18N2O7S			plantcyc <https://plantcyc.org/>		336.0991216971	CC(C([O-])=O)CSC[C@@H](C([O-])=O)NC(=O)CC[C@H]([NH3+])C([O-])=O		USEJNLPKVXGAOO-ALKRTJFJSA-L									PlantCyc/PMN local PGDB
CPD0-1315	CPD0-1315	uridine-5'-diphosphate chloroacetol	493.9894393734					C12H15N2O13P2CL			plantcyc <https://plantcyc.org/>		493.9894393734	C(Cl)C(=O)COP(=O)([O-])OP(=O)([O-])OC[C@@H]2([C@H]([C@H]([C@H](N1(\C=C/C(=O)NC1=O))O2)O)O)		RTOKQNPULGAVTE-QCNRFFRDSA-L									PlantCyc/PMN local PGDB
CPD1F-128	CPD1F-128	ent -kaurene	272.2504010272					C20H32			plantcyc <https://plantcyc.org/>	ent -kaur-16-ene	272.2504010272	C=C1([C@H]4(C[C@]3(C1)(CC[C@@H]2(C(C)(C)CCC[C@](C)2[C@@H]3CC4))))		ONVABDHFQKWOSV-HPUSYDDDSA-N									PlantCyc/PMN local PGDB
CPD-5602	CPD-5602	N -dimethylethanolamine	89.0840639804					C4H12NO			plantcyc <https://plantcyc.org/>		89.0840639804	C[NH+](C)CCO		UEEJHVSXFDXPFK-UHFFFAOYSA-O									PlantCyc/PMN local PGDB
CPD-17698	CPD-17698	N 1 , N 8 -bis(sinapoyl)-spermidine	557.2737152443					C29H40N3O8			plantcyc <https://plantcyc.org/>		557.2737152443	COC2(/C=C(/C=C/C(NCCCC[NH2+]CCCNC(=O)/C=C/C1(/C=C(C(\O)=C(C=1)\OC)/OC))=O)/C=C(C(\O)=2)/OC)		PMOOGLRNGWRADJ-GFULKKFKSA-O									PlantCyc/PMN local PGDB
CPD-6743	CPD-6743	D- myo -inositol (1,2,3,6) tetrakisphosphate	499.9287097514					C6H8O18P4			plantcyc <https://plantcyc.org/>	1D- myo -inositol (1,2,3,6) tetra kis phosphate // I(1,2,3,6)P 4	499.9287097514	[C@@H]1(O)([C@@H](OP([O-])(=O)[O-])[C@H](OP([O-])([O-])=O)[C@H](OP([O-])([O-])=O)[C@H](OP(=O)([O-])[O-])[C@@H](O)1)		MRVYFOANPDTYBY-FTYOSCRSSA-F									PlantCyc/PMN local PGDB
SINAPOYL-COA	SINAPOYL-COA	sinapoyl-CoA	973.173117175					C32H42N7O20P3S			plantcyc <https://plantcyc.org/>	sinapinoyl-CoA	973.173117175	CC(C)(COP(OP([O-])(OC[C@@H]1([C@@H](OP([O-])([O-])=O)[C@@H](O)[C@@H](O1)N2(C3(\N=C/N=C(C(\N=C/2)=3)/N))))=O)([O-])=O)[C@@H](O)C(=O)NCCC(=O)NCCSC(=O)/C=C/C4(/C=C(C(\O)=C(C=4)\OC)/OC)		RBFUWESMWRUGFY-GSNIOFLCSA-J									PlantCyc/PMN local PGDB
CPD-11667	CPD-11667	trihydroxyferuloyl spermidine	721.2846738611					C37H43N3O12			plantcyc <https://plantcyc.org/>	N 1 ,N 5 ,N 10 -tris-(5-hydroxyferuloyl)spermidine	721.2846738611	COC1(\C(\O)=C(C=C(/C=1)/C=C/C(=O)NCCCCN(CCCNC(/C=C/C2(/C=C(C(\O)=C(C=2)\OC)/O))=O)C(=O)/C=C/C3(/C=C(C(\O)=C(C=3)\OC)/O))\O)		YVLXSHWZFBDIEL-SRDSWEMOSA-N									PlantCyc/PMN local PGDB
CPD-20425	CPD-20425	4',4'-dihydroxyechinenone	582.4072955997					C40H54O3			plantcyc <https://plantcyc.org/>		582.4072955997	CC(/C=C/C=C(C)/C=C/C1(/C(CCC(C(/C)=1)=O)(C)C))=C\C=C\C=C(C)\C=C\C=C(C)\C=C\C2(\C(CCC(O)(O)C(/C)=2)(C)C)		ITSJHBXHRYIFLX-DKLMTRRASA-N									PlantCyc/PMN local PGDB
CPD-12399	CPD-12399	( Z )-1-(glutathion- S -yl)- N -hydroxy-&omega;-(methylsulfanyl)heptan-1-imine	480.1712407827					C18H31N4O7S2			plantcyc <https://plantcyc.org/>		480.1712407827	CSCCCCCCC(\SC[C@H](NC(=O)CC[C@H]([NH3+])C([O-])=O)C(=O)NCC([O-])=O)=N\O		JOFREYGWDGCQDK-XUJJJAFJSA-M									PlantCyc/PMN local PGDB
DIMETHYLARSINOUS-ACID	DIMETHYLARSINOUS-ACID	dimethylarsinous acid	121.9712862468					C2H7OAS			plantcyc <https://plantcyc.org/>	dimethylarsonous acid // dimethylarsonite // DMA III // DMAs III	121.9712862468	C[As](C)O		VDEGQTCMQUFPFH-UHFFFAOYSA-N									PlantCyc/PMN local PGDB
CPD-17637	CPD-17637	7-hydroxylaurate	216.1725446367					C12H23O3			plantcyc <https://plantcyc.org/>	7-hydroxydodecanoic acid // 7-hydroxylauric acid // 7-hydroxydodecanoate	216.1725446367	CCCCCC(O)CCCCCC([O-])=O		BNWKMHUFFKDAMV-UHFFFAOYSA-M									PlantCyc/PMN local PGDB
CPD-19882	CPD-19882	2-dehydro-L-erythronate	134.0215233031					C4H5O5			plantcyc <https://plantcyc.org/>	(3S)-3,4-dihydroxy-2-oxobutanoate // 2-dehydro-L-threonate	134.0215233031	C([C@@H](C(C(=O)[O-])=O)O)O		CODPBKJMVNZFKR-REOHCLBHSA-M									PlantCyc/PMN local PGDB
MONO-VINYL-PROTOCHLOROPHYLLIDE-A	MONO-VINYL-PROTOCHLOROPHYLLIDE-A	protochlorophyllide a	612.2223120585					C35H30N4O5MG			plantcyc <https://plantcyc.org/>	monovinyl protochlorophyllide a	612.2223120585	C=CC4(\C(/C)=C5(\C=C7(C(/C)=C(CCC(=O)[O-])/C(C6(/[C-](C(OC)=O)C(=O)C1(\C(\N2([Mg]N(C(/C=C3(C(/C)=C(CC)/C(\C=C(C(\C)=1)/2)=N3))=4)5))=6)))=N7)))											PlantCyc/PMN local PGDB
CPD-564	CPD-564	S -ribosyl-L-homocysteine	267.0776579735					C9H17NO6S			plantcyc <https://plantcyc.org/>	Ribose-5-S-homocysteine // S-D-ribosyl-L-homocysteine // ribose-5- S -homocysteine // S-ribosylhomocysteine // S -(5-deoxy-D-ribos-5-yl)-L-homocysteine	267.0776579735	C(SC[C@H]1(OC(O)[C@H](O)[C@H](O)1))C[C@@H](C(=O)[O-])[NH3+]		IQFWYNFDWRYSRA-BLELIYKESA-N									PlantCyc/PMN local PGDB
CPDQT-435	CPDQT-435	(glutathion- S -yl)-4-methoxy-3-indolylmethylisothiocyanate	525.1351896274					C21H26N5O7S2			plantcyc <https://plantcyc.org/>		525.1351896274	COC2(\C=C/C=C1(C(\C(\CNC(SC[C@@H](C(NCC([O-])=O)=O)NC(=O)CC[C@H]([NH3+])C([O-])=O)=S)=C/N1)=2))		KVMRPJKNKZURJK-JSGCOSHPSA-M									PlantCyc/PMN local PGDB
CPD-8034	CPD-8034	kaempferol 3,7-bis- O -beta-D-glucoside	610.1533849166					C27H30O16			plantcyc <https://plantcyc.org/>		610.1533849166	C([C@H]5(O[C@@H](OC4(\C=C3(C(\C(C(/O[C@H]1([C@@H]([C@H]([C@@H]([C@H](O1)CO)O)O)O))=C(C2(\C=C/C(/O)=C\C=2))\O3)=O)=C(/C=4)\O)))[C@@H]([C@H]([C@@H]5O)O)O))O		XFFQVRFGLSBFON-DEFKTLOSSA-N									PlantCyc/PMN local PGDB
CPD8J2-27	CPD8J2-27	S -(2-succinyl)-L-cysteine	237.0307077809					C7H9NO6S			plantcyc <https://plantcyc.org/>		237.0307077809	C(SC(CC(=O)[O-])C(=O)[O-])[C@H]([NH3+])C(=O)[O-]		XPKKFTKCRVIDAG-WUCPZUCCSA-L									PlantCyc/PMN local PGDB
CPD-7882	CPD-7882	icosanal	296.3079159061					C20H40O			plantcyc <https://plantcyc.org/>	eicosanal	296.3079159061	CCCCCCCCCCCCCCCCCCCC=O		FWBUWJHWAKTPHI-UHFFFAOYSA-N									PlantCyc/PMN local PGDB
CPD-7200	CPD-7200	3-hydroxy-beta-ionone	208.1463298862					C13H20O2			plantcyc <https://plantcyc.org/>	3-hydroxy-9-apo-beta-caroten-9-one	208.1463298862	CC1(\C[C@H](CC(C(/C=C/C(=O)C)=1)(C)C)O)		HFRZSVYKDDZRQY-MVIFTORASA-N									PlantCyc/PMN local PGDB
CPD-9865	CPD-9865	2-methoxy-6-( all-trans -decaprenyl)phenol	804.678432069					C57H88O2			plantcyc <https://plantcyc.org/>		804.678432069	CC(C)=CCCC(\C)=C/CCC(\C)=C/CCC(\C)=C/CCC(\C)=C/CCC(\C)=C/CCC(\C)=C/CCC(\C)=C/CCC(\C)=C/CCC(\C)=C/CC1(\C(\O)=C(\C=C/C=1)\OC)		FYLLWSGFAAQKHU-GBBROCKZSA-N									PlantCyc/PMN local PGDB
CPD-9859	CPD-9859	5-methoxy-2-methyl-3-( all-trans -heptaprenyl)benzene-1,4-diol	630.5011959849					C43H66O3			plantcyc <https://plantcyc.org/>	6-methoxy-3-methyl-2-heptaprenyl-1,4-benzoquinol // 6-methoxy-3-methyl-2-( all-trans -heptaprenyl)-1,4-benzoquinol	630.5011959849	CC(C)=CCCC(\C)=C/CCC(\C)=C/CCC(\C)=C/CCC(\C)=C/CCC(\C)=C/CCC(\C)=C/CC1(/C(\C)=C(/C=C(C(/O)=1)/OC)/O)		ROHKDMWQXDHLDY-HOHOQCMASA-N									PlantCyc/PMN local PGDB
FRUCTOSE-6P	FRUCTOSE-6P	beta-D-fructofuranose 6-phosphate	260.0297185262					C6H11O9P			plantcyc <https://plantcyc.org/>	D-fructose-6-phosphate // fructose-6P // fructose-6-P // fruc6p // fru-6-P // fructose-6-phosphate // A-D-fructose-6-P // D-fructose-6-P // D-fructose 6-phosphate // D-fructofuranose 6-phosphate	260.0297185262	C(OP(=O)([O-])[O-])[C@H]1(O[C@@](CO)(O)[C@@H](O)[C@H](O)1)		BGWGXPAPYGQALX-ARQDHWQXSA-L									PlantCyc/PMN local PGDB
CPD-27132	CPD-27132	cysteinopantetheine	397.1341269949					C14H27N3O6S2			plantcyc <https://plantcyc.org/>		397.1341269949	CC(C)(CO)[C@H](C(NCCC(=O)NCCSSC[C@@H](C(=O)[O-])[NH3+])=O)O		LSRZOXCQZRCAHZ-ONGXEEELSA-N									PlantCyc/PMN local PGDB
CPD0-1028	CPD0-1028	2- cis ,6- trans ,10- trans -geranylgeranyl diphosphate	450.1936265303					C20H33O7P2			plantcyc <https://plantcyc.org/>	di- trans ,mono- cis -geranylgeranyl diphosphate // &omega;, E,E,Z -geranylgeranyl diphosphate	450.1936265303	CC(C)=CCCC(\C)=C/CCC(\C)=C/CCC(/C)=C/COP([O-])(=O)OP(=O)([O-])[O-]		OINNEUNVOZHBOX-KWBDAJKESA-K									PlantCyc/PMN local PGDB
CPD-11740	CPD-11740	carboxyphosphinopyruvate	195.9772890252					C4H2O7P			plantcyc <https://plantcyc.org/>		195.9772890252	C(P(C([O-])=O)([O-])=O)C(=O)C(=O)[O-]		YTKWPNBYPYOWCP-UHFFFAOYSA-K									PlantCyc/PMN local PGDB
CPD-2	CPD-2	Cs +	132.905447					CS			plantcyc <https://plantcyc.org/>	cesium(I) // Cs I	132.905447	[Cs+]		NCMHKCKGHRPLCM-UHFFFAOYSA-N									PlantCyc/PMN local PGDB
L-GLYCERALDEHYDE-3-PHOSPHATE	L-GLYCERALDEHYDE-3-PHOSPHATE	L-glyceraldehyde 3-phosphate	169.9980244673					C3H5O6P			plantcyc <https://plantcyc.org/>	L-glyceraldehyde-3-phosphate // L-GAP	169.9980244673	C(OP(=O)([O-])[O-])[C@H](O)C=O		LXJXRIRHZLFYRP-GSVOUGTGSA-L									PlantCyc/PMN local PGDB
CPD-9899	CPD-9899	3-methoxy-4-hydroxy-5-( all-trans -octaprenyl)benzoate	712.5430607996					C48H71O4			plantcyc <https://plantcyc.org/>	3-methoxy-4-hydroxy-5-octaprenylbenzoate // 3-(3,7,11,15,19,23-octamethyltetracosa-2,6,10,14,18,22-hexaenyl) -4-hydroxy-5-methoxy-benzoic acid // 3-octaprenyl-4-hydroxy-5-methoxybenzoate	712.5430607996	CC(C)=CCCC(\C)=C/CCC(\C)=C/CCC(\C)=C/CCC(\C)=C/CCC(\C)=C/CCC(\C)=C/CCC(\C)=C/CC1(/C=C(/C=C(C(/O)=1)/OC)/C([O-])=O)		DZWHYPVPTJPQQX-MYCGWMCTSA-M									PlantCyc/PMN local PGDB
CPD-7726	CPD-7726	dihydroxyphaseic acid	282.1467238167					C15H21O5			plantcyc <https://plantcyc.org/>	(-)-dihydroxyphaseic acid // DPA	282.1467238167	CC(\C=C\[C@@]2(O)([C@@]1(OC[C@@](C[C@H](O)C1)(C)2)(C)))=C\C(=O)[O-]		XIVFQYWMMJWUCD-GCLQBGPMSA-M									PlantCyc/PMN local PGDB
INDOLE-3-ACETYL-BETA-6-D-GLUCOSE	INDOLE-3-ACETYL-BETA-6-D-GLUCOSE	6- O -(indol-3-ylacetyl)-beta-D-glucose	337.1161519698					C16H19NO7			plantcyc <https://plantcyc.org/>	indole-3-acetyl-beta-6-D-glucose	337.1161519698	C(OC(=O)CC1(\C2(/C=C\C=C/C(/N\C=1)=2)))[C@H]3(O[C@H]([C@H](O)[C@H]([C@H](O)3)O)O)		DKHLXGMLDJKOFU-YMILTQATSA-N									PlantCyc/PMN local PGDB
CPD-19476	CPD-19476	2-[(2'-methylsulfanyl)ethyl]maleate	190.0299794994					C7H8O4S			plantcyc <https://plantcyc.org/>	2-[(2'-methylthio)ethyl]maleate	190.0299794994	CSCCC(\C(=O)[O-])=C\C([O-])=O		FCGNCJNTFRMBQY-PLNGDYQASA-L									PlantCyc/PMN local PGDB
ALPHA-HYDROXY-915-DIOXOPROSTANOATE	ALPHA-HYDROXY-915-DIOXOPROSTANOATE	15-dehydro-13,14-dihydro-prostaglandin E 2	352.2249741377					C20H31O5			plantcyc <https://plantcyc.org/>	(5Z)-(15S)-11-alpha-hydroxy-9,15-dioxoprostanoate // 13,14-dihydro-15-keto-prostaglandin E 2 // 13,14-dihydro-15-oxo-prostaglandin E 2	352.2249741377	CCCCCC(=O)CC[C@@H]1([C@@H](C\C=C/CCCC(=O)[O-])C(=O)C[C@@H](O)1)		CUJMXIQZWPZMNQ-XYYGWQPLSA-M									PlantCyc/PMN local PGDB
CPD-4619	CPD-4619	cis -zeatin-9- N -glucoside	381.1648334969					C16H23N5O6			plantcyc <https://plantcyc.org/>		381.1648334969	CC(\CO)=C\CNC1(\C2(\N=C/N(C(\N=C/N=1)=2)[C@@H]3([C@@H]([C@H]([C@@H]([C@H](O3)CO)O)O)O)))		VYRAJOITMBSQSE-SBQJELAYSA-N									PlantCyc/PMN local PGDB
CPD-4903	CPD-4903	( Z )-beta-ocimene	136.1252005136					C10H16			plantcyc <https://plantcyc.org/>	cis -beta-ocimene	136.1252005136	C=CC(/C)=C/CC=C(C)C		IHPKGUQCSIINRJ-NTMALXAHSA-N									PlantCyc/PMN local PGDB
CPD-9896	CPD-9896	3,4-dihydroxy-5-( all-trans -nonaprenyl)benzoate	766.5900109922					C52H77O4			plantcyc <https://plantcyc.org/>	3-(3,7,11,15,19,23-nonamethyltetracosa-2,6,10,14,18,22-hexaenyl) -4,5-dihydroxy-benzoic acid // 3-nonaprenyl-4,5-dihydroxybenzoate	766.5900109922	CC(C)=CCCC(\C)=C/CCC(\C)=C/CCC(\C)=C/CCC(\C)=C/CCC(\C)=C/CCC(\C)=C/CCC(\C)=C/CCC(\C)=C/CC1(/C=C(/C=C(C(/O)=1)/O)/C([O-])=O)		FMSCZYMOUYOENK-OPSRSWOASA-M									PlantCyc/PMN local PGDB
CPD-12402	CPD-12402	( Z )-1-(glutathion- S -yl)- N -hydroxy-&omega;-(methylsulfanyl)octan-1-imine	494.1868908469					C19H33N4O7S2			plantcyc <https://plantcyc.org/>		494.1868908469	CSCCCCCCCC(\SC[C@H](NC(=O)CC[C@H]([NH3+])C([O-])=O)C(=O)NCC([O-])=O)=N\O		BTIMTMCNIPNGRC-AFLXUTJMSA-M									PlantCyc/PMN local PGDB
S-ADENOSYL-4-METHYLTHIO-2-OXOBUTANOATE	S-ADENOSYL-4-METHYLTHIO-2-OXOBUTANOATE	S-adenosyl-4-methylsulfanyl-2-oxobutanoate	399.1212541227					C15H19N5O6S			plantcyc <https://plantcyc.org/>	S-adenosyl-4-methylthio-2-oxobutanoate	399.1212541227	C[S+](C[C@H]3(O[C@@H](N1(C2(\C(\N=C/1)=C(N)/N=C\N=2)))[C@H](O)[C@H](O)3))CCC(C(=O)[O-])=O		UOKVQQMBGVMXPU-BPIXLOBBSA-N									PlantCyc/PMN local PGDB
CPD-7733	CPD-7733	aurachin C	379.2511293087					C25H33NO2			plantcyc <https://plantcyc.org/>		379.2511293087	CC(C)=CCCC(\C)=C/CCC(\C)=C/CC1(\C(C2(/C=C\C=C/C(/N(C(/C)=1)O)=2))=O)		FIHXCHBEHLCXEG-YEFHWUCQSA-N									PlantCyc/PMN local PGDB
CPD-10453	CPD-10453	4-nitroso-2,6-dinitrotoluene	215.054220415					C7H5N3O5			plantcyc <https://plantcyc.org/>		215.054220415	CC1(/C(/[N+](=O)[O-])=C\C(\N=O)=C/C(/[N+]([O-])=O)=1)		CNEZUBNNRCSZMT-UHFFFAOYSA-N									PlantCyc/PMN local PGDB
HISTIDINOL	HISTIDINOL	histidinol	141.0902119908					C6H12N3O			plantcyc <https://plantcyc.org/>	histidol // L-histidinol	141.0902119908	C1(\N\C=N/C(\C[C@@H](CO)[NH3+])=1)		ZQISRDCJNBUVMM-YFKPBYRVSA-O									PlantCyc/PMN local PGDB
8-AMINO-7-OXONONANOATE	8-AMINO-7-OXONONANOATE	(8 S )-8-amino-7-oxononanoate	187.1208434172					C9H17NO3			plantcyc <https://plantcyc.org/>	7-keto-8-aminopelargonate // KAPA // 7-KAP	187.1208434172	C[C@@H](C(CCCCCC([O-])=O)=O)[NH3+]		GUAHPAJOXVYFON-ZETCQYMHSA-N									PlantCyc/PMN local PGDB
CPD-21261	CPD-21261	3-deoxy-beta-D- manno -2-octulosonate	238.0688674262					C8H13O8			plantcyc <https://plantcyc.org/>	beta-2-keto-3-deoxyoctulosonic acid pyranose // 3-deoxy-beta-D- manno -octulosonate // 3-deoxy-beta-D- manno -oct-2-ulosonate	238.0688674262	C(O)[C@@H](O)[C@H]1(O[C@](O)(C([O-])=O)C[C@H]([C@H]1O)O)		NNLZBVFSCVTSLA-FBXMPTEYSA-M									PlantCyc/PMN local PGDB
CPD-8166	CPD-8166	1-18:2-2-18:3-monogalactosyldiacylglycerol	776.5438486606					C45H76O10			plantcyc <https://plantcyc.org/>	18:2-18:3-MGDG // 1-(9Z,12Z-octadecadienoyl)-2-(9Z,12Z,15Z-octadecatrienoyl)-3-O-beta-D-galactosyl-sn-glycerol	776.5438486606	CCCCC\C=C/C\C=C/CCCCCCCC(OC[C@H](CO[C@@H]1(O[C@H](CO)[C@H](O)[C@H](O)[C@@H](O)1))OC(=O)CCCCCCC/C=C/C\C=C/C\C=C/CC)=O		DRLQFBRXASRGDP-BUBQRNSCSA-N									PlantCyc/PMN local PGDB
PHENOLIC-STEROID	PHENOLIC-STEROID	a phenolic steroid	256.1827153925					C18H24O			plantcyc <https://plantcyc.org/>		256.1827153925	CC14(CCCC(C2(CCC3(\C(/C(CC1)2)=C/C=C(\C=3)/O)))4)		HJKVPZJVBHWFCQ-UHFFFAOYSA-N									PlantCyc/PMN local PGDB
CPD-7196	CPD-7196	9- cis -violaxanthin	600.417860286					C40H56O4			plantcyc <https://plantcyc.org/>	9- c -violaxanthin // 9 c Viol	600.417860286	CC(/C=C/C=C(C)\C=C\[C@]12(C(C)(C)C[C@H](O)C[C@](O1)(C)2))=C\C=C\C=C(C)\C=C\C=C(C)\C=C\[C@]34(C(C)(C)C[C@H](O)C[C@](O3)(C)4)		SZCBXWMUOPQSOX-NLNQYMAJSA-N									PlantCyc/PMN local PGDB
CPD0-1367	CPD0-1367	menaquinone-1	240.1150297578					C16H16O2			plantcyc <https://plantcyc.org/>	vitamin MK 1 // 2-methyl-3-(3-methyl-2-butenyl)naphthoquinone	240.1150297578	CC(C)=CCC1(\C(=O)C2(\C(\C(=O)C(/C)=1)=C/C=C\C=2))		ABSPRNADVQNDOU-UHFFFAOYSA-N									PlantCyc/PMN local PGDB
CPD-6228	CPD-6228	gibberellin A 14	348.1936740093					C20H26O5			plantcyc <https://plantcyc.org/>	GA14	348.1936740093	C=C1([C@H]2(C[C@]3(C1)([C@H]([C@@H]4([C@@](C)([C@@H](O)CC[C@@](C)([C@@H](CC2)3)4)C(=O)[O-]))C([O-])=O)))		NJEWNTGSXKRWKA-MJPABCAUSA-L									PlantCyc/PMN local PGDB
CPD0-2298	CPD0-2298	( S )-ureidoglycine	133.0487411066					C3H7N3O3			plantcyc <https://plantcyc.org/>	(S)-2-ureidoglycine // (2S)-(carbamoylamino)glycine	133.0487411066	[C@H](NC(N)=O)([NH3+])C(=O)[O-]		VTFWFHCECSOPSX-SFOWXEAESA-N									PlantCyc/PMN local PGDB
CPD0-2485	CPD0-2485	beta-D-galactofuranose	180.0633881178					C6H12O6			plantcyc <https://plantcyc.org/>	Gal f	180.0633881178	C(O)[C@@H](O)[C@H]1([C@H](O)[C@@H](O)[C@@H](O1)O)		AVVWPBAENSWJCB-DGPNFKTASA-N									PlantCyc/PMN local PGDB
GLUTATHIONE	GLUTATHIONE	glutathione	307.0838059839					C10H16N3O6S			plantcyc <https://plantcyc.org/>	L-gamma-glutamyl-L-cysteinylglycine // GSH // reduced glutathione // glutathionate // glutathione reduced	307.0838059839	C(S)[C@@H](C(NCC([O-])=O)=O)NC(=O)CC[C@H]([NH3+])C([O-])=O		RWSXRVCMGQZWBV-WDSKDSINSA-M									PlantCyc/PMN local PGDB
CPD-9893	CPD-9893	chelirubine	363.1106726614					C21H16NO5			plantcyc <https://plantcyc.org/>		363.1106726614	C[N+]2(\C5(/C6(/C=C1(C(/OCO1)=C\C(\C=C/C(/C4(C(\C=2)=C3(C(/OCO3)=C\C(OC)=4)))=5)=6))))		RNSBFHHWMMKJAM-UHFFFAOYSA-N									PlantCyc/PMN local PGDB
CPD0-1627	CPD0-1627	6-diazo-5-oxo-L-norleucine	173.080041235					C6H9N3O3			plantcyc <https://plantcyc.org/>	6-diazo-5-oxo-norleucine // DON // diazooxonorleucine // 6-diazo-5-oxonorleucine	173.080041235	C(C(=O)CC[C@@H](C(=O)[O-])[NH3+])=[N+]=[N-]		YCWQAMGASJSUIP-YFKPBYRVSA-N									PlantCyc/PMN local PGDB
DIETHYLPYROCARBONATE	DIETHYLPYROCARBONATE	diethylpyrocarbonate	162.0528234315					C6H10O5			plantcyc <https://plantcyc.org/>	DEPC	162.0528234315	CCOC(OC(OCC)=O)=O		FFYPMLJYZAEMQB-UHFFFAOYSA-N									PlantCyc/PMN local PGDB
CPD-12396	CPD-12396	( Z )-1-(glutathion- S -yl)- N -hydroxy-&omega;-(methylsulfanyl)hexan-1-imine	466.1555907185					C17H29N4O7S2			plantcyc <https://plantcyc.org/>		466.1555907185	CSCCCCCC(\SC[C@H](NC(=O)CC[C@H]([NH3+])C([O-])=O)C(=O)NCC([O-])=O)=N\O		QUHKCUMRZNSHRI-NOSOHGNZSA-M									PlantCyc/PMN local PGDB
CPDQT-407	CPDQT-407	( Z )-1-(L-cystein- S -yl)- N -hydroxy-&omega;-(methylsulfanyl)hexan-1-imine	280.0915338987					C10H20N2O3S2			plantcyc <https://plantcyc.org/>		280.0915338987	CSCCCCCC(\SC[C@H]([NH3+])C([O-])=O)=N\O		ZCCQXWKOMFKYNA-ILETWAPCSA-N									PlantCyc/PMN local PGDB
CPD-11519	CPD-11519	3-oxo-2-(cis-2'-pentenyl)-cyclopentane-1-(3R-hydroxyoctanoyl)-CoA	1059.3190531307					C39H60N7O19P3S			plantcyc <https://plantcyc.org/>	OPC8-3-hydroxyacyl-CoA	1059.3190531307	CC\C=C/C[C@H]1([C@H](CCC(=O)1)CCCCC[C@H](O)CC(SCCNC(=O)CCNC(=O)[C@H](O)C(C)(C)COP(=O)(OP(=O)(OC[C@@H]2([C@@H](OP([O-])(=O)[O-])[C@@H](O)[C@@H](O2)N3(C4(\N=C/N=C(C(\N=C/3)=4)/N))))[O-])[O-])=O)		PDDHCVXPABQISO-XJJFHSEKSA-J									PlantCyc/PMN local PGDB
PHOSPHORYL-ETHANOLAMINE	PHOSPHORYL-ETHANOLAMINE	O -phosphoethanolamine	141.0190942604					C2H7NO4P			plantcyc <https://plantcyc.org/>	phosphoryl-ethanolamine // O-phosphorylethanolamine // phosphoethanolamine // ethanolamine phosphate // 2-aminoethyl phosphate // pEtN	141.0190942604	C(C[NH3+])OP([O-])([O-])=O		SUHOOTKUPISOBE-UHFFFAOYSA-M									PlantCyc/PMN local PGDB
3-CARBOXY-3-HYDROXY-ISOCAPROATE	3-CARBOXY-3-HYDROXY-ISOCAPROATE	(2 S )-2-isopropylmalate	176.0684734957					C7H10O5			plantcyc <https://plantcyc.org/>	3-hydroxy-4-methyl-3-carboxypentanoate // 3-carboxy-3-hydroxy-4-methylpentanoate // 3-carboxy-3-hydroxy-isocaproate // alpha-isopropylmalate // 2-isopropylmalic acid	176.0684734957	CC(C)[C@@](O)(CC(=O)[O-])C([O-])=O		BITYXLXUCSKTJS-ZETCQYMHSA-L									PlantCyc/PMN local PGDB
CPD-14273	CPD-14273	3-oxolignoceroyl-CoA	1131.4493390222					C45H76N7O18P3S			plantcyc <https://plantcyc.org/>	3-oxotetracosanoyl-CoA	1131.4493390222	CCCCCCCCCCCCCCCCCCCCCC(=O)CC(=O)SCCNC(=O)CCNC([C@H](O)C(C)(C)COP([O-])(=O)OP([O-])(=O)OC[C@@H]1([C@@H](OP(=O)([O-])[O-])[C@@H](O)[C@@H](O1)N2(\C=N/C3(C(/N)=N\C=N/C2=3))))=O		JJSJTIWFKNSCHC-JBKAVQFISA-J									PlantCyc/PMN local PGDB
ALPHA-GLC-6-P	ALPHA-GLC-6-P	alpha-D-glucose 6-phosphate	260.0297185262					C6H11O9P			plantcyc <https://plantcyc.org/>	alpha-glucose 6-phosphate // alpha-D-glucose-6-P	260.0297185262	C(OP(=O)([O-])[O-])[C@H]1(O[C@H](O)[C@H](O)[C@@H](O)[C@H](O)1)		NBSCHQHZLSJFNQ-DVKNGEFBSA-L									PlantCyc/PMN local PGDB
CPD-659	CPD-659	L-arogenate	227.079372533					C10H12NO5			plantcyc <https://plantcyc.org/>	L-arogenic acid // pretyrosine	227.079372533	C([C@H](CC1(\C=C/C(\C=C/1)O)C([O-])=O)[NH3+])([O-])=O		MIEILDYWGANZNH-DSQUFTABSA-M									PlantCyc/PMN local PGDB
CPD-3946	CPD-3946	(22 S )-22-hydroxy-5alpha-campestan-3-one	416.365430785					C28H48O2			plantcyc <https://plantcyc.org/>	(5alpha,22 S ,24 R )-22-hydroxyergostan-3-one // (22alpha)-hydroxy-5alpha-campestan-3-one // (22 S ,24 R )-22-hydroxy-5alpha-ergostan-3-one	416.365430785	CC(C)[C@H](C)C[C@H](O)[C@@H](C)[C@H]3(CC[C@H]4([C@@H]2(CC[C@H]1(CC(=O)CC[C@@](C)1[C@H]2CC[C@](C)34))))		XGIZPVUTLMXXTK-VNSZYHACSA-N									PlantCyc/PMN local PGDB
CPD-7384	CPD-7384	pelargonidin 3- O -beta-D-(4-coumaroyl)glucoside	579.1502513319					C30H26O12			plantcyc <https://plantcyc.org/>	pelargonidin 3- O -beta-D-p-coumaroylglucoside	579.1502513319	C([C@H]1(O[C@H]([C@@H]([C@H]([C@@H]1O)O)O)OC2(\C(=[O+]C3(\C(/C=2)=C(/C=C(/C=3)/O)\[O-]))C4(\C=C/C(/O)=C\C=4))))OC(/C=C/C5(\C=C/C(/O)=C\C=5))=O		VZPBBOAZFCREMQ-SHPGVJHPSA-N									PlantCyc/PMN local PGDB
MALONATE	MALONATE	malonate	104.0109586168					C3H2O4			plantcyc <https://plantcyc.org/>	malonyl // propanedioic acid // malonic acid	104.0109586168	C(C([O-])=O)C([O-])=O		OFOBLEOULBTSOW-UHFFFAOYSA-L									PlantCyc/PMN local PGDB
CPD-12866	CPD-12866	4alpha-formyl,4beta,14alpha-dimethyl-9beta,19-cyclo-5alpha-ergost-24(24 1 )-en-3beta-ol	454.3810808492					C31H50O2			plantcyc <https://plantcyc.org/>	9,19-cycloanostan-28-one-3-hydroxy-24-methylene-, (3beta, 4alpha)-	454.3810808492	CC(C)C(CC[C@@H](C)[C@H]3(CC[C@@]4(C)([C@@H]1(CC[C@H]5([C@@](C=O)(C)[C@@H](O)CC[C@@]2(C[C@@]12CC[C@](C)34)5)))))=C		FAQRUJCAUFLERP-NIGXAPAPSA-N									PlantCyc/PMN local PGDB
PHOSPHORIBOSYL-FORMIMINO-AICAR-P	PHOSPHORIBOSYL-FORMIMINO-AICAR-P	1-(5-phospho-beta-D-ribosyl)-5-[(5-phosphoribosylamino)methylideneamino]imidazole-4-carboxamide	577.08223818					C15H21N5O15P2			plantcyc <https://plantcyc.org/>	phosphoribosylformiminoAICAR-phosphate // phosphoribosyl-formimino-aicar-P // phosphoribosylformiminoAICAR-P // 5-(5-phospho-D-ribosyl-aminoformimino)-1-(5-phosphoribosyl)-imidazole4-carboxamide // 5-(5'-phospho-D-ribosyl-aminoformimino)-1-(5-phosphoribosyl)-imidazole-4-carboxamide // N-5-phosphoribosyl-formimino-5-amino-imidazole-4-carboxamide ribonucleotide // N-(5'-phospho-D-ribosylformimino)-5-amino-1-(5''-phosphoribosyl)-4-imidazolecarboxamide	577.08223818	C(OP([O-])(=O)[O-])[C@H]3(O[C@@H](/N=C/NC1(\N(\C=N/C(\C(=O)N)=1)[C@@H]2(O[C@H](COP(=O)([O-])[O-])[C@@H](O)[C@@H](O)2)))[C@H](O)[C@@H]3O)		QOUSHGMTBIIAHR-KEOHHSTQSA-J									PlantCyc/PMN local PGDB
OH-MYRISTOYL	OH-MYRISTOYL	UDP-2-N,3-O-bis[(3R)-3-hydroxytetradecanoyl]-alpha-D-glucosamine	1017.4575649493					C43H75N3O20P2			plantcyc <https://plantcyc.org/>	UDP-2,3-bis(3-hydroxytetradecanoyl)glucosamine // UDP-2,3-diacyl-glucosamine // UDP-2,3-bis(3-hydroxymyristoyl)glucosamine // UDP-2,3-bis[(3 R )-3-hydroxymyristoyl]-alpha-D-glucosamine // UDP-2,3-bis[O-(3 R )-3-hydroxymyristoyl]-alpha-D-glucosamine	1017.4575649493	CCCCCCCCCCC[C@H](CC(N[C@@H]1([C@H]([C@@H]([C@H](O[C@@H]1OP(=O)([O-])OP(=O)(OC[C@@H]3([C@H]([C@H]([C@H](N2(\C=C/C(=O)NC2=O))O3)O)O))[O-])CO)O)OC(C[C@@H](CCCCCCCCCCC)O)=O))=O)O		KOJCFMYSTWNMQW-RUAJDYCTSA-L									PlantCyc/PMN local PGDB
REDUCED-MENAQUINONE	REDUCED-MENAQUINONE	menaquinol- 8	718.5688816196					C51H74O2			plantcyc <https://plantcyc.org/>	reduced menaquinone-8 // MKH2-8	718.5688816196	CC(C)=CCCC(\C)=C/CCC(\C)=C/CCC(\C)=C/CCC(\C)=C/CCC(\C)=C/CCC(\C)=C/CCC(\C)=C/CC1(/C(\C)=C(C2(\C(\C(\O)=1)=C/C=C\C=2))/O)		OIEZRVBFVPGODT-WQWYCSGDSA-N									PlantCyc/PMN local PGDB
1-METHOXY-3-INDOLYLMETHYL-GLUCOSINOLATE	1-METHOXY-3-INDOLYLMETHYL-GLUCOSINOLATE	neoglucobrassicin	478.0715863176					C17H21N2O10S2			plantcyc <https://plantcyc.org/>	1-methoxy-3-indolylmethyl-glucosinolate	478.0715863176	CON2(C3(/C=C\C=C/C(/C(\CC(\S[C@@H]1(O[C@H](CO)[C@@H](O)[C@H](O)[C@@H](O)1))=N\OS(=O)(=O)[O-])=C\2)=3))		PKKMITFKYRCCOL-JMZFCNQTSA-M									PlantCyc/PMN local PGDB
CODEINE	CODEINE	codeine	299.1521435456					C18H22NO3			plantcyc <https://plantcyc.org/>	7,8-Didehydro-4,5-epoxy-3-methoxy-17-methyl-(5,6)-morphinan-6-ol	299.1521435456	C[NH+]4(CC[C@@]15([C@@H]3([C@@H](O)\C=C/[C@@H]([C@@H](CC2(\C=C/C(/OC)=C(C\1=2)/O3))4)5)))		OROGSEYTTFOCAN-DNJOTXNNSA-O									PlantCyc/PMN local PGDB
CPD-12389	CPD-12389	1-(methylsulfanyl)-4- aci -nitrobutane	151.0666993567					C5H11NO2S			plantcyc <https://plantcyc.org/>	4-(methylsulfanyl)butan-1-ylideneazinate	151.0666993567	CSCCCC=[N+](O)[O-]		KZCTZQMFYMYSGR-UHFFFAOYSA-N									PlantCyc/PMN local PGDB
DGMP	DGMP	dGMP	347.0630843401					C10H12N5O7P			plantcyc <https://plantcyc.org/>	2'-dG-5'-MP // 2'-deoxyguanosine 5'-monophosphate // vernine // 2'-deoxyguanosine 5'-phosphate // deoxyguanosine-phosphate	347.0630843401	C(OP(=O)([O-])[O-])[C@H]3(O[C@@H](N1(C2(\N=C(N)/NC(=O)C(\N=C/1)=2)))C[C@H](O)3)		LTFMZDNNPPEQNG-KVQBGUIXSA-L									PlantCyc/PMN local PGDB
CPD0-1552	CPD0-1552	3'-O-(4-benzoyl)-benzoic-adenosine 5'-triphosphate	715.0481746579					C24H20N5O15P3			plantcyc <https://plantcyc.org/>	Bz 2 ATP	715.0481746579	C(OP(=O)([O-])OP(=O)([O-])OP(=O)([O-])[O-])[C@H]5(O[C@@H](N1(C2(\C(\N=C/1)=C(N)/N=C\N=2)))[C@H](O)[C@H](OC(C4(\C=C/C(/C(=O)C3(\C=C/C=C\C=3))=C\C=4))=O)5)		AWJJLYZBWRIBCZ-UGTJMOTHSA-J									PlantCyc/PMN local PGDB
2-PG	2-PG	2-phospho-D-glycerate	185.9929390894					C3H4O7P			plantcyc <https://plantcyc.org/>	2-phospho-(D)-glycerate // 2-phospho-(R)-glycerate // 2-phospho-D-glyceric acid // 2-P-D-glycerate // D-glycerate 2-phosphate // D-2-phosphoglycerate // D-2-phosphoglyceric acid	185.9929390894	C(=O)([O-])[C@H](OP(=O)([O-])[O-])CO		GXIURPTVHJPJLF-UWTATZPHSA-K									PlantCyc/PMN local PGDB
CPD-20110	CPD-20110	(3 E ,7 E )-dolathalia-3,7,11-triene	272.2504010272					C20H32			plantcyc <https://plantcyc.org/>		272.2504010272	CC2(/CCC1(\C(C)(CCC(C)(C)\C=1)C/C=C(C)/CC/C=2))		KDEVGDLVYKBTQM-WPNGSOMFSA-N									PlantCyc/PMN local PGDB
CANAVANINE	CANAVANINE	L-canavanine	176.0909402723					C5H13N4O3			plantcyc <https://plantcyc.org/>	canavanine // 2-amino-4-(guanidinooxy)butyrate // 2-amino-4-(guanidinooxy)butyric acid // delta-oxa-arginine	176.0909402723	C(C[C@H]([NH3+])C(=O)[O-])ONC(N)=[NH2+]		FSBIGDSBMBYOPN-VKHMYHEASA-O									PlantCyc/PMN local PGDB
CPD-16353	CPD-16353	N -(hexacosanoyl)-sphinganine	679.6842457284					C44H89NO3			plantcyc <https://plantcyc.org/>	Cer(d18:0/26:0) // ceramide-1 (sphinganine:N-C26:0) // C26 dihydrosphingosine // N -hexacosanoylsphinganine // ceramide-1 (C26) // ceramide A (C26)	679.6842457284	CCCCCCCCCCCCCCCCCCCCCCCCCC(=O)N[C@@H](CO)[C@H](O)CCCCCCCCCCCCCCC		NWERZHCPHDHUMO-WZYYJWNZSA-N									PlantCyc/PMN local PGDB
2-METHYL-3-HYDROXY-BUTYRYL-COA	2-METHYL-3-HYDROXY-BUTYRYL-COA	(2S,3S)-3-hydroxy-2-methylbutanoyl-CoA	867.1676378666					C26H40N7O18P3S			plantcyc <https://plantcyc.org/>	2-methyl-3-hydroxybutyryl-CoA // (2S,3S)-3-hydroxy-2-methylbutyryl-CoA // (S)-3-hydroxy-2-methylbutyryl-CoA // 3-hydroxy-2-methylbutyryl-CoA	867.1676378666	C[C@H](C(=O)SCCNC(=O)CCNC(=O)[C@H](O)C(C)(C)COP(=O)(OP(=O)(OC[C@@H]1([C@@H](OP([O-])(=O)[O-])[C@@H](O)[C@@H](O1)N2(C3(\N=C/N=C(C(\N=C/2)=3)/N))))[O-])[O-])[C@H](C)O		PEKYNTFSOBAABV-LQUDNSJZSA-J									PlantCyc/PMN local PGDB
CPD-11846	CPD-11846	N -benzoyl-L-glutamate	251.079372533					C12H11NO5			plantcyc <https://plantcyc.org/>	N -benzoyl-L-glutamic acid	251.079372533	C([O-])(=O)CC[C@H](NC(=O)C1(\C=C/C=C\C=1))C(=O)[O-]		LPJXPACOXRZCCP-VIFPVBQESA-L									PlantCyc/PMN local PGDB
CPD-11847	CPD-11847	N -(4-hydroxybenzoyl)-L-glutamate	267.0742871551					C12H11NO6			plantcyc <https://plantcyc.org/>	N -(4-hydroxybenzoyl)-L-glutamic acid	267.0742871551	C([O-])(=O)CC[C@H](NC(=O)C1(\C=C/C(/O)=C\C=1))C(=O)[O-]		BCQYMCKNCJYKFA-VIFPVBQESA-L									PlantCyc/PMN local PGDB
CPD-9827	CPD-9827	ayapin	190.026608681					C10H6O4			plantcyc <https://plantcyc.org/>	6,7-(methylenedioxy)coumarin	190.026608681	C1(\C=C/C2(/C(/O1)=C\C3(\OCOC(/C=2)=3)))(=O)											PlantCyc/PMN local PGDB
C3	C3	UDP- N -acetyl-alpha-D-muramoyl-L-alanyl-gamma-D-glutamyl-L-lysyl-D-alanyl-D-alanine	1149.3515963279					C40H62N9O26P2			plantcyc <https://plantcyc.org/>	UDP-MurNAc-L-Ala-g-D-Glu-L-Lys-D-Ala-D-Ala // UDP-MurNAc-pentapeptide	1149.3515963279	C[C@H](C(=O)N[C@H](C)C(=O)[O-])NC(=O)[C@H](CCCC[NH3+])NC(=O)CC[C@@H](NC(=O)[C@@H](NC([C@H](O[C@@H]3([C@@H](NC(=O)C)[C@@H](OP([O-])(OP(OC[C@@H]2([C@H]([C@H]([C@H](N1(\C=C/C(=O)NC1=O))O2)O)O))(=O)[O-])=O)O[C@H](CO)[C@@H](O)3))C)=O)C)C(=O)[O-]		PFMVORMCVGOQKR-XNCOKRRHSA-K									PlantCyc/PMN local PGDB
CPD-19841	CPD-19841	2-deoxy-D-glucono-1,5-lactone	162.0528234315					C6H10O5			plantcyc <https://plantcyc.org/>		162.0528234315	C(O)[C@H]1(OC(C[C@H]([C@@H]1O)O)=O)		DBXNZGWNBVNDSO-KODRXGBYSA-N									PlantCyc/PMN local PGDB
CPD-8011	CPD-8011	quercetin 3- O -rhamnoside-7- O -glucoside	610.1533849166					C27H30O16			plantcyc <https://plantcyc.org/>		610.1533849166	C[C@H]1([C@H](O)[C@@H](O)[C@@H](O)[C@H](O1)OC4(\C(=O)C5(/C(/O)=C\C(\O[C@H]2([C@@H]([C@H]([C@@H]([C@H](O2)CO)O)O)O))=C/C(/OC(\C3(/C=C(C(/O)=C\C=3)/O))=4)=5)))		MCTZMXCUYPDYNE-NHSSZETOSA-N									PlantCyc/PMN local PGDB
CPD-196	CPD-196	octanoyl-CoA	893.2196734371					C29H46N7O17P3S			plantcyc <https://plantcyc.org/>	Octanoyl-CoA (n-C8:0CoA) // capryloyl-CoA	893.2196734371	CCCCCCCC(=O)SCCNC(=O)CCNC(=O)[C@H](O)C(C)(C)COP(=O)(OP(=O)(OC[C@@H]1([C@@H](OP([O-])(=O)[O-])[C@@H](O)[C@@H](O1)N2(C3(\N=C/N=C(C(\N=C/2)=3)/N))))[O-])[O-]		KQMZYOXOBSXMII-CECATXLMSA-J									PlantCyc/PMN local PGDB
CPD-24683	CPD-24683	9,12,13-TriHOME	330.2406242019					C18H33O5			plantcyc <https://plantcyc.org/>	9,12,13-trihydroxyoctadec-10-enoate // 9,12,13-TODEA // 9,12,13-trihydroxy-10-octadecenoate	330.2406242019	CCCCCC(O)C(O)/C=C/C(O)CCCCCCCC(=O)[O-]		MDIUMSLCYIJBQC-BUHFOSPRSA-M									PlantCyc/PMN local PGDB
CPD-1102	CPD-1102	1- O -(indol-3-ylacetyl)-beta-D-glucose	337.1161519698					C16H19NO7			plantcyc <https://plantcyc.org/>	1-O-indol-3-ylacetyl-beta-D-glucose	337.1161519698	C2(\NC3(/C=C\C=C/C(/C(\CC(=O)O[C@@H]1(O[C@H](CO)[C@@H](O)[C@H](O)[C@@H](O)1))=2)=3))		HHDMMUWDSFASNB-JZYAIQKZSA-N									PlantCyc/PMN local PGDB
CPD-26	CPD-26	hexulose 6-phosphate	260.0297185262					C6H11O9P			plantcyc <https://plantcyc.org/>	H6P // D- arabino -3-hexulose 6-P // D- arabino -3-hexulose 6-phosphate	260.0297185262	C(O)C(O)C(=O)C(O)C(O)COP([O-])([O-])=O		UZYFNQCWJLIAKE-UHFFFAOYSA-L									PlantCyc/PMN local PGDB
CPD-11518	CPD-11518	3-oxo-2-(cis-2'-pentenyl)-cyclopentane-1-(E-octa-2-enoyl)-CoA	1041.3084884444					C39H58N7O18P3S			plantcyc <https://plantcyc.org/>	OPC8-trans-2-enoyl-CoA	1041.3084884444	CC\C=C/C[C@H]1([C@H](CCC(=O)1)CCCCC/C=C/C(SCCNC(=O)CCNC(=O)[C@H](O)C(C)(C)COP(=O)(OP(=O)(OC[C@@H]2([C@@H](OP([O-])(=O)[O-])[C@@H](O)[C@@H](O2)N3(C4(\N=C/N=C(C(\N=C/3)=4)/N))))[O-])[O-])=O)		WDBPMRZYBZCIQE-DZXUBONNSA-J									PlantCyc/PMN local PGDB
CPD-13381	CPD-13381	dTDP-4-dehydro-2,6-dideoxy-alpha-D-threo-hexopyranose	530.0702765102					C16H22N2O14P2			plantcyc <https://plantcyc.org/>	dTDP-4-oxo-2,6-dideoxy-alpha-D-glucose // dTDP-4-dehydro-2,6-dideoxy-alpha-D-glucose	530.0702765102	CC1(\C(=O)NC(N(\C=1)[C@H]3(C[C@H](O)[C@@H](COP(=O)([O-])OP(O[C@H]2(O[C@H](C)C(=O)[C@H](O)C2))(=O)[O-])O3))=O)		AONILRCSLAIOQE-LREJFELKSA-L									PlantCyc/PMN local PGDB
CPD-8846	CPD-8846	(3E,7E)-4,8,12-trimethyltrideca-1,3,7,11-tetraene	218.2034508346					C16H26			plantcyc <https://plantcyc.org/>	4,8,12-trimethyltrideca-1,3,7,11-tetraene // 4,8,12-trimethyl-1,3,7,11-tridecatetraene	218.2034508346	C=C/C=C(C)/CC/C=C(C)/CCC=C(C)C		CWLVBFJCJXHUCF-RNPYNJAESA-N									PlantCyc/PMN local PGDB
CPD-8165	CPD-8165	1-18:2-2-18:2-monogalactosyldiacylglycerol	778.5594987248					C45H78O10			plantcyc <https://plantcyc.org/>	18:2-18:2-MGDG // 1,2-(9Z,12Z-octadecadienoyl)-3-O-beta-D-galactosyl-sn-glycerol	778.5594987248	CCCCC\C=C/C\C=C/CCCCCCCC(OC[C@H](CO[C@@H]1(O[C@H](CO)[C@H](O)[C@H](O)[C@@H](O)1))OC(=O)CCCCCCC\C=C/C\C=C/CCCCC)=O		BROOMPUVDPTGEG-RHNBIRJRSA-N									PlantCyc/PMN local PGDB
CPD-11837	CPD-11837	24-epicathasterone	432.3603454071					C28H48O3			plantcyc <https://plantcyc.org/>		432.3603454071	CC(C)[C@@H](C)C[C@H](O)[C@@H](C)[C@H]3(CC[C@H]4([C@@H]2(CC(=O)[C@H]1(C[C@@H](O)CC[C@@](C)1[C@H]2CC[C@](C)34))))		JSVPGVHCEQDJCZ-FWIQQJMXSA-N									PlantCyc/PMN local PGDB
CPD-22131	CPD-22131	(3beta,9beta)-4alpha-demethyl-4alpha-carboxy-9,19-cyclolanost-3-ol	458.3759954713					C30H49O3			plantcyc <https://plantcyc.org/>		458.3759954713	CC(C)CCC[C@@H](C)[C@H]3(CC[C@@]4(C)([C@@H]1(CC[C@H]5([C@@](C([O-])=O)(C)[C@@H](O)CC[C@@]2(C[C@@]12CC[C@](C)34)5))))		ZKSALBYCUMOUDO-TWOGUOSYSA-M									PlantCyc/PMN local PGDB
CPD0-1248	CPD0-1248	D,L-alpha-methylphosphinothricin	195.066044453					C6H13NO4P			plantcyc <https://plantcyc.org/>	AMPPT	195.066044453	CC(C(=O)[O-])([NH3+])CCP([O-])(C)=O		BGDOUYCSLAVFRE-UHFFFAOYSA-M									PlantCyc/PMN local PGDB
DITHIO-NITROBENZOATE	DITHIO-NITROBENZOATE	5,5'-dithio-bis-2-nitrobenzoate	400.0035067524					C14H6N2O8S2			plantcyc <https://plantcyc.org/>	dithionitrobenzoic acid // dithionitrobenzoate // DTNB // 5-(3-carboxy-4-nitro-phenyl)disulfanyl-2-nitro-benzoic acid // 5'-dithio-bis(2-nitrobenzoic acid) // 5,5'-dithio-bis(2-nitrobenzoic acid)	400.0035067524	C2(/C=C(C(/C(=O)[O-])=C\C(\SSC1(\C=C(C(/[N+]([O-])=O)=C\C=1)\C(=O)[O-]))=2)/[N+]([O-])=O)		KIUMMUBSPKGMOY-UHFFFAOYSA-L									PlantCyc/PMN local PGDB
CPD-10275	CPD-10275	(2S)-methylbutanenitrile	83.0734992941					C5H9N			plantcyc <https://plantcyc.org/>	(2S)-methylbutyronitrile	83.0734992941	CC[C@H](C)C#N		RCEJCSULJQNRQQ-YFKPBYRVSA-N									PlantCyc/PMN local PGDB
INDOLE-3-ACETALDOXIME	INDOLE-3-ACETALDOXIME	( E )-(indol-3-yl)acetaldehyde oxime	174.0793129535					C10H10N2O			plantcyc <https://plantcyc.org/>	( E )-(1 H -indol-3-yl)acetaldehyde oxime	174.0793129535	C(/CC1(\C2(/C=C\C=C/C(/N\C=1)=2)))=N\O		ZLIGRGHTISHYNH-WUXMJOGZSA-N									PlantCyc/PMN local PGDB
CPD-13085	CPD-13085	3,5-didehydroshikimate	170.0215233031					C7H5O5			plantcyc <https://plantcyc.org/>	3,5-didehydroshikimic acid	170.0215233031	C([O-])(=O)C1(\CC(=O)[C@H](O)C(=O)/C=1)		MTNXHXKXYFWIRI-ZCFIWIBFSA-M									PlantCyc/PMN local PGDB
CPD-17645	CPD-17645	2-(8-hydroxy-2-oxotridecyl)-6-oxopyran-4-olate	324.1936740093					C18H27O5			plantcyc <https://plantcyc.org/>		324.1936740093	CCCCCC(O)CCCCCC(=O)CC1(\OC(=O)/C=C(\C=1)/[O-])		RGRXEJAZCMLORS-UHFFFAOYSA-M									PlantCyc/PMN local PGDB
OCTAPRENYL-METHOXY-BENZOQUINONE	OCTAPRENYL-METHOXY-BENZOQUINONE	2-methoxy-6-( all trans -octaprenyl)benzene-1,4-diol	684.5481461775					C47H72O3			plantcyc <https://plantcyc.org/>	2-octaprenyl-6-methoxy-benzene-1,4-diol // 2-octaprenyl-6-methoxyhydroquinone // 2-octaprenyl-6-methoxyquinol	684.5481461775	CC(C)=CCCC(\C)=C/CCC(\C)=C/CCC(\C)=C/CCC(\C)=C/CCC(\C)=C/CCC(\C)=C/CCC(\C)=C/CC1(\C(\O)=C(/C=C(\C=1)/O)\OC)		CZFRMASEEPTBAQ-MYCGWMCTSA-N									PlantCyc/PMN local PGDB
CPD-10687	CPD-10687	3-acetamidopropanal	115.0633285383					C5H9NO2			plantcyc <https://plantcyc.org/>	N-(3-oxopropyl)acetamide	115.0633285383	CC(=O)NCCC=O		ARJPPNFIEQKVBB-UHFFFAOYSA-N									PlantCyc/PMN local PGDB
CPD-7710	CPD-7710	thebaine	311.1521435456					C19H22NO3			plantcyc <https://plantcyc.org/>		311.1521435456	C[NH+]5(CC[C@@]12([C@@H]4(C(/OC)=C\C=C1\[C@@H](CC3(\C2=C(C(/OC)=C\C=3)O4))5)))		FQXXSQDCDRQNQE-VMDGZTHMSA-O									PlantCyc/PMN local PGDB
CPD-22136	CPD-22136	4alpha-carboxy-5alpha-cholest-7-en-3beta-ol	430.3446953429					C28H45O3			plantcyc <https://plantcyc.org/>		430.3446953429	CC(C)CCC[C@H]([C@@H]4([C@]1(C)([C@H](C2([C@H](CC1)[C@]3(C)([C@@H](CC=2)[C@H](C([O-])=O)[C@@H](O)CC3)))CC4)))C		FXBZYWGMTFSORP-QPCSTCLVSA-M									PlantCyc/PMN local PGDB
23-EPOXY-23-DIHYDRO-2-METHYL-14-NAPHTHOQ	23-EPOXY-23-DIHYDRO-2-METHYL-14-NAPHTHOQ	vitamin K 2,3-epoxide	466.3446953429					C31H46O3			plantcyc <https://plantcyc.org/>	2,3-epoxyphylloquinone // 2,3-epoxy-2,3-dihydro-2-methyl-3-phytyl-1,4-naphthoquinone	466.3446953429	CC(C)CCC[C@@H](C)CCC[C@@H](C)CCCC(\C)=C/CC13(OC(C)(C(=O)C2(/C=C\C=C/C(/C(=O)1)=2))3)		KUTXFBIHPWIDJQ-HBDFACPTSA-N									PlantCyc/PMN local PGDB
CPD-24347	CPD-24347	phytochelatin 3	771.1873611319					C26H38N7O14S3			plantcyc <https://plantcyc.org/>	PC 3 // (gamma-Glu-Cys) 3 -Gly	771.1873611319	C(S)[C@@H](C(NCC([O-])=O)=O)NC(=O)CC[C@H](NC(=O)[C@H](CS)NC(=O)CC[C@H](NC(=O)[C@H](CS)NC(=O)CC[C@H]([NH3+])C([O-])=O)C([O-])=O)C([O-])=O		PCOMFCPXXQONPD-QNILMXGZSA-K									PlantCyc/PMN local PGDB
CPD-4181	CPD-4181	cycloartanol	428.4018162913					C30H52O			plantcyc <https://plantcyc.org/>	24(25)-dihydrocycloartenol // (3beta,9beta)-9,19-cyclolanost-3-ol	428.4018162913	CC(C)CCC[C@@H](C)[C@H]3(CC[C@@]4(C)([C@@H]1(CC[C@H]5(C(C)(C)[C@@H](O)CC[C@@]2(C[C@@]12CC[C@](C)34)5))))		YABASAWVVRQMEU-YBXTVTTCSA-N									PlantCyc/PMN local PGDB
CPD-12175	CPD-12175	( S )-3-hydroxy-isobutanoate	104.0473441231					C4H7O3			plantcyc <https://plantcyc.org/>	( S )-3-hydroxy-2-methylpropanoate // ( S )-3-Hydroxyisobutyric acid // ( S )-3-OH-iso-but // ( S )-3-OH-isobutyrate // ( S )-3-hydroxy-isobutyrate	104.0473441231	C[C@H](C([O-])=O)CO		DBXBTMSZEOQQDU-VKHMYHEASA-M									PlantCyc/PMN local PGDB
CPD-712	CPD-712	6-deoxocathasterone	418.3810808492					C28H50O2			plantcyc <https://plantcyc.org/>	deoxocathasterone // (22 S )-5alpha-campestane-3beta,22-diol	418.3810808492	CC(C)[C@H](C)C[C@H](O)[C@@H](C)[C@H]3(CC[C@H]4([C@@H]2(CC[C@H]1(C[C@@H](O)CC[C@@](C)1[C@H]2CC[C@](C)34))))		ZHZKWZJLUNXOSN-YUZBOUAZSA-N									PlantCyc/PMN local PGDB
3-B-D-GALACTOSYL-SN-GLYCEROL	3-B-D-GALACTOSYL-SN-GLYCEROL	3-beta-D-galactosyl-sn-glycerol	254.1001675546					C9H18O8			plantcyc <https://plantcyc.org/>	2-(2,3-dihydroxypropoxy)-6-(hydroxymethyl)tetrahydropyran-3,4,5- triol	254.1001675546	C(O[C@@H]1(O[C@H](CO)[C@H](O)[C@H](O)[C@@H](O)1))[C@H](O)CO		NHJUPBDCSOGIKX-NTXXKDEISA-N									PlantCyc/PMN local PGDB
CPD-19221	CPD-19221	acibenzolar	195.9765041409					C7H4N2OS2			plantcyc <https://plantcyc.org/>	1,2,3-benzothiadiazole-7-carbothioic acid // 1,2,3-benzothiadiazole-7-carbothioic S -acid	195.9765041409	C(S)(=O)C1(\C2(\S\N=N/C(\C=C/C=1)=2))		CGIHPACLZJDCBQ-UHFFFAOYSA-N									PlantCyc/PMN local PGDB
CPD-10693	CPD-10693	(8 E )-4-hydroxy-sphing-8-enine	315.2773440592					C18H38NO3			plantcyc <https://plantcyc.org/>	dehydrophytosphingosine // 4-hydroxy-8-sphingenine // &Delta; 8 -phytosphingenine // 4-hydroxy- trans -8-sphingenine	315.2773440592	CCCCCCCCC/C=C/CCC[C@@H](O)[C@@H](O)[C@@H]([NH3+])CO		CQKNELOTFUSOTP-HMTIOLNVSA-O									PlantCyc/PMN local PGDB
CPD-10456	CPD-10456	4-amino-2,6-dinitrotoluene glucoside	363.1277792886					C13H17N3O9			plantcyc <https://plantcyc.org/>	4-ADNT glucoside	363.1277792886	CC2(/C(/[N+](=O)[O-])=C\C(\NC1(O[C@H](CO)[C@@H](O)[C@H](O)[C@@H](O)1))=C/C(/[N+]([O-])=O)=2)		YGGQRUODYYKCTL-HENWMNBSSA-N									PlantCyc/PMN local PGDB
CPD-27138	CPD-27138	10-hydroxystrychnine	350.1630425829					C21H23N2O3			plantcyc <https://plantcyc.org/>		350.1630425829	C7(/C=C6(C(/[C@@]15(CC[NH+]2(CC3(\[C@H](C[C@@H]12)[C@H]4([C@@H](OC/C=3)CC(=O)N([C@@H]45)6)))))=C/C(/O)=7))		LTUSPDUPSHDPTN-FVWCLLPLSA-O									PlantCyc/PMN local PGDB
ADENOSINE5TRIPHOSPHO5ADENOSINE	ADENOSINE5TRIPHOSPHO5ADENOSINE	P 1 ,P 3 - bis (5'-adenosyl) triphosphate	756.0819344023					C20H24N10O16P3			plantcyc <https://plantcyc.org/>	bis (5'-adenosyl) triphosphate // adenosine 5'-(tetrahydrogen triphosphate), P''-5'-ester with adenosine // Ap 3 A // adenosine(5')triphospho(5')adenosine // 5',5'''-diadenosine triphosphate	756.0819344023	C(OP(=O)([O-])OP(=O)([O-])OP(=O)([O-])OC[C@H]3(O[C@@H](N1(C2(\C(\N=C/1)=C(N)/N=C\N=2)))[C@H](O)[C@H](O)3))[C@H]6(O[C@@H](N4(C5(\C(\N=C/4)=C(N)/N=C\N=5)))[C@H](O)[C@H](O)6)		QCICUPZZLIQAPA-XPWFQUROSA-K									PlantCyc/PMN local PGDB
CPD-14276	CPD-14276	(3 R )-3-hydroxybehenoyl-CoA	1105.433688958					C43H74N7O18P3S			plantcyc <https://plantcyc.org/>	(3 R )-3-hydroxydocosanoyl-CoA	1105.433688958	CCCCCCCCCCCCCCCCCCC[C@@H](O)CC(=O)SCCNC(=O)CCNC([C@H](O)C(C)(C)COP([O-])(=O)OP([O-])(=O)OC[C@@H]1([C@@H](OP(=O)([O-])[O-])[C@@H](O)[C@@H](O1)N2(\C=N/C3(C(/N)=N\C=N/C2=3))))=O		VNJQSRVXTRJVAZ-ZUIQSSPPSA-J									PlantCyc/PMN local PGDB
RETINOATE	RETINOATE	all-trans -retinoate	300.208930143					C20H27O2			plantcyc <https://plantcyc.org/>	retinoic acid // vitamin A acid // retinoate // tretinoin // tretinoine // 3,7-dimethyl-9-(2,6,6-trimethyl-1-cyclohexene-1-yl)-2,4,6,8-nonatetraenoic acid // (all-E)-3,7-dimethyl-9-(2,6,6-trimethyl-1-cyclohexen-1-yl)-2,4,6,8-nonatetraenoic acid // b-retinoic acid // 3,7-dimethyl-9-(2,6,6-trimethyl-1-cyclohexen-1-yl)-2,4,6,8-nonatetraenoic acid // AGN 100335 // all-(E)-retinoic acid // all-trans -beta-retinoic acid // all-trans -retinoic acid // all-trans -tretinoin // retin A // Ro 1-5488 // tretin M // all-trans vitamin A acid // all-trans vitamin A1 acid	300.208930143	CC(/C=C/C1(/C(C)(C)CCCC(/C)=1))=C\C=C\C(/C)=C\C(=O)[O-]		SHGAZHPCJJPHSC-YCNIQYBTSA-M									PlantCyc/PMN local PGDB
CPDQT-300	CPDQT-300	8-(methylsulfanyl)octyl-glucosinolate	477.1160936692					C16H30NO9S3			plantcyc <https://plantcyc.org/>	8-(methylthio)octyl-glucosinolate	477.1160936692	CSCCCCCCCCC(\S[C@@H]1(O[C@H](CO)[C@@H](O)[C@H](O)[C@@H](O)1))=N\OS(=O)(=O)[O-]		CWOJBEDMJKZKAB-URUUWQEUSA-M									PlantCyc/PMN local PGDB
CPD-334	CPD-334	2,3-didehydro-L-gulonate	192.0270026115					C6H7O7			plantcyc <https://plantcyc.org/>	(4R,5S)-4,5,6-trihydroxy-2,3-dioxohexanoate // 2,3-diketo-L-gulonate // DKG // L-xylo-hex-2-enonic acid // L-xylo-hex-2-enonate // 2,3-dioxo-L-gulonate	192.0270026115	C([C@@H]([C@H](C(C(C([O-])=O)=O)=O)O)O)O		GJQWCDSAOUMKSE-STHAYSLISA-M									PlantCyc/PMN local PGDB
CPD-13373	CPD-13373	10',6-diapocarotene-10',6-dial	282.1619799504					C19H22O2			plantcyc <https://plantcyc.org/>	4,8,13-trimethylhexadeca-heptaenedial // (2E,4E,6E,8E,10E,12E,14E)-4,8,13-trimethylhexadeca-2,4,6,8,10,12,14-heptaenedial	282.1619799504	CC(/C=C/C=C(C)/C=C/C=O)=C\C=C\C=C(C)\C=C\C=O		NZCSCAGBYIYATR-UXBHNABYSA-N									PlantCyc/PMN local PGDB
CPD-8077	CPD-8077	1-18:1-2-16:2-monogalactosyldiacylglycerol	752.5438486606					C43H76O10			plantcyc <https://plantcyc.org/>	18:1-16:2-MGDG // 1-(9Z-octadecenoyl)-2-(7Z,10Z-hexadecadienoyl)-3-O-beta-D-galactosyl-sn-glycerol	752.5438486606	CCCCCCCC\C=C/CCCCCCCC(OC[C@H](CO[C@@H]1(O[C@@H]([C@@H]([C@@H]([C@H]1O)O)O)CO))OC(CCCCC\C=C/C\C=C/CCCCC)=O)=O		SFKZPPODZMCLPE-NHGAJDLWSA-N									PlantCyc/PMN local PGDB
CPD-14010	CPD-14010	2,4-dihydroxycinnamoyl-CoA	929.1469024245					C30H38N7O19P3S			plantcyc <https://plantcyc.org/>	( E )-3-(2,4-dihydroxyphenyl)-prop-2-enoyl-CoA	929.1469024245	CC(C)(COP(OP([O-])(OC[C@@H]1([C@@H](OP([O-])([O-])=O)[C@@H](O)[C@@H](O1)N2(C3(\N=C/N=C(C(\N=C/2)=3)/N))))=O)([O-])=O)[C@@H](O)C(=O)NCCC(=O)NCCSC(=O)/C=C/C4(\C=C/C(/O)=C\C(O)=4)		PGFXNMKOJHFQIE-ZSELIEHESA-J									PlantCyc/PMN local PGDB
CPD-26890	CPD-26890	tax-11(12)-ene 4beta,20-epoxide	288.2453156493					C20H32O			plantcyc <https://plantcyc.org/>		288.2453156493	CC2(\CC[C@H]1(C[C@H]4([C@](C)(CCC(\C(C)(C)1)=2)CCC[C@@]3(OC3)4)))		RCHMUSZDAXKWLS-UHMOLFJZSA-N									PlantCyc/PMN local PGDB
CPD-15590	CPD-15590	aldehydo -D-galactose	180.0633881178					C6H12O6			plantcyc <https://plantcyc.org/>		180.0633881178	C(=O)[C@@H]([C@H]([C@H]([C@@H](CO)O)O)O)O		GZCGUPFRVQAUEE-KCDKBNATSA-N									PlantCyc/PMN local PGDB
CPD-1091	CPD-1091	( S )-ureidoglycolate	134.0327566914					C3H5N2O4			plantcyc <https://plantcyc.org/>	(-)-ureidoglycolate // ureidoglycolate // ( S )-(-)-ureidoglycolate // (2S)-(carbamoylamino)(hydroxy)acetate	134.0327566914	[C@@H](O)(C([O-])=O)NC(N)=O		NWZYYCVIOKVTII-SFOWXEAESA-M									PlantCyc/PMN local PGDB
CPD-14447	CPD-14447	(2Z)-2-hydroxypenta-2,4-dienoate	114.0316940589					C5H5O3			plantcyc <https://plantcyc.org/>		114.0316940589	C=C\C=C(C([O-])=O)/O		VHTQQDXPNUTMNB-ARJAWSKDSA-M									PlantCyc/PMN local PGDB
CPD-22660	CPD-22660	trimethylarsine oxide	135.986936311					C3H9OAS			plantcyc <https://plantcyc.org/>	trimethylarsane oxide // TMAO V // TMAO	135.986936311	C[As](C)(C)=O		JWOWJQPAYGEFFK-UHFFFAOYSA-N									PlantCyc/PMN local PGDB
CPD0-1587	CPD0-1587	2,4-diamino-6-methyl-5,3'-(2-trifluoromethylphenoxy)prop-1'-yloxypyrimidine	342.1303604107					C15H17N4O2F3			plantcyc <https://plantcyc.org/>		342.1303604107	CC2(\C(\OCCCOC1(\C(\C(F)(F)F)=C/C=C\C=1))=C(N)/N=C(N)\N=2)		BOQULSHFABJIKN-UHFFFAOYSA-N									PlantCyc/PMN local PGDB
CPD-79	CPD-79	sinapaldehyde glucoside	370.1263823051					C17H22O9			plantcyc <https://plantcyc.org/>	sinapyl aldehyde-4-O-beta-D-glucopyranoside	370.1263823051	COC2(\C(\O[C@H]1([C@@H]([C@H]([C@@H]([C@H](O1)CO)O)O)O))=C(C=C(/C=2)/C=C/C=O)\OC)		OYTCTPHTVUEGCL-GCPOEHJPSA-N									PlantCyc/PMN local PGDB
2-HEXAPRENYL-3-METHYL-6-METHOXY-14-BENZ	2-HEXAPRENYL-3-METHYL-6-METHOXY-14-BENZ	5-methoxy-2-methyl-3-( all-trans -hexaprenyl)benzene-1,4-diol	562.4385957281					C38H58O3			plantcyc <https://plantcyc.org/>	6-methoxy-3-methyl-2-hexaprenyl-1,4-benzoquinol // 5-demethoxyubiquinol-6 // DMQH 2 // 2-hexaprenyl-3-methyl-6-methoxy-1,4-benzoquinol // 2- all-trans -hexaprenyl-6-methoxy-3-methyl-1,4-benzoquinol // 6-methoxy-3-methyl-2-( all-trans -hexaprenyl)-1,4-benzoquinol	562.4385957281	CC(C)=CCCC(\C)=C/CCC(\C)=C/CCC(\C)=C/CCC(\C)=C/CCC(\C)=C/CC1(/C(\C)=C(/C=C(C(/O)=1)/OC)/O)		ATQQULXELMEJIX-NSUIJKAQSA-N									PlantCyc/PMN local PGDB
CPD-25241	CPD-25241	N -(1-deoxy-D-fructos-1-yl)-L-alanine	251.1005019056					C9H17NO7			plantcyc <https://plantcyc.org/>	deoxyfructosyl-L-alanine	251.1005019056	C[C@@H](C(=O)[O-])[NH2+]C[C@@]1(O)(OC[C@@H](O)[C@@H](O)[C@H](O)1)		UEKCFAIUNCFLEA-SDBNBOCMSA-N									PlantCyc/PMN local PGDB
CPD0-1812	CPD0-1812	2-oleoylglycerol	356.2926597724					C21H40O4			plantcyc <https://plantcyc.org/>	2-mono-C 18:1 // 2-monoolein // 2-monooleoylglycerol // 2-glyceryl monooleate // 1,3-dihydroxypropan-2-yl oleate // 2-(9Z)-octadecenoylglycerol	356.2926597724	CCCCCCCC\C=C/CCCCCCCC(=O)OC(CO)CO		UPWGQKDVAURUGE-KTKRTIGZSA-N									PlantCyc/PMN local PGDB
CPD-8646	CPD-8646	7-dehydrodesmosterol	382.3235659703					C27H42O			plantcyc <https://plantcyc.org/>	5alpha-cholesta-5,7,24-trien-3beta-ol	382.3235659703	CC(C)=CCC[C@@H](C)[C@H]1(CC[C@@H]4([C@@](C)1CC[C@H]3([C@]2(C)(C(/C[C@@H](O)CC2)=C/C=C34))))		RUSSPKPUXDSHNC-DDPQNLDTSA-N									PlantCyc/PMN local PGDB
CPD-12493	CPD-12493	3-epi-6-deoxocathasterone	418.3810808492					C28H50O2			plantcyc <https://plantcyc.org/>		418.3810808492	CC(C)[C@H](C)C[C@H](O)[C@@H](C)[C@H]3(CC[C@H]4([C@@H]2(CC[C@H]1(C[C@H](O)CC[C@@](C)1[C@H]2CC[C@](C)34))))		ZHZKWZJLUNXOSN-LOCIZFEWSA-N									PlantCyc/PMN local PGDB
CPD-8081	CPD-8081	1-18:3-2-18:3-digalactosyldiacylglycerol	936.5810220279					C51H84O15			plantcyc <https://plantcyc.org/>	18:3-18:3-DGDG // 1,2-(9Z,12Z,15Z-octadecatrienoyl)-3-O-[alpha-D-galactosyl-(1->6)-O-beta-D-galactosyl]-sn-glycerol	936.5810220279	C(O)C1(OC(C(O)C(O)C1O)OC2(C(CO)OC(C(O)C2O)OC(COC([R1])=O)COC([R2])=O))		KDYAPQVYJXUQNY-NCUIXIJTSA-N									PlantCyc/PMN local PGDB
CPD-12498	CPD-12498	7-oxateasterone	464.3501746513					C28H48O5			plantcyc <https://plantcyc.org/>		464.3501746513	CC([C@@H]([C@H]([C@@H]([C@@H](C)C1([C@]2(CCC3([C@@]4(C)(CC[C@H](O)C[C@H](C(=O)OCC(C(CC1)2)3)4)))(C)))O)O)C)C		LLFIMDUWAVPJEJ-ZIXOBUGNSA-N									PlantCyc/PMN local PGDB
CPD-13670	CPD-13670	30-hydroxy-11-oxo-beta-amyrin	456.3603454071					C30H48O3			plantcyc <https://plantcyc.org/>		456.3603454071	C[C@]1([C@H](CC[C@@]2(C5([C@@](CCC12)([C@]3(C(/C4([C@@](CC3)(CC[C@@](C4)(CO)C)C))=C/C(=O)5)C)C))C)O)C		JCGXIYQLRYPHDG-ZBYJLJTQSA-N									PlantCyc/PMN local PGDB
CPD-10723	CPD-10723	alpha-D-fructofuranose	180.0633881178					C6H12O6			plantcyc <https://plantcyc.org/>		180.0633881178	C(O)[C@H]1(O[C@@](O)(CO)[C@H]([C@@H]1O)O)		RFSUNEUAIZKAJO-ZXXMMSQZSA-N									PlantCyc/PMN local PGDB
CPD-8670	CPD-8670	portulacaxanthin II	374.1114009429					C18H15N2O7			plantcyc <https://plantcyc.org/>	tyrosine-betaxanthin	374.1114009429	C(\C=C1(C[C@H](NC(/C([O-])=O)=C/1)C([O-])=O))=N\[C@@H](CC2(\C=C/C(/O)=C\C=2))C([O-])=O		MBFJCQLVRQZZOV-MRHCINOSSA-K									PlantCyc/PMN local PGDB
CPD1F-96	CPD1F-96	gibberellin A 19	362.1729385672					C20H24O6			plantcyc <https://plantcyc.org/>		362.1729385672	C=C1([C@@]2(O)(C[C@]3(C1)([C@H]([C@@H]4([C@@](C)(CCC[C@@](C=O)([C@@H](CC2)3)4)C([O-])=O))C([O-])=O)))		VNCQCPQAMDQEBY-YTJHIPEWSA-L									PlantCyc/PMN local PGDB
PHENYLACETATE	PHENYLACETATE	phenylacetate	136.052429501					C8H7O2			plantcyc <https://plantcyc.org/>	2-phenylacetate // benzeneacetic acid // phenylacetic acid	136.052429501	C([O-])(=O)CC1(\C=C/C=C\C=1)		WLJVXDMOQOGPHL-UHFFFAOYSA-M									PlantCyc/PMN local PGDB
CPD0-1246	CPD0-1246	D,L-cyclohexanephosphinothricin	221.0816945172					C8H15NO4P			plantcyc <https://plantcyc.org/>	CHPPT	221.0816945172	CP([O-])(=O)C1(CC(C(=O)[O-])([NH3+])CCC1)		ZAIBDODFHKWMIG-UHFFFAOYSA-M									PlantCyc/PMN local PGDB
CPD-7546	CPD-7546	( Z )-1-(L-cystein- S -yl)- N -hydroxy-&omega;-(methylsulfanyl)butan-1-imine	252.0602337703					C8H16N2O3S2			plantcyc <https://plantcyc.org/>		252.0602337703	CSCCCC(\SC[C@H]([NH3+])C(=O)[O-])=N\O		RHJXZAWQBJGJJP-FQUWQITNSA-N									PlantCyc/PMN local PGDB
D-MYO-INOSITOL-34-BISPHOSPHATE	D-MYO-INOSITOL-34-BISPHOSPHATE	D- myo -inositol (3,4)-bisphosphate	339.9960489346					C6H10O12P2			plantcyc <https://plantcyc.org/>	1D- myo -inositol (3,4)-bisphosphate // inositol (3,4)-bisphosphate // (2,3,4,5)-tetrahydroxy-6-phosphooxy-cyclohexoxy)phosphonic acid // I(3,4)P 2	339.9960489346	[C@@H]1(O)([C@H](O)[C@@H](O)[C@H](OP(=O)([O-])[O-])[C@@H](OP(=O)([O-])[O-])[C@@H](O)1)		MCKAJXMRULSUKI-CNWJWELYSA-J									PlantCyc/PMN local PGDB
CPD-18098	CPD-18098	cyanidin 3- O -beta- D -caffeoylglucoside	611.1400805761					C30H25O14			plantcyc <https://plantcyc.org/>	cyanidin 3- O -[6"- O -(caffeoyl)] glucoside // cyanidin 3-(6-O-caffeoyl)glucoside	611.1400805761	C5(\C(/C=C/C(=O)OC[C@H]4(O[C@@H](OC1(\C(=[O+]C2(\C(/C=1)=C(/C=C(/C=2)/[O-])\[O-]))C3(\C=C/C(/O)=C(/C=3)/O)))[C@H](O)[C@@H](O)[C@H](O)4))=CC(\O)=C(\C=5)\O)		RTVUMLBJQCCROY-SHPGVJHPSA-M									PlantCyc/PMN local PGDB
CPD0-1508	CPD0-1508	5-iodo-2'-dUMP	433.9375948824					C9H10N2O8PI			plantcyc <https://plantcyc.org/>		433.9375948824	C(OP(=O)([O-])[O-])[C@@H]2([C@H](C[C@H](N1(/C=C(C(=O)NC1=O)/I))O2)O)		WXFYBFRZROJDLL-RRKCRQDMSA-L									PlantCyc/PMN local PGDB
CPD-8007	CPD-8007	kaempferol 7- O -glucoside	448.1005614851					C21H19O11			plantcyc <https://plantcyc.org/>		448.1005614851	C([C@H]4(O[C@@H](OC3(\C=C2(C(\C(C(/[O-])=C(C1(\C=C/C(/O)=C\C=1))\O2)=O)=C(/C=3)\O)))[C@@H]([C@H]([C@@H]4O)O)O))O		YPWHZCPMOQGCDQ-HMGRVEAOSA-M									PlantCyc/PMN local PGDB
CPD-22768	CPD-22768	4alpha-formyl-14alpha-methyl-cholesta-8-enol	428.365430785					C29H48O2			plantcyc <https://plantcyc.org/>		428.365430785	CC(C)CCC[C@@H](C)[C@H]2(CC[C@@]3(C)(C4(\CC[C@H]1([C@H](C=O)[C@@H](O)CC[C@@](C)1C(\CC[C@](C)23)=4))))		LJWYQSYNCSBLAT-PMIIOQGLSA-N									PlantCyc/PMN local PGDB
3457-TETRAHYDROXY-3-METHOXYFLAVONE	3457-TETRAHYDROXY-3-METHOXYFLAVONE	3-O-methylquercetin	316.0583027399					C16H11O7			plantcyc <https://plantcyc.org/>	3-methoxy-5,7,3',4'-tetrahydroxyflavone // 3-methoxyluteolin // 3',4',5,7-tetrahydroxy-3-methoxyflavone	316.0583027399	COC2(\C(=O)C3(/C(/OC(\C1(/C=C(C(/O)=C\C=1)/O))=2)=C\C(\[O-])=C/C(/O)=3))		WEPBGSIAWZTEJR-UHFFFAOYSA-M									PlantCyc/PMN local PGDB
CPD-207	CPD-207	phenylacetyl-CoA	885.1570731803					C29H38N7O17P3S			plantcyc <https://plantcyc.org/>	phenylacetate-CoA	885.1570731803	CC(C)([C@@H](O)C(=O)NCCC(=O)NCCSC(=O)CC1(\C=C/C=C\C=1))COP(=O)(OP(=O)(OC[C@@H]2([C@@H](OP([O-])(=O)[O-])[C@@H](O)[C@@H](O2)N3(C4(\N=C/N=C(C(\N=C/3)=4)/N))))[O-])[O-]		ZIGIFDRJFZYEEQ-CECATXLMSA-J									PlantCyc/PMN local PGDB
IMINOASPARTATE	IMINOASPARTATE	2-iminosuccinate	131.0218576541					C4H3NO4			plantcyc <https://plantcyc.org/>	2-iminobutanedioate // alpha-iminosuccinate // iminoaspartate	131.0218576541	C(=O)([O-])CC(C(=O)[O-])=N		NMUOATVLLQEYHI-UHFFFAOYSA-L									PlantCyc/PMN local PGDB
CPD0-1253	CPD0-1253	dihydroisopteroate	314.1127383469					C14H13N6O3			plantcyc <https://plantcyc.org/>	dihydroisopteroic acid	314.1127383469	C1(NC3(/N=C(N)\NC(=O)C(/N=C1/NCC2(\C=C/C(/C([O-])=O)=C\C=2))=3))		HYJDIDXPICCBQN-UHFFFAOYSA-M									PlantCyc/PMN local PGDB
CPD-11827	CPD-11827	( 22R,23R )-28-homocastasterone	478.3658247155					C29H50O5			plantcyc <https://plantcyc.org/>	28-homocastasterone	478.3658247155	CC[C@H]([C@H]([C@@H]([C@@H](C)[C@@H]2([C@]3(CC[C@@H]4([C@]1(C[C@H]([C@H](C[C@@H]1C(=O)C[C@@H]([C@H](CC2)3)4)O)O)C))(C)))O)O)C(C)C		WADMTJKRYLAHQV-NKOPCKDMSA-N									PlantCyc/PMN local PGDB
CPD0-1590	CPD0-1590	1-(p-butylphenyl)-2,2-dimethyl-4,6-diamino-1,2-dihydro-s-triazine	273.1953457643					C15H23N5			plantcyc <https://plantcyc.org/>		273.1953457643	CCCCC2(\C=C/C(/N1(C(C)(C)\N=C(N)/N=C(N)\1))=C\C=2)		PCJOVXVEEYNISX-UHFFFAOYSA-N									PlantCyc/PMN local PGDB
3-HYDROXY-4H-PYRID-4-ONE	3-HYDROXY-4H-PYRID-4-ONE	3-hydroxy-4 H -pyrid-4-one	111.0320284099					C5H5NO2			plantcyc <https://plantcyc.org/>	3-Hydroxy-4(1H)-pyridinone // 3-hydroxypyridine-4-one	111.0320284099	C1(/N\C=C/C(=O)C(/O)=1)		ZCUUVWCJGRQCMZ-UHFFFAOYSA-N									PlantCyc/PMN local PGDB
GDP-L-GALACTOSE	GDP-L-GALACTOSE	GDP-beta-L-galactose	605.0771528021					C16H23N5O16P2			plantcyc <https://plantcyc.org/>		605.0771528021	C(OP(=O)([O-])OP(O[C@@H]1([C@H]([C@@H]([C@@H]([C@@H](O1)CO)O)O)O))(=O)[O-])[C@H]4(O[C@@H](N2(C3(\N=C(N)/NC(=O)C(\N=C/2)=3)))[C@H](O)[C@H](O)4)		MVMSCBBUIHUTGJ-JGQUBWHWSA-L									PlantCyc/PMN local PGDB
CPD-25317	CPD-25317	(L-valyl)adenylate	446.1314982563					C15H23N6O8P			plantcyc <https://plantcyc.org/>		446.1314982563	CC(C)[C@H]([NH3+])C(OP([O-])(OC[C@H]3(O[C@@H](N1(C2(\C(\N=C/1)=C(N)/N=C\N=2)))[C@H](O)[C@H](O)3))=O)=O		KAVINRUMCQFLGF-NIXGFCADSA-N									PlantCyc/PMN local PGDB
CPD-6954	CPD-6954	4-coumaroyltriacetate	290.079038182					C15H13O6			plantcyc <https://plantcyc.org/>	p-coumaroyltriacetic acid // p-coumaroyltriacetate	290.079038182	C(CC(CC(CC(/C=C/C1(\C=C/C(/O)=C\C=1))=O)=O)=O)([O-])=O		YGTSJOBIWGILCS-ZZXKWVIFSA-M									PlantCyc/PMN local PGDB
CPD-6746	CPD-6746	1D- myo -inositol 2-phosphate	260.0297185262					C6H11O9P			plantcyc <https://plantcyc.org/>	D- myo -inositol 2-monophosphate // Ins(2)P 1 // Ins2P	260.0297185262	[C@@H]1(O)([C@@H](O)[C@H](O)[C@H](OP([O-])([O-])=O)[C@H](O)[C@@H](O)1)		INAPMGSXUVUWAF-QWBQGLJISA-L									PlantCyc/PMN local PGDB
2-ACETO-LACTATE	2-ACETO-LACTATE	( S )-2-acetolactate	132.0422587452					C5H7O4			plantcyc <https://plantcyc.org/>	( S )-2-hydroxy-2-methyl-3-oxobutanoate // alpha-acetolactate // (2 S )-2-hydroxy-2-methyl-3-oxobutanoate	132.0422587452	CC(=O)[C@](C)(O)C(=O)[O-]		NMDWGEGFJUBKLB-YFKPBYRVSA-M									PlantCyc/PMN local PGDB
CPD-7227	CPD-7227	2'-deoxymugineate	304.1270510071					C12H19N2O7			plantcyc <https://plantcyc.org/>	1-azetidinebutanoic acid // 2'-deoxymugineic acid	304.1270510071	C([C@H](CC[NH+]1([C@@H](CC1)C([O-])=O))[NH2+]CCC(C([O-])=O)O)([O-])=O		CUZKLRTTYZOCSD-JVIMKECRSA-M									PlantCyc/PMN local PGDB
HISTIDINAL	HISTIDINAL	histidinal	139.0745619266					C6H10N3O			plantcyc <https://plantcyc.org/>	L-histidinal	139.0745619266	C1(\N\C=N/C(\C[C@@H](C=O)[NH3+])=1)		VYOIELONWKIZJS-YFKPBYRVSA-O									PlantCyc/PMN local PGDB
CPD-7679	CPD-7679	tetramethylammonium	75.1047994225					C4H12N			plantcyc <https://plantcyc.org/>	tetramethylazanium // trimethylaminomethane // artilacer // yodurtan // banikol	75.1047994225	C[N+](C)(C)C		QEMXHQIAXOOASZ-UHFFFAOYSA-N									PlantCyc/PMN local PGDB
CPD-13094	CPD-13094	9,10-DiHODE	312.2300595156					C18H31O4			plantcyc <https://plantcyc.org/>	(12Z,15Z)-9,10-dihydroxyoctadeca-12,15-dienoic acid // (12Z,15Z)-9,10-dihydroxyoctadeca-12,15-dienoate	312.2300595156	CC\C=C/C\C=C/CC(O)C(O)CCCCCCCC(=O)[O-]		QRHSEDZBZMZPOA-ZJSQCTGTSA-M									PlantCyc/PMN local PGDB
GAMMA-LINOLENOYL-COA	GAMMA-LINOLENOYL-COA	gamma-linolenoyl-CoA	1027.3292238865					C39H60N7O17P3S			plantcyc <https://plantcyc.org/>	(6Z,9Z,12Z)-octadeca-6,9,12-trienoyl-CoA // (6Z,9Z,12Z)-octadecatrienoyl-CoA	1027.3292238865	CCCCC\C=C/C\C=C/C\C=C/CCCCC(=O)SCCNC(=O)CCNC(=O)[C@H](O)C(C)(C)COP(=O)(OP(=O)(OC[C@@H]1([C@@H](OP([O-])(=O)[O-])[C@@H](O)[C@@H](O1)N2(C3(\N=C/N=C(C(\N=C/2)=3)/N))))[O-])[O-]		XZQYPTBYQYZGRU-FHDVEODPSA-J									PlantCyc/PMN local PGDB
CPD4FS-4	CPD4FS-4	6'-hydroxyferuloyl-CoA	960.1652921429					C31H45N7O20P3S			plantcyc <https://plantcyc.org/>		960.1652921429	CC(C)(COP(=O)(O)OP(=O)(O)OC[C@H]1(O[C@H]([C@H](O)[C@H](OP(=O)(O)O)1)[nH]3(cnc2(c(N)ncnc23))))C(O)C(=O)NCCC(=O)NCCSC(=O)/C=C/c4(c(O)cc(O)c(c4)OC)											PlantCyc/PMN local PGDB
CPD-26279	CPD-26279	(2R)-tartronate semialdehyde	104.0109586168					C3H3O4			plantcyc <https://plantcyc.org/>	(2R)-2-hydroxy-3-oxopropanoate // D-tartronate semialdehyde	104.0109586168	C([C@H](C([O-])=O)O)=O		QWBAFPFNGRFSFB-UWTATZPHSA-M									PlantCyc/PMN local PGDB
L-AZASERINE	L-AZASERINE	L-azaserine	175.0593057929					C5H7N3O4			plantcyc <https://plantcyc.org/>	azaserine // L-beta-(diazoacetoxy)alanine // L-serine diazoacetate // L-serine diazoacetate ester	175.0593057929	C(C(OC[C@@H](C(=O)[O-])[NH3+])=O)=[N+]=[N-]		MZZGOOYMKKIOOX-VKHMYHEASA-N									PlantCyc/PMN local PGDB
CPD-7274	CPD-7274	12-alpha-hydroxy-3 oxochola-4,6-dienoate	386.2457095798					C24H33O4			plantcyc <https://plantcyc.org/>	3-dehydro-&Delta;4,6-deoxycholate	386.2457095798	C[C@@H]([C@H]3(CC[C@H]4([C@@H]2(\C=C/C1(/[C@@](CCC(=O)\C=1)(C)[C@H]2C[C@H](O)[C@](C)34)))))CCC([O-])=O		DJVAMCYXFUWMLS-QUPGBHKMSA-M									PlantCyc/PMN local PGDB
EDTA	EDTA	EDTA	292.0906655008					C10H14N2O8			plantcyc <https://plantcyc.org/>	ethylenediaminetetraacetic acid // ethylenediaminetetraacetate	292.0906655008	C(C[NH+](CC([O-])=O)CC([O-])=O)[NH+](CC([O-])=O)CC([O-])=O		KCXVZYZYPLLWCC-UHFFFAOYSA-L									PlantCyc/PMN local PGDB
VESTITONE	VESTITONE	(3R)-vestitone	286.0841235599					C16H14O5			plantcyc <https://plantcyc.org/>	vestitone // (-)-vestitone	286.0841235599	C2(OC3(/C=C(\C=C/C(/C(=O)[C@H](C1(\C=C/C(/OC)=C\C(O)=1))2)=3)/O))		WQCJOKYOIJVEFN-ZDUSSCGKSA-N									PlantCyc/PMN local PGDB
CPD-10285	CPD-10285	marneral	426.3861662271					C30H50O			plantcyc <https://plantcyc.org/>		426.3861662271	CC(C)=CCCC(\C)=C/CCC(\C)=C/CC[C@]1(C)([C@H](C)CCC([C@@H](CCC=O)1)=C(C)C)		VNBRFEUEYRHQBM-OPEBEUCHSA-N									PlantCyc/PMN local PGDB
CARBAMOYL-P	CARBAMOYL-P	carbamoyl phosphate	140.9827087541					CH2NO5P			plantcyc <https://plantcyc.org/>	carbamoyl-P // carbamyl-phosphate	140.9827087541	C(=O)(N)OP(=O)([O-])[O-]		FFQKYPRQEYGKAF-UHFFFAOYSA-L									PlantCyc/PMN local PGDB
CPD-4101	CPD-4101	24-methylidenelophenol	412.3705161629					C29H48O			plantcyc <https://plantcyc.org/>	4alpha-methyl-5alpha-ergosta-7,24-dien-3beta-ol // 24-methylenelophenol	412.3705161629	CC(C)C(CC[C@@H](C)[C@H]3(CC[C@H]4(C1([C@@H]([C@@]2(C)(CC[C@H](O)[C@@H](C)[C@H](CC=1)2))CC[C@](C)34))))=C		RSMKYRDCCSNYFM-AAGDOFLISA-N									PlantCyc/PMN local PGDB
ALL-TRANS-HEPTAPRENYL-DIPHOSPHATE	ALL-TRANS-HEPTAPRENYL-DIPHOSPHATE	all- trans -heptaprenyl diphosphate	654.3814273007					C35H57O7P2			plantcyc <https://plantcyc.org/>		654.3814273007	CC(C)=CCCC(\C)=C/CCC(\C)=C/CCC(\C)=C/CCC(\C)=C/CCC(\C)=C/CCC(\C)=C/COP(=O)([O-])OP(=O)([O-])[O-]		LSJLEXWXRKTZAJ-YUIIPXGZSA-K									PlantCyc/PMN local PGDB
CPD-12907	CPD-12907	4alpha-hydroxymethyl-ergosta-7,24(24 1 )-dien-3beta-ol	428.365430785					C29H48O2			plantcyc <https://plantcyc.org/>		428.365430785	CC(C)C(CC[C@@H](C)[C@H]3(CC[C@H]4(C1([C@@H]([C@@]2(C)(CC[C@H](O)[C@@H](CO)[C@H](CC=1)2))CC[C@](C)34))))=C		QFGCPIMZVWPNNF-KMPIVKRFSA-N									PlantCyc/PMN local PGDB
CPD-20262	CPD-20262	5- S -cysteinyldopaquinone	314.0572568824					C12H14N2O6S			plantcyc <https://plantcyc.org/>		314.0572568824	C([C@@H](C(=O)[O-])[NH3+])C1(\C=C(C(C(\C=1)=O)=O)\SC[C@@H](C(=O)[O-])[NH3+])		HOKJXHGZPDVBLS-BQBZGAKWSA-N									PlantCyc/PMN local PGDB
CPD-12796	CPD-12796	2,2'-azino-bis-(3-ethylbenzothiazoline-6-sulfonate)	514.0109170912					C18H16N4O6S4			plantcyc <https://plantcyc.org/>	ABTS // 2,2'-azino-di-(3-ethylbenzothiazoline-6-sulfonate) // 2,2'-azino-di-(3-ethylbenzothiazoline)-6-sulfonic acid	514.0109170912	CCN1(C(\SC2(/C=C(\C=C/C\1=2)/S(=O)(=O)[O-]))=N\N=C3(N(CC)C4(/C=C\C(\S(=O)(=O)[O-])=C/C(/S3)=4)))		ZTOJFFHGPLIVKC-YAFCTCPESA-L									PlantCyc/PMN local PGDB
CYCLOARTENOL	CYCLOARTENOL	cycloartenol	426.3861662271					C30H50O			plantcyc <https://plantcyc.org/>	9beta,19-cyclo-24-lanosten-3beta-ol // cycloart-24(25)-enol // (3beta,9beta)-9,19-cyclolanost-24-en-3-ol	426.3861662271	CC(C)=CCC[C@@H](C)[C@H]3(CC[C@@]4(C)([C@@H]1(CC[C@H]5(C(C)(C)[C@@H](O)CC[C@@]2(C[C@@]12CC[C@](C)34)5))))		ONQRKEUAIJMULO-YBXTVTTCSA-N									PlantCyc/PMN local PGDB
CPD-606	CPD-606	(2 R )-CDP-glycerol	477.054960797					C12H19N3O13P2			plantcyc <https://plantcyc.org/>		477.054960797	C(O)[C@@H](O)COP(OP(OC[C@@H]2([C@H]([C@H]([C@H](N1(\C=C/C(/N)=N\C1=O))O2)O)O))(=O)[O-])([O-])=O		HHPOUCCVONEPRK-JBSYKWBFSA-L									PlantCyc/PMN local PGDB
CPD-14776	CPD-14776	2-C22:0-DCA-LPA	524.3114196818					C25H46O9P			plantcyc <https://plantcyc.org/>	sn -2-C22:0-DCA-LPA // 2-C22:0-alpha,&omega;-dicaboxyl-lysophosphatidic acid // 1-lyso-2-C22:0-alpha,&omega;-dicaboxyl-phosphatidic acid // 2-C22:0-alpha,&omega;-dicaboxyl-glycerol-3-phosphate	524.3114196818	C(OP([O-])(=O)[O-])[C@H](OC(=O)CCCCCCCCCCCCCCCCCCCCC(=O)[O-])CO		POHJJGKCTRJDSU-HSZRJFAPSA-K									PlantCyc/PMN local PGDB
ACETOACETYL-COA	ACETOACETYL-COA	acetoacetyl-CoA	851.1363377382					C25H36N7O18P3S			plantcyc <https://plantcyc.org/>	3-acetoacetyl-CoA // acetoacetyl- S -CoA	851.1363377382	CC(=O)CC(=O)SCCNC(=O)CCNC(=O)[C@H](O)C(C)(C)COP(=O)(OP(=O)(OC[C@@H]1([C@@H](OP([O-])(=O)[O-])[C@@H](O)[C@@H](O1)N2(C3(\N=C/N=C(C(\N=C/2)=3)/N))))[O-])[O-]		OJFDKHTZOUZBOS-CITAKDKDSA-J									PlantCyc/PMN local PGDB
DIHYDROFOLATE	DIHYDROFOLATE	7,8-dihydrofolate monoglutamate	443.1553314431					C19H19N7O6			plantcyc <https://plantcyc.org/>	7,8-pteroylglutamic acid // 7,8-pteroylglutamate // 7,8-dihydropteroyl monoglutamate // H 2 PteGlu // H 2 PteGlu 1 // dihydrofolate // 7,8-dihydropteroylglutamate // 7,8-dihydrofolate	443.1553314431	C(NC1(\C=C/C(/C(=O)N[C@H](C(=O)[O-])CCC([O-])=O)=C\C=1))C2(CNC3(/N=C(N)\NC(=O)C(/N=2)=3))		OZRNSSUDZOLUSN-LBPRGKRZSA-L									PlantCyc/PMN local PGDB
L-DEHYDRO-ASCORBATE	L-DEHYDRO-ASCORBATE	dehydroascorbate	174.0164379252					C6H5O6			plantcyc <https://plantcyc.org/>	L-dehydro-ascorbate // dehydroascorbide // dehydroascorbic acid	174.0164379252	C(O)C(O)[C-]1(C(=O)C(=O)C(=O)O1)		OESHPIGALOBJLM-UHFFFAOYSA-N									PlantCyc/PMN local PGDB
CPD-7609	CPD-7609	sophoradiol	442.3810808492					C30H50O2			plantcyc <https://plantcyc.org/>		442.3810808492	C[C@@]4(CC5(C2(\[C@]([C@@]1(CCC3([C@]([C@H](CC[C@](C1C\C=2)3C)O)(C)C))C)(CC[C@@]([C@@H](C4)O)5C)C)))C		ZEGUWBQDYDXBNS-CVPOBCMLSA-N									PlantCyc/PMN local PGDB
CPD-12384	CPD-12384	( Z )-1-(glutathion- S -yl)- N -hydroxy-2-phenylethan-1-imine	440.1365698359					C18H23N4O7S			plantcyc <https://plantcyc.org/>		440.1365698359	C(SC(/CC1(\C=C/C=C\C=1))=N/O)[C@@H](C(NCC([O-])=O)=O)NC(=O)CC[C@H]([NH3+])C([O-])=O		DMZSTCRTOPLDAY-XUJJJAFJSA-M									PlantCyc/PMN local PGDB
2-AMINOACRYLATE	2-AMINOACRYLATE	2-aminoprop-2-enoate	87.0320284099					C3H5NO2			plantcyc <https://plantcyc.org/>	2-aminoacrylate // dehydroalanine // alpha-aminoacrylate // 2-aminoacrylic acid // 2,3-didehydroalanine // alpha,beta-dehydroalanine // anhydroserine 2-aminopropenoic acid	87.0320284099	C=C([NH3+])C(=O)[O-]		UQBOJOOOTLPNST-UHFFFAOYSA-N									PlantCyc/PMN local PGDB
SECOLOGANIN-CPD	SECOLOGANIN-CPD	secologanin	388.1369469914					C17H24O10			plantcyc <https://plantcyc.org/>	(-)-secologanin	388.1369469914	C=C[C@H]1([C@@H](O/C=C([C@@H](CC=O)1)/C(=O)OC)O[C@@H]2(O[C@H](CO)[C@@H](O)[C@H](O)[C@@H](O)2))		CSKKDSFETGLMSB-NRZPKYKESA-N									PlantCyc/PMN local PGDB
CPD-10296	CPD-10296	pyropheophorbide a	534.2630909785					C33H33N4O3			plantcyc <https://plantcyc.org/>		534.2630909785	C=CC4(\C(/C)=C3(\C=C6([C@@H](C)[C@H](CCC(=O)[O-])C(/C5(\CC(=O)C1(\C(\NC(/C(\C)=1)=C/C2(/C(\CC)=C(C)\C(\N=2)=C\C(\N3)=4))=5)))=N\6)))		IEGUQQKIFBYXLG-CDIXLCFRSA-M									PlantCyc/PMN local PGDB
CPD-10894	CPD-10894	quercetin 3 3',4',7-tetrasulfate	621.8699109009					C15H6O19S4			plantcyc <https://plantcyc.org/>	quercetin 3,7,3',4'-tetrasulphate // quercetin 3,7,3',4'-tetrasulfate	621.8699109009	C3(/C=C(C(/OS(=O)(=O)[O-])=C\C(\C1(\OC2(/C=C(/C=C(C(\C(=O)C(/OS(=O)(=O)[O-])=1)=2)/O)/OS(=O)(=O)[O-])))=3)/OS(=O)(=O)[O-])		OMQGPSILOWIPLU-UHFFFAOYSA-J									PlantCyc/PMN local PGDB
D-SEDOHEPTULOSE-1-7-P2	D-SEDOHEPTULOSE-1-7-P2	D-sedoheptulose 1,7-bisphosphate	370.0066136209					C7H12O13P2			plantcyc <https://plantcyc.org/>	sedoheptulose 1,7-bisphosphate // SBP	370.0066136209	C(OP(=O)([O-])[O-])[C@@H](O)[C@@H](O)[C@@H](O)[C@H](O)C(COP([O-])(=O)[O-])=O		OKHXOUGRECCASI-SHUUEZRQSA-J									PlantCyc/PMN local PGDB
CPDQT-29	CPDQT-29	8-(methylsulfanyl)-2-oxooctanoate	204.0820150699					C9H15O3S			plantcyc <https://plantcyc.org/>	8-(methylthio)-2-oxooctanoic acid // 8-(methylthio)-2-oxooctanoate	204.0820150699	CSCCCCCCC(=O)C([O-])=O		QDZNKMGEHAHOTA-UHFFFAOYSA-M									PlantCyc/PMN local PGDB
L-ORNITHINE	L-ORNITHINE	L-ornithine	132.0898776398					C5H13N2O2			plantcyc <https://plantcyc.org/>	(S)-2,5-diaminopentanoate // (S)-2,5-diaminopentanoic acid // (S)-2,5-diaminovaleric acid // (S)-alpha,delta-diaminovaleric acid // (S)-ornithine	132.0898776398	C([NH3+])CC[C@H]([NH3+])C(=O)[O-]		AHLPHDHHMVZTML-BYPYZUCNSA-O									PlantCyc/PMN local PGDB
PROPIONATE	PROPIONATE	propanoate	74.0367794368					C3H5O2			plantcyc <https://plantcyc.org/>	propionic acid // ethylformic acid // methylacetic acid // propionate	74.0367794368	CCC(=O)[O-]		XBDQKXXYIPTUBI-UHFFFAOYSA-M									PlantCyc/PMN local PGDB
CPD-7729	CPD-7729	neophaseate	280.1310737525					C15H19O5			plantcyc <https://plantcyc.org/>	neophaseic acid // neoPA	280.1310737525	CC(\C=C\[C@@]2(O)([C@@]1(OC[C@](CC(=O)C1)(C)2)(C)))=C\C(=O)[O-]		IZGYIFFQBZWOLJ-UUZREKTLSA-M									PlantCyc/PMN local PGDB
THIOCYSTEINE	THIOCYSTEINE	S-sulfanyl-L-cysteine	152.9918198541					C3H7NO2S2			plantcyc <https://plantcyc.org/>	3-disulfanyl-L-alanine // L-thiocysteine	152.9918198541	C(SS)[C@@H](C([O-])=O)[NH3+]		XBKONSCREBSMCS-REOHCLBHSA-N									PlantCyc/PMN local PGDB
CPD0-1038	CPD0-1038	thiourea dioxide	107.999348073					CH4N2O2S			plantcyc <https://plantcyc.org/>		107.999348073	C(N)(=[NH2+])S(=O)[O-]		FYOWZTWVYZOZSI-UHFFFAOYSA-N									PlantCyc/PMN local PGDB
D-RIBULOSE-1-P	D-RIBULOSE-1-P	D-ribulose 1-phosphate	230.0191538399					C5H9O8P			plantcyc <https://plantcyc.org/>	D-ribulose-1-P	230.0191538399	C(OP([O-])(=O)[O-])C(=O)[C@H](O)[C@H](O)CO		NBOCCPQHBPGYCX-NQXXGFSBSA-L									PlantCyc/PMN local PGDB
CPD-13031	CPD-13031	( E )-phenylacetaldehyde oxime	135.0684139162					C8H9NO			plantcyc <https://plantcyc.org/>		135.0684139162	C(/CC1(\C=C/C=C\C=1))=N\O		CXISHLWVCSLKOJ-VQHVLOKHSA-N									PlantCyc/PMN local PGDB
CPD-21109	CPD-21109	3-sulfanylhexan-1-ol	134.0765357615					C6H14OS			plantcyc <https://plantcyc.org/>		134.0765357615	CCCC(S)CCO		TYZFMFVWHZKYSE-UHFFFAOYSA-N									PlantCyc/PMN local PGDB
CPD-15895	CPD-15895	aldehydo -D-ribose 5-phosphate	230.0191538399					C5H9O8P			plantcyc <https://plantcyc.org/>	keto -D-ribose 5-phosphate	230.0191538399	C(=O)[C@H](O)[C@H](O)[C@@H](COP([O-])([O-])=O)O		PPQRONHOSHZGFQ-LMVFSUKVSA-L									PlantCyc/PMN local PGDB
CPD-8671	CPD-8671	dopaxanthin	390.106315565					C18H15N2O8			plantcyc <https://plantcyc.org/>		390.106315565	C(\C=C1(C[C@H](NC(/C([O-])=O)=C/1)C([O-])=O))=N\[C@@H](CC2(\C=C/C(/O)=C(\C=2)/O))C([O-])=O		YSNPSKZBOQYUHH-AFUNOPLTSA-K									PlantCyc/PMN local PGDB
CPD-8006	CPD-8006	quercetin 7-O-glucoside	464.0954761072					C21H19O12			plantcyc <https://plantcyc.org/>	quercimeritrin	464.0954761072	C([C@H]4(O[C@@H](OC2(\C=C(C3(\C(C(/[O-])=C(C1(\C=C(C(/O)=C\C=1)\O))\OC(/C=2)=3)=O))\O))[C@@H]([C@H]([C@@H]4O)O)O))O		BBFYUPYFXSSMNV-HMGRVEAOSA-M									PlantCyc/PMN local PGDB
4-METHOXY-3-INDOLYLMETHYL-GLUCOSINOLATE	4-METHOXY-3-INDOLYLMETHYL-GLUCOSINOLATE	4-methoxyglucobrassicin	478.0715863176					C17H21N2O10S2			plantcyc <https://plantcyc.org/>		478.0715863176	COC2(\C3(/C(\CC(\S[C@@H]1(O[C@H](CO)[C@@H](O)[C@H](O)[C@@H](O)1))=N\OS(=O)(=O)[O-])=C\NC(\C=C/C=2)=3))		IIAGSABLXRZUSE-KYKLFQSUSA-M									PlantCyc/PMN local PGDB
MANNITOL-1P	MANNITOL-1P	D-mannitol 1-phosphate	262.0453685904					C6H13O9P			plantcyc <https://plantcyc.org/>	mannitol-1-P	262.0453685904	C([C@H]([C@H]([C@@H]([C@@H](COP([O-])([O-])=O)O)O)O)O)O		GACTWZZMVMUKNG-KVTDHHQDSA-L									PlantCyc/PMN local PGDB
GLT	GLT	L-glutamate	147.0531577825					C5H8NO4			plantcyc <https://plantcyc.org/>	1-amino-propane-1,3-dicarboxylic acid // glutacid // glutaminic acid // L-glutamic acid // alpha-aminoglutaric acid // E // glt // glut // L-glu // 2-aminopentanedioic acid	147.0531577825	C(CC[C@@H](C(=O)[O-])[NH3+])([O-])=O		WHUUTDBJXJRKMK-VKHMYHEASA-M									PlantCyc/PMN local PGDB
METHYLARSONITE	METHYLARSONITE	methylarsonous acid	123.9505508047					CH5O2AS			plantcyc <https://plantcyc.org/>	MMA III // monomethylarsonous acid	123.9505508047	C[As](O)O		OXBIRPQQKCQWGV-UHFFFAOYSA-N									PlantCyc/PMN local PGDB
CPD-12852	CPD-12852	4alpha,14alpha-dimethyl-5alpha-cholesta-8,24-dien-3beta-ol	412.3705161629					C29H48O			plantcyc <https://plantcyc.org/>	5alpha-cholesta-8,24-dien-3beta-ol // 4alpha,14alpha-dimethylzymosterol // 29-norlanosterol // 4-demethyllanosterol	412.3705161629	CC(C)=CCC[C@@H](C)[C@H]2(CC[C@@]3(C)(C4(\CC[C@H]1([C@H](C)[C@@H](O)CC[C@@](C)1C(\CC[C@](C)23)=4))))		KLZWTHGLLDRKHD-PMIIOQGLSA-N									PlantCyc/PMN local PGDB
CPD-11018	CPD-11018	isorhamnetin 3, 4'-bisulfate	475.9719318525					C16H9O13S2			plantcyc <https://plantcyc.org/>		475.9719318525	COC1(\C(\OS(=O)(=O)[O-])=C/C=C(/C=1)/C2(/OC3(/C=C(/C=C(C(\C(=O)C(/OS(=O)(=O)[O-])=2)=3)/O)/[O-])))		XHPUGIGTDBEOQX-UHFFFAOYSA-K									PlantCyc/PMN local PGDB
L-SORBOSONE	L-SORBOSONE	L-sorbosone	178.0477380536					C6H10O6			plantcyc <https://plantcyc.org/>	1-dehydro-L-sorbose // 2-dehydro-L-gulose // L-xylo-hexos-2-ulose	178.0477380536	C(=O)C([C@H]([C@@H]([C@H](CO)O)O)O)=O		DCNMIDLYWOTSGK-KVQBGUIXSA-N									PlantCyc/PMN local PGDB
CPD0-1492	CPD0-1492	ribavirin-5'-monophosphate	324.0470999249					C8H11N4O8P			plantcyc <https://plantcyc.org/>		324.0470999249	C(OP([O-])(=O)[O-])C1(C(O)C(O)C(O1)N2(\N=C(C(=O)N)/N=C\2))		SDWIOXKHTFOULX-UHFFFAOYSA-L									PlantCyc/PMN local PGDB
CPD-12210	CPD-12210	aminoguanidinium	74.0592462134					CH7N4			plantcyc <https://plantcyc.org/>	aminoguanidine	74.0592462134	C(NN)(N)=[NH2+]		HAMNKKUPIHEESI-UHFFFAOYSA-O									PlantCyc/PMN local PGDB
CPD-6745	CPD-6745	D- myo -inositol (1,2,3) trisphosphate	419.962379343					C6H9O15P3			plantcyc <https://plantcyc.org/>	1D- myo -inositol (1,2,3) trisphosphate // I(1,2,3)P 3	419.962379343	[C@@H]1(O)([C@@H](O)[C@H](OP([O-])([O-])=O)[C@H](OP([O-])([O-])=O)[C@H](OP(=O)([O-])[O-])[C@@H](O)1)		GKDKOMAJZATYAY-QWBQGLJISA-H									PlantCyc/PMN local PGDB
S-ADENOSYLMETHIONINE	S-ADENOSYLMETHIONINE	S -adenosyl-L-methionine	400.1528886021					C15H23N6O5S			plantcyc <https://plantcyc.org/>	( S )-S-adenosyl-L-methionine // AdoMet // SAM // 2- S -adenosyl-L-methionine // S -adenosyl-methionine // adenosylmethionine // S -adenosylmethionine	400.1528886021	C[S+](C[C@H]3(O[C@@H](N1(C2(\C(\N=C/1)=C(N)/N=C\N=2)))[C@H](O)[C@H](O)3))CC[C@@H](C(=O)[O-])[NH3+]		MEFKEPWMEQBLKI-FCKMPRQPSA-O									PlantCyc/PMN local PGDB
CPD0-1458	CPD0-1458	1,3-propanediol-P	156.0187599094					C3H7O5P			plantcyc <https://plantcyc.org/>		156.0187599094	C(O)CCOP([O-])([O-])=O		HYCSHFLKPSMPGO-UHFFFAOYSA-L									PlantCyc/PMN local PGDB
S-METHYLGLUTATHIONE	S-METHYLGLUTATHIONE	S -methylglutathione	321.0994560481					C11H18N3O6S			plantcyc <https://plantcyc.org/>	gamma-L-glutamyl-( S -methyl)-L-cysteinyl-glycine	321.0994560481	CSC[C@@H](C(NCC([O-])=O)=O)NC(=O)CC[C@H]([NH3+])C([O-])=O		QTQDDTSVRVWHMO-BQBZGAKWSA-M									PlantCyc/PMN local PGDB
CPD-5804	CPD-5804	p-aminobenzoate-beta-D-glucopyranosyl ester	299.1005019056					C13H17NO7			plantcyc <https://plantcyc.org/>	p-PAPA-Glc	299.1005019056	C([C@@H]2([C@@H](O)[C@@H]([C@@H](O)[C@H](OC(=O)C1(\C=C/C(/N)=C\C=1))O2)O))O		DZWLQKNUQNGEPR-HMUNZLOLSA-N									PlantCyc/PMN local PGDB
LACTALD	LACTALD	( S )-lactaldehyde	74.0367794368					C3H6O2			plantcyc <https://plantcyc.org/>	lactaldehyde // L-lactaldehyde // lactald	74.0367794368	C[C@@H](C=O)O		BSABBBMNWQWLLU-VKHMYHEASA-N									PlantCyc/PMN local PGDB
CPD0-2652	CPD0-2652	phosphatidylglycerolphosphate (1-palmitoyl, 2-oleoyl)	828.4917656111					C40H75O13P2			plantcyc <https://plantcyc.org/>	1-palmitoyl-2-oleoyl- sn -glycero-3-[phospho-rac-(1-glycerol)]	828.4917656111	CCCCCCCC\C=C/CCCCCCCC(=O)O[C@@H](COP([O-])(=O)OCC(O)COP([O-])(=O)[O-])COC(CCCCCCCCCCCCCCC)=O		BKRKPWQBIFVASS-DDDNOICHSA-K									PlantCyc/PMN local PGDB
DETHIOBIOTIN	DETHIOBIOTIN	dethiobiotin	214.1317424545					C10H17N2O3			plantcyc <https://plantcyc.org/>	desthiobiotin // DTB // D-desthiobiotin	214.1317424545	C[C@@H]1(NC(=O)N[C@@H]1CCCCCC(=O)[O-])		AUTOLBMXDDTRRT-JGVFFNPUSA-M									PlantCyc/PMN local PGDB
CPD-4205	CPD-4205	N 6 -prenyladenosine 5'-phosphate	415.1256845969					C15H20N5O7P			plantcyc <https://plantcyc.org/>	isopentenyladenosine-5'-monophosphate // N 6 -(dimethylallyl)adenosine 5'-phosphate // iPMP // isopentenyladenosine riboside-5'-monophosphate // iPRMP	415.1256845969	CC(C)=CCNC3(/N=C\N=C1(C(/N=C\N1[C@@H]2(O[C@H](COP(=O)([O-])[O-])[C@@H](O)[C@@H](O)2))=3))		DUISZFLWBAPRBR-SDBHATRESA-L									PlantCyc/PMN local PGDB
CPD-676	CPD-676	trans -caffeate	180.0422587452					C9H7O4			plantcyc <https://plantcyc.org/>	trans -caffeic acid // 3,4-dihydroxy-cinnamate // (2E)-3-(3,4-dihydroxyphenyl)prop-2-enoic acid // (2E)-3-(3,4-dihydroxyphenyl)prop-2-enoate	180.0422587452	C([O-])(=O)/C=C/C1(/C=C(C(/O)=C\C=1)/O)		QAIPRVGONGVQAS-DUXPYHPUSA-M									PlantCyc/PMN local PGDB
CPD-255	CPD-255	(S)-acetoin	88.052429501					C4H8O2			plantcyc <https://plantcyc.org/>	(S)-2-acetoin // L-(+)-acetoin // (+)-acetoin // (S)-acetylmethylcarbinol	88.052429501	C[C@H](O)C(=O)C		ROWKJAVDOGWPAT-VKHMYHEASA-N									PlantCyc/PMN local PGDB
DIVINYL-PROTOCHLOROPHYLLIDE-A	DIVINYL-PROTOCHLOROPHYLLIDE-A	3,8-divinyl protochlorophyllide a	610.2066619943					C35H28N4O5MG			plantcyc <https://plantcyc.org/>	divinylprotochlorophyllide	610.2066619943	C=CC4(\C(/C)=C5(\C=C7(C(/C)=C(CCC(=O)[O-])/C(C6(/[C-](C(OC)=O)C(=O)C1(\C(\N2([Mg]N(C(/C=C3(C(/C)=C(C=C)/C(\C=C(C(\C)=1)/2)=N3))=4)5))=6)))=N7)))											PlantCyc/PMN local PGDB
CPDQT-415	CPDQT-415	( Z )-&omega;-(methylsulfanyl)nonyl-thiohydroximate	235.1064556814					C10H21NOS2			plantcyc <https://plantcyc.org/>	( Z )- N -hydroxy-9-(methylsulfanyl)nonimidothioate	235.1064556814	CSCCCCCCCCC(\S)=N\O		XVYHPPOLIATKBU-UHFFFAOYSA-N									PlantCyc/PMN local PGDB
L-DELTA1-PYRROLINE_5-CARBOXYLATE	L-DELTA1-PYRROLINE_5-CARBOXYLATE	( S )-1-pyrroline-5-carboxylate	113.0476784741					C5H6NO2			plantcyc <https://plantcyc.org/>	pyrroline 5-carboxylate // L-&Delta; 1 -pyrroline-5-carboxylate // 1-pyrroline-5-carboxylate // L-1-pyrroline-5-carboxylate // delta-1-pyrroline-5-carboxylic acid // delta-1-pyrroline-5-carboxylate	113.0476784741	C1(\CC[C@@H](C(=O)[O-])\N=1)		DWAKNKKXGALPNW-BYPYZUCNSA-M									PlantCyc/PMN local PGDB
CPD-21254	CPD-21254	beta-L-idopyranuronate	194.0426526757					C6H9O7			plantcyc <https://plantcyc.org/>		194.0426526757	C([O-])(=O)[C@@H]1(O[C@H](O)[C@H](O)[C@@H](O)[C@H](O)1)		AEMOLEFTQBMNLQ-URDJKYRMSA-M									PlantCyc/PMN local PGDB
CPD-5847	CPD-5847	4alpha-hydroxymethyl-4beta-methyl-5alpha-cholest-7-en-3beta-ol	430.3810808492					C29H50O2			plantcyc <https://plantcyc.org/>		430.3810808492	CC(C)CCC[C@@H](C)[C@H]4(CC[C@@H]1([C@](C)(CC[C@H]3(C1=CC[C@H]2([C@@](CO)(C)[C@H](CC[C@@](C)23)O)))4))		DWEXIFLNCXYYAA-AQTSNUJDSA-N									PlantCyc/PMN local PGDB
CPDQT-405	CPDQT-405	( E )-7-(methyltsulfanyl)heptanal oxime	175.103084863					C8H17NOS			plantcyc <https://plantcyc.org/>	( E )-7-(methylthio)heptanal oxime	175.103084863	CSCCCCCC/C=N/O		LLTRNSKZFVUNLQ-VQHVLOKHSA-N									PlantCyc/PMN local PGDB
SEROTONIN	SEROTONIN	serotonin	176.0949630177					C10H13N2O			plantcyc <https://plantcyc.org/>	5-HT // hydroxytryptamine // 5-hydroxytryptamine // 3-(2-aminoethyl)-1H-indol-5-ol // enteramine // thrombocytin // thrombotonin	176.0949630177	C([NH3+])CC1(\C2(/C=C(\C=C/C(/N\C=1)=2)/O))		QZAYGJVTTNCVMB-UHFFFAOYSA-O									PlantCyc/PMN local PGDB
CPD-10511	CPD-10511	hexadecanedioate	286.2144094514					C16H28O4			plantcyc <https://plantcyc.org/>	1,16-hexadecanedioate // alpha,&omega;-hexadecanedioate	286.2144094514	C(=O)([O-])CCCCCCCCCCCCCCC(=O)[O-]		QQHJDPROMQRDLA-UHFFFAOYSA-L									PlantCyc/PMN local PGDB
CPD-7545	CPD-7545	( Z )-1-(L-cystein- S -yl)- N -hydroxy-2-phenylethan-1-imine	254.0725130161					C11H14N2O3S			plantcyc <https://plantcyc.org/>		254.0725130161	C(=O)([O-])[C@@H]([NH3+])CSC(/CC1(\C=C/C=C\C=1))=N/O		DPHQZNQYOOCWSR-FWSONLODSA-N									PlantCyc/PMN local PGDB
CPD-7003	CPD-7003	tetrahydrogeranylgeranyl diphosphate	454.2249266587					C20H37O7P2			plantcyc <https://plantcyc.org/>	tetrahydroGGPP // tetrahydrogeranylgeranyl pyrophosphate // tetrahydrogeranylgeranyl-PP	454.2249266587	CC(C)=CCC[C@H](CCC[C@H](CCCC(\C)=C/COP([O-])(=O)OP([O-])(=O)[O-])C)C		VZBGWADXUJSBTI-PYDDKJGSSA-K									PlantCyc/PMN local PGDB
CPD-9517	CPD-9517	(2S)-2-amino-4-deoxy-chorismate	225.0637224688					C10H10NO5			plantcyc <https://plantcyc.org/>	2-amino-2-deoxyisochorismate // 2-amino-4-deoxychorismate // (2S)-2-amino-4-deoxy-chorismic acid // (2S)-2-amino-2-deoxy-isochorismate // (2S)-2-amino-2-deoxy-isochorismic acid	225.0637224688	C=C(O[C@H]1(\C=C/C=C([C@@H]1[NH3+])/C(=O)[O-]))C(=O)[O-]		OKLGKGPAZUNROU-YUMQZZPRSA-M									PlantCyc/PMN local PGDB
3-SULFINOALANINE	3-SULFINOALANINE	3-sulfino-L-alanine	153.0095784083					C3H6NO4S			plantcyc <https://plantcyc.org/>	cysteine sulfinate // cysteine sulphinate // L-cysteine sulfinate // 3-sulfinoalanine // L-cysteinesulfinic acid // 3-sulphino-L-alanine // cysteine-sulfinate // cysteine sulfinic acid // cysteinesulfinic acid	153.0095784083	C([C@H]([NH3+])C(=O)[O-])S([O-])=O		ADVPTQAUNPRNPO-REOHCLBHSA-M									PlantCyc/PMN local PGDB
CPD-9923	CPD-9923	(1 R ,6 R )-6-hydroxy-2-succinylcyclohexa-2,4-diene-1-carboxylate	240.0633881178					C11H10O6			plantcyc <https://plantcyc.org/>	(1R,6R)-6-hydroxy-2-succinyl-cyclohexa-2,4-diene-1-carboxylate	240.0633881178	C1(\C=C([C@H]([C@H](O)\C=1)C(=O)[O-])\C(=O)CCC(=O)[O-])		QJYRAJSESKVEAE-PSASIEDQSA-L									PlantCyc/PMN local PGDB
CPD-11932	CPD-11932	P 1 ,P 6 - bis (5'-adenosyl) hexaphosphate	995.9809256275					C20H24N10O25P6			plantcyc <https://plantcyc.org/>	AppppppA // adenosine(5')hexaphospho(5')adenosine // P1-P6-bis(5'-adenosyl) hexaphosphate // P(1),P(6)-di(adenosine-5'-)hexaphosphate // Ap 6 A // bis (5'-adenosyl) hexaphosphate // 5',5'''-diadenosine hexaphosphate	995.9809256275	C(OP(=O)([O-])OP(=O)([O-])OP(=O)([O-])OP(=O)([O-])OP(=O)([O-])OP(=O)([O-])OC[C@H]3(O[C@@H](N1(C2(\C(\N=C/1)=C(N)/N=C\N=2)))[C@H](O)[C@H](O)3))[C@H]6(O[C@@H](N4(C5(\C(\N=C/4)=C(N)/N=C\N=5)))[C@H](O)[C@H](O)6)		PZCFFCOJNXGTIM-XPWFQUROSA-H									PlantCyc/PMN local PGDB
IODOACETAMIDE	IODOACETAMIDE	iodoacetamide	184.9337567557					C2H4NOI			plantcyc <https://plantcyc.org/>	iodoacetoamide // 2-iodoacetamide // acetamide, 2-iodo- // monoiodoacetamide // surauto // N-(3-methoxy-4-butoxybenzyl)thiobarbituric acid	184.9337567557	C(I)C(N)=O		PGLTVOMIXTUURA-UHFFFAOYSA-N									PlantCyc/PMN local PGDB
2-5-DIHYDROXYPYRIDINE	2-5-DIHYDROXYPYRIDINE	2,5-dihydroxypyridine	111.0320284099					C5H5NO2			plantcyc <https://plantcyc.org/>	5-hydroxy-2(1H)-pyridinone	111.0320284099	C1(\C(\O)=C/C=C(\N=1)/O)		CHGPEDOMXOLANF-UHFFFAOYSA-N									PlantCyc/PMN local PGDB
SPHINGOSINE	SPHINGOSINE	sphingosine	299.2824294371					C18H38NO2			plantcyc <https://plantcyc.org/>	sphingenine // (4E)-sphing-4-enine // D- erythro -sphingosine // 2-amino-4-octadecene-1,3-diol	299.2824294371	CCCCCCCCCCCCC/C=C/[C@@H](O)[C@@H]([NH3+])CO		WWUZIQQURGPMPG-KRWOKUGFSA-O									PlantCyc/PMN local PGDB
CPD-13420	CPD-13420	(+)-7- epi -12-hydroxyjasmonoyl-L-isoleucine	339.2045730466					C18H28NO5			plantcyc <https://plantcyc.org/>	(3R,7S)-12-OH-JA-Ile // (3R,7S)-12-hydroxyjasmonoyl-isoleucine // (3R,7S)-12-hydroxyjasmonoyl-L-isoleucine // (+)-7- iso -12-hydroxyjasmonoyl-L-isoleucine	339.2045730466	CC[C@H](C)[C@H](NC(=O)C[C@H]1(CCC(=O)[C@@H](C\C=C/CCO)1))C([O-])=O		TXHIPUZLOILIIU-RAJZRIHCSA-M									PlantCyc/PMN local PGDB
CPD-15408	CPD-15408	2-chloroacrylate	105.9821570505					C3H2O2CL			plantcyc <https://plantcyc.org/>		105.9821570505	C=C(Cl)C(=O)[O-]		SZTBMYHIYNGYIA-UHFFFAOYSA-M									PlantCyc/PMN local PGDB
CHLOROPHYLLIDE-A	CHLOROPHYLLIDE-A	chlorophyllide a	614.2379621227					C35H32N4O5MG			plantcyc <https://plantcyc.org/>	chlorophyllide	614.2379621227	C=CC4(\C(/C)=C5(\C=C7([C@@H](C)[C@H](CCC(=O)[O-])C(\C6(/[C@@H-](C(OC)=O)C(=O)C1(\C(\N2([Mg]N(C(/C=C3(C(/C)=C(CC)/C(\C=C(C(\C)=1)/2)=N3))=4)5))=6)))=N7)))											PlantCyc/PMN local PGDB
CPD-13357	CPD-13357	(2 R )-2,3-dihydroxy-3-methylbutanoate	134.0579088094					C5H9O4			plantcyc <https://plantcyc.org/>	( R )-2,3-dihydroxy-3-methylbutanoate // ( R )-2,3-dihydroxy-isovalerate	134.0579088094	CC(C)(O)[C@@H](O)C(=O)[O-]		JTEYKUFKXGDTEU-VKHMYHEASA-M									PlantCyc/PMN local PGDB
CPD-7770	CPD-7770	uniconazole-P	291.1138399255					C15H18N3OCL			plantcyc <https://plantcyc.org/>		291.1138399255	CC([C@@H](C(/N1(\C=N/C=N\1))=C\C2(\C=C/C(/Cl)=C\C=2))O)(C)C		YNWVFADWVLCOPU-MAUPQMMJSA-N									PlantCyc/PMN local PGDB
CPD0-1681	CPD0-1681	(3S)-3-(1-carboxylatoethenoxy)cyclohepta-1,6-diene-1-carboxylate	224.0684734957					C11H10O5			plantcyc <https://plantcyc.org/>	cycloheptadienyl compound	224.0684734957	C=C(C(=O)[O-])O[C@@H]1(/C=C(\C=C/CC1)/C(=O)[O-])		VJFDVDXXJRSPLZ-VIFPVBQESA-L									PlantCyc/PMN local PGDB
CPD-10420	CPD-10420	4-sulfomuconolactone	221.9834232373					C6H4O7S			plantcyc <https://plantcyc.org/>	4-carboxymethylen-4-sulfo-but-2-en-olide	221.9834232373	C([O-])(=O)CC1(S(=O)(=O)[O-])(\C=C/C(=O)O1)		WEEOYKXHMIPYQX-UHFFFAOYSA-L									PlantCyc/PMN local PGDB
CPD4FS-5	CPD4FS-5	beta-L-gulose 1-phosphate	260.0297185262					C6H11O9P			plantcyc <https://plantcyc.org/>		260.0297185262	C([C@@H]1(O[C@H](OP(=O)([O-])[O-])[C@H]([C@H]([C@H](O)1)O)O))O		HXXFSFRBOHSIMQ-BYIBVSMXSA-L									PlantCyc/PMN local PGDB
CPD-21554	CPD-21554	strychnine	334.1681279608					C21H23N2O2			plantcyc <https://plantcyc.org/>		334.1681279608	C7(\C=C6([C@@]15(CC[NH+]2(CC3(\[C@H](C[C@@H]12)[C@H]4([C@@H](OC/C=3)CC(=O)N([C@@H]45)C/6=C/C=7))))))		QMGVPVSNSZLJIA-FVWCLLPLSA-O									PlantCyc/PMN local PGDB
CPD-19470	CPD-19470	1-hydroxyglucobrassicin	464.0559362534					C16H19N2O10S2			plantcyc <https://plantcyc.org/>		464.0559362534	C2(\N(O)C3(/C=C\C=C/C(/C(\CC(\S[C@@H]1(O[C@H](CO)[C@@H](O)[C@H](O)[C@@H](O)1))=N\OS(=O)(=O)[O-])=2)=3))		WKXRXDCADOCIEN-URUUWQEUSA-M									PlantCyc/PMN local PGDB
XYLULOSE-5-PHOSPHATE	XYLULOSE-5-PHOSPHATE	D-xylulose 5-phosphate	230.0191538399					C5H9O8P			plantcyc <https://plantcyc.org/>	xylulose 5-phosphate // xylulose-phosphate // D-xylulose-5-P // xylulose-P	230.0191538399	C(OP([O-])(=O)[O-])[C@@H](O)[C@H](O)C(=O)CO		FNZLKVNUWIIPSJ-RFZPGFLSSA-L									PlantCyc/PMN local PGDB
DTDP-RHAMNOSE	DTDP-RHAMNOSE	dTDP-beta-L-rhamnose	548.0808411965					C16H24N2O15P2			plantcyc <https://plantcyc.org/>	dTDP-6-deoxy-beta-L-mannose // dTDP-L-rhamnose // dTDP-L-Rha	548.0808411965	CC1(\C(=O)NC(=O)N(\C=1)[C@H]3(C[C@H](O)[C@@H](COP(=O)([O-])OP(=O)([O-])O[C@H]2(O[C@@H](C)[C@H](O)[C@@H](O)[C@@H](O)2))O3))		ZOSQFDVXNQFKBY-CGAXJHMRSA-L									PlantCyc/PMN local PGDB
HYDRPHENYLAC-CPD	HYDRPHENYLAC-CPD	(4-hydroxyphenyl)acetaldehyde	136.052429501					C8H8O2			plantcyc <https://plantcyc.org/>	HPAL	136.052429501	C(=O)CC1(\C=C/C(/O)=C\C=1)		IPRPPFIAVHPVJH-UHFFFAOYSA-N									PlantCyc/PMN local PGDB
CPD-7141	CPD-7141	monodemalonylsalvianin	843.198383316					C39H37O21			plantcyc <https://plantcyc.org/>	4'''-demalonylsalvianin // pelargonidin 3-O-(6-caffeoyl-beta-D-glucoside) 5-O-(6-O-malonyl-beta-D-glucoside)	843.198383316	C(OC(=O)/C=C/C1(/C=C(C(/O)=C\C=1)/O))[C@@H]2([C@@H](O)[C@H](O)[C@@H](O)[C@@H](O2)OC3(\C(=[O+]C4(\C=C(/C=C(C(\C=3)=4)/O[C@H]5([C@@H]([C@H]([C@@H]([C@H](O5)COC(=O)CC(=O)[O-])O)O)O))\[O-]))C6(\C=C/C(/O)=C\C=6)))		HWGACSBPJIKSNP-KMKFZPLVSA-M									PlantCyc/PMN local PGDB
DEOXYXYLULOSE-5P	DEOXYXYLULOSE-5P	1-deoxy-D-xylulose 5-phosphate	214.0242392178					C5H9O7P			plantcyc <https://plantcyc.org/>	DXP // deoxyxylulose-5-phosphate // D-1-deoxyxylulose-5-P // 1-deoxy-D-threo-pentulose 5-phosphate // DOXP	214.0242392178	CC(=O)[C@@H](O)[C@H](O)COP([O-])(=O)[O-]		AJPADPZSRRUGHI-RFZPGFLSSA-L									PlantCyc/PMN local PGDB
CPD-12571	CPD-12571	selgin	316.0583027399					C16H11O7			plantcyc <https://plantcyc.org/>	3'- O -methyltricetin	316.0583027399	COC1(/C=C(/C=C(C(\O)=1)/O)/C2(/OC3(/C=C(/C=C(C(\C(=O)\C=2)=3)/O)/[O-])))		UGPOBASOHYMNAK-UHFFFAOYSA-M									PlantCyc/PMN local PGDB
CPD-12503	CPD-12503	mizoribine 5'-monophosphate	339.0467655739					C9H12N3O9P			plantcyc <https://plantcyc.org/>	MMP // bredinin 5'-monophosphate	339.0467655739	C(OP(=O)([O-])[O-])[C@@H]2([C@H]([C@H]([C@H](N1(\C=N/C(\C(N)=O)=C1/O))O2)O)O)		KTKAFSMJDTUUAN-UUOKFMHZSA-L									PlantCyc/PMN local PGDB
CPD-11940	CPD-11940	apiforol	274.0841235599					C15H14O5			plantcyc <https://plantcyc.org/>	leucoapigeninidin	274.0841235599	C3(/C=C(\C=C/C(/[C@H]1(OC2(\C(/C(C1)O)=C(/C=C(/C=2)/O)\O)))=3)/O)		RPKUCYSGAXIESU-ABLWVSNPSA-N									PlantCyc/PMN local PGDB
CPD-7002	CPD-7002	dihydrogeranylgeranyl diphosphate	452.2092765945					C20H35O7P2			plantcyc <https://plantcyc.org/>	dihydroGGPP // dihydrogeranylgeranyl-PP // dihydrogeranylgeranyl pyrophosphate	452.2092765945	CC(C)=CCCC(\C)=C/CC[C@H](CCCC(\C)=C/COP([O-])(=O)OP([O-])(=O)[O-])C		YJGANOFPASCZBK-WCNZLWBOSA-K									PlantCyc/PMN local PGDB
CPD-12374	CPD-12374	indole-5,6-quinone-2-carboxylate	191.0218576541					C9H4NO4			plantcyc <https://plantcyc.org/>	ICQA	191.0218576541	C([O-])(=O)C1(\NC2(\C(/C=1)=C/C(=O)C(=O)/C=2))		FXURFKFOPCZEKG-UHFFFAOYSA-M									PlantCyc/PMN local PGDB
CPD-13829	CPD-13829	alpha-D-rhamnopyranose	164.0684734957					C6H12O5			plantcyc <https://plantcyc.org/>	alpha-D-rhamnose	164.0684734957	C[C@@H]1([C@H]([C@@H]([C@@H]([C@H](O1)O)O)O)O)		SHZGCJCMOBCMKK-PQMKYFCFSA-N									PlantCyc/PMN local PGDB
CPD-8621	CPD-8621	zymostenol	386.3548660987					C27H46O			plantcyc <https://plantcyc.org/>	5alpha-cholesta-8-en-3beta-ol // cholestenol // cholest-8-en-3-ol	386.3548660987	CC(C)CCC[C@H]([C@@H]4([C@]1(C)([C@H](C2(\CC[C@@H]3([C@@](C)(C(\CC1)=2)CC[C@H](O)C3)))CC4)))C		QETLKNDKQOXZRP-XTGBIJOFSA-N									PlantCyc/PMN local PGDB
4-ALPHA-METHYL-5-ALPHA-CHOLEST-7-EN-3-ON	4-ALPHA-METHYL-5-ALPHA-CHOLEST-7-EN-3-ON	4alpha-methyl-5alpha-cholest-7-en-3-one	398.3548660987					C28H46O			plantcyc <https://plantcyc.org/>		398.3548660987	CC(C)CCC[C@@H](C)[C@H]3(CC[C@H]4(C1([C@@H]([C@]2(CCC(=O)[C@@H](C)[C@H](CC=1)2)(C))CC[C@](C)34)))		OWKGVPXWOHLTSL-LIUJFMQASA-N									PlantCyc/PMN local PGDB
3-DEOXY-D-ARABINO-HEPTULOSONATE-7-P	3-DEOXY-D-ARABINO-HEPTULOSONATE-7-P	3-deoxy-D-arabino-heptulosonate 7-phosphate	288.0246331483					C7H10O10P			plantcyc <https://plantcyc.org/>	3-deoxy-D-arabino-heptulosonate-7-P // 3-deoxy-arabino-heptulosonate 7-phosphate // 3-deoxy-arabino-heptulosonate-7-P // 2-dehydro-3-deoxy-D-arabino-heptonate 7-phosphate // 3-deoxy-D-arabino-hept-2-ulosonate 7-phosphate // 3-deoxy-arabino-heptulonate 7-phosphate // DAHP	288.0246331483	C(=O)([O-])C(=O)C[C@@H](O)[C@H](O)[C@H](O)COP([O-])(=O)[O-]		PJWIPEXIFFQAQZ-PUFIMZNGSA-K									PlantCyc/PMN local PGDB
ACETYL-ETCETERA-L-ASPARAGINE	ACETYL-ETCETERA-L-ASPARAGINE	N 4 -(beta- N -acetyl-D-glucosaminyl)-L-asparagine	335.1328646665					C12H21N3O8			plantcyc <https://plantcyc.org/>	1-beta-aspartyl- N -acetyl-D-glucosaminylamine // N 4 -(acetyl-beta-D-glucosaminyl)asparagine // N 4 -(beta-N-acetyl-D-glucosaminyl)-L-asparagine	335.1328646665	CC(=O)N[C@@H]1([C@@H](O)[C@H](O)[C@@H](CO)O[C@H]1NC(=O)C[C@H]([NH3+])C(=O)[O-])		YTTRPBWEMMPYSW-HRRFRDKFSA-N									PlantCyc/PMN local PGDB
CPD-26003	CPD-26003	9,16-DiHpOTrE	342.2042386956					C18H29O6			plantcyc <https://plantcyc.org/>	9,16-dihydroperoxy-10E,12Z,14E-octadecatrienoic acid // 9,16-dihydroperoxy-10E,12Z,14E-octadecatrienoate // (10E,12Z,14E)-9,16-dihydroperoxyoctadeca-(10,12,14)-trienoate	342.2042386956	CCC(OO)/C=C/C=C\C=C\C(CCCCCCCC([O-])=O)OO		MFVHQYMRUDEPIO-KSRQSNCLSA-M									PlantCyc/PMN local PGDB
CPD-94	CPD-94	dihydroconiferyl alcohol	182.0942943157					C10H14O3			plantcyc <https://plantcyc.org/>		182.0942943157	COC1(\C(\O)=C/C=C(CCCO)\C=1)		MWOMNLDJNQWJMK-UHFFFAOYSA-N									PlantCyc/PMN local PGDB
CPD-653	CPD-653	( S )-NADHX	683.135336383					C21H29N7O15P2			plantcyc <https://plantcyc.org/>	(6 S )-6-beta-hydroxy-1,4,5,6-tetrahydronicotinamide-adenine dinucleotide	683.135336383	C1(/N([C@@H](O)CCC(/C(N)=O)=1)[C@@H]5(O[C@H](COP(OP(OC[C@H]4(O[C@@H](N2(C3(\C(\N=C/2)=C(N)/N=C\N=3)))[C@H](O)[C@H](O)4))(=O)[O-])(=O)[O-])[C@@H](O)[C@@H](O)5))		IDBZKGQRLBFUFQ-VPHRTNKSSA-L									PlantCyc/PMN local PGDB
CPD-12630	CPD-12630	benzoyl-beta-D-glucopyranose	284.0896028683					C13H16O7			plantcyc <https://plantcyc.org/>	benzoic acid beta-D- glucose ester // benzenecarboxylic acid beta-D-glucose ester // phenylformic acid glucose ester // beta-D-glucopyranose, 1-benzoate // benzoyl-beta-glucoside // benzoyl-beta-D-glucoside // benzoate beta-D-glucose ester	284.0896028683	C(O)[C@H]2(O[C@@H](OC(C1(\C=C/C=C\C=1))=O)[C@H](O)[C@@H](O)[C@H](O)2)		LVFCLUMIBMHAFL-HMUNZLOLSA-N									PlantCyc/PMN local PGDB
CPD-471	CPD-471	(R)-3-amino-2-methylpropanoate	103.0633285383					C4H9NO2			plantcyc <https://plantcyc.org/>	D-3-amino-isobutanoate // 2-methyl-beta-alanine	103.0633285383	C[C@H](C[NH3+])C([O-])=O		QCHPKSFMDHPSNR-GSVOUGTGSA-N									PlantCyc/PMN local PGDB
CPD-597	CPD-597	N -carbamoylputrescine	131.105862055					C5H14N3O			plantcyc <https://plantcyc.org/>		131.105862055	C(CCCNC(N)=O)[NH3+]		YANFYYGANIYHGI-UHFFFAOYSA-O									PlantCyc/PMN local PGDB
CPD-406	CPD-406	N-methylethanolamine phosphate	155.0347443246					C3H9NO4P			plantcyc <https://plantcyc.org/>	P-MME	155.0347443246	C[NH2+]CCOP([O-])([O-])=O		HZDCAHRLLXEQFY-UHFFFAOYSA-M									PlantCyc/PMN local PGDB
CPD-14488	CPD-14488	alpha-D-glucuronate	194.0426526757					C6H9O7			plantcyc <https://plantcyc.org/>	alpha-D-glucuronic acid // alpha-D-glucopyranuronic acid	194.0426526757	[C@H]1(O)([C@@H](O)[C@@H](O)O[C@H](C(=O)[O-])[C@@H](O)1)		AEMOLEFTQBMNLQ-WAXACMCWSA-M									PlantCyc/PMN local PGDB
CPD0-1245	CPD0-1245	D,L- gamma-hydroxyphosphinothricin	197.0453090109					C5H11NO5P			plantcyc <https://plantcyc.org/>	GHPPT	197.0453090109	CP([O-])(=O)C(O)CC([NH3+])C(=O)[O-]		ZFYMZQBTTYLNFW-UHFFFAOYSA-M									PlantCyc/PMN local PGDB
ASCORBATE	ASCORBATE	L-ascorbate	176.0320879894					C6H7O6			plantcyc <https://plantcyc.org/>	L-ascorbic acid // vitamin C // ascorbic acid	176.0320879894	C(O)[C@H](O)[C@@H]1(C(\[O-])=C(C(=O)O1)\O)		CIWBSHSKHKDKBQ-JLAZNSOCSA-M									PlantCyc/PMN local PGDB
GDP-D-GLUCOSE	GDP-D-GLUCOSE	GDP-alpha-D-glucose	605.0771528021					C16H23N5O16P2			plantcyc <https://plantcyc.org/>	GDP-glucose	605.0771528021	C(O)[C@@H]1([C@@H](O)[C@H](O)[C@@H](O)[C@H](O1)OP(OP(=O)([O-])OC[C@H]4(O[C@@H](N2(C3(\N=C(N)/NC(=O)C(\N=C/2)=3)))[C@H](O)[C@H](O)4))(=O)[O-])		MVMSCBBUIHUTGJ-LRJDVEEWSA-L									PlantCyc/PMN local PGDB
23-DIHYDROGOSSYPETIN	23-DIHYDROGOSSYPETIN	2,3-dihydrogossypetin	320.053217362					C15H12O8			plantcyc <https://plantcyc.org/>		320.053217362	C3(/C=C(C(/O)=C\C(\C1(OC2(/C(/O)=C(/C=C(C(\C(=O)C(O)1)=2)/O)/O)))=3)/O)		ZHPLPRUARZZBET-UHFFFAOYSA-N									PlantCyc/PMN local PGDB
DIHYDROXYNAPHTHOATE	DIHYDROXYNAPHTHOATE	1,4-dihydroxy-2-naphthoate	204.0422587452					C11H7O4			plantcyc <https://plantcyc.org/>	DHNA // 2-carboxy-1,4-naphthoquinol	204.0422587452	C([O-])(=O)C1(/C=C(C2(/C=C\C=C/C(/C(/O)=1)=2))/O)		VOJUXHHACRXLTD-UHFFFAOYSA-M									PlantCyc/PMN local PGDB
DEAMIDO-NAD	DEAMIDO-NAD	nicotinate adenine dinucleotide	666.1087872815					C21H24N6O15P2			plantcyc <https://plantcyc.org/>	deamino-NAD+ // NaADN // deamido-NAD + // deamidonicotinamide adenine dinucleoetide // deamido-NAD // NaAD // nicotinic acid adenine dinucleotide	666.1087872815	C5(/C(/C([O-])=O)=C\C=C/[N+](/[C@@H]4(O[C@H](COP(OP(OC[C@H]3(O[C@@H](N1(C2(\C(\N=C/1)=C(N)/N=C\N=2)))[C@H](O)[C@H](O)3))(=O)[O-])(=O)[O-])[C@@H](O)[C@@H](O)4))=5)		SENPVEZBRZQVST-HISDBWNOSA-L									PlantCyc/PMN local PGDB
CPD0-1816	CPD0-1816	1,3-dioctanoyl-1,2,3-butanetriol	358.2719243303					C20H38O5			plantcyc <https://plantcyc.org/>	3-methyl-1,3-diC 8	358.2719243303	CCCCCCCCC(=O)OC(C(O)OC(=O)CCCCCCC)C		SRFVRYYBZCVQMB-UHFFFAOYSA-N									PlantCyc/PMN local PGDB
CPD-17447	CPD-17447	gamma-L-glutamyl-( S )-methyl-L-cysteine	264.0779923245					C9H15N2O5S			plantcyc <https://plantcyc.org/>		264.0779923245	CSC[C@@H](C([O-])=O)NC(=O)CC[C@H]([NH3+])C([O-])=O		UPCDLBPYWXOCOK-WDSKDSINSA-M									PlantCyc/PMN local PGDB
CPD-13669	CPD-13669	11alpha,30-dihydroxy-beta-amyrin	458.3759954713					C30H50O3			plantcyc <https://plantcyc.org/>		458.3759954713	C[C@]1([C@H](CC[C@@]2(C5([C@@](CCC12)([C@]3(C(/C4([C@@](CC3)(CC[C@@](C4)(CO)C)C))=C/[C@@H](O)5)C)C))C)O)C		LOBOMSGBFMNHBJ-AQJOBQINSA-N									PlantCyc/PMN local PGDB
CPD-13667	CPD-13667	11-oxo-beta-amyrin	440.365430785					C30H48O2			plantcyc <https://plantcyc.org/>		440.365430785	C[C@@]4(CC5(C2(\[C@]([C@@]1(CCC3([C@]([C@H](CC[C@](C1C(=O)\C=2)3C)O)(C)C))C)(CC[C@@](CC4)5C)C)))C		UKAIYBGRLWQHDQ-VCUIEPQISA-N									PlantCyc/PMN local PGDB
CPD-11984	CPD-11984	mono- trans ,octa- cis -decaprenyl diphosphate	858.5692280711					C50H81O7P2			plantcyc <https://plantcyc.org/>	&omega;, mono- E ,poly- Z -decaprenyl diphosphate // (2Z,6Z,10Z,14Z,18Z,22Z,26Z,30Z,34E)-decaprenyl diphosphate // &omega;, mono- trans ,poly- cis -decaprenyl diphosphate // &omega;, mono- E ,octa- Z -decaprenyl diphosphate // &omega;, mono- trans ,octa- cis -decaprenyl diphosphate	858.5692280711	CC(C)=CCCC(\C)=C/CCC(/C)=C/CCC(/C)=C/CCC(/C)=C/CCC(/C)=C/CCC(/C)=C/CCC(/C)=C/CCC(/C)=C/CCC(/C)=C/COP([O-])(=O)OP([O-])(=O)[O-]		FSCYHDCTHRVSKN-DJNGBRKISA-K									PlantCyc/PMN local PGDB
CPD-11608	CPD-11608	beta-sitosterol 3-O-beta-D-glucoside	576.4389896586					C35H60O6			plantcyc <https://plantcyc.org/>	beta-sitosterol glucoside // O -glucosyl-beta-sitosterol // beta-sitosterol-beta-D-glucopyranoside // daucosterol // 3- O -beta-D-glucosyl-beta-sitosterol	576.4389896586	CC[C@@H](C(C)C)CC[C@@H](C)[C@H]4(CC[C@H]5([C@@H]3(C\C=C2(C[C@@H](O[C@@H]1(O[C@H](CO)[C@@H](O)[C@H](O)[C@@H](O)1))CC[C@@](C)2[C@H]3CC[C@](C)45))))		NPJICTMALKLTFW-OFUAXYCQSA-N									PlantCyc/PMN local PGDB
O-SINAPOYLGLUCARATE	O-SINAPOYLGLUCARATE	2- O -sinapoyl-D-glucarate	416.0954761072					C17H18O12			plantcyc <https://plantcyc.org/>	6-[4-(2-carboxyvinyl)-2,6-dimethoxy-phenoxy]-2,3,4,5- tetrahydroxy-6-oxo-hexanoic acid // 2- O -[( E )-sinapoyl]-D-glucarate	416.0954761072	COC1(/C=C(/C=C(C(\O)=1)/OC)/C=C/C(=O)O[C@@H](C(=O)[O-])[C@@H](O)[C@H](O)[C@H](O)C(=O)[O-])		XQQYFEOTBHJJDK-GRRSETRSSA-L									PlantCyc/PMN local PGDB
CPD-6061	CPD-6061	F-dUMP	326.0315300824					C9H10N2O8PF			plantcyc <https://plantcyc.org/>	2-fluoro-2-deoxy-uridine 5'-monophosphate // dUflMP // 2'-deoxy-5-fluoro-uridine 5'-monophosphate // fluorodeoxyuridylate // 5-fluorodeoxyuridine monophosphate	326.0315300824	C(OP(=O)([O-])[O-])[C@@H]2([C@H](C[C@H](N1(/C=C(C(=O)NC1=O)/F))O2)O)		HFEKDTCAMMOLQP-RRKCRQDMSA-L									PlantCyc/PMN local PGDB
CPD-16638	CPD-16638	12-demethyl-elloramycin	646.1897704229					C31H34O15			plantcyc <https://plantcyc.org/>	8-demethyl-8-(2,3,4-O-trimethyl-alpha-L-rhamnosyl)-tetracenomycin C	646.1897704229	CC1(/C3(C(/C=C(C(/C(=O)OC)=1)/O[C@H]2([C@H](OC)[C@@H]([C@H]([C@H](C)O2)OC)OC))=C/C4(/C([C@]5([C@@H](C(/OC)=C\C(=O)[C@@](C(C(/C(O)=3)=4)=O)5O)O)O)=O)))		GDMKCWSZMAFALT-WNSZSYCKSA-N									PlantCyc/PMN local PGDB
3-DEMETHYLSTAUROSPORINE	3-DEMETHYLSTAUROSPORINE	3'- O -demethyl-staurosporine	452.1848406575					C27H25N4O3			plantcyc <https://plantcyc.org/>	DMSTP // 3'-demethyl-staurosporine	452.1848406575	C[C@@]15(O[C@H](C[C@@H]([NH2+]C)[C@@H](O)1)N2(C8(/C=C\C=C/C(/C3(C7(\C(=O)NCC(/C4(C6(/C=C\C=C/C(/N(C(C2=3)=4)5)=6)))=7)))=8)))		YFYYWLWHOINTHH-FCHZLITKSA-O									PlantCyc/PMN local PGDB
CPD-14280	CPD-14280	(2 E )-icos-2-enoyl-CoA	1059.3918241433					C41H68N7O17P3S			plantcyc <https://plantcyc.org/>	trans -2,3-dihydro-arachido-2-enoyl-CoA // trans -arachido-2-enoyl-CoA // (2 E )-arachido-2-enoyl-CoA	1059.3918241433	CCCCCCCCCCCCCCCCC/C=C/C(=O)SCCNC(=O)CCNC([C@H](O)C(C)(C)COP([O-])(=O)OP([O-])(=O)OC[C@@H]1([C@@H](OP(=O)([O-])[O-])[C@@H](O)[C@@H](O1)N2(\C=N/C3(C(/N)=N\C=N/C2=3))))=O		ROOFWBIMBMJYGA-DSAUMYHJSA-J									PlantCyc/PMN local PGDB
LYS	LYS	L-lysine	146.105527704					C6H15N2O2			plantcyc <https://plantcyc.org/>	K // lysine // L-lys // lys // 2,6-diaminohexanoic acid // lysine acid	146.105527704	C([NH3+])CCC[C@H]([NH3+])C([O-])=O		KDXKERNSBIXSRK-YFKPBYRVSA-O									PlantCyc/PMN local PGDB
PORPHOBILINOGEN	PORPHOBILINOGEN	porphobilinogen	226.0953569482					C10H13N2O4			plantcyc <https://plantcyc.org/>		226.0953569482	C(C1(\N\C=C(CCC(=O)[O-])/C(\CC(=O)[O-])=1))[NH3+]		QSHWIQZFGQKFMA-UHFFFAOYSA-M									PlantCyc/PMN local PGDB
CPD-10274	CPD-10274	(1 Z ,2 S )-2-methylbutanal oxime	101.0840639804					C5H11NO			plantcyc <https://plantcyc.org/>		101.0840639804	CC[C@H](C)\C=N/O		SEWWFHKIKWFJNV-YIWIKUPCSA-N									PlantCyc/PMN local PGDB
CPD-23407	CPD-23407	5-hydroxyanthranilate	153.0425930962					C7H6NO3			plantcyc <https://plantcyc.org/>	5-hydroxyanthranilic acid // 2-amino-4-hydroxybenzoate	153.0425930962	C1(\C(\O)=C/C(/C([O-])=O)=C(\C=1)/N)		HYNQTSZBTIOFKH-UHFFFAOYSA-M									PlantCyc/PMN local PGDB
CPD-12332	CPD-12332	methyl gibberellin A 4	346.1780239451					C20H26O5			plantcyc <https://plantcyc.org/>	methyl GA 4 // carboxymethyl gibberellin A 4 // gibberellin A 4 methyl ester	346.1780239451	C=C3([C@@H]2(CC[C@H]4([C@]15(CC[C@@H]([C@@]([C@H]1[C@@H]([C@](C2)(C3)4)C(OC)=O)(C)C(O5)=O)O))))		XBDTWBSMNXMGIJ-UESSAWAASA-N									PlantCyc/PMN local PGDB
UDP-L-RHAMNOSE	UDP-L-RHAMNOSE	UDP-beta-L-rhamnose	550.0601057544					C15H22N2O16P2			plantcyc <https://plantcyc.org/>	UDP-rhamnose // UDP-beta-L-Rha	550.0601057544	C[C@@H]3(O[C@H](OP(OP(OC[C@@H]2([C@H]([C@H]([C@H](N1(\C=C/C(=O)NC1=O))O2)O)O))(=O)[O-])(=O)[O-])[C@H](O)[C@H](O)[C@@H](O)3)		DRDCJEIZVLVWNC-SLBWPEPYSA-L									PlantCyc/PMN local PGDB
CPD-11528	CPD-11528	3-oxo-2-(cis-2'-pentenyl)-cyclopentane-1-(3-oxobutanoyl)-CoA	1001.2408028097					C35H50N7O19P3S			plantcyc <https://plantcyc.org/>	OPC4-3-ketoacyl-CoA	1001.2408028097	CC\C=C/C[C@H]1([C@H](CCC(=O)1)CC(=O)CC(=O)SCCNC(=O)CCNC(=O)[C@H](O)C(C)(C)COP(=O)(OP(=O)(OC[C@@H]2([C@@H](OP([O-])(=O)[O-])[C@@H](O)[C@@H](O2)N3(C4(\N=C/N=C(C(\N=C/3)=4)/N))))[O-])[O-])		QGJLCXXJEFRWHP-JQUKJZMASA-J									PlantCyc/PMN local PGDB
PHOSPHO-ENOL-PYRUVATE	PHOSPHO-ENOL-PYRUVATE	phospho enol pyruvate	167.9823744031					C3H2O6P			plantcyc <https://plantcyc.org/>	PEP // 2-(phosphooxy)- 2-propenoate	167.9823744031	C=C(OP(=O)([O-])[O-])C([O-])=O		DTBNBXWJWCWCIK-UHFFFAOYSA-K									PlantCyc/PMN local PGDB
DELTA3-ISOPENTENYL-PP	DELTA3-ISOPENTENYL-PP	isopentenyl diphosphate	246.0058257599					C5H9O7P2			plantcyc <https://plantcyc.org/>	3-methylbut-3-en-1-yl diphosphate // isopentenyl-PP // isopentenyl pyrophosphate // delta(3)-isopentenyl-PP // &Delta; 3 -isopentenyl-PP // 3-methylbut-3-enyl diphosphate // 3-methylbut-3-enyl pyrophosphate // isopentenyl diphosphate	246.0058257599	C=C(C)CCOP([O-])(=O)OP([O-])(=O)[O-]		NUHSROFQTUXZQQ-UHFFFAOYSA-K									PlantCyc/PMN local PGDB
NONAPRENYL-4-HYDROXYBENZOATE	NONAPRENYL-4-HYDROXYBENZOATE	4-hydroxy-3-nonaprenylbenzoate	750.5950963701					C52H77O3			plantcyc <https://plantcyc.org/>	3-solanesyl-4-hydroxybenzoate // nonaprenyl-4-hydroxybenzoic acid // 3,7,11,15,19,23,27,31,35-nonamethylhexatriaconta-2,6,10,14,18,22,26,30,34-nonaenyl ester // 3-nonaprenyl-4-hydroxybenzoate	750.5950963701	CC(C)=CCCC(\C)=C/CCC(\C)=C/CCC(\C)=C/CCC(\C)=C/CCC(\C)=C/CCC(\C)=C/CCC(\C)=C/CCC(\C)=C/CC1(/C=C(\C=C/C(/O)=1)/C(=O)[O-])		YKKKMRBEPIZPBH-XWEAJCOCSA-M									PlantCyc/PMN local PGDB
CPD-13687	CPD-13687	1-naphthol 6'-O-malonylglucoside	392.1107322409					C19H19O9			plantcyc <https://plantcyc.org/>		392.1107322409	C2(\C=C1(\C=C/C=C(C/1=C/C=2)/O[C@@H]3(O[C@@H]([C@H]([C@@H]([C@H]3O)O)O)COC(=O)CC(=O)[O-])))		QNRFNDGWEROWPJ-LQDZTQBFSA-M									PlantCyc/PMN local PGDB
DIFLUOROMETHYLORNITHINE	DIFLUOROMETHYLORNITHINE	difluoromethylornithine	182.0866840398					C6H13N2O2F2			plantcyc <https://plantcyc.org/>		182.0866840398	C(CCC(C(F)F)([NH3+])C(=O)[O-])[NH3+]		VLCYCQAOQCDTCN-UHFFFAOYSA-O									PlantCyc/PMN local PGDB
3-HYDROHYDROXYPHOSPHORYLPYRUVATE	3-HYDROHYDROXYPHOSPHORYLPYRUVATE	3-(hydroxyphosphinoyl)pyruvate	151.987459781					C3H3O5P			plantcyc <https://plantcyc.org/>	3-[hydroxy(oxido)phosphoranyl]pyruvic acid // 3-(hydrohydroxyphosphoryl)pyruvate // PPA // 3-hydrohydroxyphosphorylpyruvate	151.987459781	C([O-])(=O)C(=O)CP([O-])=O		VHAFWRWGHGSZDL-UHFFFAOYSA-L									PlantCyc/PMN local PGDB
L-ASPARTATE	L-ASPARTATE	L-aspartate	133.0375077183					C4H6NO4			plantcyc <https://plantcyc.org/>	L-aspartic acid // aspartic acid // D // aspartate // L-asp	133.0375077183	C(C(=O)[O-])[C@H]([NH3+])C(=O)[O-]		CKLJMWTZIZZHCS-REOHCLBHSA-M									PlantCyc/PMN local PGDB
CPD-520	CPD-520	quercetin	302.0426526757					C15H9O7			plantcyc <https://plantcyc.org/>	3,5,7,3',4'-pentahydroxyflavone // 3,5,7,3',4'-pentahydroflavone	302.0426526757	C3(/C=C(C(/O)=C\C(\C1(\OC2(/C=C(/C=C(C(\C(=O)C(/O)=1)=2)/O)/[O-])))=3)/O)		REFJWTPEDVJJIY-UHFFFAOYSA-M									PlantCyc/PMN local PGDB
CPD-17063	CPD-17063	ferroheme o	840.3913131573					C49H56N4O5FE			plantcyc <https://plantcyc.org/>		840.3913131573	C=CC3(\C7(\[N+]4(\[Fe-2]16([N+]5(\C(/C(\CCC(=O)[O-])=C(C)\C(/C=C2(C(\C)=C(C(\N12)=C\C(\C(/C)=3)=4)/[C@@H](O)CC/C=C(C)/CC/C=C(C)/CCC=C(C)C))=5)=C/C8(/N6C(/C=7)=C(C)/C(\CCC(=O)[O-])=8))))))		FISPASSVCDRERW-ARQJTVBPSA-J									PlantCyc/PMN local PGDB
5-ALPHA-CHOLESTA-724-DIEN-3-BETA-OL	5-ALPHA-CHOLESTA-724-DIEN-3-BETA-OL	5alpha-cholesta-7,24-dien-3beta-ol	384.3392160345					C27H44O			plantcyc <https://plantcyc.org/>		384.3392160345	CC(C)=CCC[C@@H](C)[C@H]1(CC[C@@H]3([C@@](C)1CC[C@H]2([C@]4(C)([C@H](CC=C23)C[C@@H](O)CC4))))		PKEPPDGGTSZLBL-SKCNUYALSA-N									PlantCyc/PMN local PGDB
THIAMINE-PYROPHOSPHATE	THIAMINE-PYROPHOSPHATE	thiamine diphosphate	426.0527927275					C12H16N4O7P2S			plantcyc <https://plantcyc.org/>	thiamin diphosphate // TDP // thiamine pyrophosphate // TPP // thiamin-PPi // thiamin pyrophosphate // thiamine-PPi // ThPP	426.0527927275	CC2(\[N+](/CC1(\C(\N)=N/C(\C)=N\C=1))=C/SC(/CCOP([O-])(=O)OP([O-])(=O)[O-])=2)		AYEKOFBPNLCAJY-UHFFFAOYSA-L									PlantCyc/PMN local PGDB
CPD-17643	CPD-17643	1,18-octadecane-diol	286.287180464					C18H38O2			plantcyc <https://plantcyc.org/>	1,18-octadecanediol // octadecane-1,18-diol	286.287180464	C(O)CCCCCCCCCCCCCCCCCO		LUUFSCNUZAYHAT-UHFFFAOYSA-N									PlantCyc/PMN local PGDB
CPDQT-28	CPDQT-28	7-(methylsulfanyl)-2-oxoheptanoate	190.0663650057					C8H13O3S			plantcyc <https://plantcyc.org/>	7-(methylthio)-2-oxoheptanoic acid // 7-(methylthio)-2-oxoheptanoate	190.0663650057	CSCCCCCC(=O)C([O-])=O		TWAIOPPFLZEXCO-UHFFFAOYSA-M									PlantCyc/PMN local PGDB
LEUKOTRIENE-C4	LEUKOTRIENE-C4	leukotriene C4	625.3033008132					C30H45N3O9S			plantcyc <https://plantcyc.org/>		625.3033008132	CCCCC\C=C/C\C=C/C=C/C=C/[C@@H](SC[C@@H](C(=O)NCC([O-])=O)NC(CC[C@@H](C(=O)[O-])[NH3+])=O)[C@H](CCCC([O-])=O)O		GWNVDXQDILPJIG-NXOLIXFESA-L									PlantCyc/PMN local PGDB
DEHYDRO-3-DEOXY-L-RHAMNONATE	DEHYDRO-3-DEOXY-L-RHAMNONATE	2-dehydro-3-deoxy-L-rhamnonate	162.0528234315					C6H9O5			plantcyc <https://plantcyc.org/>	2-keto-3-deoxy-L-rhamnonate // 2-dehydro-3,6-dideoxy-L-mannonate // 2-dehydro-3-deoxy-L-rhamnonic acid // L-2-keto-3-deoxyrhamnonate	162.0528234315	C[C@H](O)[C@H](O)CC(=O)C([O-])=O		FRIWJYNKZPJVRL-IUYQGCFVSA-M									PlantCyc/PMN local PGDB
LIPOYL-AMP	LIPOYL-AMP	[( R )-lipoyl]adenylate	535.0960407274					C18H25N5O8PS2			plantcyc <https://plantcyc.org/>	lipoyl-AMP // lipoyl-adenylate	535.0960407274	C1(SS[C@@H](C1)CCCCC(=O)OP(OC[C@H]4(O[C@@H](N2(C3(\C(\N=C/2)=C(N)/N=C\N=3)))[C@H](O)[C@H](O)4))(=O)[O-])		QWEGOCJRZOKSOE-ADUAKINBSA-M									PlantCyc/PMN local PGDB
CPD-7323	CPD-7323	methanophenazine	538.3923142375					C37H50N2O			plantcyc <https://plantcyc.org/>	2-(2,3-dihydropentaprenyloxy)phenazine // 2-(2,3-dihydro-all- trans -tetraprenyloxy)phenazine // 2-[(6 E ,10 E ,14 E -3,7,11,15,19-pentamethylicosa-6,10,14,18-tetraen-1-yloxy]phenazine	538.3923142375	CC(C)=CCCC(\C)=C/CCC(\C)=C/CCC(\C)=C/CCC(CCOC2(\C=C/C3(/N=C1(\C=C/C=C\C/1=N\C(/C=2)=3))))C		VRHMBACMYZITGD-QAAQOENVSA-N									PlantCyc/PMN local PGDB
L-GAMMA-GLUTAMYLCYSTEINE	L-GAMMA-GLUTAMYLCYSTEINE	gamma-L-glutamyl-L-cysteine	250.0623422603					C8H13N2O5S			plantcyc <https://plantcyc.org/>	gamma-glutamylcysteine // gamma-L-glutamylcysteine // gamma-Glu-Cys	250.0623422603	C(S)[C@@H](C([O-])=O)NC(=O)CC[C@H]([NH3+])C([O-])=O		RITKHVBHSGLULN-WHFBIAKZSA-M									PlantCyc/PMN local PGDB
CPD-11507	CPD-11507	triketide 2-pyrone	182.0942943157					C10H13O3			plantcyc <https://plantcyc.org/>	pentyl diacetic acid lactone // PDAL	182.0942943157	CCCCCC1(\OC(=O)/C=C(\C=1)/[O-])		YIXLDRQOKWESBI-UHFFFAOYSA-M									PlantCyc/PMN local PGDB
CPD0-1454	CPD0-1454	3-(phosphonoacetylamido)-L-alanine	226.0354726061					C5H10N2O6P			plantcyc <https://plantcyc.org/>		226.0354726061	C(P(O)([O-])=O)C(=O)NC[C@H]([NH3+])C(=O)[O-]		APNRRABVQKGHJL-VKHMYHEASA-M									PlantCyc/PMN local PGDB
THREO-DS-ISO-CITRATE	THREO-DS-ISO-CITRATE	D- threo -isocitrate	192.0270026115					C6H5O7			plantcyc <https://plantcyc.org/>	(1 R , 2 S )-1-hydroxypropane-1,2,3-tricarboxylate // D- threo -isocitric acid // threo-D s -isocitrate // D-isocitrate	192.0270026115	C(=O)([C@@H](CC([O-])=O)[C@@H](O)C([O-])=O)[O-]		ODBLHEXUDAPZAU-ZAFYKAAXSA-K									PlantCyc/PMN local PGDB
CPD-7618	CPD-7618	geranate	168.1150297578					C10H15O2			plantcyc <https://plantcyc.org/>	geranic acid // (2E)-3,7-dimethyl-2,6-octadienoic acid // (2E)-3,7-dimethyl-2,6-octadienoate	168.1150297578	CC(C)=CCCC(\C)=C/C(=O)[O-]		ZHYZQXUYZJNEHD-VQHVLOKHSA-M									PlantCyc/PMN local PGDB
CPD-4612	CPD-4612	trans -zeatin-7- N -glucoside	381.1648334969					C16H23N5O6			plantcyc <https://plantcyc.org/>		381.1648334969	CC(\CO)=C\CNC1(\C2(N(\C=N/C(\N=C/N=1)=2)[C@@H]3([C@@H]([C@H]([C@@H]([C@H](O3)CO)O)O)O)))		HTDHRCLVWUEXIS-SBQJELAYSA-N									PlantCyc/PMN local PGDB
CPD-5943	CPD-5943	(+)-jasmonate	210.1255944441					C12H17O3			plantcyc <https://plantcyc.org/>	(3S,7S) (+)-jasmonate	210.1255944441	CC\C=C/C[C@@H]1(C(=O)CC[C@H]1CC([O-])=O)		ZNJFBWYDHIGLCU-CMIOBCHKSA-M									PlantCyc/PMN local PGDB
TREHALOSE-6P	TREHALOSE-6P	alpha,alpha-trehalose 6-phosphate	422.0825419577					C12H21O14P			plantcyc <https://plantcyc.org/>	alpha,alpha-D-trehalose 6-phosphate	422.0825419577	C([C@H]1(O[C@@H]([C@@H]([C@H]([C@@H]1O)O)O)O[C@@H]2([C@@H]([C@H]([C@@H]([C@H](O2)COP([O-])(=O)[O-])O)O)O)))O		LABSPYBHMPDTEL-LIZSDCNHSA-L									PlantCyc/PMN local PGDB
CPD-15712	CPD-15712	beta-D-galactose 6-phosphate	260.0297185262					C6H11O9P			plantcyc <https://plantcyc.org/>	6-phospho-beta-D-galactose	260.0297185262	C(OP([O-])([O-])=O)[C@H]1(O[C@H]([C@@H]([C@H]([C@H]1O)O)O)O)		NBSCHQHZLSJFNQ-FPRJBGLDSA-L									PlantCyc/PMN local PGDB
CPD-13471	CPD-13471	decylglucoside	320.2198887598					C16H32O6			plantcyc <https://plantcyc.org/>	decyl D-glucoside // decyl D-glucopyranoside // D-glucopyranoside, decyl // glucoside, decyl // (3R,4S,5S,6R)-2-decoxy-6-(hydroxymethyl)oxane-3,4,5-triol	320.2198887598	CCCCCCCCCCO[C@@H]1(O[C@@H](C([C@@H](C1O)O)O)CO)		JDRSMPFHFNXQRB-CMTNHCDUSA-N									PlantCyc/PMN local PGDB
S-24-DINITROPHENYLGLUTATHIONE	S-24-DINITROPHENYLGLUTATHIONE	2,4-dinitrophenyl-S-glutathione	477.1165626753					C16H18N5O10S			plantcyc <https://plantcyc.org/>	DNP-SG // S-(2,4-dinitrophenyl)glutathione	477.1165626753	C(SC1(/C=C\C(\[N+]([O-])=O)=C/C(/[N+]([O-])=O)=1))[C@@H](C(NCC([O-])=O)=O)NC(=O)CC[C@H]([NH3+])C([O-])=O		FXEUKVKGTKDDIQ-UWVGGRQHSA-M									PlantCyc/PMN local PGDB
CPDQT-281	CPDQT-281	glucoerucin	421.0534934124					C12H22NO9S3			plantcyc <https://plantcyc.org/>	4-(methylsulfanyl)butyl-glucosinolate // 4-(methylthio)butyl-glucosinolate	421.0534934124	CSCCCCC(\S[C@@H]1(O[C@H](CO)[C@@H](O)[C@H](O)[C@@H](O)1))=N\OS(=O)(=O)[O-]		GKUMMDFLKGFCKH-AHMUMSBHSA-M									PlantCyc/PMN local PGDB
CPD-7383	CPD-7383	pelargonidin 3- O -beta-D-caffeoylglucoside	595.145165954					C30H25O13			plantcyc <https://plantcyc.org/>		595.145165954	C([C@H]1(O[C@H]([C@@H]([C@H]([C@@H]1O)O)O)OC2(\C(=[O+]C3(\C(/C=2)=C(/C=C(/C=3)/[O-])\[O-]))C4(\C=C/C(/O)=C\C=4))))OC(/C=C/C5(\C=C/C(/O)=C(C=5)/O))=O		OUWGZZOPFVOIFO-SHPGVJHPSA-M									PlantCyc/PMN local PGDB
CPD-11924	CPD-11924	wortmanin	428.1471177472					C23H24O8			plantcyc <https://plantcyc.org/>	wortmannin	428.1471177472	CC(=O)O[C@@H]2(C[C@]5(C)(C(CC[C@@H](C3(/C(C4(O/C=C1(C([C@](C)([C@@H](COC)OC1=O)C\2=3)=4)))=O))5)=O))		QDLHCMPXEPAAMD-QAIWCSMKSA-N									PlantCyc/PMN local PGDB
CPD-12763	CPD-12763	5-aminopentanal	101.0840639804					C5H12NO			plantcyc <https://plantcyc.org/>	1-amino-5-oxopentane	101.0840639804	C([NH3+])CCCC=O		SZBGXBOFCGNPEU-UHFFFAOYSA-O									PlantCyc/PMN local PGDB
CPDQT-436	CPDQT-436	4-methoxy-3-indolylmethylamine	176.0949630177					C10H13N2O			plantcyc <https://plantcyc.org/>		176.0949630177	COC1(\C2(/C(/C[NH3+])=C\NC(\C=C/C=1)=2))		YKDYCKHEKOEVJM-UHFFFAOYSA-O									PlantCyc/PMN local PGDB
SHIKIMATE	SHIKIMATE	shikimate	174.0528234315					C7H9O5			plantcyc <https://plantcyc.org/>	shikimic acid // (3R,4S,5R)--3,4,5-trihydroxycyclohex-1-ene-1-carboxylate	174.0528234315	C1(/[C@@H](O)[C@@H](O)[C@@H](CC(/C(=O)[O-])=1)O)		JXOHGGNKMLTUBP-HSUXUTPPSA-M									PlantCyc/PMN local PGDB
CPD-8074	CPD-8074	1-18:3-2-16:0-monogalactosyldiacylglycerol	752.5438486606					C43H76O10			plantcyc <https://plantcyc.org/>	18:3-16:0-MGDG // 1-(9Z,12Z,15Z-octadecatrienoyl)-2-hexadecanoyl-3-O-beta-D-galactosyl-sn-glycerol	752.5438486606	CC\C=C/C\C=C/C\C=C/CCCCCCCC(OC[C@H](CO[C@@H]1(O[C@@H]([C@@H]([C@@H]([C@H]1O)O)O)CO))OC(CCCCCCCCCCCCCCC)=O)=O		OYPVEICJGOKWFP-FAFOYRQUSA-N									PlantCyc/PMN local PGDB
CPD-26585	CPD-26585	(22 R )-22-hydroxycholesterol-26-al	416.3290452787					C27H44O3			plantcyc <https://plantcyc.org/>		416.3290452787	CC(C=O)CC[C@@H](O)[C@@H](C)[C@H]3(CC[C@H]4([C@@H]2(C\C=C1(C[C@@H](O)CC[C@@](C)1[C@H]2CC[C@](C)34))))		BRHFBKGIOFVBBM-RILARPOQSA-N									PlantCyc/PMN local PGDB
DIMP	DIMP	dIMP	332.0521853028					C10H11N4O7P			plantcyc <https://plantcyc.org/>	2'-deoxy-IMP // 2'-deoxy-5'-inosinic acid // 2'-deoxyinosine 5'-monophosphate // 2'-deoxyinosine 5'-phosphate // 9-(2-deoxy-5-O-phosphono-beta-D-erythro-pentofuranosyl)-9H-purin-6-ol // deoxyinosine monophosphate	332.0521853028	C(OP(=O)([O-])[O-])[C@H]3(O[C@@H](N1(C2(\N=C/NC(=O)C(\N=C/1)=2)))C[C@H](O)3)		PHNGFPPXDJJADG-RRKCRQDMSA-L									PlantCyc/PMN local PGDB
CPD-21119	CPD-21119	S -(4-hydroxy-3-methylbutan-2-yl)-L-cysteine	207.0929141072					C8H17NO3S			plantcyc <https://plantcyc.org/>		207.0929141072	CC(CO)C(C)SC[C@H]([NH3+])C([O-])=O		LAIIJHAXDJYLBE-AHXFUIDQSA-N									PlantCyc/PMN local PGDB
OBTUSIFOLIOL	OBTUSIFOLIOL	obtusifoliol	426.3861662271					C30H50O			plantcyc <https://plantcyc.org/>	4alpha,14alpha-dimethyl-5alpha-ergosta-8,24(28)-dien-3beta-ol // 4alpha,14alpha-dimethyl-24-methylene-5alpha-cholesta-8-en-3beta-ol	426.3861662271	CC(C)C(CC[C@@H](C)[C@H]2(CC[C@@]3(C)(C4(\CC[C@H]1([C@H](C)[C@@H](O)CC[C@@](C)1C(\CC[C@](C)23)=4)))))=C		MMNYKQIDRZNIKT-VSADUBDNSA-N									PlantCyc/PMN local PGDB
FRUCTOSE-16-DIPHOSPHATE	FRUCTOSE-16-DIPHOSPHATE	beta-D-fructofuranose 1,6-bisphosphate	339.9960489346					C6H10O12P2			plantcyc <https://plantcyc.org/>	beta-D-fructose 1,6-bisphosphate // FBP // fructose 1,6-bisphosphate	339.9960489346	C(OP(=O)([O-])[O-])[C@@H]1([C@H]([C@@H]([C@](O)(O1)COP(=O)([O-])[O-])O)O)		RNBGYGVWRKECFJ-ARQDHWQXSA-J									PlantCyc/PMN local PGDB
CPD-165	CPD-165	1D-1-O-(indol-3-yl)acetyl-myo-inositol	337.1161519698					C16H19NO7			plantcyc <https://plantcyc.org/>		337.1161519698	C(O[C@H]1([C@H](O)[C@@H](O)[C@H](O)[C@@H](O)[C@@H](O)1))(=O)CC2(\C3(/C=C\C=C/C(/N\C=2)=3))		XUACNUJFOIKYPQ-BKQXGZDCSA-N									PlantCyc/PMN local PGDB
CPD0-1037	CPD0-1037	2-thiouridine 5'-triphosphate	499.9456834213					C9H11N2O14P3S			plantcyc <https://plantcyc.org/>		499.9456834213	C(OP(=O)([O-])OP(=O)([O-])OP(=O)([O-])[O-])[C@@H]2([C@H]([C@H]([C@H](N1(\C=C/C(=O)NC1=S))O2)O)O)		KHYOUGAATNYCAZ-XVFCMESISA-J									PlantCyc/PMN local PGDB
CPD-19486	CPD-19486	2-[2-(methylsulfanyl)ethyl]-3-oxobutanedioate	206.0248941215					C7H8O5S			plantcyc <https://plantcyc.org/>	2-[2-(methylthio)ethyl]-3-oxobutanedioate	206.0248941215	CSCCC(C(=O)[O-])C(=O)C([O-])=O		FPILONYMVKSPJW-UHFFFAOYSA-L									PlantCyc/PMN local PGDB
CPD-9927	CPD-9927	BPH--698	525.9785913388					C19H22O6PSK3			plantcyc <https://plantcyc.org/>		525.9785913388	CCCC2(\C=C/C(/C1(\C=C/C(\CCCC(S(=O)(=O)O[K])P(O[K])(O[K])=O)=C\C=1))=C\C=2)		FZZSEWIFTHAVJY-UHFFFAOYSA-K									PlantCyc/PMN local PGDB
CPD-296	CPD-296	dihydrolipoate	208.0591711378					C8H15O2S2			plantcyc <https://plantcyc.org/>	Dihydrolipoic acid // Dihydrothioctic acid // DHLP	208.0591711378	C(S)C[C@H](S)CCCCC(=O)[O-]		IZFHEQBZOYJLPK-SSDOTTSWSA-M									PlantCyc/PMN local PGDB
5-HYDROXY-CONIFERYL-ALCOHOL	5-HYDROXY-CONIFERYL-ALCOHOL	5-hydroxy-coniferyl-alcohol	196.0735588736					C10H12O4			plantcyc <https://plantcyc.org/>		196.0735588736	COC1(/C=C(/C=C(C(\O)=1)/O)/C=C/CO)		NPNAJGCZQBQWQZ-NSCUHMNNSA-N									PlantCyc/PMN local PGDB
CPD-14769	CPD-14769	5,8,11,14-icosatetraynoate	296.1776300146					C20H23O2			plantcyc <https://plantcyc.org/>	5,8,11,14-eicosatetraynoic acid // icosa-5,8,11,14-tetraynoic acid // octadehydroarachidonic acid // eicosatetranoic acid // 5,8,11,14-eicosatetraynoate	296.1776300146	CCCCCC#CCC#CCC#CCC#CCCCC(=O)[O-]		MGLDCXPLYOWQRP-UHFFFAOYSA-M									PlantCyc/PMN local PGDB
2-OCTAPRENYL-6-METHOXYPHENOL	2-OCTAPRENYL-6-METHOXYPHENOL	2-methoxy-6-( all-trans -octaprenyl)phenol	668.5532315554					C47H72O2			plantcyc <https://plantcyc.org/>	2-methoxy-6- all-trans -octaprenylphenol // 2-octaprenyl-6-methoxyphenol	668.5532315554	CC(C)=CCCC(\C)=C/CCC(\C)=C/CCC(\C)=C/CCC(\C)=C/CCC(\C)=C/CCC(\C)=C/CCC(\C)=C/CC1(\C(\O)=C(\C=C/C=1)\OC)		MARGKPIMNMASKJ-CMAXTTDKSA-N									PlantCyc/PMN local PGDB
18-OXOOLEATE	18-OXOOLEATE	18-oxo-oleate	296.2351448935					C18H31O3			plantcyc <https://plantcyc.org/>	18-oxo-octadec-9-enoic acid // 18-oxo-9Z-octadecenoate	296.2351448935	C(=O)CCCCCCC\C=C/CCCCCCCC(=O)[O-]		SNOSCANYFCXCGY-UPHRSURJSA-M									PlantCyc/PMN local PGDB
CPDQT-422	CPDQT-422	glucobrassicanapin	387.0657726582					C12H20NO9S2			plantcyc <https://plantcyc.org/>	4-pentenyl-glucosinolate	387.0657726582	C=CCCCC(\S[C@@H]1(O[C@H](CO)[C@@H](O)[C@H](O)[C@@H](O)1))=N\OS(=O)(=O)[O-]		XMJFVIGTHMOGNZ-AHMUMSBHSA-M									PlantCyc/PMN local PGDB
ERYTHROSE-4P	ERYTHROSE-4P	D-erythrose 4-phosphate	200.0085891536					C4H7O7P			plantcyc <https://plantcyc.org/>	erythrose-4P // threose 4-phosphate // erythrose-4-phosphate // erythrose-4-P // D-erythrose-4-P	200.0085891536	C([C@@H]([C@@H](COP([O-])([O-])=O)O)O)=O		NGHMDNPXVRFFGS-IUYQGCFVSA-L									PlantCyc/PMN local PGDB
CPD-19795	CPD-19795	castasterone 22- O -sulfate	544.3069892076					C28H47O8S			plantcyc <https://plantcyc.org/>		544.3069892076	CC(C)[C@H](C)[C@@H](O)[C@H](OS(=O)(=O)[O-])[C@@H](C)[C@H]3(CC[C@H]4([C@@H]2(CC(=O)[C@H]1(C[C@H](O)[C@H](O)C[C@@](C)1[C@H]2CC[C@](C)34))))		JMSXZQCXTAJBSO-YLNAYWRASA-M									PlantCyc/PMN local PGDB
CPD0-1664	CPD0-1664	(E)-alpha-monofluoromethyldehydroarginine	204.1022538823					C7H14N4O2F			plantcyc <https://plantcyc.org/>	delta-MFMA // ( E )-alpha-monofluoromethyl-3,4-dehydroarginine	204.1022538823	C(NC(N)=[NH2+])/C=C/[C@](CF)([NH3+])C(=O)[O-]		UDWPEHOXJIIOEY-QOHHWTFISA-O									PlantCyc/PMN local PGDB
CPD-14080	CPD-14080	CDTA	346.1376156934					C14H22N2O8			plantcyc <https://plantcyc.org/>	Complexon IV // CyDTA // CGTA // OCTA // Komplexon IV // 1,2-diaminocyclohexanetetraacetic acid // o -cyclohexanediaminetetraacetic acid // 1,2-cyclohexanediaminetetraacetic acid	346.1376156934	C(=O)(O)CN(CC(=O)O)C1(CCCCC(N(CC(=O)O)CC(=O)O)1)		FCKYPQBAHLOOJQ-UHFFFAOYSA-N									PlantCyc/PMN local PGDB
CPD-14047	CPD-14047	N -hydroxy-L-dihomomethionine	193.077264043					C7H14NO3S			plantcyc <https://plantcyc.org/>		193.077264043	CSCCCC[C@H](NO)C(=O)[O-]		UCJWADAPVIQJLU-LURJTMIESA-M									PlantCyc/PMN local PGDB
CPD-8159	CPD-8159	1-palmitoyl-2-alpha-linolenoyl-phosphatidylcholine	757.56215506					C42H78NO8P			plantcyc <https://plantcyc.org/>	phosphatidylcholine (1-16:0-2-18:3) // 16:0-18:3-PC // 1-hexadecanoyl-2-(9Z,12Z,15Z-octadecatrienoyl)-sn-glycero-3-phosphocholine // 1-16:0-2-18:3-phosphatidylcholine	757.56215506	CC\C=C/C\C=C/C\C=C/CCCCCCCC(=O)O[C@H](COC(=O)CCCCCCCCCCCCCCC)COP(=O)([O-])OCC[N+](C)(C)C		JMAYDGBZRHQJAT-QWFQJEORSA-N									PlantCyc/PMN local PGDB
CPD-4608	CPD-4608	benzyladenine-9- N -glucoside	387.1542688106					C18H21N5O5			plantcyc <https://plantcyc.org/>		387.1542688106	C([C@H]1(O[C@@H]([C@@H]([C@H]([C@@H]1O)O)O)N2(C3(\N=C/N=C(C(\N=C/2)=3)/NCC4(\C=C/C=C\C=4)))))O		KRUUBWXADMDQSI-YYZLIPTLSA-N									PlantCyc/PMN local PGDB
CPD-2189	CPD-2189	1-18:2-2-16:2-monogalactosyldiacylglycerol	750.5281985964					C43H74O10			plantcyc <https://plantcyc.org/>	18:2-16:2-MGDG // 1-(9Z,12Z-octadecadienoyl)-2-(7Z,10Z-hexadecadienoyl)-3-O-beta-D-galactosyl-sn-glycerol	750.5281985964	CCCCC\C=C/C\C=C/CCCCCCCC(OC[C@H](CO[C@@H]1(O[C@@H]([C@@H]([C@@H]([C@H]1O)O)O)CO))OC(CCCCC\C=C/C\C=C/CCCCC)=O)=O		DJVQAKQVQXIHEL-UILGYWMGSA-N									PlantCyc/PMN local PGDB
CPD-8985	CPD-8985	(1 R ,2 R )-1,2-diphenylethane-1,2-diol	214.0993796936					C14H14O2			plantcyc <https://plantcyc.org/>	(R,R)-hydrobenzoin	214.0993796936	C2(\C=C/C(/[C@H]([C@@H](C1(\C=C/C=C\C=1))O)O)=C\C=2)		IHPDTPWNFBQHEB-ZIAGYGMSSA-N									PlantCyc/PMN local PGDB
CPD-8073	CPD-8073	1-18:2-2-16:0-monogalactosyldiacylglycerol	754.5594987248					C43H78O10			plantcyc <https://plantcyc.org/>	18:2-16:0-MGDG // 1-(9Z,12Z-octadecadienoyl)-2-hexadecanoyl-3-O-beta-D-galactosyl-sn-glycerol	754.5594987248	CCCCC\C=C/C\C=C/CCCCCCCC(OC[C@H](CO[C@@H]1(O[C@@H]([C@@H]([C@@H]([C@H]1O)O)O)CO))OC(CCCCCCCCCCCCCCC)=O)=O		QOCWWAJCODFCIV-OSTDEYQUSA-N									PlantCyc/PMN local PGDB
CPD-12635	CPD-12635	(L-cysteinylglycin- S -yl)(1 H -indol-3-yl)acetonitrile	332.0943110907					C15H16N4O3S			plantcyc <https://plantcyc.org/>	GlyCys(IAN) // IAN-gamma-glycylcysteine conjugate	332.0943110907	C1(/NC2(/C=C\C=C/C(/C(/C(SC[C@@H](C(=O)NCC([O-])=O)[NH3+])C#N)=1)=2))		KRSCQOPJLNSQDL-AMGKYWFPSA-N									PlantCyc/PMN local PGDB
S-COCLAURINE	S-COCLAURINE	(S)-coclaurine	285.1364934814					C17H20NO3			plantcyc <https://plantcyc.org/>	(1S)-7-hydroxy-1-(4-hydroxybenzyl)-6-methoxy-1,2,3,4-tetrahydroisoquinolinium	285.1364934814	C1([NH2+][C@H](C2(\C=C(C(/OC)=C\C(/C1)=2)\O))CC3(\C=C/C(/O)=C\C=3))		LVVKXRQZSRUVPY-HNNXBMFYSA-O									PlantCyc/PMN local PGDB
ALPHA-GLUCOSE-16-BISPHOSPHATE	ALPHA-GLUCOSE-16-BISPHOSPHATE	alpha-D-glucose 1,6-bisphosphate	339.9960489346					C6H10O12P2			plantcyc <https://plantcyc.org/>	alpha-D-glucose 1,6-P 2 // alpha-D-glucopyranose 1,6-bisphosphate	339.9960489346	C([C@@H]1([C@@H](O)[C@H](O)[C@@H](O)[C@@H](OP(=O)([O-])[O-])O1))OP([O-])(=O)[O-]		RWHOZGRAXYWRNX-VFUOTHLCSA-J									PlantCyc/PMN local PGDB
2-HYDROXY-2-METHYLPROPANENITRILE	2-HYDROXY-2-METHYLPROPANENITRILE	2-hydroxy-2-methylpropanenitrile	85.052763852					C4H7NO			plantcyc <https://plantcyc.org/>	acetone cyanohydrin // 2-hydroxyisobutyronitrile	85.052763852	CC(O)(C)C#N		MWFMGBPGAXYFAR-UHFFFAOYSA-N									PlantCyc/PMN local PGDB
CPD-8080	CPD-8080	1-18:2-2-16:3-monogalactosyldiacylglycerol	748.5125485322					C43H72O10			plantcyc <https://plantcyc.org/>	18:2-16:3-MGDG // 1-(9Z,12Z-octadecadienoyl)-2-(7Z,10Z,13Z-hexadecatrienoyl)-3-O-beta-D-galactosyl-sn-glycerol	748.5125485322	CCCCC\C=C/C\C=C/CCCCCCCC(OC[C@H](CO[C@@H]1(O[C@@H]([C@@H]([C@@H]([C@H]1O)O)O)CO))OC(CCCCC\C=C/C\C=C/C\C=C/CC)=O)=O		DVRKGRMGQJLNPC-NIDYUPDJSA-N									PlantCyc/PMN local PGDB
CPD-12403	CPD-12403	( Z )-1-(L-cysteinylglycin- S -yl)- N -hydroxy-&omega;-(methylsulfanyl)octan-1-imine	365.1442977507					C14H27N3O4S2			plantcyc <https://plantcyc.org/>		365.1442977507	CSCCCCCCCC(\SC[C@H]([NH3+])C(=O)NCC([O-])=O)=N\O		AFUUQIYPOMVOTN-TUCQUAOGSA-N									PlantCyc/PMN local PGDB
CPD-9903	CPD-9903	3,4-dihydroxy-5-( all-trans -heptaprenyl)benzoate	630.4648104786					C42H61O4			plantcyc <https://plantcyc.org/>	3-(3,7,11,15,19,23-heptamethyltetracosa-2,6,10,14,18,22-hexaenyl) -4,5-dihydroxy-benzoic acid // 3-heptaprenyl-4,5-dihydroxybenzoate	630.4648104786	CC(C)=CCCC(\C)=C/CCC(\C)=C/CCC(\C)=C/CCC(\C)=C/CCC(\C)=C/CCC(\C)=C/CC1(/C=C(/C=C(C(/O)=1)/O)/C([O-])=O)		LIEYLSGXGOXYTD-CTBYCIIYSA-M									PlantCyc/PMN local PGDB
DIHYDROSANGUINARINE	DIHYDROSANGUINARINE	dihydrosanguinarine	333.1001079751					C20H15NO4			plantcyc <https://plantcyc.org/>	13, 14-dihydro-13-methyl-[1, 3]benzodioxolo[5, 6-c]-1, 3-dioxolo[4, 5-i]phenanthridine	333.1001079751	C2(C6(/C(C3(/C=C\C4(/C=C1(C(/OCO1)=C\C(C(\N(C)2)=3)=4))))=C/C=C5(C(\OCO5)=6)))		CIUHLXZTZWTVFL-UHFFFAOYSA-N									PlantCyc/PMN local PGDB
CPDQT-277	CPDQT-277	L-hexahomomethionine	233.1449496777					C11H23NO2S			plantcyc <https://plantcyc.org/>		233.1449496777	CSCCCCCCCC[C@H]([NH3+])C(=O)[O-]		XVGBKWQWYRNGDG-JTQLQIEISA-N									PlantCyc/PMN local PGDB
CPD0-1760	CPD0-1760	1,2-dioctanoyl-1,2,4-butanetriol	358.2719243303					C20H38O5			plantcyc <https://plantcyc.org/>	diC 8 -butanetriol	358.2719243303	CCCCCCCC(=O)OCC(OC(CCCCCCC)=O)CCO		CXBRRYLSQKWDHM-UHFFFAOYSA-N									PlantCyc/PMN local PGDB
CPD-479	CPD-479	4-(methylsulfanyl)-2-oxobutanoate	148.0194148131					C5H7O3S			plantcyc <https://plantcyc.org/>	2-keto-methyl-thio-butyrate // 2-keto-4-methylthiobutyrate // 4-methylthio-2-oxobutanoate // alpha-keto-4-methylthiobutyrate // 4-methylthio-2-ketobutyrate // 4-methylthio-2-ketobutanoate // 4-methylthio-2-oxobutyrate // 2-ketomethiobutyrate // KMTB // alpha-ketomethiobutyrate // 2-keto-4-methylthiobutyric acid // alpha-ketomethiobutyric acid // alpha-keto-gamma-methylthiobutyrate // alpha-keto-gamma-methylthiobutyric acid // 2-oxo-4-methylthiobutanoic acid // 2-oxomethionine // 2-keto-4-methylthiobutanoate // 4-(methylthio)-2-oxobutanoate // ketomethiobutyrate	148.0194148131	CSCCC(C([O-])=O)=O		SXFSQZDSUWACKX-UHFFFAOYSA-M									PlantCyc/PMN local PGDB
CPD-1121	CPD-1121	D-myo-inositol 1,2-cyclic phosphate	242.0191538399					C6H10O8P			plantcyc <https://plantcyc.org/>	1D-myo-inositol 1,2-cyclic phosphate	242.0191538399	[C@@H]2(O)([C@@H](O)[C@@H]1(OP([O-])(=O)O[C@@H]1[C@H](O)[C@@H](O)2))		SXHMVNXROAUURW-FTYOSCRSSA-M									PlantCyc/PMN local PGDB
CPD-19759	CPD-19759	7 1 -dihydroxychlorophyllide a	646.2277913669					C35H32N4O7MG			plantcyc <https://plantcyc.org/>		646.2277913669	C=CC4(\C(/C)=C5(\C=C7([C@@H](C)[C@H](CCC(=O)[O-])C(\C6(/[C@@H-](C(OC)=O)C(=O)C1(\C(\N2([Mg]N(C(/C=C3(C(/C(O)O)=C(CC)\C(/C=C(C(\C)=1)\2)=N3))=4)5))=6)))=N7)))											PlantCyc/PMN local PGDB
DUMP	DUMP	dUMP	308.0409519145					C9H11N2O8P			plantcyc <https://plantcyc.org/>	deoxyurdine-phosphate // 2'-deoxyuridine 5-monophosphate // deoxyuridine-phosphate // 2'-deoxyuridine 5'-phosphate // 2'-deoxyuridylic acid // 2'-deoxy-5'-uridylic acid	308.0409519145	C(OP(=O)([O-])[O-])[C@H]2(O[C@@H](N1(\C=C/C(=O)NC1=O))C[C@H](O)2)		JSRLJPSBLDHEIO-SHYZEUOFSA-L									PlantCyc/PMN local PGDB
CPD-11517	CPD-11517	3-oxo-2-(cis-2'-pentenyl)-cyclopentane-1-octanoyl-CoA	1043.3241385086					C39H60N7O18P3S			plantcyc <https://plantcyc.org/>	oxopentenyl-cyclopentane-octanoyl-CoA // 8-[(1R,2R)-3-oxo-2-{(Z)-pent-2-enyl}cyclopentyl]octanoyl-CoA // OPC-8:0-CoA // OPC8-CoA	1043.3241385086	CC\C=C/C[C@H]1([C@H](CCC(=O)1)CCCCCCCC(SCCNC(=O)CCNC(=O)[C@H](O)C(C)(C)COP(=O)(OP(=O)(OC[C@@H]2([C@@H](OP([O-])(=O)[O-])[C@@H](O)[C@@H](O2)N3(C4(\N=C/N=C(C(\N=C/3)=4)/N))))[O-])[O-])=O)		JZIQDJLBFKTBAK-LLHOYASASA-J									PlantCyc/PMN local PGDB
CPD-21154	CPD-21154	8',8-diapocarotene-8',8-dial	296.1776300146					C20H24O2			plantcyc <https://plantcyc.org/>	2,6,11,15-tetramethylhexadeca-2,4,6,8,10,12,14-septene-1,16-dial // crocetin dialdehyde	296.1776300146	CC(/C=C/C=C(C)/C=O)=C\C=C\C=C(C)\C=C\C=C(C)\C=O		YHCIKUXPWFLCFN-QHUUTLAPSA-N									PlantCyc/PMN local PGDB
CPD-10267	CPD-10267	decanoyl-CoA	921.2509735655					C31H50N7O17P3S			plantcyc <https://plantcyc.org/>		921.2509735655	CCCCCCCCCC(=O)SCCNC(=O)CCNC(=O)[C@H](O)C(C)(C)COP(=O)(OP(=O)(OC[C@@H]1([C@@H](OP([O-])(=O)[O-])[C@@H](O)[C@@H](O1)N2(C3(\N=C/N=C(C(\N=C/2)=3)/N))))[O-])[O-]		CNKJPHSEFDPYDB-HSJNEKGZSA-J									PlantCyc/PMN local PGDB
CPDQT-35	CPDQT-35	2-[(7'-methylsulfanyl)heptyl]malate	278.1187945067					C12H20O5S			plantcyc <https://plantcyc.org/>	2-[(7'-methylthio)heptyl]malic acid // 2-[(7'-methylthio)heptyl]malate	278.1187945067	CSCCCCCCCC(O)(CC([O-])=O)C(=O)[O-]		PWAKELUEEHWVFQ-UHFFFAOYSA-L									PlantCyc/PMN local PGDB
CPD-1822	CPD-1822	quercetin 3-sulfate	381.999467232					C15H8O10S			plantcyc <https://plantcyc.org/>		381.999467232	C3(/C=C(C(/O)=C\C(\C1(\OC2(/C=C(/C=C(C(\C(=O)C(/OS(=O)(=O)[O-])=1)=2)/O)/[O-])))=3)/O)		DNAYVNOVGHZZLH-UHFFFAOYSA-L									PlantCyc/PMN local PGDB
CPD-6972	CPD-6972	4-(2'-carboxyphenyl)-4-oxobutyryl-CoA	971.1574671108					C32H39N7O20P3S			plantcyc <https://plantcyc.org/>	succinylbenzoyl-CoA // 2-succinylbenzoyl-CoA // 2-(3'-carboxypropionyl)benzoyl-CoA // o -succinylbenzoyl-CoA	971.1574671108	CC(C)([C@@H](O)C(=O)NCCC(=O)NCCSC(CCC(C1(/C=C\C=C/C(/C([O-])=O)=1))=O)=O)COP(=O)(OP(=O)(OC[C@H]2(O[C@H]([C@@H]([C@@H]2OP([O-])(=O)[O-])O)N3(C4(\N=C/N=C(C(\N=C/3)=4)/N))))[O-])[O-]		KVAQAPQXOXTRAE-HSJNEKGZSA-I									PlantCyc/PMN local PGDB
CPD-16355	CPD-16355	N -(lignoceroyl)-phytosphingosine	667.6478602221					C42H85NO4			plantcyc <https://plantcyc.org/>	cer2_24 // ceramide-2 (phytosphingosine:N-C24:0) // N -(tetracosanoyl)-4-hydroxysphinganine // ceramide B (C24) // ceramide-2 (C24) // N -(tetracosanoyl)phytosphingosine // ceramide N(C24:0)P(C:18:0)	667.6478602221	CCCCCCCCCCCCCCCCCCCCCCCC(=O)N[C@@H](CO)[C@@H]([C@H](O)CCCCCCCCCCCCCC)O		ZESJDNWGTANZCC-LFVSMIGWSA-N									PlantCyc/PMN local PGDB
CPD-14765	CPD-14765	16-sinapoyloxypalmitate	478.2930537029					C27H41O7			plantcyc <https://plantcyc.org/>	&omega;-sinapoyloxypalmitate // (E)-16-(3-(4-hydroxy-3,5-dimethoxyphenyl)acryloyloxy)hexadecanoic acid	478.2930537029	COC1(\C(\O)=C(C=C(/C=1)/C=C/C(=O)OCCCCCCCCCCCCCCCC([O-])=O)\OC)		BTZKCJJXILZIFU-ISLYRVAYSA-M									PlantCyc/PMN local PGDB
CPD-7836	CPD-7836	tetradecanoate	228.208930143					C14H27O2			plantcyc <https://plantcyc.org/>	myristic acid // myristate // tetradecanoic acid // tetradecoate // tetradecoic acid	228.208930143	CCCCCCCCCCCCCC([O-])=O		TUNFSRHWOTWDNC-UHFFFAOYSA-M									PlantCyc/PMN local PGDB
CPDQT-286	CPDQT-286	glucoberteroin	435.0691434766					C13H24NO9S3			plantcyc <https://plantcyc.org/>	5-(methylsulfanyl)pentyl-glucosinolate // 5-(methylthio)pentyl-glucosinolate	435.0691434766	CSCCCCCC(\S[C@@H]1(O[C@H](CO)[C@@H](O)[C@H](O)[C@@H](O)1))=N\OS(=O)(=O)[O-]		MEFPHTVXBPLRLX-CBEPRAPJSA-M									PlantCyc/PMN local PGDB
CPD-15158	CPD-15158	5-hydroxy-CMP	339.0467655739					C9H12N3O9P			plantcyc <https://plantcyc.org/>	5-hydroxycytidine monophosphate	339.0467655739	C(OP(=O)([O-])[O-])[C@@H]2([C@H]([C@H]([C@H](N1(/C=C(C(/N)=N\C1=O)/O))O2)O)O)		QONOHPMEMVHOPP-UAKXSSHOSA-L									PlantCyc/PMN local PGDB
RUTIN	RUTIN	rutin	610.1533849166					C27H29O16			plantcyc <https://plantcyc.org/>	hydroxyethylrutoside // quercetin 3- O -rutinoside // quercetin 3- O -[alpha-L-rhamnosyl-(1->6)-beta-D-glucoside] // sophorin	610.1533849166	C[C@H]1([C@H](O)[C@@H](O)[C@@H](O)[C@@H](O1)OC[C@@H]2([C@@H](O)[C@H](O)[C@@H](O)[C@@H](O2)OC4(\C(=O)C5(/C(/OC(\C3(/C=C(C(/O)=C\C=3)/O))=4)=C\C(\[O-])=C/C(/O)=5))))		IKGXIBQEEMLURG-NVPNHPEKSA-M									PlantCyc/PMN local PGDB
CPD0-1313	CPD0-1313	mersalyl acid	468.0734736293					C13H15NO5HG			plantcyc <https://plantcyc.org/>	salyrganic acid // 2-(3-hydroxymercurio-2-methoxypropylcarbamoyl)phenoxyacetic acid	468.0734736293	COC(C[Hg])CNC(C1(/C=C\C=C/C(/OCC(=O)[O-])=1))=O		JSYUKXVWRPINHC-UHFFFAOYSA-M									PlantCyc/PMN local PGDB
CPD-13908	CPD-13908	selenodiglutathione	692.0684837036					C20H30N6O12S2SE			plantcyc <https://plantcyc.org/>	GSSeSG	692.0684837036	C(S[Se]SC[C@@H](C(NCC([O-])=O)=O)NC(=O)CC[C@H]([NH3+])C([O-])=O)[C@@H](C(NCC([O-])=O)=O)NC(=O)CC[C@H]([NH3+])C([O-])=O		GJEZZQVPWMCGSB-BJDJZHNGSA-L									PlantCyc/PMN local PGDB
CPD-8086	CPD-8086	1-linoleoyl-2-palmitoyl-phosphatidylglycerol	746.5097851385					C40H74O10P			plantcyc <https://plantcyc.org/>	phosphatidylglycerol (1-18:2-2-16:0) // 18:2-16:0-PG // 1-(9Z,12Z-octadecadienoyl)-2-hexadecanoyl-sn-glycero-3-phospho-(1'-sn-glycerol) // 1-18:2-2-16:0-phosphatidylglycerol	746.5097851385	CCCCC\C=C/C\C=C/CCCCCCCC(=O)OC[C@@H](OC(=O)CCCCCCCCCCCCCCC)COP(=O)([O-])OC[C@H](CO)O		IYKXCQWBMRYBPI-WLGRLVTESA-M									PlantCyc/PMN local PGDB
CPD-15642	CPD-15642	UDP-2-acetamido-2,6-dideoxy-beta-L- lyxo -4-hexulose	589.0710047917					C17H23N3O16P2			plantcyc <https://plantcyc.org/>		589.0710047917	C[C@H]3(C(=O)[C@H]([C@H]([C@@H](OP(OP(OC[C@@H]2([C@H]([C@H]([C@H](N1(\C=C/C(=O)NC1=O))O2)O)O))(=O)[O-])(=O)[O-])O3)NC(C)=O)O)		XBILTLYIKDPORV-BFGNOKPYSA-L									PlantCyc/PMN local PGDB
CPD-10449	CPD-10449	2-hydroxylamino-4,6-dinitrotoluene-C3-glucoside	379.1226939107					C13H17N3O10			plantcyc <https://plantcyc.org/>	2-HADNT C-glucoside	379.1226939107	CC1(/C(/NO)=C(C(/[N+]([O-])=O)=C\C(\[N+]([O-])=O)=1)/C2(O[C@H](CO)[C@@H](O)[C@H](O)[C@@H](O)2))		LQVHMKSGVVHSHF-DDSNRORXSA-N									PlantCyc/PMN local PGDB
CPD-18613	CPD-18613	C31-phthiotriol	484.4855459207					C31H64O3			plantcyc <https://plantcyc.org/>	4-methyl-triacontane-3,9,11-triol	484.4855459207	CCCCCCCCCCCCCCCCCCCC(O)CC(O)CCCCC(C)C(O)CC		USCKBWYPQYRTMB-UHFFFAOYSA-N									PlantCyc/PMN local PGDB
THF	THF	5,6,7,8-tetrahydrofolate	445.1709815073					C19H21N7O6			plantcyc <https://plantcyc.org/>	H4PteGlu // 5,6,7,8-tetrahydrofolic acid // tetrahydrofolic acid // (6S)-tetrahydrofolate // H 4 PteGlu 1 // tetrahydrofolate // tetrahydrafolate // tetrahydropteroyl mono-L-glutamate // THF // tetra-H-folate // th-folate // FH4 // folate-H4 // tetrahydropteroylglutamate // H4F // vitamin B9	445.1709815073	C(NC1(\C=C/C(/C(=O)N[C@H](C(=O)[O-])CCC([O-])=O)=C\C=1))[C@H]2(CNC3(/N=C(N)\NC(=O)C(/N2)=3))		MSTNYGQPCMXVAQ-RYUDHWBXSA-L									PlantCyc/PMN local PGDB
CPD-13696	CPD-13696	3-oxochol-4-en-24-oyl-CoA	1121.3710887012					C45H66N7O18P3S			plantcyc <https://plantcyc.org/>		1121.3710887012	C[C@H](CCC(=O)SCCNC(=O)CCNC(=O)[C@H](O)C(C)(C)COP(=O)(OP(=O)(OC[C@@H]1([C@@H](OP([O-])(=O)[O-])[C@@H](O)[C@@H](O1)N2(C3(\N=C/N=C(C(\N=C/2)=3)/N))))[O-])[O-])[C@H]6(CC[C@H]7([C@@H]5(CCC4(\[C@@](CCC(=O)\C=4)(C)[C@H]5CC[C@](C)67))))		VVQGMUPGBRZRFY-ABDXREKHSA-J									PlantCyc/PMN local PGDB
CPD-25382	CPD-25382	(R)-4'-phosphopantothenoyl-cytidylate	604.1182893353					C18H27N4O15P2			plantcyc <https://plantcyc.org/>		604.1182893353	CC(C)(COP(=O)([O-])[O-])[C@@H](O)C(=O)NCCC(=O)OP(OC[C@@H]2([C@H]([C@H]([C@H](N1(\C=C/C(/N)=N\C1=O))O2)O)O))(=O)[O-]		JURRMAHLXBVXRF-FIEZRUJPSA-K									PlantCyc/PMN local PGDB
GLUCOSAMINE-1P	GLUCOSAMINE-1P	alpha-D-glucosamine 1-phosphate	259.0457029414					C6H13NO8P			plantcyc <https://plantcyc.org/>	glucosamine-1P // alpha-D-glucosamine 1P // D-glucosamine 1-phosphate	259.0457029414	C(O)[C@H]1(O[C@H](OP(=O)([O-])[O-])[C@H]([NH3+])[C@@H](O)[C@H](O)1)		YMJBYRVFGYXULK-QZABAPFNSA-M									PlantCyc/PMN local PGDB
CPD-7869	CPD-7869	icosan-1-ol	298.3235659703					C20H42O			plantcyc <https://plantcyc.org/>	n-eicosanol // eicosanol // eicosan-1-ol // 1-eicosanol // arachidic alcohol // arachidyl alcohol // arachic alcohol // 1-icosanol	298.3235659703	CCCCCCCCCCCCCCCCCCCCO		BTFJIXJJCSYFAL-UHFFFAOYSA-N									PlantCyc/PMN local PGDB
CPD-10263	CPD-10263	thalianol	426.3861662271					C30H50O			plantcyc <https://plantcyc.org/>	(13R,14R,17E)-podioda-8,17,21-trien-3beta-ol // (3S,13S, 3R)-malabarica-8,17,21-trien-3-ol (obsolete) // (13R,14R,17E)-podioda-8,17,21-trien-3beta-ol	426.3861662271	CC(C)=CCCC(\C)=C/CC[C@@H](C)[C@@]1(C)(CCC2(/[C@]3(C)([C@@H](CCC\1=2)C(C)(C)[C@@H](O)CC3)))		DGAGPZOBTQYNRE-VMSIWEJCSA-N									PlantCyc/PMN local PGDB
CPD-12365	CPD-12365	8-oxo-dGMP	363.0579989622					C10H12N5O8P			plantcyc <https://plantcyc.org/>	7,8-dihydro-8-oxo-2'-dGMP // 2'-deoxy-7,8-dihydro-8-oxo-guanosine 5'-phosphate // 8-oxo-deoxyguanosine-monophosphate	363.0579989622	C(OP(=O)([O-])[O-])[C@H]3(O[C@@H](N1(C2(\N=C(N)/NC(=O)C(NC(=O)1)=2)))C[C@H](O)3)		AQIVLFLYHYFRKU-VPENINKCSA-L									PlantCyc/PMN local PGDB
CPD4FS-1	CPD4FS-1	CDP- N -dimethylethanolamine	474.0916806543					C13H23N4O11P2			plantcyc <https://plantcyc.org/>		474.0916806543	C[NH+](C)CCOP(OP(OC[C@@H]2([C@H]([C@H]([C@H](N1(\C=C/C(/N)=N\C1=O))O2)O)O))(=O)[O-])([O-])=O		FOYCPAILIPEVBT-HJQYOEGKSA-M									PlantCyc/PMN local PGDB
CPD-4211	CPD-4211	prenyl diphosphate	246.0058257599					C5H9O7P2			plantcyc <https://plantcyc.org/>	dimethylallyl-diphosphate // prenyl-diphosphate // delta-prenyl diphosphate // delta2-isopentenyl-diphosphate // 2-isopentenyl diphosphate // dimethylallyl diphosphate // DPP // di-CH3-allyl-PPi // dimethylallyl-PP // dimethylallyl-PPi // DMPP // dimethylallyl pyrophosphate // 3-methylbut-2-en-1-yl diphosphate // gamma,gamma-dimethylallyl pyrophosphate	246.0058257599	CC(C)=CCOP(=O)([O-])OP(=O)([O-])[O-]		CBIDRCWHNCKSTO-UHFFFAOYSA-K									PlantCyc/PMN local PGDB
CPD-11840	CPD-11840	6-deoxo-24-epicathasterone	418.3810808492					C28H50O2			plantcyc <https://plantcyc.org/>		418.3810808492	CC(C)[C@@H](C)C[C@H](O)[C@@H](C)[C@H]3(CC[C@H]4([C@@H]2(CC[C@H]1(C[C@@H](O)CC[C@@](C)1[C@H]2CC[C@](C)34))))		ZHZKWZJLUNXOSN-VDDNJJGASA-N									PlantCyc/PMN local PGDB
CPD-9300	CPD-9300	S -ethyl-L-cysteine	149.0510492925					C5H11NO2S			plantcyc <https://plantcyc.org/>	S -ethylcysteine // 3-(ethylthio)alanine	149.0510492925	CCSC[C@H]([NH3+])C(=O)[O-]		ULXKXLZEOGLCRJ-BYPYZUCNSA-N									PlantCyc/PMN local PGDB
NICOTINATE_NUCLEOTIDE	NICOTINATE_NUCLEOTIDE	beta-nicotinate D-ribonucleotide	337.0562676277					C11H12NO9P			plantcyc <https://plantcyc.org/>	nicotinate dinucleotide // beta-nicotinate-D-nucleotide // NaMN // nicotinic acid nucleotide // nicotinic acid mononucleotide // nicotinic acid ribonucleotide // nicotinate-D-ribonucleotide // nicotinate ribonucleotide // nicotinate nucleotide // deamido-nicotinamide mononucleotide // deamido-NMN // nicotinate D-ribonucleotide // nicotinate mononucleotide	337.0562676277	C(OP(=O)([O-])[O-])[C@@H]2([C@@H](O)[C@@H](O)[C@H]([N+]1(\C=C/C=C(/C=1)/C(=O)[O-]))O2)		JOUIQRNQJGXQDC-ZYUZMQFOSA-L									PlantCyc/PMN local PGDB
CPD-11525	CPD-11525	3-oxo-2-(cis-2'-pentenyl)-cyclopentane-1-butanoyl-CoA	987.2615382518					C35H52N7O18P3S			plantcyc <https://plantcyc.org/>	OPC4-CoA	987.2615382518	CC\C=C/C[C@H]1([C@H](CCC(=O)1)CCCC(=O)SCCNC(=O)CCNC(=O)[C@H](O)C(C)(C)COP(=O)(OP(=O)(OC[C@@H]2([C@@H](OP([O-])(=O)[O-])[C@@H](O)[C@@H](O2)N3(C4(\N=C/N=C(C(\N=C/3)=4)/N))))[O-])[O-])		YYUZYSVPFVOYLB-RGUWMICCSA-J									PlantCyc/PMN local PGDB
CPD-12927	CPD-12927	4alpha-formyl-5alpha-cholesta-7,24-dien-3beta-ol	412.3341306566					C28H44O2			plantcyc <https://plantcyc.org/>		412.3341306566	CC(C)=CCC[C@@H](C)[C@H]3(CC[C@H]4(C1([C@@H]([C@]2(CC[C@H](O)[C@@H](C=O)[C@H](CC=1)2)(C))CC[C@](C)34)))		KOEJZCDRYVVSCX-LVSAPHKCSA-N									PlantCyc/PMN local PGDB
CPD-11550	CPD-11550	carbidopa	226.0953569482					C10H13N2O4			plantcyc <https://plantcyc.org/>	N -aminomethyldopa // alpha-methyldopahydrazine	226.0953569482	C[C@@](C(=O)[O-])(CC1(\C=C(C(/O)=C\C=1)\O))NN		TZFNLOMSOLWIDK-JTQLQIEISA-M									PlantCyc/PMN local PGDB
DPG	DPG	3-phospho-D-glyceroyl phosphate	265.9592694978					C3H4O10P2			plantcyc <https://plantcyc.org/>	1,3-bisphospho-D-glycerate // 3-phosphoglyceroyl-P // P-glyceroyl-P // phosphoglyceroyl-P // 3-phosphoglyceroyl phosphate // 3-P-glyceroyl-P // DPG // glycerate 1,3-bisphosphate // 3-phosphonato-D-glyceroyl phosphate // 1,3-bisphosphoglycerate	265.9592694978	C([C@@H](O)C(OP(=O)([O-])[O-])=O)OP(=O)([O-])[O-]		LJQLQCAXBUHEAZ-UWTATZPHSA-J									PlantCyc/PMN local PGDB
CPD-9800	CPD-9800	2,4-dihydroxycinnamate	180.0422587452					C9H8O4			plantcyc <https://plantcyc.org/>	2,4-dihydroxycinnamicacid	180.0422587452	C(/C=C/C1(/C(/O)=C\C(\O)=C/C=1))(=O)O											PlantCyc/PMN local PGDB
CPD0-181	CPD0-181	N 5 -carboxyaminoimidazole ribonucleotide	339.0467655739					C9H11N3O9P			plantcyc <https://plantcyc.org/>	5-carboxyamino-1-(5-phospho-D-ribosyl)imidazole // 5-phosphoribosyl-5-carboxyaminoimidazole // N 5 -CAIR	339.0467655739	C1(\N=C/N(C(/NC([O-])=O)=1)[C@@H]2(O[C@H](COP(=O)([O-])[O-])[C@@H](O)[C@@H](O)2))		JHLXDWGVSYMXPL-XVFCMESISA-K									PlantCyc/PMN local PGDB
CARBOXYPHENYLAMINO-DEOXYRIBULOSE-P	CARBOXYPHENYLAMINO-DEOXYRIBULOSE-P	1-(2-carboxyphenylamino)-1-deoxy-D-ribulose 5-phosphate	349.0562676277					C12H13NO9P			plantcyc <https://plantcyc.org/>	1-( o -carboxyphenylamino)-1-deoxyribulose-5'-P // 1-(2-carboxyphenylamino)-1-deoxy-D-ribulose-5-P // 1-( o -carboxyphenylamino)-1'-deoxyribulose 5'-phosphate	349.0562676277	C(OP([O-])(=O)[O-])[C@@H](O)[C@@H](O)C(=O)CNC1(/C=C\C=C/C(/C(=O)[O-])=1)		QKMBYNRMPRKVTO-MNOVXSKESA-K									PlantCyc/PMN local PGDB
CARBOXYMETHOXYLAMINE	CARBOXYMETHOXYLAMINE	carboxymethoxylamine	91.026943032					C2H4NO3			plantcyc <https://plantcyc.org/>	aminooxyacetate // (aminooxy)acetic acid // (aminooxy)acetate // hydroxylamine-O-acetic acid	91.026943032	C(ON)C([O-])=O		NQRKYASMKDDGHT-UHFFFAOYSA-M									PlantCyc/PMN local PGDB
CPD-22659	CPD-22659	trimethylarsane	119.9920216889					C3H9AS			plantcyc <https://plantcyc.org/>	trimethylarsine // trimethylarsenic // (CH 3 ) 3 As // Gosio gas // TMA(III)	119.9920216889	C[As](C)C		HTDIUWINAKAPER-UHFFFAOYSA-N									PlantCyc/PMN local PGDB
CPD-17373	CPD-17373	1-[18-hydroxyoeoyl]-2-[18-hydroxy-lioleoyl]- sn -glycerol 3-phosphate	730.4784850101					C39H69O10P			plantcyc <https://plantcyc.org/>		730.4784850101	C(O)CCCCCCC\C=C/CCCCCCCC(OC[C@@H](OC(=O)CCCCCCC\C=C/C\C=C/CCCCCO)COP([O-])(=O)[O-])=O		ZXBGEIHFXPHRJY-NKFDZXFUSA-L									PlantCyc/PMN local PGDB
CPD0-1107	CPD0-1107	beta-L-fucopyranose	164.0684734957					C6H12O5			plantcyc <https://plantcyc.org/>	beta-L-fucose	164.0684734957	C[C@@H]1(O[C@@H]([C@H]([C@@H]([C@@H]1O)O)O)O)		SHZGCJCMOBCMKK-KGJVWPDLSA-N									PlantCyc/PMN local PGDB
CPD-14808	CPD-14808	scyllo -inosose	178.0477380536					C6H10O6			plantcyc <https://plantcyc.org/>	2-keto- myo -inositol // 2,4,6/3,5-pentahydroxycyclohexanone // 2-inosose // 2-keto- scyllo -inositol	178.0477380536	[C@@H]1([C@@H]([C@H](C([C@H]([C@@H]1O)O)=O)O)O)O		VYEGBDHSGHXOGT-HYFGLKJPSA-N									PlantCyc/PMN local PGDB
CPD-4622	CPD-4622	trans -zeatin- O -glucoside-7- N -glucoside	543.2176569284					C22H33N5O11			plantcyc <https://plantcyc.org/>		543.2176569284	CC(/CO[C@@H]1([C@@H]([C@H]([C@@H]([C@H](O1)CO)O)O)O))=C\CNC2(\C3(\N=C/N(C(\N=C/N=2)=3)[C@@H]4([C@@H]([C@H]([C@@H]([C@H](O4)CO)O)O)O)))		DTPCZPXFOQSQNC-YDZGMUMUSA-N									PlantCyc/PMN local PGDB
CPD-3622	CPD-3622	pratensein	300.0633881178					C16H11O6			plantcyc <https://plantcyc.org/>	pratensin // 3'-hydroxy-biochanin A	300.0633881178	COC3(/C=C\C(\C1(\C(=O)C2(/C(/O)=C\C(\[O-])=C/C(/O\C=1)=2)))=C/C(/O)=3)		FPIOBTBNRZPWJW-UHFFFAOYSA-M									PlantCyc/PMN local PGDB
CPD-21323	CPD-21323	desaturated 7beta-hydroxythalianol	440.365430785					C30H48O2			plantcyc <https://plantcyc.org/>		440.365430785	CC(C)=CCCC(\C)=C/C=C\[C@@H](C)[C@@]1(C)(CCC2(\[C@]3(C)([C@@H](C[C@H](O)C\1=2)C(C)(C)[C@@H](O)CC3)))		TTYIMJVEUGPLAQ-DNRHUSGGSA-N									PlantCyc/PMN local PGDB
CPD-8607	CPD-8607	4,4-dimethyl-14alpha-hydroxymethyl-5alpha-cholesta-8-en-3beta-ol	444.3967309134					C30H52O2			plantcyc <https://plantcyc.org/>		444.3967309134	CC(C)CCC[C@H]([C@@H]4([C@]1(C)([C@](CO)(C2(\CC[C@@H]3([C@@](C)(C(\CC1)=2)CC[C@H](O)C(C)(C)3)))CC4)))C		SJPDNXKPBQHPMZ-PUXRVUTHSA-N									PlantCyc/PMN local PGDB
CPD-692	CPD-692	(+)- cis -abscisic aldehyde	248.1412445083					C15H20O3			plantcyc <https://plantcyc.org/>	(+)- cis -ABA aldehyde // (+)- cis -abscisic acid aldehyde	248.1412445083	CC(\C=C\[C@@]1(C(C)(C)CC(=O)\C=C(C)/1)O)=C\C=O		RIKWDZWVHUIUAM-KICRZJJPSA-N									PlantCyc/PMN local PGDB
CPD-13612	CPD-13612	sphinganine	301.2980795013					C18H40NO2			plantcyc <https://plantcyc.org/>	D- erythro -DHS (C18) // D- erythro -dihydrosphingosine (C18) // D- erythro -sphinganine (C18) // dihydrosphingosine (C18) // d18:0 // sphinganine (C18) // octadecasphinganine	301.2980795013	CCCCCCCCCCCCCCC[C@H]([C@H](CO)[NH3+])O		OTKJDMGTUTTYMP-ZWKOTPCHSA-O									PlantCyc/PMN local PGDB
CPD-14407	CPD-14407	dihomo gamma-linolenoyl-CoA	1055.3605240149					C41H64N7O17P3S			plantcyc <https://plantcyc.org/>	(8Z,11Z,14Z)-icosatrienoyl-CoA // (8Z,11Z,14Z)-icosa-8,11,14-trienoyl-CoA // (8Z,11Z,14Z)-eicosa-8,11,14-trienoyl-CoA	1055.3605240149	CCCCC\C=C/C\C=C/C\C=C/CCCCCCC(=O)SCCNC(=O)CCNC(=O)[C@H](O)C(C)(C)COP(=O)(OP(=O)(OC[C@@H]1([C@@H](OP([O-])(=O)[O-])[C@@H](O)[C@@H](O1)N2(C3(\N=C/N=C(C(\N=C/2)=3)/N))))[O-])[O-]		FJWJALRUNNZIBB-DDQUOPDJSA-J									PlantCyc/PMN local PGDB
CPD-8651	CPD-8651	betalamate	211.0480724046					C9H7NO5			plantcyc <https://plantcyc.org/>	betalamic acid // (2S,4E)-4-(2-oxoethylidene)-1,2,3,4-tetrahydropyridine-2,6-dicarboxylate	211.0480724046	C(/C=C1(C[C@H](NC(/C(=O)[O-])=C/1)C([O-])=O))=O		YQDKULBMDMPFLH-FSRBREEPSA-L									PlantCyc/PMN local PGDB
CPD-21446	CPD-21446	glycidol phosphate	154.0031098452					C3H5O5P			plantcyc <https://plantcyc.org/>		154.0031098452	C1(C(COP([O-])(=O)[O-])O1)		CUQAEAJXRPDBNM-UHFFFAOYSA-L									PlantCyc/PMN local PGDB
CPD-12911	CPD-12911	(24 Z )-4alpha-hydroxymethyl-stigmasta-7,24(24 1 )-dien-3beta-ol	442.3810808492					C30H50O2			plantcyc <https://plantcyc.org/>		442.3810808492	C\C=C(CC[C@@H](C)[C@H]3(CC[C@H]4(C1([C@@H]([C@@]2(C)(CC[C@H](O)[C@@H](CO)[C@H](CC=1)2))CC[C@](C)34))))/C(C)C		NUAGPLGAOGOSCQ-BBJFWFDQSA-N									PlantCyc/PMN local PGDB
METHYLMETHANETHIOSULFONATE	METHYLMETHANETHIOSULFONATE	methylmethanethiosulfonate	125.9809208168					C2H6O2S2			plantcyc <https://plantcyc.org/>	MMTS	125.9809208168	CSS(C)(=O)=O		XYONNSVDNIRXKZ-UHFFFAOYSA-N									PlantCyc/PMN local PGDB
ARACHIDIC_ACID	ARACHIDIC_ACID	arachidate	312.3028305282					C20H39O2			plantcyc <https://plantcyc.org/>	icosanoic acid (n-C20:0) // arachidic acid // icosanoate // icosanoic acid // eicosanoate // eicosanoic acid	312.3028305282	CCCCCCCCCCCCCCCCCCCC(=O)[O-]		VKOBVWXKNCXXDE-UHFFFAOYSA-M									PlantCyc/PMN local PGDB
3-OXOADIPATE-ENOL-LACTONE	3-OXOADIPATE-ENOL-LACTONE	(4,5-dihydro-5-oxofuran-2-yl)-acetate	142.026608681					C6H5O4			plantcyc <https://plantcyc.org/>	3-oxoadipate enol lactone // beta-ketoadipate-enol-lactone	142.026608681	C(=O)(CC1(\OC(=O)C\C=1))[O-]		ZPEHSARSWGDCEX-UHFFFAOYSA-M									PlantCyc/PMN local PGDB
L-THREONINE-O-3-PHOSPHATE	L-THREONINE-O-3-PHOSPHATE	L-threonine 3-O-phosphate	199.0245735688					C4H8NO6P			plantcyc <https://plantcyc.org/>	O-phospho-L-threonine // phosphothreonine	199.0245735688	C[C@@H](OP([O-])([O-])=O)[C@H]([NH3+])C(=O)[O-]		USRGIUJOYOXOQJ-GBXIJSLDSA-L									PlantCyc/PMN local PGDB
CPD-18686	CPD-18686	O -methyl-4- O -[2- O -methyl-alpha-L-fucopyranosyl-(1->3)-alpha-L-rhamnopyranosyl-(1->3)-2- O -methyl-alpha-L-rhamnopyranosyl]-hydroxybenzoate	618.2523706797					C28H42O15			plantcyc <https://plantcyc.org/>		618.2523706797	C[C@H]4([C@@H](O)[C@@H](O)[C@H](OC)[C@H](O[C@H]3([C@@H](O)[C@H](O[C@H]2([C@@H](OC)[C@H](OC1(\C=C/C(/C(OC)=O)=C\C=1))O[C@@H](C)[C@H](O)2))O[C@@H](C)[C@H](O)3))O4)		LPVDUZISXSXHBM-DMGADHFWSA-N									PlantCyc/PMN local PGDB
AMINO-HYDROXYMETHYL-METHYLPYRIMIDINE-PP	AMINO-HYDROXYMETHYL-METHYLPYRIMIDINE-PP	4-amino-2-methyl-5-(diphosphooxymethyl)pyrimidine	299.0072227434					C6H8N3O7P2			plantcyc <https://plantcyc.org/>	4-amino-5-hydroxymethyl-2-methylpyrimidine-PP	299.0072227434	CC1(\N=C(C(/COP([O-])(=O)OP([O-])(=O)[O-])=C\N=1)\N)		AGQJQCFEPUVXNK-UHFFFAOYSA-K									PlantCyc/PMN local PGDB
CPD-558	CPD-558	pimeloyl-CoA	909.1782025529					C28H41N7O19P3S			plantcyc <https://plantcyc.org/>	6-carboxyhexanoyl-CoA // pimelyl-CoA	909.1782025529	CC(C)([C@@H](O)C(=O)NCCC(=O)NCCSC(CCCCCC([O-])=O)=O)COP(=O)(OP(=O)(OC[C@@H]1([C@@H](OP([O-])(=O)[O-])[C@@H](O)[C@@H](O1)N2(C3(\N=C/N=C(C(\N=C/2)=3)/N))))[O-])[O-]		LYCRXMTYUZDUGA-UYRKPTJQSA-I									PlantCyc/PMN local PGDB
CPD-5662	CPD-5662	4,5-secobiotin	246.1038131445					C10H17N2O3S			plantcyc <https://plantcyc.org/>	9-mercaptodesthiobiotin // 9-mercaptodethiobiotin // 6-[2-oxo-5-(sulfanylmethyl)imidazolidin-4-yl]hexanoate	246.1038131445	C(C1(C(NC(N1)=O)CCCCCC(=O)[O-]))S		ZARFDBYKHCOTRH-UHFFFAOYSA-M									PlantCyc/PMN local PGDB
CAFFEOYLSHIKIMATE	CAFFEOYLSHIKIMATE	5- O -caffeoylshikimate	336.0845174904					C16H15O8			plantcyc <https://plantcyc.org/>	caffeoylshikimic acid // 5-- O -caffeoylshikimic acid // caffeoylshikimate	336.0845174904	C(O[C@H]1([C@H](O)[C@H](O)/C=C(C1)/C([O-])=O))(=O)/C=C/C2(\C=C/C(/O)=C(C=2)/O)		QMPHZIPNNJOWQI-GDDAOPKQSA-M									PlantCyc/PMN local PGDB
CPD-14997	CPD-14997	hyperxanthone E	328.0946882462					C18H15O6			plantcyc <https://plantcyc.org/>	5,9,11-trihydroxy-3,3-dimethyl-2,3-dihydropyrano[3,2-a]xanthen-12(1H)-one // pyrano[3,2-a]xanthen-12(1H)-one, 2,3-dihydro-5,9,11-trihydroxy-3,3-dimethyl-	328.0946882462	CC1(C)(OC4(/C(\CC1)=C2(C(/OC3(\C(\C2=O)=C(/C=C(/C=3)/[O-])\O))=C\C(\O)=4)))		JXBWMJZDYVJVIV-UHFFFAOYSA-M									PlantCyc/PMN local PGDB
CPD-12177	CPD-12177	( R )-methylmalonate-semialdehyde	102.0316940589					C4H5O3			plantcyc <https://plantcyc.org/>	( R )-2-methyl-3-oxopropanoate // ( R )-ch3-malonate-semialdehyde	102.0316940589	C[C@H](C=O)C(=O)[O-]		VOKUMXABRRXHAR-GSVOUGTGSA-M									PlantCyc/PMN local PGDB
CPD-11260	CPD-11260	cis -tuberonic acid	226.1205090662					C12H17O4			plantcyc <https://plantcyc.org/>	cis -12-OHJA // cis -12-hydroxyjasmonic acid // cis -12-hydroxy-JA // Z -12-hydroxyjasmonate // cis -12-hydroxyjasmonate	226.1205090662	C(O)C\C=C/C[C@@H]1(C(=O)CC[C@@H]1CC([O-])=O)		RZGFUGXQKMEMOO-SZXTZRQCSA-M									PlantCyc/PMN local PGDB
CPD-26250	CPD-26250	19-hydroxycucurbitadienol	442.3810808492					C30H50O2			plantcyc <https://plantcyc.org/>		442.3810808492	CC(C)=CCC[C@@H](C)[C@H]1(CC[C@@]4([C@]1(C)CC[C@]2(CO)([C@@H](C/C=C3([C@H]2CC[C@H](O)C(C)(C)3))4))C)		ONGWRTCXQHHWFA-DQGRURHQSA-N									PlantCyc/PMN local PGDB
CPD-27539	CPD-27539	CMP- N -acetyl--9- O -acetyl-beta-neuraminate	656.1578321658					C22H31N4O17P			plantcyc <https://plantcyc.org/>	CMP-Neu5,9Ac2	656.1578321658	CC(=O)N[C@@H]3([C@H](C[C@](C([O-])=O)(OP(=O)([O-])OC[C@@H]2([C@H]([C@H]([C@H](N1(\C=C/C(/N)=N\C1=O))O2)O)O))O[C@H]3[C@H](O)[C@H](O)COC(=O)C)O)		ZMMQGPOJIJZZEV-BFFRMRRTSA-L									PlantCyc/PMN local PGDB
3-OCTAPRENYL-4-HYDROXYBENZOATE	3-OCTAPRENYL-4-HYDROXYBENZOATE	4-hydroxy-3-octaprenylbenzoate	682.5324961133					C47H69O3			plantcyc <https://plantcyc.org/>	3-octaprenyl-4-hydroxybenzoate	682.5324961133	CC(C)=CCCC(\C)=C/CCC(\C)=C/CCC(\C)=C/CCC(\C)=C/CCC(\C)=C/CCC(\C)=C/CCC(\C)=C/CC1(/C=C(\C=C/C(/O)=1)/C(=O)[O-])		UTIBHEBNILDQKX-LQOKPSQISA-M									PlantCyc/PMN local PGDB
CPD-7682	CPD-7682	1-piperideine 6-carboxylate	127.0633285383					C6H8NO2			plantcyc <https://plantcyc.org/>	&Delta; 1 -piperideine-6-carboxylate // &Delta; 6 -piperideine-2-carboxylate // 1,6-didehydropiperidine-2-carboxylate // 2,3,4,5-tetrahydropyridine-2-carboxylate // ( S )-2,3,4,5-tetrahydropiperidine-2-carboxylate	127.0633285383	C([C@@H]1(CCC\C=N/1))([O-])=O		CSDPVAKVEWETFG-YFKPBYRVSA-M									PlantCyc/PMN local PGDB
CPD-12586	CPD-12586	methyl ( 2E,6E )-farnesoate	250.1932800788					C16H26O2			plantcyc <https://plantcyc.org/>	( 2E,6E )-farnesyl methyl ester // methyl (2- trans -6- trans )-farnesoate // methyl ( trans,trans )-farnesoate // ( trans,trans )-2,6,10-dodecatrienoic acid, 3,7,11-trimethyl-, methyl ester // Methyl ( 2E,6E )-3,7,11-trimethyl-2,6,10-dodecatrienoate // ( 2E,6E )-3,7,11-trimethyl-dodeca-2,6,10-trienoic acid methyl ester // 2,6,10-Dodecatrienoic acid, 3,7,11-trimethyl-, methyl ester, ( 2E,6E )- // 2,6,10-Dodecatrienoic acid, 3,7,11-trimethyl-, methyl ester, ( E,E )-	250.1932800788	CC(C)=CCCC(\C)=C/CCC(\C)=C/C(=O)OC		NWKXNIPBVLQYAB-VDQVFBMKSA-N									PlantCyc/PMN local PGDB
CPD-21260	CPD-21260	3-deoxy-D-glycero-alpha-D-galacto-nonulosonate	268.0794321125					C9H15O9			plantcyc <https://plantcyc.org/>	alpha-Kdn // 3-deoxy-D-glycero-alpha-D-galacto-non-2-ulopyranosonate	268.0794321125	C(O)[C@@H](O)[C@H]([C@@H]1(O[C@](C([O-])=O)(O)C[C@@H]([C@H]1O)O))O		CLRLHXKNIYJWAW-LSRLBZCKSA-M									PlantCyc/PMN local PGDB
CPD-15409	CPD-15409	( S )-2-chloropropanoate	107.9978071147					C3H4O2CL			plantcyc <https://plantcyc.org/>		107.9978071147	C[C@H](Cl)C(=O)[O-]		GAWAYYRQGQZKCR-REOHCLBHSA-M									PlantCyc/PMN local PGDB
CPD-22992	CPD-22992	chlorophyllide b 2	626.2015766164					C35H28N4O6MG			plantcyc <https://plantcyc.org/>		626.2015766164	C=CC4(\C(/C)=C5(\C=C7([C@@H](C)[C@H](CCC(=O)[O-])C(\C6(/[C@@H-](C(OC)=O)C(=O)C1(\C(\N2([Mg]N(C(/C=C3(C(/C=O)=C(C=C)\C(/C=C(C(\C)=1)\2)=N3))=4)5))=6)))=N7)))											PlantCyc/PMN local PGDB
CPD-4892	CPD-4892	(-)-alpha-pinene	136.1252005136					C10H16			plantcyc <https://plantcyc.org/>	(-)-(1 S ,5 S )-alpha-pinene // (1S,5S)-2,6,6-trimethylbicyclo[3.1.1]hept-2-ene	136.1252005136	CC1(\[C@@H]2(C[C@H](C\C=1)C2(C)C))		GRWFGVWFFZKLTI-IUCAKERBSA-N									PlantCyc/PMN local PGDB
CPD-9852	CPD-9852	4-hydroxy-3-heptaprenylbenzoate	614.4698958565					C42H61O3			plantcyc <https://plantcyc.org/>	3-heptaprenyl-4-hydroxybenzoate	614.4698958565	CC(C)=CCCC(\C)=C/CCC(\C)=C/CCC(\C)=C/CCC(\C)=C/CCC(\C)=C/CCC(\C)=C/CC1(/C=C(\C=C/C(/O)=1)/C(=O)[O-])		PEMFGDIFKKXFRG-PYHSYOTJSA-M									PlantCyc/PMN local PGDB
DAMP	DAMP	dAMP	331.068169718					C10H12N5O6P			plantcyc <https://plantcyc.org/>	2'-deoxyadenosine 5'-phosphate // deoxyadenosine-phosphate // 2'-deoxyadenosine 5''-monophosphate // 2'-dAMP	331.068169718	C(OP(=O)([O-])[O-])[C@H]3(O[C@@H](N1(C2(\C(\N=C/1)=C(N)/N=C\N=2)))C[C@H](O)3)		KHWCHTKSEGGWEX-RRKCRQDMSA-L									PlantCyc/PMN local PGDB
CPD-632	CPD-632	gibberellin A 34 -catabolite	346.1416384388					C19H20O6			plantcyc <https://plantcyc.org/>	GA34-catabolite	346.1416384388	C=C1([C@H]2(C[C@]3(C1)([C@H]([C@@H]4([C@@](C(=O)[O-])(C)[C@@H](O)C(=O)C=C([C@@H](CC2)3)4))C([O-])=O)))		ZHUFJGRQVHLFRM-ONBGMUNTSA-L									PlantCyc/PMN local PGDB
CPD-14894	CPD-14894	ergosta-5,7-dienol	398.3548660987					C28H46O			plantcyc <https://plantcyc.org/>		398.3548660987	CC(C)[C@@H](C)CC[C@@H](C)[C@H]3(CC[C@H]4(C2([C@@H]([C@@]1(C)(CC[C@H](O)CC/1=C\C=2))CC[C@](C)34)))		ZKQRGSXITBHHPC-VVQHAZRASA-N									PlantCyc/PMN local PGDB
STEARIC_ACID	STEARIC_ACID	stearate	284.2715303998					C18H35O2			plantcyc <https://plantcyc.org/>	octadecanoate // stearic acid // octadecanoic acid // n-C18:0	284.2715303998	CCCCCCCCCCCCCCCCCC(=O)[O-]		QIQXTHQIDYTFRH-UHFFFAOYSA-M									PlantCyc/PMN local PGDB
CPD-17623	CPD-17623	18-oxo-oleoyl-CoA	1045.3397885728					C39H62N7O18P3S			plantcyc <https://plantcyc.org/>	18-oxo-octadec-9-enoyl-CoA // 18-oxo-9Z-octadec-9-enoyl-CoA	1045.3397885728	CC(C)([C@@H](O)C(=O)NCCC(=O)NCCSC(=O)CCCCCCC\C=C/CCCCCCCC=O)COP(=O)(OP(=O)(OC[C@@H]1([C@@H](OP([O-])(=O)[O-])[C@@H](O)[C@@H](O1)N2(C3(\N=C/N=C(C(\N=C/2)=3)/N))))[O-])[O-]		WHOASQMNRGOGJB-UTNXWDCOSA-J									PlantCyc/PMN local PGDB
CPD-11232	CPD-11232	(-)-jasmonoyl-L-isoleucine	323.2096584245					C18H28NO4			plantcyc <https://plantcyc.org/>	(-)-JA-L-Ile // (-)-jasmonate-L-isoleucine // (-)-jasmonic acid L-isoleucine // (-)-jasmonic acid L-isoleucine conjugate // (-)-jasmonyl-L-isoleucine // N-[(3R,7R)-(-)-Jasmonoyl]-(S)-isoleucine	323.2096584245	CC\C=C/C[C@H]1(C(=O)CC[C@@H]1CC(N[C@@H]([C@@H](C)CC)C([O-])=O)=O)		IBZYPBGPOGJMBF-QRHMYKSGSA-M									PlantCyc/PMN local PGDB
CPD-23878	CPD-23878	beta-D-GlcNAc-(1->4)-MurNAc-L-Ala-gamma-D-Glu-L-Lys-D-Ala-D-Ala	1046.4056670106					C39H64N8O23P			plantcyc <https://plantcyc.org/>	GlcNAc-MurNAc-pentapeptide	1046.4056670106	C[C@H](C(=O)N[C@H](C)C(=O)[O-])NC(=O)[C@H](CCCC[NH3+])NC(=O)CC[C@@H](NC(=O)[C@@H](NC([C@H](O[C@@H]2([C@@H](NC(=O)C)[C@@H](OP([O-])([O-])=O)O[C@H](CO)[C@@H](O[C@@H]1(O[C@H](CO)[C@@H](O)[C@H](O)[C@@H](NC(=O)C)1))2))C)=O)C)C(=O)[O-]		ZJONAJAXKPUPPZ-SGOYIRSVSA-K									PlantCyc/PMN local PGDB
CPD-8177	CPD-8177	protochlorophyll a	868.5502714425					C55H71N4O5			plantcyc <https://plantcyc.org/>		868.5502714425	C=CC6(\C2(\N=C(\C=C1(C(/C)=C(CCC(=O)OC/C=C(C)/CCCC(CCCC(CCCC(C)C)C)C)/C(/N1)=C4(C(C(=O)OC)C(\[O-])=C5(C(/C)=C(\C=C3(C(/CC)=C(C)/C(\C=2)=N\3))/N=C45))))/C(\C)=6))		WNFYKCCPDMVWRU-PTNBIZNXSA-M									PlantCyc/PMN local PGDB
N-ACETYL-L-LYSINE	N-ACETYL-L-LYSINE	N 2 -acetyl-L-Lysine	202.1317424545					C9H18N2O3			plantcyc <https://plantcyc.org/>	alpha- N -acetyl-L-lysine // (2S)-2-(acetylamino)-6-aminohexanoate // Nalpha-acetyllysine // N alpha -acetyl-L-lysine // (2S)-2-acetamido-6-ammoniohexanoate // N 2 -acetyl-L-lysine	202.1317424545	CC(N[C@H](C(=O)[O-])CCCCC[NH3+])=O		UIQZVXSKIBLUPN-QMMMGPOBSA-N									PlantCyc/PMN local PGDB
CPD-26583	CPD-26583	(-)-verazine	397.3344650076					C27H43NO			plantcyc <https://plantcyc.org/>	(20S,25S)-22,26-iminocholesta-5,22(N)-dien-3beta-ol	397.3344650076	C[C@@H]1(C/N=C(CC1)/[C@@H](C)[C@H]3(CC[C@H]4([C@@H]5(C\C=C2(C[C@H](CC[C@@](C)2[C@@H](CC[C@](C)34)5)O)))))		VRBNGKPRTHBEIQ-LURFOZDGSA-N									PlantCyc/PMN local PGDB
CPD-7712	CPD-7712	neopinone	297.1364934814					C18H20NO3			plantcyc <https://plantcyc.org/>		297.1364934814	C[NH+]5(CC[C@@]12([C@@H]4(C(=O)C/C=C1/[C@@H](CC3(\C2=C(C(/OC)=C\C=3)O4))5)))		LJVKMVSYTWPNGA-UUWFMWQGSA-O									PlantCyc/PMN local PGDB
CPD-7016	CPD-7016	7 1 -hydroxychlorophyll a	908.5302279646					C55H71N4O6MG			plantcyc <https://plantcyc.org/>		908.5302279646	C=CC4(\C(/C)=C5(\C=C7([C@@H](C)[C@H](CCC(=O)OC/C=C(C)/CCC[C@H](C)CCC[C@H](C)CCCC(C)C)C(/C6(\[C-](C(OC)=O)C(=O)C1(\C(\N2([Mg]N(C(/C=C3(C(/CO)=C(CC)\C(/C=C(C(\C)=1)\2)=N/3))=4)5))=6)))=N\7)))		GTDBMSHAERJYQW-YKKLGNEQSA-M									PlantCyc/PMN local PGDB
CPD-5221	CPD-5221	amphomycin	1289.6503324307					C58H88N13O20			plantcyc <https://plantcyc.org/>		1289.6503324307	CCC(C)CCCCC/C=C/CC(NC(C(NC(C(NC(C(NCC(NC(C(NCC(NC(C(NC(C(N3(C(C(NC(C1(C(=O)N2(C(C(=O)N1)CCCC2)))C)=O)CCC3))=O)C(C)C)=O)C(C)[NH3+])=O)=O)CC(=O)[O-])=O)=O)CC(=O)[O-])=O)C(C(=O)[O-])C)=O)CC(=O)[O-])=O		XBNDESPXQUOOBQ-WYMLVPIESA-K									PlantCyc/PMN local PGDB
CPD-11684	CPD-11684	quercetin 3'-O-glucoside	464.0954761072					C21H19O12			plantcyc <https://plantcyc.org/>		464.0954761072	C(O)[C@@H](O)[C@@H]1([C@H](O)[C@@H](O)[C@@H](O1)OC3(\C(=O)C4(/C(/O)=C\C(\[O-])=C/C(/OC(\C2(/C=C\C(\O)=C(/C=2)\O))=3)=4)))											PlantCyc/PMN local PGDB
CPD-9929	CPD-9929	BPH-674	521.8970388662					C16H16O6P2K4			plantcyc <https://plantcyc.org/>		521.8970388662	C(P(O[K])(=O)O[K])(P(O[K])(O[K])=O)CCCC2(\C=C/C(/C1(\C=C/C=C\C=1))=C\C=2)		BCYAVSRUQADSRS-UHFFFAOYSA-J									PlantCyc/PMN local PGDB
CPD-6991	CPD-6991	(2 S )-pinocembrin	256.0735588736					C15H11O4			plantcyc <https://plantcyc.org/>		256.0735588736	C3(\C=C/C(/[C@H]1(OC2(\C(\C(C1)=O)=C(/C=C(/C=2)/[O-])\O)))=C\C=3)		URFCJEUYXNAHFI-ZDUSSCGKSA-M									PlantCyc/PMN local PGDB
CPD-11937	CPD-11937	1D- myo -inositol 3-diphosphate 1,2,4,5,6-pentakisphosphate	739.8277009766					C6H7O27P7			plantcyc <https://plantcyc.org/>	3-PP-InsP 5 // 3-diphospho-1D- myo -inositol pentakisphosphate // 3-diphospho-1D- myo -inositol 1,2,4,5,6-pentakisphosphate	739.8277009766	[C@H]1(OP([O-])(=O)[O-])([C@@H](OP([O-])(=O)[O-])[C@H](OP(=O)([O-])[O-])[C@@H](OP(=O)([O-])OP(O)(=O)[O-])[C@@H](OP([O-])([O-])=O)[C@@H](OP([O-])([O-])=O)1)		UPHPWXPNZIOZJL-PTQMNWPWSA-B									PlantCyc/PMN local PGDB
CPD-7005	CPD-7005	geranylgeranyl chlorophyll a	886.4883631499					C55H65N4O5MG			plantcyc <https://plantcyc.org/>	geranylgeranyl-chl a // GG-chl a // GG-chlorophyll a	886.4883631499	C=CC5(\C1(\N6([Mg]N3(C4(\C(/[C@@H-](C(OC)=O)C(=O)C(\C(/C)=C(\C=C2(C(/CC)=C(C)/C(\C=1)=N\2))/3)=4)=C7([C@@H](CCC(=O)OC/C=C(C)/CC/C=C(C)/CC/C=C(C)/CCC=C(C)C)[C@H](C)C(\C=C(C(/C)=5)/6)=N7))))))		QBLSEPRESQJTCI-ZNLWZYPOSA-M									PlantCyc/PMN local PGDB
