PlantCyc.ID	reaction_id	pathway_id	side	Compound.name	KEGG.ID	PubChem.ID	ChEBI.ID
CPD-21541	RXN-19948	PWY-6888	right	zealexin A4		135398014	
CPD-13571	RXN-19948	PWY-6888	left	zealexin A3		134820458	
CPD-13571	RXN-12607	PWY-6888	right	zealexin A3		134820458	
CPD-13571	RXN-19640	PWY-6888	left	zealexin A3		134820458	
CPD-21269	RXN-19640	PWY-6888	right	zealexin C3		134820525	
OXYGEN-MOLECULE	RXN-8305	PWY-782	left	dioxygen	C00007	977	15379
OXYGEN-MOLECULE	RXN-4209	PWY-2541	left	dioxygen	C00007	977	15379
OXYGEN-MOLECULE	RXN1F-143	PWY-5035	left	dioxygen	C00007	977	15379
OXYGEN-MOLECULE	RXN-11911	PWY-5434	left	dioxygen	C00007	977	15379
OXYGEN-MOLECULE	SULFITE-OXIDASE-RXN	PWY-5326	left	dioxygen	C00007	977	15379
OXYGEN-MOLECULE	RXN-7580	PWY-5034	left	dioxygen	C00007	977	15379
OXYGEN-MOLECULE	RXN1F-162	PWY-5070	left	dioxygen	C00007	977	15379
OXYGEN-MOLECULE	RXN-2581	PWY-361	left	dioxygen	C00007	977	15379
OXYGEN-MOLECULE	RXN-7652	PWY-5060	left	dioxygen	C00007	977	15379
OXYGEN-MOLECULE	RXN-8301	PWY-782	left	dioxygen	C00007	977	15379
OXYGEN-MOLECULE	RXN-19720	PWY-2541	left	dioxygen	C00007	977	15379
OXYGEN-MOLECULE	RXN1F-165	PWY-5070	left	dioxygen	C00007	977	15379
OXYGEN-MOLECULE	RXN-4226	PWY-2582	left	dioxygen	C00007	977	15379
OXYGEN-MOLECULE	RXN-717	PWY-699	left	dioxygen	C00007	977	15379
OXYGEN-MOLECULE	RXN-713	PWY-699	left	dioxygen	C00007	977	15379
OXYGEN-MOLECULE	RXN-5284	CHLOROPHYLL-SYN	left	dioxygen	C00007	977	15379
OXYGEN-MOLECULE	RXN-525	PWY1F-823	left	dioxygen	C00007	977	15379
OXYGEN-MOLECULE	L-ASPARTATE-OXID-RXN	PYRIDNUCSYN-PWY	left	dioxygen	C00007	977	15379
OXYGEN-MOLECULE	RXN-16400	PWY-6733	left	dioxygen	C00007	977	15379
OXYGEN-MOLECULE	RXN-20433	PWY18C3-1	left	dioxygen	C00007	977	15379
OXYGEN-MOLECULE	RXN-14656	PWY-7298	left	dioxygen	C00007	977	15379
OXYGEN-MOLECULE	RXN1F-163	PWY-5070	left	dioxygen	C00007	977	15379
OXYGEN-MOLECULE	RXN-23336	PWY-5410	left	dioxygen	C00007	977	15379
OXYGEN-MOLECULE	RXN-7775	PWY-6787	left	dioxygen	C00007	977	15379
OXYGEN-MOLECULE	RXN-16036	PWY-5995	left	dioxygen	C00007	977	15379
OXYGEN-MOLECULE	RXN-15382	PWY-7478	left	dioxygen	C00007	977	15379
OXYGEN-MOLECULE	RXN-9279	PWY-5872	left	dioxygen	C00007	977	15379
OXYGEN-MOLECULE	RXN-16400	PWY-1121	left	dioxygen	C00007	977	15379
OXYGEN-MOLECULE	MYO-INOSITOL-OXYGENASE-RXN	PWY-4841	left	dioxygen	C00007	977	15379
OXYGEN-MOLECULE	RXN-114	PWY-102	left	dioxygen	C00007	977	15379
OXYGEN-MOLECULE	RXN-8311	PWY-782	left	dioxygen	C00007	977	15379
OXYGEN-MOLECULE	RXN-16171	PWY-699	left	dioxygen	C00007	977	15379
OXYGEN-MOLECULE	RXN-6523	PWY-5070	left	dioxygen	C00007	977	15379
OXYGEN-MOLECULE	RXN-8316	PWY-762	left	dioxygen	C00007	977	15379
OXYGEN-MOLECULE	RXN-5962	PWY-5947	left	dioxygen	C00007	977	15379
OXYGEN-MOLECULE	RXN-7782	PWY-3101	left	dioxygen	C00007	977	15379
OXYGEN-MOLECULE	RXN-8368	PWY-782	left	dioxygen	C00007	977	15379
OXYGEN-MOLECULE	1.14.13.78-RXN	PWY-7070	left	dioxygen	C00007	977	15379
OXYGEN-MOLECULE	RXN-20438	PWY18C3-1	left	dioxygen	C00007	977	15379
OXYGEN-MOLECULE	RXN-8323	PWY-762	left	dioxygen	C00007	977	15379
OXYGEN-MOLECULE	RXN-8304	PWY-782	left	dioxygen	C00007	977	15379
OXYGEN-MOLECULE	RXN-8367	PWY-782	left	dioxygen	C00007	977	15379
OXYGEN-MOLECULE	RXN-12136	PWY-6710	left	dioxygen	C00007	977	15379
OXYGEN-MOLECULE	RXN-20440	PWY18C3-1	left	dioxygen	C00007	977	15379
OXYGEN-MOLECULE	RXN-4121	PWY-2501	left	dioxygen	C00007	977	15379
OXYGEN-MOLECULE	RXN-1103	PWY-1121	left	dioxygen	C00007	977	15379
OXYGEN-MOLECULE	ETHYL-RXN	ETHYL-PWY	left	dioxygen	C00007	977	15379
OXYGEN-MOLECULE	RXN-991	PWY-102	left	dioxygen	C00007	977	15379
OXYGEN-MOLECULE	RXN-12091	PWY-6117	left	dioxygen	C00007	977	15379
OXYGEN-MOLECULE	RXN-778	PWY-2582	left	dioxygen	C00007	977	15379
OXYGEN-MOLECULE	RXN-118	PWY-102	left	dioxygen	C00007	977	15379
OXYGEN-MOLECULE	URATE-OXIDASE-RXN	PWY-5691	left	dioxygen	C00007	977	15379
OXYGEN-MOLECULE	RXN-10747	PWY-6440	left	dioxygen	C00007	977	15379
OXYGEN-MOLECULE	RXN-12657	PWY-6888	left	dioxygen	C00007	977	15379
OXYGEN-MOLECULE	RXN3O-1380	PWY-5129	left	dioxygen	C00007	977	15379
OXYGEN-MOLECULE	RXN-11541	PWY-6546	left	dioxygen	C00007	977	15379
OXYGEN-MOLECULE	RXN1F-164	PWY-5070	left	dioxygen	C00007	977	15379
OXYGEN-MOLECULE	RXN-9703	PWY-6014	left	dioxygen	C00007	977	15379
OXYGEN-MOLECULE	RXN-12605	PWY-6888	left	dioxygen	C00007	977	15379
OXYGEN-MOLECULE	RXN-8326	PWY-762	left	dioxygen	C00007	977	15379
OXYGEN-MOLECULE	RXN-8313	PWY-782	left	dioxygen	C00007	977	15379
OXYGEN-MOLECULE	RXN-12139	PWY-6710	left	dioxygen	C00007	977	15379
OXYGEN-MOLECULE	RXN1F-93	PWY-6787	left	dioxygen	C00007	977	15379
OXYGEN-MOLECULE	RXN-11623	PWY-6577	left	dioxygen	C00007	977	15379
OXYGEN-MOLECULE	RXN-6684	PWY-6949	left	dioxygen	C00007	977	15379
OXYGEN-MOLECULE	RXN-8302	PWY-782	left	dioxygen	C00007	977	15379
OXYGEN-MOLECULE	RXN-16398	PWY-6733	left	dioxygen	C00007	977	15379
OXYGEN-MOLECULE	RXN-1727	PWY-762	left	dioxygen	C00007	977	15379
OXYGEN-MOLECULE	RXN-7610	PWY4LZ-81	left	dioxygen	C00007	977	15379
OXYGEN-MOLECULE	RXN-17252	PWY-5098	left	dioxygen	C00007	977	15379
OXYGEN-MOLECULE	RXN-8303	PWY-782	left	dioxygen	C00007	977	15379
OXYGEN-MOLECULE	RXN-698	PWY-695	left	dioxygen	C00007	977	15379
OXYGEN-MOLECULE	RXN-779	PWY-2582	left	dioxygen	C00007	977	15379
OXYGEN-MOLECULE	RXN-16172	PWY-699	left	dioxygen	C00007	977	15379
OXYGEN-MOLECULE	RXN-13510	PWY-7070	left	dioxygen	C00007	977	15379
OXYGEN-MOLECULE	RXN-4544	PWY-2781	left	dioxygen	C00007	977	15379
OXYGEN-MOLECULE	RXN-16398	PWY-321	left	dioxygen	C00007	977	15379
OXYGEN-MOLECULE	RXN1F-357	PWY1F-353	left	dioxygen	C00007	977	15379
OXYGEN-MOLECULE	RXN-113	PWY-102	left	dioxygen	C00007	977	15379
OXYGEN-MOLECULE	OCTADECANAL-DECARBONYLASE-RXN	PWY-6622	left	dioxygen	C00007	977	15379
OXYGEN-MOLECULE	RXN-947	PWY-102	left	dioxygen	C00007	977	15379
OXYGEN-MOLECULE	RXN-11101	PWY-2582	left	dioxygen	C00007	977	15379
OXYGEN-MOLECULE	RXN-778	PWY-699	left	dioxygen	C00007	977	15379
OXYGEN-MOLECULE	RXN-8369	PWY-782	left	dioxygen	C00007	977	15379
OXYGEN-MOLECULE	RXN-8296	PWY-782	left	dioxygen	C00007	977	15379
OXYGEN-MOLECULE	RXN-12882	PWY-7477	left	dioxygen	C00007	977	15379
OXYGEN-MOLECULE	RXN-18480	PWY-7859	left	dioxygen	C00007	977	15379
OXYGEN-MOLECULE	PROTOPORGENOXI-RXN	HEME-BIOSYNTHESIS-II	left	dioxygen	C00007	977	15379
OXYGEN-MOLECULE	RXN-7983	PWY-5925	left	dioxygen	C00007	977	15379
OXYGEN-MOLECULE	RXN-11671	PWY-7634	left	dioxygen	C00007	977	15379
OXYGEN-MOLECULE	1.14.13.36-RXN	PWY-6040	left	dioxygen	C00007	977	15379
OXYGEN-MOLECULE	RXN-7630	PWY-5048	left	dioxygen	C00007	977	15379
OXYGEN-MOLECULE	RXN-14423	PWY-7252	left	dioxygen	C00007	977	15379
OXYGEN-MOLECULE	RXN-8300	PWY-782	left	dioxygen	C00007	977	15379
OXYGEN-MOLECULE	RXN-5961	PWY-5947	left	dioxygen	C00007	977	15379
OXYGEN-MOLECULE	RXN-8352	PWY-2541	left	dioxygen	C00007	977	15379
OXYGEN-MOLECULE	TYROSINE-3-MONOOXYGENASE-RXN	PWY-5049	left	dioxygen	C00007	977	15379
OXYGEN-MOLECULE	RXN-7982	PWY-5925	left	dioxygen	C00007	977	15379
OXYGEN-MOLECULE	RXN-4308	PWY-2681	left	dioxygen	C00007	977	15379
OXYGEN-MOLECULE	RXN-15438	PWY-2981	left	dioxygen	C00007	977	15379
OXYGEN-MOLECULE	RXN-12963	PWY-6982	left	dioxygen	C00007	977	15379
OXYGEN-MOLECULE	RXN-1726	PWY-762	left	dioxygen	C00007	977	15379
OXYGEN-MOLECULE	RXN-12881	PWY-7477	left	dioxygen	C00007	977	15379
OXYGEN-MOLECULE	RXN3O-218	PWY-2541	left	dioxygen	C00007	977	15379
OXYGEN-MOLECULE	RXN-777	PWY-699	left	dioxygen	C00007	977	15379
OXYGEN-MOLECULE	L-AMINO-ACID-OXIDASE-RXN	PWY4LZ-81	left	dioxygen	C00007	977	15379
OXYGEN-MOLECULE	RXN-24911	PWY-5872	left	dioxygen	C00007	977	15379
OXYGEN-MOLECULE	RXN-8318	PWY-762	left	dioxygen	C00007	977	15379
OXYGEN-MOLECULE	RXN-777	PWY-2582	left	dioxygen	C00007	977	15379
OXYGEN-MOLECULE	RXN-14426	PWY-7253	left	dioxygen	C00007	977	15379
OXYGEN-MOLECULE	RXN-15381	PWY-7478	left	dioxygen	C00007	977	15379
OXYGEN-MOLECULE	RXN1F-168	PWY-5035	left	dioxygen	C00007	977	15379
OXYGEN-MOLECULE	RXN-8329	PWY-762	left	dioxygen	C00007	977	15379
OXYGEN-MOLECULE	RXNDQC-2	PWYDQC-4	left	dioxygen	C00007	977	15379
OXYGEN-MOLECULE	RXN-8306	PWY-782	left	dioxygen	C00007	977	15379
OXYGEN-MOLECULE	RXN-7686	PWY-6787	left	dioxygen	C00007	977	15379
OXYGEN-MOLECULE	RXN-719	PWY-699	left	dioxygen	C00007	977	15379
OXYGEN-MOLECULE	RXN-9807	PWY-321	left	dioxygen	C00007	977	15379
OXYGEN-MOLECULE	RXN-11341	PWY-5129	left	dioxygen	C00007	977	15379
OXYGEN-MOLECULE	RXN-4225	PWY-2582	left	dioxygen	C00007	977	15379
OXYGEN-MOLECULE	RXN-8366	PWY-782	left	dioxygen	C00007	977	15379
OXYGEN-MOLECULE	RXN0-1461	CHLOROPHYLL-SYN	left	dioxygen	C00007	977	15379
OXYGEN-MOLECULE	RXN-969	PWY-181	left	dioxygen	C00007	977	15379
OXYGEN-MOLECULE	RXN-8328	PWY-762	left	dioxygen	C00007	977	15379
OXYGEN-MOLECULE	RXN-11535	PWY-699	left	dioxygen	C00007	977	15379
OXYGEN-MOLECULE	RXN0-1461	HEME-BIOSYNTHESIS-II	left	dioxygen	C00007	977	15379
OXYGEN-MOLECULE	RXN-16049	PWY-7590	left	dioxygen	C00007	977	15379
OXYGEN-MOLECULE	RXN-18348	PWY-641	left	dioxygen	C00007	977	15379
OXYGEN-MOLECULE	RXN-6683	PWY-6949	left	dioxygen	C00007	977	15379
OXYGEN-MOLECULE	RXN-6524	PWY-5035	left	dioxygen	C00007	977	15379
OXYGEN-MOLECULE	RXN-9940	PWY-6117	left	dioxygen	C00007	977	15379
OXYGEN-MOLECULE	RXN-9669	PWY-5995	left	dioxygen	C00007	977	15379
OXYGEN-MOLECULE	RXN1F-161	PWY-5034	left	dioxygen	C00007	977	15379
OXYGEN-MOLECULE	RXN-773	PWY-699	left	dioxygen	C00007	977	15379
OXYGEN-MOLECULE	RXN1F-170	PWY-5035	left	dioxygen	C00007	977	15379
OXYGEN-MOLECULE	RXN-8327	PWY-762	left	dioxygen	C00007	977	15379
OXYGEN-MOLECULE	RXN-8360	PWY-762	left	dioxygen	C00007	977	15379
OXYGEN-MOLECULE	RXN-16048	PWY-7590	left	dioxygen	C00007	977	15379
OXYGEN-MOLECULE	RXN-7580	PWY-7070	left	dioxygen	C00007	977	15379
OXYGEN-MOLECULE	RXN-9015	PWY-6117	left	dioxygen	C00007	977	15379
OXYGEN-MOLECULE	RXN-8393	PWY-5368	left	dioxygen	C00007	977	15379
OXYGEN-MOLECULE	RXN-7796	PWY-5129	left	dioxygen	C00007	977	15379
OXYGEN-MOLECULE	RXN-6883	PWY-4302	left	dioxygen	C00007	977	15379
OXYGEN-MOLECULE	RXN-16047	PWY-7590	left	dioxygen	C00007	977	15379
OXYGEN-MOLECULE	RXN-15437	PWY-2981	left	dioxygen	C00007	977	15379
OXYGEN-MOLECULE	RXN-13643	PWY-7101	left	dioxygen	C00007	977	15379
OXYGEN-MOLECULE	RXN-6421	PWY-6440	left	dioxygen	C00007	977	15379
OXYGEN-MOLECULE	RXN-720	PWY-699	left	dioxygen	C00007	977	15379
OXYGEN-MOLECULE	1.14.18.2-RXN	PWY-6144	left	dioxygen	C00007	977	15379
OXYGEN-MOLECULE	1.14.13.70-RXN	PWY-2541	left	dioxygen	C00007	977	15379
OXYGEN-MOLECULE	RXN-171	PWY-102	left	dioxygen	C00007	977	15379
OXYGEN-MOLECULE	RXN-7775	PWY1F-823	left	dioxygen	C00007	977	15379
OXYGEN-MOLECULE	RXN-8025	PWY-5944	left	dioxygen	C00007	977	15379
OXYGEN-MOLECULE	RXN-8330	PWY-762	left	dioxygen	C00007	977	15379
OXYGEN-MOLECULE	RXN-16046	PWY-5997	left	dioxygen	C00007	977	15379
OXYGEN-MOLECULE	SUPEROX-DISMUT-RXN	DETOX1-PWY	right	dioxygen	C00007	977	15379
OXYGEN-MOLECULE	RXN-7631	PWY-5048	left	dioxygen	C00007	977	15379
OXYGEN-MOLECULE	RXN-12135	PWY-6710	left	dioxygen	C00007	977	15379
OXYGEN-MOLECULE	RXN-12089	PWY-6441	left	dioxygen	C00007	977	15379
OXYGEN-MOLECULE	RXN-11406	PWY-6498	left	dioxygen	C00007	977	15379
OXYGEN-MOLECULE	RXN-774	PWY-2582	left	dioxygen	C00007	977	15379
OXYGEN-MOLECULE	RXN-10450	PWY-6235	left	dioxygen	C00007	977	15379
OXYGEN-MOLECULE	DEOXYHYPUSINE-MONOOXYGENASE-RXN	PWY-5905	left	dioxygen	C00007	977	15379
OXYGEN-MOLECULE	RXN-11404	PWY-6498	left	dioxygen	C00007	977	15379
OXYGEN-MOLECULE	RXN-8317	PWY-762	left	dioxygen	C00007	977	15379
OXYGEN-MOLECULE	RXN1F-160	PWY-5034	left	dioxygen	C00007	977	15379
OXYGEN-MOLECULE	RXN-15440	PWY-2981	left	dioxygen	C00007	977	15379
OXYGEN-MOLECULE	RXN-8322	PWY-762	left	dioxygen	C00007	977	15379
OXYGEN-MOLECULE	RXN-527	PWY-6787	left	dioxygen	C00007	977	15379
OXYGEN-MOLECULE	RETICULINE-OXIDASE-RXN	PWY-5470	left	dioxygen	C00007	977	15379
OXYGEN-MOLECULE	RXN-14655	PWY-7298	left	dioxygen	C00007	977	15379
OXYGEN-MOLECULE	RXN-773	PWY-2582	left	dioxygen	C00007	977	15379
OXYGEN-MOLECULE	RXN-8361	PWY-762	left	dioxygen	C00007	977	15379
OXYGEN-MOLECULE	RXN-10696	PWY-735	left	dioxygen	C00007	977	15379
OXYGEN-MOLECULE	RXN-525	PWY-3101	left	dioxygen	C00007	977	15379
OXYGEN-MOLECULE	RXN-12143	PWY-6710	left	dioxygen	C00007	977	15379
OXYGEN-MOLECULE	RXN-17523	PWY-7170	left	dioxygen	C00007	977	15379
OXYGEN-MOLECULE	RXN-19723	PWY-2541	left	dioxygen	C00007	977	15379
OXYGEN-MOLECULE	RXN-13644	PWY-7101	left	dioxygen	C00007	977	15379
OXYGEN-MOLECULE	PNPOXI-RXN	PWY-7204	left	dioxygen	C00007	977	15379
OXYGEN-MOLECULE	TYROSINE-N-MONOOXYGENASE-RXN	PWY-861	left	dioxygen	C00007	977	15379
OXYGEN-MOLECULE	RXN-8299	PWY-782	left	dioxygen	C00007	977	15379
OXYGEN-MOLECULE	RXN-8619	PWY-5434	left	dioxygen	C00007	977	15379
OXYGEN-MOLECULE	4-HYDROXYPHENYLPYRUVATE-DIOXYGENASE-RXN	TYRFUMCAT-PWY	left	dioxygen	C00007	977	15379
OXYGEN-MOLECULE	NARINGENIN-3-DIOXYGENASE-RXN	PWY-6787	left	dioxygen	C00007	977	15379
OXYGEN-MOLECULE	RXN-12138	PWY-6710	left	dioxygen	C00007	977	15379
OXYGEN-MOLECULE	RXN-8325	PWY-762	left	dioxygen	C00007	977	15379
OXYGEN-MOLECULE	1.14.21.6-RXN	PWY18C3-1	left	dioxygen	C00007	977	15379
OXYGEN-MOLECULE	RXN-11026	PWY-5136	left	dioxygen	C00007	977	15379
OXYGEN-MOLECULE	RXN-7650	PWY-5060	left	dioxygen	C00007	977	15379
OXYGEN-MOLECULE	RXN-8699	PWY-5470	left	dioxygen	C00007	977	15379
OXYGEN-MOLECULE	RXN-775	PWY-699	left	dioxygen	C00007	977	15379
OXYGEN-MOLECULE	PROTOPORGENOXI-RXN	CHLOROPHYLL-SYN	left	dioxygen	C00007	977	15379
OXYGEN-MOLECULE	RXN-8324	PWY-762	left	dioxygen	C00007	977	15379
OXYGEN-MOLECULE	RXN-5242	PWY-5034	left	dioxygen	C00007	977	15379
OXYGEN-MOLECULE	RXN-7748	PWY-861	left	dioxygen	C00007	977	15379
OXYGEN-MOLECULE	RXN-8698	PWY-5470	left	dioxygen	C00007	977	15379
OXYGEN-MOLECULE	RXN-8297	PWY-782	left	dioxygen	C00007	977	15379
OXYGEN-MOLECULE	RXN-7979	PWY-5945	left	dioxygen	C00007	977	15379
OXYGEN-MOLECULE	RXN-9805	PWY-321	left	dioxygen	C00007	977	15379
OXYGEN-MOLECULE	RXN-12349	PWY-6792	left	dioxygen	C00007	977	15379
OXYGEN-MOLECULE	RXN-8363	PWY-782	left	dioxygen	C00007	977	15379
OXYGEN-MOLECULE	RXN-19637	PWY-7994	left	dioxygen	C00007	977	15379
OXYGEN-MOLECULE	RXN-7686	PWY-5060	left	dioxygen	C00007	977	15379
OXYGEN-MOLECULE	RXN-7978	PWY-5945	left	dioxygen	C00007	977	15379
OXYGEN-MOLECULE	RXN-15379	PWY-7478	left	dioxygen	C00007	977	15379
OXYGEN-MOLECULE	RXN-19636	PWY-7994	left	dioxygen	C00007	977	15379
OXYGEN-MOLECULE	RXN-7677	PWY-5068	left	dioxygen	C00007	977	15379
OXYGEN-MOLECULE	RXN-15441	PWY-7478	left	dioxygen	C00007	977	15379
OXYGEN-MOLECULE	RXN-10707	PWY-735	left	dioxygen	C00007	977	15379
OXYGEN-MOLECULE	RXN-292	PWY-102	left	dioxygen	C00007	977	15379
OXYGEN-MOLECULE	RXN-10706	PWY-735	left	dioxygen	C00007	977	15379
OXYGEN-MOLECULE	RXN-774	PWY-699	left	dioxygen	C00007	977	15379
OXYGEN-MOLECULE	RXN-7676	PWY-5068	left	dioxygen	C00007	977	15379
OXYGEN-MOLECULE	RXN-18348	PWY-5125	left	dioxygen	C00007	977	15379
OXYGEN-MOLECULE	RXN-15439	PWY-2981	left	dioxygen	C00007	977	15379
OXYGEN-MOLECULE	RXN-18479	PWY-7859	left	dioxygen	C00007	977	15379
OXYGEN-MOLECULE	RXN-15188	PWY-7430	left	dioxygen	C00007	977	15379
OXYGEN-MOLECULE	ISOFLAVONE-2-HYDROXYLASE-RXN	PWY-2463	left	dioxygen	C00007	977	15379
OXYGEN-MOLECULE	RXN-7798	PWY-5129	left	dioxygen	C00007	977	15379
OXYGEN-MOLECULE	RXN1F-101	PWY-5035	left	dioxygen	C00007	977	15379
OXYGEN-MOLECULE	1.14.13.42-RXN	PWY-861	left	dioxygen	C00007	977	15379
OXYGEN-MOLECULE	RXN66-587	PWY-5060	left	dioxygen	C00007	977	15379
OXYGEN-MOLECULE	RXN-15394	PWY-7478	left	dioxygen	C00007	977	15379
OXYGEN-MOLECULE	RXN-16398	PWY-1121	left	dioxygen	C00007	977	15379
OXYGEN-MOLECULE	RXN-886	PWY-102	left	dioxygen	C00007	977	15379
OXYGEN-MOLECULE	RXN-5283	CHLOROPHYLL-SYN	left	dioxygen	C00007	977	15379
OXYGEN-MOLECULE	RXN-8707	PWY-8475	left	dioxygen	C00007	977	15379
OXYGEN-MOLECULE	PSII-RXN	PWY-101	left	dioxygen	C00007	977	15379
OXYGEN-MOLECULE	TRANS-CINNAMATE-4-MONOOXYGENASE-RXN	PWY-1121	left	dioxygen	C00007	977	15379
OXYGEN-MOLECULE	RXN-4306	PWY-2681	left	dioxygen	C00007	977	15379
OXYGEN-MOLECULE	RXN-13642	PWY-7101	left	dioxygen	C00007	977	15379
OXYGEN-MOLECULE	RXN1F-99	PWY-5070	left	dioxygen	C00007	977	15379
OXYGEN-MOLECULE	RXN-7903	PWY-5147	left	dioxygen	C00007	977	15379
OXYGEN-MOLECULE	RXN-2581	PWY-6039	left	dioxygen	C00007	977	15379
OXYGEN-MOLECULE	RXN1F-167	PWY-5035	left	dioxygen	C00007	977	15379
OXYGEN-MOLECULE	RXN-12656	PWY-6888	left	dioxygen	C00007	977	15379
OXYGEN-MOLECULE	RXN-9278	PWY-5871	left	dioxygen	C00007	977	15379
OXYGEN-MOLECULE	CYTOCHROME-C-OXIDASE-RXN	PWY-3781	left	dioxygen	C00007	977	15379
OXYGEN-MOLECULE	RXN-5242	PWY-7070	left	dioxygen	C00007	977	15379
OXYGEN-MOLECULE	RXN-20783	PWY-8076	left	dioxygen	C00007	977	15379
OXYGEN-MOLECULE	1.2.3.14-RXN	PWY-695	left	dioxygen	C00007	977	15379
OXYGEN-MOLECULE	RXN-12510	PWY-3101	left	dioxygen	C00007	977	15379
OXYGEN-MOLECULE	TRANS-CINNAMATE-4-MONOOXYGENASE-RXN	PWY1F-467	left	dioxygen	C00007	977	15379
OXYGEN-MOLECULE	RXN-16400	PWY-321	left	dioxygen	C00007	977	15379
OXYGEN-MOLECULE	RXN-11325	PWY-6465	left	dioxygen	C00007	977	15379
OXYGEN-MOLECULE	RXN-115	PWY-102	left	dioxygen	C00007	977	15379
OXYGEN-MOLECULE	RXN1F-93	PWY-3101	left	dioxygen	C00007	977	15379
OXYGEN-MOLECULE	RXN-172	PWY-102	left	dioxygen	C00007	977	15379
OXYGEN-MOLECULE	4-HYDROXYPHENYLPYRUVATE-DIOXYGENASE-RXN	PWY-1422	left	dioxygen	C00007	977	15379
OXYGEN-MOLECULE	RXN-12186	PWY-6733	left	dioxygen	C00007	977	15379
OXYGEN-MOLECULE	RXN-8450	PWY-3101	left	dioxygen	C00007	977	15379
OXYGEN-MOLECULE	RXN-17351	PWY-5466	left	dioxygen	C00007	977	15379
OXYGEN-MOLECULE	RXN-14657	PWY-7298	left	dioxygen	C00007	977	15379
OXYGEN-MOLECULE	RXN-9703	PWY-6710	left	dioxygen	C00007	977	15379
OXYGEN-MOLECULE	PMPOXI-RXN	PWY-7204	left	dioxygen	C00007	977	15379
OXYGEN-MOLECULE	RXN-9243	PWY-5871	left	dioxygen	C00007	977	15379
OXYGEN-MOLECULE	RXN-8294	PWY-782	left	dioxygen	C00007	977	15379
OXYGEN-MOLECULE	RXN-8309	PWY-782	left	dioxygen	C00007	977	15379
OXYGEN-MOLECULE	RXN-6681	PWY-6949	left	dioxygen	C00007	977	15379
OXYGEN-MOLECULE	RXN-8364	PWY-782	left	dioxygen	C00007	977	15379
OXYGEN-MOLECULE	RXN-1725	PWY-762	left	dioxygen	C00007	977	15379
OXYGEN-MOLECULE	RXN-8320	PWY-762	left	dioxygen	C00007	977	15379
OXYGEN-MOLECULE	RXN-7628	PWY-5048	left	dioxygen	C00007	977	15379
OXYGEN-MOLECULE	1.14.13.78-RXN	PWY-5034	left	dioxygen	C00007	977	15379
OXYGEN-MOLECULE	RXN-4241	PWY-699	left	dioxygen	C00007	977	15379
OXYGEN-MOLECULE	RXN-6682	PWY-6949	left	dioxygen	C00007	977	15379
OXYGEN-MOLECULE	RXN-11530	PWY-2582	left	dioxygen	C00007	977	15379
OXYGEN-MOLECULE	RXN-9241	PWY-5871	left	dioxygen	C00007	977	15379
OXYGEN-MOLECULE	RXN-13718	PWY-3101	left	dioxygen	C00007	977	15379
OXYGEN-MOLECULE	4-HYDROXYPHENYLPYRUVATE-DIOXYGENASE-RXN	PWY-1581	left	dioxygen	C00007	977	15379
OXYGEN-MOLECULE	1.14.11.24-RXN	PWY-5925	left	dioxygen	C00007	977	15379
OXYGEN-MOLECULE	RXN-9667	PWY-5997	left	dioxygen	C00007	977	15379
OXYGEN-MOLECULE	RXN-16465	PWY-7642	left	dioxygen	C00007	977	15379
OXYGEN-MOLECULE	RXN-7921	PWY-6787	left	dioxygen	C00007	977	15379
OXYGEN-MOLECULE	RXN-14250	PWY-5129	left	dioxygen	C00007	977	15379
OXYGEN-MOLECULE	LIPOXYGENASE-RXN	PWY-5410	left	dioxygen	C00007	977	15379
OXYGEN-MOLECULE	RXN-7629	PWY-5048	left	dioxygen	C00007	977	15379
OXYGEN-MOLECULE	RXN-8307	PWY-782	left	dioxygen	C00007	977	15379
OXYGEN-MOLECULE	RXN-1321	PWY-735	left	dioxygen	C00007	977	15379
OXYGEN-MOLECULE	1.14.13.36-RXN	PWY-6039	left	dioxygen	C00007	977	15379
OXYGEN-MOLECULE	SUPEROX-DISMUT-RXN	DETOX1-PWY-1	right	dioxygen	C00007	977	15379
OXYGEN-MOLECULE	1.14.13.79-RXN	PWY-5034	left	dioxygen	C00007	977	15379
OXYGEN-MOLECULE	RXN-24916	PWY-5872	left	dioxygen	C00007	977	15379
OXYGEN-MOLECULE	RXN-16399	PWY-6733	left	dioxygen	C00007	977	15379
OXYGEN-MOLECULE	1.14.13.36-RXN	PWY-361	left	dioxygen	C00007	977	15379
OXYGEN-MOLECULE	RXN-17350	PWY-7749	left	dioxygen	C00007	977	15379
OXYGEN-MOLECULE	RXN-11531	PWY-2582	left	dioxygen	C00007	977	15379
OXYGEN-MOLECULE	RXN-8308	PWY-782	left	dioxygen	C00007	977	15379
OXYGEN-MOLECULE	SQUALENE-MONOOXYGENASE-RXN	PWY-5670	left	dioxygen	C00007	977	15379
OXYGEN-MOLECULE	RXN-11340	PWY-6468	left	dioxygen	C00007	977	15379
OXYGEN-MOLECULE	RXN-8314	PWY-782	left	dioxygen	C00007	977	15379
OXYGEN-MOLECULE	RXN-715	PWY-699	left	dioxygen	C00007	977	15379
OXYGEN-MOLECULE	MYO-INOSITOL-OXYGENASE-RXN	PWY-8142	left	dioxygen	C00007	977	15379
OXYGEN-MOLECULE	RXN-12155	PWY-1121	left	dioxygen	C00007	977	15379
OXYGEN-MOLECULE	RXN-8321	PWY-762	left	dioxygen	C00007	977	15379
OXYGEN-MOLECULE	RXN-10691	PWY-641	left	dioxygen	C00007	977	15379
OXYGEN-MOLECULE	RXN-527	PWY-3101	left	dioxygen	C00007	977	15379
OXYGEN-MOLECULE	RXN-961	PWY-181	left	dioxygen	C00007	977	15379
OXYGEN-MOLECULE	1.14.13.93-RXN	PWY-5271	left	dioxygen	C00007	977	15379
OXYGEN-MOLECULE	RXN-11336	PWY-6465	left	dioxygen	C00007	977	15379
OXYGEN-MOLECULE	NARINGENIN-3-DIOXYGENASE-RXN	PWY1F-FLAVSYN	left	dioxygen	C00007	977	15379
OXYGEN-MOLECULE	CATAL-RXN	DETOX1-PWY-1	right	dioxygen	C00007	977	15379
OXYGEN-MOLECULE	RXN-11540	PWY-6546	left	dioxygen	C00007	977	15379
OXYGEN-MOLECULE	RXN-6550	PWY-102	left	dioxygen	C00007	977	15379
OXYGEN-MOLECULE	RXN-4243	PWY-2541	left	dioxygen	C00007	977	15379
OXYGEN-MOLECULE	RXN-17349	PWY-7749	left	dioxygen	C00007	977	15379
OXYGEN-MOLECULE	RXN-1321	PWY-5410	left	dioxygen	C00007	977	15379
OXYGEN-MOLECULE	RXN-8620	PWY-6668	left	dioxygen	C00007	977	15379
OXYGEN-MOLECULE	R147-RXN	PWY-4361	left	dioxygen	C00007	977	15379
OXYGEN-MOLECULE	RXN-8331	PWY-762	left	dioxygen	C00007	977	15379
OXYGEN-MOLECULE	HOMOGENTISATE-12-DIOXYGENASE-RXN	TYRFUMCAT-PWY	left	dioxygen	C00007	977	15379
OXYGEN-MOLECULE	RXN-15452	PWY-7477	left	dioxygen	C00007	977	15379
OXYGEN-MOLECULE	RXN-15191	PWY-7430	left	dioxygen	C00007	977	15379
OXYGEN-MOLECULE	RXN-7652	PWY-6787	left	dioxygen	C00007	977	15379
OXYGEN-MOLECULE	RXN-1062	PWY-321	left	dioxygen	C00007	977	15379
OXYGEN-MOLECULE	RXN-2581	PWY-6040	left	dioxygen	C00007	977	15379
OXYGEN-MOLECULE	RXN-1142	PWY-361	left	dioxygen	C00007	977	15379
OXYGEN-MOLECULE	RXN-8298	PWY-782	left	dioxygen	C00007	977	15379
OXYGEN-MOLECULE	RXN-716	PWY-699	left	dioxygen	C00007	977	15379
OXYGEN-MOLECULE	RXN-7687	PWY-6787	left	dioxygen	C00007	977	15379
OXYGEN-MOLECULE	RXN-775	PWY-2582	left	dioxygen	C00007	977	15379
OXYGEN-MOLECULE	TRANS-CINNAMATE-2-MONOOXYGENASE-RXN	PWY-5176	left	dioxygen	C00007	977	15379
OXYGEN-MOLECULE	RXN-7687	PWY-5060	left	dioxygen	C00007	977	15379
OXYGEN-MOLECULE	RXN-12880	PWY-7477	left	dioxygen	C00007	977	15379
OXYGEN-MOLECULE	RXN-11536	PWY-699	left	dioxygen	C00007	977	15379
OXYGEN-MOLECULE	RXN-8295	PWY-782	left	dioxygen	C00007	977	15379
OXYGEN-MOLECULE	RXN1F-169	PWY-5035	left	dioxygen	C00007	977	15379
OXYGEN-MOLECULE	RXN-14237	PWY-7212	left	dioxygen	C00007	977	15379
OXYGEN-MOLECULE	RXN-23334	PWY-5410	left	dioxygen	C00007	977	15379
OXYGEN-MOLECULE	RXN-1728	PWY-782	left	dioxygen	C00007	977	15379
OXYGEN-MOLECULE	RXN-16173	PWY-699	left	dioxygen	C00007	977	15379
OXYGEN-MOLECULE	RXN-7653	PWY-5060	left	dioxygen	C00007	977	15379
OXYGEN-MOLECULE	RXN-779	PWY-699	left	dioxygen	C00007	977	15379
OXYGEN-MOLECULE	RXN-16344	PWY-7749	left	dioxygen	C00007	977	15379
OXYGEN-MOLECULE	RXN-8365	PWY-782	left	dioxygen	C00007	977	15379
OXYGEN-MOLECULE	RXN-5282	CHLOROPHYLL-SYN	left	dioxygen	C00007	977	15379
OXYGEN-MOLECULE	RXN-8026	PWY-5944	left	dioxygen	C00007	977	15379
OXYGEN-MOLECULE	TRANS-CINNAMATE-4-MONOOXYGENASE-RXN	PWY-5048	left	dioxygen	C00007	977	15379
OXYGEN-MOLECULE	INDOLE-23-DIOXYGENASE-RXN	PWY-7430	left	dioxygen	C00007	977	15379
OXYGEN-MOLECULE	RXN-2581	PWY-8157	left	dioxygen	C00007	977	15379
OXYGEN-MOLECULE	RXN-19724	PWY-2541	left	dioxygen	C00007	977	15379
OXYGEN-MOLECULE	RXN-12518	PWY-6837	left	dioxygen	C00007	977	15379
OXYGEN-MOLECULE	RXN-8319	PWY-762	left	dioxygen	C00007	977	15379
OXYGEN-MOLECULE	RXN-4304	PWY-2681	left	dioxygen	C00007	977	15379
OXYGEN-MOLECULE	RXN-6541	PWY-5070	left	dioxygen	C00007	977	15379
OXYGEN-MOLECULE	CATAL-RXN	DETOX1-PWY	right	dioxygen	C00007	977	15379
OXYGEN-MOLECULE	TRANS-CINNAMATE-4-MONOOXYGENASE-RXN	PWY-8157	left	dioxygen	C00007	977	15379
OXYGEN-MOLECULE	RXN-8392	PWY-5368	left	dioxygen	C00007	977	15379
OXYGEN-MOLECULE	RXN-6685	PWY-6950	left	dioxygen	C00007	977	15379
OXYGEN-MOLECULE	RXN-11336	PWY-6468	left	dioxygen	C00007	977	15379
OXYGEN-MOLECULE	RXN-12137	PWY-6710	left	dioxygen	C00007	977	15379
OXYGEN-MOLECULE	RXN-6381	PWY-3981	left	dioxygen	C00007	977	15379
OXYGEN-MOLECULE	RXN-12421	PWY-7859	left	dioxygen	C00007	977	15379
OXYGEN-MOLECULE	RXN-720	PWY-2582	left	dioxygen	C00007	977	15379
OXYGEN-MOLECULE	RXN-9015	PWY-6441	left	dioxygen	C00007	977	15379
OXYGEN-MOLECULE	RXN-8310	PWY-782	left	dioxygen	C00007	977	15379
CPD-12759	RXN-12656	PWY-6888	left	( S )-beta-macrocarpene	C19752	49859620	61344
CPD-12759	RXN-11903	PWY-6888	right	( S )-beta-macrocarpene	C19752	49859620	61344
WATER	RXN-12195	PWY-5687	left	H 2 O	C00001	962	15377
WATER	RXN-7580	PWY-5034	right	H 2 O	C00001	962	15377
WATER	RXN-6423	PWY-6440	right	H 2 O	C00001	962	15377
WATER	RXN-15910	PWY-842	left	H 2 O	C00001	962	15377
WATER	RXN-8309	PWY-782	right	H 2 O	C00001	962	15377
WATER	3.2.1.37-RXN	PWY-6717	left	H 2 O	C00001	962	15377
WATER	ARGINASE-RXN	PWY-4984	left	H 2 O	C00001	962	15377
WATER	ENOYL-COA-HYDRAT-RXN	PWY-5138	right	H 2 O	C00001	962	15377
WATER	RXNQT-4142	PWY-882	left	H 2 O	C00001	962	15377
WATER	F16BDEPHOS-RXN	PWY-5484	left	H 2 O	C00001	962	15377
WATER	RXN-3602	PWY-2463	right	H 2 O	C00001	962	15377
WATER	RXN-15123	ILEUSYN-PWY	left	H 2 O	C00001	962	15377
WATER	RXN-8321	PWY-762	right	H 2 O	C00001	962	15377
WATER	N-CARBAMOYLPUTRESCINE-AMIDASE-RXN	PWY-43	left	H 2 O	C00001	962	15377
WATER	RXN-16417	PWY-321	left	H 2 O	C00001	962	15377
WATER	1.14.13.70-RXN	PWY-2541	right	H 2 O	C00001	962	15377
WATER	RXN-17252	PWY-5098	right	H 2 O	C00001	962	15377
WATER	RXN1F-143	PWY-5035	right	H 2 O	C00001	962	15377
WATER	RXN0-5224	PWY-7117	right	H 2 O	C00001	962	15377
WATER	RXN-18921	PWY-7919	left	H 2 O	C00001	962	15377
WATER	RXN0-5398	PWY-6019	right	H 2 O	C00001	962	15377
WATER	RXN-7749	PWY-861	right	H 2 O	C00001	962	15377
WATER	RXN-15382	PWY-7478	right	H 2 O	C00001	962	15377
WATER	RXN-8300	PWY-782	right	H 2 O	C00001	962	15377
WATER	RXN-777	PWY-699	right	H 2 O	C00001	962	15377
WATER	RXN-8299	PWY-782	right	H 2 O	C00001	962	15377
WATER	GLYOHMETRANS-RXN	PWY-181	left	H 2 O	C00001	962	15377
WATER	RXN-16172	PWY-699	right	H 2 O	C00001	962	15377
WATER	RXN-18907	PWY-7918	left	H 2 O	C00001	962	15377
WATER	ACONITATEHYDR-RXN	PWY-5690	left	H 2 O	C00001	962	15377
WATER	RXN-16171	PWY-699	right	H 2 O	C00001	962	15377
WATER	PHOSPHOLIPASE-A2-RXN	LIPASYN-PWY	left	H 2 O	C00001	962	15377
WATER	RXN-778	PWY-2582	right	H 2 O	C00001	962	15377
WATER	RXN-18926	PWY-7919	left	H 2 O	C00001	962	15377
WATER	RXN-8323	PWY-762	right	H 2 O	C00001	962	15377
WATER	RXN-12196	PWY-7185	left	H 2 O	C00001	962	15377
WATER	RXN0-901	PWY-6596	left	H 2 O	C00001	962	15377
WATER	RXN-11911	PWY-5434	right	H 2 O	C00001	962	15377
WATER	RXN-9666	PWY-6733	left	H 2 O	C00001	962	15377
WATER	RXN-8318	PWY-762	right	H 2 O	C00001	962	15377
WATER	RXN-9624	PWY-6733	left	H 2 O	C00001	962	15377
WATER	QUINOLINATE-SYNTHA-RXN	PYRIDNUCSYN-PWY	right	H 2 O	C00001	962	15377
WATER	XMPXAN-RXN	PWY-6596	left	H 2 O	C00001	962	15377
WATER	RXN-16400	PWY-6733	right	H 2 O	C00001	962	15377
WATER	CTPSYN-RXN	PWY-7176	left	H 2 O	C00001	962	15377
WATER	3.1.4.11-RXN	PWY-6351	left	H 2 O	C00001	962	15377
WATER	RXN-16400	PWY-1121	right	H 2 O	C00001	962	15377
WATER	NAD-SYNTH-GLN-RXN	PYRIDNUCSYN-PWY	left	H 2 O	C00001	962	15377
WATER	TRIACYLGLYCEROL-LIPASE-RXN	LIPAS-PWY	left	H 2 O	C00001	962	15377
WATER	4.2.1.59-RXN	PWY-8279	right	H 2 O	C00001	962	15377
WATER	3-CH3-2-OXOBUTANOATE-OH-CH3-XFER-RXN	PANTO-PWY	left	H 2 O	C00001	962	15377
WATER	RXN-4313	PWY-2681	left	H 2 O	C00001	962	15377
WATER	RXN-17253	PWY-5098	left	H 2 O	C00001	962	15377
WATER	DIHYDRONEOPTERIN-MONO-P-DEPHOS-RXN	PWY-3742	left	H 2 O	C00001	962	15377
WATER	ARGININE-DEIMINASE-RXN	PWY4LZ-81	left	H 2 O	C00001	962	15377
WATER	RXN-7244	PWY-4702	left	H 2 O	C00001	962	15377
WATER	ARGINASE-RXN	CITRULBIO-PWY	left	H 2 O	C00001	962	15377
WATER	RXN-9085	PWY-5793	right	H 2 O	C00001	962	15377
WATER	RXN-1726	PWY-762	right	H 2 O	C00001	962	15377
WATER	RXN-23599	PWY-7888	left	H 2 O	C00001	962	15377
WATER	RXN-10441	PWY-6668	left	H 2 O	C00001	962	15377
WATER	RXN-8316	PWY-762	right	H 2 O	C00001	962	15377
WATER	KDO-8PPHOSPHAT-RXN	PWY-5111	left	H 2 O	C00001	962	15377
WATER	RXN-9628	PWY-6465	left	H 2 O	C00001	962	15377
WATER	3.1.3.74-RXN	PWY-7204	left	H 2 O	C00001	962	15377
WATER	RXN-7682	PWY4LZ-81	left	H 2 O	C00001	962	15377
WATER	RXN-1725	PWY-762	right	H 2 O	C00001	962	15377
WATER	AGMATINE-DEIMINASE-RXN	PWY-43	left	H 2 O	C00001	962	15377
WATER	RXN-5962	PWY-5947	right	H 2 O	C00001	962	15377
WATER	RXN-13510	PWY-7070	right	H 2 O	C00001	962	15377
WATER	RXN-16036	PWY-5995	right	H 2 O	C00001	962	15377
WATER	RXN-8296	PWY-782	right	H 2 O	C00001	962	15377
WATER	RXN-11575	PWY-5434	left	H 2 O	C00001	962	15377
WATER	RXN-525	PWY1F-823	right	H 2 O	C00001	962	15377
WATER	SUCCINATE-SEMIALDEHYDE-DEHYDROGENASE-RXN	PWY-4321	left	H 2 O	C00001	962	15377
WATER	RXN-8314	PWY-782	right	H 2 O	C00001	962	15377
WATER	RXN-18349	PWY-5125	right	H 2 O	C00001	962	15377
WATER	RXN-12195	PWY-7185	left	H 2 O	C00001	962	15377
WATER	FUMHYDR-RXN	PWY-5690	right	H 2 O	C00001	962	15377
WATER	PGPPHOSPHA-RXN	PWY4FS-7	left	H 2 O	C00001	962	15377
WATER	RXN-19638	PWY-7994	left	H 2 O	C00001	962	15377
WATER	RXN-9666	PWY-321	left	H 2 O	C00001	962	15377
WATER	DUTP-PYROP-RXN	PWY-7206	left	H 2 O	C00001	962	15377
WATER	PEPSYNTH-RXN	GLUCONEO-PWY	left	H 2 O	C00001	962	15377
WATER	RXN-1065	PWY-321	left	H 2 O	C00001	962	15377
WATER	RXN-16399	PWY-6733	right	H 2 O	C00001	962	15377
WATER	RXN-118	PWY-102	right	H 2 O	C00001	962	15377
WATER	TREHALOSEPHOSPHA-RXN	TRESYN-PWY	left	H 2 O	C00001	962	15377
WATER	RXN-778	PWY-699	right	H 2 O	C00001	962	15377
WATER	ALLANTOINASE-RXN	PWY-5698	left	H 2 O	C00001	962	15377
WATER	RXN-16417	PWY-1121	left	H 2 O	C00001	962	15377
WATER	RXN-8361	PWY-762	right	H 2 O	C00001	962	15377
WATER	RXN-9537	PWY66-430	right	H 2 O	C00001	962	15377
WATER	RXN-11541	PWY-6546	right	H 2 O	C00001	962	15377
WATER	RXN-8328	PWY-762	right	H 2 O	C00001	962	15377
WATER	RXN-12881	PWY-7477	right	H 2 O	C00001	962	15377
WATER	RXN-9520	PWY-5971	right	H 2 O	C00001	962	15377
WATER	RXN-20457	PWY-8137	left	H 2 O	C00001	962	15377
WATER	RXN-8311	PWY-782	right	H 2 O	C00001	962	15377
WATER	IGPSYN-RXN	TRPSYN-PWY	right	H 2 O	C00001	962	15377
WATER	RXN-24539	PWY-5704	left	H 2 O	C00001	962	15377
WATER	DIHYDROXYISOVALDEHYDRAT-RXN	VALSYN-PWY	right	H 2 O	C00001	962	15377
WATER	2PGADEHYDRAT-RXN	GLUCONEO-PWY	right	H 2 O	C00001	962	15377
WATER	RXNQT-4147	PWYQT-4433	left	H 2 O	C00001	962	15377
WATER	RXN-7609	PWY-6606	left	H 2 O	C00001	962	15377
WATER	GLUTAMIN-RXN	CITRULBIO-PWY	left	H 2 O	C00001	962	15377
WATER	RXN-6883	PWY-4302	right	H 2 O	C00001	962	15377
WATER	RXN-12198	PWY-5687	left	H 2 O	C00001	962	15377
WATER	2PGADEHYDRAT-RXN	PWY-1042	right	H 2 O	C00001	962	15377
WATER	RXN-11210	PWY-6430	left	H 2 O	C00001	962	15377
WATER	RXN-8326	PWY-762	right	H 2 O	C00001	962	15377
WATER	HYDROXYMETHYLGLUTARYL-COA-SYNTHASE-RXN	PWY-922	left	H 2 O	C00001	962	15377
WATER	3.1.1.82-RXN	PWY-5098	left	H 2 O	C00001	962	15377
WATER	F16BDEPHOS-RXN	GLUCONEO-PWY	left	H 2 O	C00001	962	15377
WATER	RXN-6383	PWY-3941	right	H 2 O	C00001	962	15377
WATER	RXN-22341	PWY-8259	left	H 2 O	C00001	962	15377
WATER	RXN1F-357	PWY1F-353	right	H 2 O	C00001	962	15377
WATER	HISTCYCLOHYD-RXN	HISTSYN-PWY	left	H 2 O	C00001	962	15377
WATER	RXN-9655	PWY-5971	right	H 2 O	C00001	962	15377
WATER	FUMHYDR-RXN	PWYQT-4481	right	H 2 O	C00001	962	15377
WATER	RXN0-5224	PWYQT-4429	right	H 2 O	C00001	962	15377
WATER	ALLANTOICASE-RXN	PWY4LZ-81	left	H 2 O	C00001	962	15377
WATER	4.2.1.61-RXN	PWY-5971	right	H 2 O	C00001	962	15377
WATER	RXN-9557	PWY-5973	right	H 2 O	C00001	962	15377
WATER	RXN0-901	PWY4LZ-81	left	H 2 O	C00001	962	15377
WATER	IMP-DEHYDROG-RXN	PWY-6596	left	H 2 O	C00001	962	15377
WATER	RXN-15025	PWY3O-4107	left	H 2 O	C00001	962	15377
WATER	METHYLTHIOADENOSINE-NUCLEOSIDASE-RXN	PWY-6754	left	H 2 O	C00001	962	15377
WATER	RXN-18923	PWY-7919	left	H 2 O	C00001	962	15377
WATER	RXN1F-93	PWY-6787	right	H 2 O	C00001	962	15377
WATER	SUCCINATE-SEMIALDEHYDE-DEHYDROGENASE-RXN	PWY-6535	left	H 2 O	C00001	962	15377
WATER	CTPSYN-RXN	PWY-5687	left	H 2 O	C00001	962	15377
WATER	RXN1F-163	PWY-5070	right	H 2 O	C00001	962	15377
WATER	RXN-11375	PWY-6483	left	H 2 O	C00001	962	15377
WATER	RXN-11535	PWY-699	right	H 2 O	C00001	962	15377
WATER	DUTP-PYROP-RXN	PWY-7184	left	H 2 O	C00001	962	15377
WATER	RXN-9279	PWY-5872	right	H 2 O	C00001	962	15377
WATER	RXN-8366	PWY-782	right	H 2 O	C00001	962	15377
WATER	H2NEOPTERINP3PYROPHOSPHOHYDRO-RXN	PWY-3742	left	H 2 O	C00001	962	15377
WATER	MYO-INOSITOL-OXYGENASE-RXN	PWY-4841	right	H 2 O	C00001	962	15377
WATER	RXN-8304	PWY-782	right	H 2 O	C00001	962	15377
WATER	RXN-14116	ARGASEDEG-PWY	left	H 2 O	C00001	962	15377
WATER	RXN-11530	PWY-2582	right	H 2 O	C00001	962	15377
WATER	RXN-5282	CHLOROPHYLL-SYN	right	H 2 O	C00001	962	15377
WATER	SUCROSE-PHOSPHATASE-RXN	SUCSYN-PWY	left	H 2 O	C00001	962	15377
WATER	SEDOHEPTULOSE-BISPHOSPHATASE-RXN	CALVIN-PWY	left	H 2 O	C00001	962	15377
WATER	RXN-4661	PWY-2841	left	H 2 O	C00001	962	15377
WATER	PHOSPHATIDATE-PHOSPHATASE-RXN	TRIGLSYN-PWY	left	H 2 O	C00001	962	15377
WATER	H2NEOPTERINP3PYROPHOSPHOHYDRO-RXN	PWY-6147	left	H 2 O	C00001	962	15377
WATER	CARBAMATE-KINASE-RXN	PWY-7060	right	H 2 O	C00001	962	15377
WATER	RXN-525	PWY-3101	right	H 2 O	C00001	962	15377
WATER	ENOYL-COA-HYDRAT-RXN	PWY-5136	right	H 2 O	C00001	962	15377
WATER	UREA-CARBOXYLASE-RXN	PWY4LZ-81	left	H 2 O	C00001	962	15377
WATER	RXN-8616	PWY-5434	left	H 2 O	C00001	962	15377
WATER	3-DEHYDROQUINATE-DEHYDRATASE-RXN	PWY-6163	right	H 2 O	C00001	962	15377
WATER	NICOTINATEPRIBOSYLTRANS-RXN	PWY3O-4107	left	H 2 O	C00001	962	15377
WATER	RXN0-901	PWY-6237	left	H 2 O	C00001	962	15377
WATER	RXN-8303	PWY-782	right	H 2 O	C00001	962	15377
WATER	3-PHOSPHOGLYCERATE-PHOSPHATASE-RXN	PWY-8011	left	H 2 O	C00001	962	15377
WATER	3.1.4.11-RXN	PWY-6367	left	H 2 O	C00001	962	15377
WATER	3.1.2.21-RXN	PWY-5971	left	H 2 O	C00001	962	15377
WATER	RXN-8302	PWY-782	right	H 2 O	C00001	962	15377
WATER	RXN-18907	PWY-7919	left	H 2 O	C00001	962	15377
WATER	RXN-18924	PWY-7919	left	H 2 O	C00001	962	15377
WATER	RXN-18431	PWY-7856	right	H 2 O	C00001	962	15377
WATER	1.14.13.78-RXN	PWY-7070	right	H 2 O	C00001	962	15377
WATER	RXN-10450	PWY-6235	right	H 2 O	C00001	962	15377
WATER	RXN-9627	PWY-6733	left	H 2 O	C00001	962	15377
WATER	RXN-12657	PWY-6888	right	H 2 O	C00001	962	15377
WATER	RXN-14423	PWY-7252	right	H 2 O	C00001	962	15377
WATER	URIDINE-NUCLEOSIDASE-RXN	PWYQT-4445	left	H 2 O	C00001	962	15377
WATER	RXN-10952	PWY-6363	left	H 2 O	C00001	962	15377
WATER	3.2.1.106-RXN	PWY-7918	left	H 2 O	C00001	962	15377
WATER	RXN1F-160	PWY-5034	right	H 2 O	C00001	962	15377
WATER	RXN-18922	PWY-7919	left	H 2 O	C00001	962	15377
WATER	L-AMINO-ACID-OXIDASE-RXN	PWY4LZ-81	left	H 2 O	C00001	962	15377
WATER	PMPOXI-RXN	PWY-7204	left	H 2 O	C00001	962	15377
WATER	RXN-14380	PWY-622	left	H 2 O	C00001	962	15377
WATER	DIHYDRONEOPTERIN-MONO-P-DEPHOS-RXN	PWY-6147	left	H 2 O	C00001	962	15377
WATER	RXN-1727	PWY-762	right	H 2 O	C00001	962	15377
WATER	RXN-8327	PWY-762	right	H 2 O	C00001	962	15377
WATER	RXN-11760	PWY-7214	left	H 2 O	C00001	962	15377
WATER	PORPHOBILSYNTH-RXN	PWY-5188	right	H 2 O	C00001	962	15377
WATER	RXN-16398	PWY-6733	right	H 2 O	C00001	962	15377
WATER	3-HYDROXYISOBUTYRYL-COA-HYDROLASE-RXN	VALDEG-PWY	left	H 2 O	C00001	962	15377
WATER	NITRATE-REDUCTASE-NADH-RXN	PWY-381	left	H 2 O	C00001	962	15377
WATER	F16BDEPHOS-RXN	CALVIN-PWY	left	H 2 O	C00001	962	15377
WATER	RXN-12136	PWY-6710	right	H 2 O	C00001	962	15377
WATER	RXN-19723	PWY-2541	right	H 2 O	C00001	962	15377
WATER	RXN-8619	PWY-5434	right	H 2 O	C00001	962	15377
WATER	RXN-16398	PWY-321	right	H 2 O	C00001	962	15377
WATER	RXN-8783	PWY-8142	left	H 2 O	C00001	962	15377
WATER	GLYOXII-RXN	PWY-5386-1	left	H 2 O	C00001	962	15377
WATER	RXN-720	PWY-699	right	H 2 O	C00001	962	15377
WATER	RXN-10691	PWY-641	right	H 2 O	C00001	962	15377
WATER	RXN-4226	PWY-2582	right	H 2 O	C00001	962	15377
WATER	RXN-16173	PWY-699	right	H 2 O	C00001	962	15377
WATER	ETHYL-RXN	ETHYL-PWY	right	H 2 O	C00001	962	15377
WATER	TIGLYLCOA-HYDROXY-RXN	ILEUDEG-PWY	right	H 2 O	C00001	962	15377
WATER	PALMITOYL-COA-HYDROLASE-RXN	PWY-321	left	H 2 O	C00001	962	15377
WATER	RXN-9533	PWY-5971	right	H 2 O	C00001	962	15377
WATER	PHOSCHOL-RXN	LIPASYN-PWY	left	H 2 O	C00001	962	15377
WATER	RXN-6321	PWY-3841	left	H 2 O	C00001	962	15377
WATER	RXN-11341	PWY-5129	right	H 2 O	C00001	962	15377
WATER	RXN1F-168	PWY-5035	right	H 2 O	C00001	962	15377
WATER	PALMITOYL-COA-HYDROLASE-RXN	PWY-6733	left	H 2 O	C00001	962	15377
WATER	SPONTPRO-RXN	ARG-PRO-PWY	left	H 2 O	C00001	962	15377
WATER	RXN-11396	PWY-6502	left	H 2 O	C00001	962	15377
WATER	HISTPRATPHYD-RXN	HISTSYN-PWY	left	H 2 O	C00001	962	15377
WATER	RXN-18481	PWY-7859	left	H 2 O	C00001	962	15377
WATER	3.2.1.8-RXN	PWY-6717	left	H 2 O	C00001	962	15377
WATER	RXN-14062	PWY-7213	left	H 2 O	C00001	962	15377
WATER	4.2.1.59-RXN	PWY-5971	right	H 2 O	C00001	962	15377
WATER	SPONTPRO-RXN	CITRULBIO-PWY	left	H 2 O	C00001	962	15377
WATER	RXN-7247	PWY-4702	left	H 2 O	C00001	962	15377
WATER	RXN-9311	PWY-5837	left	H 2 O	C00001	962	15377
WATER	GPH-RXN	PWY-181	left	H 2 O	C00001	962	15377
WATER	ALLANTOINASE-RXN	PWY4LZ-81	left	H 2 O	C00001	962	15377
WATER	RXN-773	PWY-2582	right	H 2 O	C00001	962	15377
WATER	RXN0-5408	PWY-4702	left	H 2 O	C00001	962	15377
WATER	RXN-12384	PWY-6724	left	H 2 O	C00001	962	15377
WATER	RIBOFLAVINSYNDEAM-RXN	RIBOSYN2-PWY	left	H 2 O	C00001	962	15377
WATER	RXN-18909	PWY-7919	left	H 2 O	C00001	962	15377
WATER	RXN66-587	PWY-5060	right	H 2 O	C00001	962	15377
WATER	RXN-4241	PWY-699	right	H 2 O	C00001	962	15377
WATER	NICOTINAMID-RXN	PWY3O-4107	left	H 2 O	C00001	962	15377
WATER	ASPARAGHYD-RXN	ASPARAGINE-DEG1-PWY	left	H 2 O	C00001	962	15377
WATER	RXN-7902	PWY-5142	left	H 2 O	C00001	962	15377
WATER	UREIDOGLYCOLATE-HYDROLASE-RXN	PWY-5692	left	H 2 O	C00001	962	15377
WATER	GLYOHMETRANS-RXN	PWY66-385	left	H 2 O	C00001	962	15377
WATER	RXN-7241	PWY-4702	left	H 2 O	C00001	962	15377
WATER	RXN-7251	PWY-4702	left	H 2 O	C00001	962	15377
WATER	CYTIDEAM2-RXN	PWY-7193	left	H 2 O	C00001	962	15377
WATER	RXN-8298	PWY-782	right	H 2 O	C00001	962	15377
WATER	4.2.1.58-RXN	PWY-8279	right	H 2 O	C00001	962	15377
WATER	LUMAZINESYN-RXN	RIBOSYN2-PWY	right	H 2 O	C00001	962	15377
WATER	RXN-18927	PWY-7919	left	H 2 O	C00001	962	15377
WATER	RXN-15065	PWY-7416	left	H 2 O	C00001	962	15377
WATER	RIBOPHOSPHAT-RXN	RIBOSYN2-PWY	left	H 2 O	C00001	962	15377
WATER	RXN-9520	PWY66-430	right	H 2 O	C00001	962	15377
WATER	RXN-15776	PWY-7546	left	H 2 O	C00001	962	15377
WATER	RXNQT-4301	PWY-6909	left	H 2 O	C00001	962	15377
WATER	RXN-3165	PWY-1921	left	H 2 O	C00001	962	15377
WATER	RXN-8317	PWY-762	right	H 2 O	C00001	962	15377
WATER	RXN-12204	PWY-6724	left	H 2 O	C00001	962	15377
WATER	RXNQT-4300	PWY-6909	right	H 2 O	C00001	962	15377
WATER	RXN-8369	PWY-782	right	H 2 O	C00001	962	15377
WATER	RXN-4225	PWY-2582	right	H 2 O	C00001	962	15377
WATER	RXN-11406	PWY-6498	right	H 2 O	C00001	962	15377
WATER	RXN0-901	PWY-6606	left	H 2 O	C00001	962	15377
WATER	RXN-11404	PWY-6498	right	H 2 O	C00001	962	15377
WATER	RIBULOSE-BISPHOSPHATE-CARBOXYLASE-RXN	PWY-5723	right	H 2 O	C00001	962	15377
WATER	RXN0-5224	PWY-7115	right	H 2 O	C00001	962	15377
WATER	RXN-8352	PWY-2541	right	H 2 O	C00001	962	15377
WATER	RXN-11325	PWY-6465	right	H 2 O	C00001	962	15377
WATER	RXN0-901	PWY-6607	left	H 2 O	C00001	962	15377
WATER	RXN-4681	PWY-2841	left	H 2 O	C00001	962	15377
WATER	RXN-8368	PWY-782	right	H 2 O	C00001	962	15377
WATER	RXN-4662	PWY-2841	left	H 2 O	C00001	962	15377
WATER	RXN-7082	PWY-4441	left	H 2 O	C00001	962	15377
WATER	RXN-10958	PWY-6367	left	H 2 O	C00001	962	15377
WATER	GLUTAMATE-DEHYDROGENASE-RXN	ALACAT2-PWY	left	H 2 O	C00001	962	15377
WATER	RXN-777	PWY-2582	right	H 2 O	C00001	962	15377
WATER	RXN-8367	PWY-782	right	H 2 O	C00001	962	15377
WATER	RXN-14026	PWY-7185	left	H 2 O	C00001	962	15377
WATER	RXN-19659	CITRULLINE-DEG-PWY	left	H 2 O	C00001	962	15377
WATER	RXN-1142	PWY-361	right	H 2 O	C00001	962	15377
WATER	RXN-9015	PWY-6117	left	H 2 O	C00001	962	15377
WATER	RXN-8991	LEUSYN-PWY	right	H 2 O	C00001	962	15377
WATER	RXN1F-20	CHLOROPHYLL-SYN	left	H 2 O	C00001	962	15377
WATER	GLUTAMATE-DEHYDROGENASE-RXN	GLUTAMATE-DEG1-PWY	left	H 2 O	C00001	962	15377
WATER	RXN-19724	PWY-2541	right	H 2 O	C00001	962	15377
WATER	RXN-8325	PWY-762	right	H 2 O	C00001	962	15377
WATER	S-ADENMETSYN-RXN	PWY-5041	left	H 2 O	C00001	962	15377
WATER	RXN-18400	PWY-5068	right	H 2 O	C00001	962	15377
WATER	RXN-8319	PWY-762	right	H 2 O	C00001	962	15377
WATER	RXN-8364	PWY-782	right	H 2 O	C00001	962	15377
WATER	RXN-12276	PWY-6724	left	H 2 O	C00001	962	15377
WATER	RXN-9806	PWY-321	left	H 2 O	C00001	962	15377
WATER	RXN-12139	PWY-6710	right	H 2 O	C00001	962	15377
WATER	IMP-DEHYDROG-RXN	PWY-7221	left	H 2 O	C00001	962	15377
WATER	1.14.13.42-RXN	PWY-861	right	H 2 O	C00001	962	15377
WATER	RXN-4621	PWY-2841	left	H 2 O	C00001	962	15377
WATER	3.2.1.130-RXN	PWY-7919	left	H 2 O	C00001	962	15377
WATER	CITSYN-RXN	PWYQT-4481	left	H 2 O	C00001	962	15377
WATER	RXN-12200	PWY-5687	left	H 2 O	C00001	962	15377
WATER	1.2.3.14-RXN	PWY-695	left	H 2 O	C00001	962	15377
WATER	METHENYLTHFCYCLOHYDRO-RXN	PWY-3841	left	H 2 O	C00001	962	15377
WATER	URIDINE-NUCLEOSIDASE-RXN	PWY-6556	left	H 2 O	C00001	962	15377
WATER	R83-RXN	PWY-4361	left	H 2 O	C00001	962	15377
WATER	RXN-24044	NONMEVIPP-PWY	left	H 2 O	C00001	962	15377
WATER	UDPREDUCT-RXN	PWY-7184	left	H 2 O	C00001	962	15377
WATER	RXN-7686	PWY-5060	right	H 2 O	C00001	962	15377
WATER	R145-RXN	PWY-4361	right	H 2 O	C00001	962	15377
WATER	ACONITATEHYDR-RXN	PWYQT-4481	left	H 2 O	C00001	962	15377
WATER	RXN-9703	PWY-6710	right	H 2 O	C00001	962	15377
WATER	1.14.13.36-RXN	PWY-361	right	H 2 O	C00001	962	15377
WATER	RXN-11409	PWY-6502	right	H 2 O	C00001	962	15377
WATER	RXN-15878	NONMEVIPP-PWY	left	H 2 O	C00001	962	15377
WATER	2-CARBOXY-D-ARABINITOL-1-PHOSPHATASE-RXN	PWYQT-4433	left	H 2 O	C00001	962	15377
WATER	RXN-9537	PWY-8279	right	H 2 O	C00001	962	15377
WATER	ACETYLORNDEACET-RXN	GLUTORN-PWY	left	H 2 O	C00001	962	15377
WATER	RXN-7676	PWY-5068	right	H 2 O	C00001	962	15377
WATER	S-FORMYLGLUTATHIONE-HYDROLASE-RXN	PWY-1801	left	H 2 O	C00001	962	15377
WATER	ALLOPHANATE-HYDROLASE-RXN	PWY4LZ-81	left	H 2 O	C00001	962	15377
WATER	RXN-18430	PWY-7856	left	H 2 O	C00001	962	15377
WATER	RXN-17523	PWY-7170	right	H 2 O	C00001	962	15377
WATER	RXN-982	PWY-8259	right	H 2 O	C00001	962	15377
WATER	RXN-720	PWY-2582	right	H 2 O	C00001	962	15377
WATER	ADPREDUCT-RXN	PWY-7227	left	H 2 O	C00001	962	15377
WATER	RXN-8310	PWY-782	right	H 2 O	C00001	962	15377
WATER	RXN-11322	PWY-6466	right	H 2 O	C00001	962	15377
WATER	BADH-RXN	PWY1F-353	left	H 2 O	C00001	962	15377
WATER	1.14.18.2-RXN	PWY-6144	right	H 2 O	C00001	962	15377
WATER	1.11.1.12-RXN	PWY-4081	right	H 2 O	C00001	962	15377
WATER	RXN-14237	PWY-7212	right	H 2 O	C00001	962	15377
WATER	6PGLUCONOLACT-RXN	OXIDATIVEPENT-PWY	left	H 2 O	C00001	962	15377
WATER	2PGADEHYDRAT-RXN	PWY-5723	right	H 2 O	C00001	962	15377
WATER	4.2.1.61-RXN	PWY-8279	right	H 2 O	C00001	962	15377
WATER	RXN0-5114	SERSYN-PWY	left	H 2 O	C00001	962	15377
WATER	RXN-9241	PWY-5871	right	H 2 O	C00001	962	15377
WATER	RXN-3142	PWY1F-FLAVSYN	right	H 2 O	C00001	962	15377
WATER	RXN-8342	PWY-6823	left	H 2 O	C00001	962	15377
WATER	3.5.2.17-RXN	PWY-5691	left	H 2 O	C00001	962	15377
WATER	RXN-15123	PWY-701	left	H 2 O	C00001	962	15377
WATER	ALLANTOATE-DEIMINASE-RXN	PWY-5698	left	H 2 O	C00001	962	15377
WATER	GLYOXIII-RXN	PWY-8458	right	H 2 O	C00001	962	15377
WATER	RXN-3521	PWY-2261	right	H 2 O	C00001	962	15377
WATER	ALLANTOICASE-RXN	PWY-5697	left	H 2 O	C00001	962	15377
WATER	RXN-8036	PWY-5176	left	H 2 O	C00001	962	15377
WATER	RXN-15122	ILEUSYN-PWY	right	H 2 O	C00001	962	15377
WATER	RXN-11623	PWY-6577	left	H 2 O	C00001	962	15377
WATER	URATE-OXIDASE-RXN	PWY-5691	left	H 2 O	C00001	962	15377
WATER	RXN-15191	PWY-7430	right	H 2 O	C00001	962	15377
WATER	RXN-7246	PWY-4702	left	H 2 O	C00001	962	15377
WATER	RXN-19636	PWY-7994	right	H 2 O	C00001	962	15377
WATER	GLUTATHIONE-PEROXIDASE-RXN	PWY-4081	right	H 2 O	C00001	962	15377
WATER	RXN-527	PWY-6787	right	H 2 O	C00001	962	15377
WATER	RXN-292	PWY-102	right	H 2 O	C00001	962	15377
WATER	4.2.1.59-RXN	PWY66-430	right	H 2 O	C00001	962	15377
WATER	RXN0-723	PWY-7187	right	H 2 O	C00001	962	15377
WATER	HISTIDPHOS-RXN	HISTSYN-PWY	left	H 2 O	C00001	962	15377
WATER	ALLANTOINASE-RXN	PWY-5697	left	H 2 O	C00001	962	15377
WATER	RXN-7610	PWY4LZ-81	left	H 2 O	C00001	962	15377
WATER	RXN-24916	PWY-5872	right	H 2 O	C00001	962	15377
WATER	BETA-UREIDOPROPIONASE-RXN	PWY-3982	left	H 2 O	C00001	962	15377
WATER	RXN-8308	PWY-782	right	H 2 O	C00001	962	15377
WATER	GUANINE-DEAMINASE-RXN	PWY4LZ-81	left	H 2 O	C00001	962	15377
WATER	KDO-8PSYNTH-RXN	PWY-5111	left	H 2 O	C00001	962	15377
WATER	RXN-13305	PWY-7036	right	H 2 O	C00001	962	15377
WATER	RXN-7253	PWY-4702	left	H 2 O	C00001	962	15377
WATER	RXN-8307	PWY-782	right	H 2 O	C00001	962	15377
WATER	RXN-7796	PWY-5129	right	H 2 O	C00001	962	15377
WATER	RXN-14569	PWY0-1587	right	H 2 O	C00001	962	15377
WATER	RXN66-3	PWY66-21	left	H 2 O	C00001	962	15377
WATER	RXN-7653	PWY-5060	right	H 2 O	C00001	962	15377
WATER	RXN-12195	PWY-7184	left	H 2 O	C00001	962	15377
WATER	SUCCINATE-SEMIALDEHYDE-DEHYDROGENASE-RXN	PWY-6473	left	H 2 O	C00001	962	15377
WATER	RXN-18908	PWY-7918	left	H 2 O	C00001	962	15377
WATER	RXN-14426	PWY-7253	right	H 2 O	C00001	962	15377
WATER	RXN-779	PWY-2582	right	H 2 O	C00001	962	15377
WATER	RXN-10938	PWY-6352	left	H 2 O	C00001	962	15377
WATER	DAHPSYN-RXN	PWY-6164	left	H 2 O	C00001	962	15377
WATER	RXN-5284	CHLOROPHYLL-SYN	right	H 2 O	C00001	962	15377
WATER	RXN-9520	PWY-8279	right	H 2 O	C00001	962	15377
WATER	RXN-7782	PWY-3101	right	H 2 O	C00001	962	15377
WATER	RXN-7652	PWY-5060	right	H 2 O	C00001	962	15377
WATER	RXN-3164	PWY-1921	left	H 2 O	C00001	962	15377
WATER	THRESYN-RXN	HOMOSER-THRESYN-PWY	left	H 2 O	C00001	962	15377
WATER	RXN-9634	PWY-8280	right	H 2 O	C00001	962	15377
WATER	RXN-16400	PWY-321	right	H 2 O	C00001	962	15377
WATER	RXN3O-1380	PWY-5129	right	H 2 O	C00001	962	15377
WATER	RXN-8301	PWY-782	right	H 2 O	C00001	962	15377
WATER	RXN-12203	PWY-6724	left	H 2 O	C00001	962	15377
WATER	N-CARBAMOYLPUTRESCINE-AMIDASE-RXN	PWYQT-94	left	H 2 O	C00001	962	15377
WATER	FORMYLTHFDEFORMYL-RXN	PWY-7909	left	H 2 O	C00001	962	15377
WATER	AGMATINE-DEIMINASE-RXN	PWYQT-94	left	H 2 O	C00001	962	15377
WATER	RXN-9813	PWY-6066	left	H 2 O	C00001	962	15377
WATER	RXN0-1461	HEME-BIOSYNTHESIS-II	right	H 2 O	C00001	962	15377
WATER	FERREDOXIN--NITRITE-REDUCTASE-RXN	PWY-381	left	H 2 O	C00001	962	15377
WATER	RXN-12196	PWY-5687	left	H 2 O	C00001	962	15377
WATER	3.1.3.56-RXN	PWY-6363	left	H 2 O	C00001	962	15377
WATER	AMP-DEAMINASE-RXN	PWY-6596	left	H 2 O	C00001	962	15377
WATER	RXN-6384	PWY-3941	left	H 2 O	C00001	962	15377
WATER	DCTP-DEAM-RXN	PWY-7187	left	H 2 O	C00001	962	15377
WATER	SUCROSE-PHOSPHATASE-RXN	PWY-7238	left	H 2 O	C00001	962	15377
WATER	RXN-5961	PWY-5947	right	H 2 O	C00001	962	15377
WATER	3.5.5.4-RXN	ASPSYNII-PWY	left	H 2 O	C00001	962	15377
WATER	PEPSYNTH-RXN	PWY-5484	left	H 2 O	C00001	962	15377
WATER	RXN-18918	PWY-7919	left	H 2 O	C00001	962	15377
WATER	OHMETHYLBILANESYN-RXN	PWY-5188	left	H 2 O	C00001	962	15377
WATER	RXN-12197	PWY-5687	left	H 2 O	C00001	962	15377
WATER	ACONITATEDEHYDR-RXN	PWY-5690	right	H 2 O	C00001	962	15377
WATER	RXN-9741	PWY-6051	right	H 2 O	C00001	962	15377
WATER	GMP-SYN-GLUT-RXN	PWY-7221	left	H 2 O	C00001	962	15377
WATER	GLUCOSE-1-PHOSPHAT-RXN	GLUCOSE1PMETAB-PWY	left	H 2 O	C00001	962	15377
WATER	ACONITATEDEHYDR-RXN	PWYQT-4481	right	H 2 O	C00001	962	15377
WATER	RXN-14046	PWY-7204	left	H 2 O	C00001	962	15377
WATER	RXN-12753	PWY-6938	left	H 2 O	C00001	962	15377
WATER	RXN-5242	PWY-7070	right	H 2 O	C00001	962	15377
WATER	RXN-2981	PWY-1822	left	H 2 O	C00001	962	15377
WATER	RXN-8297	PWY-782	right	H 2 O	C00001	962	15377
WATER	CDPREDUCT-RXN	PWY-7184	left	H 2 O	C00001	962	15377
WATER	RXN-9805	PWY-321	right	H 2 O	C00001	962	15377
WATER	ISPH2-RXN	PWY-7560	left	H 2 O	C00001	962	15377
WATER	RXN-11397	PWY-6502	left	H 2 O	C00001	962	15377
WATER	1.14.13.36-RXN	PWY-6039	right	H 2 O	C00001	962	15377
WATER	RXN0-884	PWY-7560	left	H 2 O	C00001	962	15377
WATER	RXN-7984	PWY-5945	right	H 2 O	C00001	962	15377
WATER	DEOXYHYPUSINE-MONOOXYGENASE-RXN	PWY-5905	right	H 2 O	C00001	962	15377
WATER	RXN-774	PWY-2582	right	H 2 O	C00001	962	15377
WATER	CARBPSYN-RXN	PWY-7060	left	H 2 O	C00001	962	15377
WATER	RXN-9746	PWY-6051	left	H 2 O	C00001	962	15377
WATER	RXN-9803	PWY-321	left	H 2 O	C00001	962	15377
WATER	S-ADENMETSYN-RXN	ETHYL-PWY	left	H 2 O	C00001	962	15377
WATER	RXN-24043	NONMEVIPP-PWY	left	H 2 O	C00001	962	15377
WATER	RXN-21525	PWY-8159	left	H 2 O	C00001	962	15377
WATER	RXN-15440	PWY-2981	right	H 2 O	C00001	962	15377
WATER	RXN0-882	PWY-7560	left	H 2 O	C00001	962	15377
WATER	RXN-717	PWY-699	right	H 2 O	C00001	962	15377
WATER	RXN-11410	PWY-6502	right	H 2 O	C00001	962	15377
WATER	NITRATE-REDUCTASE-NADH-RXN	PWY4LZ-283	left	H 2 O	C00001	962	15377
WATER	RXN1F-161	PWY-5034	right	H 2 O	C00001	962	15377
WATER	RXNQT-4366	PWY18C3-24	left	H 2 O	C00001	962	15377
WATER	ATPSYN-RXN	PWY-7980	left	H 2 O	C00001	962	15377
WATER	RXN-6268	PWY1F-353	right	H 2 O	C00001	962	15377
WATER	RXN-11531	PWY-2582	right	H 2 O	C00001	962	15377
WATER	RXN-773	PWY-699	right	H 2 O	C00001	962	15377
WATER	RXN-6681	PWY-6949	right	H 2 O	C00001	962	15377
WATER	CARBPSYN-RXN	ARGSYNBSUB-PWY	left	H 2 O	C00001	962	15377
WATER	RXN-1062	PWY-321	right	H 2 O	C00001	962	15377
WATER	OCTADECANAL-DECARBONYLASE-RXN	PWY-6622	right	H 2 O	C00001	962	15377
WATER	RXN-15381	PWY-7478	right	H 2 O	C00001	962	15377
WATER	RXN-16398	PWY-1121	right	H 2 O	C00001	962	15377
WATER	2PGADEHYDRAT-RXN	PWY-5484	right	H 2 O	C00001	962	15377
WATER	RXN-9549	PWY-8279	left	H 2 O	C00001	962	15377
WATER	RXN-15394	PWY-7478	right	H 2 O	C00001	962	15377
WATER	RXN-8620	PWY-6668	right	H 2 O	C00001	962	15377
WATER	RXN-15437	PWY-2981	right	H 2 O	C00001	962	15377
WATER	RXN-22340	PWY-8259	right	H 2 O	C00001	962	15377
WATER	RXN-5822	PWY-5083	left	H 2 O	C00001	962	15377
WATER	RXN-14250	PWY-5129	right	H 2 O	C00001	962	15377
WATER	PHOSCHOL-RXN	PWY-3561	left	H 2 O	C00001	962	15377
WATER	RXN-5647	PWY-3385	left	H 2 O	C00001	962	15377
WATER	RXN-20440	PWY18C3-1	right	H 2 O	C00001	962	15377
WATER	RXN-13718	PWY-3101	right	H 2 O	C00001	962	15377
WATER	RXN-4544	PWY-2781	right	H 2 O	C00001	962	15377
WATER	RXN-7243	PWY-4702	left	H 2 O	C00001	962	15377
WATER	RXN-12135	PWY-6710	right	H 2 O	C00001	962	15377
WATER	RXNQT-4150	PWYQT-4445	left	H 2 O	C00001	962	15377
WATER	RXN-8305	PWY-782	right	H 2 O	C00001	962	15377
WATER	PALMITOYL-COA-HYDROLASE-RXN	PWY-1121	left	H 2 O	C00001	962	15377
WATER	RXN-19146	PWY-7942	right	H 2 O	C00001	962	15377
WATER	ADENOSINE-NUCLEOSIDASE-RXN	PWY-6605	left	H 2 O	C00001	962	15377
WATER	RXN-15379	PWY-7478	right	H 2 O	C00001	962	15377
WATER	ARGINASE-RXN	ARG-PRO-PWY	left	H 2 O	C00001	962	15377
WATER	RXN-4317	PWY-2681	left	H 2 O	C00001	962	15377
WATER	PHOSPHOLIPASE-A1-RXN	LIPASYN-PWY	left	H 2 O	C00001	962	15377
WATER	SPONTPRO-RXN	PROSYN-PWY	left	H 2 O	C00001	962	15377
WATER	RXN-774	PWY-699	right	H 2 O	C00001	962	15377
WATER	IMIDPHOSDEHYD-RXN	HISTSYN-PWY	right	H 2 O	C00001	962	15377
WATER	ARGINASE-RXN	ARGASEDEG-PWY	left	H 2 O	C00001	962	15377
WATER	GTP-CYCLOHYDRO-II-RXN	RIBOSYN2-PWY	left	H 2 O	C00001	962	15377
WATER	PYROGLUTAMYL-PEPTIDASE-I-RXN	PWY-7942	left	H 2 O	C00001	962	15377
WATER	URUR-RXN	PWY-5698	left	H 2 O	C00001	962	15377
WATER	TRANS-CINNAMATE-2-MONOOXYGENASE-RXN	PWY-5176	right	H 2 O	C00001	962	15377
WATER	RXN-12157	PWY-1121	left	H 2 O	C00001	962	15377
WATER	RXN-12155	PWY-1121	right	H 2 O	C00001	962	15377
WATER	RXN-18930	PWY-7919	left	H 2 O	C00001	962	15377
WATER	RXN-8320	PWY-762	right	H 2 O	C00001	962	15377
WATER	PSII-RXN	PWY-101	right	H 2 O	C00001	962	15377
WATER	RXN-8450	PWY-3101	right	H 2 O	C00001	962	15377
WATER	RXN-7687	PWY-6787	right	H 2 O	C00001	962	15377
WATER	RXN-9667	PWY-5997	right	H 2 O	C00001	962	15377
WATER	DCTP-PYROPHOSPHATASE-RXN	PWY-7206	left	H 2 O	C00001	962	15377
WATER	RXN-11502	PWY-6527	left	H 2 O	C00001	962	15377
WATER	GLYCPDIESTER-RXN	PWY-6952	left	H 2 O	C00001	962	15377
WATER	RXN-9015	PWY-6441	left	H 2 O	C00001	962	15377
WATER	RXN-13303	PWY-7036	right	H 2 O	C00001	962	15377
WATER	RXN-4306	PWY-2681	right	H 2 O	C00001	962	15377
WATER	RXN-24911	PWY-5872	right	H 2 O	C00001	962	15377
WATER	4.2.1.58-RXN	PWY-5971	right	H 2 O	C00001	962	15377
WATER	RXN-114	PWY-102	right	H 2 O	C00001	962	15377
WATER	RXN-13302	PWY-7036	right	H 2 O	C00001	962	15377
WATER	RXN-7687	PWY-5060	right	H 2 O	C00001	962	15377
WATER	3-ISOPROPYLMALISOM-RXN	LEUSYN-PWY	left	H 2 O	C00001	962	15377
WATER	GLYOHMETRANS-RXN	PWY0-1608	left	H 2 O	C00001	962	15377
WATER	IMPCYCLOHYDROLASE-RXN	PWY-6124	left	H 2 O	C00001	962	15377
WATER	3.2.1.48-RXN	PWY-621	left	H 2 O	C00001	962	15377
WATER	RXN-9655	PWY66-430	right	H 2 O	C00001	962	15377
WATER	TRANS-CINNAMATE-4-MONOOXYGENASE-RXN	PWY1F-467	right	H 2 O	C00001	962	15377
WATER	RXN-4304	PWY-2681	right	H 2 O	C00001	962	15377
WATER	RXN-1103	PWY-1121	right	H 2 O	C00001	962	15377
WATER	RXN-7652	PWY-6787	right	H 2 O	C00001	962	15377
WATER	RXN0-5224	CYANCAT-PWY	right	H 2 O	C00001	962	15377
WATER	RXN-9779	PWY-6367	left	H 2 O	C00001	962	15377
WATER	DUTP-PYROP-RXN	PWY-7187	left	H 2 O	C00001	962	15377
WATER	RXN-2881	PWY-7909	right	H 2 O	C00001	962	15377
WATER	RXN-6684	PWY-6949	right	H 2 O	C00001	962	15377
WATER	RXN-9278	PWY-5871	right	H 2 O	C00001	962	15377
WATER	RXN-7978	PWY-5945	right	H 2 O	C00001	962	15377
WATER	RIBULOSE-BISPHOSPHATE-CARBOXYLASE-RXN	CALVIN-PWY	right	H 2 O	C00001	962	15377
WATER	RXN-8313	PWY-782	right	H 2 O	C00001	962	15377
WATER	RXN1F-93	PWY-3101	right	H 2 O	C00001	962	15377
WATER	RXN-8360	PWY-762	right	H 2 O	C00001	962	15377
WATER	3.1.3.57-RXN	PWY-6363	left	H 2 O	C00001	962	15377
WATER	RXN-15909	PWY-842	left	H 2 O	C00001	962	15377
WATER	RXN-12197	PWY-7185	left	H 2 O	C00001	962	15377
WATER	RXN-7629	PWY-5048	right	H 2 O	C00001	962	15377
WATER	RXN-12143	PWY-6710	right	H 2 O	C00001	962	15377
WATER	RXN-7580	PWY-7070	right	H 2 O	C00001	962	15377
WATER	RXN-8393	PWY-5368	right	H 2 O	C00001	962	15377
WATER	RXN-8331	PWY-762	right	H 2 O	C00001	962	15377
WATER	CYTIDEAM-RXN	PWY-7199	left	H 2 O	C00001	962	15377
WATER	RXN-775	PWY-2582	right	H 2 O	C00001	962	15377
WATER	DIHYDROOROT-RXN	PWY-5686	left	H 2 O	C00001	962	15377
WATER	RXN-18917	PWY-7919	left	H 2 O	C00001	962	15377
WATER	4.2.1.58-RXN	PWY66-430	right	H 2 O	C00001	962	15377
WATER	GUANOSINE-DEAMINASE-RXN	PWY-6607	left	H 2 O	C00001	962	15377
WATER	RXN-8392	PWY-5368	right	H 2 O	C00001	962	15377
WATER	RXN-9807	PWY-321	right	H 2 O	C00001	962	15377
WATER	GTP-CYCLOHYDRO-I-RXN	PWY-3742	left	H 2 O	C00001	962	15377
WATER	RXN-7979	PWY-5945	right	H 2 O	C00001	962	15377
WATER	RXN-7738	PWY-5098	left	H 2 O	C00001	962	15377
WATER	RXN-8329	PWY-762	right	H 2 O	C00001	962	15377
WATER	RXN-4142	PWY-2501	left	H 2 O	C00001	962	15377
WATER	RXN-11213	VALDEG-PWY	left	H 2 O	C00001	962	15377
WATER	RXN-9940	PWY-6117	left	H 2 O	C00001	962	15377
WATER	RXN-10708	PWY-735	left	H 2 O	C00001	962	15377
WATER	RXN0-363	PWY-6607	left	H 2 O	C00001	962	15377
WATER	RXN-7630	PWY-5048	right	H 2 O	C00001	962	15377
WATER	PGPPHOSPHA-RXN	PWY-5269	left	H 2 O	C00001	962	15377
WATER	RXN-10705	PWY-735	right	H 2 O	C00001	962	15377
WATER	RXN-6683	PWY-6949	right	H 2 O	C00001	962	15377
WATER	RXN-6524	PWY-5035	right	H 2 O	C00001	962	15377
WATER	RXN-18348	PWY-641	right	H 2 O	C00001	962	15377
WATER	RXN-7699	PWY-5138	right	H 2 O	C00001	962	15377
WATER	PGPPHOSPHA-RXN	PWY4FS-8	left	H 2 O	C00001	962	15377
WATER	RXN-7921	PWY-6787	right	H 2 O	C00001	962	15377
WATER	RXN-2581	PWY-361	right	H 2 O	C00001	962	15377
WATER	RXN-8295	PWY-782	right	H 2 O	C00001	962	15377
WATER	RXN-10697	PWY-735	right	H 2 O	C00001	962	15377
WATER	RXN-4541	PWY-2781	left	H 2 O	C00001	962	15377
WATER	S-ADENMETSYN-RXN	PWY-5912	left	H 2 O	C00001	962	15377
WATER	RXN-7609	PWY-6607	left	H 2 O	C00001	962	15377
WATER	RXN-9703	PWY-6014	right	H 2 O	C00001	962	15377
WATER	RXN-9537	PWY-5971	right	H 2 O	C00001	962	15377
WATER	RXN-9744	PWY-6051	right	H 2 O	C00001	962	15377
WATER	RXN-9243	PWY-5871	right	H 2 O	C00001	962	15377
WATER	RXN-7952	LIPAS-PWY	left	H 2 O	C00001	962	15377
WATER	RXN-8294	PWY-782	right	H 2 O	C00001	962	15377
WATER	MYO-INOSITOL-OXYGENASE-RXN	PWY-8142	right	H 2 O	C00001	962	15377
WATER	2PGADEHYDRAT-RXN	GLYCOLYSIS	right	H 2 O	C00001	962	15377
WATER	RXN-18428	PWY-7856	left	H 2 O	C00001	962	15377
WATER	GLUTAMIN-RXN	PWY-5921	left	H 2 O	C00001	962	15377
WATER	SULFITE-REDUCTASE-FERREDOXIN-RXN	SULFMETII-PWY	left	H 2 O	C00001	962	15377
WATER	ADENINE-DEAMINASE-RXN	PWY4LZ-81	left	H 2 O	C00001	962	15377
WATER	PEPSYNTH-RXN	GLYCOLYSIS	left	H 2 O	C00001	962	15377
WATER	RXN-713	PWY-699	right	H 2 O	C00001	962	15377
WATER	RXN-9533	PWY-8279	right	H 2 O	C00001	962	15377
WATER	RXN-9549	PWY-5971	left	H 2 O	C00001	962	15377
WATER	HEMEOSYN-RXN	PWY-7856	left	H 2 O	C00001	962	15377
WATER	1.2.1.9-RXN	PWY-1042	left	H 2 O	C00001	962	15377
WATER	RXN-7242	PWY-4702	left	H 2 O	C00001	962	15377
WATER	RXN-10692	PWY-641	left	H 2 O	C00001	962	15377
WATER	BENZALDEHYDE-DEHYDROGENASE-NAD+-RXN	PWY-6444	left	H 2 O	C00001	962	15377
WATER	RXN-12089	PWY-6441	left	H 2 O	C00001	962	15377
WATER	SULFITE-OXIDASE-RXN	PWY-5326	left	H 2 O	C00001	962	15377
WATER	1.14.13.78-RXN	PWY-5034	right	H 2 O	C00001	962	15377
WATER	RXN-4310	PWY-2681	left	H 2 O	C00001	962	15377
WATER	RXN-19637	PWY-7994	right	H 2 O	C00001	962	15377
WATER	RXN-20438	PWY18C3-1	right	H 2 O	C00001	962	15377
WATER	RXN-4141	PWY-2501	right	H 2 O	C00001	962	15377
WATER	RXN-8322	PWY-762	right	H 2 O	C00001	962	15377
WATER	RXN-19720	PWY-2541	right	H 2 O	C00001	962	15377
WATER	RXN-7245	PWY-4702	left	H 2 O	C00001	962	15377
WATER	RXN3O-218	PWY-2541	right	H 2 O	C00001	962	15377
WATER	RXN-14240	PWY-7214	right	H 2 O	C00001	962	15377
WATER	RXN-7748	PWY-861	right	H 2 O	C00001	962	15377
WATER	RXN-7677	PWY-5068	right	H 2 O	C00001	962	15377
WATER	RXN-17352	PWY-5466	right	H 2 O	C00001	962	15377
WATER	RXN-7798	PWY-5129	right	H 2 O	C00001	962	15377
WATER	GUANINE-DEAMINASE-RXN	PWY-6606	left	H 2 O	C00001	962	15377
WATER	RXN-15187	PWY-7430	left	H 2 O	C00001	962	15377
WATER	RXN-11277	PWY-7039	left	H 2 O	C00001	962	15377
WATER	SPONTPRO-RXN	PWY-3341	left	H 2 O	C00001	962	15377
WATER	RXN-18479	PWY-7859	right	H 2 O	C00001	962	15377
WATER	RXN-12880	PWY-7477	right	H 2 O	C00001	962	15377
WATER	PHOSPHOLIPASE-A2-RXN	PWY-6803	left	H 2 O	C00001	962	15377
WATER	DIHYDROPYRIMIDINASE-RXN	PWY-3982	left	H 2 O	C00001	962	15377
WATER	RXN-15188	PWY-7430	right	H 2 O	C00001	962	15377
WATER	RXN-12279	PWY-6724	left	H 2 O	C00001	962	15377
WATER	RXN-7250	PWY-4702	left	H 2 O	C00001	962	15377
WATER	RXN-18929	PWY-7919	left	H 2 O	C00001	962	15377
WATER	RXN-16344	PWY-7749	right	H 2 O	C00001	962	15377
WATER	RXN-7679	PWY-5068	left	H 2 O	C00001	962	15377
WATER	KDO-8PSYNTH-RXN	PWY-1269	left	H 2 O	C00001	962	15377
WATER	RXN-12605	PWY-6888	right	H 2 O	C00001	962	15377
WATER	RXN-8707	PWY-8475	right	H 2 O	C00001	962	15377
WATER	3.1.4.11-RXN	LIPASYN-PWY	left	H 2 O	C00001	962	15377
WATER	KDO-8PPHOSPHAT-RXN	PWY-1269	left	H 2 O	C00001	962	15377
WATER	RXN-9655	PWY-8279	right	H 2 O	C00001	962	15377
WATER	RXN-9548	PWY-5989	left	H 2 O	C00001	962	15377
WATER	RXN-9627	PWY-6465	left	H 2 O	C00001	962	15377
WATER	RXN-16046	PWY-5997	right	H 2 O	C00001	962	15377
WATER	RXN-8324	PWY-762	right	H 2 O	C00001	962	15377
WATER	4.2.3.25-RXN	PWY-7141	left	H 2 O	C00001	962	15377
WATER	F16BDEPHOS-RXN	SUCSYN-PWY	left	H 2 O	C00001	962	15377
WATER	RXN-16465	PWY-7642	right	H 2 O	C00001	962	15377
WATER	METHENYLTHFCYCLOHYDRO-RXN	PWY-6613	left	H 2 O	C00001	962	15377
WATER	THIOESTER-RXN	PWY-5148	left	H 2 O	C00001	962	15377
WATER	GLYOHMETRANS-RXN	GLYSYN2-PWY	left	H 2 O	C00001	962	15377
WATER	RXN-12240	PWY-861	right	H 2 O	C00001	962	15377
WATER	INOSINE-NUCLEOSIDASE-RXN	PWY-6596	left	H 2 O	C00001	962	15377
WATER	3.2.1.106-RXN	PWY-7919	left	H 2 O	C00001	962	15377
WATER	RXN-12510	PWY-3101	right	H 2 O	C00001	962	15377
WATER	RXN-4122	PWY-2501	right	H 2 O	C00001	962	15377
WATER	RXN0-366	PWY-6599	left	H 2 O	C00001	962	15377
WATER	RXN-10704	PWY-735	right	H 2 O	C00001	962	15377
WATER	RXN-2581	PWY-6039	right	H 2 O	C00001	962	15377
WATER	RXN-18919	PWY-7919	left	H 2 O	C00001	962	15377
WATER	RXN-10727	PWY66-430	left	H 2 O	C00001	962	15377
WATER	RXN-14657	PWY-7298	right	H 2 O	C00001	962	15377
WATER	3-HYDROXYDECANOYL-ACP-DEHYDR-RXN	FASYN-ELONG-PWY	right	H 2 O	C00001	962	15377
WATER	RXN-14116	PROUT-PWY	left	H 2 O	C00001	962	15377
WATER	RXN-4243	PWY-2541	right	H 2 O	C00001	962	15377
WATER	RXN-6861	PWY-4281	right	H 2 O	C00001	962	15377
WATER	RXN-18920	PWY-7919	left	H 2 O	C00001	962	15377
WATER	FGAMSYN-RXN	PWY-6121	left	H 2 O	C00001	962	15377
WATER	CARBPSYN-RXN	PWY-5686	left	H 2 O	C00001	962	15377
WATER	ISOFLAVONE-2-HYDROXYLASE-RXN	PWY-2463	right	H 2 O	C00001	962	15377
WATER	RXN-10747	PWY-6440	left	H 2 O	C00001	962	15377
WATER	S-ADENMETSYN-RXN	METHIONINE-DEG1-PWY	left	H 2 O	C00001	962	15377
WATER	RXN-11336	PWY-6465	right	H 2 O	C00001	962	15377
WATER	RXN-4209	PWY-2541	right	H 2 O	C00001	962	15377
WATER	CITSYN-RXN	PWY-5690	left	H 2 O	C00001	962	15377
WATER	3-CYANOALANINE-HYDRATASE-RXN	ASPSYNII-PWY	right	H 2 O	C00001	962	15377
WATER	RXN-13304	PWY-7036	right	H 2 O	C00001	962	15377
WATER	HISTALDEHYD-RXN	HISTSYN-PWY	left	H 2 O	C00001	962	15377
WATER	METHENYLTHFCYCLOHYDRO-RXN	PWY-7909	left	H 2 O	C00001	962	15377
WATER	RXN-12198	PWY-7185	left	H 2 O	C00001	962	15377
WATER	2-ISOPROPYLMALATESYN-RXN	LEUSYN-PWY	left	H 2 O	C00001	962	15377
WATER	RXN-11152	PWY-8143	left	H 2 O	C00001	962	15377
WATER	RXN-12138	PWY-6710	right	H 2 O	C00001	962	15377
WATER	METHENYLTHFCYCLOHYDRO-RXN	PWY-3742	left	H 2 O	C00001	962	15377
WATER	RXN0-5224	PWY-241	right	H 2 O	C00001	962	15377
WATER	RXN-18699	PWY-7888	left	H 2 O	C00001	962	15377
WATER	3.1.4.14-RXN	PWY-6012	left	H 2 O	C00001	962	15377
WATER	FUMARYLACETOACETASE-RXN	TYRFUMCAT-PWY	left	H 2 O	C00001	962	15377
WATER	1.14.13.93-RXN	PWY-5271	right	H 2 O	C00001	962	15377
WATER	1.14.13.79-RXN	PWY-5034	right	H 2 O	C00001	962	15377
WATER	PRPPAMIDOTRANS-RXN	PWY-6121	right	H 2 O	C00001	962	15377
WATER	RXN-719	PWY-699	right	H 2 O	C00001	962	15377
WATER	PHOSPHOLIPASE-C-RXN	LIPASYN-PWY	left	H 2 O	C00001	962	15377
WATER	RXN-12141	PWY-6710	left	H 2 O	C00001	962	15377
WATER	1.14.13.36-RXN	PWY-6040	right	H 2 O	C00001	962	15377
WATER	RXN-12142	PWY-6710	left	H 2 O	C00001	962	15377
WATER	RXN-12882	PWY-7477	right	H 2 O	C00001	962	15377
WATER	RXN-11101	PWY-2582	right	H 2 O	C00001	962	15377
WATER	RXN-18909	PWY-7918	left	H 2 O	C00001	962	15377
WATER	RXN0-1001	PWY-4702	left	H 2 O	C00001	962	15377
WATER	RXNDQC-2	PWYDQC-4	right	H 2 O	C00001	962	15377
WATER	RXN-6682	PWY-6949	right	H 2 O	C00001	962	15377
WATER	RXN-15438	PWY-2981	right	H 2 O	C00001	962	15377
WATER	RXN-7985	PWY-5945	right	H 2 O	C00001	962	15377
WATER	RXN-15439	PWY-2981	right	H 2 O	C00001	962	15377
WATER	RXN-11760	PWY-7212	left	H 2 O	C00001	962	15377
WATER	GLUTAMIN-RXN	GLUTAMINDEG-PWY	left	H 2 O	C00001	962	15377
WATER	3.1.3.46-RXN	PWY66-423	left	H 2 O	C00001	962	15377
WATER	DIHYDROXYMETVALDEHYDRAT-RXN	ILEUSYN-PWY	right	H 2 O	C00001	962	15377
WATER	RXN-9555	PWY-5973	left	H 2 O	C00001	962	15377
WATER	RXN-7737	PWY-5097	right	H 2 O	C00001	962	15377
WATER	RXN-11671	PWY-7634	right	H 2 O	C00001	962	15377
WATER	RXN-8363	PWY-782	right	H 2 O	C00001	962	15377
WATER	RXN0-724	PWY-7187	right	H 2 O	C00001	962	15377
WATER	CYTIDEAM2-RXN	PWY-6556	left	H 2 O	C00001	962	15377
WATER	RXN-7682	PWY-6596	left	H 2 O	C00001	962	15377
WATER	GLUCONOLACT-RXN	GLUCOSE1PMETAB-PWY	left	H 2 O	C00001	962	15377
WATER	RXN-4641	PWY-2841	left	H 2 O	C00001	962	15377
WATER	RXN0A-10711	PWY0A-6303	left	H 2 O	C00001	962	15377
WATER	MYO-INOSITOL-1OR-4-MONOPHOSPHATASE-RXN	PWY-2301	left	H 2 O	C00001	962	15377
WATER	RXN-1161	PWY4LZ-283	right	H 2 O	C00001	962	15377
WATER	RXN-9533	PWY66-430	right	H 2 O	C00001	962	15377
WATER	RXN-4542	PWY-2781	left	H 2 O	C00001	962	15377
WATER	RXN-9548	PWY-8280	left	H 2 O	C00001	962	15377
WATER	RXN-3163	PWY-1921	left	H 2 O	C00001	962	15377
WATER	RXN-3181	PWY-1961	left	H 2 O	C00001	962	15377
WATER	RXN-8306	PWY-782	right	H 2 O	C00001	962	15377
WATER	RXN-12421	PWY-7859	right	H 2 O	C00001	962	15377
WATER	3.1.2.14-RXN	PWY-5147	left	H 2 O	C00001	962	15377
WATER	RXN0-363	PWY-6596	left	H 2 O	C00001	962	15377
WATER	RXN-20456	PWY-8137	left	H 2 O	C00001	962	15377
WATER	GDPMANDEHYDRA-RXN	PWY-66	right	H 2 O	C00001	962	15377
WATER	RXN-12140	PWY-6710	left	H 2 O	C00001	962	15377
WATER	RXN-8037	PWY-5176	right	H 2 O	C00001	962	15377
WATER	GDPREDUCT-RXN	PWY-7226	left	H 2 O	C00001	962	15377
WATER	RXN-15452	PWY-7477	right	H 2 O	C00001	962	15377
WATER	RXN-7607	PWY-6596	left	H 2 O	C00001	962	15377
WATER	RXN-7249	PWY-4702	left	H 2 O	C00001	962	15377
WATER	RXN-16048	PWY-7590	right	H 2 O	C00001	962	15377
WATER	RXN-715	PWY-699	right	H 2 O	C00001	962	15377
WATER	CYTOCHROME-C-OXIDASE-RXN	PWY-3781	right	H 2 O	C00001	962	15377
WATER	RXN-14181	PWY-7204	left	H 2 O	C00001	962	15377
WATER	RXN-11336	PWY-6468	right	H 2 O	C00001	962	15377
WATER	PHOSPHOLIPASE-A1-RXN	PWY-6803	left	H 2 O	C00001	962	15377
WATER	RXN-716	PWY-699	right	H 2 O	C00001	962	15377
WATER	RXN-20433	PWY18C3-1	right	H 2 O	C00001	962	15377
WATER	RXN-12280	PWY-6724	left	H 2 O	C00001	962	15377
WATER	SQUALENE-MONOOXYGENASE-RXN	PWY-5670	right	H 2 O	C00001	962	15377
WATER	RXN-12091	PWY-6117	left	H 2 O	C00001	962	15377
WATER	RXN-2581	PWY-6040	right	H 2 O	C00001	962	15377
WATER	RXN-24254	PWY-6444	left	H 2 O	C00001	962	15377
WATER	RXN-8025	PWY-5944	right	H 2 O	C00001	962	15377
WATER	RXN-13072	PWY-4361	left	H 2 O	C00001	962	15377
WATER	TYROSINE-N-MONOOXYGENASE-RXN	PWY-861	right	H 2 O	C00001	962	15377
WATER	ASNSYNB-RXN	ASPARAGINE-BIOSYNTHESIS	left	H 2 O	C00001	962	15377
WATER	RXN-12137	PWY-6710	right	H 2 O	C00001	962	15377
WATER	RXN-1602	LIPAS-PWY	left	H 2 O	C00001	962	15377
WATER	1.14.21.6-RXN	PWY18C3-1	right	H 2 O	C00001	962	15377
WATER	RXN-15127	PWY-702	left	H 2 O	C00001	962	15377
WATER	RXN-3166	PWY-1921	left	H 2 O	C00001	962	15377
WATER	RXN-12277	PWY-6724	left	H 2 O	C00001	962	15377
WATER	RXN-5283	CHLOROPHYLL-SYN	right	H 2 O	C00001	962	15377
WATER	DTDPGLUCDEHYDRAT-RXN	DTDPRHAMSYN-PWY	right	H 2 O	C00001	962	15377
WATER	FORMYL-COA-HYDROLASE-RXN	PWY-7985	left	H 2 O	C00001	962	15377
WATER	RXN-14014	PWY-5097	left	H 2 O	C00001	962	15377
WATER	RXN-7903	PWY-5147	right	H 2 O	C00001	962	15377
WATER	ABC-19-RXN	PWY-8171	left	H 2 O	C00001	962	15377
WATER	CARBPSYN-RXN	ARGSYN-PWY	left	H 2 O	C00001	962	15377
WATER	RXN-18916	PWY-7919	left	H 2 O	C00001	962	15377
WATER	RXN-6424	PWY-6440	right	H 2 O	C00001	962	15377
WATER	RXN-12656	PWY-6888	right	H 2 O	C00001	962	15377
WATER	GTP-CYCLOHYDRO-I-RXN	PWY-6147	left	H 2 O	C00001	962	15377
WATER	RXN-11750	PWY-5080	right	H 2 O	C00001	962	15377
WATER	RXN-9634	PWY-5989	right	H 2 O	C00001	962	15377
WATER	RXN-16049	PWY-7590	right	H 2 O	C00001	962	15377
WATER	RXNQT-4191	PWY-6908	left	H 2 O	C00001	962	15377
WATER	ARGINASE-RXN	PWY-46	left	H 2 O	C00001	962	15377
WATER	GLYOHMETRANS-RXN	PWY-2161	left	H 2 O	C00001	962	15377
WATER	RXN-7650	PWY-5060	right	H 2 O	C00001	962	15377
WATER	RXN-7248	PWY-4702	left	H 2 O	C00001	962	15377
WATER	RXN-14188	PWY-7206	left	H 2 O	C00001	962	15377
WATER	METHYLACYLYLCOA-HYDROXY-RXN	VALDEG-PWY	right	H 2 O	C00001	962	15377
WATER	RXN-21522	PWY-8159	right	H 2 O	C00001	962	15377
WATER	RXN-6381	PWY-3981	left	H 2 O	C00001	962	15377
WATER	RXN-17351	PWY-5466	right	H 2 O	C00001	962	15377
WATER	RXN-18348	PWY-5125	right	H 2 O	C00001	962	15377
WATER	RXN-16047	PWY-7590	right	H 2 O	C00001	962	15377
WATER	RXN-1223	PWYQT-4427	left	H 2 O	C00001	962	15377
WATER	RXN-4314	PWY-2681	left	H 2 O	C00001	962	15377
WATER	CATAL-RXN	DETOX1-PWY-1	right	H 2 O	C00001	962	15377
WATER	CTPSYN-RXN	PWY-7185	left	H 2 O	C00001	962	15377
WATER	RXN-8330	PWY-762	right	H 2 O	C00001	962	15377
WATER	PHOSCHOL-RXN	PWY-7039	left	H 2 O	C00001	962	15377
WATER	ADENOSYLHOMOCYSTEINASE-RXN	PWY-5041	left	H 2 O	C00001	962	15377
WATER	RXN-7631	PWY-5048	right	H 2 O	C00001	962	15377
WATER	CARBOXYCYCLOHEXADIENYL-DEHYDRATASE-RXN	PWY-3462	right	H 2 O	C00001	962	15377
WATER	DIHYDRODIPICSYN-RXN	PWY-5097	right	H 2 O	C00001	962	15377
WATER	RXN-14025	PWY-7185	left	H 2 O	C00001	962	15377
WATER	RXN-12278	PWY-6724	left	H 2 O	C00001	962	15377
WATER	MANNITOL-1-PHOSPHATASE-RXN	PWY-3881	left	H 2 O	C00001	962	15377
WATER	RXN-9749	PWY-6051	right	H 2 O	C00001	962	15377
WATER	RXN-6421	PWY-6440	left	H 2 O	C00001	962	15377
WATER	GLUTATHIONE-PEROXIDASE-RXN	DETOX1-PWY-1	right	H 2 O	C00001	962	15377
WATER	RXN-7703	PWY-5083	left	H 2 O	C00001	962	15377
WATER	CONIFERIN-BETA-GLUCOSIDASE-RXN	PWY-116	left	H 2 O	C00001	962	15377
WATER	ACID-PHOSPHATASE-RXN	PWY-6348	left	H 2 O	C00001	962	15377
WATER	UGD-RXN	PWY-7346	left	H 2 O	C00001	962	15377
WATER	RXN-18931	PWY-7919	left	H 2 O	C00001	962	15377
WATER	5-OXOPROLINASE-ATP-HYDROLYSING-RXN	PWY-7942	left	H 2 O	C00001	962	15377
WATER	RXN1F-19	PWY-735	right	H 2 O	C00001	962	15377
WATER	CITRULLINASE-RXN	PWY4LZ-81	left	H 2 O	C00001	962	15377
WATER	RXN-775	PWY-699	right	H 2 O	C00001	962	15377
WATER	RXN-7686	PWY-6787	right	H 2 O	C00001	962	15377
WATER	RXN-18349	PWY-641	right	H 2 O	C00001	962	15377
WATER	RXN-12199	PWY-5687	left	H 2 O	C00001	962	15377
WATER	NAPHTHOATE-SYN-RXN	PWY-5837	right	H 2 O	C00001	962	15377
WATER	RXN0-1461	CHLOROPHYLL-SYN	right	H 2 O	C00001	962	15377
WATER	TRANS-CINNAMATE-4-MONOOXYGENASE-RXN	PWY-5048	right	H 2 O	C00001	962	15377
WATER	3.1.2.21-RXN	PWY66-430	left	H 2 O	C00001	962	15377
WATER	RXN-12134	PWY-6710	left	H 2 O	C00001	962	15377
WATER	O-SUCCINYLBENZOATE-COA-SYN-RXN	PWY-5837	right	H 2 O	C00001	962	15377
WATER	RXN-11536	PWY-699	right	H 2 O	C00001	962	15377
WATER	RXN-17349	PWY-7749	right	H 2 O	C00001	962	15377
WATER	RXN-9750	PWY-6051	right	H 2 O	C00001	962	15377
WATER	RXN-1728	PWY-782	right	H 2 O	C00001	962	15377
WATER	SPONTPRO-RXN	PROUT-PWY	left	H 2 O	C00001	962	15377
WATER	RXN-9669	PWY-5995	right	H 2 O	C00001	962	15377
WATER	RXN-18480	PWY-7859	right	H 2 O	C00001	962	15377
WATER	METHYLGLUTACONYL-COA-HYDRATASE-RXN	LEU-DEG2-PWY	right	H 2 O	C00001	962	15377
WATER	RXN-11501	PWY-6527	left	H 2 O	C00001	962	15377
WATER	RXN-18928	PWY-7919	left	H 2 O	C00001	962	15377
WATER	RXN-3167	PWY-1921	left	H 2 O	C00001	962	15377
WATER	UDP-GLUCOSE-46-DEHYDRATASE-RXN	PWY-3261	right	H 2 O	C00001	962	15377
WATER	RXN-17350	PWY-7749	right	H 2 O	C00001	962	15377
WATER	RXN-2982	PWY-1822	left	H 2 O	C00001	962	15377
WATER	CATAL-RXN	DETOX1-PWY	right	H 2 O	C00001	962	15377
WATER	NAD-SYNTH-GLN-RXN	PWY3O-4107	left	H 2 O	C00001	962	15377
WATER	RXN-11211	PWY-6430	left	H 2 O	C00001	962	15377
WATER	RXN-779	PWY-699	right	H 2 O	C00001	962	15377
WATER	RXN0-2382	TRPSYN-PWY	right	H 2 O	C00001	962	15377
WATER	RXN-9666	PWY-1121	left	H 2 O	C00001	962	15377
WATER	RXN-7628	PWY-5048	right	H 2 O	C00001	962	15377
WATER	TRANS-CINNAMATE-4-MONOOXYGENASE-RXN	PWY-1121	right	H 2 O	C00001	962	15377
WATER	ADENOSYLHOMOCYSTEINASE-RXN	METHIONINE-DEG1-PWY	left	H 2 O	C00001	962	15377
WATER	RXN-4312	PWY-2681	left	H 2 O	C00001	962	15377
WATER	RXN-2581	PWY-8157	right	H 2 O	C00001	962	15377
WATER	RXN-12186	PWY-6733	right	H 2 O	C00001	962	15377
WATER	RXN-172	PWY-102	right	H 2 O	C00001	962	15377
WATER	RXN18C3-61	PWY18C3-24	left	H 2 O	C00001	962	15377
WATER	RXN-6382	PWY-3981	left	H 2 O	C00001	962	15377
WATER	RXN-5242	PWY-5034	right	H 2 O	C00001	962	15377
WATER	3.1.4.11-RXN	PWY-7039	left	H 2 O	C00001	962	15377
WATER	TRANS-CINNAMATE-4-MONOOXYGENASE-RXN	PWY-8157	right	H 2 O	C00001	962	15377
WATER	RXN-8026	PWY-5944	right	H 2 O	C00001	962	15377
WATER	RXN-11540	PWY-6546	right	H 2 O	C00001	962	15377
WATER	RXN-15068	PWY-7417	left	H 2 O	C00001	962	15377
WATER	RXN-4308	PWY-2681	right	H 2 O	C00001	962	15377
WATER	RXN-15441	PWY-7478	right	H 2 O	C00001	962	15377
WATER	UROGENIIISYN-RXN	PWY-5188	right	H 2 O	C00001	962	15377
WATER	RXN-11340	PWY-6468	right	H 2 O	C00001	962	15377
WATER	F16BDEPHOS-RXN	GLYCOLYSIS	left	H 2 O	C00001	962	15377
WATER	RXN-8365	PWY-782	right	H 2 O	C00001	962	15377
WATER	GLYOHMETRANS-RXN	PWY-3841	left	H 2 O	C00001	962	15377
WATER	RXN0-366	PWY-6606	left	H 2 O	C00001	962	15377
WATER	RXN-12754	PWY-6938	left	H 2 O	C00001	962	15377
WATER	3.5.1.26-RXN	ASPARAGINE-DEG1-PWY-1	left	H 2 O	C00001	962	15377
WATER	RXN-18908	PWY-7919	left	H 2 O	C00001	962	15377
WATER	URUR-RXN	PWY-5692	left	H 2 O	C00001	962	15377
WATER	RXN-527	PWY-3101	right	H 2 O	C00001	962	15377
CPD-13626	RXN-12656	PWY-6888	right	[(4S)-4-(5,5-dimethylcyclohex-1-en-1-yl)-cyclohex-1-en-1-yl] methanol	C22012	134716635	141850
CPD-13626	RXN-12657	PWY-6888	left	[(4S)-4-(5,5-dimethylcyclohex-1-en-1-yl)-cyclohex-1-en-1-yl] methanol	C22012	134716635	141850
CPD-13627	RXN-12657	PWY-6888	right	(4S)-4-(5,5-dimethylcyclohex-1-en-1-yl)cyclohex-1-ene-1-carbaldehyde	C22013	134716636	141851
CPD-13627	RXN-12605	PWY-6888	left	(4S)-4-(5,5-dimethylcyclohex-1-en-1-yl)cyclohex-1-ene-1-carbaldehyde	C22013	134716636	141851
CPD-8246	RXN-11903	PWY-6888	left	( S )-beta-bisabolene	C16775	10104370	49263
CPD-8246	RXN-8429	PWY-6888	right	( S )-beta-bisabolene	C16775	10104370	49263
FARNESYL-PP	RXN-8609	PWY-6291	left	(2 E ,6 E )-farnesyl diphosphate	C00448	15983959	175763
FARNESYL-PP	RXN-11527	PWY-5733	left	(2 E ,6 E )-farnesyl diphosphate	C00448	15983959	175763
FARNESYL-PP	RXN-8415	PWY-6275	left	(2 E ,6 E )-farnesyl diphosphate	C00448	15983959	175763
FARNESYL-PP	RXN-10685	PWY-6294	left	(2 E ,6 E )-farnesyl diphosphate	C00448	15983959	175763
FARNESYL-PP	RXN-8429	PWY-6888	left	(2 E ,6 E )-farnesyl diphosphate	C00448	15983959	175763
FARNESYL-PP	FARNESYLTRANSTRANSFERASE-RXN	PWY-5120	left	(2 E ,6 E )-farnesyl diphosphate	C00448	15983959	175763
FARNESYL-PP	FPPSYN-RXN	PWY-5123	right	(2 E ,6 E )-farnesyl diphosphate	C00448	15983959	175763
FARNESYL-PP	RXN-11575	PWY-5434	left	(2 E ,6 E )-farnesyl diphosphate	C00448	15983959	175763
FARNESYL-PP	RXN0-5180	PWY-5815	left	(2 E ,6 E )-farnesyl diphosphate	C00448	15983959	175763
FARNESYL-PP	RXN-8553	PWY-5733	left	(2 E ,6 E )-farnesyl diphosphate	C00448	15983959	175763
FARNESYL-PP	RXN-11626	PWY-6577	right	(2 E ,6 E )-farnesyl diphosphate	C00448	15983959	175763
FARNESYL-PP	RXN-9106	PWY-5872	left	(2 E ,6 E )-farnesyl diphosphate	C00448	15983959	175763
FARNESYL-PP	RXN-8587	PWY-6294	left	(2 E ,6 E )-farnesyl diphosphate	C00448	15983959	175763
FARNESYL-PP	RXN0-5180	PWYQT-4449	left	(2 E ,6 E )-farnesyl diphosphate	C00448	15983959	175763
FARNESYL-PP	RXN-8432	PWY-6275	left	(2 E ,6 E )-farnesyl diphosphate	C00448	15983959	175763
FARNESYL-PP	RXN-12263	PWY-5670	left	(2 E ,6 E )-farnesyl diphosphate	C00448	15983959	175763
FARNESYL-PP	RXN-8561	PWY-5733	left	(2 E ,6 E )-farnesyl diphosphate	C00448	15983959	175763
FARNESYL-PP	RXN-8939	PWY-5733	left	(2 E ,6 E )-farnesyl diphosphate	C00448	15983959	175763
FARNESYL-PP	RXN-8414	PWY-6275	left	(2 E ,6 E )-farnesyl diphosphate	C00448	15983959	175763
FARNESYL-PP	RXN-8562	PWY-5733	left	(2 E ,6 E )-farnesyl diphosphate	C00448	15983959	175763
FARNESYL-PP	FPPSYN-RXN	PWYQT-4449	right	(2 E ,6 E )-farnesyl diphosphate	C00448	15983959	175763
FARNESYL-PP	RXN-8608	PWY-6291	left	(2 E ,6 E )-farnesyl diphosphate	C00448	15983959	175763
FARNESYL-PP	RXN-8616	PWY-5434	left	(2 E ,6 E )-farnesyl diphosphate	C00448	15983959	175763
FARNESYL-PP	HEMEOSYN-RXN	PWY-7856	left	(2 E ,6 E )-farnesyl diphosphate	C00448	15983959	175763
PPI	CDPDIGLYSYN-RXN	PWY0-1319	right	diphosphate	C00013	4097574	33019
PPI	RXN-8429	PWY-6888	right	diphosphate	C00013	4097574	33019
PPI	PRTRANS-RXN	TRPSYN-PWY	left	diphosphate	C00013	4097574	33019
PPI	ARGSUCCINSYN-RXN	ARGSYNBSUB-PWY	right	diphosphate	C00013	4097574	33019
PPI	UTPHEXPURIDYLYLTRANS-RXN	PWY-3821	right	diphosphate	C00013	4097574	33019
PPI	RXN-8553	PWY-5733	right	diphosphate	C00013	4097574	33019
PPI	RXN-8939	PWY-5733	right	diphosphate	C00013	4097574	33019
PPI	THI-P-SYN-RXN	PWY-6908	right	diphosphate	C00013	4097574	33019
PPI	RXN-4881	PWY-2981	right	diphosphate	C00013	4097574	33019
PPI	RXN-16389	PWY-6733	right	diphosphate	C00013	4097574	33019
PPI	RXN-7788	PWY-2981	right	diphosphate	C00013	4097574	33019
PPI	4-COUMARATE--COA-LIGASE-RXN	PWY-6040	right	diphosphate	C00013	4097574	33019
PPI	NICONUCADENYLYLTRAN-RXN	PWY3O-4107	right	diphosphate	C00013	4097574	33019
PPI	PANTOATE-BETA-ALANINE-LIG-RXN	PANTO-PWY	right	diphosphate	C00013	4097574	33019
PPI	DUTP-PYROP-RXN	PWY-7184	right	diphosphate	C00013	4097574	33019
PPI	GPPSYN-RXN	PWY-5123	right	diphosphate	C00013	4097574	33019
PPI	RXN-1126	PWY-1121	right	diphosphate	C00013	4097574	33019
PPI	RXN-18699	PWY-7888	right	diphosphate	C00013	4097574	33019
PPI	4-COUMARATE--COA-LIGASE-RXN	PWY-5048	right	diphosphate	C00013	4097574	33019
PPI	PRPPAMIDOTRANS-RXN	PWY-6121	left	diphosphate	C00013	4097574	33019
PPI	OXALATE--COA-LIGASE-RXN	PWY-7985	right	diphosphate	C00013	4097574	33019
PPI	2.7.7.15-RXN	PWY-3561	right	diphosphate	C00013	4097574	33019
PPI	ACYLCOASYN-RXN	PWY-5136	right	diphosphate	C00013	4097574	33019
PPI	RXN-8561	PWY-5733	right	diphosphate	C00013	4097574	33019
PPI	GLURS-RXN	PWY-5188	right	diphosphate	C00013	4097574	33019
PPI	RXN-4882	PWY-2981	right	diphosphate	C00013	4097574	33019
PPI	RXN-4305	PWY-2681	right	diphosphate	C00013	4097574	33019
PPI	GLUC1PURIDYLTRANS-RXN	PWY-7343	right	diphosphate	C00013	4097574	33019
PPI	S-ADENMETSYN-RXN	ETHYL-PWY	right	diphosphate	C00013	4097574	33019
PPI	ATPPHOSPHORIBOSYLTRANS-RXN	HISTSYN-PWY	left	diphosphate	C00013	4097574	33019
PPI	RXN-9106	PWY-5872	right	diphosphate	C00013	4097574	33019
PPI	RXN-11396	PWY-6502	right	diphosphate	C00013	4097574	33019
PPI	RXN-7904	PWY-6803	right	diphosphate	C00013	4097574	33019
PPI	2.7.7.15-RXN	PWY4FS-2	right	diphosphate	C00013	4097574	33019
PPI	CDPDIGLYSYN-RXN	PWY-5667	right	diphosphate	C00013	4097574	33019
PPI	RXN-4883	PWY-2981	right	diphosphate	C00013	4097574	33019
PPI	GLUC1PURIDYLTRANS-RXN	PWY-3801	right	diphosphate	C00013	4097574	33019
PPI	RXN0-5180	PWY-5815	right	diphosphate	C00013	4097574	33019
PPI	RXN-16418	PWY-1121	right	diphosphate	C00013	4097574	33019
PPI	BIOTINLIG-RXN	PWY0-1264	right	diphosphate	C00013	4097574	33019
PPI	2.7.7.15-RXN	PWY3O-450	right	diphosphate	C00013	4097574	33019
PPI	RXN-19635	PWY-7994	right	diphosphate	C00013	4097574	33019
PPI	CPM-KDOSYNTH-RXN	PWY-5111	right	diphosphate	C00013	4097574	33019
PPI	RXN-11527	PWY-5733	right	diphosphate	C00013	4097574	33019
PPI	URACIL-PRIBOSYLTRANS-RXN	PWY-7183	left	diphosphate	C00013	4097574	33019
PPI	RXN-9084	PWY-6219	right	diphosphate	C00013	4097574	33019
PPI	SULFATE-ADENYLYLTRANS-RXN	SULFMETII-PWY	right	diphosphate	C00013	4097574	33019
PPI	RXN-17809	PWY-6823	right	diphosphate	C00013	4097574	33019
PPI	2.7.7.60-RXN	PWY-7560	right	diphosphate	C00013	4097574	33019
PPI	2.7.7.30-RXN	PWY-6	right	diphosphate	C00013	4097574	33019
PPI	ADENPRIBOSYLTRAN-RXN	PWY-6605	left	diphosphate	C00013	4097574	33019
PPI	RXN-16402	PWY-6733	right	diphosphate	C00013	4097574	33019
PPI	S-ADENMETSYN-RXN	PWY-5912	right	diphosphate	C00013	4097574	33019
PPI	RXN-16393	PWY-5971	right	diphosphate	C00013	4097574	33019
PPI	ARGSUCCINSYN-RXN	PWY-4984	right	diphosphate	C00013	4097574	33019
PPI	4-COUMARATE--COA-LIGASE-RXN	PWY-8157	right	diphosphate	C00013	4097574	33019
PPI	2.7.7.57-RXN	PWY4FS-3	right	diphosphate	C00013	4097574	33019
PPI	PYRUVATEORTHOPHOSPHATE-DIKINASE-RXN	PWY-241	right	diphosphate	C00013	4097574	33019
PPI	H2NEOPTERINP3PYROPHOSPHOHYDRO-RXN	PWY-6147	right	diphosphate	C00013	4097574	33019
PPI	RXN66-555	PWY-7851	right	diphosphate	C00013	4097574	33019
PPI	RXN-2946	PWY-6219	right	diphosphate	C00013	4097574	33019
PPI	RXN-4884	PWY-2981	right	diphosphate	C00013	4097574	33019
PPI	4-COUMARATE--COA-LIGASE-RXN	PWY-6982	right	diphosphate	C00013	4097574	33019
PPI	RXN-2944	PWY-6219	right	diphosphate	C00013	4097574	33019
PPI	FADSYN-RXN	RIBOSYN2-PWY	right	diphosphate	C00013	4097574	33019
PPI	NAD-SYNTH-GLN-RXN	PYRIDNUCSYN-PWY	right	diphosphate	C00013	4097574	33019
PPI	DUTP-PYROP-RXN	PWY-7187	right	diphosphate	C00013	4097574	33019
PPI	2.7.1.90-RXN	PWY-1042	left	diphosphate	C00013	4097574	33019
PPI	PANTEPADENYLYLTRAN-RXN	COA-PWY	right	diphosphate	C00013	4097574	33019
PPI	RXN-4307	PWY-2681	right	diphosphate	C00013	4097574	33019
PPI	GUANPRIBOSYLTRAN-RXN	PWY-6599	left	diphosphate	C00013	4097574	33019
PPI	O-SUCCINYLBENZOATE-COA-LIG-RXN	PWY-5837	right	diphosphate	C00013	4097574	33019
PPI	GMP-SYN-GLUT-RXN	PWY-7221	right	diphosphate	C00013	4097574	33019
PPI	NAG1P-URIDYLTRANS-RXN	UDPNACETYLGALSYN-PWY	right	diphosphate	C00013	4097574	33019
PPI	RXN-8608	PWY-6291	right	diphosphate	C00013	4097574	33019
PPI	GLUC1PURIDYLTRANS-RXN	PWY-6527	right	diphosphate	C00013	4097574	33019
PPI	RXN-8562	PWY-5733	right	diphosphate	C00013	4097574	33019
PPI	RXN-7568	PWY-5027	right	diphosphate	C00013	4097574	33019
PPI	RXN-9291	PWY-2981	right	diphosphate	C00013	4097574	33019
PPI	PROPIONATE--COA-LIGASE-RXN	PWY-3941	right	diphosphate	C00013	4097574	33019
PPI	UTPHEXPURIDYLYLTRANS-RXN	PWY-6527	right	diphosphate	C00013	4097574	33019
PPI	2.7.7.44-RXN	PWY-4841	right	diphosphate	C00013	4097574	33019
PPI	RXN-9623	PWY-5971	right	diphosphate	C00013	4097574	33019
PPI	ASNSYNB-RXN	ASPARAGINE-BIOSYNTHESIS	right	diphosphate	C00013	4097574	33019
PPI	GLUC1PURIDYLTRANS-RXN	PWY-7238	right	diphosphate	C00013	4097574	33019
PPI	RXN1F-66	PWY-5068	right	diphosphate	C00013	4097574	33019
PPI	DCTP-PYROPHOSPHATASE-RXN	PWY-7206	right	diphosphate	C00013	4097574	33019
PPI	RXN-10455	PWY-6233	right	diphosphate	C00013	4097574	33019
PPI	HISTPRATPHYD-RXN	HISTSYN-PWY	right	diphosphate	C00013	4097574	33019
PPI	RXN-9230	PWY-5872	right	diphosphate	C00013	4097574	33019
PPI	PYRUVATEORTHOPHOSPHATE-DIKINASE-RXN	PWY-7117	right	diphosphate	C00013	4097574	33019
PPI	NICONUCADENYLYLTRAN-RXN	PYRIDNUCSYN-PWY	right	diphosphate	C00013	4097574	33019
PPI	2.7.7.13-RXN	PWY-5659	right	diphosphate	C00013	4097574	33019
PPI	RXN-2945	PWY-6219	right	diphosphate	C00013	4097574	33019
PPI	RXN-2761	PWY-1581	right	diphosphate	C00013	4097574	33019
PPI	RXN-9808	PWY-6066	right	diphosphate	C00013	4097574	33019
PPI	OPPSYN-RXN	PWYQT-4449	right	diphosphate	C00013	4097574	33019
PPI	RXN-10441	PWY-6668	right	diphosphate	C00013	4097574	33019
PPI	CPM-KDOSYNTH-RXN	PWY-1269	right	diphosphate	C00013	4097574	33019
PPI	2.5.1.39-RXN	PWY-5871	right	diphosphate	C00013	4097574	33019
PPI	PANTEPADENYLYLTRAN-RXN	PWY-7851	right	diphosphate	C00013	4097574	33019
PPI	4.2.3.27-RXN	PWY-6270	right	diphosphate	C00013	4097574	33019
PPI	2.7.7.14-RXN	PWY4FS-6	right	diphosphate	C00013	4097574	33019
PPI	ARGSUCCINSYN-RXN	ARGSYN-PWY	right	diphosphate	C00013	4097574	33019
PPI	RXN-16401	PWY-6733	right	diphosphate	C00013	4097574	33019
PPI	DIPHTINE--AMMONIA-LIGASE-RXN	PWY-7546	right	diphosphate	C00013	4097574	33019
PPI	RXN-9083	PWY-6219	right	diphosphate	C00013	4097574	33019
PPI	RXN-1126	PWY-6673	right	diphosphate	C00013	4097574	33019
PPI	RXN-10685	PWY-6294	right	diphosphate	C00013	4097574	33019
PPI	QUINOPRIBOTRANS-RXN	PYRIDNUCSYN-PWY	left	diphosphate	C00013	4097574	33019
PPI	RXN-7904	PWY-5143	right	diphosphate	C00013	4097574	33019
PPI	RXN-8415	PWY-6275	right	diphosphate	C00013	4097574	33019
PPI	OROPRIBTRANS-RXN	PWY-5686	left	diphosphate	C00013	4097574	33019
PPI	RXN-8432	PWY-6275	right	diphosphate	C00013	4097574	33019
PPI	DUTP-PYROP-RXN	PWY-7206	right	diphosphate	C00013	4097574	33019
PPI	S-ADENMETSYN-RXN	METHIONINE-DEG1-PWY	right	diphosphate	C00013	4097574	33019
PPI	2.7.7.60-RXN	NONMEVIPP-PWY	right	diphosphate	C00013	4097574	33019
PPI	RXN-4303	PWY-2681	right	diphosphate	C00013	4097574	33019
PPI	RXN-7674	PWY-5068	right	diphosphate	C00013	4097574	33019
PPI	RXN-16389	PWY-1121	right	diphosphate	C00013	4097574	33019
PPI	RXN-8616	PWY-5434	right	diphosphate	C00013	4097574	33019
PPI	DTDPGLUCOSEPP-RXN	DTDPRHAMSYN-PWY	right	diphosphate	C00013	4097574	33019
PPI	PYRUVATEORTHOPHOSPHATE-DIKINASE-RXN	PWY-7115	right	diphosphate	C00013	4097574	33019
PPI	2.5.1.32-RXN	PWY-6475	right	diphosphate	C00013	4097574	33019
PPI	RXN-16389	PWY-321	right	diphosphate	C00013	4097574	33019
PPI	GPPSYN-RXN	PWY-7141	right	diphosphate	C00013	4097574	33019
PPI	RXN-9644	PWY-5147	right	diphosphate	C00013	4097574	33019
PPI	RXN-12263	PWY-5670	right	diphosphate	C00013	4097574	33019
PPI	SULFATE-ADENYLYLTRANS-RXN	PWY-5340	right	diphosphate	C00013	4097574	33019
PPI	URACIL-PRIBOSYLTRANS-RXN	PWYQT-4445	left	diphosphate	C00013	4097574	33019
PPI	RXN-8587	PWY-6294	right	diphosphate	C00013	4097574	33019
PPI	RXN-3	PWY-4	right	diphosphate	C00013	4097574	33019
PPI	NAD-SYNTH-GLN-RXN	PWY3O-4107	right	diphosphate	C00013	4097574	33019
PPI	HEMEOSYN-RXN	PWY-7856	right	diphosphate	C00013	4097574	33019
PPI	RXN-13268	PWY-6622	right	diphosphate	C00013	4097574	33019
PPI	RXN-10695	PWY-735	right	diphosphate	C00013	4097574	33019
PPI	RXN-10449	PWY-6233	right	diphosphate	C00013	4097574	33019
PPI	FPPSYN-RXN	PWY-5123	right	diphosphate	C00013	4097574	33019
PPI	GLUC1PADENYLTRANS-RXN	PWY-622	right	diphosphate	C00013	4097574	33019
PPI	TRANS-OCTAPRENYLTRANSTRANSFERASE-RXN	PWY-5805	right	diphosphate	C00013	4097574	33019
PPI	4-COUMARATE--COA-LIGASE-RXN	PWY-6039	right	diphosphate	C00013	4097574	33019
PPI	RXNARA-8002	PWY-6475	right	diphosphate	C00013	4097574	33019
PPI	RXN-8609	PWY-6291	right	diphosphate	C00013	4097574	33019
PPI	RXN0-6274	PWY-2781	right	diphosphate	C00013	4097574	33019
PPI	RXN-2947	PWY-6219	right	diphosphate	C00013	4097574	33019
PPI	P-PANTOCYSLIG-RXN	COA-PWY	right	diphosphate	C00013	4097574	33019
PPI	RXN0-5180	PWYQT-4449	right	diphosphate	C00013	4097574	33019
PPI	4-COUMARATE--COA-LIGASE-RXN	PWY-361	right	diphosphate	C00013	4097574	33019
PPI	RXN-12184	PWY-6733	right	diphosphate	C00013	4097574	33019
PPI	UPPSYN-RXN	PWYQT-4449	right	diphosphate	C00013	4097574	33019
PPI	RXN-14569	PWY0-1587	right	diphosphate	C00013	4097574	33019
PPI	RXN-2541	PWY-1422	right	diphosphate	C00013	4097574	33019
PPI	ACETATE--COA-LIGASE-RXN	PWY66-21	right	diphosphate	C00013	4097574	33019
PPI	S-ADENMETSYN-RXN	PWY-5041	right	diphosphate	C00013	4097574	33019
PPI	GPPSYN-RXN	PWY-5122	right	diphosphate	C00013	4097574	33019
PPI	RXN-11397	PWY-6502	right	diphosphate	C00013	4097574	33019
PPI	RXN-14929	PWY-7436	right	diphosphate	C00013	4097574	33019
PPI	RXN-10459	PWY-6233	right	diphosphate	C00013	4097574	33019
PPI	RXN-11575	PWY-5434	right	diphosphate	C00013	4097574	33019
PPI	4.2.3.25-RXN	PWY-7141	right	diphosphate	C00013	4097574	33019
PPI	RXN4FS-3	PWY4FS-4	right	diphosphate	C00013	4097574	33019
PPI	RXN-16380	PWY-5989	right	diphosphate	C00013	4097574	33019
PPI	RXN-9137	PWY-5815	right	diphosphate	C00013	4097574	33019
PPI	RXN-16380	PWY-8280	right	diphosphate	C00013	4097574	33019
PPI	NAD-SYNTH-NH3-RXN	PYRIDNUCSYN-PWY	right	diphosphate	C00013	4097574	33019
PPI	RXN66-281	PWY-5670	right	diphosphate	C00013	4097574	33019
PPI	4.2.3.19-RXN	PWY-5032	right	diphosphate	C00013	4097574	33019
PPI	RXN-14188	PWY-7206	right	diphosphate	C00013	4097574	33019
PPI	NICOTINATEPRIBOSYLTRANS-RXN	PWY3O-4107	right	diphosphate	C00013	4097574	33019
PPI	FPPSYN-RXN	PWYQT-4449	right	diphosphate	C00013	4097574	33019
PPI	GLUC1PURIDYLTRANS-RXN	PWYQT-4466	right	diphosphate	C00013	4097574	33019
PPI	RXN-11361	PWY-6823	right	diphosphate	C00013	4097574	33019
PPI	RXN-10457	PWY-6233	right	diphosphate	C00013	4097574	33019
PPI	RXN-8344	PWY-8171	right	diphosphate	C00013	4097574	33019
PPI	RXN-18700	PWY-7888	right	diphosphate	C00013	4097574	33019
PPI	RXN-8414	PWY-6275	right	diphosphate	C00013	4097574	33019
PPI	RXN-9623	PWY-8279	right	diphosphate	C00013	4097574	33019
PPI	6.2.1.34-RXN	PWY-1121	right	diphosphate	C00013	4097574	33019
PPI	H2NEOPTERINP3PYROPHOSPHOHYDRO-RXN	PWY-3742	right	diphosphate	C00013	4097574	33019
PPI	H2PTEROATESYNTH-RXN	PWY-3742	right	diphosphate	C00013	4097574	33019
PPI	FARNESYLTRANSTRANSFERASE-RXN	PWY-5120	right	diphosphate	C00013	4097574	33019
PPI	4-COUMARATE--COA-LIGASE-RXN	PWY1F-FLAVSYN	right	diphosphate	C00013	4097574	33019
PPI	RXN-9386	PWY-5921	right	diphosphate	C00013	4097574	33019
PPI	RXN-2948	PWY-6219	right	diphosphate	C00013	4097574	33019
PPI	RXN-7401	PWY-82	right	diphosphate	C00013	4097574	33019
CPD-13573	RXN-12606	PWY-6888	left	zealexin A1		134716637	141852
CPD-13573	RXN-12607	PWY-6888	left	zealexin A1		134716637	141852
CPD-13573	RXN-12605	PWY-6888	right	zealexin A1		134716637	141852
CPD-13573	RXN-12608	PWY-6888	left	zealexin A1		134716637	141852
CPD-13572	RXN-12608	PWY-6888	right	zealexin B1		90658636	
CPD-13570	RXN-12606	PWY-6888	right	zealexin A2		134820128	
PROTON	RXN-7082	PWY-4441	right	H +	C00080	1038	15378
PROTON	PLASTOQUINOL--PLASTOCYANIN-REDUCTASE-RXN	PWY-8270	left	H +	C00080	1038	15378
PROTON	RXN-9037	PWY-5774	right	H +	C00080	1038	15378
PROTON	RXN-710	PWY-2582	right	H +	C00080	1038	15378
PROTON	N-CARBAMOYLPUTRESCINE-AMIDASE-RXN	PWYQT-94	left	H +	C00080	1038	15378
PROTON	2.7.1.150-RXN	PWY-6352	right	H +	C00080	1038	15378
PROTON	NAD-SYNTH-GLN-RXN	PYRIDNUCSYN-PWY	right	H +	C00080	1038	15378
PROTON	RXN-11403	PWY-6498	left	H +	C00080	1038	15378
PROTON	RXN-6382	PWY-3981	right	H +	C00080	1038	15378
PROTON	ADENOSINE-KINASE-RXN	PWY-6619	right	H +	C00080	1038	15378
PROTON	RXN-7580	PWY-5034	right	H +	C00080	1038	15378
PROTON	SCOPOLETIN-GLUCOSYLTRANSFERASE-RXN	PWY4FS-10	right	H +	C00080	1038	15378
PROTON	RXN-8361	PWY-762	left	H +	C00080	1038	15378
PROTON	RXN-5462	MANNOSYL-CHITO-DOLICHOL-BIOSYNTHESIS	right	H +	C00080	1038	15378
PROTON	SIROHEME-FERROCHELAT-RXN	PWY-5194	right	H +	C00080	1038	15378
PROTON	RXN-961	PWY-181	right	H +	C00080	1038	15378
PROTON	ARGDECARBOX-RXN	PWY-43	left	H +	C00080	1038	15378
PROTON	1.1.1.288-RXN	PWY-695	right	H +	C00080	1038	15378
PROTON	RXN-4727	PWY-2881	right	H +	C00080	1038	15378
PROTON	RXN-9515	PWY-8279	right	H +	C00080	1038	15378
PROTON	RXN-17252	PWY-5098	left	H +	C00080	1038	15378
PROTON	RXN-13308	PWY-7036	right	H +	C00080	1038	15378
PROTON	TRANS-RXN-207	PWY-6237	left	H +	C00080	1038	15378
PROTON	RXN-16036	PWY-5995	left	H +	C00080	1038	15378
PROTON	RXN-22455	PWY-8280	right	H +	C00080	1038	15378
PROTON	RXN-12292	PWY-6786	left	H +	C00080	1038	15378
PROTON	GLUTAMIN-RXN	GLUTAMINDEG-PWY	right	H +	C00080	1038	15378
PROTON	SUCCINATE-SEMIALDEHYDE-DEHYDROGENASE-RXN	PWY-4321	right	H +	C00080	1038	15378
PROTON	CTPSYN-RXN	PWY-7185	right	H +	C00080	1038	15378
PROTON	RXN-9528	PWY66-430	right	H +	C00080	1038	15378
PROTON	RXN-3562	PWY-2463	right	H +	C00080	1038	15378
PROTON	RXN-7749	PWY-861	left	H +	C00080	1038	15378
PROTON	RXN-8314	PWY-782	left	H +	C00080	1038	15378
PROTON	MALATE-DEHYDROGENASE-NADP+-RXN	PWY-7117	right	H +	C00080	1038	15378
PROTON	RXN-7799	PWY-5129	right	H +	C00080	1038	15378
PROTON	ETHANOLAMINE-KINASE-RXN	PWY4FS-6	right	H +	C00080	1038	15378
PROTON	THYKI-RXN	PWY-7199	right	H +	C00080	1038	15378
PROTON	RXN-8300	PWY-782	left	H +	C00080	1038	15378
PROTON	GLY3KIN-RXN	PWY-181	right	H +	C00080	1038	15378
PROTON	DIHYDROFOLATEREDUCT-RXN	PWY-3742	right	H +	C00080	1038	15378
PROTON	ACETOOHBUTSYN-RXN	ILEUSYN-PWY	left	H +	C00080	1038	15378
PROTON	RXN-4724	PWY-2881	right	H +	C00080	1038	15378
PROTON	RXN-12297	PWY-6786	right	H +	C00080	1038	15378
PROTON	PLASTOQUINOL--PLASTOCYANIN-REDUCTASE-RXN	PWY-8270	right	H +	C00080	1038	15378
PROTON	RXN-7568	PWY-5027	left	H +	C00080	1038	15378
PROTON	RXN-14239	PWY-7213	right	H +	C00080	1038	15378
PROTON	PLASTOQUINOL--PLASTOCYANIN-REDUCTASE-RXN	PWY-101	right	H +	C00080	1038	15378
PROTON	RXN-11002	PWY-6473	right	H +	C00080	1038	15378
PROTON	RXN-2762	PWY-1581	right	H +	C00080	1038	15378
PROTON	RXN-4662	PWY-2841	left	H +	C00080	1038	15378
PROTON	RXN-8037	PWY-5176	left	H +	C00080	1038	15378
PROTON	RXN-3601	PWY-2463	right	H +	C00080	1038	15378
PROTON	RXN-8301	PWY-782	left	H +	C00080	1038	15378
PROTON	PALMITOYL-COA-HYDROLASE-RXN	PWY-1121	right	H +	C00080	1038	15378
PROTON	RXN-9530	PWY66-430	right	H +	C00080	1038	15378
PROTON	2.7.7.57-RXN	PWY4FS-3	left	H +	C00080	1038	15378
PROTON	ETHANOLAMINE-KINASE-RXN	PWY-3385	right	H +	C00080	1038	15378
PROTON	RXN-15464	PWY-7489	right	H +	C00080	1038	15378
PROTON	RXN-5471	MANNOSYL-CHITO-DOLICHOL-BIOSYNTHESIS	right	H +	C00080	1038	15378
PROTON	RXN-12293	PWY-6786	left	H +	C00080	1038	15378
PROTON	RXN-16417	PWY-1121	right	H +	C00080	1038	15378
PROTON	UTPHEXPURIDYLYLTRANS-RXN	PWY-6527	left	H +	C00080	1038	15378
PROTON	RXN-16417	PWY-321	right	H +	C00080	1038	15378
PROTON	RXN-20435	PWY18C3-1	right	H +	C00080	1038	15378
PROTON	PYRUVATEORTHOPHOSPHATE-DIKINASE-RXN	PWY-7117	right	H +	C00080	1038	15378
PROTON	UROGENDECARBOX-RXN	HEME-BIOSYNTHESIS-II	left	H +	C00080	1038	15378
PROTON	RXN-9036	PWY-5774	right	H +	C00080	1038	15378
PROTON	RXN-7163	PWY-4661	right	H +	C00080	1038	15378
PROTON	RXN-9521	PWY66-430	right	H +	C00080	1038	15378
PROTON	GALACTURONOKINASE-RXN	PWY-4	right	H +	C00080	1038	15378
PROTON	RXN-886	PWY-102	left	H +	C00080	1038	15378
PROTON	GLUTSEMIALDEHYDROG-RXN	PROSYN-PWY	right	H +	C00080	1038	15378
PROTON	NADH-DEHYDROG-A-RXN	PWY-4302	left	H +	C00080	1038	15378
PROTON	RXN-9521	PWY-8279	right	H +	C00080	1038	15378
PROTON	ALLANTOINASE-RXN	PWY-5698	right	H +	C00080	1038	15378
PROTON	2.7.7.15-RXN	PWY-3561	left	H +	C00080	1038	15378
PROTON	RXN-7792	PWY-5129	right	H +	C00080	1038	15378
PROTON	RXN-10875	PWY-6546	right	H +	C00080	1038	15378
PROTON	RXN-9657	PWY-5971	right	H +	C00080	1038	15378
PROTON	RXN-22341	PWY-8259	right	H +	C00080	1038	15378
PROTON	RXN-10703	PWY-735	right	H +	C00080	1038	15378
PROTON	3.1.4.11-RXN	PWY-6351	right	H +	C00080	1038	15378
PROTON	GLUTAMATE-SYNTHASE-FERREDOXIN-RXN	PWY-4341	right	H +	C00080	1038	15378
PROTON	SAMDECARB-RXN	ARGSPECAT-PWY	left	H +	C00080	1038	15378
PROTON	RXN0-901	PWY-6596	right	H +	C00080	1038	15378
PROTON	ACSERLY-RXN	CYSTSYN-PWY	right	H +	C00080	1038	15378
PROTON	BIOTINLIG-RXN	PWY0-1264	right	H +	C00080	1038	15378
PROTON	RXN-13300	PWY-7036	right	H +	C00080	1038	15378
PROTON	METHYLCROTONYL-COA-CARBOXYLASE-RXN	LEU-DEG2-PWY	right	H +	C00080	1038	15378
PROTON	RXN-7773	PWY-5116	right	H +	C00080	1038	15378
PROTON	GLUTATHIONE-SYN-RXN	GLUTATHIONESYN-PWY	right	H +	C00080	1038	15378
PROTON	RXN0-901	PWY-6606	right	H +	C00080	1038	15378
PROTON	RXN-11277	PWY-7039	right	H +	C00080	1038	15378
PROTON	RXN3DJ-35528	PWY-8475	right	H +	C00080	1038	15378
PROTON	RXN-4021	PWY-2541	right	H +	C00080	1038	15378
PROTON	RXN-14960	PWY-5934	left	H +	C00080	1038	15378
PROTON	PHOSPHAGLYPSYN-RXN	PWY4FS-8	right	H +	C00080	1038	15378
PROTON	RXN-6684	PWY-6949	right	H +	C00080	1038	15378
PROTON	RXN-12197	PWY-7185	right	H +	C00080	1038	15378
PROTON	ALCOHOL-DEHYDROG-RXN	PWY66-21	right	H +	C00080	1038	15378
PROTON	CITSYN-RXN	PWYQT-4481	right	H +	C00080	1038	15378
PROTON	3-HYDROXYPROPIONATE-DEHYDROGENASE-RXN	PWY-3941	right	H +	C00080	1038	15378
PROTON	RXN-5470	MANNOSYL-CHITO-DOLICHOL-BIOSYNTHESIS	right	H +	C00080	1038	15378
PROTON	RXN-8311	PWY-782	left	H +	C00080	1038	15378
PROTON	RXN-9463	PWY-5936	right	H +	C00080	1038	15378
PROTON	RXN-9650	PWY66-430	left	H +	C00080	1038	15378
PROTON	RXN-711	PWY-699	right	H +	C00080	1038	15378
PROTON	TRANS-RXN0-550	PWY-8259	right	H +	C00080	1038	15378
PROTON	PYRROLINECARBREDUCT-RXN	ARG-PRO-PWY	right	H +	C00080	1038	15378
PROTON	2.4.1.141-RXN	MANNOSYL-CHITO-DOLICHOL-BIOSYNTHESIS	right	H +	C00080	1038	15378
PROTON	RXN-9241	PWY-5871	left	H +	C00080	1038	15378
PROTON	RXN-9549	PWY-5971	right	H +	C00080	1038	15378
PROTON	RXN-9523	PWY-5971	left	H +	C00080	1038	15378
PROTON	RXN-13297	PWY-7036	left	H +	C00080	1038	15378
PROTON	RXN-525	PWY1F-823	right	H +	C00080	1038	15378
PROTON	RXN-9558	PWY-5973	right	H +	C00080	1038	15378
PROTON	ORNCARBAMTRANSFER-RXN	CITRULLINE-DEG-PWY	right	H +	C00080	1038	15378
PROTON	DTDPDEHYRHAMREDUCT-RXN	DTDPRHAMSYN-PWY	right	H +	C00080	1038	15378
PROTON	GLUCURONATE-REDUCTASE-RXN	PWY-8142	right	H +	C00080	1038	15378
PROTON	GLYCERATE-DEHYDROGENASE-RXN	PWY-181	right	H +	C00080	1038	15378
PROTON	RXN-10698	PWY-735	right	H +	C00080	1038	15378
PROTON	2.5.1.43-RXN	PWY-5957	right	H +	C00080	1038	15378
PROTON	2.7.1.90-RXN	PWY-1042	right	H +	C00080	1038	15378
PROTON	RXN-3522	PWY-2261	left	H +	C00080	1038	15378
PROTON	RXN-4731	PWY-2881	right	H +	C00080	1038	15378
PROTON	RXN-9624	PWY-6733	right	H +	C00080	1038	15378
PROTON	IMP-DEHYDROG-RXN	PWY-7221	right	H +	C00080	1038	15378
PROTON	RXN-9746	PWY-6051	right	H +	C00080	1038	15378
PROTON	IMP-DEHYDROG-RXN	PWY-6596	right	H +	C00080	1038	15378
PROTON	PHOSPHOLIPASE-A1-RXN	LIPASYN-PWY	right	H +	C00080	1038	15378
PROTON	NADH-DEHYDROG-A-RXN	PWY-4302	right	H +	C00080	1038	15378
PROTON	RXN-8323	PWY-762	left	H +	C00080	1038	15378
PROTON	RXN-8368	PWY-782	left	H +	C00080	1038	15378
PROTON	PSEUDOURIDINE-KINASE-RXN	PWY-6019	right	H +	C00080	1038	15378
PROTON	ALLANTOINASE-RXN	PWY4LZ-81	right	H +	C00080	1038	15378
PROTON	RXN-9311	PWY-5837	right	H +	C00080	1038	15378
PROTON	RXN-7683	PWY-5107	right	H +	C00080	1038	15378
PROTON	RXN-9539	PWY-8279	left	H +	C00080	1038	15378
PROTON	GALACTONOLACTONE-DEHYDROGENASE-RXN	PWY-8143	right	H +	C00080	1038	15378
PROTON	ALLYL-ALCOHOL-DEHYDROGENASE-RXN	PWY-6786	right	H +	C00080	1038	15378
PROTON	P-PANTOCYSLIG-RXN	COA-PWY	right	H +	C00080	1038	15378
PROTON	RXN-12296	PWY-6786	left	H +	C00080	1038	15378
PROTON	RXN1F-20	CHLOROPHYLL-SYN	right	H +	C00080	1038	15378
PROTON	FGAMSYN-RXN	PWY-6121	right	H +	C00080	1038	15378
PROTON	RXN-5463	MANNOSYL-CHITO-DOLICHOL-BIOSYNTHESIS	right	H +	C00080	1038	15378
PROTON	RXN-8681	PWY-5466	right	H +	C00080	1038	15378
PROTON	RXN-8360	PWY-762	left	H +	C00080	1038	15378
PROTON	RXN-12300	PWY-6786	left	H +	C00080	1038	15378
PROTON	RXN-8783	PWY-8142	right	H +	C00080	1038	15378
PROTON	RXN-8680	PWY-5466	right	H +	C00080	1038	15378
PROTON	5-METHYLTHIORIBOSE-KINASE-RXN	PWY-6754	right	H +	C00080	1038	15378
PROTON	RXN-8310	PWY-782	left	H +	C00080	1038	15378
PROTON	RXN-9524	PWY66-430	right	H +	C00080	1038	15378
PROTON	ORNCARBAMTRANSFER-RXN	CITRULBIO-PWY	right	H +	C00080	1038	15378
PROTON	RXN-3142	PWY1F-FLAVSYN	left	H +	C00080	1038	15378
PROTON	RXN-9666	PWY-6733	right	H +	C00080	1038	15378
PROTON	FCLREDUCT-RXN	PWY-66	right	H +	C00080	1038	15378
PROTON	RXN-13139	PWY-8137	right	H +	C00080	1038	15378
PROTON	RXN0-901	PWY-6237	right	H +	C00080	1038	15378
PROTON	RXN-3523	PWY-2261	right	H +	C00080	1038	15378
PROTON	ADENYLYLSULFKIN-RXN	PWY-5340	right	H +	C00080	1038	15378
PROTON	RXN-12195	PWY-5687	right	H +	C00080	1038	15378
PROTON	ALCOHOL-DEHYDROG-RXN	PWY-5486	right	H +	C00080	1038	15378
PROTON	RXN-8302	PWY-782	left	H +	C00080	1038	15378
PROTON	RXN-4310	PWY-2681	right	H +	C00080	1038	15378
PROTON	2.7.7.15-RXN	PWY4FS-2	left	H +	C00080	1038	15378
PROTON	RXN-9663	PWY-5971	right	H +	C00080	1038	15378
PROTON	DIHYDROKAEMPFEROL-4-REDUCTASE-RXN	PWY1F-823	right	H +	C00080	1038	15378
PROTON	RIBOFLAVIN-SYN-RXN	RIBOSYN2-PWY	left	H +	C00080	1038	15378
PROTON	RXN-11002	PWY-4321	right	H +	C00080	1038	15378
PROTON	RXN-13299	PWY-7036	right	H +	C00080	1038	15378
PROTON	RXN0-5224	PWY-7115	left	H +	C00080	1038	15378
PROTON	L-ASPARTATE-OXID-RXN	PYRIDNUCSYN-PWY	right	H +	C00080	1038	15378
PROTON	RXN-12196	PWY-7185	right	H +	C00080	1038	15378
PROTON	RXN-23599	PWY-7888	right	H +	C00080	1038	15378
PROTON	RXN-1104	PWY-1121	right	H +	C00080	1038	15378
PROTON	RXN-7182	PWY-4541	right	H +	C00080	1038	15378
PROTON	RXN-9282	PWY-5872	right	H +	C00080	1038	15378
PROTON	GAPOXNPHOSPHN-RXN	PWY-5484	right	H +	C00080	1038	15378
PROTON	RXN-9651	PWY66-430	left	H +	C00080	1038	15378
PROTON	RXN-15353	PWY-7458	right	H +	C00080	1038	15378
PROTON	GLUC1PURIDYLTRANS-RXN	PWY-6527	left	H +	C00080	1038	15378
PROTON	NARINGENIN-CHALCONE-SYNTHASE-RXN	PWY-6787	left	H +	C00080	1038	15378
PROTON	RXN-9534	PWY-8279	right	H +	C00080	1038	15378
PROTON	CYTIDEAM-RXN	PWY-7199	left	H +	C00080	1038	15378
PROTON	RXN-9750	PWY-6051	left	H +	C00080	1038	15378
PROTON	RXN-8299	PWY-782	left	H +	C00080	1038	15378
PROTON	2.4.1.142-RXN	MANNOSYL-CHITO-DOLICHOL-BIOSYNTHESIS	right	H +	C00080	1038	15378
PROTON	ORNCARBAMTRANSFER-RXN	PWY4LZ-81	right	H +	C00080	1038	15378
PROTON	GALACTOKIN-RXN	PWY-6527	right	H +	C00080	1038	15378
PROTON	TRANS-RXN0-550	PWY-8259	left	H +	C00080	1038	15378
PROTON	URIDINEKIN-RXN	PWY-7193	right	H +	C00080	1038	15378
PROTON	RXN-19687	PWY-5774	right	H +	C00080	1038	15378
PROTON	RXN-12415	PWY-5936	right	H +	C00080	1038	15378
PROTON	RXN-1728	PWY-782	left	H +	C00080	1038	15378
PROTON	ASPCARBTRANS-RXN	PWY-5686	right	H +	C00080	1038	15378
PROTON	6PGLUCONOLACT-RXN	OXIDATIVEPENT-PWY	right	H +	C00080	1038	15378
PROTON	TRANS-RXN-195	PWY-6227	right	H +	C00080	1038	15378
PROTON	CYTOCHROME-C-OXIDASE-RXN	PWY-3781	left	H +	C00080	1038	15378
PROTON	H2PTERIDINEPYROPHOSPHOKIN-RXN	PWY-3742	right	H +	C00080	1038	15378
PROTON	MALATE-DEH-RXN	PWY-5690	right	H +	C00080	1038	15378
PROTON	RXN-14424	PWY-7252	right	H +	C00080	1038	15378
PROTON	RXN-4730	PWY-2901	right	H +	C00080	1038	15378
PROTON	CAFFEOYL-COA-O-METHYLTRANSFERASE-RXN	PWY-1121	right	H +	C00080	1038	15378
PROTON	RXN-11468	PWY-6515	left	H +	C00080	1038	15378
PROTON	RXN-7204	PWY-4661	right	H +	C00080	1038	15378
PROTON	RXN-711	PWY-2582	right	H +	C00080	1038	15378
PROTON	RXN-10450	PWY-6235	left	H +	C00080	1038	15378
PROTON	ENOYL-ACP-REDUCT-NADH-RXN	FASYN-ELONG-PWY	right	H +	C00080	1038	15378
PROTON	BIOTIN-CARBOXYL-RXN	PWY0-1264	right	H +	C00080	1038	15378
PROTON	RXN-14423	PWY-7252	left	H +	C00080	1038	15378
PROTON	ACETOLACTREDUCTOISOM-RXN	VALSYN-PWY	right	H +	C00080	1038	15378
PROTON	RXN-118	PWY-102	right	H +	C00080	1038	15378
PROTON	RXN-5464	MANNOSYL-CHITO-DOLICHOL-BIOSYNTHESIS	right	H +	C00080	1038	15378
PROTON	3-HYDROXYISOBUTYRATE-DEHYDROGENASE-RXN	VALDEG-PWY	right	H +	C00080	1038	15378
PROTON	RXN1F-161	PWY-5034	right	H +	C00080	1038	15378
PROTON	RXN-1106	PWY-361	left	H +	C00080	1038	15378
PROTON	RXN-1347	PWY-5410	right	H +	C00080	1038	15378
PROTON	RXN-9803	PWY-321	right	H +	C00080	1038	15378
PROTON	GLUTCYSLIG-RXN	GLUTATHIONESYN-PWY	right	H +	C00080	1038	15378
PROTON	RXN-1101	PWY-361	left	H +	C00080	1038	15378
PROTON	RXN-9279	PWY-5872	left	H +	C00080	1038	15378
PROTON	MALATE-DEHYDROGENASE-NADP+-RXN	PWY-241	right	H +	C00080	1038	15378
PROTON	H2NEOPTERINP3PYROPHOSPHOHYDRO-RXN	PWY-3742	right	H +	C00080	1038	15378
PROTON	RXN-22385	PWY-8259	right	H +	C00080	1038	15378
PROTON	RXN-8294	PWY-782	left	H +	C00080	1038	15378
PROTON	RXN-6161	PWY-6330	left	H +	C00080	1038	15378
PROTON	RXN-1726	PWY-762	left	H +	C00080	1038	15378
PROTON	RXN-9802	PWY-321	right	H +	C00080	1038	15378
PROTON	TRANS-RXN-199	PWY-6227	right	H +	C00080	1038	15378
PROTON	NARINGENIN-CHALCONE-SYNTHASE-RXN	PWY1F-FLAVSYN	left	H +	C00080	1038	15378
PROTON	RXN-8325	PWY-762	left	H +	C00080	1038	15378
PROTON	GLUTAMATE-SYNTHASE-FERREDOXIN-RXN	PWY4LZ-81	right	H +	C00080	1038	15378
PROTON	CARBAMATE-KINASE-RXN	PWY-7060	right	H +	C00080	1038	15378
PROTON	RXN1F-169	PWY-5035	right	H +	C00080	1038	15378
PROTON	RXN-8679	PWY-5466	right	H +	C00080	1038	15378
PROTON	PANTOTHENATE-KIN-RXN	PANTO-PWY	right	H +	C00080	1038	15378
PROTON	RXN-11707	PWY-6622	right	H +	C00080	1038	15378
PROTON	RXN-10702	PWY-735	right	H +	C00080	1038	15378
PROTON	GLUTSEMIALDEHYDROG-RXN	ARGININE-SYN4-PWY	right	H +	C00080	1038	15378
PROTON	RXN1F-357	PWY1F-353	left	H +	C00080	1038	15378
PROTON	RXN-8342	PWY-6823	right	H +	C00080	1038	15378
PROTON	URKI-RXN	PWYQT-4445	right	H +	C00080	1038	15378
PROTON	2.1.1.103-RXN	PWY4FS-4	right	H +	C00080	1038	15378
PROTON	SPONTPRO-RXN	ARG-PRO-PWY	left	H +	C00080	1038	15378
PROTON	HYDROXYMETHYLGLUTARYL-COA-SYNTHASE-RXN	PWY-922	right	H +	C00080	1038	15378
PROTON	2.1.1.103-RXN	PWY4FS-3	right	H +	C00080	1038	15378
PROTON	2.7.1.133-RXN	PWY-6554	right	H +	C00080	1038	15378
PROTON	RXN-4729	PWY-2881	right	H +	C00080	1038	15378
PROTON	RXN-9528	PWY-5971	right	H +	C00080	1038	15378
PROTON	PEPDEPHOS-RXN	PWY-1042	right	H +	C00080	1038	15378
PROTON	RXNQT-4398	PWY-6546	right	H +	C00080	1038	15378
PROTON	RXN-8340	PWY-6823	right	H +	C00080	1038	15378
PROTON	CTPSYN-RXN	PWY-7176	right	H +	C00080	1038	15378
PROTON	RXN-7632	PWY-5049	right	H +	C00080	1038	15378
PROTON	L-3-CYANOALANINE-SYNTHASE-RXN	P401-PWY	right	H +	C00080	1038	15378
PROTON	2.7.1.139-RXN	PWY-6554	right	H +	C00080	1038	15378
PROTON	PLASTOQUINOL--PLASTOCYANIN-REDUCTASE-RXN	PWY-101	left	H +	C00080	1038	15378
PROTON	SPONTPRO-RXN	PROUT-PWY	left	H +	C00080	1038	15378
PROTON	RXN-13307	PWY-7036	right	H +	C00080	1038	15378
PROTON	RXN0-723	PWY-7187	left	H +	C00080	1038	15378
PROTON	RXN-4723	PWY-2902	right	H +	C00080	1038	15378
PROTON	1.10.2.2-RXN	PWY-3781	left	H +	C00080	1038	15378
PROTON	RXNQT-4366	PWY18C3-24	right	H +	C00080	1038	15378
PROTON	PHOSPHOLIPASE-A2-RXN	PWY-6803	right	H +	C00080	1038	15378
PROTON	RXN-24915	PWY-5872	right	H +	C00080	1038	15378
PROTON	RXN66-323	PWY18C3-1	right	H +	C00080	1038	15378
PROTON	RXN-7674	PWY-5068	left	H +	C00080	1038	15378
PROTON	RXN-12281	PWY-6786	left	H +	C00080	1038	15378
PROTON	RXN0-2301	LEU-DEG2-PWY	left	H +	C00080	1038	15378
PROTON	RXN-12959	TRIGLSYN-PWY	right	H +	C00080	1038	15378
PROTON	RXN-14427	PWY-7253	right	H +	C00080	1038	15378
PROTON	2.1.1.103-RXN	PWY-3385	right	H +	C00080	1038	15378
PROTON	ADENINE-DEAMINASE-RXN	PWY4LZ-81	left	H +	C00080	1038	15378
PROTON	GAPOXNPHOSPHN-RXN	GLUCONEO-PWY	right	H +	C00080	1038	15378
PROTON	PSII-RXN	PWY-101	left	H +	C00080	1038	15378
PROTON	GUANOSINE-DEAMINASE-RXN	PWY-6607	left	H +	C00080	1038	15378
PROTON	2.7.8.11-RXN	PWY-6352	right	H +	C00080	1038	15378
PROTON	2.1.1.71-RXN	PWY4FS-3	right	H +	C00080	1038	15378
PROTON	SUCCINATE-SEMIALDEHYDE-DEHYDROGENASE-RXN	PWY-6473	right	H +	C00080	1038	15378
PROTON	GAPOXNPHOSPHN-RXN	SUCSYN-PWY	right	H +	C00080	1038	15378
PROTON	PEPDEPHOS-RXN	PWY-5484	right	H +	C00080	1038	15378
PROTON	LUMAZINESYN-RXN	RIBOSYN2-PWY	right	H +	C00080	1038	15378
PROTON	NICONUCADENYLYLTRAN-RXN	PWY3O-4107	left	H +	C00080	1038	15378
PROTON	SAMDECARB-RXN	BSUBPOLYAMSYN-PWY	left	H +	C00080	1038	15378
PROTON	RXN-15373	PWY-7464	right	H +	C00080	1038	15378
PROTON	N-CARBAMOYLPUTRESCINE-AMIDASE-RXN	PWY-43	left	H +	C00080	1038	15378
PROTON	RXN0-1461	CHLOROPHYLL-SYN	left	H +	C00080	1038	15378
PROTON	TYRAMINE-N-FERULOYLTRANSFERASE-RXN	PWY-1121	right	H +	C00080	1038	15378
PROTON	RXN-3164	PWY-1921	right	H +	C00080	1038	15378
PROTON	DIPHTINE--AMMONIA-LIGASE-RXN	PWY-7546	right	H +	C00080	1038	15378
PROTON	DUTP-PYROP-RXN	PWY-7206	right	H +	C00080	1038	15378
PROTON	FADSYN-RXN	RIBOSYN2-PWY	left	H +	C00080	1038	15378
PROTON	RXN-20439	PWY18C3-1	right	H +	C00080	1038	15378
PROTON	RXN-9527	PWY-8279	left	H +	C00080	1038	15378
PROTON	RXN-8369	PWY-782	left	H +	C00080	1038	15378
PROTON	RXN-16049	PWY-7590	left	H +	C00080	1038	15378
PROTON	GLUCURONOKINASE-RXN	PWY-4841	right	H +	C00080	1038	15378
PROTON	RXN-16047	PWY-7590	left	H +	C00080	1038	15378
PROTON	RXN-5472	MANNOSYL-CHITO-DOLICHOL-BIOSYNTHESIS	right	H +	C00080	1038	15378
PROTON	RXN-6384	PWY-3941	right	H +	C00080	1038	15378
PROTON	PEPSYNTH-RXN	GLUCONEO-PWY	right	H +	C00080	1038	15378
PROTON	RXN-9632	PWY-5989	left	H +	C00080	1038	15378
PROTON	NADH-DEHYDROG-A-RXN	PWY-3781	right	H +	C00080	1038	15378
PROTON	PRPPSYN-RXN	PWY0-662	right	H +	C00080	1038	15378
PROTON	2.7.1.149-RXN	PWY-6351	right	H +	C00080	1038	15378
PROTON	PORPHOBILSYNTH-RXN	PWY-5188	right	H +	C00080	1038	15378
PROTON	RXN-4661	PWY-2841	left	H +	C00080	1038	15378
PROTON	GUANINE-DEAMINASE-RXN	PWY4LZ-81	left	H +	C00080	1038	15378
PROTON	L-LACTATE-DEHYDROGENASE-RXN	PWY-5481	right	H +	C00080	1038	15378
PROTON	RXN-9235	PWY-5872	right	H +	C00080	1038	15378
PROTON	RXN-9532	PWY-5971	right	H +	C00080	1038	15378
PROTON	SPERMINE-SYNTHASE-RXN	ARGSPECAT-PWY	right	H +	C00080	1038	15378
PROTON	RXN-8699	PWY-5470	left	H +	C00080	1038	15378
PROTON	UROGENDECARBOX-RXN	CHLOROPHYLL-SYN	left	H +	C00080	1038	15378
PROTON	RXN-12605	PWY-6888	right	H +	C00080	1038	15378
PROTON	RXN-11322	PWY-6466	right	H +	C00080	1038	15378
PROTON	RXN-5468	MANNOSYL-CHITO-DOLICHOL-BIOSYNTHESIS	right	H +	C00080	1038	15378
PROTON	TRANS-RXN-172	PWY-5937	right	H +	C00080	1038	15378
PROTON	3.1.2.21-RXN	PWY66-430	right	H +	C00080	1038	15378
PROTON	GLUTAMINESYN-RXN	PWY-6964	right	H +	C00080	1038	15378
PROTON	TYRAMINE-N-FERULOYLTRANSFERASE-RXN	PWY-5474	right	H +	C00080	1038	15378
PROTON	RXN-18349	PWY-641	left	H +	C00080	1038	15378
PROTON	RXN-9747	PWY-6051	right	H +	C00080	1038	15378
PROTON	RXN0-884	PWY-7560	right	H +	C00080	1038	15378
PROTON	RXN-12299	PWY-5410	right	H +	C00080	1038	15378
PROTON	THIAMIN-PYROPHOSPHOKINASE-RXN	PWY-6908	right	H +	C00080	1038	15378
PROTON	RXN-14639	PWY-7298	right	H +	C00080	1038	15378
PROTON	RXN-7686	PWY-6787	right	H +	C00080	1038	15378
PROTON	ACETYLSEROTONIN-O-METHYLTRANSFERASE-RXN	PWY-8475	right	H +	C00080	1038	15378
PROTON	RXN-9538	PWY-8279	right	H +	C00080	1038	15378
PROTON	RXN-9536	PWY-8279	right	H +	C00080	1038	15378
PROTON	RXN-7997	PWY-5139	right	H +	C00080	1038	15378
PROTON	GLUC1PURIDYLTRANS-RXN	PWY-3801	left	H +	C00080	1038	15378
PROTON	PNKIN-RXN	PWY-7204	right	H +	C00080	1038	15378
PROTON	RXN-2962	PWY-1801	right	H +	C00080	1038	15378
PROTON	RXN-14422	PWY-7252	right	H +	C00080	1038	15378
PROTON	RXN-17472	PWY0-1507	left	H +	C00080	1038	15378
PROTON	NITRATE-REDUCTASE-NADH-RXN	PWY4LZ-283	right	H +	C00080	1038	15378
PROTON	RXN0-882	PWY-7560	right	H +	C00080	1038	15378
PROTON	RXN-10451	PWY-7859	right	H +	C00080	1038	15378
PROTON	RXN-8684	PWY-5466	right	H +	C00080	1038	15378
PROTON	ATPSYN-RXN	PWY-7980	right	H +	C00080	1038	15378
PROTON	RXN-2562	PWY-1422	right	H +	C00080	1038	15378
PROTON	RXN-8683	PWY-5466	right	H +	C00080	1038	15378
PROTON	RXN-5781	PWY3O-450	right	H +	C00080	1038	15378
PROTON	RXN-6161	PWY-5486	left	H +	C00080	1038	15378
PROTON	RXN-9743	PWY-6051	right	H +	C00080	1038	15378
PROTON	RXN-9523	PWY-8279	left	H +	C00080	1038	15378
PROTON	GLUTAMINESYN-RXN	GLNSYN-PWY	right	H +	C00080	1038	15378
PROTON	RXN-8714	PWY-5474	right	H +	C00080	1038	15378
PROTON	MYO-INOSITOL-OXYGENASE-RXN	PWY-8142	right	H +	C00080	1038	15378
PROTON	RXN-5781	PWY4FS-2	right	H +	C00080	1038	15378
PROTON	GLYCEROL-KIN-RXN	PWY-4261	right	H +	C00080	1038	15378
PROTON	1.2.1.9-RXN	PWY-1042	right	H +	C00080	1038	15378
PROTON	HOMOGENTISATE-12-DIOXYGENASE-RXN	TYRFUMCAT-PWY	right	H +	C00080	1038	15378
PROTON	RXN0-5224	PWY-241	left	H +	C00080	1038	15378
PROTON	RXN1F-66	PWY-5068	left	H +	C00080	1038	15378
PROTON	TRIACYLGLYCEROL-LIPASE-RXN	LIPAS-PWY	right	H +	C00080	1038	15378
PROTON	RXN-4733	PWY-2881	right	H +	C00080	1038	15378
PROTON	RXN-13521	PWY-7071	right	H +	C00080	1038	15378
PROTON	RXN-14237	PWY-7212	left	H +	C00080	1038	15378
PROTON	TRANS-RXN0-444	PWY-5698	left	H +	C00080	1038	15378
PROTON	RXN-7569	PWY-5027	right	H +	C00080	1038	15378
PROTON	1.1.1.178-RXN	ILEUDEG-PWY	right	H +	C00080	1038	15378
PROTON	RXNQT-4397	PWY-6546	right	H +	C00080	1038	15378
PROTON	SUCROSE-SYNTHASE-RXN	PWY-3801	right	H +	C00080	1038	15378
PROTON	PHOSPHASERSYN-RXN	PHOSLIPSYN2-PWY	right	H +	C00080	1038	15378
PROTON	RXN-11625	PWY-6577	right	H +	C00080	1038	15378
PROTON	RXN-8305	PWY-782	left	H +	C00080	1038	15378
PROTON	SPONTPRO-RXN	PROSYN-PWY	left	H +	C00080	1038	15378
PROTON	RXN-7658	PWY-5063	right	H +	C00080	1038	15378
PROTON	PHOSPHASERSYN-RXN	PWY-5669	right	H +	C00080	1038	15378
PROTON	RXN-7659	PWY-5063	right	H +	C00080	1038	15378
PROTON	P-PANTOCYSDECARB-RXN	COA-PWY	left	H +	C00080	1038	15378
PROTON	DIHYDROFOLATEREDUCT-RXN	PWY-3841	right	H +	C00080	1038	15378
PROTON	RXN-4282	PWY18C3-1	right	H +	C00080	1038	15378
PROTON	GLUTAMIDOTRANS-RXN	HISTSYN-PWY	right	H +	C00080	1038	15378
PROTON	NADH-DEHYDROG-A-RXN	PWY-5083	left	H +	C00080	1038	15378
PROTON	5-OXOPROLINASE-ATP-HYDROLYSING-RXN	PWY-7942	right	H +	C00080	1038	15378
PROTON	2.4.1.114-RXN	PWY-5176	right	H +	C00080	1038	15378
PROTON	RXN-7184	PWY-6554	right	H +	C00080	1038	15378
PROTON	RXN-8309	PWY-782	left	H +	C00080	1038	15378
PROTON	RXN-13202	PWY-4984	right	H +	C00080	1038	15378
PROTON	RXN-11209	PWY-6430	right	H +	C00080	1038	15378
PROTON	RXN-9555	PWY-5973	right	H +	C00080	1038	15378
PROTON	TRANS-RXN-206	PWY-6237	left	H +	C00080	1038	15378
PROTON	RXN-8308	PWY-782	left	H +	C00080	1038	15378
PROTON	GLUC1PURIDYLTRANS-RXN	PWY-7238	left	H +	C00080	1038	15378
PROTON	RXN0-949	PWY0-501	left	H +	C00080	1038	15378
PROTON	RXN-15188	PWY-7430	left	H +	C00080	1038	15378
PROTON	NAD-KIN-RXN	PWY-5083	right	H +	C00080	1038	15378
PROTON	RXN-7202	PWY-4661	right	H +	C00080	1038	15378
PROTON	RXN-19688	PWY-5774	right	H +	C00080	1038	15378
PROTON	RXN-14188	PWY-7206	right	H +	C00080	1038	15378
PROTON	1.3.1.2-RXN	PWY-3982	right	H +	C00080	1038	15378
PROTON	RXN-10740	PWY-3261	right	H +	C00080	1038	15378
PROTON	RXN-8319	PWY-762	left	H +	C00080	1038	15378
PROTON	GCVP-RXN	GLYCLEAV-PWY	left	H +	C00080	1038	15378
PROTON	1.14.18.2-RXN	PWY-6144	left	H +	C00080	1038	15378
PROTON	RXN-7163	PWY-4541	right	H +	C00080	1038	15378
PROTON	ALCOHOL-DEHYDROG-RXN	PWY-6333	right	H +	C00080	1038	15378
PROTON	RXN-24911	PWY-5872	left	H +	C00080	1038	15378
PROTON	RXN-7203	PWY-4661	right	H +	C00080	1038	15378
PROTON	RXN-9084	PWY-6219	right	H +	C00080	1038	15378
PROTON	RXN0-5224	PWYQT-4429	left	H +	C00080	1038	15378
PROTON	RXN-9666	PWY-321	right	H +	C00080	1038	15378
PROTON	RXN-9285	PWY-5872	left	H +	C00080	1038	15378
PROTON	H2PTERIDINEPYROPHOSPHOKIN-RXN	PWY-6147	right	H +	C00080	1038	15378
PROTON	RXN-9653	PWY66-430	left	H +	C00080	1038	15378
PROTON	RXN-8317	PWY-762	left	H +	C00080	1038	15378
PROTON	NICONUCADENYLYLTRAN-RXN	PYRIDNUCSYN-PWY	left	H +	C00080	1038	15378
PROTON	RXN-9635	PWY-5989	right	H +	C00080	1038	15378
PROTON	2.7.7.14-RXN	PWY4FS-6	left	H +	C00080	1038	15378
PROTON	GLUCOKIN-RXN	UDPNACETYLGALSYN-PWY	right	H +	C00080	1038	15378
PROTON	RXN-8316	PWY-762	left	H +	C00080	1038	15378
PROTON	AIRS-RXN	PWY-6121	right	H +	C00080	1038	15378
PROTON	DEOXYCYTIDINE-KINASE-RXN	PWY-7199	right	H +	C00080	1038	15378
PROTON	DUTP-PYROP-RXN	PWY-7187	right	H +	C00080	1038	15378
PROTON	SERINE-C-PALMITOYLTRANSFERASE-RXN	PWY-5129	left	H +	C00080	1038	15378
PROTON	RXN-9633	PWY-8280	right	H +	C00080	1038	15378
PROTON	RXN-9628	PWY-6465	right	H +	C00080	1038	15378
PROTON	DUTP-PYROP-RXN	PWY-7184	right	H +	C00080	1038	15378
PROTON	RXN-13298	PWY-7036	right	H +	C00080	1038	15378
PROTON	AIRCARBOXY-RXN	PWY-6124	left	H +	C00080	1038	15378
PROTON	AMP-DEAMINASE-RXN	PWY-6596	left	H +	C00080	1038	15378
PROTON	RXN-15350	PWY-7458	right	H +	C00080	1038	15378
PROTON	3.1.1.82-RXN	PWY-5098	left	H +	C00080	1038	15378
PROTON	RXN-9589	PWY-5980	right	H +	C00080	1038	15378
PROTON	RXN-9515	PWY66-430	right	H +	C00080	1038	15378
PROTON	2.4.1.123-RXN	PWY-5337	right	H +	C00080	1038	15378
PROTON	RXN-8367	PWY-782	left	H +	C00080	1038	15378
PROTON	RXN-23336	PWY-5410	right	H +	C00080	1038	15378
PROTON	RXN-600	PWY1F-823	right	H +	C00080	1038	15378
PROTON	METHENYLTHFCYCLOHYDRO-RXN	PWY-7909	right	H +	C00080	1038	15378
PROTON	PYRIDOXINE-4-DEHYDROGENASE-RXN	PWY-7204	right	H +	C00080	1038	15378
PROTON	SUCROSE-PHOSPHATE-SYNTHASE-RXN	PWY-7238	right	H +	C00080	1038	15378
PROTON	2.7.1.148-RXN	PWY-7560	right	H +	C00080	1038	15378
PROTON	RXN-1725	PWY-762	left	H +	C00080	1038	15378
PROTON	PHOSPHASERDECARB-RXN	PWY-5669	left	H +	C00080	1038	15378
PROTON	RXN-14917	PWY-7436	right	H +	C00080	1038	15378
PROTON	RXN-7741	PWY-5098	right	H +	C00080	1038	15378
PROTON	PYRUVATEORTHOPHOSPHATE-DIKINASE-RXN	PWY-7115	right	H +	C00080	1038	15378
PROTON	RXN-9532	PWY-8279	right	H +	C00080	1038	15378
PROTON	RXN-8363	PWY-782	left	H +	C00080	1038	15378
PROTON	R147-RXN	PWY-4361	right	H +	C00080	1038	15378
PROTON	PYRUVATEORTHOPHOSPHATE-DIKINASE-RXN	PWY-241	right	H +	C00080	1038	15378
PROTON	HOLO-ACP-SYNTH-RXN	PWY-6012	right	H +	C00080	1038	15378
PROTON	RXN-4728	PWY-2901	right	H +	C00080	1038	15378
PROTON	PYRAMKIN-RXN	PWY-7204	right	H +	C00080	1038	15378
PROTON	PYRIDOXKIN-RXN	PWY-7204	right	H +	C00080	1038	15378
PROTON	RXN-14635	PWY-7298	right	H +	C00080	1038	15378
PROTON	RXN-9939	PWY-6117	right	H +	C00080	1038	15378
PROTON	RXN-11396	PWY-6502	right	H +	C00080	1038	15378
PROTON	NAG1P-URIDYLTRANS-RXN	UDPNACETYLGALSYN-PWY	left	H +	C00080	1038	15378
PROTON	THI-P-SYN-RXN	PWY-6908	left	H +	C00080	1038	15378
PROTON	RXN-7686	PWY-5060	right	H +	C00080	1038	15378
PROTON	RXN-8328	PWY-762	left	H +	C00080	1038	15378
PROTON	RXN-4144	PWY-2541	right	H +	C00080	1038	15378
PROTON	RXN-9703	PWY-6710	left	H +	C00080	1038	15378
PROTON	RXN-6524	PWY-5035	left	H +	C00080	1038	15378
PROTON	RXN-5642	PWY4FS-2	right	H +	C00080	1038	15378
PROTON	RXN-5781	PWY-3561	right	H +	C00080	1038	15378
PROTON	RXN-8313	PWY-782	left	H +	C00080	1038	15378
PROTON	3-HYDROXYISOBUTYRYL-COA-HYDROLASE-RXN	VALDEG-PWY	right	H +	C00080	1038	15378
PROTON	S-FORMYLGLUTATHIONE-HYDROLASE-RXN	PWY-1801	right	H +	C00080	1038	15378
PROTON	RXN-8327	PWY-762	left	H +	C00080	1038	15378
PROTON	TYROSINE-N-MONOOXYGENASE-RXN	PWY-861	right	H +	C00080	1038	15378
PROTON	RXN-7830	PWY-5139	right	H +	C00080	1038	15378
PROTON	RXN1F-101	PWY-5035	right	H +	C00080	1038	15378
PROTON	FERRIC-CHELATE-REDUCTASE-RXN	PWY-5934	left	H +	C00080	1038	15378
PROTON	RXN-1062	PWY-321	left	H +	C00080	1038	15378
PROTON	THIOREDOXIN-REDUCT-NADPH-RXN	THIOREDOX-PWY	right	H +	C00080	1038	15378
PROTON	RXN-5643	PWY4FS-2	right	H +	C00080	1038	15378
PROTON	OCTADECANAL-DECARBONYLASE-RXN	PWY-6622	left	H +	C00080	1038	15378
PROTON	PHOSCHOL-RXN	PWY-7039	right	H +	C00080	1038	15378
PROTON	RXN-4736	PWY-2881	right	H +	C00080	1038	15378
PROTON	RXN-4229	PWY-2582	right	H +	C00080	1038	15378
PROTON	FUCOKINASE-RXN	PWY-6	right	H +	C00080	1038	15378
PROTON	TRANS-RXN0-444	PWY-5698	right	H +	C00080	1038	15378
PROTON	RXN-15065	PWY-7416	right	H +	C00080	1038	15378
PROTON	2.1.1.103-RXN	PWY4FS-2	right	H +	C00080	1038	15378
PROTON	RXN-10692	PWY-641	right	H +	C00080	1038	15378
PROTON	DXS-RXN	PWY-7560	left	H +	C00080	1038	15378
PROTON	1.14.13.70-RXN	PWY-2541	right	H +	C00080	1038	15378
PROTON	RXN-14903	PROUT-PWY	right	H +	C00080	1038	15378
PROTON	RXN-20440	PWY18C3-1	left	H +	C00080	1038	15378
PROTON	RXN-8698	PWY-5470	left	H +	C00080	1038	15378
PROTON	RXN-20438	PWY18C3-1	right	H +	C00080	1038	15378
PROTON	2.7.7.13-RXN	PWY-5659	left	H +	C00080	1038	15378
PROTON	1.1.1.34-RXN	PWY-922	right	H +	C00080	1038	15378
PROTON	RXN-12295	PWY-6786	left	H +	C00080	1038	15378
PROTON	PHOSPHOLIPASE-C-RXN	LIPASYN-PWY	right	H +	C00080	1038	15378
PROTON	RXN-6102	PWY-3742	right	H +	C00080	1038	15378
PROTON	RXN-18482	PWY-7859	right	H +	C00080	1038	15378
PROTON	2.7.7.15-RXN	PWY3O-450	left	H +	C00080	1038	15378
PROTON	RXN-9662	PWY-5971	right	H +	C00080	1038	15378
PROTON	L-3-CYANOALANINE-SYNTHASE-RXN	ASPSYNII-PWY	right	H +	C00080	1038	15378
PROTON	RXN-8322	PWY-762	left	H +	C00080	1038	15378
PROTON	RXN3O-218	PWY-2541	left	H +	C00080	1038	15378
PROTON	RXN-292	PWY-102	right	H +	C00080	1038	15378
PROTON	PEPDEPHOS-RXN	GLYCOLYSIS	right	H +	C00080	1038	15378
PROTON	DIHYDROFOLATEREDUCT-RXN	PWY66-385	right	H +	C00080	1038	15378
PROTON	RXN-11211	PWY-6430	right	H +	C00080	1038	15378
PROTON	RXN-24916	PWY-5872	left	H +	C00080	1038	15378
PROTON	RXN-9526	PWY66-430	right	H +	C00080	1038	15378
PROTON	RXN-15187	PWY-7430	right	H +	C00080	1038	15378
PROTON	DIACYLGLYKIN-RXN	PWY-7039	right	H +	C00080	1038	15378
PROTON	NAD-KIN-RXN	PWY-8148	right	H +	C00080	1038	15378
PROTON	RXN4FS-2	PWY4FS-4	right	H +	C00080	1038	15378
PROTON	RXN-8629	GLYCLEAV-PWY	right	H +	C00080	1038	15378
PROTON	RXN-10457	PWY-6233	right	H +	C00080	1038	15378
PROTON	RXN-5282	CHLOROPHYLL-SYN	left	H +	C00080	1038	15378
PROTON	RXN-9659	PWY-5971	right	H +	C00080	1038	15378
PROTON	RXN-7902	PWY-5142	right	H +	C00080	1038	15378
PROTON	RXN4FS-3	PWY4FS-4	left	H +	C00080	1038	15378
PROTON	RXN-16405	PWY-6733	left	H +	C00080	1038	15378
PROTON	HISTALDEHYD-RXN	HISTSYN-PWY	right	H +	C00080	1038	15378
PROTON	GUANINE-DEAMINASE-RXN	PWY-6606	left	H +	C00080	1038	15378
PROTON	DIHYDROFOLATESYNTH-RXN	PWY-3742	right	H +	C00080	1038	15378
PROTON	MMUM-RXN	PWY-5441	right	H +	C00080	1038	15378
PROTON	RXN-20442	PWY18C3-1	right	H +	C00080	1038	15378
PROTON	RXN-8303	PWY-782	left	H +	C00080	1038	15378
PROTON	1.2.4.4-RXN	PWY-5046	left	H +	C00080	1038	15378
PROTON	SHIKIMATE-5-DEHYDROGENASE-RXN	PWY-6163	right	H +	C00080	1038	15378
PROTON	3.1.4.11-RXN	LIPASYN-PWY	right	H +	C00080	1038	15378
PROTON	ASPARTATE-SEMIALDEHYDE-DEHYDROGENASE-RXN	PWY-5097	right	H +	C00080	1038	15378
PROTON	RXN-12195	PWY-7185	right	H +	C00080	1038	15378
PROTON	RXN-13301	PWY-7036	right	H +	C00080	1038	15378
PROTON	RXN-8318	PWY-762	left	H +	C00080	1038	15378
PROTON	GAPOXNPHOSPHN-RXN	PWY-1042	right	H +	C00080	1038	15378
PROTON	OHACYL-COA-DEHYDROG-RXN	PWY-5136	right	H +	C00080	1038	15378
PROTON	RXN0-5224	CYANCAT-PWY	left	H +	C00080	1038	15378
PROTON	RXN-11371	PWY-7546	right	H +	C00080	1038	15378
PROTON	RXN-3163	PWY-1921	right	H +	C00080	1038	15378
PROTON	RXNQT-4300	PWY-6909	right	H +	C00080	1038	15378
PROTON	GLUTAMATE-SYNTHASE-NADH-RXN	PWY4LZ-81	right	H +	C00080	1038	15378
PROTON	1.1.1.285-RXN	PWY-5912	right	H +	C00080	1038	15378
PROTON	SUCCINATE-SEMIALDEHYDE-DEHYDROGENASE-RXN	PWY-6535	right	H +	C00080	1038	15378
PROTON	IGPSYN-RXN	TRPSYN-PWY	left	H +	C00080	1038	15378
PROTON	PHOSPHORIBULOKINASE-RXN	PWY-5723	right	H +	C00080	1038	15378
PROTON	HOMOSERKIN-RXN	PWY-702	right	H +	C00080	1038	15378
PROTON	2.1.1.143-RXN	PWY-2541	right	H +	C00080	1038	15378
PROTON	RIBOFLAVINKIN-RXN	RIBOSYN2-PWY	right	H +	C00080	1038	15378
PROTON	RXN-12196	PWY-5687	right	H +	C00080	1038	15378
PROTON	RXN0-901	PWY-6607	right	H +	C00080	1038	15378
PROTON	GLUTAMATE-SYNTHASE-NADH-RXN	PWY-6963	right	H +	C00080	1038	15378
PROTON	ASNSYNB-RXN	ASPARAGINE-BIOSYNTHESIS	right	H +	C00080	1038	15378
PROTON	2.7.1.151-RXN	PWY-4541	right	H +	C00080	1038	15378
PROTON	RXN-14116	ARGASEDEG-PWY	right	H +	C00080	1038	15378
PROTON	RXN-19659	CITRULLINE-DEG-PWY	left	H +	C00080	1038	15378
PROTON	RXN-14918	PWY-7436	right	H +	C00080	1038	15378
PROTON	RXN-13296	PWY-7036	left	H +	C00080	1038	15378
PROTON	H2NEOPTERINP3PYROPHOSPHOHYDRO-RXN	PWY-6147	right	H +	C00080	1038	15378
PROTON	GLUCONOLACT-RXN	GLUCOSE1PMETAB-PWY	right	H +	C00080	1038	15378
PROTON	3.5.5.4-RXN	ASPSYNII-PWY	left	H +	C00080	1038	15378
PROTON	RXN-6425	PWY-6440	right	H +	C00080	1038	15378
PROTON	CYTIDEAM2-RXN	PWY-7193	left	H +	C00080	1038	15378
PROTON	RXN-9648	PWY66-430	left	H +	C00080	1038	15378
PROTON	RXN-8392	PWY-5368	left	H +	C00080	1038	15378
PROTON	RXN-9748	PWY-6051	right	H +	C00080	1038	15378
PROTON	RXN-8330	PWY-762	left	H +	C00080	1038	15378
PROTON	TRANS-RXN-172	PWY-5937	left	H +	C00080	1038	15378
PROTON	RXN-12198	PWY-7185	right	H +	C00080	1038	15378
PROTON	RXN-20781	PWY-8076	right	H +	C00080	1038	15378
PROTON	GLYRIBONUCSYN-RXN	PWY-6121	right	H +	C00080	1038	15378
PROTON	RXN-18349	PWY-5125	left	H +	C00080	1038	15378
PROTON	ISPH2-RXN	PWY-7560	right	H +	C00080	1038	15378
PROTON	RXN-11151	PWY-8143	right	H +	C00080	1038	15378
PROTON	GLYC3PDEHYDROGBIOSYN-RXN	PWY0-1319	right	H +	C00080	1038	15378
PROTON	RXN-8678	PWY-5466	right	H +	C00080	1038	15378
PROTON	CDPDIGLYSYN-RXN	PWY-5667	left	H +	C00080	1038	15378
PROTON	RXN-14929	PWY-7436	left	H +	C00080	1038	15378
PROTON	RXN-8329	PWY-762	left	H +	C00080	1038	15378
PROTON	RXN-4735	PWY-2902	right	H +	C00080	1038	15378
PROTON	ARGSUCCINSYN-RXN	PWY-4984	right	H +	C00080	1038	15378
PROTON	RXN-5642	PWY4FS-4	right	H +	C00080	1038	15378
PROTON	RXN-9538	PWY66-430	right	H +	C00080	1038	15378
PROTON	GLUCOSAMINEPNACETYLTRANS-RXN	UDPNACETYLGALSYN-PWY	right	H +	C00080	1038	15378
PROTON	RXN-9669	PWY-5995	left	H +	C00080	1038	15378
PROTON	RETICULINE-OXIDASE-RXN	PWY-5470	right	H +	C00080	1038	15378
PROTON	RXN-4726	PWY-2902	right	H +	C00080	1038	15378
PROTON	RXN-7835	PWY-5138	right	H +	C00080	1038	15378
PROTON	RXN-9745	PWY-6051	right	H +	C00080	1038	15378
PROTON	GLUC1PURIDYLTRANS-RXN	PWYQT-4466	left	H +	C00080	1038	15378
PROTON	RXN-20131	PWY-2541	right	H +	C00080	1038	15378
PROTON	RXN-9518	PWY66-430	right	H +	C00080	1038	15378
PROTON	RXN-7737	PWY-5097	right	H +	C00080	1038	15378
PROTON	1.10.2.2-RXN	PWY-3781	right	H +	C00080	1038	15378
PROTON	GLUTAMIN-RXN	CITRULBIO-PWY	right	H +	C00080	1038	15378
PROTON	RXN-19689	PWY-5774	right	H +	C00080	1038	15378
PROTON	RXN-7952	LIPAS-PWY	right	H +	C00080	1038	15378
PROTON	DIHYDRODIPICSYN-RXN	PWY-5097	right	H +	C00080	1038	15378
PROTON	RXN-9549	PWY-8279	right	H +	C00080	1038	15378
PROTON	RXN-19723	PWY-2541	left	H +	C00080	1038	15378
PROTON	RXN-1602	LIPAS-PWY	right	H +	C00080	1038	15378
PROTON	GLUTATHIONE-REDUCT-NADPH-RXN	PWY-4081	right	H +	C00080	1038	15378
PROTON	N-ACETYLGLUTPREDUCT-RXN	GLUTORN-PWY	right	H +	C00080	1038	15378
PROTON	RXN-19724	PWY-2541	left	H +	C00080	1038	15378
PROTON	DXS-RXN	NONMEVIPP-PWY	left	H +	C00080	1038	15378
PROTON	RXN-22408	PWY-8270	right	H +	C00080	1038	15378
PROTON	1.3.7.4-RXN	PWY-7170	right	H +	C00080	1038	15378
PROTON	RXN-9524	PWY-8279	right	H +	C00080	1038	15378
PROTON	MEVALONATE-KINASE-RXN	PWY-922	right	H +	C00080	1038	15378
PROTON	N-ACETYLGLUTPREDUCT-RXN	ARGSYNBSUB-PWY	right	H +	C00080	1038	15378
PROTON	FARNESOL-DEHYDROGENASE-RXN	PWY-6577	right	H +	C00080	1038	15378
PROTON	GLUTAMINESYN-RXN	ARGSYNBSUB-PWY	right	H +	C00080	1038	15378
PROTON	PALMITOYL-COA-HYDROLASE-RXN	PWY-6733	right	H +	C00080	1038	15378
PROTON	RXN-9038	PWY-5774	right	H +	C00080	1038	15378
PROTON	RXN-19022	PWY-7942	right	H +	C00080	1038	15378
PROTON	RXN-9540	PWY-8279	right	H +	C00080	1038	15378
PROTON	PEPDEPHOS-RXN	PWY-5723	right	H +	C00080	1038	15378
PROTON	RXN-11341	PWY-5129	left	H +	C00080	1038	15378
PROTON	RXN-7711	PWY-5080	right	H +	C00080	1038	15378
PROTON	RXN-3521	PWY-2261	left	H +	C00080	1038	15378
PROTON	N-ACETYLTRANSFER-RXN	GLUTORN-PWY	right	H +	C00080	1038	15378
PROTON	RXN-10693	PWY-641	right	H +	C00080	1038	15378
PROTON	RXN-7698	PWY-5080	right	H +	C00080	1038	15378
PROTON	RXN1F-164	PWY-5070	right	H +	C00080	1038	15378
PROTON	RXN0-1134	PYRUVDEHYD-PWY	left	H +	C00080	1038	15378
PROTON	RXN-8304	PWY-782	left	H +	C00080	1038	15378
PROTON	SPONTPRO-RXN	CITRULBIO-PWY	left	H +	C00080	1038	15378
PROTON	RXN-16408	PWY-6733	left	H +	C00080	1038	15378
PROTON	N-ACETYLTRANSFER-RXN	ARGSYNBSUB-PWY	right	H +	C00080	1038	15378
PROTON	RXN-8321	PWY-762	left	H +	C00080	1038	15378
PROTON	TRANS-RXN-207	PWY-6237	right	H +	C00080	1038	15378
PROTON	RXN-16406	PWY-6733	right	H +	C00080	1038	15378
PROTON	DEOXYGUANOSINE-KINASE-RXN	PWY-7224	right	H +	C00080	1038	15378
PROTON	RXN0-5222	PWY-5704	left	H +	C00080	1038	15378
PROTON	RXN-10459	PWY-6233	right	H +	C00080	1038	15378
PROTON	GALACTONOLACTONE-DEHYDROGENASE-RXN	PWY-882	right	H +	C00080	1038	15378
PROTON	MYO-INOSITOL-1-KINASE-RXN	PWY-4661	right	H +	C00080	1038	15378
PROTON	RIBOFLAVINSYNREDUC-RXN	RIBOSYN2-PWY	right	H +	C00080	1038	15378
PROTON	RXN-1021	PWY-282	right	H +	C00080	1038	15378
PROTON	RXN-13513	PWY-7071	right	H +	C00080	1038	15378
PROTON	RXN4FS-4	PWY4FS-4	right	H +	C00080	1038	15378
PROTON	RXN-9290	PWY-7477	right	H +	C00080	1038	15378
PROTON	RXN-8026	PWY-5944	left	H +	C00080	1038	15378
PROTON	RXN-16416	PWY-321	right	H +	C00080	1038	15378
PROTON	RXN-13511	PWY-7071	right	H +	C00080	1038	15378
PROTON	SULFITE-REDUCTASE-FERREDOXIN-RXN	SULFMETII-PWY	right	H +	C00080	1038	15378
PROTON	GALACTOKIN-RXN	PWY-3821	right	H +	C00080	1038	15378
PROTON	MALATE-DEH-RXN	PWY-7115	right	H +	C00080	1038	15378
PROTON	DTDPGLUCOSEPP-RXN	DTDPRHAMSYN-PWY	left	H +	C00080	1038	15378
PROTON	RXN-16403	PWY-6733	left	H +	C00080	1038	15378
PROTON	2.4.2.34-RXN	PWY-1741	right	H +	C00080	1038	15378
PROTON	RXN-15776	PWY-7546	right	H +	C00080	1038	15378
PROTON	RXN-5641	PWY-3385	left	H +	C00080	1038	15378
PROTON	RXN-11929	PWY-2541	right	H +	C00080	1038	15378
PROTON	RXN-14425	PWY-7253	right	H +	C00080	1038	15378
PROTON	RXN-22911	PWY-8341	right	H +	C00080	1038	15378
PROTON	SULFATE-ADENYLYLTRANS-RXN	SULFMETII-PWY	left	H +	C00080	1038	15378
PROTON	RXN-7652	PWY-6787	right	H +	C00080	1038	15378
PROTON	1-PHOSPHATIDYLINOSITOL-KINASE-RXN	PWY-6351	right	H +	C00080	1038	15378
PROTON	FORMYLTHFDEFORMYL-RXN	PWY-7909	right	H +	C00080	1038	15378
PROTON	SHIKIMATE-KINASE-RXN	PWY-6163	right	H +	C00080	1038	15378
PROTON	PHOSPHORIBULOKINASE-RXN	CALVIN-PWY	right	H +	C00080	1038	15378
PROTON	RXN-7163	PWY-6554	right	H +	C00080	1038	15378
PROTON	RXN-9652	PWY66-430	left	H +	C00080	1038	15378
PROTON	2.7.1.153-RXN	PWY-6352	right	H +	C00080	1038	15378
PROTON	RXN-2602	PWY-361	right	H +	C00080	1038	15378
PROTON	RIBULOSE-BISPHOSPHATE-CARBOXYLASE-RXN	PWY-5723	left	H +	C00080	1038	15378
PROTON	1-PHOSPHATIDYLINOSITOL-KINASE-RXN	PWY-6352	right	H +	C00080	1038	15378
PROTON	RXN-15465	PWY-7489	right	H +	C00080	1038	15378
PROTON	RXN66-281	PWY-5670	left	H +	C00080	1038	15378
PROTON	RIBULOSE-BISPHOSPHATE-CARBOXYLASE-RXN	CALVIN-PWY	left	H +	C00080	1038	15378
PROTON	RXN-9527	PWY-5971	left	H +	C00080	1038	15378
PROTON	2.7.7.60-RXN	NONMEVIPP-PWY	left	H +	C00080	1038	15378
PROTON	RXN-6861	PWY-4281	right	H +	C00080	1038	15378
PROTON	RXN-2947	PWY-6219	right	H +	C00080	1038	15378
PROTON	RXN1F-93	PWY-3101	right	H +	C00080	1038	15378
PROTON	ADENYLOSUCCINATE-SYNTHASE-RXN	PWY-7219	right	H +	C00080	1038	15378
PROTON	RXN-5961	PWY-5947	left	H +	C00080	1038	15378
PROTON	RXN-9751	PWY-6051	right	H +	C00080	1038	15378
PROTON	GART-RXN	PWY-6121	right	H +	C00080	1038	15378
PROTON	RXN0-901	PWY4LZ-81	right	H +	C00080	1038	15378
PROTON	GLUTDECARBOX-RXN	PWY-4321	left	H +	C00080	1038	15378
PROTON	RXN-5469	MANNOSYL-CHITO-DOLICHOL-BIOSYNTHESIS	right	H +	C00080	1038	15378
PROTON	RXN0-4281	PWY-5453	right	H +	C00080	1038	15378
PROTON	MANNOSE-6-PHOSPHATE-6-REDUCTASE-RXN	PWY-3881	right	H +	C00080	1038	15378
PROTON	CAFFEOYL-COA-O-METHYLTRANSFERASE-RXN	PWY-6792	right	H +	C00080	1038	15378
PROTON	ORNDECARBOX-RXN	PWY-46	left	H +	C00080	1038	15378
PROTON	RXN-14657	PWY-7298	left	H +	C00080	1038	15378
PROTON	RXN0-4281	PWY-6786	right	H +	C00080	1038	15378
PROTON	METHENYLTHFCYCLOHYDRO-RXN	PWY-3742	right	H +	C00080	1038	15378
PROTON	RXN-4621	PWY-2841	left	H +	C00080	1038	15378
PROTON	RXN-14570	PWY0-1587	right	H +	C00080	1038	15378
PROTON	RXN-8141	PWY-5269	right	H +	C00080	1038	15378
PROTON	RXN-9516	PWY-8279	left	H +	C00080	1038	15378
PROTON	CITSYN-RXN	PWY-5690	right	H +	C00080	1038	15378
PROTON	RXN-11467	PWY-6515	right	H +	C00080	1038	15378
PROTON	1.2.3.14-RXN	PWY-695	right	H +	C00080	1038	15378
PROTON	RXN-1125	PWY-361	right	H +	C00080	1038	15378
PROTON	GLUTAMINESYN-RXN	PWY4LZ-283	right	H +	C00080	1038	15378
PROTON	OXALYL-COA-DECARBOXYLASE-RXN	PWY-7985	left	H +	C00080	1038	15378
PROTON	ACETOLACTSYN-RXN	VALSYN-PWY	left	H +	C00080	1038	15378
PROTON	RXN-5466	MANNOSYL-CHITO-DOLICHOL-BIOSYNTHESIS	right	H +	C00080	1038	15378
PROTON	3.1.4.14-RXN	PWY-6012	right	H +	C00080	1038	15378
PROTON	UROPORIIIMETHYLTRANSA-RXN	PWY-5194	right	H +	C00080	1038	15378
PROTON	RXN-14238	PWY-7212	right	H +	C00080	1038	15378
PROTON	RXN-1102	PWY-361	right	H +	C00080	1038	15378
PROTON	RXN-9542	PWY-8279	right	H +	C00080	1038	15378
PROTON	RXN-8295	PWY-782	left	H +	C00080	1038	15378
PROTON	DIAMINOPIMDECARB-RXN	PWY-5097	left	H +	C00080	1038	15378
PROTON	RXN-7676	PWY-5068	left	H +	C00080	1038	15378
PROTON	ORNCARBAMTRANSFER-RXN	PWY-4984	right	H +	C00080	1038	15378
PROTON	RXN-8326	PWY-762	left	H +	C00080	1038	15378
PROTON	RXN66-555	PWY-7851	right	H +	C00080	1038	15378
PROTON	PHOSPHAGLYPSYN-RXN	PWY4FS-7	right	H +	C00080	1038	15378
PROTON	GLUC1PADENYLTRANS-RXN	PWY-622	left	H +	C00080	1038	15378
PROTON	RXN-9703	PWY-6014	left	H +	C00080	1038	15378
PROTON	RXN-17699	PWY-641	right	H +	C00080	1038	15378
PROTON	RXN-8715	PWY-5474	right	H +	C00080	1038	15378
PROTON	PHOSPHAGLYPSYN-RXN	PWY-5269	right	H +	C00080	1038	15378
PROTON	2.7.7.30-RXN	PWY-6	left	H +	C00080	1038	15378
PROTON	FUMARYLACETOACETASE-RXN	TYRFUMCAT-PWY	right	H +	C00080	1038	15378
PROTON	RXN-11755	PWY-7212	right	H +	C00080	1038	15378
PROTON	THIOSULFATE-SULFURTRANSFERASE-RXN	PWY-5350	right	H +	C00080	1038	15378
PROTON	RXN-7828	PWY-5268	right	H +	C00080	1038	15378
PROTON	RXN-9534	PWY66-430	right	H +	C00080	1038	15378
PROTON	BADH-RXN	PWY1F-353	right	H +	C00080	1038	15378
PROTON	2.1.1.64-RXN	PWY-5871	right	H +	C00080	1038	15378
PROTON	RXN-22408	PWY-8270	left	H +	C00080	1038	15378
PROTON	RXN-14250	PWY-5129	left	H +	C00080	1038	15378
PROTON	RXN-8306	PWY-782	left	H +	C00080	1038	15378
PROTON	RXN-7828	PWY-5139	right	H +	C00080	1038	15378
PROTON	ORNCARBAMTRANSFER-RXN	PWY-7060	right	H +	C00080	1038	15378
PROTON	PYRROLINECARBREDUCT-RXN	PWY-3341	right	H +	C00080	1038	15378
PROTON	2.4.1.115-RXN	PWY-5125	right	H +	C00080	1038	15378
PROTON	RXN-3	PWY-4	left	H +	C00080	1038	15378
PROTON	RXN-6321	PWY-3841	right	H +	C00080	1038	15378
PROTON	RXNQT-4141	PWY-882	right	H +	C00080	1038	15378
PROTON	PGLYCDEHYDROG-RXN	SERSYN-PWY	right	H +	C00080	1038	15378
PROTON	GLUTSEMIALDEHYDROG-RXN	CITRULBIO-PWY	right	H +	C00080	1038	15378
PROTON	RXN-19720	PWY-2541	left	H +	C00080	1038	15378
PROTON	2.4.1.119-RXN	MANNOSYL-CHITO-DOLICHOL-BIOSYNTHESIS	right	H +	C00080	1038	15378
PROTON	RXN-9530	PWY-8279	right	H +	C00080	1038	15378
PROTON	RXN-13309	PWY-7036	right	H +	C00080	1038	15378
PROTON	RXN-9540	PWY-5971	right	H +	C00080	1038	15378
PROTON	RXN-9556	PWY-5973	right	H +	C00080	1038	15378
PROTON	RXN-13516	PWY-7071	right	H +	C00080	1038	15378
PROTON	RXN-9082	PWY-5793	right	H +	C00080	1038	15378
PROTON	RXN-10449	PWY-6233	right	H +	C00080	1038	15378
PROTON	P-PANTOCYSDECARB-RXN	PWY-7851	left	H +	C00080	1038	15378
PROTON	RXN0-1132	PYRUVDEHYD-PWY	right	H +	C00080	1038	15378
PROTON	RXN-7983	PWY-5925	right	H +	C00080	1038	15378
PROTON	RXN-11939	PWY-2541	right	H +	C00080	1038	15378
PROTON	RXN-12156	PWY-1121	right	H +	C00080	1038	15378
PROTON	ACETOOHBUTREDUCTOISOM-RXN	ILEUSYN-PWY	right	H +	C00080	1038	15378
PROTON	RXN-7660	PWY-5063	right	H +	C00080	1038	15378
PROTON	UTPHEXPURIDYLYLTRANS-RXN	PWY-3821	left	H +	C00080	1038	15378
PROTON	RIBOFLAVINSYNDEAM-RXN	RIBOSYN2-PWY	left	H +	C00080	1038	15378
PROTON	DLACTDEHYDROGNAD-RXN	ALACAT2-PWY	right	H +	C00080	1038	15378
PROTON	RXN-16416	PWY-1121	right	H +	C00080	1038	15378
PROTON	RXN-172	PWY-102	right	H +	C00080	1038	15378
PROTON	RXN-9526	PWY-8279	right	H +	C00080	1038	15378
PROTON	NAD-SYNTH-NH3-RXN	PYRIDNUCSYN-PWY	right	H +	C00080	1038	15378
PROTON	UREIDOGLYCOLATE-HYDROLASE-RXN	PWY-5692	left	H +	C00080	1038	15378
PROTON	RXN-7719	PWY-5046	right	H +	C00080	1038	15378
PROTON	DCTP-PYROPHOSPHATASE-RXN	PWY-7206	right	H +	C00080	1038	15378
PROTON	RXN66-3	PWY66-21	right	H +	C00080	1038	15378
PROTON	2.7.8.11-RXN	PHOSLIPSYN2-PWY	right	H +	C00080	1038	15378
PROTON	RXN-8307	PWY-782	left	H +	C00080	1038	15378
PROTON	RXN-7650	PWY-5060	right	H +	C00080	1038	15378
PROTON	RXN-9658	PWY-5971	right	H +	C00080	1038	15378
PROTON	RXN-5283	CHLOROPHYLL-SYN	left	H +	C00080	1038	15378
PROTON	ANTHRANSYN-RXN	TRPSYN-PWY	right	H +	C00080	1038	15378
PROTON	RXNQT-4301	PWY-6909	right	H +	C00080	1038	15378
PROTON	RXN-3165	PWY-1921	right	H +	C00080	1038	15378
PROTON	RXN-3166	PWY-1921	right	H +	C00080	1038	15378
PROTON	3.1.4.11-RXN	PWY-6367	right	H +	C00080	1038	15378
PROTON	RXN-8366	PWY-782	left	H +	C00080	1038	15378
PROTON	ETHANOLAMINEPHOSPHOTRANSFERASE-RXN	PWY4FS-6	right	H +	C00080	1038	15378
PROTON	2.4.1.156-RXN	PWY-1741	right	H +	C00080	1038	15378
PROTON	ASPARTATE-SEMIALDEHYDE-DEHYDROGENASE-RXN	HOMOSERSYN-PWY	right	H +	C00080	1038	15378
PROTON	RXN-10708	PWY-735	right	H +	C00080	1038	15378
PROTON	RXN-9627	PWY-6733	right	H +	C00080	1038	15378
PROTON	RXN-13327	PWY-8341	right	H +	C00080	1038	15378
PROTON	RXN-2946	PWY-6219	right	H +	C00080	1038	15378
PROTON	RXN0-1461	HEME-BIOSYNTHESIS-II	left	H +	C00080	1038	15378
PROTON	RXN-4122	PWY-2501	left	H +	C00080	1038	15378
PROTON	SAICARSYN-RXN	PWY-6124	right	H +	C00080	1038	15378
PROTON	2.7.7.44-RXN	PWY-4841	left	H +	C00080	1038	15378
PROTON	ENOYL-ACP-REDUCT-NADPH-RXN	FASYN-ELONG-PWY	right	H +	C00080	1038	15378
PROTON	RXN-2944	PWY-6219	right	H +	C00080	1038	15378
PROTON	RXN1F-93	PWY-6787	right	H +	C00080	1038	15378
PROTON	TREHALOSE6PSYN-RXN	TRESYN-PWY	right	H +	C00080	1038	15378
PROTON	RXN-525	PWY-3101	right	H +	C00080	1038	15378
PROTON	GLUTRNAREDUCT-RXN	PWY-5188	right	H +	C00080	1038	15378
PROTON	2.7.1.154-RXN	PWY-6352	right	H +	C00080	1038	15378
PROTON	RXN-2761	PWY-1581	left	H +	C00080	1038	15378
PROTON	CYTIKIN-RXN	PWY-7193	right	H +	C00080	1038	15378
PROTON	RXN-7716	PWY-5084	right	H +	C00080	1038	15378
PROTON	TRANS-RXN-199	PWY-6227	left	H +	C00080	1038	15378
PROTON	RXN-7605	METHIONINE-DEG1-PWY	right	H +	C00080	1038	15378
PROTON	DCTP-DEAM-RXN	PWY-7187	left	H +	C00080	1038	15378
PROTON	GLUTAMATE-SYNTHASE-FERREDOXIN-RXN	PWY-6964	right	H +	C00080	1038	15378
PROTON	RXN-9632	PWY-8280	left	H +	C00080	1038	15378
PROTON	RXN-13416	PWY-5905	right	H +	C00080	1038	15378
PROTON	RXN-8298	PWY-782	left	H +	C00080	1038	15378
PROTON	RXN-7739	PWY-5098	left	H +	C00080	1038	15378
PROTON	RXN-13295	PWY-7036	left	H +	C00080	1038	15378
PROTON	RXN-8619	PWY-5434	left	H +	C00080	1038	15378
PROTON	SPERMACTRAN-RXN	PWY-6117	right	H +	C00080	1038	15378
PROTON	SPERMINE-SYNTHASE-RXN	POLYAMINSYN3-PWY	right	H +	C00080	1038	15378
PROTON	3-OXOACYL-ACP-SYNTH-RXN	FASYN-ELONG-PWY	left	H +	C00080	1038	15378
PROTON	GLUTAMATE-SYNTHASE-FERREDOXIN-RXN	PWY4LZ-283	right	H +	C00080	1038	15378
PROTON	RXN-4209	PWY-2541	left	H +	C00080	1038	15378
PROTON	RXN-7738	PWY-5098	right	H +	C00080	1038	15378
PROTON	RXN-9284	PWY-5871	left	H +	C00080	1038	15378
PROTON	ARGSUCCINSYN-RXN	ARGSYN-PWY	right	H +	C00080	1038	15378
PROTON	BENZALDEHYDE-DEHYDROGENASE-NAD+-RXN	PWY-6444	right	H +	C00080	1038	15378
PROTON	RXN-9536	PWY-5971	right	H +	C00080	1038	15378
PROTON	RXN-11397	PWY-6502	right	H +	C00080	1038	15378
PROTON	RXN-5642	PWY-3385	right	H +	C00080	1038	15378
PROTON	RXN-10455	PWY-6233	right	H +	C00080	1038	15378
PROTON	RXN-8296	PWY-782	left	H +	C00080	1038	15378
PROTON	4.4.1.14-RXN	ETHYL-PWY	right	H +	C00080	1038	15378
PROTON	RXN-4737	PWY-2902	right	H +	C00080	1038	15378
PROTON	RXN-11534	PWY-2582	right	H +	C00080	1038	15378
PROTON	RXN-7978	PWY-5945	left	H +	C00080	1038	15378
PROTON	FORMYL-COA-HYDROLASE-RXN	PWY-7985	right	H +	C00080	1038	15378
PROTON	GLUC1PURIDYLTRANS-RXN	PWY-7343	left	H +	C00080	1038	15378
PROTON	RXN-11376	PWY-6483	right	H +	C00080	1038	15378
PROTON	RXN-7832	PWY-5139	right	H +	C00080	1038	15378
PROTON	ORNCARBAMTRANSFER-RXN	ARGSYN-PWY	right	H +	C00080	1038	15378
PROTON	ARGSUCCINSYN-RXN	ARGSYNBSUB-PWY	right	H +	C00080	1038	15378
PROTON	RXN-22207	PWY-2541	right	H +	C00080	1038	15378
PROTON	RXN-9536	PWY66-430	right	H +	C00080	1038	15378
PROTON	RXN-22385	PWY-8259	left	H +	C00080	1038	15378
PROTON	RXN-14395	PWY-8142	right	H +	C00080	1038	15378
PROTON	RXN-5643	PWY-3385	right	H +	C00080	1038	15378
PROTON	RXN-13645	PWY-7101	left	H +	C00080	1038	15378
PROTON	ORNCARBAMTRANSFER-RXN	ARGSYNBSUB-PWY	right	H +	C00080	1038	15378
PROTON	RXN-9242	PWY-5871	right	H +	C00080	1038	15378
PROTON	ALLOPHANATE-HYDROLASE-RXN	PWY4LZ-81	left	H +	C00080	1038	15378
PROTON	2.1.1.89-RXN	PWY-5470	right	H +	C00080	1038	15378
PROTON	GLUTAMIN-RXN	PWY-5921	right	H +	C00080	1038	15378
PROTON	MEPROPCOA-FAD-RXN	VALDEG-PWY	left	H +	C00080	1038	15378
PROTON	RXN-17698	PWY-641	right	H +	C00080	1038	15378
PROTON	PYRROLINECARBREDUCT-RXN	PROSYN-PWY	right	H +	C00080	1038	15378
PROTON	RXN-8713	PWY-5474	right	H +	C00080	1038	15378
PROTON	DXPREDISOM-RXN	PWY-7560	right	H +	C00080	1038	15378
PROTON	RXN-16404	PWY-6733	left	H +	C00080	1038	15378
PROTON	RXN1F-99	PWY-5070	right	H +	C00080	1038	15378
PROTON	RXN-10876	PWY-6546	right	H +	C00080	1038	15378
PROTON	UREA-CARBOXYLASE-RXN	PWY4LZ-81	right	H +	C00080	1038	15378
PROTON	FRUCTOKINASE-RXN	PWY-621	right	H +	C00080	1038	15378
PROTON	RXN-12135	PWY-6710	left	H +	C00080	1038	15378
PROTON	PALMITOYL-COA-HYDROLASE-RXN	PWY-321	right	H +	C00080	1038	15378
PROTON	2.7.1.140-RXN	PWY-6554	right	H +	C00080	1038	15378
PROTON	HISTPRATPHYD-RXN	HISTSYN-PWY	right	H +	C00080	1038	15378
PROTON	NADH-KINASE-RXN	PWY-5083	right	H +	C00080	1038	15378
PROTON	PHOSCHOL-RXN	LIPASYN-PWY	right	H +	C00080	1038	15378
PROTON	RXN-9524	PWY-5971	right	H +	C00080	1038	15378
PROTON	RXN-7793	PWY-5129	right	H +	C00080	1038	15378
PROTON	RXN-7163	PWY-6369	right	H +	C00080	1038	15378
PROTON	1.1.1.8-RXN	PWY-6118	right	H +	C00080	1038	15378
PROTON	1.1.1.222-RXN	PWY-5048	right	H +	C00080	1038	15378
PROTON	SPHINGANINE-KINASE-RXN	PWY-5129	right	H +	C00080	1038	15378
PROTON	RXN-13517	PWY-7071	right	H +	C00080	1038	15378
PROTON	PROPCOASYN-RXN	PWY-3941	left	H +	C00080	1038	15378
PROTON	RXN-9528	PWY-8279	right	H +	C00080	1038	15378
PROTON	RXN-9278	PWY-5871	left	H +	C00080	1038	15378
PROTON	DEOXYADENOSINE-KINASE-RXN	PWY-7224	right	H +	C00080	1038	15378
PROTON	RXN-12882	PWY-7477	right	H +	C00080	1038	15378
PROTON	RXN-11210	PWY-6430	left	H +	C00080	1038	15378
PROTON	RXN-1884	PWY-882	right	H +	C00080	1038	15378
PROTON	GTP-CYCLOHYDRO-II-RXN	RIBOSYN2-PWY	right	H +	C00080	1038	15378
PROTON	ALLANTOINASE-RXN	PWY-5697	right	H +	C00080	1038	15378
PROTON	RXN-12157	PWY-1121	right	H +	C00080	1038	15378
PROTON	CTPSYN-RXN	PWY-5687	right	H +	C00080	1038	15378
PROTON	RXN-5285	CHLOROPHYLL-SYN	right	H +	C00080	1038	15378
PROTON	RXN-1225	PWY-401	right	H +	C00080	1038	15378
PROTON	L-ARABINOKINASE-RXN	PWY-82	right	H +	C00080	1038	15378
PROTON	RXN-13306	PWY-7036	right	H +	C00080	1038	15378
PROTON	2.5.1.64-RXN	PWY-5837	left	H +	C00080	1038	15378
PROTON	HISTOLDEHYD-RXN	HISTSYN-PWY	right	H +	C00080	1038	15378
PROTON	DEPHOSPHOCOAKIN-RXN	PWY-7851	right	H +	C00080	1038	15378
PROTON	RXN4FS-2	PWY4FS-3	right	H +	C00080	1038	15378
PROTON	D-LACTATE-DEHYDROGENASE-CYTOCHROME-RXN	PWY-5386-1	right	H +	C00080	1038	15378
PROTON	RXN-9535	PWY-8279	left	H +	C00080	1038	15378
PROTON	GLYOXII-RXN	PWY-5386-1	right	H +	C00080	1038	15378
PROTON	2.7.7.51-RXN	PWY-6794	right	H +	C00080	1038	15378
PROTON	RXN-5641	PWY4FS-6	left	H +	C00080	1038	15378
PROTON	RXN-15775	PWY-7546	right	H +	C00080	1038	15378
PROTON	RXN-12195	PWY-7184	right	H +	C00080	1038	15378
PROTON	RXN-9666	PWY-1121	right	H +	C00080	1038	15378
PROTON	RXN4FS-1	PWY4FS-3	right	H +	C00080	1038	15378
PROTON	RXN-15068	PWY-7417	right	H +	C00080	1038	15378
PROTON	RXN-15467	PWY-7489	right	H +	C00080	1038	15378
PROTON	GLUCOKIN-RXN	PWY-621	right	H +	C00080	1038	15378
PROTON	RXN-9627	PWY-6465	right	H +	C00080	1038	15378
PROTON	RXN-4142	PWY-2501	right	H +	C00080	1038	15378
PROTON	GLUCOKIN-RXN	PWY-7238	right	H +	C00080	1038	15378
PROTON	6PFRUCTPHOS-RXN	PWY-5484	right	H +	C00080	1038	15378
PROTON	3-ISOPROPYLMALDEHYDROG-RXN	LEUSYN-PWY	right	H +	C00080	1038	15378
PROTON	RXN-9531	PWY-5971	left	H +	C00080	1038	15378
PROTON	RXN-16809	PWY-7683	right	H +	C00080	1038	15378
PROTON	RXN-7997	PWY-5268	right	H +	C00080	1038	15378
PROTON	RXN-4681	PWY-2841	left	H +	C00080	1038	15378
PROTON	6PFRUCTPHOS-RXN	PWY-1042	right	H +	C00080	1038	15378
PROTON	SPERMIDINESYN-RXN	BSUBPOLYAMSYN-PWY	right	H +	C00080	1038	15378
PROTON	RXNQT-4192	PWY-282	right	H +	C00080	1038	15378
PROTON	RXN-10451	PWY-6235	right	H +	C00080	1038	15378
PROTON	GAPOXNPHOSPHN-RXN	GLYCOLYSIS	right	H +	C00080	1038	15378
PROTON	RXN-20132	PWY-2541	right	H +	C00080	1038	15378
PROTON	CHOLINE-KINASE-RXN	PWY3O-450	right	H +	C00080	1038	15378
PROTON	PANTOATE-BETA-ALANINE-LIG-RXN	PANTO-PWY	right	H +	C00080	1038	15378
PROTON	RXN-14116	PROUT-PWY	right	H +	C00080	1038	15378
PROTON	RXN-19690	PWY-5774	right	H +	C00080	1038	15378
PROTON	RXN-13417	PWY-5905	left	H +	C00080	1038	15378
PROTON	RXN-9752	PWY-6051	right	H +	C00080	1038	15378
PROTON	GLUTAMATE-SYNTHASE-NADH-RXN	PWY4LZ-283	right	H +	C00080	1038	15378
PROTON	RXN-10727	PWY66-430	right	H +	C00080	1038	15378
PROTON	3-DEHYDROSPHINGANINE-REDUCTASE-RXN	PWY-5129	right	H +	C00080	1038	15378
PROTON	PYRROLINE-2-CARBOXYLATE-REDUCTASE-RXN	PWY-4281	right	H +	C00080	1038	15378
PROTON	2.7.1.149-RXN	PWY-6367	right	H +	C00080	1038	15378
PROTON	RXN-12197	PWY-5687	right	H +	C00080	1038	15378
PROTON	3.5.1.26-RXN	ASPARAGINE-DEG1-PWY-1	right	H +	C00080	1038	15378
PROTON	GLUTAMATE-DEHYDROGENASE-RXN	ALACAT2-PWY	right	H +	C00080	1038	15378
PROTON	RXN-4641	PWY-2841	left	H +	C00080	1038	15378
PROTON	RXN-12198	PWY-5687	right	H +	C00080	1038	15378
PROTON	3.1.4.11-RXN	PWY-7039	right	H +	C00080	1038	15378
PROTON	RXN-8365	PWY-782	left	H +	C00080	1038	15378
PROTON	RXN-4210	PWY-2541	right	H +	C00080	1038	15378
PROTON	RXN-9516	PWY-5971	left	H +	C00080	1038	15378
PROTON	RXN-9532	PWY66-430	right	H +	C00080	1038	15378
PROTON	GLYC3PDEHYDROGBIOSYN-RXN	PWY-5667	right	H +	C00080	1038	15378
PROTON	RXN-16805	PWY-7683	right	H +	C00080	1038	15378
PROTON	6PFRUCTPHOS-RXN	GLYCOLYSIS	right	H +	C00080	1038	15378
PROTON	RXN-11152	PWY-8143	right	H +	C00080	1038	15378
PROTON	METHENYLTHFCYCLOHYDRO-RXN	PWY-6613	right	H +	C00080	1038	15378
PROTON	SUPEROX-DISMUT-RXN	DETOX1-PWY-1	left	H +	C00080	1038	15378
PROTON	3-OXOACYL-ACP-REDUCT-RXN	FASYN-ELONG-PWY	right	H +	C00080	1038	15378
PROTON	GLYOXIII-RXN	PWY-8458	left	H +	C00080	1038	15378
PROTON	RXN-7782	PWY-3101	right	H +	C00080	1038	15378
PROTON	RXN-18699	PWY-7888	right	H +	C00080	1038	15378
PROTON	3.1.2.21-RXN	PWY-5971	right	H +	C00080	1038	15378
PROTON	RXN-15466	PWY-7489	right	H +	C00080	1038	15378
PROTON	RXN-5467	MANNOSYL-CHITO-DOLICHOL-BIOSYNTHESIS	right	H +	C00080	1038	15378
PROTON	1-PHOSPHATIDYLINOSITOL-3-KINASE-RXN	PWY-6352	right	H +	C00080	1038	15378
PROTON	FERREDOXIN--NITRITE-REDUCTASE-RXN	PWY-381	right	H +	C00080	1038	15378
PROTON	RXN3O-1380	PWY-5129	left	H +	C00080	1038	15378
PROTON	2-DEHYDROPANTOATE-REDUCT-RXN	PANTO-PWY	right	H +	C00080	1038	15378
PROTON	RXN-7677	PWY-5068	left	H +	C00080	1038	15378
PROTON	RXN-17473	PWY0-1507	right	H +	C00080	1038	15378
PROTON	ADCLY-RXN	PWY-3742	right	H +	C00080	1038	15378
PROTON	RXN-16407	PWY-6733	left	H +	C00080	1038	15378
PROTON	PHOSPHOLIPASE-A1-RXN	PWY-6803	right	H +	C00080	1038	15378
PROTON	RXN-18480	PWY-7859	right	H +	C00080	1038	15378
PROTON	RXN-17523	PWY-7170	left	H +	C00080	1038	15378
PROTON	DIMETHUROPORDEHYDROG-RXN	PWY-5194	right	H +	C00080	1038	15378
PROTON	RXN-9744	PWY-6051	left	H +	C00080	1038	15378
PROTON	DXPREDISOM-RXN	NONMEVIPP-PWY	right	H +	C00080	1038	15378
PROTON	RXN-9518	PWY-5971	right	H +	C00080	1038	15378
PROTON	MYO-INOSITOL-OXYGENASE-RXN	PWY-4841	right	H +	C00080	1038	15378
PROTON	RXN-13644	PWY-7101	right	H +	C00080	1038	15378
PROTON	RXN-11934	PWY-2541	left	H +	C00080	1038	15378
PROTON	RXN-982	PWY-8259	left	H +	C00080	1038	15378
PROTON	RXN-9518	PWY-8279	right	H +	C00080	1038	15378
PROTON	GLU6PDEHYDROG-RXN	OXIDATIVEPENT-PWY	right	H +	C00080	1038	15378
PROTON	RXN-12473	PWY-6823	right	H +	C00080	1038	15378
PROTON	RXN-4734	PWY-2901	right	H +	C00080	1038	15378
PROTON	RXN-9667	PWY-5997	left	H +	C00080	1038	15378
PROTON	2.3.1.180-RXN	PWY-4381	left	H +	C00080	1038	15378
PROTON	RXN-22438	PWY-3841	right	H +	C00080	1038	15378
PROTON	RXN-13482	PWY-7060	right	H +	C00080	1038	15378
PROTON	RXN-14903	CITRULBIO-PWY	right	H +	C00080	1038	15378
PROTON	UGD-RXN	PWY-7346	right	H +	C00080	1038	15378
PROTON	RXN-6687	PWY-6950	right	H +	C00080	1038	15378
PROTON	RXN-11361	PWY-6823	left	H +	C00080	1038	15378
PROTON	ALLANTOATE-DEIMINASE-RXN	PWY-5698	left	H +	C00080	1038	15378
PROTON	RXN-6201	PWY-5691	left	H +	C00080	1038	15378
PROTON	RXN-8324	PWY-762	left	H +	C00080	1038	15378
PROTON	THIOESTER-RXN	PWY-5148	right	H +	C00080	1038	15378
PROTON	METHENYLTHFCYCLOHYDRO-RXN	PWY-3841	right	H +	C00080	1038	15378
PROTON	RXN0-5224	PWY-7117	left	H +	C00080	1038	15378
PROTON	RXN-12199	PWY-5687	right	H +	C00080	1038	15378
PROTON	GTP-CYCLOHYDRO-I-RXN	PWY-6147	right	H +	C00080	1038	15378
PROTON	CYTIDEAM2-RXN	PWY-6556	left	H +	C00080	1038	15378
PROTON	RXN-9660	PWY-5971	right	H +	C00080	1038	15378
PROTON	HOMOSERKIN-RXN	HOMOSER-THRESYN-PWY	right	H +	C00080	1038	15378
PROTON	RXN-4725	PWY-2901	right	H +	C00080	1038	15378
PROTON	GLUTAMINESYN-RXN	PWY4LZ-81	right	H +	C00080	1038	15378
PROTON	R82-RXN	PWY-4361	right	H +	C00080	1038	15378
PROTON	CDPDIGLYSYN-RXN	PWY0-1319	left	H +	C00080	1038	15378
PROTON	RXN-9281	PWY-5871	right	H +	C00080	1038	15378
PROTON	DIHYDROPYRIMIDINASE-RXN	PWY-3982	right	H +	C00080	1038	15378
PROTON	RXN-4312	PWY-2681	right	H +	C00080	1038	15378
PROTON	1.14.21.6-RXN	PWY18C3-1	left	H +	C00080	1038	15378
PROTON	RXN-13515	PWY-7071	right	H +	C00080	1038	15378
PROTON	DEPHOSPHOCOAKIN-RXN	COA-PWY	right	H +	C00080	1038	15378
PROTON	6-PHOSPHOFRUCTO-2-KINASE-RXN	PWY66-423	right	H +	C00080	1038	15378
PROTON	RXN-8025	PWY-5944	left	H +	C00080	1038	15378
PROTON	BETA-UREIDOPROPIONASE-RXN	PWY-3982	left	H +	C00080	1038	15378
PROTON	1.18.1.2-RXN	PWY-101	left	H +	C00080	1038	15378
PROTON	RXN-21514	PWY-8157	right	H +	C00080	1038	15378
PROTON	OROTPDECARB-RXN	PWY-5686	left	H +	C00080	1038	15378
PROTON	NAD-SYNTH-GLN-RXN	PWY3O-4107	right	H +	C00080	1038	15378
PROTON	RXN-9514	PWY-5971	right	H +	C00080	1038	15378
PROTON	PANTEPADENYLYLTRAN-RXN	COA-PWY	left	H +	C00080	1038	15378
PROTON	RXN-14919	PWY-7436	right	H +	C00080	1038	15378
PROTON	FRUCTOKINASE-RXN	PWY-3801	right	H +	C00080	1038	15378
PROTON	RXN-7800	LEUSYN-PWY	left	H +	C00080	1038	15378
PROTON	GART-RXN	PWY-6613	right	H +	C00080	1038	15378
PROTON	1.8.4.9-RXN	SULFMETII-PWY	left	H +	C00080	1038	15378
PROTON	GLUTAMINESYN-RXN	PWY-7060	right	H +	C00080	1038	15378
PROTON	2.7.1.134-RXN	PWY-4661	right	H +	C00080	1038	15378
PROTON	GLYCPDIESTER-RXN	PWY-6952	right	H +	C00080	1038	15378
PROTON	12-OXOPHYTODIENOATE-REDUCTASE-RXN	PWY-735	right	H +	C00080	1038	15378
PROTON	RXNDQC-2	PWYDQC-4	left	H +	C00080	1038	15378
PROTON	RXN-9548	PWY-5989	right	H +	C00080	1038	15378
PROTON	RXN-114	PWY-102	right	H +	C00080	1038	15378
PROTON	PEPSYNTH-RXN	PWY-5484	right	H +	C00080	1038	15378
PROTON	GLUTAMATE-SYNTHASE-NADH-RXN	GLUGLNSYN-PWY	right	H +	C00080	1038	15378
PROTON	RXN-8331	PWY-762	left	H +	C00080	1038	15378
PROTON	RXN-11213	VALDEG-PWY	right	H +	C00080	1038	15378
PROTON	SUPEROX-DISMUT-RXN	DETOX1-PWY	left	H +	C00080	1038	15378
PROTON	RXN-4732	PWY-2901	right	H +	C00080	1038	15378
PROTON	TRANS-RXN-195	PWY-6227	left	H +	C00080	1038	15378
PROTON	RXN-1727	PWY-762	left	H +	C00080	1038	15378
PROTON	RXN-16818	PWY-7683	right	H +	C00080	1038	15378
PROTON	RXN-710	PWY-699	right	H +	C00080	1038	15378
PROTON	RXN-9633	PWY-5989	right	H +	C00080	1038	15378
PROTON	RXN-1224	PWYQT-4427	right	H +	C00080	1038	15378
PROTON	RXN-12200	PWY-5687	right	H +	C00080	1038	15378
PROTON	RXN-9081	PWY-8340	right	H +	C00080	1038	15378
PROTON	RXN-707	PWY-2541	right	H +	C00080	1038	15378
PROTON	SULFATE-ADENYLYLTRANS-RXN	PWY-5340	left	H +	C00080	1038	15378
PROTON	RXN-7162	PWY-4541	right	H +	C00080	1038	15378
PROTON	SPONTPRO-RXN	PWY-3341	left	H +	C00080	1038	15378
PROTON	RXN-1143	PWY-361	right	H +	C00080	1038	15378
PROTON	RXN-743	PWY-861	right	H +	C00080	1038	15378
PROTON	RXN-18700	PWY-7888	left	H +	C00080	1038	15378
PROTON	RXN-8632	PWY-5453	right	H +	C00080	1038	15378
PROTON	CAFFEOYL-COA-O-METHYLTRANSFERASE-RXN	PWY-361	right	H +	C00080	1038	15378
PROTON	2.1.1.118-RXN	PWY-5470	right	H +	C00080	1038	15378
PROTON	ATPSYN-RXN	PWY-7980	left	H +	C00080	1038	15378
PROTON	2.7.7.60-RXN	PWY-7560	left	H +	C00080	1038	15378
PROTON	CARBOXYCYCLOHEXADIENYL-DEHYDRATASE-RXN	PWY-3462	left	H +	C00080	1038	15378
PROTON	RXN-7401	PWY-82	left	H +	C00080	1038	15378
PROTON	CARBPSYN-RXN	ARGSYNBSUB-PWY	right	H +	C00080	1038	15378
PROTON	2.7.8.11-RXN	PWY-6351	right	H +	C00080	1038	15378
PROTON	RXN-7903	PWY-5147	left	H +	C00080	1038	15378
PROTON	PSII-RXN	PWY-101	right	H +	C00080	1038	15378
PROTON	2OXOGLUTDECARB-RXN	PWY-5084	left	H +	C00080	1038	15378
PROTON	NADH-DEHYDROG-A-RXN	PWY-3781	left	H +	C00080	1038	15378
PROTON	GMP-SYN-GLUT-RXN	PWY-7221	right	H +	C00080	1038	15378
PROTON	CARBPSYN-RXN	PWY-5686	right	H +	C00080	1038	15378
PROTON	GTP-CYCLOHYDRO-I-RXN	PWY-3742	right	H +	C00080	1038	15378
PROTON	UDP-GLUCURONATE-DECARBOXYLASE-RXN	PWY-4821	left	H +	C00080	1038	15378
PROTON	HYDROXYPYRUVATE-REDUCTASE-RXN	PWY-8011	right	H +	C00080	1038	15378
PROTON	RXN-13260	PWY-7029	left	H +	C00080	1038	15378
PROTON	2.5.1.43-RXN	PWY-5912	right	H +	C00080	1038	15378
PROTON	3.5.2.17-RXN	PWY-5691	right	H +	C00080	1038	15378
PROTON	DETHIOBIOTIN-SYN-RXN	PWY0-1507	right	H +	C00080	1038	15378
PROTON	RXN-8344	PWY-8171	left	H +	C00080	1038	15378
PROTON	ABC-19-RXN	PWY-8171	right	H +	C00080	1038	15378
PROTON	1.14.11.24-RXN	PWY-5925	right	H +	C00080	1038	15378
PROTON	RXN-7796	PWY-5129	left	H +	C00080	1038	15378
PROTON	RXN-15878	NONMEVIPP-PWY	left	H +	C00080	1038	15378
PROTON	PHOSCHOL-RXN	PWY-3561	right	H +	C00080	1038	15378
PROTON	2-METHYLACYL-COA-DEHYDROGENASE-RXN	ILEUDEG-PWY	left	H +	C00080	1038	15378
PROTON	CARBPSYN-RXN	PWY-7060	right	H +	C00080	1038	15378
PROTON	RXN-14014	PWY-5097	right	H +	C00080	1038	15378
PROTON	NITRATE-REDUCTASE-NADH-RXN	PWY-381	right	H +	C00080	1038	15378
PROTON	TRANS-CINNAMATE-2-MONOOXYGENASE-RXN	PWY-5176	left	H +	C00080	1038	15378
PROTON	DURIDKI-RXN	PWY-7199	right	H +	C00080	1038	15378
PROTON	CARBPSYN-RXN	ARGSYN-PWY	right	H +	C00080	1038	15378
PROTON	RXN-8320	PWY-762	left	H +	C00080	1038	15378
PROTON	DIHYDROOROT-RXN	PWY-5686	right	H +	C00080	1038	15378
PROTON	SUCROSE-PHOSPHATE-SYNTHASE-RXN	SUCSYN-PWY	right	H +	C00080	1038	15378
PROTON	PYRIMSYN1-RXN	PWY-6890	right	H +	C00080	1038	15378
PROTON	RXN-7682	PWY4LZ-81	right	H +	C00080	1038	15378
PROTON	PROTOHEMEFERROCHELAT-RXN	HEME-BIOSYNTHESIS-II	left	H +	C00080	1038	15378
PROTON	TYROSINE-DECARBOXYLASE-RXN	PWY-5474	left	H +	C00080	1038	15378
PROTON	QUINOPRIBOTRANS-RXN	PYRIDNUCSYN-PWY	right	H +	C00080	1038	15378
PROTON	RXN-2081	PWY-1061	right	H +	C00080	1038	15378
PROTON	PEPSYNTH-RXN	GLYCOLYSIS	right	H +	C00080	1038	15378
PROTON	RXN-9548	PWY-8280	right	H +	C00080	1038	15378
PROTON	GLUCOKIN-RXN	GLUCOSE1PMETAB-PWY	right	H +	C00080	1038	15378
PROTON	MALATE-DEH-RXN	GLUCONEO-PWY	right	H +	C00080	1038	15378
PROTON	RXN-2541	PWY-1422	left	H +	C00080	1038	15378
PROTON	RXN-7652	PWY-5060	right	H +	C00080	1038	15378
PROTON	TRANS-RXN-206	PWY-6237	right	H +	C00080	1038	15378
PROTON	RXN-4242	PWY-2541	right	H +	C00080	1038	15378
PROTON	2.7.1.68-RXN	PWY-6352	right	H +	C00080	1038	15378
PROTON	DIOHBUTANONEPSYN-RXN	RIBOSYN2-PWY	right	H +	C00080	1038	15378
PROTON	RXN-9535	PWY-5971	left	H +	C00080	1038	15378
PROTON	PANTEPADENYLYLTRAN-RXN	PWY-7851	left	H +	C00080	1038	15378
PROTON	RXN-7979	PWY-5945	left	H +	C00080	1038	15378
PROTON	PHOSPHOLIPASE-A2-RXN	LIPASYN-PWY	right	H +	C00080	1038	15378
PROTON	1.2.1.13-RXN	CALVIN-PWY	right	H +	C00080	1038	15378
PROTON	R524-RXN	CYANCAT-PWY	left	H +	C00080	1038	15378
PROTON	RXN-9531	PWY-8279	left	H +	C00080	1038	15378
PROTON	3.1.2.14-RXN	PWY-5147	right	H +	C00080	1038	15378
PROTON	TOCOPHEROL-O-METHYLTRANSFERASE-RXN	PWY-1422	right	H +	C00080	1038	15378
PROTON	RXN-18701	PWY-7888	right	H +	C00080	1038	15378
PROTON	MALATE-DEH-RXN	PWYQT-4481	right	H +	C00080	1038	15378
PROTON	GLUTAMATE-DEHYDROGENASE-RXN	GLUTAMATE-DEG1-PWY	right	H +	C00080	1038	15378
PROTON	RXN-4722	PWY-2901	right	H +	C00080	1038	15378
PROTON	HOMOSERDEHYDROG-RXN	HOMOSERSYN-PWY	right	H +	C00080	1038	15378
PROTON	RXN-9539	PWY-5971	left	H +	C00080	1038	15378
PROTON	RXN-9661	PWY-5971	right	H +	C00080	1038	15378
PROTON	RXN-1223	PWYQT-4427	right	H +	C00080	1038	15378
PROTON	RXN-7798	PWY-5129	left	H +	C00080	1038	15378
PROTON	RXN-13294	PWY-7036	left	H +	C00080	1038	15378
PROTON	RXN0-5222	CYANCAT-PWY	left	H +	C00080	1038	15378
PROTON	RXN-9083	PWY-6219	right	H +	C00080	1038	15378
PROTON	CITRULLINASE-RXN	PWY4LZ-81	left	H +	C00080	1038	15378
PROTON	RXN-9514	PWY66-430	right	H +	C00080	1038	15378
PROTON	2.4.1.111-RXN	PWY-116	right	H +	C00080	1038	15378
PROTON	2.4.1.46-RXN	PWY-401	right	H +	C00080	1038	15378
PROTON	RXN-2948	PWY-6219	right	H +	C00080	1038	15378
PROTON	2.1.1.117-RXN	PWY-5470	right	H +	C00080	1038	15378
PROTON	RXN-9514	PWY-8279	right	H +	C00080	1038	15378
PROTON	3-CYANOALANINE-HYDRATASE-RXN	ASPSYNII-PWY	right	H +	C00080	1038	15378
PROTON	GLUTAMINESYN-RXN	PWY-6963	right	H +	C00080	1038	15378
PROTON	RXN-7580	PWY-7070	right	H +	C00080	1038	15378
PROTON	RXN0-947	PWY0-501	right	H +	C00080	1038	15378
PROTON	RXN-13414	PWY-5905	right	H +	C00080	1038	15378
PROTON	2.7.1.68-RXN	PWY-6351	right	H +	C00080	1038	15378
PROTON	RXN-21563	PWY-8171	right	H +	C00080	1038	15378
PROTON	RXN-12299	PWY-6786	right	H +	C00080	1038	15378
PROTON	4.2.1.93-RXN	PWY-6938	right	H +	C00080	1038	15378
PROTON	RXN-8297	PWY-782	left	H +	C00080	1038	15378
PROTON	RXN-20433	PWY18C3-1	left	H +	C00080	1038	15378
PROTON	TRANS-RXN-198	PWY-6227	right	H +	C00080	1038	15378
PROTON	NAPHTHOATE-SYN-RXN	PWY-5837	left	H +	C00080	1038	15378
PROTON	RXN-7911	PWY-6837	right	H +	C00080	1038	15378
PROTON	CYTOCHROME-C-OXIDASE-RXN	PWY-3781	right	H +	C00080	1038	15378
PROTON	RXN-2542	PWY-1422	right	H +	C00080	1038	15378
PROTON	RXN-4721	PWY-2881	right	H +	C00080	1038	15378
PROTON	RXN-7682	PWY-6596	right	H +	C00080	1038	15378
PROTON	RXN-20782	PWY-8076	right	H +	C00080	1038	15378
PROTON	RXN-16048	PWY-7590	left	H +	C00080	1038	15378
PROTON	GALACTOKIN-RXN	PWY-6317	right	H +	C00080	1038	15378
PROTON	2-ISOPROPYLMALATESYN-RXN	LEUSYN-PWY	right	H +	C00080	1038	15378
PROTON	2.3.1.179-RXN	PWY-5973	left	H +	C00080	1038	15378
PROTON	RXN-7679	PWY-5068	right	H +	C00080	1038	15378
PROTON	RXN-14060	PWY-7213	right	H +	C00080	1038	15378
PROTON	RXN-16046	PWY-5997	left	H +	C00080	1038	15378
PROTON	AROMATIC-L-AMINO-ACID-DECARBOXYLASE-RXN	PWY-8475	left	H +	C00080	1038	15378
PROTON	NADH-DEHYDROG-A-RXN	PWY-5083	right	H +	C00080	1038	15378
PROTON	RXN0-724	PWY-7187	left	H +	C00080	1038	15378
PROTON	RXN-2945	PWY-6219	right	H +	C00080	1038	15378
PROTON	TRANS-RXN-198	PWY-6227	left	H +	C00080	1038	15378
PROTON	2.7.1.148-RXN	NONMEVIPP-PWY	right	H +	C00080	1038	15378
PROTON	RXN-17007	PWY-5027	left	H +	C00080	1038	15378
PROTON	ADCLY-RXN	PWY-6543	right	H +	C00080	1038	15378
CARBON-DIOXIDE	2OXOGLUTARATEDEH-RXN	PWYQT-4481	right	CO 2	C00011	280	16526
CARBON-DIOXIDE	MALIC-NADP-RXN	GLUCONEO-PWY	right	CO 2	C00011	280	16526
CARBON-DIOXIDE	RXN-118	PWY-102	right	CO 2	C00011	280	16526
CARBON-DIOXIDE	RXN-9527	PWY-5971	right	CO 2	C00011	280	16526
CARBON-DIOXIDE	RXN-20434	PWY18C3-1	right	CO 2	C00011	280	16526
CARBON-DIOXIDE	RXN-11403	PWY-6498	right	CO 2	C00011	280	16526
CARBON-DIOXIDE	RXN-9653	PWY66-430	right	CO 2	C00011	280	16526
CARBON-DIOXIDE	RXN-18348	PWY-641	right	CO 2	C00011	280	16526
CARBON-DIOXIDE	MALIC-NADP-RXN	PWY-7117	right	CO 2	C00011	280	16526
CARBON-DIOXIDE	RXN-9531	PWY-5971	right	CO 2	C00011	280	16526
CARBON-DIOXIDE	RXN-14655	PWY-7298	right	CO 2	C00011	280	16526
CARBON-DIOXIDE	RIBULOSE-BISPHOSPHATE-CARBOXYLASE-RXN	CALVIN-PWY	right	CO 2	C00011	280	16526
CARBON-DIOXIDE	RXN-7983	PWY-5925	right	CO 2	C00011	280	16526
CARBON-DIOXIDE	SERINE-C-PALMITOYLTRANSFERASE-RXN	PWY-5129	right	CO 2	C00011	280	16526
CARBON-DIOXIDE	RXN1F-162	PWY-5070	right	CO 2	C00011	280	16526
CARBON-DIOXIDE	RXN-292	PWY-102	right	CO 2	C00011	280	16526
CARBON-DIOXIDE	P-PANTOCYSDECARB-RXN	COA-PWY	right	CO 2	C00011	280	16526
CARBON-DIOXIDE	RXN-14929	PWY-7436	right	CO 2	C00011	280	16526
CARBON-DIOXIDE	PYRUVDEH-RXN	PWYQT-4481	right	CO 2	C00011	280	16526
CARBON-DIOXIDE	RXN-7749	PWY-861	right	CO 2	C00011	280	16526
CARBON-DIOXIDE	RXN-12963	PWY-6982	right	CO 2	C00011	280	16526
CARBON-DIOXIDE	RXN-18348	PWY-5125	right	CO 2	C00011	280	16526
CARBON-DIOXIDE	RXN-11210	PWY-6430	right	CO 2	C00011	280	16526
CARBON-DIOXIDE	1.1.1.39-RXN	PWY-7115	right	CO 2	C00011	280	16526
CARBON-DIOXIDE	1.1.1.39-RXN	PWYQT-4481	right	CO 2	C00011	280	16526
CARBON-DIOXIDE	RXN-7568	PWY-5027	right	CO 2	C00011	280	16526
CARBON-DIOXIDE	RXN-9285	PWY-5872	right	CO 2	C00011	280	16526
CARBON-DIOXIDE	DIAMINOPIMDECARB-RXN	PWY-5097	right	CO 2	C00011	280	16526
CARBON-DIOXIDE	RXN-7686	PWY-6787	right	CO 2	C00011	280	16526
CARBON-DIOXIDE	ORNDECARBOX-RXN	PWY-46	right	CO 2	C00011	280	16526
CARBON-DIOXIDE	RXN-4122	PWY-2501	right	CO 2	C00011	280	16526
CARBON-DIOXIDE	RXN-9539	PWY-5971	right	CO 2	C00011	280	16526
CARBON-DIOXIDE	RXN-9651	PWY66-430	right	CO 2	C00011	280	16526
CARBON-DIOXIDE	RXN-7775	PWY1F-823	right	CO 2	C00011	280	16526
CARBON-DIOXIDE	RXN1F-167	PWY-5035	right	CO 2	C00011	280	16526
CARBON-DIOXIDE	1.2.1.25-RXN	VALDEG-PWY	right	CO 2	C00011	280	16526
CARBON-DIOXIDE	1.2.1.2-RXN	PWY-7985	right	CO 2	C00011	280	16526
CARBON-DIOXIDE	RXN-113	PWY-102	right	CO 2	C00011	280	16526
CARBON-DIOXIDE	RXN0-5224	CYANCAT-PWY	right	CO 2	C00011	280	16526
CARBON-DIOXIDE	CYCLOHEXADIENYL-DEHYDROGENASE-RXN	PWY-6120	right	CO 2	C00011	280	16526
CARBON-DIOXIDE	IGPSYN-RXN	TRPSYN-PWY	right	CO 2	C00011	280	16526
CARBON-DIOXIDE	RXN-14423	PWY-7252	right	CO 2	C00011	280	16526
CARBON-DIOXIDE	RXN0-5224	PWY-7117	right	CO 2	C00011	280	16526
CARBON-DIOXIDE	RXN-12349	PWY-6792	right	CO 2	C00011	280	16526
CARBON-DIOXIDE	RXN0-1461	HEME-BIOSYNTHESIS-II	right	CO 2	C00011	280	16526
CARBON-DIOXIDE	RXN1F-163	PWY-5070	right	CO 2	C00011	280	16526
CARBON-DIOXIDE	ACETOOHBUTSYN-RXN	ILEUSYN-PWY	right	CO 2	C00011	280	16526
CARBON-DIOXIDE	RXN0-1134	PYRUVDEHYD-PWY	right	CO 2	C00011	280	16526
CARBON-DIOXIDE	RXN-9652	PWY66-430	right	CO 2	C00011	280	16526
CARBON-DIOXIDE	MALIC-NADP-RXN	PWY-241	right	CO 2	C00011	280	16526
CARBON-DIOXIDE	RXN-9632	PWY-5989	right	CO 2	C00011	280	16526
CARBON-DIOXIDE	RXN-947	PWY-102	right	CO 2	C00011	280	16526
CARBON-DIOXIDE	RXN-9952	OXIDATIVEPENT-PWY	right	CO 2	C00011	280	16526
CARBON-DIOXIDE	RXN-886	PWY-102	right	CO 2	C00011	280	16526
CARBON-DIOXIDE	RXN1F-93	PWY-6787	right	CO 2	C00011	280	16526
CARBON-DIOXIDE	RXN-114	PWY-102	right	CO 2	C00011	280	16526
CARBON-DIOXIDE	ACETOLACTSYN-RXN	VALSYN-PWY	right	CO 2	C00011	280	16526
CARBON-DIOXIDE	RXN-115	PWY-102	right	CO 2	C00011	280	16526
CARBON-DIOXIDE	RXN0-723	PWY-7187	right	CO 2	C00011	280	16526
CARBON-DIOXIDE	3.1.1.82-RXN	PWY-5098	right	CO 2	C00011	280	16526
CARBON-DIOXIDE	RXN0-5224	PWY-7115	right	CO 2	C00011	280	16526
CARBON-DIOXIDE	PEPCARBOXYKIN-RXN	GLUCONEO-PWY	right	CO 2	C00011	280	16526
CARBON-DIOXIDE	RXN1F-101	PWY-5035	right	CO 2	C00011	280	16526
CARBON-DIOXIDE	RIBULOSE-BISPHOSPHATE-CARBOXYLASE-RXN	PWY-5723	right	CO 2	C00011	280	16526
CARBON-DIOXIDE	P-PANTOCYSDECARB-RXN	PWY-7851	right	CO 2	C00011	280	16526
CARBON-DIOXIDE	RXN-6201	PWY-5691	right	CO 2	C00011	280	16526
CARBON-DIOXIDE	RXN-7775	PWY-6787	right	CO 2	C00011	280	16526
CARBON-DIOXIDE	RXN1F-99	PWY-5070	right	CO 2	C00011	280	16526
CARBON-DIOXIDE	SAMDECARB-RXN	ARGSPECAT-PWY	right	CO 2	C00011	280	16526
CARBON-DIOXIDE	ISOCITRATE-DEHYDROGENASE-NAD+-RXN	PWY-5690	right	CO 2	C00011	280	16526
CARBON-DIOXIDE	RXN-11468	PWY-6515	right	CO 2	C00011	280	16526
CARBON-DIOXIDE	RXN-13260	PWY-7029	right	CO 2	C00011	280	16526
CARBON-DIOXIDE	RXN-5641	PWY-3385	right	CO 2	C00011	280	16526
CARBON-DIOXIDE	RXN-991	PWY-102	right	CO 2	C00011	280	16526
CARBON-DIOXIDE	RXN-9527	PWY-8279	right	CO 2	C00011	280	16526
CARBON-DIOXIDE	RXN0-1461	CHLOROPHYLL-SYN	right	CO 2	C00011	280	16526
CARBON-DIOXIDE	RXN-7686	PWY-5060	right	CO 2	C00011	280	16526
CARBON-DIOXIDE	RXN-7697	PWY-5080	right	CO 2	C00011	280	16526
CARBON-DIOXIDE	RXN1F-169	PWY-5035	right	CO 2	C00011	280	16526
CARBON-DIOXIDE	DXS-RXN	NONMEVIPP-PWY	right	CO 2	C00011	280	16526
CARBON-DIOXIDE	RXNDQC-2	PWYDQC-4	right	CO 2	C00011	280	16526
CARBON-DIOXIDE	2.3.1.179-RXN	PWY-5973	right	CO 2	C00011	280	16526
CARBON-DIOXIDE	RXN-172	PWY-102	right	CO 2	C00011	280	16526
CARBON-DIOXIDE	GCVP-RXN	GLYCLEAV-PWY	right	CO 2	C00011	280	16526
CARBON-DIOXIDE	CITRULLINASE-RXN	PWY4LZ-81	right	CO 2	C00011	280	16526
CARBON-DIOXIDE	RXN-16344	PWY-7749	right	CO 2	C00011	280	16526
CARBON-DIOXIDE	N-CARBAMOYLPUTRESCINE-AMIDASE-RXN	PWYQT-94	right	CO 2	C00011	280	16526
CARBON-DIOXIDE	ALLOPHANATE-HYDROLASE-RXN	PWY4LZ-81	right	CO 2	C00011	280	16526
CARBON-DIOXIDE	4-HYDROXYPHENYLPYRUVATE-DIOXYGENASE-RXN	PWY-1422	right	CO 2	C00011	280	16526
CARBON-DIOXIDE	1.1.1.39-RXN	GLUCONEO-PWY	right	CO 2	C00011	280	16526
CARBON-DIOXIDE	GCVMULTI-RXN	PWY0-1608	right	CO 2	C00011	280	16526
CARBON-DIOXIDE	2KETO-4METHYL-PENTANOATE-DEHYDROG-RXN	LEU-DEG2-PWY	right	CO 2	C00011	280	16526
CARBON-DIOXIDE	RXN-3142	PWY1F-FLAVSYN	right	CO 2	C00011	280	16526
CARBON-DIOXIDE	GLUTDECARBOX-RXN	PWY-4321	right	CO 2	C00011	280	16526
CARBON-DIOXIDE	RXN0-5224	PWY-241	right	CO 2	C00011	280	16526
CARBON-DIOXIDE	RXN0-5224	PWYQT-4429	right	CO 2	C00011	280	16526
CARBON-DIOXIDE	RXN-11928	PWY-2541	right	CO 2	C00011	280	16526
CARBON-DIOXIDE	GCVMULTI-RXN	PWY-181	right	CO 2	C00011	280	16526
CARBON-DIOXIDE	NARINGENIN-CHALCONE-SYNTHASE-RXN	PWY-6787	right	CO 2	C00011	280	16526
CARBON-DIOXIDE	RXN-9650	PWY66-430	right	CO 2	C00011	280	16526
CARBON-DIOXIDE	RXN-20441	PWY18C3-1	right	CO 2	C00011	280	16526
CARBON-DIOXIDE	TYROSINE-DECARBOXYLASE-RXN	PWY-5474	right	CO 2	C00011	280	16526
CARBON-DIOXIDE	RXN-6161	PWY-6330	right	CO 2	C00011	280	16526
CARBON-DIOXIDE	ISOCITRATE-DEHYDROGENASE-NAD+-RXN	PWYQT-4481	right	CO 2	C00011	280	16526
CARBON-DIOXIDE	RXN-6524	PWY-5035	right	CO 2	C00011	280	16526
CARBON-DIOXIDE	NARINGENIN-CHALCONE-SYNTHASE-RXN	PWY1F-FLAVSYN	right	CO 2	C00011	280	16526
CARBON-DIOXIDE	ALLANTOATE-DEIMINASE-RXN	PWY-5698	right	CO 2	C00011	280	16526
CARBON-DIOXIDE	RXN-9531	PWY-8279	right	CO 2	C00011	280	16526
CARBON-DIOXIDE	RXN-9648	PWY66-430	right	CO 2	C00011	280	16526
CARBON-DIOXIDE	R524-RXN	CYANCAT-PWY	right	CO 2	C00011	280	16526
CARBON-DIOXIDE	RXN-8450	PWY-3101	right	CO 2	C00011	280	16526
CARBON-DIOXIDE	1.14.11.24-RXN	PWY-5925	right	CO 2	C00011	280	16526
CARBON-DIOXIDE	RXN1F-168	PWY-5035	right	CO 2	C00011	280	16526
CARBON-DIOXIDE	RXN-6161	PWY-5486	right	CO 2	C00011	280	16526
CARBON-DIOXIDE	RXN-13297	PWY-7036	right	CO 2	C00011	280	16526
CARBON-DIOXIDE	PEPCARBOXYKIN-RXN	PWY-7117	right	CO 2	C00011	280	16526
CARBON-DIOXIDE	RXNQT-4301	PWY-6909	right	CO 2	C00011	280	16526
CARBON-DIOXIDE	GCVMULTI-RXN	PWY-3841	right	CO 2	C00011	280	16526
CARBON-DIOXIDE	RXN1F-164	PWY-5070	right	CO 2	C00011	280	16526
CARBON-DIOXIDE	2OXOGLUTARATEDEH-RXN	PWY-5690	right	CO 2	C00011	280	16526
CARBON-DIOXIDE	RXN-171	PWY-102	right	CO 2	C00011	280	16526
CARBON-DIOXIDE	RXN-14656	PWY-7298	right	CO 2	C00011	280	16526
CARBON-DIOXIDE	RXN-9535	PWY-5971	right	CO 2	C00011	280	16526
CARBON-DIOXIDE	OXALYL-COA-DECARBOXYLASE-RXN	PWY-7985	right	CO 2	C00011	280	16526
CARBON-DIOXIDE	RXN-9516	PWY-8279	right	CO 2	C00011	280	16526
CARBON-DIOXIDE	UROGENDECARBOX-RXN	HEME-BIOSYNTHESIS-II	right	CO 2	C00011	280	16526
CARBON-DIOXIDE	DXS-RXN	PWY-7560	right	CO 2	C00011	280	16526
CARBON-DIOXIDE	RXN-14426	PWY-7253	right	CO 2	C00011	280	16526
CARBON-DIOXIDE	RXN-5641	PWY4FS-6	right	CO 2	C00011	280	16526
CARBON-DIOXIDE	RXN1F-93	PWY-3101	right	CO 2	C00011	280	16526
CARBON-DIOXIDE	RXN-7610	PWY4LZ-81	right	CO 2	C00011	280	16526
CARBON-DIOXIDE	RXN-13296	PWY-7036	right	CO 2	C00011	280	16526
CARBON-DIOXIDE	N-CARBAMOYLPUTRESCINE-AMIDASE-RXN	PWY-43	right	CO 2	C00011	280	16526
CARBON-DIOXIDE	RXN-11933	PWY-2541	right	CO 2	C00011	280	16526
CARBON-DIOXIDE	OROTPDECARB-RXN	PWY-5686	right	CO 2	C00011	280	16526
CARBON-DIOXIDE	RXN-7687	PWY-5060	right	CO 2	C00011	280	16526
CARBON-DIOXIDE	UREIDOGLYCOLATE-HYDROLASE-RXN	PWY-5692	right	CO 2	C00011	280	16526
CARBON-DIOXIDE	RXN-9539	PWY-8279	right	CO 2	C00011	280	16526
CARBON-DIOXIDE	RXN1F-170	PWY-5035	right	CO 2	C00011	280	16526
CARBON-DIOXIDE	RXN1F-165	PWY-5070	right	CO 2	C00011	280	16526
CARBON-DIOXIDE	RXN-7982	PWY-5925	right	CO 2	C00011	280	16526
CARBON-DIOXIDE	RXN-6550	PWY-102	right	CO 2	C00011	280	16526
CARBON-DIOXIDE	4-HYDROXYPHENYLPYRUVATE-DIOXYGENASE-RXN	PWY-1581	right	CO 2	C00011	280	16526
CARBON-DIOXIDE	1.2.4.4-RXN	PWY-5046	right	CO 2	C00011	280	16526
CARBON-DIOXIDE	RXN0-5222	PWY-5704	right	CO 2	C00011	280	16526
CARBON-DIOXIDE	ARGDECARBOX-RXN	PWY-43	right	CO 2	C00011	280	16526
CARBON-DIOXIDE	2KETO-3METHYLVALERATE-RXN	ILEUDEG-PWY	right	CO 2	C00011	280	16526
CARBON-DIOXIDE	ETHYL-RXN	ETHYL-PWY	right	CO 2	C00011	280	16526
CARBON-DIOXIDE	2.5.1.64-RXN	PWY-5837	right	CO 2	C00011	280	16526
CARBON-DIOXIDE	RXN-2541	PWY-1422	right	CO 2	C00011	280	16526
CARBON-DIOXIDE	3-OXOACYL-ACP-SYNTH-RXN	FASYN-ELONG-PWY	right	CO 2	C00011	280	16526
CARBON-DIOXIDE	UROGENDECARBOX-RXN	CHLOROPHYLL-SYN	right	CO 2	C00011	280	16526
CARBON-DIOXIDE	2OXOGLUTDECARB-RXN	PWY-5084	right	CO 2	C00011	280	16526
CARBON-DIOXIDE	RXN-13295	PWY-7036	right	CO 2	C00011	280	16526
CARBON-DIOXIDE	RXN-9516	PWY-5971	right	CO 2	C00011	280	16526
CARBON-DIOXIDE	RXN-9523	PWY-8279	right	CO 2	C00011	280	16526
CARBON-DIOXIDE	RXN-5682	PWY-3461	right	CO 2	C00011	280	16526
CARBON-DIOXIDE	RXN-6685	PWY-6950	right	CO 2	C00011	280	16526
CARBON-DIOXIDE	RXN-6523	PWY-5070	right	CO 2	C00011	280	16526
CARBON-DIOXIDE	UDP-GLUCURONATE-DECARBOXYLASE-RXN	PWY-4821	right	CO 2	C00011	280	16526
CARBON-DIOXIDE	CARBOXYCYCLOHEXADIENYL-DEHYDRATASE-RXN	PWY-3462	right	CO 2	C00011	280	16526
CARBON-DIOXIDE	RXN-13294	PWY-7036	right	CO 2	C00011	280	16526
CARBON-DIOXIDE	RXN-2761	PWY-1581	right	CO 2	C00011	280	16526
CARBON-DIOXIDE	RXN0-5222	CYANCAT-PWY	right	CO 2	C00011	280	16526
CARBON-DIOXIDE	RXN-527	PWY-6787	right	CO 2	C00011	280	16526
CARBON-DIOXIDE	RXN-9535	PWY-8279	right	CO 2	C00011	280	16526
CARBON-DIOXIDE	DIPHOSPHOMEVALONTE-DECARBOXYLASE-RXN	PWY-922	right	CO 2	C00011	280	16526
CARBON-DIOXIDE	AIRCARBOXY-RXN	PWY-6124	right	CO 2	C00011	280	16526
CARBON-DIOXIDE	DETHIOBIOTIN-SYN-RXN	PWY0-1507	left	CO 2	C00011	280	16526
CARBON-DIOXIDE	AROMATIC-L-AMINO-ACID-DECARBOXYLASE-RXN	PWY-8475	right	CO 2	C00011	280	16526
CARBON-DIOXIDE	RXN-7800	LEUSYN-PWY	right	CO 2	C00011	280	16526
CARBON-DIOXIDE	RXN-9632	PWY-8280	right	CO 2	C00011	280	16526
CARBON-DIOXIDE	RXN0-724	PWY-7187	right	CO 2	C00011	280	16526
CARBON-DIOXIDE	UREA-CARBOXYLASE-RXN	PWY4LZ-81	left	CO 2	C00011	280	16526
CARBON-DIOXIDE	RXN-6541	PWY-5070	right	CO 2	C00011	280	16526
CARBON-DIOXIDE	NARINGENIN-3-DIOXYGENASE-RXN	PWY1F-FLAVSYN	right	CO 2	C00011	280	16526
CARBON-DIOXIDE	4-HYDROXYPHENYLPYRUVATE-DIOXYGENASE-RXN	TYRFUMCAT-PWY	right	CO 2	C00011	280	16526
CARBON-DIOXIDE	RXN-527	PWY-3101	right	CO 2	C00011	280	16526
CARBON-DIOXIDE	RXN-9523	PWY-5971	right	CO 2	C00011	280	16526
CARBON-DIOXIDE	PHOSPHASERDECARB-RXN	PWY-5669	right	CO 2	C00011	280	16526
CARBON-DIOXIDE	RXN-16407	PWY-6733	right	CO 2	C00011	280	16526
CARBON-DIOXIDE	BETA-UREIDOPROPIONASE-RXN	PWY-3982	right	CO 2	C00011	280	16526
CARBON-DIOXIDE	QUINOPRIBOTRANS-RXN	PYRIDNUCSYN-PWY	left	CO 2	C00011	280	16526
CARBON-DIOXIDE	RXN-20783	PWY-8076	right	CO 2	C00011	280	16526
CARBON-DIOXIDE	RXN-7687	PWY-6787	right	CO 2	C00011	280	16526
CARBON-DIOXIDE	RXN-9284	PWY-5871	right	CO 2	C00011	280	16526
CARBON-DIOXIDE	NARINGENIN-3-DIOXYGENASE-RXN	PWY-6787	right	CO 2	C00011	280	16526
CARBON-DIOXIDE	SAMDECARB-RXN	BSUBPOLYAMSYN-PWY	right	CO 2	C00011	280	16526
CARBON-DIOXIDE	RXN-11938	PWY-2541	right	CO 2	C00011	280	16526
CARBON-DIOXIDE	2.3.1.180-RXN	PWY-4381	right	CO 2	C00011	280	16526
CPD-638	RXN-886	PWY-102	left	gibberellin A 44 (closed lactone form)	C12308	25200926	58554
CPD-885	RXN-886	PWY-102	right	gibberellin A 98		91819760	133480
2-KETOGLUTARATE	RXN-7775	PWY-6787	left	2-oxoglutarate	C00026	164533	16810
2-KETOGLUTARATE	RXN-12349	PWY-6792	left	2-oxoglutarate	C00026	164533	16810
2-KETOGLUTARATE	RXN-7737	PWY-5097	left	2-oxoglutarate	C00026	164533	16810
2-KETOGLUTARATE	GABATRANSAM-RXN	PWY-6535	left	2-oxoglutarate	C00026	164533	16810
2-KETOGLUTARATE	GABATRANSAM-RXN	PWY-4321	left	2-oxoglutarate	C00026	164533	16810
2-KETOGLUTARATE	ASPAMINOTRANS-RXN	ASPARTATESYN-PWY	left	2-oxoglutarate	C00026	164533	16810
2-KETOGLUTARATE	RXN-14423	PWY-7252	left	2-oxoglutarate	C00026	164533	16810
2-KETOGLUTARATE	GLUTAMATE-DEHYDROGENASE-RXN	ALACAT2-PWY	right	2-oxoglutarate	C00026	164533	16810
2-KETOGLUTARATE	2OXOGLUTARATEDEH-RXN	PWYQT-4481	left	2-oxoglutarate	C00026	164533	16810
2-KETOGLUTARATE	TYROSINE-AMINOTRANSFERASE-RXN	TYRFUMCAT-PWY	left	2-oxoglutarate	C00026	164533	16810
2-KETOGLUTARATE	BRANCHED-CHAINAMINOTRANSFERLEU-RXN	LEUSYN-PWY	left	2-oxoglutarate	C00026	164533	16810
2-KETOGLUTARATE	BRANCHED-CHAINAMINOTRANSFERLEU-RXN	LEU-DEG2-PWY	left	2-oxoglutarate	C00026	164533	16810
2-KETOGLUTARATE	RXN-13697	PWY-7117	left	2-oxoglutarate	C00026	164533	16810
2-KETOGLUTARATE	RXN-14655	PWY-7298	left	2-oxoglutarate	C00026	164533	16810
2-KETOGLUTARATE	RXN-18348	PWY-641	left	2-oxoglutarate	C00026	164533	16810
2-KETOGLUTARATE	RXN1F-163	PWY-5070	left	2-oxoglutarate	C00026	164533	16810
2-KETOGLUTARATE	2.6.1.22-RXN	VALDEG-PWY	left	2-oxoglutarate	C00026	164533	16810
2-KETOGLUTARATE	RXN-20783	PWY-8076	left	2-oxoglutarate	C00026	164533	16810
2-KETOGLUTARATE	RXN-292	PWY-102	left	2-oxoglutarate	C00026	164533	16810
2-KETOGLUTARATE	GLUTAMATE-SYNTHASE-NADH-RXN	PWY4LZ-81	right	2-oxoglutarate	C00026	164533	16810
2-KETOGLUTARATE	RXN-947	PWY-102	left	2-oxoglutarate	C00026	164533	16810
2-KETOGLUTARATE	ALANINE-AMINOTRANSFERASE-RXN	PWY-7115	left	2-oxoglutarate	C00026	164533	16810
2-KETOGLUTARATE	BRANCHED-CHAINAMINOTRANSFERILEU-RXN	ILEUDEG-PWY	left	2-oxoglutarate	C00026	164533	16810
2-KETOGLUTARATE	ORNITHINE-GLU-AMINOTRANSFORASE-RXN	PWY4LZ-81	left	2-oxoglutarate	C00026	164533	16810
2-KETOGLUTARATE	RXN1F-93	PWY-3101	left	2-oxoglutarate	C00026	164533	16810
2-KETOGLUTARATE	RXN-13697	PWY-7115	left	2-oxoglutarate	C00026	164533	16810
2-KETOGLUTARATE	GLUTAMATE-SYNTHASE-NADH-RXN	PWY-6963	right	2-oxoglutarate	C00026	164533	16810
2-KETOGLUTARATE	RXN-18348	PWY-5125	left	2-oxoglutarate	C00026	164533	16810
2-KETOGLUTARATE	2OXOGLUTARATEDEH-RXN	PWY-5690	left	2-oxoglutarate	C00026	164533	16810
2-KETOGLUTARATE	RXN1F-93	PWY-6787	left	2-oxoglutarate	C00026	164533	16810
2-KETOGLUTARATE	RXN-6524	PWY-5035	left	2-oxoglutarate	C00026	164533	16810
2-KETOGLUTARATE	RXN-527	PWY-6787	left	2-oxoglutarate	C00026	164533	16810
2-KETOGLUTARATE	RXN1F-167	PWY-5035	left	2-oxoglutarate	C00026	164533	16810
2-KETOGLUTARATE	2.6.1.80-RXN	PWY-5912	left	2-oxoglutarate	C00026	164533	16810
2-KETOGLUTARATE	RXN-7983	PWY-5925	left	2-oxoglutarate	C00026	164533	16810
2-KETOGLUTARATE	RXN-7686	PWY-6787	left	2-oxoglutarate	C00026	164533	16810
2-KETOGLUTARATE	BRANCHED-CHAINAMINOTRANSFERVAL-RXN	VALSYN-PWY	left	2-oxoglutarate	C00026	164533	16810
2-KETOGLUTARATE	RXN-8450	PWY-3101	left	2-oxoglutarate	C00026	164533	16810
2-KETOGLUTARATE	ASPAMINOTRANS-RXN	ASPARTATE-DEG1-PWY	left	2-oxoglutarate	C00026	164533	16810
2-KETOGLUTARATE	1.14.11.24-RXN	PWY-5925	left	2-oxoglutarate	C00026	164533	16810
2-KETOGLUTARATE	RXN-14656	PWY-7298	left	2-oxoglutarate	C00026	164533	16810
2-KETOGLUTARATE	RXN1F-165	PWY-5070	left	2-oxoglutarate	C00026	164533	16810
2-KETOGLUTARATE	ORNITHINE-GLU-AMINOTRANSFERASE-RXN	CITRULBIO-PWY	left	2-oxoglutarate	C00026	164533	16810
2-KETOGLUTARATE	ALANINE-AMINOTRANSFERASE-RXN	ALANINE-DEG3-PWY	left	2-oxoglutarate	C00026	164533	16810
2-KETOGLUTARATE	RXN-115	PWY-102	left	2-oxoglutarate	C00026	164533	16810
2-KETOGLUTARATE	RXN-7686	PWY-5060	left	2-oxoglutarate	C00026	164533	16810
2-KETOGLUTARATE	ACETYLORNTRANSAM-RXN	GLUTORN-PWY	left	2-oxoglutarate	C00026	164533	16810
2-KETOGLUTARATE	TYROSINE-AMINOTRANSFERASE-RXN	PWY-5048	left	2-oxoglutarate	C00026	164533	16810
2-KETOGLUTARATE	RXN-12963	PWY-6982	left	2-oxoglutarate	C00026	164533	16810
2-KETOGLUTARATE	RXN-6523	PWY-5070	left	2-oxoglutarate	C00026	164533	16810
2-KETOGLUTARATE	RXN-114	PWY-102	left	2-oxoglutarate	C00026	164533	16810
2-KETOGLUTARATE	GLUTAMATE-SYNTHASE-FERREDOXIN-RXN	PWY-4341	right	2-oxoglutarate	C00026	164533	16810
2-KETOGLUTARATE	GLUTAMATE-DEHYDROGENASE-RXN	GLUTAMATE-DEG1-PWY	right	2-oxoglutarate	C00026	164533	16810
2-KETOGLUTARATE	2.5.1.64-RXN	PWY-5837	left	2-oxoglutarate	C00026	164533	16810
2-KETOGLUTARATE	RXN-886	PWY-102	left	2-oxoglutarate	C00026	164533	16810
2-KETOGLUTARATE	RXN1F-168	PWY-5035	left	2-oxoglutarate	C00026	164533	16810
2-KETOGLUTARATE	TYROSINE-AMINOTRANSFERASE-RXN	PWY-5886	left	2-oxoglutarate	C00026	164533	16810
2-KETOGLUTARATE	ALANINE-AMINOTRANSFERASE-RXN	ALANINE-SYN2-PWY	left	2-oxoglutarate	C00026	164533	16810
2-KETOGLUTARATE	RXN-118	PWY-102	left	2-oxoglutarate	C00026	164533	16810
2-KETOGLUTARATE	RXN1F-99	PWY-5070	left	2-oxoglutarate	C00026	164533	16810
2-KETOGLUTARATE	BRANCHED-CHAINAMINOTRANSFERVAL-RXN	VALDEG-PWY	left	2-oxoglutarate	C00026	164533	16810
2-KETOGLUTARATE	2OXOGLUTDECARB-RXN	PWY-5084	left	2-oxoglutarate	C00026	164533	16810
2-KETOGLUTARATE	RXN1F-164	PWY-5070	left	2-oxoglutarate	C00026	164533	16810
2-KETOGLUTARATE	ASPAMINOTRANS-RXN	PWY-7117	left	2-oxoglutarate	C00026	164533	16810
2-KETOGLUTARATE	RXN-6541	PWY-5070	left	2-oxoglutarate	C00026	164533	16810
2-KETOGLUTARATE	GLUTAMATE-SYNTHASE-FERREDOXIN-RXN	PWY4LZ-283	right	2-oxoglutarate	C00026	164533	16810
2-KETOGLUTARATE	RXN-7982	PWY-5925	left	2-oxoglutarate	C00026	164533	16810
2-KETOGLUTARATE	ORNITHINE-GLU-AMINOTRANSFERASE-RXN	ARG-PRO-PWY	left	2-oxoglutarate	C00026	164533	16810
2-KETOGLUTARATE	ISOCITRATE-DEHYDROGENASE-NAD+-RXN	PWY-5690	right	2-oxoglutarate	C00026	164533	16810
2-KETOGLUTARATE	ORNITHINE-GLU-AMINOTRANSFERASE-RXN	ARGININE-SYN4-PWY	left	2-oxoglutarate	C00026	164533	16810
2-KETOGLUTARATE	HISTAMINOTRANS-RXN	HISTSYN-PWY	left	2-oxoglutarate	C00026	164533	16810
2-KETOGLUTARATE	RXN1F-101	PWY-5035	left	2-oxoglutarate	C00026	164533	16810
2-KETOGLUTARATE	NARINGENIN-3-DIOXYGENASE-RXN	PWY-6787	left	2-oxoglutarate	C00026	164533	16810
2-KETOGLUTARATE	BRANCHED-CHAINAMINOTRANSFERILEU-RXN	ILEUSYN-PWY	left	2-oxoglutarate	C00026	164533	16810
2-KETOGLUTARATE	RXN-7775	PWY1F-823	left	2-oxoglutarate	C00026	164533	16810
2-KETOGLUTARATE	PSERTRANSAM-RXN	SERSYN-PWY	left	2-oxoglutarate	C00026	164533	16810
2-KETOGLUTARATE	RXN1F-169	PWY-5035	left	2-oxoglutarate	C00026	164533	16810
2-KETOGLUTARATE	GLYCINE-AMINOTRANSFERASE-RXN	PWY-181	left	2-oxoglutarate	C00026	164533	16810
2-KETOGLUTARATE	PREPHENATE-TRANSAMINE-RXN	PWY-3462	left	2-oxoglutarate	C00026	164533	16810
2-KETOGLUTARATE	RXN-6550	PWY-102	left	2-oxoglutarate	C00026	164533	16810
2-KETOGLUTARATE	RXN-13698	PWY-7117	right	2-oxoglutarate	C00026	164533	16810
2-KETOGLUTARATE	RXN-14426	PWY-7253	left	2-oxoglutarate	C00026	164533	16810
2-KETOGLUTARATE	RXN1F-170	PWY-5035	left	2-oxoglutarate	C00026	164533	16810
2-KETOGLUTARATE	RXN-16344	PWY-7749	left	2-oxoglutarate	C00026	164533	16810
2-KETOGLUTARATE	GLUTAMATE-SYNTHASE-FERREDOXIN-RXN	PWY4LZ-81	right	2-oxoglutarate	C00026	164533	16810
2-KETOGLUTARATE	RXN-6685	PWY-6950	left	2-oxoglutarate	C00026	164533	16810
2-KETOGLUTARATE	RXN-113	PWY-102	left	2-oxoglutarate	C00026	164533	16810
2-KETOGLUTARATE	GLYCINE-AMINOTRANSFERASE-RXN	GLYSYN2-PWY	left	2-oxoglutarate	C00026	164533	16810
2-KETOGLUTARATE	ALANINE-AMINOTRANSFERASE-RXN	PWY-7117	left	2-oxoglutarate	C00026	164533	16810
2-KETOGLUTARATE	RXN-991	PWY-102	left	2-oxoglutarate	C00026	164533	16810
2-KETOGLUTARATE	GLUTAMATE-SYNTHASE-FERREDOXIN-RXN	PWY-6964	right	2-oxoglutarate	C00026	164533	16810
2-KETOGLUTARATE	ISOCITRATE-DEHYDROGENASE-NAD+-RXN	PWYQT-4481	right	2-oxoglutarate	C00026	164533	16810
2-KETOGLUTARATE	RXN-527	PWY-3101	left	2-oxoglutarate	C00026	164533	16810
2-KETOGLUTARATE	ORNITHINE-GLU-AMINOTRANSFERASE-RXN	ARGASEDEG-PWY	left	2-oxoglutarate	C00026	164533	16810
2-KETOGLUTARATE	PREPHENATE-TRANSAMINE-RXN	PWY-6120	left	2-oxoglutarate	C00026	164533	16810
2-KETOGLUTARATE	RXN-171	PWY-102	left	2-oxoglutarate	C00026	164533	16810
2-KETOGLUTARATE	ACETYLORNTRANSAM-RXN	ARGSYNBSUB-PWY	left	2-oxoglutarate	C00026	164533	16810
2-KETOGLUTARATE	RXN1F-162	PWY-5070	left	2-oxoglutarate	C00026	164533	16810
2-KETOGLUTARATE	ALANINE-AMINOTRANSFERASE-RXN	ALACAT2-PWY	left	2-oxoglutarate	C00026	164533	16810
2-KETOGLUTARATE	RXN-7687	PWY-5060	left	2-oxoglutarate	C00026	164533	16810
2-KETOGLUTARATE	RXN-13072	PWY-4361	right	2-oxoglutarate	C00026	164533	16810
2-KETOGLUTARATE	GLUTAMATE-SYNTHASE-NADH-RXN	PWY4LZ-283	right	2-oxoglutarate	C00026	164533	16810
2-KETOGLUTARATE	NARINGENIN-3-DIOXYGENASE-RXN	PWY1F-FLAVSYN	left	2-oxoglutarate	C00026	164533	16810
2-KETOGLUTARATE	RXN-7687	PWY-6787	left	2-oxoglutarate	C00026	164533	16810
2-KETOGLUTARATE	PREPHENATE-TRANSAMINE-RXN	PWY-3461	left	2-oxoglutarate	C00026	164533	16810
2-KETOGLUTARATE	ASPAMINOTRANS-RXN	PWY-7115	left	2-oxoglutarate	C00026	164533	16810
2-KETOGLUTARATE	2.6.1.49-RXN	PWY-5049	left	2-oxoglutarate	C00026	164533	16810
2-KETOGLUTARATE	GLUTAMATE-SYNTHASE-NADH-RXN	GLUGLNSYN-PWY	right	2-oxoglutarate	C00026	164533	16810
2-KETOGLUTARATE	RXN-13698	PWY-7115	right	2-oxoglutarate	C00026	164533	16810
2-KETOGLUTARATE	ORNITHINE-GLU-AMINOTRANSFERASE-RXN	PWY-3341	left	2-oxoglutarate	C00026	164533	16810
2-KETOGLUTARATE	RXN-172	PWY-102	left	2-oxoglutarate	C00026	164533	16810
SUC	RXN-7686	PWY-5060	right	succinate	C00042	160419	30031
SUC	RXN-6524	PWY-5035	right	succinate	C00042	160419	30031
SUC	RXN-18348	PWY-5125	right	succinate	C00042	160419	30031
SUC	RXN-292	PWY-102	right	succinate	C00042	160419	30031
SUC	RXN-14423	PWY-7252	right	succinate	C00042	160419	30031
SUC	RXN-18348	PWY-641	right	succinate	C00042	160419	30031
SUC	RXN-12349	PWY-6792	right	succinate	C00042	160419	30031
SUC	RXN-113	PWY-102	right	succinate	C00042	160419	30031
SUC	RXN-14655	PWY-7298	right	succinate	C00042	160419	30031
SUC	RXN1F-93	PWY-6787	right	succinate	C00042	160419	30031
SUC	SUCCINATE-DEHYDROGENASE-UBIQUINONE-RXN	PWY-4302	left	succinate	C00042	160419	30031
SUC	RXN-20783	PWY-8076	right	succinate	C00042	160419	30031
SUC	RXN-14656	PWY-7298	right	succinate	C00042	160419	30031
SUC	RXN-114	PWY-102	right	succinate	C00042	160419	30031
SUC	RXN-14426	PWY-7253	right	succinate	C00042	160419	30031
SUC	SUCCINATE-DEHYDROGENASE-UBIQUINONE-RXN	PWY-3781	left	succinate	C00042	160419	30031
SUC	RXN1F-163	PWY-5070	right	succinate	C00042	160419	30031
SUC	NARINGENIN-3-DIOXYGENASE-RXN	PWY1F-FLAVSYN	right	succinate	C00042	160419	30031
SUC	RXN1F-93	PWY-3101	right	succinate	C00042	160419	30031
SUC	SUCCINATE-DEHYDROGENASE-UBIQUINONE-RXN	PWYQT-4481	left	succinate	C00042	160419	30031
SUC	RXN1F-99	PWY-5070	right	succinate	C00042	160419	30031
SUC	RXN1F-170	PWY-5035	right	succinate	C00042	160419	30031
SUC	RXN1F-169	PWY-5035	right	succinate	C00042	160419	30031
SUC	RXN1F-162	PWY-5070	right	succinate	C00042	160419	30031
SUC	RXN-12963	PWY-6982	right	succinate	C00042	160419	30031
SUC	RXN-7686	PWY-6787	right	succinate	C00042	160419	30031
SUC	RXN-886	PWY-102	right	succinate	C00042	160419	30031
SUC	RXN1F-167	PWY-5035	right	succinate	C00042	160419	30031
SUC	RXN-6685	PWY-6950	right	succinate	C00042	160419	30031
SUC	RXN-527	PWY-6787	right	succinate	C00042	160419	30031
SUC	RXN-118	PWY-102	right	succinate	C00042	160419	30031
SUC	RXN-7687	PWY-5060	right	succinate	C00042	160419	30031
SUC	RXN-6523	PWY-5070	right	succinate	C00042	160419	30031
SUC	RXN1F-168	PWY-5035	right	succinate	C00042	160419	30031
SUC	RXN1F-101	PWY-5035	right	succinate	C00042	160419	30031
SUC	RXN-171	PWY-102	right	succinate	C00042	160419	30031
SUC	RXN-7775	PWY1F-823	right	succinate	C00042	160419	30031
SUC	RXN-7775	PWY-6787	right	succinate	C00042	160419	30031
SUC	RXN-991	PWY-102	right	succinate	C00042	160419	30031
SUC	RXN1F-165	PWY-5070	right	succinate	C00042	160419	30031
SUC	SUCCCOASYN-RXN	PWY-5690	left	succinate	C00042	160419	30031
SUC	SUCCINATE-SEMIALDEHYDE-DEHYDROGENASE-RXN	PWY-6473	right	succinate	C00042	160419	30031
SUC	SUCCCOASYN-RXN	PWYQT-4481	left	succinate	C00042	160419	30031
SUC	RXN-947	PWY-102	right	succinate	C00042	160419	30031
SUC	RXN-6550	PWY-102	right	succinate	C00042	160419	30031
SUC	RXN-7983	PWY-5925	right	succinate	C00042	160419	30031
SUC	RXN-115	PWY-102	right	succinate	C00042	160419	30031
SUC	RXN-8450	PWY-3101	right	succinate	C00042	160419	30031
SUC	RXN-14971	PWY-5690	left	succinate	C00042	160419	30031
SUC	RXN-16344	PWY-7749	right	succinate	C00042	160419	30031
SUC	RXN-7687	PWY-6787	right	succinate	C00042	160419	30031
SUC	RXN-6541	PWY-5070	right	succinate	C00042	160419	30031
SUC	1.14.11.24-RXN	PWY-5925	right	succinate	C00042	160419	30031
SUC	RXN1F-164	PWY-5070	right	succinate	C00042	160419	30031
SUC	SUCCINATE-SEMIALDEHYDE-DEHYDROGENASE-RXN	PWY-6535	right	succinate	C00042	160419	30031
SUC	RXN-7982	PWY-5925	right	succinate	C00042	160419	30031
SUC	SUCCINATE-SEMIALDEHYDE-DEHYDROGENASE-RXN	PWY-4321	right	succinate	C00042	160419	30031
SUC	RXN-527	PWY-3101	right	succinate	C00042	160419	30031
SUC	NARINGENIN-3-DIOXYGENASE-RXN	PWY-6787	right	succinate	C00042	160419	30031
SUC	RXN-172	PWY-102	right	succinate	C00042	160419	30031
CPD-695	RXN1F-143	PWY-5035	right	gibberellin A 53	C06094	25203620	143954
CPD-695	RXN-991	PWY-102	left	gibberellin A 53	C06094	25203620	143954
CPD-695	RXN1F-167	PWY-5035	left	gibberellin A 53	C06094	25203620	143954
CPD-477	RXN-991	PWY-102	right	gibberellin A 97		25203277	175681
CPD-475	RXN-947	PWY-102	right	gibberellin A 110		25243953	133478
CPD1F-95	RXN1F-143	PWY-5035	left	gibberellin A 12	C11857	25244528	58627
CPD1F-95	RXN-947	PWY-102	left	gibberellin A 12	C11857	25244528	58627
CPD1F-95	RXN1F-162	PWY-5070	left	gibberellin A 12	C11857	25244528	58627
CPD1F-95	RXN1F-161	PWY-5034	right	gibberellin A 12	C11857	25244528	58627
CPD-632	RXN-292	PWY-102	right	gibberellin A 34 -catabolite	C11869	25201142	29594
CPD-6224	RXN-292	PWY-102	left	gibberellin A 34	C11868	25245079	29593
CPD-6224	RXN-6550	PWY-102	right	gibberellin A 34	C11868	25245079	29593
CPD1F-137	RXN-6550	PWY-102	left	gibberellin A 4	C11864	25245706	32902
CPD1F-137	RXN1F-165	PWY-5070	right	gibberellin A 4	C11864	25245706	32902
CPD-482	RXN-172	PWY-102	left	gibberellin A 51	C11865	25245666	29599
CPD-482	RXN-171	PWY-102	right	gibberellin A 51	C11865	25245666	29599
CPD-498	RXN-172	PWY-102	right	gibberellin A 51 -catabolite	C11854	25201559	191246
CPD1F-134	RXN-171	PWY-102	left	gibberellin A 9	C11863	25244370	73255
CPD1F-134	RXN1F-165	PWY-5070	left	gibberellin A 9	C11863	25244370	73255
CPD1F-134	RXN1F-164	PWY-5070	right	gibberellin A 9	C11863	25244370	73255
CPD-236	RXN-113	PWY-102	right	gibberellin A 29	C06096	25200412	28040
CPD-236	RXN-114	PWY-102	left	gibberellin A 29	C06096	25200412	28040
CPD-251	RXN-114	PWY-102	right	gibberellin A 29 -catabolite	C11855	25200854	29592
CPD1F-139	RXN-115	PWY-102	left	gibberellin A 1	C00859	25202506	27717
CPD1F-139	RXN1F-170	PWY-5035	right	gibberellin A 1	C00859	25202506	27717
CPD-204	RXN-118	PWY-102	left	gibberellin A 8	C03579	25203521	28861
CPD-204	RXN-115	PWY-102	right	gibberellin A 8	C03579	25203521	28861
CPD-229	RXN-118	PWY-102	right	gibberellin A 8 -catabolite	C11870	25202462	29604
CPD1F-140	RXN1F-170	PWY-5035	left	gibberellin A 20	C02035	25201798	27742
CPD1F-140	RXN1F-169	PWY-5035	right	gibberellin A 20	C02035	25201798	27742
CPD1F-140	RXN-113	PWY-102	left	gibberellin A 20	C02035	25201798	27742
NADH	RXN-11928	PWY-2541	right	NADH	C00004	21604869	57945
NADH	ENOYL-ACP-REDUCT-NADH-RXN	FASYN-ELONG-PWY	right	NADH	C00004	21604869	57945
NADH	RXN-1884	PWY-882	right	NADH	C00004	21604869	57945
NADH	RXN0-901	PWY-6606	right	NADH	C00004	21604869	57945
NADH	RXN-1347	PWY-5410	right	NADH	C00004	21604869	57945
NADH	3-ISOPROPYLMALDEHYDROG-RXN	LEUSYN-PWY	right	NADH	C00004	21604869	57945
NADH	CYCLOHEXADIENYL-DEHYDROGENASE-RXN	PWY-6120	right	NADH	C00004	21604869	57945
NADH	1.2.1.2-RXN	PWY-7985	right	NADH	C00004	21604869	57945
NADH	2KETO-4METHYL-PENTANOATE-DEHYDROG-RXN	LEU-DEG2-PWY	right	NADH	C00004	21604869	57945
NADH	RXN-10702	PWY-735	right	NADH	C00004	21604869	57945
NADH	IMP-DEHYDROG-RXN	PWY-7221	right	NADH	C00004	21604869	57945
NADH	1.1.1.39-RXN	PWY-7115	right	NADH	C00004	21604869	57945
NADH	OHACYL-COA-DEHYDROG-RXN	PWY-5136	right	NADH	C00004	21604869	57945
NADH	RXN-9635	PWY-5989	right	NADH	C00004	21604869	57945
NADH	1.1.1.39-RXN	GLUCONEO-PWY	right	NADH	C00004	21604869	57945
NADH	IMP-DEHYDROG-RXN	PWY-6596	right	NADH	C00004	21604869	57945
NADH	GLUTAMATE-SYNTHASE-NADH-RXN	PWY4LZ-81	right	NADH	C00004	21604869	57945
NADH	RXN-11213	VALDEG-PWY	right	NADH	C00004	21604869	57945
NADH	GLUTAMATE-DEHYDROGENASE-RXN	ALACAT2-PWY	right	NADH	C00004	21604869	57945
NADH	RXN-4142	PWY-2501	right	NADH	C00004	21604869	57945
NADH	1.1.1.288-RXN	PWY-695	right	NADH	C00004	21604869	57945
NADH	GAPOXNPHOSPHN-RXN	PWY-1042	right	NADH	C00004	21604869	57945
NADH	PYRUVDEH-RXN	PWYQT-4481	right	NADH	C00004	21604869	57945
NADH	RXN-11938	PWY-2541	right	NADH	C00004	21604869	57945
NADH	ALCOHOL-DEHYDROG-RXN	PWY66-21	right	NADH	C00004	21604869	57945
NADH	RXN-7703	PWY-5083	right	NADH	C00004	21604869	57945
NADH	3-HYDROXYPROPIONATE-DEHYDROGENASE-RXN	PWY-3941	right	NADH	C00004	21604869	57945
NADH	GAPOXNPHOSPHN-RXN	GLYCOLYSIS	right	NADH	C00004	21604869	57945
NADH	1.1.1.39-RXN	PWYQT-4481	right	NADH	C00004	21604869	57945
NADH	RXN0-1132	PYRUVDEHYD-PWY	right	NADH	C00004	21604869	57945
NADH	RXN-710	PWY-2582	right	NADH	C00004	21604869	57945
NADH	RXN-22438	PWY-3841	right	NADH	C00004	21604869	57945
NADH	1.2.1.25-RXN	VALDEG-PWY	right	NADH	C00004	21604869	57945
NADH	3-HYDROXYISOBUTYRATE-DEHYDROGENASE-RXN	VALDEG-PWY	right	NADH	C00004	21604869	57945
NADH	RXN-8680	PWY-5466	right	NADH	C00004	21604869	57945
NADH	SUCCINATE-SEMIALDEHYDE-DEHYDROGENASE-RXN	PWY-6535	right	NADH	C00004	21604869	57945
NADH	NADH-KINASE-RXN	PWY-5083	left	NADH	C00004	21604869	57945
NADH	MALATE-DEH-RXN	GLUCONEO-PWY	right	NADH	C00004	21604869	57945
NADH	1.1.1.8-RXN	PWY-6118	right	NADH	C00004	21604869	57945
NADH	RXN-20441	PWY18C3-1	right	NADH	C00004	21604869	57945
NADH	GCVMULTI-RXN	PWY0-1608	right	NADH	C00004	21604869	57945
NADH	RXN0-901	PWY-6607	right	NADH	C00004	21604869	57945
NADH	ALCOHOL-DEHYDROG-RXN	PWY-5486	right	NADH	C00004	21604869	57945
NADH	PGLYCDEHYDROG-RXN	SERSYN-PWY	right	NADH	C00004	21604869	57945
NADH	NADH-DEHYDROG-A-RXN	PWY-5083	left	NADH	C00004	21604869	57945
NADH	GAPOXNPHOSPHN-RXN	SUCSYN-PWY	right	NADH	C00004	21604869	57945
NADH	RXN-9558	PWY-5973	right	NADH	C00004	21604869	57945
NADH	UGD-RXN	PWY-7346	right	NADH	C00004	21604869	57945
NADH	RXN-14116	PROUT-PWY	right	NADH	C00004	21604869	57945
NADH	RXN-8681	PWY-5466	right	NADH	C00004	21604869	57945
NADH	NADH-DEHYDROG-A-RXN	PWY-4302	left	NADH	C00004	21604869	57945
NADH	RXN-9659	PWY-5971	right	NADH	C00004	21604869	57945
NADH	SUCCINATE-SEMIALDEHYDE-DEHYDROGENASE-RXN	PWY-4321	right	NADH	C00004	21604869	57945
NADH	RXN-13417	PWY-5905	left	NADH	C00004	21604869	57945
NADH	GCVMULTI-RXN	PWY-3841	right	NADH	C00004	21604869	57945
NADH	2OXOGLUTARATEDEH-RXN	PWY-5690	right	NADH	C00004	21604869	57945
NADH	RXN-7716	PWY-5084	right	NADH	C00004	21604869	57945
NADH	RXN-10703	PWY-735	right	NADH	C00004	21604869	57945
NADH	RXN-9661	PWY-5971	right	NADH	C00004	21604869	57945
NADH	RXN-10698	PWY-735	right	NADH	C00004	21604869	57945
NADH	MALATE-DEH-RXN	PWY-5690	right	NADH	C00004	21604869	57945
NADH	NITRATE-REDUCTASE-NADH-RXN	PWY-381	right	NADH	C00004	21604869	57945
NADH	L-LACTATE-DEHYDROGENASE-RXN	PWY-5481	right	NADH	C00004	21604869	57945
NADH	GLUTAMATE-SYNTHASE-NADH-RXN	PWY4LZ-283	right	NADH	C00004	21604869	57945
NADH	NADH-DEHYDROG-A-RXN	PWY-3781	left	NADH	C00004	21604869	57945
NADH	RXN0-901	PWY-6596	right	NADH	C00004	21604869	57945
NADH	BENZALDEHYDE-DEHYDROGENASE-NAD+-RXN	PWY-6444	right	NADH	C00004	21604869	57945
NADH	RXN-20434	PWY18C3-1	right	NADH	C00004	21604869	57945
NADH	DIMETHUROPORDEHYDROG-RXN	PWY-5194	right	NADH	C00004	21604869	57945
NADH	1.1.1.178-RXN	ILEUDEG-PWY	right	NADH	C00004	21604869	57945
NADH	GAPOXNPHOSPHN-RXN	PWY-5484	right	NADH	C00004	21604869	57945
NADH	ALCOHOL-DEHYDROG-RXN	PWY-6333	right	NADH	C00004	21604869	57945
NADH	RXN66-3	PWY66-21	right	NADH	C00004	21604869	57945
NADH	RXN-24911	PWY-5872	left	NADH	C00004	21604869	57945
NADH	GLUTAMATE-DEHYDROGENASE-RXN	GLUTAMATE-DEG1-PWY	right	NADH	C00004	21604869	57945
NADH	RXN-9663	PWY-5971	right	NADH	C00004	21604869	57945
NADH	RXN-710	PWY-699	right	NADH	C00004	21604869	57945
NADH	RXN0-901	PWY-6237	right	NADH	C00004	21604869	57945
NADH	RXN-8632	PWY-5453	right	NADH	C00004	21604869	57945
NADH	RXN-7682	PWY-6596	right	NADH	C00004	21604869	57945
NADH	RXN0-901	PWY4LZ-81	right	NADH	C00004	21604869	57945
NADH	GLYCERATE-DEHYDROGENASE-RXN	PWY-181	right	NADH	C00004	21604869	57945
NADH	GLUTAMATE-SYNTHASE-NADH-RXN	PWY-6963	right	NADH	C00004	21604869	57945
NADH	HISTALDEHYD-RXN	HISTSYN-PWY	right	NADH	C00004	21604869	57945
NADH	MALATE-DEH-RXN	PWYQT-4481	right	NADH	C00004	21604869	57945
NADH	RXN-12753	PWY-6938	left	NADH	C00004	21604869	57945
NADH	2KETO-3METHYLVALERATE-RXN	ILEUDEG-PWY	right	NADH	C00004	21604869	57945
NADH	RXN-9657	PWY-5971	right	NADH	C00004	21604869	57945
NADH	BADH-RXN	PWY1F-353	right	NADH	C00004	21604869	57945
NADH	4.2.1.93-RXN	PWY-6938	right	NADH	C00004	21604869	57945
NADH	RXN-9662	PWY-5971	right	NADH	C00004	21604869	57945
NADH	GLUTAMATE-SYNTHASE-NADH-RXN	GLUGLNSYN-PWY	right	NADH	C00004	21604869	57945
NADH	FERRIC-CHELATE-REDUCTASE-RXN	PWY-5934	right	NADH	C00004	21604869	57945
NADH	RXN-14116	ARGASEDEG-PWY	right	NADH	C00004	21604869	57945
NADH	2OXOGLUTARATEDEH-RXN	PWYQT-4481	right	NADH	C00004	21604869	57945
NADH	RXN-7682	PWY4LZ-81	right	NADH	C00004	21604869	57945
NADH	RXN-13414	PWY-5905	right	NADH	C00004	21604869	57945
NADH	SUCCINATE-SEMIALDEHYDE-DEHYDROGENASE-RXN	PWY-6473	right	NADH	C00004	21604869	57945
NADH	GCVMULTI-RXN	PWY-181	right	NADH	C00004	21604869	57945
NADH	NITRATE-REDUCTASE-NADH-RXN	PWY4LZ-283	right	NADH	C00004	21604869	57945
NADH	MALATE-DEH-RXN	PWY-7115	right	NADH	C00004	21604869	57945
NADH	ISOCITRATE-DEHYDROGENASE-NAD+-RXN	PWY-5690	right	NADH	C00004	21604869	57945
NADH	RXN-11933	PWY-2541	right	NADH	C00004	21604869	57945
NADH	RXN-12754	PWY-6938	left	NADH	C00004	21604869	57945
NADH	GAPOXNPHOSPHN-RXN	GLUCONEO-PWY	right	NADH	C00004	21604869	57945
NADH	PYRNUTRANSHYDROGEN-RXN	PWY-5083	right	NADH	C00004	21604869	57945
NADH	HISTOLDEHYD-RXN	HISTSYN-PWY	right	NADH	C00004	21604869	57945
NADH	RXN-9658	PWY-5971	right	NADH	C00004	21604869	57945
NADH	DLACTDEHYDROGNAD-RXN	ALACAT2-PWY	right	NADH	C00004	21604869	57945
NADH	RXN-8629	GLYCLEAV-PWY	right	NADH	C00004	21604869	57945
NADH	ISOCITRATE-DEHYDROGENASE-NAD+-RXN	PWYQT-4481	right	NADH	C00004	21604869	57945
NADH	RXN-9660	PWY-5971	right	NADH	C00004	21604869	57945
NADH	RXN-7719	PWY-5046	right	NADH	C00004	21604869	57945
ACETOL	RXN-8632	PWY-5453	right	hydroxyacetone	C05235	8299	27957
ACETOL	RXN0-4281	PWY-6786	left	hydroxyacetone	C05235	8299	27957
ACETOL	RXN0-4281	PWY-5453	left	hydroxyacetone	C05235	8299	27957
PROPANE-1-2-DIOL	RXN-8632	PWY-5453	left	( S )-propane-1,2-diol	C02917	439846	29002
NAD	NADH-DEHYDROG-A-RXN	PWY-5083	right	NAD +	C00003	15938971	57540
NAD	RXN-1884	PWY-882	left	NAD +	C00003	15938971	57540
NAD	1.1.1.39-RXN	PWYQT-4481	left	NAD +	C00003	15938971	57540
NAD	RXNQT-4300	PWY-6909	left	NAD +	C00003	15938971	57540
NAD	ENOYL-ACP-REDUCT-NADH-RXN	FASYN-ELONG-PWY	left	NAD +	C00003	15938971	57540
NAD	RXN-15025	PWY3O-4107	left	NAD +	C00003	15938971	57540
NAD	RXN-9663	PWY-5971	left	NAD +	C00003	15938971	57540
NAD	NAD-SYNTH-GLN-RXN	PYRIDNUCSYN-PWY	right	NAD +	C00003	15938971	57540
NAD	1.1.1.288-RXN	PWY-695	left	NAD +	C00003	15938971	57540
NAD	GAPOXNPHOSPHN-RXN	PWY-1042	left	NAD +	C00003	15938971	57540
NAD	GLUTAMATE-SYNTHASE-NADH-RXN	PWY4LZ-81	left	NAD +	C00003	15938971	57540
NAD	RXN-11928	PWY-2541	left	NAD +	C00003	15938971	57540
NAD	1.2.1.25-RXN	VALDEG-PWY	left	NAD +	C00003	15938971	57540
NAD	IMP-DEHYDROG-RXN	PWY-6596	left	NAD +	C00003	15938971	57540
NAD	3-HYDROXYISOBUTYRATE-DEHYDROGENASE-RXN	VALDEG-PWY	left	NAD +	C00003	15938971	57540
NAD	RXN-20434	PWY18C3-1	left	NAD +	C00003	15938971	57540
NAD	IMP-DEHYDROG-RXN	PWY-7221	left	NAD +	C00003	15938971	57540
NAD	GAPOXNPHOSPHN-RXN	PWY-5484	left	NAD +	C00003	15938971	57540
NAD	OHACYL-COA-DEHYDROG-RXN	PWY-5136	left	NAD +	C00003	15938971	57540
NAD	RXN-9635	PWY-5989	left	NAD +	C00003	15938971	57540
NAD	ALCOHOL-DEHYDROG-RXN	PWY66-21	left	NAD +	C00003	15938971	57540
NAD	SUCCINATE-SEMIALDEHYDE-DEHYDROGENASE-RXN	PWY-6535	left	NAD +	C00003	15938971	57540
NAD	GAPOXNPHOSPHN-RXN	GLYCOLYSIS	left	NAD +	C00003	15938971	57540
NAD	1.2.1.2-RXN	PWY-7985	left	NAD +	C00003	15938971	57540
NAD	RXN-22438	PWY-3841	left	NAD +	C00003	15938971	57540
NAD	RXN-1347	PWY-5410	left	NAD +	C00003	15938971	57540
NAD	GLUTAMATE-SYNTHASE-NADH-RXN	PWY4LZ-283	left	NAD +	C00003	15938971	57540
NAD	GAPOXNPHOSPHN-RXN	SUCSYN-PWY	left	NAD +	C00003	15938971	57540
NAD	3-ISOPROPYLMALDEHYDROG-RXN	LEUSYN-PWY	left	NAD +	C00003	15938971	57540
NAD	RXN0-901	PWY-6596	left	NAD +	C00003	15938971	57540
NAD	RXN-4142	PWY-2501	left	NAD +	C00003	15938971	57540
NAD	RXN-9662	PWY-5971	left	NAD +	C00003	15938971	57540
NAD	RXN-14116	PROUT-PWY	left	NAD +	C00003	15938971	57540
NAD	GLUTAMATE-SYNTHASE-NADH-RXN	PWY-6963	left	NAD +	C00003	15938971	57540
NAD	RXN-14116	ARGASEDEG-PWY	left	NAD +	C00003	15938971	57540
NAD	GLYCERATE-DEHYDROGENASE-RXN	PWY-181	left	NAD +	C00003	15938971	57540
NAD	2KETO-4METHYL-PENTANOATE-DEHYDROG-RXN	LEU-DEG2-PWY	left	NAD +	C00003	15938971	57540
NAD	1.1.1.8-RXN	PWY-6118	left	NAD +	C00003	15938971	57540
NAD	RXN-710	PWY-2582	left	NAD +	C00003	15938971	57540
NAD	CYCLOHEXADIENYL-DEHYDROGENASE-RXN	PWY-6120	left	NAD +	C00003	15938971	57540
NAD	1.1.1.39-RXN	PWY-7115	left	NAD +	C00003	15938971	57540
NAD	RXN-7682	PWY-6596	left	NAD +	C00003	15938971	57540
NAD	NITRATE-REDUCTASE-NADH-RXN	PWY-381	left	NAD +	C00003	15938971	57540
NAD	GLUTAMATE-DEHYDROGENASE-RXN	GLUTAMATE-DEG1-PWY	left	NAD +	C00003	15938971	57540
NAD	RXN-8629	GLYCLEAV-PWY	left	NAD +	C00003	15938971	57540
NAD	RXN0-901	PWY-6606	left	NAD +	C00003	15938971	57540
NAD	GCVMULTI-RXN	PWY0-1608	left	NAD +	C00003	15938971	57540
NAD	GCVMULTI-RXN	PWY-181	left	NAD +	C00003	15938971	57540
NAD	NAD-KIN-RXN	PWY-8148	left	NAD +	C00003	15938971	57540
NAD	RXN0-1132	PYRUVDEHYD-PWY	left	NAD +	C00003	15938971	57540
NAD	RXN-9558	PWY-5973	left	NAD +	C00003	15938971	57540
NAD	2OXOGLUTARATEDEH-RXN	PWYQT-4481	left	NAD +	C00003	15938971	57540
NAD	RXN-8680	PWY-5466	left	NAD +	C00003	15938971	57540
NAD	RXN-10703	PWY-735	left	NAD +	C00003	15938971	57540
NAD	BENZALDEHYDE-DEHYDROGENASE-NAD+-RXN	PWY-6444	left	NAD +	C00003	15938971	57540
NAD	PYRUVDEH-RXN	PWYQT-4481	left	NAD +	C00003	15938971	57540
NAD	RXN-11213	VALDEG-PWY	left	NAD +	C00003	15938971	57540
NAD	GLUTAMATE-DEHYDROGENASE-RXN	ALACAT2-PWY	left	NAD +	C00003	15938971	57540
NAD	1.1.1.39-RXN	GLUCONEO-PWY	left	NAD +	C00003	15938971	57540
NAD	FERRIC-CHELATE-REDUCTASE-RXN	PWY-5934	left	NAD +	C00003	15938971	57540
NAD	3-HYDROXYPROPIONATE-DEHYDROGENASE-RXN	PWY-3941	left	NAD +	C00003	15938971	57540
NAD	MALATE-DEH-RXN	PWY-5690	left	NAD +	C00003	15938971	57540
NAD	RXN-9657	PWY-5971	left	NAD +	C00003	15938971	57540
NAD	RXN-7716	PWY-5084	left	NAD +	C00003	15938971	57540
NAD	RXN-8681	PWY-5466	left	NAD +	C00003	15938971	57540
NAD	RXN0-901	PWY-6607	left	NAD +	C00003	15938971	57540
NAD	RXN-7682	PWY4LZ-81	left	NAD +	C00003	15938971	57540
NAD	2KETO-3METHYLVALERATE-RXN	ILEUDEG-PWY	left	NAD +	C00003	15938971	57540
NAD	RXN0-901	PWY4LZ-81	left	NAD +	C00003	15938971	57540
NAD	RXN-8632	PWY-5453	left	NAD +	C00003	15938971	57540
NAD	RXN-13417	PWY-5905	right	NAD +	C00003	15938971	57540
NAD	NAD-SYNTH-GLN-RXN	PWY3O-4107	right	NAD +	C00003	15938971	57540
NAD	RXN-9660	PWY-5971	left	NAD +	C00003	15938971	57540
NAD	NITRATE-REDUCTASE-NADH-RXN	PWY4LZ-283	left	NAD +	C00003	15938971	57540
NAD	2OXOGLUTARATEDEH-RXN	PWY-5690	left	NAD +	C00003	15938971	57540
NAD	MALATE-DEH-RXN	PWYQT-4481	left	NAD +	C00003	15938971	57540
NAD	GLUTAMATE-SYNTHASE-NADH-RXN	GLUGLNSYN-PWY	left	NAD +	C00003	15938971	57540
NAD	RXN0-901	PWY-6237	left	NAD +	C00003	15938971	57540
NAD	RXN-5822	PWY-5083	right	NAD +	C00003	15938971	57540
NAD	UGD-RXN	PWY-7346	left	NAD +	C00003	15938971	57540
NAD	HISTOLDEHYD-RXN	HISTSYN-PWY	left	NAD +	C00003	15938971	57540
NAD	RXN-24911	PWY-5872	right	NAD +	C00003	15938971	57540
NAD	ISOCITRATE-DEHYDROGENASE-NAD+-RXN	PWYQT-4481	left	NAD +	C00003	15938971	57540
NAD	MALATE-DEH-RXN	PWY-7115	left	NAD +	C00003	15938971	57540
NAD	HISTALDEHYD-RXN	HISTSYN-PWY	left	NAD +	C00003	15938971	57540
NAD	1.1.1.178-RXN	ILEUDEG-PWY	left	NAD +	C00003	15938971	57540
NAD	GCVMULTI-RXN	PWY-3841	left	NAD +	C00003	15938971	57540
NAD	RXN-11933	PWY-2541	left	NAD +	C00003	15938971	57540
NAD	RXN-10698	PWY-735	left	NAD +	C00003	15938971	57540
NAD	NADH-DEHYDROG-A-RXN	PWY-4302	right	NAD +	C00003	15938971	57540
NAD	RXN-20441	PWY18C3-1	left	NAD +	C00003	15938971	57540
NAD	RXN-9659	PWY-5971	left	NAD +	C00003	15938971	57540
NAD	DIMETHUROPORDEHYDROG-RXN	PWY-5194	left	NAD +	C00003	15938971	57540
NAD	RXN-710	PWY-699	left	NAD +	C00003	15938971	57540
NAD	RXN-11938	PWY-2541	left	NAD +	C00003	15938971	57540
NAD	RXN-7719	PWY-5046	left	NAD +	C00003	15938971	57540
NAD	PYRNUTRANSHYDROGEN-RXN	PWY-5083	left	NAD +	C00003	15938971	57540
NAD	BADH-RXN	PWY1F-353	left	NAD +	C00003	15938971	57540
NAD	NAD-KIN-RXN	PWY-5083	left	NAD +	C00003	15938971	57540
NAD	RXN-9661	PWY-5971	left	NAD +	C00003	15938971	57540
NAD	MALATE-DEH-RXN	GLUCONEO-PWY	left	NAD +	C00003	15938971	57540
NAD	RXN-10702	PWY-735	left	NAD +	C00003	15938971	57540
NAD	ISOCITRATE-DEHYDROGENASE-NAD+-RXN	PWY-5690	left	NAD +	C00003	15938971	57540
NAD	SUCCINATE-SEMIALDEHYDE-DEHYDROGENASE-RXN	PWY-4321	left	NAD +	C00003	15938971	57540
NAD	NADH-DEHYDROG-A-RXN	PWY-3781	right	NAD +	C00003	15938971	57540
NAD	ALCOHOL-DEHYDROG-RXN	PWY-5486	left	NAD +	C00003	15938971	57540
NAD	L-LACTATE-DEHYDROGENASE-RXN	PWY-5481	left	NAD +	C00003	15938971	57540
NAD	NAD-SYNTH-NH3-RXN	PYRIDNUCSYN-PWY	right	NAD +	C00003	15938971	57540
NAD	RXN-13414	PWY-5905	left	NAD +	C00003	15938971	57540
NAD	RXN66-3	PWY66-21	left	NAD +	C00003	15938971	57540
NAD	PGLYCDEHYDROG-RXN	SERSYN-PWY	left	NAD +	C00003	15938971	57540
NAD	ALCOHOL-DEHYDROG-RXN	PWY-6333	left	NAD +	C00003	15938971	57540
NAD	RXN-9658	PWY-5971	left	NAD +	C00003	15938971	57540
NAD	GAPOXNPHOSPHN-RXN	GLUCONEO-PWY	left	NAD +	C00003	15938971	57540
NAD	SUCCINATE-SEMIALDEHYDE-DEHYDROGENASE-RXN	PWY-6473	left	NAD +	C00003	15938971	57540
NAD	DLACTDEHYDROGNAD-RXN	ALACAT2-PWY	left	NAD +	C00003	15938971	57540
NADP	GLUTRNAREDUCT-RXN	PWY-5188	left	NADP +	C00006	15938972	58349
NADP	RXN-4144	PWY-2541	left	NADP +	C00006	15938972	58349
NADP	RXN-7660	PWY-5063	left	NADP +	C00006	15938972	58349
NADP	ENOYL-ACP-REDUCT-NADPH-RXN	FASYN-ELONG-PWY	left	NADP +	C00006	15938972	58349
NADP	MALIC-NADP-RXN	GLUCONEO-PWY	left	NADP +	C00006	15938972	58349
NADP	RXN-711	PWY-2582	left	NADP +	C00006	15938972	58349
NADP	RXN-7711	PWY-5080	left	NADP +	C00006	15938972	58349
NADP	RXN-12293	PWY-6786	right	NADP +	C00006	15938972	58349
NADP	RXN-11534	PWY-2582	left	NADP +	C00006	15938972	58349
NADP	RXN-7659	PWY-5063	left	NADP +	C00006	15938972	58349
NADP	FCLREDUCT-RXN	PWY-66	left	NADP +	C00006	15938972	58349
NADP	RXN-9556	PWY-5973	left	NADP +	C00006	15938972	58349
NADP	RXN-8678	PWY-5466	left	NADP +	C00006	15938972	58349
NADP	ACETOLACTREDUCTOISOM-RXN	VALSYN-PWY	left	NADP +	C00006	15938972	58349
NADP	RXN-9524	PWY-5971	left	NADP +	C00006	15938972	58349
NADP	RXN-20439	PWY18C3-1	left	NADP +	C00006	15938972	58349
NADP	RXN-22207	PWY-2541	left	NADP +	C00006	15938972	58349
NADP	2-DEHYDROPANTOATE-REDUCT-RXN	PANTO-PWY	left	NADP +	C00006	15938972	58349
NADP	ACETOOHBUTREDUCTOISOM-RXN	ILEUSYN-PWY	left	NADP +	C00006	15938972	58349
NADP	RXN-20132	PWY-2541	left	NADP +	C00006	15938972	58349
NADP	RXN-9746	PWY-6051	left	NADP +	C00006	15938972	58349
NADP	RXN-13298	PWY-7036	left	NADP +	C00006	15938972	58349
NADP	RXN-9530	PWY-8279	left	NADP +	C00006	15938972	58349
NADP	RXN-16417	PWY-321	left	NADP +	C00006	15938972	58349
NADP	RXN-9521	PWY66-430	left	NADP +	C00006	15938972	58349
NADP	RXN-9536	PWY-5971	left	NADP +	C00006	15938972	58349
NADP	RXN-3601	PWY-2463	left	NADP +	C00006	15938972	58349
NADP	RXN-9538	PWY66-430	left	NADP +	C00006	15938972	58349
NADP	RXN-10450	PWY-6235	right	NADP +	C00006	15938972	58349
NADP	RXN-7677	PWY-5068	right	NADP +	C00006	15938972	58349
NADP	RXN-4282	PWY18C3-1	left	NADP +	C00006	15938972	58349
NADP	RXNQT-4192	PWY-282	left	NADP +	C00006	15938972	58349
NADP	RXN-9532	PWY-8279	left	NADP +	C00006	15938972	58349
NADP	RXN-7835	PWY-5138	left	NADP +	C00006	15938972	58349
NADP	MALATE-DEHYDROGENASE-NADP+-RXN	PWY-241	left	NADP +	C00006	15938972	58349
NADP	3-OXOACYL-ACP-REDUCT-RXN	FASYN-ELONG-PWY	left	NADP +	C00006	15938972	58349
NADP	RXN-1102	PWY-361	left	NADP +	C00006	15938972	58349
NADP	RXN-9633	PWY-5989	left	NADP +	C00006	15938972	58349
NADP	RXN-1106	PWY-361	right	NADP +	C00006	15938972	58349
NADP	METHYLENETHFDEHYDROG-NADP-RXN	PWY-7909	left	NADP +	C00006	15938972	58349
NADP	RXN-11002	PWY-6473	left	NADP +	C00006	15938972	58349
NADP	RXN-9803	PWY-321	left	NADP +	C00006	15938972	58349
NADP	RXN-14422	PWY-7252	left	NADP +	C00006	15938972	58349
NADP	RXN-11002	PWY-4321	left	NADP +	C00006	15938972	58349
NADP	RXN-2602	PWY-361	left	NADP +	C00006	15938972	58349
NADP	RXN-9536	PWY66-430	left	NADP +	C00006	15938972	58349
NADP	RXN-5822	PWY-5083	left	NADP +	C00006	15938972	58349
NADP	RXN-5284	CHLOROPHYLL-SYN	right	NADP +	C00006	15938972	58349
NADP	RXN-14425	PWY-7253	left	NADP +	C00006	15938972	58349
NADP	RXN-12292	PWY-6786	right	NADP +	C00006	15938972	58349
NADP	RXN-13299	PWY-7036	left	NADP +	C00006	15938972	58349
NADP	ASPARTATE-SEMIALDEHYDE-DEHYDROGENASE-RXN	HOMOSERSYN-PWY	left	NADP +	C00006	15938972	58349
NADP	RXN-1101	PWY-361	right	NADP +	C00006	15938972	58349
NADP	RXN-9542	PWY-8279	left	NADP +	C00006	15938972	58349
NADP	RXN-9521	PWY-8279	left	NADP +	C00006	15938972	58349
NADP	RXN-9633	PWY-8280	left	NADP +	C00006	15938972	58349
NADP	RXN-13309	PWY-7036	left	NADP +	C00006	15938972	58349
NADP	RXN-9528	PWY-8279	left	NADP +	C00006	15938972	58349
NADP	GLUTSEMIALDEHYDROG-RXN	ARGININE-SYN4-PWY	left	NADP +	C00006	15938972	58349
NADP	RXN-3142	PWY1F-FLAVSYN	right	NADP +	C00006	15938972	58349
NADP	RXN-20435	PWY18C3-1	left	NADP +	C00006	15938972	58349
NADP	TRANS-CINNAMATE-2-MONOOXYGENASE-RXN	PWY-5176	right	NADP +	C00006	15938972	58349
NADP	RXN-12299	PWY-5410	left	NADP +	C00006	15938972	58349
NADP	RXN-9538	PWY-8279	left	NADP +	C00006	15938972	58349
NADP	RXN-5961	PWY-5947	right	NADP +	C00006	15938972	58349
NADP	RXN-7676	PWY-5068	right	NADP +	C00006	15938972	58349
NADP	METHYLENETHFDEHYDROG-NADP-RXN	PWY-3841	left	NADP +	C00006	15938972	58349
NADP	RXN-8683	PWY-5466	left	NADP +	C00006	15938972	58349
NADP	MALIC-NADP-RXN	PWY-7117	left	NADP +	C00006	15938972	58349
NADP	RXN-8684	PWY-5466	left	NADP +	C00006	15938972	58349
NADP	DIHYDROFOLATEREDUCT-RXN	PWY-3742	left	NADP +	C00006	15938972	58349
NADP	RXN-12295	PWY-6786	right	NADP +	C00006	15938972	58349
NADP	MALATE-DEHYDROGENASE-NADP+-RXN	PWY-7117	left	NADP +	C00006	15938972	58349
NADP	RXN-9518	PWY-8279	left	NADP +	C00006	15938972	58349
NADP	RXNDQC-2	PWYDQC-4	right	NADP +	C00006	15938972	58349
NADP	RXN-711	PWY-699	left	NADP +	C00006	15938972	58349
NADP	RXN-13300	PWY-7036	left	NADP +	C00006	15938972	58349
NADP	ALLYL-ALCOHOL-DEHYDROGENASE-RXN	PWY-6786	left	NADP +	C00006	15938972	58349
NADP	RXN0-4281	PWY-5453	left	NADP +	C00006	15938972	58349
NADP	DXPREDISOM-RXN	NONMEVIPP-PWY	left	NADP +	C00006	15938972	58349
NADP	RXN-1062	PWY-321	right	NADP +	C00006	15938972	58349
NADP	RXN-9536	PWY-8279	left	NADP +	C00006	15938972	58349
NADP	DIHYDROFOLATEREDUCT-RXN	PWY-3841	left	NADP +	C00006	15938972	58349
NADP	MALIC-NADP-RXN	PWY-241	left	NADP +	C00006	15938972	58349
NADP	RXN-16417	PWY-1121	left	NADP +	C00006	15938972	58349
NADP	GLUTSEMIALDEHYDROG-RXN	PROSYN-PWY	left	NADP +	C00006	15938972	58349
NADP	ASPARTATE-SEMIALDEHYDE-DEHYDROGENASE-RXN	PWY-5097	left	NADP +	C00006	15938972	58349
NADP	RXN-12300	PWY-6786	right	NADP +	C00006	15938972	58349
NADP	N-ACETYLGLUTPREDUCT-RXN	GLUTORN-PWY	left	NADP +	C00006	15938972	58349
NADP	RXN-9528	PWY-5971	left	NADP +	C00006	15938972	58349
NADP	RXN-9524	PWY66-430	left	NADP +	C00006	15938972	58349
NADP	RXN-11939	PWY-2541	left	NADP +	C00006	15938972	58349
NADP	RXN-20131	PWY-2541	left	NADP +	C00006	15938972	58349
NADP	RXN-9524	PWY-8279	left	NADP +	C00006	15938972	58349
NADP	RXN-9540	PWY-8279	left	NADP +	C00006	15938972	58349
NADP	THIOREDOXIN-REDUCT-NADPH-RXN	THIOREDOX-PWY	left	NADP +	C00006	15938972	58349
NADP	RXN-12296	PWY-6786	right	NADP +	C00006	15938972	58349
NADP	OCTADECANAL-DECARBONYLASE-RXN	PWY-6622	right	NADP +	C00006	15938972	58349
NADP	RXN-9540	PWY-5971	left	NADP +	C00006	15938972	58349
NADP	RXN-15191	PWY-7430	right	NADP +	C00006	15938972	58349
NADP	RXN-11151	PWY-8143	left	NADP +	C00006	15938972	58349
NADP	RXN-1125	PWY-361	left	NADP +	C00006	15938972	58349
NADP	RXN-11929	PWY-2541	left	NADP +	C00006	15938972	58349
NADP	RXN-10740	PWY-3261	left	NADP +	C00006	15938972	58349
NADP	RXN-9532	PWY-5971	left	NADP +	C00006	15938972	58349
NADP	RXN-9515	PWY-8279	left	NADP +	C00006	15938972	58349
NADP	RXN-9534	PWY-8279	left	NADP +	C00006	15938972	58349
NADP	RXN-9518	PWY66-430	left	NADP +	C00006	15938972	58349
NADP	GLUTSEMIALDEHYDROG-RXN	CITRULBIO-PWY	left	NADP +	C00006	15938972	58349
NADP	FARNESOL-DEHYDROGENASE-RXN	PWY-6577	left	NADP +	C00006	15938972	58349
NADP	RXN-16408	PWY-6733	right	NADP +	C00006	15938972	58349
NADP	DXPREDISOM-RXN	PWY-7560	left	NADP +	C00006	15938972	58349
NADP	RXN-4229	PWY-2582	left	NADP +	C00006	15938972	58349
NADP	RXN-9515	PWY66-430	left	NADP +	C00006	15938972	58349
NADP	RXN-8619	PWY-5434	right	NADP +	C00006	15938972	58349
NADP	RXN-7698	PWY-5080	left	NADP +	C00006	15938972	58349
NADP	RXN-11467	PWY-6515	left	NADP +	C00006	15938972	58349
NADP	RXN-9514	PWY66-430	left	NADP +	C00006	15938972	58349
NADP	RXN-4210	PWY-2541	left	NADP +	C00006	15938972	58349
NADP	MANNOSE-6-PHOSPHATE-6-REDUCTASE-RXN	PWY-3881	left	NADP +	C00006	15938972	58349
NADP	RXN-1021	PWY-282	left	NADP +	C00006	15938972	58349
NADP	RXN-7911	PWY-6837	left	NADP +	C00006	15938972	58349
NADP	RXN66-323	PWY18C3-1	left	NADP +	C00006	15938972	58349
NADP	RXN-9530	PWY66-430	left	NADP +	C00006	15938972	58349
NADP	RXN-7658	PWY-5063	left	NADP +	C00006	15938972	58349
NADP	RXN-707	PWY-2541	left	NADP +	C00006	15938972	58349
NADP	RXN-10692	PWY-641	left	NADP +	C00006	15938972	58349
NADP	DTDPDEHYRHAMREDUCT-RXN	DTDPRHAMSYN-PWY	left	NADP +	C00006	15938972	58349
NADP	GLU6PDEHYDROG-RXN	OXIDATIVEPENT-PWY	left	NADP +	C00006	15938972	58349
NADP	DIHYDROKAEMPFEROL-4-REDUCTASE-RXN	PWY1F-823	left	NADP +	C00006	15938972	58349
NADP	RXN-600	PWY1F-823	left	NADP +	C00006	15938972	58349
NADP	RXN-22455	PWY-8280	left	NADP +	C00006	15938972	58349
NADP	RXN-3562	PWY-2463	left	NADP +	C00006	15938972	58349
NADP	RXN-9241	PWY-5871	right	NADP +	C00006	15938972	58349
NADP	RXN-5682	PWY-3461	left	NADP +	C00006	15938972	58349
NADP	RXN-12297	PWY-6786	left	NADP +	C00006	15938972	58349
NADP	1.1.1.34-RXN	PWY-922	left	NADP +	C00006	15938972	58349
NADP	RXN-9952	OXIDATIVEPENT-PWY	left	NADP +	C00006	15938972	58349
NADP	RXN-9802	PWY-321	left	NADP +	C00006	15938972	58349
NADP	GLUTATHIONE-REDUCT-NADPH-RXN	PWY-4081	left	NADP +	C00006	15938972	58349
NADP	RXN-9518	PWY-5971	left	NADP +	C00006	15938972	58349
NADP	RXN-9245	PWY-5859	left	NADP +	C00006	15938972	58349
NADP	RIBOFLAVINSYNREDUC-RXN	RIBOSYN2-PWY	left	NADP +	C00006	15938972	58349
NADP	RXN-20442	PWY18C3-1	left	NADP +	C00006	15938972	58349
NADP	1.3.1.2-RXN	PWY-3982	left	NADP +	C00006	15938972	58349
NADP	RXN-13306	PWY-7036	left	NADP +	C00006	15938972	58349
NADP	PYRIDOXINE-4-DEHYDROGENASE-RXN	PWY-7204	left	NADP +	C00006	15938972	58349
NADP	RXN-12135	PWY-6710	right	NADP +	C00006	15938972	58349
NADP	DIHYDROFOLATEREDUCT-RXN	PWY66-385	left	NADP +	C00006	15938972	58349
NADP	RXN-9528	PWY66-430	left	NADP +	C00006	15938972	58349
NADP	RXN-12281	PWY-6786	right	NADP +	C00006	15938972	58349
NADP	RXN-5285	CHLOROPHYLL-SYN	left	NADP +	C00006	15938972	58349
NADP	RXN-14237	PWY-7212	right	NADP +	C00006	15938972	58349
NADP	RXN-9747	PWY-6051	left	NADP +	C00006	15938972	58349
NADP	RXN-9526	PWY66-430	left	NADP +	C00006	15938972	58349
NADP	RXN-5282	CHLOROPHYLL-SYN	right	NADP +	C00006	15938972	58349
NADP	RXN-11934	PWY-2541	right	NADP +	C00006	15938972	58349
NADP	RXN-11209	PWY-6430	left	NADP +	C00006	15938972	58349
NADP	RXN-9526	PWY-8279	left	NADP +	C00006	15938972	58349
NADP	GLUCURONATE-REDUCTASE-RXN	PWY-8142	left	NADP +	C00006	15938972	58349
NADP	RXN-9534	PWY66-430	left	NADP +	C00006	15938972	58349
NADP	RXN-8679	PWY-5466	left	NADP +	C00006	15938972	58349
NADP	SHIKIMATE-5-DEHYDROGENASE-RXN	PWY-6163	left	NADP +	C00006	15938972	58349
NADP	RXN-12299	PWY-6786	left	NADP +	C00006	15938972	58349
NADP	PYRNUTRANSHYDROGEN-RXN	PWY-5083	right	NADP +	C00006	15938972	58349
NADP	RXN-13301	PWY-7036	left	NADP +	C00006	15938972	58349
NADP	1.18.1.2-RXN	PWY-101	left	NADP +	C00006	15938972	58349
NADP	RXN-12157	PWY-1121	left	NADP +	C00006	15938972	58349
NADP	RXN-17007	PWY-5027	right	NADP +	C00006	15938972	58349
NADP	RXN-16416	PWY-1121	left	NADP +	C00006	15938972	58349
NADP	NAD-KIN-RXN	PWY-8148	right	NADP +	C00006	15938972	58349
NADP	RXN-13307	PWY-7036	left	NADP +	C00006	15938972	58349
NADP	RXN-4242	PWY-2541	left	NADP +	C00006	15938972	58349
NADP	1.2.1.9-RXN	PWY-1042	left	NADP +	C00006	15938972	58349
NADP	RXN-16406	PWY-6733	left	NADP +	C00006	15938972	58349
NADP	3-DEHYDROSPHINGANINE-REDUCTASE-RXN	PWY-5129	left	NADP +	C00006	15938972	58349
NADP	N-ACETYLGLUTPREDUCT-RXN	ARGSYNBSUB-PWY	left	NADP +	C00006	15938972	58349
NADP	RXN-9514	PWY-8279	left	NADP +	C00006	15938972	58349
NADP	RXN-12156	PWY-1121	left	NADP +	C00006	15938972	58349
NADP	RXN-16416	PWY-321	left	NADP +	C00006	15938972	58349
NADP	RXN-9532	PWY66-430	left	NADP +	C00006	15938972	58349
NADP	RXN-15188	PWY-7430	right	NADP +	C00006	15938972	58349
NADP	RXN-16405	PWY-6733	right	NADP +	C00006	15938972	58349
NADP	NAD-KIN-RXN	PWY-5083	right	NADP +	C00006	15938972	58349
NADP	RXN-9514	PWY-5971	left	NADP +	C00006	15938972	58349
NADP	RXN-13308	PWY-7036	left	NADP +	C00006	15938972	58349
NADP	1.2.1.13-RXN	CALVIN-PWY	left	NADP +	C00006	15938972	58349
NADP	RXN-9246	PWY-5859	left	NADP +	C00006	15938972	58349
NADP	RXN-16403	PWY-6733	right	NADP +	C00006	15938972	58349
NADP	RXN-16404	PWY-6733	right	NADP +	C00006	15938972	58349
NADP	RXN-5283	CHLOROPHYLL-SYN	right	NADP +	C00006	15938972	58349
NADP	12-OXOPHYTODIENOATE-REDUCTASE-RXN	PWY-735	left	NADP +	C00006	15938972	58349
NADP	RXN0-4281	PWY-6786	left	NADP +	C00006	15938972	58349
NADPH	RXN-16408	PWY-6733	left	NADPH	C00005	15983949	57783
NADPH	RXN-20457	PWY-8137	left	NADPH	C00005	15983949	57783
NADPH	RXN-4282	PWY18C3-1	right	NADPH	C00005	15983949	57783
NADPH	RXN-7660	PWY-5063	right	NADPH	C00005	15983949	57783
NADPH	RXN-16417	PWY-1121	right	NADPH	C00005	15983949	57783
NADPH	RXN-1106	PWY-361	left	NADPH	C00005	15983949	57783
NADPH	RXN-20435	PWY18C3-1	right	NADPH	C00005	15983949	57783
NADPH	DIHYDROFOLATEREDUCT-RXN	PWY-3841	right	NADPH	C00005	15983949	57783
NADPH	RXN-711	PWY-2582	right	NADPH	C00005	15983949	57783
NADPH	RXN-7711	PWY-5080	right	NADPH	C00005	15983949	57783
NADPH	RXN-10450	PWY-6235	left	NADPH	C00005	15983949	57783
NADPH	RXN-9540	PWY-5971	right	NADPH	C00005	15983949	57783
NADPH	RXN-1102	PWY-361	right	NADPH	C00005	15983949	57783
NADPH	RXN-11002	PWY-4321	right	NADPH	C00005	15983949	57783
NADPH	RXN-13298	PWY-7036	right	NADPH	C00005	15983949	57783
NADPH	2-DEHYDROPANTOATE-REDUCT-RXN	PANTO-PWY	right	NADPH	C00005	15983949	57783
NADPH	ACETOLACTREDUCTOISOM-RXN	VALSYN-PWY	right	NADPH	C00005	15983949	57783
NADPH	RXN-7676	PWY-5068	left	NADPH	C00005	15983949	57783
NADPH	RXN-20439	PWY18C3-1	right	NADPH	C00005	15983949	57783
NADPH	MALATE-DEHYDROGENASE-NADP+-RXN	PWY-7117	right	NADPH	C00005	15983949	57783
NADPH	RXN-13300	PWY-7036	right	NADPH	C00005	15983949	57783
NADPH	RXN-12293	PWY-6786	left	NADPH	C00005	15983949	57783
NADPH	RXN-1062	PWY-321	left	NADPH	C00005	15983949	57783
NADPH	METHYLENETHFDEHYDROG-NADP-RXN	PWY-3841	right	NADPH	C00005	15983949	57783
NADPH	RXN-13299	PWY-7036	right	NADPH	C00005	15983949	57783
NADPH	RXN-11002	PWY-6473	right	NADPH	C00005	15983949	57783
NADPH	METHYLENETHFDEHYDROG-NADP-RXN	PWY-7909	right	NADPH	C00005	15983949	57783
NADPH	RXN-9524	PWY-5971	right	NADPH	C00005	15983949	57783
NADPH	RXN-9528	PWY-5971	right	NADPH	C00005	15983949	57783
NADPH	RXN-7677	PWY-5068	left	NADPH	C00005	15983949	57783
NADPH	RXN-8678	PWY-5466	right	NADPH	C00005	15983949	57783
NADPH	3-OXOACYL-ACP-REDUCT-RXN	FASYN-ELONG-PWY	right	NADPH	C00005	15983949	57783
NADPH	RXN-14237	PWY-7212	left	NADPH	C00005	15983949	57783
NADPH	RXN-9633	PWY-5989	right	NADPH	C00005	15983949	57783
NADPH	MALIC-NADP-RXN	GLUCONEO-PWY	right	NADPH	C00005	15983949	57783
NADPH	RXN-9534	PWY-8279	right	NADPH	C00005	15983949	57783
NADPH	RXN-9536	PWY-5971	right	NADPH	C00005	15983949	57783
NADPH	RXN-14422	PWY-7252	right	NADPH	C00005	15983949	57783
NADPH	RXN-13309	PWY-7036	right	NADPH	C00005	15983949	57783
NADPH	RXN-7659	PWY-5063	right	NADPH	C00005	15983949	57783
NADPH	3-DEHYDROSPHINGANINE-REDUCTASE-RXN	PWY-5129	right	NADPH	C00005	15983949	57783
NADPH	RXN-12135	PWY-6710	left	NADPH	C00005	15983949	57783
NADPH	RXNDQC-2	PWYDQC-4	left	NADPH	C00005	15983949	57783
NADPH	FCLREDUCT-RXN	PWY-66	right	NADPH	C00005	15983949	57783
NADPH	RXN-16417	PWY-321	right	NADPH	C00005	15983949	57783
NADPH	RXN-20132	PWY-2541	right	NADPH	C00005	15983949	57783
NADPH	RXN-9538	PWY-8279	right	NADPH	C00005	15983949	57783
NADPH	RXN-707	PWY-2541	right	NADPH	C00005	15983949	57783
NADPH	ALLYL-ALCOHOL-DEHYDROGENASE-RXN	PWY-6786	right	NADPH	C00005	15983949	57783
NADPH	RXN-711	PWY-699	right	NADPH	C00005	15983949	57783
NADPH	RXN-8684	PWY-5466	right	NADPH	C00005	15983949	57783
NADPH	RXN-7658	PWY-5063	right	NADPH	C00005	15983949	57783
NADPH	RXN-9556	PWY-5973	right	NADPH	C00005	15983949	57783
NADPH	RXNQT-4192	PWY-282	right	NADPH	C00005	15983949	57783
NADPH	GLUTRNAREDUCT-RXN	PWY-5188	right	NADPH	C00005	15983949	57783
NADPH	RXN-9542	PWY-8279	right	NADPH	C00005	15983949	57783
NADPH	RXN-2602	PWY-361	right	NADPH	C00005	15983949	57783
NADPH	ASPARTATE-SEMIALDEHYDE-DEHYDROGENASE-RXN	PWY-5097	right	NADPH	C00005	15983949	57783
NADPH	RXN-9515	PWY-8279	right	NADPH	C00005	15983949	57783
NADPH	ASPARTATE-SEMIALDEHYDE-DEHYDROGENASE-RXN	HOMOSERSYN-PWY	right	NADPH	C00005	15983949	57783
NADPH	RXN-1125	PWY-361	right	NADPH	C00005	15983949	57783
NADPH	RXN0-4281	PWY-5453	right	NADPH	C00005	15983949	57783
NADPH	RXN-9521	PWY-8279	right	NADPH	C00005	15983949	57783
NADPH	RXN-11534	PWY-2582	right	NADPH	C00005	15983949	57783
NADPH	RXN-9521	PWY66-430	right	NADPH	C00005	15983949	57783
NADPH	RXN-22207	PWY-2541	right	NADPH	C00005	15983949	57783
NADPH	RXN-7835	PWY-5138	right	NADPH	C00005	15983949	57783
NADPH	RXN-9540	PWY-8279	right	NADPH	C00005	15983949	57783
NADPH	N-ACETYLGLUTPREDUCT-RXN	GLUTORN-PWY	right	NADPH	C00005	15983949	57783
NADPH	RXN-11467	PWY-6515	right	NADPH	C00005	15983949	57783
NADPH	RXN-22455	PWY-8280	right	NADPH	C00005	15983949	57783
NADPH	RXN-11151	PWY-8143	right	NADPH	C00005	15983949	57783
NADPH	TRANS-CINNAMATE-2-MONOOXYGENASE-RXN	PWY-5176	left	NADPH	C00005	15983949	57783
NADPH	RXN-1101	PWY-361	left	NADPH	C00005	15983949	57783
NADPH	RXN-8619	PWY-5434	left	NADPH	C00005	15983949	57783
NADPH	DIHYDROKAEMPFEROL-4-REDUCTASE-RXN	PWY1F-823	right	NADPH	C00005	15983949	57783
NADPH	DIHYDROFOLATEREDUCT-RXN	PWY-3742	right	NADPH	C00005	15983949	57783
NADPH	ENOYL-ACP-REDUCT-NADPH-RXN	FASYN-ELONG-PWY	right	NADPH	C00005	15983949	57783
NADPH	RXN-15191	PWY-7430	left	NADPH	C00005	15983949	57783
NADPH	RXN-9633	PWY-8280	right	NADPH	C00005	15983949	57783
NADPH	RXN-13308	PWY-7036	right	NADPH	C00005	15983949	57783
NADPH	RXN-16403	PWY-6733	left	NADPH	C00005	15983949	57783
NADPH	RXN-9536	PWY66-430	right	NADPH	C00005	15983949	57783
NADPH	RXN-9952	OXIDATIVEPENT-PWY	right	NADPH	C00005	15983949	57783
NADPH	RXN-7698	PWY-5080	right	NADPH	C00005	15983949	57783
NADPH	RXN-3142	PWY1F-FLAVSYN	left	NADPH	C00005	15983949	57783
NADPH	RXN-9532	PWY66-430	right	NADPH	C00005	15983949	57783
NADPH	RXN-5682	PWY-3461	right	NADPH	C00005	15983949	57783
NADPH	DXPREDISOM-RXN	NONMEVIPP-PWY	right	NADPH	C00005	15983949	57783
NADPH	MALIC-NADP-RXN	PWY-241	right	NADPH	C00005	15983949	57783
NADPH	MALIC-NADP-RXN	PWY-7117	right	NADPH	C00005	15983949	57783
NADPH	RXN-9241	PWY-5871	left	NADPH	C00005	15983949	57783
NADPH	RXN-12295	PWY-6786	left	NADPH	C00005	15983949	57783
NADPH	GLUTATHIONE-REDUCT-NADPH-RXN	PWY-4081	right	NADPH	C00005	15983949	57783
NADPH	RXN-20131	PWY-2541	right	NADPH	C00005	15983949	57783
NADPH	GLUTSEMIALDEHYDROG-RXN	PROSYN-PWY	right	NADPH	C00005	15983949	57783
NADPH	RXN-11929	PWY-2541	right	NADPH	C00005	15983949	57783
NADPH	RXN-12300	PWY-6786	left	NADPH	C00005	15983949	57783
NADPH	OCTADECANAL-DECARBONYLASE-RXN	PWY-6622	left	NADPH	C00005	15983949	57783
NADPH	RXN-9528	PWY-8279	right	NADPH	C00005	15983949	57783
NADPH	RXN-9514	PWY66-430	right	NADPH	C00005	15983949	57783
NADPH	RXN-5282	CHLOROPHYLL-SYN	left	NADPH	C00005	15983949	57783
NADPH	RXN-8683	PWY-5466	right	NADPH	C00005	15983949	57783
NADPH	RXN-9530	PWY-8279	right	NADPH	C00005	15983949	57783
NADPH	RXN-9803	PWY-321	right	NADPH	C00005	15983949	57783
NADPH	RXN-9538	PWY66-430	right	NADPH	C00005	15983949	57783
NADPH	DTDPDEHYRHAMREDUCT-RXN	DTDPRHAMSYN-PWY	right	NADPH	C00005	15983949	57783
NADPH	SHIKIMATE-5-DEHYDROGENASE-RXN	PWY-6163	right	NADPH	C00005	15983949	57783
NADPH	RXN-7703	PWY-5083	left	NADPH	C00005	15983949	57783
NADPH	RXN-12292	PWY-6786	left	NADPH	C00005	15983949	57783
NADPH	RXN-9245	PWY-5859	right	NADPH	C00005	15983949	57783
NADPH	RXN-9532	PWY-8279	right	NADPH	C00005	15983949	57783
NADPH	GLU6PDEHYDROG-RXN	OXIDATIVEPENT-PWY	right	NADPH	C00005	15983949	57783
NADPH	RXN-9526	PWY66-430	right	NADPH	C00005	15983949	57783
NADPH	RXN-9526	PWY-8279	right	NADPH	C00005	15983949	57783
NADPH	DIHYDROFOLATEREDUCT-RXN	PWY66-385	right	NADPH	C00005	15983949	57783
NADPH	RIBOFLAVINSYNREDUC-RXN	RIBOSYN2-PWY	right	NADPH	C00005	15983949	57783
NADPH	GLUTSEMIALDEHYDROG-RXN	CITRULBIO-PWY	right	NADPH	C00005	15983949	57783
NADPH	RXN-9530	PWY66-430	right	NADPH	C00005	15983949	57783
NADPH	RXN-9536	PWY-8279	right	NADPH	C00005	15983949	57783
NADPH	RXN-4144	PWY-2541	right	NADPH	C00005	15983949	57783
NADPH	RXN-10740	PWY-3261	right	NADPH	C00005	15983949	57783
NADPH	RXN-600	PWY1F-823	right	NADPH	C00005	15983949	57783
NADPH	1.18.1.2-RXN	PWY-101	right	NADPH	C00005	15983949	57783
NADPH	RXN-16405	PWY-6733	left	NADPH	C00005	15983949	57783
NADPH	RXN-9518	PWY-8279	right	NADPH	C00005	15983949	57783
NADPH	RXN-9518	PWY66-430	right	NADPH	C00005	15983949	57783
NADPH	RXN-13307	PWY-7036	right	NADPH	C00005	15983949	57783
NADPH	RXN-4210	PWY-2541	right	NADPH	C00005	15983949	57783
NADPH	GLUTSEMIALDEHYDROG-RXN	ARGININE-SYN4-PWY	right	NADPH	C00005	15983949	57783
NADPH	NADH-KINASE-RXN	PWY-5083	right	NADPH	C00005	15983949	57783
NADPH	RXN-8679	PWY-5466	right	NADPH	C00005	15983949	57783
NADPH	GLUCURONATE-REDUCTASE-RXN	PWY-8142	right	NADPH	C00005	15983949	57783
NADPH	RXN-9532	PWY-5971	right	NADPH	C00005	15983949	57783
NADPH	RXN66-323	PWY18C3-1	right	NADPH	C00005	15983949	57783
NADPH	RXN-14425	PWY-7253	right	NADPH	C00005	15983949	57783
NADPH	RXN-9747	PWY-6051	right	NADPH	C00005	15983949	57783
NADPH	1.2.1.9-RXN	PWY-1042	right	NADPH	C00005	15983949	57783
NADPH	MANNOSE-6-PHOSPHATE-6-REDUCTASE-RXN	PWY-3881	right	NADPH	C00005	15983949	57783
NADPH	RXN-16404	PWY-6733	left	NADPH	C00005	15983949	57783
NADPH	RXN-12281	PWY-6786	left	NADPH	C00005	15983949	57783
NADPH	RXN-16416	PWY-321	right	NADPH	C00005	15983949	57783
NADPH	RXN-20456	PWY-8137	left	NADPH	C00005	15983949	57783
NADPH	RXN-9746	PWY-6051	right	NADPH	C00005	15983949	57783
NADPH	RXN-9802	PWY-321	right	NADPH	C00005	15983949	57783
NADPH	RXN-9515	PWY66-430	right	NADPH	C00005	15983949	57783
NADPH	RXN-4242	PWY-2541	right	NADPH	C00005	15983949	57783
NADPH	RXN-12299	PWY-6786	right	NADPH	C00005	15983949	57783
NADPH	RXN-9528	PWY66-430	right	NADPH	C00005	15983949	57783
NADPH	RXN-9534	PWY66-430	right	NADPH	C00005	15983949	57783
NADPH	RXN-15188	PWY-7430	left	NADPH	C00005	15983949	57783
NADPH	RXN-11939	PWY-2541	right	NADPH	C00005	15983949	57783
NADPH	THIOREDOXIN-REDUCT-NADPH-RXN	THIOREDOX-PWY	right	NADPH	C00005	15983949	57783
NADPH	RXN-7911	PWY-6837	right	NADPH	C00005	15983949	57783
NADPH	RXN-20442	PWY18C3-1	right	NADPH	C00005	15983949	57783
NADPH	N-ACETYLGLUTPREDUCT-RXN	ARGSYNBSUB-PWY	right	NADPH	C00005	15983949	57783
NADPH	RXN-12299	PWY-5410	right	NADPH	C00005	15983949	57783
NADPH	RXN-12296	PWY-6786	left	NADPH	C00005	15983949	57783
NADPH	RXN-13139	PWY-8137	right	NADPH	C00005	15983949	57783
NADPH	RXN-9246	PWY-5859	right	NADPH	C00005	15983949	57783
NADPH	1.2.1.13-RXN	CALVIN-PWY	right	NADPH	C00005	15983949	57783
NADPH	1.3.1.2-RXN	PWY-3982	right	NADPH	C00005	15983949	57783
NADPH	RXN-4229	PWY-2582	right	NADPH	C00005	15983949	57783
NADPH	RXN-12157	PWY-1121	right	NADPH	C00005	15983949	57783
NADPH	RXN-1021	PWY-282	right	NADPH	C00005	15983949	57783
NADPH	RXN-10692	PWY-641	right	NADPH	C00005	15983949	57783
NADPH	PYRIDOXINE-4-DEHYDROGENASE-RXN	PWY-7204	right	NADPH	C00005	15983949	57783
NADPH	DXPREDISOM-RXN	PWY-7560	right	NADPH	C00005	15983949	57783
NADPH	RXN-11209	PWY-6430	right	NADPH	C00005	15983949	57783
NADPH	RXN-5961	PWY-5947	left	NADPH	C00005	15983949	57783
NADPH	RXN-16416	PWY-1121	right	NADPH	C00005	15983949	57783
NADPH	RXN-9514	PWY-5971	right	NADPH	C00005	15983949	57783
NADPH	1.1.1.34-RXN	PWY-922	right	NADPH	C00005	15983949	57783
NADPH	FARNESOL-DEHYDROGENASE-RXN	PWY-6577	right	NADPH	C00005	15983949	57783
NADPH	RXN-5284	CHLOROPHYLL-SYN	left	NADPH	C00005	15983949	57783
NADPH	RXN-9524	PWY-8279	right	NADPH	C00005	15983949	57783
NADPH	RXN-5283	CHLOROPHYLL-SYN	left	NADPH	C00005	15983949	57783
NADPH	RXN0-4281	PWY-6786	right	NADPH	C00005	15983949	57783
NADPH	RXN-3562	PWY-2463	right	NADPH	C00005	15983949	57783
NADPH	RXN-5285	CHLOROPHYLL-SYN	right	NADPH	C00005	15983949	57783
NADPH	RXN-9518	PWY-5971	right	NADPH	C00005	15983949	57783
NADPH	RXN-13306	PWY-7036	right	NADPH	C00005	15983949	57783
NADPH	RXN-16406	PWY-6733	right	NADPH	C00005	15983949	57783
NADPH	PYRNUTRANSHYDROGEN-RXN	PWY-5083	left	NADPH	C00005	15983949	57783
NADPH	RXN-9524	PWY66-430	right	NADPH	C00005	15983949	57783
NADPH	MALATE-DEHYDROGENASE-NADP+-RXN	PWY-241	right	NADPH	C00005	15983949	57783
NADPH	RXN-12156	PWY-1121	right	NADPH	C00005	15983949	57783
NADPH	RXN-11934	PWY-2541	left	NADPH	C00005	15983949	57783
NADPH	RXN-9514	PWY-8279	right	NADPH	C00005	15983949	57783
NADPH	RXN-12297	PWY-6786	right	NADPH	C00005	15983949	57783
NADPH	12-OXOPHYTODIENOATE-REDUCTASE-RXN	PWY-735	right	NADPH	C00005	15983949	57783
NADPH	RXN-13301	PWY-7036	right	NADPH	C00005	15983949	57783
NADPH	RXN-3601	PWY-2463	right	NADPH	C00005	15983949	57783
NADPH	ACETOOHBUTREDUCTOISOM-RXN	ILEUSYN-PWY	right	NADPH	C00005	15983949	57783
NADPH	RXN-17007	PWY-5027	left	NADPH	C00005	15983949	57783
METHYL-GLYOXAL	RXN0-4281	PWY-5453	right	methylglyoxal	C00546	880	17158
METHYL-GLYOXAL	RXN0-4281	PWY-6786	right	methylglyoxal	C00546	880	17158
METHYL-GLYOXAL	GLYOXIII-RXN	PWY-8458	right	methylglyoxal	C00546	880	17158
METHYL-GLYOXAL	GLYOXI-RXN	PWY-5386-1	right	methylglyoxal	C00546	880	17158
AMP	RXN-7904	PWY-6803	right	AMP	C00020	15938965	456215
AMP	RXN-12203	PWY-6724	right	AMP	C00020	15938965	456215
AMP	O-SUCCINYLBENZOATE-COA-LIG-RXN	PWY-5837	right	AMP	C00020	15938965	456215
AMP	NAD-SYNTH-GLN-RXN	PYRIDNUCSYN-PWY	right	AMP	C00020	15938965	456215
AMP	RXN-16418	PWY-1121	right	AMP	C00020	15938965	456215
AMP	RXN-18699	PWY-7888	right	AMP	C00020	15938965	456215
AMP	ADENPRIBOSYLTRAN-RXN	PWY-6605	left	AMP	C00020	15938965	456215
AMP	ADENOSINE-KINASE-RXN	PWY-6619	right	AMP	C00020	15938965	456215
AMP	RXN-16389	PWY-1121	right	AMP	C00020	15938965	456215
AMP	ARGSUCCINSYN-RXN	PWY-4984	right	AMP	C00020	15938965	456215
AMP	4-COUMARATE--COA-LIGASE-RXN	PWY-5048	right	AMP	C00020	15938965	456215
AMP	RXN-2947	PWY-6219	right	AMP	C00020	15938965	456215
AMP	PRPPSYN-RXN	PWY0-662	right	AMP	C00020	15938965	456215
AMP	RXN-12204	PWY-6724	right	AMP	C00020	15938965	456215
AMP	RXN-16389	PWY-321	right	AMP	C00020	15938965	456215
AMP	RXN-13268	PWY-6622	right	AMP	C00020	15938965	456215
AMP	RXN-9808	PWY-6066	right	AMP	C00020	15938965	456215
AMP	ASNSYNB-RXN	ASPARAGINE-BIOSYNTHESIS	right	AMP	C00020	15938965	456215
AMP	RXN-10455	PWY-6233	right	AMP	C00020	15938965	456215
AMP	RXN-12184	PWY-6733	right	AMP	C00020	15938965	456215
AMP	ACYLCOASYN-RXN	PWY-5136	right	AMP	C00020	15938965	456215
AMP	RXN-2945	PWY-6219	right	AMP	C00020	15938965	456215
AMP	H2PTERIDINEPYROPHOSPHOKIN-RXN	PWY-3742	right	AMP	C00020	15938965	456215
AMP	PANTOATE-BETA-ALANINE-LIG-RXN	PANTO-PWY	right	AMP	C00020	15938965	456215
AMP	PROPIONATE--COA-LIGASE-RXN	PWY-3941	right	AMP	C00020	15938965	456215
AMP	PYRUVATEORTHOPHOSPHATE-DIKINASE-RXN	PWY-7117	right	AMP	C00020	15938965	456215
AMP	RXN-9084	PWY-6219	right	AMP	C00020	15938965	456215
AMP	RXN-21563	PWY-8171	right	AMP	C00020	15938965	456215
AMP	RXN-16401	PWY-6733	right	AMP	C00020	15938965	456215
AMP	GLURS-RXN	PWY-5188	right	AMP	C00020	15938965	456215
AMP	RXN-10695	PWY-735	right	AMP	C00020	15938965	456215
AMP	RXN-2946	PWY-6219	right	AMP	C00020	15938965	456215
AMP	GMP-SYN-GLUT-RXN	PWY-7221	right	AMP	C00020	15938965	456215
AMP	RXN-14570	PWY0-1587	right	AMP	C00020	15938965	456215
AMP	RXN-1126	PWY-1121	right	AMP	C00020	15938965	456215
AMP	DIPHTINE--AMMONIA-LIGASE-RXN	PWY-7546	right	AMP	C00020	15938965	456215
AMP	PYRUVATEORTHOPHOSPHATE-DIKINASE-RXN	PWY-241	right	AMP	C00020	15938965	456215
AMP	RXNQT-4301	PWY-6909	right	AMP	C00020	15938965	456215
AMP	4-COUMARATE--COA-LIGASE-RXN	PWY-8157	right	AMP	C00020	15938965	456215
AMP	RXN-18701	PWY-7888	right	AMP	C00020	15938965	456215
AMP	RXN-10457	PWY-6233	right	AMP	C00020	15938965	456215
AMP	PYRUVATEORTHOPHOSPHATE-DIKINASE-RXN	PWY-7115	right	AMP	C00020	15938965	456215
AMP	1.8.4.9-RXN	SULFMETII-PWY	left	AMP	C00020	15938965	456215
AMP	RXN-16380	PWY-5989	right	AMP	C00020	15938965	456215
AMP	RXN-7904	PWY-5143	right	AMP	C00020	15938965	456215
AMP	4-COUMARATE--COA-LIGASE-RXN	PWY1F-FLAVSYN	right	AMP	C00020	15938965	456215
AMP	4-COUMARATE--COA-LIGASE-RXN	PWY-6982	right	AMP	C00020	15938965	456215
AMP	4-COUMARATE--COA-LIGASE-RXN	PWY-6040	right	AMP	C00020	15938965	456215
AMP	RXN-16389	PWY-6733	right	AMP	C00020	15938965	456215
AMP	AMPSYN-RXN	PWY-7219	right	AMP	C00020	15938965	456215
AMP	RXN-4307	PWY-2681	left	AMP	C00020	15938965	456215
AMP	OXALATE--COA-LIGASE-RXN	PWY-7985	right	AMP	C00020	15938965	456215
AMP	RXN-9623	PWY-8279	right	AMP	C00020	15938965	456215
AMP	RXN-1126	PWY-6673	right	AMP	C00020	15938965	456215
AMP	ARGSUCCINSYN-RXN	ARGSYNBSUB-PWY	right	AMP	C00020	15938965	456215
AMP	NAD-SYNTH-NH3-RXN	PYRIDNUCSYN-PWY	right	AMP	C00020	15938965	456215
AMP	RXN-2948	PWY-6219	right	AMP	C00020	15938965	456215
AMP	4-COUMARATE--COA-LIGASE-RXN	PWY-6039	right	AMP	C00020	15938965	456215
AMP	RXN-12473	PWY-6823	right	AMP	C00020	15938965	456215
AMP	PEPSYNTH-RXN	GLUCONEO-PWY	right	AMP	C00020	15938965	456215
AMP	4-COUMARATE--COA-LIGASE-RXN	PWY-361	right	AMP	C00020	15938965	456215
AMP	ARGSUCCINSYN-RXN	ARGSYN-PWY	right	AMP	C00020	15938965	456215
AMP	PEPSYNTH-RXN	PWY-5484	right	AMP	C00020	15938965	456215
AMP	RXN-9623	PWY-5971	right	AMP	C00020	15938965	456215
AMP	AMP-DEAMINASE-RXN	PWY-6596	left	AMP	C00020	15938965	456215
AMP	RXN-9386	PWY-5921	right	AMP	C00020	15938965	456215
AMP	RXN-2944	PWY-6219	right	AMP	C00020	15938965	456215
AMP	ACETATE--COA-LIGASE-RXN	PWY66-21	right	AMP	C00020	15938965	456215
AMP	RXN66-555	PWY-7851	right	AMP	C00020	15938965	456215
AMP	RXN-16402	PWY-6733	right	AMP	C00020	15938965	456215
AMP	BIOTINLIG-RXN	PWY0-1264	right	AMP	C00020	15938965	456215
AMP	H2PTERIDINEPYROPHOSPHOKIN-RXN	PWY-6147	right	AMP	C00020	15938965	456215
AMP	THIAMIN-PYROPHOSPHOKINASE-RXN	PWY-6908	right	AMP	C00020	15938965	456215
AMP	NAD-SYNTH-GLN-RXN	PWY3O-4107	right	AMP	C00020	15938965	456215
AMP	PEPSYNTH-RXN	GLYCOLYSIS	right	AMP	C00020	15938965	456215
AMP	RXN-10449	PWY-6233	right	AMP	C00020	15938965	456215
AMP	RXN-16393	PWY-5971	right	AMP	C00020	15938965	456215
AMP	RXN-10459	PWY-6233	right	AMP	C00020	15938965	456215
AMP	RXN-16380	PWY-8280	right	AMP	C00020	15938965	456215
AMP	6.2.1.34-RXN	PWY-1121	right	AMP	C00020	15938965	456215
AMP	RXN-9083	PWY-6219	right	AMP	C00020	15938965	456215
AMP	ADENYL-KIN-RXN	PWY-7219	left	AMP	C00020	15938965	456215
AMP	RXN-9644	PWY-5147	right	AMP	C00020	15938965	456215
CPD-17621	RXN-16403	PWY-6733	left	16-hydroxypalmitoyl-CoA		86583440	84207
CPD-17621	RXN-16389	PWY-6733	right	16-hydroxypalmitoyl-CoA		86583440	84207
CPD-17621	RXN-16389	PWY-1121	right	16-hydroxypalmitoyl-CoA		86583440	84207
CPD-17621	RXN-1062	PWY-321	left	16-hydroxypalmitoyl-CoA		86583440	84207
CPD-17621	RXN-16389	PWY-321	right	16-hydroxypalmitoyl-CoA		86583440	84207
16-HYDROXYPALMITATE	RXN-16398	PWY-1121	right	16-hydroxypalmitate	C18218	7058075	55329
16-HYDROXYPALMITATE	RXN-9802	PWY-321	left	16-hydroxypalmitate	C18218	7058075	55329
16-HYDROXYPALMITATE	RXN-16398	PWY-321	right	16-hydroxypalmitate	C18218	7058075	55329
16-HYDROXYPALMITATE	RXN-10749	PWY-7120	left	16-hydroxypalmitate	C18218	7058075	55329
16-HYDROXYPALMITATE	RXN-16389	PWY-1121	left	16-hydroxypalmitate	C18218	7058075	55329
16-HYDROXYPALMITATE	RXN-16389	PWY-6733	left	16-hydroxypalmitate	C18218	7058075	55329
16-HYDROXYPALMITATE	RXN-16389	PWY-321	left	16-hydroxypalmitate	C18218	7058075	55329
16-HYDROXYPALMITATE	RXN-16398	PWY-6733	right	16-hydroxypalmitate	C18218	7058075	55329
CO-A	FORMYL-COA-HYDROLASE-RXN	PWY-7985	right	coenzyme A	C00010	25113190	57287
CO-A	RXN-16389	PWY-1121	left	coenzyme A	C00010	25113190	57287
CO-A	RXN-7904	PWY-6803	left	coenzyme A	C00010	25113190	57287
CO-A	RXN-8204	PWY-5284	right	coenzyme A	C00010	25113190	57287
CO-A	RXN-12965	PWY-6982	right	coenzyme A	C00010	25113190	57287
CO-A	RXN-10708	PWY-735	right	coenzyme A	C00010	25113190	57287
CO-A	4-COUMARATE--COA-LIGASE-RXN	PWY-8157	left	coenzyme A	C00010	25113190	57287
CO-A	RXN-6724	PWY-6801	right	coenzyme A	C00010	25113190	57287
CO-A	RXN-18667	PWY-6801	right	coenzyme A	C00010	25113190	57287
CO-A	RXN-2621	PWY-8157	right	coenzyme A	C00010	25113190	57287
CO-A	HYDROXYMETHYLGLUTARYL-COA-SYNTHASE-RXN	PWY-922	right	coenzyme A	C00010	25113190	57287
CO-A	PALMITOYL-COA-HYDROLASE-RXN	PWY-1121	right	coenzyme A	C00010	25113190	57287
CO-A	RXN-9311	PWY-5837	right	coenzyme A	C00010	25113190	57287
CO-A	RXN-13297	PWY-7036	right	coenzyme A	C00010	25113190	57287
CO-A	RXN-16402	PWY-6733	left	coenzyme A	C00010	25113190	57287
CO-A	RXN-10749	PWY-7120	right	coenzyme A	C00010	25113190	57287
CO-A	RXN-16389	PWY-321	left	coenzyme A	C00010	25113190	57287
CO-A	RXN-6384	PWY-3941	right	coenzyme A	C00010	25113190	57287
CO-A	RXN-1126	PWY-1121	left	coenzyme A	C00010	25113190	57287
CO-A	DIACYLGLYCEROL-O-ACYLTRANSFERASE-RXN	TRIGLSYN-PWY	right	coenzyme A	C00010	25113190	57287
CO-A	4-COUMARATE--COA-LIGASE-RXN	PWY-6040	left	coenzyme A	C00010	25113190	57287
CO-A	RXN-13734	PWY-1121	right	coenzyme A	C00010	25113190	57287
CO-A	1.2.1.25-RXN	VALDEG-PWY	left	coenzyme A	C00010	25113190	57287
CO-A	2.3.1.23-RXN	PWY-6803	right	coenzyme A	C00010	25113190	57287
CO-A	RXN-11852	PWY-5410	right	coenzyme A	C00010	25113190	57287
CO-A	RXN-1623	PWY-5667	right	coenzyme A	C00010	25113190	57287
CO-A	RXN-16045	PWY-5995	right	coenzyme A	C00010	25113190	57287
CO-A	ACYLCOASYN-RXN	PWY-5136	left	coenzyme A	C00010	25113190	57287
CO-A	N-ACETYLTRANSFER-RXN	GLUTORN-PWY	right	coenzyme A	C00010	25113190	57287
CO-A	RXNQT-4192	PWY-282	left	coenzyme A	C00010	25113190	57287
CO-A	RXN-7792	PWY-5129	right	coenzyme A	C00010	25113190	57287
CO-A	ACETYL-COA-ACETYLTRANSFER-RXN	PWY-922	right	coenzyme A	C00010	25113190	57287
CO-A	RXN-12350	PWY-6792	right	coenzyme A	C00010	25113190	57287
CO-A	RXN-7626	PWY-5048	right	coenzyme A	C00010	25113190	57287
CO-A	RXN-16408	PWY-6733	right	coenzyme A	C00010	25113190	57287
CO-A	RXN-9627	PWY-6465	right	coenzyme A	C00010	25113190	57287
CO-A	RXN-9813	PWY-6066	right	coenzyme A	C00010	25113190	57287
CO-A	RXN-1106	PWY-361	right	coenzyme A	C00010	25113190	57287
CO-A	RXN-1623	TRIGLSYN-PWY	right	coenzyme A	C00010	25113190	57287
CO-A	RXN-7997	PWY-5139	right	coenzyme A	C00010	25113190	57287
CO-A	RXN-1381	TRIGLSYN-PWY	right	coenzyme A	C00010	25113190	57287
CO-A	RXN-9623	PWY-8279	left	coenzyme A	C00010	25113190	57287
CO-A	RXN-1381	PWY-5667	right	coenzyme A	C00010	25113190	57287
CO-A	2OXOGLUTARATEDEH-RXN	PWYQT-4481	left	coenzyme A	C00010	25113190	57287
CO-A	RXN-2622	PWY-361	right	coenzyme A	C00010	25113190	57287
CO-A	RXN-9628	PWY-6465	right	coenzyme A	C00010	25113190	57287
CO-A	RXN-8170	PWY-5284	right	coenzyme A	C00010	25113190	57287
CO-A	MALONYL-COA-ACP-TRANSACYL-RXN	PWY-4381	right	coenzyme A	C00010	25113190	57287
CO-A	3-HYDROXYISOBUTYRYL-COA-HYDROLASE-RXN	VALDEG-PWY	right	coenzyme A	C00010	25113190	57287
CO-A	RXN-7997	PWY-5268	right	coenzyme A	C00010	25113190	57287
CO-A	RXN-9653	PWY66-430	right	coenzyme A	C00010	25113190	57287
CO-A	2KETO-3METHYLVALERATE-RXN	ILEUDEG-PWY	left	coenzyme A	C00010	25113190	57287
CO-A	RXN-16389	PWY-6733	left	coenzyme A	C00010	25113190	57287
CO-A	RXN-1101	PWY-361	right	coenzyme A	C00010	25113190	57287
CO-A	RXN-23599	PWY-7888	right	coenzyme A	C00010	25113190	57287
CO-A	RXN-9652	PWY66-430	right	coenzyme A	C00010	25113190	57287
CO-A	RXN-16418	PWY-1121	left	coenzyme A	C00010	25113190	57287
CO-A	RXNQT-4193	PWY-282	right	coenzyme A	C00010	25113190	57287
CO-A	RXN-7904	PWY-5143	left	coenzyme A	C00010	25113190	57287
CO-A	RXN-15043	PWY-7417	right	coenzyme A	C00010	25113190	57287
CO-A	O-SUCCINYLBENZOATE-COA-LIG-RXN	PWY-5837	left	coenzyme A	C00010	25113190	57287
CO-A	RXN-7998	PWY-5139	right	coenzyme A	C00010	25113190	57287
CO-A	RXN-9939	PWY-6117	right	coenzyme A	C00010	25113190	57287
CO-A	RXN-9627	PWY-6733	right	coenzyme A	C00010	25113190	57287
CO-A	RXN-2601	PWY-6040	right	coenzyme A	C00010	25113190	57287
CO-A	RXN-2622	PWY-6673	right	coenzyme A	C00010	25113190	57287
CO-A	SERINE-C-PALMITOYLTRANSFERASE-RXN	PWY-5129	right	coenzyme A	C00010	25113190	57287
CO-A	TYRAMINE-N-FERULOYLTRANSFERASE-RXN	PWY-1121	right	coenzyme A	C00010	25113190	57287
CO-A	RXN-3142	PWY1F-FLAVSYN	right	coenzyme A	C00010	25113190	57287
CO-A	RXN-8713	PWY-5474	right	coenzyme A	C00010	25113190	57287
CO-A	RXN-13542	PWY-7075	right	coenzyme A	C00010	25113190	57287
CO-A	CITSYN-RXN	PWYQT-4481	right	coenzyme A	C00010	25113190	57287
CO-A	RXN-8171	PWY-5284	right	coenzyme A	C00010	25113190	57287
CO-A	N-ACETYLTRANSFER-RXN	ARGSYNBSUB-PWY	right	coenzyme A	C00010	25113190	57287
CO-A	RXN-8715	PWY-5474	right	coenzyme A	C00010	25113190	57287
CO-A	2OXOGLUTARATEDEH-RXN	PWY-5690	left	coenzyme A	C00010	25113190	57287
CO-A	4-COUMARATE--COA-LIGASE-RXN	PWY-6982	left	coenzyme A	C00010	25113190	57287
CO-A	RXN-16407	PWY-6733	right	coenzyme A	C00010	25113190	57287
CO-A	SUCCCOASYN-RXN	PWYQT-4481	left	coenzyme A	C00010	25113190	57287
CO-A	SERINE-O-ACETTRAN-RXN	CYSTSYN-PWY	right	coenzyme A	C00010	25113190	57287
CO-A	RXN-2621	PWY-361	right	coenzyme A	C00010	25113190	57287
CO-A	GLUCOSAMINEPNACETYLTRANS-RXN	UDPNACETYLGALSYN-PWY	right	coenzyme A	C00010	25113190	57287
CO-A	PYRUVDEH-RXN	PWYQT-4481	left	coenzyme A	C00010	25113190	57287
CO-A	2.3.1.133-RXN	PWY-6039	right	coenzyme A	C00010	25113190	57287
CO-A	METHYLACETOACETYLCOATHIOL-RXN	ILEUDEG-PWY	right	coenzyme A	C00010	25113190	57287
CO-A	HOLO-ACP-SYNTH-RXN	PWY-6012	left	coenzyme A	C00010	25113190	57287
CO-A	RXN3DJ-35528	PWY-8475	right	coenzyme A	C00010	25113190	57287
CO-A	4-COUMARATE--COA-LIGASE-RXN	PWY1F-FLAVSYN	left	coenzyme A	C00010	25113190	57287
CO-A	RXN-12184	PWY-6733	left	coenzyme A	C00010	25113190	57287
CO-A	RXN-9651	PWY66-430	right	coenzyme A	C00010	25113190	57287
CO-A	RXN-9812	PWY-6066	left	coenzyme A	C00010	25113190	57287
CO-A	RXN-13296	PWY-7036	right	coenzyme A	C00010	25113190	57287
CO-A	RXN-9623	PWY-5971	left	coenzyme A	C00010	25113190	57287
CO-A	RXN-7633	PWY-5049	right	coenzyme A	C00010	25113190	57287
CO-A	RXN-16393	PWY-5971	left	coenzyme A	C00010	25113190	57287
CO-A	RXN-6724	PWY-4203	right	coenzyme A	C00010	25113190	57287
CO-A	NARINGENIN-CHALCONE-SYNTHASE-RXN	PWY1F-FLAVSYN	right	coenzyme A	C00010	25113190	57287
CO-A	RXN-9624	PWY-6733	right	coenzyme A	C00010	25113190	57287
CO-A	2.3.1.133-RXN	PWY-6040	right	coenzyme A	C00010	25113190	57287
CO-A	RXN-7697	PWY-5080	right	coenzyme A	C00010	25113190	57287
CO-A	RXN-9808	PWY-6066	left	coenzyme A	C00010	25113190	57287
CO-A	THIOESTER-RXN	PWY-5148	right	coenzyme A	C00010	25113190	57287
CO-A	RXN-18670	PWY-6801	right	coenzyme A	C00010	25113190	57287
CO-A	RXN-11468	PWY-6515	right	coenzyme A	C00010	25113190	57287
CO-A	RXN-7834	PWY-5139	right	coenzyme A	C00010	25113190	57287
CO-A	RXN-1126	PWY-6673	left	coenzyme A	C00010	25113190	57287
CO-A	1.1.1.34-RXN	PWY-922	left	coenzyme A	C00010	25113190	57287
CO-A	RXN-12362	PWY-6801	right	coenzyme A	C00010	25113190	57287
CO-A	RXN-15066	PWY-7416	right	coenzyme A	C00010	25113190	57287
CO-A	2KETO-4METHYL-PENTANOATE-DEHYDROG-RXN	LEU-DEG2-PWY	left	coenzyme A	C00010	25113190	57287
CO-A	SUCCCOASYN-RXN	PWY-5690	left	coenzyme A	C00010	25113190	57287
CO-A	RXN-9244	PWY-5859	right	coenzyme A	C00010	25113190	57287
CO-A	RXN-18669	PWY-6801	right	coenzyme A	C00010	25113190	57287
CO-A	DEPHOSPHOCOAKIN-RXN	PWY-7851	right	coenzyme A	C00010	25113190	57287
CO-A	NARINGENIN-CHALCONE-SYNTHASE-RXN	PWY-6787	right	coenzyme A	C00010	25113190	57287
CO-A	ACETATE--COA-LIGASE-RXN	PWY66-21	left	coenzyme A	C00010	25113190	57287
CO-A	RXN-9670	PWY-5368	right	coenzyme A	C00010	25113190	57287
CO-A	RXN-16380	PWY-5989	left	coenzyme A	C00010	25113190	57287
CO-A	2-ISOPROPYLMALATESYN-RXN	LEUSYN-PWY	right	coenzyme A	C00010	25113190	57287
CO-A	RXN-21513	PWY-8157	right	coenzyme A	C00010	25113190	57287
CO-A	PALMITOYL-COA-HYDROLASE-RXN	PWY-6733	right	coenzyme A	C00010	25113190	57287
CO-A	RXN-9666	PWY-321	right	coenzyme A	C00010	25113190	57287
CO-A	RXN-2601	PWY-361	right	coenzyme A	C00010	25113190	57287
CO-A	4-COUMARATE--COA-LIGASE-RXN	PWY-361	left	coenzyme A	C00010	25113190	57287
CO-A	4-COUMARATE--COA-LIGASE-RXN	PWY-6039	left	coenzyme A	C00010	25113190	57287
CO-A	4-COUMARATE--COA-LIGASE-RXN	PWY-5048	left	coenzyme A	C00010	25113190	57287
CO-A	OXALATE--COA-LIGASE-RXN	PWY-7985	left	coenzyme A	C00010	25113190	57287
CO-A	RXN-13295	PWY-7036	right	coenzyme A	C00010	25113190	57287
CO-A	RXN-9666	PWY-1121	right	coenzyme A	C00010	25113190	57287
CO-A	2.3.1.168-RXN	PWY-5046	right	coenzyme A	C00010	25113190	57287
CO-A	RXN-8714	PWY-5474	right	coenzyme A	C00010	25113190	57287
CO-A	RXN-6762	PWY-4203	right	coenzyme A	C00010	25113190	57287
CO-A	RXN-16403	PWY-6733	right	coenzyme A	C00010	25113190	57287
CO-A	RXN-9670	PWY-5995	right	coenzyme A	C00010	25113190	57287
CO-A	RXN-9650	PWY66-430	right	coenzyme A	C00010	25113190	57287
CO-A	6.2.1.34-RXN	PWY-1121	left	coenzyme A	C00010	25113190	57287
CO-A	RXN-10699	PWY-735	right	coenzyme A	C00010	25113190	57287
CO-A	ATP-CITRATE-PRO-S--LYASE-RXN	PWY-5172	right	coenzyme A	C00010	25113190	57287
CO-A	RXN-9644	PWY-5147	left	coenzyme A	C00010	25113190	57287
CO-A	PROPIONATE--COA-LIGASE-RXN	PWY-3941	left	coenzyme A	C00010	25113190	57287
CO-A	2.3.1.172-RXN	PWY-5268	right	coenzyme A	C00010	25113190	57287
CO-A	RXN-16401	PWY-6733	left	coenzyme A	C00010	25113190	57287
CO-A	PALMITOYL-COA-HYDROLASE-RXN	PWY-321	right	coenzyme A	C00010	25113190	57287
CO-A	2.3.1.180-RXN	PWY-4381	right	coenzyme A	C00010	25113190	57287
CO-A	SPERMACTRAN-RXN	PWY-6117	right	coenzyme A	C00010	25113190	57287
CO-A	2.3.1.133-RXN	PWY-361	right	coenzyme A	C00010	25113190	57287
CO-A	RXN-9648	PWY66-430	right	coenzyme A	C00010	25113190	57287
CO-A	RXN-13294	PWY-7036	right	coenzyme A	C00010	25113190	57287
CO-A	CITSYN-RXN	PWY-5690	right	coenzyme A	C00010	25113190	57287
CO-A	RXN-18668	PWY-6801	right	coenzyme A	C00010	25113190	57287
CO-A	RXN-16380	PWY-8280	left	coenzyme A	C00010	25113190	57287
CO-A	RXN-21512	PWY-8157	right	coenzyme A	C00010	25113190	57287
CO-A	RXN-16405	PWY-6733	right	coenzyme A	C00010	25113190	57287
CO-A	RXN-8139	PWY-5268	right	coenzyme A	C00010	25113190	57287
CO-A	RXN-2601	PWY-6039	right	coenzyme A	C00010	25113190	57287
CO-A	RXN0-1147	PWY-5084	right	coenzyme A	C00010	25113190	57287
CO-A	RXN-10700	PWY-735	right	coenzyme A	C00010	25113190	57287
CO-A	RXN-8138	PWY-5268	right	coenzyme A	C00010	25113190	57287
CO-A	TYRAMINE-N-FERULOYLTRANSFERASE-RXN	PWY-5474	right	coenzyme A	C00010	25113190	57287
CO-A	RXN-16404	PWY-6733	right	coenzyme A	C00010	25113190	57287
CO-A	2.3.1.133-RXN	PWY-8157	right	coenzyme A	C00010	25113190	57287
CO-A	RXN-11213	VALDEG-PWY	left	coenzyme A	C00010	25113190	57287
CO-A	RXN-10695	PWY-735	left	coenzyme A	C00010	25113190	57287
CO-A	RXN-9666	PWY-6733	right	coenzyme A	C00010	25113190	57287
CO-A	RXN-13260	PWY-7029	right	coenzyme A	C00010	25113190	57287
CO-A	DEPHOSPHOCOAKIN-RXN	COA-PWY	right	coenzyme A	C00010	25113190	57287
CO-A	RXN-18671	PWY-6801	right	coenzyme A	C00010	25113190	57287
CO-A	RXN-10701	PWY-735	right	coenzyme A	C00010	25113190	57287
CO-A	KETOACYLCOATHIOL-RXN	PWY-5136	right	coenzyme A	C00010	25113190	57287
CO-A	RXN-1021	PWY-282	left	coenzyme A	C00010	25113190	57287
CO-A	RXN0-1133	PYRUVDEHYD-PWY	right	coenzyme A	C00010	25113190	57287
ATP	RXN-7163	PWY-4661	left	ATP	C00002	5461108	30616
ATP	NAD-SYNTH-GLN-RXN	PYRIDNUCSYN-PWY	left	ATP	C00002	5461108	30616
ATP	RXN-4941	PWY-6369	left	ATP	C00002	5461108	30616
ATP	SPHINGANINE-KINASE-RXN	PWY-5129	left	ATP	C00002	5461108	30616
ATP	PHOSPHORIBULOKINASE-RXN	CALVIN-PWY	left	ATP	C00002	5461108	30616
ATP	ARGSUCCINSYN-RXN	PWY-4984	left	ATP	C00002	5461108	30616
ATP	ATP-CITRATE-PRO-S--LYASE-RXN	PWY-5172	right	ATP	C00002	5461108	30616
ATP	THIAMIN-PYROPHOSPHOKINASE-RXN	PWY-6908	left	ATP	C00002	5461108	30616
ATP	RXN1F-20	CHLOROPHYLL-SYN	left	ATP	C00002	5461108	30616
ATP	PEPDEPHOS-RXN	PWY-1042	left	ATP	C00002	5461108	30616
ATP	PYRIDOXKIN-RXN	PWY-7204	left	ATP	C00002	5461108	30616
ATP	PNKIN-RXN	PWY-7204	left	ATP	C00002	5461108	30616
ATP	GLUTKIN-RXN	ARGININE-SYN4-PWY	left	ATP	C00002	5461108	30616
ATP	FORMYLTHFGLUSYNTH-RXN	PWY-2161	left	ATP	C00002	5461108	30616
ATP	CHOLINE-KINASE-RXN	PWY3O-450	left	ATP	C00002	5461108	30616
ATP	2.7.1.133-RXN	PWY-6554	left	ATP	C00002	5461108	30616
ATP	RXN-16393	PWY-5971	left	ATP	C00002	5461108	30616
ATP	GLUCOKIN-RXN	PWY-7238	left	ATP	C00002	5461108	30616
ATP	RXN-7904	PWY-6803	left	ATP	C00002	5461108	30616
ATP	RXN66-555	PWY-7851	left	ATP	C00002	5461108	30616
ATP	SULFATE-ADENYLYLTRANS-RXN	SULFMETII-PWY	left	ATP	C00002	5461108	30616
ATP	RXN-9623	PWY-8279	left	ATP	C00002	5461108	30616
ATP	DEOXYADENYLATE-KINASE-RXN	PWY-7224	left	ATP	C00002	5461108	30616
ATP	FGAMSYN-RXN	PWY-6121	left	ATP	C00002	5461108	30616
ATP	CDPKIN-RXN	PWY-7205	left	ATP	C00002	5461108	30616
ATP	PEPCARBOXYKIN-RXN	PWY-7117	left	ATP	C00002	5461108	30616
ATP	4-COUMARATE--COA-LIGASE-RXN	PWY-6040	left	ATP	C00002	5461108	30616
ATP	2.7.1.68-RXN	PWY-6352	left	ATP	C00002	5461108	30616
ATP	GLUTCYSLIG-RXN	GLUTATHIONESYN-PWY	left	ATP	C00002	5461108	30616
ATP	RXN-13268	PWY-6622	left	ATP	C00002	5461108	30616
ATP	GLUCOKIN-RXN	PWY-621	left	ATP	C00002	5461108	30616
ATP	2.7.4.24-RXN	PWY-6369	left	ATP	C00002	5461108	30616
ATP	1-PHOSPHATIDYLINOSITOL-KINASE-RXN	PWY-6351	left	ATP	C00002	5461108	30616
ATP	RXN-16389	PWY-6733	left	ATP	C00002	5461108	30616
ATP	RXN-13202	PWY-4984	left	ATP	C00002	5461108	30616
ATP	PSEUDOURIDINE-KINASE-RXN	PWY-6019	left	ATP	C00002	5461108	30616
ATP	GLUTAMINESYN-RXN	PWY-6963	left	ATP	C00002	5461108	30616
ATP	GLUCURONOKINASE-RXN	PWY-4841	left	ATP	C00002	5461108	30616
ATP	GMKALT-RXN	PWY-7224	left	ATP	C00002	5461108	30616
ATP	5-METHYLTHIORIBOSE-KINASE-RXN	PWY-6754	left	ATP	C00002	5461108	30616
ATP	RXN-16389	PWY-321	left	ATP	C00002	5461108	30616
ATP	PHOSPHOMEVALONATE-KINASE-RXN	PWY-922	left	ATP	C00002	5461108	30616
ATP	GLY3KIN-RXN	PWY-181	left	ATP	C00002	5461108	30616
ATP	DCDPKIN-RXN	PWY-7184	left	ATP	C00002	5461108	30616
ATP	ETHANOLAMINE-KINASE-RXN	PWY4FS-6	left	ATP	C00002	5461108	30616
ATP	ACYLCOASYN-RXN	PWY-5136	left	ATP	C00002	5461108	30616
ATP	GLUTATHIONE-SYN-RXN	GLUTATHIONESYN-PWY	left	ATP	C00002	5461108	30616
ATP	ASPARTATEKIN-RXN	HOMOSERSYN-PWY	left	ATP	C00002	5461108	30616
ATP	RXN-16418	PWY-1121	left	ATP	C00002	5461108	30616
ATP	SHIKIMATE-KINASE-RXN	PWY-6163	left	ATP	C00002	5461108	30616
ATP	ACETYLGLUTKIN-RXN	GLUTORN-PWY	left	ATP	C00002	5461108	30616
ATP	RXN-7182	PWY-4541	left	ATP	C00002	5461108	30616
ATP	4-COUMARATE--COA-LIGASE-RXN	PWY-361	left	ATP	C00002	5461108	30616
ATP	RXN-8344	PWY-8171	left	ATP	C00002	5461108	30616
ATP	RXN-10455	PWY-6233	left	ATP	C00002	5461108	30616
ATP	GLUTAMINESYN-RXN	PWY4LZ-81	left	ATP	C00002	5461108	30616
ATP	1-PHOSPHATIDYLINOSITOL-KINASE-RXN	PWY-6352	left	ATP	C00002	5461108	30616
ATP	ARGSUCCINSYN-RXN	ARGSYNBSUB-PWY	left	ATP	C00002	5461108	30616
ATP	GLURS-RXN	PWY-5188	left	ATP	C00002	5461108	30616
ATP	RXN-2944	PWY-6219	left	ATP	C00002	5461108	30616
ATP	4-COUMARATE--COA-LIGASE-RXN	PWY-5048	left	ATP	C00002	5461108	30616
ATP	MEVALONATE-KINASE-RXN	PWY-922	left	ATP	C00002	5461108	30616
ATP	2.7.1.149-RXN	PWY-6351	left	ATP	C00002	5461108	30616
ATP	PANTOATE-BETA-ALANINE-LIG-RXN	PANTO-PWY	left	ATP	C00002	5461108	30616
ATP	GLYCEROL-KIN-RXN	PWY-4261	left	ATP	C00002	5461108	30616
ATP	PEPSYNTH-RXN	GLUCONEO-PWY	left	ATP	C00002	5461108	30616
ATP	RXN-12184	PWY-6733	left	ATP	C00002	5461108	30616
ATP	ADENOSINE-KINASE-RXN	PWY-6619	left	ATP	C00002	5461108	30616
ATP	DETHIOBIOTIN-SYN-RXN	PWY0-1507	left	ATP	C00002	5461108	30616
ATP	CTPSYN-RXN	PWY-7176	left	ATP	C00002	5461108	30616
ATP	GLUTKIN-RXN	PROSYN-PWY	left	ATP	C00002	5461108	30616
ATP	RXN0-2921	PWY-2161	left	ATP	C00002	5461108	30616
ATP	SUCCCOASYN-RXN	PWYQT-4481	left	ATP	C00002	5461108	30616
ATP	6PFRUCTPHOS-RXN	PWY-1042	left	ATP	C00002	5461108	30616
ATP	RXN-7904	PWY-5143	left	ATP	C00002	5461108	30616
ATP	NADH-KINASE-RXN	PWY-5083	left	ATP	C00002	5461108	30616
ATP	2.7.1.148-RXN	PWY-7560	left	ATP	C00002	5461108	30616
ATP	ABC-19-RXN	PWY-8171	left	ATP	C00002	5461108	30616
ATP	4.2.1.93-RXN	PWY-6938	left	ATP	C00002	5461108	30616
ATP	GLYRIBONUCSYN-RXN	PWY-6121	left	ATP	C00002	5461108	30616
ATP	O-SUCCINYLBENZOATE-COA-LIG-RXN	PWY-5837	left	ATP	C00002	5461108	30616
ATP	6PFRUCTPHOS-RXN	PWY-5484	left	ATP	C00002	5461108	30616
ATP	RXN-11361	PWY-6823	left	ATP	C00002	5461108	30616
ATP	2.7.1.139-RXN	PWY-6554	left	ATP	C00002	5461108	30616
ATP	S-ADENMETSYN-RXN	PWY-5912	left	ATP	C00002	5461108	30616
ATP	4-COUMARATE--COA-LIGASE-RXN	PWY-6982	left	ATP	C00002	5461108	30616
ATP	RXN-12002	PWY-7176	left	ATP	C00002	5461108	30616
ATP	RXN-7799	PWY-5129	left	ATP	C00002	5461108	30616
ATP	RXN-16389	PWY-1121	left	ATP	C00002	5461108	30616
ATP	CARBPSYN-RXN	ARGSYN-PWY	left	ATP	C00002	5461108	30616
ATP	ASPARTATEKIN-RXN	PWY-5097	left	ATP	C00002	5461108	30616
ATP	FORMATETHFLIG-RXN	PWY-3742	left	ATP	C00002	5461108	30616
ATP	S-ADENMETSYN-RXN	METHIONINE-DEG1-PWY	left	ATP	C00002	5461108	30616
ATP	GLUTAMINESYN-RXN	GLNSYN-PWY	left	ATP	C00002	5461108	30616
ATP	2.7.1.149-RXN	PWY-6367	left	ATP	C00002	5461108	30616
ATP	PHOSGLYPHOS-RXN	CALVIN-PWY	left	ATP	C00002	5461108	30616
ATP	2.7.1.153-RXN	PWY-6352	left	ATP	C00002	5461108	30616
ATP	SAICARSYN-RXN	PWY-6124	left	ATP	C00002	5461108	30616
ATP	DUDPKIN-RXN	PWY-7184	left	ATP	C00002	5461108	30616
ATP	RXN-6102	PWY-3742	left	ATP	C00002	5461108	30616
ATP	PEPSYNTH-RXN	PWY-5484	left	ATP	C00002	5461108	30616
ATP	UREA-CARBOXYLASE-RXN	PWY4LZ-81	left	ATP	C00002	5461108	30616
ATP	HOMOSERKIN-RXN	PWY-702	left	ATP	C00002	5461108	30616
ATP	RXN-9083	PWY-6219	left	ATP	C00002	5461108	30616
ATP	RXN-10974	PWY-6369	left	ATP	C00002	5461108	30616
ATP	PYRUVATEORTHOPHOSPHATE-DIKINASE-RXN	PWY-7115	left	ATP	C00002	5461108	30616
ATP	DTDPKIN-RXN	PWY-7187	left	ATP	C00002	5461108	30616
ATP	RXN-14569	PWY0-1587	left	ATP	C00002	5461108	30616
ATP	2.7.1.151-RXN	PWY-4541	left	ATP	C00002	5461108	30616
ATP	4-COUMARATE--COA-LIGASE-RXN	PWY1F-FLAVSYN	left	ATP	C00002	5461108	30616
ATP	DGDPKIN-RXN	PWY-7226	left	ATP	C00002	5461108	30616
ATP	FOLYLPOLYGLUTAMATESYNTH-RXN	PWY-3742	left	ATP	C00002	5461108	30616
ATP	SUCCCOASYN-RXN	PWY-5690	left	ATP	C00002	5461108	30616
ATP	PEPDEPHOS-RXN	PWY-5723	left	ATP	C00002	5461108	30616
ATP	ADENYLYLSULFKIN-RXN	PWY-5340	left	ATP	C00002	5461108	30616
ATP	RXN-7163	PWY-6369	left	ATP	C00002	5461108	30616
ATP	H2PTERIDINEPYROPHOSPHOKIN-RXN	PWY-6147	left	ATP	C00002	5461108	30616
ATP	PHOSGLYPHOS-RXN	GLUCONEO-PWY	left	ATP	C00002	5461108	30616
ATP	NICONUCADENYLYLTRAN-RXN	PYRIDNUCSYN-PWY	left	ATP	C00002	5461108	30616
ATP	2.7.1.154-RXN	PWY-6352	left	ATP	C00002	5461108	30616
ATP	DURIDKI-RXN	PWY-7199	left	ATP	C00002	5461108	30616
ATP	SULFATE-ADENYLYLTRANS-RXN	PWY-5340	left	ATP	C00002	5461108	30616
ATP	RXN-11376	PWY-6483	left	ATP	C00002	5461108	30616
ATP	THYKI-RXN	PWY-7199	left	ATP	C00002	5461108	30616
ATP	RXN-13139	PWY-8137	left	ATP	C00002	5461108	30616
ATP	GLUTKIN-RXN	CITRULBIO-PWY	left	ATP	C00002	5461108	30616
ATP	DIPHTINE--AMMONIA-LIGASE-RXN	PWY-7546	left	ATP	C00002	5461108	30616
ATP	RXN-7163	PWY-6554	left	ATP	C00002	5461108	30616
ATP	HOMOSERKIN-RXN	HOMOSER-THRESYN-PWY	left	ATP	C00002	5461108	30616
ATP	RXN-16402	PWY-6733	left	ATP	C00002	5461108	30616
ATP	GLUCOKIN-RXN	UDPNACETYLGALSYN-PWY	left	ATP	C00002	5461108	30616
ATP	PRPPSYN-RXN	PWY0-662	left	ATP	C00002	5461108	30616
ATP	ASNSYNB-RXN	ASPARAGINE-BIOSYNTHESIS	left	ATP	C00002	5461108	30616
ATP	RXN-10972	PWY-6369	left	ATP	C00002	5461108	30616
ATP	RXN-16401	PWY-6733	left	ATP	C00002	5461108	30616
ATP	ADENYL-KIN-RXN	PWY-7219	left	ATP	C00002	5461108	30616
ATP	FADSYN-RXN	RIBOSYN2-PWY	left	ATP	C00002	5461108	30616
ATP	1-PHOSPHATIDYLINOSITOL-3-KINASE-RXN	PWY-6352	left	ATP	C00002	5461108	30616
ATP	GDPKIN-RXN	PWY-7221	left	ATP	C00002	5461108	30616
ATP	CARBPSYN-RXN	ARGSYNBSUB-PWY	left	ATP	C00002	5461108	30616
ATP	S-ADENMETSYN-RXN	PWY-5041	left	ATP	C00002	5461108	30616
ATP	DADPKIN-RXN	PWY-7227	left	ATP	C00002	5461108	30616
ATP	DADPKIN-RXN	PWY-7224	left	ATP	C00002	5461108	30616
ATP	4-COUMARATE--COA-LIGASE-RXN	PWY-6039	left	ATP	C00002	5461108	30616
ATP	ACETATE--COA-LIGASE-RXN	PWY66-21	left	ATP	C00002	5461108	30616
ATP	GLUTAMINESYN-RXN	PWY4LZ-283	left	ATP	C00002	5461108	30616
ATP	RIBOFLAVINKIN-RXN	RIBOSYN2-PWY	left	ATP	C00002	5461108	30616
ATP	GUANYL-KIN-RXN	PWY-7221	left	ATP	C00002	5461108	30616
ATP	DTMPKI-RXN	PWY-7184	left	ATP	C00002	5461108	30616
ATP	FOLYLPOLYGLUTAMATESYNTH-RXN	PWY-2161	left	ATP	C00002	5461108	30616
ATP	ATPPHOSPHORIBOSYLTRANS-RXN	HISTSYN-PWY	right	ATP	C00002	5461108	30616
ATP	DGDPKIN-RXN	PWY-7224	left	ATP	C00002	5461108	30616
ATP	RXN-22341	PWY-8259	left	ATP	C00002	5461108	30616
ATP	RXN-1126	PWY-1121	left	ATP	C00002	5461108	30616
ATP	ACETYLGLUTKIN-RXN	ARGSYNBSUB-PWY	left	ATP	C00002	5461108	30616
ATP	2.7.1.150-RXN	PWY-6352	left	ATP	C00002	5461108	30616
ATP	RXN-7204	PWY-4661	left	ATP	C00002	5461108	30616
ATP	6PFRUCTPHOS-RXN	GLYCOLYSIS	left	ATP	C00002	5461108	30616
ATP	DEOXYADENOSINE-KINASE-RXN	PWY-7224	left	ATP	C00002	5461108	30616
ATP	DTDPKIN-RXN	PWY-7184	left	ATP	C00002	5461108	30616
ATP	BIOTINLIG-RXN	PWY0-1264	left	ATP	C00002	5461108	30616
ATP	CARBPSYN-RXN	PWY-5686	left	ATP	C00002	5461108	30616
ATP	GLUCOKIN-RXN	GLUCOSE1PMETAB-PWY	left	ATP	C00002	5461108	30616
ATP	2.7.1.68-RXN	PWY-6351	left	ATP	C00002	5461108	30616
ATP	RXN-2946	PWY-6219	left	ATP	C00002	5461108	30616
ATP	AIRS-RXN	PWY-6121	left	ATP	C00002	5461108	30616
ATP	CARBPSYN-RXN	PWY-7060	left	ATP	C00002	5461108	30616
ATP	RXN-13336	PWY-7039	left	ATP	C00002	5461108	30616
ATP	RXN-7162	PWY-4541	left	ATP	C00002	5461108	30616
ATP	CDPKIN-RXN	PWY-5687	left	ATP	C00002	5461108	30616
ATP	DIHYDROFOLATESYNTH-RXN	PWY-3742	left	ATP	C00002	5461108	30616
ATP	GALACTOKIN-RXN	PWY-6527	left	ATP	C00002	5461108	30616
ATP	PHOSGLYPHOS-RXN	GLYCOLYSIS	left	ATP	C00002	5461108	30616
ATP	PYRIMSYN3-RXN	PWY-6890	left	ATP	C00002	5461108	30616
ATP	RXN-10457	PWY-6233	left	ATP	C00002	5461108	30616
ATP	DIACYLGLYKIN-RXN	PWY-7039	left	ATP	C00002	5461108	30616
ATP	GLUTAMINESYN-RXN	PWY-6964	left	ATP	C00002	5461108	30616
ATP	ATPSYN-RXN	PWY-7980	left	ATP	C00002	5461108	30616
ATP	RXN-12002	PWY-5687	left	ATP	C00002	5461108	30616
ATP	2.7.1.148-RXN	NONMEVIPP-PWY	left	ATP	C00002	5461108	30616
ATP	FORMATETHFLIG-RXN	PWY-3841	left	ATP	C00002	5461108	30616
ATP	PYRAMKIN-RXN	PWY-7204	left	ATP	C00002	5461108	30616
ATP	FRUCTOKINASE-RXN	PWY-621	left	ATP	C00002	5461108	30616
ATP	OXALATE--COA-LIGASE-RXN	PWY-7985	left	ATP	C00002	5461108	30616
ATP	RXN-12204	PWY-6724	left	ATP	C00002	5461108	30616
ATP	UDPKIN-RXN	PWY-7176	left	ATP	C00002	5461108	30616
ATP	PEPDEPHOS-RXN	GLYCOLYSIS	left	ATP	C00002	5461108	30616
ATP	PHOSPHORIBULOKINASE-RXN	PWY-5723	left	ATP	C00002	5461108	30616
ATP	RXN-11832	PWY-7205	left	ATP	C00002	5461108	30616
ATP	RXN-7184	PWY-6554	left	ATP	C00002	5461108	30616
ATP	CARBAMATE-KINASE-RXN	PWY-7060	left	ATP	C00002	5461108	30616
ATP	GMP-SYN-GLUT-RXN	PWY-7221	left	ATP	C00002	5461108	30616
ATP	METHYLCROTONYL-COA-CARBOXYLASE-RXN	LEU-DEG2-PWY	left	ATP	C00002	5461108	30616
ATP	RXN-4303	PWY-2681	left	ATP	C00002	5461108	30616
ATP	BIOTIN-CARBOXYL-RXN	PWY0-1264	left	ATP	C00002	5461108	30616
ATP	GLUTAMINESYN-RXN	ARGSYNBSUB-PWY	left	ATP	C00002	5461108	30616
ATP	RXN0-7115	PWY0-1587	left	ATP	C00002	5461108	30616
ATP	RXN-7202	PWY-4661	left	ATP	C00002	5461108	30616
ATP	RXN-18700	PWY-7888	left	ATP	C00002	5461108	30616
ATP	RXN-11832	PWY-5687	left	ATP	C00002	5461108	30616
ATP	MYO-INOSITOL-1-KINASE-RXN	PWY-4661	left	ATP	C00002	5461108	30616
ATP	RXN-16380	PWY-8280	left	ATP	C00002	5461108	30616
ATP	PANTEPADENYLYLTRAN-RXN	PWY-7851	left	ATP	C00002	5461108	30616
ATP	6-PHOSPHOFRUCTO-2-KINASE-RXN	PWY66-423	left	ATP	C00002	5461108	30616
ATP	PROPIONATE--COA-LIGASE-RXN	PWY-3941	left	ATP	C00002	5461108	30616
ATP	GLUTAMINESYN-RXN	PWY-7060	left	ATP	C00002	5461108	30616
ATP	RXN-12203	PWY-6724	left	ATP	C00002	5461108	30616
ATP	FUCOKINASE-RXN	PWY-6	left	ATP	C00002	5461108	30616
ATP	CYTIKIN-RXN	PWY-7193	left	ATP	C00002	5461108	30616
ATP	2.7.1.140-RXN	PWY-6554	left	ATP	C00002	5461108	30616
ATP	RXN-2948	PWY-6219	left	ATP	C00002	5461108	30616
ATP	NAD-KIN-RXN	PWY-5083	left	ATP	C00002	5461108	30616
ATP	GALACTOKIN-RXN	PWY-6317	left	ATP	C00002	5461108	30616
ATP	NAD-SYNTH-NH3-RXN	PYRIDNUCSYN-PWY	left	ATP	C00002	5461108	30616
ATP	DEPHOSPHOCOAKIN-RXN	PWY-7851	left	ATP	C00002	5461108	30616
ATP	PHOSGLYPHOS-RXN	PWY-5484	left	ATP	C00002	5461108	30616
ATP	PHOSGLYPHOS-RXN	SUCSYN-PWY	left	ATP	C00002	5461108	30616
ATP	DTMPKI-RXN	PWY-7187	left	ATP	C00002	5461108	30616
ATP	DIPHOSPHOMEVALONTE-DECARBOXYLASE-RXN	PWY-922	left	ATP	C00002	5461108	30616
ATP	GLUC1PADENYLTRANS-RXN	PWY-622	left	ATP	C00002	5461108	30616
ATP	PEPDEPHOS-RXN	PWY-5484	left	ATP	C00002	5461108	30616
ATP	CTPSYN-RXN	PWY-7185	left	ATP	C00002	5461108	30616
ATP	RXN-2945	PWY-6219	left	ATP	C00002	5461108	30616
ATP	4-COUMARATE--COA-LIGASE-RXN	PWY-8157	left	ATP	C00002	5461108	30616
ATP	2.7.1.134-RXN	PWY-4661	left	ATP	C00002	5461108	30616
ATP	RXN-9084	PWY-6219	left	ATP	C00002	5461108	30616
ATP	RXN-16380	PWY-5989	left	ATP	C00002	5461108	30616
ATP	RXN-1126	PWY-6673	left	ATP	C00002	5461108	30616
ATP	5-FORMYL-THF-CYCLO-LIGASE-RXN	PWY-3841	left	ATP	C00002	5461108	30616
ATP	RXN-10695	PWY-735	left	ATP	C00002	5461108	30616
ATP	ETHANOLAMINE-KINASE-RXN	PWY-3385	left	ATP	C00002	5461108	30616
ATP	PYRUVATEORTHOPHOSPHATE-DIKINASE-RXN	PWY-241	left	ATP	C00002	5461108	30616
ATP	ARGSUCCINSYN-RXN	ARGSYN-PWY	left	ATP	C00002	5461108	30616
ATP	RXN-18699	PWY-7888	left	ATP	C00002	5461108	30616
ATP	6.2.1.34-RXN	PWY-1121	left	ATP	C00002	5461108	30616
ATP	GALACTOKIN-RXN	PWY-3821	left	ATP	C00002	5461108	30616
ATP	RXN-2947	PWY-6219	left	ATP	C00002	5461108	30616
ATP	RXN-7203	PWY-4661	left	ATP	C00002	5461108	30616
ATP	L-ARABINOKINASE-RXN	PWY-82	left	ATP	C00002	5461108	30616
ATP	PYRUVATEORTHOPHOSPHATE-DIKINASE-RXN	PWY-7117	left	ATP	C00002	5461108	30616
ATP	S-ADENMETSYN-RXN	ETHYL-PWY	left	ATP	C00002	5461108	30616
ATP	UDPKIN-RXN	PWY-5687	left	ATP	C00002	5461108	30616
ATP	RXN-9623	PWY-5971	left	ATP	C00002	5461108	30616
ATP	DEPHOSPHOCOAKIN-RXN	COA-PWY	left	ATP	C00002	5461108	30616
ATP	NICONUCADENYLYLTRAN-RXN	PWY3O-4107	left	ATP	C00002	5461108	30616
ATP	2.7.1.152-RXN	PWY-6369	left	ATP	C00002	5461108	30616
ATP	FORMATETHFLIG-RXN	PWY-2161	left	ATP	C00002	5461108	30616
ATP	NAD-SYNTH-GLN-RXN	PWY3O-4107	left	ATP	C00002	5461108	30616
ATP	RXN-20082	PWY-5921	left	ATP	C00002	5461108	30616
ATP	PEPCARBOXYKIN-RXN	GLUCONEO-PWY	left	ATP	C00002	5461108	30616
ATP	RXN-9808	PWY-6066	left	ATP	C00002	5461108	30616
ATP	GALACTURONOKINASE-RXN	PWY-4	left	ATP	C00002	5461108	30616
ATP	DEOXYGUANOSINE-KINASE-RXN	PWY-7224	left	ATP	C00002	5461108	30616
ATP	URIDINEKIN-RXN	PWY-7193	left	ATP	C00002	5461108	30616
ATP	PANTOTHENATE-KIN-RXN	PANTO-PWY	left	ATP	C00002	5461108	30616
ATP	H2PTERIDINEPYROPHOSPHOKIN-RXN	PWY-3742	left	ATP	C00002	5461108	30616
ATP	RXN-7163	PWY-4541	left	ATP	C00002	5461108	30616
ATP	NICOTINATEPRIBOSYLTRANS-RXN	PWY3O-4107	left	ATP	C00002	5461108	30616
ATP	FRUCTOKINASE-RXN	PWY-3801	left	ATP	C00002	5461108	30616
ATP	RXN-9386	PWY-5921	left	ATP	C00002	5461108	30616
ATP	PANTEPADENYLYLTRAN-RXN	COA-PWY	left	ATP	C00002	5461108	30616
ATP	CTPSYN-RXN	PWY-5687	left	ATP	C00002	5461108	30616
ATP	PEPSYNTH-RXN	GLYCOLYSIS	left	ATP	C00002	5461108	30616
ATP	RXN-14196	CITRULLINE-DEG-PWY	left	ATP	C00002	5461108	30616
ATP	5-OXOPROLINASE-ATP-HYDROLYSING-RXN	PWY-7942	left	ATP	C00002	5461108	30616
ATP	RXN-10449	PWY-6233	left	ATP	C00002	5461108	30616
ATP	RXN-10459	PWY-6233	left	ATP	C00002	5461108	30616
ATP	NAD-KIN-RXN	PWY-8148	left	ATP	C00002	5461108	30616
ATP	PHOSGLYPHOS-RXN	PWY-1042	left	ATP	C00002	5461108	30616
ATP	RXN-9644	PWY-5147	left	ATP	C00002	5461108	30616
PALMITATE	RXN-9549	PWY-5971	right	palmitate	C00249	504166	7896
PALMITATE	PALMITOYL-COA-HYDROLASE-RXN	PWY-321	right	palmitate	C00249	504166	7896
PALMITATE	RXN-9623	PWY-8279	left	palmitate	C00249	504166	7896
PALMITATE	RXN-9549	PWY-8279	right	palmitate	C00249	504166	7896
PALMITATE	RXN-9623	PWY-5971	left	palmitate	C00249	504166	7896
PALMITATE	RXN-16398	PWY-6733	left	palmitate	C00249	504166	7896
PALMITATE	PALMITOYL-COA-HYDROLASE-RXN	PWY-6733	right	palmitate	C00249	504166	7896
PALMITATE	RXN-16398	PWY-1121	left	palmitate	C00249	504166	7896
PALMITATE	RXN-15065	PWY-7416	right	palmitate	C00249	504166	7896
PALMITATE	RXN-16398	PWY-321	left	palmitate	C00249	504166	7896
PALMITATE	PALMITOYL-COA-HYDROLASE-RXN	PWY-1121	right	palmitate	C00249	504166	7896
PALMITYL-COA	PALMITOYL-COA-HYDROLASE-RXN	PWY-6733	left	palmitoyl-CoA	C00154	45266605	57379
PALMITYL-COA	RXN-9623	PWY-5971	right	palmitoyl-CoA	C00154	45266605	57379
PALMITYL-COA	PALMITOYL-COA-HYDROLASE-RXN	PWY-1121	left	palmitoyl-CoA	C00154	45266605	57379
PALMITYL-COA	PALMITOYL-COA-HYDROLASE-RXN	PWY-321	left	palmitoyl-CoA	C00154	45266605	57379
PALMITYL-COA	RXN-15066	PWY-7416	left	palmitoyl-CoA	C00154	45266605	57379
PALMITYL-COA	RXN-9623	PWY-8279	right	palmitoyl-CoA	C00154	45266605	57379
PALMITYL-COA	SERINE-C-PALMITOYLTRANSFERASE-RXN	PWY-5129	left	palmitoyl-CoA	C00154	45266605	57379
OCTADEC-9-ENE-118-DIOIC-ACID	RXN-16417	PWY-321	right	alpha,&omega;-9 Z -octadecenedioate	C19618	90657642	
OCTADEC-9-ENE-118-DIOIC-ACID	RXN-16417	PWY-1121	right	alpha,&omega;-9 Z -octadecenedioate	C19618	90657642	
OCTADEC-9-ENE-118-DIOIC-ACID	RXN-16418	PWY-1121	left	alpha,&omega;-9 Z -octadecenedioate	C19618	90657642	
18-OXOOLEATE	RXN-16416	PWY-321	right	18-oxo-oleate	C19617	90657874	133357
18-OXOOLEATE	RXN-16417	PWY-321	left	18-oxo-oleate	C19617	90657874	133357
18-OXOOLEATE	RXN-16416	PWY-1121	right	18-oxo-oleate	C19617	90657874	133357
18-OXOOLEATE	RXN-16417	PWY-1121	left	18-oxo-oleate	C19617	90657874	133357
18-HYDROXYOLEATE	RXN-16416	PWY-1121	left	18-hydroxyoleate	C19616	86289578	78424
18-HYDROXYOLEATE	RXN-16400	PWY-6733	right	18-hydroxyoleate	C19616	86289578	78424
18-HYDROXYOLEATE	RXN-16400	PWY-1121	right	18-hydroxyoleate	C19616	86289578	78424
18-HYDROXYOLEATE	RXN-16402	PWY-6733	left	18-hydroxyoleate	C19616	86289578	78424
18-HYDROXYOLEATE	RXN-16416	PWY-321	left	18-hydroxyoleate	C19616	86289578	78424
18-HYDROXYOLEATE	RXN-16400	PWY-321	right	18-hydroxyoleate	C19616	86289578	78424
18-HYDROXYOLEATE	RXN-1064	PWY-321	left	18-hydroxyoleate	C19616	86289578	78424
OLEOYL-COA	RXN-9644	PWY-5147	right	oleoyl-CoA	C00510	25245426	57387
OLEOYL-COA	RXN-9666	PWY-321	left	oleoyl-CoA	C00510	25245426	57387
OLEOYL-COA	RXN-9666	PWY-6733	left	oleoyl-CoA	C00510	25245426	57387
OLEOYL-COA	RXN-9670	PWY-5368	left	oleoyl-CoA	C00510	25245426	57387
OLEOYL-COA	RXN-9666	PWY-1121	left	oleoyl-CoA	C00510	25245426	57387
OLEOYL-COA	RXN-9670	PWY-5995	left	oleoyl-CoA	C00510	25245426	57387
OLEOYL-COA	RXN-15043	PWY-7417	left	oleoyl-CoA	C00510	25245426	57387
OLEATE-CPD	RXN-16400	PWY-321	left	oleate	C00712	5460221	30823
OLEATE-CPD	RXN-9666	PWY-1121	right	oleate	C00712	5460221	30823
OLEATE-CPD	RXN-16400	PWY-1121	left	oleate	C00712	5460221	30823
OLEATE-CPD	RXN-9666	PWY-6733	right	oleate	C00712	5460221	30823
OLEATE-CPD	RXN-12143	PWY-6710	left	oleate	C00712	5460221	30823
OLEATE-CPD	RXN-9804	PWY-321	left	oleate	C00712	5460221	30823
OLEATE-CPD	RXN-16400	PWY-6733	left	oleate	C00712	5460221	30823
OLEATE-CPD	RXN-9666	PWY-321	right	oleate	C00712	5460221	30823
OLEATE-CPD	3.1.2.14-RXN	PWY-5147	right	oleate	C00712	5460221	30823
OLEATE-CPD	RXN-15068	PWY-7417	right	oleate	C00712	5460221	30823
OLEATE-CPD	RXN-9644	PWY-5147	left	oleate	C00712	5460221	30823
910-EPOXY-18-HYDROXYSTEARATE	RXN-9805	PWY-321	right	9,10-epoxy-18-hydroxystearate	C19620	25245732	137457
910-EPOXY-18-HYDROXYSTEARATE	RXN-1064	PWY-321	right	9,10-epoxy-18-hydroxystearate	C19620	25245732	137457
910-EPOXY-18-HYDROXYSTEARATE	RXN-1065	PWY-321	left	9,10-epoxy-18-hydroxystearate	C19620	25245732	137457
91018-TRIHYDROXYSTEARATE	RXN-1065	PWY-321	right	9,10,18-trihydroxystearate	C19621	25200590	133325
91018-TRIHYDROXYSTEARATE	RXN-9807	PWY-321	right	9,10,18-trihydroxystearate	C19621	25200590	133325
CPD-10512	RXN-9802	PWY-321	right	16-oxo-palmitate	C19614	25202344	144068
CPD-10512	RXN-9803	PWY-321	left	16-oxo-palmitate	C19614	25202344	144068
CPD-10515	RXN-9807	PWY-321	left	(9R,10S)-dihydroxystearate		25201835	
CPD-10515	RXN-9806	PWY-321	right	(9R,10S)-dihydroxystearate		25201835	
CPD-10514	RXN-9805	PWY-321	left	9,10-epoxystearate	C19418	19746553	85195
CPD-10514	RXN-9804	PWY-321	right	9,10-epoxystearate	C19418	19746553	85195
CPD-10514	RXN-9806	PWY-321	left	9,10-epoxystearate	C19418	19746553	85195
CPD-10514	RXN-12143	PWY-6710	right	9,10-epoxystearate	C19418	19746553	85195
A-LIPID-HYDROPEROXIDE	RXN-9804	PWY-321	left	a hydroperoxy-fatty-acyl-[lipid]	C01025		61051
A-LIPID-HYDROPEROXIDE	RXN-1064	PWY-321	left	a hydroperoxy-fatty-acyl-[lipid]	C01025		61051
A-LIPID-HYDROPEROXIDE	1.11.1.12-RXN	PWY-4081	left	a hydroperoxy-fatty-acyl-[lipid]	C01025		61051
Lipid-hydroxy-fatty-acids	RXN-9804	PWY-321	right	a hydroxy-fatty-acyl-[lipid]			
Lipid-hydroxy-fatty-acids	1.11.1.12-RXN	PWY-4081	right	a hydroxy-fatty-acyl-[lipid]			
Lipid-hydroxy-fatty-acids	RXN-1064	PWY-321	right	a hydroxy-fatty-acyl-[lipid]			
CPD-10511	RXN-9803	PWY-321	right	hexadecanedioate	C19615	7058076	76276
CPD-17627	RXN-1062	PWY-321	right	10,16-dihydroxypalmitoyl-CoA		91820544	
UDP	TREHALOSE6PSYN-RXN	TRESYN-PWY	right	UDP	C00015	20056717	58223
UDP	RXN-11465	PWY-6515	right	UDP	C00015	20056717	58223
UDP	RXN-14424	PWY-7252	right	UDP	C00015	20056717	58223
UDP	RXN-12002	PWY-7176	right	UDP	C00015	20056717	58223
UDP	RXN-9748	PWY-6051	right	UDP	C00015	20056717	58223
UDP	RXN-9589	PWY-5980	right	UDP	C00015	20056717	58223
UDP	RXN-4734	PWY-2901	right	UDP	C00015	20056717	58223
UDP	RXN-19689	PWY-5774	right	UDP	C00015	20056717	58223
UDP	RXN-4730	PWY-2901	right	UDP	C00015	20056717	58223
UDP	RXN-4728	PWY-2901	right	UDP	C00015	20056717	58223
UDP	RXN-9104	PWY-5800	right	UDP	C00015	20056717	58223
UDP	RXN-13516	PWY-7071	right	UDP	C00015	20056717	58223
UDP	RXN-12196	PWY-7185	right	UDP	C00015	20056717	58223
UDP	RXN-9461	PWY-5936	right	UDP	C00015	20056717	58223
UDP	RXN-7021	PWY-6949	right	UDP	C00015	20056717	58223
UDP	RXN-743	PWY-861	right	UDP	C00015	20056717	58223
UDP	RXN-8169	PWY-5284	right	UDP	C00015	20056717	58223
UDP	RXN-9094	PWY-5800	right	UDP	C00015	20056717	58223
UDP	2.4.2.34-RXN	PWY-1741	right	UDP	C00015	20056717	58223
UDP	RXN-9752	PWY-6051	right	UDP	C00015	20056717	58223
UDP	RXN-6142	PWY-3742	right	UDP	C00015	20056717	58223
UDP	2.4.1.117-RXN	MANNOSYL-CHITO-DOLICHOL-BIOSYNTHESIS	right	UDP	C00015	20056717	58223
UDP	2.4.1.141-RXN	MANNOSYL-CHITO-DOLICHOL-BIOSYNTHESIS	right	UDP	C00015	20056717	58223
UDP	UDPKIN-RXN	PWY-7176	left	UDP	C00015	20056717	58223
UDP	RXN-9035	PWY-5774	right	UDP	C00015	20056717	58223
UDP	RXN-13514	PWY-7071	right	UDP	C00015	20056717	58223
UDP	RXN-19690	PWY-5774	right	UDP	C00015	20056717	58223
UDP	RXN-9037	PWY-5774	right	UDP	C00015	20056717	58223
UDP	RXNQT-4397	PWY-6546	right	UDP	C00015	20056717	58223
UDP	RXN-8140	PWY-5268	right	UDP	C00015	20056717	58223
UDP	RXN-9036	PWY-5774	right	UDP	C00015	20056717	58223
UDP	RXN-18482	PWY-7859	right	UDP	C00015	20056717	58223
UDP	SUCROSE-PHOSPHATE-SYNTHASE-RXN	SUCSYN-PWY	right	UDP	C00015	20056717	58223
UDP	RXN-4732	PWY-2901	right	UDP	C00015	20056717	58223
UDP	RXN-4737	PWY-2902	right	UDP	C00015	20056717	58223
UDP	2.4.1.111-RXN	PWY-116	right	UDP	C00015	20056717	58223
UDP	RXN-19686	PWY-5774	right	UDP	C00015	20056717	58223
UDP	RXN-9751	PWY-6051	right	UDP	C00015	20056717	58223
UDP	SUCROSE-PHOSPHATE-SYNTHASE-RXN	PWY-7238	right	UDP	C00015	20056717	58223
UDP	RXN-9745	PWY-6051	right	UDP	C00015	20056717	58223
UDP	RXN-7832	PWY-5139	right	UDP	C00015	20056717	58223
UDP	RXN-13518	PWY-7071	right	UDP	C00015	20056717	58223
UDP	2.4.1.156-RXN	PWY-1741	right	UDP	C00015	20056717	58223
UDP	RXN-14239	PWY-7213	right	UDP	C00015	20056717	58223
UDP	2.4.1.121-RXN	PWY-1782	right	UDP	C00015	20056717	58223
UDP	RXN-13511	PWY-7071	right	UDP	C00015	20056717	58223
UDP	RXN-7828	PWY-5268	right	UDP	C00015	20056717	58223
UDP	RXN-7793	PWY-5129	right	UDP	C00015	20056717	58223
UDP	2.4.1.46-RXN	PWY-401	right	UDP	C00015	20056717	58223
UDP	RXN-13513	PWY-7071	right	UDP	C00015	20056717	58223
UDP	2.4.1.43-RXN	PWY-1061	right	UDP	C00015	20056717	58223
UDP	RXN-9093	PWY-5800	right	UDP	C00015	20056717	58223
UDP	RXN-4723	PWY-2902	right	UDP	C00015	20056717	58223
UDP	RXN-4724	PWY-2881	right	UDP	C00015	20056717	58223
UDP	RXN-14238	PWY-7212	right	UDP	C00015	20056717	58223
UDP	RXNQT-4398	PWY-6546	right	UDP	C00015	20056717	58223
UDP	UDPREDUCT-RXN	PWY-7184	right	UDP	C00015	20056717	58223
UDP	RXN-4736	PWY-2881	right	UDP	C00015	20056717	58223
UDP	RXN-12197	PWY-5687	left	UDP	C00015	20056717	58223
UDP	RXN-13520	PWY-7071	right	UDP	C00015	20056717	58223
UDP	RXN-17699	PWY-641	right	UDP	C00015	20056717	58223
UDP	RXN-13517	PWY-7071	right	UDP	C00015	20056717	58223
UDP	RXN-14427	PWY-7253	right	UDP	C00015	20056717	58223
UDP	RXN-1224	PWYQT-4427	right	UDP	C00015	20056717	58223
UDP	RXN-8205	PWY-5284	right	UDP	C00015	20056717	58223
UDP	RXN-4726	PWY-2902	right	UDP	C00015	20056717	58223
UDP	RXN-4722	PWY-2901	right	UDP	C00015	20056717	58223
UDP	SUCROSE-SYNTHASE-RXN	PWY-3801	right	UDP	C00015	20056717	58223
UDP	SCOPOLETIN-GLUCOSYLTRANSFERASE-RXN	PWY4FS-10	right	UDP	C00015	20056717	58223
UDP	RXN-9081	PWY-8340	right	UDP	C00015	20056717	58223
UDP	RXN-9038	PWY-5774	right	UDP	C00015	20056717	58223
UDP	RXN-4725	PWY-2901	right	UDP	C00015	20056717	58223
UDP	2.4.1.123-RXN	PWY-5337	right	UDP	C00015	20056717	58223
UDP	RXN-9749	PWY-6051	right	UDP	C00015	20056717	58223
UDP	13-BETA-GLUCAN-SYNTHASE-RXN	PWY-6773	right	UDP	C00015	20056717	58223
UDP	2.4.1.121-RXN	PWY-1741	right	UDP	C00015	20056717	58223
UDP	CELLULOSE-SYNTHASE-UDP-FORMING-RXN	PWY-1001	right	UDP	C00015	20056717	58223
UDP	RXN-9462	PWY-5936	right	UDP	C00015	20056717	58223
UDP	RXN-12002	PWY-5687	right	UDP	C00015	20056717	58223
UDP	RXN-12197	PWY-7185	left	UDP	C00015	20056717	58223
UDP	RXN-9743	PWY-6051	right	UDP	C00015	20056717	58223
UDP	CINNAMATE-GLUCOSYLTRANSFERASE-RXN	PWY-5968	right	UDP	C00015	20056717	58223
UDP	RXN-17698	PWY-641	right	UDP	C00015	20056717	58223
UDP	RXN-12418	PWY-5936	right	UDP	C00015	20056717	58223
UDP	RXN-4735	PWY-2902	right	UDP	C00015	20056717	58223
UDP	2.4.1.115-RXN	PWY-5125	right	UDP	C00015	20056717	58223
UDP	RXN-4727	PWY-2881	right	UDP	C00015	20056717	58223
UDP	UDPKIN-RXN	PWY-5687	left	UDP	C00015	20056717	58223
UDP	RXN-11660	PWY-7468	right	UDP	C00015	20056717	58223
UDP	RXN-13512	PWY-7071	right	UDP	C00015	20056717	58223
UDP	RXN-12196	PWY-5687	right	UDP	C00015	20056717	58223
UDP	RXN-4733	PWY-2881	right	UDP	C00015	20056717	58223
UDP	RXN-15350	PWY-7458	right	UDP	C00015	20056717	58223
UDP	RXN-4729	PWY-2881	right	UDP	C00015	20056717	58223
UDP	RXN-13521	PWY-7071	right	UDP	C00015	20056717	58223
UDP	RXN-7828	PWY-5139	right	UDP	C00015	20056717	58223
UDP	RXN-14060	PWY-7213	right	UDP	C00015	20056717	58223
UDP	RXN-12419	PWY-5936	right	UDP	C00015	20056717	58223
UDP	RXN-12415	PWY-5936	right	UDP	C00015	20056717	58223
UDP	2.4.1.114-RXN	PWY-5176	right	UDP	C00015	20056717	58223
UDP	RXN-4721	PWY-2881	right	UDP	C00015	20056717	58223
UDP	RXN-4731	PWY-2881	right	UDP	C00015	20056717	58223
UDP	RXN-19688	PWY-5774	right	UDP	C00015	20056717	58223
UDP	RXN-19687	PWY-5774	right	UDP	C00015	20056717	58223
UDP	RXN-1225	PWY-401	right	UDP	C00015	20056717	58223
UDP	RXN-13515	PWY-7071	right	UDP	C00015	20056717	58223
UDP	RXN-11755	PWY-7212	right	UDP	C00015	20056717	58223
UDP	RXN-7830	PWY-5139	right	UDP	C00015	20056717	58223
ADP	FRUCTOKINASE-RXN	PWY-3801	right	ADP	C00008	7058055	456216
ADP	5-FORMYL-THF-CYCLO-LIGASE-RXN	PWY-3841	right	ADP	C00008	7058055	456216
ADP	GLUCOKIN-RXN	PWY-621	right	ADP	C00008	7058055	456216
ADP	PHOSGLYPHOS-RXN	GLYCOLYSIS	right	ADP	C00008	7058055	456216
ADP	PHOSPHORIBULOKINASE-RXN	CALVIN-PWY	right	ADP	C00008	7058055	456216
ADP	MEVALONATE-KINASE-RXN	PWY-922	right	ADP	C00008	7058055	456216
ADP	1-PHOSPHATIDYLINOSITOL-3-KINASE-RXN	PWY-6352	right	ADP	C00008	7058055	456216
ADP	RXN-14378	PWY-622	right	ADP	C00008	7058055	456216
ADP	1-PHOSPHATIDYLINOSITOL-KINASE-RXN	PWY-6351	right	ADP	C00008	7058055	456216
ADP	GLYCEROL-KIN-RXN	PWY-4261	right	ADP	C00008	7058055	456216
ADP	GLUTAMINESYN-RXN	GLNSYN-PWY	right	ADP	C00008	7058055	456216
ADP	CARBPSYN-RXN	PWY-5686	right	ADP	C00008	7058055	456216
ADP	RXN-7163	PWY-6554	right	ADP	C00008	7058055	456216
ADP	ACETYLGLUTKIN-RXN	GLUTORN-PWY	right	ADP	C00008	7058055	456216
ADP	GMKALT-RXN	PWY-7224	right	ADP	C00008	7058055	456216
ADP	UREA-CARBOXYLASE-RXN	PWY4LZ-81	right	ADP	C00008	7058055	456216
ADP	2.7.1.150-RXN	PWY-6352	right	ADP	C00008	7058055	456216
ADP	RXN-4305	PWY-2681	left	ADP	C00008	7058055	456216
ADP	GLUCOKIN-RXN	GLUCOSE1PMETAB-PWY	right	ADP	C00008	7058055	456216
ADP	6PFRUCTPHOS-RXN	PWY-1042	right	ADP	C00008	7058055	456216
ADP	FORMYLTHFGLUSYNTH-RXN	PWY-2161	right	ADP	C00008	7058055	456216
ADP	DETHIOBIOTIN-SYN-RXN	PWY0-1507	right	ADP	C00008	7058055	456216
ADP	ATPSYN-RXN	PWY-7980	right	ADP	C00008	7058055	456216
ADP	2.7.1.151-RXN	PWY-4541	right	ADP	C00008	7058055	456216
ADP	RXN-7203	PWY-4661	right	ADP	C00008	7058055	456216
ADP	RXN-22341	PWY-8259	right	ADP	C00008	7058055	456216
ADP	GLUTAMINESYN-RXN	PWY-7060	right	ADP	C00008	7058055	456216
ADP	NADH-KINASE-RXN	PWY-5083	right	ADP	C00008	7058055	456216
ADP	PHOSPHORIBULOKINASE-RXN	PWY-5723	right	ADP	C00008	7058055	456216
ADP	GLYCOGENSYN-RXN	PWY-622	right	ADP	C00008	7058055	456216
ADP	ETHANOLAMINE-KINASE-RXN	PWY4FS-6	right	ADP	C00008	7058055	456216
ADP	RXN-11832	PWY-7205	right	ADP	C00008	7058055	456216
ADP	PYRIDOXKIN-RXN	PWY-7204	right	ADP	C00008	7058055	456216
ADP	SPHINGANINE-KINASE-RXN	PWY-5129	right	ADP	C00008	7058055	456216
ADP	DEOXYADENYLATE-KINASE-RXN	PWY-7224	right	ADP	C00008	7058055	456216
ADP	RXN-12002	PWY-7176	right	ADP	C00008	7058055	456216
ADP	RXN-4941	PWY-6369	right	ADP	C00008	7058055	456216
ADP	RXN-7182	PWY-4541	right	ADP	C00008	7058055	456216
ADP	GUANYL-KIN-RXN	PWY-7221	right	ADP	C00008	7058055	456216
ADP	DADPKIN-RXN	PWY-7227	right	ADP	C00008	7058055	456216
ADP	RXN-10972	PWY-6369	right	ADP	C00008	7058055	456216
ADP	PHOSGLYPHOS-RXN	SUCSYN-PWY	right	ADP	C00008	7058055	456216
ADP	CHOLINE-KINASE-RXN	PWY3O-450	right	ADP	C00008	7058055	456216
ADP	2.7.1.140-RXN	PWY-6554	right	ADP	C00008	7058055	456216
ADP	CTPSYN-RXN	PWY-7176	right	ADP	C00008	7058055	456216
ADP	PEPDEPHOS-RXN	PWY-5723	right	ADP	C00008	7058055	456216
ADP	GALACTURONOKINASE-RXN	PWY-4	right	ADP	C00008	7058055	456216
ADP	GLYRIBONUCSYN-RXN	PWY-6121	right	ADP	C00008	7058055	456216
ADP	GLUTATHIONE-SYN-RXN	GLUTATHIONESYN-PWY	right	ADP	C00008	7058055	456216
ADP	6PFRUCTPHOS-RXN	GLYCOLYSIS	right	ADP	C00008	7058055	456216
ADP	DADPKIN-RXN	PWY-7224	right	ADP	C00008	7058055	456216
ADP	DCDPKIN-RXN	PWY-7184	right	ADP	C00008	7058055	456216
ADP	2.7.1.139-RXN	PWY-6554	right	ADP	C00008	7058055	456216
ADP	2.7.1.149-RXN	PWY-6351	right	ADP	C00008	7058055	456216
ADP	GLUTKIN-RXN	PROSYN-PWY	right	ADP	C00008	7058055	456216
ADP	RXN-13202	PWY-4984	right	ADP	C00008	7058055	456216
ADP	ADENYL-KIN-RXN	PWY-7219	right	ADP	C00008	7058055	456216
ADP	CDPKIN-RXN	PWY-7205	right	ADP	C00008	7058055	456216
ADP	ASPARTATEKIN-RXN	HOMOSERSYN-PWY	right	ADP	C00008	7058055	456216
ADP	RXN-7204	PWY-4661	right	ADP	C00008	7058055	456216
ADP	PEPDEPHOS-RXN	GLYCOLYSIS	right	ADP	C00008	7058055	456216
ADP	FOLYLPOLYGLUTAMATESYNTH-RXN	PWY-3742	right	ADP	C00008	7058055	456216
ADP	NICOTINATEPRIBOSYLTRANS-RXN	PWY3O-4107	right	ADP	C00008	7058055	456216
ADP	2.7.1.149-RXN	PWY-6367	right	ADP	C00008	7058055	456216
ADP	GALACTOKIN-RXN	PWY-3821	right	ADP	C00008	7058055	456216
ADP	PHOSGLYPHOS-RXN	CALVIN-PWY	right	ADP	C00008	7058055	456216
ADP	PSEUDOURIDINE-KINASE-RXN	PWY-6019	right	ADP	C00008	7058055	456216
ADP	PEPCARBOXYKIN-RXN	PWY-7117	right	ADP	C00008	7058055	456216
ADP	RXN-7799	PWY-5129	right	ADP	C00008	7058055	456216
ADP	GLUTKIN-RXN	CITRULBIO-PWY	right	ADP	C00008	7058055	456216
ADP	2.7.1.133-RXN	PWY-6554	right	ADP	C00008	7058055	456216
ADP	URIDINEKIN-RXN	PWY-7193	right	ADP	C00008	7058055	456216
ADP	GLUCOKIN-RXN	UDPNACETYLGALSYN-PWY	right	ADP	C00008	7058055	456216
ADP	GLUTAMINESYN-RXN	PWY-6963	right	ADP	C00008	7058055	456216
ADP	AIRS-RXN	PWY-6121	right	ADP	C00008	7058055	456216
ADP	DEOXYADENOSINE-KINASE-RXN	PWY-7224	right	ADP	C00008	7058055	456216
ADP	DTDPKIN-RXN	PWY-7187	right	ADP	C00008	7058055	456216
ADP	NAD-KIN-RXN	PWY-5083	right	ADP	C00008	7058055	456216
ADP	GLUTAMINESYN-RXN	PWY-6964	right	ADP	C00008	7058055	456216
ADP	PEPDEPHOS-RXN	PWY-1042	right	ADP	C00008	7058055	456216
ADP	HOMOSERKIN-RXN	PWY-702	right	ADP	C00008	7058055	456216
ADP	METHYLCROTONYL-COA-CARBOXYLASE-RXN	LEU-DEG2-PWY	right	ADP	C00008	7058055	456216
ADP	1-PHOSPHATIDYLINOSITOL-KINASE-RXN	PWY-6352	right	ADP	C00008	7058055	456216
ADP	FORMATETHFLIG-RXN	PWY-3742	right	ADP	C00008	7058055	456216
ADP	6PFRUCTPHOS-RXN	PWY-5484	right	ADP	C00008	7058055	456216
ADP	CARBPSYN-RXN	ARGSYNBSUB-PWY	right	ADP	C00008	7058055	456216
ADP	GLUTAMINESYN-RXN	PWY4LZ-283	right	ADP	C00008	7058055	456216
ADP	RXN-11832	PWY-5687	right	ADP	C00008	7058055	456216
ADP	2.7.1.148-RXN	PWY-7560	right	ADP	C00008	7058055	456216
ADP	5-OXOPROLINASE-ATP-HYDROLYSING-RXN	PWY-7942	right	ADP	C00008	7058055	456216
ADP	RIBOFLAVINKIN-RXN	RIBOSYN2-PWY	right	ADP	C00008	7058055	456216
ADP	2.7.1.152-RXN	PWY-6369	right	ADP	C00008	7058055	456216
ADP	DUDPKIN-RXN	PWY-7184	right	ADP	C00008	7058055	456216
ADP	2.7.1.154-RXN	PWY-6352	right	ADP	C00008	7058055	456216
ADP	6-PHOSPHOFRUCTO-2-KINASE-RXN	PWY66-423	right	ADP	C00008	7058055	456216
ADP	PNKIN-RXN	PWY-7204	right	ADP	C00008	7058055	456216
ADP	FUCOKINASE-RXN	PWY-6	right	ADP	C00008	7058055	456216
ADP	RXN-13336	PWY-7039	right	ADP	C00008	7058055	456216
ADP	PHOSGLYPHOS-RXN	GLUCONEO-PWY	right	ADP	C00008	7058055	456216
ADP	THYKI-RXN	PWY-7199	right	ADP	C00008	7058055	456216
ADP	ABC-19-RXN	PWY-8171	right	ADP	C00008	7058055	456216
ADP	UDPKIN-RXN	PWY-5687	right	ADP	C00008	7058055	456216
ADP	FRUCTOKINASE-RXN	PWY-621	right	ADP	C00008	7058055	456216
ADP	NAD-KIN-RXN	PWY-8148	right	ADP	C00008	7058055	456216
ADP	PHOSGLYPHOS-RXN	PWY-5484	right	ADP	C00008	7058055	456216
ADP	RXN-7202	PWY-4661	right	ADP	C00008	7058055	456216
ADP	CDPKIN-RXN	PWY-5687	right	ADP	C00008	7058055	456216
ADP	ADENYLYLSULFKIN-RXN	PWY-5340	right	ADP	C00008	7058055	456216
ADP	CTPSYN-RXN	PWY-5687	right	ADP	C00008	7058055	456216
ADP	ATP-CITRATE-PRO-S--LYASE-RXN	PWY-5172	left	ADP	C00008	7058055	456216
ADP	SHIKIMATE-KINASE-RXN	PWY-6163	right	ADP	C00008	7058055	456216
ADP	2.7.1.153-RXN	PWY-6352	right	ADP	C00008	7058055	456216
ADP	DTDPKIN-RXN	PWY-7184	right	ADP	C00008	7058055	456216
ADP	ETHANOLAMINE-KINASE-RXN	PWY-3385	right	ADP	C00008	7058055	456216
ADP	CARBPSYN-RXN	ARGSYN-PWY	right	ADP	C00008	7058055	456216
ADP	GLUCURONOKINASE-RXN	PWY-4841	right	ADP	C00008	7058055	456216
ADP	GALACTOKIN-RXN	PWY-6527	right	ADP	C00008	7058055	456216
ADP	DEPHOSPHOCOAKIN-RXN	PWY-7851	right	ADP	C00008	7058055	456216
ADP	DURIDKI-RXN	PWY-7199	right	ADP	C00008	7058055	456216
ADP	RXN-7162	PWY-4541	right	ADP	C00008	7058055	456216
ADP	ADENOSINE-KINASE-RXN	PWY-6619	right	ADP	C00008	7058055	456216
ADP	RXN-7163	PWY-6369	right	ADP	C00008	7058055	456216
ADP	RXN-7184	PWY-6554	right	ADP	C00008	7058055	456216
ADP	RXN0-2921	PWY-2161	right	ADP	C00008	7058055	456216
ADP	SUCCCOASYN-RXN	PWY-5690	right	ADP	C00008	7058055	456216
ADP	GLUTAMINESYN-RXN	ARGSYNBSUB-PWY	right	ADP	C00008	7058055	456216
ADP	RXN0-7115	PWY0-1587	right	ADP	C00008	7058055	456216
ADP	CYTIKIN-RXN	PWY-7193	right	ADP	C00008	7058055	456216
ADP	RXN-12002	PWY-5687	right	ADP	C00008	7058055	456216
ADP	PYRIMSYN3-RXN	PWY-6890	right	ADP	C00008	7058055	456216
ADP	UDPKIN-RXN	PWY-7176	right	ADP	C00008	7058055	456216
ADP	L-ARABINOKINASE-RXN	PWY-82	right	ADP	C00008	7058055	456216
ADP	DIHYDROFOLATESYNTH-RXN	PWY-3742	right	ADP	C00008	7058055	456216
ADP	MYO-INOSITOL-1-KINASE-RXN	PWY-4661	right	ADP	C00008	7058055	456216
ADP	CARBPSYN-RXN	PWY-7060	right	ADP	C00008	7058055	456216
ADP	2.7.1.68-RXN	PWY-6351	right	ADP	C00008	7058055	456216
ADP	RXN-14196	CITRULLINE-DEG-PWY	right	ADP	C00008	7058055	456216
ADP	PEPDEPHOS-RXN	PWY-5484	right	ADP	C00008	7058055	456216
ADP	GLUTAMINESYN-RXN	PWY4LZ-81	right	ADP	C00008	7058055	456216
ADP	DTMPKI-RXN	PWY-7187	right	ADP	C00008	7058055	456216
ADP	PANTOTHENATE-KIN-RXN	PANTO-PWY	right	ADP	C00008	7058055	456216
ADP	PHOSGLYPHOS-RXN	PWY-1042	right	ADP	C00008	7058055	456216
ADP	ACETYLGLUTKIN-RXN	ARGSYNBSUB-PWY	right	ADP	C00008	7058055	456216
ADP	DGDPKIN-RXN	PWY-7224	right	ADP	C00008	7058055	456216
ADP	RXN-13139	PWY-8137	right	ADP	C00008	7058055	456216
ADP	ADPREDUCT-RXN	PWY-7227	right	ADP	C00008	7058055	456216
ADP	BIOTIN-CARBOXYL-RXN	PWY0-1264	right	ADP	C00008	7058055	456216
ADP	CARBAMATE-KINASE-RXN	PWY-7060	right	ADP	C00008	7058055	456216
ADP	RXN-6102	PWY-3742	right	ADP	C00008	7058055	456216
ADP	GLY3KIN-RXN	PWY-181	right	ADP	C00008	7058055	456216
ADP	4.2.1.93-RXN	PWY-6938	right	ADP	C00008	7058055	456216
ADP	DIPHOSPHOMEVALONTE-DECARBOXYLASE-RXN	PWY-922	right	ADP	C00008	7058055	456216
ADP	DEPHOSPHOCOAKIN-RXN	COA-PWY	right	ADP	C00008	7058055	456216
ADP	RXN-7163	PWY-4661	right	ADP	C00008	7058055	456216
ADP	GLUTCYSLIG-RXN	GLUTATHIONESYN-PWY	right	ADP	C00008	7058055	456216
ADP	2.7.1.148-RXN	NONMEVIPP-PWY	right	ADP	C00008	7058055	456216
ADP	DGDPKIN-RXN	PWY-7226	right	ADP	C00008	7058055	456216
ADP	HOMOSERKIN-RXN	HOMOSER-THRESYN-PWY	right	ADP	C00008	7058055	456216
ADP	SAICARSYN-RXN	PWY-6124	right	ADP	C00008	7058055	456216
ADP	RXN-11376	PWY-6483	right	ADP	C00008	7058055	456216
ADP	2.7.1.68-RXN	PWY-6352	right	ADP	C00008	7058055	456216
ADP	GDPKIN-RXN	PWY-7221	right	ADP	C00008	7058055	456216
ADP	PYRAMKIN-RXN	PWY-7204	right	ADP	C00008	7058055	456216
ADP	PHOSPHOMEVALONATE-KINASE-RXN	PWY-922	right	ADP	C00008	7058055	456216
ADP	RXN-7163	PWY-4541	right	ADP	C00008	7058055	456216
ADP	RXN-10974	PWY-6369	right	ADP	C00008	7058055	456216
ADP	2.7.4.24-RXN	PWY-6369	right	ADP	C00008	7058055	456216
ADP	RXN1F-20	CHLOROPHYLL-SYN	right	ADP	C00008	7058055	456216
ADP	5-METHYLTHIORIBOSE-KINASE-RXN	PWY-6754	right	ADP	C00008	7058055	456216
ADP	GLUTKIN-RXN	ARGININE-SYN4-PWY	right	ADP	C00008	7058055	456216
ADP	DTMPKI-RXN	PWY-7184	right	ADP	C00008	7058055	456216
ADP	FOLYLPOLYGLUTAMATESYNTH-RXN	PWY-2161	right	ADP	C00008	7058055	456216
ADP	RXN-20082	PWY-5921	right	ADP	C00008	7058055	456216
ADP	ASPARTATEKIN-RXN	PWY-5097	right	ADP	C00008	7058055	456216
ADP	FORMATETHFLIG-RXN	PWY-2161	right	ADP	C00008	7058055	456216
ADP	GLUCOKIN-RXN	PWY-7238	right	ADP	C00008	7058055	456216
ADP	PEPCARBOXYKIN-RXN	GLUCONEO-PWY	right	ADP	C00008	7058055	456216
ADP	DEOXYGUANOSINE-KINASE-RXN	PWY-7224	right	ADP	C00008	7058055	456216
ADP	FGAMSYN-RXN	PWY-6121	right	ADP	C00008	7058055	456216
ADP	SUCCCOASYN-RXN	PWYQT-4481	right	ADP	C00008	7058055	456216
ADP	GALACTOKIN-RXN	PWY-6317	right	ADP	C00008	7058055	456216
ADP	FORMATETHFLIG-RXN	PWY-3841	right	ADP	C00008	7058055	456216
ADP	2.7.1.134-RXN	PWY-4661	right	ADP	C00008	7058055	456216
ADP	CTPSYN-RXN	PWY-7185	right	ADP	C00008	7058055	456216
ADP	DIACYLGLYKIN-RXN	PWY-7039	right	ADP	C00008	7058055	456216
UMP	URIDINEKIN-RXN	PWY-7193	right	UMP	C00105	1778309	57865
UMP	RXN-12002	PWY-5687	left	UMP	C00105	1778309	57865
UMP	OROTPDECARB-RXN	PWY-5686	right	UMP	C00105	1778309	57865
UMP	RXN-12199	PWY-5687	right	UMP	C00105	1778309	57865
UMP	RXN-14025	PWY-7185	left	UMP	C00105	1778309	57865
UMP	URACIL-PRIBOSYLTRANS-RXN	PWY-7183	left	UMP	C00105	1778309	57865
UMP	RXN-12002	PWY-7176	left	UMP	C00105	1778309	57865
UMP	URKI-RXN	PWYQT-4445	right	UMP	C00105	1778309	57865
UMP	RXNQT-4150	PWYQT-4445	left	UMP	C00105	1778309	57865
UMP	2.7.8.15-RXN	MANNOSYL-CHITO-DOLICHOL-BIOSYNTHESIS	right	UMP	C00105	1778309	57865
UMP	RXN-12197	PWY-7185	right	UMP	C00105	1778309	57865
UMP	URACIL-PRIBOSYLTRANS-RXN	PWYQT-4445	left	UMP	C00105	1778309	57865
UMP	RXN-12197	PWY-5687	right	UMP	C00105	1778309	57865
CTP	2.7.7.14-RXN	PWY4FS-6	left	CTP	C00063	7058166	37563
CTP	RXN-11626	PWY-6577	left	CTP	C00063	7058166	37563
CTP	2.7.7.15-RXN	PWY3O-450	left	CTP	C00063	7058166	37563
CTP	RXN4FS-3	PWY4FS-4	left	CTP	C00063	7058166	37563
CTP	CDPDIGLYSYN-RXN	PWY0-1319	left	CTP	C00063	7058166	37563
CTP	CPM-KDOSYNTH-RXN	PWY-5111	left	CTP	C00063	7058166	37563
CTP	CDPKIN-RXN	PWY-7205	right	CTP	C00063	7058166	37563
CTP	CTPSYN-RXN	PWY-5687	right	CTP	C00063	7058166	37563
CTP	2.7.7.60-RXN	NONMEVIPP-PWY	left	CTP	C00063	7058166	37563
CTP	CTPSYN-RXN	PWY-7176	right	CTP	C00063	7058166	37563
CTP	RXN-12195	PWY-7184	left	CTP	C00063	7058166	37563
CTP	CPM-KDOSYNTH-RXN	PWY-1269	left	CTP	C00063	7058166	37563
CTP	2.7.7.15-RXN	PWY4FS-2	left	CTP	C00063	7058166	37563
CTP	RXN-11625	PWY-6577	left	CTP	C00063	7058166	37563
CTP	RXN-12200	PWY-5687	left	CTP	C00063	7058166	37563
CTP	CDPDIGLYSYN-RXN	PWY-5667	left	CTP	C00063	7058166	37563
CTP	2.7.7.15-RXN	PWY-3561	left	CTP	C00063	7058166	37563
CTP	CDPKIN-RXN	PWY-5687	right	CTP	C00063	7058166	37563
CTP	RXN-7683	PWY-5107	left	CTP	C00063	7058166	37563
CTP	2.7.7.60-RXN	PWY-7560	left	CTP	C00063	7058166	37563
CTP	RXN0-723	PWY-7187	left	CTP	C00063	7058166	37563
CTP	RXN-12959	TRIGLSYN-PWY	left	CTP	C00063	7058166	37563
CTP	2.7.7.57-RXN	PWY4FS-3	left	CTP	C00063	7058166	37563
CTP	RXN-12195	PWY-5687	left	CTP	C00063	7058166	37563
CTP	RXN-12195	PWY-7185	left	CTP	C00063	7058166	37563
CTP	CTPSYN-RXN	PWY-7185	right	CTP	C00063	7058166	37563
CTP	P-PANTOCYSLIG-RXN	COA-PWY	left	CTP	C00063	7058166	37563
GLN	GLUTAMINESYN-RXN	PWY-6963	right	L-glutamine	C00064	6992086	58359
GLN	RXN-2948	PWY-6219	left	L-glutamine	C00064	6992086	58359
GLN	GLUTAMATE-SYNTHASE-FERREDOXIN-RXN	PWY-4341	right	L-glutamine	C00064	6992086	58359
GLN	L-GLN-FRUCT-6-P-AMINOTRANS-RXN	UDPNACETYLGALSYN-PWY	left	L-glutamine	C00064	6992086	58359
GLN	GLUTAMATE-SYNTHASE-NADH-RXN	PWY-6963	right	L-glutamine	C00064	6992086	58359
GLN	GLUTAMIN-RXN	CITRULBIO-PWY	left	L-glutamine	C00064	6992086	58359
GLN	RXN-15650	PWY-4361	left	L-glutamine	C00064	6992086	58359
GLN	CARBPSYN-RXN	ARGSYN-PWY	left	L-glutamine	C00064	6992086	58359
GLN	GLUTAMATE-SYNTHASE-NADH-RXN	GLUGLNSYN-PWY	right	L-glutamine	C00064	6992086	58359
GLN	CARBPSYN-RXN	PWY-5686	left	L-glutamine	C00064	6992086	58359
GLN	GLUTAMINESYN-RXN	PWY-7060	right	L-glutamine	C00064	6992086	58359
GLN	RXN-10449	PWY-6233	left	L-glutamine	C00064	6992086	58359
GLN	PRPPAMIDOTRANS-RXN	PWY-6121	right	L-glutamine	C00064	6992086	58359
GLN	PABASYN-RXN	PWY-6543	left	L-glutamine	C00064	6992086	58359
GLN	GMP-SYN-GLUT-RXN	PWY-7221	left	L-glutamine	C00064	6992086	58359
GLN	GLUTAMINESYN-RXN	ARGSYNBSUB-PWY	right	L-glutamine	C00064	6992086	58359
GLN	GLUTAMATE-SYNTHASE-FERREDOXIN-RXN	PWY4LZ-283	right	L-glutamine	C00064	6992086	58359
GLN	GLUTAMATE-SYNTHASE-FERREDOXIN-RXN	PWY-6964	right	L-glutamine	C00064	6992086	58359
GLN	ANTHRANSYN-RXN	TRPSYN-PWY	left	L-glutamine	C00064	6992086	58359
GLN	GLUTAMINESYN-RXN	GLNSYN-PWY	right	L-glutamine	C00064	6992086	58359
GLN	GLUTAMINESYN-RXN	PWY4LZ-283	right	L-glutamine	C00064	6992086	58359
GLN	RXN-11322	PWY-6466	left	L-glutamine	C00064	6992086	58359
GLN	GLUTAMINESYN-RXN	PWY-6964	right	L-glutamine	C00064	6992086	58359
GLN	CTPSYN-RXN	PWY-5687	left	L-glutamine	C00064	6992086	58359
GLN	ASNSYNB-RXN	ASPARAGINE-BIOSYNTHESIS	left	L-glutamine	C00064	6992086	58359
GLN	GLUTAMATE-SYNTHASE-NADH-RXN	PWY4LZ-81	right	L-glutamine	C00064	6992086	58359
GLN	CARBPSYN-RXN	ARGSYNBSUB-PWY	left	L-glutamine	C00064	6992086	58359
GLN	FGAMSYN-RXN	PWY-6121	left	L-glutamine	C00064	6992086	58359
GLN	GLUTAMIN-RXN	PWY-5921	left	L-glutamine	C00064	6992086	58359
GLN	GLUTAMIDOTRANS-RXN	HISTSYN-PWY	left	L-glutamine	C00064	6992086	58359
GLN	GLUTAMATE-SYNTHASE-FERREDOXIN-RXN	PWY4LZ-81	right	L-glutamine	C00064	6992086	58359
GLN	CTPSYN-RXN	PWY-7176	left	L-glutamine	C00064	6992086	58359
GLN	CTPSYN-RXN	PWY-7185	left	L-glutamine	C00064	6992086	58359
GLN	GLUTAMINESYN-RXN	PWY4LZ-81	right	L-glutamine	C00064	6992086	58359
GLN	NAD-SYNTH-GLN-RXN	PYRIDNUCSYN-PWY	left	L-glutamine	C00064	6992086	58359
GLN	NAD-SYNTH-GLN-RXN	PWY3O-4107	left	L-glutamine	C00064	6992086	58359
GLN	CARBPSYN-RXN	PWY-7060	left	L-glutamine	C00064	6992086	58359
GLN	GLUTAMATE-SYNTHASE-NADH-RXN	PWY4LZ-283	right	L-glutamine	C00064	6992086	58359
GLN	PABASYN-RXN	PWY-3742	left	L-glutamine	C00064	6992086	58359
GLN	GLUTAMIN-RXN	GLUTAMINDEG-PWY	left	L-glutamine	C00064	6992086	58359
Pi	RXN-9779	PWY-6367	right	phosphate		3681305	43474
Pi	GLUTSEMIALDEHYDROG-RXN	ARGININE-SYN4-PWY	left	phosphate		3681305	43474
Pi	RXN-12203	PWY-6724	right	phosphate		3681305	43474
Pi	RXNQT-4191	PWY-6908	right	phosphate		3681305	43474
Pi	ASPARTATE-SEMIALDEHYDE-DEHYDROGENASE-RXN	HOMOSERSYN-PWY	left	phosphate		3681305	43474
Pi	CARBPSYN-RXN	ARGSYNBSUB-PWY	right	phosphate		3681305	43474
Pi	PYRUVATEORTHOPHOSPHATE-DIKINASE-RXN	PWY-241	left	phosphate		3681305	43474
Pi	RXN0-5114	SERSYN-PWY	right	phosphate		3681305	43474
Pi	ACID-PHOSPHATASE-RXN	PWY-6348	right	phosphate		3681305	43474
Pi	CYSPH-RXN	PWY-702	right	phosphate		3681305	43474
Pi	UREA-CARBOXYLASE-RXN	PWY4LZ-81	right	phosphate		3681305	43474
Pi	RXN-7245	PWY-4702	right	phosphate		3681305	43474
Pi	RXNQT-4150	PWYQT-4445	right	phosphate		3681305	43474
Pi	NICOTINATEPRIBOSYLTRANS-RXN	PWY3O-4107	right	phosphate		3681305	43474
Pi	GLUTSEMIALDEHYDROG-RXN	CITRULBIO-PWY	left	phosphate		3681305	43474
Pi	ORNCARBAMTRANSFER-RXN	PWY-7060	right	phosphate		3681305	43474
Pi	F16BDEPHOS-RXN	PWY-5484	right	phosphate		3681305	43474
Pi	ATP-CITRATE-PRO-S--LYASE-RXN	PWY-5172	left	phosphate		3681305	43474
Pi	S-ADENMETSYN-RXN	PWY-5912	right	phosphate		3681305	43474
Pi	ORNCARBAMTRANSFER-RXN	CITRULLINE-DEG-PWY	right	phosphate		3681305	43474
Pi	S-ADENMETSYN-RXN	PWY-5041	right	phosphate		3681305	43474
Pi	GLUTAMINESYN-RXN	PWY-6964	right	phosphate		3681305	43474
Pi	GAPOXNPHOSPHN-RXN	GLUCONEO-PWY	left	phosphate		3681305	43474
Pi	RXN-12198	PWY-7185	right	phosphate		3681305	43474
Pi	R83-RXN	PWY-4361	right	phosphate		3681305	43474
Pi	CTPSYN-RXN	PWY-7176	right	phosphate		3681305	43474
Pi	XMPXAN-RXN	PWY-6596	right	phosphate		3681305	43474
Pi	GAPOXNPHOSPHN-RXN	PWY-1042	left	phosphate		3681305	43474
Pi	GLUTAMINESYN-RXN	GLNSYN-PWY	right	phosphate		3681305	43474
Pi	ADENYLOSUCCINATE-SYNTHASE-RXN	PWY-7219	right	phosphate		3681305	43474
Pi	GAPOXNPHOSPHN-RXN	SUCSYN-PWY	left	phosphate		3681305	43474
Pi	DAHPSYN-RXN	PWY-6164	right	phosphate		3681305	43474
Pi	RXN-4310	PWY-2681	right	phosphate		3681305	43474
Pi	GLUTAMINESYN-RXN	PWY4LZ-81	right	phosphate		3681305	43474
Pi	FORMYLTHFGLUSYNTH-RXN	PWY-2161	right	phosphate		3681305	43474
Pi	GAPOXNPHOSPHN-RXN	PWY-5484	left	phosphate		3681305	43474
Pi	N-ACETYLGLUTPREDUCT-RXN	GLUTORN-PWY	left	phosphate		3681305	43474
Pi	PEPCARBOX-RXN	PWY-241	left	phosphate		3681305	43474
Pi	GLUTAMINESYN-RXN	PWY4LZ-283	right	phosphate		3681305	43474
Pi	ASPCARBTRANS-RXN	PWY-5686	right	phosphate		3681305	43474
Pi	BIOTIN-CARBOXYL-RXN	PWY0-1264	right	phosphate		3681305	43474
Pi	PEPCARBOX-RXN	PWY-7115	left	phosphate		3681305	43474
Pi	PEPCARBOX-RXN	PWY-7117	left	phosphate		3681305	43474
Pi	FORMATETHFLIG-RXN	PWY-3742	right	phosphate		3681305	43474
Pi	SUCCCOASYN-RXN	PWYQT-4481	right	phosphate		3681305	43474
Pi	RXN-7246	PWY-4702	right	phosphate		3681305	43474
Pi	RXN0-2921	PWY-2161	right	phosphate		3681305	43474
Pi	RXNQT-4141	PWY-882	left	phosphate		3681305	43474
Pi	CARBPSYN-RXN	ARGSYN-PWY	right	phosphate		3681305	43474
Pi	GLUTAMINESYN-RXN	PWY-7060	right	phosphate		3681305	43474
Pi	3-PHOSPHOGLYCERATE-PHOSPHATASE-RXN	PWY-8011	right	phosphate		3681305	43474
Pi	DIHYDRONEOPTERIN-MONO-P-DEPHOS-RXN	PWY-6147	right	phosphate		3681305	43474
Pi	FOLYLPOLYGLUTAMATESYNTH-RXN	PWY-3742	right	phosphate		3681305	43474
Pi	PYRUVATEORTHOPHOSPHATE-DIKINASE-RXN	PWY-7117	left	phosphate		3681305	43474
Pi	MYO-INOSITOL-1OR-4-MONOPHOSPHATASE-RXN	PWY-2301	right	phosphate		3681305	43474
Pi	RXN-12277	PWY-6724	right	phosphate		3681305	43474
Pi	PYRUVATEORTHOPHOSPHATE-DIKINASE-RXN	PWY-7115	left	phosphate		3681305	43474
Pi	RXN-12195	PWY-5687	right	phosphate		3681305	43474
Pi	PGPPHOSPHA-RXN	PWY-5269	right	phosphate		3681305	43474
Pi	PGPPHOSPHA-RXN	PWY4FS-8	right	phosphate		3681305	43474
Pi	2-CARBOXY-D-ARABINITOL-1-PHOSPHATASE-RXN	PWYQT-4433	right	phosphate		3681305	43474
Pi	SAICARSYN-RXN	PWY-6124	right	phosphate		3681305	43474
Pi	RXN-5822	PWY-5083	right	phosphate		3681305	43474
Pi	GTP-CYCLOHYDRO-II-RXN	RIBOSYN2-PWY	right	phosphate		3681305	43474
Pi	ABC-19-RXN	PWY-8171	right	phosphate		3681305	43474
Pi	RXN-14181	PWY-7204	right	phosphate		3681305	43474
Pi	2.5.1.19-RXN	PWY-6163	right	phosphate		3681305	43474
Pi	RXN-20083	PWY-5921	right	phosphate		3681305	43474
Pi	CARBPSYN-RXN	PWY-5686	right	phosphate		3681305	43474
Pi	DETHIOBIOTIN-SYN-RXN	PWY0-1507	right	phosphate		3681305	43474
Pi	3.1.3.57-RXN	PWY-6363	right	phosphate		3681305	43474
Pi	RXNQT-4142	PWY-882	right	phosphate		3681305	43474
Pi	PEPSYNTH-RXN	PWY-5484	right	phosphate		3681305	43474
Pi	ASPARTATE-SEMIALDEHYDE-DEHYDROGENASE-RXN	PWY-5097	left	phosphate		3681305	43474
Pi	RXN-12197	PWY-5687	right	phosphate		3681305	43474
Pi	LUMAZINESYN-RXN	RIBOSYN2-PWY	right	phosphate		3681305	43474
Pi	3.1.3.74-RXN	PWY-7204	right	phosphate		3681305	43474
Pi	GLYRIBONUCSYN-RXN	PWY-6121	right	phosphate		3681305	43474
Pi	RXN-7248	PWY-4702	right	phosphate		3681305	43474
Pi	GLUTSEMIALDEHYDROG-RXN	PROSYN-PWY	left	phosphate		3681305	43474
Pi	RXN-7250	PWY-4702	right	phosphate		3681305	43474
Pi	SUCCCOASYN-RXN	PWY-5690	right	phosphate		3681305	43474
Pi	RXN-7609	PWY-6606	right	phosphate		3681305	43474
Pi	GLUTAMINESYN-RXN	ARGSYNBSUB-PWY	right	phosphate		3681305	43474
Pi	S-ADENMETSYN-RXN	METHIONINE-DEG1-PWY	right	phosphate		3681305	43474
Pi	RXN0-1001	PWY-4702	right	phosphate		3681305	43474
Pi	RXN-7609	PWY-6607	right	phosphate		3681305	43474
Pi	4.2.1.93-RXN	PWY-6938	right	phosphate		3681305	43474
Pi	ORNCARBAMTRANSFER-RXN	CITRULBIO-PWY	right	phosphate		3681305	43474
Pi	GPH-RXN	PWY-181	right	phosphate		3681305	43474
Pi	AIRS-RXN	PWY-6121	right	phosphate		3681305	43474
Pi	MANNITOL-1-PHOSPHATASE-RXN	PWY-3881	right	phosphate		3681305	43474
Pi	RIBOPHOSPHAT-RXN	RIBOSYN2-PWY	right	phosphate		3681305	43474
Pi	RXN-14046	PWY-7204	right	phosphate		3681305	43474
Pi	PEPCARBOX-RXN	PWYQT-4429	left	phosphate		3681305	43474
Pi	RXN-11322	PWY-6466	right	phosphate		3681305	43474
Pi	F16BDEPHOS-RXN	GLUCONEO-PWY	right	phosphate		3681305	43474
Pi	HISTIDPHOS-RXN	HISTSYN-PWY	right	phosphate		3681305	43474
Pi	ORNCARBAMTRANSFER-RXN	PWY-4984	right	phosphate		3681305	43474
Pi	RXN0-5408	PWY-4702	right	phosphate		3681305	43474
Pi	F16BDEPHOS-RXN	GLYCOLYSIS	right	phosphate		3681305	43474
Pi	ORNCARBAMTRANSFER-RXN	PWY4LZ-81	right	phosphate		3681305	43474
Pi	PHOSPHATIDATE-PHOSPHATASE-RXN	TRIGLSYN-PWY	right	phosphate		3681305	43474
Pi	RXN-4542	PWY-2781	right	phosphate		3681305	43474
Pi	PEPSYNTH-RXN	GLYCOLYSIS	right	phosphate		3681305	43474
Pi	RXN-10958	PWY-6367	right	phosphate		3681305	43474
Pi	RXN-7607	PWY-6596	right	phosphate		3681305	43474
Pi	KDO-8PSYNTH-RXN	PWY-1269	right	phosphate		3681305	43474
Pi	3.1.3.56-RXN	PWY-6363	right	phosphate		3681305	43474
Pi	FORMATETHFLIG-RXN	PWY-2161	right	phosphate		3681305	43474
Pi	KDO-8PPHOSPHAT-RXN	PWY-1269	right	phosphate		3681305	43474
Pi	3.1.3.46-RXN	PWY66-423	right	phosphate		3681305	43474
Pi	RXN-12200	PWY-5687	right	phosphate		3681305	43474
Pi	RXN1F-20	CHLOROPHYLL-SYN	right	phosphate		3681305	43474
Pi	THRESYN-RXN	HOMOSER-THRESYN-PWY	right	phosphate		3681305	43474
Pi	PGPPHOSPHA-RXN	PWY4FS-7	right	phosphate		3681305	43474
Pi	RXN-12199	PWY-5687	right	phosphate		3681305	43474
Pi	RXN-6102	PWY-3742	right	phosphate		3681305	43474
Pi	SUCROSE-PHOSPHATASE-RXN	PWY-7238	right	phosphate		3681305	43474
Pi	F16BDEPHOS-RXN	CALVIN-PWY	right	phosphate		3681305	43474
Pi	RXN-12195	PWY-7184	right	phosphate		3681305	43474
Pi	RXN-4312	PWY-2681	right	phosphate		3681305	43474
Pi	GLUTCYSLIG-RXN	GLUTATHIONESYN-PWY	right	phosphate		3681305	43474
Pi	RXN0-7115	PWY0-1587	right	phosphate		3681305	43474
Pi	RXN-7251	PWY-4702	right	phosphate		3681305	43474
Pi	RXNQT-4147	PWYQT-4433	right	phosphate		3681305	43474
Pi	RXN-12195	PWY-7185	right	phosphate		3681305	43474
Pi	RXN-13202	PWY-4984	right	phosphate		3681305	43474
Pi	RXN-7247	PWY-4702	right	phosphate		3681305	43474
Pi	CHORISMATE-SYNTHASE-RXN	PWY-6163	right	phosphate		3681305	43474
Pi	RXN-7253	PWY-4702	right	phosphate		3681305	43474
Pi	3-DEHYDROQUINATE-SYNTHASE-RXN	PWY-6164	right	phosphate		3681305	43474
Pi	GAPOXNPHOSPHN-RXN	GLYCOLYSIS	left	phosphate		3681305	43474
Pi	RXN-5647	PWY-3385	right	phosphate		3681305	43474
Pi	RXN-10938	PWY-6352	right	phosphate		3681305	43474
Pi	KDO-8PSYNTH-RXN	PWY-5111	right	phosphate		3681305	43474
Pi	ATPSYN-RXN	PWY-7980	right	phosphate		3681305	43474
Pi	PEPSYNTH-RXN	GLUCONEO-PWY	right	phosphate		3681305	43474
Pi	RXN-7249	PWY-4702	right	phosphate		3681305	43474
Pi	CARBPSYN-RXN	PWY-7060	right	phosphate		3681305	43474
Pi	TREHALOSEPHOSPHA-RXN	TRESYN-PWY	right	phosphate		3681305	43474
Pi	RXN-12198	PWY-5687	right	phosphate		3681305	43474
Pi	GLUTAMINESYN-RXN	PWY-6963	right	phosphate		3681305	43474
Pi	RXN-19022	PWY-7942	right	phosphate		3681305	43474
Pi	RXN-7703	PWY-5083	right	phosphate		3681305	43474
Pi	RXN-14025	PWY-7185	right	phosphate		3681305	43474
Pi	N-ACETYLGLUTPREDUCT-RXN	ARGSYNBSUB-PWY	left	phosphate		3681305	43474
Pi	RXN-12196	PWY-5687	right	phosphate		3681305	43474
Pi	ORNCARBAMTRANSFER-RXN	ARGSYNBSUB-PWY	right	phosphate		3681305	43474
Pi	RXN-7244	PWY-4702	right	phosphate		3681305	43474
Pi	RXN-7241	PWY-4702	right	phosphate		3681305	43474
Pi	FOLYLPOLYGLUTAMATESYNTH-RXN	PWY-2161	right	phosphate		3681305	43474
Pi	S-ADENMETSYN-RXN	ETHYL-PWY	right	phosphate		3681305	43474
Pi	FORMATETHFLIG-RXN	PWY-3841	right	phosphate		3681305	43474
Pi	RXN-13139	PWY-8137	right	phosphate		3681305	43474
Pi	FGAMSYN-RXN	PWY-6121	right	phosphate		3681305	43474
Pi	GLUTATHIONE-SYN-RXN	GLUTATHIONESYN-PWY	right	phosphate		3681305	43474
Pi	SEDOHEPTULOSE-BISPHOSPHATASE-RXN	CALVIN-PWY	right	phosphate		3681305	43474
Pi	RXN-7242	PWY-4702	right	phosphate		3681305	43474
Pi	ORNCARBAMTRANSFER-RXN	ARGSYN-PWY	right	phosphate		3681305	43474
Pi	F16BDEPHOS-RXN	SUCSYN-PWY	right	phosphate		3681305	43474
Pi	RXN-14026	PWY-7185	right	phosphate		3681305	43474
Pi	RXN-12196	PWY-7185	right	phosphate		3681305	43474
Pi	RXN-10952	PWY-6363	right	phosphate		3681305	43474
Pi	CTPSYN-RXN	PWY-7185	right	phosphate		3681305	43474
Pi	SUCROSE-PHOSPHATASE-RXN	SUCSYN-PWY	right	phosphate		3681305	43474
Pi	RXN-7243	PWY-4702	right	phosphate		3681305	43474
Pi	RXN-12197	PWY-7185	right	phosphate		3681305	43474
Pi	METHYLCROTONYL-COA-CARBOXYLASE-RXN	LEU-DEG2-PWY	right	phosphate		3681305	43474
Pi	5-OXOPROLINASE-ATP-HYDROLYSING-RXN	PWY-7942	right	phosphate		3681305	43474
Pi	1.2.1.13-RXN	CALVIN-PWY	left	phosphate		3681305	43474
Pi	5-FORMYL-THF-CYCLO-LIGASE-RXN	PWY-3841	right	phosphate		3681305	43474
Pi	RXN-22341	PWY-8259	right	phosphate		3681305	43474
Pi	GLUCOSE-1-PHOSPHAT-RXN	GLUCOSE1PMETAB-PWY	right	phosphate		3681305	43474
Pi	RXN-12204	PWY-6724	right	phosphate		3681305	43474
Pi	QUINOLINATE-SYNTHA-RXN	PYRIDNUCSYN-PWY	right	phosphate		3681305	43474
Pi	DIHYDROFOLATESYNTH-RXN	PWY-3742	right	phosphate		3681305	43474
Pi	CTPSYN-RXN	PWY-5687	right	phosphate		3681305	43474
Pi	2.7.1.90-RXN	PWY-1042	right	phosphate		3681305	43474
Pi	DIHYDRONEOPTERIN-MONO-P-DEPHOS-RXN	PWY-3742	right	phosphate		3681305	43474
Pi	DIPHOSPHOMEVALONTE-DECARBOXYLASE-RXN	PWY-922	right	phosphate		3681305	43474
Pi	RXN-12276	PWY-6724	right	phosphate		3681305	43474
Pi	RXN-14353	PWY-7238	left	phosphate		3681305	43474
Pi	RXN-13482	PWY-7060	right	phosphate		3681305	43474
Pi	RXN-11277	PWY-7039	right	phosphate		3681305	43474
Pi	KDO-8PPHOSPHAT-RXN	PWY-5111	right	phosphate		3681305	43474
GLT	PREPHENATE-TRANSAMINE-RXN	PWY-3462	right	L-glutamate	C00025	5460299	29985
GLT	BRANCHED-CHAINAMINOTRANSFERILEU-RXN	ILEUSYN-PWY	right	L-glutamate	C00025	5460299	29985
GLT	GLUTAMIN-RXN	CITRULBIO-PWY	right	L-glutamate	C00025	5460299	29985
GLT	ALANINE-AMINOTRANSFERASE-RXN	ALACAT2-PWY	right	L-glutamate	C00025	5460299	29985
GLT	L-GLN-FRUCT-6-P-AMINOTRANS-RXN	UDPNACETYLGALSYN-PWY	right	L-glutamate	C00025	5460299	29985
GLT	GLUTAMINESYN-RXN	PWY-6964	left	L-glutamate	C00025	5460299	29985
GLT	GLYCINE-AMINOTRANSFERASE-RXN	GLYSYN2-PWY	right	L-glutamate	C00025	5460299	29985
GLT	RXN-13697	PWY-7115	right	L-glutamate	C00025	5460299	29985
GLT	ALANINE-AMINOTRANSFERASE-RXN	ALANINE-SYN2-PWY	right	L-glutamate	C00025	5460299	29985
GLT	RXN-11322	PWY-6466	right	L-glutamate	C00025	5460299	29985
GLT	FOLYLPOLYGLUTAMATESYNTH-RXN	PWY-2161	left	L-glutamate	C00025	5460299	29985
GLT	GLUTAMATE-SYNTHASE-FERREDOXIN-RXN	PWY4LZ-81	left	L-glutamate	C00025	5460299	29985
GLT	ASPAMINOTRANS-RXN	PWY-7117	right	L-glutamate	C00025	5460299	29985
GLT	GLUTKIN-RXN	CITRULBIO-PWY	left	L-glutamate	C00025	5460299	29985
GLT	RXN-7737	PWY-5097	right	L-glutamate	C00025	5460299	29985
GLT	GLUTAMINESYN-RXN	ARGSYNBSUB-PWY	left	L-glutamate	C00025	5460299	29985
GLT	CARBPSYN-RXN	ARGSYNBSUB-PWY	right	L-glutamate	C00025	5460299	29985
GLT	TYROSINE-AMINOTRANSFERASE-RXN	TYRFUMCAT-PWY	right	L-glutamate	C00025	5460299	29985
GLT	GLUTAMATE-SYNTHASE-NADH-RXN	PWY-6963	left	L-glutamate	C00025	5460299	29985
GLT	ACETYLORNTRANSAM-RXN	ARGSYNBSUB-PWY	right	L-glutamate	C00025	5460299	29985
GLT	GLUTAMATE-DEHYDROGENASE-RXN	GLUTAMATE-DEG1-PWY	left	L-glutamate	C00025	5460299	29985
GLT	ALANINE-AMINOTRANSFERASE-RXN	ALANINE-DEG3-PWY	right	L-glutamate	C00025	5460299	29985
GLT	GLUTAMIN-RXN	GLUTAMINDEG-PWY	right	L-glutamate	C00025	5460299	29985
GLT	TYROSINE-AMINOTRANSFERASE-RXN	PWY-5048	right	L-glutamate	C00025	5460299	29985
GLT	RXN-9386	PWY-5921	left	L-glutamate	C00025	5460299	29985
GLT	GLUTAMATE-SYNTHASE-FERREDOXIN-RXN	PWY4LZ-283	left	L-glutamate	C00025	5460299	29985
GLT	GLUTAMIN-RXN	PWY-5921	right	L-glutamate	C00025	5460299	29985
GLT	ORNITHINE-GLU-AMINOTRANSFERASE-RXN	ARGININE-SYN4-PWY	right	L-glutamate	C00025	5460299	29985
GLT	GLUTAMINESYN-RXN	PWY4LZ-81	left	L-glutamate	C00025	5460299	29985
GLT	RXN-13698	PWY-7117	left	L-glutamate	C00025	5460299	29985
GLT	NAD-SYNTH-GLN-RXN	PYRIDNUCSYN-PWY	right	L-glutamate	C00025	5460299	29985
GLT	PSERTRANSAM-RXN	SERSYN-PWY	right	L-glutamate	C00025	5460299	29985
GLT	GLUTAMATE-SYNTHASE-NADH-RXN	PWY4LZ-81	left	L-glutamate	C00025	5460299	29985
GLT	GLUTAMIDOTRANS-RXN	HISTSYN-PWY	right	L-glutamate	C00025	5460299	29985
GLT	GLUTAMATE-DEHYDROGENASE-RXN	ALACAT2-PWY	left	L-glutamate	C00025	5460299	29985
GLT	ASPAMINOTRANS-RXN	PWY-7115	right	L-glutamate	C00025	5460299	29985
GLT	CTPSYN-RXN	PWY-7176	right	L-glutamate	C00025	5460299	29985
GLT	FORMYLTHFGLUSYNTH-RXN	PWY-2161	left	L-glutamate	C00025	5460299	29985
GLT	BRANCHED-CHAINAMINOTRANSFERLEU-RXN	LEU-DEG2-PWY	right	L-glutamate	C00025	5460299	29985
GLT	RXN-14116	PROUT-PWY	right	L-glutamate	C00025	5460299	29985
GLT	RXN-6102	PWY-3742	left	L-glutamate	C00025	5460299	29985
GLT	ASNSYNB-RXN	ASPARAGINE-BIOSYNTHESIS	right	L-glutamate	C00025	5460299	29985
GLT	ORNITHINE-GLU-AMINOTRANSFERASE-RXN	ARGASEDEG-PWY	right	L-glutamate	C00025	5460299	29985
GLT	GLUTDECARBOX-RXN	PWY-4321	left	L-glutamate	C00025	5460299	29985
GLT	ASPAMINOTRANS-RXN	ASPARTATE-DEG1-PWY	right	L-glutamate	C00025	5460299	29985
GLT	GABATRANSAM-RXN	PWY-6535	right	L-glutamate	C00025	5460299	29985
GLT	ALANINE-AMINOTRANSFERASE-RXN	PWY-7117	right	L-glutamate	C00025	5460299	29985
GLT	PABASYN-RXN	PWY-6543	right	L-glutamate	C00025	5460299	29985
GLT	DIHYDROFOLATESYNTH-RXN	PWY-3742	left	L-glutamate	C00025	5460299	29985
GLT	GMP-SYN-GLUT-RXN	PWY-7221	right	L-glutamate	C00025	5460299	29985
GLT	ORNITHINE-GLU-AMINOTRANSFORASE-RXN	PWY4LZ-81	right	L-glutamate	C00025	5460299	29985
GLT	ORNITHINE-GLU-AMINOTRANSFERASE-RXN	ARG-PRO-PWY	right	L-glutamate	C00025	5460299	29985
GLT	CTPSYN-RXN	PWY-7185	right	L-glutamate	C00025	5460299	29985
GLT	N-ACETYLTRANSFER-RXN	ARGSYNBSUB-PWY	left	L-glutamate	C00025	5460299	29985
GLT	PREPHENATE-TRANSAMINE-RXN	PWY-3461	right	L-glutamate	C00025	5460299	29985
GLT	BRANCHED-CHAINAMINOTRANSFERVAL-RXN	VALSYN-PWY	right	L-glutamate	C00025	5460299	29985
GLT	GLUTAMATE-SYNTHASE-FERREDOXIN-RXN	PWY-6964	left	L-glutamate	C00025	5460299	29985
GLT	NAD-SYNTH-GLN-RXN	PWY3O-4107	right	L-glutamate	C00025	5460299	29985
GLT	GLUTCYSLIG-RXN	GLUTATHIONESYN-PWY	left	L-glutamate	C00025	5460299	29985
GLT	FGAMSYN-RXN	PWY-6121	right	L-glutamate	C00025	5460299	29985
GLT	BRANCHED-CHAINAMINOTRANSFERILEU-RXN	ILEUDEG-PWY	right	L-glutamate	C00025	5460299	29985
GLT	RXN0-2921	PWY-2161	left	L-glutamate	C00025	5460299	29985
GLT	N-ACETYLTRANSFER-RXN	GLUTORN-PWY	left	L-glutamate	C00025	5460299	29985
GLT	GLUTAMINESYN-RXN	GLNSYN-PWY	left	L-glutamate	C00025	5460299	29985
GLT	2.6.1.80-RXN	PWY-5912	right	L-glutamate	C00025	5460299	29985
GLT	CARBPSYN-RXN	PWY-7060	right	L-glutamate	C00025	5460299	29985
GLT	GLUTAMATE-SYNTHASE-NADH-RXN	GLUGLNSYN-PWY	left	L-glutamate	C00025	5460299	29985
GLT	ANTHRANSYN-RXN	TRPSYN-PWY	right	L-glutamate	C00025	5460299	29985
GLT	ORNITHINE-GLU-AMINOTRANSFERASE-RXN	CITRULBIO-PWY	right	L-glutamate	C00025	5460299	29985
GLT	FOLYLPOLYGLUTAMATESYNTH-RXN	PWY-3742	left	L-glutamate	C00025	5460299	29985
GLT	GLUTAMINESYN-RXN	PWY4LZ-283	left	L-glutamate	C00025	5460299	29985
GLT	ORNITHINE-GLU-AMINOTRANSFERASE-RXN	PWY-3341	right	L-glutamate	C00025	5460299	29985
GLT	CARBPSYN-RXN	ARGSYN-PWY	right	L-glutamate	C00025	5460299	29985
GLT	RXN-14116	ARGASEDEG-PWY	right	L-glutamate	C00025	5460299	29985
GLT	2.6.1.22-RXN	VALDEG-PWY	right	L-glutamate	C00025	5460299	29985
GLT	CARBPSYN-RXN	PWY-5686	right	L-glutamate	C00025	5460299	29985
GLT	BRANCHED-CHAINAMINOTRANSFERVAL-RXN	VALDEG-PWY	right	L-glutamate	C00025	5460299	29985
GLT	GLUTAMATE-SYNTHASE-FERREDOXIN-RXN	PWY-4341	left	L-glutamate	C00025	5460299	29985
GLT	GLUTAMATE-SYNTHASE-NADH-RXN	PWY4LZ-283	left	L-glutamate	C00025	5460299	29985
GLT	RXN-13697	PWY-7117	right	L-glutamate	C00025	5460299	29985
GLT	RXN-13698	PWY-7115	left	L-glutamate	C00025	5460299	29985
GLT	PRPPAMIDOTRANS-RXN	PWY-6121	left	L-glutamate	C00025	5460299	29985
GLT	RXN-2947	PWY-6219	left	L-glutamate	C00025	5460299	29985
GLT	2.6.1.49-RXN	PWY-5049	right	L-glutamate	C00025	5460299	29985
GLT	GLUTKIN-RXN	PROSYN-PWY	left	L-glutamate	C00025	5460299	29985
GLT	ALANINE-AMINOTRANSFERASE-RXN	PWY-7115	right	L-glutamate	C00025	5460299	29985
GLT	GLYCINE-AMINOTRANSFERASE-RXN	PWY-181	right	L-glutamate	C00025	5460299	29985
GLT	BRANCHED-CHAINAMINOTRANSFERLEU-RXN	LEUSYN-PWY	right	L-glutamate	C00025	5460299	29985
GLT	ASPAMINOTRANS-RXN	ASPARTATESYN-PWY	right	L-glutamate	C00025	5460299	29985
GLT	GLUTKIN-RXN	ARGININE-SYN4-PWY	left	L-glutamate	C00025	5460299	29985
GLT	GLUTAMINESYN-RXN	PWY-6963	left	L-glutamate	C00025	5460299	29985
GLT	GLUTAMINESYN-RXN	PWY-7060	left	L-glutamate	C00025	5460299	29985
GLT	PABASYN-RXN	PWY-3742	right	L-glutamate	C00025	5460299	29985
GLT	5-OXOPROLINASE-ATP-HYDROLYSING-RXN	PWY-7942	right	L-glutamate	C00025	5460299	29985
GLT	GABATRANSAM-RXN	PWY-4321	right	L-glutamate	C00025	5460299	29985
GLT	GLURS-RXN	PWY-5188	left	L-glutamate	C00025	5460299	29985
GLT	HISTAMINOTRANS-RXN	HISTSYN-PWY	right	L-glutamate	C00025	5460299	29985
GLT	CTPSYN-RXN	PWY-5687	right	L-glutamate	C00025	5460299	29985
GLT	PREPHENATE-TRANSAMINE-RXN	PWY-6120	right	L-glutamate	C00025	5460299	29985
GLT	TYROSINE-AMINOTRANSFERASE-RXN	PWY-5886	right	L-glutamate	C00025	5460299	29985
GLT	ACETYLORNTRANSAM-RXN	GLUTORN-PWY	right	L-glutamate	C00025	5460299	29985
GLT	GLUTAMATE-N-ACETYLTRANSFERASE-RXN	ARGSYNBSUB-PWY	left	L-glutamate	C00025	5460299	29985
UTP	GLUC1PURIDYLTRANS-RXN	PWY-7238	left	UTP	C00075	7058168	46398
UTP	RXN-12199	PWY-5687	left	UTP	C00075	7058168	46398
UTP	UTPHEXPURIDYLYLTRANS-RXN	PWY-3821	left	UTP	C00075	7058168	46398
UTP	RXN-7401	PWY-82	left	UTP	C00075	7058168	46398
UTP	RXN-12196	PWY-5687	left	UTP	C00075	7058168	46398
UTP	UDPKIN-RXN	PWY-7176	right	UTP	C00075	7058168	46398
UTP	2.7.7.44-RXN	PWY-4841	left	UTP	C00075	7058168	46398
UTP	CTPSYN-RXN	PWY-7176	left	UTP	C00075	7058168	46398
UTP	RXN-3	PWY-4	left	UTP	C00075	7058168	46398
UTP	RXN0-724	PWY-7187	left	UTP	C00075	7058168	46398
UTP	UDPKIN-RXN	PWY-5687	right	UTP	C00075	7058168	46398
UTP	GLUC1PURIDYLTRANS-RXN	PWY-6527	left	UTP	C00075	7058168	46398
UTP	GLUC1PURIDYLTRANS-RXN	PWY-7343	left	UTP	C00075	7058168	46398
UTP	UTPHEXPURIDYLYLTRANS-RXN	PWY-6527	left	UTP	C00075	7058168	46398
UTP	GLUC1PURIDYLTRANS-RXN	PWYQT-4466	left	UTP	C00075	7058168	46398
UTP	RXN-12196	PWY-7185	left	UTP	C00075	7058168	46398
UTP	NAG1P-URIDYLTRANS-RXN	UDPNACETYLGALSYN-PWY	left	UTP	C00075	7058168	46398
UTP	GLUC1PURIDYLTRANS-RXN	PWY-3801	left	UTP	C00075	7058168	46398
UTP	CTPSYN-RXN	PWY-7185	left	UTP	C00075	7058168	46398
UTP	CTPSYN-RXN	PWY-5687	left	UTP	C00075	7058168	46398
INOSITOL-1-4-5-TRISPHOSPHATE	3.1.4.11-RXN	PWY-6367	right	D- myo -inositol (1,4,5)-trisphosphate	C01245	21761708	203600
INOSITOL-1-4-5-TRISPHOSPHATE	3.1.4.11-RXN	PWY-6351	right	D- myo -inositol (1,4,5)-trisphosphate	C01245	21761708	203600
INOSITOL-1-4-5-TRISPHOSPHATE	3.1.4.11-RXN	LIPASYN-PWY	right	D- myo -inositol (1,4,5)-trisphosphate	C01245	21761708	203600
INOSITOL-1-4-5-TRISPHOSPHATE	3.1.3.56-RXN	PWY-6363	left	D- myo -inositol (1,4,5)-trisphosphate	C01245	21761708	203600
INOSITOL-1-4-5-TRISPHOSPHATE	3.1.4.11-RXN	PWY-7039	right	D- myo -inositol (1,4,5)-trisphosphate	C01245	21761708	203600
INOSITOL-1-4-5-TRISPHOSPHATE	2.7.1.151-RXN	PWY-4541	left	D- myo -inositol (1,4,5)-trisphosphate	C01245	21761708	203600
PHOSPHATIDYL-MYO-INOSITOL-45-BISPHOSPHA	2.7.1.153-RXN	PWY-6352	left	a 1-phosphatidyl-1D- myo -inositol 4,5-bisphosphate	C04637	24742074	232300;18348
PHOSPHATIDYL-MYO-INOSITOL-45-BISPHOSPHA	3.1.4.11-RXN	PWY-6367	left	a 1-phosphatidyl-1D- myo -inositol 4,5-bisphosphate	C04637	24742074	232300;18348
PHOSPHATIDYL-MYO-INOSITOL-45-BISPHOSPHA	2.7.1.68-RXN	PWY-6352	right	a 1-phosphatidyl-1D- myo -inositol 4,5-bisphosphate	C04637	24742074	232300;18348
PHOSPHATIDYL-MYO-INOSITOL-45-BISPHOSPHA	RXN-9779	PWY-6367	left	a 1-phosphatidyl-1D- myo -inositol 4,5-bisphosphate	C04637	24742074	232300;18348
PHOSPHATIDYL-MYO-INOSITOL-45-BISPHOSPHA	3.1.4.11-RXN	LIPASYN-PWY	left	a 1-phosphatidyl-1D- myo -inositol 4,5-bisphosphate	C04637	24742074	232300;18348
PHOSPHATIDYL-MYO-INOSITOL-45-BISPHOSPHA	2.7.1.149-RXN	PWY-6351	right	a 1-phosphatidyl-1D- myo -inositol 4,5-bisphosphate	C04637	24742074	232300;18348
PHOSPHATIDYL-MYO-INOSITOL-45-BISPHOSPHA	2.7.1.149-RXN	PWY-6367	right	a 1-phosphatidyl-1D- myo -inositol 4,5-bisphosphate	C04637	24742074	232300;18348
PHOSPHATIDYL-MYO-INOSITOL-45-BISPHOSPHA	3.1.4.11-RXN	PWY-7039	left	a 1-phosphatidyl-1D- myo -inositol 4,5-bisphosphate	C04637	24742074	232300;18348
PHOSPHATIDYL-MYO-INOSITOL-45-BISPHOSPHA	2.7.1.68-RXN	PWY-6351	right	a 1-phosphatidyl-1D- myo -inositol 4,5-bisphosphate	C04637	24742074	232300;18348
PHOSPHATIDYL-MYO-INOSITOL-45-BISPHOSPHA	3.1.4.11-RXN	PWY-6351	left	a 1-phosphatidyl-1D- myo -inositol 4,5-bisphosphate	C04637	24742074	232300;18348
DIACYLGLYCEROL	RXN4FS-1	PWY4FS-3	left	a 1,2-diacyl- sn -glycerol	C00641		17815
DIACYLGLYCEROL	RXN-12959	TRIGLSYN-PWY	left	a 1,2-diacyl- sn -glycerol	C00641		17815
DIACYLGLYCEROL	RXN-5781	PWY4FS-2	left	a 1,2-diacyl- sn -glycerol	C00641		17815
DIACYLGLYCEROL	RXN-1602	LIPAS-PWY	left	a 1,2-diacyl- sn -glycerol	C00641		17815
DIACYLGLYCEROL	RXN-1641	TRIGLSYN-PWY	left	a 1,2-diacyl- sn -glycerol	C00641		17815
DIACYLGLYCEROL	PHOSPHOLIPASE-C-RXN	LIPASYN-PWY	right	a 1,2-diacyl- sn -glycerol	C00641		17815
DIACYLGLYCEROL	TRIACYLGLYCEROL-LIPASE-RXN	LIPAS-PWY	right	a 1,2-diacyl- sn -glycerol	C00641		17815
DIACYLGLYCEROL	2.4.1.46-RXN	PWY-401	left	a 1,2-diacyl- sn -glycerol	C00641		17815
DIACYLGLYCEROL	3.1.4.11-RXN	PWY-6351	right	a 1,2-diacyl- sn -glycerol	C00641		17815
DIACYLGLYCEROL	3.1.4.11-RXN	PWY-6367	right	a 1,2-diacyl- sn -glycerol	C00641		17815
DIACYLGLYCEROL	ETHANOLAMINEPHOSPHOTRANSFERASE-RXN	PWY4FS-6	left	a 1,2-diacyl- sn -glycerol	C00641		17815
DIACYLGLYCEROL	RXN-5781	PWY3O-450	left	a 1,2-diacyl- sn -glycerol	C00641		17815
DIACYLGLYCEROL	RXN-12383	TRIGLSYN-PWY	left	a 1,2-diacyl- sn -glycerol	C00641		17815
DIACYLGLYCEROL	PHOSPHATIDATE-PHOSPHATASE-RXN	TRIGLSYN-PWY	right	a 1,2-diacyl- sn -glycerol	C00641		17815
DIACYLGLYCEROL	RXN-5781	PWY-3561	left	a 1,2-diacyl- sn -glycerol	C00641		17815
DIACYLGLYCEROL	RXN-1641	PWY-7416	left	a 1,2-diacyl- sn -glycerol	C00641		17815
DIACYLGLYCEROL	RXN-9721	PWY-401	right	a 1,2-diacyl- sn -glycerol	C00641		17815
DIACYLGLYCEROL	RXN4FS-4	PWY4FS-4	left	a 1,2-diacyl- sn -glycerol	C00641		17815
DIACYLGLYCEROL	DIACYLGLYKIN-RXN	PWY-7039	left	a 1,2-diacyl- sn -glycerol	C00641		17815
DIACYLGLYCEROL	3.1.4.11-RXN	LIPASYN-PWY	right	a 1,2-diacyl- sn -glycerol	C00641		17815
DIACYLGLYCEROL	RXN-1224	PWYQT-4427	left	a 1,2-diacyl- sn -glycerol	C00641		17815
DIACYLGLYCEROL	RXN-7795	PWY-5129	right	a 1,2-diacyl- sn -glycerol	C00641		17815
DIACYLGLYCEROL	3.1.4.11-RXN	PWY-7039	right	a 1,2-diacyl- sn -glycerol	C00641		17815
DIACYLGLYCEROL	RXN-16635	PWY-401	right	a 1,2-diacyl- sn -glycerol	C00641		17815
DIACYLGLYCEROL	DIACYLGLYCEROL-O-ACYLTRANSFERASE-RXN	TRIGLSYN-PWY	left	a 1,2-diacyl- sn -glycerol	C00641		17815
DIACYLGLYCEROL	RXN-1226	PWY-401	right	a 1,2-diacyl- sn -glycerol	C00641		17815
1-PHOSPHATIDYL-1D-MYO-INOSITOL-5-PHOSPHA	RXN-9779	PWY-6367	right	a 1-phosphatidyl-1D-myo-inositol 5-phosphate	C11557	24755481	16500
1-PHOSPHATIDYL-1D-MYO-INOSITOL-5-PHOSPHA	2.7.1.149-RXN	PWY-6367	left	a 1-phosphatidyl-1D-myo-inositol 5-phosphate	C11557	24755481	16500
1-PHOSPHATIDYL-1D-MYO-INOSITOL-5-PHOSPHA	RXN-10958	PWY-6367	right	a 1-phosphatidyl-1D-myo-inositol 5-phosphate	C11557	24755481	16500
1-PHOSPHATIDYL-1D-MYO-INOSITOL-5-PHOSPHA	2.7.1.149-RXN	PWY-6351	left	a 1-phosphatidyl-1D-myo-inositol 5-phosphate	C11557	24755481	16500
1-PHOSPHATIDYL-1D-MYO-INOSITOL-35-BISPH	RXN-10958	PWY-6367	left	1-phosphatidyl-1D-myo-inositol 3,5-bisphosphate	C11556		16851
1-PHOSPHATIDYL-1D-MYO-INOSITOL-35-BISPH	RXN-10938	PWY-6352	left	1-phosphatidyl-1D-myo-inositol 3,5-bisphosphate	C11556		16851
1-PHOSPHATIDYL-1D-MYO-INOSITOL-35-BISPH	2.7.1.150-RXN	PWY-6352	right	1-phosphatidyl-1D-myo-inositol 3,5-bisphosphate	C11556		16851
N6-L-threonylcarbamoyladenine37-tRNAs	RXN-14570	PWY0-1587	right	an N 6 -L-threonylcarbamoyladenine 37 in tRNA			
N6-L-threonylcarbamoyladenine37-tRNAs	RXN0-7115	PWY0-1587	left	an N 6 -L-threonylcarbamoyladenine 37 in tRNA			
Cyclic-N6-threonylcarbamoyl-A37-tRNAs	RXN0-7115	PWY0-1587	right	a cyclic N 6 -L-threonylcarbamoyladenosine 37 in tRNA			
HCO3	METHYLCROTONYL-COA-CARBOXYLASE-RXN	LEU-DEG2-PWY	left	hydrogen carbonate	C00288	769	17544
HCO3	PEPCARBOX-RXN	PWY-7115	right	hydrogen carbonate	C00288	769	17544
HCO3	CARBPSYN-RXN	PWY-5686	left	hydrogen carbonate	C00288	769	17544
HCO3	R524-RXN	CYANCAT-PWY	left	hydrogen carbonate	C00288	769	17544
HCO3	CARBAMATE-KINASE-RXN	PWY-7060	left	hydrogen carbonate	C00288	769	17544
HCO3	PEPCARBOX-RXN	PWY-241	right	hydrogen carbonate	C00288	769	17544
HCO3	RXN0-5224	PWYQT-4429	left	hydrogen carbonate	C00288	769	17544
HCO3	RXN-14569	PWY0-1587	left	hydrogen carbonate	C00288	769	17544
HCO3	RXN0-5224	PWY-7117	left	hydrogen carbonate	C00288	769	17544
HCO3	RXN0-5224	CYANCAT-PWY	left	hydrogen carbonate	C00288	769	17544
HCO3	RXN0-5224	PWY-7115	left	hydrogen carbonate	C00288	769	17544
HCO3	PEPCARBOX-RXN	PWYQT-4429	right	hydrogen carbonate	C00288	769	17544
HCO3	CARBPSYN-RXN	PWY-7060	left	hydrogen carbonate	C00288	769	17544
HCO3	BIOTIN-CARBOXYL-RXN	PWY0-1264	left	hydrogen carbonate	C00288	769	17544
HCO3	RXN-13202	PWY-4984	left	hydrogen carbonate	C00288	769	17544
HCO3	PEPCARBOX-RXN	PWY-7117	right	hydrogen carbonate	C00288	769	17544
HCO3	RXN-19659	CITRULLINE-DEG-PWY	right	hydrogen carbonate	C00288	769	17544
HCO3	CARBPSYN-RXN	ARGSYNBSUB-PWY	left	hydrogen carbonate	C00288	769	17544
HCO3	RXN0-5224	PWY-241	left	hydrogen carbonate	C00288	769	17544
HCO3	CARBPSYN-RXN	ARGSYN-PWY	left	hydrogen carbonate	C00288	769	17544
HCO3	RXN-11213	VALDEG-PWY	right	hydrogen carbonate	C00288	769	17544
CPD-15435	RXN-14569	PWY0-1587	right	(L-threonylcarbamoyl)adenylate	C20641	71464565	73682
CPD-15435	RXN-14570	PWY0-1587	left	(L-threonylcarbamoyl)adenylate	C20641	71464565	73682
THR	THRESYN-RXN	HOMOSER-THRESYN-PWY	right	L-threonine	C00188	6971019	57926
THR	THREONINE-ALDOLASE-RXN	GLYSYN2-PWY	left	L-threonine	C00188	6971019	57926
THR	RXN-15122	ILEUSYN-PWY	left	L-threonine	C00188	6971019	57926
THR	RXN-14569	PWY0-1587	left	L-threonine	C00188	6971019	57926
tRNA-adenine-37	RXN0-6274	PWY-2781	left	an adenine 37 in tRNA			
tRNA-adenine-37	RXN-14570	PWY0-1587	left	an adenine 37 in tRNA			
CPD-11253	RXN-10450	PWY-6235	right	trans -tuberonic acid		38350906	132022
CPD-734	RXN-10450	PWY-6235	left	(-)-jasmonate	C08491	7251181	58431
CPD-734	RXN-745	PWY-735	right	(-)-jasmonate	C08491	7251181	58431
CPD-11260	RXN-10451	PWY-6235	left	cis -tuberonic acid		44123344	136182
CPD-11260	RXN-10451	PWY-7859	left	cis -tuberonic acid		44123344	136182
CPD-11260	RXN-18481	PWY-7859	right	cis -tuberonic acid		44123344	136182
CPD-11260	RXN-18482	PWY-7859	left	cis -tuberonic acid		44123344	136182
3-5-ADP	RXN-10451	PWY-7859	right	adenosine 3',5'-bisphosphate	C00054	23615194	58343
3-5-ADP	RXN-10876	PWY-6546	right	adenosine 3',5'-bisphosphate	C00054	23615194	58343
3-5-ADP	HOLO-ACP-SYNTH-RXN	PWY-6012	right	adenosine 3',5'-bisphosphate	C00054	23615194	58343
3-5-ADP	RXN-10875	PWY-6546	right	adenosine 3',5'-bisphosphate	C00054	23615194	58343
3-5-ADP	RXN-10451	PWY-6235	right	adenosine 3',5'-bisphosphate	C00054	23615194	58343
PAPS	RXN-10451	PWY-7859	left	3'-phosphoadenylyl-sulfate	C00053	46926099	58339
PAPS	ADENYLYLSULFKIN-RXN	PWY-5340	right	3'-phosphoadenylyl-sulfate	C00053	46926099	58339
PAPS	RXN-10876	PWY-6546	left	3'-phosphoadenylyl-sulfate	C00053	46926099	58339
PAPS	RXN-10451	PWY-6235	left	3'-phosphoadenylyl-sulfate	C00053	46926099	58339
PAPS	RXN-10875	PWY-6546	left	3'-phosphoadenylyl-sulfate	C00053	46926099	58339
CPD-19816	RXN-10451	PWY-7859	right	cis -12-sulfojasmonate		126961020	
CPD-19816	RXN-10451	PWY-6235	right	cis -12-sulfojasmonate		126961020	
2-METHYL-BUTYRYL-COA	2KETO-3METHYLVALERATE-RXN	ILEUDEG-PWY	right	(2 S )-2-methylbutanoyl-CoA	C15980	92136145	88166
2-METHYL-BUTYRYL-COA	2-METHYLACYL-COA-DEHYDROGENASE-RXN	ILEUDEG-PWY	left	(2 S )-2-methylbutanoyl-CoA	C15980	92136145	88166
CPD-1083	TIGLYLCOA-HYDROXY-RXN	ILEUDEG-PWY	right	( E )-2-methylcrotonoyl-CoA	C03345	45266534	15478
CPD-1083	2-METHYLACYL-COA-DEHYDROGENASE-RXN	ILEUDEG-PWY	right	( E )-2-methylcrotonoyl-CoA	C03345	45266534	15478
2-KETO-3-METHYL-VALERATE	BRANCHED-CHAINAMINOTRANSFERILEU-RXN	ILEUDEG-PWY	right	(3 S )-3-methyl-2-oxopentanoate	C00671	6857401	35146
2-KETO-3-METHYL-VALERATE	2KETO-3METHYLVALERATE-RXN	ILEUDEG-PWY	left	(3 S )-3-methyl-2-oxopentanoate	C00671	6857401	35146
2-KETO-3-METHYL-VALERATE	BRANCHED-CHAINAMINOTRANSFERILEU-RXN	ILEUSYN-PWY	right	(3 S )-3-methyl-2-oxopentanoate	C00671	6857401	35146
2-KETO-3-METHYL-VALERATE	DIHYDROXYMETVALDEHYDRAT-RXN	ILEUSYN-PWY	right	(3 S )-3-methyl-2-oxopentanoate	C00671	6857401	35146
PROPIONYL-COA	PROPCOASYN-RXN	PWY-3941	left	propanoyl-CoA	C00100	45266613	57392
PROPIONYL-COA	RXN-18670	PWY-6801	left	propanoyl-CoA	C00100	45266613	57392
PROPIONYL-COA	METHYLACETOACETYLCOATHIOL-RXN	ILEUDEG-PWY	left	propanoyl-CoA	C00100	45266613	57392
PROPIONYL-COA	PROPIONATE--COA-LIGASE-RXN	PWY-3941	right	propanoyl-CoA	C00100	45266613	57392
PROPIONYL-COA	RXN-18668	PWY-6801	left	propanoyl-CoA	C00100	45266613	57392
PROPIONYL-COA	RXN-11213	VALDEG-PWY	right	propanoyl-CoA	C00100	45266613	57392
ACETYL-COA	RXN0-5055	PWY0-1264	left	acetyl-CoA	C00024	45266541	57288
ACETYL-COA	RXN-9244	PWY-5859	left	acetyl-CoA	C00024	45266541	57288
ACETYL-COA	RXN-6762	PWY-4203	left	acetyl-CoA	C00024	45266541	57288
ACETYL-COA	2-ISOPROPYLMALATESYN-RXN	LEUSYN-PWY	left	acetyl-CoA	C00024	45266541	57288
ACETYL-COA	RXN-18669	PWY-6801	left	acetyl-CoA	C00024	45266541	57288
ACETYL-COA	RXN0-5055	PWY-4381	left	acetyl-CoA	C00024	45266541	57288
ACETYL-COA	PYRUVDEH-RXN	PWYQT-4481	right	acetyl-CoA	C00024	45266541	57288
ACETYL-COA	RXN-10699	PWY-735	left	acetyl-CoA	C00024	45266541	57288
ACETYL-COA	RXN3DJ-35528	PWY-8475	left	acetyl-CoA	C00024	45266541	57288
ACETYL-COA	GLUCOSAMINEPNACETYLTRANS-RXN	UDPNACETYLGALSYN-PWY	left	acetyl-CoA	C00024	45266541	57288
ACETYL-COA	RXN-13542	PWY-7075	left	acetyl-CoA	C00024	45266541	57288
ACETYL-COA	HYDROXYMETHYLGLUTARYL-COA-LYASE-RXN	LEU-DEG2-PWY	right	acetyl-CoA	C00024	45266541	57288
ACETYL-COA	ATP-CITRATE-PRO-S--LYASE-RXN	PWY-5172	left	acetyl-CoA	C00024	45266541	57288
ACETYL-COA	RXN-9812	PWY-6066	right	acetyl-CoA	C00024	45266541	57288
ACETYL-COA	CITSYN-RXN	PWY-5690	left	acetyl-CoA	C00024	45266541	57288
ACETYL-COA	RXN-9939	PWY-6117	left	acetyl-CoA	C00024	45266541	57288
ACETYL-COA	N-ACETYLTRANSFER-RXN	GLUTORN-PWY	left	acetyl-CoA	C00024	45266541	57288
ACETYL-COA	ACETYL-COA-ACETYLTRANSFER-RXN	PWY-922	left	acetyl-CoA	C00024	45266541	57288
ACETYL-COA	SERINE-O-ACETTRAN-RXN	CYSTSYN-PWY	left	acetyl-CoA	C00024	45266541	57288
ACETYL-COA	KETOACYLCOATHIOL-RXN	PWY-5136	left	acetyl-CoA	C00024	45266541	57288
ACETYL-COA	N-ACETYLTRANSFER-RXN	ARGSYNBSUB-PWY	left	acetyl-CoA	C00024	45266541	57288
ACETYL-COA	HYDROXYMETHYLGLUTARYL-COA-SYNTHASE-RXN	PWY-922	left	acetyl-CoA	C00024	45266541	57288
ACETYL-COA	SPERMACTRAN-RXN	PWY-6117	left	acetyl-CoA	C00024	45266541	57288
ACETYL-COA	2.3.1.180-RXN	PWY-4381	left	acetyl-CoA	C00024	45266541	57288
ACETYL-COA	RXN-10701	PWY-735	left	acetyl-CoA	C00024	45266541	57288
ACETYL-COA	RXN-11852	PWY-5410	left	acetyl-CoA	C00024	45266541	57288
ACETYL-COA	CITSYN-RXN	PWYQT-4481	left	acetyl-CoA	C00024	45266541	57288
ACETYL-COA	ACETATE--COA-LIGASE-RXN	PWY66-21	right	acetyl-CoA	C00024	45266541	57288
ACETYL-COA	RXN-23599	PWY-7888	left	acetyl-CoA	C00024	45266541	57288
ACETYL-COA	RXN-12362	PWY-6801	left	acetyl-CoA	C00024	45266541	57288
ACETYL-COA	METHYLACETOACETYLCOATHIOL-RXN	ILEUDEG-PWY	left	acetyl-CoA	C00024	45266541	57288
ACETYL-COA	RXN-10700	PWY-735	left	acetyl-CoA	C00024	45266541	57288
ACETYL-COA	RXN0-1133	PYRUVDEHYD-PWY	left	acetyl-CoA	C00024	45266541	57288
2-METHYL-ACETO-ACETYL-COA	1.1.1.178-RXN	ILEUDEG-PWY	right	2-methylacetoacetyl-CoA	C03344	45266568	57335
2-METHYL-ACETO-ACETYL-COA	METHYLACETOACETYLCOATHIOL-RXN	ILEUDEG-PWY	right	2-methylacetoacetyl-CoA	C03344	45266568	57335
2-METHYL-3-HYDROXY-BUTYRYL-COA	1.1.1.178-RXN	ILEUDEG-PWY	left	(2S,3S)-3-hydroxy-2-methylbutanoyl-CoA	C04405	45266551	57312
2-METHYL-3-HYDROXY-BUTYRYL-COA	TIGLYLCOA-HYDROXY-RXN	ILEUDEG-PWY	left	(2S,3S)-3-hydroxy-2-methylbutanoyl-CoA	C04405	45266551	57312
ILE	RXN-18481	PWY-7859	right	L-isoleucine	C00407	7043901	58045
ILE	BRANCHED-CHAINAMINOTRANSFERILEU-RXN	ILEUSYN-PWY	left	L-isoleucine	C00407	7043901	58045
ILE	RXN-10455	PWY-6233	left	L-isoleucine	C00407	7043901	58045
ILE	BRANCHED-CHAINAMINOTRANSFERILEU-RXN	ILEUDEG-PWY	left	L-isoleucine	C00407	7043901	58045
AMMONIUM	RXN-21523	PWY-8159	right	ammonium	C01342	223	28938
AMMONIUM	GCVMULTI-RXN	PWY-3841	right	ammonium	C01342	223	28938
AMMONIUM	GLUTAMINESYN-RXN	GLNSYN-PWY	left	ammonium	C01342	223	28938
AMMONIUM	RXN-24539	PWY-5704	right	ammonium	C01342	223	28938
AMMONIUM	RIBOFLAVINSYNDEAM-RXN	RIBOSYN2-PWY	right	ammonium	C01342	223	28938
AMMONIUM	NICOTINAMID-RXN	PWY3O-4107	right	ammonium	C01342	223	28938
AMMONIUM	CYTIDEAM-RXN	PWY-7199	right	ammonium	C01342	223	28938
AMMONIUM	N-CARBAMOYLPUTRESCINE-AMIDASE-RXN	PWYQT-94	right	ammonium	C01342	223	28938
AMMONIUM	RXN-13072	PWY-4361	right	ammonium	C01342	223	28938
AMMONIUM	GLUTAMINESYN-RXN	PWY4LZ-81	left	ammonium	C01342	223	28938
AMMONIUM	GCVMULTI-RXN	PWY0-1608	right	ammonium	C01342	223	28938
AMMONIUM	ASPARAGHYD-RXN	ASPARAGINE-DEG1-PWY	right	ammonium	C01342	223	28938
AMMONIUM	CARBAMATE-KINASE-RXN	PWY-7060	left	ammonium	C01342	223	28938
AMMONIUM	UREIDOGLYCOLATE-HYDROLASE-RXN	PWY-5692	right	ammonium	C01342	223	28938
AMMONIUM	GLUTAMATE-DEHYDROGENASE-RXN	GLUTAMATE-DEG1-PWY	right	ammonium	C01342	223	28938
AMMONIUM	GLUTAMINESYN-RXN	ARGSYNBSUB-PWY	left	ammonium	C01342	223	28938
AMMONIUM	RXN0-5222	CYANCAT-PWY	right	ammonium	C01342	223	28938
AMMONIUM	NAD-SYNTH-NH3-RXN	PYRIDNUCSYN-PWY	left	ammonium	C01342	223	28938
AMMONIUM	L-AMINO-ACID-OXIDASE-RXN	PWY4LZ-81	right	ammonium	C01342	223	28938
AMMONIUM	GUANINE-DEAMINASE-RXN	PWY4LZ-81	right	ammonium	C01342	223	28938
AMMONIUM	GUANOSINE-DEAMINASE-RXN	PWY-6607	right	ammonium	C01342	223	28938
AMMONIUM	GLUTAMINESYN-RXN	PWY4LZ-283	left	ammonium	C01342	223	28938
AMMONIUM	URUR-RXN	PWY-5692	right	ammonium	C01342	223	28938
AMMONIUM	GUANINE-DEAMINASE-RXN	PWY-6606	right	ammonium	C01342	223	28938
AMMONIUM	ALLANTOATE-DEIMINASE-RXN	PWY-5698	right	ammonium	C01342	223	28938
AMMONIUM	RXN-15123	PWY-701	right	ammonium	C01342	223	28938
AMMONIUM	RXN-6381	PWY-3981	right	ammonium	C01342	223	28938
AMMONIUM	RXN-15127	PWY-702	right	ammonium	C01342	223	28938
AMMONIUM	PHENYLALANINE-AMMONIA-LYASE-RXN	PWY-8157	right	ammonium	C01342	223	28938
AMMONIUM	CITRULLINASE-RXN	PWY4LZ-81	right	ammonium	C01342	223	28938
AMMONIUM	OHMETHYLBILANESYN-RXN	PWY-5188	right	ammonium	C01342	223	28938
AMMONIUM	N-CARBAMOYLPUTRESCINE-AMIDASE-RXN	PWY-43	right	ammonium	C01342	223	28938
AMMONIUM	3.5.5.4-RXN	ASPSYNII-PWY	right	ammonium	C01342	223	28938
AMMONIUM	2.7.7.51-RXN	PWY-6794	left	ammonium	C01342	223	28938
AMMONIUM	GCVMULTI-RXN	PWY-181	right	ammonium	C01342	223	28938
AMMONIUM	RXN-16809	PWY-7683	left	ammonium	C01342	223	28938
AMMONIUM	RXN-15123	ILEUSYN-PWY	right	ammonium	C01342	223	28938
AMMONIUM	RXN-13202	PWY-4984	left	ammonium	C01342	223	28938
AMMONIUM	GCVT-RXN	GLYCLEAV-PWY	right	ammonium	C01342	223	28938
AMMONIUM	AGMATINE-DEIMINASE-RXN	PWY-43	right	ammonium	C01342	223	28938
AMMONIUM	ARGININE-DEIMINASE-RXN	PWY4LZ-81	right	ammonium	C01342	223	28938
AMMONIUM	PHENYLALANINE-AMMONIA-LYASE-RXN	PWY-6444	right	ammonium	C01342	223	28938
AMMONIUM	RXN-19659	CITRULLINE-DEG-PWY	right	ammonium	C01342	223	28938
AMMONIUM	PHENYLALANINE-AMMONIA-LYASE-RXN	PWY1F-467	right	ammonium	C01342	223	28938
AMMONIUM	ADENINE-DEAMINASE-RXN	PWY4LZ-81	right	ammonium	C01342	223	28938
AMMONIUM	DIPHTINE--AMMONIA-LIGASE-RXN	PWY-7546	left	ammonium	C01342	223	28938
AMMONIUM	RXN-19145	PWY-7942	right	ammonium	C01342	223	28938
AMMONIUM	CYTIDEAM2-RXN	PWY-6556	right	ammonium	C01342	223	28938
AMMONIUM	CYTIDEAM2-RXN	PWY-7193	right	ammonium	C01342	223	28938
AMMONIUM	4.3.1.17-RXN	PWY0-1608	right	ammonium	C01342	223	28938
AMMONIUM	PMPOXI-RXN	PWY-7204	right	ammonium	C01342	223	28938
AMMONIUM	FERREDOXIN--NITRITE-REDUCTASE-RXN	PWY-381	left	ammonium	C01342	223	28938
AMMONIUM	ALLOPHANATE-HYDROLASE-RXN	PWY4LZ-81	right	ammonium	C01342	223	28938
AMMONIUM	GLUTAMINESYN-RXN	PWY-7060	left	ammonium	C01342	223	28938
AMMONIUM	GLUTAMATE-DEHYDROGENASE-RXN	ALACAT2-PWY	right	ammonium	C01342	223	28938
AMMONIUM	RXN-21524	PWY-8159	right	ammonium	C01342	223	28938
AMMONIUM	RXN0-5222	PWY-5704	right	ammonium	C01342	223	28938
AMMONIUM	RXN-11210	PWY-6430	right	ammonium	C01342	223	28938
AMMONIUM	PHENYLALANINE-AMMONIA-LYASE-RXN	PWY-1121	right	ammonium	C01342	223	28938
AMMONIUM	BETA-UREIDOPROPIONASE-RXN	PWY-3982	right	ammonium	C01342	223	28938
AMMONIUM	PHENYLALANINE-AMMONIA-LYASE-RXN	PWY-5048	right	ammonium	C01342	223	28938
AMMONIUM	GLUTAMINESYN-RXN	PWY-6963	left	ammonium	C01342	223	28938
AMMONIUM	AMP-DEAMINASE-RXN	PWY-6596	right	ammonium	C01342	223	28938
AMMONIUM	URUR-RXN	PWY-5698	right	ammonium	C01342	223	28938
AMMONIUM	AGMATINE-DEIMINASE-RXN	PWYQT-94	right	ammonium	C01342	223	28938
AMMONIUM	GLUTAMINESYN-RXN	PWY-6964	left	ammonium	C01342	223	28938
AMMONIUM	DCTP-DEAM-RXN	PWY-7187	right	ammonium	C01342	223	28938
3-UREIDO-ISOBUTYRATE	RXN-11211	PWY-6430	right	3-(carbamoylamino)-2-methylpropanoate	C05100	91820371	74414
3-UREIDO-ISOBUTYRATE	RXN-11210	PWY-6430	left	3-(carbamoylamino)-2-methylpropanoate	C05100	91820371	74414
CPD-471	RXN-11210	PWY-6430	right	(R)-3-amino-2-methylpropanoate	C01205	6971064	57731
DIHYDRO-THYMINE	RXN-11209	PWY-6430	left	5,6-dihydrothymine	C00906	93556	27468
DIHYDRO-THYMINE	RXN-11211	PWY-6430	left	5,6-dihydrothymine	C00906	93556	27468
THYMINE	RXN-11209	PWY-6430	right	thymine	C00178	1135	17821
SO3	SULFITE-OXIDASE-RXN	PWY-5326	left	sulfite		1099	17359
SO3	THIOSULFATE-SULFURTRANSFERASE-RXN	PWY-5350	right	sulfite		1099	17359
SO3	SULFITE-REDUCTASE-FERREDOXIN-RXN	SULFMETII-PWY	right	sulfite		1099	17359
SO3	1.8.4.9-RXN	SULFMETII-PWY	left	sulfite		1099	17359
SO3	RXN-1223	PWYQT-4427	right	sulfite		1099	17359
OXIDIZED-GLUTATHIONE	1.11.1.12-RXN	PWY-4081	right	glutathione disulfide	C00127	40467895	58297
OXIDIZED-GLUTATHIONE	GLUTATHIONE-PEROXIDASE-RXN	PWY-4081	right	glutathione disulfide	C00127	40467895	58297
OXIDIZED-GLUTATHIONE	1.8.4.9-RXN	SULFMETII-PWY	left	glutathione disulfide	C00127	40467895	58297
OXIDIZED-GLUTATHIONE	1.8.5.1-RXN	PWY-2261	right	glutathione disulfide	C00127	40467895	58297
OXIDIZED-GLUTATHIONE	PRODISULFREDUCT-A-RXN	GLUT-REDOX-PWY	right	glutathione disulfide	C00127	40467895	58297
OXIDIZED-GLUTATHIONE	GLUTATHIONE-REDUCT-NADPH-RXN	PWY-4081	right	glutathione disulfide	C00127	40467895	58297
OXIDIZED-GLUTATHIONE	GLUTATHIONE-PEROXIDASE-RXN	DETOX1-PWY-1	right	glutathione disulfide	C00127	40467895	58297
GLUTATHIONE	1.8.4.9-RXN	SULFMETII-PWY	right	glutathione	C00051	7048684	57925
GLUTATHIONE	GLUTATHIONE-SYN-RXN	GLUTATHIONESYN-PWY	right	glutathione	C00051	7048684	57925
GLUTATHIONE	GLYOXII-RXN	PWY-5386-1	right	glutathione	C00051	7048684	57925
GLUTATHIONE	RXN-982	PWY-8259	left	glutathione	C00051	7048684	57925
GLUTATHIONE	S-FORMYLGLUTATHIONE-HYDROLASE-RXN	PWY-1801	right	glutathione	C00051	7048684	57925
GLUTATHIONE	GLYOXI-RXN	PWY-5386-1	right	glutathione	C00051	7048684	57925
GLUTATHIONE	PRODISULFREDUCT-A-RXN	GLUT-REDOX-PWY	left	glutathione	C00051	7048684	57925
GLUTATHIONE	GLUTATHIONE-PEROXIDASE-RXN	PWY-4081	left	glutathione	C00051	7048684	57925
GLUTATHIONE	RXN-19024	PWY-7942	left	glutathione	C00051	7048684	57925
GLUTATHIONE	GLUTATHIONE-PEROXIDASE-RXN	DETOX1-PWY-1	left	glutathione	C00051	7048684	57925
GLUTATHIONE	GLUTATHIONE-REDUCT-NADPH-RXN	PWY-4081	left	glutathione	C00051	7048684	57925
GLUTATHIONE	1.8.5.1-RXN	PWY-2261	left	glutathione	C00051	7048684	57925
GLUTATHIONE	1.11.1.12-RXN	PWY-4081	left	glutathione	C00051	7048684	57925
GLUTATHIONE	RXN-2961	PWY-1801	right	glutathione	C00051	7048684	57925
GLUTATHIONE	2.3.2.15-RXN	PWY-6745	left	glutathione	C00051	7048684	57925
APS	1.8.4.9-RXN	SULFMETII-PWY	right	adenosine 5'-phosphosulfate	C00224	49852317	58243
APS	SULFATE-ADENYLYLTRANS-RXN	PWY-5340	right	adenosine 5'-phosphosulfate	C00224	49852317	58243
APS	ADENYLYLSULFKIN-RXN	PWY-5340	left	adenosine 5'-phosphosulfate	C00224	49852317	58243
APS	SULFATE-ADENYLYLTRANS-RXN	SULFMETII-PWY	right	adenosine 5'-phosphosulfate	C00224	49852317	58243
APS	2.7.7.51-RXN	PWY-6794	left	adenosine 5'-phosphosulfate	C00224	49852317	58243
HS	L-3-CYANOALANINE-SYNTHASE-RXN	ASPSYNII-PWY	right	hydrogen sulfide	C00283	402	16136
HS	SULFITE-REDUCTASE-FERREDOXIN-RXN	SULFMETII-PWY	left	hydrogen sulfide	C00283	402	16136
HS	ACSERLY-RXN	CYSTSYN-PWY	left	hydrogen sulfide	C00283	402	16136
HS	L-3-CYANOALANINE-SYNTHASE-RXN	P401-PWY	right	hydrogen sulfide	C00283	402	16136
SULFATE	SULFATE-ADENYLYLTRANS-RXN	PWY-5340	left	sulfate	C00059	1117	16189
SULFATE	2.7.7.51-RXN	PWY-6794	right	sulfate	C00059	1117	16189
SULFATE	SULFATE-ADENYLYLTRANS-RXN	SULFMETII-PWY	left	sulfate	C00059	1117	16189
SULFATE	SULFITE-OXIDASE-RXN	PWY-5326	right	sulfate	C00059	1117	16189
D-LACTATE	GLYOXIII-RXN	PWY-8458	left	( R )-lactate	C00256	5460179	16004
D-LACTATE	D-LACTATE-DEHYDROGENASE-CYTOCHROME-RXN	PWY-5386-1	left	( R )-lactate	C00256	5460179	16004
D-LACTATE	DLACTDEHYDROGNAD-RXN	ALACAT2-PWY	left	( R )-lactate	C00256	5460179	16004
D-LACTATE	GLYOXII-RXN	PWY-5386-1	right	( R )-lactate	C00256	5460179	16004
NIACINAMIDE	RXNQT-4300	PWY-6909	right	nicotinamide	C00153	936	17154
NIACINAMIDE	RXN-15025	PWY3O-4107	right	nicotinamide	C00153	936	17154
NIACINAMIDE	NICOTINAMID-RXN	PWY3O-4107	left	nicotinamide	C00153	936	17154
CPD-14762	RXN-15025	PWY3O-4107	right	2''- O -acetyl-ADP-ribose	C20658	86290135	83767
Histone-L-lysine	RXN-15025	PWY3O-4107	right	a [histone]-L-lysine	C02415		5738
Histone-Acetyl-Lysine	RXN-15025	PWY3O-4107	left	a [histone]- N 6 -acetyl-L-lysine			
DEAMIDO-NAD	NICONUCADENYLYLTRAN-RXN	PYRIDNUCSYN-PWY	right	nicotinate adenine dinucleotide	C00857	45266646	58437
DEAMIDO-NAD	NAD-SYNTH-NH3-RXN	PYRIDNUCSYN-PWY	left	nicotinate adenine dinucleotide	C00857	45266646	58437
DEAMIDO-NAD	NAD-SYNTH-GLN-RXN	PWY3O-4107	left	nicotinate adenine dinucleotide	C00857	45266646	58437
DEAMIDO-NAD	NICONUCADENYLYLTRAN-RXN	PWY3O-4107	right	nicotinate adenine dinucleotide	C00857	45266646	58437
DEAMIDO-NAD	NAD-SYNTH-GLN-RXN	PYRIDNUCSYN-PWY	left	nicotinate adenine dinucleotide	C00857	45266646	58437
NIACINE	NICOTINATE-N-METHYLTRANSFERASE-RXN	PWY-5110	left	nicotinate	C00253	937	32544
NIACINE	NICOTINAMID-RXN	PWY3O-4107	right	nicotinate	C00253	937	32544
NIACINE	NICOTINATEPRIBOSYLTRANS-RXN	PWY3O-4107	left	nicotinate	C00253	937	32544
PRPP	URACIL-PRIBOSYLTRANS-RXN	PWY-7183	right	5-phospho-alpha-D-ribose 1-diphosphate	C00119	20848918	58017
PRPP	URACIL-PRIBOSYLTRANS-RXN	PWYQT-4445	right	5-phospho-alpha-D-ribose 1-diphosphate	C00119	20848918	58017
PRPP	PRTRANS-RXN	TRPSYN-PWY	right	5-phospho-alpha-D-ribose 1-diphosphate	C00119	20848918	58017
PRPP	NICOTINATEPRIBOSYLTRANS-RXN	PWY3O-4107	left	5-phospho-alpha-D-ribose 1-diphosphate	C00119	20848918	58017
PRPP	GUANPRIBOSYLTRAN-RXN	PWY-6599	right	5-phospho-alpha-D-ribose 1-diphosphate	C00119	20848918	58017
PRPP	ATPPHOSPHORIBOSYLTRANS-RXN	HISTSYN-PWY	right	5-phospho-alpha-D-ribose 1-diphosphate	C00119	20848918	58017
PRPP	PRPPAMIDOTRANS-RXN	PWY-6121	right	5-phospho-alpha-D-ribose 1-diphosphate	C00119	20848918	58017
PRPP	OROPRIBTRANS-RXN	PWY-5686	right	5-phospho-alpha-D-ribose 1-diphosphate	C00119	20848918	58017
PRPP	ADENPRIBOSYLTRAN-RXN	PWY-6605	right	5-phospho-alpha-D-ribose 1-diphosphate	C00119	20848918	58017
PRPP	QUINOPRIBOTRANS-RXN	PYRIDNUCSYN-PWY	right	5-phospho-alpha-D-ribose 1-diphosphate	C00119	20848918	58017
PRPP	PRPPSYN-RXN	PWY0-662	right	5-phospho-alpha-D-ribose 1-diphosphate	C00119	20848918	58017
NICOTINATE_NUCLEOTIDE	NICONUCADENYLYLTRAN-RXN	PYRIDNUCSYN-PWY	left	beta-nicotinate D-ribonucleotide	C01185	46878382	57502
NICOTINATE_NUCLEOTIDE	QUINOPRIBOTRANS-RXN	PYRIDNUCSYN-PWY	left	beta-nicotinate D-ribonucleotide	C01185	46878382	57502
NICOTINATE_NUCLEOTIDE	NICOTINATEPRIBOSYLTRANS-RXN	PWY3O-4107	right	beta-nicotinate D-ribonucleotide	C01185	46878382	57502
NICOTINATE_NUCLEOTIDE	NICONUCADENYLYLTRAN-RXN	PWY3O-4107	left	beta-nicotinate D-ribonucleotide	C01185	46878382	57502
CPD-12575	RXN-9037	PWY-5774	left	UDP-alpha-D-glucose	C00029	16667346	58885
CPD-12575	CINNAMATE-GLUCOSYLTRANSFERASE-RXN	PWY-5968	left	UDP-alpha-D-glucose	C00029	16667346	58885
CPD-12575	UDPGLUCEPIM-RXN	PWY-6317	left	UDP-alpha-D-glucose	C00029	16667346	58885
CPD-12575	RXN-13512	PWY-7071	left	UDP-alpha-D-glucose	C00029	16667346	58885
CPD-12575	RXN-9036	PWY-5774	left	UDP-alpha-D-glucose	C00029	16667346	58885
CPD-12575	CELLULOSE-SYNTHASE-UDP-FORMING-RXN	PWY-1001	left	UDP-alpha-D-glucose	C00029	16667346	58885
CPD-12575	RXN-18482	PWY-7859	left	UDP-alpha-D-glucose	C00029	16667346	58885
CPD-12575	RXN-7828	PWY-5139	left	UDP-alpha-D-glucose	C00029	16667346	58885
CPD-12575	RXN-9743	PWY-6051	left	UDP-alpha-D-glucose	C00029	16667346	58885
CPD-12575	RXN-4725	PWY-2901	left	UDP-alpha-D-glucose	C00029	16667346	58885
CPD-12575	RXN-4728	PWY-2901	left	UDP-alpha-D-glucose	C00029	16667346	58885
CPD-12575	RXN-9748	PWY-6051	left	UDP-alpha-D-glucose	C00029	16667346	58885
CPD-12575	GLUC1PURIDYLTRANS-RXN	PWY-7343	right	UDP-alpha-D-glucose	C00029	16667346	58885
CPD-12575	UGD-RXN	PWY-7346	left	UDP-alpha-D-glucose	C00029	16667346	58885
CPD-12575	RXN-4729	PWY-2881	left	UDP-alpha-D-glucose	C00029	16667346	58885
CPD-12575	RXN-14427	PWY-7253	left	UDP-alpha-D-glucose	C00029	16667346	58885
CPD-12575	RXN-6142	PWY-3742	left	UDP-alpha-D-glucose	C00029	16667346	58885
CPD-12575	2.4.1.111-RXN	PWY-116	left	UDP-alpha-D-glucose	C00029	16667346	58885
CPD-12575	RXN-13517	PWY-7071	left	UDP-alpha-D-glucose	C00029	16667346	58885
CPD-12575	UDPGLUCEPIM-RXN	PWY-6527	left	UDP-alpha-D-glucose	C00029	16667346	58885
CPD-12575	RXN-4735	PWY-2902	left	UDP-alpha-D-glucose	C00029	16667346	58885
CPD-12575	RXNQT-4397	PWY-6546	left	UDP-alpha-D-glucose	C00029	16667346	58885
CPD-12575	RXN-17699	PWY-641	left	UDP-alpha-D-glucose	C00029	16667346	58885
CPD-12575	RXN-9038	PWY-5774	left	UDP-alpha-D-glucose	C00029	16667346	58885
CPD-12575	RXN-13518	PWY-7071	left	UDP-alpha-D-glucose	C00029	16667346	58885
CPD-12575	SUCROSE-SYNTHASE-RXN	PWY-3801	left	UDP-alpha-D-glucose	C00029	16667346	58885
CPD-12575	RXN-14424	PWY-7252	left	UDP-alpha-D-glucose	C00029	16667346	58885
CPD-12575	RXN-4721	PWY-2881	left	UDP-alpha-D-glucose	C00029	16667346	58885
CPD-12575	RXN-1223	PWYQT-4427	right	UDP-alpha-D-glucose	C00029	16667346	58885
CPD-12575	TREHALOSE6PSYN-RXN	TRESYN-PWY	left	UDP-alpha-D-glucose	C00029	16667346	58885
CPD-12575	GLUC1PURIDYLTRANS-RXN	PWY-7238	right	UDP-alpha-D-glucose	C00029	16667346	58885
CPD-12575	UDPGLUCEPIM-RXN	PWY-7344	left	UDP-alpha-D-glucose	C00029	16667346	58885
CPD-12575	RXN-8140	PWY-5268	left	UDP-alpha-D-glucose	C00029	16667346	58885
CPD-12575	RXN-13520	PWY-7071	left	UDP-alpha-D-glucose	C00029	16667346	58885
CPD-12575	RXN-9035	PWY-5774	left	UDP-alpha-D-glucose	C00029	16667346	58885
CPD-12575	RXN-4732	PWY-2901	left	UDP-alpha-D-glucose	C00029	16667346	58885
CPD-12575	UDPGLUCEPIM-RXN	PWY-3821	left	UDP-alpha-D-glucose	C00029	16667346	58885
CPD-12575	GLUC1PURIDYLTRANS-RXN	PWYQT-4466	right	UDP-alpha-D-glucose	C00029	16667346	58885
CPD-12575	RXN-9749	PWY-6051	left	UDP-alpha-D-glucose	C00029	16667346	58885
CPD-12575	SUCROSE-PHOSPHATE-SYNTHASE-RXN	PWY-7238	left	UDP-alpha-D-glucose	C00029	16667346	58885
CPD-12575	RXN-19688	PWY-5774	left	UDP-alpha-D-glucose	C00029	16667346	58885
CPD-12575	RXN-9751	PWY-6051	left	UDP-alpha-D-glucose	C00029	16667346	58885
CPD-12575	RXN-4723	PWY-2902	left	UDP-alpha-D-glucose	C00029	16667346	58885
CPD-12575	2.4.1.114-RXN	PWY-5176	left	UDP-alpha-D-glucose	C00029	16667346	58885
CPD-12575	RXN-4733	PWY-2881	left	UDP-alpha-D-glucose	C00029	16667346	58885
CPD-12575	RXN-4737	PWY-2902	left	UDP-alpha-D-glucose	C00029	16667346	58885
CPD-12575	RXN-19690	PWY-5774	left	UDP-alpha-D-glucose	C00029	16667346	58885
CPD-12575	RXN-7793	PWY-5129	left	UDP-alpha-D-glucose	C00029	16667346	58885
CPD-12575	RXN-7021	PWY-6949	left	UDP-alpha-D-glucose	C00029	16667346	58885
CPD-12575	UDP-GLUCOSE-46-DEHYDRATASE-RXN	PWY-3261	left	UDP-alpha-D-glucose	C00029	16667346	58885
CPD-12575	RXN-19687	PWY-5774	left	UDP-alpha-D-glucose	C00029	16667346	58885
CPD-12575	RXN-13514	PWY-7071	left	UDP-alpha-D-glucose	C00029	16667346	58885
CPD-12575	RXN-9081	PWY-8340	left	UDP-alpha-D-glucose	C00029	16667346	58885
CPD-12575	RXNQT-4398	PWY-6546	left	UDP-alpha-D-glucose	C00029	16667346	58885
CPD-12575	RXN-14239	PWY-7213	left	UDP-alpha-D-glucose	C00029	16667346	58885
CPD-12575	2.4.1.121-RXN	PWY-1741	left	UDP-alpha-D-glucose	C00029	16667346	58885
CPD-12575	RXN-7832	PWY-5139	left	UDP-alpha-D-glucose	C00029	16667346	58885
CPD-12575	GLUC1PURIDYLTRANS-RXN	PWY-3801	right	UDP-alpha-D-glucose	C00029	16667346	58885
CPD-12575	GALACTURIDYLYLTRANS-RXN	PWY-6317	left	UDP-alpha-D-glucose	C00029	16667346	58885
CPD-12575	2.4.1.115-RXN	PWY-5125	left	UDP-alpha-D-glucose	C00029	16667346	58885
CPD-12575	RXN-14238	PWY-7212	left	UDP-alpha-D-glucose	C00029	16667346	58885
CPD-12575	RXN-4734	PWY-2901	left	UDP-alpha-D-glucose	C00029	16667346	58885
CPD-12575	RXN-19686	PWY-5774	left	UDP-alpha-D-glucose	C00029	16667346	58885
CPD-12575	RXN-8169	PWY-5284	left	UDP-alpha-D-glucose	C00029	16667346	58885
CPD-12575	RXN-13515	PWY-7071	left	UDP-alpha-D-glucose	C00029	16667346	58885
CPD-12575	RXN-4724	PWY-2881	left	UDP-alpha-D-glucose	C00029	16667346	58885
CPD-12575	RXN-13516	PWY-7071	left	UDP-alpha-D-glucose	C00029	16667346	58885
CPD-12575	RXN-4722	PWY-2901	left	UDP-alpha-D-glucose	C00029	16667346	58885
CPD-12575	RXN-743	PWY-861	left	UDP-alpha-D-glucose	C00029	16667346	58885
CPD-12575	RXN-13511	PWY-7071	left	UDP-alpha-D-glucose	C00029	16667346	58885
CPD-12575	RXN-11465	PWY-6515	left	UDP-alpha-D-glucose	C00029	16667346	58885
CPD-12575	RXN-13521	PWY-7071	left	UDP-alpha-D-glucose	C00029	16667346	58885
CPD-12575	RXN-13513	PWY-7071	left	UDP-alpha-D-glucose	C00029	16667346	58885
CPD-12575	GLUC1PURIDYLTRANS-RXN	PWY-6527	right	UDP-alpha-D-glucose	C00029	16667346	58885
CPD-12575	RXN-4730	PWY-2901	left	UDP-alpha-D-glucose	C00029	16667346	58885
CPD-12575	RXN-4736	PWY-2881	left	UDP-alpha-D-glucose	C00029	16667346	58885
CPD-12575	RXN-12419	PWY-5936	left	UDP-alpha-D-glucose	C00029	16667346	58885
CPD-12575	RXN-4726	PWY-2902	left	UDP-alpha-D-glucose	C00029	16667346	58885
CPD-12575	RXN-17698	PWY-641	left	UDP-alpha-D-glucose	C00029	16667346	58885
CPD-12575	2.4.1.121-RXN	PWY-1782	left	UDP-alpha-D-glucose	C00029	16667346	58885
CPD-12575	2.4.1.117-RXN	MANNOSYL-CHITO-DOLICHOL-BIOSYNTHESIS	left	UDP-alpha-D-glucose	C00029	16667346	58885
CPD-12575	RXN-7828	PWY-5268	left	UDP-alpha-D-glucose	C00029	16667346	58885
CPD-12575	RXN-9745	PWY-6051	left	UDP-alpha-D-glucose	C00029	16667346	58885
CPD-12575	13-BETA-GLUCAN-SYNTHASE-RXN	PWY-6773	left	UDP-alpha-D-glucose	C00029	16667346	58885
CPD-12575	RXN-4731	PWY-2881	left	UDP-alpha-D-glucose	C00029	16667346	58885
CPD-12575	SCOPOLETIN-GLUCOSYLTRANSFERASE-RXN	PWY4FS-10	left	UDP-alpha-D-glucose	C00029	16667346	58885
CPD-12575	SUCROSE-PHOSPHATE-SYNTHASE-RXN	SUCSYN-PWY	left	UDP-alpha-D-glucose	C00029	16667346	58885
CPD-12575	RXN-9752	PWY-6051	left	UDP-alpha-D-glucose	C00029	16667346	58885
CPD-12575	RXN-4727	PWY-2881	left	UDP-alpha-D-glucose	C00029	16667346	58885
CPD-12575	RXN-11660	PWY-7468	left	UDP-alpha-D-glucose	C00029	16667346	58885
CPD-12575	RXN-19689	PWY-5774	left	UDP-alpha-D-glucose	C00029	16667346	58885
CPD-12575	RXN-8205	PWY-5284	left	UDP-alpha-D-glucose	C00029	16667346	58885
CPD-12575	GALACTURIDYLYLTRANS-RXN	PWY-6527	left	UDP-alpha-D-glucose	C00029	16667346	58885
1-4-beta-D-Glucan	RXN-9461	PWY-5936	left	a 1,4-beta-D-glucan			18246
1-4-beta-D-Glucan	RXN-12419	PWY-5936	left	a 1,4-beta-D-glucan			18246
1-4-beta-D-Glucan	RXN-12419	PWY-5936	right	a 1,4-beta-D-glucan			18246
CPD-14553	RXN-1225	PWY-401	left	UDP-alpha-D-galactose	C00052	9549262	66914
CPD-14553	UDPGLUCEPIM-RXN	PWY-6317	right	UDP-alpha-D-galactose	C00052	9549262	66914
CPD-14553	UTPHEXPURIDYLYLTRANS-RXN	PWY-3821	right	UDP-alpha-D-galactose	C00052	9549262	66914
CPD-14553	2.4.1.46-RXN	PWY-401	left	UDP-alpha-D-galactose	C00052	9549262	66914
CPD-14553	RXN-9462	PWY-5936	left	UDP-alpha-D-galactose	C00052	9549262	66914
CPD-14553	2.4.1.156-RXN	PWY-1741	left	UDP-alpha-D-galactose	C00052	9549262	66914
CPD-14553	UDPGLUCEPIM-RXN	PWY-3821	right	UDP-alpha-D-galactose	C00052	9549262	66914
CPD-14553	GALACTURIDYLYLTRANS-RXN	PWY-6317	right	UDP-alpha-D-galactose	C00052	9549262	66914
CPD-14553	UDPGLUCEPIM-RXN	PWY-7344	right	UDP-alpha-D-galactose	C00052	9549262	66914
CPD-14553	GALACTURIDYLYLTRANS-RXN	PWY-6527	right	UDP-alpha-D-galactose	C00052	9549262	66914
CPD-14553	RXN-12418	PWY-5936	left	UDP-alpha-D-galactose	C00052	9549262	66914
CPD-14553	UTPHEXPURIDYLYLTRANS-RXN	PWY-6527	right	UDP-alpha-D-galactose	C00052	9549262	66914
CPD-14553	UDPGLUCEPIM-RXN	PWY-6527	right	UDP-alpha-D-galactose	C00052	9549262	66914
CPD-14553	2.4.1.123-RXN	PWY-5337	left	UDP-alpha-D-galactose	C00052	9549262	66914
Xyloglucans-Galactose-3	RXN-9462	PWY-5936	right	an XXLG xylogulcan			
Xyloglucans-Galactose-3	RXN-12418	PWY-5936	left	an XXLG xylogulcan			
Xyloglucans-Galactose-23	RXN-9463	PWY-5936	left	an XLLG xylogulcan			
Xyloglucans-Galactose-23	RXN-12418	PWY-5936	right	an XLLG xylogulcan			
Xyloglucans-Xylose	RXN-12415	PWY-5936	right	an XXXG xylogulcan			
Xyloglucans-Xylose	RXN-9462	PWY-5936	left	an XXXG xylogulcan			
UDP-D-XYLOSE	UDP-ARABINOSE-4-EPIMERASE-RXN	PWY-63	right	UDP-alpha-D-xylose	C00190	16667349	57632
UDP-D-XYLOSE	RXN-9461	PWY-5936	left	UDP-alpha-D-xylose	C00190	16667349	57632
UDP-D-XYLOSE	RXN-9104	PWY-5800	left	UDP-alpha-D-xylose	C00190	16667349	57632
UDP-D-XYLOSE	RXN-12415	PWY-5936	left	UDP-alpha-D-xylose	C00190	16667349	57632
UDP-D-XYLOSE	RXN-9589	PWY-5980	left	UDP-alpha-D-xylose	C00190	16667349	57632
UDP-D-XYLOSE	UDP-GLUCURONATE-DECARBOXYLASE-RXN	PWY-4821	right	UDP-alpha-D-xylose	C00190	16667349	57632
GXGG-Xyloglucans	RXN-12415	PWY-5936	left	a GXGG xylogulcan			
GXGG-Xyloglucans	RXN-9461	PWY-5936	right	a GXGG xylogulcan			
XLFG-Xyloglucans	RXN-9463	PWY-5936	right	an XLFG xylogulcan			
GDP	RXN-5462	MANNOSYL-CHITO-DOLICHOL-BIOSYNTHESIS	right	GDP	C00035	135398618	58189
GDP	ADENYLOSUCCINATE-SYNTHASE-RXN	PWY-7219	right	GDP	C00035	135398618	58189
GDP	RXN-5463	MANNOSYL-CHITO-DOLICHOL-BIOSYNTHESIS	right	GDP	C00035	135398618	58189
GDP	2.4.1.83-RXN	MANNOSYL-CHITO-DOLICHOL-BIOSYNTHESIS	right	GDP	C00035	135398618	58189
GDP	GDPKIN-RXN	PWY-7221	left	GDP	C00035	135398618	58189
GDP	GUANYL-KIN-RXN	PWY-7221	right	GDP	C00035	135398618	58189
GDP	RXNQT-4141	PWY-882	right	GDP	C00035	135398618	58189
GDP	URKI-RXN	PWYQT-4445	right	GDP	C00035	135398618	58189
GDP	GDPREDUCT-RXN	PWY-7226	right	GDP	C00035	135398618	58189
GDP	RXN-5464	MANNOSYL-CHITO-DOLICHOL-BIOSYNTHESIS	right	GDP	C00035	135398618	58189
GDP	2.4.1.142-RXN	MANNOSYL-CHITO-DOLICHOL-BIOSYNTHESIS	right	GDP	C00035	135398618	58189
GDP	RXN-9463	PWY-5936	right	GDP	C00035	135398618	58189
CPD-13118	2.7.7.30-RXN	PWY-6	right	GDP-beta-L-fucose	C00325	135956775	57273
CPD-13118	FCLREDUCT-RXN	PWY-66	left	GDP-beta-L-fucose	C00325	135956775	57273
CPD-13118	RXN-9463	PWY-5936	left	GDP-beta-L-fucose	C00325	135956775	57273
ISOORIENTIN	RXN-9082	PWY-5793	left	isoorientin	C01821	49852298	58333
ISOORIENTIN	RXN-9081	PWY-8340	right	isoorientin	C01821	49852298	58333
5734-TETRAHYDROXYFLAVONE	RXN-7687	PWY-6787	right	luteolin	C01514	25201972	57545
5734-TETRAHYDROXYFLAVONE	RXN-7687	PWY-5060	right	luteolin	C01514	25201972	57545
5734-TETRAHYDROXYFLAVONE	RXN-7653	PWY-5060	right	luteolin	C01514	25201972	57545
5734-TETRAHYDROXYFLAVONE	RXN66-587	PWY-5060	right	luteolin	C01514	25201972	57545
5734-TETRAHYDROXYFLAVONE	RXN-9081	PWY-8340	left	luteolin	C01514	25201972	57545
CPD-15269	RXN-14424	PWY-7252	right	luteolinidin 5- O -beta-D-glucoside		90657490	
CPD-11945	RXN-14423	PWY-7252	right	luteolinidin	C08652	441701	6584
CPD-11945	RXN-14424	PWY-7252	left	luteolinidin	C08652	441701	6584
CPD-11941	RXN-14423	PWY-7252	left	luteoforol	C05907	440834	27686
CPD-11941	RXN-14422	PWY-7252	left	luteoforol	C05907	440834	27686
CPD-6994	RXN-7687	PWY-6787	left	(2S)-eriodictyol	C05631	90657147	28412
CPD-6994	RXN-7653	PWY-5060	left	(2S)-eriodictyol	C05631	90657147	28412
CPD-6994	RXN-7921	PWY-6787	left	(2S)-eriodictyol	C05631	90657147	28412
CPD-6994	RXN-7687	PWY-5060	left	(2S)-eriodictyol	C05631	90657147	28412
CPD-6994	RXN-14422	PWY-7252	right	(2S)-eriodictyol	C05631	90657147	28412
CPD-6994	RXN-7775	PWY-6787	left	(2S)-eriodictyol	C05631	90657147	28412
CPD-6994	RXN-7652	PWY-5060	right	(2S)-eriodictyol	C05631	90657147	28412
CPD-6994	RXN-7652	PWY-6787	right	(2S)-eriodictyol	C05631	90657147	28412
CPD-6994	RXN-7775	PWY1F-823	left	(2S)-eriodictyol	C05631	90657147	28412
CPD0-2040	RXN-22385	PWY-8259	right	arsenous acid		545	49900
CPD0-2040	TRANS-RXN0-551	PWY-8259	left	arsenous acid		545	49900
CPD0-2040	TRANS-RXN0-551	PWY-8259	right	arsenous acid		545	49900
CPD0-2040	RXN-22340	PWY-8259	left	arsenous acid		545	49900
CPD0-2040	RXN-22385	PWY-8259	left	arsenous acid		545	49900
CPD0-2040	RXN-982	PWY-8259	right	arsenous acid		545	49900
ARSENATE	RXN-982	PWY-8259	left	arsenate	C01478	233	48597
ARSENATE	TRANS-RXN0-550	PWY-8259	left	arsenate	C01478	233	48597
ARSENATE	TRANS-RXN0-550	PWY-8259	right	arsenate	C01478	233	48597
CPD-24347	RXN-22340	PWY-8259	left	phytochelatin 3			64745
CPD-24349	RXN-22340	PWY-8259	right	arsenic-phytochelatin 3			
CPD-24349	RXN-22341	PWY-8259	right	arsenic-phytochelatin 3			
CPD-24349	RXN-22341	PWY-8259	left	arsenic-phytochelatin 3			
tRNAs-with-queuine	QUEUOSINE-TRNA-RIBOSYLTRANSFERASE-RXN	PWY-8105	right	a queuosine in tRNA			
Guanine34-in-tRNAs	QUEUOSINE-TRNA-RIBOSYLTRANSFERASE-RXN	PWY-8105	left	a guanine 34 in tRNA			
GUANINE	GUANINE-DEAMINASE-RXN	PWY-6606	left	guanine	C00242	135398634	16235
GUANINE	GUANINE-DEAMINASE-RXN	PWY4LZ-81	left	guanine	C00242	135398634	16235
GUANINE	QUEUOSINE-TRNA-RIBOSYLTRANSFERASE-RXN	PWY-8105	right	guanine	C00242	135398634	16235
GUANINE	RXN0-366	PWY-6599	right	guanine	C00242	135398634	16235
GUANINE	GUANPRIBOSYLTRAN-RXN	PWY-6599	right	guanine	C00242	135398634	16235
GUANINE	RXN0-366	PWY-6606	right	guanine	C00242	135398634	16235
QUEUINE	QUEUOSINE-TRNA-RIBOSYLTRANSFERASE-RXN	PWY-8105	left	queuine	C01449	145865076	77674
ANTHRANILATE	ANTHRANSYN-RXN	TRPSYN-PWY	right	anthranilate	C00108	5459842	16567
ANTHRANILATE	RXN-15191	PWY-7430	right	anthranilate	C00108	5459842	16567
ANTHRANILATE	PRTRANS-RXN	TRPSYN-PWY	right	anthranilate	C00108	5459842	16567
CPD-16172	RXN-15188	PWY-7430	left	O-aminobenzaldehyde		68255	
CPD-16172	RXN-15187	PWY-7430	right	O-aminobenzaldehyde		68255	
CPD-16172	RXN-15191	PWY-7430	left	O-aminobenzaldehyde		68255	
CPD-248	INDOLE-23-DIOXYGENASE-RXN	PWY-7430	right	2-formylaminobenzaldehyde	C03574	400	18033
CPD-248	RXN-15187	PWY-7430	left	2-formylaminobenzaldehyde	C03574	400	18033
INDOLE	INDOLE-23-DIOXYGENASE-RXN	PWY-7430	left	indole	C00463	798	16881
INDOLE	RXN0-2381	TRPSYN-PWY	right	indole	C00463	798	16881
INDOLE	RXN0-2382	TRPSYN-PWY	left	indole	C00463	798	16881
INDOLE	RXN-6681	PWY-6949	left	indole	C00463	798	16881
INDOLE	RXN0-2381	PWY-6949	right	indole	C00463	798	16881
FORMATE	RXN0-724	PWY-7187	left	formate	C00058	283	15740
FORMATE	FORMATETHFLIG-RXN	PWY-3841	left	formate	C00058	283	15740
FORMATE	OCTADECANAL-DECARBONYLASE-RXN	PWY-6622	right	formate	C00058	283	15740
FORMATE	S-FORMYLGLUTATHIONE-HYDROLASE-RXN	PWY-1801	right	formate	C00058	283	15740
FORMATE	FORMYL-COA-HYDROLASE-RXN	PWY-7985	right	formate	C00058	283	15740
FORMATE	RXN-20438	PWY18C3-1	right	formate	C00058	283	15740
FORMATE	R147-RXN	PWY-4361	right	formate	C00058	283	15740
FORMATE	RXN-15187	PWY-7430	right	formate	C00058	283	15740
FORMATE	DIOHBUTANONEPSYN-RXN	RIBOSYN2-PWY	right	formate	C00058	283	15740
FORMATE	GTP-CYCLOHYDRO-II-RXN	RIBOSYN2-PWY	right	formate	C00058	283	15740
FORMATE	RXN0-723	PWY-7187	left	formate	C00058	283	15740
FORMATE	GTP-CYCLOHYDRO-I-RXN	PWY-3742	right	formate	C00058	283	15740
FORMATE	GTP-CYCLOHYDRO-I-RXN	PWY-6147	right	formate	C00058	283	15740
FORMATE	1.14.13.70-RXN	PWY-2541	right	formate	C00058	283	15740
FORMATE	1.2.1.2-RXN	PWY-7985	left	formate	C00058	283	15740
FORMATE	PYRIMSYN1-RXN	PWY-6890	right	formate	C00058	283	15740
FORMATE	FORMATETHFLIG-RXN	PWY-2161	left	formate	C00058	283	15740
FORMATE	FORMYLTHFDEFORMYL-RXN	PWY-7909	right	formate	C00058	283	15740
FORMATE	FORMATETHFLIG-RXN	PWY-3742	left	formate	C00058	283	15740
CPD-16173	RXN-15188	PWY-7430	right	anthranil		67498	51555
L-PHOSPHATIDATE	PHOSCHOL-RXN	LIPASYN-PWY	right	a phosphatidate	C00416		29089
L-PHOSPHATIDATE	PHOSCHOL-RXN	PWY-3561	right	a phosphatidate	C00416		29089
L-PHOSPHATIDATE	RXN-13336	PWY-7039	left	a phosphatidate	C00416		29089
L-PHOSPHATIDATE	PHOSCHOL-RXN	PWY-7039	right	a phosphatidate	C00416		29089
L-PHOSPHATIDATE	RXN-11277	PWY-7039	right	a phosphatidate	C00416		29089
L-PHOSPHATIDATE	RXN-12959	TRIGLSYN-PWY	right	a phosphatidate	C00416		29089
L-PHOSPHATIDATE	RXN-1623	PWY-5667	right	a phosphatidate	C00416		29089
L-PHOSPHATIDATE	RXN-1623	TRIGLSYN-PWY	right	a phosphatidate	C00416		29089
L-PHOSPHATIDATE	1-ACYLGLYCEROL-3-P-ACYLTRANSFER-RXN	PWY0-1319	right	a phosphatidate	C00416		29089
L-PHOSPHATIDATE	PHOSPHATIDATE-PHOSPHATASE-RXN	TRIGLSYN-PWY	left	a phosphatidate	C00416		29089
L-PHOSPHATIDATE	CDPDIGLYSYN-RXN	PWY-5667	left	a phosphatidate	C00416		29089
L-PHOSPHATIDATE	DIACYLGLYKIN-RXN	PWY-7039	right	a phosphatidate	C00416		29089
L-PHOSPHATIDATE	CDPDIGLYSYN-RXN	PWY0-1319	left	a phosphatidate	C00416		29089
CDP	RXN-12198	PWY-7185	left	CDP	C00112	20056867	58069
CDP	RXN-7683	PWY-5107	right	CDP	C00112	20056867	58069
CDP	RXN-12198	PWY-5687	left	CDP	C00112	20056867	58069
CDP	RXN-11625	PWY-6577	right	CDP	C00112	20056867	58069
CDP	RXN-11626	PWY-6577	right	CDP	C00112	20056867	58069
CDP	RXN-12959	TRIGLSYN-PWY	right	CDP	C00112	20056867	58069
CDP	CDPKIN-RXN	PWY-5687	left	CDP	C00112	20056867	58069
CDP	RXN-11832	PWY-7205	right	CDP	C00112	20056867	58069
CDP	RXN-11832	PWY-5687	right	CDP	C00112	20056867	58069
CDP	RXN-12195	PWY-7184	right	CDP	C00112	20056867	58069
CDP	CDPREDUCT-RXN	PWY-7184	right	CDP	C00112	20056867	58069
CDP	RXN-12195	PWY-5687	right	CDP	C00112	20056867	58069
CDP	CDPKIN-RXN	PWY-7205	left	CDP	C00112	20056867	58069
CDP	RXN-12195	PWY-7185	right	CDP	C00112	20056867	58069
Triacylglycerols	TRIACYLGLYCEROL-LIPASE-RXN	LIPAS-PWY	left	a triacyl- sn -glycerol			64615
Triacylglycerols	DIACYLGLYCEROL-O-ACYLTRANSFERASE-RXN	TRIGLSYN-PWY	right	a triacyl- sn -glycerol			64615
Triacylglycerols	RXN-12383	TRIGLSYN-PWY	right	a triacyl- sn -glycerol			64615
Triacylglycerols	RXN-1641	TRIGLSYN-PWY	right	a triacyl- sn -glycerol			64615
Triacylglycerols	RXN-1641	PWY-7416	right	a triacyl- sn -glycerol			64615
CPD-409	RXN-7952	LIPAS-PWY	left	a 2-acylglycerol	C02112		17389
CPD-409	RXN-1602	LIPAS-PWY	right	a 2-acylglycerol	C02112		17389
CPD-409	RXN-12383	TRIGLSYN-PWY	right	a 2-acylglycerol	C02112		17389
PHOSPHATIDYLCHOLINE	PHOSPHOLIPASE-C-RXN	LIPASYN-PWY	left	a phosphatidylcholine	C00157	24398047	16110
PHOSPHATIDYLCHOLINE	PHOSCHOL-RXN	PWY-3561	left	a phosphatidylcholine	C00157	24398047	16110
PHOSPHATIDYLCHOLINE	PHOSPHOLIPASE-A1-RXN	LIPASYN-PWY	left	a phosphatidylcholine	C00157	24398047	16110
PHOSPHATIDYLCHOLINE	PHOSCHOL-RXN	LIPASYN-PWY	left	a phosphatidylcholine	C00157	24398047	16110
PHOSPHATIDYLCHOLINE	RXN-5781	PWY4FS-2	right	a phosphatidylcholine	C00157	24398047	16110
PHOSPHATIDYLCHOLINE	PHOSPHOLIPASE-A2-RXN	PWY-6803	left	a phosphatidylcholine	C00157	24398047	16110
PHOSPHATIDYLCHOLINE	RXN-5781	PWY-3561	right	a phosphatidylcholine	C00157	24398047	16110
PHOSPHATIDYLCHOLINE	RXN-5781	PWY3O-450	right	a phosphatidylcholine	C00157	24398047	16110
PHOSPHATIDYLCHOLINE	RXN-1641	TRIGLSYN-PWY	left	a phosphatidylcholine	C00157	24398047	16110
PHOSPHATIDYLCHOLINE	2.3.1.23-RXN	PWY-6803	right	a phosphatidylcholine	C00157	24398047	16110
PHOSPHATIDYLCHOLINE	PHOSCHOL-RXN	PWY-7039	left	a phosphatidylcholine	C00157	24398047	16110
PHOSPHATIDYLCHOLINE	RXN4FS-2	PWY4FS-4	right	a phosphatidylcholine	C00157	24398047	16110
PHOSPHATIDYLCHOLINE	RXN4FS-2	PWY4FS-3	right	a phosphatidylcholine	C00157	24398047	16110
PHOSPHATIDYLCHOLINE	RXN-1641	PWY-7416	left	a phosphatidylcholine	C00157	24398047	16110
PHOSPHATIDYLCHOLINE	PHOSPHOLIPASE-A1-RXN	PWY-6803	left	a phosphatidylcholine	C00157	24398047	16110
PHOSPHATIDYLCHOLINE	PHOSPHOLIPASE-A2-RXN	LIPASYN-PWY	left	a phosphatidylcholine	C00157	24398047	16110
2-Lysophosphatidylcholines	RXN-1641	PWY-7416	right	a 2-lysophosphatidylcholine	C04230		17504
2-Lysophosphatidylcholines	PHOSPHOLIPASE-A2-RXN	LIPASYN-PWY	right	a 2-lysophosphatidylcholine	C04230		17504
2-Lysophosphatidylcholines	RXN-1641	TRIGLSYN-PWY	right	a 2-lysophosphatidylcholine	C04230		17504
2-Lysophosphatidylcholines	PHOSPHOLIPASE-A2-RXN	PWY-6803	right	a 2-lysophosphatidylcholine	C04230		17504
2-Lysophosphatidylcholines	2.3.1.23-RXN	PWY-6803	left	a 2-lysophosphatidylcholine	C04230		17504
ACYL-SN-GLYCEROL-3P	RXN-10462	PWY0-1319	right	a 2-lysophosphatidate	C00681		16975
ACYL-SN-GLYCEROL-3P	RXN-1381	TRIGLSYN-PWY	right	a 2-lysophosphatidate	C00681		16975
ACYL-SN-GLYCEROL-3P	RXN-1623	TRIGLSYN-PWY	left	a 2-lysophosphatidate	C00681		16975
ACYL-SN-GLYCEROL-3P	RXN-1381	PWY-5667	right	a 2-lysophosphatidate	C00681		16975
ACYL-SN-GLYCEROL-3P	1-ACYLGLYCEROL-3-P-ACYLTRANSFER-RXN	PWY0-1319	left	a 2-lysophosphatidate	C00681		16975
ACYL-SN-GLYCEROL-3P	RXN-1623	PWY-5667	left	a 2-lysophosphatidate	C00681		16975
ACYL-COA	RXN-7792	PWY-5129	left	an acyl-CoA	C00040		17984
ACYL-COA	RXN-1381	TRIGLSYN-PWY	left	an acyl-CoA	C00040		17984
ACYL-COA	RXN-1381	PWY-5667	left	an acyl-CoA	C00040		17984
ACYL-COA	DIACYLGLYCEROL-O-ACYLTRANSFERASE-RXN	TRIGLSYN-PWY	left	an acyl-CoA	C00040		17984
ACYL-COA	2.3.1.23-RXN	PWY-6803	left	an acyl-CoA	C00040		17984
ACYL-COA	RXN-1623	TRIGLSYN-PWY	left	an acyl-CoA	C00040		17984
ACYL-COA	RXN-1623	PWY-5667	left	an acyl-CoA	C00040		17984
GLYCEROL-3P	RXN-13734	PWY-1121	left	sn -glycerol 3-phosphate	C00093	7048686	57597
GLYCEROL-3P	RXN-1381	PWY-5667	left	sn -glycerol 3-phosphate	C00093	7048686	57597
GLYCEROL-3P	RXN-15745	PWY-6952	left	sn -glycerol 3-phosphate	C00093	7048686	57597
GLYCEROL-3P	RXN-10462	PWY0-1319	left	sn -glycerol 3-phosphate	C00093	7048686	57597
GLYCEROL-3P	PHOSPHAGLYPSYN-RXN	PWY4FS-7	left	sn -glycerol 3-phosphate	C00093	7048686	57597
GLYCEROL-3P	RXN-15745	PWY-4261	left	sn -glycerol 3-phosphate	C00093	7048686	57597
GLYCEROL-3P	PHOSPHAGLYPSYN-RXN	PWY4FS-8	left	sn -glycerol 3-phosphate	C00093	7048686	57597
GLYCEROL-3P	RXN-1381	TRIGLSYN-PWY	left	sn -glycerol 3-phosphate	C00093	7048686	57597
GLYCEROL-3P	PHOSPHAGLYPSYN-RXN	PWY-5269	left	sn -glycerol 3-phosphate	C00093	7048686	57597
GLYCEROL-3P	GLYC3PDEHYDROGBIOSYN-RXN	PWY-5667	left	sn -glycerol 3-phosphate	C00093	7048686	57597
GLYCEROL-3P	GLYCPDIESTER-RXN	PWY-6952	right	sn -glycerol 3-phosphate	C00093	7048686	57597
GLYCEROL-3P	GLYCEROL-KIN-RXN	PWY-4261	right	sn -glycerol 3-phosphate	C00093	7048686	57597
GLYCEROL-3P	RXN-15745	PWY-6118	left	sn -glycerol 3-phosphate	C00093	7048686	57597
GLYCEROL-3P	GLYC3PDEHYDROGBIOSYN-RXN	PWY0-1319	left	sn -glycerol 3-phosphate	C00093	7048686	57597
GLYCEROL-3P	1.1.1.8-RXN	PWY-6118	left	sn -glycerol 3-phosphate	C00093	7048686	57597
HYDROGEN-PEROXIDE	RXN-969	PWY-181	right	hydrogen peroxide	C00027	784	16240
HYDROGEN-PEROXIDE	RXN-12518	PWY-6837	right	hydrogen peroxide	C00027	784	16240
HYDROGEN-PEROXIDE	SULFITE-OXIDASE-RXN	PWY-5326	right	hydrogen peroxide	C00027	784	16240
HYDROGEN-PEROXIDE	CATAL-RXN	DETOX1-PWY-1	left	hydrogen peroxide	C00027	784	16240
HYDROGEN-PEROXIDE	1.2.3.14-RXN	PWY-695	right	hydrogen peroxide	C00027	784	16240
HYDROGEN-PEROXIDE	RXN-17352	PWY-5466	left	hydrogen peroxide	C00027	784	16240
HYDROGEN-PEROXIDE	CATAL-RXN	DETOX1-PWY	left	hydrogen peroxide	C00027	784	16240
HYDROGEN-PEROXIDE	RXN-11623	PWY-6577	right	hydrogen peroxide	C00027	784	16240
HYDROGEN-PEROXIDE	GLUTATHIONE-PEROXIDASE-RXN	PWY-4081	left	hydrogen peroxide	C00027	784	16240
HYDROGEN-PEROXIDE	L-ASPARTATE-OXID-RXN	PYRIDNUCSYN-PWY	right	hydrogen peroxide	C00027	784	16240
HYDROGEN-PEROXIDE	RXN-10747	PWY-6440	right	hydrogen peroxide	C00027	784	16240
HYDROGEN-PEROXIDE	SUPEROX-DISMUT-RXN	DETOX1-PWY-1	right	hydrogen peroxide	C00027	784	16240
HYDROGEN-PEROXIDE	RXN-6421	PWY-6440	right	hydrogen peroxide	C00027	784	16240
HYDROGEN-PEROXIDE	PMPOXI-RXN	PWY-7204	right	hydrogen peroxide	C00027	784	16240
HYDROGEN-PEROXIDE	RXN-6381	PWY-3981	right	hydrogen peroxide	C00027	784	16240
HYDROGEN-PEROXIDE	RXN-14240	PWY-7214	left	hydrogen peroxide	C00027	784	16240
HYDROGEN-PEROXIDE	RXN-10707	PWY-735	right	hydrogen peroxide	C00027	784	16240
HYDROGEN-PEROXIDE	PNPOXI-RXN	PWY-7204	right	hydrogen peroxide	C00027	784	16240
HYDROGEN-PEROXIDE	GLUTATHIONE-PEROXIDASE-RXN	DETOX1-PWY-1	left	hydrogen peroxide	C00027	784	16240
HYDROGEN-PEROXIDE	RXN-8699	PWY-5470	right	hydrogen peroxide	C00027	784	16240
HYDROGEN-PEROXIDE	URATE-OXIDASE-RXN	PWY-5691	right	hydrogen peroxide	C00027	784	16240
HYDROGEN-PEROXIDE	RXN-3521	PWY-2261	left	hydrogen peroxide	C00027	784	16240
HYDROGEN-PEROXIDE	PROTOPORGENOXI-RXN	CHLOROPHYLL-SYN	right	hydrogen peroxide	C00027	784	16240
HYDROGEN-PEROXIDE	RXN-12091	PWY-6117	right	hydrogen peroxide	C00027	784	16240
HYDROGEN-PEROXIDE	L-AMINO-ACID-OXIDASE-RXN	PWY4LZ-81	right	hydrogen peroxide	C00027	784	16240
HYDROGEN-PEROXIDE	RXN-7610	PWY4LZ-81	right	hydrogen peroxide	C00027	784	16240
HYDROGEN-PEROXIDE	RXN-9940	PWY-6117	right	hydrogen peroxide	C00027	784	16240
HYDROGEN-PEROXIDE	RXN-11026	PWY-5136	right	hydrogen peroxide	C00027	784	16240
HYDROGEN-PEROXIDE	RXN-8698	PWY-5470	right	hydrogen peroxide	C00027	784	16240
HYDROGEN-PEROXIDE	RXN-9015	PWY-6117	right	hydrogen peroxide	C00027	784	16240
HYDROGEN-PEROXIDE	RXN-12540	DETOX1-PWY-1	left	hydrogen peroxide	C00027	784	16240
HYDROGEN-PEROXIDE	RXN-12089	PWY-6441	right	hydrogen peroxide	C00027	784	16240
HYDROGEN-PEROXIDE	PROTOPORGENOXI-RXN	HEME-BIOSYNTHESIS-II	right	hydrogen peroxide	C00027	784	16240
HYDROGEN-PEROXIDE	RXN-10696	PWY-735	right	hydrogen peroxide	C00027	784	16240
HYDROGEN-PEROXIDE	RETICULINE-OXIDASE-RXN	PWY-5470	right	hydrogen peroxide	C00027	784	16240
HYDROGEN-PEROXIDE	RXN-9015	PWY-6441	right	hydrogen peroxide	C00027	784	16240
HYDROGEN-PEROXIDE	SUPEROX-DISMUT-RXN	DETOX1-PWY	right	hydrogen peroxide	C00027	784	16240
HYDROGEN-PEROXIDE	RXN-10706	PWY-735	right	hydrogen peroxide	C00027	784	16240
SUPER-OXIDE	SUPEROX-DISMUT-RXN	DETOX1-PWY-1	left	superoxide	C00704	5359597	18421
SUPER-OXIDE	SUPEROX-DISMUT-RXN	DETOX1-PWY	left	superoxide	C00704	5359597	18421
CPD-11529	RXN-10701	PWY-735	left	(+)-7- epi -jasmonoyl-CoA		126961028	
CPD-11529	RXN-10708	PWY-735	left	(+)-7- epi -jasmonoyl-CoA		126961028	
CPD-731	RXN-10708	PWY-735	right	(+)-7- epi -jasmonate	C16317	7251182	136179
CPD-731	RXN-745	PWY-735	left	(+)-7- epi -jasmonate	C16317	7251182	136179
CPD-11521	RXN-10699	PWY-735	left	3-oxo-2-(cis-2'-pentenyl)-cyclopentane-1-hexanoyl-CoA	C16331	126961015	138431
CPD-11521	RXN-10706	PWY-735	left	3-oxo-2-(cis-2'-pentenyl)-cyclopentane-1-hexanoyl-CoA	C16331	126961015	138431
CPD-11522	RXN-10706	PWY-735	right	3-oxo-2-(cis-2'-pentenyl)-cyclopentane-1-(E-hexa-2-enoyl)-CoA		126961166	
CPD-11522	RXN-10704	PWY-735	right	3-oxo-2-(cis-2'-pentenyl)-cyclopentane-1-(E-hexa-2-enoyl)-CoA		126961166	
CPD-11526	RXN-10707	PWY-735	right	3-oxo-2-(cis-2'-pentenyl)-cyclopentane-1-(E-buta-2-enoyl)-CoA		126961185	
CPD-11526	RXN-10705	PWY-735	right	3-oxo-2-(cis-2'-pentenyl)-cyclopentane-1-(E-buta-2-enoyl)-CoA		126961185	
CPD-11525	RXN-10707	PWY-735	left	3-oxo-2-(cis-2'-pentenyl)-cyclopentane-1-butanoyl-CoA	C16335	126961074	80456
CPD-11525	RXN-10700	PWY-735	left	3-oxo-2-(cis-2'-pentenyl)-cyclopentane-1-butanoyl-CoA	C16335	126961074	80456
CPD-11518	RXN-10696	PWY-735	right	3-oxo-2-(cis-2'-pentenyl)-cyclopentane-1-(E-octa-2-enoyl)-CoA		126961070	
CPD-11518	RXN-10697	PWY-735	right	3-oxo-2-(cis-2'-pentenyl)-cyclopentane-1-(E-octa-2-enoyl)-CoA		126961070	
CPD-11517	RXN-10695	PWY-735	right	3-oxo-2-(cis-2'-pentenyl)-cyclopentane-1-octanoyl-CoA		126961170	
CPD-11517	RXN-10696	PWY-735	left	3-oxo-2-(cis-2'-pentenyl)-cyclopentane-1-octanoyl-CoA		126961170	
CPD-11528	RXN-10703	PWY-735	right	3-oxo-2-(cis-2'-pentenyl)-cyclopentane-1-(3-oxobutanoyl)-CoA		126961198	
CPD-11528	RXN-10701	PWY-735	right	3-oxo-2-(cis-2'-pentenyl)-cyclopentane-1-(3-oxobutanoyl)-CoA		126961198	
CPD-11524	RXN-10702	PWY-735	right	3-oxo-2-(cis-2'-pentenyl)-cyclopentane-1-(3-oxohexanoyl)-CoA		126961124	
CPD-11524	RXN-10700	PWY-735	right	3-oxo-2-(cis-2'-pentenyl)-cyclopentane-1-(3-oxohexanoyl)-CoA		126961124	
CPD-11520	RXN-10699	PWY-735	right	3-oxo-2-(cis-2'-pentenyl)-cyclopentane-1-(3-oxooctanoyl)-CoA		126961059	
CPD-11520	RXN-10698	PWY-735	right	3-oxo-2-(cis-2'-pentenyl)-cyclopentane-1-(3-oxooctanoyl)-CoA		126961059	
CPD-11527	RXN-10705	PWY-735	left	3-oxo-2-(cis-2'-pentenyl)-cyclopentane-1-(3R-hydroxybutanoyl)-CoA		126961143	
CPD-11527	RXN-10703	PWY-735	left	3-oxo-2-(cis-2'-pentenyl)-cyclopentane-1-(3R-hydroxybutanoyl)-CoA		126961143	
CPD-11523	RXN-10702	PWY-735	left	3-oxo-2-(cis-2'-pentenyl)-cyclopentane-1-(3R-hydroxyhexanoyl)-CoA		126961082	
CPD-11523	RXN-10704	PWY-735	left	3-oxo-2-(cis-2'-pentenyl)-cyclopentane-1-(3R-hydroxyhexanoyl)-CoA		126961082	
CPD-11519	RXN-10697	PWY-735	left	3-oxo-2-(cis-2'-pentenyl)-cyclopentane-1-(3R-hydroxyoctanoyl)-CoA		126961152	
CPD-11519	RXN-10698	PWY-735	left	3-oxo-2-(cis-2'-pentenyl)-cyclopentane-1-(3R-hydroxyoctanoyl)-CoA		126961152	
CPD-730	RXN-10695	PWY-735	left	(9 S ,13 S ,15 Z )-12-oxo-10,11-dihydrophyto-15-enoate	C04780	126961123	191855
CPD-730	12-OXOPHYTODIENOATE-REDUCTASE-RXN	PWY-735	left	(9 S ,13 S ,15 Z )-12-oxo-10,11-dihydrophyto-15-enoate	C04780	126961123	191855
CPD-725	RXN-1345	PWY-5410	left	13( S )-HpOTre	C04785	45266757	58757
CPD-725	RXN-1321	PWY-735	right	13( S )-HpOTre	C04785	45266757	58757
CPD-725	RXN1F-19	PWY-735	left	13( S )-HpOTre	C04785	45266757	58757
CPD-725	RXN-1321	PWY-5410	right	13( S )-HpOTre	C04785	45266757	58757
LINOLENIC_ACID	RXN-12138	PWY-6710	left	alpha-linolenate	C06427	5461005	32387
LINOLENIC_ACID	RXN-1321	PWY-735	left	alpha-linolenate	C06427	5461005	32387
LINOLENIC_ACID	RXN-1321	PWY-5410	left	alpha-linolenate	C06427	5461005	32387
LINOLENIC_ACID	RXN-12137	PWY-6710	left	alpha-linolenate	C06427	5461005	32387
LINOLENIC_ACID	RXN-12139	PWY-6710	left	alpha-linolenate	C06427	5461005	32387
CPD-728	RXN1F-19	PWY-735	right	(9Z,13S,15Z)-12,13-epoxyoctadeca-9,11,15-trienoate	C04672	20843327	134055
CPD-728	ALLENE-OXIDE-CYCLASE-RXN	PWY-735	left	(9Z,13S,15Z)-12,13-epoxyoctadeca-9,11,15-trienoate	C04672	20843327	134055
CPD-729	ALLENE-OXIDE-CYCLASE-RXN	PWY-735	right	(9 S ,13 S,15 Z ) -12-oxophyto-10,15-dienoate	C01226	45266620	57411
CPD-729	12-OXOPHYTODIENOATE-REDUCTASE-RXN	PWY-735	right	(9 S ,13 S,15 Z ) -12-oxophyto-10,15-dienoate	C01226	45266620	57411
CPD-8165	RXN-8366	PWY-782	left	1-18:2-2-18:2-monogalactosyldiacylglycerol		90657255	90506
CPD-8165	RXN-8367	PWY-782	left	1-18:2-2-18:2-monogalactosyldiacylglycerol		90657255	90506
CPD-8167	RXN-8369	PWY-782	left	1-18:3-2-18:2-monogalactosyldiacylglycerol		90657614	
CPD-8167	RXN-8366	PWY-782	right	1-18:3-2-18:2-monogalactosyldiacylglycerol		90657614	
CPD-8168	RXN-8369	PWY-782	right	1-18:3-2-18:3-monogalactosyldiacylglycerol	C13871	21582567	34042
CPD-8168	RXN-8368	PWY-782	right	1-18:3-2-18:3-monogalactosyldiacylglycerol	C13871	21582567	34042
CPD-8166	RXN-8368	PWY-782	left	1-18:2-2-18:3-monogalactosyldiacylglycerol		91820296	
CPD-8166	RXN-8367	PWY-782	right	1-18:2-2-18:3-monogalactosyldiacylglycerol		91820296	
CPD-8163	RXN-8365	PWY-782	left	1-16:0-2-18:2-digalactosyldiacylglycerol		90659081	
CPD-8164	RXN-8365	PWY-782	right	1-16:0-2-18:3-digalactosyldiacylglycerol		90658137	
CPD-8161	RXN-8364	PWY-782	left	1-18:2-2-16:0-digalactosyldiacylglycerol		90658818	
CPD-8161	RXN-8363	PWY-782	right	1-18:2-2-16:0-digalactosyldiacylglycerol		90658818	
CPD-8162	RXN-8364	PWY-782	right	1-18:3-2-16:0-digalactosyldiacylglycerol		90657885	
CPD-8160	RXN-8363	PWY-782	left	1-18:1-2-16:0-digalactosyldiacylglycerol		90658365	
CPD-8081	RXN-8311	PWY-782	right	1-18:3-2-18:3-digalactosyldiacylglycerol		91820238	
CPD-8081	RXN-8314	PWY-782	right	1-18:3-2-18:3-digalactosyldiacylglycerol		91820238	
CPD-8083	RXN-8313	PWY-782	right	1-18:2-2-18:3-digalactosyldiacylglycerol		90658674	
CPD-8083	RXN-8314	PWY-782	left	1-18:2-2-18:3-digalactosyldiacylglycerol		90658674	
CPD-8082	RXN-8313	PWY-782	left	1-18:2-2-18:2-digalactosyldiacylglycerol		90657438	
CPD-8082	RXN-8310	PWY-782	left	1-18:2-2-18:2-digalactosyldiacylglycerol		90657438	
CPD-8084	RXN-8310	PWY-782	right	1-18:3-2-18:2-digalactosyldiacylglycerol		91820552	
CPD-8084	RXN-8311	PWY-782	left	1-18:3-2-18:2-digalactosyldiacylglycerol		91820552	
CPD-8080	RXN-8300	PWY-782	right	1-18:2-2-16:3-monogalactosyldiacylglycerol		90657314	
CPD-8080	RXN-8301	PWY-782	left	1-18:2-2-16:3-monogalactosyldiacylglycerol		90657314	
CPD-8080	RXN-8306	PWY-782	right	1-18:2-2-16:3-monogalactosyldiacylglycerol		90657314	
CPD-2189	RXN-8305	PWY-782	right	1-18:2-2-16:2-monogalactosyldiacylglycerol		86290020	83006
CPD-2189	RXN-8298	PWY-782	right	1-18:2-2-16:2-monogalactosyldiacylglycerol		86290020	83006
CPD-2189	RXN-8306	PWY-782	left	1-18:2-2-16:2-monogalactosyldiacylglycerol		86290020	83006
CPD-2189	RXN-8299	PWY-782	left	1-18:2-2-16:2-monogalactosyldiacylglycerol		86290020	83006
CPD-8075	RXN-8305	PWY-782	left	1-18:2-2-16:1-monogalactosyldiacylglycerol		91820596	
CPD-8075	RXN-8296	PWY-782	right	1-18:2-2-16:1-monogalactosyldiacylglycerol		91820596	
CPD-8075	RXN-8297	PWY-782	left	1-18:2-2-16:1-monogalactosyldiacylglycerol		91820596	
CPD-8075	RXN-8304	PWY-782	right	1-18:2-2-16:1-monogalactosyldiacylglycerol		91820596	
CPD-8073	RXN-8295	PWY-782	left	1-18:2-2-16:0-monogalactosyldiacylglycerol		44593355	
CPD-8073	RXN-8304	PWY-782	left	1-18:2-2-16:0-monogalactosyldiacylglycerol		44593355	
CPD-8073	RXN-8294	PWY-782	right	1-18:2-2-16:0-monogalactosyldiacylglycerol		44593355	
CPD-2190	RXN-8301	PWY-782	right	1-18:3-2-16:3-monogalactosyldiacylglycerol		90659307	90552
CPD-2190	RXN-8309	PWY-782	right	1-18:3-2-16:3-monogalactosyldiacylglycerol		90659307	90552
CPD-8078	RXN-8308	PWY-782	right	1-18:3-2-16:2-monogalactosyldiacylglycerol		90658670	
CPD-8078	RXN-8299	PWY-782	right	1-18:3-2-16:2-monogalactosyldiacylglycerol		90658670	
CPD-8078	RXN-8309	PWY-782	left	1-18:3-2-16:2-monogalactosyldiacylglycerol		90658670	
CPD-8076	RXN-8307	PWY-782	right	1-18:3-2-16:1-monogalactosyldiacylglycerol		90658391	
CPD-8076	RXN-8308	PWY-782	left	1-18:3-2-16:1-monogalactosyldiacylglycerol		90658391	
CPD-8076	RXN-8297	PWY-782	right	1-18:3-2-16:1-monogalactosyldiacylglycerol		90658391	
CPD-8074	RXN-8307	PWY-782	left	1-18:3-2-16:0-monogalactosyldiacylglycerol		6475758	
CPD-8074	RXN-8295	PWY-782	right	1-18:3-2-16:0-monogalactosyldiacylglycerol		6475758	
CPD-8077	RXN-8303	PWY-782	left	1-18:1-2-16:2-monogalactosyldiacylglycerol		90657511	
CPD-8077	RXN-8302	PWY-782	right	1-18:1-2-16:2-monogalactosyldiacylglycerol		90657511	
CPD-8077	RXN-8298	PWY-782	left	1-18:1-2-16:2-monogalactosyldiacylglycerol		90657511	
CPD-8079	RXN-8300	PWY-782	left	1-18:1-2-16:3-monogalactosyldiacylglycerol		90657729	136794
CPD-8079	RXN-8303	PWY-782	right	1-18:1-2-16:3-monogalactosyldiacylglycerol		90657729	136794
CPD-2188	RXN-8302	PWY-782	left	1-18:1-2-16:1-monogalactosyldiacylglycerol		90658678	191330
CPD-2188	RXN-1728	PWY-782	right	1-18:1-2-16:1-monogalactosyldiacylglycerol		90658678	191330
CPD-2188	RXN-8296	PWY-782	left	1-18:1-2-16:1-monogalactosyldiacylglycerol		90658678	191330
CPD-2187	RXN-8294	PWY-782	left	1-18:1-2-16:0-monogalactosyldiacylglycerol		44593354	90507
CPD-2187	RXN-1728	PWY-782	left	1-18:1-2-16:0-monogalactosyldiacylglycerol		44593354	90507
Ubiquinones	SUCCINATE-DEHYDROGENASE-UBIQUINONE-RXN	PWYQT-4481	left	a ubiquinone	C00399		16389
Ubiquinones	NADH-DEHYDROG-A-RXN	PWY-3781	left	a ubiquinone	C00399		16389
Ubiquinones	SUCCINATE-DEHYDROGENASE-UBIQUINONE-RXN	PWY-3781	left	a ubiquinone	C00399		16389
Ubiquinones	NADH-DEHYDROG-A-RXN	PWY-5083	left	a ubiquinone	C00399		16389
Ubiquinones	1.10.2.2-RXN	PWY-3781	right	a ubiquinone	C00399		16389
Ubiquinones	SUCCINATE-DEHYDROGENASE-UBIQUINONE-RXN	PWY-4302	left	a ubiquinone	C00399		16389
Ubiquinones	RXN-6883	PWY-4302	right	a ubiquinone	C00399		16389
Ubiquinones	RXN0-6373	GLUCOSE1PMETAB-PWY	left	a ubiquinone	C00399		16389
Ubiquinones	NADH-DEHYDROG-A-RXN	PWY-4302	left	a ubiquinone	C00399		16389
Ubiquinols	1.10.2.2-RXN	PWY-3781	left	a ubiquinol	C00390		17976
Ubiquinols	RXN0-6373	GLUCOSE1PMETAB-PWY	right	a ubiquinol	C00390		17976
Ubiquinols	NADH-DEHYDROG-A-RXN	PWY-3781	right	a ubiquinol	C00390		17976
Ubiquinols	SUCCINATE-DEHYDROGENASE-UBIQUINONE-RXN	PWY-4302	right	a ubiquinol	C00390		17976
Ubiquinols	RXN-6883	PWY-4302	left	a ubiquinol	C00390		17976
Ubiquinols	SUCCINATE-DEHYDROGENASE-UBIQUINONE-RXN	PWYQT-4481	right	a ubiquinol	C00390		17976
Ubiquinols	NADH-DEHYDROG-A-RXN	PWY-4302	right	a ubiquinol	C00390		17976
Ubiquinols	SUCCINATE-DEHYDROGENASE-UBIQUINONE-RXN	PWY-3781	right	a ubiquinol	C00390		17976
Ubiquinols	NADH-DEHYDROG-A-RXN	PWY-5083	right	a ubiquinol	C00390		17976
4-P-PANTOTHENATE	PANTOTHENATE-KIN-RXN	PANTO-PWY	right	( R )-4'-phosphopantothenate	C03492	16755653	10986
4-P-PANTOTHENATE	RXN66-555	PWY-7851	left	( R )-4'-phosphopantothenate	C03492	16755653	10986
4-P-PANTOTHENATE	P-PANTOCYSLIG-RXN	COA-PWY	left	( R )-4'-phosphopantothenate	C03492	16755653	10986
PANTOTHENATE	PANTOTHENATE-KIN-RXN	PANTO-PWY	left	( R )-pantothenate	C00864	167945	29032
PANTOTHENATE	PANTOATE-BETA-ALANINE-LIG-RXN	PANTO-PWY	right	( R )-pantothenate	C00864	167945	29032
THF-GLU-N	GART-RXN	PWY-6613	right	a tetrahydrofolate	C03541	25202940	28624
THF-GLU-N	GLYOHMETRANS-RXN	PWY-2161	right	a tetrahydrofolate	C03541	25202940	28624
THF-GLU-N	GLYOHMETRANS-RXN	GLYSYN2-PWY	right	a tetrahydrofolate	C03541	25202940	28624
THF-GLU-N	FOLYLPOLYGLUTAMATESYNTH-RXN	PWY-3742	left	a tetrahydrofolate	C03541	25202940	28624
THF-GLU-N	GLYOHMETRANS-RXN	PWY-3841	right	a tetrahydrofolate	C03541	25202940	28624
THF-GLU-N	GCVMULTI-RXN	PWY-181	left	a tetrahydrofolate	C03541	25202940	28624
THF-GLU-N	GCVT-RXN	GLYCLEAV-PWY	left	a tetrahydrofolate	C03541	25202940	28624
THF-GLU-N	GLYOHMETRANS-RXN	PWY-181	right	a tetrahydrofolate	C03541	25202940	28624
THF-GLU-N	GLYOHMETRANS-RXN	PWY66-385	right	a tetrahydrofolate	C03541	25202940	28624
THF-GLU-N	FOLYLPOLYGLUTAMATESYNTH-RXN	PWY-2161	left	a tetrahydrofolate	C03541	25202940	28624
THF-GLU-N	FORMYLTHFDEFORMYL-RXN	PWY-7909	right	a tetrahydrofolate	C03541	25202940	28624
THF-GLU-N	GCVMULTI-RXN	PWY0-1608	left	a tetrahydrofolate	C03541	25202940	28624
THF-GLU-N	DIHYDROFOLATEREDUCT-RXN	PWY-3742	left	a tetrahydrofolate	C03541	25202940	28624
THF-GLU-N	HOMOCYSMETB12-RXN	PWY-3841	right	a tetrahydrofolate	C03541	25202940	28624
THF-GLU-N	FOLYLPOLYGLUTAMATESYNTH-RXN	PWY-2161	right	a tetrahydrofolate	C03541	25202940	28624
THF-GLU-N	GLYOHMETRANS-RXN	PWY0-1608	right	a tetrahydrofolate	C03541	25202940	28624
THF-GLU-N	FORMATETHFLIG-RXN	PWY-3742	left	a tetrahydrofolate	C03541	25202940	28624
THF-GLU-N	AICARTRANSFORM-RXN	PWY-6124	right	a tetrahydrofolate	C03541	25202940	28624
THF-GLU-N	DIHYDROFOLATEREDUCT-RXN	PWY-3841	left	a tetrahydrofolate	C03541	25202940	28624
THF-GLU-N	FORMATETHFLIG-RXN	PWY-2161	left	a tetrahydrofolate	C03541	25202940	28624
THF-GLU-N	GART-RXN	PWY-6121	right	a tetrahydrofolate	C03541	25202940	28624
THF-GLU-N	GCVMULTI-RXN	PWY-3841	left	a tetrahydrofolate	C03541	25202940	28624
THF-GLU-N	FORMATETHFLIG-RXN	PWY-3841	left	a tetrahydrofolate	C03541	25202940	28624
THF-GLU-N	FOLYLPOLYGLUTAMATESYNTH-RXN	PWY-3742	right	a tetrahydrofolate	C03541	25202940	28624
THF-GLU-N	RXN-2881	PWY-7909	left	a tetrahydrofolate	C03541	25202940	28624
THF-GLU-N	3-CH3-2-OXOBUTANOATE-OH-CH3-XFER-RXN	PANTO-PWY	right	a tetrahydrofolate	C03541	25202940	28624
THF-GLU-N	DIHYDROFOLATEREDUCT-RXN	PWY66-385	left	a tetrahydrofolate	C03541	25202940	28624
2-KETO-ISOVALERATE	1.2.4.4-RXN	PWY-5046	left	3-methyl-2-oxobutanoate	C00141	5204641	11851
2-KETO-ISOVALERATE	BRANCHED-CHAINAMINOTRANSFERVAL-RXN	VALSYN-PWY	right	3-methyl-2-oxobutanoate	C00141	5204641	11851
2-KETO-ISOVALERATE	BRANCHED-CHAINAMINOTRANSFERVAL-RXN	VALDEG-PWY	right	3-methyl-2-oxobutanoate	C00141	5204641	11851
2-KETO-ISOVALERATE	DIHYDROXYISOVALDEHYDRAT-RXN	VALSYN-PWY	right	3-methyl-2-oxobutanoate	C00141	5204641	11851
2-KETO-ISOVALERATE	1.2.1.25-RXN	VALDEG-PWY	left	3-methyl-2-oxobutanoate	C00141	5204641	11851
2-KETO-ISOVALERATE	2-ISOPROPYLMALATESYN-RXN	LEUSYN-PWY	left	3-methyl-2-oxobutanoate	C00141	5204641	11851
2-KETO-ISOVALERATE	3-CH3-2-OXOBUTANOATE-OH-CH3-XFER-RXN	PANTO-PWY	left	3-methyl-2-oxobutanoate	C00141	5204641	11851
METHYLENE-THF-GLU-N	RXN0-2921	PWY-2161	left	a 5,10-methylenetetrahydrofolate			
METHYLENE-THF-GLU-N	GLYOHMETRANS-RXN	PWY-3841	left	a 5,10-methylenetetrahydrofolate			
METHYLENE-THF-GLU-N	THYMIDYLATESYN-RXN	PWY-7187	left	a 5,10-methylenetetrahydrofolate			
METHYLENE-THF-GLU-N	RXN-22438	PWY-3841	right	a 5,10-methylenetetrahydrofolate			
METHYLENE-THF-GLU-N	GCVMULTI-RXN	PWY0-1608	right	a 5,10-methylenetetrahydrofolate			
METHYLENE-THF-GLU-N	GCVMULTI-RXN	PWY-181	right	a 5,10-methylenetetrahydrofolate			
METHYLENE-THF-GLU-N	GLYOHMETRANS-RXN	GLYSYN2-PWY	left	a 5,10-methylenetetrahydrofolate			
METHYLENE-THF-GLU-N	GLYOHMETRANS-RXN	PWY-2161	left	a 5,10-methylenetetrahydrofolate			
METHYLENE-THF-GLU-N	THYMIDYLATESYN-RXN	PWY-3841	left	a 5,10-methylenetetrahydrofolate			
METHYLENE-THF-GLU-N	GCVT-RXN	GLYCLEAV-PWY	right	a 5,10-methylenetetrahydrofolate			
METHYLENE-THF-GLU-N	GCVMULTI-RXN	PWY-3841	right	a 5,10-methylenetetrahydrofolate			
METHYLENE-THF-GLU-N	RXN0-2921	PWY-2161	right	a 5,10-methylenetetrahydrofolate			
METHYLENE-THF-GLU-N	3-CH3-2-OXOBUTANOATE-OH-CH3-XFER-RXN	PANTO-PWY	left	a 5,10-methylenetetrahydrofolate			
METHYLENE-THF-GLU-N	THYMIDYLATESYN-RXN	PWY66-385	left	a 5,10-methylenetetrahydrofolate			
METHYLENE-THF-GLU-N	METHYLENETHFDEHYDROG-NADP-RXN	PWY-3841	left	a 5,10-methylenetetrahydrofolate			
METHYLENE-THF-GLU-N	METHYLENETHFDEHYDROG-NADP-RXN	PWY-7909	left	a 5,10-methylenetetrahydrofolate			
METHYLENE-THF-GLU-N	THYMIDYLATESYN-RXN	PWY-7199	left	a 5,10-methylenetetrahydrofolate			
METHYLENE-THF-GLU-N	GLYOHMETRANS-RXN	PWY66-385	left	a 5,10-methylenetetrahydrofolate			
METHYLENE-THF-GLU-N	THYMIDYLATESYN-RXN	PWY-7184	left	a 5,10-methylenetetrahydrofolate			
METHYLENE-THF-GLU-N	RXN-2881	PWY-7909	right	a 5,10-methylenetetrahydrofolate			
METHYLENE-THF-GLU-N	GLYOHMETRANS-RXN	PWY0-1608	left	a 5,10-methylenetetrahydrofolate			
METHYLENE-THF-GLU-N	GLYOHMETRANS-RXN	PWY-181	left	a 5,10-methylenetetrahydrofolate			
2-DEHYDROPANTOATE	3-CH3-2-OXOBUTANOATE-OH-CH3-XFER-RXN	PANTO-PWY	right	2-dehydropantoate	C00966	16755619	11561
2-DEHYDROPANTOATE	2-DEHYDROPANTOATE-REDUCT-RXN	PANTO-PWY	right	2-dehydropantoate	C00966	16755619	11561
L-PANTOATE	PANTOATE-BETA-ALANINE-LIG-RXN	PANTO-PWY	left	(R)-pantoate	C00522	5289105	15980
L-PANTOATE	2-DEHYDROPANTOATE-REDUCT-RXN	PANTO-PWY	left	(R)-pantoate	C00522	5289105	15980
B-ALANINE	RXN-6382	PWY-3981	right	beta-alanine	C00099	4755801	57966
B-ALANINE	2.6.1.18-RXN	PWY-3941	right	beta-alanine	C00099	4755801	57966
B-ALANINE	PANTOATE-BETA-ALANINE-LIG-RXN	PANTO-PWY	left	beta-alanine	C00099	4755801	57966
B-ALANINE	BETA-UREIDOPROPIONASE-RXN	PWY-3982	right	beta-alanine	C00099	4755801	57966
CPD-6124	RXN-6423	PWY-6440	right	1-pyrroline	C15668	11966285	36781
4-AMINO-BUTYRALDEHYDE	RXN-10747	PWY-6440	right	4-aminobutanal	C00555	25245200	58264
4-AMINO-BUTYRALDEHYDE	RXN-6423	PWY-6440	left	4-aminobutanal	C00555	25245200	58264
CPD-313	RXN-13415	PWY-5905	right	propane-1,3-diamine	C00986	4030255	70977
CPD-313	RXN-6421	PWY-6440	right	propane-1,3-diamine	C00986	4030255	70977
CPD-313	RXN-10747	PWY-6440	right	propane-1,3-diamine	C00986	4030255	70977
CPD-313	RXN-6381	PWY-3981	left	propane-1,3-diamine	C00986	4030255	70977
SPERMIDINE	RXN-13414	PWY-5905	left	spermidine	C00315	6992097	57834
SPERMIDINE	SPERMACTRAN-RXN	PWY-6117	left	spermidine	C00315	6992097	57834
SPERMIDINE	SPERMINE-SYNTHASE-RXN	POLYAMINSYN3-PWY	left	spermidine	C00315	6992097	57834
SPERMIDINE	SPERMIDINESYN-RXN	BSUBPOLYAMSYN-PWY	right	spermidine	C00315	6992097	57834
SPERMIDINE	SPERMINE-SYNTHASE-RXN	ARGSPECAT-PWY	left	spermidine	C00315	6992097	57834
SPERMIDINE	RXN-9940	PWY-6117	right	spermidine	C00315	6992097	57834
SPERMIDINE	RXN-10747	PWY-6440	left	spermidine	C00315	6992097	57834
SPERMIDINE	RXN-9015	PWY-6117	right	spermidine	C00315	6992097	57834
SPERMIDINE	RXN-12089	PWY-6441	left	spermidine	C00315	6992097	57834
SPERMIDINE	RXN-9015	PWY-6441	right	spermidine	C00315	6992097	57834
CPD-6122	RXN-6425	PWY-6440	right	1,5-diazabicyclononane		25203381	73949
CPD-6123	RXN-6424	PWY-6440	right	1-(3-aminopropyl)-pyrrolinium		25202014	18961
CPD-6123	RXN-6425	PWY-6440	left	1-(3-aminopropyl)-pyrrolinium		25202014	18961
CPD-6121	RXN-6421	PWY-6440	right	N -(3-aminopropyl)-4-aminobutanal		25203056	58869
CPD-6121	RXN-6424	PWY-6440	left	N -(3-aminopropyl)-4-aminobutanal		25203056	58869
SPERMINE	RXN-9015	PWY-6441	left	spermine	C00750	446718	45725
SPERMINE	RXN-9015	PWY-6117	left	spermine	C00750	446718	45725
SPERMINE	SPERMINE-SYNTHASE-RXN	ARGSPECAT-PWY	right	spermine	C00750	446718	45725
SPERMINE	SPERMINE-SYNTHASE-RXN	POLYAMINSYN3-PWY	right	spermine	C00750	446718	45725
SPERMINE	RXN-6421	PWY-6440	left	spermine	C00750	446718	45725
SPERMINE	RXN-9939	PWY-6117	left	spermine	C00750	446718	45725
CPD-13811	RXN-6685	PWY-6950	left	DIBOA-beta-D-glucoside	C15772	5316752	80091
CPD-13811	RXN-7021	PWY-6949	right	DIBOA-beta-D-glucoside	C15772	5316752	80091
CPD-6365	RXN-7021	PWY-6949	left	DIBOA	C15770	25203008	63558
CPD-6365	RXN-6684	PWY-6949	right	DIBOA	C15770	25203008	63558
INDOLE-3-GLYCEROL-P	IGPSYN-RXN	TRPSYN-PWY	right	(1 S ,2 R )-1-C-(indol-3-yl)glycerol 3-phosphate	C03506	46878464	58866
INDOLE-3-GLYCEROL-P	RXN0-2381	PWY-6949	left	(1 S ,2 R )-1-C-(indol-3-yl)glycerol 3-phosphate	C03506	46878464	58866
INDOLE-3-GLYCEROL-P	RXN0-2381	TRPSYN-PWY	left	(1 S ,2 R )-1-C-(indol-3-yl)glycerol 3-phosphate	C03506	46878464	58866
GAP	GAPOXNPHOSPHN-RXN	SUCSYN-PWY	left	D-glyceraldehyde 3-phosphate	C00118	24794350	59776
GAP	GAPOXNPHOSPHN-RXN	PWY-5484	left	D-glyceraldehyde 3-phosphate	C00118	24794350	59776
GAP	GAPOXNPHOSPHN-RXN	GLUCONEO-PWY	left	D-glyceraldehyde 3-phosphate	C00118	24794350	59776
GAP	TRIOSEPISOMERIZATION-RXN	PWY-1042	left	D-glyceraldehyde 3-phosphate	C00118	24794350	59776
GAP	DXS-RXN	NONMEVIPP-PWY	left	D-glyceraldehyde 3-phosphate	C00118	24794350	59776
GAP	2TRANSKETO-RXN	PWY-5723	right	D-glyceraldehyde 3-phosphate	C00118	24794350	59776
GAP	F16ALDOLASE-RXN	CALVIN-PWY	right	D-glyceraldehyde 3-phosphate	C00118	24794350	59776
GAP	1.2.1.9-RXN	PWY-1042	left	D-glyceraldehyde 3-phosphate	C00118	24794350	59776
GAP	F16ALDOLASE-RXN	GLYCOLYSIS	right	D-glyceraldehyde 3-phosphate	C00118	24794350	59776
GAP	TRIOSEPISOMERIZATION-RXN	GLYCOLYSIS	left	D-glyceraldehyde 3-phosphate	C00118	24794350	59776
GAP	1.2.1.13-RXN	CALVIN-PWY	left	D-glyceraldehyde 3-phosphate	C00118	24794350	59776
GAP	TRIOSEPISOMERIZATION-RXN	GLUCONEO-PWY	left	D-glyceraldehyde 3-phosphate	C00118	24794350	59776
GAP	1TRANSKETO-RXN	PWY-5723	left	D-glyceraldehyde 3-phosphate	C00118	24794350	59776
GAP	2TRANSKETO-RXN	NONOXIPENT-PWY	right	D-glyceraldehyde 3-phosphate	C00118	24794350	59776
GAP	TRANSALDOL-RXN	NONOXIPENT-PWY	left	D-glyceraldehyde 3-phosphate	C00118	24794350	59776
GAP	F16ALDOLASE-RXN	PWY-5484	right	D-glyceraldehyde 3-phosphate	C00118	24794350	59776
GAP	RXN0-2381	TRPSYN-PWY	right	D-glyceraldehyde 3-phosphate	C00118	24794350	59776
GAP	RXN0-2381	PWY-6949	right	D-glyceraldehyde 3-phosphate	C00118	24794350	59776
GAP	GAPOXNPHOSPHN-RXN	GLYCOLYSIS	left	D-glyceraldehyde 3-phosphate	C00118	24794350	59776
GAP	F16ALDOLASE-RXN	GLUCONEO-PWY	right	D-glyceraldehyde 3-phosphate	C00118	24794350	59776
GAP	F16ALDOLASE-RXN	SUCSYN-PWY	right	D-glyceraldehyde 3-phosphate	C00118	24794350	59776
GAP	1TRANSKETO-RXN	NONOXIPENT-PWY	left	D-glyceraldehyde 3-phosphate	C00118	24794350	59776
GAP	2TRANSKETO-RXN	CALVIN-PWY	right	D-glyceraldehyde 3-phosphate	C00118	24794350	59776
GAP	GAPOXNPHOSPHN-RXN	PWY-1042	left	D-glyceraldehyde 3-phosphate	C00118	24794350	59776
GAP	DXS-RXN	PWY-7560	left	D-glyceraldehyde 3-phosphate	C00118	24794350	59776
GAP	TRANSALDOL-RXN	PWY-5723	left	D-glyceraldehyde 3-phosphate	C00118	24794350	59776
GAP	TRIOSEPISOMERIZATION-RXN	PWY-5484	left	D-glyceraldehyde 3-phosphate	C00118	24794350	59776
GAP	TRIOSEPISOMERIZATION-RXN	CALVIN-PWY	left	D-glyceraldehyde 3-phosphate	C00118	24794350	59776
GAP	1TRANSKETO-RXN	CALVIN-PWY	left	D-glyceraldehyde 3-phosphate	C00118	24794350	59776
GAP	RXN-11322	PWY-6466	left	D-glyceraldehyde 3-phosphate	C00118	24794350	59776
GAP	F16ALDOLASE-RXN	PWY-1042	right	D-glyceraldehyde 3-phosphate	C00118	24794350	59776
CPD-6364	RXN-6683	PWY-6949	right	HBOA	C15769	322636	63559
CPD-6364	RXN-6684	PWY-6949	left	HBOA	C15769	322636	63559
CPD-6362	RXN-6683	PWY-6949	left	3-hydroxyindolin-2-one	C11130	6097	28536
CPD-6362	RXN-6682	PWY-6949	right	3-hydroxyindolin-2-one	C11130	6097	28536
CPD-6361	RXN-6682	PWY-6949	left	indolin-2-one	C12312	321710	31697
CPD-6361	RXN-6681	PWY-6949	right	indolin-2-one	C12312	321710	31697
CPD-14505	RXN-13521	PWY-7071	right	rubusoside		24721373	145021
CPD-14505	RXN-13512	PWY-7071	right	rubusoside		24721373	145021
CPD-14505	RXN-13515	PWY-7071	left	rubusoside		24721373	145021
CPD-14508	RXN-13521	PWY-7071	left	19- O -beta-glucopyranosyl-steviol		152758	
CPD-14508	RXN-13520	PWY-7071	right	19- O -beta-glucopyranosyl-steviol		152758	
CPD-14501	RXN-13520	PWY-7071	left	steviol	C20212	40619124	145011
CPD-14501	RXN-13511	PWY-7071	left	steviol	C20212	40619124	145011
CPD-14501	RXN-13510	PWY-7070	right	steviol	C20212	40619124	145011
CPD-14507	RXN-13516	PWY-7071	right	rebaudioside B		139036282	145013
CPD-14507	RXN-13518	PWY-7071	left	rebaudioside B		139036282	145013
CPD-14506	RXN-13518	PWY-7071	right	rebaudioside A		6918840	145012
CPD-14506	RXN-13517	PWY-7071	right	rebaudioside A		6918840	145012
CPD-14504	RXN-13514	PWY-7071	right	stevioside	C09189	442089	9271
CPD-14504	RXN-13517	PWY-7071	left	stevioside	C09189	442089	9271
CPD-14504	RXN-13515	PWY-7071	right	stevioside	C09189	442089	9271
CPD-14503	RXN-13513	PWY-7071	right	steviolbioside		139036281	145009
CPD-14503	RXN-13514	PWY-7071	left	steviolbioside		139036281	145009
CPD-14503	RXN-13516	PWY-7071	left	steviolbioside		139036281	145009
CPD-14502	RXN-13512	PWY-7071	left	steviolmonoside		135398034	145010
CPD-14502	RXN-13511	PWY-7071	right	steviolmonoside		135398034	145010
CPD-14502	RXN-13513	PWY-7071	left	steviolmonoside		135398034	145010
Saturated-Fatty-Acyl-CoA	THIOESTER-RXN	PWY-5148	left	a 2,3,4-saturated fatty acyl CoA			
Saturated-Fatty-Acyl-CoA	ACYLCOASYN-RXN	PWY-5136	right	a 2,3,4-saturated fatty acyl CoA			
Saturated-Fatty-Acyl-CoA	RXN-11026	PWY-5136	left	a 2,3,4-saturated fatty acyl CoA			
Saturated-Fatty-Acyl-CoA	KETOACYLCOATHIOL-RXN	PWY-5136	left	a 2,3,4-saturated fatty acyl CoA			
CPD66-39	THIOESTER-RXN	PWY-5148	right	a 2,3,4-saturated fatty acid			71627
CPD66-39	ACYLCOASYN-RXN	PWY-5136	left	a 2,3,4-saturated fatty acid			71627
Glucopyranose	RXN-15372	PWY-7464	right	D-glucopyranose	C00031		4167
Glucopyranose	TRANS-RXN-157	GLYCOLYSIS	left	D-glucopyranose	C00031		4167
Glucopyranose	RXN-15374	PWY-7464	right	D-glucopyranose	C00031		4167
Glucopyranose	RXN-15910	PWY-842	right	D-glucopyranose	C00031		4167
Glucopyranose	RXN-15352	PWY-7458	right	D-glucopyranose	C00031		4167
Glucopyranose	3.2.1.48-RXN	PWY-621	right	D-glucopyranose	C00031		4167
Glucopyranose	GLUCOKIN-RXN	GLUCOSE1PMETAB-PWY	left	D-glucopyranose	C00031		4167
Glucopyranose	RXN-15354	PWY-7458	right	D-glucopyranose	C00031		4167
Glucopyranose	GLUCOSE-1-PHOSPHAT-RXN	GLUCOSE1PMETAB-PWY	right	D-glucopyranose	C00031		4167
Glucopyranose	RXN0-6373	GLUCOSE1PMETAB-PWY	left	D-glucopyranose	C00031		4167
Glucopyranose	RXN-8036	PWY-5176	right	D-glucopyranose	C00031		4167
Glucopyranose	RXN-3164	PWY-1921	right	D-glucopyranose	C00031		4167
Glucopyranose	2.3.1.72-RXN	PWY-1741	right	D-glucopyranose	C00031		4167
Glucopyranose	RXN-14354	PWY-7238	left	D-glucopyranose	C00031		4167
Glucopyranose	RXN-14496	PWY-7280	right	D-glucopyranose	C00031		4167
Glucopyranose	GLUCOKIN-RXN	PWY-621	left	D-glucopyranose	C00031		4167
Glucopyranose	CONIFERIN-BETA-GLUCOSIDASE-RXN	PWY-116	right	D-glucopyranose	C00031		4167
Glucopyranose	RXN-3165	PWY-1921	right	D-glucopyranose	C00031		4167
Glucopyranose	GLUCOKIN-RXN	UDPNACETYLGALSYN-PWY	left	D-glucopyranose	C00031		4167
Glucopyranose	RXN-7082	PWY-4441	right	D-glucopyranose	C00031		4167
Glucopyranose	RXN-3163	PWY-1921	right	D-glucopyranose	C00031		4167
Glucopyranose	GLUCOKIN-RXN	PWY-7238	left	D-glucopyranose	C00031		4167
Glucopyranose	RXN-12391	PWY-6724	right	D-glucopyranose	C00031		4167
CPD-16560	RXN-15354	PWY-7458	left	delphinidin 3- O -rutinoside-7- O -(6- O -(4- O -(glucosyl)-oxybenzoyl)-glucoside)		146036986	
CPD-16560	RXN-15353	PWY-7458	right	delphinidin 3- O -rutinoside-7- O -(6- O -(4- O -(glucosyl)-oxybenzoyl)-glucoside)		146036986	
CPD-16561	RXN-15354	PWY-7458	right	violdelphin		146037135	
CPD-15283	RXN-15351	PWY-7458	left	1- O -4-hydroxybenzoyl-beta- D -glucose		14132342	145301
CPD-15283	RXN-15352	PWY-7458	left	1- O -4-hydroxybenzoyl-beta- D -glucose		14132342	145301
CPD-15283	RXN-15374	PWY-7464	left	1- O -4-hydroxybenzoyl-beta- D -glucose		14132342	145301
CPD-15283	RXN-15354	PWY-7458	left	1- O -4-hydroxybenzoyl-beta- D -glucose		14132342	145301
CPD-15283	RXN-15372	PWY-7464	left	1- O -4-hydroxybenzoyl-beta- D -glucose		14132342	145301
CPD-15283	RXN-15353	PWY-7458	left	1- O -4-hydroxybenzoyl-beta- D -glucose		14132342	145301
CPD-15283	RXN-15373	PWY-7464	left	1- O -4-hydroxybenzoyl-beta- D -glucose		14132342	145301
4-hydroxybenzoate	RXN-9230	PWY-5872	left	4-hydroxybenzoate	C00156	135	30763
4-hydroxybenzoate	RXN-15351	PWY-7458	right	4-hydroxybenzoate	C00156	135	30763
4-hydroxybenzoate	2.5.1.39-RXN	PWY-5871	left	4-hydroxybenzoate	C00156	135	30763
4-hydroxybenzoate	RXN-15353	PWY-7458	right	4-hydroxybenzoate	C00156	135	30763
4-hydroxybenzoate	RXN-15373	PWY-7464	right	4-hydroxybenzoate	C00156	135	30763
CPD-16559	RXN-15352	PWY-7458	right	delphinidin 3- O -rutinoside-7- O -(6- O -(p-hydroxybenzoyl)-glucoside)		146037102	
CPD-16559	RXN-15353	PWY-7458	left	delphinidin 3- O -rutinoside-7- O -(6- O -(p-hydroxybenzoyl)-glucoside)		146037102	
CPD-16558	RXN-15351	PWY-7458	right	delphinidin 3- O -rutinoside-7- O -glucoside		145712512	145695
CPD-16558	RXN-15352	PWY-7458	left	delphinidin 3- O -rutinoside-7- O -glucoside		145712512	145695
CPD-7145	RXN-15350	PWY-7458	right	delphinidin 3- O -rutinoside		192919	
CPD-7145	RXN-15351	PWY-7458	left	delphinidin 3- O -rutinoside		192919	
CPD-7117	RXN-15350	PWY-7458	left	delphinidin-3- O -beta-D-glucoside	C12138	102515359	31463
UDP-L-RHAMNOSE	RXN-10740	PWY-3261	left	UDP-beta-L-rhamnose	C02199	86290151	83836
UDP-L-RHAMNOSE	RXN-15350	PWY-7458	left	UDP-beta-L-rhamnose	C02199	86290151	83836
UDP-L-RHAMNOSE	RXN-7830	PWY-5139	left	UDP-beta-L-rhamnose	C02199	86290151	83836
GTP	URKI-RXN	PWYQT-4445	left	GTP	C00044	135398632	37565
GTP	GTP-CYCLOHYDRO-I-RXN	PWY-6147	left	GTP	C00044	135398632	37565
GTP	GDPKIN-RXN	PWY-7221	right	GTP	C00044	135398632	37565
GTP	GTP-CYCLOHYDRO-I-RXN	PWY-3742	left	GTP	C00044	135398632	37565
GTP	2.7.7.13-RXN	PWY-5659	left	GTP	C00044	135398632	37565
GTP	2.7.7.30-RXN	PWY-6	left	GTP	C00044	135398632	37565
GTP	ADENYLOSUCCINATE-SYNTHASE-RXN	PWY-7219	left	GTP	C00044	135398632	37565
GTP	RXN-8340	PWY-6823	left	GTP	C00044	135398632	37565
GTP	GTP-CYCLOHYDRO-II-RXN	RIBOSYN2-PWY	left	GTP	C00044	135398632	37565
GTP	RXN-11409	PWY-6502	left	GTP	C00044	135398632	37565
GMP	GMP-SYN-GLUT-RXN	PWY-7221	right	GMP	C00144	135398630	58115
GMP	GUANPRIBOSYLTRAN-RXN	PWY-6599	left	GMP	C00144	135398630	58115
GMP	RXN-7609	PWY-6606	left	GMP	C00144	135398630	58115
GMP	GUANYL-KIN-RXN	PWY-7221	left	GMP	C00144	135398630	58115
GMP	RXN-7609	PWY-6607	left	GMP	C00144	135398630	58115
XANTHOSINE-5-PHOSPHATE	IMP-DEHYDROG-RXN	PWY-7221	right	XMP	C00655	23421208	57464
XANTHOSINE-5-PHOSPHATE	GMP-SYN-GLUT-RXN	PWY-7221	left	XMP	C00655	23421208	57464
XANTHOSINE-5-PHOSPHATE	XMPXAN-RXN	PWY-6596	left	XMP	C00655	23421208	57464
XANTHOSINE-5-PHOSPHATE	IMP-DEHYDROG-RXN	PWY-6596	right	XMP	C00655	23421208	57464
IMP	IMPCYCLOHYDROLASE-RXN	PWY-6124	left	IMP	C00130	135398639	58053
IMP	RXN-7607	PWY-6596	left	IMP	C00130	135398639	58053
IMP	IMP-DEHYDROG-RXN	PWY-7221	left	IMP	C00130	135398639	58053
IMP	AMP-DEAMINASE-RXN	PWY-6596	right	IMP	C00130	135398639	58053
IMP	IMP-DEHYDROG-RXN	PWY-6596	left	IMP	C00130	135398639	58053
IMP	ADENYLOSUCCINATE-SYNTHASE-RXN	PWY-7219	left	IMP	C00130	135398639	58053
CMP	PHOSPHASERSYN-RXN	PHOSLIPSYN2-PWY	right	CMP	C00055	7058165	60377
CMP	2.7.8.11-RXN	PWY-6351	right	CMP	C00055	7058165	60377
CMP	2.7.8.11-RXN	PHOSLIPSYN2-PWY	right	CMP	C00055	7058165	60377
CMP	RXN-5781	PWY3O-450	right	CMP	C00055	7058165	60377
CMP	RXN-12200	PWY-5687	right	CMP	C00055	7058165	60377
CMP	RXN4FS-4	PWY4FS-4	right	CMP	C00055	7058165	60377
CMP	ETHANOLAMINEPHOSPHOTRANSFERASE-RXN	PWY4FS-6	right	CMP	C00055	7058165	60377
CMP	RXN-12198	PWY-5687	right	CMP	C00055	7058165	60377
CMP	PHOSPHAGLYPSYN-RXN	PWY-5269	right	CMP	C00055	7058165	60377
CMP	RXN-5781	PWY4FS-2	right	CMP	C00055	7058165	60377
CMP	RXN-8141	PWY-5269	right	CMP	C00055	7058165	60377
CMP	PHOSPHASERSYN-RXN	PWY-5669	right	CMP	C00055	7058165	60377
CMP	RXN-14026	PWY-7185	left	CMP	C00055	7058165	60377
CMP	RXN-11832	PWY-5687	left	CMP	C00055	7058165	60377
CMP	RXN0-302	PWY-7560	right	CMP	C00055	7058165	60377
CMP	RXN-5781	PWY-3561	right	CMP	C00055	7058165	60377
CMP	RXN0-302	NONMEVIPP-PWY	right	CMP	C00055	7058165	60377
CMP	P-PANTOCYSLIG-RXN	COA-PWY	right	CMP	C00055	7058165	60377
CMP	PHOSPHAGLYPSYN-RXN	PWY4FS-8	right	CMP	C00055	7058165	60377
CMP	PHOSPHAGLYPSYN-RXN	PWY4FS-7	right	CMP	C00055	7058165	60377
CMP	CYTIKIN-RXN	PWY-7193	right	CMP	C00055	7058165	60377
CMP	RXN-11832	PWY-7205	left	CMP	C00055	7058165	60377
CMP	2.7.8.11-RXN	PWY-6352	right	CMP	C00055	7058165	60377
CMP	RXN4FS-1	PWY4FS-3	right	CMP	C00055	7058165	60377
CMP	RXN-12198	PWY-7185	right	CMP	C00055	7058165	60377
CDP-CHOLINE	RXN-5781	PWY4FS-2	left	CDP-choline	C00307	25202509	58779
CDP-CHOLINE	2.7.7.15-RXN	PWY-3561	right	CDP-choline	C00307	25202509	58779
CDP-CHOLINE	2.7.7.15-RXN	PWY3O-450	right	CDP-choline	C00307	25202509	58779
CDP-CHOLINE	RXN-5781	PWY-3561	left	CDP-choline	C00307	25202509	58779
CDP-CHOLINE	2.7.7.15-RXN	PWY4FS-2	right	CDP-choline	C00307	25202509	58779
CDP-CHOLINE	RXN-5781	PWY3O-450	left	CDP-choline	C00307	25202509	58779
CHOLINE	RXN-5647	PWY-3385	right	choline	C00114	305	15354
CHOLINE	CHOLINE-KINASE-RXN	PWY3O-450	left	choline	C00114	305	15354
CHOLINE	PHOSCHOL-RXN	PWY-7039	right	choline	C00114	305	15354
CHOLINE	PHOSCHOL-RXN	LIPASYN-PWY	right	choline	C00114	305	15354
CHOLINE	RXN1F-357	PWY1F-353	left	choline	C00114	305	15354
CHOLINE	PHOSCHOL-RXN	PWY-3561	right	choline	C00114	305	15354
PHOSPHORYL-CHOLINE	2.7.7.15-RXN	PWY4FS-2	left	phosphocholine	C00588	3330960	295975
PHOSPHORYL-CHOLINE	RXN-5643	PWY-3385	right	phosphocholine	C00588	3330960	295975
PHOSPHORYL-CHOLINE	2.7.7.15-RXN	PWY-3561	left	phosphocholine	C00588	3330960	295975
PHOSPHORYL-CHOLINE	RXN-5647	PWY-3385	left	phosphocholine	C00588	3330960	295975
PHOSPHORYL-CHOLINE	PHOSPHOLIPASE-C-RXN	LIPASYN-PWY	right	phosphocholine	C00588	3330960	295975
PHOSPHORYL-CHOLINE	CHOLINE-KINASE-RXN	PWY3O-450	right	phosphocholine	C00588	3330960	295975
PHOSPHORYL-CHOLINE	2.7.7.15-RXN	PWY3O-450	left	phosphocholine	C00588	3330960	295975
PHOSPHORYL-CHOLINE	RXN-5643	PWY4FS-2	right	phosphocholine	C00588	3330960	295975
3-UREIDO-PROPIONATE	BETA-UREIDOPROPIONASE-RXN	PWY-3982	left	3-ureidopropanoate	C02642	6971254	11892
3-UREIDO-PROPIONATE	DIHYDROPYRIMIDINASE-RXN	PWY-3982	right	3-ureidopropanoate	C02642	6971254	11892
DI-H-URACIL	DIHYDROPYRIMIDINASE-RXN	PWY-3982	left	5,6-dihydrouracil	C00429	649	15901
DI-H-URACIL	1.3.1.2-RXN	PWY-3982	left	5,6-dihydrouracil	C00429	649	15901
URACIL	URIDINE-NUCLEOSIDASE-RXN	PWYQT-4445	right	uracil	C00106	1174	17568
URACIL	URACIL-PRIBOSYLTRANS-RXN	PWY-7183	right	uracil	C00106	1174	17568
URACIL	1.3.1.2-RXN	PWY-3982	right	uracil	C00106	1174	17568
URACIL	URIDINE-NUCLEOSIDASE-RXN	PWY-6556	right	uracil	C00106	1174	17568
URACIL	RXN0-5398	PWY-6019	left	uracil	C00106	1174	17568
URACIL	URACIL-PRIBOSYLTRANS-RXN	PWYQT-4445	right	uracil	C00106	1174	17568
INDOL-YLACETYL-MYO-INOSITOL-ARABINOSIDE	2.4.2.34-RXN	PWY-1741	right	(indol-3-yl)acetyl- myo -inositol L-arabinoside	C04611	90657295	28071
CPD-165	2.3.1.72-RXN	PWY-1741	right	1D-1-O-(indol-3-yl)acetyl-myo-inositol	C03868	440152	15711
CPD-165	2.4.1.156-RXN	PWY-1741	left	1D-1-O-(indol-3-yl)acetyl-myo-inositol	C03868	440152	15711
CPD-165	RXN-3167	PWY-1921	right	1D-1-O-(indol-3-yl)acetyl-myo-inositol	C03868	440152	15711
CPD-165	2.4.2.34-RXN	PWY-1741	left	1D-1-O-(indol-3-yl)acetyl-myo-inositol	C03868	440152	15711
CPD-165	RXN-3166	PWY-1921	left	1D-1-O-(indol-3-yl)acetyl-myo-inositol	C03868	440152	15711
CPD-12513	RXN-7401	PWY-82	right	UDP-beta-L-arabinopyranose		25246220	61457
CPD-12513	UDP-ARABINOSE-4-EPIMERASE-RXN	PWY-63	left	UDP-beta-L-arabinopyranose		25246220	61457
CPD-12513	RXN-9093	PWY-5800	left	UDP-beta-L-arabinopyranose		25246220	61457
CPD-12513	2.4.2.34-RXN	PWY-1741	left	UDP-beta-L-arabinopyranose		25246220	61457
5-O-INDOL-3-YLACETYL-MYO-ETCETERA	RXN-3167	PWY-1921	left	5-O-(indol-3-ylacetyl- myo -inositol) D-galactoside	C04695	126961081	17391
5-O-INDOL-3-YLACETYL-MYO-ETCETERA	2.4.1.156-RXN	PWY-1741	right	5-O-(indol-3-ylacetyl- myo -inositol) D-galactoside	C04695	126961081	17391
CPD-1102	2.3.1.72-RXN	PWY-1741	left	1- O -(indol-3-ylacetyl)-beta-D-glucose	C04197	440255	17990
CPD-1102	RXN-3165	PWY-1921	left	1- O -(indol-3-ylacetyl)-beta-D-glucose	C04197	440255	17990
CPD-1102	2.4.1.121-RXN	PWY-1782	right	1- O -(indol-3-ylacetyl)-beta-D-glucose	C04197	440255	17990
CPD-1102	2.4.1.121-RXN	PWY-1741	right	1- O -(indol-3-ylacetyl)-beta-D-glucose	C04197	440255	17990
MYO-INOSITOL	2.4.1.67-RXN	PWY-5337	right	myo -inositol	C00137	892	17268
MYO-INOSITOL	RXN-3166	PWY-1921	right	myo -inositol	C00137	892	17268
MYO-INOSITOL	2.7.8.11-RXN	PHOSLIPSYN2-PWY	left	myo -inositol	C00137	892	17268
MYO-INOSITOL	MYO-INOSITOL-OXYGENASE-RXN	PWY-8142	left	myo -inositol	C00137	892	17268
MYO-INOSITOL	RXN-7253	PWY-4702	right	myo -inositol	C00137	892	17268
MYO-INOSITOL	MYO-INOSITOL-OXYGENASE-RXN	PWY-4841	left	myo -inositol	C00137	892	17268
MYO-INOSITOL	2.4.1.82-RXN	PWY-5337	right	myo -inositol	C00137	892	17268
MYO-INOSITOL	2.3.1.72-RXN	PWY-1741	left	myo -inositol	C00137	892	17268
MYO-INOSITOL	2.7.8.11-RXN	PWY-6352	left	myo -inositol	C00137	892	17268
MYO-INOSITOL	2.7.8.11-RXN	PWY-6351	left	myo -inositol	C00137	892	17268
MYO-INOSITOL	RXN0-5408	PWY-4702	right	myo -inositol	C00137	892	17268
MYO-INOSITOL	MYO-INOSITOL-1-KINASE-RXN	PWY-4661	left	myo -inositol	C00137	892	17268
MYO-INOSITOL	RXN-10952	PWY-6363	right	myo -inositol	C00137	892	17268
MYO-INOSITOL	MYO-INOSITOL-1OR-4-MONOPHOSPHATASE-RXN	PWY-2301	right	myo -inositol	C00137	892	17268
MYO-INOSITOL	2.4.1.123-RXN	PWY-5337	left	myo -inositol	C00137	892	17268
INDOLE_ACETATE_AUXIN	RXN-9825	PWY0A-6303	left	(indol-3-yl)acetate	C00954	801	30854
INDOLE_ACETATE_AUXIN	RXN0A-10711	PWY0A-6303	right	(indol-3-yl)acetate	C00954	801	30854
INDOLE_ACETATE_AUXIN	RXN-2948	PWY-6219	left	(indol-3-yl)acetate	C00954	801	30854
INDOLE_ACETATE_AUXIN	RXN-3165	PWY-1921	right	(indol-3-yl)acetate	C00954	801	30854
INDOLE_ACETATE_AUXIN	2.4.1.121-RXN	PWY-1782	left	(indol-3-yl)acetate	C00954	801	30854
INDOLE_ACETATE_AUXIN	RXN-9083	PWY-6219	left	(indol-3-yl)acetate	C00954	801	30854
INDOLE_ACETATE_AUXIN	RXN-2947	PWY-6219	left	(indol-3-yl)acetate	C00954	801	30854
INDOLE_ACETATE_AUXIN	RXNDQC-2	PWYDQC-4	right	(indol-3-yl)acetate	C00954	801	30854
INDOLE_ACETATE_AUXIN	RXN-9813	PWY-6066	right	(indol-3-yl)acetate	C00954	801	30854
INDOLE_ACETATE_AUXIN	RXN-2946	PWY-6219	left	(indol-3-yl)acetate	C00954	801	30854
INDOLE_ACETATE_AUXIN	RXN-9084	PWY-6219	left	(indol-3-yl)acetate	C00954	801	30854
INDOLE_ACETATE_AUXIN	RXN-2982	PWY-1822	right	(indol-3-yl)acetate	C00954	801	30854
INDOLE_ACETATE_AUXIN	RXN-2945	PWY-6219	left	(indol-3-yl)acetate	C00954	801	30854
INDOLE_ACETATE_AUXIN	2.4.1.121-RXN	PWY-1741	left	(indol-3-yl)acetate	C00954	801	30854
INDOLE_ACETATE_AUXIN	RXN-3181	PWY-1961	left	(indol-3-yl)acetate	C00954	801	30854
INDOLE_ACETATE_AUXIN	RXN-3163	PWY-1921	right	(indol-3-yl)acetate	C00954	801	30854
INDOLE_ACETATE_AUXIN	RXN-2981	PWY-1822	right	(indol-3-yl)acetate	C00954	801	30854
INDOLE_ACETATE_AUXIN	RXN-3166	PWY-1921	right	(indol-3-yl)acetate	C00954	801	30854
INDOLE_ACETATE_AUXIN	RXN-3164	PWY-1921	right	(indol-3-yl)acetate	C00954	801	30854
INDOLE_ACETATE_AUXIN	RXN-2944	PWY-6219	left	(indol-3-yl)acetate	C00954	801	30854
S-ADENOSYLMETHIONINE	RXN-9281	PWY-5871	left	S -adenosyl-L-methionine	C00019	24762165	59789
S-ADENOSYLMETHIONINE	RXN-9825	PWY0A-6303	left	S -adenosyl-L-methionine	C00019	24762165	59789
S-ADENOSYLMETHIONINE	DAPASYN-RXN	PWY0-1507	left	S -adenosyl-L-methionine	C00019	24762165	59789
S-ADENOSYLMETHIONINE	PYRIMSYN1-RXN	PWY-6890	left	S -adenosyl-L-methionine	C00019	24762165	59789
S-ADENOSYLMETHIONINE	2.5.1.43-RXN	PWY-5957	left	S -adenosyl-L-methionine	C00019	24762165	59789
S-ADENOSYLMETHIONINE	RXN-7605	METHIONINE-DEG1-PWY	left	S -adenosyl-L-methionine	C00019	24762165	59789
S-ADENOSYLMETHIONINE	RXN-5642	PWY4FS-4	left	S -adenosyl-L-methionine	C00019	24762165	59789
S-ADENOSYLMETHIONINE	RXN-2542	PWY-1422	left	S -adenosyl-L-methionine	C00019	24762165	59789
S-ADENOSYLMETHIONINE	CAFFEOYL-COA-O-METHYLTRANSFERASE-RXN	PWY-1121	left	S -adenosyl-L-methionine	C00019	24762165	59789
S-ADENOSYLMETHIONINE	S-ADENMETSYN-RXN	ETHYL-PWY	right	S -adenosyl-L-methionine	C00019	24762165	59789
S-ADENOSYLMETHIONINE	2.1.1.103-RXN	PWY-3385	left	S -adenosyl-L-methionine	C00019	24762165	59789
S-ADENOSYLMETHIONINE	2.1.1.118-RXN	PWY-5470	left	S -adenosyl-L-methionine	C00019	24762165	59789
S-ADENOSYLMETHIONINE	RXN-14639	PWY-7298	left	S -adenosyl-L-methionine	C00019	24762165	59789
S-ADENOSYLMETHIONINE	RXN-11371	PWY-7546	left	S -adenosyl-L-methionine	C00019	24762165	59789
S-ADENOSYLMETHIONINE	2.1.1.117-RXN	PWY-5470	left	S -adenosyl-L-methionine	C00019	24762165	59789
S-ADENOSYLMETHIONINE	RXN-MG-PROTOPORPHYRIN-METHYLESTER-SYN	CHLOROPHYLL-SYN	left	S -adenosyl-L-methionine	C00019	24762165	59789
S-ADENOSYLMETHIONINE	RXN-8675	PWY-5194	left	S -adenosyl-L-methionine	C00019	24762165	59789
S-ADENOSYLMETHIONINE	ACETYLSEROTONIN-O-METHYLTRANSFERASE-RXN	PWY-8475	left	S -adenosyl-L-methionine	C00019	24762165	59789
S-ADENOSYLMETHIONINE	RXN4FS-2	PWY4FS-4	left	S -adenosyl-L-methionine	C00019	24762165	59789
S-ADENOSYLMETHIONINE	RXN-1104	PWY-1121	left	S -adenosyl-L-methionine	C00019	24762165	59789
S-ADENOSYLMETHIONINE	RXN-13327	PWY-8341	left	S -adenosyl-L-methionine	C00019	24762165	59789
S-ADENOSYLMETHIONINE	RXN-17473	PWY0-1507	left	S -adenosyl-L-methionine	C00019	24762165	59789
S-ADENOSYLMETHIONINE	S-ADENMETSYN-RXN	METHIONINE-DEG1-PWY	right	S -adenosyl-L-methionine	C00019	24762165	59789
S-ADENOSYLMETHIONINE	RXN-6687	PWY-6950	left	S -adenosyl-L-methionine	C00019	24762165	59789
S-ADENOSYLMETHIONINE	2.1.1.89-RXN	PWY-5470	left	S -adenosyl-L-methionine	C00019	24762165	59789
S-ADENOSYLMETHIONINE	RXN-2562	PWY-1422	left	S -adenosyl-L-methionine	C00019	24762165	59789
S-ADENOSYLMETHIONINE	RXN-1143	PWY-361	left	S -adenosyl-L-methionine	C00019	24762165	59789
S-ADENOSYLMETHIONINE	RXN-8340	PWY-6823	left	S -adenosyl-L-methionine	C00019	24762165	59789
S-ADENOSYLMETHIONINE	RXN-20781	PWY-8076	left	S -adenosyl-L-methionine	C00019	24762165	59789
S-ADENOSYLMETHIONINE	4.4.1.14-RXN	ETHYL-PWY	left	S -adenosyl-L-methionine	C00019	24762165	59789
S-ADENOSYLMETHIONINE	RXN-5643	PWY-3385	left	S -adenosyl-L-methionine	C00019	24762165	59789
S-ADENOSYLMETHIONINE	RXN-14635	PWY-7298	left	S -adenosyl-L-methionine	C00019	24762165	59789
S-ADENOSYLMETHIONINE	SAMDECARB-RXN	BSUBPOLYAMSYN-PWY	left	S -adenosyl-L-methionine	C00019	24762165	59789
S-ADENOSYLMETHIONINE	METHIONINE-S-METHYLTRANSFERASE-RXN	PWY-5441	left	S -adenosyl-L-methionine	C00019	24762165	59789
S-ADENOSYLMETHIONINE	RXN-2081	PWY-1061	left	S -adenosyl-L-methionine	C00019	24762165	59789
S-ADENOSYLMETHIONINE	2.1.1.64-RXN	PWY-5871	left	S -adenosyl-L-methionine	C00019	24762165	59789
S-ADENOSYLMETHIONINE	RXN-5643	PWY4FS-2	left	S -adenosyl-L-methionine	C00019	24762165	59789
S-ADENOSYLMETHIONINE	2.1.1.143-RXN	PWY-2541	left	S -adenosyl-L-methionine	C00019	24762165	59789
S-ADENOSYLMETHIONINE	CAFFEOYL-COA-O-METHYLTRANSFERASE-RXN	PWY-361	left	S -adenosyl-L-methionine	C00019	24762165	59789
S-ADENOSYLMETHIONINE	RXN-5642	PWY4FS-2	left	S -adenosyl-L-methionine	C00019	24762165	59789
S-ADENOSYLMETHIONINE	RXN-14917	PWY-7436	left	S -adenosyl-L-methionine	C00019	24762165	59789
S-ADENOSYLMETHIONINE	RXN-4021	PWY-2541	left	S -adenosyl-L-methionine	C00019	24762165	59789
S-ADENOSYLMETHIONINE	RXN-9235	PWY-5872	left	S -adenosyl-L-methionine	C00019	24762165	59789
S-ADENOSYLMETHIONINE	RXN-20782	PWY-8076	left	S -adenosyl-L-methionine	C00019	24762165	59789
S-ADENOSYLMETHIONINE	RXN4FS-2	PWY4FS-3	left	S -adenosyl-L-methionine	C00019	24762165	59789
S-ADENOSYLMETHIONINE	RXN-9282	PWY-5872	left	S -adenosyl-L-methionine	C00019	24762165	59789
S-ADENOSYLMETHIONINE	SAMDECARB-RXN	ARGSPECAT-PWY	left	S -adenosyl-L-methionine	C00019	24762165	59789
S-ADENOSYLMETHIONINE	RXN-6723	PWY-4203	left	S -adenosyl-L-methionine	C00019	24762165	59789
S-ADENOSYLMETHIONINE	RXN-2762	PWY-1581	left	S -adenosyl-L-methionine	C00019	24762165	59789
S-ADENOSYLMETHIONINE	RXN-23599	PWY-7888	left	S -adenosyl-L-methionine	C00019	24762165	59789
S-ADENOSYLMETHIONINE	RXN-7773	PWY-5116	left	S -adenosyl-L-methionine	C00019	24762165	59789
S-ADENOSYLMETHIONINE	RXN-12461	PWY-7888	left	S -adenosyl-L-methionine	C00019	24762165	59789
S-ADENOSYLMETHIONINE	RXN-14918	PWY-7436	left	S -adenosyl-L-methionine	C00019	24762165	59789
S-ADENOSYLMETHIONINE	S-ADENMETSYN-RXN	PWY-5912	right	S -adenosyl-L-methionine	C00019	24762165	59789
S-ADENOSYLMETHIONINE	RXN-6722	PWY-4203	left	S -adenosyl-L-methionine	C00019	24762165	59789
S-ADENOSYLMETHIONINE	RXN-22911	PWY-8341	left	S -adenosyl-L-methionine	C00019	24762165	59789
S-ADENOSYLMETHIONINE	RXN-9242	PWY-5871	left	S -adenosyl-L-methionine	C00019	24762165	59789
S-ADENOSYLMETHIONINE	RXN0-949	PWY0-501	left	S -adenosyl-L-methionine	C00019	24762165	59789
S-ADENOSYLMETHIONINE	CAFFEOYL-COA-O-METHYLTRANSFERASE-RXN	PWY-6792	left	S -adenosyl-L-methionine	C00019	24762165	59789
S-ADENOSYLMETHIONINE	RXN-7569	PWY-5027	left	S -adenosyl-L-methionine	C00019	24762165	59789
S-ADENOSYLMETHIONINE	UROPORIIIMETHYLTRANSA-RXN	PWY-5194	left	S -adenosyl-L-methionine	C00019	24762165	59789
S-ADENOSYLMETHIONINE	RXN-14919	PWY-7436	left	S -adenosyl-L-methionine	C00019	24762165	59789
S-ADENOSYLMETHIONINE	RXN-24915	PWY-5872	left	S -adenosyl-L-methionine	C00019	24762165	59789
S-ADENOSYLMETHIONINE	NICOTINATE-N-METHYLTRANSFERASE-RXN	PWY-5110	left	S -adenosyl-L-methionine	C00019	24762165	59789
S-ADENOSYLMETHIONINE	2.1.1.71-RXN	PWY4FS-3	left	S -adenosyl-L-methionine	C00019	24762165	59789
S-ADENOSYLMETHIONINE	RXN-17472	PWY0-1507	left	S -adenosyl-L-methionine	C00019	24762165	59789
S-ADENOSYLMETHIONINE	RXN-21514	PWY-8157	left	S -adenosyl-L-methionine	C00019	24762165	59789
S-ADENOSYLMETHIONINE	2.1.1.103-RXN	PWY4FS-3	left	S -adenosyl-L-methionine	C00019	24762165	59789
S-ADENOSYLMETHIONINE	RXN-15775	PWY-7546	left	S -adenosyl-L-methionine	C00019	24762165	59789
S-ADENOSYLMETHIONINE	RXN-5642	PWY-3385	left	S -adenosyl-L-methionine	C00019	24762165	59789
S-ADENOSYLMETHIONINE	S-ADENMETSYN-RXN	PWY-5041	right	S -adenosyl-L-methionine	C00019	24762165	59789
S-ADENOSYLMETHIONINE	2.1.1.103-RXN	PWY4FS-4	left	S -adenosyl-L-methionine	C00019	24762165	59789
S-ADENOSYLMETHIONINE	TOCOPHEROL-O-METHYLTRANSFERASE-RXN	PWY-1422	left	S -adenosyl-L-methionine	C00019	24762165	59789
S-ADENOSYLMETHIONINE	2.5.1.43-RXN	PWY-5912	left	S -adenosyl-L-methionine	C00019	24762165	59789
S-ADENOSYLMETHIONINE	2.1.1.103-RXN	PWY4FS-2	left	S -adenosyl-L-methionine	C00019	24762165	59789
CPD-12829	RXN-2762	PWY-1581	right	plastoquinol-9	C16695	6440941	28026
2-METHYL-6-SOLANYL-14-BENZOQUINONE	RXN-2762	PWY-1581	left	2-methyl-6-all-trans-nonaprenyl-1,4-benzoquinol	C17570	44237185	75402
2-METHYL-6-SOLANYL-14-BENZOQUINONE	RXN-2761	PWY-1581	right	2-methyl-6-all-trans-nonaprenyl-1,4-benzoquinol	C17570	44237185	75402
ADENOSYL-HOMO-CYS	RXN-14917	PWY-7436	right	S -adenosyl-L-homocysteine	C00021	25246222	57856
ADENOSYL-HOMO-CYS	RXN-20781	PWY-8076	right	S -adenosyl-L-homocysteine	C00021	25246222	57856
ADENOSYL-HOMO-CYS	2.1.1.64-RXN	PWY-5871	right	S -adenosyl-L-homocysteine	C00021	25246222	57856
ADENOSYL-HOMO-CYS	RXN-1143	PWY-361	right	S -adenosyl-L-homocysteine	C00021	25246222	57856
ADENOSYL-HOMO-CYS	RXN-20782	PWY-8076	right	S -adenosyl-L-homocysteine	C00021	25246222	57856
ADENOSYL-HOMO-CYS	CAFFEOYL-COA-O-METHYLTRANSFERASE-RXN	PWY-1121	right	S -adenosyl-L-homocysteine	C00021	25246222	57856
ADENOSYL-HOMO-CYS	RXN-6687	PWY-6950	right	S -adenosyl-L-homocysteine	C00021	25246222	57856
ADENOSYL-HOMO-CYS	RXN-13327	PWY-8341	right	S -adenosyl-L-homocysteine	C00021	25246222	57856
ADENOSYL-HOMO-CYS	RXN-6722	PWY-4203	right	S -adenosyl-L-homocysteine	C00021	25246222	57856
ADENOSYL-HOMO-CYS	RXN-5643	PWY-3385	right	S -adenosyl-L-homocysteine	C00021	25246222	57856
ADENOSYL-HOMO-CYS	2.1.1.118-RXN	PWY-5470	right	S -adenosyl-L-homocysteine	C00021	25246222	57856
ADENOSYL-HOMO-CYS	RXN-9825	PWY0A-6303	right	S -adenosyl-L-homocysteine	C00021	25246222	57856
ADENOSYL-HOMO-CYS	RXN-7569	PWY-5027	right	S -adenosyl-L-homocysteine	C00021	25246222	57856
ADENOSYL-HOMO-CYS	2.1.1.103-RXN	PWY-3385	right	S -adenosyl-L-homocysteine	C00021	25246222	57856
ADENOSYL-HOMO-CYS	NICOTINATE-N-METHYLTRANSFERASE-RXN	PWY-5110	right	S -adenosyl-L-homocysteine	C00021	25246222	57856
ADENOSYL-HOMO-CYS	RXN-1104	PWY-1121	right	S -adenosyl-L-homocysteine	C00021	25246222	57856
ADENOSYL-HOMO-CYS	2.1.1.117-RXN	PWY-5470	right	S -adenosyl-L-homocysteine	C00021	25246222	57856
ADENOSYL-HOMO-CYS	RXN-8675	PWY-5194	right	S -adenosyl-L-homocysteine	C00021	25246222	57856
ADENOSYL-HOMO-CYS	RXN-MG-PROTOPORPHYRIN-METHYLESTER-SYN	CHLOROPHYLL-SYN	right	S -adenosyl-L-homocysteine	C00021	25246222	57856
ADENOSYL-HOMO-CYS	RXN-5643	PWY4FS-2	right	S -adenosyl-L-homocysteine	C00021	25246222	57856
ADENOSYL-HOMO-CYS	RXN-7773	PWY-5116	right	S -adenosyl-L-homocysteine	C00021	25246222	57856
ADENOSYL-HOMO-CYS	RXN-5642	PWY-3385	right	S -adenosyl-L-homocysteine	C00021	25246222	57856
ADENOSYL-HOMO-CYS	RXN-2542	PWY-1422	right	S -adenosyl-L-homocysteine	C00021	25246222	57856
ADENOSYL-HOMO-CYS	RXN-4021	PWY-2541	right	S -adenosyl-L-homocysteine	C00021	25246222	57856
ADENOSYL-HOMO-CYS	RXN-7605	METHIONINE-DEG1-PWY	right	S -adenosyl-L-homocysteine	C00021	25246222	57856
ADENOSYL-HOMO-CYS	RXN-2762	PWY-1581	right	S -adenosyl-L-homocysteine	C00021	25246222	57856
ADENOSYL-HOMO-CYS	RXN-15775	PWY-7546	right	S -adenosyl-L-homocysteine	C00021	25246222	57856
ADENOSYL-HOMO-CYS	CAFFEOYL-COA-O-METHYLTRANSFERASE-RXN	PWY-361	right	S -adenosyl-L-homocysteine	C00021	25246222	57856
ADENOSYL-HOMO-CYS	ACETYLSEROTONIN-O-METHYLTRANSFERASE-RXN	PWY-8475	right	S -adenosyl-L-homocysteine	C00021	25246222	57856
ADENOSYL-HOMO-CYS	CAFFEOYL-COA-O-METHYLTRANSFERASE-RXN	PWY-6792	right	S -adenosyl-L-homocysteine	C00021	25246222	57856
ADENOSYL-HOMO-CYS	2.1.1.71-RXN	PWY4FS-3	right	S -adenosyl-L-homocysteine	C00021	25246222	57856
ADENOSYL-HOMO-CYS	METHIONINE-S-METHYLTRANSFERASE-RXN	PWY-5441	right	S -adenosyl-L-homocysteine	C00021	25246222	57856
ADENOSYL-HOMO-CYS	ADENOSYLHOMOCYSTEINASE-RXN	PWY-5041	left	S -adenosyl-L-homocysteine	C00021	25246222	57856
ADENOSYL-HOMO-CYS	RXN-2562	PWY-1422	right	S -adenosyl-L-homocysteine	C00021	25246222	57856
ADENOSYL-HOMO-CYS	2.1.1.143-RXN	PWY-2541	right	S -adenosyl-L-homocysteine	C00021	25246222	57856
ADENOSYL-HOMO-CYS	RXN-2081	PWY-1061	right	S -adenosyl-L-homocysteine	C00021	25246222	57856
ADENOSYL-HOMO-CYS	RXN-5642	PWY4FS-2	right	S -adenosyl-L-homocysteine	C00021	25246222	57856
ADENOSYL-HOMO-CYS	RXN-5642	PWY4FS-4	right	S -adenosyl-L-homocysteine	C00021	25246222	57856
ADENOSYL-HOMO-CYS	UROPORIIIMETHYLTRANSA-RXN	PWY-5194	right	S -adenosyl-L-homocysteine	C00021	25246222	57856
ADENOSYL-HOMO-CYS	RXN-12461	PWY-7888	right	S -adenosyl-L-homocysteine	C00021	25246222	57856
ADENOSYL-HOMO-CYS	RXN-9235	PWY-5872	right	S -adenosyl-L-homocysteine	C00021	25246222	57856
ADENOSYL-HOMO-CYS	RXN-14918	PWY-7436	right	S -adenosyl-L-homocysteine	C00021	25246222	57856
ADENOSYL-HOMO-CYS	RXN-14635	PWY-7298	right	S -adenosyl-L-homocysteine	C00021	25246222	57856
ADENOSYL-HOMO-CYS	RXN-9242	PWY-5871	right	S -adenosyl-L-homocysteine	C00021	25246222	57856
ADENOSYL-HOMO-CYS	RXN-9282	PWY-5872	right	S -adenosyl-L-homocysteine	C00021	25246222	57856
ADENOSYL-HOMO-CYS	RXN-21514	PWY-8157	right	S -adenosyl-L-homocysteine	C00021	25246222	57856
ADENOSYL-HOMO-CYS	RXN4FS-2	PWY4FS-3	right	S -adenosyl-L-homocysteine	C00021	25246222	57856
ADENOSYL-HOMO-CYS	RXN-24915	PWY-5872	right	S -adenosyl-L-homocysteine	C00021	25246222	57856
ADENOSYL-HOMO-CYS	ADENOSYLHOMOCYSTEINASE-RXN	METHIONINE-DEG1-PWY	left	S -adenosyl-L-homocysteine	C00021	25246222	57856
ADENOSYL-HOMO-CYS	RXN-14639	PWY-7298	right	S -adenosyl-L-homocysteine	C00021	25246222	57856
ADENOSYL-HOMO-CYS	RXN-9281	PWY-5871	right	S -adenosyl-L-homocysteine	C00021	25246222	57856
ADENOSYL-HOMO-CYS	2.1.1.103-RXN	PWY4FS-3	right	S -adenosyl-L-homocysteine	C00021	25246222	57856
ADENOSYL-HOMO-CYS	RXN-14919	PWY-7436	right	S -adenosyl-L-homocysteine	C00021	25246222	57856
ADENOSYL-HOMO-CYS	RXN-6723	PWY-4203	right	S -adenosyl-L-homocysteine	C00021	25246222	57856
ADENOSYL-HOMO-CYS	TOCOPHEROL-O-METHYLTRANSFERASE-RXN	PWY-1422	right	S -adenosyl-L-homocysteine	C00021	25246222	57856
ADENOSYL-HOMO-CYS	2.1.1.89-RXN	PWY-5470	right	S -adenosyl-L-homocysteine	C00021	25246222	57856
ADENOSYL-HOMO-CYS	RXN4FS-2	PWY4FS-4	right	S -adenosyl-L-homocysteine	C00021	25246222	57856
ADENOSYL-HOMO-CYS	2.1.1.103-RXN	PWY4FS-2	right	S -adenosyl-L-homocysteine	C00021	25246222	57856
ADENOSYL-HOMO-CYS	2.1.1.103-RXN	PWY4FS-4	right	S -adenosyl-L-homocysteine	C00021	25246222	57856
HOMOGENTISATE	RXN-2761	PWY-1581	left	homogentisate	C00544	5460389	16169
HOMOGENTISATE	4-HYDROXYPHENYLPYRUVATE-DIOXYGENASE-RXN	PWY-1422	right	homogentisate	C00544	5460389	16169
HOMOGENTISATE	RXN-2541	PWY-1422	left	homogentisate	C00544	5460389	16169
HOMOGENTISATE	HOMOGENTISATE-12-DIOXYGENASE-RXN	TYRFUMCAT-PWY	left	homogentisate	C00544	5460389	16169
HOMOGENTISATE	4-HYDROXYPHENYLPYRUVATE-DIOXYGENASE-RXN	PWY-1581	right	homogentisate	C00544	5460389	16169
HOMOGENTISATE	4-HYDROXYPHENYLPYRUVATE-DIOXYGENASE-RXN	TYRFUMCAT-PWY	right	homogentisate	C00544	5460389	16169
HOMOGENTISATE	RXN-14929	PWY-7436	left	homogentisate	C00544	5460389	16169
CPD-21340	TRANS-OCTAPRENYLTRANSTRANSFERASE-RXN	PWY-5805	right	all-trans -nonaprenyl diphosphate	C04145	25244603;5280650	58391
CPD-21340	RXN-2761	PWY-1581	left	all-trans -nonaprenyl diphosphate	C04145	25244603;5280650	58391
CPD-21340	2.5.1.39-RXN	PWY-5871	left	all-trans -nonaprenyl diphosphate	C04145	25244603;5280650	58391
P-HYDROXY-PHENYLPYRUVATE	4-HYDROXYPHENYLPYRUVATE-DIOXYGENASE-RXN	PWY-1581	left	3-(4-hydroxyphenyl)pyruvate	C01179	6971070	36242
P-HYDROXY-PHENYLPYRUVATE	TYROSINE-AMINOTRANSFERASE-RXN	PWY-5886	right	3-(4-hydroxyphenyl)pyruvate	C01179	6971070	36242
P-HYDROXY-PHENYLPYRUVATE	4-HYDROXYPHENYLPYRUVATE-DIOXYGENASE-RXN	TYRFUMCAT-PWY	left	3-(4-hydroxyphenyl)pyruvate	C01179	6971070	36242
P-HYDROXY-PHENYLPYRUVATE	TYROSINE-AMINOTRANSFERASE-RXN	PWY-5048	right	3-(4-hydroxyphenyl)pyruvate	C01179	6971070	36242
P-HYDROXY-PHENYLPYRUVATE	TYROSINE-AMINOTRANSFERASE-RXN	TYRFUMCAT-PWY	right	3-(4-hydroxyphenyl)pyruvate	C01179	6971070	36242
P-HYDROXY-PHENYLPYRUVATE	4-HYDROXYPHENYLPYRUVATE-DIOXYGENASE-RXN	PWY-1422	left	3-(4-hydroxyphenyl)pyruvate	C01179	6971070	36242
P-HYDROXY-PHENYLPYRUVATE	1.1.1.222-RXN	PWY-5048	right	3-(4-hydroxyphenyl)pyruvate	C01179	6971070	36242
CPD1F-133	RXN-7979	PWY-5945	right	violaxanthin	C08614	448438	35288
CPD1F-133	RXN-7984	PWY-5945	left	violaxanthin	C08614	448438	35288
CPD1F-131	RXN-7984	PWY-5945	right	antheraxanthin	C08579	5281223	27867
CPD1F-131	RXN-7979	PWY-5945	left	antheraxanthin	C08579	5281223	27867
CPD1F-131	RXN-7978	PWY-5945	right	antheraxanthin	C08579	5281223	27867
CPD1F-131	RXN-7985	PWY-5945	left	antheraxanthin	C08579	5281223	27867
L-DEHYDRO-ASCORBATE	RXN-7985	PWY-5945	right	dehydroascorbate	C05422	49791981	58070
L-DEHYDRO-ASCORBATE	ETHYL-RXN	ETHYL-PWY	right	dehydroascorbate	C05422	49791981	58070
L-DEHYDRO-ASCORBATE	RXN-3523	PWY-2261	right	dehydroascorbate	C05422	49791981	58070
L-DEHYDRO-ASCORBATE	RXN-7984	PWY-5945	right	dehydroascorbate	C05422	49791981	58070
L-DEHYDRO-ASCORBATE	1.8.5.1-RXN	PWY-2261	left	dehydroascorbate	C05422	49791981	58070
ASCORBATE	ETHYL-RXN	ETHYL-PWY	left	L-ascorbate	C00072	54679076	38290
ASCORBATE	RXN-3522	PWY-2261	left	L-ascorbate	C00072	54679076	38290
ASCORBATE	RXN-3521	PWY-2261	left	L-ascorbate	C00072	54679076	38290
ASCORBATE	GALACTONOLACTONE-DEHYDROGENASE-RXN	PWY-882	right	L-ascorbate	C00072	54679076	38290
ASCORBATE	RXN-14395	PWY-8142	right	L-ascorbate	C00072	54679076	38290
ASCORBATE	RXN-3523	PWY-2261	right	L-ascorbate	C00072	54679076	38290
ASCORBATE	GALACTONOLACTONE-DEHYDROGENASE-RXN	PWY-8143	right	L-ascorbate	C00072	54679076	38290
ASCORBATE	RXN-7984	PWY-5945	left	L-ascorbate	C00072	54679076	38290
ASCORBATE	1.8.5.1-RXN	PWY-2261	right	L-ascorbate	C00072	54679076	38290
ASCORBATE	RXN-7985	PWY-5945	left	L-ascorbate	C00072	54679076	38290
CPD1F-130	RXN-8026	PWY-5944	right	zeaxanthin	C06098	5280899	27547
CPD1F-130	RXN-7985	PWY-5945	right	zeaxanthin	C06098	5280899	27547
CPD1F-130	RXN-7978	PWY-5945	left	zeaxanthin	C06098	5280899	27547
Protein-Disulfides	RXN-24006	THIOREDOX-PWY	right	a [protein]-disulfide	C02582		16249
Protein-Dithiols	RXN-24006	THIOREDOX-PWY	left	a [protein]-dithiol	C02315		17999
TRANS-D2-ENOYL-COA	ENOYL-COA-HYDRAT-RXN	PWY-5136	right	a (2 E )-2-enoyl-CoA	C00658		50998
TRANS-D2-ENOYL-COA	RXN-7836	PWY-5138	right	a (2 E )-2-enoyl-CoA	C00658		50998
TRANS-D2-ENOYL-COA	RXN-7699	PWY-5138	right	a (2 E )-2-enoyl-CoA	C00658		50998
TRANS-D2-ENOYL-COA	ENOYL-COA-DELTA-ISOM-RXN	PWY-5137	right	a (2 E )-2-enoyl-CoA	C00658		50998
TRANS-D2-ENOYL-COA	RXN-7836	PWY-6837	right	a (2 E )-2-enoyl-CoA	C00658		50998
TRANS-D2-ENOYL-COA	ENOYL-COA-HYDRAT-RXN	PWY-5138	right	a (2 E )-2-enoyl-CoA	C00658		50998
TRANS-D2-ENOYL-COA	RXN-11026	PWY-5136	right	a (2 E )-2-enoyl-CoA	C00658		50998
CIS-DELTA3-ENOYL-COA	ENOYL-COA-DELTA-ISOM-RXN	PWY-5137	left	a (3Z)-3-enoyl-CoA	C05057		27773
CPD-718	RXN-717	PWY-699	right	3-dehydroteasterone	C15792	14353979	20000
CPD-718	RXN-718	PWY-699	right	3-dehydroteasterone	C15792	14353979	20000
CPD-718	RXN-16173	PWY-699	right	3-dehydroteasterone	C15792	14353979	20000
CPD-17422	RXN-11535	PWY-699	right	3-dehydro-6-hydroxyteasterone		102515138	188496
CPD-17422	RXN-16173	PWY-699	left	3-dehydro-6-hydroxyteasterone		102515138	188496
CPD-17421	RXN-16172	PWY-699	left	6-hydroxyteasterone		15928981	188499
CPD-17421	RXN-11536	PWY-699	right	6-hydroxyteasterone		15928981	188499
CPD-716	RXN-716	PWY-699	right	teasterone	C15791	13475125	26863
CPD-716	RXN-717	PWY-699	left	teasterone	C15791	13475125	26863
CPD-716	RXN-16172	PWY-699	right	teasterone	C15791	13475125	26863
CPD-719	RXN-16171	PWY-699	right	typhasterol	C15793	13475120	27173
CPD-719	RXN-718	PWY-699	left	typhasterol	C15793	13475120	27173
CPD-719	RXN-719	PWY-699	left	typhasterol	C15793	13475120	27173
CPD-17420	RXN-16171	PWY-699	left	6-hydroxytyphasterol		102515372	188495
CPD-17420	RXN-4241	PWY-699	right	6-hydroxytyphasterol		102515372	188495
CPD-717	RXN-775	PWY-2582	right	3-dehydro-6-deoxoteasterone	C15800	16061345	20710
CPD-717	RXN-776	PWY-2582	right	3-dehydro-6-deoxoteasterone	C15800	16061345	20710
CPD-717	RXN-775	PWY-699	right	3-dehydro-6-deoxoteasterone	C15800	16061345	20710
CPD-717	RXN-11535	PWY-699	left	3-dehydro-6-deoxoteasterone	C15800	16061345	20710
CPD-717	RXN-11101	PWY-2582	right	3-dehydro-6-deoxoteasterone	C15800	16061345	20710
CPD-717	RXN-11534	PWY-2582	left	3-dehydro-6-deoxoteasterone	C15800	16061345	20710
CPD-717	RXN-776	PWY-699	right	3-dehydro-6-deoxoteasterone	C15800	16061345	20710
CPD-715	RXN-774	PWY-699	right	6-deoxoteasterone	C15799	11144580	20716
CPD-715	RXN-775	PWY-2582	left	6-deoxoteasterone	C15799	11144580	20716
CPD-715	RXN-11536	PWY-699	left	6-deoxoteasterone	C15799	11144580	20716
CPD-715	RXN-774	PWY-2582	right	6-deoxoteasterone	C15799	11144580	20716
CPD-715	RXN-775	PWY-699	left	6-deoxoteasterone	C15799	11144580	20716
CPD-720	RXN-11531	PWY-2582	right	6-deoxotyphasterol	C15801	16061346	20717
CPD-720	RXN-777	PWY-699	left	6-deoxotyphasterol	C15801	16061346	20717
CPD-720	RXN-776	PWY-699	left	6-deoxotyphasterol	C15801	16061346	20717
CPD-720	RXN-776	PWY-2582	left	6-deoxotyphasterol	C15801	16061346	20717
CPD-720	RXN-777	PWY-2582	left	6-deoxotyphasterol	C15801	16061346	20717
CPD-720	RXN-4241	PWY-699	left	6-deoxotyphasterol	C15801	16061346	20717
CPD-724	RXN-779	PWY-2582	left	6alpha-hydroxy-6-deoxocastasterone	C15803	15542699	20760
CPD-724	RXN-779	PWY-699	left	6alpha-hydroxy-6-deoxocastasterone	C15803	15542699	20760
CPD-724	RXN-778	PWY-2582	right	6alpha-hydroxy-6-deoxocastasterone	C15803	15542699	20760
CPD-724	RXN-778	PWY-699	right	6alpha-hydroxy-6-deoxocastasterone	C15803	15542699	20760
CPD-634	RXN-720	PWY-699	left	castasterone	C15794	133534	23051
CPD-634	RXN-720	PWY-2582	left	castasterone	C15794	133534	23051
CPD-634	RXN-11540	PWY-6546	left	castasterone	C15794	133534	23051
CPD-634	RXN-779	PWY-699	right	castasterone	C15794	133534	23051
CPD-634	RXN-779	PWY-2582	right	castasterone	C15794	133534	23051
CPD-634	RXN-10876	PWY-6546	left	castasterone	C15794	133534	23051
CPD-634	RXNQT-4398	PWY-6546	left	castasterone	C15794	133534	23051
CPD-634	RXN-719	PWY-699	right	castasterone	C15794	133534	23051
CPD-723	RXN-778	PWY-2582	left	6-deoxocastasterone	C15802	13870433	20712
CPD-723	RXN-777	PWY-699	right	6-deoxocastasterone	C15802	13870433	20712
CPD-723	RXN-778	PWY-699	left	6-deoxocastasterone	C15802	13870433	20712
CPD-723	RXN-777	PWY-2582	right	6-deoxocastasterone	C15802	13870433	20712
CPD-712	RXN-773	PWY-699	right	6-deoxocathasterone	C15798	16061344	20714
CPD-712	RXN-774	PWY-699	left	6-deoxocathasterone	C15798	16061344	20714
CPD-712	RXN-774	PWY-2582	left	6-deoxocathasterone	C15798	16061344	20714
CPD-712	RXN-773	PWY-2582	right	6-deoxocathasterone	C15798	16061344	20714
CPD-710	RXN-712	PWY-2582	left	campestanol	C15787	119394	36799
CPD-710	RXN-713	PWY-699	left	campestanol	C15787	119394	36799
CPD-710	RXN-712	PWY-699	left	campestanol	C15787	119394	36799
CPD-710	RXN-773	PWY-699	left	campestanol	C15787	119394	36799
CPD-710	RXN-773	PWY-2582	left	campestanol	C15787	119394	36799
CPD-697	RXNQT-4397	PWY-6546	left	brassinolide	C08814	102515088	28277
CPD-697	RXN-720	PWY-699	right	brassinolide	C08814	102515088	28277
CPD-697	RXN-10875	PWY-6546	left	brassinolide	C08814	102515088	28277
CPD-697	RXN-11541	PWY-6546	left	brassinolide	C08814	102515088	28277
CPD-697	RXN-720	PWY-2582	right	brassinolide	C08814	102515088	28277
CPD-714	RXN-716	PWY-699	left	cathasterone	C15790	15341086	23057
CPD-714	RXN-715	PWY-699	right	cathasterone	C15790	15341086	23057
CPD-713	RXN-714	PWY-699	right	6-oxocampestanol	C15789	16061347	20747
CPD-713	RXN-715	PWY-699	left	6-oxocampestanol	C15789	16061347	20747
CPD-711	RXN-714	PWY-699	left	(6alpha)-hydroxycampestanol	C15788	16061348	20761
CPD-711	RXN-713	PWY-699	right	(6alpha)-hydroxycampestanol	C15788	16061348	20761
CPD-709	RXN-712	PWY-699	right	(5alpha)-campestan-3-one	C15786	16061343	18533
CPD-709	RXN-711	PWY-699	left	(5alpha)-campestan-3-one	C15786	16061343	18533
CPD-709	RXN-711	PWY-2582	left	(5alpha)-campestan-3-one	C15786	16061343	18533
CPD-709	RXN-712	PWY-2582	right	(5alpha)-campestan-3-one	C15786	16061343	18533
CPD-698	RXN-710	PWY-699	right	campest-4-en-3-one	C15785	11988279	18534
CPD-698	RXN-711	PWY-2582	right	campest-4-en-3-one	C15785	11988279	18534
CPD-698	RXN-710	PWY-2582	right	campest-4-en-3-one	C15785	11988279	18534
CPD-698	RXN-711	PWY-699	right	campest-4-en-3-one	C15785	11988279	18534
CPD-708	RXN-710	PWY-2582	left	campest-4-en-3beta-ol	C15784	11988278	18535
CPD-708	RXN-709	PWY-699	right	campest-4-en-3beta-ol	C15784	11988278	18535
CPD-708	RXN-709	PWY-2582	right	campest-4-en-3beta-ol	C15784	11988278	18535
CPD-708	RXN-710	PWY-699	left	campest-4-en-3beta-ol	C15784	11988278	18535
CPD-707	RXN-20131	PWY-2541	left	campesterol	C01789	173183	28623
CPD-707	RXN-709	PWY-2582	left	campesterol	C01789	173183	28623
CPD-707	RXN-709	PWY-699	left	campesterol	C01789	173183	28623
CPD-707	RXN-4225	PWY-2582	left	campesterol	C01789	173183	28623
CPD-707	RXN-4242	PWY-2541	left	campesterol	C01789	173183	28623
SEROTONIN	RXN-8707	PWY-8475	right	serotonin	C00780	4048638	350546
SEROTONIN	RXN3DJ-35528	PWY-8475	left	serotonin	C00780	4048638	350546
TRYPTAMINE	RXN-8707	PWY-8475	left	tryptamine	C00398	3985862	57887
TRYPTAMINE	AROMATIC-L-AMINO-ACID-DECARBOXYLASE-RXN	PWY-8475	right	tryptamine	C00398	3985862	57887
TRP	RXN-10139	PWYDQC-4	left	L-tryptophan	C00078	6923516	57912
TRP	AROMATIC-L-AMINO-ACID-DECARBOXYLASE-RXN	PWY-8475	left	L-tryptophan	C00078	6923516	57912
TRP	RXN0-2382	TRPSYN-PWY	right	L-tryptophan	C00078	6923516	57912
N-ACETYL-SEROTONIN	RXN3DJ-35528	PWY-8475	right	N -acetyl-serotonin	C00978	903	17697
N-ACETYL-SEROTONIN	ACETYLSEROTONIN-O-METHYLTRANSFERASE-RXN	PWY-8475	left	N -acetyl-serotonin	C00978	903	17697
N-ACETYL-5-METHOXY-TRYPTAMINE	ACETYLSEROTONIN-O-METHYLTRANSFERASE-RXN	PWY-8475	right	melatonin	C01598	896	16796
CPD-11591	RXN-10749	PWY-7120	right	16-feruloyloxypalmitate	C18217	44237331	55331
FERULOYL-COA	RXN-12349	PWY-6792	left	feruloyl-CoA	C00406	44229137	87305
FERULOYL-COA	CAFFEOYL-COA-O-METHYLTRANSFERASE-RXN	PWY-6792	right	feruloyl-CoA	C00406	44229137	87305
FERULOYL-COA	RXN-10749	PWY-7120	left	feruloyl-CoA	C00406	44229137	87305
FERULOYL-COA	CAFFEOYL-COA-O-METHYLTRANSFERASE-RXN	PWY-361	right	feruloyl-CoA	C00406	44229137	87305
FERULOYL-COA	RXN-1106	PWY-361	left	feruloyl-CoA	C00406	44229137	87305
FERULOYL-COA	CAFFEOYL-COA-O-METHYLTRANSFERASE-RXN	PWY-1121	right	feruloyl-CoA	C00406	44229137	87305
FERULOYL-COA	TYRAMINE-N-FERULOYLTRANSFERASE-RXN	PWY-1121	left	feruloyl-CoA	C00406	44229137	87305
FERULOYL-COA	TYRAMINE-N-FERULOYLTRANSFERASE-RXN	PWY-5474	left	feruloyl-CoA	C00406	44229137	87305
FERULOYL-COA	6.2.1.34-RXN	PWY-1121	right	feruloyl-CoA	C00406	44229137	87305
CPD-12724	RXN-14238	PWY-7212	left	baicalein	C10023	5281605	2979
CPD-12724	RXN-14240	PWY-7214	left	baicalein	C10023	5281605	2979
CPD-12724	RXN-14237	PWY-7212	right	baicalein	C10023	5281605	2979
CPD-12724	RXN-11760	PWY-7212	right	baicalein	C10023	5281605	2979
CPD-12724	RXN-11760	PWY-7214	right	baicalein	C10023	5281605	2979
CPD-12724	RXN-11755	PWY-7212	left	baicalein	C10023	5281605	2979
CPD-15176	RXN-14238	PWY-7212	right	baicalein 7- O -beta- D -glucoside		5320313	
D-Glucopyranuronate	GLUCURONOKINASE-RXN	PWY-4841	left	D-glucopyranuronate			47952
D-Glucopyranuronate	RXN-11760	PWY-7212	right	D-glucopyranuronate			47952
D-Glucopyranuronate	RXN-14062	PWY-7213	right	D-glucopyranuronate			47952
D-Glucopyranuronate	RXN-14693	PWY-4841	left	D-glucopyranuronate			47952
D-Glucopyranuronate	RXN-11760	PWY-7214	right	D-glucopyranuronate			47952
CPD-12725	RXN-11760	PWY-7212	left	baicalin	C10025	40469168	61283
CPD-12725	RXN-11760	PWY-7214	left	baicalin	C10025	40469168	61283
CPD-12725	RXN-11755	PWY-7212	right	baicalin	C10025	40469168	61283
UDP-GLUCURONATE	UGD-RXN	PWY-7346	right	UDP-alpha-D-glucuronate	C00167	25202620	58052
UDP-GLUCURONATE	RXN-11755	PWY-7212	left	UDP-alpha-D-glucuronate	C00167	25202620	58052
UDP-GLUCURONATE	UDP-GLUCURONATE-4-EPIMERASE-RXN	PWY-4861	left	UDP-alpha-D-glucuronate	C00167	25202620	58052
UDP-GLUCURONATE	RXN-14060	PWY-7213	left	UDP-alpha-D-glucuronate	C00167	25202620	58052
UDP-GLUCURONATE	2.7.7.44-RXN	PWY-4841	right	UDP-alpha-D-glucuronate	C00167	25202620	58052
UDP-GLUCURONATE	RXN-9094	PWY-5800	left	UDP-alpha-D-glucuronate	C00167	25202620	58052
UDP-GLUCURONATE	UDP-GLUCURONATE-DECARBOXYLASE-RXN	PWY-4821	left	UDP-alpha-D-glucuronate	C00167	25202620	58052
CPD-8184	RXN-14237	PWY-7212	left	chrysin	C10028	25200543	75095
CYS	ACSERLY-RXN	CYSTSYN-PWY	right	L-cysteine	C00097	6419722	35235
CYS	P-PANTOCYSLIG-RXN	COA-PWY	left	L-cysteine	C00097	6419722	35235
CYS	L-3-CYANOALANINE-SYNTHASE-RXN	P401-PWY	left	L-cysteine	C00097	6419722	35235
CYS	RXN66-555	PWY-7851	left	L-cysteine	C00097	6419722	35235
CYS	RXN-22698	PWY-6823	left	L-cysteine	C00097	6419722	35235
CYS	CYSPH-RXN	PWY-702	left	L-cysteine	C00097	6419722	35235
CYS	RXN-12588	PWY0-1021	left	L-cysteine	C00097	6419722	35235
CYS	RXN0-308	PWY-7888	left	L-cysteine	C00097	6419722	35235
CYS	L-3-CYANOALANINE-SYNTHASE-RXN	ASPSYNII-PWY	left	L-cysteine	C00097	6419722	35235
CYS	RXN-11623	PWY-6577	right	L-cysteine	C00097	6419722	35235
CYS	RXN-12588	PWY-8452	left	L-cysteine	C00097	6419722	35235
CYS	GLUTCYSLIG-RXN	GLUTATHIONESYN-PWY	left	L-cysteine	C00097	6419722	35235
L-ALPHA-ALANINE	RXN-22698	PWY-6823	right	L-alanine	C00041	7311724	57972
L-ALPHA-ALANINE	ALANINE-AMINOTRANSFERASE-RXN	ALACAT2-PWY	left	L-alanine	C00041	7311724	57972
L-ALPHA-ALANINE	ALANINE-AMINOTRANSFERASE-RXN	PWY-7117	left	L-alanine	C00041	7311724	57972
L-ALPHA-ALANINE	TRANS-RXN-399	PWY-7117	left	L-alanine	C00041	7311724	57972
L-ALPHA-ALANINE	ALANINE-AMINOTRANSFERASE-RXN	ALANINE-DEG3-PWY	left	L-alanine	C00041	7311724	57972
L-ALPHA-ALANINE	ALANINE-AMINOTRANSFERASE-RXN	PWY-7115	left	L-alanine	C00041	7311724	57972
L-ALPHA-ALANINE	ALANINE--GLYOXYLATE-AMINOTRANSFERASE-RXN	GLYSYN-ALA-PWY	left	L-alanine	C00041	7311724	57972
L-ALPHA-ALANINE	RXN-6902	PWY-4321	right	L-alanine	C00041	7311724	57972
L-ALPHA-ALANINE	RXN0-308	PWY-7888	right	L-alanine	C00041	7311724	57972
L-ALPHA-ALANINE	2.6.1.18-RXN	PWY-3941	left	L-alanine	C00041	7311724	57972
L-ALPHA-ALANINE	RXN-2981	PWY-1822	right	L-alanine	C00041	7311724	57972
L-ALPHA-ALANINE	RXN-13698	PWY-7117	right	L-alanine	C00041	7311724	57972
L-ALPHA-ALANINE	TRANS-RXN-399	PWY-7115	left	L-alanine	C00041	7311724	57972
L-ALPHA-ALANINE	ALANINE-AMINOTRANSFERASE-RXN	ALANINE-SYN2-PWY	left	L-alanine	C00041	7311724	57972
L-ALPHA-ALANINE	RXN-2944	PWY-6219	left	L-alanine	C00041	7311724	57972
L-ALPHA-ALANINE	RXN-12588	PWY0-1021	right	L-alanine	C00041	7311724	57972
L-ALPHA-ALANINE	RXN-13698	PWY-7115	right	L-alanine	C00041	7311724	57972
L-ALPHA-ALANINE	TRANS-RXN-399	PWY-7117	right	L-alanine	C00041	7311724	57972
L-ALPHA-ALANINE	SERINE--PYRUVATE-AMINOTRANSFERASE-RXN	PWY-8011	right	L-alanine	C00041	7311724	57972
L-ALPHA-ALANINE	RXN-12588	PWY-8452	right	L-alanine	C00041	7311724	57972
L-ALPHA-ALANINE	RXN-10139	PWYDQC-4	right	L-alanine	C00041	7311724	57972
L-ALPHA-ALANINE	TRANS-RXN-399	PWY-7115	right	L-alanine	C00041	7311724	57972
L-ALPHA-ALANINE	RXN-6902	PWY-6473	right	L-alanine	C00041	7311724	57972
GALACTOSE-1P	GALACTOKIN-RXN	PWY-6527	right	alpha-D-galactose 1-phosphate	C00446	7098639	58336
GALACTOSE-1P	UTPHEXPURIDYLYLTRANS-RXN	PWY-3821	left	alpha-D-galactose 1-phosphate	C00446	7098639	58336
GALACTOSE-1P	GALACTURIDYLYLTRANS-RXN	PWY-6317	left	alpha-D-galactose 1-phosphate	C00446	7098639	58336
GALACTOSE-1P	UTPHEXPURIDYLYLTRANS-RXN	PWY-6527	left	alpha-D-galactose 1-phosphate	C00446	7098639	58336
GALACTOSE-1P	GALACTURIDYLYLTRANS-RXN	PWY-6527	left	alpha-D-galactose 1-phosphate	C00446	7098639	58336
GALACTOSE-1P	GALACTOKIN-RXN	PWY-6317	right	alpha-D-galactose 1-phosphate	C00446	7098639	58336
GALACTOSE-1P	GALACTOKIN-RXN	PWY-3821	right	alpha-D-galactose 1-phosphate	C00446	7098639	58336
ALPHA-D-GALACTOSE	GALACTOKIN-RXN	PWY-6317	left	alpha-D-galactopyranose	C00984	439357	28061
ALPHA-D-GALACTOSE	RXN-11502	PWY-6527	right	alpha-D-galactopyranose	C00984	439357	28061
ALPHA-D-GALACTOSE	GALACTOKIN-RXN	PWY-3821	left	alpha-D-galactopyranose	C00984	439357	28061
ALPHA-D-GALACTOSE	GALACTOKIN-RXN	PWY-6527	left	alpha-D-galactopyranose	C00984	439357	28061
ALPHA-D-GALACTOSE	RXN-11501	PWY-6527	right	alpha-D-galactopyranose	C00984	439357	28061
ALPHA-D-GALACTOSE	ALDOSE1EPIM-RXN	PWY-6317	right	alpha-D-galactopyranose	C00984	439357	28061
CPD-10507	RXN-9808	PWY-6066	left	4-(indol-3-yl)butanoate	C11284	3702659	143274
CPD-10508	RXN-9809	PWY-6066	left	indole-3-butyryl-CoA			
CPD-10508	RXN-9808	PWY-6066	right	indole-3-butyryl-CoA			
CPD-10516	RXN-9809	PWY-6066	right	2-trans-indole-3-butyryl-CoA			
CPD-10516	RXN-9810	PWY-6066	left	2-trans-indole-3-butyryl-CoA			
CPD-10517	RXN-9810	PWY-6066	right	3-hydroxy-indole-3-butyryl-CoA			
CPD-10517	RXN-9811	PWY-6066	left	3-hydroxy-indole-3-butyryl-CoA			
CPD-10518	RXN-9811	PWY-6066	right	3-keto-indole-3-butyryl-CoA			
CPD-10518	RXN-9812	PWY-6066	left	3-keto-indole-3-butyryl-CoA			
CPD-10519	RXN-9813	PWY-6066	left	indole-3-acetyl-CoA			
CPD-10519	RXN-9812	PWY-6066	right	indole-3-acetyl-CoA			
CPD-170	2.4.1.67-RXN	PWY-5337	right	stachyose	C01613	439531	17164
CPD-170	RXN-11501	PWY-6527	left	stachyose	C01613	439531	17164
CPD-458	2.4.1.123-RXN	PWY-5337	right	galactinol	C01235	25202439	17505
CPD-458	2.4.1.82-RXN	PWY-5337	left	galactinol	C01235	25202439	17505
CPD-458	2.4.1.67-RXN	PWY-5337	left	galactinol	C01235	25202439	17505
CPD-1099	2.4.1.67-RXN	PWY-5337	left	raffinose	C00492	439242	16634
CPD-1099	2.4.1.82-RXN	PWY-5337	right	raffinose	C00492	439242	16634
CPD-1099	RXN-11502	PWY-6527	left	raffinose	C00492	439242	16634
CPD-1099	RXN-11501	PWY-6527	right	raffinose	C00492	439242	16634
SUCROSE	3.2.1.48-RXN	PWY-621	left	sucrose	C00089	5988	17992
SUCROSE	SUCROSE-PHOSPHATASE-RXN	SUCSYN-PWY	right	sucrose	C00089	5988	17992
SUCROSE	SUCROSE-PHOSPHATASE-RXN	PWY-7238	right	sucrose	C00089	5988	17992
SUCROSE	RXN-11502	PWY-6527	right	sucrose	C00089	5988	17992
SUCROSE	2.4.1.82-RXN	PWY-5337	left	sucrose	C00089	5988	17992
SUCROSE	SUCROSE-SYNTHASE-RXN	PWY-3801	right	sucrose	C00089	5988	17992
CPD-15476	RXN-14657	PWY-7298	right	8-hydroxy-salvigenin		3083783	192704
CPD-15476	RXN-14656	PWY-7298	left	8-hydroxy-salvigenin		3083783	192704
CPD-15476	RXN-14639	PWY-7298	left	8-hydroxy-salvigenin		3083783	192704
CPD-15477	RXN-14657	PWY-7298	left	salvigenin		161271	192703
CPD-15473	RXN-14635	PWY-7298	left	pilosin		12085264	174456
CPD-15473	RXN-14656	PWY-7298	right	pilosin		12085264	174456
FORMALDEHYDE	RXN-17349	PWY-7749	right	formaldehyde	C00067	712	16842
FORMALDEHYDE	RXN-14655	PWY-7298	right	formaldehyde	C00067	712	16842
FORMALDEHYDE	RXN-2881	PWY-7909	left	formaldehyde	C00067	712	16842
FORMALDEHYDE	RXN-2961	PWY-1801	right	formaldehyde	C00067	712	16842
FORMALDEHYDE	RXN-14656	PWY-7298	right	formaldehyde	C00067	712	16842
CPD-15468	RXN-14635	PWY-7298	right	nevadensin	C10111	160921	7545
CPD-15468	RXN-14655	PWY-7298	right	nevadensin	C10111	160921	7545
CPD-15474	RXN-14655	PWY-7298	left	gardenin B	C15109	96539	79628
CPD-15474	RXN-14639	PWY-7298	right	gardenin B	C15109	96539	79628
STEARIC_ACID	RXN-9548	PWY-8280	right	stearate	C01530	3033836	25629
STEARIC_ACID	RXN-16399	PWY-6733	left	stearate	C01530	3033836	25629
STEARIC_ACID	RXN-9624	PWY-6733	right	stearate	C01530	3033836	25629
STEARIC_ACID	RXN-13268	PWY-6622	left	stearate	C01530	3033836	25629
STEARIC_ACID	RXN-16380	PWY-5989	left	stearate	C01530	3033836	25629
STEARIC_ACID	RXN-16380	PWY-8280	left	stearate	C01530	3033836	25629
STEARIC_ACID	RXN-9548	PWY-5989	right	stearate	C01530	3033836	25629
CPD-55	RXN-11707	PWY-6622	left	octadecanal	C01838	12533	17034
CPD-55	OCTADECANAL-DECARBONYLASE-RXN	PWY-6622	left	octadecanal	C01838	12533	17034
HEPTADECANE-CPD	OCTADECANAL-DECARBONYLASE-RXN	PWY-6622	right	heptadecane	C01816	12398	16148
NADH-P-OR-NOP	PYRROLINECARBREDUCT-RXN	ARG-PRO-PWY	right	NAD(P)H			13392
NADH-P-OR-NOP	RXN-2962	PWY-1801	right	NAD(P)H			13392
NADH-P-OR-NOP	RXN-6382	PWY-3981	right	NAD(P)H			13392
NADH-P-OR-NOP	RXN-14014	PWY-5097	right	NAD(P)H			13392
NADH-P-OR-NOP	PYRROLINECARBREDUCT-RXN	PROSYN-PWY	right	NAD(P)H			13392
NADH-P-OR-NOP	PYRROLINECARBREDUCT-RXN	PWY-3341	right	NAD(P)H			13392
NADH-P-OR-NOP	RXN-15465	PWY-7489	right	NAD(P)H			13392
NADH-P-OR-NOP	RXN-9290	PWY-7477	right	NAD(P)H			13392
NADH-P-OR-NOP	RXN66-281	PWY-5670	left	NAD(P)H			13392
NADH-P-OR-NOP	1.1.1.222-RXN	PWY-5048	right	NAD(P)H			13392
NADH-P-OR-NOP	RXN-7632	PWY-5049	right	NAD(P)H			13392
NADH-P-OR-NOP	1.1.1.285-RXN	PWY-5912	right	NAD(P)H			13392
NADH-P-OR-NOP	RXN-15464	PWY-7489	right	NAD(P)H			13392
NADH-P-OR-NOP	GLYC3PDEHYDROGBIOSYN-RXN	PWY0-1319	right	NAD(P)H			13392
NADH-P-OR-NOP	RXN-15467	PWY-7489	right	NAD(P)H			13392
NADH-P-OR-NOP	RXN-11707	PWY-6622	right	NAD(P)H			13392
NADH-P-OR-NOP	RXN-10693	PWY-641	right	NAD(P)H			13392
NADH-P-OR-NOP	RXN-15466	PWY-7489	right	NAD(P)H			13392
NADH-P-OR-NOP	GLYC3PDEHYDROGBIOSYN-RXN	PWY-5667	right	NAD(P)H			13392
NADH-P-OR-NOP	RXN-3522	PWY-2261	right	NAD(P)H			13392
NADH-P-OR-NOP	HOMOSERDEHYDROG-RXN	HOMOSERSYN-PWY	right	NAD(P)H			13392
NADH-P-OR-NOP	HYDROXYPYRUVATE-REDUCTASE-RXN	PWY-8011	right	NAD(P)H			13392
NADH-P-OR-NOP	RXN-7678	PWY-5068	right	NAD(P)H			13392
NADH-P-OR-NOP	PYRROLINE-2-CARBOXYLATE-REDUCTASE-RXN	PWY-4281	right	NAD(P)H			13392
NAD-P-OR-NOP	PYRROLINECARBREDUCT-RXN	PWY-3341	left	NAD(P) +			13390
NAD-P-OR-NOP	PYRROLINECARBREDUCT-RXN	PROSYN-PWY	left	NAD(P) +			13390
NAD-P-OR-NOP	HYDROXYPYRUVATE-REDUCTASE-RXN	PWY-8011	left	NAD(P) +			13390
NAD-P-OR-NOP	GLYC3PDEHYDROGBIOSYN-RXN	PWY-5667	left	NAD(P) +			13390
NAD-P-OR-NOP	RXN-7632	PWY-5049	left	NAD(P) +			13390
NAD-P-OR-NOP	RXN-15467	PWY-7489	left	NAD(P) +			13390
NAD-P-OR-NOP	RXN-3522	PWY-2261	left	NAD(P) +			13390
NAD-P-OR-NOP	1.1.1.222-RXN	PWY-5048	left	NAD(P) +			13390
NAD-P-OR-NOP	PYRROLINE-2-CARBOXYLATE-REDUCTASE-RXN	PWY-4281	left	NAD(P) +			13390
NAD-P-OR-NOP	RXN-15465	PWY-7489	left	NAD(P) +			13390
NAD-P-OR-NOP	1.1.1.285-RXN	PWY-5912	left	NAD(P) +			13390
NAD-P-OR-NOP	RXN-9290	PWY-7477	left	NAD(P) +			13390
NAD-P-OR-NOP	HOMOSERDEHYDROG-RXN	HOMOSERSYN-PWY	left	NAD(P) +			13390
NAD-P-OR-NOP	RXN-10693	PWY-641	left	NAD(P) +			13390
NAD-P-OR-NOP	GLYC3PDEHYDROGBIOSYN-RXN	PWY0-1319	left	NAD(P) +			13390
NAD-P-OR-NOP	RXN-15464	PWY-7489	left	NAD(P) +			13390
NAD-P-OR-NOP	RXN66-281	PWY-5670	right	NAD(P) +			13390
NAD-P-OR-NOP	RXN-2962	PWY-1801	left	NAD(P) +			13390
NAD-P-OR-NOP	RXN-14014	PWY-5097	left	NAD(P) +			13390
NAD-P-OR-NOP	RXN-6382	PWY-3981	left	NAD(P) +			13390
NAD-P-OR-NOP	RXN-7678	PWY-5068	left	NAD(P) +			13390
NAD-P-OR-NOP	RXN-11707	PWY-6622	left	NAD(P) +			13390
NAD-P-OR-NOP	PYRROLINECARBREDUCT-RXN	ARG-PRO-PWY	left	NAD(P) +			13390
NAD-P-OR-NOP	RXN-15466	PWY-7489	left	NAD(P) +			13390
CPD-9247	RXN-9555	PWY-5973	right	cis -vaccenate	C08367	5461069	30827
ACET	RXN-24254	PWY-6444	right	acetate	C00033	175	30089
ACET	RXN-9245	PWY-5859	left	acetate	C00033	175	30089
ACET	ACETYLORNDEACET-RXN	GLUTORN-PWY	right	acetate	C00033	175	30089
ACET	ACETATE--COA-LIGASE-RXN	PWY66-21	left	acetate	C00033	175	30089
ACET	RXN-9246	PWY-5859	left	acetate	C00033	175	30089
ACET	ACSERLY-RXN	CYSTSYN-PWY	right	acetate	C00033	175	30089
ACET	RXN66-3	PWY66-21	right	acetate	C00033	175	30089
ACETALD	ALCOHOL-DEHYDROG-RXN	PWY-6333	right	acetaldehyde	C00084	177	15343
ACETALD	THREONINE-ALDOLASE-RXN	GLYSYN2-PWY	right	acetaldehyde	C00084	177	15343
ACETALD	ALCOHOL-DEHYDROG-RXN	PWY66-21	right	acetaldehyde	C00084	177	15343
ACETALD	RXN-6161	PWY-5486	right	acetaldehyde	C00084	177	15343
ACETALD	RXN-6161	PWY-6330	right	acetaldehyde	C00084	177	15343
ACETALD	ALCOHOL-DEHYDROG-RXN	PWY-5486	right	acetaldehyde	C00084	177	15343
ACETALD	RXN66-3	PWY66-21	left	acetaldehyde	C00084	177	15343
ETOH	RXN-18670	PWY-6801	left	ethanol	C00469	702	16236
ETOH	ALCOHOL-DEHYDROG-RXN	PWY66-21	left	ethanol	C00469	702	16236
ETOH	ALCOHOL-DEHYDROG-RXN	PWY-5486	left	ethanol	C00469	702	16236
ETOH	ALCOHOL-DEHYDROG-RXN	PWY-6333	left	ethanol	C00469	702	16236
tRNA-uridine34	RXN-23599	PWY-7888	left	a uridine 34 in tRNA			
carbo-me-ur-34-tRNA	RXN-12461	PWY-7888	left	a carboxymethyluridine 34 in tRNA			
carbo-me-ur-34-tRNA	RXN-23599	PWY-7888	right	a carboxymethyluridine 34 in tRNA			
CH33ADO	RXN-17473	PWY0-1507	right	5'-deoxyadenosine	C05198	439182	17319
CH33ADO	RXN-17472	PWY0-1507	right	5'-deoxyadenosine	C05198	439182	17319
CH33ADO	RXN-8340	PWY-6823	right	5'-deoxyadenosine	C05198	439182	17319
CH33ADO	RXN-23599	PWY-7888	right	5'-deoxyadenosine	C05198	439182	17319
CH33ADO	RXN0-949	PWY0-501	right	5'-deoxyadenosine	C05198	439182	17319
CH33ADO	PYRIMSYN1-RXN	PWY-6890	right	5'-deoxyadenosine	C05198	439182	17319
MET	HOMOCYSMET-RXN	PWY-702	right	L-methionine	C00073	6992087	57844
MET	S-ADENMETSYN-RXN	METHIONINE-DEG1-PWY	left	L-methionine	C00073	6992087	57844
MET	S-ADENMETSYN-RXN	PWY-5041	left	L-methionine	C00073	6992087	57844
MET	RXN0-949	PWY0-501	right	L-methionine	C00073	6992087	57844
MET	MMUM-RXN	PWY-5441	right	L-methionine	C00073	6992087	57844
MET	HOMOCYSMET-RXN	PWY-5041	right	L-methionine	C00073	6992087	57844
MET	RXN-15650	PWY-4361	right	L-methionine	C00073	6992087	57844
MET	RXN-8340	PWY-6823	right	L-methionine	C00073	6992087	57844
MET	S-ADENMETSYN-RXN	PWY-5912	left	L-methionine	C00073	6992087	57844
MET	S-ADENMETSYN-RXN	ETHYL-PWY	left	L-methionine	C00073	6992087	57844
MET	HOMOCYSMETB12-RXN	PWY-3841	right	L-methionine	C00073	6992087	57844
MET	METHIONINE-S-METHYLTRANSFERASE-RXN	PWY-5441	left	L-methionine	C00073	6992087	57844
MET	RXN-14301	PWY-701	left	L-methionine	C00073	6992087	57844
MET	RXN-23599	PWY-7888	right	L-methionine	C00073	6992087	57844
MET	RXN-17473	PWY0-1507	right	L-methionine	C00073	6992087	57844
MET	RXN-17472	PWY0-1507	right	L-methionine	C00073	6992087	57844
MET	PYRIMSYN1-RXN	PWY-6890	right	L-methionine	C00073	6992087	57844
Cysteine-Desulfurase-L-cysteine	RXN0-308	PWY-7888	left	an [L-cysteine desulfurase]-L-cysteine			
Cysteine-Desulfurase-L-cysteine	RXN-18705	PWY-7888	right	an [L-cysteine desulfurase]-L-cysteine			
L-Cysteine-Desulfurase-persulfide	RXN0-308	PWY-7888	right	an [L-cysteine desulfurase]- S -sulfanyl-L-cysteine			
L-Cysteine-Desulfurase-persulfide	RXN-18705	PWY-7888	left	an [L-cysteine desulfurase]- S -sulfanyl-L-cysteine			
TUM1-L-cysteine	RXN-18705	PWY-7888	left	a [3-mercaptopyruvate sulfurtransferase]-L-cysteine			
TUM1-L-cysteine	RXN-18704	PWY-7888	right	a [3-mercaptopyruvate sulfurtransferase]-L-cysteine			
TUM1-S-sulfanylcysteine	RXN-18705	PWY-7888	right	a [3-mercaptopyruvate sulfurtransferase]- S -sulfanyl-L-cysteine			
TUM1-S-sulfanylcysteine	RXN-18704	PWY-7888	left	a [3-mercaptopyruvate sulfurtransferase]- S -sulfanyl-L-cysteine			
MOCS3-S-sulfanylcysteine	RXN-18704	PWY-7888	right	a [MOCS3]- S -sulfanylcysteine			
MOCS3-S-sulfanylcysteine	RXN-18701	PWY-7888	left	a [MOCS3]- S -sulfanylcysteine			
MOCS3-L-cysteine	RXN-18704	PWY-7888	left	a [MOCS3 protein]-L-cysteine			
MOCS3-L-cysteine	RXN-18701	PWY-7888	right	a [MOCS3 protein]-L-cysteine			
mcm5s2U-34-tRNA	RXN-18699	PWY-7888	right	a 5-(2-methoxy-2-oxoethyl)2-thiouridine 34 in tRNA			
5-2-me-oxy-2-oxo-et-ur-34-tRNA	RXN-12461	PWY-7888	right	a 5-(2-methoxy-2-oxoethyl)uridine 34 in tRNA			
5-2-me-oxy-2-oxo-et-ur-34-tRNA	RXN-18699	PWY-7888	left	a 5-(2-methoxy-2-oxoethyl)uridine 34 in tRNA			
PYRUVATE	DIHYDRODIPICSYN-RXN	PWY-5097	left	pyruvate	C00022	107735	15361
PYRUVATE	RXN-6161	PWY-5486	left	pyruvate	C00022	107735	15361
PYRUVATE	RXN-6161	PWY-6330	left	pyruvate	C00022	107735	15361
PYRUVATE	PYRUVATEORTHOPHOSPHATE-DIKINASE-RXN	PWY-7117	left	pyruvate	C00022	107735	15361
PYRUVATE	ALANINE-AMINOTRANSFERASE-RXN	ALACAT2-PWY	right	pyruvate	C00022	107735	15361
PYRUVATE	RXN-6902	PWY-4321	left	pyruvate	C00022	107735	15361
PYRUVATE	ACETOLACTSYN-RXN	VALSYN-PWY	left	pyruvate	C00022	107735	15361
PYRUVATE	1.1.1.39-RXN	PWY-7115	right	pyruvate	C00022	107735	15361
PYRUVATE	RXN0-1134	PYRUVDEHYD-PWY	left	pyruvate	C00022	107735	15361
PYRUVATE	DLACTDEHYDROGNAD-RXN	ALACAT2-PWY	right	pyruvate	C00022	107735	15361
PYRUVATE	PEPDEPHOS-RXN	PWY-1042	left	pyruvate	C00022	107735	15361
PYRUVATE	RXN-13698	PWY-7115	left	pyruvate	C00022	107735	15361
PYRUVATE	PYRUVATEORTHOPHOSPHATE-DIKINASE-RXN	PWY-241	left	pyruvate	C00022	107735	15361
PYRUVATE	ALANINE-AMINOTRANSFERASE-RXN	PWY-7117	right	pyruvate	C00022	107735	15361
PYRUVATE	DXS-RXN	NONMEVIPP-PWY	left	pyruvate	C00022	107735	15361
PYRUVATE	ACETOOHBUTSYN-RXN	ILEUSYN-PWY	left	pyruvate	C00022	107735	15361
PYRUVATE	ANTHRANSYN-RXN	TRPSYN-PWY	right	pyruvate	C00022	107735	15361
PYRUVATE	PEPSYNTH-RXN	GLUCONEO-PWY	left	pyruvate	C00022	107735	15361
PYRUVATE	RXN-6902	PWY-6473	left	pyruvate	C00022	107735	15361
PYRUVATE	4.3.1.17-RXN	PWY0-1608	right	pyruvate	C00022	107735	15361
PYRUVATE	1.1.1.39-RXN	PWYQT-4481	right	pyruvate	C00022	107735	15361
PYRUVATE	RXN-10139	PWYDQC-4	left	pyruvate	C00022	107735	15361
PYRUVATE	MALIC-NADP-RXN	PWY-241	right	pyruvate	C00022	107735	15361
PYRUVATE	PEPDEPHOS-RXN	GLYCOLYSIS	left	pyruvate	C00022	107735	15361
PYRUVATE	RXN-13698	PWY-7117	left	pyruvate	C00022	107735	15361
PYRUVATE	L-LACTATE-DEHYDROGENASE-RXN	PWY-5481	right	pyruvate	C00022	107735	15361
PYRUVATE	ADCLY-RXN	PWY-6543	right	pyruvate	C00022	107735	15361
PYRUVATE	PYRUVATEORTHOPHOSPHATE-DIKINASE-RXN	PWY-7115	left	pyruvate	C00022	107735	15361
PYRUVATE	PEPDEPHOS-RXN	PWY-5723	left	pyruvate	C00022	107735	15361
PYRUVATE	ALANINE-AMINOTRANSFERASE-RXN	ALANINE-DEG3-PWY	right	pyruvate	C00022	107735	15361
PYRUVATE	PEPSYNTH-RXN	GLYCOLYSIS	left	pyruvate	C00022	107735	15361
PYRUVATE	D-LACTATE-DEHYDROGENASE-CYTOCHROME-RXN	PWY-5386-1	right	pyruvate	C00022	107735	15361
PYRUVATE	SERINE--PYRUVATE-AMINOTRANSFERASE-RXN	PWY-8011	left	pyruvate	C00022	107735	15361
PYRUVATE	ADCLY-RXN	PWY-3742	right	pyruvate	C00022	107735	15361
PYRUVATE	TRANS-RXN0-570	PWY-241	left	pyruvate	C00022	107735	15361
PYRUVATE	1.1.1.39-RXN	GLUCONEO-PWY	right	pyruvate	C00022	107735	15361
PYRUVATE	DXS-RXN	PWY-7560	left	pyruvate	C00022	107735	15361
PYRUVATE	RXN-9310	PWY-5837	right	pyruvate	C00022	107735	15361
PYRUVATE	MALIC-NADP-RXN	PWY-7117	right	pyruvate	C00022	107735	15361
PYRUVATE	MALIC-NADP-RXN	GLUCONEO-PWY	right	pyruvate	C00022	107735	15361
PYRUVATE	RXN-15127	PWY-702	right	pyruvate	C00022	107735	15361
PYRUVATE	PYRUVDEH-RXN	PWYQT-4481	left	pyruvate	C00022	107735	15361
PYRUVATE	PEPSYNTH-RXN	PWY-5484	left	pyruvate	C00022	107735	15361
PYRUVATE	ALANINE--GLYOXYLATE-AMINOTRANSFERASE-RXN	GLYSYN-ALA-PWY	right	pyruvate	C00022	107735	15361
PYRUVATE	ALANINE-AMINOTRANSFERASE-RXN	ALANINE-SYN2-PWY	right	pyruvate	C00022	107735	15361
PYRUVATE	2.6.1.18-RXN	PWY-3941	right	pyruvate	C00022	107735	15361
PYRUVATE	TRANS-RXN0-570	PWY-241	right	pyruvate	C00022	107735	15361
PYRUVATE	ALANINE-AMINOTRANSFERASE-RXN	PWY-7115	right	pyruvate	C00022	107735	15361
PYRUVATE	PEPDEPHOS-RXN	PWY-5484	left	pyruvate	C00022	107735	15361
CPD0-2474	RXN-13142	PWY-8137	right	( S )-NADPHX	C04899	56927959	64076
CPD0-2474	RXN-20457	PWY-8137	right	( S )-NADPHX	C04899	56927959	64076
CPD0-2474	RXN-13139	PWY-8137	left	( S )-NADPHX	C04899	56927959	64076
CPD-14133	RXN-20456	PWY-8137	right	( R )-NADPHX	C20483	56927826	64077
CPD-14133	RXN-13142	PWY-8137	left	( R )-NADPHX	C20483	56927826	64077
TRANS-CINNAMOYL-BETA-D-GLUCOSE	CINNAMATE-GLUCOSYLTRANSFERASE-RXN	PWY-5968	right	cinnamoyl-beta-D-glucoside	C04164	5280653	16279
CPD-674	PHENYLALANINE-AMMONIA-LYASE-RXN	PWY-6444	right	trans -cinnamate	C00423	5957728	15669
CPD-674	TRANS-CINNAMATE-4-MONOOXYGENASE-RXN	PWY1F-467	left	trans -cinnamate	C00423	5957728	15669
CPD-674	TRANS-CINNAMATE-4-MONOOXYGENASE-RXN	PWY-1121	left	trans -cinnamate	C00423	5957728	15669
CPD-674	TRANS-CINNAMATE-2-MONOOXYGENASE-RXN	PWY-5176	left	trans -cinnamate	C00423	5957728	15669
CPD-674	RXN-24254	PWY-6444	left	trans -cinnamate	C00423	5957728	15669
CPD-674	TRANS-CINNAMATE-4-MONOOXYGENASE-RXN	PWY-8157	left	trans -cinnamate	C00423	5957728	15669
CPD-674	PHENYLALANINE-AMMONIA-LYASE-RXN	PWY-8157	right	trans -cinnamate	C00423	5957728	15669
CPD-674	PHENYLALANINE-AMMONIA-LYASE-RXN	PWY-1121	right	trans -cinnamate	C00423	5957728	15669
CPD-674	PHENYLALANINE-AMMONIA-LYASE-RXN	PWY-5048	right	trans -cinnamate	C00423	5957728	15669
CPD-674	TRANS-CINNAMATE-4-MONOOXYGENASE-RXN	PWY-5048	left	trans -cinnamate	C00423	5957728	15669
CPD-674	CINNAMATE-GLUCOSYLTRANSFERASE-RXN	PWY-5968	left	trans -cinnamate	C00423	5957728	15669
CPD-674	PHENYLALANINE-AMMONIA-LYASE-RXN	PWY1F-467	right	trans -cinnamate	C00423	5957728	15669
STEAROYL-COA	RXN-13294	PWY-7036	left	stearoyl-CoA	C00412	45266614	57394
STEAROYL-COA	RXN-16380	PWY-8280	right	stearoyl-CoA	C00412	45266614	57394
STEAROYL-COA	RXN-16380	PWY-5989	right	stearoyl-CoA	C00412	45266614	57394
STEAROYL-COA	RXN-9624	PWY-6733	left	stearoyl-CoA	C00412	45266614	57394
CPD-13812	RXN-6685	PWY-6950	right	TRIBOA-beta-D-glucoside	C18062	46174045	81477
CPD-13812	RXN-6687	PWY-6950	left	TRIBOA-beta-D-glucoside	C18062	46174045	81477
CPD-6562	RXN-7082	PWY-4441	left	DIMBOA-beta-D-glucoside	C15768	11132470	16603
CPD-6562	RXN-6687	PWY-6950	right	DIMBOA-beta-D-glucoside	C15768	11132470	16603
CPD-6562	RXN-20783	PWY-8076	left	DIMBOA-beta-D-glucoside	C15768	11132470	16603
P-COUMAROYL-COA	RXN-2601	PWY-6039	left	( E )-4-coumaroyl-CoA	C00223	45266584	85008
P-COUMAROYL-COA	4-COUMARATE--COA-LIGASE-RXN	PWY-6982	right	( E )-4-coumaroyl-CoA	C00223	45266584	85008
P-COUMAROYL-COA	RXN-8204	PWY-5284	left	( E )-4-coumaroyl-CoA	C00223	45266584	85008
P-COUMAROYL-COA	RXN-2601	PWY-361	left	( E )-4-coumaroyl-CoA	C00223	45266584	85008
P-COUMAROYL-COA	NARINGENIN-CHALCONE-SYNTHASE-RXN	PWY1F-FLAVSYN	left	( E )-4-coumaroyl-CoA	C00223	45266584	85008
P-COUMAROYL-COA	4-COUMARATE--COA-LIGASE-RXN	PWY-8157	right	( E )-4-coumaroyl-CoA	C00223	45266584	85008
P-COUMAROYL-COA	RXN-8170	PWY-5284	left	( E )-4-coumaroyl-CoA	C00223	45266584	85008
P-COUMAROYL-COA	4-COUMARATE--COA-LIGASE-RXN	PWY-6039	right	( E )-4-coumaroyl-CoA	C00223	45266584	85008
P-COUMAROYL-COA	2.3.1.133-RXN	PWY-6039	left	( E )-4-coumaroyl-CoA	C00223	45266584	85008
P-COUMAROYL-COA	4-COUMARATE--COA-LIGASE-RXN	PWY1F-FLAVSYN	right	( E )-4-coumaroyl-CoA	C00223	45266584	85008
P-COUMAROYL-COA	4-COUMARATE--COA-LIGASE-RXN	PWY-5048	right	( E )-4-coumaroyl-CoA	C00223	45266584	85008
P-COUMAROYL-COA	RXN-11467	PWY-6515	right	( E )-4-coumaroyl-CoA	C00223	45266584	85008
P-COUMAROYL-COA	2.3.1.133-RXN	PWY-361	left	( E )-4-coumaroyl-CoA	C00223	45266584	85008
P-COUMAROYL-COA	NARINGENIN-CHALCONE-SYNTHASE-RXN	PWY-6787	left	( E )-4-coumaroyl-CoA	C00223	45266584	85008
P-COUMAROYL-COA	RXN-8715	PWY-5474	left	( E )-4-coumaroyl-CoA	C00223	45266584	85008
P-COUMAROYL-COA	2.3.1.133-RXN	PWY-6040	left	( E )-4-coumaroyl-CoA	C00223	45266584	85008
P-COUMAROYL-COA	4-COUMARATE--COA-LIGASE-RXN	PWY-6040	right	( E )-4-coumaroyl-CoA	C00223	45266584	85008
P-COUMAROYL-COA	RXN-1101	PWY-361	left	( E )-4-coumaroyl-CoA	C00223	45266584	85008
P-COUMAROYL-COA	RXN-2601	PWY-6040	left	( E )-4-coumaroyl-CoA	C00223	45266584	85008
P-COUMAROYL-COA	2.3.1.133-RXN	PWY-8157	left	( E )-4-coumaroyl-CoA	C00223	45266584	85008
P-COUMAROYL-COA	RXN-7998	PWY-5139	left	( E )-4-coumaroyl-CoA	C00223	45266584	85008
P-COUMAROYL-COA	RXN-7626	PWY-5048	left	( E )-4-coumaroyl-CoA	C00223	45266584	85008
P-COUMAROYL-COA	4-COUMARATE--COA-LIGASE-RXN	PWY-361	right	( E )-4-coumaroyl-CoA	C00223	45266584	85008
P-COUMAROYL-COA	RXN-3142	PWY1F-FLAVSYN	left	( E )-4-coumaroyl-CoA	C00223	45266584	85008
P-COUMAROYL-COA	RXN-21512	PWY-8157	left	( E )-4-coumaroyl-CoA	C00223	45266584	85008
P-COUMAROYL-COA	RXN-12963	PWY-6982	left	( E )-4-coumaroyl-CoA	C00223	45266584	85008
PELARGONIDIN-3-GLUCOSIDE-CMPD	RXN-7828	PWY-5139	left	pelargonidin-3- O -beta-D-glucoside	C12137	102515300	31967
PELARGONIDIN-3-GLUCOSIDE-CMPD	RXN-7828	PWY-5268	left	pelargonidin-3- O -beta-D-glucoside	C12137	102515300	31967
PELARGONIDIN-3-GLUCOSIDE-CMPD	RXN-7997	PWY-5139	left	pelargonidin-3- O -beta-D-glucoside	C12137	102515300	31967
PELARGONIDIN-3-GLUCOSIDE-CMPD	RXN-7998	PWY-5139	left	pelargonidin-3- O -beta-D-glucoside	C12137	102515300	31967
PELARGONIDIN-3-GLUCOSIDE-CMPD	RXN-7834	PWY-5139	left	pelargonidin-3- O -beta-D-glucoside	C12137	102515300	31967
PELARGONIDIN-3-GLUCOSIDE-CMPD	RXN-7830	PWY-5139	left	pelargonidin-3- O -beta-D-glucoside	C12137	102515300	31967
PELARGONIDIN-3-GLUCOSIDE-CMPD	RXN-7997	PWY-5268	left	pelargonidin-3- O -beta-D-glucoside	C12137	102515300	31967
CPD-7384	RXN-7998	PWY-5139	right	pelargonidin 3- O -beta-D-(4-coumaroyl)glucoside	C16368	102515504	80475
CAFFEOYL-COA	RXN-2621	PWY-361	left	( E )-caffeoyl-CoA	C00323	45266599	87136
CAFFEOYL-COA	RXN-2621	PWY-8157	left	( E )-caffeoyl-CoA	C00323	45266599	87136
CAFFEOYL-COA	RXN-7997	PWY-5268	left	( E )-caffeoyl-CoA	C00323	45266599	87136
CAFFEOYL-COA	RXN-8138	PWY-5268	left	( E )-caffeoyl-CoA	C00323	45266599	87136
CAFFEOYL-COA	RXN-1126	PWY-1121	right	( E )-caffeoyl-CoA	C00323	45266599	87136
CAFFEOYL-COA	CAFFEOYL-COA-O-METHYLTRANSFERASE-RXN	PWY-361	left	( E )-caffeoyl-CoA	C00323	45266599	87136
CAFFEOYL-COA	CAFFEOYL-COA-O-METHYLTRANSFERASE-RXN	PWY-1121	left	( E )-caffeoyl-CoA	C00323	45266599	87136
CAFFEOYL-COA	RXN-21513	PWY-8157	left	( E )-caffeoyl-CoA	C00323	45266599	87136
CAFFEOYL-COA	RXN-1126	PWY-6673	right	( E )-caffeoyl-CoA	C00323	45266599	87136
CAFFEOYL-COA	RXN-2622	PWY-361	left	( E )-caffeoyl-CoA	C00323	45266599	87136
CAFFEOYL-COA	RXN-7633	PWY-5049	left	( E )-caffeoyl-CoA	C00323	45266599	87136
CAFFEOYL-COA	RXN-2622	PWY-6673	left	( E )-caffeoyl-CoA	C00323	45266599	87136
CAFFEOYL-COA	RXN-7997	PWY-5139	left	( E )-caffeoyl-CoA	C00323	45266599	87136
CAFFEOYL-COA	CAFFEOYL-COA-O-METHYLTRANSFERASE-RXN	PWY-6792	left	( E )-caffeoyl-CoA	C00323	45266599	87136
CPD-7383	RXN-8140	PWY-5268	left	pelargonidin 3- O -beta-D-caffeoylglucoside	C16297	102515095	80433
CPD-7383	RXN-7997	PWY-5268	right	pelargonidin 3- O -beta-D-caffeoylglucoside	C16297	102515095	80433
CPD-7383	RXN-7997	PWY-5139	right	pelargonidin 3- O -beta-D-caffeoylglucoside	C16297	102515095	80433
CPD-7148	RXN-7832	PWY-5139	right	pelargonidin-3- O -rutinoside-5- O -beta-D-glucoside	C12645	90658862	31969
CPD-7144	RXN-7832	PWY-5139	left	pelargonidin-3- O -rutinoside	C12644	443918	60048
CPD-7144	RXN-7830	PWY-5139	right	pelargonidin-3- O -rutinoside	C12644	443918	60048
MALONYL-COA	RXN-13260	PWY-7029	left	malonyl-CoA	C00083	45266608	57384
MALONYL-COA	RXN-13297	PWY-7036	left	malonyl-CoA	C00083	45266608	57384
MALONYL-COA	RXN-13296	PWY-7036	left	malonyl-CoA	C00083	45266608	57384
MALONYL-COA	RXN-16407	PWY-6733	left	malonyl-CoA	C00083	45266608	57384
MALONYL-COA	RXN-9652	PWY66-430	left	malonyl-CoA	C00083	45266608	57384
MALONYL-COA	RXN-7834	PWY-5139	left	malonyl-CoA	C00083	45266608	57384
MALONYL-COA	RXN-9648	PWY66-430	left	malonyl-CoA	C00083	45266608	57384
MALONYL-COA	NARINGENIN-CHALCONE-SYNTHASE-RXN	PWY-6787	left	malonyl-CoA	C00083	45266608	57384
MALONYL-COA	RXN-8171	PWY-5284	left	malonyl-CoA	C00083	45266608	57384
MALONYL-COA	RXN0-5055	PWY0-1264	right	malonyl-CoA	C00083	45266608	57384
MALONYL-COA	MALONYL-COA-ACP-TRANSACYL-RXN	PWY-4381	left	malonyl-CoA	C00083	45266608	57384
MALONYL-COA	NARINGENIN-CHALCONE-SYNTHASE-RXN	PWY1F-FLAVSYN	left	malonyl-CoA	C00083	45266608	57384
MALONYL-COA	RXN-8139	PWY-5268	left	malonyl-CoA	C00083	45266608	57384
MALONYL-COA	RXN-9650	PWY66-430	left	malonyl-CoA	C00083	45266608	57384
MALONYL-COA	RXN-9653	PWY66-430	left	malonyl-CoA	C00083	45266608	57384
MALONYL-COA	RXN-13294	PWY-7036	left	malonyl-CoA	C00083	45266608	57384
MALONYL-COA	RXN-11468	PWY-6515	left	malonyl-CoA	C00083	45266608	57384
MALONYL-COA	2.3.1.172-RXN	PWY-5268	left	malonyl-CoA	C00083	45266608	57384
MALONYL-COA	RXN-7697	PWY-5080	left	malonyl-CoA	C00083	45266608	57384
MALONYL-COA	RXN-9651	PWY66-430	left	malonyl-CoA	C00083	45266608	57384
MALONYL-COA	RXN0-5055	PWY-4381	right	malonyl-CoA	C00083	45266608	57384
MALONYL-COA	RXN-3142	PWY1F-FLAVSYN	left	malonyl-CoA	C00083	45266608	57384
MALONYL-COA	RXN-13295	PWY-7036	left	malonyl-CoA	C00083	45266608	57384
CPD-7149	RXN-7834	PWY-5139	right	pelargonidin-3- O -(6"- O -malonyl-beta-D-glucoside)	C12642	90658189	31965
CPD-7137	RXN-7828	PWY-5139	right	pelargonin	C08725	167643;441772	57503
CPD-7137	RXN-7828	PWY-5268	right	pelargonin	C08725	167643;441772	57503
CPD-7137	RXN-8138	PWY-5268	left	pelargonin	C08725	167643;441772	57503
CPD-15056	RXN-15122	ILEUSYN-PWY	right	( Z )-2-aminobutenoate	C17234	45259183	58739
CPD-15056	RXN-15121	ILEUSYN-PWY	left	( Z )-2-aminobutenoate	C17234	45259183	58739
CPD-15056	RXN-15121	PWY-701	left	( Z )-2-aminobutenoate	C17234	45259183	58739
CPD-15056	RXN-14301	PWY-701	right	( Z )-2-aminobutenoate	C17234	45259183	58739
CPD-16013	RXN-15123	PWY-701	left	2-iminobutanoate	C20905	19796801	
CPD-16013	RXN-15123	ILEUSYN-PWY	left	2-iminobutanoate	C20905	19796801	
CPD-16013	RXN-15121	PWY-701	right	2-iminobutanoate	C20905	19796801	
CPD-16013	RXN-15121	ILEUSYN-PWY	right	2-iminobutanoate	C20905	19796801	
2-OXOBUTANOATE	RXN-15123	ILEUSYN-PWY	right	2-oxobutanoate	C00109	3593277	16763
2-OXOBUTANOATE	ACETOOHBUTSYN-RXN	ILEUSYN-PWY	left	2-oxobutanoate	C00109	3593277	16763
2-OXOBUTANOATE	RXN-15123	PWY-701	right	2-oxobutanoate	C00109	3593277	16763
2-ACETO-2-HYDROXY-BUTYRATE	ACETOOHBUTREDUCTOISOM-RXN	ILEUSYN-PWY	right	( S )-2-aceto-2-hydroxybutanoate	C06006	21145135	49256
2-ACETO-2-HYDROXY-BUTYRATE	ACETOOHBUTSYN-RXN	ILEUSYN-PWY	right	( S )-2-aceto-2-hydroxybutanoate	C06006	21145135	49256
1-KETO-2-METHYLVALERATE	ACETOOHBUTREDUCTOISOM-RXN	ILEUSYN-PWY	left	( R )-2,3-dihydroxy-3-methylpentanoate	C06007	21145376	49258
1-KETO-2-METHYLVALERATE	DIHYDROXYMETVALDEHYDRAT-RXN	ILEUSYN-PWY	left	( R )-2,3-dihydroxy-3-methylpentanoate	C06007	21145376	49258
DIHYDROLIPOYL-GCVH	RXN-8629	GLYCLEAV-PWY	left	a [glycine-cleavage complex H protein] N 6 -dihydrolipoyl-L-lysine			
DIHYDROLIPOYL-GCVH	GCVT-RXN	GLYCLEAV-PWY	right	a [glycine-cleavage complex H protein] N 6 -dihydrolipoyl-L-lysine			
PROTEIN-LIPOYLLYSINE	RXN-8629	GLYCLEAV-PWY	right	a [glycine-cleavage complex H protein] N 6 -[( R )-lipoyl]-L-lysine			
PROTEIN-LIPOYLLYSINE	GCVP-RXN	GLYCLEAV-PWY	left	a [glycine-cleavage complex H protein] N 6 -[( R )-lipoyl]-L-lysine			
AMINOMETHYLDIHYDROLIPOYL-GCVH	GCVP-RXN	GLYCLEAV-PWY	right	a [glycine-cleavage complex H protein] N 6 -aminomethyldihydrolipoyl-L-lysine			
AMINOMETHYLDIHYDROLIPOYL-GCVH	GCVT-RXN	GLYCLEAV-PWY	left	a [glycine-cleavage complex H protein] N 6 -aminomethyldihydrolipoyl-L-lysine			
GLY	2.3.2.15-RXN	PWY-6745	right	glycine	C00037	5257127	57305
GLY	GLUTATHIONE-SYN-RXN	GLUTATHIONESYN-PWY	left	glycine	C00037	5257127	57305
GLY	GLYCINE-AMINOTRANSFERASE-RXN	PWY-181	left	glycine	C00037	5257127	57305
GLY	SERINE--GLYOXYLATE-AMINOTRANSFERASE-RXN	PWY-181	right	glycine	C00037	5257127	57305
GLY	GLYOHMETRANS-RXN	PWY-3841	left	glycine	C00037	5257127	57305
GLY	GCVMULTI-RXN	PWY-3841	left	glycine	C00037	5257127	57305
GLY	ALANINE--GLYOXYLATE-AMINOTRANSFERASE-RXN	GLYSYN-ALA-PWY	right	glycine	C00037	5257127	57305
GLY	RXNQT-4300	PWY-6909	left	glycine	C00037	5257127	57305
GLY	GLYRIBONUCSYN-RXN	PWY-6121	left	glycine	C00037	5257127	57305
GLY	SERINE-GLYOXYLATE-AMINOTRANSFERASE-RXN	GLYSYN2-PWY	left	glycine	C00037	5257127	57305
GLY	GLYOHMETRANS-RXN	PWY-2161	left	glycine	C00037	5257127	57305
GLY	GCVMULTI-RXN	PWY0-1608	left	glycine	C00037	5257127	57305
GLY	SERINE--GLYOXYLATE-AMINOTRANSFERASE-RXN	PWY-8011	right	glycine	C00037	5257127	57305
GLY	GLYOHMETRANS-RXN	GLYSYN2-PWY	left	glycine	C00037	5257127	57305
GLY	THREONINE-ALDOLASE-RXN	GLYSYN2-PWY	right	glycine	C00037	5257127	57305
GLY	GLYOHMETRANS-RXN	PWY-181	left	glycine	C00037	5257127	57305
GLY	GCVMULTI-RXN	PWY-181	left	glycine	C00037	5257127	57305
GLY	GCVP-RXN	GLYCLEAV-PWY	left	glycine	C00037	5257127	57305
GLY	GLYCINE-AMINOTRANSFERASE-RXN	GLYSYN2-PWY	left	glycine	C00037	5257127	57305
GLY	GLYOHMETRANS-RXN	PWY66-385	left	glycine	C00037	5257127	57305
GLY	GLYOHMETRANS-RXN	PWY0-1608	left	glycine	C00037	5257127	57305
18S-N1mN3acp-pseudoU	RXN-22911	PWY-8341	right	an N 1 -methyl- N 3 -aminocarboxypropyl-pseudouridine in 18S rRNA			
5-METHYLTHIOADENOSINE	SPERMIDINESYN-RXN	BSUBPOLYAMSYN-PWY	right	S -methyl-5'-thioadenosine	C00170	439176	17509
5-METHYLTHIOADENOSINE	2.5.1.43-RXN	PWY-5957	right	S -methyl-5'-thioadenosine	C00170	439176	17509
5-METHYLTHIOADENOSINE	RXN-11371	PWY-7546	right	S -methyl-5'-thioadenosine	C00170	439176	17509
5-METHYLTHIOADENOSINE	2.5.1.43-RXN	PWY-5912	right	S -methyl-5'-thioadenosine	C00170	439176	17509
5-METHYLTHIOADENOSINE	METHYLTHIOADENOSINE-NUCLEOSIDASE-RXN	PWY-6754	left	S -methyl-5'-thioadenosine	C00170	439176	17509
5-METHYLTHIOADENOSINE	4.4.1.14-RXN	ETHYL-PWY	right	S -methyl-5'-thioadenosine	C00170	439176	17509
5-METHYLTHIOADENOSINE	RXN-22911	PWY-8341	right	S -methyl-5'-thioadenosine	C00170	439176	17509
5-METHYLTHIOADENOSINE	SPERMINE-SYNTHASE-RXN	ARGSPECAT-PWY	right	S -methyl-5'-thioadenosine	C00170	439176	17509
5-METHYLTHIOADENOSINE	SPERMINE-SYNTHASE-RXN	POLYAMINSYN3-PWY	right	S -methyl-5'-thioadenosine	C00170	439176	17509
18S-rRNA-N1-methylpseudouridine	RXN-13327	PWY-8341	right	an 18S rRNA N 1 -methylpseudouridine			
18S-rRNA-N1-methylpseudouridine	RXN-22911	PWY-8341	left	an 18S rRNA N 1 -methylpseudouridine			
18S-rRNAs-Pseudouridines	RXN-22910	PWY-8341	right	a 18S rRNA pseudouridine			
18S-rRNAs-Pseudouridines	RXN-13327	PWY-8341	left	a 18S rRNA pseudouridine			
18S-rRNA-uridines	RXN-22910	PWY-8341	left	a uridine in 18S rRNA			
CPD-8844	RXN-11911	PWY-5434	right	(3 E )-4,8-dimethylnona-1,3,7-triene	C21795	6427110	60158
CPD-8844	RXN-8619	PWY-5434	right	(3 E )-4,8-dimethylnona-1,3,7-triene	C21795	6427110	60158
CPD-8847	RXN-12293	PWY-6786	left	but-3-en-2-one	C20701	6570	48058
CPD-8847	RXN-11911	PWY-5434	right	but-3-en-2-one	C20701	6570	48058
CPD-8847	RXN-8620	PWY-6668	right	but-3-en-2-one	C20701	6570	48058
CPD-8847	RXN-8619	PWY-5434	right	but-3-en-2-one	C20701	6570	48058
CPD-12568	RXN-8616	PWY-5434	right	(3 S ,6 E )-nerolidol	C09704	5281525	59958
CPD-12568	RXN-11911	PWY-5434	left	(3 S ,6 E )-nerolidol	C09704	5281525	59958
CPD-8843	RXN-11575	PWY-5434	right	(3 R ,6 E )-nerolidol	C19746	11241545	59959
CPD-8843	RXN-8619	PWY-5434	left	(3 R ,6 E )-nerolidol	C19746	11241545	59959
GERANYL-PP	FPPSYN-RXN	PWY-5123	left	geranyl diphosphate	C00341	19379894	58057
GERANYL-PP	FPPSYN-RXN	PWYQT-4449	left	geranyl diphosphate	C00341	19379894	58057
GERANYL-PP	GPPSYN-RXN	PWY-5123	right	geranyl diphosphate	C00341	19379894	58057
GERANYL-PP	4.2.3.25-RXN	PWY-7141	left	geranyl diphosphate	C00341	19379894	58057
GERANYL-PP	GPPSYN-RXN	PWY-5122	right	geranyl diphosphate	C00341	19379894	58057
GERANYL-PP	TRANS-OCTAPRENYLTRANSTRANSFERASE-RXN	PWY-5805	left	geranyl diphosphate	C00341	19379894	58057
GERANYL-PP	GPPSYN-RXN	PWY-7141	right	geranyl diphosphate	C00341	19379894	58057
CPD-8997	4.2.3.25-RXN	PWY-7141	right	(3S)-linalool	C11389	67179	98
CPD-4211	RXN0-884	PWY-7560	left	prenyl diphosphate	C00235	15983958	57623
CPD-4211	IPPISOM-RXN	PWY-7560	right	prenyl diphosphate	C00235	15983958	57623
CPD-4211	IPPISOM-RXN	NONMEVIPP-PWY	right	prenyl diphosphate	C00235	15983958	57623
CPD-4211	IPPISOM-RXN	PWY-922	right	prenyl diphosphate	C00235	15983958	57623
CPD-4211	RXN0-6274	PWY-2781	left	prenyl diphosphate	C00235	15983958	57623
CPD-4211	GPPSYN-RXN	PWY-5122	left	prenyl diphosphate	C00235	15983958	57623
CPD-4211	RXN-4307	PWY-2681	left	prenyl diphosphate	C00235	15983958	57623
CPD-4211	GPPSYN-RXN	PWY-5123	left	prenyl diphosphate	C00235	15983958	57623
CPD-4211	4.2.3.27-RXN	PWY-6270	left	prenyl diphosphate	C00235	15983958	57623
CPD-4211	RXN-4303	PWY-2681	left	prenyl diphosphate	C00235	15983958	57623
CPD-4211	RXN-4305	PWY-2681	left	prenyl diphosphate	C00235	15983958	57623
CPD-4211	RXN-24043	NONMEVIPP-PWY	left	prenyl diphosphate	C00235	15983958	57623
CPD-4211	GPPSYN-RXN	PWY-7141	left	prenyl diphosphate	C00235	15983958	57623
DELTA3-ISOPENTENYL-PP	IPPISOM-RXN	PWY-922	left	isopentenyl diphosphate	C00129	15983957	128769
DELTA3-ISOPENTENYL-PP	RXN0-5180	PWY-5815	left	isopentenyl diphosphate	C00129	15983957	128769
DELTA3-ISOPENTENYL-PP	IPPISOM-RXN	NONMEVIPP-PWY	left	isopentenyl diphosphate	C00129	15983957	128769
DELTA3-ISOPENTENYL-PP	GPPSYN-RXN	PWY-7141	left	isopentenyl diphosphate	C00129	15983957	128769
DELTA3-ISOPENTENYL-PP	DIPHOSPHOMEVALONTE-DECARBOXYLASE-RXN	PWY-922	right	isopentenyl diphosphate	C00129	15983957	128769
DELTA3-ISOPENTENYL-PP	RXN-9137	PWY-5815	left	isopentenyl diphosphate	C00129	15983957	128769
DELTA3-ISOPENTENYL-PP	FPPSYN-RXN	PWYQT-4449	left	isopentenyl diphosphate	C00129	15983957	128769
DELTA3-ISOPENTENYL-PP	FARNESYLTRANSTRANSFERASE-RXN	PWY-5120	left	isopentenyl diphosphate	C00129	15983957	128769
DELTA3-ISOPENTENYL-PP	GPPSYN-RXN	PWY-5122	left	isopentenyl diphosphate	C00129	15983957	128769
DELTA3-ISOPENTENYL-PP	RXN-24044	NONMEVIPP-PWY	left	isopentenyl diphosphate	C00129	15983957	128769
DELTA3-ISOPENTENYL-PP	UPPSYN-RXN	PWYQT-4449	left	isopentenyl diphosphate	C00129	15983957	128769
DELTA3-ISOPENTENYL-PP	FPPSYN-RXN	PWY-5123	left	isopentenyl diphosphate	C00129	15983957	128769
DELTA3-ISOPENTENYL-PP	GPPSYN-RXN	PWY-5123	left	isopentenyl diphosphate	C00129	15983957	128769
DELTA3-ISOPENTENYL-PP	RXN-9106	PWY-5872	left	isopentenyl diphosphate	C00129	15983957	128769
DELTA3-ISOPENTENYL-PP	TRANS-OCTAPRENYLTRANSTRANSFERASE-RXN	PWY-5805	left	isopentenyl diphosphate	C00129	15983957	128769
DELTA3-ISOPENTENYL-PP	RXN0-5180	PWYQT-4449	left	isopentenyl diphosphate	C00129	15983957	128769
DELTA3-ISOPENTENYL-PP	IPPISOM-RXN	PWY-7560	left	isopentenyl diphosphate	C00129	15983957	128769
DELTA3-ISOPENTENYL-PP	ISPH2-RXN	PWY-7560	left	isopentenyl diphosphate	C00129	15983957	128769
DELTA3-ISOPENTENYL-PP	OPPSYN-RXN	PWYQT-4449	left	isopentenyl diphosphate	C00129	15983957	128769
UDP-SULFOQUINOVOSE	RXN-1224	PWYQT-4427	left	UDP-alpha-D-sulfoquinovopyranose	C11521	25200933	60009
UDP-SULFOQUINOVOSE	RXN-1223	PWYQT-4427	left	UDP-alpha-D-sulfoquinovopyranose	C11521	25200933	60009
SULFOQUINOVOSYLDIACYLGLYCEROL	RXN-1224	PWYQT-4427	right	a 1,2-diacyl-3-(6-sulfo-alpha-D-quinovosyl)- sn -glycerol	C13508	25244599	32167
MOCS3-Cysteine	RXN-12473	PWY-6823	right	a [molybdopterin synthase sulfurtransferase]-L-cysteine			
MOCS3-Cysteine	RXN-22698	PWY-6823	left	a [molybdopterin synthase sulfurtransferase]-L-cysteine			
MOCS3-Cysteine-Persulfide	RXN-22698	PWY-6823	right	a [molybdopterin synthase sulfurtransferase]- S -sulfanyl-L-cysteine			
MOCS3-Cysteine-Persulfide	RXN-12473	PWY-6823	left	a [molybdopterin synthase sulfurtransferase]- S -sulfanyl-L-cysteine			
CPD-19179	RXN-8340	PWY-6823	right	(8 S )-3',8-cyclo-7,8-dihydroguanosine 5'-triphosphate	C21310	135921686	131766
CPD-19179	RXN-17809	PWY-6823	left	(8 S )-3',8-cyclo-7,8-dihydroguanosine 5'-triphosphate	C21310	135921686	131766
PRECURSOR-Z	RXN-17809	PWY-6823	right	cyclic pyranopterin phosphate		135440046	59648
PRECURSOR-Z	RXN-8342	PWY-6823	left	cyclic pyranopterin phosphate		135440046	59648
CPD-4	RXN-8344	PWY-8171	left	molybdopterin	C05924	135398580	58698
CPD-4	RXN-8342	PWY-6823	right	molybdopterin	C05924	135398580	58698
CPD0-1028	RXN0-5180	PWYQT-4449	right	2- cis ,6- trans ,10- trans -geranylgeranyl diphosphate	C11356	25245826	62639
CPD0-1028	RXN0-5180	PWY-5815	right	2- cis ,6- trans ,10- trans -geranylgeranyl diphosphate	C11356	25245826	62639
Di-trans-poly-cis-polyprenyl-PP	UPPSYN-RXN	PWYQT-4449	left	a di- trans , poly- cis -polyisoprenyl diphosphate			
Di-trans-poly-cis-polyprenyl-PP	UPPSYN-RXN	PWYQT-4449	right	a di- trans , poly- cis -polyisoprenyl diphosphate			
TRANS-POLYISOPRENYL-PP	OPPSYN-RXN	PWYQT-4449	left	an all- trans -polyprenyl diphosphate			
TRANS-POLYISOPRENYL-PP	OPPSYN-RXN	PWYQT-4449	right	an all- trans -polyprenyl diphosphate			
COUMARATE	4-COUMARATE--COA-LIGASE-RXN	PWY-6982	left	4-coumarate	C00811	54708745	12876
COUMARATE	RXN-1103	PWY-1121	left	4-coumarate	C00811	54708745	12876
COUMARATE	TRANS-CINNAMATE-4-MONOOXYGENASE-RXN	PWY1F-467	right	4-coumarate	C00811	54708745	12876
COUMARATE	TRANS-CINNAMATE-4-MONOOXYGENASE-RXN	PWY-1121	right	4-coumarate	C00811	54708745	12876
COUMARATE	4-COUMARATE--COA-LIGASE-RXN	PWY-5048	left	4-coumarate	C00811	54708745	12876
COUMARATE	4-COUMARATE--COA-LIGASE-RXN	PWY1F-FLAVSYN	left	4-coumarate	C00811	54708745	12876
COUMARATE	TRANS-CINNAMATE-4-MONOOXYGENASE-RXN	PWY-5048	right	4-coumarate	C00811	54708745	12876
COUMARATE	4-COUMARATE--COA-LIGASE-RXN	PWY-6039	left	4-coumarate	C00811	54708745	12876
COUMARATE	4-COUMARATE--COA-LIGASE-RXN	PWY-8157	left	4-coumarate	C00811	54708745	12876
COUMARATE	4-COUMARATE--COA-LIGASE-RXN	PWY-6040	left	4-coumarate	C00811	54708745	12876
COUMARATE	4-COUMARATE--COA-LIGASE-RXN	PWY-361	left	4-coumarate	C00811	54708745	12876
COUMARATE	TRANS-CINNAMATE-4-MONOOXYGENASE-RXN	PWY-8157	right	4-coumarate	C00811	54708745	12876
CAFFEOYLQUINATE	1.14.13.36-RXN	PWY-361	right	chlorogenate	C00852	1794426	57644
CAFFEOYLQUINATE	1.14.13.36-RXN	PWY-6040	right	chlorogenate	C00852	1794426	57644
CAFFEOYLQUINATE	RXN-2622	PWY-6673	right	chlorogenate	C00852	1794426	57644
CAFFEOYLQUINATE	RXN-2622	PWY-361	right	chlorogenate	C00852	1794426	57644
CAFFEOYLQUINATE	1.14.13.36-RXN	PWY-6039	right	chlorogenate	C00852	1794426	57644
CAFFEOYLQUINATE	2.3.1.98-RXN	PWY-6673	left	chlorogenate	C00852	1794426	57644
4-COUMAROYLQUINATE	1.14.13.36-RXN	PWY-361	left	trans -5- O -(4-coumaroyl)-D-quinate	C12208	40466964	57575
4-COUMAROYLQUINATE	RXN-2601	PWY-361	right	trans -5- O -(4-coumaroyl)-D-quinate	C12208	40466964	57575
4-COUMAROYLQUINATE	1.14.13.36-RXN	PWY-6039	left	trans -5- O -(4-coumaroyl)-D-quinate	C12208	40466964	57575
4-COUMAROYLQUINATE	RXN-2601	PWY-6040	right	trans -5- O -(4-coumaroyl)-D-quinate	C12208	40466964	57575
4-COUMAROYLQUINATE	RXN-2601	PWY-6039	right	trans -5- O -(4-coumaroyl)-D-quinate	C12208	40466964	57575
4-COUMAROYLQUINATE	1.14.13.36-RXN	PWY-6040	left	trans -5- O -(4-coumaroyl)-D-quinate	C12208	40466964	57575
QUINATE	RXN-2601	PWY-6039	left	L-quinate	C00296	1560034	29751
QUINATE	RXN-2622	PWY-6673	left	L-quinate	C00296	1560034	29751
QUINATE	RXN-2622	PWY-361	left	L-quinate	C00296	1560034	29751
QUINATE	RXN-2601	PWY-6040	left	L-quinate	C00296	1560034	29751
QUINATE	RXN-2601	PWY-361	left	L-quinate	C00296	1560034	29751
QUINATE	2.3.1.98-RXN	PWY-6673	right	L-quinate	C00296	1560034	29751
SHIKIMATE	SHIKIMATE-KINASE-RXN	PWY-6163	left	shikimate	C00493	7057976	36208
SHIKIMATE	2.3.1.133-RXN	PWY-361	left	shikimate	C00493	7057976	36208
SHIKIMATE	RXN-2621	PWY-361	left	shikimate	C00493	7057976	36208
SHIKIMATE	2.3.1.133-RXN	PWY-8157	left	shikimate	C00493	7057976	36208
SHIKIMATE	RXN-2621	PWY-8157	left	shikimate	C00493	7057976	36208
SHIKIMATE	2.3.1.133-RXN	PWY-6039	left	shikimate	C00493	7057976	36208
SHIKIMATE	SHIKIMATE-5-DEHYDROGENASE-RXN	PWY-6163	left	shikimate	C00493	7057976	36208
SHIKIMATE	2.3.1.133-RXN	PWY-6040	left	shikimate	C00493	7057976	36208
CPD-412	RXN-2581	PWY-6040	left	trans -5-O-(4-coumaroyl)shikimate	C02947	25245116	57768
CPD-412	RXN-2581	PWY-6039	left	trans -5-O-(4-coumaroyl)shikimate	C02947	25245116	57768
CPD-412	2.3.1.133-RXN	PWY-6039	right	trans -5-O-(4-coumaroyl)shikimate	C02947	25245116	57768
CPD-412	RXN-2581	PWY-8157	left	trans -5-O-(4-coumaroyl)shikimate	C02947	25245116	57768
CPD-412	2.3.1.133-RXN	PWY-361	right	trans -5-O-(4-coumaroyl)shikimate	C02947	25245116	57768
CPD-412	2.3.1.133-RXN	PWY-6040	right	trans -5-O-(4-coumaroyl)shikimate	C02947	25245116	57768
CPD-412	2.3.1.133-RXN	PWY-8157	right	trans -5-O-(4-coumaroyl)shikimate	C02947	25245116	57768
CPD-412	RXN-2581	PWY-361	left	trans -5-O-(4-coumaroyl)shikimate	C02947	25245116	57768
CAFFEOYLSHIKIMATE	RXN-2581	PWY-8157	right	5- O -caffeoylshikimate	C10434	25243950	91005
CAFFEOYLSHIKIMATE	RXN-2581	PWY-6040	right	5- O -caffeoylshikimate	C10434	25243950	91005
CAFFEOYLSHIKIMATE	RXN-2581	PWY-361	right	5- O -caffeoylshikimate	C10434	25243950	91005
CAFFEOYLSHIKIMATE	RXN-2621	PWY-361	right	5- O -caffeoylshikimate	C10434	25243950	91005
CAFFEOYLSHIKIMATE	RXN-2581	PWY-6039	right	5- O -caffeoylshikimate	C10434	25243950	91005
CAFFEOYLSHIKIMATE	RXN-2621	PWY-8157	right	5- O -caffeoylshikimate	C10434	25243950	91005
MAL	MALIC-NADP-RXN	PWY-7117	left	( S )-malate	C00149	5459792	15589
MAL	TRANS-RXN-374	PWY-241	left	( S )-malate	C00149	5459792	15589
MAL	TRANS-RXN-374	PWY-241	right	( S )-malate	C00149	5459792	15589
MAL	MALATE-DEH-RXN	PWYQT-4481	left	( S )-malate	C00149	5459792	15589
MAL	1.1.1.39-RXN	PWYQT-4481	left	( S )-malate	C00149	5459792	15589
MAL	FUMHYDR-RXN	PWY-5690	left	( S )-malate	C00149	5459792	15589
MAL	MALATE-DEH-RXN	GLUCONEO-PWY	left	( S )-malate	C00149	5459792	15589
MAL	1.1.1.39-RXN	PWY-7115	left	( S )-malate	C00149	5459792	15589
MAL	1.1.1.39-RXN	GLUCONEO-PWY	left	( S )-malate	C00149	5459792	15589
MAL	MALIC-NADP-RXN	GLUCONEO-PWY	left	( S )-malate	C00149	5459792	15589
MAL	MALATE-DEH-RXN	PWY-7115	left	( S )-malate	C00149	5459792	15589
MAL	TRANS-RXN-374	PWY-7117	left	( S )-malate	C00149	5459792	15589
MAL	MALATE-DEHYDROGENASE-NADP+-RXN	PWY-241	left	( S )-malate	C00149	5459792	15589
MAL	FUMHYDR-RXN	PWYQT-4481	left	( S )-malate	C00149	5459792	15589
MAL	TRANS-RXN-374	PWY-7117	right	( S )-malate	C00149	5459792	15589
MAL	MALIC-NADP-RXN	PWY-241	left	( S )-malate	C00149	5459792	15589
MAL	MALATE-DEHYDROGENASE-NADP+-RXN	PWY-7117	left	( S )-malate	C00149	5459792	15589
MAL	MALATE-DEH-RXN	PWY-5690	left	( S )-malate	C00149	5459792	15589
OXALACETIC_ACID	MALATE-DEH-RXN	PWYQT-4481	right	oxaloacetate	C00036	164550	16452
OXALACETIC_ACID	PEPCARBOX-RXN	PWY-7115	left	oxaloacetate	C00036	164550	16452
OXALACETIC_ACID	RXN-13697	PWY-7117	right	oxaloacetate	C00036	164550	16452
OXALACETIC_ACID	MALATE-DEH-RXN	GLUCONEO-PWY	right	oxaloacetate	C00036	164550	16452
OXALACETIC_ACID	PREPHENATE-ASP-TRANSAMINE-RXN	PWY-3462	left	oxaloacetate	C00036	164550	16452
OXALACETIC_ACID	ASPAMINOTRANS-RXN	PWY-7117	right	oxaloacetate	C00036	164550	16452
OXALACETIC_ACID	PEPCARBOXYKIN-RXN	GLUCONEO-PWY	left	oxaloacetate	C00036	164550	16452
OXALACETIC_ACID	MALATE-DEH-RXN	PWY-7115	right	oxaloacetate	C00036	164550	16452
OXALACETIC_ACID	MALATE-DEHYDROGENASE-NADP+-RXN	PWY-241	right	oxaloacetate	C00036	164550	16452
OXALACETIC_ACID	ASPAMINOTRANS-RXN	ASPARTATESYN-PWY	right	oxaloacetate	C00036	164550	16452
OXALACETIC_ACID	MALATE-DEHYDROGENASE-NADP+-RXN	PWY-7117	right	oxaloacetate	C00036	164550	16452
OXALACETIC_ACID	PEPCARBOX-RXN	PWYQT-4429	left	oxaloacetate	C00036	164550	16452
OXALACETIC_ACID	PEPCARBOXYKIN-RXN	PWY-7117	left	oxaloacetate	C00036	164550	16452
OXALACETIC_ACID	CITSYN-RXN	PWY-5690	left	oxaloacetate	C00036	164550	16452
OXALACETIC_ACID	RXN-13697	PWY-7115	right	oxaloacetate	C00036	164550	16452
OXALACETIC_ACID	PEPCARBOX-RXN	PWY-241	left	oxaloacetate	C00036	164550	16452
OXALACETIC_ACID	PREPHENATE-ASP-TRANSAMINE-RXN	PWY-6120	left	oxaloacetate	C00036	164550	16452
OXALACETIC_ACID	ATP-CITRATE-PRO-S--LYASE-RXN	PWY-5172	left	oxaloacetate	C00036	164550	16452
OXALACETIC_ACID	ASPAMINOTRANS-RXN	ASPARTATE-DEG1-PWY	right	oxaloacetate	C00036	164550	16452
OXALACETIC_ACID	ASPAMINOTRANS-RXN	PWY-7115	right	oxaloacetate	C00036	164550	16452
OXALACETIC_ACID	PREPHENATE-ASP-TRANSAMINE-RXN	PWY-3461	left	oxaloacetate	C00036	164550	16452
OXALACETIC_ACID	PEPCARBOX-RXN	PWY-7117	left	oxaloacetate	C00036	164550	16452
OXALACETIC_ACID	CITSYN-RXN	PWYQT-4481	left	oxaloacetate	C00036	164550	16452
OXALACETIC_ACID	MALATE-DEH-RXN	PWY-5690	right	oxaloacetate	C00036	164550	16452
PHOSPHO-ENOL-PYRUVATE	2PGADEHYDRAT-RXN	PWY-5484	right	phospho enol pyruvate	C00074	3674425	58702
PHOSPHO-ENOL-PYRUVATE	TRANS-RXN-400	PWY-7117	right	phospho enol pyruvate	C00074	3674425	58702
PHOSPHO-ENOL-PYRUVATE	TRANS-RXN-400	PWY-7117	left	phospho enol pyruvate	C00074	3674425	58702
PHOSPHO-ENOL-PYRUVATE	PEPCARBOX-RXN	PWY-7115	right	phospho enol pyruvate	C00074	3674425	58702
PHOSPHO-ENOL-PYRUVATE	PEPCARBOXYKIN-RXN	GLUCONEO-PWY	right	phospho enol pyruvate	C00074	3674425	58702
PHOSPHO-ENOL-PYRUVATE	PEPCARBOX-RXN	PWY-7117	right	phospho enol pyruvate	C00074	3674425	58702
PHOSPHO-ENOL-PYRUVATE	PEPCARBOX-RXN	PWY-241	right	phospho enol pyruvate	C00074	3674425	58702
PHOSPHO-ENOL-PYRUVATE	PEPDEPHOS-RXN	PWY-1042	right	phospho enol pyruvate	C00074	3674425	58702
PHOSPHO-ENOL-PYRUVATE	2PGADEHYDRAT-RXN	GLUCONEO-PWY	right	phospho enol pyruvate	C00074	3674425	58702
PHOSPHO-ENOL-PYRUVATE	KDO-8PSYNTH-RXN	PWY-1269	left	phospho enol pyruvate	C00074	3674425	58702
PHOSPHO-ENOL-PYRUVATE	PEPSYNTH-RXN	GLUCONEO-PWY	right	phospho enol pyruvate	C00074	3674425	58702
PHOSPHO-ENOL-PYRUVATE	2PGADEHYDRAT-RXN	GLYCOLYSIS	right	phospho enol pyruvate	C00074	3674425	58702
PHOSPHO-ENOL-PYRUVATE	2.5.1.19-RXN	PWY-6163	left	phospho enol pyruvate	C00074	3674425	58702
PHOSPHO-ENOL-PYRUVATE	2PGADEHYDRAT-RXN	PWY-5723	right	phospho enol pyruvate	C00074	3674425	58702
PHOSPHO-ENOL-PYRUVATE	PEPSYNTH-RXN	PWY-5484	right	phospho enol pyruvate	C00074	3674425	58702
PHOSPHO-ENOL-PYRUVATE	PYRUVATEORTHOPHOSPHATE-DIKINASE-RXN	PWY-7117	right	phospho enol pyruvate	C00074	3674425	58702
PHOSPHO-ENOL-PYRUVATE	KDO-8PSYNTH-RXN	PWY-5111	left	phospho enol pyruvate	C00074	3674425	58702
PHOSPHO-ENOL-PYRUVATE	PEPDEPHOS-RXN	PWY-5723	right	phospho enol pyruvate	C00074	3674425	58702
PHOSPHO-ENOL-PYRUVATE	PEPCARBOXYKIN-RXN	PWY-7117	right	phospho enol pyruvate	C00074	3674425	58702
PHOSPHO-ENOL-PYRUVATE	PEPSYNTH-RXN	GLYCOLYSIS	right	phospho enol pyruvate	C00074	3674425	58702
PHOSPHO-ENOL-PYRUVATE	PYRUVATEORTHOPHOSPHATE-DIKINASE-RXN	PWY-7115	right	phospho enol pyruvate	C00074	3674425	58702
PHOSPHO-ENOL-PYRUVATE	PEPDEPHOS-RXN	GLYCOLYSIS	right	phospho enol pyruvate	C00074	3674425	58702
PHOSPHO-ENOL-PYRUVATE	2PGADEHYDRAT-RXN	PWY-1042	right	phospho enol pyruvate	C00074	3674425	58702
PHOSPHO-ENOL-PYRUVATE	DAHPSYN-RXN	PWY-6164	left	phospho enol pyruvate	C00074	3674425	58702
PHOSPHO-ENOL-PYRUVATE	PYRUVATEORTHOPHOSPHATE-DIKINASE-RXN	PWY-241	right	phospho enol pyruvate	C00074	3674425	58702
PHOSPHO-ENOL-PYRUVATE	PEPDEPHOS-RXN	PWY-5484	right	phospho enol pyruvate	C00074	3674425	58702
PHOSPHO-ENOL-PYRUVATE	PEPCARBOX-RXN	PWYQT-4429	right	phospho enol pyruvate	C00074	3674425	58702
3-P-SERINE	RXN0-5114	SERSYN-PWY	left	O -phospho-L-serine	C01005	7059387	57524
3-P-SERINE	PSERTRANSAM-RXN	SERSYN-PWY	left	O -phospho-L-serine	C01005	7059387	57524
SER	RXN-1382	PHOSLIPSYN2-PWY	left	L-serine	C00065	6857581	33384
SER	PHOSPHASERSYN-RXN	PWY-5669	left	L-serine	C00065	6857581	33384
SER	RXN-5641	PWY-3385	left	L-serine	C00065	6857581	33384
SER	GLYOHMETRANS-RXN	PWY-3841	right	L-serine	C00065	6857581	33384
SER	RXN-5641	PWY4FS-6	left	L-serine	C00065	6857581	33384
SER	RXN0-5114	SERSYN-PWY	right	L-serine	C00065	6857581	33384
SER	GLYOHMETRANS-RXN	PWY-2161	right	L-serine	C00065	6857581	33384
SER	SERINE-C-PALMITOYLTRANSFERASE-RXN	PWY-5129	left	L-serine	C00065	6857581	33384
SER	SERINE--PYRUVATE-AMINOTRANSFERASE-RXN	PWY-8011	left	L-serine	C00065	6857581	33384
SER	GLYOHMETRANS-RXN	GLYSYN2-PWY	right	L-serine	C00065	6857581	33384
SER	GLYOHMETRANS-RXN	PWY-181	right	L-serine	C00065	6857581	33384
SER	GLYOHMETRANS-RXN	PWY66-385	right	L-serine	C00065	6857581	33384
SER	SERINE--GLYOXYLATE-AMINOTRANSFERASE-RXN	PWY-8011	left	L-serine	C00065	6857581	33384
SER	SERINE-GLYOXYLATE-AMINOTRANSFERASE-RXN	GLYSYN2-PWY	right	L-serine	C00065	6857581	33384
SER	SERINE-O-ACETTRAN-RXN	CYSTSYN-PWY	left	L-serine	C00065	6857581	33384
SER	SERINE--GLYOXYLATE-AMINOTRANSFERASE-RXN	PWY-181	left	L-serine	C00065	6857581	33384
SER	GLYOHMETRANS-RXN	PWY0-1608	right	L-serine	C00065	6857581	33384
SER	4.3.1.17-RXN	PWY0-1608	left	L-serine	C00065	6857581	33384
SER	PHOSPHASERSYN-RXN	PHOSLIPSYN2-PWY	left	L-serine	C00065	6857581	33384
SER	RXN0-2382	TRPSYN-PWY	left	L-serine	C00065	6857581	33384
G3P	3PGAREARR-RXN	GLYCOLYSIS	right	3-phospho-D-glycerate	C00197	25245548	58272
G3P	3PGAREARR-RXN	PWY-5484	right	3-phospho-D-glycerate	C00197	25245548	58272
G3P	RIBULOSE-BISPHOSPHATE-CARBOXYLASE-RXN	PWY-5723	left	3-phospho-D-glycerate	C00197	25245548	58272
G3P	PHOSGLYPHOS-RXN	SUCSYN-PWY	left	3-phospho-D-glycerate	C00197	25245548	58272
G3P	GLY3KIN-RXN	PWY-181	right	3-phospho-D-glycerate	C00197	25245548	58272
G3P	PHOSGLYPHOS-RXN	PWY-5484	left	3-phospho-D-glycerate	C00197	25245548	58272
G3P	PHOSGLYPHOS-RXN	PWY-1042	left	3-phospho-D-glycerate	C00197	25245548	58272
G3P	PGLYCDEHYDROG-RXN	SERSYN-PWY	left	3-phospho-D-glycerate	C00197	25245548	58272
G3P	3PGAREARR-RXN	GLUCONEO-PWY	right	3-phospho-D-glycerate	C00197	25245548	58272
G3P	PHOSGLYPHOS-RXN	CALVIN-PWY	left	3-phospho-D-glycerate	C00197	25245548	58272
G3P	1.2.1.9-RXN	PWY-1042	right	3-phospho-D-glycerate	C00197	25245548	58272
G3P	RIBULOSE-BISPHOSPHATE-CARBOXYLASE-RXN	CALVIN-PWY	left	3-phospho-D-glycerate	C00197	25245548	58272
G3P	RXN-15513	GLYCOLYSIS	right	3-phospho-D-glycerate	C00197	25245548	58272
G3P	PHOSGLYPHOS-RXN	GLUCONEO-PWY	left	3-phospho-D-glycerate	C00197	25245548	58272
G3P	3-PHOSPHOGLYCERATE-PHOSPHATASE-RXN	PWY-8011	left	3-phospho-D-glycerate	C00197	25245548	58272
G3P	RXN-961	PWY-181	right	3-phospho-D-glycerate	C00197	25245548	58272
G3P	3PGAREARR-RXN	PWY-1042	right	3-phospho-D-glycerate	C00197	25245548	58272
G3P	3PGAREARR-RXN	PWY-5723	right	3-phospho-D-glycerate	C00197	25245548	58272
G3P	RXN-15513	PWY-5484	right	3-phospho-D-glycerate	C00197	25245548	58272
G3P	PHOSGLYPHOS-RXN	GLYCOLYSIS	left	3-phospho-D-glycerate	C00197	25245548	58272
3-P-HYDROXYPYRUVATE	PGLYCDEHYDROG-RXN	SERSYN-PWY	right	3-phosphooxypyruvate	C03232	5460375	18110
3-P-HYDROXYPYRUVATE	PSERTRANSAM-RXN	SERSYN-PWY	right	3-phosphooxypyruvate	C03232	5460375	18110
CPD1G-277	RXN-13309	PWY-7036	left	cerotoyl-CoA		25202335	64868
CPD-14283	RXN-13309	PWY-7036	right	trans -cerot-2-enoyl-CoA		71581195	74281
CPD-14283	RXN-13305	PWY-7036	right	trans -cerot-2-enoyl-CoA		71581195	74281
CPD-14282	RXN-13308	PWY-7036	right	trans -lignocer-2-enoyl-CoA		71627272	74693
CPD-14282	RXN-13304	PWY-7036	right	trans -lignocer-2-enoyl-CoA		71627272	74693
CPD-10280	RXN-13296	PWY-7036	left	lignoceroyl-CoA	C16529	25201814	65052
CPD-10280	RXN-13308	PWY-7036	left	lignoceroyl-CoA	C16529	25201814	65052
CPD-14281	RXN-13303	PWY-7036	right	trans -docos-2-enoyl-CoA		71627306	74692
CPD-14281	RXN-13307	PWY-7036	right	trans -docos-2-enoyl-CoA		71627306	74692
CPD-10279	RXN-12155	PWY-1121	left	docosanoyl-CoA	C16528	25201268	65059
CPD-10279	RXN-13297	PWY-7036	left	docosanoyl-CoA	C16528	25201268	65059
CPD-10279	RXN-13307	PWY-7036	left	docosanoyl-CoA	C16528	25201268	65059
CPD-14280	RXN-13302	PWY-7036	right	(2 E )-icos-2-enoyl-CoA		71627315	74691
CPD-14280	RXN-13306	PWY-7036	right	(2 E )-icos-2-enoyl-CoA		71627315	74691
CPD-9965	RXN-13306	PWY-7036	left	arachidoyl-CoA	C02041	25203411	57380
CPD-9965	RXN-13295	PWY-7036	left	arachidoyl-CoA	C02041	25203411	57380
CPD-14278	RXN-13305	PWY-7036	left	(3 R )-3-hydroxycerotoyl-CoA		72193759	76378
CPD-14278	RXN-13301	PWY-7036	left	(3 R )-3-hydroxycerotoyl-CoA		72193759	76378
CPD-14277	RXN-13304	PWY-7036	left	(3 R )-3-hydroxylignoceroyl-CoA		72193809	76377
CPD-14277	RXN-13300	PWY-7036	left	(3 R )-3-hydroxylignoceroyl-CoA		72193809	76377
CPD-14276	RXN-13299	PWY-7036	left	(3 R )-3-hydroxybehenoyl-CoA		72193817	76375
CPD-14276	RXN-13303	PWY-7036	left	(3 R )-3-hydroxybehenoyl-CoA		72193817	76375
CPD-14275	RXN-13302	PWY-7036	left	(3 R )-3-hydroxy-arachidoyl-CoA		72193813	76373
CPD-14275	RXN-13298	PWY-7036	left	(3 R )-3-hydroxy-arachidoyl-CoA		72193813	76373
CPD-14274	RXN-13296	PWY-7036	right	3-oxocerotoyl-CoA		71581082	73980
CPD-14274	RXN-13301	PWY-7036	right	3-oxocerotoyl-CoA		71581082	73980
CPD-14273	RXN-13297	PWY-7036	right	3-oxolignoceroyl-CoA		71581078	73977
CPD-14273	RXN-13300	PWY-7036	right	3-oxolignoceroyl-CoA		71581078	73977
CPD-10283	RXN-13299	PWY-7036	right	3-oxobehenoyl-CoA		25203083	71451
CPD-10283	RXN-13295	PWY-7036	right	3-oxobehenoyl-CoA		25203083	71451
CPD-14271	RXN-13294	PWY-7036	right	3-oxoicosanoyl-CoA		70678676	65115
CPD-14271	RXN-13298	PWY-7036	right	3-oxoicosanoyl-CoA		70678676	65115
CPD-18	RXN-16045	PWY-5995	left	linoleoyl-CoA	C02050	25245440	57383
Glycerolipids	RXN-9670	PWY-5995	left	a glycerolipid			35741
Glycerolipids	RXN-16045	PWY-5995	left	a glycerolipid			35741
Glycerolipids	RXN-9670	PWY-5368	left	a glycerolipid			35741
Linoleoyl-groups	RXN-16045	PWY-5995	right	a [glycerolipid]-linoleate			
Linoleoyl-groups	RXN-9703	PWY-6710	left	a [glycerolipid]-linoleate			
Linoleoyl-groups	RXN-9669	PWY-5995	right	a [glycerolipid]-linoleate			
Linoleoyl-groups	RXN-16036	PWY-5995	right	a [glycerolipid]-linoleate			
Linoleoyl-groups	RXN-9667	PWY-5997	left	a [glycerolipid]-linoleate			
Linoleoyl-groups	RXN-9703	PWY-6014	left	a [glycerolipid]-linoleate			
Linoleoyl-groups	RXN-16046	PWY-5997	left	a [glycerolipid]-linoleate			
Oleoyl-lipid	RXN-16036	PWY-5995	left	a [glycerolipid]-oleate			
Oleoyl-lipid	RXN-9670	PWY-5368	right	a [glycerolipid]-oleate			
Oleoyl-lipid	RXN-9669	PWY-5995	left	a [glycerolipid]-oleate			
Oleoyl-lipid	RXN-8392	PWY-5368	left	a [glycerolipid]-oleate			
Oleoyl-lipid	RXN-9670	PWY-5995	right	a [glycerolipid]-oleate			
D-Galactopyranuronate	GALACTURONOKINASE-RXN	PWY-4	left	D-galactopyranuronate			4153
D-Galactopyranuronate	RXN-14753	PWY-4	left	D-galactopyranuronate			4153
D-Galactopyranuronate	RXN-14753	PWY-8143	left	D-galactopyranuronate			4153
CPD-15633	RXN-14753	PWY-4	right	aldehydo -D-galacturonate		1593918	12952
CPD-15633	RXN-14753	PWY-8143	right	aldehydo -D-galacturonate		1593918	12952
CPD-15633	RXN-11151	PWY-8143	right	aldehydo -D-galacturonate		1593918	12952
CPD-501	GALACTURONOKINASE-RXN	PWY-4	right	alpha-D-galacturonate 1-phosphate	C04037	25244009	58186
CPD-501	RXN-3	PWY-4	left	alpha-D-galacturonate 1-phosphate	C04037	25244009	58186
UDP-D-GALACTURONATE	RXN-3	PWY-4	right	UDP-alpha-D-galacturonate	C00617	25244587	57635
UDP-D-GALACTURONATE	UDP-GLUCURONATE-4-EPIMERASE-RXN	PWY-4861	right	UDP-alpha-D-galacturonate	C00617	25244587	57635
UDP-D-GALACTURONATE	2.4.1.43-RXN	PWY-1061	left	UDP-alpha-D-galacturonate	C00617	25244587	57635
Very-Long-Chain-Alcohols	RXNQT-4193	PWY-282	left	a very-long-chain fatty alcohol			
Very-Long-Chain-Alcohols	RXNQT-4192	PWY-282	left	a very-long-chain fatty alcohol			
Long-Chain-Acyl-CoAs	RXN-7904	PWY-6803	right	a long-chain fatty acyl-CoA	C02843		33184
Long-Chain-Acyl-CoAs	RXN-7904	PWY-5143	right	a long-chain fatty acyl-CoA	C02843		33184
Long-Chain-Acyl-CoAs	RXNQT-4193	PWY-282	left	a long-chain fatty acyl-CoA	C02843		33184
VLC-alcohol-LC-acyl-ester	RXNQT-4193	PWY-282	right	a very-long-chain alcohol--long-chain acyl wax ester			
VERY-LONG-CHAIN-FATTY-ACYL-COA	RXN-1021	PWY-282	right	a very-long-chain fatty acyl-CoA			61910
VERY-LONG-CHAIN-FATTY-ACYL-COA	RXNQT-4192	PWY-282	right	a very-long-chain fatty acyl-CoA			61910
CARBON-MONOXIDE	RXN-1025	PWY-282	right	carbon monoxide	C00237	281	17245
CARBON-MONOXIDE	RXN-17523	PWY-7170	right	carbon monoxide	C00237	281	17245
CARBON-MONOXIDE	PYRIMSYN1-RXN	PWY-6890	right	carbon monoxide	C00237	281	17245
Very-Long-Chain-Aldehydes	RXN-1021	PWY-282	left	a very-long-chain fatty aldehyde			
Very-Long-Chain-Aldehydes	RXN-1025	PWY-282	left	a very-long-chain fatty aldehyde			
Very-Long-Chain-Alkanes	RXN-1025	PWY-282	right	a very long-chain alkane			
LONG-CHAIN-KETONE	RXN-1023	PWY-282	right	a ketone	C01450		17087
Secondary-Alcohols	RXN-1022	PWY-282	right	a secondary alcohol	C00432		35681
Secondary-Alcohols	RXN-1023	PWY-282	left	a secondary alcohol	C00432		35681
Alkanes	RXN-1022	PWY-282	left	an alkane	C01371		18310
S-LACTOYL-GLUTATHIONE	GLYOXII-RXN	PWY-5386-1	left	( R )- S -lactoylglutathione	C03451	46878377	57474
S-LACTOYL-GLUTATHIONE	GLYOXI-RXN	PWY-5386-1	left	( R )- S -lactoylglutathione	C03451	46878377	57474
RIBULOSE-5P	RIB5PISOM-RXN	PWY-5723	right	D-ribulose 5-phosphate	C00199	21144996	58121
RIBULOSE-5P	DIOHBUTANONEPSYN-RXN	RIBOSYN2-PWY	left	D-ribulose 5-phosphate	C00199	21144996	58121
RIBULOSE-5P	PHOSPHORIBULOKINASE-RXN	CALVIN-PWY	left	D-ribulose 5-phosphate	C00199	21144996	58121
RIBULOSE-5P	RIBULP3EPIM-RXN	CALVIN-PWY	left	D-ribulose 5-phosphate	C00199	21144996	58121
RIBULOSE-5P	PHOSPHORIBULOKINASE-RXN	PWY-5723	left	D-ribulose 5-phosphate	C00199	21144996	58121
RIBULOSE-5P	RIBULP3EPIM-RXN	NONOXIPENT-PWY	left	D-ribulose 5-phosphate	C00199	21144996	58121
RIBULOSE-5P	DARAB5PISOM-RXN	PWY-1269	right	D-ribulose 5-phosphate	C00199	21144996	58121
RIBULOSE-5P	RIB5PISOM-RXN	NONOXIPENT-PWY	right	D-ribulose 5-phosphate	C00199	21144996	58121
RIBULOSE-5P	RXN-9952	OXIDATIVEPENT-PWY	right	D-ribulose 5-phosphate	C00199	21144996	58121
RIBULOSE-5P	RIBULP3EPIM-RXN	PWY-5723	left	D-ribulose 5-phosphate	C00199	21144996	58121
RIBULOSE-5P	RIB5PISOM-RXN	CALVIN-PWY	right	D-ribulose 5-phosphate	C00199	21144996	58121
RIBOSE-5P	RIB5PISOM-RXN	CALVIN-PWY	left	D-ribose 5-phosphate	C00117		
RIBOSE-5P	1TRANSKETO-RXN	CALVIN-PWY	right	D-ribose 5-phosphate	C00117		
RIBOSE-5P	1TRANSKETO-RXN	PWY-5723	right	D-ribose 5-phosphate	C00117		
RIBOSE-5P	1TRANSKETO-RXN	NONOXIPENT-PWY	right	D-ribose 5-phosphate	C00117		
RIBOSE-5P	PRPPSYN-RXN	PWY0-662	left	D-ribose 5-phosphate	C00117		
RIBOSE-5P	RIB5PISOM-RXN	PWY-5723	left	D-ribose 5-phosphate	C00117		
RIBOSE-5P	RIB5PISOM-RXN	NONOXIPENT-PWY	left	D-ribose 5-phosphate	C00117		
D-RIBULOSE-15-P2	RXN-961	PWY-181	left	D-ribulose-1,5-bisphosphate	C01182	23615473	57870
D-RIBULOSE-15-P2	PHOSPHORIBULOKINASE-RXN	CALVIN-PWY	right	D-ribulose-1,5-bisphosphate	C01182	23615473	57870
D-RIBULOSE-15-P2	PHOSPHORIBULOKINASE-RXN	PWY-5723	right	D-ribulose-1,5-bisphosphate	C01182	23615473	57870
D-RIBULOSE-15-P2	RIBULOSE-BISPHOSPHATE-CARBOXYLASE-RXN	CALVIN-PWY	right	D-ribulose-1,5-bisphosphate	C01182	23615473	57870
D-RIBULOSE-15-P2	RIBULOSE-BISPHOSPHATE-CARBOXYLASE-RXN	PWY-5723	right	D-ribulose-1,5-bisphosphate	C01182	23615473	57870
XYLULOSE-5-PHOSPHATE	1TRANSKETO-RXN	NONOXIPENT-PWY	right	D-xylulose 5-phosphate	C00231	5459820	57737
XYLULOSE-5-PHOSPHATE	RIBULP3EPIM-RXN	CALVIN-PWY	right	D-xylulose 5-phosphate	C00231	5459820	57737
XYLULOSE-5-PHOSPHATE	RIBULP3EPIM-RXN	PWY-5723	right	D-xylulose 5-phosphate	C00231	5459820	57737
XYLULOSE-5-PHOSPHATE	2TRANSKETO-RXN	PWY-5723	left	D-xylulose 5-phosphate	C00231	5459820	57737
XYLULOSE-5-PHOSPHATE	RIBULP3EPIM-RXN	NONOXIPENT-PWY	right	D-xylulose 5-phosphate	C00231	5459820	57737
XYLULOSE-5-PHOSPHATE	2TRANSKETO-RXN	CALVIN-PWY	left	D-xylulose 5-phosphate	C00231	5459820	57737
XYLULOSE-5-PHOSPHATE	1TRANSKETO-RXN	CALVIN-PWY	right	D-xylulose 5-phosphate	C00231	5459820	57737
XYLULOSE-5-PHOSPHATE	2TRANSKETO-RXN	NONOXIPENT-PWY	left	D-xylulose 5-phosphate	C00231	5459820	57737
XYLULOSE-5-PHOSPHATE	1TRANSKETO-RXN	PWY-5723	right	D-xylulose 5-phosphate	C00231	5459820	57737
D-SEDOHEPTULOSE-7-P	1TRANSKETO-RXN	PWY-5723	left	D-sedoheptulose 7-phosphate	C05382	46878379	57483
D-SEDOHEPTULOSE-7-P	TRANSALDOL-RXN	NONOXIPENT-PWY	left	D-sedoheptulose 7-phosphate	C05382	46878379	57483
D-SEDOHEPTULOSE-7-P	SEDOHEPTULOSE-BISPHOSPHATASE-RXN	CALVIN-PWY	right	D-sedoheptulose 7-phosphate	C05382	46878379	57483
D-SEDOHEPTULOSE-7-P	1TRANSKETO-RXN	NONOXIPENT-PWY	left	D-sedoheptulose 7-phosphate	C05382	46878379	57483
D-SEDOHEPTULOSE-7-P	1TRANSKETO-RXN	CALVIN-PWY	left	D-sedoheptulose 7-phosphate	C05382	46878379	57483
D-SEDOHEPTULOSE-7-P	TRANSALDOL-RXN	PWY-5723	left	D-sedoheptulose 7-phosphate	C05382	46878379	57483
D-SEDOHEPTULOSE-1-7-P2	SEDOBISALDOL-RXN	CALVIN-PWY	left	D-sedoheptulose 1,7-bisphosphate	C00447	46878435	58335
D-SEDOHEPTULOSE-1-7-P2	SEDOHEPTULOSE-BISPHOSPHATASE-RXN	CALVIN-PWY	left	D-sedoheptulose 1,7-bisphosphate	C00447	46878435	58335
FRUCTOSE-6P	SUCROSE-PHOSPHATE-SYNTHASE-RXN	SUCSYN-PWY	left	beta-D-fructofuranose 6-phosphate	C05345	21604863	57634
FRUCTOSE-6P	PGLUCISOM-RXN	PWY-621	right	beta-D-fructofuranose 6-phosphate	C05345	21604863	57634
FRUCTOSE-6P	F16BDEPHOS-RXN	GLYCOLYSIS	right	beta-D-fructofuranose 6-phosphate	C05345	21604863	57634
FRUCTOSE-6P	FRUCTOKINASE-RXN	PWY-3801	right	beta-D-fructofuranose 6-phosphate	C05345	21604863	57634
FRUCTOSE-6P	F16BDEPHOS-RXN	GLUCONEO-PWY	right	beta-D-fructofuranose 6-phosphate	C05345	21604863	57634
FRUCTOSE-6P	MANNPISOM-RXN	PWY-3881	right	beta-D-fructofuranose 6-phosphate	C05345	21604863	57634
FRUCTOSE-6P	3.1.3.46-RXN	PWY66-423	right	beta-D-fructofuranose 6-phosphate	C05345	21604863	57634
FRUCTOSE-6P	6-PHOSPHOFRUCTO-2-KINASE-RXN	PWY66-423	left	beta-D-fructofuranose 6-phosphate	C05345	21604863	57634
FRUCTOSE-6P	F16BDEPHOS-RXN	SUCSYN-PWY	right	beta-D-fructofuranose 6-phosphate	C05345	21604863	57634
FRUCTOSE-6P	MANNPISOM-RXN	PWY-5659	right	beta-D-fructofuranose 6-phosphate	C05345	21604863	57634
FRUCTOSE-6P	2.7.1.90-RXN	PWY-1042	left	beta-D-fructofuranose 6-phosphate	C05345	21604863	57634
FRUCTOSE-6P	PGLUCISOM-RXN	PWY-622	right	beta-D-fructofuranose 6-phosphate	C05345	21604863	57634
FRUCTOSE-6P	PGLUCISOM-RXN	PWY-5659	right	beta-D-fructofuranose 6-phosphate	C05345	21604863	57634
FRUCTOSE-6P	TRANSALDOL-RXN	NONOXIPENT-PWY	right	beta-D-fructofuranose 6-phosphate	C05345	21604863	57634
FRUCTOSE-6P	PGLUCISOM-RXN	PWY-3801	right	beta-D-fructofuranose 6-phosphate	C05345	21604863	57634
FRUCTOSE-6P	PGLUCISOM-RXN	UDPNACETYLGALSYN-PWY	right	beta-D-fructofuranose 6-phosphate	C05345	21604863	57634
FRUCTOSE-6P	F16BDEPHOS-RXN	CALVIN-PWY	right	beta-D-fructofuranose 6-phosphate	C05345	21604863	57634
FRUCTOSE-6P	L-GLN-FRUCT-6-P-AMINOTRANS-RXN	UDPNACETYLGALSYN-PWY	left	beta-D-fructofuranose 6-phosphate	C05345	21604863	57634
FRUCTOSE-6P	PGLUCISOM-RXN	GLYCOLYSIS	right	beta-D-fructofuranose 6-phosphate	C05345	21604863	57634
FRUCTOSE-6P	PGLUCISOM-RXN	SUCSYN-PWY	right	beta-D-fructofuranose 6-phosphate	C05345	21604863	57634
FRUCTOSE-6P	6PFRUCTPHOS-RXN	GLYCOLYSIS	left	beta-D-fructofuranose 6-phosphate	C05345	21604863	57634
FRUCTOSE-6P	6PFRUCTPHOS-RXN	PWY-5484	left	beta-D-fructofuranose 6-phosphate	C05345	21604863	57634
FRUCTOSE-6P	2TRANSKETO-RXN	NONOXIPENT-PWY	right	beta-D-fructofuranose 6-phosphate	C05345	21604863	57634
FRUCTOSE-6P	PGLUCISOM-RXN	GLUCONEO-PWY	right	beta-D-fructofuranose 6-phosphate	C05345	21604863	57634
FRUCTOSE-6P	F16BDEPHOS-RXN	PWY-5484	right	beta-D-fructofuranose 6-phosphate	C05345	21604863	57634
FRUCTOSE-6P	6PFRUCTPHOS-RXN	PWY-1042	left	beta-D-fructofuranose 6-phosphate	C05345	21604863	57634
FRUCTOSE-6P	FRUCTOKINASE-RXN	PWY-621	right	beta-D-fructofuranose 6-phosphate	C05345	21604863	57634
FRUCTOSE-6P	SUCROSE-PHOSPHATE-SYNTHASE-RXN	PWY-7238	left	beta-D-fructofuranose 6-phosphate	C05345	21604863	57634
FRUCTOSE-6P	2TRANSKETO-RXN	CALVIN-PWY	right	beta-D-fructofuranose 6-phosphate	C05345	21604863	57634
FRUCTOSE-6P	2TRANSKETO-RXN	PWY-5723	right	beta-D-fructofuranose 6-phosphate	C05345	21604863	57634
FRUCTOSE-6P	PGLUCISOM-RXN	PWY-7238	right	beta-D-fructofuranose 6-phosphate	C05345	21604863	57634
FRUCTOSE-6P	TRANSALDOL-RXN	PWY-5723	right	beta-D-fructofuranose 6-phosphate	C05345	21604863	57634
ERYTHROSE-4P	TRANSALDOL-RXN	PWY-5723	right	D-erythrose 4-phosphate	C00279	5459862	16897
ERYTHROSE-4P	TRANSALDOL-RXN	NONOXIPENT-PWY	right	D-erythrose 4-phosphate	C00279	5459862	16897
ERYTHROSE-4P	DAHPSYN-RXN	PWY-6164	left	D-erythrose 4-phosphate	C00279	5459862	16897
ERYTHROSE-4P	2TRANSKETO-RXN	NONOXIPENT-PWY	left	D-erythrose 4-phosphate	C00279	5459862	16897
ERYTHROSE-4P	SEDOBISALDOL-RXN	CALVIN-PWY	right	D-erythrose 4-phosphate	C00279	5459862	16897
ERYTHROSE-4P	2TRANSKETO-RXN	CALVIN-PWY	left	D-erythrose 4-phosphate	C00279	5459862	16897
ERYTHROSE-4P	2TRANSKETO-RXN	PWY-5723	left	D-erythrose 4-phosphate	C00279	5459862	16897
FRUCTOSE-16-DIPHOSPHATE	F16BDEPHOS-RXN	CALVIN-PWY	left	beta-D-fructofuranose 1,6-bisphosphate	C00354	5460765	32966
FRUCTOSE-16-DIPHOSPHATE	6PFRUCTPHOS-RXN	GLYCOLYSIS	right	beta-D-fructofuranose 1,6-bisphosphate	C00354	5460765	32966
FRUCTOSE-16-DIPHOSPHATE	F16ALDOLASE-RXN	PWY-5484	left	beta-D-fructofuranose 1,6-bisphosphate	C00354	5460765	32966
FRUCTOSE-16-DIPHOSPHATE	F16ALDOLASE-RXN	CALVIN-PWY	left	beta-D-fructofuranose 1,6-bisphosphate	C00354	5460765	32966
FRUCTOSE-16-DIPHOSPHATE	6PFRUCTPHOS-RXN	PWY-1042	right	beta-D-fructofuranose 1,6-bisphosphate	C00354	5460765	32966
FRUCTOSE-16-DIPHOSPHATE	F16BDEPHOS-RXN	SUCSYN-PWY	left	beta-D-fructofuranose 1,6-bisphosphate	C00354	5460765	32966
FRUCTOSE-16-DIPHOSPHATE	F16ALDOLASE-RXN	GLUCONEO-PWY	left	beta-D-fructofuranose 1,6-bisphosphate	C00354	5460765	32966
FRUCTOSE-16-DIPHOSPHATE	RXNQT-4146	PWYQT-4433	left	beta-D-fructofuranose 1,6-bisphosphate	C00354	5460765	32966
FRUCTOSE-16-DIPHOSPHATE	F16ALDOLASE-RXN	GLYCOLYSIS	left	beta-D-fructofuranose 1,6-bisphosphate	C00354	5460765	32966
FRUCTOSE-16-DIPHOSPHATE	F16BDEPHOS-RXN	GLUCONEO-PWY	left	beta-D-fructofuranose 1,6-bisphosphate	C00354	5460765	32966
FRUCTOSE-16-DIPHOSPHATE	F16ALDOLASE-RXN	SUCSYN-PWY	left	beta-D-fructofuranose 1,6-bisphosphate	C00354	5460765	32966
FRUCTOSE-16-DIPHOSPHATE	F16BDEPHOS-RXN	GLYCOLYSIS	left	beta-D-fructofuranose 1,6-bisphosphate	C00354	5460765	32966
FRUCTOSE-16-DIPHOSPHATE	F16ALDOLASE-RXN	PWY-1042	left	beta-D-fructofuranose 1,6-bisphosphate	C00354	5460765	32966
FRUCTOSE-16-DIPHOSPHATE	F16BDEPHOS-RXN	PWY-5484	left	beta-D-fructofuranose 1,6-bisphosphate	C00354	5460765	32966
FRUCTOSE-16-DIPHOSPHATE	6PFRUCTPHOS-RXN	PWY-5484	right	beta-D-fructofuranose 1,6-bisphosphate	C00354	5460765	32966
FRUCTOSE-16-DIPHOSPHATE	2.7.1.90-RXN	PWY-1042	right	beta-D-fructofuranose 1,6-bisphosphate	C00354	5460765	32966
DIHYDROXY-ACETONE-PHOSPHATE	TRIOSEPISOMERIZATION-RXN	GLYCOLYSIS	right	glycerone phosphate	C00111	4643300	57642
DIHYDROXY-ACETONE-PHOSPHATE	TRIOSEPISOMERIZATION-RXN	CALVIN-PWY	right	glycerone phosphate	C00111	4643300	57642
DIHYDROXY-ACETONE-PHOSPHATE	F16ALDOLASE-RXN	PWY-1042	right	glycerone phosphate	C00111	4643300	57642
DIHYDROXY-ACETONE-PHOSPHATE	QUINOLINATE-SYNTHA-RXN	PYRIDNUCSYN-PWY	left	glycerone phosphate	C00111	4643300	57642
DIHYDROXY-ACETONE-PHOSPHATE	F16ALDOLASE-RXN	CALVIN-PWY	right	glycerone phosphate	C00111	4643300	57642
DIHYDROXY-ACETONE-PHOSPHATE	F16ALDOLASE-RXN	PWY-5484	right	glycerone phosphate	C00111	4643300	57642
DIHYDROXY-ACETONE-PHOSPHATE	TRIOSEPISOMERIZATION-RXN	PWY-1042	right	glycerone phosphate	C00111	4643300	57642
DIHYDROXY-ACETONE-PHOSPHATE	RXN-15745	PWY-4261	right	glycerone phosphate	C00111	4643300	57642
DIHYDROXY-ACETONE-PHOSPHATE	TRIOSEPISOMERIZATION-RXN	PWY-5484	right	glycerone phosphate	C00111	4643300	57642
DIHYDROXY-ACETONE-PHOSPHATE	F16ALDOLASE-RXN	GLYCOLYSIS	right	glycerone phosphate	C00111	4643300	57642
DIHYDROXY-ACETONE-PHOSPHATE	F16ALDOLASE-RXN	SUCSYN-PWY	right	glycerone phosphate	C00111	4643300	57642
DIHYDROXY-ACETONE-PHOSPHATE	TRIOSEPISOMERIZATION-RXN	GLUCONEO-PWY	right	glycerone phosphate	C00111	4643300	57642
DIHYDROXY-ACETONE-PHOSPHATE	RXN-15745	PWY-6118	right	glycerone phosphate	C00111	4643300	57642
DIHYDROXY-ACETONE-PHOSPHATE	GLYC3PDEHYDROGBIOSYN-RXN	PWY-5667	right	glycerone phosphate	C00111	4643300	57642
DIHYDROXY-ACETONE-PHOSPHATE	1.1.1.8-RXN	PWY-6118	right	glycerone phosphate	C00111	4643300	57642
DIHYDROXY-ACETONE-PHOSPHATE	RXN-15745	PWY-6952	right	glycerone phosphate	C00111	4643300	57642
DIHYDROXY-ACETONE-PHOSPHATE	SEDOBISALDOL-RXN	CALVIN-PWY	right	glycerone phosphate	C00111	4643300	57642
DIHYDROXY-ACETONE-PHOSPHATE	GLYC3PDEHYDROGBIOSYN-RXN	PWY0-1319	right	glycerone phosphate	C00111	4643300	57642
DIHYDROXY-ACETONE-PHOSPHATE	F16ALDOLASE-RXN	GLUCONEO-PWY	right	glycerone phosphate	C00111	4643300	57642
DPG	PHOSGLYPHOS-RXN	CALVIN-PWY	right	3-phospho-D-glyceroyl phosphate	C00236	46878409	57604
DPG	GAPOXNPHOSPHN-RXN	GLYCOLYSIS	right	3-phospho-D-glyceroyl phosphate	C00236	46878409	57604
DPG	GAPOXNPHOSPHN-RXN	PWY-5484	right	3-phospho-D-glyceroyl phosphate	C00236	46878409	57604
DPG	GAPOXNPHOSPHN-RXN	GLUCONEO-PWY	right	3-phospho-D-glyceroyl phosphate	C00236	46878409	57604
DPG	GAPOXNPHOSPHN-RXN	PWY-1042	right	3-phospho-D-glyceroyl phosphate	C00236	46878409	57604
DPG	PHOSGLYPHOS-RXN	SUCSYN-PWY	right	3-phospho-D-glyceroyl phosphate	C00236	46878409	57604
DPG	PHOSGLYPHOS-RXN	GLUCONEO-PWY	right	3-phospho-D-glyceroyl phosphate	C00236	46878409	57604
DPG	GAPOXNPHOSPHN-RXN	SUCSYN-PWY	right	3-phospho-D-glyceroyl phosphate	C00236	46878409	57604
DPG	1.2.1.13-RXN	CALVIN-PWY	right	3-phospho-D-glyceroyl phosphate	C00236	46878409	57604
DPG	PHOSGLYPHOS-RXN	GLYCOLYSIS	right	3-phospho-D-glyceroyl phosphate	C00236	46878409	57604
DPG	PHOSGLYPHOS-RXN	PWY-5484	right	3-phospho-D-glyceroyl phosphate	C00236	46878409	57604
DPG	PHOSGLYPHOS-RXN	PWY-1042	right	3-phospho-D-glyceroyl phosphate	C00236	46878409	57604
CPD-13089	RXN-12137	PWY-6710	right	(12Z,15Z)-9,10-epoxyoctadeca-12,15-dienoate		52940134	88441
CPD-13089	RXN-12141	PWY-6710	left	(12Z,15Z)-9,10-epoxyoctadeca-12,15-dienoate		52940134	88441
CPD-13090	RXN-12142	PWY-6710	left	(9Z,15Z)-12,13-epoxy-octadeca-9,15-dienoate		52940266	88462
CPD-13090	RXN-12138	PWY-6710	right	(9Z,15Z)-12,13-epoxy-octadeca-9,15-dienoate		52940266	88462
CPD-13091	RXN-12139	PWY-6710	right	(9Z,12Z)-15,16-epoxyoctadeca-9,12-dienoate		52940137	88460
CPD-13091	RXN-12140	PWY-6710	left	(9Z,12Z)-15,16-epoxyoctadeca-9,12-dienoate		52940137	88460
CPD-13093	RXN-12140	PWY-6710	right	15,16-DiHODE		52940176	88465
CPD-13094	RXN-12141	PWY-6710	right	9,10-DiHODE		52940106	88440
CPD-13092	RXN-12142	PWY-6710	right	12,13-DiHODE		52940081	88461
Glycerolipid-vernolate	RXN-9703	PWY-6710	right	a [glycerolipid]-vernolate			
Glycerolipid-vernolate	RXN-9703	PWY-6014	right	a [glycerolipid]-vernolate			
Vernolates	RXN-12134	PWY-6710	left	vernolate		25246088	84026
Vernolates	RXN-12136	PWY-6710	left	vernolate		25246088	84026
CPD-13088	RXN-12136	PWY-6710	right	9,10-12,13-diepoxyoctadecanoate	C14836	20975723	34500
CPD-13086	RXN-12134	PWY-6710	right	12,13-DiHOME	C14829	52940209	84028
CPD-13086	RXN-12135	PWY-6710	left	12,13-DiHOME	C14829	52940209	84028
CPD-13087	RXN-12135	PWY-6710	right	(9Z)-12,13,17-trihydroxyoctadeca-9-enoate		52940143	
FE+2	RXN-12540	DETOX1-PWY-1	left	Fe 2+	C14818	27284	29033
FE+2	PROTOHEMEFERROCHELAT-RXN	HEME-BIOSYNTHESIS-II	right	Fe 2+	C14818	27284	29033
FE+2	RXN-14960	PWY-5934	right	Fe 2+	C14818	27284	29033
FE+2	RXN0-949	PWY0-501	right	Fe 2+	C14818	27284	29033
FE+2	RXN-17523	PWY-7170	right	Fe 2+	C14818	27284	29033
FE+2	TRANS-RXN-171	PWY-5934	left	Fe 2+	C14818	27284	29033
FE+2	SIROHEME-FERROCHELAT-RXN	PWY-5194	left	Fe 2+	C14818	27284	29033
FE+2	TRANS-RXN-171	PWY-5934	right	Fe 2+	C14818	27284	29033
OH	RXN-12540	DETOX1-PWY-1	right	OH -	C01328	961	16234
OH	RXN-16805	PWY-7683	left	OH -	C01328	961	16234
OH	RXN-16809	PWY-7683	left	OH -	C01328	961	16234
FE+3	RXN-12540	DETOX1-PWY-1	right	Fe 3+	C14819	29936	29034
CPD-12377	RXN-12540	DETOX1-PWY-1	right	hydroxyl radical	C16844	157350	29191
CPD-12377	RXN-11409	PWY-6502	left	hydroxyl radical	C16844	157350	29191
CPD-12377	RXN-11410	PWY-6502	left	hydroxyl radical	C16844	157350	29191
ALPHA-GLC-6-P	PGLUCISOM-RXN	GLUCONEO-PWY	left	alpha-D-glucose 6-phosphate	C00668	21604864	58225
ALPHA-GLC-6-P	PGLUCISOM-RXN	SUCSYN-PWY	left	alpha-D-glucose 6-phosphate	C00668	21604864	58225
ALPHA-GLC-6-P	PGLUCISOM-RXN	UDPNACETYLGALSYN-PWY	left	alpha-D-glucose 6-phosphate	C00668	21604864	58225
ALPHA-GLC-6-P	PGLUCISOM-RXN	GLYCOLYSIS	left	alpha-D-glucose 6-phosphate	C00668	21604864	58225
ALPHA-GLC-6-P	PGLUCISOM-RXN	PWY-622	left	alpha-D-glucose 6-phosphate	C00668	21604864	58225
ALPHA-GLC-6-P	PGLUCISOM-RXN	PWY-621	left	alpha-D-glucose 6-phosphate	C00668	21604864	58225
ALPHA-GLC-6-P	GLUCOSE-6-PHOSPHATE-1-EPIMERASE-RXN	PWYQT-4466	left	alpha-D-glucose 6-phosphate	C00668	21604864	58225
ALPHA-GLC-6-P	PGLUCISOM-RXN	PWY-5659	left	alpha-D-glucose 6-phosphate	C00668	21604864	58225
ALPHA-GLC-6-P	PGLUCISOM-RXN	PWY-3801	left	alpha-D-glucose 6-phosphate	C00668	21604864	58225
ALPHA-GLC-6-P	PGLUCISOM-RXN	PWY-7238	left	alpha-D-glucose 6-phosphate	C00668	21604864	58225
SUCROSE-6P	SUCROSE-PHOSPHATASE-RXN	SUCSYN-PWY	left	sucrose 6 F -phosphate	C02591	25245080	57723
SUCROSE-6P	SUCROSE-PHOSPHATE-SYNTHASE-RXN	SUCSYN-PWY	right	sucrose 6 F -phosphate	C02591	25245080	57723
SUCROSE-6P	SUCROSE-PHOSPHATASE-RXN	PWY-7238	left	sucrose 6 F -phosphate	C02591	25245080	57723
SUCROSE-6P	SUCROSE-PHOSPHATE-SYNTHASE-RXN	PWY-7238	right	sucrose 6 F -phosphate	C02591	25245080	57723
CPD-19723	RXN-18348	PWY-641	right	a (4S)- 2,3-dehydroflavan-3,4-diol			
CPD-19723	RXN-18349	PWY-641	left	a (4S)- 2,3-dehydroflavan-3,4-diol			
CPD-19723	RXN-18348	PWY-5125	right	a (4S)- 2,3-dehydroflavan-3,4-diol			
CPD-19723	RXN-18349	PWY-5125	left	a (4S)- 2,3-dehydroflavan-3,4-diol			
3-OH-Anthocyanidins	2.4.1.115-RXN	PWY-5125	left	an anthocyanidin with a 3-hydroxy group			
3-OH-Anthocyanidins	RXN-18349	PWY-5125	right	an anthocyanidin with a 3-hydroxy group			
3-OH-Anthocyanidins	RXN-18349	PWY-641	right	an anthocyanidin with a 3-hydroxy group			
3-OH-Anthocyanidins	RXN-10693	PWY-641	right	an anthocyanidin with a 3-hydroxy group			
CPD-11512	RXN-18348	PWY-641	left	a (2 R ,3 S ,4 S )-leucoanthocyanidin			
CPD-11512	RXN-18348	PWY-5125	left	a (2 R ,3 S ,4 S )-leucoanthocyanidin			
CPD-11512	RXN-10692	PWY-641	right	a (2 R ,3 S ,4 S )-leucoanthocyanidin			
2R-3S-Flavan-3-O-glucosides	RXN-17699	PWY-641	right	a (2 R ,3 S )-flavan-3-ol-3'- O -glucoside			
2R-3S-Flavan-3-O-glucosides	RXN-10691	PWY-641	left	a (2 R ,3 S )-flavan-3-ol-3'- O -glucoside			
CPD-10359	RXN-17699	PWY-641	left	a (2 R ,3 S )-flavan-3-ol			
CPD-10359	RXN-10692	PWY-641	left	a (2 R ,3 S )-flavan-3-ol			
2R-3R-Flavan-3-O-glucosides	RXN-10691	PWY-641	left	a (2 R ,3 R )-flavan-3-ol-3'- O -glucoside			
2R-3R-Flavan-3-O-glucosides	RXN-17698	PWY-641	right	a (2 R ,3 R )-flavan-3-ol-3'- O -glucoside			
CPD-10414	RXN-10693	PWY-641	left	a (2 R ,3 R )-flavan-3-ol			134086
CPD-10414	RXN-17698	PWY-641	left	a (2 R ,3 R )-flavan-3-ol			134086
PA-N	RXN-10691	PWY-641	right	a proanthocyanidin			26267
GLC	RXN-10691	PWY-641	right	beta-D-glucopyranose	C00221	64689	15903
GLC	3.2.1.106-RXN	PWY-7919	right	beta-D-glucopyranose	C00221	64689	15903
GLC	3.2.1.106-RXN	PWY-7918	right	beta-D-glucopyranose	C00221	64689	15903
ADENINE	TRANS-RXN-198	PWY-6227	left	adenine	C00147	190	16708
ADENINE	ADENINE-DEAMINASE-RXN	PWY4LZ-81	left	adenine	C00147	190	16708
ADENINE	METHYLTHIOADENOSINE-NUCLEOSIDASE-RXN	PWY-6754	right	adenine	C00147	190	16708
ADENINE	TRANS-RXN-198	PWY-6227	right	adenine	C00147	190	16708
ADENINE	RXN-4661	PWY-2841	right	adenine	C00147	190	16708
ADENINE	ADENPRIBOSYLTRAN-RXN	PWY-6605	right	adenine	C00147	190	16708
ADENINE	RXN-4662	PWY-2841	right	adenine	C00147	190	16708
ADENINE	RXN-4621	PWY-2841	right	adenine	C00147	190	16708
ADENINE	ADENOSINE-NUCLEOSIDASE-RXN	PWY-6605	right	adenine	C00147	190	16708
ADENOSINE	ADENOSYLHOMOCYSTEINASE-RXN	METHIONINE-DEG1-PWY	right	adenosine	C00212	60961	16335
ADENOSINE	ADENOSYLHOMOCYSTEINASE-RXN	PWY-5041	right	adenosine	C00212	60961	16335
ADENOSINE	ADENOSINE-NUCLEOSIDASE-RXN	PWY-6605	left	adenosine	C00212	60961	16335
ADENOSINE	RXN-4681	PWY-2841	right	adenosine	C00212	60961	16335
ADENOSINE	ADENOSINE-KINASE-RXN	PWY-6619	left	adenosine	C00212	60961	16335
ADENOSINE	RXN-4641	PWY-2841	right	adenosine	C00212	60961	16335
D-Ribofuranose	URIDINE-NUCLEOSIDASE-RXN	PWY-6556	right	D-ribofuranose			47013
D-Ribofuranose	INOSINE-NUCLEOSIDASE-RXN	PWY-6596	right	D-ribofuranose			47013
D-Ribofuranose	ADENOSINE-NUCLEOSIDASE-RXN	PWY-6605	right	D-ribofuranose			47013
D-Ribofuranose	URIDINE-NUCLEOSIDASE-RXN	PWYQT-4445	right	D-ribofuranose			47013
D-Ribofuranose	RXN0-363	PWY-6607	right	D-ribofuranose			47013
D-Ribofuranose	RXN0-366	PWY-6606	right	D-ribofuranose			47013
D-Ribofuranose	RXN0-363	PWY-6596	right	D-ribofuranose			47013
D-Ribofuranose	RXN-4541	PWY-2781	right	D-ribofuranose			47013
D-Ribofuranose	RXN0-366	PWY-6599	right	D-ribofuranose			47013
Rubbers	RXN-9137	PWY-5815	right	rubber	C02321		53405
Rubbers	RXN-9137	PWY-5815	left	rubber	C02321		53405
ARABINOSE-5P	DARAB5PISOM-RXN	PWY-1269	left	aldehydo -D-arabinose 5-phosphate	C01112	188324	16241
ARABINOSE-5P	RXN-16804	PWY-1269	left	aldehydo -D-arabinose 5-phosphate	C01112	188324	16241
CPD-18118	RXN-16804	PWY-1269	right	D-arabinofuranose 5-phosphate		91825727	85971
CPD-18118	KDO-8PSYNTH-RXN	PWY-1269	left	D-arabinofuranose 5-phosphate		91825727	85971
CPD-18118	KDO-8PSYNTH-RXN	PWY-5111	left	D-arabinofuranose 5-phosphate		91825727	85971
KDO-8P	KDO-8PSYNTH-RXN	PWY-5111	right	3-deoxy-D- manno -octulosonate 8-phosphate	C04478	91825728	85985
KDO-8P	KDO-8PPHOSPHAT-RXN	PWY-1269	left	3-deoxy-D- manno -octulosonate 8-phosphate	C04478	91825728	85985
KDO-8P	KDO-8PSYNTH-RXN	PWY-1269	right	3-deoxy-D- manno -octulosonate 8-phosphate	C04478	91825728	85985
KDO-8P	KDO-8PPHOSPHAT-RXN	PWY-5111	left	3-deoxy-D- manno -octulosonate 8-phosphate	C04478	91825728	85985
KDO	CPM-KDOSYNTH-RXN	PWY-5111	left	3-deoxy-alpha-D- manno -2-octulosonate	C01187	21681234	85986
KDO	KDO-8PPHOSPHAT-RXN	PWY-5111	right	3-deoxy-alpha-D- manno -2-octulosonate	C01187	21681234	85986
KDO	KDO-8PPHOSPHAT-RXN	PWY-1269	right	3-deoxy-alpha-D- manno -2-octulosonate	C01187	21681234	85986
KDO	CPM-KDOSYNTH-RXN	PWY-1269	left	3-deoxy-alpha-D- manno -2-octulosonate	C01187	21681234	85986
CMP-KDO	CPM-KDOSYNTH-RXN	PWY-5111	right	CMP-3-deoxy-beta-D- manno -octulosonate	C04121	46878557	59825
CMP-KDO	CPM-KDOSYNTH-RXN	PWY-1269	right	CMP-3-deoxy-beta-D- manno -octulosonate	C04121	46878557	59825
Hpr-pi-phospho-L-histidines	TRANS-RXN-157	GLYCOLYSIS	left	an [HPr protein]- N &pi; -phospho-L-histidine	C04261		64837
Hpr-Histidine	TRANS-RXN-157	GLYCOLYSIS	right	an [HPr]-L-histidine			
D-glucopyranose-6-phosphate	TRANS-RXN-157	GLYCOLYSIS	right	D-glucopyranose 6-phosphate	C00092		4170
D-glucopyranose-6-phosphate	PHOSPHOGLUCMUT-RXN	GLUCOSE1PMETAB-PWY	right	D-glucopyranose 6-phosphate	C00092		4170
D-glucopyranose-6-phosphate	MYO-INOSITOL-1-PHOSPHATE-SYNTHASE-RXN	PWY-2301	left	D-glucopyranose 6-phosphate	C00092		4170
D-glucopyranose-6-phosphate	PHOSPHOGLUCMUT-RXN	PWY-7238	right	D-glucopyranose 6-phosphate	C00092		4170
D-glucopyranose-6-phosphate	GLUCOKIN-RXN	PWY-7238	right	D-glucopyranose 6-phosphate	C00092		4170
D-glucopyranose-6-phosphate	PHOSPHOGLUCMUT-RXN	PWY-6317	right	D-glucopyranose 6-phosphate	C00092		4170
D-glucopyranose-6-phosphate	PHOSPHOGLUCMUT-RXN	PWY-622	right	D-glucopyranose 6-phosphate	C00092		4170
D-glucopyranose-6-phosphate	TREHALOSE6PSYN-RXN	TRESYN-PWY	left	D-glucopyranose 6-phosphate	C00092		4170
D-glucopyranose-6-phosphate	GLUCOKIN-RXN	UDPNACETYLGALSYN-PWY	right	D-glucopyranose 6-phosphate	C00092		4170
D-glucopyranose-6-phosphate	MYO-INOSITOL-1-PHOSPHATE-SYNTHASE-RXN	PWY-4661	left	D-glucopyranose 6-phosphate	C00092		4170
D-glucopyranose-6-phosphate	PHOSPHOGLUCMUT-RXN	PWY-3801	right	D-glucopyranose 6-phosphate	C00092		4170
D-glucopyranose-6-phosphate	PHOSPHOGLUCMUT-RXN	PWYQT-4466	right	D-glucopyranose 6-phosphate	C00092		4170
D-glucopyranose-6-phosphate	GLUCOKIN-RXN	PWY-621	right	D-glucopyranose 6-phosphate	C00092		4170
D-glucopyranose-6-phosphate	GLUCOKIN-RXN	GLUCOSE1PMETAB-PWY	right	D-glucopyranose 6-phosphate	C00092		4170
D-glucopyranose-6-phosphate	PHOSPHOGLUCMUT-RXN	PWY-7343	right	D-glucopyranose 6-phosphate	C00092		4170
D-glucopyranose-6-phosphate	GLU6PDEHYDROG-RXN	OXIDATIVEPENT-PWY	left	D-glucopyranose 6-phosphate	C00092		4170
2-PG	2PGADEHYDRAT-RXN	GLUCONEO-PWY	left	2-phospho-D-glycerate	C00631	40467846	58289
2-PG	RXN-15513	PWY-5484	left	2-phospho-D-glycerate	C00631	40467846	58289
2-PG	2PGADEHYDRAT-RXN	PWY-5723	left	2-phospho-D-glycerate	C00631	40467846	58289
2-PG	3PGAREARR-RXN	GLYCOLYSIS	left	2-phospho-D-glycerate	C00631	40467846	58289
2-PG	2PGADEHYDRAT-RXN	GLYCOLYSIS	left	2-phospho-D-glycerate	C00631	40467846	58289
2-PG	3PGAREARR-RXN	PWY-1042	left	2-phospho-D-glycerate	C00631	40467846	58289
2-PG	2PGADEHYDRAT-RXN	PWY-1042	left	2-phospho-D-glycerate	C00631	40467846	58289
2-PG	RXN-15513	GLYCOLYSIS	left	2-phospho-D-glycerate	C00631	40467846	58289
2-PG	2PGADEHYDRAT-RXN	PWY-5484	left	2-phospho-D-glycerate	C00631	40467846	58289
2-PG	3PGAREARR-RXN	GLUCONEO-PWY	left	2-phospho-D-glycerate	C00631	40467846	58289
2-PG	3PGAREARR-RXN	PWY-5484	left	2-phospho-D-glycerate	C00631	40467846	58289
2-PG	3PGAREARR-RXN	PWY-5723	left	2-phospho-D-glycerate	C00631	40467846	58289
INDOLE_PYRUVATE	RXNDQC-2	PWYDQC-4	left	(indol-3-yl)pyruvate	C00331	5460337	17640
INDOLE_PYRUVATE	RXN-10139	PWYDQC-4	right	(indol-3-yl)pyruvate	C00331	5460337	17640
CPD-17293	RXN-16047	PWY-7590	right	a [glycerolipid]-(7Z,10Z)-hexadecadienoate			
CPD-17293	RXN-16049	PWY-7590	left	a [glycerolipid]-(7Z,10Z)-hexadecadienoate			
CPD-17292	RXN-16049	PWY-7590	right	a [glycerolipid]-(7Z,10Z,13Z)-hexadecatrienoate			
CPD-17294	RXN-16047	PWY-7590	left	a [glycerolipid]-(7Z)-hexadecenoate			
CPD-17294	RXN-16048	PWY-7590	right	a [glycerolipid]-(7Z)-hexadecenoate			
Palmitoyl-lipid	RXN-16048	PWY-7590	left	a [glycerolipid]-palmitate			
CONIFERYL-ALCOHOL	RXN-17352	PWY-5466	left	coniferyl alcohol	C00590	1549095	17745
CONIFERYL-ALCOHOL	CONIFERIN-BETA-GLUCOSIDASE-RXN	PWY-116	right	coniferyl alcohol	C00590	1549095	17745
CONIFERYL-ALCOHOL	RXN-2602	PWY-361	left	coniferyl alcohol	C00590	1549095	17745
CONIFERYL-ALCOHOL	RXN-17351	PWY-5466	left	coniferyl alcohol	C00590	1549095	17745
CONIFERYL-ALCOHOL	2.4.1.111-RXN	PWY-116	left	coniferyl alcohol	C00590	1549095	17745
CONIFERYL-ALCOHOL	RXN-9244	PWY-5859	left	coniferyl alcohol	C00590	1549095	17745
CPD-1777	2.4.1.111-RXN	PWY-116	right	coniferin	C00761	5280372	16220
CPD-1777	CONIFERIN-BETA-GLUCOSIDASE-RXN	PWY-116	left	coniferin	C00761	5280372	16220
L-1-PHOSPHATIDYL-GLYCEROL-P	PGPPHOSPHA-RXN	PWY4FS-7	left	a phosphatidylglycerophosphate	C03892		37393
L-1-PHOSPHATIDYL-GLYCEROL-P	PHOSPHAGLYPSYN-RXN	PWY-5269	right	a phosphatidylglycerophosphate	C03892		37393
L-1-PHOSPHATIDYL-GLYCEROL-P	PGPPHOSPHA-RXN	PWY-5269	left	a phosphatidylglycerophosphate	C03892		37393
L-1-PHOSPHATIDYL-GLYCEROL-P	PHOSPHAGLYPSYN-RXN	PWY4FS-8	right	a phosphatidylglycerophosphate	C03892		37393
L-1-PHOSPHATIDYL-GLYCEROL-P	PGPPHOSPHA-RXN	PWY4FS-8	left	a phosphatidylglycerophosphate	C03892		37393
L-1-PHOSPHATIDYL-GLYCEROL-P	PHOSPHAGLYPSYN-RXN	PWY4FS-7	right	a phosphatidylglycerophosphate	C03892		37393
L-1-PHOSPHATIDYL-GLYCEROL	RXN-8141	PWY-5269	left	a phosphatidylglycerol	C00344		64716
L-1-PHOSPHATIDYL-GLYCEROL	PGPPHOSPHA-RXN	PWY-5269	right	a phosphatidylglycerol	C00344		64716
L-1-PHOSPHATIDYL-GLYCEROL	PGPPHOSPHA-RXN	PWY4FS-8	right	a phosphatidylglycerol	C00344		64716
L-1-PHOSPHATIDYL-GLYCEROL	PGPPHOSPHA-RXN	PWY4FS-7	right	a phosphatidylglycerol	C00344		64716
CDPDIACYLGLYCEROL	CDPDIGLYSYN-RXN	PWY-5667	right	a CDP-diacylglycerol	C00269		17962
CDPDIACYLGLYCEROL	PHOSPHAGLYPSYN-RXN	PWY-5269	left	a CDP-diacylglycerol	C00269		17962
CDPDIACYLGLYCEROL	PHOSPHAGLYPSYN-RXN	PWY4FS-8	left	a CDP-diacylglycerol	C00269		17962
CDPDIACYLGLYCEROL	2.7.8.11-RXN	PHOSLIPSYN2-PWY	left	a CDP-diacylglycerol	C00269		17962
CDPDIACYLGLYCEROL	PHOSPHASERSYN-RXN	PWY-5669	left	a CDP-diacylglycerol	C00269		17962
CDPDIACYLGLYCEROL	2.7.8.11-RXN	PWY-6352	left	a CDP-diacylglycerol	C00269		17962
CDPDIACYLGLYCEROL	CDPDIGLYSYN-RXN	PWY0-1319	right	a CDP-diacylglycerol	C00269		17962
CDPDIACYLGLYCEROL	2.7.8.11-RXN	PWY-6351	left	a CDP-diacylglycerol	C00269		17962
CDPDIACYLGLYCEROL	PHOSPHAGLYPSYN-RXN	PWY4FS-7	left	a CDP-diacylglycerol	C00269		17962
CDPDIACYLGLYCEROL	PHOSPHASERSYN-RXN	PHOSLIPSYN2-PWY	left	a CDP-diacylglycerol	C00269		17962
CDPDIACYLGLYCEROL	RXN-8141	PWY-5269	left	a CDP-diacylglycerol	C00269		17962
CPD-11540	RXN-18332	PWY-3261	right	UDP-4-dehydro-beta-L-rhamnose		123131583	141069
CPD-11540	RXN-10740	PWY-3261	right	UDP-4-dehydro-beta-L-rhamnose		123131583	141069
CPD-663	UDP-GLUCOSE-46-DEHYDRATASE-RXN	PWY-3261	right	UDP-4-dehydro-6-deoxy-alpha-D-glucose	C04089	50986162	85329
CPD-663	RXN-18332	PWY-3261	left	UDP-4-dehydro-6-deoxy-alpha-D-glucose	C04089	50986162	85329
CPD-5821	RXN-6201	PWY-5691	left	( S )-2-oxo-4-hydroxy-4-carboxy-5-ureidoimidazoline	C12248	101957721	58639
CPD-5821	3.5.2.17-RXN	PWY-5691	right	( S )-2-oxo-4-hydroxy-4-carboxy-5-ureidoimidazoline	C12248	101957721	58639
5-HYDROXYISOURATE	URATE-OXIDASE-RXN	PWY-5691	right	( S )-5-hydroxyisourate	C11821	101957720	18072
5-HYDROXYISOURATE	3.5.2.17-RXN	PWY-5691	left	( S )-5-hydroxyisourate	C11821	101957720	18072
S-ALLANTOIN	ALLANTOINASE-RXN	PWY-5697	left	( S )-(+)-allantoin	C02350	439714	15678
S-ALLANTOIN	ALLANTOINASE-RXN	PWY-5698	left	( S )-(+)-allantoin	C02350	439714	15678
S-ALLANTOIN	TRANS-RXN0-444	PWY-5698	right	( S )-(+)-allantoin	C02350	439714	15678
S-ALLANTOIN	ALLANTOINASE-RXN	PWY4LZ-81	left	( S )-(+)-allantoin	C02350	439714	15678
S-ALLANTOIN	RXN-6201	PWY-5691	right	( S )-(+)-allantoin	C02350	439714	15678
S-ALLANTOIN	TRANS-RXN0-444	PWY-5698	left	( S )-(+)-allantoin	C02350	439714	15678
URATE	RXN-7610	PWY4LZ-81	left	urate	C00366	44229235	17775
URATE	RXN0-901	PWY-6607	right	urate	C00366	44229235	17775
URATE	RXN0-901	PWY-6237	right	urate	C00366	44229235	17775
URATE	RXN0-901	PWY-6606	right	urate	C00366	44229235	17775
URATE	RXN0-901	PWY4LZ-81	right	urate	C00366	44229235	17775
URATE	TRANS-RXN-207	PWY-6237	right	urate	C00366	44229235	17775
URATE	RXN0-901	PWY-6596	right	urate	C00366	44229235	17775
URATE	URATE-OXIDASE-RXN	PWY-5691	left	urate	C00366	44229235	17775
URATE	TRANS-RXN-207	PWY-6237	left	urate	C00366	44229235	17775
Tetragalactosyldiacylglycerol	RXN-16635	PWY-401	right	a tetragalactosyldiacylglycerol			
CPD-10364	RXN-16635	PWY-401	left	a trigalactosyldiacylglycerol	C06036		
CPD-10364	RXN-9721	PWY-401	right	a trigalactosyldiacylglycerol	C06036		
D-Galactosyl-12-diacyl-glycerols	RXN-1225	PWY-401	left	a 1,2-diacyl-3-O-(beta-D-galactopyranosyl)- sn -glycerol	C03692		17615
D-Galactosyl-12-diacyl-glycerols	2.4.1.46-RXN	PWY-401	right	a 1,2-diacyl-3-O-(beta-D-galactopyranosyl)- sn -glycerol	C03692		17615
D-Galactosyl-12-diacyl-glycerols	RXN-16635	PWY-401	left	a 1,2-diacyl-3-O-(beta-D-galactopyranosyl)- sn -glycerol	C03692		17615
D-Galactosyl-12-diacyl-glycerols	RXN-9721	PWY-401	left	a 1,2-diacyl-3-O-(beta-D-galactopyranosyl)- sn -glycerol	C03692		17615
D-Galactosyl-12-diacyl-glycerols	RXN-1226	PWY-401	left	a 1,2-diacyl-3-O-(beta-D-galactopyranosyl)- sn -glycerol	C03692		17615
CPD-10363	RXN-9721	PWY-401	left	a 1,2-diacyl-3-O-[beta-D-galactosyl-(1->6)-beta-D-galactosyl]- sn -glycerol	C20991		87082
CPD-10363	RXN-1226	PWY-401	right	a 1,2-diacyl-3-O-[beta-D-galactosyl-(1->6)-beta-D-galactosyl]- sn -glycerol	C20991		87082
Galactosyl-galactosyl-diacyl-glycerols	RXN-1225	PWY-401	right	an alpha,beta-digalactosyldiacylglycerol	C06037		28396
CPD-8846	RXN-8620	PWY-6668	right	(3E,7E)-4,8,12-trimethyltrideca-1,3,7,11-tetraene	C20700	6443227	74322
CPD-8848	RXN-10441	PWY-6668	right	(6E,10E)-geranyllinalool	C20681	5365872	74299
CPD-8848	RXN-8620	PWY-6668	left	(6E,10E)-geranyllinalool	C20681	5365872	74299
GERANYLGERANYL-PP	FARNESYLTRANSTRANSFERASE-RXN	PWY-5120	right	geranylgeranyl diphosphate	C00353	5497105	58756
GERANYLGERANYL-PP	2.5.1.32-RXN	PWY-6475	left	geranylgeranyl diphosphate	C00353	5497105	58756
GERANYLGERANYL-PP	RXN-10441	PWY-6668	left	geranylgeranyl diphosphate	C00353	5497105	58756
GERANYLGERANYL-PP	RXN-7658	PWY-5063	right	geranylgeranyl diphosphate	C00353	5497105	58756
GERANYLGERANYL-PP	5.5.1.13-RXN	PWY-5032	left	geranylgeranyl diphosphate	C00353	5497105	58756
GERANYLGERANYL-PP	RXN-8528	PWY-2981	left	geranylgeranyl diphosphate	C00353	5497105	58756
GERANYLGERANYL-PP	5.5.1.13-RXN	PWY-2981	left	geranylgeranyl diphosphate	C00353	5497105	58756
GERANYLGERANYL-PP	5.5.1.13-RXN	PWY-7994	left	geranylgeranyl diphosphate	C00353	5497105	58756
GERANYLGERANYL-PP	RXN-14929	PWY-7436	left	geranylgeranyl diphosphate	C00353	5497105	58756
PHOSPHORIBOSYL-FORMAMIDO-CARBOXAMIDE	AICARTRANSFORM-RXN	PWY-6124	right	5-formamido-1-(5-phospho-D-ribosyl)-imidazole-4-carboxamide	C04734	45266654	58467
PHOSPHORIBOSYL-FORMAMIDO-CARBOXAMIDE	IMPCYCLOHYDROLASE-RXN	PWY-6124	right	5-formamido-1-(5-phospho-D-ribosyl)-imidazole-4-carboxamide	C04734	45266654	58467
AICAR	AICARTRANSFORM-RXN	PWY-6124	left	5-amino-1-(5-phospho-D-ribosyl)imidazole-4-carboxamide	C04677	45266657	58475
AICAR	AICARSYN-RXN	PWY-6124	right	5-amino-1-(5-phospho-D-ribosyl)imidazole-4-carboxamide	C04677	45266657	58475
AICAR	GLUTAMIDOTRANS-RXN	HISTSYN-PWY	right	5-amino-1-(5-phospho-D-ribosyl)imidazole-4-carboxamide	C04677	45266657	58475
FORMYL-THF-GLU-N	FORMATETHFLIG-RXN	PWY-2161	right	an N 10 -formyltetrahydrofolate			
FORMYL-THF-GLU-N	GART-RXN	PWY-6121	left	an N 10 -formyltetrahydrofolate			
FORMYL-THF-GLU-N	FORMYLTHFDEFORMYL-RXN	PWY-7909	left	an N 10 -formyltetrahydrofolate			
FORMYL-THF-GLU-N	METHENYLTHFCYCLOHYDRO-RXN	PWY-3841	right	an N 10 -formyltetrahydrofolate			
FORMYL-THF-GLU-N	FORMATETHFLIG-RXN	PWY-3841	right	an N 10 -formyltetrahydrofolate			
FORMYL-THF-GLU-N	FORMYLTHFGLUSYNTH-RXN	PWY-2161	right	an N 10 -formyltetrahydrofolate			
FORMYL-THF-GLU-N	FORMATETHFLIG-RXN	PWY-3742	right	an N 10 -formyltetrahydrofolate			
FORMYL-THF-GLU-N	METHENYLTHFCYCLOHYDRO-RXN	PWY-3742	right	an N 10 -formyltetrahydrofolate			
FORMYL-THF-GLU-N	AICARTRANSFORM-RXN	PWY-6124	left	an N 10 -formyltetrahydrofolate			
FORMYL-THF-GLU-N	METHENYLTHFCYCLOHYDRO-RXN	PWY-7909	right	an N 10 -formyltetrahydrofolate			
FORMYL-THF-GLU-N	GART-RXN	PWY-6613	left	an N 10 -formyltetrahydrofolate			
FORMYL-THF-GLU-N	FORMYLTHFGLUSYNTH-RXN	PWY-2161	left	an N 10 -formyltetrahydrofolate			
FORMYL-THF-GLU-N	METHENYLTHFCYCLOHYDRO-RXN	PWY-6613	right	an N 10 -formyltetrahydrofolate			
P-RIBOSYL-4-SUCCCARB-AMINOIMIDAZOLE	SAICARSYN-RXN	PWY-6124	right	5'-phosphoribosyl-4-(N-succinocarboxamide)-5-aminoimidazole	C04823	45266647	58443
P-RIBOSYL-4-SUCCCARB-AMINOIMIDAZOLE	AICARSYN-RXN	PWY-6124	left	5'-phosphoribosyl-4-(N-succinocarboxamide)-5-aminoimidazole	C04823	45266647	58443
FUM	AICARSYN-RXN	PWY-6124	right	fumarate	C00122	5460307	29806
FUM	SUCCINATE-DEHYDROGENASE-UBIQUINONE-RXN	PWYQT-4481	right	fumarate	C00122	5460307	29806
FUM	AMPSYN-RXN	PWY-7219	right	fumarate	C00122	5460307	29806
FUM	RXN-14971	PWY-5690	right	fumarate	C00122	5460307	29806
FUM	FUMHYDR-RXN	PWY-5690	right	fumarate	C00122	5460307	29806
FUM	ARGSUCCINLYA-RXN	ARGSYNBSUB-PWY	right	fumarate	C00122	5460307	29806
FUM	FUMARYLACETOACETASE-RXN	TYRFUMCAT-PWY	right	fumarate	C00122	5460307	29806
FUM	SUCCINATE-DEHYDROGENASE-UBIQUINONE-RXN	PWY-4302	right	fumarate	C00122	5460307	29806
FUM	SUCCINATE-DEHYDROGENASE-UBIQUINONE-RXN	PWY-3781	right	fumarate	C00122	5460307	29806
FUM	FUMHYDR-RXN	PWYQT-4481	right	fumarate	C00122	5460307	29806
FUM	ARGSUCCINLYA-RXN	PWY-4984	right	fumarate	C00122	5460307	29806
FUM	ARGSUCCINLYA-RXN	ARGSYN-PWY	right	fumarate	C00122	5460307	29806
PHOSPHORIBOSYL-CARBOXY-AMINOIMIDAZOLE	SAICARSYN-RXN	PWY-6124	left	5-amino-1-(5-phospho-D-ribosyl)imidazole-4-carboxylate	C04751	24916886	58564
PHOSPHORIBOSYL-CARBOXY-AMINOIMIDAZOLE	AIRCARBOXY-RXN	PWY-6124	left	5-amino-1-(5-phospho-D-ribosyl)imidazole-4-carboxylate	C04751	24916886	58564
L-ASPARTATE	ASPARTATEKIN-RXN	PWY-5097	left	L-aspartate	C00049	5460294	29991
L-ASPARTATE	ASNSYNB-RXN	ASPARAGINE-BIOSYNTHESIS	left	L-aspartate	C00049	5460294	29991
L-ASPARTATE	ASPARTATEKIN-RXN	HOMOSERSYN-PWY	left	L-aspartate	C00049	5460294	29991
L-ASPARTATE	ASPAMINOTRANS-RXN	PWY-7115	left	L-aspartate	C00049	5460294	29991
L-ASPARTATE	PREPHENATE-ASP-TRANSAMINE-RXN	PWY-6120	right	L-aspartate	C00049	5460294	29991
L-ASPARTATE	TRANS-RXN-373	PWY-7117	right	L-aspartate	C00049	5460294	29991
L-ASPARTATE	ARGSUCCINSYN-RXN	PWY-4984	left	L-aspartate	C00049	5460294	29991
L-ASPARTATE	PREPHENATE-ASP-TRANSAMINE-RXN	PWY-3462	right	L-aspartate	C00049	5460294	29991
L-ASPARTATE	TRANS-RXN-373	PWY-7117	left	L-aspartate	C00049	5460294	29991
L-ASPARTATE	ASPAMINOTRANS-RXN	ASPARTATE-DEG1-PWY	left	L-aspartate	C00049	5460294	29991
L-ASPARTATE	3.5.1.26-RXN	ASPARAGINE-DEG1-PWY-1	right	L-aspartate	C00049	5460294	29991
L-ASPARTATE	RXN-13697	PWY-7115	left	L-aspartate	C00049	5460294	29991
L-ASPARTATE	ADENYLOSUCCINATE-SYNTHASE-RXN	PWY-7219	left	L-aspartate	C00049	5460294	29991
L-ASPARTATE	ARGSUCCINSYN-RXN	ARGSYNBSUB-PWY	left	L-aspartate	C00049	5460294	29991
L-ASPARTATE	RXN-2946	PWY-6219	left	L-aspartate	C00049	5460294	29991
L-ASPARTATE	ASPAMINOTRANS-RXN	ASPARTATESYN-PWY	left	L-aspartate	C00049	5460294	29991
L-ASPARTATE	PREPHENATE-ASP-TRANSAMINE-RXN	PWY-3461	right	L-aspartate	C00049	5460294	29991
L-ASPARTATE	TRANS-RXN-373	PWY-7115	right	L-aspartate	C00049	5460294	29991
L-ASPARTATE	TRANS-RXN-373	PWY-7115	left	L-aspartate	C00049	5460294	29991
L-ASPARTATE	3.5.5.4-RXN	ASPSYNII-PWY	right	L-aspartate	C00049	5460294	29991
L-ASPARTATE	L-ASPARTATE-OXID-RXN	PYRIDNUCSYN-PWY	left	L-aspartate	C00049	5460294	29991
L-ASPARTATE	ASPARAGHYD-RXN	ASPARAGINE-DEG1-PWY	right	L-aspartate	C00049	5460294	29991
L-ASPARTATE	SAICARSYN-RXN	PWY-6124	left	L-aspartate	C00049	5460294	29991
L-ASPARTATE	ASPAMINOTRANS-RXN	PWY-7117	left	L-aspartate	C00049	5460294	29991
L-ASPARTATE	RXN-13697	PWY-7117	left	L-aspartate	C00049	5460294	29991
L-ASPARTATE	ASPCARBTRANS-RXN	PWY-5686	left	L-aspartate	C00049	5460294	29991
L-ASPARTATE	ARGSUCCINSYN-RXN	ARGSYN-PWY	left	L-aspartate	C00049	5460294	29991
5-PHOSPHORIBOSYL-5-AMINOIMIDAZOLE	AIRCARBOXY-RXN	PWY-6124	right	5-amino-1-(5-phospho-beta-D-ribosyl)imidazole	C03373	44229244	137981
5-PHOSPHORIBOSYL-5-AMINOIMIDAZOLE	AIRS-RXN	PWY-6121	right	5-amino-1-(5-phospho-beta-D-ribosyl)imidazole	C03373	44229244	137981
5-PHOSPHORIBOSYL-5-AMINOIMIDAZOLE	PYRIMSYN1-RXN	PWY-6890	left	5-amino-1-(5-phospho-beta-D-ribosyl)imidazole	C03373	44229244	137981
CYTIDINE	RXN-14026	PWY-7185	right	cytidine	C00475	6175	17562
CYTIDINE	CYTIKIN-RXN	PWY-7193	left	cytidine	C00475	6175	17562
CYTIDINE	CYTIDEAM2-RXN	PWY-7193	left	cytidine	C00475	6175	17562
CYTIDINE	CYTIDEAM2-RXN	PWY-6556	left	cytidine	C00475	6175	17562
URIDINE	URKI-RXN	PWYQT-4445	left	uridine	C00299	6029	16704
URIDINE	CYTIDEAM2-RXN	PWY-7193	right	uridine	C00299	6029	16704
URIDINE	URIDINE-NUCLEOSIDASE-RXN	PWY-6556	left	uridine	C00299	6029	16704
URIDINE	URIDINE-NUCLEOSIDASE-RXN	PWYQT-4445	left	uridine	C00299	6029	16704
URIDINE	RXNQT-4150	PWYQT-4445	right	uridine	C00299	6029	16704
URIDINE	CYTIDEAM2-RXN	PWY-6556	right	uridine	C00299	6029	16704
URIDINE	RXN-14025	PWY-7185	right	uridine	C00299	6029	16704
URIDINE	URIDINEKIN-RXN	PWY-7193	left	uridine	C00299	6029	16704
PANTETHEINE-P	PANTEPADENYLYLTRAN-RXN	COA-PWY	left	4'-phosphopantetheine	C01134	25245905	61723
PANTETHEINE-P	3.1.4.14-RXN	PWY-6012	right	4'-phosphopantetheine	C01134	25245905	61723
PANTETHEINE-P	PANTEPADENYLYLTRAN-RXN	PWY-7851	left	4'-phosphopantetheine	C01134	25245905	61723
PANTETHEINE-P	P-PANTOCYSDECARB-RXN	PWY-7851	right	4'-phosphopantetheine	C01134	25245905	61723
PANTETHEINE-P	P-PANTOCYSDECARB-RXN	COA-PWY	right	4'-phosphopantetheine	C01134	25245905	61723
S-SCOULERINE	RETICULINE-OXIDASE-RXN	PWY-5470	right	( S )-scoulerine	C02106	439654	17129
S-SCOULERINE	2.1.1.117-RXN	PWY-5470	left	( S )-scoulerine	C02106	439654	17129
S-RETICULINE	RETICULINE-OXIDASE-RXN	PWY-5470	left	( S )-reticuline	C02105	25203074	57873
S-TETRAHYDROCOLUMBAMINE	2.1.1.117-RXN	PWY-5470	right	( S )-tetrahydrocolumbamine	C04118	440229	17772
S-TETRAHYDROCOLUMBAMINE	2.1.1.89-RXN	PWY-5470	left	( S )-tetrahydrocolumbamine	C04118	440229	17772
S-TETRAHYDROCOLUMBAMINE	RXN-8698	PWY-5470	left	( S )-tetrahydrocolumbamine	C04118	440229	17772
COLUMBAMINE	2.1.1.118-RXN	PWY-5470	left	columbamine	C01795	72310	15920
COLUMBAMINE	RXN-8698	PWY-5470	right	columbamine	C01795	72310	15920
PALMATINE	RXN-8699	PWY-5470	right	palmatine	C05315	19009	16096
PALMATINE	2.1.1.118-RXN	PWY-5470	right	palmatine	C05315	19009	16096
TETRAHYDROPALMATINE	2.1.1.89-RXN	PWY-5470	right	( S )-tetrahydropalmatine	C02890	72301	16563
TETRAHYDROPALMATINE	RXN-8699	PWY-5470	left	( S )-tetrahydropalmatine	C02890	72301	16563
Fatty-Acids	RXN-11375	PWY-6483	right	a fatty acid	C00162		35366
Fatty-Acids	PHOSPHOLIPASE-A2-RXN	PWY-6803	right	a fatty acid	C00162		35366
Fatty-Acids	RXN-7952	LIPAS-PWY	right	a fatty acid	C00162		35366
Fatty-Acids	PHOSPHOLIPASE-A2-RXN	LIPASYN-PWY	right	a fatty acid	C00162		35366
Fatty-Acids	RXN-4121	PWY-2501	left	a fatty acid	C00162		35366
Fatty-Acids	RXN-4142	PWY-2501	right	a fatty acid	C00162		35366
Fatty-Acids	PHOSPHOLIPASE-A1-RXN	LIPASYN-PWY	right	a fatty acid	C00162		35366
Fatty-Acids	PHOSPHOLIPASE-A1-RXN	PWY-6803	right	a fatty acid	C00162		35366
Fatty-Acids	RXN-1602	LIPAS-PWY	right	a fatty acid	C00162		35366
Fatty-Acids	RXN-7902	PWY-5142	right	a fatty acid	C00162		35366
Fatty-Acids	TRIACYLGLYCEROL-LIPASE-RXN	LIPAS-PWY	right	a fatty acid	C00162		35366
2-Acylglycero-Phosphocholines	PHOSPHOLIPASE-A1-RXN	PWY-6803	right	a 1-lysophosphatidylcholine	C04233		16728
2-Acylglycero-Phosphocholines	PHOSPHOLIPASE-A1-RXN	LIPASYN-PWY	right	a 1-lysophosphatidylcholine	C04233		16728
L-GULONO-1-4-LACTONE	RXN-8783	PWY-8142	left	L-gulono-1,4-lactone	C01040	439373	17587
L-GULONO-1-4-LACTONE	RXN-14395	PWY-8142	left	L-gulono-1,4-lactone	C01040	439373	17587
CPD-15530	MYO-INOSITOL-OXYGENASE-RXN	PWY-4841	right	aldehydo -D-glucuronate	C16245	5460126	142686
CPD-15530	RXN-14693	PWY-4841	right	aldehydo -D-glucuronate	C16245	5460126	142686
CPD-15530	GLUCURONATE-REDUCTASE-RXN	PWY-8142	right	aldehydo -D-glucuronate	C16245	5460126	142686
CPD-15530	MYO-INOSITOL-OXYGENASE-RXN	PWY-8142	right	aldehydo -D-glucuronate	C16245	5460126	142686
L-GULONATE	GLUCURONATE-REDUCTASE-RXN	PWY-8142	left	L-gulonate	C00800	6857680	13115
L-GULONATE	RXN-8783	PWY-8142	right	L-gulonate	C00800	6857680	13115
L-GLUTAMATE-5-P	GLUTKIN-RXN	CITRULBIO-PWY	right	gamma-L-glutamyl 5-phosphate	C03287	44457531	58274
L-GLUTAMATE-5-P	GLUTSEMIALDEHYDROG-RXN	PROSYN-PWY	right	gamma-L-glutamyl 5-phosphate	C03287	44457531	58274
L-GLUTAMATE-5-P	RXN-19022	PWY-7942	left	gamma-L-glutamyl 5-phosphate	C03287	44457531	58274
L-GLUTAMATE-5-P	GLUTKIN-RXN	PROSYN-PWY	right	gamma-L-glutamyl 5-phosphate	C03287	44457531	58274
L-GLUTAMATE-5-P	GLUTSEMIALDEHYDROG-RXN	ARGININE-SYN4-PWY	right	gamma-L-glutamyl 5-phosphate	C03287	44457531	58274
L-GLUTAMATE-5-P	GLUTKIN-RXN	ARGININE-SYN4-PWY	right	gamma-L-glutamyl 5-phosphate	C03287	44457531	58274
L-GLUTAMATE-5-P	GLUTSEMIALDEHYDROG-RXN	CITRULBIO-PWY	right	gamma-L-glutamyl 5-phosphate	C03287	44457531	58274
5-OXOPROLINE	5-OXOPROLINASE-ATP-HYDROLYSING-RXN	PWY-7942	left	5-oxo-L-proline	C01879	5289118	58402
5-OXOPROLINE	RXN-19024	PWY-7942	right	5-oxo-L-proline	C01879	5289118	58402
5-OXOPROLINE	RXN-19022	PWY-7942	right	5-oxo-L-proline	C01879	5289118	58402
5-OXOPROLINE	PYROGLUTAMYL-PEPTIDASE-I-RXN	PWY-7942	right	5-oxo-L-proline	C01879	5289118	58402
CYS-GLY	RXN-19024	PWY-7942	right	L-cysteinylglycine	C01419	7098621	61694
1-4-alpha-D-galacturonosyl	RXN-9589	PWY-5980	left	a homogalacturonan			60190
1-4-alpha-D-galacturonosyl	RXN-2081	PWY-1061	left	a homogalacturonan			60190
1-4-alpha-D-galacturonosyl	2.4.1.43-RXN	PWY-1061	right	a homogalacturonan			60190
1-4-alpha-D-galacturonosyl	2.4.1.43-RXN	PWY-1061	left	a homogalacturonan			60190
Methyl-esterified-homogalacturonan	RXN-2081	PWY-1061	right	a methyl-esterified homogalacturonan			
GLC-D-LACTONE	RXN0-6373	GLUCOSE1PMETAB-PWY	right	D-glucono-1,5-lactone	C00198	7027	16217
GLC-D-LACTONE	GLUCONOLACT-RXN	GLUCOSE1PMETAB-PWY	left	D-glucono-1,5-lactone	C00198	7027	16217
GLC-1-P	PHOSPHOGLUCMUT-RXN	PWY-7238	left	alpha-D-glucopyranose 1-phosphate		7091266	58601
GLC-1-P	PHOSPHOGLUCMUT-RXN	GLUCOSE1PMETAB-PWY	left	alpha-D-glucopyranose 1-phosphate		7091266	58601
GLC-1-P	PHOSPHOGLUCMUT-RXN	PWY-3801	left	alpha-D-glucopyranose 1-phosphate		7091266	58601
GLC-1-P	GLUC1PURIDYLTRANS-RXN	PWYQT-4466	left	alpha-D-glucopyranose 1-phosphate		7091266	58601
GLC-1-P	PHOSPHOGLUCMUT-RXN	PWY-6317	left	alpha-D-glucopyranose 1-phosphate		7091266	58601
GLC-1-P	GLUCOSE-1-PHOSPHAT-RXN	GLUCOSE1PMETAB-PWY	left	alpha-D-glucopyranose 1-phosphate		7091266	58601
GLC-1-P	PHOSPHOGLUCMUT-RXN	PWY-622	left	alpha-D-glucopyranose 1-phosphate		7091266	58601
GLC-1-P	PHOSPHOGLUCMUT-RXN	PWYQT-4466	left	alpha-D-glucopyranose 1-phosphate		7091266	58601
GLC-1-P	RXN-14353	PWY-7238	right	alpha-D-glucopyranose 1-phosphate		7091266	58601
GLC-1-P	GLUC1PURIDYLTRANS-RXN	PWY-7238	left	alpha-D-glucopyranose 1-phosphate		7091266	58601
GLC-1-P	GALACTURIDYLYLTRANS-RXN	PWY-6317	right	alpha-D-glucopyranose 1-phosphate		7091266	58601
GLC-1-P	GLUC1PURIDYLTRANS-RXN	PWY-7343	left	alpha-D-glucopyranose 1-phosphate		7091266	58601
GLC-1-P	DTDPGLUCOSEPP-RXN	DTDPRHAMSYN-PWY	left	alpha-D-glucopyranose 1-phosphate		7091266	58601
GLC-1-P	GLUC1PADENYLTRANS-RXN	PWY-622	left	alpha-D-glucopyranose 1-phosphate		7091266	58601
GLC-1-P	GLUC1PURIDYLTRANS-RXN	PWY-3801	left	alpha-D-glucopyranose 1-phosphate		7091266	58601
GLC-1-P	GALACTURIDYLYLTRANS-RXN	PWY-6527	right	alpha-D-glucopyranose 1-phosphate		7091266	58601
GLC-1-P	PHOSPHOGLUCMUT-RXN	PWY-7343	left	alpha-D-glucopyranose 1-phosphate		7091266	58601
GLC-1-P	GLUC1PURIDYLTRANS-RXN	PWY-6527	left	alpha-D-glucopyranose 1-phosphate		7091266	58601
GLUCONATE	GLUCONOLACT-RXN	GLUCOSE1PMETAB-PWY	right	D-gluconate	C00257	6419706	18391
CPD1F-4	RXN-698	PWY-695	right	(3 S ,5 R ,6 R )-3,5-dihydroxy-6,7-didehydro-5,6-dihydro-12'-apo-beta-caroten-12'-al	C14044	25245424	34596
CPD-7424	RXN-698	PWY-695	left	9'- cis -neoxanthin	C13431	5282217	35306
CPD-7279	1.1.1.288-RXN	PWY-695	left	2- cis ,4- trans -xanthoxin	C13453	5282222	32304
CPD-7279	RXN-698	PWY-695	right	2- cis ,4- trans -xanthoxin	C13453	5282222	32304
CPD-692	1.1.1.288-RXN	PWY-695	right	(+)- cis -abscisic aldehyde	C13455	5282224	31157
CPD-692	1.2.3.14-RXN	PWY-695	left	(+)- cis -abscisic aldehyde	C13455	5282224	31157
CPD-693	1.14.13.93-RXN	PWY-5271	left	2- cis -abscisate	C06082	7251168	37569
CPD-693	RXN-16465	PWY-7642	left	2- cis -abscisate	C06082	7251168	37569
CPD-693	1.2.3.14-RXN	PWY-695	right	2- cis -abscisate	C06082	7251168	37569
S-HYDROXYMETHYLGLUTATHIONE	RXN-2961	PWY-1801	left	S -(hydroxymethyl)glutathione	C14180	25244017	58758
S-HYDROXYMETHYLGLUTATHIONE	RXN-2962	PWY-1801	left	S -(hydroxymethyl)glutathione	C14180	25244017	58758
CPD-548	RXN-2962	PWY-1801	right	S -formylglutathione	C01031	25246250	57688
CPD-548	S-FORMYLGLUTATHIONE-HYDROLASE-RXN	PWY-1801	left	S -formylglutathione	C01031	25246250	57688
D-GLUCARATE	2.3.1.98-RXN	PWY-6673	left	D-glucarate	C00818	5288393	30612
2-O-CAFFEOYLGLUCARATE	2.3.1.98-RXN	PWY-6673	right	2-O-caffeoylglucarate	C03062	49792003	58157
CPD-676	RXN-1126	PWY-1121	left	trans -caffeate	C01197	54691412	57770
CPD-676	RXN-1103	PWY-1121	right	trans -caffeate	C01197	54691412	57770
CPD-676	RXN-1126	PWY-6673	left	trans -caffeate	C01197	54691412	57770
CPD-676	RXN-1104	PWY-1121	left	trans -caffeate	C01197	54691412	57770
CPD-3441	RXN-3601	PWY-2463	left	(3R,4R)-7,2'-dihydroxy-4'-methoxyisoflavanol	C16187	25202196	72646
CPD-3441	RXN-3602	PWY-2463	left	(3R,4R)-7,2'-dihydroxy-4'-methoxyisoflavanol	C16187	25202196	72646
CPD-3402	RXN-3602	PWY-2463	right	(-)-medicarpin	C10503	336327	100
VESTITONE	RXN-3601	PWY-2463	right	(3R)-vestitone	C00786	439310	16786
VESTITONE	RXN-3562	PWY-2463	left	(3R)-vestitone	C00786	439310	16786
2-HYDROXYFORMONONETIN	RXN-3562	PWY-2463	right	2-hydroxyformononetin	C02920	5280551	17678
2-HYDROXYFORMONONETIN	ISOFLAVONE-2-HYDROXYLASE-RXN	PWY-2463	right	2-hydroxyformononetin	C02920	5280551	17678
FORMONONETIN	ISOFLAVONE-2-HYDROXYLASE-RXN	PWY-2463	left	formononetin	C00858	5280378	18088
ETHANOL-AMINE	RXN-1382	PHOSLIPSYN2-PWY	right	ethanolamine	C00189	444693	57603
ETHANOL-AMINE	ETHANOLAMINE-KINASE-RXN	PWY4FS-6	left	ethanolamine	C00189	444693	57603
ETHANOL-AMINE	RXN-5641	PWY-3385	right	ethanolamine	C00189	444693	57603
ETHANOL-AMINE	ETHANOLAMINE-KINASE-RXN	PWY-3385	left	ethanolamine	C00189	444693	57603
ETHANOL-AMINE	RXN-5641	PWY4FS-6	right	ethanolamine	C00189	444693	57603
CDP-ETHANOLAMINE	ETHANOLAMINEPHOSPHOTRANSFERASE-RXN	PWY4FS-6	left	CDP-ethanolamine	C00570	25202847	57876
CDP-ETHANOLAMINE	2.7.7.14-RXN	PWY4FS-6	right	CDP-ethanolamine	C00570	25202847	57876
L-1-PHOSPHATIDYL-ETHANOLAMINE	ETHANOLAMINEPHOSPHOTRANSFERASE-RXN	PWY4FS-6	right	a phosphatidylethanolamine	C00350		16038
L-1-PHOSPHATIDYL-ETHANOLAMINE	RXN-1382	PHOSLIPSYN2-PWY	left	a phosphatidylethanolamine	C00350		16038
L-1-PHOSPHATIDYL-ETHANOLAMINE	PHOSPHASERDECARB-RXN	PWY-5669	right	a phosphatidylethanolamine	C00350		16038
PHOSPHORYL-ETHANOLAMINE	2.1.1.103-RXN	PWY4FS-3	left	O -phosphoethanolamine	C00346	7059434	58190
PHOSPHORYL-ETHANOLAMINE	RXN-11377	PWY-6483	right	O -phosphoethanolamine	C00346	7059434	58190
PHOSPHORYL-ETHANOLAMINE	2.1.1.103-RXN	PWY4FS-4	left	O -phosphoethanolamine	C00346	7059434	58190
PHOSPHORYL-ETHANOLAMINE	2.1.1.103-RXN	PWY4FS-2	left	O -phosphoethanolamine	C00346	7059434	58190
PHOSPHORYL-ETHANOLAMINE	2.1.1.103-RXN	PWY-3385	left	O -phosphoethanolamine	C00346	7059434	58190
PHOSPHORYL-ETHANOLAMINE	2.7.7.14-RXN	PWY4FS-6	left	O -phosphoethanolamine	C00346	7059434	58190
PHOSPHORYL-ETHANOLAMINE	ETHANOLAMINE-KINASE-RXN	PWY4FS-6	right	O -phosphoethanolamine	C00346	7059434	58190
PHOSPHORYL-ETHANOLAMINE	ETHANOLAMINE-KINASE-RXN	PWY-3385	right	O -phosphoethanolamine	C00346	7059434	58190
Xylogalacturonan	RXN-9589	PWY-5980	right	a xylogalacturonan		25200755	27343
CPD-25932	RXN-23336	PWY-5410	right	traumatate	C16308	5283028	545687
12-OXO-TRANS-10-DODECENOATE	RXN-23336	PWY-5410	left	traumatin	C16309	15388629	19144
12-OXO-TRANS-10-DODECENOATE	RXN-1349	PWY-5410	right	traumatin	C16309	15388629	19144
CPD-19335	RXN-23335	PWY-5410	right	9-hydroxy traumatin		122706549	
CPD-25935	RXN-23335	PWY-5410	right	9,10-epoxy-12-oxododecanoate			
12-OXO-CIS-9-DODECENOATE	RXN-1345	PWY-5410	right	(9 Z )-traumatin	C16311	25243932	19143
12-OXO-CIS-9-DODECENOATE	RXN-1349	PWY-5410	left	(9 Z )-traumatin	C16311	25243932	19143
12-OXO-CIS-9-DODECENOATE	HYDROHEX-RXN	PWY-5410	right	(9 Z )-traumatin	C16311	25243932	19143
12-OXO-CIS-9-DODECENOATE	RXN-23334	PWY-5410	left	(9 Z )-traumatin	C16311	25243932	19143
12-OXO-CIS-9-DODECENOATE	RXN-23335	PWY-5410	left	(9 Z )-traumatin	C16311	25243932	19143
CPD-25934	RXN-23334	PWY-5410	right	9-hydroperoxytraumatin			
CPD-25934	RXN-23335	PWY-5410	left	9-hydroperoxytraumatin			
TRANS-2-HEXENOL	RXN-12299	PWY-6786	left	(E)-2-hexenol		5318042	141205
TRANS-2-HEXENOL	RXN-12299	PWY-5410	left	(E)-2-hexenol		5318042	141205
TRANS-2-HEXENAL	RXN-12299	PWY-5410	right	(E)-2-hexenal	C08497	5281168	28913
TRANS-2-HEXENAL	RXN-12299	PWY-6786	right	(E)-2-hexenal	C08497	5281168	28913
TRANS-2-HEXENAL	RXN-1346	PWY-5410	right	(E)-2-hexenal	C08497	5281168	28913
CIS-3-HEXENAL	RXN-12300	PWY-6786	left	(3Z)-hexenal	C16310	643941	23292
CIS-3-HEXENAL	RXN-1347	PWY-5410	right	(3Z)-hexenal	C16310	643941	23292
CIS-3-HEXENAL	RXN-1345	PWY-5410	right	(3Z)-hexenal	C16310	643941	23292
CIS-3-HEXENAL	RXN-1346	PWY-5410	left	(3Z)-hexenal	C16310	643941	23292
CIS-3-HEXENOL	RXN-12300	PWY-6786	right	(3Z)-hex-3-en-1-ol	C08492	5281167	28857
CIS-3-HEXENOL	RXN-1347	PWY-5410	left	(3Z)-hex-3-en-1-ol	C08492	5281167	28857
CIS-3-HEXENOL	RXN-11852	PWY-5410	left	(3Z)-hex-3-en-1-ol	C08492	5281167	28857
CPD-12846	RXN-11852	PWY-5410	right	(3 Z )-hex-3-en-1-yl acetate	C19757	5363388	61316
13-HYDROPEROXYOCTADECA-911-DIENOATE	HYDROHEX-RXN	PWY-5410	left	(13 S )-HPODE	C04717	21158461	57466
13-HYDROPEROXYOCTADECA-911-DIENOATE	LIPOXYGENASE-RXN	PWY-5410	right	(13 S )-HPODE	C04717	21158461	57466
HEXANAL	HYDROHEX-RXN	PWY-5410	right	1-hexanal		6184	88528
LINOLEIC_ACID	LIPOXYGENASE-RXN	PWY-5410	left	linoleate	C01595	5460332	30245
L-GLUTAMATE_GAMMA-SEMIALDEHYDE	SPONTPRO-RXN	ARG-PRO-PWY	right	L-glutamate 5-semialdehyde	C01165	49791979	58066
L-GLUTAMATE_GAMMA-SEMIALDEHYDE	GLUTSEMIALDEHYDROG-RXN	ARGININE-SYN4-PWY	left	L-glutamate 5-semialdehyde	C01165	49791979	58066
L-GLUTAMATE_GAMMA-SEMIALDEHYDE	SPONTPRO-RXN	PROUT-PWY	right	L-glutamate 5-semialdehyde	C01165	49791979	58066
L-GLUTAMATE_GAMMA-SEMIALDEHYDE	RXN-14116	PROUT-PWY	left	L-glutamate 5-semialdehyde	C01165	49791979	58066
L-GLUTAMATE_GAMMA-SEMIALDEHYDE	ORNITHINE-GLU-AMINOTRANSFERASE-RXN	CITRULBIO-PWY	right	L-glutamate 5-semialdehyde	C01165	49791979	58066
L-GLUTAMATE_GAMMA-SEMIALDEHYDE	GLUTSEMIALDEHYDROG-RXN	CITRULBIO-PWY	left	L-glutamate 5-semialdehyde	C01165	49791979	58066
L-GLUTAMATE_GAMMA-SEMIALDEHYDE	SPONTPRO-RXN	PROSYN-PWY	right	L-glutamate 5-semialdehyde	C01165	49791979	58066
L-GLUTAMATE_GAMMA-SEMIALDEHYDE	SPONTPRO-RXN	PWY-3341	right	L-glutamate 5-semialdehyde	C01165	49791979	58066
L-GLUTAMATE_GAMMA-SEMIALDEHYDE	ORNITHINE-GLU-AMINOTRANSFORASE-RXN	PWY4LZ-81	right	L-glutamate 5-semialdehyde	C01165	49791979	58066
L-GLUTAMATE_GAMMA-SEMIALDEHYDE	RXN-14116	ARGASEDEG-PWY	left	L-glutamate 5-semialdehyde	C01165	49791979	58066
L-GLUTAMATE_GAMMA-SEMIALDEHYDE	ORNITHINE-GLU-AMINOTRANSFERASE-RXN	ARG-PRO-PWY	right	L-glutamate 5-semialdehyde	C01165	49791979	58066
L-GLUTAMATE_GAMMA-SEMIALDEHYDE	ORNITHINE-GLU-AMINOTRANSFERASE-RXN	PWY-3341	right	L-glutamate 5-semialdehyde	C01165	49791979	58066
L-GLUTAMATE_GAMMA-SEMIALDEHYDE	SPONTPRO-RXN	CITRULBIO-PWY	right	L-glutamate 5-semialdehyde	C01165	49791979	58066
L-GLUTAMATE_GAMMA-SEMIALDEHYDE	GLUTSEMIALDEHYDROG-RXN	PROSYN-PWY	left	L-glutamate 5-semialdehyde	C01165	49791979	58066
L-GLUTAMATE_GAMMA-SEMIALDEHYDE	ORNITHINE-GLU-AMINOTRANSFERASE-RXN	ARGASEDEG-PWY	right	L-glutamate 5-semialdehyde	C01165	49791979	58066
L-GLUTAMATE_GAMMA-SEMIALDEHYDE	ORNITHINE-GLU-AMINOTRANSFERASE-RXN	ARGININE-SYN4-PWY	right	L-glutamate 5-semialdehyde	C01165	49791979	58066
L-ORNITHINE	TRANS-RXN-230	PWY-7060	left	L-ornithine	C00077	6992088	46911
L-ORNITHINE	ARGINASE-RXN	PWY-46	right	L-ornithine	C00077	6992088	46911
L-ORNITHINE	ORNCARBAMTRANSFER-RXN	PWY-7060	left	L-ornithine	C00077	6992088	46911
L-ORNITHINE	RXN-13482	PWY-7060	left	L-ornithine	C00077	6992088	46911
L-ORNITHINE	ARGINASE-RXN	ARG-PRO-PWY	right	L-ornithine	C00077	6992088	46911
L-ORNITHINE	ARGINASE-RXN	ARGASEDEG-PWY	right	L-ornithine	C00077	6992088	46911
L-ORNITHINE	ORNCARBAMTRANSFER-RXN	CITRULLINE-DEG-PWY	left	L-ornithine	C00077	6992088	46911
L-ORNITHINE	ORNITHINE-GLU-AMINOTRANSFERASE-RXN	PWY-3341	left	L-ornithine	C00077	6992088	46911
L-ORNITHINE	ORNCARBAMTRANSFER-RXN	PWY-4984	left	L-ornithine	C00077	6992088	46911
L-ORNITHINE	TRANS-RXN-230	PWY-7060	right	L-ornithine	C00077	6992088	46911
L-ORNITHINE	ORNCARBAMTRANSFER-RXN	ARGSYNBSUB-PWY	left	L-ornithine	C00077	6992088	46911
L-ORNITHINE	ORNITHINE-GLU-AMINOTRANSFERASE-RXN	ARGASEDEG-PWY	left	L-ornithine	C00077	6992088	46911
L-ORNITHINE	ORNITHINE-GLU-AMINOTRANSFERASE-RXN	ARG-PRO-PWY	left	L-ornithine	C00077	6992088	46911
L-ORNITHINE	TRANS-RXN-229	PWY-7060	right	L-ornithine	C00077	6992088	46911
L-ORNITHINE	ORNDECARBOX-RXN	PWY-46	left	L-ornithine	C00077	6992088	46911
L-ORNITHINE	ARGINASE-RXN	PWY-4984	right	L-ornithine	C00077	6992088	46911
L-ORNITHINE	ORNCARBAMTRANSFER-RXN	CITRULBIO-PWY	left	L-ornithine	C00077	6992088	46911
L-ORNITHINE	ORNITHINE-GLU-AMINOTRANSFERASE-RXN	CITRULBIO-PWY	left	L-ornithine	C00077	6992088	46911
L-ORNITHINE	ARGINASE-RXN	CITRULBIO-PWY	right	L-ornithine	C00077	6992088	46911
L-ORNITHINE	ORNITHINE-GLU-AMINOTRANSFERASE-RXN	ARGININE-SYN4-PWY	left	L-ornithine	C00077	6992088	46911
L-ORNITHINE	ORNITHINE-GLU-AMINOTRANSFORASE-RXN	PWY4LZ-81	left	L-ornithine	C00077	6992088	46911
L-ORNITHINE	CITRULLINASE-RXN	PWY4LZ-81	right	L-ornithine	C00077	6992088	46911
L-ORNITHINE	ORNCARBAMTRANSFER-RXN	ARGSYN-PWY	left	L-ornithine	C00077	6992088	46911
L-ORNITHINE	ORNCARBAMTRANSFER-RXN	PWY4LZ-81	left	L-ornithine	C00077	6992088	46911
L-ORNITHINE	ACETYLORNDEACET-RXN	GLUTORN-PWY	right	L-ornithine	C00077	6992088	46911
L-ORNITHINE	GLUTAMATE-N-ACETYLTRANSFERASE-RXN	ARGSYNBSUB-PWY	right	L-ornithine	C00077	6992088	46911
L-ORNITHINE	TRANS-RXN-229	PWY-7060	left	L-ornithine	C00077	6992088	46911
CPD-474	RXN-13718	PWY-3101	left	(+)-taxifolin	C01617	25244891	58329
CPD-474	RXN-527	PWY-6787	left	(+)-taxifolin	C01617	25244891	58329
CPD-474	RXN-7775	PWY-6787	right	(+)-taxifolin	C01617	25244891	58329
CPD-474	RXN-7775	PWY1F-823	right	(+)-taxifolin	C01617	25244891	58329
CPD-474	RXN-525	PWY1F-823	right	(+)-taxifolin	C01617	25244891	58329
CPD-474	RXN-600	PWY1F-823	right	(+)-taxifolin	C01617	25244891	58329
CPD-474	RXN-527	PWY-3101	left	(+)-taxifolin	C01617	25244891	58329
CPD-474	RXN-525	PWY-3101	right	(+)-taxifolin	C01617	25244891	58329
DIHYDROKAEMPFEROL-CMPD	RXN-525	PWY-3101	left	(+)-dihydrokaempferol	C00974	122850	15401
DIHYDROKAEMPFEROL-CMPD	DIHYDROKAEMPFEROL-4-REDUCTASE-RXN	PWY1F-823	right	(+)-dihydrokaempferol	C00974	122850	15401
DIHYDROKAEMPFEROL-CMPD	NARINGENIN-3-DIOXYGENASE-RXN	PWY-6787	right	(+)-dihydrokaempferol	C00974	122850	15401
DIHYDROKAEMPFEROL-CMPD	RXN-525	PWY1F-823	left	(+)-dihydrokaempferol	C00974	122850	15401
DIHYDROKAEMPFEROL-CMPD	RXN1F-93	PWY-6787	left	(+)-dihydrokaempferol	C00974	122850	15401
DIHYDROKAEMPFEROL-CMPD	NARINGENIN-3-DIOXYGENASE-RXN	PWY1F-FLAVSYN	right	(+)-dihydrokaempferol	C00974	122850	15401
DIHYDROKAEMPFEROL-CMPD	RXN1F-93	PWY-3101	left	(+)-dihydrokaempferol	C00974	122850	15401
DIHYDROKAEMPFEROL-CMPD	RXN-7782	PWY-3101	left	(+)-dihydrokaempferol	C00974	122850	15401
LEUCOPELARGONIDIN-CMPD	DIHYDROKAEMPFEROL-4-REDUCTASE-RXN	PWY1F-823	left	(2 R ,3 S ,4 S )-leucopelargonidin	C03648	440073	17343
CPD-590	RXN-600	PWY1F-823	left	(2 R ,3 S ,4 S )-leucocyanidin	C05906	440833	11412
CPD-487	2.7.7.51-RXN	PWY-6794	right	adenosine 5'-phosphoramidate	C03851	23615303	57890
GLYCEROL	RXN-7952	LIPAS-PWY	right	glycerol	C00116	753	17754
GLYCEROL	GLYCEROL-KIN-RXN	PWY-4261	left	glycerol	C00116	753	17754
GLYCEROL	TRANS-RXN-131	PWY-4261	right	glycerol	C00116	753	17754
GLYCEROL	TRANS-RXN-131	PWY-4261	left	glycerol	C00116	753	17754
CPD-318	RXN-3521	PWY-2261	right	monodehydroascorbate radical	C01041	5483640	16504
CPD-318	RXN-3523	PWY-2261	left	monodehydroascorbate radical	C01041	5483640	16504
CPD-318	RXN-3522	PWY-2261	right	monodehydroascorbate radical	C01041	5483640	16504
CPD-9925	RXN-9311	PWY-5837	left	1,4-dihydroxy-2-naphthoyl-CoA	C15547	46878473	58897
CPD-9925	NAPHTHOATE-SYN-RXN	PWY-5837	right	1,4-dihydroxy-2-naphthoyl-CoA	C15547	46878473	58897
DIHYDROXYNAPHTHOATE	RXN-17066	PWY-5027	left	1,4-dihydroxy-2-naphthoate	C03657	54706667	11173
DIHYDROXYNAPHTHOATE	RXN-9311	PWY-5837	right	1,4-dihydroxy-2-naphthoate	C03657	54706667	11173
CPD-6972	NAPHTHOATE-SYN-RXN	PWY-5837	left	4-(2'-carboxyphenyl)-4-oxobutyryl-CoA	C03160	129626606	57364
CPD-6972	O-SUCCINYLBENZOATE-COA-LIG-RXN	PWY-5837	right	4-(2'-carboxyphenyl)-4-oxobutyryl-CoA	C03160	129626606	57364
CPD-9923	RXN-9310	PWY-5837	right	(1 R ,6 R )-6-hydroxy-2-succinylcyclohexa-2,4-diene-1-carboxylate	C05817	25246102	58689
CPD-9923	O-SUCCINYLBENZOATE-COA-SYN-RXN	PWY-5837	left	(1 R ,6 R )-6-hydroxy-2-succinylcyclohexa-2,4-diene-1-carboxylate	C05817	25246102	58689
CPD-9924	2.5.1.64-RXN	PWY-5837	right	(1R,2S,5S,6S)-2-succinyl-5-enolpyruvyl-6-hydroxycyclohex-3-ene-1-carboxylate	C16519	90657446	50271
CPD-9924	RXN-9310	PWY-5837	left	(1R,2S,5S,6S)-2-succinyl-5-enolpyruvyl-6-hydroxycyclohex-3-ene-1-carboxylate	C16519	90657446	50271
ISOCHORISMATE	ISOCHORSYN-RXN	PWY-5837	right	isochorismate	C00885	5460580	29780
ISOCHORISMATE	2.5.1.64-RXN	PWY-5837	left	isochorismate	C00885	5460580	29780
CHORISMATE	PABASYN-RXN	PWY-3742	left	chorismate	C00251	5460312	29748
CHORISMATE	CHORISMATE-SYNTHASE-RXN	PWY-6163	right	chorismate	C00251	5460312	29748
CHORISMATE	ISOCHORSYN-RXN	PWY-5837	left	chorismate	C00251	5460312	29748
CHORISMATE	PABASYN-RXN	PWY-6543	left	chorismate	C00251	5460312	29748
CHORISMATE	CHORISMATEMUT-RXN	PWY-6120	left	chorismate	C00251	5460312	29748
CHORISMATE	CHORISMATEMUT-RXN	PWY-3461	left	chorismate	C00251	5460312	29748
CHORISMATE	ANTHRANSYN-RXN	TRPSYN-PWY	left	chorismate	C00251	5460312	29748
CHORISMATE	CHORISMATEMUT-RXN	PWY-3462	left	chorismate	C00251	5460312	29748
O-SUCCINYLBENZOATE	O-SUCCINYLBENZOATE-COA-SYN-RXN	PWY-5837	right	2-succinylbenzoate	C02730	5459922	18325
O-SUCCINYLBENZOATE	O-SUCCINYLBENZOATE-COA-LIG-RXN	PWY-5837	left	2-succinylbenzoate	C02730	5459922	18325
PREPHENATE	PREPHENATE-ASP-TRANSAMINE-RXN	PWY-3462	right	prephenate	C00254	5460303	29934
PREPHENATE	CHORISMATEMUT-RXN	PWY-3461	right	prephenate	C00254	5460303	29934
PREPHENATE	PREPHENATE-ASP-TRANSAMINE-RXN	PWY-6120	right	prephenate	C00254	5460303	29934
PREPHENATE	PREPHENATE-TRANSAMINE-RXN	PWY-3461	right	prephenate	C00254	5460303	29934
PREPHENATE	PREPHENATE-TRANSAMINE-RXN	PWY-6120	right	prephenate	C00254	5460303	29934
PREPHENATE	CHORISMATEMUT-RXN	PWY-6120	right	prephenate	C00254	5460303	29934
PREPHENATE	PREPHENATE-ASP-TRANSAMINE-RXN	PWY-3461	right	prephenate	C00254	5460303	29934
PREPHENATE	CHORISMATEMUT-RXN	PWY-3462	right	prephenate	C00254	5460303	29934
PREPHENATE	PREPHENATE-TRANSAMINE-RXN	PWY-3462	right	prephenate	C00254	5460303	29934
CPD-659	PREPHENATE-TRANSAMINE-RXN	PWY-6120	left	L-arogenate	C00826	25244469	58180
CPD-659	PREPHENATE-ASP-TRANSAMINE-RXN	PWY-3462	left	L-arogenate	C00826	25244469	58180
CPD-659	PREPHENATE-TRANSAMINE-RXN	PWY-3462	left	L-arogenate	C00826	25244469	58180
CPD-659	CYCLOHEXADIENYL-DEHYDROGENASE-RXN	PWY-6120	left	L-arogenate	C00826	25244469	58180
CPD-659	PREPHENATE-ASP-TRANSAMINE-RXN	PWY-6120	left	L-arogenate	C00826	25244469	58180
CPD-659	PREPHENATE-TRANSAMINE-RXN	PWY-3461	left	L-arogenate	C00826	25244469	58180
CPD-659	RXN-5682	PWY-3461	left	L-arogenate	C00826	25244469	58180
CPD-659	PREPHENATE-ASP-TRANSAMINE-RXN	PWY-3461	left	L-arogenate	C00826	25244469	58180
CPD-659	CARBOXYCYCLOHEXADIENYL-DEHYDRATASE-RXN	PWY-3462	left	L-arogenate	C00826	25244469	58180
TYR	TYROSINE-AMINOTRANSFERASE-RXN	PWY-5048	left	L-tyrosine	C00082	6942100	58315
TYR	TYROSINE-AMINOTRANSFERASE-RXN	PWY-5886	left	L-tyrosine	C00082	6942100	58315
TYR	TYROSINE-DECARBOXYLASE-RXN	PWY-5474	left	L-tyrosine	C00082	6942100	58315
TYR	CYCLOHEXADIENYL-DEHYDROGENASE-RXN	PWY-6120	right	L-tyrosine	C00082	6942100	58315
TYR	RXN-5682	PWY-3461	right	L-tyrosine	C00082	6942100	58315
TYR	TYROSINE-AMINOTRANSFERASE-RXN	TYRFUMCAT-PWY	left	L-tyrosine	C00082	6942100	58315
TYR	TYROSINE-N-MONOOXYGENASE-RXN	PWY-861	left	L-tyrosine	C00082	6942100	58315
TYR	TYROSINE-3-MONOOXYGENASE-RXN	PWY-5049	left	L-tyrosine	C00082	6942100	58315
CPD-68	4.4.1.14-RXN	ETHYL-PWY	right	1-aminocyclopropane-1-carboxylate	C01234	6971063	58360
CPD-68	ETHYL-RXN	ETHYL-PWY	left	1-aminocyclopropane-1-carboxylate	C01234	6971063	58360
ETHYLENE-CMPD	ETHYL-RXN	ETHYL-PWY	right	ethene	C06547	6325	18153
HCN	L-3-CYANOALANINE-SYNTHASE-RXN	P401-PWY	left	hydrogen cyanide	C01326	768	18407
HCN	THIOSULFATE-SULFURTRANSFERASE-RXN	PWY-5350	left	hydrogen cyanide	C01326	768	18407
HCN	ETHYL-RXN	ETHYL-PWY	right	hydrogen cyanide	C01326	768	18407
HCN	L-3-CYANOALANINE-SYNTHASE-RXN	ASPSYNII-PWY	left	hydrogen cyanide	C01326	768	18407
C18-Phytoceramides	RXN-14250	PWY-5129	right	a (C18)-phytoceramide			
C18-Phytoceramides	RXN-7798	PWY-5129	left	a (C18)-phytoceramide			
CPD3DJ-82	RXN-14250	PWY-5129	left	a dihydroceramide	C12126	16755624	31488
CPD3DJ-82	RXN-7799	PWY-5129	left	a dihydroceramide	C12126	16755624	31488
CPD3DJ-82	RXN-7792	PWY-5129	right	a dihydroceramide	C12126	16755624	31488
CPD3DJ-82	RXN-7801	PWY-5129	left	a dihydroceramide	C12126	16755624	31488
CPD3DJ-82	RXN-7796	PWY-5129	left	a dihydroceramide	C12126	16755624	31488
CPD3DJ-82	RXN-7795	PWY-5129	left	a dihydroceramide	C12126	16755624	31488
CPD3DJ-82	RXN-7793	PWY-5129	left	a dihydroceramide	C12126	16755624	31488
Glucosyl-acyl-sphinganines	RXN-11341	PWY-5129	left	a beta-D-glucosyl- N -acylsphinganine			
Glucosyl-acyl-sphinganines	RXN-7801	PWY-5129	right	a beta-D-glucosyl- N -acylsphinganine			
Glucosyl-acyl-sphinganines	RXN-7793	PWY-5129	right	a beta-D-glucosyl- N -acylsphinganine			
Glucosyl-acyl-sphingosines	RXN-11341	PWY-5129	right	a beta-D-glucosyl- N -acylsphingosine			22801
CPD-13612	3-DEHYDROSPHINGANINE-REDUCTASE-RXN	PWY-5129	left	sphinganine	C00836	46878428	57817
CPD-13612	RXN3O-1380	PWY-5129	left	sphinganine	C00836	46878428	57817
CPD-13612	SPHINGANINE-KINASE-RXN	PWY-5129	left	sphinganine	C00836	46878428	57817
CPD-13612	RXN-7792	PWY-5129	left	sphinganine	C00836	46878428	57817
CPD-649	SPHINGANINE-KINASE-RXN	PWY-5129	right	sphinganine 1-phosphate	C01120	46878432	57939
O-Glucosylsterols	RXN-7801	PWY-5129	left	a sterol 3-glucoside			37424
Sterols	RXN-7801	PWY-5129	right	a sterol	C00370		15889
Plant-Ceramide-Phosphate	RXN-7799	PWY-5129	right	a dihydroceramide 1-phosphate			
4-Hydroxysphing-8E-enine-ceramides	RXN-7798	PWY-5129	right	an (8E)-4-hydroxysphing-8-enine ceramide			
Alpha-hydroxydihydroceramides	RXN-7796	PWY-5129	right	a (2' R )-2'-hydroxydihydroceramide	C21021		
L-1-phosphatidyl-inositols	2.7.8.11-RXN	PWY-6352	right	a 1-phosphatidyl-1D- myo -inositol	C01194	25245335	57880;16749
L-1-phosphatidyl-inositols	1-PHOSPHATIDYLINOSITOL-KINASE-RXN	PWY-6351	left	a 1-phosphatidyl-1D- myo -inositol	C01194	25245335	57880;16749
L-1-phosphatidyl-inositols	2.7.8.11-RXN	PHOSLIPSYN2-PWY	right	a 1-phosphatidyl-1D- myo -inositol	C01194	25245335	57880;16749
L-1-phosphatidyl-inositols	1-PHOSPHATIDYLINOSITOL-KINASE-RXN	PWY-6352	left	a 1-phosphatidyl-1D- myo -inositol	C01194	25245335	57880;16749
L-1-phosphatidyl-inositols	RXN-7795	PWY-5129	left	a 1-phosphatidyl-1D- myo -inositol	C01194	25245335	57880;16749
L-1-phosphatidyl-inositols	1-PHOSPHATIDYLINOSITOL-3-KINASE-RXN	PWY-6352	left	a 1-phosphatidyl-1D- myo -inositol	C01194	25245335	57880;16749
L-1-phosphatidyl-inositols	2.7.8.11-RXN	PWY-6351	right	a 1-phosphatidyl-1D- myo -inositol	C01194	25245335	57880;16749
Inositolphosphoryl-Ceramides	RXN-7795	PWY-5129	right	an inositol phosphodihydroceramide			
PHYTOSPINGOSINE	RXN3O-1380	PWY-5129	right	phytosphingosine	C12144	56927898	64124
DEHYDROSPHINGANINE	SERINE-C-PALMITOYLTRANSFERASE-RXN	PWY-5129	right	3-dehydrosphinganine	C02934	49852310	58299
DEHYDROSPHINGANINE	3-DEHYDROSPHINGANINE-REDUCTASE-RXN	PWY-5129	right	3-dehydrosphinganine	C02934	49852310	58299
UREA	ALLANTOICASE-RXN	PWY-5697	right	urea	C00086	1176	16199
UREA	ARGINASE-RXN	PWY-46	right	urea	C00086	1176	16199
UREA	ARGINASE-RXN	ARG-PRO-PWY	right	urea	C00086	1176	16199
UREA	TRANS-RXN4LZ-7041	PWY4LZ-81	left	urea	C00086	1176	16199
UREA	ARGINASE-RXN	CITRULBIO-PWY	right	urea	C00086	1176	16199
UREA	ARGINASE-RXN	ARGASEDEG-PWY	right	urea	C00086	1176	16199
UREA	ARGINASE-RXN	PWY-4984	right	urea	C00086	1176	16199
UREA	RXN-24539	PWY-5704	left	urea	C00086	1176	16199
UREA	UREIDOGLYCOLATE-LYASE-RXN	PWY4LZ-81	right	urea	C00086	1176	16199
UREA	ALLANTOICASE-RXN	PWY4LZ-81	right	urea	C00086	1176	16199
UREA	UREA-CARBOXYLASE-RXN	PWY4LZ-81	left	urea	C00086	1176	16199
UREA	TRANS-RXN4LZ-7041	PWY4LZ-81	right	urea	C00086	1176	16199
CPD-1091	URUR-RXN	PWY-5698	right	( S )-ureidoglycolate	C00603	23615273	57296
CPD-1091	UREIDOGLYCOLATE-LYASE-RXN	PWY4LZ-81	left	( S )-ureidoglycolate	C00603	23615273	57296
CPD-1091	ALLANTOICASE-RXN	PWY-5697	right	( S )-ureidoglycolate	C00603	23615273	57296
CPD-1091	URUR-RXN	PWY-5692	right	( S )-ureidoglycolate	C00603	23615273	57296
CPD-1091	ALLANTOICASE-RXN	PWY4LZ-81	right	( S )-ureidoglycolate	C00603	23615273	57296
CPD-1091	UREIDOGLYCOLATE-HYDROLASE-RXN	PWY-5692	left	( S )-ureidoglycolate	C00603	23615273	57296
GLYOX	RXN-969	PWY-181	right	glyoxylate	C00048	3614358	36655
GLYOX	SERINE--GLYOXYLATE-AMINOTRANSFERASE-RXN	PWY-8011	left	glyoxylate	C00048	3614358	36655
GLYOX	GLYCINE-AMINOTRANSFERASE-RXN	PWY-181	right	glyoxylate	C00048	3614358	36655
GLYOX	ALANINE--GLYOXYLATE-AMINOTRANSFERASE-RXN	GLYSYN-ALA-PWY	left	glyoxylate	C00048	3614358	36655
GLYOX	SERINE-GLYOXYLATE-AMINOTRANSFERASE-RXN	GLYSYN2-PWY	right	glyoxylate	C00048	3614358	36655
GLYOX	UREIDOGLYCOLATE-LYASE-RXN	PWY4LZ-81	right	glyoxylate	C00048	3614358	36655
GLYOX	SERINE--GLYOXYLATE-AMINOTRANSFERASE-RXN	PWY-181	left	glyoxylate	C00048	3614358	36655
GLYOX	UREIDOGLYCOLATE-HYDROLASE-RXN	PWY-5692	right	glyoxylate	C00048	3614358	36655
GLYOX	GLYCINE-AMINOTRANSFERASE-RXN	GLYSYN2-PWY	right	glyoxylate	C00048	3614358	36655
AMMONIA	TRANS-RXN4LZ-7042	PWY4LZ-283	right	ammonia	C00014	222	16134
AMMONIA	GLUTAMIN-RXN	GLUTAMINDEG-PWY	right	ammonia	C00014	222	16134
AMMONIA	GLUTAMIN-RXN	PWY-5921	right	ammonia	C00014	222	16134
AMMONIA	TRANS-RXN4LZ-7	PWY4LZ-283	left	ammonia	C00014	222	16134
AMMONIA	GLUTAMIN-RXN	CITRULBIO-PWY	right	ammonia	C00014	222	16134
AMMONIA	TRANS-RXN4LZ-7	PWY4LZ-283	right	ammonia	C00014	222	16134
AMMONIA	TRANS-RXN4LZ-7	PWY4LZ-81	right	ammonia	C00014	222	16134
AMMONIA	TRANS-RXN4LZ-7042	PWY4LZ-283	left	ammonia	C00014	222	16134
AMMONIA	RXN-20083	PWY-5921	left	ammonia	C00014	222	16134
AMMONIA	TRANS-RXN4LZ-7	PWY4LZ-81	left	ammonia	C00014	222	16134
AMMONIA	RXN-1161	PWY4LZ-283	right	ammonia	C00014	222	16134
Amino-Acids-20	L-AMINO-ACID-OXIDASE-RXN	PWY4LZ-81	left	a proteinogenic amino acid			83813
2-Oxo-carboxylates	L-AMINO-ACID-OXIDASE-RXN	PWY4LZ-81	right	a 2-oxo carboxylate			35910
CPD-578	UREA-CARBOXYLASE-RXN	PWY4LZ-81	right	urea-1-carboxylate	C01010	9543250	15832
CPD-578	ALLOPHANATE-HYDROLASE-RXN	PWY4LZ-81	left	urea-1-carboxylate	C01010	9543250	15832
HYPOXANTHINE	INOSINE-NUCLEOSIDASE-RXN	PWY-6596	right	hypoxanthine	C00262	135398638	17368
HYPOXANTHINE	ADENINE-DEAMINASE-RXN	PWY4LZ-81	right	hypoxanthine	C00262	135398638	17368
HYPOXANTHINE	RXN-7682	PWY4LZ-81	left	hypoxanthine	C00262	135398638	17368
HYPOXANTHINE	RXN-7682	PWY-6596	left	hypoxanthine	C00262	135398638	17368
ALLANTOATE	ALLANTOINASE-RXN	PWY4LZ-81	right	allantoate	C00499	5287444	17536
ALLANTOATE	ALLANTOINASE-RXN	PWY-5698	right	allantoate	C00499	5287444	17536
ALLANTOATE	ALLANTOINASE-RXN	PWY-5697	right	allantoate	C00499	5287444	17536
ALLANTOATE	ALLANTOATE-DEIMINASE-RXN	PWY-5698	left	allantoate	C00499	5287444	17536
ALLANTOATE	ALLANTOICASE-RXN	PWY4LZ-81	left	allantoate	C00499	5287444	17536
ALLANTOATE	ALLANTOICASE-RXN	PWY-5697	left	allantoate	C00499	5287444	17536
ALLANTOIN	RXN-7610	PWY4LZ-81	right	allantoin	C01551	204	15676
XANTHINE	RXN0-901	PWY-6606	left	xanthine	C00385	1188	15318
XANTHINE	GUANINE-DEAMINASE-RXN	PWY-6606	right	xanthine	C00385	1188	15318
XANTHINE	TRANS-RXN-206	PWY-6237	left	xanthine	C00385	1188	15318
XANTHINE	RXN0-901	PWY-6596	left	xanthine	C00385	1188	15318
XANTHINE	GUANINE-DEAMINASE-RXN	PWY4LZ-81	right	xanthine	C00385	1188	15318
XANTHINE	RXN0-901	PWY4LZ-81	left	xanthine	C00385	1188	15318
XANTHINE	RXN-7682	PWY-6596	right	xanthine	C00385	1188	15318
XANTHINE	RXN0-363	PWY-6596	right	xanthine	C00385	1188	15318
XANTHINE	RXN0-363	PWY-6607	right	xanthine	C00385	1188	15318
XANTHINE	RXN-7682	PWY4LZ-81	right	xanthine	C00385	1188	15318
XANTHINE	RXN0-901	PWY-6607	left	xanthine	C00385	1188	15318
XANTHINE	RXN0-901	PWY-6237	left	xanthine	C00385	1188	15318
XANTHINE	TRANS-RXN-206	PWY-6237	right	xanthine	C00385	1188	15318
L-CITRULLINE	ORNCARBAMTRANSFER-RXN	PWY-7060	right	L-citrulline	C00327	6992098	57743
L-CITRULLINE	RXN-13482	PWY-7060	right	L-citrulline	C00327	6992098	57743
L-CITRULLINE	TRANS-RXN-227	PWY-7060	right	L-citrulline	C00327	6992098	57743
L-CITRULLINE	ARGININE-DEIMINASE-RXN	PWY4LZ-81	right	L-citrulline	C00327	6992098	57743
L-CITRULLINE	ORNCARBAMTRANSFER-RXN	PWY-4984	right	L-citrulline	C00327	6992098	57743
L-CITRULLINE	ARGSUCCINSYN-RXN	PWY-4984	left	L-citrulline	C00327	6992098	57743
L-CITRULLINE	ORNCARBAMTRANSFER-RXN	CITRULBIO-PWY	right	L-citrulline	C00327	6992098	57743
L-CITRULLINE	ORNCARBAMTRANSFER-RXN	PWY4LZ-81	right	L-citrulline	C00327	6992098	57743
L-CITRULLINE	ORNCARBAMTRANSFER-RXN	CITRULLINE-DEG-PWY	right	L-citrulline	C00327	6992098	57743
L-CITRULLINE	ORNCARBAMTRANSFER-RXN	ARGSYNBSUB-PWY	right	L-citrulline	C00327	6992098	57743
L-CITRULLINE	TRANS-RXN-227	PWY-7060	left	L-citrulline	C00327	6992098	57743
L-CITRULLINE	TRANS-RXN-228	PWY-7060	left	L-citrulline	C00327	6992098	57743
L-CITRULLINE	CITRULLINASE-RXN	PWY4LZ-81	left	L-citrulline	C00327	6992098	57743
L-CITRULLINE	ORNCARBAMTRANSFER-RXN	ARGSYN-PWY	right	L-citrulline	C00327	6992098	57743
L-CITRULLINE	ARGSUCCINSYN-RXN	ARGSYNBSUB-PWY	left	L-citrulline	C00327	6992098	57743
L-CITRULLINE	ARGSUCCINSYN-RXN	ARGSYN-PWY	left	L-citrulline	C00327	6992098	57743
L-CITRULLINE	TRANS-RXN-228	PWY-7060	right	L-citrulline	C00327	6992098	57743
CARBAMOYL-P	ORNCARBAMTRANSFER-RXN	PWY-4984	left	carbamoyl phosphate	C00169	3423467	58228
CARBAMOYL-P	ASPCARBTRANS-RXN	PWY-5686	left	carbamoyl phosphate	C00169	3423467	58228
CARBAMOYL-P	CARBAMATE-KINASE-RXN	PWY-7060	right	carbamoyl phosphate	C00169	3423467	58228
CARBAMOYL-P	ORNCARBAMTRANSFER-RXN	CITRULLINE-DEG-PWY	left	carbamoyl phosphate	C00169	3423467	58228
CARBAMOYL-P	CARBPSYN-RXN	ARGSYN-PWY	right	carbamoyl phosphate	C00169	3423467	58228
CARBAMOYL-P	RXN-13202	PWY-4984	right	carbamoyl phosphate	C00169	3423467	58228
CARBAMOYL-P	ORNCARBAMTRANSFER-RXN	PWY-7060	left	carbamoyl phosphate	C00169	3423467	58228
CARBAMOYL-P	ORNCARBAMTRANSFER-RXN	PWY4LZ-81	left	carbamoyl phosphate	C00169	3423467	58228
CARBAMOYL-P	ORNCARBAMTRANSFER-RXN	ARGSYN-PWY	left	carbamoyl phosphate	C00169	3423467	58228
CARBAMOYL-P	RXN-14196	CITRULLINE-DEG-PWY	right	carbamoyl phosphate	C00169	3423467	58228
CARBAMOYL-P	ORNCARBAMTRANSFER-RXN	ARGSYNBSUB-PWY	left	carbamoyl phosphate	C00169	3423467	58228
CARBAMOYL-P	RXN-13482	PWY-7060	left	carbamoyl phosphate	C00169	3423467	58228
CARBAMOYL-P	CARBPSYN-RXN	ARGSYNBSUB-PWY	right	carbamoyl phosphate	C00169	3423467	58228
CARBAMOYL-P	ORNCARBAMTRANSFER-RXN	CITRULBIO-PWY	left	carbamoyl phosphate	C00169	3423467	58228
CARBAMOYL-P	CARBPSYN-RXN	PWY-5686	right	carbamoyl phosphate	C00169	3423467	58228
CARBAMOYL-P	CARBPSYN-RXN	PWY-7060	right	carbamoyl phosphate	C00169	3423467	58228
ARG	ARGINASE-RXN	CITRULBIO-PWY	left	L-arginine	C00062	1549073	32682
ARG	ARGINASE-RXN	ARG-PRO-PWY	left	L-arginine	C00062	1549073	32682
ARG	ARGINASE-RXN	PWY-46	left	L-arginine	C00062	1549073	32682
ARG	ARGSUCCINLYA-RXN	PWY-4984	right	L-arginine	C00062	1549073	32682
ARG	ARGDECARBOX-RXN	PWY-43	left	L-arginine	C00062	1549073	32682
ARG	ARGINASE-RXN	ARGASEDEG-PWY	left	L-arginine	C00062	1549073	32682
ARG	ARGINASE-RXN	PWY-4984	left	L-arginine	C00062	1549073	32682
ARG	ARGSUCCINLYA-RXN	ARGSYNBSUB-PWY	right	L-arginine	C00062	1549073	32682
ARG	ARGININE-DEIMINASE-RXN	PWY4LZ-81	left	L-arginine	C00062	1549073	32682
ARG	ARGSUCCINLYA-RXN	ARGSYN-PWY	right	L-arginine	C00062	1549073	32682
PHE	PHENYLALANINE-AMMONIA-LYASE-RXN	PWY-6444	left	L-phenylalanine	C00079	6925665	58095
PHE	RXN-9084	PWY-6219	left	L-phenylalanine	C00079	6925665	58095
PHE	PHENYLALANINE-AMMONIA-LYASE-RXN	PWY-1121	left	L-phenylalanine	C00079	6925665	58095
PHE	PHENYLALANINE-AMMONIA-LYASE-RXN	PWY1F-467	left	L-phenylalanine	C00079	6925665	58095
PHE	PHENYLALANINE-AMMONIA-LYASE-RXN	PWY-8157	left	L-phenylalanine	C00079	6925665	58095
PHE	PHENYLALANINE-AMMONIA-LYASE-RXN	PWY-5048	left	L-phenylalanine	C00079	6925665	58095
PHE	CARBOXYCYCLOHEXADIENYL-DEHYDRATASE-RXN	PWY-3462	right	L-phenylalanine	C00079	6925665	58095
CPD-2222	RXN-7626	PWY-5048	left	(R)-3-(4-hydroxyphenyl)lactate	C03964	9548632	10980
CPD-2222	1.1.1.222-RXN	PWY-5048	left	(R)-3-(4-hydroxyphenyl)lactate	C03964	9548632	10980
CPD-6981	RXN-7633	PWY-5049	right	(R)-rosmarinate	C01850	25245604	71493
CPD-6981	RXN-7629	PWY-5048	right	(R)-rosmarinate	C01850	25245604	71493
CPD-6981	RXN-7631	PWY-5048	right	(R)-rosmarinate	C01850	25245604	71493
CPD-6979	RXN-7628	PWY-5048	right	caffeoyl-4'-hydroxyphenyllactate		25245062	
CPD-6979	RXN-7629	PWY-5048	left	caffeoyl-4'-hydroxyphenyllactate		25245062	
CPD-6976	RXN-7630	PWY-5048	left	4-coumaroyl-4'-hydroxyphenyllactate		25244019	
CPD-6976	RXN-7628	PWY-5048	left	4-coumaroyl-4'-hydroxyphenyllactate		25244019	
CPD-6976	RXN-7626	PWY-5048	right	4-coumaroyl-4'-hydroxyphenyllactate		25244019	
CPD-6978	RXN-7631	PWY-5048	left	4-coumaroyl-3',4'-dihydroxyphenyllactate		25244690	
CPD-6978	RXN-7630	PWY-5048	right	4-coumaroyl-3',4'-dihydroxyphenyllactate		25244690	
GUANOSINE	RXN-7609	PWY-6607	right	guanosine	C00387	135398635	16750
GUANOSINE	RXN-7609	PWY-6606	right	guanosine	C00387	135398635	16750
GUANOSINE	RXN0-366	PWY-6606	left	guanosine	C00387	135398635	16750
GUANOSINE	GUANOSINE-DEAMINASE-RXN	PWY-6607	left	guanosine	C00387	135398635	16750
GUANOSINE	RXN0-366	PWY-6599	left	guanosine	C00387	135398635	16750
4-FUMARYL-ACETOACETATE	MALEYLACETOACETATE-ISOMERASE-RXN	TYRFUMCAT-PWY	right	4-fumaryl-acetoacetate	C01061	5459934	18034
4-FUMARYL-ACETOACETATE	FUMARYLACETOACETASE-RXN	TYRFUMCAT-PWY	left	4-fumaryl-acetoacetate	C01061	5459934	18034
3-KETOBUTYRATE	HYDROXYMETHYLGLUTARYL-COA-LYASE-RXN	LEU-DEG2-PWY	right	acetoacetate	C00164	6971017	13705
3-KETOBUTYRATE	FUMARYLACETOACETASE-RXN	TYRFUMCAT-PWY	right	acetoacetate	C00164	6971017	13705
4-MALEYL-ACETOACETATE	MALEYLACETOACETATE-ISOMERASE-RXN	TYRFUMCAT-PWY	left	4-maleyl-acetoacetate	C01036	5460066	17105
4-MALEYL-ACETOACETATE	HOMOGENTISATE-12-DIOXYGENASE-RXN	TYRFUMCAT-PWY	right	4-maleyl-acetoacetate	C01036	5460066	17105
DUMP	THYMIDYLATESYN-RXN	PWY-3841	left	dUMP	C00365	18601100	246422
DUMP	DUTP-PYROP-RXN	PWY-7184	right	dUMP	C00365	18601100	246422
DUMP	THYMIDYLATESYN-RXN	PWY-7199	left	dUMP	C00365	18601100	246422
DUMP	DUTP-PYROP-RXN	PWY-7206	right	dUMP	C00365	18601100	246422
DUMP	DURIDKI-RXN	PWY-7199	right	dUMP	C00365	18601100	246422
DUMP	THYMIDYLATESYN-RXN	PWY66-385	left	dUMP	C00365	18601100	246422
DUMP	THYMIDYLATESYN-RXN	PWY-7184	left	dUMP	C00365	18601100	246422
DUMP	DUTP-PYROP-RXN	PWY-7187	right	dUMP	C00365	18601100	246422
DUMP	THYMIDYLATESYN-RXN	PWY-7187	left	dUMP	C00365	18601100	246422
TMP	THYMIDYLATESYN-RXN	PWY-7184	right	dTMP	C00364	16755631	63528
TMP	THYMIDYLATESYN-RXN	PWY66-385	right	dTMP	C00364	16755631	63528
TMP	DTMPKI-RXN	PWY-7187	left	dTMP	C00364	16755631	63528
TMP	THYMIDYLATESYN-RXN	PWY-7187	right	dTMP	C00364	16755631	63528
TMP	THYMIDYLATESYN-RXN	PWY-3841	right	dTMP	C00364	16755631	63528
TMP	THYMIDYLATESYN-RXN	PWY-7199	right	dTMP	C00364	16755631	63528
TMP	THYKI-RXN	PWY-7199	right	dTMP	C00364	16755631	63528
TMP	DTMPKI-RXN	PWY-7184	left	dTMP	C00364	16755631	63528
DIHYDROFOLATE-GLU-N	THYMIDYLATESYN-RXN	PWY-7187	right	a 7,8-dihydrofolate			
DIHYDROFOLATE-GLU-N	THYMIDYLATESYN-RXN	PWY-7184	right	a 7,8-dihydrofolate			
DIHYDROFOLATE-GLU-N	THYMIDYLATESYN-RXN	PWY-3841	right	a 7,8-dihydrofolate			
DIHYDROFOLATE-GLU-N	THYMIDYLATESYN-RXN	PWY66-385	right	a 7,8-dihydrofolate			
DIHYDROFOLATE-GLU-N	DIHYDROFOLATEREDUCT-RXN	PWY-3742	right	a 7,8-dihydrofolate			
DIHYDROFOLATE-GLU-N	DIHYDROFOLATEREDUCT-RXN	PWY-3841	right	a 7,8-dihydrofolate			
DIHYDROFOLATE-GLU-N	THYMIDYLATESYN-RXN	PWY-7199	right	a 7,8-dihydrofolate			
DIHYDROFOLATE-GLU-N	DIHYDROFOLATEREDUCT-RXN	PWY66-385	right	a 7,8-dihydrofolate			
DCTP	RXN0-723	PWY-7187	right	dCTP	C00458	25244665	61481
DCTP	DCDPKIN-RXN	PWY-7184	right	dCTP	C00458	25244665	61481
DCTP	DCTP-DEAM-RXN	PWY-7187	left	dCTP	C00458	25244665	61481
DCTP	DCTP-PYROPHOSPHATASE-RXN	PWY-7206	left	dCTP	C00458	25244665	61481
DUTP	RXN0-724	PWY-7187	right	dUTP	C00460	25244408	61555
DUTP	DUDPKIN-RXN	PWY-7184	right	dUTP	C00460	25244408	61555
DUTP	DUTP-PYROP-RXN	PWY-7206	left	dUTP	C00460	25244408	61555
DUTP	DCTP-DEAM-RXN	PWY-7187	right	dUTP	C00460	25244408	61555
DUTP	DUTP-PYROP-RXN	PWY-7184	left	dUTP	C00460	25244408	61555
DUTP	DUTP-PYROP-RXN	PWY-7187	left	dUTP	C00460	25244408	61555
TDP	DTMPKI-RXN	PWY-7187	right	dTDP	C00363	21124327	58369
TDP	DTMPKI-RXN	PWY-7184	right	dTDP	C00363	21124327	58369
TDP	DTDPKIN-RXN	PWY-7187	left	dTDP	C00363	21124327	58369
TDP	RXN-9082	PWY-5793	right	dTDP	C00363	21124327	58369
TDP	DTDPKIN-RXN	PWY-7184	left	dTDP	C00363	21124327	58369
TTP	DTDPKIN-RXN	PWY-7187	right	dTTP	C00459	11988283	37568
TTP	DTDPKIN-RXN	PWY-7184	right	dTTP	C00459	11988283	37568
TTP	DTDPGLUCOSEPP-RXN	DTDPRHAMSYN-PWY	left	dTTP	C00459	11988283	37568
CPD-15979	MANNPISOM-RXN	PWY-5659	left	D-mannopyranose 6-phosphate		23421200	58735
CPD-15979	MANNPISOM-RXN	PWY-3881	left	D-mannopyranose 6-phosphate		23421200	58735
CPD-15979	PHOSMANMUT-RXN	PWY-5659	right	D-mannopyranose 6-phosphate		23421200	58735
CPD-15979	MANNOSE-6-PHOSPHATE-6-REDUCTASE-RXN	PWY-3881	right	D-mannopyranose 6-phosphate		23421200	58735
MANNITOL-1P	MANNOSE-6-PHOSPHATE-6-REDUCTASE-RXN	PWY-3881	left	D-mannitol 1-phosphate	C00644	23615341	61381
MANNITOL-1P	MANNITOL-1-PHOSPHATASE-RXN	PWY-3881	left	D-mannitol 1-phosphate	C00644	23615341	61381
MANNITOL	MANNITOL-1-PHOSPHATASE-RXN	PWY-3881	right	D-mannitol	C00392	6251	16899
NONAPRENYL-4-HYDROXYBENZOATE	2.5.1.39-RXN	PWY-5871	right	4-hydroxy-3-nonaprenylbenzoate	C03885	54746221	84502
NONAPRENYL-4-HYDROXYBENZOATE	RXN-9278	PWY-5871	left	4-hydroxy-3-nonaprenylbenzoate	C03885	54746221	84502
CPD-9866	RXN-9241	PWY-5871	left	2-methoxy-6-( all-trans -nonaprenyl)phenol		5372355	84522
CPD-9866	RXN-9284	PWY-5871	right	2-methoxy-6-( all-trans -nonaprenyl)phenol		5372355	84522
CPD-9898	RXN-9281	PWY-5871	right	3-methoxy-4-hydroxy-5-( all-trans -nonaprenyl)benzoate		54738025	62791
CPD-9898	RXN-9284	PWY-5871	left	3-methoxy-4-hydroxy-5-( all-trans -nonaprenyl)benzoate		54738025	62791
CPD-9896	RXN-9281	PWY-5871	left	3,4-dihydroxy-5-( all-trans -nonaprenyl)benzoate		54738024	62789
CPD-9896	RXN-9278	PWY-5871	right	3,4-dihydroxy-5-( all-trans -nonaprenyl)benzoate		54738024	62789
CPD-7158	2.1.1.64-RXN	PWY-5871	left	3-demethylubiquinol-9		86583403	84423
CPD-7158	RXN-9243	PWY-5871	right	3-demethylubiquinol-9		86583403	84423
CPD-9872	RXN-9242	PWY-5871	right	5-methoxy-2-methyl-3-( all-trans -nonaprenyl)benzene-1,4-diol		50986193	84531
CPD-9872	RXN-9243	PWY-5871	left	5-methoxy-2-methyl-3-( all-trans -nonaprenyl)benzene-1,4-diol		50986193	84531
CPD-9870	RXN-9241	PWY-5871	right	2-methoxy-6-( all trans -nonaprenyl)benzene-1,4-diol		50986247	84529
CPD-9870	RXN-9242	PWY-5871	left	2-methoxy-6-( all trans -nonaprenyl)benzene-1,4-diol		50986247	84529
CPD-9957	2.1.1.64-RXN	PWY-5871	right	ubiquinol- 9		45281170	84424
CPD-463	2.6.1.80-RXN	PWY-5912	left	L-nicotianamine	C05324	49852318	58249
CPD-463	2.5.1.43-RXN	PWY-5912	right	L-nicotianamine	C05324	49852318	58249
CPD-463	2.5.1.43-RXN	PWY-5957	right	L-nicotianamine	C05324	49852318	58249
CPD-9587	RXN-9085	PWY-5793	left	alpha-L-rhamnosylisoorientin	C03870	90657789	28596
CPD-9587	RXN-9082	PWY-5793	right	alpha-L-rhamnosylisoorientin	C03870	90657789	28596
CPD-9588	RXN-9085	PWY-5793	right	maysin		70698181	70206
DTDP-RHAMNOSE	RXN-9082	PWY-5793	left	dTDP-beta-L-rhamnose	C03319	25245982	57510
DTDP-RHAMNOSE	DTDPDEHYRHAMREDUCT-RXN	DTDPRHAMSYN-PWY	left	dTDP-beta-L-rhamnose	C03319	25245982	57510
CPD-7142	RXN-8139	PWY-5268	right	salvianin	C12647	70698319	71606
CPD-7141	RXN-8139	PWY-5268	left	monodemalonylsalvianin	C12641	45266706	58638
CPD-7141	2.3.1.172-RXN	PWY-5268	right	monodemalonylsalvianin	C12641	45266706	58638
CPD-7140	2.3.1.172-RXN	PWY-5268	left	bisdemalonylsalvianin	C12640	45266708	58640
CPD-7140	RXN-8138	PWY-5268	right	bisdemalonylsalvianin	C12640	45266708	58640
CPD-7140	RXN-8140	PWY-5268	right	bisdemalonylsalvianin	C12640	45266708	58640
SUCC-S-ALD	GABATRANSAM-RXN	PWY-6535	right	succinate semialdehyde	C00232	9543238	57706
SUCC-S-ALD	GABATRANSAM-RXN	PWY-4321	right	succinate semialdehyde	C00232	9543238	57706
SUCC-S-ALD	RXN-11002	PWY-4321	right	succinate semialdehyde	C00232	9543238	57706
SUCC-S-ALD	RXN-6902	PWY-6473	right	succinate semialdehyde	C00232	9543238	57706
SUCC-S-ALD	RXN-6902	PWY-4321	right	succinate semialdehyde	C00232	9543238	57706
SUCC-S-ALD	SUCCINATE-SEMIALDEHYDE-DEHYDROGENASE-RXN	PWY-4321	left	succinate semialdehyde	C00232	9543238	57706
SUCC-S-ALD	SUCCINATE-SEMIALDEHYDE-DEHYDROGENASE-RXN	PWY-6473	left	succinate semialdehyde	C00232	9543238	57706
SUCC-S-ALD	SUCCINATE-SEMIALDEHYDE-DEHYDROGENASE-RXN	PWY-6535	left	succinate semialdehyde	C00232	9543238	57706
SUCC-S-ALD	RXN-11002	PWY-6473	right	succinate semialdehyde	C00232	9543238	57706
4-AMINO-BUTYRATE	GABATRANSAM-RXN	PWY-6535	left	4-aminobutanoate	C00334	6992099	59888
4-AMINO-BUTYRATE	GLUTDECARBOX-RXN	PWY-4321	right	4-aminobutanoate	C00334	6992099	59888
4-AMINO-BUTYRATE	RXN-6902	PWY-4321	left	4-aminobutanoate	C00334	6992099	59888
4-AMINO-BUTYRATE	GABATRANSAM-RXN	PWY-4321	left	4-aminobutanoate	C00334	6992099	59888
4-AMINO-BUTYRATE	RXN-6902	PWY-6473	left	4-aminobutanoate	C00334	6992099	59888
Fe3-siderophores	TRANS-RXN-172	PWY-5937	right	a siderophore-bound Fe(III)	C06704		5975
Fe3-siderophores	FERRIC-CHELATE-REDUCTASE-RXN	PWY-5934	right	a siderophore-bound Fe(III)	C06704		5975
Fe3-siderophores	TRANS-RXN-172	PWY-5937	left	a siderophore-bound Fe(III)	C06704		5975
GDP-4-DEHYDRO-6-L-DEOXYGALACTOSE	FCLEPIM-RXN	PWY-66	right	GDP-4-dehydro-6-deoxy-beta-L-galactose	C14830	135398622	86476
GDP-4-DEHYDRO-6-L-DEOXYGALACTOSE	FCLREDUCT-RXN	PWY-66	right	GDP-4-dehydro-6-deoxy-beta-L-galactose	C14830	135398622	86476
GDP-4-DEHYDRO-6-DEOXY-D-MANNOSE	FCLEPIM-RXN	PWY-66	left	GDP-4-dehydro-alpha-D-rhamnose	C01222	135398620	57964
GDP-4-DEHYDRO-6-DEOXY-D-MANNOSE	GDPMANDEHYDRA-RXN	PWY-66	right	GDP-4-dehydro-alpha-D-rhamnose	C01222	135398620	57964
GDP-MANNOSE	2.4.1.83-RXN	MANNOSYL-CHITO-DOLICHOL-BIOSYNTHESIS	left	GDP-alpha-D-mannose	C00096	135398626	57527
GDP-MANNOSE	2.4.1.142-RXN	MANNOSYL-CHITO-DOLICHOL-BIOSYNTHESIS	left	GDP-alpha-D-mannose	C00096	135398626	57527
GDP-MANNOSE	RXN-7772	PWY-882	left	GDP-alpha-D-mannose	C00096	135398626	57527
GDP-MANNOSE	2.7.7.13-RXN	PWY-5659	right	GDP-alpha-D-mannose	C00096	135398626	57527
GDP-MANNOSE	RXN-7772	PWY-5115	left	GDP-alpha-D-mannose	C00096	135398626	57527
GDP-MANNOSE	RXN-5463	MANNOSYL-CHITO-DOLICHOL-BIOSYNTHESIS	left	GDP-alpha-D-mannose	C00096	135398626	57527
GDP-MANNOSE	RXN-5464	MANNOSYL-CHITO-DOLICHOL-BIOSYNTHESIS	left	GDP-alpha-D-mannose	C00096	135398626	57527
GDP-MANNOSE	RXN-5462	MANNOSYL-CHITO-DOLICHOL-BIOSYNTHESIS	left	GDP-alpha-D-mannose	C00096	135398626	57527
GDP-MANNOSE	GDPMANDEHYDRA-RXN	PWY-66	left	GDP-alpha-D-mannose	C00096	135398626	57527
CPD-10332	RXN-6524	PWY-5035	left	gibberellin 44 (open lactone form)	C06095	25243940	143955
CPD-10332	RXN1F-167	PWY-5035	right	gibberellin 44 (open lactone form)	C06095	25243940	143955
CPD-10332	RXN1F-168	PWY-5035	left	gibberellin 44 (open lactone form)	C06095	25243940	143955
CPD-6203	RXN-6524	PWY-5035	right	gibberellin A 38		25203635	175651
CPD1F-96	RXN1F-168	PWY-5035	right	gibberellin A 19	C02034	25200921	58587
CPD1F-96	RXN1F-101	PWY-5035	left	gibberellin A 19	C02034	25200921	58587
CPD1F-96	RXN1F-169	PWY-5035	left	gibberellin A 19	C02034	25200921	58587
CPD1F-86	RXN1F-101	PWY-5035	right	gibberellin A 17		25200552	143958
5-10-METHENYL-THF-GLU-N	METHENYLTHFCYCLOHYDRO-RXN	PWY-6613	left	a 5,10-methenyltetrahydrofolate			
5-10-METHENYL-THF-GLU-N	METHENYLTHFCYCLOHYDRO-RXN	PWY-3841	left	a 5,10-methenyltetrahydrofolate			
5-10-METHENYL-THF-GLU-N	METHYLENETHFDEHYDROG-NADP-RXN	PWY-7909	right	a 5,10-methenyltetrahydrofolate			
5-10-METHENYL-THF-GLU-N	5-FORMYL-THF-CYCLO-LIGASE-RXN	PWY-3841	right	a 5,10-methenyltetrahydrofolate			
5-10-METHENYL-THF-GLU-N	METHENYLTHFCYCLOHYDRO-RXN	PWY-7909	left	a 5,10-methenyltetrahydrofolate			
5-10-METHENYL-THF-GLU-N	METHENYLTHFCYCLOHYDRO-RXN	PWY-3742	left	a 5,10-methenyltetrahydrofolate			
5-10-METHENYL-THF-GLU-N	METHYLENETHFDEHYDROG-NADP-RXN	PWY-3841	right	a 5,10-methenyltetrahydrofolate			
5-10-METHENYL-THF-GLU-N	RXN-6321	PWY-3841	left	a 5,10-methenyltetrahydrofolate			
5-METHYL-THF-GLU-N	RXN-22438	PWY-3841	left	a 5-methyltetrahydrofolate			
5-METHYL-THF-GLU-N	HOMOCYSMETB12-RXN	PWY-3841	left	a 5-methyltetrahydrofolate			
HOMO-CYS	HOMOCYSMET-RXN	PWY-702	left	L-homocysteine	C00155	6971015	58199
HOMO-CYS	MMUM-RXN	PWY-5441	left	L-homocysteine	C00155	6971015	58199
HOMO-CYS	ADENOSYLHOMOCYSTEINASE-RXN	PWY-5041	right	L-homocysteine	C00155	6971015	58199
HOMO-CYS	RXN-15131	PWY-702	right	L-homocysteine	C00155	6971015	58199
HOMO-CYS	HOMOCYSMET-RXN	PWY-5041	left	L-homocysteine	C00155	6971015	58199
HOMO-CYS	HOMOCYSMETB12-RXN	PWY-3841	left	L-homocysteine	C00155	6971015	58199
HOMO-CYS	ADENOSYLHOMOCYSTEINASE-RXN	METHIONINE-DEG1-PWY	right	L-homocysteine	C00155	6971015	58199
N5-Formyl-THF-Glu-N	5-FORMYL-THF-CYCLO-LIGASE-RXN	PWY-3841	left	a (6 S )-5-formyltetrahydrofolate			
N5-Formyl-THF-Glu-N	RXN-6321	PWY-3841	right	a (6 S )-5-formyltetrahydrofolate			
THREO-DS-ISO-CITRATE	ISOCITRATE-DEHYDROGENASE-NAD+-RXN	PWYQT-4481	left	D- threo -isocitrate	C00451	5459771	15562
THREO-DS-ISO-CITRATE	ACONITATEHYDR-RXN	PWYQT-4481	right	D- threo -isocitrate	C00451	5459771	15562
THREO-DS-ISO-CITRATE	ISOCITRATE-DEHYDROGENASE-NAD+-RXN	PWY-5690	left	D- threo -isocitrate	C00451	5459771	15562
THREO-DS-ISO-CITRATE	ACONITATEHYDR-RXN	PWY-5690	right	D- threo -isocitrate	C00451	5459771	15562
CIT	CITSYN-RXN	PWYQT-4481	right	citrate	C00158	31348	16947
CIT	ACONITATEDEHYDR-RXN	PWY-5690	left	citrate	C00158	31348	16947
CIT	ATP-CITRATE-PRO-S--LYASE-RXN	PWY-5172	right	citrate	C00158	31348	16947
CIT	ACONITATEDEHYDR-RXN	PWYQT-4481	left	citrate	C00158	31348	16947
CIT	CITSYN-RXN	PWY-5690	right	citrate	C00158	31348	16947
CIS-ACONITATE	ACONITATEHYDR-RXN	PWY-5690	left	cis -aconitate	C00417	5459816	16383
CIS-ACONITATE	ACONITATEDEHYDR-RXN	PWY-5690	right	cis -aconitate	C00417	5459816	16383
CIS-ACONITATE	ACONITATEDEHYDR-RXN	PWYQT-4481	right	cis -aconitate	C00417	5459816	16383
CIS-ACONITATE	ACONITATEHYDR-RXN	PWYQT-4481	left	cis -aconitate	C00417	5459816	16383
SUC-COA	2OXOGLUTARATEDEH-RXN	PWY-5690	right	succinyl-CoA	C00091	45266545	57292
SUC-COA	RXN0-1147	PWY-5084	left	succinyl-CoA	C00091	45266545	57292
SUC-COA	2OXOGLUTARATEDEH-RXN	PWYQT-4481	right	succinyl-CoA	C00091	45266545	57292
SUC-COA	SUCCCOASYN-RXN	PWY-5690	right	succinyl-CoA	C00091	45266545	57292
SUC-COA	SUCCCOASYN-RXN	PWYQT-4481	right	succinyl-CoA	C00091	45266545	57292
CPD-19813	RXN-18482	PWY-7859	right	cis -tuberonic acid glucoside		126961216	
CPD-13420	RXN-18481	PWY-7859	left	(+)-7- epi -12-hydroxyjasmonoyl-L-isoleucine		126456509	136181
CPD-13420	RXN-12421	PWY-7859	right	(+)-7- epi -12-hydroxyjasmonoyl-L-isoleucine		126456509	136181
CPD-13420	RXN-18479	PWY-7859	left	(+)-7- epi -12-hydroxyjasmonoyl-L-isoleucine		126456509	136181
CPD-19811	RXN-18479	PWY-7859	right	(+)-7- epi -12-oxojasmonoyl-L-isoleucine		126961204	
CPD-19811	RXN-18480	PWY-7859	left	(+)-7- epi -12-oxojasmonoyl-L-isoleucine		126961204	
CPD-19812	RXN-18480	PWY-7859	right	(+)-7- epi -12-hydroxy-12-oxojasmonoyl-L-isoleucine		126961097	
CPD-11259	RXN-12421	PWY-7859	left	(+)-7- epi -jasmonoyl-L-isoleucine		54758681	136180
ISOEUGENOL	RXN-9246	PWY-5859	left	isoeugenol	C10469	853433	18224
CPD-9875	RXN-9245	PWY-5859	right	coniferyl acetate	C20225	12835430	47905
CPD-9875	RXN-9246	PWY-5859	right	coniferyl acetate	C20225	12835430	47905
CPD-9875	RXN-9244	PWY-5859	right	coniferyl acetate	C20225	12835430	47905
CPD-6481	RXN-9245	PWY-5859	left	eugenol	C10453	3314	4917
L-GAMMA-GLUTAMYLCYSTEINE	GLUTCYSLIG-RXN	GLUTATHIONESYN-PWY	right	gamma-L-glutamyl-L-cysteine	C00669	7059430	58173
L-GAMMA-GLUTAMYLCYSTEINE	GLUTATHIONE-SYN-RXN	GLUTATHIONESYN-PWY	left	gamma-L-glutamyl-L-cysteine	C00669	7059430	58173
S-ADENOSYLMETHIONINAMINE	SAMDECARB-RXN	BSUBPOLYAMSYN-PWY	right	S -adenosyl 3-(methylsulfanyl)propylamine	C01137	25203490	57443
S-ADENOSYLMETHIONINAMINE	SPERMIDINESYN-RXN	BSUBPOLYAMSYN-PWY	left	S -adenosyl 3-(methylsulfanyl)propylamine	C01137	25203490	57443
S-ADENOSYLMETHIONINAMINE	SAMDECARB-RXN	ARGSPECAT-PWY	right	S -adenosyl 3-(methylsulfanyl)propylamine	C01137	25203490	57443
S-ADENOSYLMETHIONINAMINE	SPERMINE-SYNTHASE-RXN	POLYAMINSYN3-PWY	left	S -adenosyl 3-(methylsulfanyl)propylamine	C01137	25203490	57443
S-ADENOSYLMETHIONINAMINE	SPERMINE-SYNTHASE-RXN	ARGSPECAT-PWY	left	S -adenosyl 3-(methylsulfanyl)propylamine	C01137	25203490	57443
CPD-7014	RXN-18400	PWY-5068	right	chlorophyllide b	C16541	122706512	58686
CPD-7014	RXN-7674	PWY-5068	left	chlorophyllide b	C16541	122706512	58686
CPD-19759	RXN-18400	PWY-5068	left	7 1 -dihydroxychlorophyllide a		126961062	
CPD-19759	RXN-7677	PWY-5068	right	7 1 -dihydroxychlorophyllide a		126961062	
CPD-7016	RXN-7679	PWY-5068	right	7 1 -hydroxychlorophyll a	C18151	90657665	76032
CPD-7016	RXN-7678	PWY-5068	left	7 1 -hydroxychlorophyll a	C18151	90657665	76032
CHLOROPHYLL-A	RXN1F-66	PWY-5068	right	chlorophyll a	C05306	122706195	58416
CHLOROPHYLL-A	RXN-7679	PWY-5068	left	chlorophyll a	C05306	122706195	58416
CHLOROPHYLL-A	RXN-7738	PWY-5098	left	chlorophyll a	C05306	122706195	58416
CHLOROPHYLL-B	RXN-7678	PWY-5068	right	chlorophyll b	C05307	46926108	27888
CHLOROPHYLL-B	RXN-7674	PWY-5068	right	chlorophyll b	C05307	46926108	27888
CPD-7015	RXN-7676	PWY-5068	right	7 1 -hydroxychlorophyllide a	C16540	122706035	48396
CPD-7015	RXN-7677	PWY-5068	left	7 1 -hydroxychlorophyllide a	C16540	122706035	48396
CHLOROPHYLLIDE-A	RXN-7676	PWY-5068	left	chlorophyllide a	C02139	122706261	83348
CHLOROPHYLLIDE-A	RXN-7738	PWY-5098	right	chlorophyllide a	C02139	122706261	83348
CHLOROPHYLLIDE-A	RXN1F-66	PWY-5068	left	chlorophyllide a	C02139	122706261	83348
CHLOROPHYLLIDE-A	RXN-7739	PWY-5098	left	chlorophyllide a	C02139	122706261	83348
PHYTYL-PYROPHOSPHATE	RXN-7568	PWY-5027	left	phytyl diphosphate	C05427	71728454	75434
PHYTYL-PYROPHOSPHATE	RXN-7660	PWY-5063	left	phytyl diphosphate	C05427	71728454	75434
PHYTYL-PYROPHOSPHATE	RXN-7763	PWY-5107	right	phytyl diphosphate	C05427	71728454	75434
PHYTYL-PYROPHOSPHATE	RXN-2541	PWY-1422	left	phytyl diphosphate	C05427	71728454	75434
PHYTYL-PYROPHOSPHATE	RXN-7674	PWY-5068	left	phytyl diphosphate	C05427	71728454	75434
PHYTYL-PYROPHOSPHATE	RXN1F-66	PWY-5068	left	phytyl diphosphate	C05427	71728454	75434
R-4-PHOSPHOPANTOTHENOYL-L-CYSTEINE	P-PANTOCYSDECARB-RXN	COA-PWY	left	(R)-4'-phosphopantothenoyl-L-cysteine	C04352	25245609	59458
R-4-PHOSPHOPANTOTHENOYL-L-CYSTEINE	P-PANTOCYSLIG-RXN	COA-PWY	right	(R)-4'-phosphopantothenoyl-L-cysteine	C04352	25245609	59458
R-4-PHOSPHOPANTOTHENOYL-L-CYSTEINE	RXN66-555	PWY-7851	right	(R)-4'-phosphopantothenoyl-L-cysteine	C04352	25245609	59458
R-4-PHOSPHOPANTOTHENOYL-L-CYSTEINE	P-PANTOCYSDECARB-RXN	PWY-7851	left	(R)-4'-phosphopantothenoyl-L-cysteine	C04352	25245609	59458
DEPHOSPHO-COA	DEPHOSPHOCOAKIN-RXN	COA-PWY	left	3'-dephospho-CoA	C00882	45266562	57328
DEPHOSPHO-COA	PANTEPADENYLYLTRAN-RXN	COA-PWY	right	3'-dephospho-CoA	C00882	45266562	57328
DEPHOSPHO-COA	DEPHOSPHOCOAKIN-RXN	PWY-7851	left	3'-dephospho-CoA	C00882	45266562	57328
DEPHOSPHO-COA	PANTEPADENYLYLTRAN-RXN	PWY-7851	right	3'-dephospho-CoA	C00882	45266562	57328
Fatty-Aldehydes	RXN-4122	PWY-2501	right	a fatty aldehyde			35746
Fatty-Aldehydes	RXN-4142	PWY-2501	left	a fatty aldehyde			35746
2R-HYDROPEROXY-FATTY-ACIDS	RXN-4141	PWY-2501	left	a (2 R )-2-hydroperoxyfatty acid			
2R-HYDROPEROXY-FATTY-ACIDS	RXN-4121	PWY-2501	right	a (2 R )-2-hydroperoxyfatty acid			
2R-HYDROPEROXY-FATTY-ACIDS	RXN-4122	PWY-2501	left	a (2 R )-2-hydroperoxyfatty acid			
2R-Hydroxy-Fatty-Acids	RXN-4141	PWY-2501	right	a (2R)-2-hydroxyfatty acid			
Orthophosphoric-Monoesters	ACID-PHOSPHATASE-RXN	PWY-6348	left	a phosphate monoester	C01153		7794
Alcohols	ACID-PHOSPHATASE-RXN	PWY-6348	right	an alcohol	C00069		30879
Alcohols	GLYCPDIESTER-RXN	PWY-6952	right	an alcohol	C00069		30879
CPD-12449	RXN-11468	PWY-6515	left	dihydro-4-coumaroyl-CoA		90657717	140639
CPD-12449	RXN-11467	PWY-6515	left	dihydro-4-coumaroyl-CoA		90657717	140639
PHLORETIN	RXN-11465	PWY-6515	left	phloretin	C00774	4788	17276
PHLORETIN	RXN-11468	PWY-6515	right	phloretin	C00774	4788	17276
CPD-12447	RXN-11465	PWY-6515	right	phlorizin	C01604	46926173	8113
1-4-beta-Xylan	RXN-9093	PWY-5800	left	a (1->4)-beta-D-xylan	C02352		15447
1-4-beta-Xylan	RXN-9104	PWY-5800	left	a (1->4)-beta-D-xylan	C02352		15447
1-4-beta-Xylan	RXN-9104	PWY-5800	right	a (1->4)-beta-D-xylan	C02352		15447
1-4-beta-Xylan	3.2.1.8-RXN	PWY-6717	left	a (1->4)-beta-D-xylan	C02352		15447
1-4-beta-Xylan	RXN-9094	PWY-5800	left	a (1->4)-beta-D-xylan	C02352		15447
Glucuronoxylans	RXN-9094	PWY-5800	right	a glucuronoxylan	C03866		
Arabinoxylan	RXN-9093	PWY-5800	right	an arabinoxylan	C01889		28427
CPD-488	2.7.7.30-RXN	PWY-6	left	beta-L-fucose 1-phosphate	C02985	45266535	57268
CPD-488	FUCOKINASE-RXN	PWY-6	right	beta-L-fucose 1-phosphate	C02985	45266535	57268
L-Fucopyranoses	FUCOKINASE-RXN	PWY-6	left	L-fucopyranose	C01019	17106	2181
2-TRANS6-TRANS-FARNESOL	FARNESOL-DEHYDROGENASE-RXN	PWY-6577	left	( 2E,6E )-farnesol	C01126	445070	
2-TRANS6-TRANS-FARNESOL	RXN-11625	PWY-6577	left	( 2E,6E )-farnesol	C01126	445070	
2-TRANS6-TRANS-FARNESAL	RXN-11623	PWY-6577	right	(2 E ,6 E )-farnesal	C03461	5280598	15894
2-TRANS6-TRANS-FARNESAL	FARNESOL-DEHYDROGENASE-RXN	PWY-6577	right	(2 E ,6 E )-farnesal	C03461	5280598	15894
CPD-12587	RXN-11625	PWY-6577	right	(2 E ,6 E )-farnesyl phosphate	C20121	46926298	88226
CPD-12587	RXN-11626	PWY-6577	left	(2 E ,6 E )-farnesyl phosphate	C20121	46926298	88226
CPD-12581	RXN-11623	PWY-6577	left	S -(2 E ,6 E )-farnesyl-L-cysteine	C19691	46926172	62141
Glucans	RXN-12391	PWY-6724	left	a glucan			
Glucans	RXN-12391	PWY-6724	right	a glucan			
MALTOTRIOSE	RXN-12391	PWY-6724	left	maltotriose	C01835	439586	140999
Linear-Malto-Oligosaccharides	RXN-15908	PWY-842	right	a linear malto-oligosaccharide			
Linear-Malto-Oligosaccharides	RXN-12384	PWY-6724	left	a linear malto-oligosaccharide			
Linear-Malto-Oligosaccharides	RXN-12384	PWY-6724	right	a linear malto-oligosaccharide			
Linear-Malto-Oligosaccharides	RXN-12280	PWY-6724	right	a linear malto-oligosaccharide			
Linear-Malto-Oligosaccharides	RXN-15909	PWY-842	left	a linear malto-oligosaccharide			
MALTOSE	RXN-15910	PWY-842	left	maltose	C00208	439186	17306
MALTOSE	RXN-14354	PWY-7238	right	maltose	C00208	439186	17306
MALTOSE	RXN-12384	PWY-6724	right	maltose	C00208	439186	17306
MALTOSE	RXN-12279	PWY-6724	right	maltose	C00208	439186	17306
MALTOSE	RXN-12278	PWY-6724	right	maltose	C00208	439186	17306
Branched-Unphos-Amylopectin-Tails	RXN-12280	PWY-6724	left	an exposed unphosphorylated, (alpha-1,6)-branched malto-oligosaccharide tail on amylopectin			
Branched-Unphos-Amylopectin-Tails	RXN-12279	PWY-6724	right	an exposed unphosphorylated, (alpha-1,6)-branched malto-oligosaccharide tail on amylopectin			
CPD-7043	RXN-12280	PWY-6724	right	amylopectin	C00317	439207	28057
CPD-7043	RXN-12278	PWY-6724	right	amylopectin	C00317	439207	28057
CPD-7043	RXN-14373	PWY-622	left	amylopectin	C00317	439207	28057
CPD-7043	RXN-14372	PWY-622	right	amylopectin	C00317	439207	28057
CPD-7043	RXN-14374	PWY-622	right	amylopectin	C00317	439207	28057
CPD-13198	RXN-12277	PWY-6724	right	an exposed unphosphorylated, unbranched malto-oligosaccharide tail on amylopectin			
CPD-13198	RXN-12276	PWY-6724	right	an exposed unphosphorylated, unbranched malto-oligosaccharide tail on amylopectin			
CPD-13198	RXN-12278	PWY-6724	left	an exposed unphosphorylated, unbranched malto-oligosaccharide tail on amylopectin			
CPD-13198	RXN-12279	PWY-6724	left	an exposed unphosphorylated, unbranched malto-oligosaccharide tail on amylopectin			
6-Phosphoglc-3-Phosphoglc-Amylopectins	RXN-12204	PWY-6724	right	a 6-phosphogluco-3-phosphogluco-amylopectin			
6-Phosphoglc-3-Phosphoglc-Amylopectins	RXN-12277	PWY-6724	left	a 6-phosphogluco-3-phosphogluco-amylopectin			
6-Phosphogluco-Amylopectins	RXN-12276	PWY-6724	left	a 6-phosphogluco-amylopectin			
6-Phosphogluco-Amylopectins	RXN-12204	PWY-6724	left	a 6-phosphogluco-amylopectin			
6-Phosphogluco-Amylopectins	RXN-12203	PWY-6724	right	a 6-phosphogluco-amylopectin			
Starch	RXN-15908	PWY-842	left	starch	C00369		28017
Starch	RXN-14373	PWY-622	right	starch	C00369		28017
Starch	RXN-12203	PWY-6724	left	starch	C00369		28017
CPD-7063	RXN-17253	PWY-5098	right	red chlorophyll catabolite	C18022	135926543	58716
CPD-7063	RXN-7741	PWY-5098	right	red chlorophyll catabolite	C18022	135926543	58716
CPD-18666	RXN-17252	PWY-5098	right	epoxypheophorbide a	C21192	136663909	88232
CPD-18666	RXN-17253	PWY-5098	left	epoxypheophorbide a	C21192	136663909	88232
CPD-7061	RXN-17252	PWY-5098	left	pheophorbide a	C18021	135887872	58687
CPD-7061	RXN-7739	PWY-5098	right	pheophorbide a	C18021	135887872	58687
CPD-7061	3.1.1.82-RXN	PWY-5098	left	pheophorbide a	C18021	135887872	58687
METOH	RXN-15776	PWY-7546	right	methanol	C00132	887	17790
METOH	RXNQT-4366	PWY18C3-24	right	methanol	C00132	887	17790
METOH	RXN0A-10711	PWY0A-6303	right	methanol	C00132	887	17790
METOH	RXN18C3-61	PWY18C3-24	right	methanol	C00132	887	17790
METOH	3.1.1.82-RXN	PWY-5098	right	methanol	C00132	887	17790
CPD-10296	3.1.1.82-RXN	PWY-5098	right	pyropheophorbide a	C18064	135926599	58742
MG+2	RXN1F-20	CHLOROPHYLL-SYN	left	Mg 2+	C00305	888	18420
MG+2	RXN-7739	PWY-5098	right	Mg 2+	C00305	888	18420
CPD-7064	RXN-7741	PWY-5098	left	primary fluorescent chlorophyll catabolite	C18098	54740347	58719
PHYTOL	RXN-7683	PWY-5107	left	phytol	C01389	5280435	17327
PHYTOL	RXN-7738	PWY-5098	right	phytol	C01389	5280435	17327
Malto-Oligosaccharides	RXN-14380	PWY-622	right	a maltooligosaccharide			17593
Alpha-6-alpha-14-glucans	RXN-14380	PWY-622	right	a (1,6)-alpha-D-glucosyl-(1,4)-alpha-glucan			
Alpha-6-alpha-14-glucans	RXN-14380	PWY-622	left	a (1,6)-alpha-D-glucosyl-(1,4)-alpha-glucan			
Alpha-6-alpha-14-glucans	RXN-14371	PWY-622	right	a (1,6)-alpha-D-glucosyl-(1,4)-alpha-glucan			
Alpha-6-alpha-14-glucans	RXN-14374	PWY-622	left	a (1,6)-alpha-D-glucosyl-(1,4)-alpha-glucan			
Alpha-Amyloses	RXN-14378	PWY-622	right	alpha-amylose			
Alpha-Amyloses	RXN-14373	PWY-622	left	alpha-amylose			
Alpha-Amyloses	RXN-14372	PWY-622	left	alpha-amylose			
1-4-alpha-D-Glucan	RXN-14371	PWY-622	left	a (1->4)-alpha-D-glucan	C00718		28102
1-4-alpha-D-Glucan	GLYCOGENSYN-RXN	PWY-622	left	a (1->4)-alpha-D-glucan	C00718		28102
1-4-alpha-D-Glucan	RXN-14378	PWY-622	left	a (1->4)-alpha-D-glucan	C00718		28102
1-4-alpha-D-Glucan	GLYCOGENSYN-RXN	PWY-622	right	a (1->4)-alpha-D-glucan	C00718		28102
ADP-D-GLUCOSE	GLUC1PADENYLTRANS-RXN	PWY-622	right	ADP-alpha-D-glucose	C00498	42609821	57498
ADP-D-GLUCOSE	RXN-14378	PWY-622	left	ADP-alpha-D-glucose	C00498	42609821	57498
ADP-D-GLUCOSE	GLYCOGENSYN-RXN	PWY-622	left	ADP-alpha-D-glucose	C00498	42609821	57498
CPD-5804	RXN-6142	PWY-3742	right	p-aminobenzoate-beta-D-glucopyranosyl ester		67647145	139329
P-AMINO-BENZOATE	ADCLY-RXN	PWY-3742	right	4-aminobenzoate	C00568	4876	17836
P-AMINO-BENZOATE	ADCLY-RXN	PWY-6543	right	4-aminobenzoate	C00568	4876	17836
P-AMINO-BENZOATE	RXN-6142	PWY-3742	left	4-aminobenzoate	C00568	4876	17836
P-AMINO-BENZOATE	H2PTEROATESYNTH-RXN	PWY-3742	left	4-aminobenzoate	C00568	4876	17836
CPD-5725	RXN-6102	PWY-3742	right	THF-L-glutamate			
THF	RXN-6102	PWY-3742	left	5,6,7,8-tetrahydrofolate	C00101	135398649	57453
4-AMINO-4-DEOXYCHORISMATE	PABASYN-RXN	PWY-6543	right	4-amino-4-deoxychorismate	C11355	45266632	58406
4-AMINO-4-DEOXYCHORISMATE	ADCLY-RXN	PWY-3742	left	4-amino-4-deoxychorismate	C11355	45266632	58406
4-AMINO-4-DEOXYCHORISMATE	ADCLY-RXN	PWY-6543	left	4-amino-4-deoxychorismate	C11355	45266632	58406
4-AMINO-4-DEOXYCHORISMATE	PABASYN-RXN	PWY-3742	right	4-amino-4-deoxychorismate	C11355	45266632	58406
7-8-DIHYDROPTEROATE	H2PTEROATESYNTH-RXN	PWY-3742	right	7,8-dihydropteroate	C00921	135476773	17839
7-8-DIHYDROPTEROATE	DIHYDROFOLATESYNTH-RXN	PWY-3742	left	7,8-dihydropteroate	C00921	135476773	17839
DIHYDROFOLATE	DIHYDROFOLATESYNTH-RXN	PWY-3742	right	7,8-dihydrofolate monoglutamate	C00415	135398603	57451
DIHYDROPTERIN-CH2OH-PP	H2PTEROATESYNTH-RXN	PWY-3742	left	(7,8-dihydropterin-6-yl)methyl diphosphate	C04807	135398611	72950
DIHYDROPTERIN-CH2OH-PP	H2PTERIDINEPYROPHOSPHOKIN-RXN	PWY-3742	right	(7,8-dihydropterin-6-yl)methyl diphosphate	C04807	135398611	72950
DIHYDROPTERIN-CH2OH-PP	H2PTERIDINEPYROPHOSPHOKIN-RXN	PWY-6147	right	(7,8-dihydropterin-6-yl)methyl diphosphate	C04807	135398611	72950
AMINO-OH-HYDROXYMETHYL-DIHYDROPTERIDINE	H2NEOPTERINALDOL-RXN	PWY-6147	right	6-(hydroxymethyl)-7,8-dihydropterin	C01300	135398568	44841
AMINO-OH-HYDROXYMETHYL-DIHYDROPTERIDINE	H2PTERIDINEPYROPHOSPHOKIN-RXN	PWY-3742	left	6-(hydroxymethyl)-7,8-dihydropterin	C01300	135398568	44841
AMINO-OH-HYDROXYMETHYL-DIHYDROPTERIDINE	H2PTERIDINEPYROPHOSPHOKIN-RXN	PWY-6147	left	6-(hydroxymethyl)-7,8-dihydropterin	C01300	135398568	44841
AMINO-OH-HYDROXYMETHYL-DIHYDROPTERIDINE	H2NEOPTERINALDOL-RXN	PWY-3742	right	6-(hydroxymethyl)-7,8-dihydropterin	C01300	135398568	44841
GLYCOLALDEHYDE	H2NEOPTERINALDOL-RXN	PWY-6147	right	glycolaldehyde	C00266	756	17071
GLYCOLALDEHYDE	H2NEOPTERINALDOL-RXN	PWY-3742	right	glycolaldehyde	C00266	756	17071
DIHYDRO-NEO-PTERIN	H2NEOPTERINALDOL-RXN	PWY-6147	left	D- erythro -7,8-dihydroneopterin	C04874	135398602	17001
DIHYDRO-NEO-PTERIN	DIHYDRONEOPTERIN-MONO-P-DEPHOS-RXN	PWY-3742	right	D- erythro -7,8-dihydroneopterin	C04874	135398602	17001
DIHYDRO-NEO-PTERIN	H2NEOPTERINALDOL-RXN	PWY-3742	left	D- erythro -7,8-dihydroneopterin	C04874	135398602	17001
DIHYDRO-NEO-PTERIN	DIHYDRONEOPTERIN-MONO-P-DEPHOS-RXN	PWY-6147	right	D- erythro -7,8-dihydroneopterin	C04874	135398602	17001
DIHYDRONEOPTERIN-P	H2NEOPTERINP3PYROPHOSPHOHYDRO-RXN	PWY-6147	right	7,8-dihydroneopterin 3'-phosphate	C05925	135398607	58762
DIHYDRONEOPTERIN-P	H2NEOPTERINP3PYROPHOSPHOHYDRO-RXN	PWY-3742	right	7,8-dihydroneopterin 3'-phosphate	C05925	135398607	58762
DIHYDRONEOPTERIN-P	DIHYDRONEOPTERIN-MONO-P-DEPHOS-RXN	PWY-3742	left	7,8-dihydroneopterin 3'-phosphate	C05925	135398607	58762
DIHYDRONEOPTERIN-P	DIHYDRONEOPTERIN-MONO-P-DEPHOS-RXN	PWY-6147	left	7,8-dihydroneopterin 3'-phosphate	C05925	135398607	58762
DIHYDRONEOPTERIN-P3	GTP-CYCLOHYDRO-I-RXN	PWY-3742	right	7,8-dihydroneopterin 3'-triphosphate	C04895	135398609	58462
DIHYDRONEOPTERIN-P3	GTP-CYCLOHYDRO-I-RXN	PWY-6147	right	7,8-dihydroneopterin 3'-triphosphate	C04895	135398609	58462
DIHYDRONEOPTERIN-P3	H2NEOPTERINP3PYROPHOSPHOHYDRO-RXN	PWY-6147	left	7,8-dihydroneopterin 3'-triphosphate	C04895	135398609	58462
DIHYDRONEOPTERIN-P3	H2NEOPTERINP3PYROPHOSPHOHYDRO-RXN	PWY-3742	left	7,8-dihydroneopterin 3'-triphosphate	C04895	135398609	58462
CPD-8905	RXN-8677	PWY-5466	right	(+)-pinoresinol	C05366	73399	40
CPD-8905	RXN-8678	PWY-5466	right	(+)-pinoresinol	C05366	73399	40
CPD-8907	RXN-8678	PWY-5466	left	(+)-lariciresinol	C10646	332427	67246
CPD-8907	RXN-8679	PWY-5466	right	(+)-lariciresinol	C10646	332427	67246
CPD-8906	RXN-8683	PWY-5466	right	(-)-pinoresinol	C20455	12309636	67245
CPD-8906	RXN-17353	PWY-5466	right	(-)-pinoresinol	C20455	12309636	67245
CPD-18761	RXN-17353	PWY-5466	left	coniferyl alcohol radical		122706626	
CPD-18761	RXN-8677	PWY-5466	left	coniferyl alcohol radical		122706626	
CPD-18761	RXN-17352	PWY-5466	right	coniferyl alcohol radical		122706626	
CPD-18761	RXN-17351	PWY-5466	right	coniferyl alcohol radical		122706626	
CPD-8910	RXN-8684	PWY-5466	left	(+)-secoisolariciresinol	C20456	6336781	67247
CPD-8908	RXN-8684	PWY-5466	right	(-)-lariciresinol	C20454	23815394	67244
CPD-8908	RXN-8683	PWY-5466	left	(-)-lariciresinol	C20454	23815394	67244
CPD-8911	RXN-8680	PWY-5466	right	(3R,4R)-3,4-bis(4-hydroxy-3-methoxybenzyl)tetrahydro-2-furanol		10316468	583103
CPD-8911	RXN-8681	PWY-5466	left	(3R,4R)-3,4-bis(4-hydroxy-3-methoxybenzyl)tetrahydro-2-furanol		10316468	583103
CPD-8912	RXN-8681	PWY-5466	right	(-)-matairesinol	C10682	119205	6698
CPD-8909	RXN-8680	PWY-5466	left	(-)-secoisolariciresinol	C18167	65373	65004
CPD-8909	RXN-8679	PWY-5466	left	(-)-secoisolariciresinol	C18167	65373	65004
COUMARIN	RXN-8037	PWY-5176	right	coumarin	C05851	323	28794
CPD-7418	RXN-8037	PWY-5176	left	cis -2-coumarate	C05838	54714352	47921
CPD-7418	RXN-8036	PWY-5176	right	cis -2-coumarate	C05838	54714352	47921
CPD-7417	RXN-8036	PWY-5176	left	cis -beta-D-glucosyl-2-hydroxycinnamate	C05839	25796113	62223
CPD-7417	RXN-8035	PWY-5176	right	cis -beta-D-glucosyl-2-hydroxycinnamate	C05839	25796113	62223
CPD-459	2.4.1.114-RXN	PWY-5176	right	trans -beta-D-glucosyl-2-hydroxycinnamate	C05158	40473153;25245559	58181
CPD-459	RXN-8035	PWY-5176	left	trans -beta-D-glucosyl-2-hydroxycinnamate	C05158	40473153;25245559	58181
2-COUMARATE	TRANS-CINNAMATE-2-MONOOXYGENASE-RXN	PWY-5176	right	trans -2-coumarate	C01772	54693535	12875
2-COUMARATE	2.4.1.114-RXN	PWY-5176	left	trans -2-coumarate	C01772	54693535	12875
DODECANOATE	RXN-9627	PWY-6733	right	dodecanoate	C02679	4149208	18262
DODECANOATE	RXN-9627	PWY-6465	right	dodecanoate	C02679	4149208	18262
DODECANOATE	RXN-16393	PWY-5971	left	dodecanoate	C02679	4149208	18262
DODECANOATE	3.1.2.21-RXN	PWY-5971	right	dodecanoate	C02679	4149208	18262
DODECANOATE	RXN-11336	PWY-6468	left	dodecanoate	C02679	4149208	18262
DODECANOATE	RXN-11336	PWY-6465	left	dodecanoate	C02679	4149208	18262
DODECANOATE	RXN-12186	PWY-6733	left	dodecanoate	C02679	4149208	18262
DODECANOATE	3.1.2.21-RXN	PWY66-430	right	dodecanoate	C02679	4149208	18262
DODECANOATE	RXN-11340	PWY-6468	left	dodecanoate	C02679	4149208	18262
CPD-12282	RXN-11336	PWY-6465	right	12-hydroxylaurate	C08317	9548810	36204
CPD-12282	RXN-11336	PWY-6468	right	12-hydroxylaurate	C08317	9548810	36204
LAUROYLCOA-CPD	RXN-16393	PWY-5971	right	dodecanoyl-CoA	C01832	25113193	57375
LAUROYLCOA-CPD	RXN-9627	PWY-6465	left	dodecanoyl-CoA	C01832	25113193	57375
LAUROYLCOA-CPD	RXN-9627	PWY-6733	left	dodecanoyl-CoA	C01832	25113193	57375
CPD-3617	RXN-11325	PWY-6465	left	decanoate	C01571	4678093	27689
CPD-3617	RXN-9628	PWY-6465	right	decanoate	C01571	4678093	27689
10-HYDROXYDECANOATE	RXN-11325	PWY-6465	right	10-hydroxydecanoate	C02774	6991989	11305
CPD-10267	RXN-9628	PWY-6465	left	decanoyl-CoA	C05274	25244140	61430
Trans-3-enoyl-CoAs	RXN-7911	PWY-6837	left	a (3 E )-3-enoyl-CoA	C05067		27700
Trans-3-enoyl-CoAs	RXN-7836	PWY-5138	left	a (3 E )-3-enoyl-CoA	C05067		27700
Trans-3-enoyl-CoAs	RXN-7835	PWY-5138	left	a (3 E )-3-enoyl-CoA	C05067		27700
Trans-3-enoyl-CoAs	RXN-7836	PWY-6837	left	a (3 E )-3-enoyl-CoA	C05067		27700
TETRADEHYDROACYL-COA	RXN-12520	PWY-6837	right	a (2E,4E)-2,4-dienoyl-CoA	C04512		17157
TETRADEHYDROACYL-COA	RXN-7911	PWY-6837	right	a (2E,4E)-2,4-dienoyl-CoA	C04512		17157
trans-3-cis-5-dienoyl-CoA	RXN-12520	PWY-6837	left	a (3E,5Z)-alka-3,5-dienoyl-CoA			
trans-3-cis-5-dienoyl-CoA	RXN-12519	PWY-6837	left	a (3E,5Z)-alka-3,5-dienoyl-CoA			
trans-2-cis-5-dienoyl-CoA	RXN-12518	PWY-6837	right	a (2E,5Z)-alka-2,5-dienoyl-CoA			
trans-2-cis-5-dienoyl-CoA	RXN-12519	PWY-6837	right	a (2E,5Z)-alka-2,5-dienoyl-CoA			
cis-5-enoyl-CoA	RXN-12518	PWY-6837	left	a (5Z)-alkan-5-enoyl-CoA			
2-KETO-GLUTARAMATE	RXN-13072	PWY-4361	left	2-oxoglutaramate	C00940	152239	16769
2-KETO-GLUTARAMATE	RXN-15650	PWY-4361	right	2-oxoglutaramate	C00940	152239	16769
CPD-479	RXN-15650	PWY-4361	left	4-(methylsulfanyl)-2-oxobutanoate	C01180	4584184	16723
CPD-479	R147-RXN	PWY-4361	right	4-(methylsulfanyl)-2-oxobutanoate	C01180	4584184	16723
CPD-85	R83-RXN	PWY-4361	right	1,2-dihydroxy-5-(methylsulfanyl)pent-1-en-3-one	C15606	44229177	58795
CPD-85	R147-RXN	PWY-4361	left	1,2-dihydroxy-5-(methylsulfanyl)pent-1-en-3-one	C15606	44229177	58795
2-HYDROXY-3-KETO-5-METHYLTHIO-1-PHOSPHOP	R82-RXN	PWY-4361	right	2-hydroxy-5-(methylsulfanyl)-3-oxopent-1-enyl 1-phosphate	C15651	44229144	50605
2-HYDROXY-3-KETO-5-METHYLTHIO-1-PHOSPHOP	R83-RXN	PWY-4361	left	2-hydroxy-5-(methylsulfanyl)-3-oxopent-1-enyl 1-phosphate	C15651	44229144	50605
CPD-8999	R145-RXN	PWY-4361	right	5-(methylsulfanyl)-2,3-dioxopentyl 1-phosphate	C15650	25244990	58828
CPD-8999	R82-RXN	PWY-4361	left	5-(methylsulfanyl)-2,3-dioxopentyl 1-phosphate	C15650	25244990	58828
CPD-1063	R145-RXN	PWY-4361	left	S -methyl-5-thio-D-ribulose 1-phosphate	C04582	23615271	58548
CPD-1063	5.3.1.23-RXN	PWY-4361	right	S -methyl-5-thio-D-ribulose 1-phosphate	C04582	23615271	58548
CPD-444	5-METHYLTHIORIBOSE-KINASE-RXN	PWY-6754	right	S -methyl-5-thio-alpha-D-ribose 1-phosphate	C04188	45266677	58533
CPD-444	5.3.1.23-RXN	PWY-4361	left	S -methyl-5-thio-alpha-D-ribose 1-phosphate	C04188	45266677	58533
2-CARBOXY-D-ARABINITOL	2-CARBOXY-D-ARABINITOL-1-PHOSPHATASE-RXN	PWYQT-4433	right	2-carboxy-D-arabinitol	C03215	135397975	58008
2-CARBOXY-D-ARABINITOL	RXNQT-4148	PWYQT-4433	right	2-carboxy-D-arabinitol	C03215	135397975	58008
2-CARBOXY-D-ARABINITOL-1-PHOSPHATASE	2-CARBOXY-D-ARABINITOL-1-PHOSPHATASE-RXN	PWYQT-4433	left	2-carboxy-D-arabinitol 1-phosphate	C04234	135398009	17541
CPDQT-8	RXNQT-4148	PWYQT-4433	left	hamamelose			
CPDQT-8	RXNQT-4147	PWYQT-4433	right	hamamelose			
CPDQT-7	RXNQT-4147	PWYQT-4433	left	hamamelose-2 1 ,5-bisphosphate			
CPDQT-7	RXNQT-4146	PWYQT-4433	right	hamamelose-2 1 ,5-bisphosphate			
CPD-18334	RXN-17066	PWY-5027	right	2-carboxy-1,4-naphthoquinone		17765245	87842
CPD-18334	RXN-7568	PWY-5027	left	2-carboxy-1,4-naphthoquinone		17765245	87842
CPD-12830	RXN-17007	PWY-5027	right	demethylphylloquinol	C21084	91820032	87844
CPD-12830	RXN-7569	PWY-5027	left	demethylphylloquinol	C21084	91820032	87844
CPD-6947	RXN-17007	PWY-5027	left	demethylphylloquinone	C13309	56927684	31087
CPD-6947	RXN-7568	PWY-5027	right	demethylphylloquinone	C13309	56927684	31087
CPD-12831	RXN-7569	PWY-5027	right	phylloquinol	C03313	5280585	28433
IMINOASPARTATE	QUINOLINATE-SYNTHA-RXN	PYRIDNUCSYN-PWY	left	2-iminosuccinate	C05840	23615393	58831
IMINOASPARTATE	L-ASPARTATE-OXID-RXN	PYRIDNUCSYN-PWY	right	2-iminosuccinate	C05840	23615393	58831
QUINOLINATE	QUINOPRIBOTRANS-RXN	PYRIDNUCSYN-PWY	right	quinolinate	C03722	5460301	29959
QUINOLINATE	QUINOLINATE-SYNTHA-RXN	PYRIDNUCSYN-PWY	right	quinolinate	C03722	5460301	29959
CPD-12379	RXN-11444	PWY-6498	right	eumelanin			
CPD-12378	RXN-11408	PWY-6498	right	melanochrome			
CPD-12378	RXN-11444	PWY-6498	left	melanochrome			
56-DIHYDROXYINDOLE-2-CARBOXYLATE	RXN-11406	PWY-6498	left	5,6-dihydroxyindole-2-carboxylate	C04185	54691355	16875
56-DIHYDROXYINDOLE-2-CARBOXYLATE	DOPACHROME-DELTA-ISOMERASE-RXN	PWY-6498	right	5,6-dihydroxyindole-2-carboxylate	C04185	54691355	16875
56-DIHYDROXYINDOLE-2-CARBOXYLATE	RXN-11408	PWY-6498	left	5,6-dihydroxyindole-2-carboxylate	C04185	54691355	16875
CPD-12373	RXN-11408	PWY-6498	left	indole-5,6-quinone	C05579	440728	27406
CPD-12373	RXN-11404	PWY-6498	right	indole-5,6-quinone	C05579	440728	27406
CPD-12374	RXN-11406	PWY-6498	right	indole-5,6-quinone-2-carboxylate	C17938	46173450	177869
CPD-12374	RXN-11408	PWY-6498	left	indole-5,6-quinone-2-carboxylate	C17938	46173450	177869
DIHYDROXYINDOLE	RXN-11408	PWY-6498	left	5,6-dihydroxyindole	C05578	114683	27404
DIHYDROXYINDOLE	RXN-11404	PWY-6498	left	5,6-dihydroxyindole	C05578	114683	27404
DIHYDROXYINDOLE	RXN-11403	PWY-6498	right	5,6-dihydroxyindole	C05578	114683	27404
L-DOPACHROME	RXN-11403	PWY-6498	left	L-dopachrome	C01693	46173181	57509
L-DOPACHROME	DOPACHROME-DELTA-ISOMERASE-RXN	PWY-6498	left	L-dopachrome	C01693	46173181	57509
DI-H-OROTATE	DIHYDROOROTATE-DEHYDROGENASE-RXN	PWY-5686	left	( S )-dihydroorotate	C00337	5460289	30864
DI-H-OROTATE	DIHYDROOROT-RXN	PWY-5686	left	( S )-dihydroorotate	C00337	5460289	30864
OROTATE	OROPRIBTRANS-RXN	PWY-5686	right	orotate	C00295	1492348	30839
OROTATE	DIHYDROOROTATE-DEHYDROGENASE-RXN	PWY-5686	right	orotate	C00295	1492348	30839
OROTIDINE-5-PHOSPHATE	OROTPDECARB-RXN	PWY-5686	left	orotidine 5'-phosphate	C01103	46878393	57538
OROTIDINE-5-PHOSPHATE	OROPRIBTRANS-RXN	PWY-5686	left	orotidine 5'-phosphate	C01103	46878393	57538
CARBAMYUL-L-ASPARTATE	ASPCARBTRANS-RXN	PWY-5686	right	N -carbamoyl-L-aspartate	C00438	5460257	32814
CARBAMYUL-L-ASPARTATE	DIHYDROOROT-RXN	PWY-5686	right	N -carbamoyl-L-aspartate	C00438	5460257	32814
PHOSPHORIBOSYL-ATP	HISTPRATPHYD-RXN	HISTSYN-PWY	left	1-(5-phospho-beta-D-ribosyl)-ATP	C02739	71306369	73183
PHOSPHORIBOSYL-ATP	ATPPHOSPHORIBOSYLTRANS-RXN	HISTSYN-PWY	left	1-(5-phospho-beta-D-ribosyl)-ATP	C02739	71306369	73183
PHOSPHORIBOSYL-AMP	HISTCYCLOHYD-RXN	HISTSYN-PWY	left	1-(5-phospho-beta-D-ribosyl)-AMP	C02741	45480652	59457
PHOSPHORIBOSYL-AMP	HISTPRATPHYD-RXN	HISTSYN-PWY	right	1-(5-phospho-beta-D-ribosyl)-AMP	C02741	45480652	59457
PHOSPHORIBOSYL-FORMIMINO-AICAR-P	PRIBFAICARPISOM-RXN	HISTSYN-PWY	left	1-(5-phospho-beta-D-ribosyl)-5-[(5-phosphoribosylamino)methylideneamino]imidazole-4-carboxamide	C04896	45266644	58435
PHOSPHORIBOSYL-FORMIMINO-AICAR-P	HISTCYCLOHYD-RXN	HISTSYN-PWY	right	1-(5-phospho-beta-D-ribosyl)-5-[(5-phosphoribosylamino)methylideneamino]imidazole-4-carboxamide	C04896	45266644	58435
PHOSPHORIBULOSYL-FORMIMINO-AICAR-P	PRIBFAICARPISOM-RXN	HISTSYN-PWY	right	phosphoribulosylformimino-AICAR-phosphate	C04916	45266672	58525
PHOSPHORIBULOSYL-FORMIMINO-AICAR-P	GLUTAMIDOTRANS-RXN	HISTSYN-PWY	left	phosphoribulosylformimino-AICAR-phosphate	C04916	45266672	58525
D-ERYTHRO-IMIDAZOLE-GLYCEROL-P	GLUTAMIDOTRANS-RXN	HISTSYN-PWY	right	D- erythro -1-(imidazol-4-yl)-glycerol 3-phosphate	C04666	5459954	58278
D-ERYTHRO-IMIDAZOLE-GLYCEROL-P	IMIDPHOSDEHYD-RXN	HISTSYN-PWY	left	D- erythro -1-(imidazol-4-yl)-glycerol 3-phosphate	C04666	5459954	58278
IMIDAZOLE-ACETOL-P	HISTAMINOTRANS-RXN	HISTSYN-PWY	right	3-(imidazol-4-yl)-2-oxopropyl phosphate	C01267	25244516	57766
IMIDAZOLE-ACETOL-P	IMIDPHOSDEHYD-RXN	HISTSYN-PWY	right	3-(imidazol-4-yl)-2-oxopropyl phosphate	C01267	25244516	57766
L-HISTIDINOL-P	HISTIDPHOS-RXN	HISTSYN-PWY	left	L-histidinol phosphate	C01100	49791964	57980
L-HISTIDINOL-P	HISTAMINOTRANS-RXN	HISTSYN-PWY	left	L-histidinol phosphate	C01100	49791964	57980
HISTIDINOL	HISTOLDEHYD-RXN	HISTSYN-PWY	left	histidinol	C00860	6950298	57699
HISTIDINOL	HISTIDPHOS-RXN	HISTSYN-PWY	right	histidinol	C00860	6950298	57699
HISTIDINAL	HISTOLDEHYD-RXN	HISTSYN-PWY	right	histidinal	C01929	57339283	64802
HISTIDINAL	HISTALDEHYD-RXN	HISTSYN-PWY	left	histidinal	C01929	57339283	64802
HIS	HISTALDEHYD-RXN	HISTSYN-PWY	right	L-histidine	C00135	6971009	57595
CPD-16603	RXN-15374	PWY-7464	left	cyanidin 3- O -glucoside-7- O -(6- O -(4- O -(glucosyl)-oxybenzoyl)-glucoside)		90657732	
CPD-16603	RXN-15373	PWY-7464	right	cyanidin 3- O -glucoside-7- O -(6- O -(4- O -(glucosyl)-oxybenzoyl)-glucoside)		90657732	
CPD-16604	RXN-15374	PWY-7464	right	cyanidin 3- O -glucoside-7- O -(6- O -(4- O -(6- O -(p-hydroxybenzoyl)-glucosyl)-oxybenzoyl)-glucoside)		90659261	
CPD-16602	RXN-15372	PWY-7464	right	cyanidin 3- O -glucoside-7- O -(6- O -(p-hydroxybenzoyl)-glucoside)		90659011	
CPD-16602	RXN-15373	PWY-7464	left	cyanidin 3- O -glucoside-7- O -(6- O -(p-hydroxybenzoyl)-glucoside)		90659011	
CPD-15005	RXN-15372	PWY-7464	left	cyanidin 3,7-di- O -beta-D-glucoside	C20469	182463	71513
GLUTAMATE-1-SEMIALDEHYDE	GSAAMINOTRANS-RXN	PWY-5188	left	(S)-4-amino-5-oxopentanoate	C03741	25244684	57501
GLUTAMATE-1-SEMIALDEHYDE	GLUTRNAREDUCT-RXN	PWY-5188	left	(S)-4-amino-5-oxopentanoate	C03741	25244684	57501
5-AMINO-LEVULINATE	GSAAMINOTRANS-RXN	PWY-5188	right	5-aminolevulinate	C00430	7048523	356416
5-AMINO-LEVULINATE	PORPHOBILSYNTH-RXN	PWY-5188	left	5-aminolevulinate	C00430	7048523	356416
PORPHOBILINOGEN	RXN-21524	PWY-8159	left	porphobilinogen	C00931	6921588	58126
PORPHOBILINOGEN	RXN-21523	PWY-8159	left	porphobilinogen	C00931	6921588	58126
PORPHOBILINOGEN	PORPHOBILSYNTH-RXN	PWY-5188	right	porphobilinogen	C00931	6921588	58126
PORPHOBILINOGEN	OHMETHYLBILANESYN-RXN	PWY-5188	left	porphobilinogen	C00931	6921588	58126
HYDROXYMETHYLBILANE	OHMETHYLBILANESYN-RXN	PWY-5188	right	preuroporphyrinogen	C01024	46931104	57845
HYDROXYMETHYLBILANE	UROGENIIISYN-RXN	PWY-5188	left	preuroporphyrinogen	C01024	46931104	57845
HYDROXYMETHYLBILANE	RXN-21525	PWY-8159	right	preuroporphyrinogen	C01024	46931104	57845
HYDROXYMETHYLBILANE	RXN-21522	PWY-8159	left	preuroporphyrinogen	C01024	46931104	57845
UROPORPHYRINOGEN-III	UROPORIIIMETHYLTRANSA-RXN	PWY-5194	left	uroporphyrinogen-III	C01051	25202645	57308
UROPORPHYRINOGEN-III	UROGENIIISYN-RXN	PWY-5188	right	uroporphyrinogen-III	C01051	25202645	57308
UROPORPHYRINOGEN-III	UROGENDECARBOX-RXN	CHLOROPHYLL-SYN	left	uroporphyrinogen-III	C01051	25202645	57308
UROPORPHYRINOGEN-III	UROGENDECARBOX-RXN	HEME-BIOSYNTHESIS-II	left	uroporphyrinogen-III	C01051	25202645	57308
CPD-1302	HOMOCYSMET-RXN	PWY-702	left	5-methyltetrahydropteroyl tri-L-glutamate	C04489	135398573	58207
CPD-1302	HOMOCYSMET-RXN	PWY-5041	left	5-methyltetrahydropteroyl tri-L-glutamate	C04489	135398573	58207
CPD-1301	HOMOCYSMET-RXN	PWY-702	right	tetrahydropteroyl tri-L-glutamate	C04144	135398571	58140
CPD-1301	HOMOCYSMET-RXN	PWY-5041	right	tetrahydropteroyl tri-L-glutamate	C04144	135398571	58140
CPD-12366	RXN-11409	PWY-6502	right	8-oxo-GTP		135871106	143553
CPD-12366	RXN-11397	PWY-6502	left	8-oxo-GTP		135871106	143553
CPD-12367	RXN-11397	PWY-6502	right	8-oxo-GMP		135871110	145694
8-Oxo-dGTP	RXN-11396	PWY-6502	left	8-oxo-dGTP		44237341	77896
8-Oxo-dGTP	RXN-11410	PWY-6502	right	8-oxo-dGTP		44237341	77896
CPD-12365	RXN-11396	PWY-6502	right	8-oxo-dGMP	C19968	135871111	63224
DGTP	RXN-11410	PWY-6502	left	dGTP	C00286	135398598	61429
DGTP	DGDPKIN-RXN	PWY-7226	right	dGTP	C00286	135398598	61429
DGTP	DGDPKIN-RXN	PWY-7224	right	dGTP	C00286	135398598	61429
CPD-7214	RXN-7921	PWY-6787	right	(2S)-dihydrotricetin	C05911	90658763	191258
CPD-520	RXN-12510	PWY-3101	right	quercetin	C00389	46906036	57694
CPD-520	RXN-527	PWY-3101	right	quercetin	C00389	46906036	57694
CPD-520	RXN-527	PWY-6787	right	quercetin	C00389	46906036	57694
NARINGENIN-CMPD	RXN-7686	PWY-6787	left	(2 S )-naringenin	C00509	439246	17846
NARINGENIN-CMPD	RXN-7650	PWY-5060	left	(2 S )-naringenin	C00509	439246	17846
NARINGENIN-CMPD	RXN-14425	PWY-7253	right	(2 S )-naringenin	C00509	439246	17846
NARINGENIN-CMPD	APIGNAR-RXN	PWY-6787	right	(2 S )-naringenin	C00509	439246	17846
NARINGENIN-CMPD	APIGNAR-RXN	PWY1F-FLAVSYN	right	(2 S )-naringenin	C00509	439246	17846
NARINGENIN-CMPD	NARINGENIN-3-DIOXYGENASE-RXN	PWY-6787	left	(2 S )-naringenin	C00509	439246	17846
NARINGENIN-CMPD	RXN-7686	PWY-5060	left	(2 S )-naringenin	C00509	439246	17846
NARINGENIN-CMPD	RXN-7652	PWY-6787	left	(2 S )-naringenin	C00509	439246	17846
NARINGENIN-CMPD	RXN-7652	PWY-5060	left	(2 S )-naringenin	C00509	439246	17846
NARINGENIN-CMPD	NARINGENIN-3-DIOXYGENASE-RXN	PWY1F-FLAVSYN	left	(2 S )-naringenin	C00509	439246	17846
NARINGENIN-CMPD	RXN-7773	PWY-5116	left	(2 S )-naringenin	C00509	439246	17846
CPD1F-90	RXN1F-93	PWY-3101	right	kaempferol	C05903	25202062	58573
CPD1F-90	RXN1F-93	PWY-6787	right	kaempferol	C05903	25202062	58573
CPD1F-90	RXN-12510	PWY-3101	left	kaempferol	C05903	25202062	58573
CPD-431	RXN-7650	PWY-5060	right	apigenin	C01477	25200950	58470
CPD-431	RXN66-587	PWY-5060	left	apigenin	C01477	25200950	58470
CPD-431	RXN-7686	PWY-6787	right	apigenin	C01477	25200950	58470
CPD-431	RXN-7686	PWY-5060	right	apigenin	C01477	25200950	58470
CPD-20012	APIGNAR-RXN	PWY-6787	left	naringenin chalcone	C06561	5280960	15413
CPD-20012	NARINGENIN-CHALCONE-SYNTHASE-RXN	PWY1F-FLAVSYN	right	naringenin chalcone	C06561	5280960	15413
CPD-20012	APIGNAR-RXN	PWY1F-FLAVSYN	left	naringenin chalcone	C06561	5280960	15413
CPD-20012	NARINGENIN-CHALCONE-SYNTHASE-RXN	PWY-6787	right	naringenin chalcone	C06561	5280960	15413
1-L-MYO-INOSITOL-1-P	MYO-INOSITOL-1-KINASE-RXN	PWY-4661	right	1D- myo -inositol 3-monophosphate	C04006	5288700	58401
1-L-MYO-INOSITOL-1-P	MYO-INOSITOL-1OR-4-MONOPHOSPHATASE-RXN	PWY-2301	left	1D- myo -inositol 3-monophosphate	C04006	5288700	58401
1-L-MYO-INOSITOL-1-P	RXN-7202	PWY-4661	left	1D- myo -inositol 3-monophosphate	C04006	5288700	58401
1-L-MYO-INOSITOL-1-P	MYO-INOSITOL-1-PHOSPHATE-SYNTHASE-RXN	PWY-4661	right	1D- myo -inositol 3-monophosphate	C04006	5288700	58401
1-L-MYO-INOSITOL-1-P	MYO-INOSITOL-1-PHOSPHATE-SYNTHASE-RXN	PWY-2301	right	1D- myo -inositol 3-monophosphate	C04006	5288700	58401
GDP-L-GALACTOSE	RXN-7772	PWY-882	right	GDP-beta-L-galactose	C02280	135449516	61454
GDP-L-GALACTOSE	RXN-7772	PWY-5115	right	GDP-beta-L-galactose	C02280	135449516	61454
GDP-L-GALACTOSE	RXNQT-4141	PWY-882	left	GDP-beta-L-galactose	C02280	135449516	61454
CPDQT-4	RXNQT-4141	PWY-882	right	beta-L-galactose 1-phosphate	C15926	71728461	75522
CPDQT-4	RXNQT-4142	PWY-882	left	beta-L-galactose 1-phosphate	C15926	71728461	75522
L-Galactopyranose	RXNQT-4142	PWY-882	right	L-galactopyranose	C01825		37619
L-Galactopyranose	RXN-1884	PWY-882	left	L-galactopyranose	C01825		37619
CPD-330	RXN-11152	PWY-8143	left	L-galactono-1,4-lactone	C01115	6857365	17464
CPD-330	RXN-1884	PWY-882	right	L-galactono-1,4-lactone	C01115	6857365	17464
CPD-330	GALACTONOLACTONE-DEHYDROGENASE-RXN	PWY-8143	left	L-galactono-1,4-lactone	C01115	6857365	17464
CPD-330	GALACTONOLACTONE-DEHYDROGENASE-RXN	PWY-882	left	L-galactono-1,4-lactone	C01115	6857365	17464
CPD-11700	RXN-10974	PWY-6369	left	1D- myo -inositol 1-diphosphate 2,3,4,5,6-pentakisphosphate	C11174	44237379	74946
CPD-11700	RXN-10972	PWY-6369	right	1D- myo -inositol 1-diphosphate 2,3,4,5,6-pentakisphosphate	C11174	44237379	74946
CPD-11938	2.7.4.24-RXN	PWY-6369	right	1D- myo -inositol 1,5-bis(diphosphate) 2,3,4,6-tetrakisphosphate	C20690	45479488	74945
CPD-11938	RXN-10974	PWY-6369	right	1D- myo -inositol 1,5-bis(diphosphate) 2,3,4,6-tetrakisphosphate	C20690	45479488	74945
MI-HEXAKISPHOSPHATE	RXN-10972	PWY-6369	left	phytate	C01204	21584050	58130
MI-HEXAKISPHOSPHATE	2.7.1.152-RXN	PWY-6369	left	phytate	C01204	21584050	58130
MI-HEXAKISPHOSPHATE	RXN-7163	PWY-4541	right	phytate	C01204	21584050	58130
MI-HEXAKISPHOSPHATE	RXN-7163	PWY-6369	right	phytate	C01204	21584050	58130
MI-HEXAKISPHOSPHATE	RXN-7163	PWY-6554	right	phytate	C01204	21584050	58130
MI-HEXAKISPHOSPHATE	RXN-7241	PWY-4702	left	phytate	C01204	21584050	58130
MI-HEXAKISPHOSPHATE	RXN0-1001	PWY-4702	left	phytate	C01204	21584050	58130
MI-HEXAKISPHOSPHATE	RXN-7163	PWY-4661	right	phytate	C01204	21584050	58130
CPD-1107	RXN-7162	PWY-4541	right	D- myo -inositol 1,3,4,5,6-pentakisphosphate	C01284		16322
CPD-1107	RXN-7163	PWY-4541	left	D- myo -inositol 1,3,4,5,6-pentakisphosphate	C01284		16322
CPD-1107	RXN-7163	PWY-6369	left	D- myo -inositol 1,3,4,5,6-pentakisphosphate	C01284		16322
CPD-1107	2.7.1.140-RXN	PWY-6554	right	D- myo -inositol 1,3,4,5,6-pentakisphosphate	C01284		16322
CPD-1107	2.7.1.134-RXN	PWY-4661	right	D- myo -inositol 1,3,4,5,6-pentakisphosphate	C01284		16322
CPD-1107	RXN-7184	PWY-6554	right	D- myo -inositol 1,3,4,5,6-pentakisphosphate	C01284		16322
CPD-1107	RXN-7163	PWY-4661	left	D- myo -inositol 1,3,4,5,6-pentakisphosphate	C01284		16322
CPD-1107	RXN-4941	PWY-6369	left	D- myo -inositol 1,3,4,5,6-pentakisphosphate	C01284		16322
CPD-1107	RXN-7163	PWY-6554	left	D- myo -inositol 1,3,4,5,6-pentakisphosphate	C01284		16322
DIPHOSPHO-1D-MYO-INOSITOL-TETRAKISPHOSPH	RXN-4941	PWY-6369	right	a diphospho-1D-myo-inositol tetrakisphosphate		25202945	
5-DIPHOSPHO-1D-MYO-INOSITOL-12346P	2.7.4.24-RXN	PWY-6369	left	1D- myo inositol 5-diphosphate 1,2,3,4,6-pentakisphosphate	C11526	25201153	58628
5-DIPHOSPHO-1D-MYO-INOSITOL-12346P	2.7.1.152-RXN	PWY-6369	right	1D- myo inositol 5-diphosphate 1,2,3,4,6-pentakisphosphate	C11526	25201153	58628
CPD-17285	RXN-8392	PWY-5368	right	a [glycerolipid]-(9Z,12E)-octadecadienoate			
CPD-17285	RXN-8393	PWY-5368	left	a [glycerolipid]-(9Z,12E)-octadecadienoate			
CPD-17286	RXN-8393	PWY-5368	right	a [glycerolipid]-dimorphecolate			
CPD-8158	RXN-11671	PWY-7634	left	1-palmitoyl-2-linoleoyl-phosphatidylcholine		5287971	73002
CPD-8158	RXN-8360	PWY-762	right	1-palmitoyl-2-linoleoyl-phosphatidylcholine		5287971	73002
CPD-8158	RXN-8361	PWY-762	left	1-palmitoyl-2-linoleoyl-phosphatidylcholine		5287971	73002
CPD-12644	RXN-11671	PWY-7634	right	1-palmitoyl-2-vernoloyl-phosphatidylcholine		90659302	
CPD-406	2.1.1.103-RXN	PWY-3385	right	N-methylethanolamine phosphate	C01210	25201132	57781
CPD-406	2.7.7.57-RXN	PWY4FS-3	left	N-methylethanolamine phosphate	C01210	25201132	57781
CPD-406	2.1.1.103-RXN	PWY4FS-2	right	N-methylethanolamine phosphate	C01210	25201132	57781
CPD-406	RXN-5642	PWY-3385	left	N-methylethanolamine phosphate	C01210	25201132	57781
CPD-406	2.1.1.103-RXN	PWY4FS-4	right	N-methylethanolamine phosphate	C01210	25201132	57781
CPD-406	2.1.1.103-RXN	PWY4FS-3	right	N-methylethanolamine phosphate	C01210	25201132	57781
CPD-406	RXN-5642	PWY4FS-2	left	N-methylethanolamine phosphate	C01210	25201132	57781
CPD-406	RXN-5642	PWY4FS-4	left	N-methylethanolamine phosphate	C01210	25201132	57781
CPD-5441	RXN-5642	PWY4FS-4	right	N-dimethylethanolamine phosphate	C13482	25201906	58641
CPD-5441	RXN4FS-3	PWY4FS-4	left	N-dimethylethanolamine phosphate	C13482	25201906	58641
CPD-5441	RXN-5642	PWY4FS-2	right	N-dimethylethanolamine phosphate	C13482	25201906	58641
CPD-5441	RXN-5643	PWY4FS-2	left	N-dimethylethanolamine phosphate	C13482	25201906	58641
CPD-5441	RXN-5643	PWY-3385	left	N-dimethylethanolamine phosphate	C13482	25201906	58641
CPD-5441	RXN-5642	PWY-3385	right	N-dimethylethanolamine phosphate	C13482	25201906	58641
DIACYLGLYCEROL-PYROPHOSPHATE	RXN-13336	PWY-7039	right	a 1,2-diacyl- sn -glycerol 3-diphosphate	C19776	25202796	59996
DIACYLGLYCEROL-PYROPHOSPHATE	RXN-11277	PWY-7039	left	a 1,2-diacyl- sn -glycerol 3-diphosphate	C19776	25202796	59996
D-MYO-INOSITOL-34-BISPHOSPHATE	RXN-7202	PWY-4661	right	D- myo -inositol (3,4)-bisphosphate	C04063	21120281	83241
D-MYO-INOSITOL-34-BISPHOSPHATE	RXN-7203	PWY-4661	left	D- myo -inositol (3,4)-bisphosphate	C04063	21120281	83241
CPD-178	2.7.1.134-RXN	PWY-4661	left	D- myo -inositol (3,4,5,6)-tetrakisphosphate	C04520	25201333	57539
CPD-178	RXN-7204	PWY-4661	right	D- myo -inositol (3,4,5,6)-tetrakisphosphate	C04520	25201333	57539
CPD-6681	RXN-7204	PWY-4661	left	D- myo -inositol (3,4,6)-trisphosphate		25200986	189099
CPD-6681	RXN-7203	PWY-4661	right	D- myo -inositol (3,4,6)-trisphosphate		25200986	189099
CPD-7227	1.14.11.24-RXN	PWY-5925	left	2'-deoxymugineate	C15485	122706149	58487
CPD-7227	RXN-7983	PWY-5925	left	2'-deoxymugineate	C15485	122706149	58487
CPD-7227	1.1.1.285-RXN	PWY-5912	left	2'-deoxymugineate	C15485	122706149	58487
CPD-7228	2.6.1.80-RXN	PWY-5912	right	3''-deamino-3''-oxonicotianamine	C15486	25201327	58685
CPD-7228	1.1.1.285-RXN	PWY-5912	right	3''-deamino-3''-oxonicotianamine	C15486	25201327	58685
PUTRESCINE	N-CARBAMOYLPUTRESCINE-AMIDASE-RXN	PWYQT-94	right	putrescine	C00134	3452892	326268
PUTRESCINE	RXN-12091	PWY-6117	right	putrescine	C00134	3452892	326268
PUTRESCINE	RXN-12089	PWY-6441	right	putrescine	C00134	3452892	326268
PUTRESCINE	SPERMIDINESYN-RXN	BSUBPOLYAMSYN-PWY	left	putrescine	C00134	3452892	326268
PUTRESCINE	N-CARBAMOYLPUTRESCINE-AMIDASE-RXN	PWY-43	right	putrescine	C00134	3452892	326268
PUTRESCINE	ORNDECARBOX-RXN	PWY-46	right	putrescine	C00134	3452892	326268
CPD-568	RXN-12091	PWY-6117	left	N 1 -acetylspermidine	C00612	25203502	58324
CPD-568	SPERMACTRAN-RXN	PWY-6117	right	N 1 -acetylspermidine	C00612	25203502	58324
CPD-10687	RXN-12091	PWY-6117	right	3-acetamidopropanal	C18170	5460495	30322
CPD-10687	RXN-9940	PWY-6117	right	3-acetamidopropanal	C18170	5460495	30322
CPD-6082	RXN-6382	PWY-3981	left	3-aminopropanal	C02229	21286229	58374
CPD-6082	RXN-9015	PWY-6117	right	3-aminopropanal	C02229	21286229	58374
CPD-6082	RXN-6381	PWY-3981	right	3-aminopropanal	C02229	21286229	58374
CPD-6082	RXN-9015	PWY-6441	right	3-aminopropanal	C02229	21286229	58374
CPD-6082	RXN-12089	PWY-6441	right	3-aminopropanal	C02229	21286229	58374
N1-ACETYLSPERMINE	RXN-9939	PWY-6117	right	N 1 -acetylspermine	C02567	25201943	58101
N1-ACETYLSPERMINE	RXN-9940	PWY-6117	left	N 1 -acetylspermine	C02567	25201943	58101
NITRITE	TRANS-RXN4LZ-42	PWY4LZ-283	left	nitrite	C00088	946	16301
NITRITE	TRANS-RXN4LZ-6867	PWY4LZ-283	right	nitrite	C00088	946	16301
NITRITE	FERREDOXIN--NITRITE-REDUCTASE-RXN	PWY-381	right	nitrite	C00088	946	16301
NITRITE	NITRATE-REDUCTASE-NADH-RXN	PWY4LZ-283	left	nitrite	C00088	946	16301
NITRITE	TRANS-RXN4LZ-42	PWY4LZ-283	right	nitrite	C00088	946	16301
NITRITE	NITRATE-REDUCTASE-NADH-RXN	PWY-381	left	nitrite	C00088	946	16301
NITRITE	RXN-1161	PWY4LZ-283	left	nitrite	C00088	946	16301
NITRITE	RXN-16805	PWY-7683	right	nitrite	C00088	946	16301
NITRITE	TRANS-RXN4LZ-6867	PWY4LZ-283	left	nitrite	C00088	946	16301
NITRATE	TRANS-RXN4LZ-6860	PWY4LZ-283	right	nitrate	C00244	943	17632
NITRATE	NITRATE-REDUCTASE-NADH-RXN	PWY4LZ-283	right	nitrate	C00244	943	17632
NITRATE	NITRATE-REDUCTASE-NADH-RXN	PWY-381	right	nitrate	C00244	943	17632
NITRATE	TRANS-RXN4LZ-6860	PWY4LZ-283	left	nitrate	C00244	943	17632
DADP	DADPKIN-RXN	PWY-7227	left	dADP	C00206	21125569	57667
DADP	ADPREDUCT-RXN	PWY-7227	left	dADP	C00206	21125569	57667
DADP	DEOXYADENYLATE-KINASE-RXN	PWY-7224	right	dADP	C00206	21125569	57667
DADP	DADPKIN-RXN	PWY-7224	left	dADP	C00206	21125569	57667
DATP	DADPKIN-RXN	PWY-7224	right	dATP	C00131	25320183	61404
DATP	DADPKIN-RXN	PWY-7227	right	dATP	C00131	25320183	61404
DGDP	DGDPKIN-RXN	PWY-7226	left	dGDP	C00361	135398594	58595
DGDP	GDPREDUCT-RXN	PWY-7226	left	dGDP	C00361	135398594	58595
DGDP	DGDPKIN-RXN	PWY-7224	left	dGDP	C00361	135398594	58595
DGDP	GMKALT-RXN	PWY-7224	right	dGDP	C00361	135398594	58595
DAMP	DEOXYADENOSINE-KINASE-RXN	PWY-7224	right	dAMP	C00360	22848660	58245
DAMP	DEOXYADENYLATE-KINASE-RXN	PWY-7224	left	dAMP	C00360	22848660	58245
DGMP	DEOXYGUANOSINE-KINASE-RXN	PWY-7224	right	dGMP	C00362	135398596	57673
DGMP	GMKALT-RXN	PWY-7224	left	dGMP	C00362	135398596	57673
DEOXYADENOSINE	DEOXYADENOSINE-KINASE-RXN	PWY-7224	left	2'-deoxyadenosine	C00559	13730	17256
DEOXYGUANOSINE	DEOXYGUANOSINE-KINASE-RXN	PWY-7224	left	2'-deoxyguanosine	C00330	135398592	17172
CPD-1825	RXN-7401	PWY-82	left	beta-L-arabinose 1-phosphate	C03906	25244737	57521
CPD-1825	L-ARABINOKINASE-RXN	PWY-82	right	beta-L-arabinose 1-phosphate	C03906	25244737	57521
BETA-L-ARABINOSE	L-ARABINOKINASE-RXN	PWY-82	left	beta-L-arabinopyranose	C02479	439764	40886
HOMO-SER	HOMOSERKIN-RXN	PWY-702	left	L-homoserine	C00263	6971022	57476
HOMO-SER	HOMOSERKIN-RXN	HOMOSER-THRESYN-PWY	left	L-homoserine	C00263	6971022	57476
HOMO-SER	HOMOSERDEHYDROG-RXN	HOMOSERSYN-PWY	left	L-homoserine	C00263	6971022	57476
L-ASPARTATE-SEMIALDEHYDE	ASPARTATE-SEMIALDEHYDE-DEHYDROGENASE-RXN	PWY-5097	left	L-aspartate 4-semialdehyde	C00441	5287708	537519
L-ASPARTATE-SEMIALDEHYDE	DIHYDRODIPICSYN-RXN	PWY-5097	left	L-aspartate 4-semialdehyde	C00441	5287708	537519
L-ASPARTATE-SEMIALDEHYDE	HOMOSERDEHYDROG-RXN	HOMOSERSYN-PWY	right	L-aspartate 4-semialdehyde	C00441	5287708	537519
L-ASPARTATE-SEMIALDEHYDE	ASPARTATE-SEMIALDEHYDE-DEHYDROGENASE-RXN	HOMOSERSYN-PWY	left	L-aspartate 4-semialdehyde	C00441	5287708	537519
L-BETA-ASPARTYL-P	ASPARTATEKIN-RXN	PWY-5097	right	L-aspartyl-4-phosphate	C03082	11948925	57535
L-BETA-ASPARTYL-P	ASPARTATEKIN-RXN	HOMOSERSYN-PWY	right	L-aspartyl-4-phosphate	C03082	11948925	57535
L-BETA-ASPARTYL-P	ASPARTATE-SEMIALDEHYDE-DEHYDROGENASE-RXN	HOMOSERSYN-PWY	right	L-aspartyl-4-phosphate	C03082	11948925	57535
L-BETA-ASPARTYL-P	ASPARTATE-SEMIALDEHYDE-DEHYDROGENASE-RXN	PWY-5097	right	L-aspartyl-4-phosphate	C03082	11948925	57535
N-ACETYL-BETA-GLUCOSAMINYLAMINE	3.5.1.26-RXN	ASPARAGINE-DEG1-PWY-1	right	N -acetyl-beta-glucosaminylamine	C01239	439454	15947
ACETYL-ETCETERA-L-ASPARAGINE	3.5.1.26-RXN	ASPARAGINE-DEG1-PWY-1	left	N 4 -(beta- N -acetyl-D-glucosaminyl)-L-asparagine	C04540	25201322	58080
CPD-4619	RXN-4734	PWY-2901	right	cis -zeatin-9- N -glucoside		25244554	72607
CPD-4441	RXN-4541	PWY-2781	right	cis -zeatin	C15545	688597	46570
CPD-4441	RXN-4733	PWY-2881	left	cis -zeatin	C15545	688597	46570
CPD-4441	RXN-4734	PWY-2901	left	cis -zeatin	C15545	688597	46570
CPD-4441	RXN-4662	PWY-2841	left	cis -zeatin	C15545	688597	46570
CPD-4441	RXN-4735	PWY-2902	left	cis -zeatin	C15545	688597	46570
CPD-4611	RXN-4732	PWY-2901	right	kinetin-9- N -glucoside		25203435	72620
CPD-4609	RXN-4731	PWY-2881	left	kinetin	C08272	3830	27407
CPD-4609	RXN-4732	PWY-2901	left	kinetin	C08272	3830	27407
CPD-4608	RXN-4730	PWY-2901	right	benzyladenine-9- N -glucoside		25201625	72604
CPD-4604	RXN-4729	PWY-2881	left	benzyladenine	C11263	62389	29022
CPD-4604	RXN-4730	PWY-2901	left	benzyladenine	C11263	62389	29022
CPD-4603	RXN-4728	PWY-2901	right	isopentenyladenine-9- N -glucoside		25200472	72616
CPD-4209	RXN-4727	PWY-2881	left	N 6 -dimethylallyladenine	C04083	92180	17660
CPD-4209	RXN-4317	PWY-2681	left	N 6 -dimethylallyladenine	C04083	92180	17660
CPD-4209	RXN-4621	PWY-2841	left	N 6 -dimethylallyladenine	C04083	92180	17660
CPD-4209	RXN-4313	PWY-2681	right	N 6 -dimethylallyladenine	C04083	92180	17660
CPD-4209	RXN-4728	PWY-2901	left	N 6 -dimethylallyladenine	C04083	92180	17660
CPD-4616	RXN-4737	PWY-2902	left	dihydrozeatin-9- N -glucoside		91820352	72612
CPD-4616	RXN-4725	PWY-2901	right	dihydrozeatin-9- N -glucoside		91820352	72612
CPD-332	RXN-4726	PWY-2902	left	dihydrozeatin	C02029	439631	17874
CPD-332	RXN-4724	PWY-2881	left	dihydrozeatin	C02029	439631	17874
CPD-332	RXN-4725	PWY-2901	left	dihydrozeatin	C02029	439631	17874
CPD-4210	RXN-4723	PWY-2902	left	trans -zeatin	C00371	449093	16522
CPD-4210	RXN-4722	PWY-2901	left	trans -zeatin	C00371	449093	16522
CPD-4210	RXN-4661	PWY-2841	left	trans -zeatin	C00371	449093	16522
CPD-4210	RXN-4314	PWY-2681	right	trans -zeatin	C00371	449093	16522
CPD-4210	RXN-4317	PWY-2681	right	trans -zeatin	C00371	449093	16522
CPD-4210	RXN-4721	PWY-2881	left	trans -zeatin	C00371	449093	16522
CPD-4613	RXN-4722	PWY-2901	right	trans -zeatin-9- N -glucoside		25243916	72609
CPD1F-84	RXN-6541	PWY-5070	left	gibberellin A 25		25244685	143959
CPD1F-84	RXN1F-99	PWY-5070	right	gibberellin A 25		25244685	143959
CPD-6221	RXN-6541	PWY-5070	right	gibberellin A 13		25246018	72598
CPD1F-120	RXN-6523	PWY-5070	left	gibberellin A 24	C11861	25246232	143957
CPD1F-120	RXN1F-163	PWY-5070	right	gibberellin A 24	C11861	25246232	143957
CPD1F-120	RXN1F-164	PWY-5070	left	gibberellin A 24	C11861	25246232	143957
CPD1F-120	RXN1F-99	PWY-5070	left	gibberellin A 24	C11861	25246232	143957
CPD-6201	RXN-6523	PWY-5070	right	gibberellin A 36	C11862	25243919	29595
CPD1F-97	RXN1F-162	PWY-5070	right	gibberellin A 15 (open lactone form)	C11860	25245948	143956
CPD1F-97	RXN1F-163	PWY-5070	left	gibberellin A 15 (open lactone form)	C11860	25245948	143956
BCAA-dehydrogenase-DH-lipoyl	RXN-7719	PWY-5046	left	an [ apo BCAA dehydrogenase E2 protein] N 6 -dihydrolipoyl-L-lysine			
BCAA-dehydrogenase-DH-lipoyl	2.3.1.168-RXN	PWY-5046	left	an [ apo BCAA dehydrogenase E2 protein] N 6 -dihydrolipoyl-L-lysine			
BCAA-dehydrogenase-lipoyl	1.2.4.4-RXN	PWY-5046	left	a [BCAA dehydrogenase E2 protein] N 6 -lipoyl-L-lysine			
BCAA-dehydrogenase-lipoyl	RXN-7719	PWY-5046	right	a [BCAA dehydrogenase E2 protein] N 6 -lipoyl-L-lysine			
BCAA-dehydrogenase-2MP-DH-lipoyl	1.2.4.4-RXN	PWY-5046	right	an [ apo BCAA dehydrogenase E2 protein] N 6 - S -[2-methylpropanoyl]dihydrolipoyl-L-lysine			
BCAA-dehydrogenase-2MP-DH-lipoyl	2.3.1.168-RXN	PWY-5046	right	an [ apo BCAA dehydrogenase E2 protein] N 6 - S -[2-methylpropanoyl]dihydrolipoyl-L-lysine			
ISOBUTYRYL-COA	1.2.1.25-RXN	VALDEG-PWY	right	isobutanoyl-CoA	C00630	45266570	57338
ISOBUTYRYL-COA	2.3.1.168-RXN	PWY-5046	left	isobutanoyl-CoA	C00630	45266570	57338
ISOBUTYRYL-COA	MEPROPCOA-FAD-RXN	VALDEG-PWY	left	isobutanoyl-CoA	C00630	45266570	57338
MALONATE-S-ALD	2.6.1.18-RXN	PWY-3941	left	3-oxopropanoate	C00222	9543142	33190
MALONATE-S-ALD	3-HYDROXYPROPIONATE-DEHYDROGENASE-RXN	PWY-3941	right	3-oxopropanoate	C00222	9543142	33190
ACRYLYL-COA	RXN-6383	PWY-3941	right	acryloyl-CoA	C00894	45266595	57367
ACRYLYL-COA	PROPCOASYN-RXN	PWY-3941	right	acryloyl-CoA	C00894	45266595	57367
3-HYDROXY-PROPIONATE	RXN-6384	PWY-3941	right	3-hydroxypropanoate	C01013	5459847	16510
3-HYDROXY-PROPIONATE	3-HYDROXYPROPIONATE-DEHYDROGENASE-RXN	PWY-3941	left	3-hydroxypropanoate	C01013	5459847	16510
3-HYDROXY-PROPIONYL-COA	RXN-6384	PWY-3941	left	3-hydroxypropanoyl-CoA	C05668	44229175	58528
3-HYDROXY-PROPIONYL-COA	RXN-6383	PWY-3941	left	3-hydroxypropanoyl-CoA	C05668	44229175	58528
PROPIONATE	PROPIONATE--COA-LIGASE-RXN	PWY-3941	left	propanoate	C00163	104745	17272
INDOLE-3-ACETYL-LEU	RXN-2945	PWY-6219	right	(indol-3-yl)acetyl-L-leucine		6921622	133521
INDOLE-3-ACETYL-LEU	RXN-2982	PWY-1822	left	(indol-3-yl)acetyl-L-leucine		6921622	133521
LEU	RXN-2945	PWY-6219	left	L-leucine	C00123	7045798	57427
LEU	RXN-10459	PWY-6233	left	L-leucine	C00123	7045798	57427
LEU	RXN-2982	PWY-1822	right	L-leucine	C00123	7045798	57427
LEU	BRANCHED-CHAINAMINOTRANSFERLEU-RXN	LEU-DEG2-PWY	left	L-leucine	C00123	7045798	57427
LEU	BRANCHED-CHAINAMINOTRANSFERLEU-RXN	LEUSYN-PWY	left	L-leucine	C00123	7045798	57427
INDOLE-3-ACETYL-ALA	RXN-2981	PWY-1822	left	(indol-3-yl)acetyl-L-alanine		6920154	
INDOLE-3-ACETYL-ALA	RXN-2944	PWY-6219	right	(indol-3-yl)acetyl-L-alanine		6920154	
OXALATE	OXALATE--COA-LIGASE-RXN	PWY-7985	left	oxalate	C00209	71081	30623
OXALYL-COA	OXALYL-COA-DECARBOXYLASE-RXN	PWY-7985	left	oxalyl-CoA	C00313	45266609	57388
OXALYL-COA	OXALATE--COA-LIGASE-RXN	PWY-7985	right	oxalyl-CoA	C00313	45266609	57388
FORMYL-COA	OXALYL-COA-DECARBOXYLASE-RXN	PWY-7985	right	formyl-CoA	C00798	45266602	57376
FORMYL-COA	FORMYL-COA-HYDROLASE-RXN	PWY-7985	left	formyl-CoA	C00798	45266602	57376
Fe2-siderophores	RXN-14960	PWY-5934	left	a siderophore-bound Fe(II)			
Fe2-siderophores	FERRIC-CHELATE-REDUCTASE-RXN	PWY-5934	left	a siderophore-bound Fe(II)			
L-DELTA1-PYRROLINE_5-CARBOXYLATE	SPONTPRO-RXN	PROUT-PWY	left	( S )-1-pyrroline-5-carboxylate	C03912	11966181	17388
L-DELTA1-PYRROLINE_5-CARBOXYLATE	RXN-14903	CITRULBIO-PWY	right	( S )-1-pyrroline-5-carboxylate	C03912	11966181	17388
L-DELTA1-PYRROLINE_5-CARBOXYLATE	SPONTPRO-RXN	CITRULBIO-PWY	left	( S )-1-pyrroline-5-carboxylate	C03912	11966181	17388
L-DELTA1-PYRROLINE_5-CARBOXYLATE	PYRROLINECARBREDUCT-RXN	ARG-PRO-PWY	right	( S )-1-pyrroline-5-carboxylate	C03912	11966181	17388
L-DELTA1-PYRROLINE_5-CARBOXYLATE	PYRROLINECARBREDUCT-RXN	PROSYN-PWY	right	( S )-1-pyrroline-5-carboxylate	C03912	11966181	17388
L-DELTA1-PYRROLINE_5-CARBOXYLATE	RXN-14903	PROUT-PWY	right	( S )-1-pyrroline-5-carboxylate	C03912	11966181	17388
L-DELTA1-PYRROLINE_5-CARBOXYLATE	SPONTPRO-RXN	PWY-3341	left	( S )-1-pyrroline-5-carboxylate	C03912	11966181	17388
L-DELTA1-PYRROLINE_5-CARBOXYLATE	PYRROLINECARBREDUCT-RXN	PWY-3341	right	( S )-1-pyrroline-5-carboxylate	C03912	11966181	17388
L-DELTA1-PYRROLINE_5-CARBOXYLATE	SPONTPRO-RXN	ARG-PRO-PWY	left	( S )-1-pyrroline-5-carboxylate	C03912	11966181	17388
L-DELTA1-PYRROLINE_5-CARBOXYLATE	SPONTPRO-RXN	PROSYN-PWY	left	( S )-1-pyrroline-5-carboxylate	C03912	11966181	17388
PRO	PYRROLINECARBREDUCT-RXN	PROSYN-PWY	left	L-proline	C00148	6971047	60039
PRO	RXN-14903	PROUT-PWY	left	L-proline	C00148	6971047	60039
PRO	PYRROLINECARBREDUCT-RXN	ARG-PRO-PWY	left	L-proline	C00148	6971047	60039
PRO	PYRROLINE-2-CARBOXYLATE-REDUCTASE-RXN	PWY-4281	left	L-proline	C00148	6971047	60039
PRO	RXN-14903	CITRULBIO-PWY	left	L-proline	C00148	6971047	60039
PRO	PYRROLINECARBREDUCT-RXN	PWY-3341	left	L-proline	C00148	6971047	60039
CPD-160	RXN4FS-2	PWY4FS-3	left	a phosphatidyl- N -dimethylethanolamine	C04308		17152
CPD-160	2.1.1.71-RXN	PWY4FS-3	right	a phosphatidyl- N -dimethylethanolamine	C04308		17152
CPD-160	RXN4FS-4	PWY4FS-4	right	a phosphatidyl- N -dimethylethanolamine	C04308		17152
CPD-160	RXN4FS-2	PWY4FS-4	left	a phosphatidyl- N -dimethylethanolamine	C04308		17152
CDP-N-METHYLETHANOLAMIN	2.7.7.57-RXN	PWY4FS-3	right	CDP-N-methylethanolamine	C03486	46878396	57547
CDP-N-METHYLETHANOLAMIN	RXN4FS-1	PWY4FS-3	left	CDP-N-methylethanolamine	C03486	46878396	57547
CPD-405	RXN4FS-1	PWY4FS-3	right	a phosphatidyl- N -methylethanolamine	C01241		15958
CPD-405	2.1.1.71-RXN	PWY4FS-3	left	a phosphatidyl- N -methylethanolamine	C01241		15958
CPD-16541	RXN-8204	PWY-5284	right	cyanidin 3- O -[6- O -(4-coumaroyl)]-beta- D -glucoside	C12095	102514898	29560
CPD-16541	RXN-8205	PWY-5284	left	cyanidin 3- O -[6- O -(4-coumaroyl)]-beta- D -glucoside	C12095	102514898	29560
CPD-7714	RXN-8170	PWY-5284	right	shisonin	C12096	90657172	29561
CPD-7714	RXN-8171	PWY-5284	left	shisonin	C12096	90657172	29561
CPD-7714	RXN-8205	PWY-5284	right	shisonin	C12096	90657172	29561
CPD1F-766	RXN-8169	PWY-5284	left	cyanidin-3- O -beta-D-glucoside	C08604	86289383	77857
CPD1F-766	RXN-8204	PWY-5284	left	cyanidin-3- O -beta-D-glucoside	C08604	86289383	77857
CPD-7708	RXN-8171	PWY-5284	right	malonylshisonin	C16299	90657833	80435
CPD-7138	RXN-8169	PWY-5284	right	cyanidin 3,5-di- O -beta-D-glucoside	C08639	165000	71511
CPD-7138	RXN-8170	PWY-5284	left	cyanidin 3,5-di- O -beta-D-glucoside	C08639	165000	71511
OH-PYR	SERINE--GLYOXYLATE-AMINOTRANSFERASE-RXN	PWY-8011	right	3-hydroxypyruvate	C00168	4186339	17180
OH-PYR	SERINE--GLYOXYLATE-AMINOTRANSFERASE-RXN	PWY-181	right	3-hydroxypyruvate	C00168	4186339	17180
OH-PYR	HYDROXYPYRUVATE-REDUCTASE-RXN	PWY-8011	right	3-hydroxypyruvate	C00168	4186339	17180
OH-PYR	GLYCERATE-DEHYDROGENASE-RXN	PWY-181	right	3-hydroxypyruvate	C00168	4186339	17180
OH-PYR	SERINE-GLYOXYLATE-AMINOTRANSFERASE-RXN	GLYSYN2-PWY	left	3-hydroxypyruvate	C00168	4186339	17180
OH-PYR	SERINE--PYRUVATE-AMINOTRANSFERASE-RXN	PWY-8011	right	3-hydroxypyruvate	C00168	4186339	17180
GLYCERATE	GLY3KIN-RXN	PWY-181	left	D-glycerate	C00258	5460358	16659
GLYCERATE	HYDROXYPYRUVATE-REDUCTASE-RXN	PWY-8011	left	D-glycerate	C00258	5460358	16659
GLYCERATE	GLYCERATE-DEHYDROGENASE-RXN	PWY-181	left	D-glycerate	C00258	5460358	16659
GLYCERATE	3-PHOSPHOGLYCERATE-PHOSPHATASE-RXN	PWY-8011	right	D-glycerate	C00258	5460358	16659
GLYCOLLATE	RXN-969	PWY-181	left	glycolate	C00160	5460308	29805
GLYCOLLATE	GPH-RXN	PWY-181	right	glycolate	C00160	5460308	29805
CPD-67	RXN-961	PWY-181	right	2-phosphoglycolate	C00988	24916760	58033
CPD-67	GPH-RXN	PWY-181	left	2-phosphoglycolate	C00988	24916760	58033
ENT-COPALYL-DIPHOSPHATE	RXN-19635	PWY-7994	left	(-)- ent -copalyl diphosphate	C06089	25243968	58553
ENT-COPALYL-DIPHOSPHATE	5.5.1.13-RXN	PWY-7994	right	(-)- ent -copalyl diphosphate	C06089	25243968	58553
ENT-COPALYL-DIPHOSPHATE	4.2.3.19-RXN	PWY-5032	left	(-)- ent -copalyl diphosphate	C06089	25243968	58553
ENT-COPALYL-DIPHOSPHATE	RXN-4881	PWY-2981	left	(-)- ent -copalyl diphosphate	C06089	25243968	58553
ENT-COPALYL-DIPHOSPHATE	RXN-7788	PWY-2981	left	(-)- ent -copalyl diphosphate	C06089	25243968	58553
ENT-COPALYL-DIPHOSPHATE	RXN-4884	PWY-2981	left	(-)- ent -copalyl diphosphate	C06089	25243968	58553
ENT-COPALYL-DIPHOSPHATE	5.5.1.13-RXN	PWY-5032	right	(-)- ent -copalyl diphosphate	C06089	25243968	58553
ENT-COPALYL-DIPHOSPHATE	5.5.1.13-RXN	PWY-2981	right	(-)- ent -copalyl diphosphate	C06089	25243968	58553
CPD1F-128	1.14.13.78-RXN	PWY-7070	left	ent -kaurene	C06090	11966109	15415
CPD1F-128	1.14.13.78-RXN	PWY-5034	left	ent -kaurene	C06090	11966109	15415
CPD1F-128	4.2.3.19-RXN	PWY-5032	right	ent -kaurene	C06090	11966109	15415
CPD-9577	RXN-9083	PWY-6219	right	(indol-3-yl)acetyl-L-valine		6921630	133561
VAL	RXN-10457	PWY-6233	left	L-valine	C00183	6971018	57762
VAL	RXN-9083	PWY-6219	left	L-valine	C00183	6971018	57762
VAL	BRANCHED-CHAINAMINOTRANSFERVAL-RXN	VALSYN-PWY	left	L-valine	C00183	6971018	57762
VAL	BRANCHED-CHAINAMINOTRANSFERVAL-RXN	VALDEG-PWY	left	L-valine	C00183	6971018	57762
CPD-9582	RXN-9084	PWY-6219	right	(indol-3-yl)acetyl-L-phenylalanine		6950357	133527
INDOLE-3-ACETYL-ASP	RXN-2946	PWY-6219	right	(indol-3-yl)acetyl-L-aspartate		6921620	133482
INDOLE-3-ACETYL-GLU	RXN-2947	PWY-6219	right	(indol-3-yl)acetyl-L-glutamate		7097226	133516
INDOLE-3-ACETYL-GLN	RXN-2948	PWY-6219	right	(indol-3-yl)acetyl-L-glutamine		7097451	133730
CPD0-1083	RXN-11151	PWY-8143	left	L-galactonate	c15930	44229140	53071
CPD0-1083	RXN-11152	PWY-8143	right	L-galactonate	c15930	44229140	53071
BETA-D-FRUCTOSE	FRUCTOKINASE-RXN	PWY-3801	left	beta-D-fructofuranose	C02336	439709	28645
BETA-D-FRUCTOSE	SUCROSE-SYNTHASE-RXN	PWY-3801	left	beta-D-fructofuranose	C02336	439709	28645
BETA-D-FRUCTOSE	FRUCTOKINASE-RXN	PWY-621	left	beta-D-fructofuranose	C02336	439709	28645
BETA-D-FRUCTOSE	3.2.1.48-RXN	PWY-621	right	beta-D-fructofuranose	C02336	439709	28645
CPD-23404	RXN-21512	PWY-8157	right	avenanthramide A	C08472	154586181	167464
CPD-23407	RXN-21513	PWY-8157	left	5-hydroxyanthranilate		54686733	167463
CPD-23407	RXN-21512	PWY-8157	left	5-hydroxyanthranilate		54686733	167463
CPD-23406	RXN-21513	PWY-8157	right	avenanthramide C		154586130	167577
CPD-23406	RXN-21514	PWY-8157	left	avenanthramide C		154586130	167577
CPD-23405	RXN-21514	PWY-8157	right	avenanthramide B		154586046	
CPD-1108	2.7.1.154-RXN	PWY-6352	left	a 1-phosphatidyl-1D- myo -inositol 4-phosphate	C01277	24755482	17526
CPD-1108	2.7.1.68-RXN	PWY-6351	left	a 1-phosphatidyl-1D- myo -inositol 4-phosphate	C01277	24755482	17526
CPD-1108	1-PHOSPHATIDYLINOSITOL-KINASE-RXN	PWY-6351	right	a 1-phosphatidyl-1D- myo -inositol 4-phosphate	C01277	24755482	17526
CPD-1108	2.7.1.68-RXN	PWY-6352	left	a 1-phosphatidyl-1D- myo -inositol 4-phosphate	C01277	24755482	17526
CPD-1108	1-PHOSPHATIDYLINOSITOL-KINASE-RXN	PWY-6352	right	a 1-phosphatidyl-1D- myo -inositol 4-phosphate	C01277	24755482	17526
CPD-19959	RXN-18671	PWY-6801	right	propyl benzoate		16846	156072
PROPANOL	RXN-18671	PWY-6801	left	propan-1-ol	C05979	1031	28831
PROPANOL	RXN-18669	PWY-6801	left	propan-1-ol	C05979	1031	28831
BENZOYLCOA	RXN-6724	PWY-6801	left	benzoyl-CoA	C00512	45266596	57369
BENZOYLCOA	RXN-18667	PWY-6801	left	benzoyl-CoA	C00512	45266596	57369
BENZOYLCOA	RXN-18671	PWY-6801	left	benzoyl-CoA	C00512	45266596	57369
BENZOYLCOA	RXN-6724	PWY-4203	left	benzoyl-CoA	C00512	45266596	57369
CPD-19958	RXN-18670	PWY-6801	right	ethyl propanoate		7749	41330
CPD-18998	RXN-18669	PWY-6801	right	propyl acetate		7997	40116
CPD-19956	RXN-18668	PWY-6801	right	butyl propanoate		11529	89831
BUTANOL	RXN-18668	PWY-6801	left	butan-1-ol	C06142	263	28885
BUTANOL	RXN-18667	PWY-6801	left	butan-1-ol	C06142	263	28885
BUTANOL	RXN-12362	PWY-6801	left	butan-1-ol	C06142	263	28885
CPD-19955	RXN-18667	PWY-6801	right	butyl benzoate		8698	156070
CPD-6443	RXN-6724	PWY-4203	right	benzyl benzoate	D01138	2345	41237
CPD-6443	RXN-6724	PWY-6801	right	benzyl benzoate	D01138	2345	41237
BENZYL-ALCOHOL	RXN-6762	PWY-4203	left	benzyl alcohol	C00556	244	17987
BENZYL-ALCOHOL	RXN-6724	PWY-4203	left	benzyl alcohol	C00556	244	17987
BENZYL-ALCOHOL	RXN-6724	PWY-6801	left	benzyl alcohol	C00556	244	17987
CPD-13346	RXN-12362	PWY-6801	right	butyl acetate	C12304	31272	31328
CPD-14651	RXN-13645	PWY-7101	left	carlactone carboxylate		90658467	
CPD-14651	RXN-13644	PWY-7101	right	carlactone carboxylate		90658467	
CPD-14652	RXN-13645	PWY-7101	right	(+)-5-deoxystrigol	C18037	15102684	81466
CPD-14649	RXN-13643	PWY-7101	right	carlactone	C20693	66559276	67190
CPD-14649	RXN-13644	PWY-7101	left	carlactone	C20693	66559276	67190
CPD-14650	RXN-13643	PWY-7101	right	(2 E ,4 E ,6 E )-7-hydroxy-4-methylhepta-2,4,6-trienal	C20694	70678836	67191
CPD-14647	RXN-13643	PWY-7101	left	9- cis -10'-apo-beta-carotenal	C20692	70678813	67192
CPD-14647	RXN-13642	PWY-7101	right	9- cis -10'-apo-beta-carotenal	C20692	70678813	67192
CPD-14646	RXN-13641	PWY-7101	right	9- cis -beta-carotene	C20484	9828626	67188
CPD-14646	RXN-13642	PWY-7101	left	9- cis -beta-carotene	C20484	9828626	67188
CPD-7204	RXN-13642	PWY-7101	right	beta-ionone	C12287	638014	32325
CPD1F-129	RXN-8025	PWY-5944	left	beta-carotene	C02094	5280489	17579
CPD1F-129	RXN1F-151	PWY-5943	right	beta-carotene	C02094	5280489	17579
CPD1F-129	RXN-13641	PWY-7101	left	beta-carotene	C02094	5280489	17579
Anthocyanidin-3-O-beta-D-glucosides	2.4.1.115-RXN	PWY-5125	right	an anthocyanidin-3- O -beta-D-glucoside	C15539		
Lipoyl-Protein-L-Lysine	RXN0-947	PWY0-501	left	a [lipoyl-carrier protein]-L-lysine			
Octanoylated-domains	RXN0-949	PWY0-501	left	a [lipoyl-carrier protein] N 6 -octanoyl-L-lysine			
Octanoylated-domains	RXN0-947	PWY0-501	right	a [lipoyl-carrier protein] N 6 -octanoyl-L-lysine			
CPD-7046	RXN0-949	PWY0-501	right	S 2-		29109	15138
Dihydro-Lipoyl-Proteins	RXN0-949	PWY0-501	right	a [lipoyl-carrier protein]- N 6 -[(R)-dihydrolipoyl]-L-lysine			
N-5-PHOSPHORIBOSYL-ANTHRANILATE	PRTRANS-RXN	TRPSYN-PWY	left	N -(5-phosphoribosyl)-anthranilate	C04302	9548600	18277
N-5-PHOSPHORIBOSYL-ANTHRANILATE	PRAISOM-RXN	TRPSYN-PWY	left	N -(5-phosphoribosyl)-anthranilate	C04302	9548600	18277
CARBOXYPHENYLAMINO-DEOXYRIBULOSE-P	PRAISOM-RXN	TRPSYN-PWY	right	1-(2-carboxyphenylamino)-1-deoxy-D-ribulose 5-phosphate	C01302	45266701	58613
CARBOXYPHENYLAMINO-DEOXYRIBULOSE-P	IGPSYN-RXN	TRPSYN-PWY	left	1-(2-carboxyphenylamino)-1-deoxy-D-ribulose 5-phosphate	C01302	45266701	58613
SQUALENE	SQUALENE-MONOOXYGENASE-RXN	PWY-5670	left	squalene	C00751	638072	15440
SQUALENE	RXN66-281	PWY-5670	right	squalene	C00751	638072	15440
CPD-465	RXN66-281	PWY-5670	left	presqualene diphosphate	C03428	131841557	57310
CPD-465	RXN-12263	PWY-5670	right	presqualene diphosphate	C03428	131841557	57310
EPOXYSQUALENE	RXN-12842	PWY-8027	left	(3 S )-2,3-epoxy-2,3-dihydrosqualene	C01054	5459811	15441
EPOXYSQUALENE	CYCLOARTENOL-SYNTHASE-RXN	PWY-8028	left	(3 S )-2,3-epoxy-2,3-dihydrosqualene	C01054	5459811	15441
EPOXYSQUALENE	SQUALENE-MONOOXYGENASE-RXN	PWY-5670	right	(3 S )-2,3-epoxy-2,3-dihydrosqualene	C01054	5459811	15441
L-ARGININO-SUCCINATE	ARGSUCCINSYN-RXN	ARGSYNBSUB-PWY	right	L-arginino-succinate	C03406	46878376	57472
L-ARGININO-SUCCINATE	ARGSUCCINLYA-RXN	ARGSYNBSUB-PWY	left	L-arginino-succinate	C03406	46878376	57472
L-ARGININO-SUCCINATE	ARGSUCCINSYN-RXN	PWY-4984	right	L-arginino-succinate	C03406	46878376	57472
L-ARGININO-SUCCINATE	ARGSUCCINLYA-RXN	ARGSYN-PWY	left	L-arginino-succinate	C03406	46878376	57472
L-ARGININO-SUCCINATE	ARGSUCCINSYN-RXN	ARGSYN-PWY	right	L-arginino-succinate	C03406	46878376	57472
L-ARGININO-SUCCINATE	ARGSUCCINLYA-RXN	PWY-4984	left	L-arginino-succinate	C03406	46878376	57472
D-6-P-GLUCONO-DELTA-LACTONE	6PGLUCONOLACT-RXN	OXIDATIVEPENT-PWY	left	6-phospho D-glucono-1,5-lactone	C01236	46926335	57955
D-6-P-GLUCONO-DELTA-LACTONE	GLU6PDEHYDROG-RXN	OXIDATIVEPENT-PWY	right	6-phospho D-glucono-1,5-lactone	C01236	46926335	57955
CPD-2961	6PGLUCONOLACT-RXN	OXIDATIVEPENT-PWY	right	D-gluconate 6-phosphate	C00345	36688186	58759
CPD-2961	RXN-9952	OXIDATIVEPENT-PWY	left	D-gluconate 6-phosphate	C00345	36688186	58759
Very-Long-Chain-Trans-23-Dehydroacyl-CoA	RXN-7711	PWY-5080	right	a very-long-chain (2 E )-2-enoyl-CoA	C20879		
Very-Long-Chain-Trans-23-Dehydroacyl-CoA	RXN-11750	PWY-5080	right	a very-long-chain (2 E )-2-enoyl-CoA	C20879		
Very-Long-Chain-3-Hydroxyacyl-CoAs	RXN-11750	PWY-5080	left	a very-long-chain (3 R )-3-hydroxyacyl-CoA	C20878		
Very-Long-Chain-3-Hydroxyacyl-CoAs	RXN-7698	PWY-5080	left	a very-long-chain (3 R )-3-hydroxyacyl-CoA	C20878		
Very-long-Chain-234-Saturated-acyl-CoAs	RXN-7697	PWY-5080	left	a very-long-chain 2,3,4-saturated fatty acyl CoA			90731
Very-long-Chain-234-Saturated-acyl-CoAs	RXN-7711	PWY-5080	left	a very-long-chain 2,3,4-saturated fatty acyl CoA			90731
Very-Long-Chain-oxoacyl-CoAs	RXN-7698	PWY-5080	right	a very-long-chain 3-oxoacyl-CoA			
Very-Long-Chain-oxoacyl-CoAs	RXN-7697	PWY-5080	right	a very-long-chain 3-oxoacyl-CoA			
CPD-18757	RXN-17350	PWY-7749	right	(-)-4'-demethyl-epipodophyllotoxin	C21185	122797	74422
CPD-18756	RXN-17350	PWY-7749	left	(-)-4'-demethyl-deoxypodophyllotoxin	C10552	160705	1729
CPD-18756	RXN-17349	PWY-7749	right	(-)-4'-demethyl-deoxypodophyllotoxin	C10552	160705	1729
CPD-8958	RXN-17349	PWY-7749	left	(-)-deoxypodophyllotoxin	C10556	345501	4429
CPD-8958	RXN-16344	PWY-7749	right	(-)-deoxypodophyllotoxin	C10556	345501	4429
CPD-17595	RXN-16344	PWY-7749	left	(-)-yatein	C10557	442835	4553
CPD-171	RXN-5468	MANNOSYL-CHITO-DOLICHOL-BIOSYNTHESIS	left	a dolichyl beta-D-mannosyl phosphate	C03862	146037247	15809
CPD-171	RXN-5467	MANNOSYL-CHITO-DOLICHOL-BIOSYNTHESIS	left	a dolichyl beta-D-mannosyl phosphate	C03862	146037247	15809
CPD-171	2.4.1.83-RXN	MANNOSYL-CHITO-DOLICHOL-BIOSYNTHESIS	right	a dolichyl beta-D-mannosyl phosphate	C03862	146037247	15809
CPD-171	RXN-5469	MANNOSYL-CHITO-DOLICHOL-BIOSYNTHESIS	left	a dolichyl beta-D-mannosyl phosphate	C03862	146037247	15809
CPD-171	RXN-16594	MANNOSYL-CHITO-DOLICHOL-BIOSYNTHESIS	left	a dolichyl beta-D-mannosyl phosphate	C03862	146037247	15809
CPD-171	RXN-5466	MANNOSYL-CHITO-DOLICHOL-BIOSYNTHESIS	left	a dolichyl beta-D-mannosyl phosphate	C03862	146037247	15809
CPD-171	RXN-16594	MANNOSYL-CHITO-DOLICHOL-BIOSYNTHESIS	right	a dolichyl beta-D-mannosyl phosphate	C03862	146037247	15809
CPD-166	RXN-16593	MANNOSYL-CHITO-DOLICHOL-BIOSYNTHESIS	right	a dolichyl beta-D-glucosyl phosphate	C01246	146037030	57525
CPD-166	RXN-16593	MANNOSYL-CHITO-DOLICHOL-BIOSYNTHESIS	left	a dolichyl beta-D-glucosyl phosphate	C01246	146037030	57525
CPD-166	RXN-5472	MANNOSYL-CHITO-DOLICHOL-BIOSYNTHESIS	left	a dolichyl beta-D-glucosyl phosphate	C01246	146037030	57525
CPD-166	RXN-5471	MANNOSYL-CHITO-DOLICHOL-BIOSYNTHESIS	left	a dolichyl beta-D-glucosyl phosphate	C01246	146037030	57525
CPD-166	RXN-5470	MANNOSYL-CHITO-DOLICHOL-BIOSYNTHESIS	left	a dolichyl beta-D-glucosyl phosphate	C01246	146037030	57525
CPD-166	2.4.1.117-RXN	MANNOSYL-CHITO-DOLICHOL-BIOSYNTHESIS	right	a dolichyl beta-D-glucosyl phosphate	C01246	146037030	57525
CPD-5164	RXN-5464	MANNOSYL-CHITO-DOLICHOL-BIOSYNTHESIS	right	alpha-D-Man-(1->2)-alpha-D-Man-(1->2)-alpha-D-Man-(1->3)-[alpha-D-Man-(1->6)]-beta-D-Man-(1->4)-beta-D-GlcNAc-(1->4)-alpha-D-GlcNAc-diphosphodolichol		146037399	
CPD-5164	RXN-16592	MANNOSYL-CHITO-DOLICHOL-BIOSYNTHESIS	left	alpha-D-Man-(1->2)-alpha-D-Man-(1->2)-alpha-D-Man-(1->3)-[alpha-D-Man-(1->6)]-beta-D-Man-(1->4)-beta-D-GlcNAc-(1->4)-alpha-D-GlcNAc-diphosphodolichol		146037399	
CPD-5164	RXN-16592	MANNOSYL-CHITO-DOLICHOL-BIOSYNTHESIS	right	alpha-D-Man-(1->2)-alpha-D-Man-(1->2)-alpha-D-Man-(1->3)-[alpha-D-Man-(1->6)]-beta-D-Man-(1->4)-beta-D-GlcNAc-(1->4)-alpha-D-GlcNAc-diphosphodolichol		146037399	
CPD-5164	RXN-5466	MANNOSYL-CHITO-DOLICHOL-BIOSYNTHESIS	left	alpha-D-Man-(1->2)-alpha-D-Man-(1->2)-alpha-D-Man-(1->3)-[alpha-D-Man-(1->6)]-beta-D-Man-(1->4)-beta-D-GlcNAc-(1->4)-alpha-D-GlcNAc-diphosphodolichol		146037399	
Protein-L-Asparagine	2.4.1.119-RXN	MANNOSYL-CHITO-DOLICHOL-BIOSYNTHESIS	left	a [protein]-L-asparagine	C03021		
CPD-18077	3.2.1.106-RXN	PWY-7918	left	Glc 3 Man 9 (GlcNAc) 2 -[protein]			
CPD-18077	2.4.1.119-RXN	MANNOSYL-CHITO-DOLICHOL-BIOSYNTHESIS	right	Glc 3 Man 9 (GlcNAc) 2 -[protein]			
CPD-18077	3.2.1.106-RXN	PWY-7919	left	Glc 3 Man 9 (GlcNAc) 2 -[protein]			
CPD-18076	RXN-5472	MANNOSYL-CHITO-DOLICHOL-BIOSYNTHESIS	right	alpha-D-Glc-(1->2)-alpha-D-Glc-(1->3)-alpha-D-Glc-(1->3)-alpha-D-Man-(1->2)-alpha-D-Man-(1->2)-alpha-D-Man-(1->3)-[alpha-D-Man-(1->2)-alpha-D-Man-(1->3)-[alpha-D-Man-(1->2)-alpha-D-Man-(1->6)]-alpha-D-Man-(1->6)]-beta-D-Man-(1->4)-beta-D-GlcNAc-(1->4)-alpha-D-GlcNAc-diphosphodolichol		146037409	
CPD-18076	2.4.1.119-RXN	MANNOSYL-CHITO-DOLICHOL-BIOSYNTHESIS	left	alpha-D-Glc-(1->2)-alpha-D-Glc-(1->3)-alpha-D-Glc-(1->3)-alpha-D-Man-(1->2)-alpha-D-Man-(1->2)-alpha-D-Man-(1->3)-[alpha-D-Man-(1->2)-alpha-D-Man-(1->3)-[alpha-D-Man-(1->2)-alpha-D-Man-(1->6)]-alpha-D-Man-(1->6)]-beta-D-Man-(1->4)-beta-D-GlcNAc-(1->4)-alpha-D-GlcNAc-diphosphodolichol		146037409	
Dolichol-PP	2.4.1.119-RXN	MANNOSYL-CHITO-DOLICHOL-BIOSYNTHESIS	right	a dolichyl diphosphate	C00621	25244244	4691
DOLICHOLP	RXN-5467	MANNOSYL-CHITO-DOLICHOL-BIOSYNTHESIS	right	a dolichyl phosphate	C00110	25244948	16214
DOLICHOLP	RXN-5468	MANNOSYL-CHITO-DOLICHOL-BIOSYNTHESIS	right	a dolichyl phosphate	C00110	25244948	16214
DOLICHOLP	RXN-5471	MANNOSYL-CHITO-DOLICHOL-BIOSYNTHESIS	right	a dolichyl phosphate	C00110	25244948	16214
DOLICHOLP	RXN-5472	MANNOSYL-CHITO-DOLICHOL-BIOSYNTHESIS	right	a dolichyl phosphate	C00110	25244948	16214
DOLICHOLP	2.7.8.15-RXN	MANNOSYL-CHITO-DOLICHOL-BIOSYNTHESIS	left	a dolichyl phosphate	C00110	25244948	16214
DOLICHOLP	RXN-5466	MANNOSYL-CHITO-DOLICHOL-BIOSYNTHESIS	right	a dolichyl phosphate	C00110	25244948	16214
DOLICHOLP	2.4.1.117-RXN	MANNOSYL-CHITO-DOLICHOL-BIOSYNTHESIS	left	a dolichyl phosphate	C00110	25244948	16214
DOLICHOLP	RXN-5469	MANNOSYL-CHITO-DOLICHOL-BIOSYNTHESIS	right	a dolichyl phosphate	C00110	25244948	16214
DOLICHOLP	RXN-5470	MANNOSYL-CHITO-DOLICHOL-BIOSYNTHESIS	right	a dolichyl phosphate	C00110	25244948	16214
DOLICHOLP	2.4.1.83-RXN	MANNOSYL-CHITO-DOLICHOL-BIOSYNTHESIS	left	a dolichyl phosphate	C00110	25244948	16214
CPD-5170	RXN-5472	MANNOSYL-CHITO-DOLICHOL-BIOSYNTHESIS	left	alpha-D-Glc-(1->3)-alpha-D-Glc-(1->3)-alpha-D-Man-(1->2)-alpha-D-Man-(1->2)-alpha-D-Man-(1->3)-[alpha-D-Man-(1->2)-alpha-D-Man-(1->3)-[alpha-D-Man-(1->2)-alpha-D-Man-(1->6)]-alpha-D-Man-(1->6)]-beta-D-Man-(1->4)-beta-D-GlcNAc-(1->4)-alpha-D-GlcNAc-diphosphodolichol		146037266	61948
CPD-5170	RXN-5471	MANNOSYL-CHITO-DOLICHOL-BIOSYNTHESIS	right	alpha-D-Glc-(1->3)-alpha-D-Glc-(1->3)-alpha-D-Man-(1->2)-alpha-D-Man-(1->2)-alpha-D-Man-(1->3)-[alpha-D-Man-(1->2)-alpha-D-Man-(1->3)-[alpha-D-Man-(1->2)-alpha-D-Man-(1->6)]-alpha-D-Man-(1->6)]-beta-D-Man-(1->4)-beta-D-GlcNAc-(1->4)-alpha-D-GlcNAc-diphosphodolichol		146037266	61948
CPD-5169	RXN-5470	MANNOSYL-CHITO-DOLICHOL-BIOSYNTHESIS	right	alpha-D-Glc-(1->3)-alpha-D-Man-(1->2)-alpha-D-Man-(1->2)-alpha-D-Man-(1->3)-[alpha-D-Man-(1->2)-alpha-D-Man-(1->3)-[alpha-D-Man-(1->2)-alpha-D-Man-(1->6)]-alpha-D-Man-(1->6)]-beta-D-Man-(1->4)-beta-D-GlcNAc-(1->4)-alpha-D-GlcNAc-diphosphodolichol		146037368	
CPD-5169	RXN-5471	MANNOSYL-CHITO-DOLICHOL-BIOSYNTHESIS	left	alpha-D-Glc-(1->3)-alpha-D-Man-(1->2)-alpha-D-Man-(1->2)-alpha-D-Man-(1->3)-[alpha-D-Man-(1->2)-alpha-D-Man-(1->3)-[alpha-D-Man-(1->2)-alpha-D-Man-(1->6)]-alpha-D-Man-(1->6)]-beta-D-Man-(1->4)-beta-D-GlcNAc-(1->4)-alpha-D-GlcNAc-diphosphodolichol		146037368	
CPD-5168	RXN-5469	MANNOSYL-CHITO-DOLICHOL-BIOSYNTHESIS	right	alpha-D-Man-(1->2)-alpha-D-Man-(1->2)-alpha-D-Man-(1->3)-[alpha-D-Man-(1->2)-alpha-D-Man-(1->3)-[alpha-D-Man-(1->2)-alpha-D-Man-(1->6)]-alpha-D-Man-(1->6)]-beta-D-Man-(1->4)-beta-D-GlcNAc-(1->4)-alpha-D-GlcNAc-diphosphodolichol		146037012	61946
CPD-5168	RXN-5470	MANNOSYL-CHITO-DOLICHOL-BIOSYNTHESIS	left	alpha-D-Man-(1->2)-alpha-D-Man-(1->2)-alpha-D-Man-(1->3)-[alpha-D-Man-(1->2)-alpha-D-Man-(1->3)-[alpha-D-Man-(1->2)-alpha-D-Man-(1->6)]-alpha-D-Man-(1->6)]-beta-D-Man-(1->4)-beta-D-GlcNAc-(1->4)-alpha-D-GlcNAc-diphosphodolichol		146037012	61946
CPD-5167	RXN-5469	MANNOSYL-CHITO-DOLICHOL-BIOSYNTHESIS	left	alpha-D-Man-a-(1->2)-alpha-D-Man-(1->2)-alpha-D-Man-(1->3)-[alpha-D-Man-(1->2)-alpha-D-Man-(1->3)-[alpha-D-Man-(1->6)]-alpha-D-Man-(1->6)]-beta-D-Man-(1->4)-beta-D-GlcNAc-(1->4)-alpha-D-GlcNAc-diphosphodolichol		146037162	
CPD-5167	RXN-5468	MANNOSYL-CHITO-DOLICHOL-BIOSYNTHESIS	right	alpha-D-Man-a-(1->2)-alpha-D-Man-(1->2)-alpha-D-Man-(1->3)-[alpha-D-Man-(1->2)-alpha-D-Man-(1->3)-[alpha-D-Man-(1->6)]-alpha-D-Man-(1->6)]-beta-D-Man-(1->4)-beta-D-GlcNAc-(1->4)-alpha-D-GlcNAc-diphosphodolichol		146037162	
CPD-5166	RXN-5468	MANNOSYL-CHITO-DOLICHOL-BIOSYNTHESIS	left	alpha-D-Man-(1->2)-alpha-D-Man-(1->2)-alpha-D-Man-(1->3)-[alpha-D-Man-(1->2)-alpha-D-Man-(1->3)-alpha-D-Man-(1->6)]-beta-D-Man-(1->4)-beta-D-GlcNAc-(1->4)-alpha-D-GlcNAc-diphosphodolichol		146037302	
CPD-5166	RXN-5467	MANNOSYL-CHITO-DOLICHOL-BIOSYNTHESIS	right	alpha-D-Man-(1->2)-alpha-D-Man-(1->2)-alpha-D-Man-(1->3)-[alpha-D-Man-(1->2)-alpha-D-Man-(1->3)-alpha-D-Man-(1->6)]-beta-D-Man-(1->4)-beta-D-GlcNAc-(1->4)-alpha-D-GlcNAc-diphosphodolichol		146037302	
CPD-5165	RXN-5467	MANNOSYL-CHITO-DOLICHOL-BIOSYNTHESIS	left	alpha-D-Man-(1->2)-alpha-D-Man-(1->2)-alpha-D-Man-(1->3)-[alpha-D-Man-(1->3)-alpha-D-Man-(1->6)]-beta-D-Man-(1->4)-beta-D-GlcNAc-(1->4)-alpha-D-GlcNAc-diphosphodolichol		146036931	
CPD-5165	RXN-5466	MANNOSYL-CHITO-DOLICHOL-BIOSYNTHESIS	right	alpha-D-Man-(1->2)-alpha-D-Man-(1->2)-alpha-D-Man-(1->3)-[alpha-D-Man-(1->3)-alpha-D-Man-(1->6)]-beta-D-Man-(1->4)-beta-D-GlcNAc-(1->4)-alpha-D-GlcNAc-diphosphodolichol		146036931	
CPD-5162	RXN-5463	MANNOSYL-CHITO-DOLICHOL-BIOSYNTHESIS	right	alpha-D-Man-(1->3)-[alpha-D-Man-(1->6)]-alpha-D-Man-(1->4)-beta-D-GlcNAc-(1->4)-alpha-D-GlcNAc-diphosphodolichol		146037138	
CPD-5162	RXN-5464	MANNOSYL-CHITO-DOLICHOL-BIOSYNTHESIS	left	alpha-D-Man-(1->3)-[alpha-D-Man-(1->6)]-alpha-D-Man-(1->4)-beta-D-GlcNAc-(1->4)-alpha-D-GlcNAc-diphosphodolichol		146037138	
ALPHA-D-MANNOSYLCHITOBIO	RXN-5462	MANNOSYL-CHITO-DOLICHOL-BIOSYNTHESIS	left	beta-D-Man-(1->4)-beta-D-GlcNAc-(1->4)-alpha-D-GlcNAc-diphosphodolichol	C05860	146037192	18396
ALPHA-D-MANNOSYLCHITOBIO	2.4.1.142-RXN	MANNOSYL-CHITO-DOLICHOL-BIOSYNTHESIS	right	beta-D-Man-(1->4)-beta-D-GlcNAc-(1->4)-alpha-D-GlcNAc-diphosphodolichol	C05860	146037192	18396
CPD-5161	RXN-5463	MANNOSYL-CHITO-DOLICHOL-BIOSYNTHESIS	left	alpha-D-Man-(1->3)-beta-D-Man-(1->4)-beta-D-GlcNAc-(1->4)-alpha-D-GlcNAc-diphosphodolichol		146037293	
CPD-5161	RXN-5462	MANNOSYL-CHITO-DOLICHOL-BIOSYNTHESIS	right	alpha-D-Man-(1->3)-beta-D-Man-(1->4)-beta-D-GlcNAc-(1->4)-alpha-D-GlcNAc-diphosphodolichol		146037293	
NN-DIACETYLCHITOBIOSYLDIPHOSPHODOLICHO	2.4.1.142-RXN	MANNOSYL-CHITO-DOLICHOL-BIOSYNTHESIS	left	N -acetyl-beta-D-glucosaminyl-(1->4)- N -acetyl-alpha-D-glucosaminyl-diphosphodolichol	C04537	146037140	12427
NN-DIACETYLCHITOBIOSYLDIPHOSPHODOLICHO	2.4.1.141-RXN	MANNOSYL-CHITO-DOLICHOL-BIOSYNTHESIS	right	N -acetyl-beta-D-glucosaminyl-(1->4)- N -acetyl-alpha-D-glucosaminyl-diphosphodolichol	C04537	146037140	12427
CPD-190	2.7.8.15-RXN	MANNOSYL-CHITO-DOLICHOL-BIOSYNTHESIS	right	N -acetyl-alpha-D-glucosaminyl-diphosphodolichol	C04500	146037218	18278
CPD-190	2.4.1.141-RXN	MANNOSYL-CHITO-DOLICHOL-BIOSYNTHESIS	left	N -acetyl-alpha-D-glucosaminyl-diphosphodolichol	C04500	146037218	18278
UDP-N-ACETYL-D-GLUCOSAMINE	2.4.1.141-RXN	MANNOSYL-CHITO-DOLICHOL-BIOSYNTHESIS	left	UDP- N -acetyl-alpha-D-glucosamine	C00043	16667373	57705
UDP-N-ACETYL-D-GLUCOSAMINE	NAG1P-URIDYLTRANS-RXN	UDPNACETYLGALSYN-PWY	right	UDP- N -acetyl-alpha-D-glucosamine	C00043	16667373	57705
UDP-N-ACETYL-D-GLUCOSAMINE	2.7.8.15-RXN	MANNOSYL-CHITO-DOLICHOL-BIOSYNTHESIS	left	UDP- N -acetyl-alpha-D-glucosamine	C00043	16667373	57705
CYCLOARTENOL	CYCLOARTENOL-SYNTHASE-RXN	PWY-8028	right	cycloartenol	C01902	92110	17030
CYCLOARTENOL	RXN-4021	PWY-2541	left	cycloartenol	C01902	92110	17030
CYCLOARTENOL	RXN-4282	PWY18C3-1	right	cycloartenol	C01902	92110	17030
CPD-603	L-3-CYANOALANINE-SYNTHASE-RXN	P401-PWY	right	3-cyano-L-alanine	C02512	25203495	57954
CPD-603	3.5.5.4-RXN	ASPSYNII-PWY	left	3-cyano-L-alanine	C02512	25203495	57954
CPD-603	L-3-CYANOALANINE-SYNTHASE-RXN	ASPSYNII-PWY	right	3-cyano-L-alanine	C02512	25203495	57954
CPD-603	3-CYANOALANINE-HYDRATASE-RXN	ASPSYNII-PWY	right	3-cyano-L-alanine	C02512	25203495	57954
5-HYDROXY-CTP	RXN-14188	PWY-7206	left	5-hydroxy-CTP		25202584	
CPD-15158	RXN-14188	PWY-7206	right	5-hydroxy-CMP		22807557	
DCMP	DEOXYCYTIDINE-KINASE-RXN	PWY-7199	right	dCMP	C00239	7058169	57566
DCMP	DCTP-PYROPHOSPHATASE-RXN	PWY-7206	right	dCMP	C00239	7058169	57566
CPD-262	1.14.18.2-RXN	PWY-6144	right	CMP- N -glycoloyl-beta-neuraminate	C03691	49852311	58376
CMP-N-ACETYL-NEURAMINATE	1.14.18.2-RXN	PWY-6144	left	CMP- N -acetyl-beta-neuraminate	C00128	46878426	57812
CPD-597	N-CARBAMOYLPUTRESCINE-AMIDASE-RXN	PWY-43	left	N -carbamoylputrescine	C00436	25244388	58318
CPD-597	AGMATINE-DEIMINASE-RXN	PWY-43	right	N -carbamoylputrescine	C00436	25244388	58318
CPD-597	N-CARBAMOYLPUTRESCINE-AMIDASE-RXN	PWYQT-94	left	N -carbamoylputrescine	C00436	25244388	58318
CPD-597	AGMATINE-DEIMINASE-RXN	PWYQT-94	right	N -carbamoylputrescine	C00436	25244388	58318
AGMATHINE	AGMATINE-DEIMINASE-RXN	PWYQT-94	left	agmatine	C00179	5257176	58145
AGMATHINE	ARGDECARBOX-RXN	PWY-43	right	agmatine	C00179	5257176	58145
AGMATHINE	AGMATINE-DEIMINASE-RXN	PWY-43	left	agmatine	C00179	5257176	58145
PYRIDOXAL	3.1.3.74-RXN	PWY-7204	right	pyridoxal	C00250	1050	17310
PYRIDOXAL	PYRIDOXINE-4-DEHYDROGENASE-RXN	PWY-7204	right	pyridoxal	C00250	1050	17310
PYRIDOXAL	PYRIDOXKIN-RXN	PWY-7204	left	pyridoxal	C00250	1050	17310
PYRIDOXAL_PHOSPHATE	RXN-11322	PWY-6466	right	pyridoxal 5'-phosphate	C00018	644168	597326
PYRIDOXAL_PHOSPHATE	PYRIDOXKIN-RXN	PWY-7204	right	pyridoxal 5'-phosphate	C00018	644168	597326
PYRIDOXAL_PHOSPHATE	PNPOXI-RXN	PWY-7204	right	pyridoxal 5'-phosphate	C00018	644168	597326
PYRIDOXAL_PHOSPHATE	PMPOXI-RXN	PWY-7204	right	pyridoxal 5'-phosphate	C00018	644168	597326
PYRIDOXAL_PHOSPHATE	3.1.3.74-RXN	PWY-7204	left	pyridoxal 5'-phosphate	C00018	644168	597326
PYRIDOXINE	PYRIDOXINE-4-DEHYDROGENASE-RXN	PWY-7204	left	pyridoxine	C00314	1054	16709
PYRIDOXINE	PNKIN-RXN	PWY-7204	left	pyridoxine	C00314	1054	16709
PYRIDOXINE	RXN-14181	PWY-7204	right	pyridoxine	C00314	1054	16709
PYRIDOXAMINE	PYRAMKIN-RXN	PWY-7204	left	pyridoxamine	C00534	25245492	57761
PYRIDOXAMINE	RXN-14046	PWY-7204	right	pyridoxamine	C00534	25245492	57761
PYRIDOXAMINE-5P	PYRAMKIN-RXN	PWY-7204	right	pyridoxamine 5'-phosphate	C00647	25246271	58451
PYRIDOXAMINE-5P	PMPOXI-RXN	PWY-7204	left	pyridoxamine 5'-phosphate	C00647	25246271	58451
PYRIDOXAMINE-5P	RXN-14046	PWY-7204	left	pyridoxamine 5'-phosphate	C00647	25246271	58451
PYRIDOXINE-5P	PNKIN-RXN	PWY-7204	right	pyridoxine 5'-phosphate	C00627	24794348	58589
PYRIDOXINE-5P	PNPOXI-RXN	PWY-7204	left	pyridoxine 5'-phosphate	C00627	24794348	58589
PYRIDOXINE-5P	RXN-14181	PWY-7204	left	pyridoxine 5'-phosphate	C00627	24794348	58589
ISOVALERYL-COA	RXN0-2301	LEU-DEG2-PWY	left	3-methylbutanoyl-CoA	C02939	45266576	57345
ISOVALERYL-COA	2KETO-4METHYL-PENTANOATE-DEHYDROG-RXN	LEU-DEG2-PWY	right	3-methylbutanoyl-CoA	C02939	45266576	57345
3-METHYL-CROTONYL-COA	RXN0-2301	LEU-DEG2-PWY	right	3-methylcrotonyl-CoA	C03069	45266575	57344
3-METHYL-CROTONYL-COA	METHYLCROTONYL-COA-CARBOXYLASE-RXN	LEU-DEG2-PWY	left	3-methylcrotonyl-CoA	C03069	45266575	57344
3-HYDROXY-3-METHYL-GLUTARYL-COA	HYDROXYMETHYLGLUTARYL-COA-SYNTHASE-RXN	PWY-922	right	( S )-3-hydroxy-3-methylglutaryl-CoA	C00356	5288565	43074
3-HYDROXY-3-METHYL-GLUTARYL-COA	METHYLGLUTACONYL-COA-HYDRATASE-RXN	LEU-DEG2-PWY	left	( S )-3-hydroxy-3-methylglutaryl-CoA	C00356	5288565	43074
3-HYDROXY-3-METHYL-GLUTARYL-COA	HYDROXYMETHYLGLUTARYL-COA-LYASE-RXN	LEU-DEG2-PWY	left	( S )-3-hydroxy-3-methylglutaryl-CoA	C00356	5288565	43074
3-HYDROXY-3-METHYL-GLUTARYL-COA	1.1.1.34-RXN	PWY-922	right	( S )-3-hydroxy-3-methylglutaryl-CoA	C00356	5288565	43074
TRANS-3-METHYL-GLUTACONYL-COA	METHYLGLUTACONYL-COA-HYDRATASE-RXN	LEU-DEG2-PWY	right	3-methylglutaconyl-CoA	C03231	90657229	15488
TRANS-3-METHYL-GLUTACONYL-COA	METHYLCROTONYL-COA-CARBOXYLASE-RXN	LEU-DEG2-PWY	right	3-methylglutaconyl-CoA	C03231	90657229	15488
2K-4CH3-PENTANOATE	BRANCHED-CHAINAMINOTRANSFERLEU-RXN	LEUSYN-PWY	right	4-methyl-2-oxopentanoate	C00233	3527278	17865
2K-4CH3-PENTANOATE	2KETO-4METHYL-PENTANOATE-DEHYDROG-RXN	LEU-DEG2-PWY	left	4-methyl-2-oxopentanoate	C00233	3527278	17865
2K-4CH3-PENTANOATE	BRANCHED-CHAINAMINOTRANSFERLEU-RXN	LEU-DEG2-PWY	right	4-methyl-2-oxopentanoate	C00233	3527278	17865
2K-4CH3-PENTANOATE	RXN-7800	LEUSYN-PWY	right	4-methyl-2-oxopentanoate	C00233	3527278	17865
CPD-9869	RXN-24916	PWY-5872	right	2-methoxy-6-( all-trans -decaprenyl)benzene-1,4-diol		50986248	64180
CPD-9869	RXN-9235	PWY-5872	left	2-methoxy-6-( all-trans -decaprenyl)benzene-1,4-diol		50986248	64180
CPD-9865	RXN-9285	PWY-5872	right	2-methoxy-6-( all-trans -decaprenyl)phenol		25010760	50774
CPD-9865	RXN-24916	PWY-5872	left	2-methoxy-6-( all-trans -decaprenyl)phenol		25010760	50774
UBIQUINONE-10	RXN-24915	PWY-5872	right	ubiquinone- 10	C11378	5281915	46245
CPD-27445	RXN-24911	PWY-5872	right	3-demethylubiquinone-10			
CPD-27445	RXN-24915	PWY-5872	left	3-demethylubiquinone-10			
CPD-9871	RXN-24912	PWY-5872	left	5-methoxy-2-methyl-3-( all-trans -decaprenyl)benzene-1,4-diol		50986092	64181
CPD-9871	RXN-9235	PWY-5872	right	5-methoxy-2-methyl-3-( all-trans -decaprenyl)benzene-1,4-diol		50986092	64181
CPD-11660	RXN-24912	PWY-5872	right	5-methoxy-2-methyl-3-( all-trans -decaprenyl)benzoquinone		25010748	50772
CPD-11660	RXN-24911	PWY-5872	left	5-methoxy-2-methyl-3-( all-trans -decaprenyl)benzoquinone		25010748	50772
CPD-9610	RXN-9106	PWY-5872	right	all- trans -decaprenyl diphosphate	C17432	25245574	60721
CPD-9610	RXN-9230	PWY-5872	left	all- trans -decaprenyl diphosphate	C17432	25245574	60721
CPD-9897	RXN-9285	PWY-5872	left	3-methoxy-4-hydroxy-5-( all-trans -decaprenyl)benzoate		54738023	62796
CPD-9897	RXN-9282	PWY-5872	right	3-methoxy-4-hydroxy-5-( all-trans -decaprenyl)benzoate		54738023	62796
CPD-9895	RXN-9279	PWY-5872	right	3,4-dihydroxy-5-( all-trans -decaprenyl)benzoate		54738022	62793
CPD-9895	RXN-9282	PWY-5872	left	3,4-dihydroxy-5-( all-trans -decaprenyl)benzoate		54738022	62793
CPD-9864	RXN-9279	PWY-5872	left	4-hydroxy-3-decaprenylbenzoate		54746224	84503
CPD-9864	RXN-9230	PWY-5872	right	4-hydroxy-3-decaprenylbenzoate		54746224	84503
CPD-22324	RXN-20781	PWY-8076	right	DIM 2 BOA-beta-D-glucoside		11101507	
CPD-22324	RXN-20782	PWY-8076	left	DIM 2 BOA-beta-D-glucoside		11101507	
CPD-22325	RXN-20782	PWY-8076	right	HDM 2 BOA-glucoside		101019998	173103
CPD-22323	RXN-20781	PWY-8076	left	TRIMBOA-beta-D-glucoside		145865017	
CPD-22323	RXN-20783	PWY-8076	right	TRIMBOA-beta-D-glucoside		145865017	
CPD-17688	RXN-16465	PWY-7642	right	7'-hydroxyabscisate		138319193	20764
N-ALPHA-ACETYLORNITHINE	GLUTAMATE-N-ACETYLTRANSFERASE-RXN	ARGSYNBSUB-PWY	left	N -acetyl-L-ornithine	C00437	6992102	57805
N-ALPHA-ACETYLORNITHINE	ACETYLORNTRANSAM-RXN	ARGSYNBSUB-PWY	left	N -acetyl-L-ornithine	C00437	6992102	57805
N-ALPHA-ACETYLORNITHINE	ACETYLORNTRANSAM-RXN	GLUTORN-PWY	left	N -acetyl-L-ornithine	C00437	6992102	57805
N-ALPHA-ACETYLORNITHINE	ACETYLORNDEACET-RXN	GLUTORN-PWY	left	N -acetyl-L-ornithine	C00437	6992102	57805
CPD-469	ACETYLORNTRANSAM-RXN	ARGSYNBSUB-PWY	right	N -acetyl-L-glutamate 5-semialdehyde	C01250	6857435	29123
CPD-469	ACETYLORNTRANSAM-RXN	GLUTORN-PWY	right	N -acetyl-L-glutamate 5-semialdehyde	C01250	6857435	29123
CPD-469	N-ACETYLGLUTPREDUCT-RXN	GLUTORN-PWY	left	N -acetyl-L-glutamate 5-semialdehyde	C01250	6857435	29123
CPD-469	N-ACETYLGLUTPREDUCT-RXN	ARGSYNBSUB-PWY	left	N -acetyl-L-glutamate 5-semialdehyde	C01250	6857435	29123
N-ACETYL-GLUTAMYL-P	ACETYLGLUTKIN-RXN	ARGSYNBSUB-PWY	right	N -acetylglutamyl-phosphate	C04133	49791951	57936
N-ACETYL-GLUTAMYL-P	N-ACETYLGLUTPREDUCT-RXN	GLUTORN-PWY	right	N -acetylglutamyl-phosphate	C04133	49791951	57936
N-ACETYL-GLUTAMYL-P	ACETYLGLUTKIN-RXN	GLUTORN-PWY	right	N -acetylglutamyl-phosphate	C04133	49791951	57936
N-ACETYL-GLUTAMYL-P	N-ACETYLGLUTPREDUCT-RXN	ARGSYNBSUB-PWY	right	N -acetylglutamyl-phosphate	C04133	49791951	57936
ACETYL-GLU	ACETYLGLUTKIN-RXN	ARGSYNBSUB-PWY	left	N -acetyl-L-glutamate	C00624	1549099	44337
ACETYL-GLU	ACETYLGLUTKIN-RXN	GLUTORN-PWY	left	N -acetyl-L-glutamate	C00624	1549099	44337
ACETYL-GLU	N-ACETYLTRANSFER-RXN	GLUTORN-PWY	right	N -acetyl-L-glutamate	C00624	1549099	44337
ACETYL-GLU	GLUTAMATE-N-ACETYLTRANSFERASE-RXN	ARGSYNBSUB-PWY	right	N -acetyl-L-glutamate	C00624	1549099	44337
ACETYL-GLU	N-ACETYLTRANSFER-RXN	ARGSYNBSUB-PWY	right	N -acetyl-L-glutamate	C00624	1549099	44337
CARBAMATE	RXN0-5222	CYANCAT-PWY	left	carbamate	C01563	276	13941
CARBAMATE	RXN0-5222	PWY-5704	left	carbamate	C01563	276	13941
CARBAMATE	RXN-14196	CITRULLINE-DEG-PWY	left	carbamate	C01563	276	13941
CARBAMATE	RXN-24539	PWY-5704	right	carbamate	C01563	276	13941
CARBAMATE	R524-RXN	CYANCAT-PWY	right	carbamate	C01563	276	13941
CARBAMATE	RXN-19659	CITRULLINE-DEG-PWY	left	carbamate	C01563	276	13941
CPD-69	R524-RXN	CYANCAT-PWY	left	cyanate	C01417	105034	29195
D-galactopyranose	RXN-3167	PWY-1921	right	D-galactopyranose	C00124		4139
INDOLE-3-ACETYL-BETA-4-D-GLUCOSE	RXN-3164	PWY-1921	left	4- O -(indol-3-ylacetyl)-beta-D-glucose		91819868	
INDOLE-3-ACETYL-BETA-6-D-GLUCOSE	RXN-3163	PWY-1921	left	6- O -(indol-3-ylacetyl)-beta-D-glucose		53764549	
CPD-8159	RXN-8361	PWY-762	right	1-palmitoyl-2-alpha-linolenoyl-phosphatidylcholine		24778702	84789
CPD-8157	RXN-8360	PWY-762	left	1-palmitoyl-2-oleoyl-phosphatidylcholine	C13875	5497103	73001
CPD-8090	RXN-8330	PWY-762	right	1-alpha-linolenoyl-2-linoleoyl-phosphatidylcholine		52922845	89439
CPD-8090	RXN-8331	PWY-762	left	1-alpha-linolenoyl-2-linoleoyl-phosphatidylcholine		52922845	89439
CPD-8090	RXN-8323	PWY-762	right	1-alpha-linolenoyl-2-linoleoyl-phosphatidylcholine		52922845	89439
1-183-2-183-SN-GLYCEROL-PHOSPHOCHOLINE	RXN-8331	PWY-762	right	1-alpha-linolenoyl-2-alpha-linolenoyl-phosphatidylcholine		24778990	86161
1-183-2-183-SN-GLYCEROL-PHOSPHOCHOLINE	RXN-8325	PWY-762	right	1-alpha-linolenoyl-2-alpha-linolenoyl-phosphatidylcholine		24778990	86161
CPD-8089	RXN-8330	PWY-762	left	phosphatidylcholine (1-18:3-2-18:1)		24778989	86127
CPD-8089	RXN-8321	PWY-762	right	phosphatidylcholine (1-18:3-2-18:1)		24778989	86127
CPD-8093	RXN-8329	PWY-762	right	1-linoleoyl-2-alpha-linolenoyl-phosphatidylcholine		52922731	89577
CPD-8093	RXN-8324	PWY-762	right	1-linoleoyl-2-alpha-linolenoyl-phosphatidylcholine		52922731	89577
CPD-8093	RXN-8325	PWY-762	left	1-linoleoyl-2-alpha-linolenoyl-phosphatidylcholine		52922731	89577
CPD-2182	RXN-8323	PWY-762	left	phosphatidylcholine (1-18:2-2-18:2)		5288075	42027
CPD-2182	RXN-8329	PWY-762	left	phosphatidylcholine (1-18:2-2-18:2)		5288075	42027
CPD-2182	RXN-8328	PWY-762	right	phosphatidylcholine (1-18:2-2-18:2)		5288075	42027
CPD-2182	RXN-8322	PWY-762	right	phosphatidylcholine (1-18:2-2-18:2)		5288075	42027
CPD-8088	RXN-8328	PWY-762	left	1-linoleoyl-2-oleoyl-phosphatidylcholine		52922727	89597
CPD-8088	RXN-8320	PWY-762	right	1-linoleoyl-2-oleoyl-phosphatidylcholine		52922727	89597
CPD-8088	RXN-8321	PWY-762	left	1-linoleoyl-2-oleoyl-phosphatidylcholine		52922727	89597
CPD-8092	RXN-8326	PWY-762	right	phosphatidylcholine (1-18:1-2-18:3)		24778941	86133
CPD-8092	RXN-8324	PWY-762	left	phosphatidylcholine (1-18:1-2-18:3)		24778941	86133
CPD-8091	RXN-8327	PWY-762	right	1-oleoyl-2-linoleoyl-phosphatidylcholine		24778939	74670
CPD-8091	RXN-8326	PWY-762	left	1-oleoyl-2-linoleoyl-phosphatidylcholine		24778939	74670
CPD-8091	RXN-8322	PWY-762	left	1-oleoyl-2-linoleoyl-phosphatidylcholine		24778939	74670
CPD-2181	RXN-8327	PWY-762	left	1-oleoyl-2-oleoyl-phosphatidylcholine		10350317	74669
CPD-2181	RXN-8320	PWY-762	left	1-oleoyl-2-oleoyl-phosphatidylcholine		10350317	74669
CPD-8087	RXN-8319	PWY-762	left	1-alpha-linolenoyl-2-palmitoyl-phosphatidylglycerol		90657393	
CPD-8087	RXN-8317	PWY-762	right	1-alpha-linolenoyl-2-palmitoyl-phosphatidylglycerol		90657393	
CPD-2186	RXN-1727	PWY-762	right	1-alpha-linolenoyl-2-(3E)-hexadecenoyl-phosphatidylglycerol		90658485	
CPD-2186	RXN-8319	PWY-762	right	1-alpha-linolenoyl-2-(3E)-hexadecenoyl-phosphatidylglycerol		90658485	
CPD-8086	RXN-8316	PWY-762	right	1-linoleoyl-2-palmitoyl-phosphatidylglycerol		90658491	89351
CPD-8086	RXN-8318	PWY-762	left	1-linoleoyl-2-palmitoyl-phosphatidylglycerol		90658491	89351
CPD-8086	RXN-8317	PWY-762	left	1-linoleoyl-2-palmitoyl-phosphatidylglycerol		90658491	89351
CPD-2185	RXN-1726	PWY-762	right	1-linoleoyl-2-(3E)-hexadecenoyl-phosphatidylglycerol		90657478	
CPD-2185	RXN-8318	PWY-762	right	1-linoleoyl-2-(3E)-hexadecenoyl-phosphatidylglycerol		90657478	
CPD-2185	RXN-1727	PWY-762	left	1-linoleoyl-2-(3E)-hexadecenoyl-phosphatidylglycerol		90657478	
CPD-2183	RXN-8316	PWY-762	left	1-oleoyl-2-palmitoyl-phosphatidylglycerol		71296223	72832
CPD-2183	RXN-1725	PWY-762	left	1-oleoyl-2-palmitoyl-phosphatidylglycerol		71296223	72832
CPD-2184	RXN-1725	PWY-762	right	1-oleoyl-2-(3E)-hexadecenoyl-phosphatidylglycerol		90658021	
CPD-2184	RXN-1726	PWY-762	left	1-oleoyl-2-(3E)-hexadecenoyl-phosphatidylglycerol		90658021	
CH3-MALONATE-S-ALD	3-HYDROXYISOBUTYRATE-DEHYDROGENASE-RXN	VALDEG-PWY	right	( S )-methylmalonate-semialdehyde	C06002	46173457	62413
CH3-MALONATE-S-ALD	2.6.1.22-RXN	VALDEG-PWY	right	( S )-methylmalonate-semialdehyde	C06002	46173457	62413
CH3-MALONATE-S-ALD	RXN-11213	VALDEG-PWY	left	( S )-methylmalonate-semialdehyde	C06002	46173457	62413
CPD-466	2.6.1.22-RXN	VALDEG-PWY	left	(S)-3-amino-2-methylpropanoate	C03284	6971062	58655
CPD-12175	3-HYDROXYISOBUTYRATE-DEHYDROGENASE-RXN	VALDEG-PWY	left	( S )-3-hydroxy-isobutanoate	C06001	18637352	62638
CPD-12175	3-HYDROXYISOBUTYRYL-COA-HYDROLASE-RXN	VALDEG-PWY	right	( S )-3-hydroxy-isobutanoate	C06001	18637352	62638
CPD-12173	METHYLACYLYLCOA-HYDROXY-RXN	VALDEG-PWY	left	( S )-3-hydroxy-isobutanoyl-CoA	C06000	46173510	62611
CPD-12173	3-HYDROXYISOBUTYRYL-COA-HYDROLASE-RXN	VALDEG-PWY	left	( S )-3-hydroxy-isobutanoyl-CoA	C06000	46173510	62611
METHACRYLYL-COA	METHYLACYLYLCOA-HYDROXY-RXN	VALDEG-PWY	right	methylacrylyl-CoA	C03460	53262325	62500
METHACRYLYL-COA	MEPROPCOA-FAD-RXN	VALDEG-PWY	right	methylacrylyl-CoA	C03460	53262325	62500
CPD-7671	RXN-14301	PWY-701	right	methanethiol	C00409	878	16007
Jasmonic-Acids	RXN-10459	PWY-6233	left	a jasmonate			
Jasmonic-Acids	RXN-10455	PWY-6233	left	a jasmonate			
Jasmonic-Acids	RXN-10449	PWY-6233	left	a jasmonate			
Jasmonic-Acids	RXN-10457	PWY-6233	left	a jasmonate			
Jasmonoyl-Isoleucines	RXN-10455	PWY-6233	right	a jasmonoyl-L-isoleucine			
Jasmonoyl-Glutamines	RXN-10449	PWY-6233	right	a jasmonoyl-glutamine			
Jasmonoyl-Leucines	RXN-10459	PWY-6233	right	a jasmonoyl-L-leucine			
Jasmonoyl-Valines	RXN-10457	PWY-6233	right	a jasmonoyl-L-valine			
3-KETOACYL-COA	OHACYL-COA-DEHYDROG-RXN	PWY-5136	right	a 2,3,4-saturated 3-oxoacyl-CoA	C00264		15489
3-KETOACYL-COA	KETOACYLCOATHIOL-RXN	PWY-5136	right	a 2,3,4-saturated 3-oxoacyl-CoA	C00264		15489
L-3-HYDROXYACYL-COA	ENOYL-COA-HYDRAT-RXN	PWY-5138	left	a 2,3,4-saturated (3 S )-3-hydroxyacyl-CoA	C00640		15455
L-3-HYDROXYACYL-COA	ENOYL-COA-HYDRAT-RXN	PWY-5136	left	a 2,3,4-saturated (3 S )-3-hydroxyacyl-CoA	C00640		15455
L-3-HYDROXYACYL-COA	OHBUTYRYL-COA-EPIM-RXN	PWY-5138	right	a 2,3,4-saturated (3 S )-3-hydroxyacyl-CoA	C00640		15455
L-3-HYDROXYACYL-COA	OHACYL-COA-DEHYDROG-RXN	PWY-5136	left	a 2,3,4-saturated (3 S )-3-hydroxyacyl-CoA	C00640		15455
ENT-KAUR-16-EN-19-AL	RXN-5242	PWY-5034	right	ent -kaurenal	C11873	443466	29609
ENT-KAUR-16-EN-19-AL	RXN-5242	PWY-7070	right	ent -kaurenal	C11873	443466	29609
ENT-KAUR-16-EN-19-AL	RXN-7580	PWY-5034	left	ent -kaurenal	C11873	443466	29609
ENT-KAUR-16-EN-19-AL	RXN-7580	PWY-7070	left	ent -kaurenal	C11873	443466	29609
CPD1F-132	RXN-13510	PWY-7070	left	ent -kaur-16-en-19-oate	C11874	25200785	57297
CPD1F-132	1.14.13.79-RXN	PWY-5034	left	ent -kaur-16-en-19-oate	C11874	25200785	57297
CPD1F-132	RXN-7580	PWY-7070	right	ent -kaur-16-en-19-oate	C11874	25200785	57297
CPD1F-132	RXN-7580	PWY-5034	right	ent -kaur-16-en-19-oate	C11874	25200785	57297
ENT-KAUR-16-EN-19-OL	1.14.13.78-RXN	PWY-5034	right	ent -kaurenol	C11872	443465	29611
ENT-KAUR-16-EN-19-OL	RXN-5242	PWY-7070	left	ent -kaurenol	C11872	443465	29611
ENT-KAUR-16-EN-19-OL	RXN-5242	PWY-5034	left	ent -kaurenol	C11872	443465	29611
ENT-KAUR-16-EN-19-OL	1.14.13.78-RXN	PWY-7070	right	ent -kaurenol	C11872	443465	29611
ALLYL-ALCOHOL	ALLYL-ALCOHOL-DEHYDROGENASE-RXN	PWY-6786	left	allyl alcohol	C02001	7858	16605
ACROLEIN	ALLYL-ALCOHOL-DEHYDROGENASE-RXN	PWY-6786	right	acrolein	C01471	7847	15368
ACROLEIN	RXN-12281	PWY-6786	left	acrolein	C01471	7847	15368
CPD-665	RXN-12281	PWY-6786	right	1-propanal	C00479	527	17153
CPD-13228	RXN-12297	PWY-6786	right	( E )-2-pentenal		5364752	61722
CPD-13229	RXN-12297	PWY-6786	left	( E )-2-pentenol		5364920	89943
CPD-13222	RXN-12296	PWY-6786	left	trans -4-hexen-3-one		5365811	89801
CPD-13223	RXN-12296	PWY-6786	right	hexan-3-one		11509	89891
CPD-13218	RXN-12295	PWY-6786	left	pent-1-en-3-one		15394	89945
CPD-13220	RXN-12295	PWY-6786	right	1-pentan-3-one		7288	87755
MEK	RXN-12293	PWY-6786	right	butan-2-one	C02845	6569	28398
CPD-7600	RXN-12292	PWY-6786	left	( Z )-but-2-enal		643950	
BUTANAL	RXN-12292	PWY-6786	right	1-butanal	C01412	261	15743
Glycerophosphodiesters	GLYCPDIESTER-RXN	PWY-6952	left	an sn -glycerophosphodiester	C03120		26706;83408
O-PHOSPHO-L-HOMOSERINE	THRESYN-RXN	HOMOSER-THRESYN-PWY	left	O -phospho-L-homoserine	C01102	46878406	57590
O-PHOSPHO-L-HOMOSERINE	CYSPH-RXN	PWY-702	left	O -phospho-L-homoserine	C01102	46878406	57590
O-PHOSPHO-L-HOMOSERINE	HOMOSERKIN-RXN	PWY-702	right	O -phospho-L-homoserine	C01102	46878406	57590
O-PHOSPHO-L-HOMOSERINE	HOMOSERKIN-RXN	HOMOSER-THRESYN-PWY	right	O -phospho-L-homoserine	C01102	46878406	57590
CPD-6366	RXN-7082	PWY-4441	right	DIMBOA	C04720	25200838	18048
L-LACTATE	L-LACTATE-DEHYDROGENASE-RXN	PWY-5481	left	( S )-lactate	C00186	5460161	16651
PROTOHEME	PROTOHEMEFERROCHELAT-RXN	HEME-BIOSYNTHESIS-II	left	protoheme			
PROTOHEME	RXN-17523	PWY-7170	left	protoheme			
PROTOHEME	HOLOCYTOCHROME-C-SYNTHASE-RXN	PWY-8146	right	protoheme			
PROTOHEME	HEMEOSYN-RXN	PWY-7856	left	protoheme			
THIAMINE-PYROPHOSPHATE	THIAMIN-PYROPHOSPHOKINASE-RXN	PWY-6908	right	thiamine diphosphate	C00068	15938963	58937
THIAMINE	THIAMIN-PYROPHOSPHOKINASE-RXN	PWY-6908	left	thiamine	C00378	1130	18385
THIAMINE	RXNQT-4191	PWY-6908	right	thiamine	C00378	1130	18385
THIAMINE-P	RXNQT-4191	PWY-6908	left	thiamine phosphate	C01081	15942892	37575
THIAMINE-P	THI-P-SYN-RXN	PWY-6908	right	thiamine phosphate	C01081	15942892	37575
AMINO-HYDROXYMETHYL-METHYLPYRIMIDINE-PP	PYRIMSYN3-RXN	PWY-6890	right	4-amino-2-methyl-5-(diphosphooxymethyl)pyrimidine	C04752	25245586	57841
AMINO-HYDROXYMETHYL-METHYLPYRIMIDINE-PP	THI-P-SYN-RXN	PWY-6908	left	4-amino-2-methyl-5-(diphosphooxymethyl)pyrimidine	C04752	25245586	57841
THZ-P	RXNQT-4301	PWY-6909	right	4-methyl-5-(2-phosphooxyethyl)thiazole	C04327	25245616	58296
THZ-P	THI-P-SYN-RXN	PWY-6908	left	4-methyl-5-(2-phosphooxyethyl)thiazole	C04327	25245616	58296
CPD-13879	RXN-12842	PWY-8027	right	parkeol	C19918	12313974	63460
CPD-9493	RXN-19690	PWY-5774	right	soyasapogenol E-23-O-beta-D-glucoside		134820284	
CPD-9482	RXN-19690	PWY-5774	left	soyasapogenol E	C17420	13632872	62444
CPD-9482	RXN-9038	PWY-5774	left	soyasapogenol E	C17420	13632872	62444
CPD-9489	RXN-19689	PWY-5774	right	soyasapogenol B-3-O-beta-D-glucoside		134820322	
CPD-7610	RXN-19688	PWY-5774	left	soyasapogenol B	C08980	13632844	9209
CPD-7610	RXN-9037	PWY-5774	left	soyasapogenol B	C08980	13632844	9209
CPD-7610	RXN-19689	PWY-5774	left	soyasapogenol B	C08980	13632844	9209
CPD-9490	RXN-19688	PWY-5774	right	soyasapogenol B-22-O-beta-D-glucoside		102066411	
CPD-9483	RXN-9035	PWY-5774	left	medicagenate		134820255	
CPD-9483	RXN-19687	PWY-5774	left	medicagenate		134820255	
CPD-9487	RXN-19687	PWY-5774	right	medicagenate-28-O-beta-D-glucoside		134820220	
CPD-9481	RXN-9036	PWY-5774	left	hederagenin		40469185	140466
CPD-9481	RXN-19686	PWY-5774	left	hederagenin		40469185	140466
CPD-9488	RXN-19686	PWY-5774	right	hederagenin-28-O-beta-D-glucoside		21120798	67947
CPD-9492	RXN-9038	PWY-5774	right	soyasapogenol-E-3-O-beta-D-glucoside		134820414	
CPD-9491	RXN-9037	PWY-5774	right	soyasapogenol-B-23-O-beta-D-glucoside		14021515	
CPD-9484	RXN-9036	PWY-5774	right	hederagenin-3-O-beta-D-glucoside		134820073	
CPD-9486	RXN-9035	PWY-5774	right	medicagenate-23-O-beta-D-glucoside		134820145	
CPD0-2298	URUR-RXN	PWY-5698	left	( S )-ureidoglycine	C02091	46173475	59947
CPD0-2298	ALLANTOATE-DEIMINASE-RXN	PWY-5698	right	( S )-ureidoglycine	C02091	46173475	59947
CPD0-2298	URUR-RXN	PWY-5692	left	( S )-ureidoglycine	C02091	46173475	59947
CPD-6501	RXN-6762	PWY-4203	right	benzyl acetate	C15513	8785	52051
CPD-110	RXNQT-4366	PWY18C3-24	right	salicylate	C00805	54675850	30762
CPD-110	RXN-6723	PWY-4203	left	salicylate	C00805	54675850	30762
CPD-6442	RXN-6723	PWY-4203	right	methylsalicylate	C12305	4133	31832
CPD-6442	RXNQT-4366	PWY18C3-24	left	methylsalicylate	C12305	4133	31832
BENZOATE	RXN-6722	PWY-4203	left	benzoate	C00180	242	16150
BENZOATE	RXN-11660	PWY-7468	left	benzoate	C00180	242	16150
BENZOATE	BENZALDEHYDE-DEHYDROGENASE-NAD+-RXN	PWY-6444	right	benzoate	C00180	242	16150
CPD-6441	RXN-6722	PWY-4203	right	methyl benzoate	C20645	7150	72775
CPD-10449	RXN-9752	PWY-6051	right	2-hydroxylamino-4,6-dinitrotoluene-C3-glucoside		90657823	
CPD-10447	RXN-9742	PWY-6051	left	2-hydroxylamino-4,6-dinitrotoluene	C16393	5484169	19644
CPD-10447	RXN-9743	PWY-6051	left	2-hydroxylamino-4,6-dinitrotoluene	C16393	5484169	19644
CPD-10447	RXN-9744	PWY-6051	left	2-hydroxylamino-4,6-dinitrotoluene	C16393	5484169	19644
CPD-10447	RXN-9752	PWY-6051	left	2-hydroxylamino-4,6-dinitrotoluene	C16393	5484169	19644
CPD-10455	RXN-9751	PWY-6051	left	4-amino-2,6-dinitrotoluene	C16394	90659376	77424
CPD-10455	RXN-9750	PWY-6051	right	4-amino-2,6-dinitrotoluene	C16394	90659376	77424
CPD-10456	RXN-9751	PWY-6051	right	4-amino-2,6-dinitrotoluene glucoside		90657264	
CPD-10457	RXN-9748	PWY-6051	left	4-hydroxylamino-2,6-dinitrotoluene	C16392	5375469	20408
CPD-10457	RXN-9750	PWY-6051	left	4-hydroxylamino-2,6-dinitrotoluene	C16392	5375469	20408
CPD-10457	RXN-9747	PWY-6051	left	4-hydroxylamino-2,6-dinitrotoluene	C16392	5375469	20408
CPD-10457	RXN-9749	PWY-6051	left	4-hydroxylamino-2,6-dinitrotoluene	C16392	5375469	20408
CPD-10458	RXN-9749	PWY-6051	right	4-hydroxylamino-2,6-dinitrotoluene 3C-glucoside		90658690	
CPD-10460	RXN-9748	PWY-6051	right	4-hydroxylamino-2,6-dinitrotoluene-O-glucoside		90658997	
CPD-10453	RXN-9747	PWY-6051	right	4-nitroso-2,6-dinitrotoluene		25203828	
CPD-10453	RXN-9746	PWY-6051	left	4-nitroso-2,6-dinitrotoluene		25203828	
CPD-9138	RXN-9746	PWY-6051	right	2,4,6-trinitrotoluene	C16391	8376	46053
CPD-9138	RXN-9741	PWY-6051	left	2,4,6-trinitrotoluene	C16391	8376	46053
CPD-10452	RXN-9745	PWY-6051	right	2-amino-4,6-dinitrotoluene glucoside		90659228	
CPD-10450	RXN-9745	PWY-6051	left	2-amino-4,6-dinitrotoluene	C16395	90658867	19452
CPD-10450	RXN-9744	PWY-6051	right	2-amino-4,6-dinitrotoluene	C16395	90658867	19452
CPD-10448	RXN-9743	PWY-6051	right	2-hydroxylamino-4,6-dinitrotoluene-O-glucoside		90659146	
CPD-10451	RXN-9741	PWY-6051	right	2-methyl-1,5-dinitro-3-nitrosobenzene		25202828	
CPD-10451	RXN-9742	PWY-6051	right	2-methyl-1,5-dinitro-3-nitrosobenzene		25202828	
4-ALPHA-METHYL-5-ALPHA	RXN-20440	PWY18C3-1	left	4alpha-methyl-5alpha-cholest-7-en-3beta-ol	C08825	160482	18378
4-ALPHA-METHYL-5-ALPHA	RXN-4286	PWY18C3-1	left	4alpha-methyl-5alpha-cholest-7-en-3beta-ol	C08825	160482	18378
CPD-22136	RXN-20440	PWY18C3-1	right	4alpha-carboxy-5alpha-cholest-7-en-3beta-ol		21145102	
CPD-22136	RXN-20441	PWY18C3-1	left	4alpha-carboxy-5alpha-cholest-7-en-3beta-ol		21145102	
CPD-4182	RXN-20438	PWY18C3-1	left	4alpha,14alpha-dimethyl-cholesta-8-enol		14845298	
CPD-4182	RXN-20436	PWY18C3-1	right	4alpha,14alpha-dimethyl-cholesta-8-enol		14845298	
CPD-4183	RXN-20439	PWY18C3-1	right	4alpha-methyl-cholesta-8,14-dienol		102515253	
CPD-4183	RXN-20438	PWY18C3-1	right	4alpha-methyl-cholesta-8,14-dienol		102515253	
CPD-4181	RXN-20433	PWY18C3-1	left	cycloartanol		12760132	
CPD-4181	RXN-4282	PWY18C3-1	left	cycloartanol		12760132	
CPD-22131	RXN-20433	PWY18C3-1	right	(3beta,9beta)-4alpha-demethyl-4alpha-carboxy-9,19-cyclolanost-3-ol		138319374	
CPD-22131	RXN-20434	PWY18C3-1	left	(3beta,9beta)-4alpha-demethyl-4alpha-carboxy-9,19-cyclolanost-3-ol		138319374	
CHOLESTEROL	RXN66-323	PWY18C3-1	left	cholesterol	C00187	5997	16113
CPD-4187	1.14.21.6-RXN	PWY18C3-1	right	7-dehydrocholesterol	C01164	439423	17759
CPD-4187	RXN66-323	PWY18C3-1	right	7-dehydrocholesterol	C01164	439423	17759
CPD-4186	RXN-20442	PWY18C3-1	left	lathosterol	C01189	65728	17168
CPD-4186	1.14.21.6-RXN	PWY18C3-1	left	lathosterol	C01189	65728	17168
CPD-22137	RXN-20441	PWY18C3-1	right	lathosterone		15081535	71550
CPD-22137	RXN-20442	PWY18C3-1	right	lathosterone		15081535	71550
CPD-4184	RXN-20439	PWY18C3-1	left	4alpha-methyl-5alpha-cholesta-8-en-3-ol	C05110	6452640	87051
CPD-4184	RXN-4286	PWY18C3-1	right	4alpha-methyl-5alpha-cholesta-8-en-3-ol	C05110	6452640	87051
CPD-22130	RXN-20435	PWY18C3-1	left	31-norcycloartanol		44423588	
CPD-22130	RXN-20436	PWY18C3-1	left	31-norcycloartanol		44423588	
CPD-22132	RXN-20434	PWY18C3-1	right	31-norcycloartanone		138319159	
CPD-22132	RXN-20435	PWY18C3-1	right	31-norcycloartanone		138319159	
CPD-7836	RXN-10727	PWY66-430	right	tetradecanoate	C06424	4075158	30807
ACETYLSERINE	ACSERLY-RXN	CYSTSYN-PWY	left	O -acetyl-L-serine	C00979	6971051	58340
ACETYLSERINE	SERINE-O-ACETTRAN-RXN	CYSTSYN-PWY	right	O -acetyl-L-serine	C00979	6971051	58340
CPD-15836	RXN-14918	PWY-7436	right	alpha-tocotrienol	C14153	5282347	33270
CPD-15838	RXN-14918	PWY-7436	left	gamma-tocotrienol	C14155	5282349	33277
CPD-15838	RXN-14922	PWY-7436	left	gamma-tocotrienol	C14155	5282349	33277
CPD-15834	RXN-14917	PWY-7436	right	2,3-dimethyl-6-geranylgeranyl-1,4-benzoquinol	C20738	5327035	75412
CPD-15834	RXN-14922	PWY-7436	right	2,3-dimethyl-6-geranylgeranyl-1,4-benzoquinol	C20738	5327035	75412
CPD-11712	RXN-14917	PWY-7436	left	2-methyl-6-geranylgeranyl-1,4-benzoquinol	C20737	14759579	75411
CPD-11712	RXN-14929	PWY-7436	right	2-methyl-6-geranylgeranyl-1,4-benzoquinol	C20737	14759579	75411
CPD-11712	RXN-14921	PWY-7436	right	2-methyl-6-geranylgeranyl-1,4-benzoquinol	C20737	14759579	75411
CPD-15837	RXN-14919	PWY-7436	right	beta-tocotrienol	C14154	5282348	33275
CPD-15839	RXN-14919	PWY-7436	left	delta-tocotrienol	C14156	5282350	33276
CPD-15839	RXN-14921	PWY-7436	left	delta-tocotrienol	C14156	5282350	33276
CPD1F-136	1.14.13.79-RXN	PWY-5034	right	ent -7alpha-hydroxykaur-16-en-19-oate	C11875	25200352	57298
CPD1F-136	RXN1F-160	PWY-5034	left	ent -7alpha-hydroxykaur-16-en-19-oate	C11875	25200352	57298
CPD1F-138	RXN1F-161	PWY-5034	left	gibberellin A 12 -aldehyde	C06093	25244417	57432
CPD1F-138	RXN1F-160	PWY-5034	right	gibberellin A 12 -aldehyde	C06093	25244417	57432
D-MYO-INOSITOL-1-MONOPHOSPHATE	RXN0-5408	PWY-4702	left	1D- myo -inositol 1-monophosphate	C01177	5288642	58433
D-MYO-INOSITOL-1-MONOPHOSPHATE	RXN-7251	PWY-4702	right	1D- myo -inositol 1-monophosphate	C01177	5288642	58433
CPD-534	RXN-7243	PWY-4702	left	D- myo -inositol (1,2,4,5,6)-pentakisphosphate	C04563	25245416	57798
CPD-534	RXN0-1001	PWY-4702	right	D- myo -inositol (1,2,4,5,6)-pentakisphosphate	C04563	25245416	57798
CPD-534	RXN-7182	PWY-4541	right	D- myo -inositol (1,2,4,5,6)-pentakisphosphate	C04563	25245416	57798
CPD-6741	RXN-7247	PWY-4702	left	D- myo -inositol (1,2,3,5,6) pentakisphosphate		25246187	58747
CPD-6741	RXN-7242	PWY-4702	left	D- myo -inositol (1,2,3,5,6) pentakisphosphate		25246187	58747
CPD-6741	RXN-7241	PWY-4702	right	D- myo -inositol (1,2,3,5,6) pentakisphosphate		25246187	58747
CPD-6742	RXN-7244	PWY-4702	left	D- myo -inositol (1,2,5,6) tetrakisphosphate		25244938	195535
CPD-6742	RXN-7243	PWY-4702	right	D- myo -inositol (1,2,5,6) tetrakisphosphate		25244938	195535
CPD-6742	RXN-7242	PWY-4702	right	D- myo -inositol (1,2,5,6) tetrakisphosphate		25244938	195535
CPD-6744	RXN-7245	PWY-4702	left	D- myo -inositol (1,2,6) trisphosphate		25244400	195537
CPD-6744	RXN-7249	PWY-4702	right	D- myo -inositol (1,2,6) trisphosphate		25244400	195537
CPD-6744	RXN-7244	PWY-4702	right	D- myo -inositol (1,2,6) trisphosphate		25244400	195537
CPD-6747	RXN-7251	PWY-4702	left	D- myo -inositol (1,2) bisphosphate		25245835	195539
CPD-6747	RXN-7245	PWY-4702	right	D- myo -inositol (1,2) bisphosphate		25245835	195539
CPD-6747	RXN-7250	PWY-4702	right	D- myo -inositol (1,2) bisphosphate		25245835	195539
CPD-6747	RXN-7246	PWY-4702	left	D- myo -inositol (1,2) bisphosphate		25245835	195539
CPD-6746	RXN-7253	PWY-4702	left	1D- myo -inositol 2-phosphate			62383
CPD-6746	RXN-7246	PWY-4702	right	1D- myo -inositol 2-phosphate			62383
CPD-6743	RXN-7247	PWY-4702	right	D- myo -inositol (1,2,3,6) tetrakisphosphate		25201651	195534
CPD-6743	RXN-7248	PWY-4702	left	D- myo -inositol (1,2,3,6) tetrakisphosphate		25201651	195534
CPD-6743	RXN-7249	PWY-4702	left	D- myo -inositol (1,2,3,6) tetrakisphosphate		25201651	195534
CPD-6745	RXN-7248	PWY-4702	right	D- myo -inositol (1,2,3) trisphosphate		25244812	195536
CPD-6745	RXN-7250	PWY-4702	left	D- myo -inositol (1,2,3) trisphosphate		25244812	195536
CPDQT-400	RXNQT-4301	PWY-6909	left	ADP-5-ethyl-4-methylthiazole-2-carboxylate	C20784	5287651	139151
CPDQT-400	RXNQT-4300	PWY-6909	right	ADP-5-ethyl-4-methylthiazole-2-carboxylate	C20784	5287651	139151
PROT-CYS	RXNQT-4300	PWY-6909	left	a [protein]-L-cysteine	C02743		25917
CPD-17449	RXNQT-4300	PWY-6909	right	a [protein]-2-aminoprop-2-enoate			
5-PHOSPHORIBOSYL-N-FORMYLGLYCINEAMIDINE	AIRS-RXN	PWY-6121	left	2-(formamido)-N 1 -(5-phospho-beta-D-ribosyl)acetamidine	C04640	90657386	147287
5-PHOSPHORIBOSYL-N-FORMYLGLYCINEAMIDINE	FGAMSYN-RXN	PWY-6121	right	2-(formamido)-N 1 -(5-phospho-beta-D-ribosyl)acetamidine	C04640	90657386	147287
5-P-RIBOSYL-N-FORMYLGLYCINEAMIDE	GART-RXN	PWY-6121	right	N 2 -formyl- N 1 -(5-phospho-beta-D-ribosyl)glycinamide	C04376	90658924	147286
5-P-RIBOSYL-N-FORMYLGLYCINEAMIDE	FGAMSYN-RXN	PWY-6121	left	N 2 -formyl- N 1 -(5-phospho-beta-D-ribosyl)glycinamide	C04376	90658924	147286
5-P-RIBOSYL-N-FORMYLGLYCINEAMIDE	GART-RXN	PWY-6613	right	N 2 -formyl- N 1 -(5-phospho-beta-D-ribosyl)glycinamide	C04376	90658924	147286
5-PHOSPHO-RIBOSYL-GLYCINEAMIDE	GLYRIBONUCSYN-RXN	PWY-6121	right	N 1 -(5-phospho-beta-D-ribosyl)glycinamide	C03838	90657462	143788
5-PHOSPHO-RIBOSYL-GLYCINEAMIDE	GART-RXN	PWY-6613	left	N 1 -(5-phospho-beta-D-ribosyl)glycinamide	C03838	90657462	143788
5-PHOSPHO-RIBOSYL-GLYCINEAMIDE	GART-RXN	PWY-6121	left	N 1 -(5-phospho-beta-D-ribosyl)glycinamide	C03838	90657462	143788
5-P-BETA-D-RIBOSYL-AMINE	GLYRIBONUCSYN-RXN	PWY-6121	left	5-phospho-beta-D-ribosylamine	C03090	45266724	58681
5-P-BETA-D-RIBOSYL-AMINE	PRPPAMIDOTRANS-RXN	PWY-6121	left	5-phospho-beta-D-ribosylamine	C03090	45266724	58681
CPD-9038	UROPORIIIMETHYLTRANSA-RXN	PWY-5194	right	precorrin-1	C15527	25245954	58893
CPD-9038	RXN-8675	PWY-5194	left	precorrin-1	C15527	25245954	58893
DIHYDROSIROHYDROCHLORIN	RXN-8675	PWY-5194	right	precorrin-2	C02463	25245987	58827
DIHYDROSIROHYDROCHLORIN	DIMETHUROPORDEHYDROG-RXN	PWY-5194	left	precorrin-2	C02463	25245987	58827
SIROHEME	SIROHEME-FERROCHELAT-RXN	PWY-5194	right	siroheme	C00748	70678579	60052
SIROHYDROCHLORIN	SIROHEME-FERROCHELAT-RXN	PWY-5194	left	sirohydrochlorin	C05778	25245154	58351
SIROHYDROCHLORIN	DIMETHUROPORDEHYDROG-RXN	PWY-5194	right	sirohydrochlorin	C05778	25245154	58351
1-3-beta-D-Glucans	13-BETA-GLUCAN-SYNTHASE-RXN	PWY-6773	right	a 1,3-beta-D-glucan	C00965		37671
1-3-beta-D-Glucans	13-BETA-GLUCAN-SYNTHASE-RXN	PWY-6773	left	a 1,3-beta-D-glucan	C00965		37671
Long-Chain-Fatty-Acids	RXN-7904	PWY-6803	left	a long-chain fatty acid	C00638		15904
Long-Chain-Fatty-Acids	RXN-7904	PWY-5143	left	a long-chain fatty acid	C00638		15904
D-MYO-INOSITOL-4-PHOSPHATE	3.1.3.57-RXN	PWY-6363	right	1D- myo -inositol 4-monophosphate	C03546	25200523	58469
D-MYO-INOSITOL-4-PHOSPHATE	RXN-10952	PWY-6363	left	1D- myo -inositol 4-monophosphate	C03546	25200523	58469
INOSITOL-1-4-BISPHOSPHATE	3.1.3.57-RXN	PWY-6363	left	D- myo -inositol (1,4)-bisphosphate	C01220	25203530	58282
INOSITOL-1-4-BISPHOSPHATE	3.1.3.56-RXN	PWY-6363	right	D- myo -inositol (1,4)-bisphosphate	C01220	25203530	58282
ASN	3-CYANOALANINE-HYDRATASE-RXN	ASPSYNII-PWY	left	L-asparagine	C00152	6992089	58048
ASN	ASNSYNB-RXN	ASPARAGINE-BIOSYNTHESIS	right	L-asparagine	C00152	6992089	58048
ASN	ASPARAGHYD-RXN	ASPARAGINE-DEG1-PWY	left	L-asparagine	C00152	6992089	58048
CPD-641	DIPHOSPHOMEVALONTE-DECARBOXYLASE-RXN	PWY-922	left	(R)-mevalonate diphosphate	C01143	24916915	57557
CPD-641	PHOSPHOMEVALONATE-KINASE-RXN	PWY-922	right	(R)-mevalonate diphosphate	C01143	24916915	57557
CPD-499	PHOSPHOMEVALONATE-KINASE-RXN	PWY-922	left	( R )-5-phosphomevalonate	C01107	25244548	58146
CPD-499	MEVALONATE-KINASE-RXN	PWY-922	right	( R )-5-phosphomevalonate	C01107	25244548	58146
MEVALONATE	1.1.1.34-RXN	PWY-922	left	( R )-mevalonate	C00418	5288798	36464
MEVALONATE	MEVALONATE-KINASE-RXN	PWY-922	left	( R )-mevalonate	C00418	5288798	36464
ACETOACETYL-COA	HYDROXYMETHYLGLUTARYL-COA-SYNTHASE-RXN	PWY-922	left	acetoacetyl-CoA	C00332	45266540	57286
ACETOACETYL-COA	ACETYL-COA-ACETYLTRANSFER-RXN	PWY-922	right	acetoacetyl-CoA	C00332	45266540	57286
CPD-7291	RXN-7983	PWY-5925	right	3-epihydroxy-2'-deoxymugineate	C15502	25202352	58684
CPD-7231	RXN-7982	PWY-5925	left	mugineate	C15500	45266663	58505
CPD-7231	1.14.11.24-RXN	PWY-5925	right	mugineate	C15500	45266663	58505
CPD-7289	RXN-7982	PWY-5925	right	3-epihydroxymugineate	C15501	25201082	58488
L-1-LYSOPHOSPHATIDATE	RXN-15043	PWY-7417	left	1-oleoyl- sn -glycerol 3-phosphate		46173225	74544
L-1-LYSOPHOSPHATIDATE	RXN-15068	PWY-7417	right	1-oleoyl- sn -glycerol 3-phosphate		46173225	74544
CPD-8268	RXN-15068	PWY-7417	left	bisoleoyl phosphatidate		71627209	74546
CPD-8268	RXN-15043	PWY-7417	right	bisoleoyl phosphatidate		71627209	74546
7-HYDROXY-2-OXINDOLE-3-ACETIC-ACID-GLUCO	RXN-3183	PWY-1961	right	7-hydroxy-2-oxindole-3-acetate glucoside		91820531	
7-HYDROXY-2-OXINDOLE-3-ACETIC-ACID	RXN-3182	PWY-1961	right	7-hydroxy-2-oxindole-3-acetate		25201070	
7-HYDROXY-2-OXINDOLE-3-ACETIC-ACID	RXN-3183	PWY-1961	left	7-hydroxy-2-oxindole-3-acetate		25201070	
2-OXINDOLE-3-ACETIC-ACID	RXN-3182	PWY-1961	left	2-oxoindole-3-acetate		25200337	188445
2-OXINDOLE-3-ACETIC-ACID	RXN-3181	PWY-1961	right	2-oxoindole-3-acetate		25200337	188445
CONIFERYL-ALDEHYDE	RXN-1106	PWY-361	right	coniferaldehyde	C02666	5280536	16547
CONIFERYL-ALDEHYDE	RXN-1142	PWY-361	left	coniferaldehyde	C02666	5280536	16547
CONIFERYL-ALDEHYDE	RXN-2602	PWY-361	right	coniferaldehyde	C02666	5280536	16547
SINAPALDEHYDE	RXN-1143	PWY-361	right	sinapaldehyde	C05610	5280802	27949
SINAPALDEHYDE	RXN-1125	PWY-361	right	sinapaldehyde	C05610	5280802	27949
5-HYDROXY-CONIFERALDEHYDE	RXN-1143	PWY-361	left	5-hydroxy-coniferaldehyde	C12204	5282094	31134
5-HYDROXY-CONIFERALDEHYDE	RXN-1142	PWY-361	right	5-hydroxy-coniferaldehyde	C12204	5282094	31134
SINAPYL-ALCOHOL	RXN-1125	PWY-361	left	sinapyl alcohol	C02325	5280507	64557;28813
COUMARALDEHYDE	RXN-1101	PWY-361	right	4-coumaraldehyde	C05608	641301	28353
COUMARALDEHYDE	RXN-1102	PWY-361	right	4-coumaraldehyde	C05608	641301	28353
COUMARYL-ALCOHOL	RXN-1102	PWY-361	left	4-coumaryl alcohol	C02646	5280535	28386
L-1-PHOSPHATIDYL-SERINE	RXN-1382	PHOSLIPSYN2-PWY	right	a phosphatidylserine	C02737		11750
L-1-PHOSPHATIDYL-SERINE	PHOSPHASERDECARB-RXN	PWY-5669	left	a phosphatidylserine	C02737		11750
L-1-PHOSPHATIDYL-SERINE	PHOSPHASERSYN-RXN	PHOSLIPSYN2-PWY	right	a phosphatidylserine	C02737		11750
L-1-PHOSPHATIDYL-SERINE	PHOSPHASERSYN-RXN	PWY-5669	right	a phosphatidylserine	C02737		11750
CPD-535	3.1.3.46-RXN	PWY66-423	left	beta-D-fructose 2,6-bisphosphate	C00665	21117974	58579
CPD-535	6-PHOSPHOFRUCTO-2-KINASE-RXN	PWY66-423	right	beta-D-fructose 2,6-bisphosphate	C00665	21117974	58579
METHYLNICOTINATE	NICOTINATE-N-METHYLTRANSFERASE-RXN	PWY-5110	right	trigonelline	C01004	5570	18123
CPD-10546	RXN-9825	PWY0A-6303	right	methyl (indol-3-yl)acetate	C20635	74706	72782
CPD-10546	RXN0A-10711	PWY0A-6303	left	methyl (indol-3-yl)acetate	C20635	74706	72782
3-DEHYDRO-SHIKIMATE	3-DEHYDROQUINATE-DEHYDRATASE-RXN	PWY-6163	right	3-dehydroshikimate	C02637	5460360	16630
3-DEHYDRO-SHIKIMATE	SHIKIMATE-5-DEHYDROGENASE-RXN	PWY-6163	right	3-dehydroshikimate	C02637	5460360	16630
DEHYDROQUINATE	3-DEHYDROQUINATE-SYNTHASE-RXN	PWY-6164	right	3-dehydroquinate	C00944	5460271	32364
DEHYDROQUINATE	3-DEHYDROQUINATE-DEHYDRATASE-RXN	PWY-6163	left	3-dehydroquinate	C00944	5460271	32364
SHIKIMATE-5P	2.5.1.19-RXN	PWY-6163	left	shikimate 3-phosphate	C03175	14506806	145989
SHIKIMATE-5P	SHIKIMATE-KINASE-RXN	PWY-6163	right	shikimate 3-phosphate	C03175	14506806	145989
3-ENOLPYRUVYL-SHIKIMATE-5P	CHORISMATE-SYNTHASE-RXN	PWY-6163	left	5-enolpyruvoyl-shikimate 3-phosphate	C01269	14506801	57701
3-ENOLPYRUVYL-SHIKIMATE-5P	2.5.1.19-RXN	PWY-6163	right	5-enolpyruvoyl-shikimate 3-phosphate	C01269	14506801	57701
2-C-METHYL-D-ERYTHRITOL-4-PHOSPHATE	DXPREDISOM-RXN	PWY-7560	left	2-C-methyl-D-erythritol 4-phosphate	C11434	21608483	58262
2-C-METHYL-D-ERYTHRITOL-4-PHOSPHATE	2.7.7.60-RXN	PWY-7560	left	2-C-methyl-D-erythritol 4-phosphate	C11434	21608483	58262
2-C-METHYL-D-ERYTHRITOL-4-PHOSPHATE	2.7.7.60-RXN	NONMEVIPP-PWY	left	2-C-methyl-D-erythritol 4-phosphate	C11434	21608483	58262
2-C-METHYL-D-ERYTHRITOL-4-PHOSPHATE	DXPREDISOM-RXN	NONMEVIPP-PWY	left	2-C-methyl-D-erythritol 4-phosphate	C11434	21608483	58262
4-CYTIDINE-5-DIPHOSPHO-2-C	2.7.7.60-RXN	PWY-7560	right	4-(cytidine 5'-diphospho)-2-C-methyl-D-erythritol	C11435	24970669	57823
4-CYTIDINE-5-DIPHOSPHO-2-C	2.7.1.148-RXN	PWY-7560	left	4-(cytidine 5'-diphospho)-2-C-methyl-D-erythritol	C11435	24970669	57823
4-CYTIDINE-5-DIPHOSPHO-2-C	2.7.1.148-RXN	NONMEVIPP-PWY	left	4-(cytidine 5'-diphospho)-2-C-methyl-D-erythritol	C11435	24970669	57823
4-CYTIDINE-5-DIPHOSPHO-2-C	2.7.7.60-RXN	NONMEVIPP-PWY	right	4-(cytidine 5'-diphospho)-2-C-methyl-D-erythritol	C11435	24970669	57823
2-PHOSPHO-4-CYTIDINE-5-DIPHOSPHO-2-C-MET	2.7.1.148-RXN	PWY-7560	right	2-phospho-4-(cytidine 5'-diphospho)-2-C-methyl-D-erythritol	C11436	46878430	57919
2-PHOSPHO-4-CYTIDINE-5-DIPHOSPHO-2-C-MET	RXN0-302	PWY-7560	left	2-phospho-4-(cytidine 5'-diphospho)-2-C-methyl-D-erythritol	C11436	46878430	57919
2-PHOSPHO-4-CYTIDINE-5-DIPHOSPHO-2-C-MET	RXN0-302	NONMEVIPP-PWY	left	2-phospho-4-(cytidine 5'-diphospho)-2-C-methyl-D-erythritol	C11436	46878430	57919
2-PHOSPHO-4-CYTIDINE-5-DIPHOSPHO-2-C-MET	2.7.1.148-RXN	NONMEVIPP-PWY	right	2-phospho-4-(cytidine 5'-diphospho)-2-C-methyl-D-erythritol	C11436	46878430	57919
HYDROXY-METHYL-BUTENYL-DIP	RXN0-884	PWY-7560	right	( E )-4-hydroxy-3-methylbut-2-en-1-yl diphosphate	C11811	21597501	128753
HYDROXY-METHYL-BUTENYL-DIP	RXN-24044	NONMEVIPP-PWY	right	( E )-4-hydroxy-3-methylbut-2-en-1-yl diphosphate	C11811	21597501	128753
HYDROXY-METHYL-BUTENYL-DIP	ISPH2-RXN	PWY-7560	right	( E )-4-hydroxy-3-methylbut-2-en-1-yl diphosphate	C11811	21597501	128753
HYDROXY-METHYL-BUTENYL-DIP	RXN-24043	NONMEVIPP-PWY	right	( E )-4-hydroxy-3-methylbut-2-en-1-yl diphosphate	C11811	21597501	128753
HYDROXY-METHYL-BUTENYL-DIP	RXN-15878	NONMEVIPP-PWY	left	( E )-4-hydroxy-3-methylbut-2-en-1-yl diphosphate	C11811	21597501	128753
HYDROXY-METHYL-BUTENYL-DIP	RXN0-882	PWY-7560	left	( E )-4-hydroxy-3-methylbut-2-en-1-yl diphosphate	C11811	21597501	128753
2C-METH-D-ERYTHRITOL-CYCLODIPHOSPHATE	RXN0-302	PWY-7560	right	2-C-methyl-D-erythritol-2,4-cyclodiphosphate	C11453	21605869	58483
2C-METH-D-ERYTHRITOL-CYCLODIPHOSPHATE	RXN0-302	NONMEVIPP-PWY	right	2-C-methyl-D-erythritol-2,4-cyclodiphosphate	C11453	21605869	58483
2C-METH-D-ERYTHRITOL-CYCLODIPHOSPHATE	RXN0-882	PWY-7560	right	2-C-methyl-D-erythritol-2,4-cyclodiphosphate	C11453	21605869	58483
2C-METH-D-ERYTHRITOL-CYCLODIPHOSPHATE	RXN-15878	NONMEVIPP-PWY	right	2-C-methyl-D-erythritol-2,4-cyclodiphosphate	C11453	21605869	58483
DEOXYXYLULOSE-5P	DXS-RXN	PWY-7560	right	1-deoxy-D-xylulose 5-phosphate	C11437	23420274	57792
DEOXYXYLULOSE-5P	DXPREDISOM-RXN	NONMEVIPP-PWY	right	1-deoxy-D-xylulose 5-phosphate	C11437	23420274	57792
DEOXYXYLULOSE-5P	DXS-RXN	NONMEVIPP-PWY	right	1-deoxy-D-xylulose 5-phosphate	C11437	23420274	57792
DEOXYXYLULOSE-5P	DXPREDISOM-RXN	PWY-7560	right	1-deoxy-D-xylulose 5-phosphate	C11437	23420274	57792
CPD-14776	RXN-13734	PWY-1121	right	2-C22:0-DCA-LPA		90659251	
CPD-14775	RXN-13734	PWY-1121	left	22-carboxy-docosanoyl-CoA		90657401	
CPD-14775	RXN-12157	PWY-1121	right	22-carboxy-docosanoyl-CoA		90657401	
CPD-17624	RXN-16418	PWY-1121	right	&omega;-carboxy-(9 Z )-octadec-9-enoyl-CoA		91820430	
CPD-17633	RXN-12156	PWY-1121	right	22-oxo-docosanoyl-CoA		91819993	
CPD-17633	RXN-12157	PWY-1121	left	22-oxo-docosanoyl-CoA		91819993	
CPD-14826	RXN-12155	PWY-1121	right	22-hydroxy-docosanoyl-CoA		90658211	
CPD-14826	RXN-12156	PWY-1121	left	22-hydroxy-docosanoyl-CoA		90658211	
FERULIC-ACID	RXN-1104	PWY-1121	right	ferulate	C01494	54691413	29749
FERULIC-ACID	6.2.1.34-RXN	PWY-1121	left	ferulate	C01494	54691413	29749
TYRAMINE	RXN-8713	PWY-5474	left	tyramine	C00483	5249538	327995
TYRAMINE	TYRAMINE-N-FERULOYLTRANSFERASE-RXN	PWY-1121	left	tyramine	C00483	5249538	327995
TYRAMINE	RXN-8715	PWY-5474	left	tyramine	C00483	5249538	327995
TYRAMINE	RXN-8714	PWY-5474	left	tyramine	C00483	5249538	327995
TYRAMINE	TYROSINE-DECARBOXYLASE-RXN	PWY-5474	right	tyramine	C00483	5249538	327995
TYRAMINE	TYRAMINE-N-FERULOYLTRANSFERASE-RXN	PWY-5474	left	tyramine	C00483	5249538	327995
CPD-440	TYRAMINE-N-FERULOYLTRANSFERASE-RXN	PWY-5474	right	N -feruloyltyramine	C02717	5280537	17818
CPD-440	TYRAMINE-N-FERULOYLTRANSFERASE-RXN	PWY-1121	right	N -feruloyltyramine	C02717	5280537	17818
CPD-9436	4.2.3.27-RXN	PWY-6270	right	isoprene	C16521	6557	35194
CPD-9973	RXN-13417	PWY-5905	right	an [eIF5A-precursor]-deoxyhypusine	C07282	25245844	
CPD-9973	DEOXYHYPUSINE-MONOOXYGENASE-RXN	PWY-5905	left	an [eIF5A-precursor]-deoxyhypusine	C07282	25245844	
N-4-aminobutylidene-eIF5A-lysine	RXN-13416	PWY-5905	right	an [eIF5A-precursor]-N-(4-aminobutylidene)-lysine	C15854		80130
N-4-aminobutylidene-eIF5A-lysine	RXN-13417	PWY-5905	left	an [eIF5A-precursor]-N-(4-aminobutylidene)-lysine	C15854		80130
Deoxyhypusine-Synthase-Lysine	RXN-13415	PWY-5905	left	a [deoxyhypusine synthase]-L-lysine			
Deoxyhypusine-Synthase-Lysine	RXN-13416	PWY-5905	right	a [deoxyhypusine synthase]-L-lysine			
EIF5A-LYSINE	RXN-13416	PWY-5905	left	an [eIF5A-precursor]-lysine	C07281		
N-4-aminobutylidene-enzyme-lysine	RXN-13415	PWY-5905	right	a [deoxyhypusine synthase]-N-(4-aminobutylidene)-lysine			
N-4-aminobutylidene-enzyme-lysine	RXN-13416	PWY-5905	left	a [deoxyhypusine synthase]-N-(4-aminobutylidene)-lysine			
CPD-14378	RXN-13415	PWY-5905	left	( E )-(4-aminobutylidene)(3-aminopropyl)amine	C15853	45266746	58732
CPD-14378	RXN-13414	PWY-5905	right	( E )-(4-aminobutylidene)(3-aminopropyl)amine	C15853	45266746	58732
EIF5A-HYPUSINE	DEOXYHYPUSINE-MONOOXYGENASE-RXN	PWY-5905	right	an [eIF5A]-hypusine	C04679		
DELTA1-PIPERIDEINE-2-6-DICARBOXYLATE	RXN-7737	PWY-5097	right	( S )-2,3,4,5-tetrahydrodipicolinate	C03972	5460405	16845
DELTA1-PIPERIDEINE-2-6-DICARBOXYLATE	RXN-14014	PWY-5097	left	( S )-2,3,4,5-tetrahydrodipicolinate	C03972	5460405	16845
CPD-14443	DIHYDRODIPICSYN-RXN	PWY-5097	right	(2S,4S)-4-hydroxy-2,3,4,5-tetrahydrodipicolinate	C20258	70678847	67139
CPD-14443	RXN-14014	PWY-5097	right	(2S,4S)-4-hydroxy-2,3,4,5-tetrahydrodipicolinate	C20258	70678847	67139
MESO-DIAMINOPIMELATE	DIAMINOPIMEPIM-RXN	PWY-5097	right	meso -diaminopimelate	C00680	1549101	57791
MESO-DIAMINOPIMELATE	DIAMINOPIMDECARB-RXN	PWY-5097	left	meso -diaminopimelate	C00680	1549101	57791
LYS	DIAMINOPIMDECARB-RXN	PWY-5097	right	L-lysine	C00047	5460926	32551
LL-DIAMINOPIMELATE	RXN-7737	PWY-5097	left	L,L-diaminopimelate	C00666	1549100	57609
LL-DIAMINOPIMELATE	DIAMINOPIMEPIM-RXN	PWY-5097	left	L,L-diaminopimelate	C00666	1549100	57609
CPD-560	5-METHYLTHIORIBOSE-KINASE-RXN	PWY-6754	left	5-(methylsulfanyl)-D-ribose	C03089	10313378	78440
CPD-560	METHYLTHIOADENOSINE-NUCLEOSIDASE-RXN	PWY-6754	right	5-(methylsulfanyl)-D-ribose	C03089	10313378	78440
CPD-9905	RXN-15453	PWY-7477	right	3beta-hydroxy-9beta-pimara-7,15-diene-19,6beta-olide	C18016	90657361	49195
CPD-9905	RXN-9290	PWY-7477	left	3beta-hydroxy-9beta-pimara-7,15-diene-19,6beta-olide	C18016	90657361	49195
CPD-9905	RXN-15399	PWY-7477	right	3beta-hydroxy-9beta-pimara-7,15-diene-19,6beta-olide	C18016	90657361	49195
CPD-16670	RXN-15453	PWY-7477	left	6beta-hydroxy- syn -pimaradiene		90658092	
CPD-16670	RXN-15452	PWY-7477	right	6beta-hydroxy- syn -pimaradiene		90658092	
CPD-4754	RXN-15452	PWY-7477	left	(-)-9beta-pimara-7,15-diene	C18225	10355909	50067
CPD-4754	RXN-4883	PWY-2981	right	(-)-9beta-pimara-7,15-diene	C18225	10355909	50067
CPD-4754	RXN-12880	PWY-7477	left	(-)-9beta-pimara-7,15-diene	C18225	10355909	50067
CPD-13922	RXN-12882	PWY-7477	left	(-)-9beta-pimara-7,15-dien-19-al	C20148	56927944	63658
CPD-13922	RXN-12881	PWY-7477	right	(-)-9beta-pimara-7,15-dien-19-al	C20148	56927944	63658
CPD-13923	RXN-12882	PWY-7477	right	(-)-9beta-pimara-7,15-dien-19-oate	C20149	56927945	63659
CPD-13923	RXN-15399	PWY-7477	left	(-)-9beta-pimara-7,15-dien-19-oate	C20149	56927945	63659
CPD-13921	RXN-12880	PWY-7477	right	(-)-9beta-pimara-7,15-dien-19-ol	C20147	56927943	63656
CPD-13921	RXN-12881	PWY-7477	left	(-)-9beta-pimara-7,15-dien-19-ol	C20147	56927943	63656
CPD-7092	RXN-9290	PWY-7477	right	momilactone A	C18015	90658874	49191
2-3-CARBOXY-3-AMINOPROPYL-L-HISTIDINE	RXN-11371	PWY-7546	right	a 2-[(3S)-3-amino-3-carboxypropyl]-L-histidine-[translation elongation factor 2]	C04441		58031
2-3-CARBOXY-3-AMINOPROPYL-L-HISTIDINE	RXN-15775	PWY-7546	left	a 2-[(3S)-3-amino-3-carboxypropyl]-L-histidine-[translation elongation factor 2]	C04441		58031
Diphthine-methyl-ester-EF2	RXN-15776	PWY-7546	left	a diphthine methyl ester-[translation elongation factor 2]	C21151		
Diphthine-methyl-ester-EF2	RXN-15775	PWY-7546	right	a diphthine methyl ester-[translation elongation factor 2]	C21151		
DIPHTINE	DIPHTINE--AMMONIA-LIGASE-RXN	PWY-7546	left	a diphthine-[translation elongation factor 2]	C01573	25201042	18054
DIPHTINE	RXN-15776	PWY-7546	right	a diphthine-[translation elongation factor 2]	C01573	25201042	18054
eEF-2-Histidines	RXN-11371	PWY-7546	left	an L-histidine-[translation elongation factor 2]	C20663		
DIPHTHAMIDE	DIPHTINE--AMMONIA-LIGASE-RXN	PWY-7546	right	a diphthamide-[translation elongation factor 2]	C02872	25245981	16692
CPD1F-119	RXN-5962	PWY-5947	right	lutein	C08601	5281243	28838
CPD-5661	RXN-5962	PWY-5947	left	zeinoxanthin	C08590	5281234	65244
CPD-5661	RXN-5961	PWY-5947	right	zeinoxanthin	C08590	5281234	65244
CPD1F-118	RXN1F-148	PWY-5947	right	alpha-carotene	C05433	6419725	35147;28425
CPD1F-118	RXN-5961	PWY-5947	left	alpha-carotene	C05433	6419725	35147;28425
CPD1F-115	RXN1F-148	PWY-5947	left	delta-carotene	C08586	5281230	27705
CPD0-2472	RXN-12752	PWY-6938	left	( R )-NADHX	C20482	56927860	64075
CPD0-2472	RXN-12754	PWY-6938	right	( R )-NADHX	C20482	56927860	64075
CPD-653	RXN-12752	PWY-6938	right	( S )-NADHX	C04856	25203523	64074
CPD-653	RXN-12753	PWY-6938	right	( S )-NADHX	C04856	25203523	64074
CPD-653	4.2.1.93-RXN	PWY-6938	left	( S )-NADHX	C04856	25203523	64074
2-ACETO-LACTATE	ACETOLACTSYN-RXN	VALSYN-PWY	right	( S )-2-acetolactate	C06010	13999770	58476
2-ACETO-LACTATE	ACETOLACTREDUCTOISOM-RXN	VALSYN-PWY	right	( S )-2-acetolactate	C06010	13999770	58476
CPD-13357	DIHYDROXYISOVALDEHYDRAT-RXN	VALSYN-PWY	left	(2 R )-2,3-dihydroxy-3-methylbutanoate	C04272	23615351	49072
CPD-13357	ACETOLACTREDUCTOISOM-RXN	VALSYN-PWY	left	(2 R )-2,3-dihydroxy-3-methylbutanoate	C04272	23615351	49072
CPD-505	2.7.1.133-RXN	PWY-6554	right	D- myo -inositol (1,3,4,6)-tetrakisphosphate	C04477	25201336	57660
CPD-505	2.7.1.140-RXN	PWY-6554	left	D- myo -inositol (1,3,4,6)-tetrakisphosphate	C04477	25201336	57660
INOSITOL-1-3-4-TRIPHOSPHATE	2.7.1.133-RXN	PWY-6554	left	D- myo -inositol (1,3,4)-trisphosphate	C01243	25201948	58414
INOSITOL-1-3-4-TRIPHOSPHATE	2.7.1.139-RXN	PWY-6554	left	D- myo -inositol (1,3,4)-trisphosphate	C01243	25201948	58414
CPD-506	2.7.1.139-RXN	PWY-6554	right	D- myo -inositol (1,3,4,5)-tetrakisphosphate	C01272	24742076	57895
CPD-506	RXN-7184	PWY-6554	left	D- myo -inositol (1,3,4,5)-tetrakisphosphate	C01272	24742076	57895
DIVINYLCHLOROPHYLLIDE-A	RXN-5285	CHLOROPHYLL-SYN	left	chlorophyllide a 2	C11832	122706121	38259
Light	PSII-RXN	PWY-101	right	h&nu;	C00205		30212
Light	RXN-15479	PWY-8270	right	h&nu;	C00205		30212
Light	RXN-5285	CHLOROPHYLL-SYN	right	h&nu;	C00205		30212
Light	RXN-15479	PWY-101	right	h&nu;	C00205		30212
DIVINYL-PROTOCHLOROPHYLLIDE-A	RXN-5284	CHLOROPHYLL-SYN	right	3,8-divinyl protochlorophyllide a	C11831	122706273	58632
DIVINYL-PROTOCHLOROPHYLLIDE-A	RXN-5285	CHLOROPHYLL-SYN	right	3,8-divinyl protochlorophyllide a	C11831	122706273	58632
MG-PROTOPORPHYRIN-MONOMETHYL-ESTER	RXN-MG-PROTOPORPHYRIN-METHYLESTER-SYN	CHLOROPHYLL-SYN	right	magnesium-protoporphyrin IX 13-monomethyl ester	C04536	44229200	60491
MG-PROTOPORPHYRIN-MONOMETHYL-ESTER	RXN-5282	CHLOROPHYLL-SYN	left	magnesium-protoporphyrin IX 13-monomethyl ester	C04536	44229200	60491
13-HYDROXY-MAGNESIUM-PROTOPORP	RXN-5282	CHLOROPHYLL-SYN	right	13 1 -hydroxy-magnesium-protoporphyrin IX 13-monomethyl ester	C11829	44229246	60489
13-HYDROXY-MAGNESIUM-PROTOPORP	RXN-5283	CHLOROPHYLL-SYN	left	13 1 -hydroxy-magnesium-protoporphyrin IX 13-monomethyl ester	C11829	44229246	60489
131-OXO-MAGNESIUM-PROTOPORPHYRIN-IX-13-M	RXN-5283	CHLOROPHYLL-SYN	right	13 1 -oxo-magnesium-protoporphyrin IX 13-monomethyl ester	C11830	44229101	60490
131-OXO-MAGNESIUM-PROTOPORPHYRIN-IX-13-M	RXN-5284	CHLOROPHYLL-SYN	left	13 1 -oxo-magnesium-protoporphyrin IX 13-monomethyl ester	C11830	44229101	60490
PROTOPORPHYRINOGEN	PROTOPORGENOXI-RXN	HEME-BIOSYNTHESIS-II	left	protoporphyrinogen IX	C01079	20849104	57307
PROTOPORPHYRINOGEN	RXN0-1461	HEME-BIOSYNTHESIS-II	right	protoporphyrinogen IX	C01079	20849104	57307
PROTOPORPHYRINOGEN	RXN0-1461	CHLOROPHYLL-SYN	right	protoporphyrinogen IX	C01079	20849104	57307
PROTOPORPHYRINOGEN	PROTOPORGENOXI-RXN	CHLOROPHYLL-SYN	left	protoporphyrinogen IX	C01079	20849104	57307
COPROPORPHYRINOGEN_III	UROGENDECARBOX-RXN	CHLOROPHYLL-SYN	right	coproporphyrinogen III	C03263	20849114	57309
COPROPORPHYRINOGEN_III	UROGENDECARBOX-RXN	HEME-BIOSYNTHESIS-II	right	coproporphyrinogen III	C03263	20849114	57309
COPROPORPHYRINOGEN_III	RXN0-1461	HEME-BIOSYNTHESIS-II	left	coproporphyrinogen III	C03263	20849114	57309
COPROPORPHYRINOGEN_III	RXN0-1461	CHLOROPHYLL-SYN	left	coproporphyrinogen III	C03263	20849114	57309
MG-PROTOPORPHYRIN	RXN-MG-PROTOPORPHYRIN-METHYLESTER-SYN	CHLOROPHYLL-SYN	left	Mg-protoporphyrin IX	C03516	44229120	60492
MG-PROTOPORPHYRIN	RXN1F-20	CHLOROPHYLL-SYN	right	Mg-protoporphyrin IX	C03516	44229120	60492
PROTOPORPHYRIN_IX	RXN1F-20	CHLOROPHYLL-SYN	left	protoporphyrin IX	C02191	3794562	57306
PROTOPORPHYRIN_IX	PROTOPORGENOXI-RXN	HEME-BIOSYNTHESIS-II	right	protoporphyrin IX	C02191	3794562	57306
PROTOPORPHYRIN_IX	PROTOPORGENOXI-RXN	CHLOROPHYLL-SYN	right	protoporphyrin IX	C02191	3794562	57306
PROTOPORPHYRIN_IX	PROTOHEMEFERROCHELAT-RXN	HEME-BIOSYNTHESIS-II	right	protoporphyrin IX	C02191	3794562	57306
N-ACETYL-D-GLUCOSAMINE-1-P	PHOSACETYLGLUCOSAMINEMUT-RXN	UDPNACETYLGALSYN-PWY	right	N -acetyl-alpha-D-glucosamine 1-phosphate	C04256	25243937	57776
N-ACETYL-D-GLUCOSAMINE-1-P	NAG1P-URIDYLTRANS-RXN	UDPNACETYLGALSYN-PWY	left	N -acetyl-alpha-D-glucosamine 1-phosphate	C04256	25243937	57776
N-ACETYL-D-GLUCOSAMINE-6-P	PHOSACETYLGLUCOSAMINEMUT-RXN	UDPNACETYLGALSYN-PWY	left	N -acetyl-D-glucosamine 6-phosphate	C00357	25243963	57513
N-ACETYL-D-GLUCOSAMINE-6-P	GLUCOSAMINEPNACETYLTRANS-RXN	UDPNACETYLGALSYN-PWY	right	N -acetyl-D-glucosamine 6-phosphate	C00357	25243963	57513
D-GLUCOSAMINE-6-P	GLUCOSAMINEPNACETYLTRANS-RXN	UDPNACETYLGALSYN-PWY	left	D-glucosamine 6-phosphate	C00352	45266742	58725
D-GLUCOSAMINE-6-P	L-GLN-FRUCT-6-P-AMINOTRANS-RXN	UDPNACETYLGALSYN-PWY	right	D-glucosamine 6-phosphate	C00352	45266742	58725
CPD-11504	RXN-10685	PWY-6294	right	beta-selinene	C09723	442393	10443
CPD-21652	RXN-8587	PWY-6294	right	alpha-selinene	C22044	10856614	59961
CPD-12630	RXN-11660	PWY-7468	right	benzoyl-beta-D-glucopyranose		12314096	141410
1-2-DIPALMITOYLPHOSPHATIDYLCHOLINE	RXN-15066	PWY-7416	right	1,2-dipalmitoyl- sn -glycero-3-phosphocholine	D03585	452110	72999
1-2-DIPALMITOYLPHOSPHATIDYLCHOLINE	RXN-15065	PWY-7416	left	1,2-dipalmitoyl- sn -glycero-3-phosphocholine	D03585	452110	72999
CPD-8343	RXN-15065	PWY-7416	right	1-palmitoyl- sn -glycero-3-phosphocholine	C04102	460602	72998
CPD-8343	RXN-15066	PWY-7416	left	1-palmitoyl- sn -glycero-3-phosphocholine	C04102	460602	72998
MANNOSE-1P	PHOSMANMUT-RXN	PWY-5659	left	alpha-D-mannose 1-phosphate	C00636	25245607	58409
MANNOSE-1P	2.7.7.13-RXN	PWY-5659	left	alpha-D-mannose 1-phosphate	C00636	25245607	58409
CPD-12727	RXN-14239	PWY-7213	left	wogonin	C10197	5281703	10043
CPD-12727	RXN-14060	PWY-7213	left	wogonin	C10197	5281703	10043
CPD-12727	RXN-14062	PWY-7213	right	wogonin	C10197	5281703	10043
CPD-15175	RXN-14239	PWY-7213	right	wogonin 7- O -beta- D -glucoside		51136398	182558
CPD-12728	RXN-14062	PWY-7213	left	wogonin 7-O-beta-D-glucuronate		35755714	61285
CPD-12728	RXN-14060	PWY-7213	right	wogonin 7-O-beta-D-glucuronate		35755714	61285
biotin-L-lysine-in-BCCP-dimers	RXN-7101	PWY0-1264	right	a [biotin carboxyl-carrier-protein dimer]- N 6 -biotinyl-L-lysine			
biotin-L-lysine-in-BCCP-dimers	BIOTIN-CARBOXYL-RXN	PWY0-1264	left	a [biotin carboxyl-carrier-protein dimer]- N 6 -biotinyl-L-lysine			
biotin-L-lysine-in-BCCP-dimers	RXN0-5055	PWY-4381	right	a [biotin carboxyl-carrier-protein dimer]- N 6 -biotinyl-L-lysine			
biotin-L-lysine-in-BCCP-dimers	RXN0-5055	PWY0-1264	right	a [biotin carboxyl-carrier-protein dimer]- N 6 -biotinyl-L-lysine			
carboxybiotin-L-lysine-in-BCCP-dimers	RXN0-5055	PWY-4381	left	a [carboxyl-carrier protein dimer]- N 6 -carboxybiotinyl-L-lysine			
carboxybiotin-L-lysine-in-BCCP-dimers	BIOTIN-CARBOXYL-RXN	PWY0-1264	right	a [carboxyl-carrier protein dimer]- N 6 -carboxybiotinyl-L-lysine			
carboxybiotin-L-lysine-in-BCCP-dimers	RXN0-5055	PWY0-1264	left	a [carboxyl-carrier protein dimer]- N 6 -carboxybiotinyl-L-lysine			
CPD-9006	RXN-11527	PWY-5733	right	(+)-germacrene A	C16141	135397957	41595
CPD-9370	RXN-8939	PWY-5733	right	(+)-germacrene D	C19619	6436582	49045
CPD-8746	RXN-8562	PWY-5733	right	(-)-germacrene D	C16142	5317570	49044
CPD-8745	RXN-8561	PWY-5733	right	germacrene C	C19747	25244915	61478
CPD-8744	RXN-8553	PWY-5733	right	( E,E )-germacrene B	C09672	5281519	5337
CPD-15717	RXN-15909	PWY-842	right	beta-maltose	C01971	6255	18147
CPD-8232	RXN-8432	PWY-6275	right	(-)-beta-elemene	C17094	6918391	62855
CPD-8233	RXN-8415	PWY-6275	right	alpha-humulene	C09684	5281520	5768
CPD-8230	RXN-8414	PWY-6275	right	(-)-beta-caryophyllene	C09629	5281515	10357
XANTHOSINE	RXN0-363	PWY-6596	left	xanthosine	C01762	64959	18107
XANTHOSINE	RXN0-363	PWY-6607	left	xanthosine	C01762	64959	18107
XANTHOSINE	GUANOSINE-DEAMINASE-RXN	PWY-6607	right	xanthosine	C01762	64959	18107
XANTHOSINE	XMPXAN-RXN	PWY-6596	right	xanthosine	C01762	64959	18107
CPD-4143	RXN-20132	PWY-2541	left	sitosterol	C01753	222284	176889
CPD-4143	RXN-4243	PWY-2541	left	sitosterol	C01753	222284	176889
CPD-4127	RXN-4210	PWY-2541	left	isofucosterol	C08821	5281326	28604
CPD-4127	RXN-20132	PWY-2541	right	isofucosterol	C08821	5281326	28604
CPD-8134	RXN-22207	PWY-2541	left	24- epi -campesterol		5283637	19809
CPD-8134	RXN-8352	PWY-2541	left	24- epi -campesterol		5283637	19809
CPD-706	RXN-20131	PWY-2541	right	chalinasterol	C15781	92113	19812
CPD-706	RXN-707	PWY-2541	left	chalinasterol	C15781	92113	19812
CPD-706	RXN-22207	PWY-2541	right	chalinasterol	C15781	92113	19812
CPD-12914	RXN-11938	PWY-2541	left	(24 Z )-4alpha-carboxy-stigmasta-7,24(24 1 )-dien-3beta-ol		102515427	142919
CPD-12914	RXN-19723	PWY-2541	right	(24 Z )-4alpha-carboxy-stigmasta-7,24(24 1 )-dien-3beta-ol		102515427	142919
CPD-4124	RXN-19723	PWY-2541	left	(24 Z )-24-ethylidenelophenol	C11523	9548595	33203
CPD-4124	2.1.1.143-RXN	PWY-2541	right	(24 Z )-24-ethylidenelophenol	C11523	9548595	33203
CPD-12909	RXN-19724	PWY-2541	right	4alpha-carboxy-ergosta-7,24(24 1 )-dien-3beta-ol		102515460	142850
CPD-12909	RXN-11933	PWY-2541	left	4alpha-carboxy-ergosta-7,24(24 1 )-dien-3beta-ol		102515460	142850
CPD-4101	RXN-19724	PWY-2541	left	24-methylidenelophenol	C11522	5283640	29107
CPD-4101	RXN-4161	PWY-2541	left	24-methylidenelophenol	C11522	5283640	29107
CPD-4101	2.1.1.143-RXN	PWY-2541	left	24-methylidenelophenol	C11522	5283640	29107
ALPHA-METHYL-5-ALPHA-ERGOSTA	RXN-4144	PWY-2541	right	4alpha-methyl-5alpha-ergosta-8,14,24(28)-trien-3beta-ol	C11508	443237	30109
ALPHA-METHYL-5-ALPHA-ERGOSTA	1.14.13.70-RXN	PWY-2541	right	4alpha-methyl-5alpha-ergosta-8,14,24(28)-trien-3beta-ol	C11508	443237	30109
OBTUSIFOLIOL	1.14.13.70-RXN	PWY-2541	left	obtusifoliol	C01943	65252	17791
OBTUSIFOLIOL	CYCLOEUCALENOL-CYCLOISOMERASE-RXN	PWY-2541	right	obtusifoliol	C01943	65252	17791
CPD-696	RXN-19720	PWY-2541	left	24-methylenecycloartanol	C08830	94204	1307
CPD-696	RXN-4021	PWY-2541	right	24-methylenecycloartanol	C08830	94204	1307
CPD-12867	RXN-11928	PWY-2541	left	4alpha-carboxy-4beta,14alpha-dimethyl-9beta,19-cyclo-5alpha-ergost-24(24 1 )-en-3beta-ol		137333860	142916
CPD-12867	RXN-19720	PWY-2541	right	4alpha-carboxy-4beta,14alpha-dimethyl-9beta,19-cyclo-5alpha-ergost-24(24 1 )-en-3beta-ol		137333860	142916
EPISTEROL	RXN3O-218	PWY-2541	left	episterol	C15777	5283662	23929;50586
EPISTEROL	RXN-11934	PWY-2541	right	episterol	C15777	5283662	23929;50586
CPD-700	RXN-707	PWY-2541	right	ergosta-5,7,24(28)-trien-3beta-ol	C15780	10894570	52972
CPD-700	RXN3O-218	PWY-2541	right	ergosta-5,7,24(28)-trien-3beta-ol	C15780	10894570	52972
CPD-12915	RXN-11939	PWY-2541	right	avenastenone	C22123	102515167	182502
CPD-12915	RXN-11938	PWY-2541	right	avenastenone	C22123	102515167	182502
CPD-4125	RXN-11939	PWY-2541	left	avenasterol	C15782	12795736	80096
CPD-4125	RXN-4209	PWY-2541	left	avenasterol	C15782	12795736	80096
CPD-12910	RXN-11933	PWY-2541	right	episterone	C22122	14826704	182761
CPD-12910	RXN-11934	PWY-2541	left	episterone	C22122	14826704	182761
CYCLOEUCALENOL	CYCLOEUCALENOL-CYCLOISOMERASE-RXN	PWY-2541	left	cycloeucalenol	C02141	101690	16653
CYCLOEUCALENOL	RXN-11929	PWY-2541	left	cycloeucalenol	C02141	101690	16653
CPD-12868	RXN-11928	PWY-2541	right	cycloeucalenone	C22121	21594790	142915
CPD-12868	RXN-11929	PWY-2541	right	cycloeucalenone	C22121	21594790	142915
CPD-4161	RXN-8352	PWY-2541	right	brassicasterol	C08813	5281327	3168
CPD-4162	RXN-4243	PWY-2541	right	stigmasterol	C05442	5280794	28824
CPD-8135	RXN-4242	PWY-2541	right	crinosterol		5283660	155905
CPD-4126	RXN-4210	PWY-2541	right	5-dehydroavenasterol	C15783	44263331	80097
CPD-4126	RXN-4209	PWY-2541	right	5-dehydroavenasterol	C15783	44263331	80097
CPD-4081	RXN-4144	PWY-2541	left	4alpha-methylfecosterol	C15776	193524	80094
CPD-4081	RXN-4161	PWY-2541	right	4alpha-methylfecosterol	C15776	193524	80094
Plastoquinols	PSII-RXN	PWY-101	left	a plastoquinol	C16695		
Plastoquinols	PLASTOQUINOL--PLASTOCYANIN-REDUCTASE-RXN	PWY-8270	left	a plastoquinol	C16695		
Plastoquinols	RXN-12243	PWY-6475	right	a plastoquinol	C16695		
Plastoquinols	PLASTOQUINOL--PLASTOCYANIN-REDUCTASE-RXN	PWY-101	left	a plastoquinol	C16695		
Plastoquinols	RXN-22408	PWY-8270	right	a plastoquinol	C16695		
Plastoquinols	RXN-12244	PWY-6475	right	a plastoquinol	C16695		
PLASTOQUINONE	RXN-22408	PWY-8270	left	a plastoquinone	C10385		
PLASTOQUINONE	PLASTOQUINOL--PLASTOCYANIN-REDUCTASE-RXN	PWY-101	right	a plastoquinone	C10385		
PLASTOQUINONE	PLASTOQUINOL--PLASTOCYANIN-REDUCTASE-RXN	PWY-8270	right	a plastoquinone	C10385		
PLASTOQUINONE	RXN-12243	PWY-6475	left	a plastoquinone	C10385		
PLASTOQUINONE	PSII-RXN	PWY-101	right	a plastoquinone	C10385		
PLASTOQUINONE	RXN-12244	PWY-6475	left	a plastoquinone	C10385		
Sphingoid-1-phosphates	RXN-11377	PWY-6483	left	a sphingoid 1-phosphate			
Sphingoid-1-phosphates	RXN-11376	PWY-6483	right	a sphingoid 1-phosphate			
Aldehydes	RXN-11377	PWY-6483	right	an aldehyde	C00071		17478
Sphingoids	RXN-11376	PWY-6483	left	a sphingoid base			
Sphingoids	RXN-11375	PWY-6483	right	a sphingoid base			
Ceramides	RXN-11375	PWY-6483	left	a ceramide			17761
SCOPOLIN	SCOPOLETIN-GLUCOSYLTRANSFERASE-RXN	PWY4FS-10	right	scopolin	C01527	439514	16065
SCOPOLETIN	RXN-12350	PWY-6792	right	scopoletin	C01752	5280460	17488
SCOPOLETIN	SCOPOLETIN-GLUCOSYLTRANSFERASE-RXN	PWY4FS-10	left	scopoletin	C01752	5280460	17488
Oxo-glutarate-dehydrogenase-DH-lipoyl	RXN0-1147	PWY-5084	left	a [2-oxoglutarate dehydrogenase E2 protein] N 6 -dihydrolipoyl-L-lysine			
Oxo-glutarate-dehydrogenase-DH-lipoyl	RXN-7716	PWY-5084	left	a [2-oxoglutarate dehydrogenase E2 protein] N 6 -dihydrolipoyl-L-lysine			
Oxo-glutarate-dehydrogenase-lipoyl	RXN-7716	PWY-5084	right	a [2-oxoglutarate dehydrogenase E2 protein] N 6 -lipoyl-L-lysine			
Oxo-glutarate-dehydrogenase-lipoyl	2OXOGLUTDECARB-RXN	PWY-5084	left	a [2-oxoglutarate dehydrogenase E2 protein] N 6 -lipoyl-L-lysine			
Oxo-glutarate-dehydro-suc-DH-lipoyl	RXN0-1147	PWY-5084	right	a [2-oxoglutarate dehydrogenase E2 protein] N 6 - S -succinyldihydrolipoyl-L-lysine			
Oxo-glutarate-dehydro-suc-DH-lipoyl	2OXOGLUTDECARB-RXN	PWY-5084	right	a [2-oxoglutarate dehydrogenase E2 protein] N 6 - S -succinyldihydrolipoyl-L-lysine			
CPD-2205	RXN-18144	PWY-861	left	( E )-(4-hydroxyphenyl)acetaldehyde oxime	C04350	5460411	15666
CPD-2205	RXN-7749	PWY-861	right	( E )-(4-hydroxyphenyl)acetaldehyde oxime	C04350	5460411	15666
CPD-1041	RXN-12240	PWY-861	left	( Z )-[(4-hydroxyphenyl)acetaldehyde oxime]	C04353	5459810	15667
CPD-1041	RXN-18144	PWY-861	right	( Z )-[(4-hydroxyphenyl)acetaldehyde oxime]	C04353	5459810	15667
CPD-648	RXN-743	PWY-861	left	( S )-4-hydroxymandelonitrile	C03742	440104	16660
CPD-648	1.14.13.42-RXN	PWY-861	right	( S )-4-hydroxymandelonitrile	C03742	440104	16660
CPD-1074	1.14.13.42-RXN	PWY-861	left	(4-hydroxyphenyl)acetonitrile	C03766	26548	16667
CPD-1074	RXN-12240	PWY-861	right	(4-hydroxyphenyl)acetonitrile	C03766	26548	16667
CPD-7070	RXN-7749	PWY-861	left	N , N -dihydroxy-L-tyrosine	C15503	25200532	57270
CPD-7070	RXN-7748	PWY-861	right	N , N -dihydroxy-L-tyrosine	C15503	25200532	57270
CPD-267	RXN-7748	PWY-861	left	N -hydroxy-L-tyrosine	C03004	25203380	58547
CPD-267	TYROSINE-N-MONOOXYGENASE-RXN	PWY-861	right	N -hydroxy-L-tyrosine	C03004	25203380	58547
CPD-1042	RXN-743	PWY-861	right	dhurrin	C05143	161355	27826
CPD-4614	RXN-4723	PWY-2902	right	trans -zeatin- O -glucoside	C03423	25244165	38266
CPD-4614	RXN-4736	PWY-2881	left	trans -zeatin- O -glucoside	C03423	25244165	38266
CPD-4622	RXN-4736	PWY-2881	right	trans -zeatin- O -glucoside-7- N -glucoside		25245008	
CPD-4618	RXN-4733	PWY-2881	right	cis -zeatin-7- N -glucoside	C16443	25244153	80494
CPD-4610	RXN-4731	PWY-2881	right	kinetin-7- N -glucoside		25202817	168567
CPD-4607	RXN-4729	PWY-2881	right	benzyladenine-7- N -glucoside		25201158	
CPD-4602	RXN-4727	PWY-2881	right	isopentenyladenine-7- N -glucoside		25202675	74321
CPD-4615	RXN-4724	PWY-2881	right	dihydrozeatin-7- N -glucose		25201421	133475
CPD-4612	RXN-4721	PWY-2881	right	trans -zeatin-7- N -glucoside		25245759	
CPD4FS-1	RXN4FS-3	PWY4FS-4	right	CDP- N -dimethylethanolamine		54758643	65117
CPD4FS-1	RXN4FS-4	PWY4FS-4	left	CDP- N -dimethylethanolamine		54758643	65117
DTDP-DEOH-DEOXY-GLUCOSE	DTDPGLUCDEHYDRAT-RXN	DTDPRHAMSYN-PWY	right	dTDP-4-dehydro-6-deoxy-alpha-D-glucopyranose	C11907	25244163	57649
DTDP-DEOH-DEOXY-GLUCOSE	DTDPDEHYDRHAMEPIM-RXN	DTDPRHAMSYN-PWY	left	dTDP-4-dehydro-6-deoxy-alpha-D-glucopyranose	C11907	25244163	57649
DTDP-D-GLUCOSE	DTDPGLUCOSEPP-RXN	DTDPRHAMSYN-PWY	right	dTDP-alpha-D-glucose	C00842	25202390	57477
DTDP-D-GLUCOSE	DTDPGLUCDEHYDRAT-RXN	DTDPRHAMSYN-PWY	left	dTDP-alpha-D-glucose	C00842	25202390	57477
DTDP-DEOH-DEOXY-MANNOSE	DTDPDEHYDRHAMEPIM-RXN	DTDPRHAMSYN-PWY	right	dTDP-4-dehydro-beta-L-rhamnose	C00688	53356769	62830
DTDP-DEOH-DEOXY-MANNOSE	DTDPDEHYRHAMREDUCT-RXN	DTDPRHAMSYN-PWY	right	dTDP-4-dehydro-beta-L-rhamnose	C00688	53356769	62830
4-HYDROXY-BUTYRATE	RXN-11002	PWY-4321	left	4-hydroxybutanoate	C00989	3037032	16724
4-HYDROXY-BUTYRATE	RXN-11002	PWY-6473	left	4-hydroxybutanoate	C00989	3037032	16724
CPD-8122	RXN-8344	PWY-8171	right	adenylyl-molybdopterin	C19848	135926597	62727
CPD-8122	RXN-21563	PWY-8171	left	adenylyl-molybdopterin	C19848	135926597	62727
CPD-15870	RXN-21563	PWY-8171	right	MoO 2 (OH)-molybdopterin cofactor	C18237	135926587;90657564	71302
CPD-3	ABC-19-RXN	PWY-8171	right	molybdate	C06232	24621	36264
CPD-3	ABC-19-RXN	PWY-8171	left	molybdate	C06232	24621	36264
CPD-3	RXN-21563	PWY-8171	left	molybdate	C06232	24621	36264
CPD-12321	RXNARA-8002	PWY-6475	right	15- cis -phytoene	C05421	9963391	27787
CPD-12321	RXN-12243	PWY-6475	left	15- cis -phytoene	C05421	9963391	27787
CPD-13171	RXN-12243	PWY-6475	right	15,9'-di- cis -phytofluene	C19765	51351778	61990
CPD-13171	RXN-12244	PWY-6475	left	15,9'-di- cis -phytofluene	C19765	51351778	61990
CPD-7535	RXN-11354	PWY-6475	left	9,15,9'-tri- cis -&zeta;-carotene	C19764	24755586	48717
CPD-7535	RXN-12244	PWY-6475	right	9,15,9'-tri- cis -&zeta;-carotene	C19764	24755586	48717
CPD-7524	RXN-11356	PWY-6475	right	7,9,9'- cis -neurosporene	C19759	25244751	62463
CPD-7524	RXN-11357	PWY-6475	left	7,9,9'- cis -neurosporene	C19759	25244751	62463
CPD-7496	RXN-11357	PWY-6475	right	prolycopene	C15858	10918539	62466
CPD-7496	RXN-8042	PWY-6475	left	prolycopene	C15858	10918539	62466
CPD1F-114	RXN1F-150	PWY-5943	left	all-trans -lycopene	C05432	446925	15948
CPD1F-114	RXN-8042	PWY-6475	right	all-trans -lycopene	C05432	446925	15948
CPD-464	2.5.1.32-RXN	PWY-6475	right	prephytoene diphosphate	C03427	122706259	58011
CPD-464	RXNARA-8002	PWY-6475	left	prephytoene diphosphate	C03427	122706259	58011
CPD-7526	RXN-11356	PWY-6475	left	9,9'-di- cis -&zeta;-carotene	C15857	6440490	48716
CPD-7526	RXN-11354	PWY-6475	right	9,9'-di- cis -&zeta;-carotene	C15857	6440490	48716
CPD-19795	RXN-10876	PWY-6546	right	castasterone 22- O -sulfate		126961041	
CPD-19794	RXN-10875	PWY-6546	right	brassinolide 22-O-sulfate		126961119	
CPDQT-523	RXNQT-4397	PWY-6546	right	brassinolide-23-O-glucoside		102515310	
CPDQT-522	RXNQT-4398	PWY-6546	right	castasterone-23-O-glucoside		102514996	133472
CPD-12501	RXN-11541	PWY-6546	right	26-hydroxybrassinolide	C19874	46926128	133461
CPD-12500	RXN-11540	PWY-6546	right	26-hydroxycastasterone	C19873	46926212	133216
CPD-7409	RXN-8025	PWY-5944	right	beta-cryptoxanthin	C08591	5281235	10362
CPD-7409	RXN-8026	PWY-5944	left	beta-cryptoxanthin	C08591	5281235	10362
CPD-7093	RXN-15464	PWY-7489	right	oryzalexin A	C09148	158755	78258
CPD-7093	RXN-15467	PWY-7489	left	oryzalexin A	C09148	158755	78258
CPD-16614	RXN-15465	PWY-7489	right	oryzalexin C		176495	
CPD-16614	RXN-15467	PWY-7489	right	oryzalexin C		176495	
CPD-16613	RXN-15465	PWY-7489	left	oryzalexin B		176496	
CPD-16613	RXN-15466	PWY-7489	right	oryzalexin B		176496	
CPD-16612	RXN-15382	PWY-7478	right	oryzalexin D	C21562	86289489	78256
CPD-16612	RXN-15466	PWY-7489	left	oryzalexin D	C21562	86289489	78256
CPD-16612	RXN-15441	PWY-7478	right	oryzalexin D	C21562	86289489	78256
CPD-16612	RXN-15464	PWY-7489	left	oryzalexin D	C21562	86289489	78256
DELTA1-PYRROLINE_2-CARBOXYLATE	RXN-6861	PWY-4281	right	1-pyrroline-2-carboxylate	C03564	11966218	17425
DELTA1-PYRROLINE_2-CARBOXYLATE	PYRROLINE-2-CARBOXYLATE-REDUCTASE-RXN	PWY-4281	right	1-pyrroline-2-carboxylate	C03564	11966218	17425
5-AMINO-2-OXOPENTANOATE	RXN-6861	PWY-4281	left	5-amino-2-oxopentanoate	C01110	25200452	58802
2-D-THREO-HYDROXY-3-CARBOXY-ISOCAPROATE	RXN-8991	LEUSYN-PWY	left	(2 R ,3 S )-3-isopropylmalate	C04411	6857402	35121
2-D-THREO-HYDROXY-3-CARBOXY-ISOCAPROATE	3-ISOPROPYLMALDEHYDROG-RXN	LEUSYN-PWY	left	(2 R ,3 S )-3-isopropylmalate	C04411	6857402	35121
CPD-9451	3-ISOPROPYLMALISOM-RXN	LEUSYN-PWY	left	2-isopropylmaleate	C02631	21954611	58085
CPD-9451	RXN-8991	LEUSYN-PWY	right	2-isopropylmaleate	C02631	21954611	58085
CPD-7100	RXN-7800	LEUSYN-PWY	left	(2 S )-2-isopropyl-3-oxosuccinate	C04236	6419705	17214
CPD-7100	3-ISOPROPYLMALDEHYDROG-RXN	LEUSYN-PWY	right	(2 S )-2-isopropyl-3-oxosuccinate	C04236	6419705	17214
3-CARBOXY-3-HYDROXY-ISOCAPROATE	3-ISOPROPYLMALISOM-RXN	LEUSYN-PWY	right	(2 S )-2-isopropylmalate	C02504	6419727	1178
3-CARBOXY-3-HYDROXY-ISOCAPROATE	2-ISOPROPYLMALATESYN-RXN	LEUSYN-PWY	right	(2 S )-2-isopropylmalate	C02504	6419727	1178
6-Dimethylallyladenosine37-tRNAs	RXN-4544	PWY-2781	left	N 6 -(3-methylbut-2-en-1-yl)-adenine 37 in tRNA			
6-Dimethylallyladenosine37-tRNAs	RXN0-6274	PWY-2781	right	N 6 -(3-methylbut-2-en-1-yl)-adenine 37 in tRNA			
CPD-4443	RXN-4545	PWY-2781	right	cis -zeatin riboside monophosphate	C16441	91819762	80493
CPD-4443	RXN-4542	PWY-2781	left	cis -zeatin riboside monophosphate	C16441	91819762	80493
Cis-Prenyl-tRNAs	RXN-4545	PWY-2781	left	cis-hydroxy-prenyl-tRNA	C16467		80510
Cis-Prenyl-tRNAs	RXN-4544	PWY-2781	right	cis-hydroxy-prenyl-tRNA	C16467		80510
CPD-4442	RXN-4541	PWY-2781	left	cis -zeatin riboside	C16449	13935024	20833
CPD-4442	RXN-4542	PWY-2781	right	cis -zeatin riboside	C16449	13935024	20833
CPD-497	PSEUDOURIDINE-KINASE-RXN	PWY-6019	left	pseudouridine	C02067	15047	17802
PSEUDOURIDINE-5-P	PSEUDOURIDINE-KINASE-RXN	PWY-6019	right	pseudouridine 5'-phosphate	C01168	25245232	58380
PSEUDOURIDINE-5-P	RXN0-5398	PWY-6019	right	pseudouridine 5'-phosphate	C01168	25245232	58380
CPD-15317	RXN-4314	PWY-2681	right	D-ribofuranose 5-phosphate		24794349	78346
CPD-15317	RXN0-5398	PWY-6019	left	D-ribofuranose 5-phosphate		24794349	78346
CPD-15317	RXN-4313	PWY-2681	right	D-ribofuranose 5-phosphate		24794349	78346
AMINO-HYDROXYMETHYL-METHYL-PYR-P	PYRIMSYN3-RXN	PWY-6890	left	4-amino-2-methyl-5-(phosphooxymethyl)pyrimidine	C04556	25244846	58354
AMINO-HYDROXYMETHYL-METHYL-PYR-P	PYRIMSYN1-RXN	PWY-6890	right	4-amino-2-methyl-5-(phosphooxymethyl)pyrimidine	C04556	25244846	58354
CPD-7096	RXN-14426	PWY-7253	right	apigeninidin	C08574	159361	2772
CPD-7096	RXN-14427	PWY-7253	left	apigeninidin	C08574	159361	2772
CPD-15272	RXN-14427	PWY-7253	right	apigeninidin 5- O -beta-D-glucoside		90658638	
CPD-11940	RXN-14426	PWY-7253	left	apiforol	C12124	443638	74812
CPD-11940	RXN-14425	PWY-7253	left	apiforol	C12124	443638	74812
INOSINE	INOSINE-NUCLEOSIDASE-RXN	PWY-6596	left	inosine	C00294	135398641	17596
INOSINE	RXN-7607	PWY-6596	right	inosine	C00294	135398641	17596
CYTOSINE	TRANS-RXN-199	PWY-6227	left	cytosine	C00380	597	16040
CYTOSINE	TRANS-RXN-199	PWY-6227	right	cytosine	C00380	597	16040
PURINE	TRANS-RXN-195	PWY-6227	right	purine	C15587	1044	35584
PURINE	TRANS-RXN-195	PWY-6227	left	purine	C15587	1044	35584
BENZALDEHYDE	BENZALDEHYDE-DEHYDROGENASE-NAD+-RXN	PWY-6444	left	benzaldehyde	C00261	240	17169
BENZALDEHYDE	RXN-24254	PWY-6444	right	benzaldehyde	C00261	240	17169
BIOTIN	RXN-17473	PWY0-1507	right	biotin	C00120	6560210	57586
BIOTIN	BIOTINLIG-RXN	PWY0-1264	left	biotin	C00120	6560210	57586
CPD-5662	RXN-17473	PWY0-1507	left	4,5-secobiotin		25244092	133388
CPD-5662	RXN-17472	PWY0-1507	right	4,5-secobiotin		25244092	133388
DETHIOBIOTIN	RXN-17472	PWY0-1507	left	dethiobiotin	C01909	36688063	149473;57861
DETHIOBIOTIN	DETHIOBIOTIN-SYN-RXN	PWY0-1507	right	dethiobiotin	C01909	36688063	149473;57861
S-ADENOSYL-4-METHYLTHIO-2-OXOBUTANOATE	DAPASYN-RXN	PWY0-1507	right	S-adenosyl-4-methylsulfanyl-2-oxobutanoate	C04425	5459852	16490
8-AMINO-7-OXONONANOATE	DAPASYN-RXN	PWY0-1507	left	(8 S )-8-amino-7-oxononanoate	C01092	36688192	149468;57532
DIAMINONONANOATE	DETHIOBIOTIN-SYN-RXN	PWY0-1507	left	(7 R ,8 S )-diaminononanoate	C01037	28145934	149469;58500
DIAMINONONANOATE	DAPASYN-RXN	PWY0-1507	right	(7 R ,8 S )-diaminononanoate	C01037	28145934	149469;58500
CELLULOSE	CELLULOSE-SYNTHASE-UDP-FORMING-RXN	PWY-1001	right	cellulose			
CELLULOSE	CELLULOSE-SYNTHASE-UDP-FORMING-RXN	PWY-1001	left	cellulose			
CPD-21265	RXN-19635	PWY-7994	right	dolabradiene	C22008	12309316	141822
CPD-21265	RXN-19636	PWY-7994	left	dolabradiene	C22008	12309316	141822
CPD-21268	RXN-19638	PWY-7994	right	3beta,15,16-trihydroxydolabrene		134820160	
CPD-21267	RXN-19638	PWY-7994	left	3beta-hydroxy-15,16-epoxydolabrene	C22010	134820497	
CPD-21267	RXN-19637	PWY-7994	right	3beta-hydroxy-15,16-epoxydolabrene	C22010	134820497	
CPD-21266	RXN-19637	PWY-7994	left	15,16-epoxydolabrene	C22009	134814701	141821
CPD-21266	RXN-19636	PWY-7994	right	15,16-epoxydolabrene	C22009	134814701	141821
Poly-Gamma-Glutamylcysteine-Glycines	2.3.2.15-RXN	PWY-6745	right	a phytochelatin			60836
Poly-Gamma-Glutamylcysteine-Glycines	2.3.2.15-RXN	PWY-6745	left	a phytochelatin			60836
Man8GlcNAc2-protein-A123B13	RXN-18909	PWY-7918	right	Man 8 (GlcNAc) 2 -[protein] (isomer 8A 1,2,3 B 1,3 )			
Man8GlcNAc2-protein-A123B13	RXN-18926	PWY-7919	left	Man 8 (GlcNAc) 2 -[protein] (isomer 8A 1,2,3 B 1,3 )			
Man8GlcNAc2-protein-A123B13	RXN-18909	PWY-7919	right	Man 8 (GlcNAc) 2 -[protein] (isomer 8A 1,2,3 B 1,3 )			
Man8GlcNAc2-protein-A123B13	RXN-18916	PWY-7919	left	Man 8 (GlcNAc) 2 -[protein] (isomer 8A 1,2,3 B 1,3 )			
CPD-12601	RXN-18928	PWY-7919	right	beta-D-mannopyranose	C02209	439680	28563
CPD-12601	RXN-18930	PWY-7919	right	beta-D-mannopyranose	C02209	439680	28563
CPD-12601	RXN-18922	PWY-7919	right	beta-D-mannopyranose	C02209	439680	28563
CPD-12601	RXN-18920	PWY-7919	right	beta-D-mannopyranose	C02209	439680	28563
CPD-12601	RXN-18921	PWY-7919	right	beta-D-mannopyranose	C02209	439680	28563
CPD-12601	RXN-18919	PWY-7919	right	beta-D-mannopyranose	C02209	439680	28563
CPD-12601	RXN-18918	PWY-7919	right	beta-D-mannopyranose	C02209	439680	28563
CPD-12601	RXN-18927	PWY-7919	right	beta-D-mannopyranose	C02209	439680	28563
CPD-12601	RXN-18916	PWY-7919	right	beta-D-mannopyranose	C02209	439680	28563
CPD-12601	RXN-18923	PWY-7919	right	beta-D-mannopyranose	C02209	439680	28563
CPD-12601	RXN-18931	PWY-7919	right	beta-D-mannopyranose	C02209	439680	28563
CPD-12601	RXN-18909	PWY-7918	right	beta-D-mannopyranose	C02209	439680	28563
CPD-12601	RXN-18917	PWY-7919	right	beta-D-mannopyranose	C02209	439680	28563
CPD-12601	RXN-18929	PWY-7919	right	beta-D-mannopyranose	C02209	439680	28563
CPD-12601	RXN-18926	PWY-7919	right	beta-D-mannopyranose	C02209	439680	28563
CPD-12601	RXN-18924	PWY-7919	right	beta-D-mannopyranose	C02209	439680	28563
CPD-12601	RXN-18909	PWY-7919	right	beta-D-mannopyranose	C02209	439680	28563
Man9GlcNAc2-proteins	RXN-18922	PWY-7919	left	Man 9 GlcNAc 2 -[protein] (isomer 9A 1,2,3 B 1,2,3 )			
Man9GlcNAc2-proteins	RXN-18909	PWY-7918	left	Man 9 GlcNAc 2 -[protein] (isomer 9A 1,2,3 B 1,2,3 )			
Man9GlcNAc2-proteins	RXN-18923	PWY-7919	left	Man 9 GlcNAc 2 -[protein] (isomer 9A 1,2,3 B 1,2,3 )			
Man9GlcNAc2-proteins	RXN-18908	PWY-7919	right	Man 9 GlcNAc 2 -[protein] (isomer 9A 1,2,3 B 1,2,3 )			
Man9GlcNAc2-proteins	RXN-18908	PWY-7918	right	Man 9 GlcNAc 2 -[protein] (isomer 9A 1,2,3 B 1,2,3 )			
Man9GlcNAc2-proteins	RXN-18909	PWY-7919	left	Man 9 GlcNAc 2 -[protein] (isomer 9A 1,2,3 B 1,2,3 )			
GlcMan9GlcNAc2-proteins	RXN-18908	PWY-7918	left	GlcMan 9 (GlcNAc) 2 -[protein]			
GlcMan9GlcNAc2-proteins	RXN-18907	PWY-7918	right	GlcMan 9 (GlcNAc) 2 -[protein]			
GlcMan9GlcNAc2-proteins	RXN-18907	PWY-7919	right	GlcMan 9 (GlcNAc) 2 -[protein]			
GlcMan9GlcNAc2-proteins	RXN-18908	PWY-7919	left	GlcMan 9 (GlcNAc) 2 -[protein]			
GlcMan9GlcNAc2-proteins	3.2.1.130-RXN	PWY-7919	left	GlcMan 9 (GlcNAc) 2 -[protein]			
ALPHA-GLUCOSE	RXN-18907	PWY-7919	right	alpha-D-glucopyranose	C00267	79025	17925
ALPHA-GLUCOSE	RXN-18907	PWY-7918	right	alpha-D-glucopyranose	C00267	79025	17925
ALPHA-GLUCOSE	RXN-18908	PWY-7918	right	alpha-D-glucopyranose	C00267	79025	17925
ALPHA-GLUCOSE	RXN-18908	PWY-7919	right	alpha-D-glucopyranose	C00267	79025	17925
Glc2Man9GlcNAc2-proteins	3.2.1.106-RXN	PWY-7919	right	Glc 2 Man 9 (GlcNAc) 2 -[protein]			
Glc2Man9GlcNAc2-proteins	RXN-18907	PWY-7918	left	Glc 2 Man 9 (GlcNAc) 2 -[protein]			
Glc2Man9GlcNAc2-proteins	RXN-18907	PWY-7919	left	Glc 2 Man 9 (GlcNAc) 2 -[protein]			
Glc2Man9GlcNAc2-proteins	3.2.1.106-RXN	PWY-7918	right	Glc 2 Man 9 (GlcNAc) 2 -[protein]			
INOSITOL-1456-TETRAKISPHOSPHATE	RXN-7182	PWY-4541	left	D- myo -inositol (1,4,5,6)-tetrakisphosphate	C11555	25201642	57627
INOSITOL-1456-TETRAKISPHOSPHATE	RXN-7162	PWY-4541	left	D- myo -inositol (1,4,5,6)-tetrakisphosphate	C11555	25201642	57627
INOSITOL-1456-TETRAKISPHOSPHATE	2.7.1.151-RXN	PWY-4541	right	D- myo -inositol (1,4,5,6)-tetrakisphosphate	C11555	25201642	57627
NITRIC-OXIDE	RXN-16818	PWY-7683	right	nitric oxide	C00533	145068	16480
NITRIC-OXIDE	RXN-16805	PWY-7683	left	nitric oxide	C00533	145068	16480
HYDROXYLAMINE	RXN-16818	PWY-7683	left	hydroxylamine	C00192	787	15429
HYDROXYLAMINE	RXN-16809	PWY-7683	right	hydroxylamine	C00192	787	15429
CPD-8809	RXN-8609	PWY-6291	right	7- epi -alpha-selinene	C20159	10726905	62224
CPD-7989	RXN-8608	PWY-6291	right	(+)-valencene	C17277	9855795	61700
CPD-16627	RXN-15441	PWY-7478	left	7beta-hydroxy- ent -sandaracopimaradiene		90658914	
CPD-16627	RXN-15394	PWY-7478	right	7beta-hydroxy- ent -sandaracopimaradiene		90658914	
CPD-4753	RXN-4884	PWY-2981	right	ent -sandaracopimaradiene	C11877	12314278	50061
CPD-4753	RXN-15379	PWY-7478	left	ent -sandaracopimaradiene	C11877	12314278	50061
CPD-4753	RXN-15394	PWY-7478	left	ent -sandaracopimaradiene	C11877	12314278	50061
CPD-16610	RXN-15381	PWY-7478	left	ent -sandaracopimaradien-3beta-ol	C21560	86289488	78255
CPD-16610	RXN-15382	PWY-7478	left	ent -sandaracopimaradien-3beta-ol	C21560	86289488	78255
CPD-16610	RXN-15379	PWY-7478	right	ent -sandaracopimaradien-3beta-ol	C21560	86289488	78255
CPD-16611	RXN-15381	PWY-7478	right	oryzalexin E	C21561	86289490	78259
MYRICETIN	RXN-8450	PWY-3101	right	myricetin	C10107	25201643	58395
CPD-7087	RXN-13718	PWY-3101	right	(+)-dihydromyricetin	C02906	25244375	28429
CPD-7087	RXN-8450	PWY-3101	left	(+)-dihydromyricetin	C02906	25244375	28429
CPD-7087	RXN-7782	PWY-3101	right	(+)-dihydromyricetin	C02906	25244375	28429
CPD-7079	RXN-7773	PWY-5116	right	(2 S )-sakuranetin	C09833	73571	28927
CPD-7864	RXN-14496	PWY-7280	left	ternatin C5	C16303	102515282	55335
CPD-15371	RXN-14496	PWY-7280	right	ternatin C3		102515454	
CPD-8674	RXN-14496	PWY-7280	left	1- O -(4-coumaroyl)-beta-D-glucose	C16827	14158117	71498
ADENYLOSUCC	ADENYLOSUCCINATE-SYNTHASE-RXN	PWY-7219	right	adenylosuccinate	C03794	46878398	57567
ADENYLOSUCC	AMPSYN-RXN	PWY-7219	left	adenylosuccinate	C03794	46878398	57567
CARDIOLIPIN	RXN-8141	PWY-5269	right	a cardiolipin	C05980		62237
DCDP	DCDPKIN-RXN	PWY-7184	left	dCDP	C00705	21122964	58593
DCDP	CDPREDUCT-RXN	PWY-7184	left	dCDP	C00705	21122964	58593
DUDP	DUDPKIN-RXN	PWY-7184	left	dUDP	C01346	25246037	60471
DUDP	UDPREDUCT-RXN	PWY-7184	left	dUDP	C01346	25246037	60471
BILIVERDINE	RXN-17523	PWY-7170	right	( Z,Z )-biliverdin-IX alpha	C00500	25245769	57991
BILIVERDINE	1.3.7.4-RXN	PWY-7170	right	( Z,Z )-biliverdin-IX alpha	C00500	25245769	57991
3Z-PHYTOCHROMOBILIN	1.3.7.4-RXN	PWY-7170	left	(3Z)-phytochromobilin	C05913	25246013	57439
3Z-PHYTOCHROMOBILIN	RXN-13968	PWY-7170	left	(3Z)-phytochromobilin	C05913	25246013	57439
CPD-15004	RXN-13968	PWY-7170	right	(3E)-phytochromobilin		90658972	
1-4-D-xylooligosaccharides	3.2.1.37-RXN	PWY-6717	left	a (1->4)-beta-D-xylan oligosaccharide			
1-4-D-xylooligosaccharides	3.2.1.8-RXN	PWY-6717	right	a (1->4)-beta-D-xylan oligosaccharide			
BETA-D-XYLOSE	3.2.1.37-RXN	PWY-6717	right	beta-D-xylopyranose	C02096	125409	28161
CPD-14010	RXN-12963	PWY-6982	right	2,4-dihydroxycinnamoyl-CoA		90657794	142398
CPD-14010	RXN-12965	PWY-6982	left	2,4-dihydroxycinnamoyl-CoA		90657794	142398
CPD-8186	RXN-12965	PWY-6982	right	umbelliferone	C09315	5281426	27510
Man7GlcNAc2-protein-A12B12	RXN-18930	PWY-7919	right	Man 7 (GlcNAc) 2 -[protein] (isomer 7A 1,2 B 1,2 )			
Man7GlcNAc2-protein-A12B12	RXN-18931	PWY-7919	left	Man 7 (GlcNAc) 2 -[protein] (isomer 7A 1,2 B 1,2 )			
Man6-GlcNAc2-protein-A12B2	RXN-18920	PWY-7919	right	Man 6 (GlcNAc) 2 -[protein] (isomer 6A 1,2 B 2 )			
Man6-GlcNAc2-protein-A12B2	RXN-18921	PWY-7919	left	Man 6 (GlcNAc) 2 -[protein] (isomer 6A 1,2 B 2 )			
Man6-GlcNAc2-protein-A12B2	RXN-18931	PWY-7919	right	Man 6 (GlcNAc) 2 -[protein] (isomer 6A 1,2 B 2 )			
Man8-GlcNAc2-protein-A123B12	3.2.1.130-RXN	PWY-7919	right	Man 8 (GlcNAc) 2 -[protein] (isomer 8A 1,2,3 B 1,2 )			
Man8-GlcNAc2-protein-A123B12	RXN-18930	PWY-7919	left	Man 8 (GlcNAc) 2 -[protein] (isomer 8A 1,2,3 B 1,2 )			
Man8-GlcNAc2-protein-A123B12	RXN-18919	PWY-7919	left	Man 8 (GlcNAc) 2 -[protein] (isomer 8A 1,2,3 B 1,2 )			
Man8-GlcNAc2-protein-A123B12	RXN-18922	PWY-7919	right	Man 8 (GlcNAc) 2 -[protein] (isomer 8A 1,2,3 B 1,2 )			
Man7GlcNAc2-protein-A123B1	RXN-18926	PWY-7919	right	Man 7 (GlcNAc) 2 -protein (isomer 7A 1,2,3 B 1 )			
Man7GlcNAc2-protein-A123B1	RXN-18927	PWY-7919	left	Man 7 (GlcNAc) 2 -protein (isomer 7A 1,2,3 B 1 )			
Man7GlcNAc2-protein-A123B1	RXN-18929	PWY-7919	left	Man 7 (GlcNAc) 2 -protein (isomer 7A 1,2,3 B 1 )			
Man6GlcNAc2-protein-A123	RXN-18917	PWY-7919	right	Man 6 (GlcNAc) 2 -[protein] (isomer 6A 1,2,3 )			
Man6GlcNAc2-protein-A123	RXN-18918	PWY-7919	left	Man 6 (GlcNAc) 2 -[protein] (isomer 6A 1,2,3 )			
Man6GlcNAc2-protein-A123	RXN-18929	PWY-7919	right	Man 6 (GlcNAc) 2 -[protein] (isomer 6A 1,2,3 )			
Mannosyl5-N-Glycans	RXN-18918	PWY-7919	right	Man 5 (GlcNAc) 2 -[protein] (isomer 5A 1,2 )			
Mannosyl5-N-Glycans	RXN-18921	PWY-7919	right	Man 5 (GlcNAc) 2 -[protein] (isomer 5A 1,2 )			
Mannosyl5-N-Glycans	RXN-18928	PWY-7919	right	Man 5 (GlcNAc) 2 -[protein] (isomer 5A 1,2 )			
Man6GlcNAc2-protein-A12B1	RXN-18927	PWY-7919	right	Man 6 (GlcNAc) 2 -[protein] (isomer 6A 1,2 B 1 )			
Man6GlcNAc2-protein-A12B1	RXN-18928	PWY-7919	left	Man 6 (GlcNAc) 2 -[protein] (isomer 6A 1,2 B 1 )			
Man8GlcNAc2-protein-A123B23	RXN-18923	PWY-7919	right	Man 8 (GlcNAc) 2 -[protein] (isomer 8A 1,2,3 B 2,3 )			
Man8GlcNAc2-protein-A123B23	RXN-18924	PWY-7919	left	Man 8 (GlcNAc) 2 -[protein] (isomer 8A 1,2,3 B 2,3 )			
Man7GlcNAc2-protein-A123B2	RXN-18924	PWY-7919	right	Man 7 GlcNAc 2 -[protein] (isomer 7A 1,2,3 B 2 )			
Man7GlcNAc2-protein-A123B2	RXN-18919	PWY-7919	right	Man 7 GlcNAc 2 -[protein] (isomer 7A 1,2,3 B 2 )			
Man7GlcNAc2-protein-A123B2	RXN-18920	PWY-7919	left	Man 7 GlcNAc 2 -[protein] (isomer 7A 1,2,3 B 2 )			
Man7GlcNAc2-protein-A123B3	RXN-18916	PWY-7919	right	Man 7 (GlcNAc) 2 -[protein] (isomer 7A 1,2,3 B 3 )			
Man7GlcNAc2-protein-A123B3	RXN-18917	PWY-7919	left	Man 7 (GlcNAc) 2 -[protein] (isomer 7A 1,2,3 B 3 )			
CPD-13557	3.2.1.130-RXN	PWY-7919	right	alpha-D-glucosyl-(1->3)-alpha-D-mannose		90658077	
CPD1F-126	RXN1F-150	PWY-5943	right	gamma-carotene	C05435	5280791	27740
CPD1F-126	RXN1F-151	PWY-5943	left	gamma-carotene	C05435	5280791	27740
CPD-7097	RXN-7788	PWY-2981	right	ent -pimara-8(14),15-diene	C18228	12314280	50063
CPD-16680	RXN-15440	PWY-2981	left	9beta-stemod-13(17)-en-19-al		90658121	
CPD-16680	RXN-15439	PWY-2981	right	9beta-stemod-13(17)-en-19-al		90658121	
CPD-16681	RXN-15440	PWY-2981	right	9beta-stemod-13(17)-en-19-oate	C20208	71448974	
CPD-16681	RXN-15437	PWY-2981	right	9beta-stemod-13(17)-en-19-oate	C20208	71448974	
CPD-16679	RXN-15439	PWY-2981	left	9beta-stemod-13(17)-en-19-ol		90657801	
CPD-16679	RXN-15438	PWY-2981	right	9beta-stemod-13(17)-en-19-ol		90657801	
CPD-9907	RXN-9291	PWY-2981	right	9beta-stemod-13(17)-ene	C18224	24798689	50068
CPD-9907	RXN-15437	PWY-2981	left	9beta-stemod-13(17)-ene	C18224	24798689	50068
CPD-9907	RXN-15438	PWY-2981	left	9beta-stemod-13(17)-ene	C18224	24798689	50068
CPD-8719	RXN-4883	PWY-2981	left	9alpha-copalyl diphosphate	C11902	25244367	58622
CPD-8719	RXN-9291	PWY-2981	left	9alpha-copalyl diphosphate	C11902	25244367	58622
CPD-8719	RXN-8528	PWY-2981	right	9alpha-copalyl diphosphate	C11902	25244367	58622
CPD-8719	RXN-4882	PWY-2981	left	9alpha-copalyl diphosphate	C11902	25244367	58622
CPD-4751	RXN-4881	PWY-2981	right	ent -cassa-12,15-diene	C18226	11471283	50060
CPD-4752	RXN-4882	PWY-2981	right	stemar-13-ene	C18223	15161496	50069
DIAMINO-OH-PHOSPHORIBOSYLAMINO-PYR	RIBOFLAVINSYNDEAM-RXN	RIBOSYN2-PWY	left	2,5-diamino-6-(5-phospho-D-ribosylamino)pyrimidin-4(3H)-one	C01304	135398600	29114
DIAMINO-OH-PHOSPHORIBOSYLAMINO-PYR	GTP-CYCLOHYDRO-II-RXN	RIBOSYN2-PWY	right	2,5-diamino-6-(5-phospho-D-ribosylamino)pyrimidin-4(3H)-one	C01304	135398600	29114
CPD-602	RIBOFLAVINSYNREDUC-RXN	RIBOSYN2-PWY	right	5-amino-6-(5-phospho-D-ribosylamino)uracil	C01268	25245199	58453
CPD-602	RIBOFLAVINSYNDEAM-RXN	RIBOSYN2-PWY	right	5-amino-6-(5-phospho-D-ribosylamino)uracil	C01268	25245199	58453
CPD-1086	RIBOPHOSPHAT-RXN	RIBOSYN2-PWY	left	5-amino-6-(5-phospho-D-ribitylamino)uracil	C04454	45266638	58421
CPD-1086	RIBOFLAVINSYNREDUC-RXN	RIBOSYN2-PWY	left	5-amino-6-(5-phospho-D-ribitylamino)uracil	C04454	45266638	58421
DIHYDROXY-BUTANONE-P	LUMAZINESYN-RXN	RIBOSYN2-PWY	left	1-deoxy-L-glycero-tetrulose 4-phosphate	C15556	90658385	50606
DIHYDROXY-BUTANONE-P	DIOHBUTANONEPSYN-RXN	RIBOSYN2-PWY	right	1-deoxy-L-glycero-tetrulose 4-phosphate	C15556	90658385	50606
AMINO-RIBOSYLAMINO-1H-3H-PYR-DIONE	RIBOFLAVIN-SYN-RXN	RIBOSYN2-PWY	right	5-amino-6-(D-ribitylamino)uracil	C04732	193516	15934
AMINO-RIBOSYLAMINO-1H-3H-PYR-DIONE	LUMAZINESYN-RXN	RIBOSYN2-PWY	left	5-amino-6-(D-ribitylamino)uracil	C04732	193516	15934
AMINO-RIBOSYLAMINO-1H-3H-PYR-DIONE	RIBOPHOSPHAT-RXN	RIBOSYN2-PWY	right	5-amino-6-(D-ribitylamino)uracil	C04732	193516	15934
DIMETHYL-D-RIBITYL-LUMAZINE	RIBOFLAVIN-SYN-RXN	RIBOSYN2-PWY	left	6,7-dimethyl-8-(1-D-ribityl)lumazine	C04332	46931117	58201
DIMETHYL-D-RIBITYL-LUMAZINE	LUMAZINESYN-RXN	RIBOSYN2-PWY	right	6,7-dimethyl-8-(1-D-ribityl)lumazine	C04332	46931117	58201
RIBOFLAVIN	RIBOFLAVINKIN-RXN	RIBOSYN2-PWY	left	riboflavin	C00255	45480541	57986
RIBOFLAVIN	RIBOFLAVIN-SYN-RXN	RIBOSYN2-PWY	right	riboflavin	C00255	45480541	57986
FAD	FADSYN-RXN	RIBOSYN2-PWY	right	FAD	C00016	46906035	57692
FAD	RXN-4662	PWY-2841	left	FAD	C00016	46906035	57692
FAD	RXN-4641	PWY-2841	left	FAD	C00016	46906035	57692
FAD	RXN-4661	PWY-2841	left	FAD	C00016	46906035	57692
FAD	RXN-4621	PWY-2841	left	FAD	C00016	46906035	57692
FAD	RXN-4681	PWY-2841	left	FAD	C00016	46906035	57692
FMN	RIBOFLAVINKIN-RXN	RIBOSYN2-PWY	right	FMN	C00061	44229199	58210
FMN	FADSYN-RXN	RIBOSYN2-PWY	left	FMN	C00061	44229199	58210
CPD-14529	RXN-13542	PWY-7075	right	phenylethyl acetate	C12303	7654	31988
CPD-7035	RXN-13542	PWY-7075	left	2-phenylethanol	C05853	6054	49000
CPD-13328	RXN-12350	PWY-6792	left	trans -6-hydroxyferuloyl-CoA	C21459	52940197	
CPD-13328	RXN-12349	PWY-6792	right	trans -6-hydroxyferuloyl-CoA	C21459	52940197	
BCCP-biotin-L-lysine	RXN-7101	PWY0-1264	left	a [biotin carboxyl-carrier protein]- N 6 -biotinyl-L-lysine			
BCCP-biotin-L-lysine	BIOTINLIG-RXN	PWY0-1264	right	a [biotin carboxyl-carrier protein]- N 6 -biotinyl-L-lysine			
BCCP-L-lysine	BIOTINLIG-RXN	PWY0-1264	left	a [biotin carboxyl-carrier protein]-L-lysine			
BETAINE-ALDEHYDE-HYDRATE	RXN1F-357	PWY1F-353	right	betaine aldehyde hydrate	C07345	6395359	15870
BETAINE-ALDEHYDE-HYDRATE	RXN-6268	PWY1F-353	left	betaine aldehyde hydrate	C07345	6395359	15870
BETAINE_ALDEHYDE	RXN-6268	PWY1F-353	right	betaine aldehyde	C00576	249	15710
BETAINE_ALDEHYDE	BADH-RXN	PWY1F-353	left	betaine aldehyde	C00576	249	15710
BETAINE	BADH-RXN	PWY1F-353	right	glycine betaine	C00719	247	17750
CPD-6982	RXN-7633	PWY-5049	left	(R)-3-(3,4-dihydroxyphenyl)lactate		25203144	71492
CPD-6982	RXN-7632	PWY-5049	left	(R)-3-(3,4-dihydroxyphenyl)lactate		25203144	71492
34-DIHYDROXYPHENYLPYRUVATE	2.6.1.49-RXN	PWY-5049	right	3-(3,4-dihydroxyphenyl)pyruvate	C04045	21124401	29055
34-DIHYDROXYPHENYLPYRUVATE	RXN-7632	PWY-5049	right	3-(3,4-dihydroxyphenyl)pyruvate	C04045	21124401	29055
L-DIHYDROXY-PHENYLALANINE	2.6.1.49-RXN	PWY-5049	left	L-dopa	C00355	6971033	57504
L-DIHYDROXY-PHENYLALANINE	TYROSINE-3-MONOOXYGENASE-RXN	PWY-5049	right	L-dopa	C00355	6971033	57504
TETRA-H-BIOPTERIN	TYROSINE-3-MONOOXYGENASE-RXN	PWY-5049	left	5,6,7,8-tetrahydrobiopterin	C00272	135409384	136570
4a-Hydroxytetrahydrobiopterins	TYROSINE-3-MONOOXYGENASE-RXN	PWY-5049	right	a 4a-hydroxytetrahydrobiopterin			
Alpha-linolenoyl-groups	RXN-16046	PWY-5997	right	a [glycerolipid]-alpha-linolenate			
Alpha-linolenoyl-groups	RXN-9667	PWY-5997	right	a [glycerolipid]-alpha-linolenate			
CPD-4483	RXN-4661	PWY-2841	right	(2 E )-4-hydroxy-3-methylbut-2-enal		22841439	
CPD-4483	RXN-4681	PWY-2841	right	(2 E )-4-hydroxy-3-methylbut-2-enal		22841439	
CPD-4208	RXN-4681	PWY-2841	left	trans -zeatin riboside	C16431	6440982	71693
FADH2	RXN-4661	PWY-2841	right	FADH 2	C01352	46931118	58307
FADH2	RXN-4621	PWY-2841	right	FADH 2	C01352	46931118	58307
FADH2	RXN-4641	PWY-2841	right	FADH 2	C01352	46931118	58307
FADH2	RXN-4681	PWY-2841	right	FADH 2	C01352	46931118	58307
FADH2	RXN-4662	PWY-2841	right	FADH 2	C01352	46931118	58307
CPD-4482	RXN-4662	PWY-2841	right	3-methyl-4- cis -hydroxy-2-butenal		12487266	133364
CPD-4207	RXN-4641	PWY-2841	left	isopentenyl adenosine	C16427	24405	62881
PRENAL	RXN-4641	PWY-2841	right	3-methylbut-2-enal	C07330	61020	15825
PRENAL	RXN-4621	PWY-2841	right	3-methylbut-2-enal	C07330	61020	15825
CPD-19219	RXN18C3-61	PWY18C3-24	left	acibenzolar- S -methyl		86412	73178
CPD-19221	RXN18C3-61	PWY18C3-24	right	acibenzolar		10171321	73185
HSCN	THIOSULFATE-SULFURTRANSFERASE-RXN	PWY-5350	right	thiocyanate	C01755	9322	18022
S2O3	THIOSULFATE-SULFURTRANSFERASE-RXN	PWY-5350	left	thiosulfate	C00320	439208	33539
Terminal-Olefins	RXN-13260	PWY-7029	right	a terminal olefin			
CPD-4205	RXN-4308	PWY-2681	left	N 6 -prenyladenosine 5'-phosphate	C04713	25245046	57526
CPD-4205	RXN-4313	PWY-2681	left	N 6 -prenyladenosine 5'-phosphate	C04713	25245046	57526
CPD-4205	RXN-4307	PWY-2681	right	N 6 -prenyladenosine 5'-phosphate	C04713	25245046	57526
CPD-4203	RXN-4305	PWY-2681	right	N 6 -(&Delta; 2 -isopentenyl)-adenosine 5'-diphosphate	C16426	25202829	73533
CPD-4203	RXN-4306	PWY-2681	left	N 6 -(&Delta; 2 -isopentenyl)-adenosine 5'-diphosphate	C16426	25202829	73533
CPD-4201	RXN-4303	PWY-2681	right	N 6 -(&Delta; 2 -isopentenyl)-adenosine 5'-triphosphate	C16424	71464514	73532
CPD-4201	RXN-4304	PWY-2681	left	N 6 -(&Delta; 2 -isopentenyl)-adenosine 5'-triphosphate	C16424	71464514	73532
CPD-4206	RXN-4308	PWY-2681	right	trans -zeatin riboside monophosphate	C16430	25245853	87947
CPD-4206	RXN-4314	PWY-2681	left	trans -zeatin riboside monophosphate	C16430	25245853	87947
CPD-4206	RXN-4312	PWY-2681	right	trans -zeatin riboside monophosphate	C16430	25245853	87947
CPD-4204	RXN-4312	PWY-2681	left	trans -zeatin riboside diphosphate	C16429	25244664	87950
CPD-4204	RXN-4310	PWY-2681	right	trans -zeatin riboside diphosphate	C16429	25244664	87950
CPD-4204	RXN-4306	PWY-2681	right	trans -zeatin riboside diphosphate	C16429	25244664	87950
CPD-4202	RXN-4310	PWY-2681	left	trans -zeatin riboside triphosphate	C16428	91972222	87953
CPD-4202	RXN-4304	PWY-2681	right	trans -zeatin riboside triphosphate	C16428	91972222	87953
Nucleoside-Triphosphates	RXN-7763	PWY-5107	left	a nucleoside triphosphate	C00201		17326
Nucleoside-Triphosphates	DEOXYCYTIDINE-KINASE-RXN	PWY-7199	left	a nucleoside triphosphate	C00201		17326
Nucleoside-Diphosphates	DEOXYCYTIDINE-KINASE-RXN	PWY-7199	right	a nucleoside diphosphate	C00454		57930
Nucleoside-Diphosphates	RXN-7763	PWY-5107	right	a nucleoside diphosphate	C00454		57930
DEOXYCYTIDINE	DEOXYCYTIDINE-KINASE-RXN	PWY-7199	left	2'-deoxycytidine	C00881	13711	15698
DEOXYCYTIDINE	CYTIDEAM-RXN	PWY-7199	left	2'-deoxycytidine	C00881	13711	15698
THYMIDINE	THYKI-RXN	PWY-7199	left	thymidine	C00214	5789	17748
DEOXYURIDINE	DURIDKI-RXN	PWY-7199	left	2'-deoxyuridine	C00526	13712	16450
DEOXYURIDINE	CYTIDEAM-RXN	PWY-7199	right	2'-deoxyuridine	C00526	13712	16450
CPD-16015	RXN-15127	PWY-702	left	2-iminopropanoate	C20904	5288980	77456
CPD-16015	RXN-15124	PWY-702	right	2-iminopropanoate	C20904	5288980	77456
2-AMINOACRYLATE	RXN-15124	PWY-702	left	2-aminoprop-2-enoate	C02218	123991	58020
2-AMINOACRYLATE	RXN-15131	PWY-702	right	2-aminoprop-2-enoate	C02218	123991	58020
L-CYSTATHIONINE	CYSPH-RXN	PWY-702	right	L-cystathionine	C02291	25243997	58161
L-CYSTATHIONINE	RXN-15131	PWY-702	left	L-cystathionine	C02291	25243997	58161
Hydroxymethylbilane-Synthase-ES4	RXN-21525	PWY-8159	left	a [hydroxymethylbilane synthase] ES 4 intermediate			
Hydroxymethylbilane-Synthase-ES4	RXN-21524	PWY-8159	right	a [hydroxymethylbilane synthase] ES 4 intermediate			
Holo-Hydroxymethylbilane-Synthase	RXN-21525	PWY-8159	right	a holo -[hydroxymethylbilane synthase]			
Hydroxymethylbilane-Synthase-ES3	RXN-21523	PWY-8159	right	a [hydroxymethylbilane synthase] ES 3 intermediate			
Hydroxymethylbilane-Synthase-ES3	RXN-21524	PWY-8159	left	a [hydroxymethylbilane synthase] ES 3 intermediate			
Hydroxymethylbilane-Synthase-ES2	RXN-21523	PWY-8159	left	a [hydroxymethylbilane synthase] ES 2 intermediate			
Hydroxymethylbilane-Synthase-ES2	RXN-21522	PWY-8159	right	a [hydroxymethylbilane synthase] ES 2 intermediate			
Hydroxymethylbilane-Synthase-Cys	RXN-21522	PWY-8159	left	an apo -[hydroxymethylbilane synthase]-L-cysteine			
CPD-15895	RXN-11322	PWY-6466	left	aldehydo -D-ribose 5-phosphate		21115541	58273
CPD-3041	RXN-3142	PWY1F-FLAVSYN	right	isoliquiritigenin	C08650	638278	94010
CPD-15172	RXN-14240	PWY-7214	right	6,7-dehydrobaicalein		136630925	
Pyruvate-dehydrogenase-acetylDHlipoyl	RXN0-1134	PYRUVDEHYD-PWY	right	a [pyruvate dehydrogenase E2 protein] N 6 - S -acetyldihydrolipoyl-L-lysine	C16255		80404
Pyruvate-dehydrogenase-acetylDHlipoyl	RXN0-1133	PYRUVDEHYD-PWY	right	a [pyruvate dehydrogenase E2 protein] N 6 - S -acetyldihydrolipoyl-L-lysine	C16255		80404
Pyruvate-dehydrogenase-lipoate	RXN0-1132	PYRUVDEHYD-PWY	right	a [pyruvate dehydrogenase E2 protein] N 6 -lipoyl-L-lysine	C15972		80218
Pyruvate-dehydrogenase-lipoate	RXN0-1134	PYRUVDEHYD-PWY	left	a [pyruvate dehydrogenase E2 protein] N 6 -lipoyl-L-lysine	C15972		80218
Pyruvate-dehydrogenase-dihydrolipoate	RXN0-1133	PYRUVDEHYD-PWY	left	a [pyruvate dehydrogenase E2 protein] N 6 -dihydrolipoyl-L-lysine	C15973		80219
Pyruvate-dehydrogenase-dihydrolipoate	RXN0-1132	PYRUVDEHYD-PWY	left	a [pyruvate dehydrogenase E2 protein] N 6 -dihydrolipoyl-L-lysine	C15973		80219
CPD-397	MMUM-RXN	PWY-5441	left	S -methyl-L-methionine	C03172	7098638	58252
CPD-397	METHIONINE-S-METHYLTRANSFERASE-RXN	PWY-5441	right	S -methyl-L-methionine	C03172	7098638	58252
TREHALOSE-6P	TREHALOSEPHOSPHA-RXN	TRESYN-PWY	left	alpha,alpha-trehalose 6-phosphate	C00689	25246105	58429
TREHALOSE-6P	TREHALOSE6PSYN-RXN	TRESYN-PWY	right	alpha,alpha-trehalose 6-phosphate	C00689	25246105	58429
TREHALOSE	TREHALOSEPHOSPHA-RXN	TRESYN-PWY	right	alpha,alpha-trehalose	C01083	7427	16551
CPD-7726	RXN-8154	PWY-5271	left	dihydroxyphaseic acid	C15971	138319162	23757
CPD-7725	RXN-8154	PWY-5271	right	phaseic acid	C09707	138319106	62069
CPD-7725	RXN-8153	PWY-5271	right	phaseic acid	C09707	138319106	62069
CPD-7234	1.14.13.93-RXN	PWY-5271	right	8'-hydroxyabscisate	C15514	25245404	58490
CPD-7234	RXN-8153	PWY-5271	left	8'-hydroxyabscisate	C15514	25245404	58490
GALACTOSE	ALDOSE1EPIM-RXN	PWY-6317	left	beta-D-galactopyranose	C00962	439353	27667
D-3-HYDROXYACYL-COA	RXN-7699	PWY-5138	left	a 2,3,4-saturated (3 R )-3-hydroxyacyl-CoA	C01086		15456
D-3-HYDROXYACYL-COA	OHBUTYRYL-COA-EPIM-RXN	PWY-5138	left	a 2,3,4-saturated (3 R )-3-hydroxyacyl-CoA	C01086		15456
2-trans-4-cis-dienoyl-CoAs	RXN-7835	PWY-5138	right	a (2E,4Z)-2,4-dienoyl-CoA			
CPD-19776	RXN-18430	PWY-7856	right	hydroxyferroheme i		145865159	147292
CPD-19776	RXN-18431	PWY-7856	left	hydroxyferroheme i		145865159	147292
CPD-13734	RXN-18431	PWY-7856	right	ferroheme a			
CPD-19775	RXN-18430	PWY-7856	left	ferroheme i		145864978	147291
CPD-19775	RXN-18428	PWY-7856	right	ferroheme i		145864978	147291
CPD-17063	HEMEOSYN-RXN	PWY-7856	right	ferroheme o		51351651	60530
CPD-17063	RXN-18428	PWY-7856	left	ferroheme o		51351651	60530
CPD-7025	RXN-7763	PWY-5107	left	phytyl monophosphate	C20764	25245113	75483
CPD-7025	RXN-7683	PWY-5107	right	phytyl monophosphate	C20764	25245113	75483
Soluble-Heteroglycans	RXN-14354	PWY-7238	right	a plant soluble heteroglycan			
Soluble-Heteroglycans	RXN-14354	PWY-7238	left	a plant soluble heteroglycan			
Soluble-Heteroglycans	RXN-14353	PWY-7238	right	a plant soluble heteroglycan			
Soluble-Heteroglycans	RXN-14353	PWY-7238	left	a plant soluble heteroglycan			
3-DEOXY-D-ARABINO-HEPTULOSONATE-7-P	3-DEHYDROQUINATE-SYNTHASE-RXN	PWY-6164	left	3-deoxy-D-arabino-heptulosonate 7-phosphate	C04691	5460215	58394
3-DEOXY-D-ARABINO-HEPTULOSONATE-7-P	DAHPSYN-RXN	PWY-6164	right	3-deoxy-D-arabino-heptulosonate 7-phosphate	C04691	5460215	58394
CPD-510	2.7.7.44-RXN	PWY-4841	left	alpha-D-glucuronate 1-phosphate	C05385	25244365	57897
CPD-510	GLUCURONOKINASE-RXN	PWY-4841	right	alpha-D-glucuronate 1-phosphate	C05385	25244365	57897
DELTA-TOCOPHEROL	RXN-2562	PWY-1422	left	delta-tocopherol	C14151	92094	47772
DELTA-TOCOPHEROL	RXN-2561	PWY-1422	left	delta-tocopherol	C14151	92094	47772
BETA-TOCOPHEROL	RXN-2562	PWY-1422	right	beta-tocopherol	C14152	6857447	47771
MPBQ	RXN-2561	PWY-1422	right	2-methyl-6-phytyl-1,4-benzoquinol	C15882	71768135	75920
MPBQ	RXN-2541	PWY-1422	right	2-methyl-6-phytyl-1,4-benzoquinol	C15882	71768135	75920
MPBQ	RXN-2542	PWY-1422	left	2-methyl-6-phytyl-1,4-benzoquinol	C15882	71768135	75920
ALPHA-TOCOPHEROL	TOCOPHEROL-O-METHYLTRANSFERASE-RXN	PWY-1422	right	alpha-tocopherol	C02477	14985	18145
GAMA-TOCOPHEROL	TOCOPHEROL-O-METHYLTRANSFERASE-RXN	PWY-1422	left	gamma-tocopherol	C02483	92729	18185
GAMA-TOCOPHEROL	RXN-2543	PWY-1422	left	gamma-tocopherol	C02483	92729	18185
DMPBQ	RXN-2543	PWY-1422	right	2,3-dimethyl-6-phytyl-1,4-benzoquinol	C15883	71768102	75921
DMPBQ	RXN-2542	PWY-1422	right	2,3-dimethyl-6-phytyl-1,4-benzoquinol	C15883	71768102	75921
CPD-4621	RXN-4737	PWY-2902	right	dihydrozeatin-9- N -glucoside- O -glucoside		91819899	133477
CPD-4620	RXN-4735	PWY-2902	right	cis -zeatin- O -glucoside	C15546	5280589	29043
CPD-4617	RXN-4726	PWY-2902	right	dihydrozeatin- O -glucoside	C16448	90658286	80499
CPD-8943	RXN-8715	PWY-5474	right	(4-coumaroyl)tyramine		5372945	65665
SINAPOYL-COA	RXN-8714	PWY-5474	left	sinapoyl-CoA	C00411	44229225	57393
CPD-8942	RXN-8714	PWY-5474	right	sinapoyltyramine		25245053	70105
CPD-8941	RXN-8713	PWY-5474	right	cinnamoyltyramine		5315911	177872
CINNAMOYL-COA	RXN-8713	PWY-5474	left	( E )-cinnamoyl-CoA	C16256	44229143	57252
CPD-7002	RXN-7658	PWY-5063	left	dihydrogeranylgeranyl diphosphate	C17439	90658526	81090
CPD-7002	RXN-7659	PWY-5063	right	dihydrogeranylgeranyl diphosphate	C17439	90658526	81090
CPD-7003	RXN-7659	PWY-5063	left	tetrahydrogeranylgeranyl diphosphate	C17440	90657275	81091
CPD-7003	RXN-7660	PWY-5063	right	tetrahydrogeranylgeranyl diphosphate	C17440	90657275	81091
CPD-12299	RXN-11340	PWY-6468	right	11-hydroxydodecanoate		46173521	76628
CPD-177	RXN-10938	PWY-6352	right	a 1-phosphatidyl-1D-myo-inositol 3-phosphate	C04549		17283
CPD-177	2.7.1.150-RXN	PWY-6352	left	a 1-phosphatidyl-1D-myo-inositol 3-phosphate	C04549		17283
CPD-177	1-PHOSPHATIDYLINOSITOL-3-KINASE-RXN	PWY-6352	right	a 1-phosphatidyl-1D-myo-inositol 3-phosphate	C04549		17283
PHOSPHATIDYLINOSITOL-345-TRIPHOSPHATE	2.7.1.153-RXN	PWY-6352	right	1-phosphatidyl-1D-myo-inositol 3,4,5-trisphosphate	C05981		16618
1-PHOSPHATIDYL-1D-MYO-INOSITOL-34-BISPH	2.7.1.154-RXN	PWY-6352	right	a 1-phosphatidyl-1D-myo-inositol 3,4-bisphosphate	C11554		16152
GLC-6-P	GLUCOSE-6-PHOSPHATE-1-EPIMERASE-RXN	PWYQT-4466	right	beta-D-glucose 6-phosphate	C01172	21604865	58247
CPD-3946	RXN-11101	PWY-2582	left	(22 S )-22-hydroxy-5alpha-campestan-3-one	C15797	46878488	59411
CPD-3946	RXN-11532	PWY-2582	right	(22 S )-22-hydroxy-5alpha-campestan-3-one	C15797	46878488	59411
CPD-3946	RXN-4229	PWY-2582	left	(22 S )-22-hydroxy-5alpha-campestan-3-one	C15797	46878488	59411
CPD-12496	RXN-11530	PWY-2582	right	(22R,23R)-22,23-dihydroxy-campest-4-en-3-one	C16253	52931381	80402
CPD-12496	RXN-11534	PWY-2582	right	(22R,23R)-22,23-dihydroxy-campest-4-en-3-one	C16253	52931381	80402
CPD-12493	RXN-11532	PWY-2582	left	3-epi-6-deoxocathasterone	C16251	45480560	59410
CPD-12493	RXN-11531	PWY-2582	left	3-epi-6-deoxocathasterone	C16251	45480560	59410
CPD-3945	RXN-11530	PWY-2582	left	(22 S )-22-hydroxy-campest-4-en-3-one	C15796	15341631	72330
CPD-3945	RXN-4229	PWY-2582	right	(22 S )-22-hydroxy-campest-4-en-3-one	C15796	15341631	72330
CPD-3945	RXN-4226	PWY-2582	right	(22 S )-22-hydroxy-campest-4-en-3-one	C15796	15341631	72330
CPD-3943	RXN-4225	PWY-2582	right	(22 S )-22-hydroxycampesterol	C15795	15341628	72331
CPD-3943	RXN-4226	PWY-2582	left	(22 S )-22-hydroxycampesterol	C15795	15341628	72331
CPD-17638	RXN-16408	PWY-6733	left	7-hydroxylauroyl-CoA		91819849	
CPD-17638	RXN-12184	PWY-6733	right	7-hydroxylauroyl-CoA		91819849	
CPD-17638	RXN-16407	PWY-6733	left	7-hydroxylauroyl-CoA		91819849	
CPD-17647	RXN-16408	PWY-6733	right	dodecane-1,7-diol		57046562	228134
CPD-17645	RXN-16407	PWY-6733	right	2-(8-hydroxy-2-oxotridecyl)-6-oxopyran-4-olate		91820015	
CPD-17645	RXN-16406	PWY-6733	right	2-(8-hydroxy-2-oxotridecyl)-6-oxopyran-4-olate		91820015	
CPD-17646	RXN-16406	PWY-6733	left	2-(2,8-dihydroxytridecyl)-6-oxopyran-4-olate		91820562	
CPD-17643	RXN-16405	PWY-6733	right	1,18-octadecane-diol		520529	
CPD-17641	RXN-16405	PWY-6733	left	18-hydroxystearoyl-CoA		91819832	
CPD-17641	RXN-16401	PWY-6733	right	18-hydroxystearoyl-CoA		91819832	
CPD-17370	RXN-16402	PWY-6733	right	18-hydroxyoleoyl-CoA	C21005	91820566	86044
CPD-17370	RXN-16404	PWY-6733	left	18-hydroxyoleoyl-CoA	C21005	91820566	86044
CPD-17644	RXN-16404	PWY-6733	right	(9Z)-octadec-9-ene-1,18-diol		87212466	
CPD-17642	RXN-16403	PWY-6733	right	1,16-hexadecane-diol		82184	195244
CPD-17640	RXN-16401	PWY-6733	left	18-hydroxystearate		21891501	86046
CPD-17640	RXN-16399	PWY-6733	right	18-hydroxystearate		21891501	86046
CPD-17637	RXN-12186	PWY-6733	right	7-hydroxylaurate	C21080	90659904	84921
CPD-17637	RXN-12184	PWY-6733	left	7-hydroxylaurate	C21080	90659904	84921
Donor-H2	RXN-19948	PWY-6888	right				
Ferrohemoglobins	RXN-16805	PWY-7683	right				
Saturated-Fatty-Acyl-ACPs	3-OXOACYL-ACP-SYNTH-RXN	FASYN-ELONG-PWY	left				
Acceptor	RXN-19948	PWY-6888	left				
R-3-hydroxydodecanoyl-ACPs	RXN-9532	PWY-8279	left				
Ferrihemoglobins	RXN-16805	PWY-7683	left				
3-oxo-dodecanoyl-ACPs	RXN-9532	PWY-8279	right				
Ox-NADPH-Hemoprotein-Reductases	RXN-12656	PWY-6888	right				
Red-NADPH-Hemoprotein-Reductases	1.14.13.36-RXN	PWY-6039	left				
Red-NADPH-Hemoprotein-Reductases	RXN-12656	PWY-6888	left				
Ferrihemoglobins	RXN-16809	PWY-7683	left				
3-oxo-myristoyl-ACPs	RXN-9536	PWY-5971	right				
TRANS-D2-ENOYL-ACP	ENOYL-ACP-REDUCT-NADH-RXN	FASYN-ELONG-PWY	right				
Ferrohemoglobins	RXN-16818	PWY-7683	right				
R-3-hydroxymyristoyl-ACPs	RXN-9536	PWY-8279	left				
Red-NADPH-Hemoprotein-Reductases	RXN-12657	PWY-6888	left				
Ox-NADPH-Hemoprotein-Reductases	RXN-12657	PWY-6888	right				
Ferrihemoglobins	RXN-16818	PWY-7683	left				
2-Hexadecenoyl-ACPs	RXN-9542	PWY-8279	right				
Red-NADPH-Hemoprotein-Reductases	RXN-6683	PWY-6949	left				
Ox-NADPH-Hemoprotein-Reductases	RXN-6683	PWY-6949	right				
3-oxo-myristoyl-ACPs	RXN-9536	PWY66-430	right				
Oxidized-ferredoxins	FERREDOXIN--NITRITE-REDUCTASE-RXN	PWY-381	left				
Cytochromes-C-Oxidized	RXN-14395	PWY-8142	left				
Donor-H2	RXN-12608	PWY-6888	right				
Acceptor	RXN-12608	PWY-6888	left				
Ox-NADPH-Hemoprotein-Reductases	RXN-6684	PWY-6949	right				
Cytochromes-C-Reduced	RXN-14395	PWY-8142	right				
ETF-Oxidized	2-METHYLACYL-COA-DEHYDROGENASE-RXN	ILEUDEG-PWY	left				
3-oxo-hexanoyl-ACPs	RXN-9518	PWY-5971	right				
Red-NADPH-Hemoprotein-Reductases	RXN-15441	PWY-7478	left				
Red-NADPH-Hemoprotein-Reductases	RXN-12605	PWY-6888	left				
Ox-NADPH-Hemoprotein-Reductases	RXN-6681	PWY-6949	right				
FERROCYTOCHROME-B5	RXN-19723	PWY-2541	left				
3-oxo-hexanoyl-ACPs	RXN-9518	PWY-8279	right				
Red-NADPH-Hemoprotein-Reductases	RXN-15394	PWY-7478	left				
Ox-NADPH-Hemoprotein-Reductases	RXN-12605	PWY-6888	right				
Ox-NADPH-Hemoprotein-Reductases	RXN-15394	PWY-7478	right				
Ox-NADPH-Hemoprotein-Reductases	RXN-720	PWY-2582	right				
3-Hydroxy-octanoyl-ACPs	RXN-9524	PWY66-430	left				
FERROCYTOCHROME-B5	RXN-19724	PWY-2541	left				
Ox-NADPH-Hemoprotein-Reductases	RXN-15381	PWY-7478	right				
FERRICYTOCHROME-B5	RXN-19724	PWY-2541	right				
3-Oxo-octanoyl-ACPs	RXN-9524	PWY66-430	right				
Red-NADPH-Hemoprotein-Reductases	RXN-15381	PWY-7478	left				
R-3-Hydroxypalmitoyl-ACPs	4.2.1.61-RXN	PWY-8279	left				
2-Hexadecenoyl-ACPs	4.2.1.61-RXN	PWY-8279	right				
2-Hexadecenoyl-ACPs	4.2.1.61-RXN	PWY-5971	right				
3-Oxo-octanoyl-ACPs	RXN-9524	PWY-8279	right				
Ox-NADPH-Hemoprotein-Reductases	RXN-15382	PWY-7478	right				
Red-NADPH-Hemoprotein-Reductases	RXN-15382	PWY-7478	left				
Ox-NADPH-Hemoprotein-Reductases	RXN-15452	PWY-7477	right				
Proteins-with-N-Terminal-L-Glutamine	RXN-19145	PWY-7942	left				
Protein-N-terminal-5-oxo-prolines	RXN-19145	PWY-7942	right				
Red-NADPH-Hemoprotein-Reductases	RXN-2581	PWY-6039	left				
Proteins-with-N-Terminal-L-Glutamate	RXN-19146	PWY-7942	left				
Protein-N-terminal-5-oxo-prolines	RXN-19146	PWY-7942	right				
Beta-hydroxydecanoyl-ACPs	RXN-9528	PWY-5971	left				
Ox-NADPH-Hemoprotein-Reductases	RXN-15379	PWY-7478	right				
5-Phosphooxy-L-glutamyl-tRNAGlln	RXN-20083	PWY-5921	left				
Charged-GLN-tRNAs	RXN-20083	PWY-5921	right				
3-oxo-decanoyl-ACPs	RXN-9528	PWY-8279	right				
Beta-hydroxydecanoyl-ACPs	RXN-9528	PWY-8279	left				
5-Phosphooxy-L-glutamyl-tRNAGlln	RXN-20082	PWY-5921	right				
3-oxo-palmitoyl-ACPs	RXN-9539	PWY-8279	right				
Ox-NADPH-Hemoprotein-Reductases	RXN-17350	PWY-7749	right				
L-glutamyl-tRNAGln	RXN-20082	PWY-5921	left				
Beta-hydroxydecanoyl-ACPs	RXN-9528	PWY66-430	left				
Protein-N-terminal-5-oxo-prolines	PYROGLUTAMYL-PEPTIDASE-I-RXN	PWY-7942	left				
Red-NADPH-Hemoprotein-Reductases	RXN-17350	PWY-7749	left				
Peptide-Holder-Alternative	PYROGLUTAMYL-PEPTIDASE-I-RXN	PWY-7942	right				
Beta-3-hydroxybutyryl-ACPs	RXN-9514	PWY66-430	left				
L-glutamyl-tRNAGln	RXN-9386	PWY-5921	right				
Red-NADPH-Hemoprotein-Reductases	RXN-12880	PWY-7477	left				
Red-NADPH-Hemoprotein-Reductases	RXN-17349	PWY-7749	left				
Ox-NADPH-Hemoprotein-Reductases	RXN-17349	PWY-7749	right				
Beta-3-hydroxybutyryl-ACPs	RXN-9514	PWY-5971	left				
ACP	RXN-9535	PWY-5971	right				
Donor-H2	RXN-714	PWY-699	right				
Reduced-ferredoxins	RXN-9667	PWY-5997	left				
Acetoacetyl-ACPs	RXN-9514	PWY-8279	right				
Beta-3-hydroxybutyryl-ACPs	RXN-9514	PWY-8279	left				
Ox-NADPH-Hemoprotein-Reductases	RXN-13718	PWY-3101	right				
ACP	RXN-9535	PWY-8279	right				
Trans-D2-decenoyl-ACPs	RXN-9655	PWY-8279	right				
Red-NADPH-Hemoprotein-Reductases	RXN-13718	PWY-3101	left				
Beta-hydroxydecanoyl-ACPs	RXN-9655	PWY-8279	left				
Trans-D2-decenoyl-ACPs	RXN-9655	PWY-5971	right				
Donor-H2	RXN-712	PWY-2582	right				
Beta-hydroxydecanoyl-ACPs	RXN-9655	PWY-5971	left				
Ox-NADPH-Hemoprotein-Reductases	RXN-7782	PWY-3101	right				
Red-NADPH-Hemoprotein-Reductases	RXN-7782	PWY-3101	left				
Beta-hydroxydecanoyl-ACPs	RXN-9655	PWY66-430	left				
Ox-NADPH-Hemoprotein-Reductases	RXN-12510	PWY-3101	right				
Donor-H2	RXN-4141	PWY-2501	left				
ACP	RXN-9531	PWY-5971	right				
Red-NADPH-Hemoprotein-Reductases	RXN-12510	PWY-3101	left				
3-oxo-myristoyl-ACPs	RXN-9653	PWY66-430	right				
Ox-NADPH-Hemoprotein-Reductases	RXN-7652	PWY-6787	right				
3-oxo-decanoyl-ACPs	RXN-9527	PWY-8279	right				
Ox-NADPH-Hemoprotein-Reductases	RXN-8352	PWY-2541	right				
MALONYL-ACP	RXN-9527	PWY-8279	left				
Donor-H2	RXN-3181	PWY-1961	right				
Decanoyl-ACPs	RXN-9652	PWY66-430	left				
3-oxo-dodecanoyl-ACPs	RXN-9652	PWY66-430	right				
Octanoyl-ACPs	RXN-9651	PWY66-430	left				
Red-NADPH-Hemoprotein-Reductases	RXN-5962	PWY-5947	left				
FERRICYTOCHROME-B5	RXN-8361	PWY-762	right				
MALONYL-ACP	RXN-9523	PWY-5971	left				
3-oxo-decanoyl-ACPs	RXN-9651	PWY66-430	right				
Demethylated-methyl-acceptors	RXN-7605	METHIONINE-DEG1-PWY	left				
Hexanoyl-ACPs	RXN-9650	PWY66-430	left				
FERRICYTOCHROME-B5	RXN-8360	PWY-762	right				
3-Oxo-octanoyl-ACPs	RXN-9650	PWY66-430	right				
MALONYL-ACP	RXN-9523	PWY-8279	left				
Oxidized-ferredoxins	RXN-8367	PWY-782	right				
ACP	RXN-9523	PWY-8279	right				
Red-NADPH-Hemoprotein-Reductases	RXN-8707	PWY-8475	left				
FERRICYTOCHROME-B5	RXN-8331	PWY-762	right				
3-oxo-hexanoyl-ACPs	RXN-9648	PWY66-430	right				
Butanoyl-ACPs	RXN-9648	PWY66-430	left				
FERROCYTOCHROME-B5	RXN-8331	PWY-762	left				
Ox-NADPH-Hemoprotein-Reductases	RXN-8707	PWY-8475	right				
3-oxo-hexanoyl-ACPs	RXN-9516	PWY-5971	right				
ACP	3.1.2.21-RXN	PWY66-430	right				
Butanoyl-ACPs	RXN-9516	PWY-5971	left				
FERRICYTOCHROME-B5	RXN-8330	PWY-762	right				
Dodecanoyl-ACPs	3.1.2.21-RXN	PWY66-430	left				
FERROCYTOCHROME-B5	RXN-8330	PWY-762	left				
ACP	3.1.2.21-RXN	PWY-5971	right				
Ox-NADPH-Hemoprotein-Reductases	RXN-12139	PWY-6710	right				
Butanoyl-ACPs	RXN-9516	PWY-8279	left				
Red-Thioredoxin	CDPREDUCT-RXN	PWY-7184	right				
Ox-Thioredoxin	CDPREDUCT-RXN	PWY-7184	left				
Myristoyl-ACPs	RXN-9538	PWY-8279	left				
Red-Thioredoxin	UDPREDUCT-RXN	PWY-7184	right				
Ox-Thioredoxin	UDPREDUCT-RXN	PWY-7184	left				
FERRICYTOCHROME-B5	RXN-8328	PWY-762	right				
Ox-Glutaredoxins	RXN0-7271	GLUT-REDOX-PWY	right				
Myristoyl-ACPs	RXN-9538	PWY66-430	left				
FERROCYTOCHROME-B5	RXN-8328	PWY-762	left				
Tetradec-2-enoyl-ACPs	RXN-9538	PWY66-430	right				
Red-Glutaredoxins	PRODISULFREDUCT-A-RXN	GLUT-REDOX-PWY	right				
R-3-hydroxymyristoyl-ACPs	RXN-9537	PWY66-430	left				
Tetradec-2-enoyl-ACPs	RXN-9537	PWY66-430	right				
Reduced-ferredoxins	RXN-7978	PWY-5945	left				
R-3-hydroxymyristoyl-ACPs	RXN-9537	PWY-8279	left				
Tetradec-2-enoyl-ACPs	RXN-9537	PWY-8279	right				
FERRICYTOCHROME-B5	RXN-8326	PWY-762	right				
Oxidized-ferredoxins	RXN-17523	PWY-7170	right				
Ox-NADPH-Hemoprotein-Reductases	RXN-16398	PWY-321	right				
Red-NADPH-Hemoprotein-Reductases	RXN-16398	PWY-321	left				
Dodec-2-enoyl-ACPs	RXN-9534	PWY-8279	right				
Ox-NADPH-Hemoprotein-Reductases	RXN-11531	PWY-2582	right				
FERRICYTOCHROME-B5	RXN-8327	PWY-762	right				
FERROCYTOCHROME-B5	RXN-9703	PWY-6014	left				
Ox-NADPH-Hemoprotein-Reductases	RXN-16398	PWY-6733	right				
Red-NADPH-Hemoprotein-Reductases	RXN-16398	PWY-6733	left				
Acceptor	RXN-13260	PWY-7029	right				
Oxidized-ferredoxins	1.3.7.4-RXN	PWY-7170	left				
Red-NADPH-Hemoprotein-Reductases	RXN-12136	PWY-6710	left				
Dodecanoyl-ACPs	RXN-9534	PWY66-430	left				
Ox-NADPH-Hemoprotein-Reductases	RXN-16398	PWY-1121	right				
Red-NADPH-Hemoprotein-Reductases	RXN-16398	PWY-1121	left				
Reduced-ferredoxins	1.3.7.4-RXN	PWY-7170	right				
R-3-hydroxydodecanoyl-ACPs	RXN-9533	PWY66-430	left				
Dodec-2-enoyl-ACPs	RXN-9533	PWY66-430	right				
FERROCYTOCHROME-B5	RXN-14250	PWY-5129	left				
R-3-hydroxydodecanoyl-ACPs	RXN-9533	PWY-5971	left				
Dodec-2-enoyl-ACPs	RXN-9533	PWY-5971	right				
FERROCYTOCHROME-B5	RXN-8324	PWY-762	left				
FERROCYTOCHROME-B5	RXN-8323	PWY-762	left				
Unsulfurated-Sulfur-Acceptors	RXN-12588	PWY0-1021	left				
Trans-D2-decenoyl-ACPs	RXN-9530	PWY66-430	right				
Reduced-ferredoxins	RXN-8305	PWY-782	left				
Decanoyl-ACPs	RXN-9530	PWY66-430	left				
cis-vaccen-2-enoyl-ACPs	RXN-9557	PWY-5973	right				
Ox-NADPH-Hemoprotein-Reductases	RXN-16171	PWY-699	right				
Trans-D2-decenoyl-ACPs	RXN-9530	PWY-8279	right				
Acceptor	RXN-4317	PWY-2681	left				
Decanoyl-ACPs	RXN-9530	PWY-8279	left				
2-Octenoyl-ACPs	4.2.1.59-RXN	PWY-5971	right				
Donor-H2	RXN-4317	PWY-2681	right				
3-Hydroxy-octanoyl-ACPs	4.2.1.59-RXN	PWY-5971	left				
2-Octenoyl-ACPs	4.2.1.59-RXN	PWY-8279	right				
Oxidized-ferredoxins	RXN-8309	PWY-782	right				
3-Hydroxy-octanoyl-ACPs	4.2.1.59-RXN	PWY-8279	left				
2-Octenoyl-ACPs	4.2.1.59-RXN	PWY66-430	right				
Oxidized-ferredoxins	RXN-24916	PWY-5872	right				
3-Hydroxy-octanoyl-ACPs	4.2.1.59-RXN	PWY66-430	left				
Cytochromes-C-Oxidized	GALACTONOLACTONE-DEHYDROGENASE-RXN	PWY-8143	left				
Red-NADPH-Hemoprotein-Reductases	ISOFLAVONE-2-HYDROXYLASE-RXN	PWY-2463	left				
Ox-NADPH-Hemoprotein-Reductases	ISOFLAVONE-2-HYDROXYLASE-RXN	PWY-2463	right				
FERRICYTOCHROME-B5	RXN-7798	PWY-5129	right				
2-Octenoyl-ACPs	RXN-9526	PWY66-430	right				
Cytochromes-C-Oxidized	GALACTONOLACTONE-DEHYDROGENASE-RXN	PWY-882	left				
FERROCYTOCHROME-B5	RXN-8320	PWY-762	left				
Octanoyl-ACPs	RXN-9526	PWY-8279	left				
ACP	RXN-7902	PWY-5142	right				
2-Octenoyl-ACPs	RXN-9526	PWY-8279	right				
Fatty-acyl-ACPs	RXN-7902	PWY-5142	left				
Crotonyl-ACPs	4.2.1.58-RXN	PWY66-430	right				
Red-NADPH-Hemoprotein-Reductases	RXN-4306	PWY-2681	left				
Beta-3-hydroxybutyryl-ACPs	4.2.1.58-RXN	PWY-8279	left				
Crotonyl-ACPs	4.2.1.58-RXN	PWY-8279	right				
FERROCYTOCHROME-B5	1.14.18.2-RXN	PWY-6144	left				
Beta-3-hydroxybutyryl-ACPs	4.2.1.58-RXN	PWY-5971	left				
Crotonyl-ACPs	4.2.1.58-RXN	PWY-5971	right				
FERRICYTOCHROME-B5	1.14.18.2-RXN	PWY-6144	right				
Red-NADPH-Hemoprotein-Reductases	RXN-779	PWY-2582	left				
R-3-hydroxyhexanoyl-ACPs	RXN-9520	PWY66-430	left				
Hex-2-enoyl-ACPs	RXN-9520	PWY66-430	right				
Oxidized-ferredoxins	RXN-8303	PWY-782	right				
R-3-hydroxyhexanoyl-ACPs	RXN-9520	PWY-8279	left				
Hex-2-enoyl-ACPs	RXN-9520	PWY-8279	right				
Oxidized-ferredoxins	RXN-8317	PWY-762	right				
R-3-hydroxyhexanoyl-ACPs	RXN-9520	PWY-5971	left				
Ox-NADPH-Hemoprotein-Reductases	RXN-16400	PWY-321	right				
Hexanoyl-ACPs	RXN-9521	PWY-8279	left				
Ox-NADPH-Hemoprotein-Reductases	RXN-4304	PWY-2681	right				
Reduced-ferredoxins	RXN-8316	PWY-762	left				
Red-NADPH-Hemoprotein-Reductases	RXN-16400	PWY-321	left				
Reduced-ferredoxins	RXN-8301	PWY-782	left				
Ox-NADPH-Hemoprotein-Reductases	RXN-16400	PWY-1121	right				
Oxidized-ferredoxins	RXN-8301	PWY-782	right				
Red-NADPH-Hemoprotein-Reductases	RXN-11911	PWY-5434	left				
Hex-2-enoyl-ACPs	RXN-9521	PWY66-430	right				
Red-NADPH-Hemoprotein-Reductases	RXN-16400	PWY-1121	left				
Reduced-ferredoxins	RXN-17252	PWY-5098	left				
Ox-NADPH-Hemoprotein-Reductases	RXN-16400	PWY-6733	right				
Crotonyl-ACPs	RXN-9515	PWY-8279	right				
Butanoyl-ACPs	RXN-9515	PWY-8279	left				
Reduced-ferredoxins	RXN-1727	PWY-762	left				
Red-NADPH-Hemoprotein-Reductases	RXN-16400	PWY-6733	left				
Acceptor	RXN-9750	PWY-6051	right				
Crotonyl-ACPs	RXN-9515	PWY66-430	right				
Butanoyl-ACPs	RXN-9515	PWY66-430	left				
Acceptor	RXN-8393	PWY-5368	right				
Reduced-ferredoxins	GLUTAMATE-SYNTHASE-FERREDOXIN-RXN	PWY-6964	right				
Oxidized-ferredoxins	RXN-1726	PWY-762	right				
Donor-H2	RXN-8393	PWY-5368	left				
Acceptor	RXN-776	PWY-699	left				
Reduced-ferredoxins	RXN-8298	PWY-782	left				
Oxidized-ferredoxins	GLUTAMATE-SYNTHASE-FERREDOXIN-RXN	PWY4LZ-81	left				
Red-NADPH-Hemoprotein-Reductases	RXN-9807	PWY-321	left				
Ox-NADPH-Hemoprotein-Reductases	RXN-9807	PWY-321	right				
Reduced-ferredoxins	RXN-14657	PWY-7298	left				
FERROCYTOCHROME-B5	RXN-8392	PWY-5368	left				
FERRICYTOCHROME-B5	RXN-8392	PWY-5368	right				
Oxidized-ferredoxins	GLUTAMATE-SYNTHASE-FERREDOXIN-RXN	PWY4LZ-283	left				
Ox-NADPH-Hemoprotein-Reductases	RXN-11671	PWY-7634	right				
Ox-NADPH-Hemoprotein-Reductases	RXN-9805	PWY-321	right				
Reduced-ferredoxins	RXN-7979	PWY-5945	left				
Red-NADPH-Hemoprotein-Reductases	RXN-11671	PWY-7634	left				
Red-NADPH-Hemoprotein-Reductases	RXN-9805	PWY-321	left				
Oxidized-ferredoxins	GLUTAMATE-SYNTHASE-FERREDOXIN-RXN	PWY-4341	left				
Reduced-ferredoxins	GLUTAMATE-SYNTHASE-FERREDOXIN-RXN	PWY-4341	right				
Red-NADPH-Hemoprotein-Reductases	RXN-11101	PWY-2582	left				
Reduced-ferredoxins	RXN-16036	PWY-5995	left				
All-holo-ACPs	HOLO-ACP-SYNTH-RXN	PWY-6012	right				
Reduced-ferredoxins	RXN0-882	PWY-7560	right				
Reduced-ferredoxins	RXN-8296	PWY-782	left				
Oxidized-ferredoxins	RXN-16036	PWY-5995	right				
Oxidized-ferredoxins	RXN-7978	PWY-5945	right				
Oxidized-ferredoxins	RXN0-882	PWY-7560	left				
FERROCYTOCHROME-B5	RXN-9669	PWY-5995	left				
Cytochromes-C-Oxidized	1.10.2.2-RXN	PWY-3781	left				
Red-NADPH-Hemoprotein-Reductases	RXN-15440	PWY-2981	left				
Acceptor	RXN-9744	PWY-6051	right				
Ox-NADPH-Hemoprotein-Reductases	RXN-15440	PWY-2981	right				
FERRICYTOCHROME-B5	RXN-9669	PWY-5995	right				
Acceptor	RXN-9243	PWY-5871	right				
Ox-Thioredoxin	RXN-24006	THIOREDOX-PWY	left				
Red-NADPH-Hemoprotein-Reductases	RXN-15439	PWY-2981	left				
Red-NADPH-Hemoprotein-Reductases	RXN-773	PWY-699	left				
Ox-NADPH-Hemoprotein-Reductases	RXN-15439	PWY-2981	right				
Red-Thioredoxin	THIOREDOXIN-REDUCT-NADPH-RXN	THIOREDOX-PWY	left				
Acceptor	RXN-9742	PWY-6051	left				
Ox-NADPH-Hemoprotein-Reductases	RXN-15438	PWY-2981	right				
ETF-Oxidized	RXN0-2301	LEU-DEG2-PWY	left				
ETF-Reduced	RXN0-2301	LEU-DEG2-PWY	right				
Red-NADPH-Hemoprotein-Reductases	RXN-15438	PWY-2981	left				
Red-NADPH-Hemoprotein-Reductases	RXN-15437	PWY-2981	left				
Carboxyadenylated-MPT-synthases	RXN-12473	PWY-6823	left				
Ox-NADPH-Hemoprotein-Reductases	RXN-15437	PWY-2981	right				
Ox-NADPH-Hemoprotein-Reductases	RXN-16173	PWY-699	right				
ETR-Quinols	RXN-14903	CITRULBIO-PWY	right				
Stearoyl-ACPs	RXN-11707	PWY-6622	right				
ACP	RXN-11707	PWY-6622	left				
Red-NADPH-Hemoprotein-Reductases	RXN-16172	PWY-699	left				
ETR-Quinols	RXN-14903	PROUT-PWY	right				
FERROCYTOCHROME-B5	RXN-20440	PWY18C3-1	left				
Ox-NADPH-Hemoprotein-Reductases	RXN-4226	PWY-2582	right				
Ox-NADPH-Hemoprotein-Reductases	RXN-16172	PWY-699	right				
Cis-vaccenoyl-ACPs	RXN-9558	PWY-5973	left				
Ox-NADPH-Hemoprotein-Reductases	RXN-20438	PWY18C3-1	right				
Red-NADPH-Hemoprotein-Reductases	RXN-16171	PWY-699	left				
Acceptor	RXN-718	PWY-699	left				
FERRICYTOCHROME-B5	RXN-19720	PWY-2541	right				
Donor-H2	RXN-718	PWY-699	right				
3-oxo-cis-vaccenoyl-ACPs	RXN-9556	PWY-5973	right				
Red-NADPH-Hemoprotein-Reductases	RXN-11535	PWY-699	left				
Palmitoyl-ACPs	RXN-9663	PWY-5971	left				
Acceptor	RXN-8340	PWY-6823	right				
Red-NADPH-Hemoprotein-Reductases	RXN-18480	PWY-7859	left				
Palmitoleoyl-ACPs	2.3.1.179-RXN	PWY-5973	left				
Ox-NADPH-Hemoprotein-Reductases	RXN-11535	PWY-699	right				
Ox-NADPH-Hemoprotein-Reductases	RXN-18480	PWY-7859	right				
Reduced-ferredoxins	RXN-24916	PWY-5872	left				
ACP	RXN-9539	PWY-5971	right				
Cis-vaccenoyl-ACPs	RXN-9555	PWY-5973	left				
Ox-NADPH-Hemoprotein-Reductases	RXN-11536	PWY-699	right				
Red-NADPH-Hemoprotein-Reductases	RXN-18479	PWY-7859	left				
Ox-NADPH-Hemoprotein-Reductases	RXN-4241	PWY-699	right				
Fe4S4-Cluster-Protein	RXN0-949	PWY0-501	left				
Ox-NADPH-Hemoprotein-Reductases	RXN66-587	PWY-5060	right				
Red-NADPH-Hemoprotein-Reductases	RXN-4241	PWY-699	left				
Ox-NADPH-Hemoprotein-Reductases	RXN-18479	PWY-7859	right				
Red-NADPH-Hemoprotein-Reductases	RXN-7653	PWY-5060	left				
Ox-NADPH-Hemoprotein-Reductases	RXN-779	PWY-699	right				
Ox-NADPH-Hemoprotein-Reductases	RXN-12421	PWY-7859	right				
Donor-H2	RXN-24912	PWY-5872	right				
Red-NADPH-Hemoprotein-Reductases	RXN-12421	PWY-7859	left				
Acceptor	RXN-24912	PWY-5872	left				
Red-NADPH-Hemoprotein-Reductases	RXN-779	PWY-699	left				
Ox-NADPH-Hemoprotein-Reductases	RXN-779	PWY-2582	right				
MALONYL-ACP	2.3.1.180-RXN	PWY-4381	left				
Acetoacetyl-ACPs	2.3.1.180-RXN	PWY-4381	right				
Ox-NADPH-Hemoprotein-Reductases	RXN-7650	PWY-5060	right				
Red-NADPH-Hemoprotein-Reductases	RXN-7650	PWY-5060	left				
3-oxo-dodecanoyl-ACPs	RXN-9531	PWY-8279	right				
MALONYL-ACP	MALONYL-COA-ACP-TRANSACYL-RXN	PWY-4381	right				
Red-NADPH-Hemoprotein-Reductases	RXN-778	PWY-699	left				
ACP	MALONYL-COA-ACP-TRANSACYL-RXN	PWY-4381	left				
FERRICYTOCHROME-B5	RXN-16046	PWY-5997	right				
Ox-NADPH-Hemoprotein-Reductases	RXN-778	PWY-699	right				
Acceptor	RXN-4141	PWY-2501	right				
Dodecanoyl-ACPs	RXN-9653	PWY66-430	left				
Red-NADPH-Hemoprotein-Reductases	RXN-778	PWY-2582	left				
Ox-NADPH-Hemoprotein-Reductases	RXN-1103	PWY-1121	right				
Red-NADPH-Hemoprotein-Reductases	RXN-525	PWY1F-823	left				
Ox-NADPH-Hemoprotein-Reductases	RXN-778	PWY-2582	right				
Stearoyl-ACPs	RXN-9635	PWY-5989	left				
Red-NADPH-Hemoprotein-Reductases	RXN-777	PWY-699	left				
Oxidized-ferredoxins	RXN-9279	PWY-5872	right				
GLT-tRNAs	GLURS-RXN	PWY-5188	left				
Ox-NADPH-Hemoprotein-Reductases	RXN-525	PWY1F-823	right				
Red-NADPH-Hemoprotein-Reductases	RXN-525	PWY-3101	left				
Reduced-ferredoxins	RXN-9279	PWY-5872	left				
Red-NADPH-Hemoprotein-Reductases	RXN-777	PWY-2582	left				
MALONYL-ACP	RXN-9632	PWY-5989	left				
Charged-GLT-tRNAs	GLUTRNAREDUCT-RXN	PWY-5188	right				
Ox-NADPH-Hemoprotein-Reductases	RXN-777	PWY-2582	right				
Ox-NADPH-Hemoprotein-Reductases	RXN-525	PWY-3101	right				
Red-NADPH-Hemoprotein-Reductases	RXN-7580	PWY-5034	left				
Ox-NADPH-Hemoprotein-Reductases	RXN-4243	PWY-2541	right				
Donor-H2	RXN-776	PWY-2582	right				
Red-NADPH-Hemoprotein-Reductases	SQUALENE-MONOOXYGENASE-RXN	PWY-5670	left				
Acceptor	RXN-776	PWY-2582	left				
ACP	RXN-10462	PWY0-1319	right				
Donor-H2	RXN-776	PWY-699	right				
Red-NADPH-Hemoprotein-Reductases	RXN-7580	PWY-7070	left				
3-Oxo-octanoyl-ACPs	RXN-9523	PWY-8279	right				
Carboxyadenylated-URM1	RXN-18700	PWY-7888	right				
Red-NADPH-Hemoprotein-Reductases	RXN-775	PWY-2582	left				
URM1	RXN-18700	PWY-7888	left				
3-oxo-dodecanoyl-ACPs	RXN-9532	PWY66-430	right				
Ox-NADPH-Hemoprotein-Reductases	RXN-5242	PWY-5034	right				
Ox-NADPH-Hemoprotein-Reductases	RXN-775	PWY-2582	right				
Ox-NADPH-Hemoprotein-Reductases	1.14.13.93-RXN	PWY-5271	right				
Red-NADPH-Hemoprotein-Reductases	RXN-775	PWY-699	left				
Reduced-ferredoxins	RXN-7679	PWY-5068	right				
Cytochromes-C-Reduced	CYTOCHROME-C-OXIDASE-RXN	PWY-3781	left				
Ox-NADPH-Hemoprotein-Reductases	RXN-5242	PWY-7070	right				
Cytochromes-C-Oxidized	CYTOCHROME-C-OXIDASE-RXN	PWY-3781	right				
Red-NADPH-Hemoprotein-Reductases	RXN-774	PWY-2582	left				
OH-ACYL-ACP	3-OXOACYL-ACP-REDUCT-RXN	FASYN-ELONG-PWY	left				
Ox-NADPH-Hemoprotein-Reductases	RXN-774	PWY-2582	right				
Ox-NADPH-Hemoprotein-Reductases	1.14.13.36-RXN	PWY-6040	right				
Saturated-Fatty-Acyl-ACPs	ENOYL-ACP-REDUCT-NADH-RXN	FASYN-ELONG-PWY	left				
Tetradec-2-enoyl-ACPs	RXN-9538	PWY-8279	right				
Red-NADPH-Hemoprotein-Reductases	RXN-774	PWY-699	left				
TRANS-D2-ENOYL-ACP	ENOYL-ACP-REDUCT-NADPH-RXN	FASYN-ELONG-PWY	right				
Ox-NADPH-Hemoprotein-Reductases	RXN-16465	PWY-7642	right				
Red-NADPH-Hemoprotein-Reductases	RXN-16465	PWY-7642	left				
Reduced-ferredoxins	FERREDOXIN--NITRITE-REDUCTASE-RXN	PWY-381	right				
OH-ACYL-ACP	3-HYDROXYDECANOYL-ACP-DEHYDR-RXN	FASYN-ELONG-PWY	left				
Oxidized-flavodoxins	RXN-24043	NONMEVIPP-PWY	left				
Red-NADPH-Hemoprotein-Reductases	RXN-13510	PWY-7070	left				
Cytochromes-C-Reduced	1.10.2.2-RXN	PWY-3781	right				
Red-NADPH-Hemoprotein-Reductases	RXN-6684	PWY-6949	left				
R-3-hydroxyhexanoyl-ACPs	RXN-9518	PWY66-430	left				
Reduced-flavodoxins	RXN-15878	NONMEVIPP-PWY	right				
Ox-NADPH-Hemoprotein-Reductases	RXN-773	PWY-2582	right				
ETF-Reduced	2-METHYLACYL-COA-DEHYDROGENASE-RXN	ILEUDEG-PWY	right				
Reduced-ferredoxins	RXN-8311	PWY-782	left				
Red-NADPH-Hemoprotein-Reductases	RXN-6681	PWY-6949	left				
Acceptor	RXN-18430	PWY-7856	left				
Ox-NADPH-Hemoprotein-Reductases	RXN-773	PWY-699	right				
FERRICYTOCHROME-B5	RXN-19723	PWY-2541	right				
ACP	RXN-9549	PWY-8279	right				
Red-NADPH-Hemoprotein-Reductases	RXN-720	PWY-2582	left				
ETR-Quinols	RXN-11356	PWY-6475	right				
Palmitoyl-ACPs	RXN-9549	PWY-8279	left				
FERRICYTOCHROME-B5	RXN-8325	PWY-762	right				
ACP	RXN-9549	PWY-5971	right				
FERROCYTOCHROME-B5	RXN-8325	PWY-762	left				
Reduced-ferredoxins	RXN1F-357	PWY1F-353	left				
Oxidized-ferredoxins	RXN1F-357	PWY1F-353	right				
3-Hydroxy-octanoyl-ACPs	RXN-9524	PWY-8279	left				
Palmitoyl-ACPs	RXN-9549	PWY-5971	left				
Unsulfurated-Sulfur-Acceptors	RXN-12588	PWY-8452	left				
R-3-Hydroxypalmitoyl-ACPs	4.2.1.61-RXN	PWY-5971	left				
Red-NADPH-Hemoprotein-Reductases	RXN-719	PWY-699	left				
Ox-NADPH-Hemoprotein-Reductases	RXN-719	PWY-699	right				
Reduced-ferredoxins	RXN-15479	PWY-101	left				
3-oxo-palmitoyl-ACPs	RXN-9540	PWY-8279	right				
Red-NADPH-Hemoprotein-Reductases	RXN1F-143	PWY-5035	left				
FERRICYTOCHROME-B5	RXN-8323	PWY-762	right				
Ox-NADPH-Hemoprotein-Reductases	RXN-4225	PWY-2582	right				
R-3-hydroxy-cis-vaccenoyl-ACPs	RXN-9557	PWY-5973	left				
3-oxo-palmitoyl-ACPs	RXN-9540	PWY-5971	right				
Ox-NADPH-Hemoprotein-Reductases	RXN-717	PWY-699	right				
R-3-Hydroxypalmitoyl-ACPs	RXN-9540	PWY-5971	left				
Red-NADPH-Hemoprotein-Reductases	RXN-717	PWY-699	left				
FERRICYTOCHROME-B5	RXN3O-218	PWY-2541	right				
Myristoyl-ACPs	RXN-9539	PWY-8279	left				
Ox-NADPH-Hemoprotein-Reductases	RXN-716	PWY-699	right				
Stearoyl-ACPs	RXN-22455	PWY-8280	left				
Red-NADPH-Hemoprotein-Reductases	RXN-716	PWY-699	left				
FERROCYTOCHROME-B5	RXN-8321	PWY-762	left				
Octadec-2-enoyl-ACPs	RXN-22455	PWY-8280	right				
Myristoyl-ACPs	RXN-9539	PWY-5971	left				
Red-NADPH-Hemoprotein-Reductases	RXN-715	PWY-699	left				
3-oxo-palmitoyl-ACPs	RXN-9539	PWY-5971	right				
MALONYL-ACP	RXN-9539	PWY-5971	left				
Ox-NADPH-Hemoprotein-Reductases	RXN-12880	PWY-7477	right				
3-oxo-myristoyl-ACPs	RXN-9535	PWY-5971	right				
Ox-NADPH-Hemoprotein-Reductases	RXN-715	PWY-699	right				
Acceptor	RXN-714	PWY-699	left				
Dodecanoyl-ACPs	RXN-9535	PWY-5971	left				
ETR-Quinones	RXN-15745	PWY-4261	left				
Stearoyl-ACPs	RXN-7903	PWY-5147	left				
ETR-Quinols	RXN-15745	PWY-4261	right				
Oxidized-ferredoxins	SULFITE-REDUCTASE-FERREDOXIN-RXN	SULFMETII-PWY	left				
Donor-H2	RXN-713	PWY-699	left				
Oxidized-ferredoxins	RXN-9667	PWY-5997	right				
ACP	RXN-9548	PWY-8280	right				
MALONYL-ACP	RXN-9531	PWY-8279	left				
Reduced-ferredoxins	SULFITE-REDUCTASE-FERREDOXIN-RXN	SULFMETII-PWY	right				
Acceptor	RXN-712	PWY-2582	left				
Reduced-ferredoxins	RXN-8318	PWY-762	left				
ACP	RXN-9548	PWY-5989	right				
ACP	RXN-9531	PWY-8279	right				
FERROCYTOCHROME-B5	RXN-16046	PWY-5997	left				
Octadec-2-enoyl-ACPs	RXN-9634	PWY-5989	right				
Donor-H2	RXN-712	PWY-699	right				
Donor-H2	RXN-11406	PWY-6498	left				
Ox-NADPH-Hemoprotein-Reductases	TRANS-CINNAMATE-4-MONOOXYGENASE-RXN	PWY1F-467	right				
R-3-hydroxystearoyl-ACPs	RXN-9634	PWY-8280	left				
Reduced-ferredoxins	RXN-8369	PWY-782	left				
ACP	RXN-9527	PWY-8279	right				
Octanoyl-ACPs	RXN-9527	PWY-8279	left				
R-3-hydroxystearoyl-ACPs	RXN-9633	PWY-5989	left				
3-oxo-stearoyl-ACPs	RXN-9633	PWY-5989	right				
Oxidized-ferredoxins	RXN-8369	PWY-782	right				
Oxidized-ferredoxins	RXN-8316	PWY-762	right				
ACP	RXN-9527	PWY-5971	right				
FERROCYTOCHROME-B5	RXN-8361	PWY-762	left				
3-oxo-decanoyl-ACPs	RXN-9527	PWY-5971	right				
Reduced-ferredoxins	RXN-16047	PWY-7590	left				
Ox-NADPH-Hemoprotein-Reductases	RXN-7580	PWY-5034	right				
Reduced-ferredoxins	RXN-8368	PWY-782	left				
Ox-NADPH-Hemoprotein-Reductases	RXN-12143	PWY-6710	right				
3-oxo-stearoyl-ACPs	RXN-9632	PWY-5989	right				
Hexanoyl-ACPs	RXN-9523	PWY-5971	left				
Oxidized-ferredoxins	RXN-8300	PWY-782	right				
FERROCYTOCHROME-B5	RXN-8360	PWY-762	left				
Ox-NADPH-Hemoprotein-Reductases	RXN-1142	PWY-361	right				
Ox-NADPH-Hemoprotein-Reductases	RXN-12137	PWY-6710	right				
Red-NADPH-Hemoprotein-Reductases	RXN-7629	PWY-5048	left				
Red-NADPH-Hemoprotein-Reductases	RXN-7628	PWY-5048	left				
Ox-NADPH-Hemoprotein-Reductases	RXN-7628	PWY-5048	right				
Reduced-ferredoxins	RXN-1726	PWY-762	left				
MALONYL-ACP	RXN-9516	PWY-5971	left				
Reduced-ferredoxins	RXN-8365	PWY-782	left				
Oxidized-ferredoxins	RXN-8365	PWY-782	right				
Acceptor	RXN-8364	PWY-782	right				
FERROCYTOCHROME-B5	RXN-4209	PWY-2541	left				
Ox-NADPH-Hemoprotein-Reductases	RXN-7631	PWY-5048	right				
Ox-NADPH-Hemoprotein-Reductases	RXN-12138	PWY-6710	right				
Red-NADPH-Hemoprotein-Reductases	RXN-12139	PWY-6710	left				
Red-NADPH-Hemoprotein-Reductases	RXN-7631	PWY-5048	left				
3-oxo-hexanoyl-ACPs	RXN-9516	PWY-8279	right				
Acceptor	RXN-18701	PWY-7888	right				
Acceptor	DEOXYHYPUSINE-MONOOXYGENASE-RXN	PWY-5905	right				
B-KETOACYL-ACP	3-OXOACYL-ACP-REDUCT-RXN	FASYN-ELONG-PWY	right				
FERROCYTOCHROME-B5	RXN-8329	PWY-762	left				
FERRICYTOCHROME-B5	RXN-8329	PWY-762	right				
Protein-Ox-Disulfides	RXN0-7271	GLUT-REDOX-PWY	left				
Protein-Red-Disulfides	RXN0-7271	GLUT-REDOX-PWY	right				
Oxidized-ferredoxins	RXN-8296	PWY-782	right				
Ox-NADPH-Hemoprotein-Reductases	RXN-7630	PWY-5048	right				
Ox-Glutaredoxins	PRODISULFREDUCT-A-RXN	GLUT-REDOX-PWY	left				
Oxidized-flavodoxins	RXN-24044	NONMEVIPP-PWY	left				
FERRICYTOCHROME-B5	RXN-9703	PWY-6710	right				
Sulfurated-Sulfur-Acceptors	RXN-17472	PWY0-1507	left				
FERROCYTOCHROME-B5	RXN-8326	PWY-762	left				
Ox-NADPH-Hemoprotein-Reductases	RXN-7748	PWY-861	right				
Red-NADPH-Hemoprotein-Reductases	RXN-7748	PWY-861	left				
Red-NADPH-Hemoprotein-Reductases	RXN1F-161	PWY-5034	left				
FERROCYTOCHROME-B5	RXN-9703	PWY-6710	left				
Donor-H2	RXN-13645	PWY-7101	right				
Siderophore	RXN-14960	PWY-5934	right				
Ox-NADPH-Hemoprotein-Reductases	RXN1F-161	PWY-5034	right				
Tetradec-2-enoyl-ACPs	RXN-9537	PWY-5971	right				
ACP	RXN-13268	PWY-6622	left				
Red-Thioredoxin	RXN-24006	THIOREDOX-PWY	right				
Red-Thioredoxin	ADPREDUCT-RXN	PWY-7227	right				
Grx-GSH-dithiol	RXN-982	PWY-8259	right				
FERROCYTOCHROME-B5	RXN-8327	PWY-762	left				
Oxidized-ferredoxins	RXN-22408	PWY-8270	right				
Oxidized-ferredoxins	RXN-8310	PWY-782	right				
ACP	RXN-13260	PWY-7029	right				
Ox-NADPH-Hemoprotein-Reductases	RXN-12136	PWY-6710	right				
Oxidized-ferredoxins	RXN-1728	PWY-782	right				
Oxidized-Plastocyanins	RXN-15479	PWY-8270	left				
Donor-H2	RXN-9741	PWY-6051	left				
FERRICYTOCHROME-B5	RXN-14250	PWY-5129	right				
Plastocyanin-Reduced	RXN-15479	PWY-8270	right				
Sulfurated-Sulfur-Acceptors	RXN-12588	PWY-8452	right				
Donor-H2	RXN-4544	PWY-2781	left				
FERRICYTOCHROME-B5	RXN-20440	PWY18C3-1	right				
FERROCYTOCHROME-B5	RXN-11341	PWY-5129	left				
Oxidized-ferredoxins	RXN-8306	PWY-782	right				
Sulfurated-Sulfur-Acceptors	RXN-12588	PWY0-1021	right				
cis-vaccen-2-enoyl-ACPs	RXN-9558	PWY-5973	right				
FERRICYTOCHROME-B5	RXN-11341	PWY-5129	right				
Plastocyanin-Reduced	PLASTOQUINOL--PLASTOCYANIN-REDUCTASE-RXN	PWY-8270	right				
Thiocarboxylated-MPT-synthases	RXN-8342	PWY-6823	left				
3-Oxo-octanoyl-ACPs	RXN-9524	PWY-5971	right				
Red-NADPH-Hemoprotein-Reductases	RXN-15452	PWY-7477	left				
Oxidized-Plastocyanins	PLASTOQUINOL--PLASTOCYANIN-REDUCTASE-RXN	PWY-101	left				
Ox-Thioredoxin	GDPREDUCT-RXN	PWY-7226	left				
FERRICYTOCHROME-B5	RXN-8322	PWY-762	right				
FERROCYTOCHROME-B5	RXN-8322	PWY-762	left				
Red-NADPH-Hemoprotein-Reductases	RXN-15379	PWY-7478	left				
Oxidized-ferredoxins	RXN-8304	PWY-782	right				
Acceptor	RXN-11541	PWY-6546	right				
MALONYL-ACP	2.3.1.179-RXN	PWY-5973	left				
Tetradec-2-enoyl-ACPs	RXN-9662	PWY-5971	right				
ACP	2.3.1.179-RXN	PWY-5973	right				
Dodecanoyl-ACPs	RXN-9661	PWY-5971	left				
FERROCYTOCHROME-B5	RXN-20433	PWY18C3-1	left				
Red-NADPH-Hemoprotein-Reductases	RXN-11340	PWY-6468	left				
FERRICYTOCHROME-B5	RXN-8321	PWY-762	right				
Ox-NADPH-Hemoprotein-Reductases	RXN-4308	PWY-2681	right				
Octanoyl-ACPs	RXN-9526	PWY66-430	left				
FERROCYTOCHROME-B5	RXN-7798	PWY-5129	left				
FERRICYTOCHROME-B5	RXN-8320	PWY-762	right				
Octanoyl-ACPs	RXN-9659	PWY-5971	left				
FERRICYTOCHROME-B5	RXN-7796	PWY-5129	right				
Red-NADPH-Hemoprotein-Reductases	RXN66-587	PWY-5060	left				
Red-NADPH-Hemoprotein-Reductases	RXN-12155	PWY-1121	left				
FERROCYTOCHROME-B5	RXN-7796	PWY-5129	left				
Oxidized-ferredoxins	RXN-8307	PWY-782	right				
Ox-NADPH-Hemoprotein-Reductases	RXN-8620	PWY-6668	right				
Reduced-ferredoxins	RXN-8319	PWY-762	left				
Ox-NADPH-Hemoprotein-Reductases	RXN-4306	PWY-2681	right				
Oxidized-ferredoxins	RXN-8319	PWY-762	right				
Stearoyl-ACPs	RXN-9548	PWY-8280	left				
Crotonyl-ACPs	RXN-9657	PWY-5971	right				
Butanoyl-ACPs	RXN-9657	PWY-5971	left				
Ox-NADPH-Hemoprotein-Reductases	TRANS-CINNAMATE-4-MONOOXYGENASE-RXN	PWY-1121	right				
Oxidized-ferredoxins	RXN-8318	PWY-762	right				
ETR-Quinones	RXN-14971	PWY-5690	left				
Ox-NADPH-Hemoprotein-Reductases	1.14.13.36-RXN	PWY-6039	right				
Red-NADPH-Hemoprotein-Reductases	RXN-4304	PWY-2681	left				
Reduced-ferredoxins	RXN-8366	PWY-782	left				
ETR-Quinols	RXN-14971	PWY-5690	right				
ETF-Oxidized	PROPCOASYN-RXN	PWY-3941	left				
FERRICYTOCHROME-B5	RXN3O-1380	PWY-5129	right				
FERROCYTOCHROME-B5	RXN3O-1380	PWY-5129	left				
Reduced-ferredoxins	RXN-8302	PWY-782	left				
Reduced-ferredoxins	RXN-8317	PWY-762	left				
Octadec-2-enoyl-ACPs	RXN-9635	PWY-5989	right				
Hex-2-enoyl-ACPs	RXN-9521	PWY-8279	right				
Red-NADPH-Hemoprotein-Reductases	RXN-1103	PWY-1121	left				
Hexanoyl-ACPs	RXN-9521	PWY66-430	left				
Acceptor	RXN-11404	PWY-6498	right				
GLT-tRNAs	GLUTRNAREDUCT-RXN	PWY-5188	left				
Oxidized-ferredoxins	RXN-1727	PWY-762	right				
Ox-NADPH-Hemoprotein-Reductases	RXN-5962	PWY-5947	right				
Reduced-ferredoxins	RXN-8300	PWY-782	left				
Oxidized-ferredoxins	RXN-17252	PWY-5098	right				
Reduced-ferredoxins	RXN-8367	PWY-782	left				
ACP	RXN-9632	PWY-5989	right				
ACP	RXN-10727	PWY66-430	right				
Palmitoyl-ACPs	RXN-9632	PWY-5989	left				
Ox-NADPH-Hemoprotein-Reductases	RXN-7580	PWY-7070	right				
Oxidized-ferredoxins	RXN-8299	PWY-782	right				
Oxidized-ferredoxins	GLUTAMATE-SYNTHASE-FERREDOXIN-RXN	PWY-6964	left				
Donor-H2	RXN-9750	PWY-6051	left				
Ox-NADPH-Hemoprotein-Reductases	RXN-12186	PWY-6733	right				
3-oxo-dodecanoyl-ACPs	RXN-9532	PWY-5971	right				
Donor-H2	RXN-8154	PWY-5271	right				
ACP	1-ACYLGLYCEROL-3-P-ACYLTRANSFER-RXN	PWY0-1319	right				
Red-NADPH-Hemoprotein-Reductases	RXN-5242	PWY-5034	left				
Reduced-ferredoxins	GLUTAMATE-SYNTHASE-FERREDOXIN-RXN	PWY4LZ-81	right				
Reduced-ferredoxins	RXN-7741	PWY-5098	right				
Oxidized-ferredoxins	RXN-1725	PWY-762	right				
Reduced-ferredoxins	RXN-1725	PWY-762	left				
Red-NADPH-Hemoprotein-Reductases	1.14.13.42-RXN	PWY-861	left				
Oxidized-ferredoxins	RXN-8297	PWY-782	right				
Reduced-ferredoxins	GLUTAMATE-SYNTHASE-FERREDOXIN-RXN	PWY4LZ-283	right				
Reduced-ferredoxins	RXN-8363	PWY-782	left				
Ox-NADPH-Hemoprotein-Reductases	1.14.13.70-RXN	PWY-2541	right				
Oxidized-ferredoxins	RXN-7679	PWY-5068	left				
Reduced-ferredoxins	RXN-8297	PWY-782	left				
Ox-NADPH-Hemoprotein-Reductases	RXN-11101	PWY-2582	right				
Oxidized-ferredoxins	RXN0-884	PWY-7560	left				
All-apo-ACPs	HOLO-ACP-SYNTH-RXN	PWY-6012	left				
Red-NADPH-Hemoprotein-Reductases	1.14.13.36-RXN	PWY-6040	left				
Ox-NADPH-Hemoprotein-Reductases	1.14.13.79-RXN	PWY-5034	right				
Ox-NADPH-Hemoprotein-Reductases	1.14.13.78-RXN	PWY-5034	right				
All-holo-ACPs	3.1.4.14-RXN	PWY-6012	left				
Oxidized-ferredoxins	RXN-9278	PWY-5871	right				
Ox-NADPH-Hemoprotein-Reductases	1.14.13.36-RXN	PWY-361	right				
Red-NADPH-Hemoprotein-Reductases	1.14.13.36-RXN	PWY-361	left				
R-3-hydroxymyristoyl-ACPs	RXN-9536	PWY66-430	left				
Ox-NADPH-Hemoprotein-Reductases	RXN-13510	PWY-7070	right				
Oxidized-ferredoxins	RXN-8295	PWY-782	right				
Donor-H2	RXN-9744	PWY-6051	left				
Red-NADPH-Hemoprotein-Reductases	RXN-773	PWY-2582	left				
Donor-H2	RXN-11532	PWY-2582	right				
Unsulfurated-Sulfur-Acceptors	RXN-17472	PWY0-1507	right				
Red-NADPH-Hemoprotein-Reductases	TYROSINE-N-MONOOXYGENASE-RXN	PWY-861	left				
Reduced-ferredoxins	RXN-8294	PWY-782	left				
R-3-hydroxyhexanoyl-ACPs	RXN-9518	PWY-5971	left				
Donor-H2	RXN-13644	PWY-7101	right				
Ox-NADPH-Hemoprotein-Reductases	RXN-15441	PWY-7478	right				
Stearoyl-ACPs	RXN-13268	PWY-6622	right				
Thiocarboxylated-MPT-synthases	RXN-12473	PWY-6823	right				
Red-Glutaredoxins	RXN-982	PWY-8259	left				
ETF-Reduced	MEPROPCOA-FAD-RXN	VALDEG-PWY	right				
ETF-Oxidized	MEPROPCOA-FAD-RXN	VALDEG-PWY	left				
Acceptor	RXN-18428	PWY-7856	left				
Donor-H2	RXN-17066	PWY-5027	right				
Acceptor	RXN-17066	PWY-5027	left				
Red-NADPH-Hemoprotein-Reductases	RXN-16173	PWY-699	left				
Red-NADPH-Hemoprotein-Reductases	RXN-4226	PWY-2582	left				
Carboxyadenylated-MPT-synthases	RXN-11361	PWY-6823	right				
MPT-Synthase-small-subunits	RXN-11361	PWY-6823	left				
Reduced-ferredoxins	RXN-15479	PWY-8270	left				
Oxidized-ferredoxins	RXN-1161	PWY4LZ-283	right				
ETR-Quinones	RXN-14903	PROUT-PWY	left				
Oxidized-ferredoxins	RXN-8366	PWY-782	right				
3-Hydroxy-octanoyl-ACPs	RXN-9524	PWY-5971	left				
Red-NADPH-Hemoprotein-Reductases	RXN-19637	PWY-7994	left				
Oxidized-ferredoxins	RXN-8305	PWY-782	right				
Oxidized-Plastocyanins	PLASTOQUINOL--PLASTOCYANIN-REDUCTASE-RXN	PWY-8270	left				
Red-Thioredoxin	GDPREDUCT-RXN	PWY-7226	right				
Ox-NADPH-Hemoprotein-Reductases	RXN-7921	PWY-6787	right				
Ox-NADPH-Hemoprotein-Reductases	RXN1F-143	PWY-5035	right				
3-oxo-decanoyl-ACPs	RXN-9528	PWY-5971	right				
R-3-hydroxy-cis-vaccenoyl-ACPs	RXN-9556	PWY-5973	left				
2-Hexadecenoyl-ACPs	RXN-9663	PWY-5971	right				
Red-NADPH-Hemoprotein-Reductases	RXN-16399	PWY-6733	left				
3-oxo-cis-vaccenoyl-ACPs	2.3.1.179-RXN	PWY-5973	right				
Donor-H2	RXN-8340	PWY-6823	left				
Red-NADPH-Hemoprotein-Reductases	RXN-12882	PWY-7477	left				
Ox-NADPH-Hemoprotein-Reductases	RXN-2581	PWY-361	right				
3-oxo-stearoyl-ACPs	RXN-9633	PWY-8280	right				
Red-NADPH-Hemoprotein-Reductases	RXN-12881	PWY-7477	left				
3-oxo-decanoyl-ACPs	RXN-9528	PWY66-430	right				
Dodec-2-enoyl-ACPs	RXN-9661	PWY-5971	right				
ACP	RXN-9555	PWY-5973	right				
Trans-D2-decenoyl-ACPs	RXN-9660	PWY-5971	right				
ETR-Quinols	RXN-15745	PWY-6118	right				
Red-NADPH-Hemoprotein-Reductases	RXN-4308	PWY-2681	left				
Reduced-ferredoxins	1.18.1.2-RXN	PWY-101	left				
Red-NADPH-Hemoprotein-Reductases	TRANS-CINNAMATE-4-MONOOXYGENASE-RXN	PWY-8157	left				
Oxidized-ferredoxins	1.18.1.2-RXN	PWY-101	right				
Reduced-ferredoxins	RXN-8026	PWY-5944	left				
ETR-Quinols	RXN-15745	PWY-6952	right				
2-Octenoyl-ACPs	RXN-9659	PWY-5971	right				
Iron-Sulfur-Cluster-Scaffold-Proteins	RXN0-949	PWY0-501	right				
Cytochromes-C-Reduced	D-LACTATE-DEHYDROGENASE-CYTOCHROME-RXN	PWY-5386-1	right				
Hexanoyl-ACPs	RXN-9658	PWY-5971	left				
Oxidized-ferredoxins	RXN-7903	PWY-5147	right				
Hex-2-enoyl-ACPs	RXN-9658	PWY-5971	right				
Red-NADPH-Hemoprotein-Reductases	RXN-8620	PWY-6668	left				
Oxidized-ferredoxins	RXN-8025	PWY-5944	right				
Red-NADPH-Hemoprotein-Reductases	TRANS-CINNAMATE-4-MONOOXYGENASE-RXN	PWY-1121	left				
Decanoyl-ACPs	RXN-9531	PWY-8279	left				
Carboxyadenylated-URM1	RXN-18701	PWY-7888	left				
Ox-NADPH-Hemoprotein-Reductases	1.14.13.42-RXN	PWY-861	right				
ACP	RXN-9516	PWY-8279	right				
Non-Glucosylated-Glucose-Acceptors	RXN-3183	PWY-1961	right				
Acceptor	RXN-11406	PWY-6498	right				
Ox-NADPH-Hemoprotein-Reductases	RXN-7652	PWY-5060	right				
Octadec-2-enoyl-ACPs	RXN-9634	PWY-8280	right				
3-oxo-dodecanoyl-ACPs	RXN-9531	PWY-5971	right				
Glucosylated-Glucose-Acceptors	RXN-3183	PWY-1961	left				
Ox-NADPH-Hemoprotein-Reductases	RXN-16399	PWY-6733	right				
Charged-GLT-tRNAs	GLURS-RXN	PWY-5188	right				
Red-NADPH-Hemoprotein-Reductases	RXN-7652	PWY-6787	left				
Red-NADPH-Hemoprotein-Reductases	1.14.13.78-RXN	PWY-5034	left				
Reduced-ferredoxins	RXN-16049	PWY-7590	left				
Ox-NADPH-Hemoprotein-Reductases	RXN-11911	PWY-5434	right				
Oxidized-ferredoxins	RXN-8368	PWY-782	right				
R-3-hydroxystearoyl-ACPs	RXN-9633	PWY-8280	left				
TRANS-D2-ENOYL-ACP	3-HYDROXYDECANOYL-ACP-DEHYDR-RXN	FASYN-ELONG-PWY	right				
ETR-Quinones	RXN-11357	PWY-6475	left				
Octanoyl-ACPs	RXN-9527	PWY-5971	left				
MALONYL-ACP	RXN-9527	PWY-5971	left				
ETR-Quinones	DIHYDROOROTATE-DEHYDROGENASE-RXN	PWY-5686	left				
Oxidized-ferredoxins	RXN-16047	PWY-7590	right				
Ox-NADPH-Hemoprotein-Reductases	RXN-7629	PWY-5048	right				
Red-NADPH-Hemoprotein-Reductases	RXN-4243	PWY-2541	left				
MALONYL-ACP	RXN-9632	PWY-8280	left				
Methylated-methyl-acceptors	RXN-7605	METHIONINE-DEG1-PWY	right				
ACYL-ACP	RXN-10462	PWY0-1319	left				
R-3-hydroxydodecanoyl-ACPs	RXN-9532	PWY-5971	left				
3-oxo-stearoyl-ACPs	RXN-9632	PWY-8280	right				
Palmitoyl-ACPs	RXN-9632	PWY-8280	left				
Oxidized-ResA-Proteins	RXN-21403	PWY-8146	left				
Reduced-ResA-Proteins	RXN-21403	PWY-8146	right				
Ox-Thioredoxin	RXN-21406	PWY-8146	left				
R-3-hydroxydodecanoyl-ACPs	RXN-9532	PWY66-430	left				
ACYL-ACP	1-ACYLGLYCEROL-3-P-ACYLTRANSFER-RXN	PWY0-1319	left				
Acceptor	RXN-8154	PWY-5271	left				
B-KETOACYL-ACP	3-OXOACYL-ACP-SYNTH-RXN	FASYN-ELONG-PWY	right				
Cytochromes-c	HOLOCYTOCHROME-C-SYNTHASE-RXN	PWY-8146	left				
Red-NADPH-Hemoprotein-Reductases	RXN-5242	PWY-7070	left				
Acceptor	RXN-4544	PWY-2781	right				
Red-NADPH-Hemoprotein-Reductases	1.14.13.70-RXN	PWY-2541	left				
Reduced-ferredoxins	RXN-8303	PWY-782	left				
Red-NADPH-Hemoprotein-Reductases	1.14.13.93-RXN	PWY-5271	left				
Ox-NADPH-Hemoprotein-Reductases	1.14.13.78-RXN	PWY-7070	right				
Oxidized-ferredoxins	RXN-8363	PWY-782	right				
Red-NADPH-Hemoprotein-Reductases	1.14.13.78-RXN	PWY-7070	left				
Thiocarboxylated-URM1	RXN-18699	PWY-7888	left				
Reduced-ferredoxins	RXN-8314	PWY-782	left				
Reduced-ferredoxins	RXN0-884	PWY-7560	right				
Red-NADPH-Hemoprotein-Reductases	1.14.13.79-RXN	PWY-5034	left				
URM1	RXN-18699	PWY-7888	right				
Ox-NADPH-Hemoprotein-Reductases	RXN-12882	PWY-7477	right				
Reduced-flavodoxins	RXN-24043	NONMEVIPP-PWY	right				
All-apo-ACPs	3.1.4.14-RXN	PWY-6012	right				
Reduced-ferredoxins	RXN-8313	PWY-782	left				
Reduced-ferredoxins	RXN-8295	PWY-782	left				
Myristoyl-ACPs	RXN-9662	PWY-5971	left				
Ox-NADPH-Hemoprotein-Reductases	RXN-777	PWY-699	right				
Oxidized-flavodoxins	RXN-15878	NONMEVIPP-PWY	left				
ETR-Quinols	RXN-11357	PWY-6475	right				
FERRICYTOCHROME-B5	RXN-9703	PWY-6014	right				
Oxidized-ferredoxins	RXN-8311	PWY-782	right				
R-3-hydroxymyristoyl-ACPs	RXN-9537	PWY-5971	left				
Acceptor	RXN-13644	PWY-7101	left				
Ox-NADPH-Hemoprotein-Reductases	TYROSINE-N-MONOOXYGENASE-RXN	PWY-861	right				
Red-NADPH-Hemoprotein-Reductases	RXN-11531	PWY-2582	left				
Reduced-ferredoxins	RXN-8308	PWY-782	left				
ETR-Quinones	RXN-11356	PWY-6475	left				
Donor-H2	RXN-18430	PWY-7856	right				
Donor-H2	RXN-18428	PWY-7856	right				
R-3-hydroxyhexanoyl-ACPs	RXN-9518	PWY-8279	left				
Reduced-ferredoxins	RXN-1728	PWY-782	left				
Red-NADPH-Hemoprotein-Reductases	RXN-11530	PWY-2582	left				
Donor-H2	RXN-12473	PWY-6823	left				
R-3-hydroxydodecanoyl-ACPs	RXN-9533	PWY-8279	left				
Dodec-2-enoyl-ACPs	RXN-9533	PWY-8279	right				
Red-NADPH-Hemoprotein-Reductases	RXN-720	PWY-699	left				
Ox-NADPH-Hemoprotein-Reductases	RXN-720	PWY-699	right				
FERRICYTOCHROME-B5	RXN-8324	PWY-762	right				
MALONYL-ACP	RXN-9516	PWY-8279	left				
Reduced-ferredoxins	ISPH2-RXN	PWY-7560	right				
Donor-H2	RXN-18701	PWY-7888	left				
Oxidized-ferredoxins	ISPH2-RXN	PWY-7560	left				
Plastocyanin-Reduced	RXN-15479	PWY-101	right				
Trans-D2-decenoyl-ACPs	RXN-9655	PWY66-430	right				
Acceptor	RXN-712	PWY-699	left				
MPT-Synthase-small-subunits	RXN-8342	PWY-6823	right				
MALONYL-ACP	RXN-9531	PWY-5971	left				
Red-NADPH-Hemoprotein-Reductases	RXN-20438	PWY18C3-1	left				
Reduced-ferredoxins	RXN-8304	PWY-782	left				
Ox-NADPH-Hemoprotein-Reductases	RXN-2581	PWY-6039	right				
Oxidized-ferredoxins	RXN-8314	PWY-782	right				
Red-NADPH-Hemoprotein-Reductases	RXN-8352	PWY-2541	left				
Donor-H2	RXN-11541	PWY-6546	left				
Red-NADPH-Hemoprotein-Reductases	RXN-2581	PWY-361	left				
Red-NADPH-Hemoprotein-Reductases	RXN-19636	PWY-7994	left				
Ox-NADPH-Hemoprotein-Reductases	RXN1F-160	PWY-5034	right				
Reduced-ferredoxins	RXN-9278	PWY-5871	left				
Cytochromes-C-Reduced	GALACTONOLACTONE-DEHYDROGENASE-RXN	PWY-8143	right				
FERRICYTOCHROME-B5	RXN-20433	PWY18C3-1	right				
Ox-NADPH-Hemoprotein-Reductases	RXN-12881	PWY-7477	right				
ETR-Quinones	RXN-15745	PWY-6118	left				
Ox-NADPH-Hemoprotein-Reductases	RXN-11540	PWY-6546	right				
Cytochromes-C-Reduced	GALACTONOLACTONE-DEHYDROGENASE-RXN	PWY-882	right				
Acetoacetyl-ACPs	RXN-9514	PWY66-430	right				
ETR-Quinones	RXN-15745	PWY-6952	left				
Myristoyl-ACPs	RXN-10727	PWY66-430	left				
Ox-NADPH-Hemoprotein-Reductases	TRANS-CINNAMATE-4-MONOOXYGENASE-RXN	PWY-8157	right				
Oxidized-ferredoxins	RXN-8308	PWY-782	right				
Acetoacetyl-ACPs	RXN-9514	PWY-5971	right				
Reduced-ferredoxins	RXN-7903	PWY-5147	left				
Oxidized-ferredoxins	RXN-8026	PWY-5944	right				
Red-NADPH-Hemoprotein-Reductases	TRANS-CINNAMATE-4-MONOOXYGENASE-RXN	PWY-5048	left				
Ox-NADPH-Hemoprotein-Reductases	TRANS-CINNAMATE-4-MONOOXYGENASE-RXN	PWY-5048	right				
MALONYL-ACP	RXN-9535	PWY-8279	left				
Dodecanoyl-ACPs	RXN-9535	PWY-8279	left				
Reduced-ferredoxins	RXN-8025	PWY-5944	left				
Apocytochromes-c	HOLOCYTOCHROME-C-SYNTHASE-RXN	PWY-8146	right				
Oxidized-ferredoxins	RXN-8298	PWY-782	right				
MALONYL-ACP	3-OXOACYL-ACP-SYNTH-RXN	FASYN-ELONG-PWY	left				
ACP	RXN-9516	PWY-5971	right				
Oxidized-ferredoxins	RXN-15479	PWY-101	right				
Oxidized-Plastocyanins	RXN-15479	PWY-101	left				
Stearoyl-ACPs	RXN-9548	PWY-5989	left				
R-3-hydroxymyristoyl-ACPs	RXN-9536	PWY-5971	left				
Ferrohemoglobins	RXN-16809	PWY-7683	right				
R-3-hydroxystearoyl-ACPs	RXN-9634	PWY-5989	left				
Donor-H2	DEOXYHYPUSINE-MONOOXYGENASE-RXN	PWY-5905	left				
Red-NADPH-Hemoprotein-Reductases	TRANS-CINNAMATE-4-MONOOXYGENASE-RXN	PWY1F-467	left				
Red-NADPH-Hemoprotein-Reductases	RXN-11325	PWY-6465	left				
Acceptor	RXN-3181	PWY-1961	left				
Red-NADPH-Hemoprotein-Reductases	RXN-7921	PWY-6787	left				
Red-Glutaredoxins	RXN0-7271	GLUT-REDOX-PWY	left				
Oxidized-ferredoxins	RXN-16049	PWY-7590	right				
Ox-NADPH-Hemoprotein-Reductases	RXN-774	PWY-699	right				
Donor-H2	RXN-11404	PWY-6498	left				
Ox-NADPH-Hemoprotein-Reductases	SQUALENE-MONOOXYGENASE-RXN	PWY-5670	right				
ACP	RXN-9539	PWY-8279	right				
Oxidized-ferredoxins	RXN-8313	PWY-782	right				
3-oxo-hexanoyl-ACPs	RXN-9518	PWY66-430	right				
FERROCYTOCHROME-B5	RXN3O-218	PWY-2541	left				
Oxidized-ferredoxins	RXN-8294	PWY-782	right				
ETR-Quinols	DIHYDROOROTATE-DEHYDROGENASE-RXN	PWY-5686	right				
Reduced-ferredoxins	RXN-8309	PWY-782	left				
Donor-H2	RXN-9243	PWY-5871	left				
Acceptor	RXN-13645	PWY-7101	left				
Ox-NADPH-Hemoprotein-Reductases	RXN-11340	PWY-6468	right				
Reduced-ferredoxins	RXN-16048	PWY-7590	left				
ACP	RXN-9632	PWY-8280	right				
Palmitoyl-ACPs	RXN-9542	PWY-8279	left				
Dodec-2-enoyl-ACPs	RXN-9534	PWY66-430	right				
Oxidized-ferredoxins	RXN-16048	PWY-7590	right				
Red-NADPH-Hemoprotein-Reductases	RXN-12137	PWY-6710	left				
Reduced-ResA-Proteins	RXN-21406	PWY-8146	left				
Hexanoyl-ACPs	RXN-9523	PWY-8279	left				
Red-NADPH-Hemoprotein-Reductases	RXN-12138	PWY-6710	left				
Donor-H2	RXN-8364	PWY-782	left				
Reduced-ferredoxins	RXN-8306	PWY-782	left				
Reduced-ferredoxins	RXN-1161	PWY4LZ-283	left				
Donor-H2	RXN-13260	PWY-7029	left				
Saturated-Fatty-Acyl-ACPs	ENOYL-ACP-REDUCT-NADPH-RXN	FASYN-ELONG-PWY	left				
Apocytochromes-c	RXN-21403	PWY-8146	left				
Decanoyl-ACPs	RXN-9660	PWY-5971	left				
Reduced-ferredoxins	RXN-8310	PWY-782	left				
Red-NADPH-Hemoprotein-Reductases	RXN-4225	PWY-2582	left				
ACP	3-OXOACYL-ACP-SYNTH-RXN	FASYN-ELONG-PWY	right				
Red-NADPH-Hemoprotein-Reductases	RXN-7630	PWY-5048	left				
Decanoyl-ACPs	RXN-9531	PWY-5971	left				
Red-NADPH-Hemoprotein-Reductases	RXN-7652	PWY-5060	left				
Ox-NADPH-Hemoprotein-Reductases	RXN-775	PWY-699	right				
Reduced-flavodoxins	RXN-24044	NONMEVIPP-PWY	right				
ETF-Reduced	PROPCOASYN-RXN	PWY-3941	right				
Plastocyanin-Reduced	PLASTOQUINOL--PLASTOCYANIN-REDUCTASE-RXN	PWY-101	right				
Oxidized-2Fe-2S-Ferredoxins	RXN-17472	PWY0-1507	right				
FERROCYTOCHROME-B5	RXN-19720	PWY-2541	left				
ACP	RXN-9523	PWY-5971	right				
Red-NADPH-Hemoprotein-Reductases	RXN1F-160	PWY-5034	left				
Oleoyl-ACPs	3.1.2.14-RXN	PWY-5147	left				
Ox-Thioredoxin	ADPREDUCT-RXN	PWY-7227	left				
Acceptor	RXN-1023	PWY-282	left				
Ox-Thioredoxin	THIOREDOXIN-REDUCT-NADPH-RXN	THIOREDOX-PWY	right				
Red-NADPH-Hemoprotein-Reductases	RXN-11536	PWY-699	left				
Acceptor	RXN-11532	PWY-2582	left				
Red-NADPH-Hemoprotein-Reductases	RXN-11540	PWY-6546	left				
Oxidized-ferredoxins	RXN0-949	PWY0-501	right				
Ox-NADPH-Hemoprotein-Reductases	RXN-2581	PWY-6040	right				
Oxidized-ferredoxins	RXN-15479	PWY-8270	right				
Red-NADPH-Hemoprotein-Reductases	RXN-2581	PWY-8157	left				
Hex-2-enoyl-ACPs	RXN-9520	PWY-5971	right				
Oxidized-ResA-Proteins	RXN-21406	PWY-8146	right				
FERROCYTOCHROME-B5	1.14.21.6-RXN	PWY18C3-1	left				
3-Oxo-octanoyl-ACPs	RXN-9523	PWY-5971	right				
Reduced-ferredoxins	RXN-17523	PWY-7170	left				
Thiocarboxylated-URM1	RXN-18701	PWY-7888	right				
Acceptor	RXN-713	PWY-699	right				
Acceptor	RXN-9741	PWY-6051	right				
ACYL-ACP	RXN-13260	PWY-7029	left				
3-oxo-myristoyl-ACPs	RXN-9535	PWY-8279	right				
FERRICYTOCHROME-B5	RXN-4209	PWY-2541	right				
3-oxo-myristoyl-ACPs	RXN-9536	PWY-8279	right				
Ox-NADPH-Hemoprotein-Reductases	RXN-19636	PWY-7994	right				
Oleoyl-ACPs	RXN-7903	PWY-5147	right				
Reduced-2Fe-2S-Ferredoxins	RXN-17472	PWY0-1507	left				
Oxidized-ferredoxins	RXN-7979	PWY-5945	right				
Reduced-ferredoxins	RXN-8299	PWY-782	left				
Cytochromes-C-Oxidized	D-LACTATE-DEHYDROGENASE-CYTOCHROME-RXN	PWY-5386-1	left				
R-3-Hydroxypalmitoyl-ACPs	RXN-9540	PWY-8279	left				
Ox-NADPH-Hemoprotein-Reductases	RXN-19637	PWY-7994	right				
Dodecanoyl-ACPs	3.1.2.21-RXN	PWY-5971	left				
Reduced-ferredoxins	RXN0-949	PWY0-501	left				
ACP	3.1.2.14-RXN	PWY-5147	right				
FERRICYTOCHROME-B5	1.14.21.6-RXN	PWY18C3-1	right				
Red-NADPH-Hemoprotein-Reductases	RXN-2581	PWY-6040	left				
Ox-NADPH-Hemoprotein-Reductases	RXN-11325	PWY-6465	right				
Red-NADPH-Hemoprotein-Reductases	RXN-11336	PWY-6465	left				
Donor-H2	RXN-1023	PWY-282	right				
Beta-3-hydroxybutyryl-ACPs	4.2.1.58-RXN	PWY66-430	left				
Ox-NADPH-Hemoprotein-Reductases	RXN-7653	PWY-5060	right				
Apocytochromes-c-Disulfide	RXN-21403	PWY-8146	right				
Red-NADPH-Hemoprotein-Reductases	RXN-11336	PWY-6468	left				
ACP	RXN0-947	PWY0-501	right				
ETR-Quinones	RXN-14903	CITRULBIO-PWY	left				
Ox-NADPH-Hemoprotein-Reductases	RXN-11336	PWY-6468	right				
Ox-NADPH-Hemoprotein-Reductases	RXN-11530	PWY-2582	right				
Acceptor	RXN-12473	PWY-6823	right				
Donor-H2	RXN-9742	PWY-6051	right				
Octanoyl-ACPs	RXN0-947	PWY0-501	left				
Red-NADPH-Hemoprotein-Reductases	RXN-1142	PWY-361	left				
Reduced-ferredoxins	RXN-8307	PWY-782	left				
Oxidized-ferredoxins	RXN-14657	PWY-7298	right				
Red-NADPH-Hemoprotein-Reductases	RXN-12143	PWY-6710	left				
Ox-NADPH-Hemoprotein-Reductases	RXN-2581	PWY-8157	right				
Red-NADPH-Hemoprotein-Reductases	RXN-6682	PWY-6949	left				
Red-NADPH-Hemoprotein-Reductases	RXN-12186	PWY-6733	left				
Oxidized-ferredoxins	RXN-8302	PWY-782	right				
Ox-NADPH-Hemoprotein-Reductases	RXN-11336	PWY-6465	right				
Reduced-ferredoxins	RXN-22408	PWY-8270	left				
MALONYL-ACP	RXN-9539	PWY-8279	left				
Red-Thioredoxin	RXN-21406	PWY-8146	right				
GLN-tRNAs	RXN-9386	PWY-5921	left				
Ox-NADPH-Hemoprotein-Reductases	RXN-12155	PWY-1121	right				
Ox-NADPH-Hemoprotein-Reductases	RXN-6682	PWY-6949	right				
Oxidized-ferredoxins	RXN-7741	PWY-5098	left				
Dodecanoyl-ACPs	RXN-9534	PWY-8279	left				
MALONYL-ACP	RXN-9535	PWY-5971	left				
