Lab.ID	BIOCYC.ID	Compound.name	mz	RT	CAS.ID	HMDB.ID	KEGG.ID	Formula	mz.pos	mz.neg	Submitter	Synonyms	monisotopic_molecular_weight	SMILES.ID	INCHI.ID	INCHIKEY.ID	Kingdom	Super_class	Class	Sub_class	direct_parent	molecular_framework	classyfire_status	classyfire_source	source
D-xylofuranose	D-xylofuranose	D-xylofuranose	150.0528234315					C5H10O5			plantcyc <https://plantcyc.org/>		150.0528234315	C(O)[C@@H]1([C@@H]([C@H](C(O)O1)O)O)		HMFHBZSHGGEWLO-IOVATXLUSA-N									PlantCyc/PMN local PGDB
All-trans-3-hydroxyretinal	All-trans-3-hydroxyretinal	all-trans -3-hydroxyretinal	300.208930143					C20H28O2			plantcyc <https://plantcyc.org/>	3-hydroxy- all-trans -retinal	300.208930143	CC(/C=C/C1(/C(C)(C)CC(O)CC(/C)=1))=C\C=C\C(/C)=C\C=O											PlantCyc/PMN local PGDB
L-Fucopyranoses	L-Fucopyranoses	L-fucopyranose	164.0684734957					C6H12O5			plantcyc <https://plantcyc.org/>	6-deoxy-L-galactose // L-galactomethylose	164.0684734957	C[C@@H]1(OC([C@H]([C@@H]([C@@H]1O)O)O)O)											PlantCyc/PMN local PGDB
CPD0-2227	CPD0-2227	an octadecenoyl-CoA (n-C18:1CoA)	1031.3605240149					C39H64N7O17P3S			plantcyc <https://plantcyc.org/>		1031.3605240149	CCCCCCCCCCCCCCC/C=C/C(=O)SCCNC(=O)CCNC(=O)[C@H](O)C(C)(C)COP(=O)(OP(=O)(OC[C@@H]1([C@@H](OP([O-])(=O)[O-])[C@@H](O)[C@@H](O1)N2(C3(\N=C/N=C(C(\N=C/2)=3)/N))))[O-])[O-]		NBCCUIHOHUKBMK-LFZQUHGESA-J									PlantCyc/PMN local PGDB
D-Mannopyranuronate	D-Mannopyranuronate	D-mannopyranuronate	194.0426526757					C6H9O7			plantcyc <https://plantcyc.org/>	D-mannopyranuronic acid	194.0426526757	C([O-])(=O)[C@H]1(OC(O)[C@@H](O)[C@@H](O)[C@H](O)1)		AEMOLEFTQBMNLQ-VANFPWTGSA-M									PlantCyc/PMN local PGDB
12-Hydroxyjasmonate-Sulfates	12-Hydroxyjasmonate-Sulfates	a 12-hydroxyjasmonate sulfate	306.0773236225					C12H16O7S			plantcyc <https://plantcyc.org/>	a 12-OHJA sulfate // a 12-hydroxyjasmonic acid sulfate // a SO4-hydroxy-JA // a 12-hydroxy-JA sulfate	306.0773236225	C(OS(=O)(=O)[O-])C\C=C/CC1(C(=O)CCC1CC([O-])=O)		MLUJBNROAVANKK-UPHRSURJSA-L									PlantCyc/PMN local PGDB
MELANIN	MELANIN	melanin	318.0640568198					C18H10N2O4			plantcyc <https://plantcyc.org/>		318.0640568198	CC3(/C(C(C4(/C1(C5(\C(\NC=1)=C(C)/C(C(C(/C2(C(\C(\NC=2)=3)=4))=5)=O)=O))))=O)=O)											PlantCyc/PMN local PGDB
Farnesols	Farnesols	a farnesol	222.1983654567					C15H26O			plantcyc <https://plantcyc.org/>		222.1983654567	CC(C)=CCCC(\C)=C/CCC(/C)=C/CO											PlantCyc/PMN local PGDB
HEME_O	HEME_O	heme o	840.3913131573					C49H56N4O5FE			plantcyc <https://plantcyc.org/>		840.3913131573	C=CC3(\C7(\[N+]4(\[Fe]16([N+]5(\C(/C(\CCC(=O)[O-])=C(C)\C(/C=C2(C(\C)=C(C(\N12)=C\C(\C(/C)=3)=4)/[C@@H](O)CC/C=C(C)/CC/C=C(C)/CCC=C(C)C))=5)=C/C8(/N6C(/C=7)=C(C)/C(\CCC(=O)[O-])=8))))))		FRKORVCRVCLRBA-ARQJTVBPSA-J									PlantCyc/PMN local PGDB
CPD-16569	CPD-16569	kojibiose	342.1162115493					C12H22O11			plantcyc <https://plantcyc.org/>	2-alpha-D-glucosyl-D-glucose // alpha-D-glucopyranosyl-(1->2)-D-glucopyranose	342.1162115493	C(O)[C@H]2(OC(O)[C@H](O[C@@H]1([C@H](O)[C@H]([C@H](O)[C@@H](CO)O1)O))[C@@H](O)[C@H](O)2)											PlantCyc/PMN local PGDB
CPD-13545	CPD-13545	chitobiose	340.1481803797					C12H26N2O9			plantcyc <https://plantcyc.org/>	beta-D-glucosaminyl-(1->4)-D-glucosamine // 2-amino-4- O -(2-amino-2-deoxy-beta-D-glucopyranosyl)-2-deoxy-D-glucopyranose	340.1481803797	C(O)[C@@H]1([C@@H](O)[C@H](O)[C@@H]([NH3+])[C@@H](O1)O[C@H]2([C@H](O)[C@H](C(O)O[C@H](CO)2)[NH3+]))											PlantCyc/PMN local PGDB
MANDELONITRILE	MANDELONITRILE	mandelonitrile	133.052763852					C8H7NO			plantcyc <https://plantcyc.org/>		133.052763852	C(C(C1(\C=C/C=C\C=1))O)#N											PlantCyc/PMN local PGDB
CPD0-2186	CPD0-2186	a hexadecenoyl-CoA (n-C16:1CoA)	1003.3292238865					C37H60N7O17P3S			plantcyc <https://plantcyc.org/>		1003.3292238865	CCCCCC/C=C/CCCCCCCC(SCCNC(=O)CCNC(=O)[C@H](O)C(C)(C)COP(=O)(OP(=O)(OC[C@@H]1([C@@H](OP([O-])(=O)[O-])[C@@H](O)[C@@H](O1)N2(C3(\N=C/N=C(C(\N=C/2)=3)/N))))[O-])[O-])=O											PlantCyc/PMN local PGDB
12-Hydroxyjasmonates	12-Hydroxyjasmonates	tuberonic acid	226.1205090662					C12H17O4			plantcyc <https://plantcyc.org/>	12-OHJA // 12-hydroxyjasmonic acid // 12-hydroxy-JA // (+/-)-12-hydroxyjasmonate // 12-hydroxy epi-jasmonic acid // 12-hydroxyjasmonate // {(1R,2R)-2-[(2Z)-5-hydroxypent-2-enyl]-3-oxo-cyclopentyl}acetate	226.1205090662	C(O)C\C=C/CC1(C(=O)CCC1CC([O-])=O)		RZGFUGXQKMEMOO-UPHRSURJSA-M									PlantCyc/PMN local PGDB
Phosphoserines	Phosphoserines	L(or D)- O -phosphoserine	185.0089235046					C3H5NO6P			plantcyc <https://plantcyc.org/>	a phosphoserine	185.0089235046	C(OP(=O)([O-])[O-])C(N)C([O-])=O		BZQFBWGGLXLEPQ-UHFFFAOYSA-K									PlantCyc/PMN local PGDB
CPD0-1561	CPD0-1561	selenocysteine	168.9642002741					C3H7NO2SE			plantcyc <https://plantcyc.org/>	3-selenyl-alanine // D,L-selenocysteine // selenium-cystine	168.9642002741	C([SeH])C([NH3+])C([O-])=O		ZKZBPNGNEQAJSX-UHFFFAOYSA-N									PlantCyc/PMN local PGDB
Jadomycin-B	Jadomycin-B	jadomycin B	549.1998815992					C30H31NO9			plantcyc <https://plantcyc.org/>		549.1998815992	CC[C@H](C)[C@H]1(C(=O)OC3(N1C5(\C(=O)C6(/C(/O[C@H]2(C[C@@H](O)[C@@H](O)[C@H](C)O2))=C\C=C/C(/C(=O)C(\C4(C\3=C\C(/C)=C/C(O)=4))=5)=6))))		BSBSCJRAEMDCHC-LVOPHWFOSA-N									PlantCyc/PMN local PGDB
Jasmonoyl-Phenylalanines	Jasmonoyl-Phenylalanines	a jasmonoyl-L-phenylalanine	357.1940083603					C21H26NO4			plantcyc <https://plantcyc.org/>	a phenylalanine-jasmonate conjugate // a JA-Phe // a jasmonate-phenylalanine // a jasmonic acid-phenylalanine // a jasmonic acid-phenylalanine conjugate // a jasmonyl-phenylalanine	357.1940083603	CC\C=C/CC1(C(=O)CCC1CC(N[C@@H](CC2(\C=C/C=C\C=2))C([O-])=O)=O)		BYYWRCJZFSTRMQ-YYYBFOMSSA-M									PlantCyc/PMN local PGDB
Lactate	Lactate	lactate	90.0316940589					C3H5O3			plantcyc <https://plantcyc.org/>	DL lactate // ( RS )-lactate // 2-hydroxypropanoate	90.0316940589	CC(C([O-])=O)O											PlantCyc/PMN local PGDB
CPD-21358	CPD-21358	L- glycero -D- manno -heptose	210.0739528041					C7H14O7			plantcyc <https://plantcyc.org/>		210.0739528041	C([C@@H]([C@H]1(OC(O)[C@H]([C@H]([C@@H]1O)O)O))O)O		BGWQRWREUZVRGI-OLLRPPRZSA-N									PlantCyc/PMN local PGDB
CPD-11914	CPD-11914	L-digitoxose	148.0735588736					C6H12O4			plantcyc <https://plantcyc.org/>		148.0735588736	C[C@H](O)[C@H](O)[C@H](O)CC=O		JWFRNGYBHLBCMB-JKUQZMGJSA-N									PlantCyc/PMN local PGDB
D-mannuronates	D-mannuronates	D-mannuronate	194.0426526757					C6H9O7			plantcyc <https://plantcyc.org/>	D-mannuronic acid	194.0426526757	C(=O)[C@H]([C@@H](O)[C@H](O)[C@@H](C([O-])=O)O)O		IAJILQKETJEXLJ-MBMOQRBOSA-M									PlantCyc/PMN local PGDB
Pyranuronates	Pyranuronates	a pyranuronate	194.0426526757					C6H9O7			plantcyc <https://plantcyc.org/>	a pyranuronic acid	194.0426526757	C1(O)(C(O)C(O)OC(C(=O)[O-])C(O)1)		AEMOLEFTQBMNLQ-UHFFFAOYSA-M									PlantCyc/PMN local PGDB
GLUCOSE-16-DIPHOSPHATE	GLUCOSE-16-DIPHOSPHATE	glucose-1,6-bisphosphate	339.9960489346					C6H10O12P2			plantcyc <https://plantcyc.org/>	glucose-1,6-diphosphate	339.9960489346	C(OP([O-])(=O)[O-])[C@H]1(OC([C@@H]([C@H]([C@@H]1O)O)O)OP(=O)([O-])[O-])											PlantCyc/PMN local PGDB
D-Ketohexoses	D-Ketohexoses	a D-ketohexose	180.0633881178					C6H12O6			plantcyc <https://plantcyc.org/>		180.0633881178	C(O)C(=O)C(O)C(O)[C@H](O)CO		BJHIKXHVCXFQLS-GBLJGUNLSA-N									PlantCyc/PMN local PGDB
C28-22S-hydroxysteroid	C28-22S-hydroxysteroid	a (22 S )-22-hydroxy-C 28 -steroid	402.3861662271					C28H50O			plantcyc <https://plantcyc.org/>		402.3861662271	CC(C)C(C)C[C@H](O)C(C)C3(CCC4(C2(CCC1(CCCCC(C)1C2CCC(C)34))))		XCYIMZFGSRPMQH-YVXPVVMSSA-N									PlantCyc/PMN local PGDB
CPD-26204	CPD-26204	CDP-glycerol	477.054960797					C12H19N3O13P2			plantcyc <https://plantcyc.org/>	rac -CDP-glycerol	477.054960797	C(O)C(O)COP(OP(OC[C@@H]2([C@H]([C@H]([C@H](N1(\C=C/C(/N)=N\C1=O))O2)O)O))(=O)[O-])([O-])=O		HHPOUCCVONEPRK-JANFQQFMSA-L									PlantCyc/PMN local PGDB
CPD-14022	CPD-14022	alpha-terpineol	154.1357651999					C10H18O			plantcyc <https://plantcyc.org/>		154.1357651999	CC1(\CCC(C\C=1)C(O)(C)C)											PlantCyc/PMN local PGDB
Menthones	Menthones	a menthone	154.1357651999					C10H18O			plantcyc <https://plantcyc.org/>		154.1357651999	CC(C1(CCC(CC1=O)C))C											PlantCyc/PMN local PGDB
5678-TETRAHYDROPTERIDINE	5678-TETRAHYDROPTERIDINE	a 5,6,7,8-tetrahydropteridine	136.0748962776					C6H8N4			plantcyc <https://plantcyc.org/>	a 5,6,7,8-tetrahydropterine // a tetrahydropteridine	136.0748962776	C1(CNC2(/N=C\N=C/C(/N1)=2))		IDAICLIJTRXNER-UHFFFAOYSA-N									PlantCyc/PMN local PGDB
GLUCURONATE	GLUCURONATE	D-glucuronate	194.0426526757					C6H9O7			plantcyc <https://plantcyc.org/>	glucuronate // glucuronic acid // D-glucuronic acid // GlcA // D-glucopyranuronic acid	194.0426526757	C(=O)[C@H](O)[C@@H](O)[C@H](O)[C@H](O)C(=O)[O-]		IAJILQKETJEXLJ-QTBDOELSSA-M									PlantCyc/PMN local PGDB
CPD-16768	CPD-16768	mycosamine	163.0844579109					C6H14NO4			plantcyc <https://plantcyc.org/>	3-amino-3-deoxy-D-rhamnose // 3-amino-3,6-dideoxymannose // 3-amino-3,6-dideoxy-D-mannose	163.0844579109	C[C@H]1(OC([C@@H](O)[C@H]([C@H](O)1)[NH3+])O)		OINCELAOJGBMQV-YIDFTEPTSA-O									PlantCyc/PMN local PGDB
CPD-10247	CPD-10247	6-sulfo-D-quinovose	244.025288052					C6H11O8S			plantcyc <https://plantcyc.org/>	sulphoquinovose // 6-deoxy-6-sulfoglucose // 6-deoxy-6-sulfo-D-glucopyranose // sulfoquinovose // D-sulfoquinovose	244.025288052	C([C@H]1(OC(O)[C@H](O)[C@@H](O)[C@H](O)1))S(=O)(=O)[O-]		QFBWOLBPVQLZEH-GASJEMHNSA-M									PlantCyc/PMN local PGDB
D-galactopyranose-6-phosphate	D-galactopyranose-6-phosphate	D-galactopyranose 6-phosphate	260.0297185262					C6H11O9P			plantcyc <https://plantcyc.org/>		260.0297185262	C(OP([O-])([O-])=O)[C@H]1(OC([C@@H]([C@H]([C@H]1O)O)O)O)											PlantCyc/PMN local PGDB
Isocitrate	Isocitrate	isocitrate	192.0270026115					C6H5O7			plantcyc <https://plantcyc.org/>	isocitric acid	192.0270026115	C(=O)(C(CC([O-])=O)C(O)C([O-])=O)[O-]		ODBLHEXUDAPZAU-UHFFFAOYSA-K									PlantCyc/PMN local PGDB
N6-O-disulfo-D-glucosamine	N6-O-disulfo-D-glucosamine	N ,6- O -disulfo-D-glucosamine	338.9930016456					C6H11NO11S2			plantcyc <https://plantcyc.org/>	N2-,6-disulfo-D-glucosamine	338.9930016456	C([C@H]1(OC([C@@H]([C@H]([C@@H]1O)O)NS(=O)([O-])=O)O))OS(=O)([O-])=O		DQTRACMFIGDHSN-IVMDWMLBSA-L									PlantCyc/PMN local PGDB
N-acetyl-D-hexosamines	N-acetyl-D-hexosamines	an N -acetyl-D-hexosamine	221.0899372193					C8H15NO6			plantcyc <https://plantcyc.org/>		221.0899372193	CC(NC1(C(C([C@H](OC1O)CO)O)O))=O		OVRNDRQMDRJTHS-BKJPEWSUSA-N									PlantCyc/PMN local PGDB
Arabinopyranoses	Arabinopyranoses	an arabinopyranose	150.0528234315					C5H10O5			plantcyc <https://plantcyc.org/>		150.0528234315	C1(C(O)C(O)C(O)C(O)O1)											PlantCyc/PMN local PGDB
All-Biopterines	All-Biopterines	a biopterin	237.0861892454					C9H11N5O3			plantcyc <https://plantcyc.org/>	a 2-amino-4-hydroxy-6-(1,2-dihydroxypropyl)-pteridine	237.0861892454	CC(C(O)C1(\C=N/C2(\N=C(N)/NC(C(/N=1)=2)=O)))O		LHQIJBMDNUYRAM-UHFFFAOYSA-N									PlantCyc/PMN local PGDB
D-glucose-1-phosphates	D-glucose-1-phosphates	D-glucose 1-phosphate	260.0297185262					C6H11O9P			plantcyc <https://plantcyc.org/>	D-glucopyranose 1-phosphate	260.0297185262	C(O)[C@@H]1([C@H]([C@@H]([C@H](C(OP(=O)([O-])[O-])O1)O)O)O)		HXXFSFRBOHSIMQ-GASJEMHNSA-L									PlantCyc/PMN local PGDB
L-Ketohexoses	L-Ketohexoses	an L-ketohexose	180.0633881178					C6H12O6			plantcyc <https://plantcyc.org/>		180.0633881178	C(O)C(=O)C(O)C(O)[C@@H](O)CO		BJHIKXHVCXFQLS-ORLPHIGFSA-N									PlantCyc/PMN local PGDB
CPD-15979	CPD-15979	D-mannopyranose 6-phosphate	260.0297185262					C6H11O9P			plantcyc <https://plantcyc.org/>	D-mannopyranose-6-P	260.0297185262	C(OP(=O)([O-])[O-])[C@H]1(OC(O)[C@@H](O)[C@@H](O)[C@H](O)1)											PlantCyc/PMN local PGDB
L-Galactopyranose	L-Galactopyranose	L-galactopyranose	180.0633881178					C6H12O6			plantcyc <https://plantcyc.org/>		180.0633881178	C([C@@H]1(OC([C@H]([C@@H]([C@@H]1O)O)O)O))O		WQZGKKKJIJFFOK-DHVFOXMCSA-N									PlantCyc/PMN local PGDB
CPD-13935	CPD-13935	alpha-1,6-D mannobiose	342.1162115493					C12H22O11			plantcyc <https://plantcyc.org/>	alpha-D-mannosyl-(1->6)-D-mannose	342.1162115493	C2(O)(O[C@H](CO[C@H]1(O[C@H](CO)[C@@H](O)[C@H](O)[C@H](O)1))[C@@H](O)[C@H](O)[C@H](O)2)		DLRVVLDZNNYCBX-FZFXURTHSA-N									PlantCyc/PMN local PGDB
Jasmonic-Acids	Jasmonic-Acids	a jasmonate	210.1255944441					C12H17O3			plantcyc <https://plantcyc.org/>	a jasmonic acid // a JA	210.1255944441	CC\C=C/CC1(C(=O)CCC1CC([O-])=O)		ZNJFBWYDHIGLCU-ARJAWSKDSA-M									PlantCyc/PMN local PGDB
CPD0-2228	CPD0-2228	a tetradecenoyl-CoA (n-C14:1CoA)	975.2979237581					C35H56N7O17P3S			plantcyc <https://plantcyc.org/>		975.2979237581	CCCCCC/C=C/CCCCCC(=O)SCCNC(=O)CCNC(=O)[C@H](O)C(C)(C)COP(=O)(OP(=O)(OC[C@@H]1([C@@H](OP([O-])(=O)[O-])[C@@H](O)[C@@H](O1)N2(C3(\N=C/N=C(C(\N=C/2)=3)/N))))[O-])[O-]		JPIHVKICKVPFFY-QSGBVPJFSA-J									PlantCyc/PMN local PGDB
13-HPODE	13-HPODE	13-HpODE	312.2300595156					C18H31O4			plantcyc <https://plantcyc.org/>	13-hydroperoxy-(9Z,11E)-octadecadienoate // (9Z,11E)-13-hydroperoxyoctadecadienoate // (+/-)13-HpODE	312.2300595156	CCCCCC(/C=C/C=C\CCCCCCCC(=O)[O-])OO		JDSRHVWSAMTSSN-BSZOFBHHSA-M									PlantCyc/PMN local PGDB
DL-CARNITINE	DL-CARNITINE	carnitine	163.1208434172					C7H15NO3			plantcyc <https://plantcyc.org/>	D,L-carnitine	163.1208434172	C(C(O)CC(=O)[O-])[N+](C)(C)C											PlantCyc/PMN local PGDB
Hexaric-Acids	Hexaric-Acids	a hexaric acid	210.0375672978					C6H8O8			plantcyc <https://plantcyc.org/>		210.0375672978	C(=O)([O-])C(O)C(O)C(O)C(O)C(=O)[O-]											PlantCyc/PMN local PGDB
4-HYDROXYPHENYLLACTATE	4-HYDROXYPHENYLLACTATE	3-(4-hydroxyphenyl)lactate	182.0579088094					C9H9O4			plantcyc <https://plantcyc.org/>	4-hydroxyphenyllactate // p-hydroxyphenyllactate // 3-(4-hydroxyphenyl)lactic acid // 2-hydroxy-3-(4-hydroxyphenyl)propanoate // p-hydroxyphenyllactic acid	182.0579088094	C1(\C(/CC(C([O-])=O)O)=C/C=C(\C=1)/O)											PlantCyc/PMN local PGDB
Flavonone-rhamnosyl-glucosides	Flavonone-rhamnosyl-glucosides	a flavanone 7-O-[alpha-L-rhamnosyl-(1->2)]-beta-D-glucoside	548.1893764924					C27H32O12			plantcyc <https://plantcyc.org/>	a flavanone 7-O-(alpha-L-rhamnosyl-(1,2)-beta-D-glucoside	548.1893764924	C[C@H]1([C@@H]([C@H]([C@H]([C@@H](O1)O[C@@H]2([C@H]([C@@H]([C@@H](CO)O[C@H]2OC5(\C=C4(C(/C(CC(C3(\C=C/C=C\C=3))O4)=O)=C\C=5)))O)O))O)O)O)		NGCDNNXVUMHGTD-UJZKHPIGSA-N									PlantCyc/PMN local PGDB
NADPHX	NADPHX	NADPHX	763.1016667914					C21H28N7O18P3			plantcyc <https://plantcyc.org/>		763.1016667914	C1(/N(C(O)CCC(/C(=O)N)=1)[C@@H]2(O[C@@H]([C@H]([C@H]2O)O)COP(OP(OC[C@H]5(O[C@@H](N3(C4(\C(\N=C/3)=C(N)/N=C\N=4)))[C@H](OP([O-])(=O)[O-])[C@H](O)5))(=O)[O-])(=O)[O-]))		SZKXTJUOKARGIY-SYZDXSIJSA-J									PlantCyc/PMN local PGDB
D-SEDOHEPTULOSE-7-P	D-SEDOHEPTULOSE-7-P	D-sedoheptulose 7-phosphate	290.0402832125					C7H13O10P			plantcyc <https://plantcyc.org/>	D-Sedoheptulose-7-P // heptulose 7-phosphate // sedoheptulose-7-P // sedo-heptulose-7-phosphate	290.0402832125	C(O)C([C@@H](O)[C@@H]([C@H](O)[C@@H](COP(=O)([O-])[O-])O)O)=O		JDTUMPKOJBQPKX-GBNDHIKLSA-L									PlantCyc/PMN local PGDB
HEME_C	HEME_C	heme c	686.168389209					C34H34N4O4S2FE			plantcyc <https://plantcyc.org/>		686.168389209	CC3(\C7(\[N+]4(\[Fe]16([N+]5(\C(/C(\C)=C(C(\C=C2(C(/C)=C(CCC(=O)[O-])/C(/N12)=C/C(/C(\CCC(=O)[O-])=3)=4))=5)/C(C)S)=C/C8(/N6C(/C=7)=C(C)/C(/C(C)S)=8))))))		HDADCWOFPYHTMD-IDTMDVKXSA-J									PlantCyc/PMN local PGDB
D-myo-inositol-pentakisphosphates	D-myo-inositol-pentakisphosphates	a D myo -inositol penta kis phosphate	579.8950401598					C6H7O21P5			plantcyc <https://plantcyc.org/>		579.8950401598	C1(O)(C(OP([O-])(=O)[O-])C(OP(=O)([O-])[O-])C(OP(=O)([O-])[O-])C(OP([O-])([O-])=O)C(OP([O-])([O-])=O)1)		CTPQAXVNYGZUAJ-UHFFFAOYSA-D									PlantCyc/PMN local PGDB
DIOH-ISOVALERATE	DIOH-ISOVALERATE	2,3-dihydroxy-3-methylbutanoate	134.0579088094					C5H9O4			plantcyc <https://plantcyc.org/>	2,3-dihydroxy-isovalerate // alpha,beta-dihydroxy-isovalerate	134.0579088094	CC(C)(O)C(O)C(=O)[O-]											PlantCyc/PMN local PGDB
CPD-15317	CPD-15317	D-ribofuranose 5-phosphate	230.0191538399					C5H9O8P			plantcyc <https://plantcyc.org/>		230.0191538399	C(OP([O-])(=O)[O-])[C@@H]1([C@@H](O)[C@@H](O)C(O)O1)		KTVPXOYAKDPRHY-SOOFDHNKSA-L									PlantCyc/PMN local PGDB
CPD-24813	CPD-24813	D-fructose 6-phosphate	260.0297185262					C6H11O9P			plantcyc <https://plantcyc.org/>		260.0297185262	C(O)C(=O)[C@@H](O)[C@@H]([C@H](O)COP([O-])(=O)[O-])O		GSXOAOHZAIYLCY-HSUXUTPPSA-L									PlantCyc/PMN local PGDB
3-HYDROXY-ISOBUTYRATE	3-HYDROXY-ISOBUTYRATE	3-hydroxy-isobutanoate	104.0473441231					C4H7O3			plantcyc <https://plantcyc.org/>	3-hydroxy-isobutyrate // 3-hydroxyisobutyric acid // 3-hydroxy-2-methylpropanoate	104.0473441231	CC(C([O-])=O)CO		DBXBTMSZEOQQDU-UHFFFAOYSA-M									PlantCyc/PMN local PGDB
CPD-23494	CPD-23494	a (2 R ,3 S )-leucocyanidin	306.0739528041					C15H14O7			plantcyc <https://plantcyc.org/>	a 2,3- trans -leucocyanidin	306.0739528041	C3(\C(\[C@H]1(OC2(\C=C(/C=C(C(\C([C@@H]1O)O)=2)/O)\O)))=C/C(/O)=C(\C=3)/O)		SBZWTSHAFILOTE-NOYMGPGASA-N									PlantCyc/PMN local PGDB
PLASTOQUINONE	PLASTOQUINONE	a plastoquinone	748.6158318122					C53H80O2			plantcyc <https://plantcyc.org/>		748.6158318122	CC(C)=CCCC(\C)=C/CCC(\C)=C/CCC(\C)=C/CCC(\C)=C/CCC(\C)=C/CCC(\C)=C/CCC(\C)=C/CCC(\C)=C/CC1(\C(C(/C)=C(C)/C(\C=1)=O)=O)											PlantCyc/PMN local PGDB
CPD-19814	CPD-19814	tuberonic acid glucoside	388.1733324977					C18H27O9			plantcyc <https://plantcyc.org/>	12-hydroxyjasmonate 12- O -beta-D-glucoside	388.1733324977	C(O[C@@H]1(O[C@H](CO)[C@@H](O)[C@H](O)[C@@H](O)1))C\C=C/CC2(C(=O)CCC2CC([O-])=O)		JFDNMLUPLXZXGV-CTVCMHGRSA-M									PlantCyc/PMN local PGDB
D-rhamnopyranoses	D-rhamnopyranoses	D-rhamnopyranose	164.0684734957					C6H12O5			plantcyc <https://plantcyc.org/>		164.0684734957	C[C@@H]1([C@H]([C@@H]([C@@H](C(O1)O)O)O)O)											PlantCyc/PMN local PGDB
CPD-19426	CPD-19426	noroxomaritidine	271.1208434172					C16H17NO3			plantcyc <https://plantcyc.org/>	8-hydroxy-9-methoxy-4,4a-dihydro-3H,6H-5,10b-ethanophenanthridin-3-one	271.1208434172	COC4(/C=C1(C(/CN3(CCC21(\C=C/C(CC23)=O)))=C\C(\O)=4))		VEXDOCFQMVMPHJ-UHFFFAOYSA-N									PlantCyc/PMN local PGDB
N-sulfo-D-glucosamine	N-sulfo-D-glucosamine	N -sulfo-D-glucosamine	259.0361870893					C6H12NO8S			plantcyc <https://plantcyc.org/>	GlcNS // D- N -sulfoglucosamine // GlcN2S	259.0361870893	C(O)[C@@H]1([C@@H](O)[C@H](O)[C@@H](NS(=O)(=O)[O-])C(O)O1)		PRDZVHCOEWJPOB-IVMDWMLBSA-M									PlantCyc/PMN local PGDB
D-galactofuranose	D-galactofuranose	D-galactofuranose	180.0633881178					C6H12O6			plantcyc <https://plantcyc.org/>		180.0633881178	C(O)[C@@H](O)[C@H]1([C@H](O)[C@@H](O)C(O1)O)		AVVWPBAENSWJCB-RSVSWTKNSA-N									PlantCyc/PMN local PGDB
11-Hydroxyjasmonates	11-Hydroxyjasmonates	an 11-hydroxyjasmonate	226.1205090662					C12H17O4			plantcyc <https://plantcyc.org/>	an 11-OHJA // an 11-hydroxyjasmonic acid // an 11-hydroxy-JA	226.1205090662	CC(O)\C=C/CC1(C(=O)CCC1CC([O-])=O)		KLPBEXRQJBKPDM-IHWYPQMZSA-M									PlantCyc/PMN local PGDB
Phycoerythrobilins	Phycoerythrobilins	a phycoerythrobilin	586.2791349732					C33H36N4O6			plantcyc <https://plantcyc.org/>	PEB	586.2791349732	C/C=C1([C@@H](C)C(NC\1=C/C4(/NC(/C=C3(C(/CCC([O-])=O)=C(C)/C(\C[C@H]2(C(/C)=C(C=C)/C(=O)N2))=N\3))=C(CCC([O-])=O)/C(\C)=4))=O)		IGJXAXFFKKRFKU-VVZNRSQRSA-L									PlantCyc/PMN local PGDB
UDP-L-arabinopyranose	UDP-L-arabinopyranose	UDP-L-arabinopyranose	536.0444556902					C14H20N2O16P2			plantcyc <https://plantcyc.org/>		536.0444556902	C3(OC(OP(OP(OC[C@@H]2([C@H]([C@H]([C@H](N1(\C=C/C(=O)NC1=O))O2)O)O))(=O)[O-])(=O)[O-])[C@H](O)[C@@H](O)[C@@H](O)3)		DQQDLYVHOTZLOR-OKQNPRBNSA-L									PlantCyc/PMN local PGDB
D-galactose-6-phosphate	D-galactose-6-phosphate	a D-galactose 6-phosphate	260.0297185262					C6H11O9P			plantcyc <https://plantcyc.org/>		260.0297185262	C(=O)[C@@H]([C@H]([C@H]([C@@H](COP([O-])(=O)[O-])O)O)O)O		VFRROHXSMXFLSN-KCDKBNATSA-L									PlantCyc/PMN local PGDB
CPD-15991	CPD-15991	D-trehalose 6-phosphate	422.0825419577					C12H21O14P			plantcyc <https://plantcyc.org/>	trehalose phosphate // trehalose 6-phosphate	422.0825419577	C([C@H]1(OC([C@@H]([C@H]([C@@H]1O)O)O)OC2([C@@H]([C@H]([C@@H]([C@H](O2)COP([O-])(=O)[O-])O)O)O)))O											PlantCyc/PMN local PGDB
HEME_D	HEME_D	heme d	652.198427009					C34H32N4O6FE			plantcyc <https://plantcyc.org/>		652.198427009	C=CC3(\C7(\[N+]4(\[Fe]16([N+]5(\C(/[C@@]([C@@](C(\C=C2(C(/C)=C(C=C)/C(/N12)=C/C(/C(\C)=3)=4))=5)(C)O)(CCC(=O)[O-])O)=C/C8(/N6C(/C=7)=C(C)/C(\CCC(=O)[O-])=8))))))		RPJMZJBGAPHZQR-XCVPDAMTSA-J									PlantCyc/PMN local PGDB
Methyl-Farnesoates	Methyl-Farnesoates	a methyl farnesoate	250.1932800788					C16H26O2			plantcyc <https://plantcyc.org/>	a farnesoic acid methyl ester // a 2,6,10-Dodecatrienoic acid, 3,7,11-trimethyl-, methyl ester // a farnesenic acid, methyl ester // a farnesyl methyl ester // a methyl 3,7,11-trimethyl-2,6,10-dodecatrienoate // a methyl farnesate // a methyl farnesylate	250.1932800788	CC(C)=CCCC(\C)=C/CCC(\C)=C/C(=O)OC		NWKXNIPBVLQYAB-UHFFFAOYSA-N									PlantCyc/PMN local PGDB
N-ACETYL-D-GLUCOSAMINE-6-P	N-ACETYL-D-GLUCOSAMINE-6-P	N -acetyl-D-glucosamine 6-phosphate	301.0562676277					C8H14NO9P			plantcyc <https://plantcyc.org/>	N -acetylglucosamine-6-P // GlcNAc-6-P // N -acetyl-D-glucosamine-6-P // N -acetyl-glucosamine 6-phosphate // N -acetyl-glucosamine-6-P	301.0562676277	CC(=O)N[C@H]1(C(O)O[C@H](COP([O-])(=O)[O-])[C@@H](O)[C@H](O)1)		BRGMHAYQAZFZDJ-RTRLPJTCSA-L									PlantCyc/PMN local PGDB
Hexuronates	Hexuronates	a hexuronate	194.0426526757					C6H9O7			plantcyc <https://plantcyc.org/>	a hexuronic acid	194.0426526757	C(=O)C(O)C(O)C(O)C(O)C(=O)[O-]		IAJILQKETJEXLJ-UHFFFAOYSA-M									PlantCyc/PMN local PGDB
L-arabinofuranose	L-arabinofuranose	L-arabinofuranose	150.0528234315					C5H10O5			plantcyc <https://plantcyc.org/>	L-Ara f	150.0528234315	C(O)[C@H]1([C@H](O)[C@@H](O)C(O)O1)		HMFHBZSHGGEWLO-HWQSCIPKSA-N									PlantCyc/PMN local PGDB
23-Diaminopropanoate	23-Diaminopropanoate	2,3-diaminopropanoate	104.0585775114					C3H9N2O2			plantcyc <https://plantcyc.org/>	2,3-diaminopropionate // 2,3-diaminopropionic acid // 2,3-diaminopropanoic acid // 3-aminoalanine zwitterion // 2-amino-3-ammoniopropanoate	104.0585775114	C([NH3+])C(C(=O)[O-])[NH3+]		PECYZEOJVXMISF-UHFFFAOYSA-O									PlantCyc/PMN local PGDB
Mannose-6-phosphate	Mannose-6-phosphate	D-mannose 6-phosphate	260.0297185262					C6H11O9P			plantcyc <https://plantcyc.org/>	D-mannose-6-P	260.0297185262	C(=O)[C@H]([C@H]([C@@H]([C@@H](COP([O-])(=O)[O-])O)O)O)O		VFRROHXSMXFLSN-KVTDHHQDSA-L									PlantCyc/PMN local PGDB
CPD-8475	CPD-8475	2-hydroxyhexadecanoate	272.2351448935					C16H31O3			plantcyc <https://plantcyc.org/>	2-hydroxyhexadecanoic acid // 2-hydroxypalmitate // 2-hydroxypalmitic acid	272.2351448935	CCCCCCCCCCCCCCC(O)C([O-])=O		JGHSBPIZNUXPLA-UHFFFAOYSA-M									PlantCyc/PMN local PGDB
Heme-d1	Heme-d1	heme d 1	712.146785369					C34H26N4O10FE			plantcyc <https://plantcyc.org/>		712.146785369	CC6(\C(/CCC(=O)[O-])=C7(\C=C8(C(/C=C/C([O-])=O)=C(C)/C1(/N([Fe-2]35(N(C(/C=C4(C(=O)[C@@](CC(=O)[O-])(C)C(\C=C2(C(=O)[C@](C)(CC([O-])=O)C(\C=1)=[N+]2/3))=[N+]4/5))=6)7))8))))		YTCKFKAUGWIMPJ-FSQDTXDGSA-H									PlantCyc/PMN local PGDB
L-Guluronate	L-Guluronate	L-guluronate	194.0426526757					C6H9O7			plantcyc <https://plantcyc.org/>		194.0426526757	C(=O)[C@@H](O)[C@@H](O)[C@H](O)[C@@H](O)C(=O)[O-]		IAJILQKETJEXLJ-SQOUGZDYSA-M									PlantCyc/PMN local PGDB
N-ACETYLNEURAMINATE	N-ACETYLNEURAMINATE	N -acetylneuraminate	309.105981214					C11H18NO9			plantcyc <https://plantcyc.org/>	sialic acid // NANA // O-sialic acid // sialate // N -acetylneuraminic acid // Neu5Ac // 5-acetamido-3,5-dideoxy-D-glycero-D-galacto-2-nonulosonic acid // 5-acetamido-3,5-dideoxy-D-glycero-D-galacto-non-2-ulopyranosonic acid	309.105981214	CC(=O)N[C@@H]1([C@H](CC(O)(C([O-])=O)O[C@H]1[C@H](O)[C@H](O)CO)O)		SQVRNKJHWKZAKO-LUWBGTNYSA-M									PlantCyc/PMN local PGDB
CPD-15709	CPD-15709	keto -D-fructose 6-phosphate	260.0297185262					C6H11O9P			plantcyc <https://plantcyc.org/>		260.0297185262	C(O)C(=O)[C@@H](O)[C@@H]([C@H](O)COP([O-])(=O)[O-])O		GSXOAOHZAIYLCY-HSUXUTPPSA-L									PlantCyc/PMN local PGDB
L-xylopyranose	L-xylopyranose	L-xylopyranose	150.0528234315					C5H10O5			plantcyc <https://plantcyc.org/>		150.0528234315	C1(O)(OC[C@H](O)[C@@H](O)[C@H](O)1)											PlantCyc/PMN local PGDB
Alpha-Hexose-1-Phosphates	Alpha-Hexose-1-Phosphates	an alpha-hexose 1-phosphate	260.0297185262					C6H11O9P			plantcyc <https://plantcyc.org/>		260.0297185262	C(O)C1(O[C@H](OP(=O)([O-])[O-])C(O)C(O)C(O)1)		HXXFSFRBOHSIMQ-SQHQMROCSA-L									PlantCyc/PMN local PGDB
D-Iduronate	D-Iduronate	D-iduronate	194.0426526757					C6H9O7			plantcyc <https://plantcyc.org/>		194.0426526757	C(=O)[C@@H](O)[C@H](O)[C@@H](O)[C@H](O)C(=O)[O-]		IAJILQKETJEXLJ-LECHCGJUSA-M									PlantCyc/PMN local PGDB
17-beta-Hydroxysteroids	17-beta-Hydroxysteroids	a 17-beta-hydroxysteroid	276.2453156493					C19H32O			plantcyc <https://plantcyc.org/>		276.2453156493	CC24(CCCCC(CCC1(C3(CC[C@H](O)C(C)(CCC12)3)))4)		QUKZBUCPOSYYFO-HNLWTILRSA-N									PlantCyc/PMN local PGDB
CPD-12179	CPD-12179	methylmalonate semialdehyde	102.0316940589					C4H5O3			plantcyc <https://plantcyc.org/>	2-methyl-3-oxopropanoate // CH 3 -malonate-semialdehyde	102.0316940589	CC(C=O)C(=O)[O-]											PlantCyc/PMN local PGDB
Anthraquinones	Anthraquinones	an anthraquinone	208.052429501					C14H8O2			plantcyc <https://plantcyc.org/>		208.052429501	C1(\C=C/C2(/C(=O)C3(/C=C\C=C/C(/C(=O)C(/C=1)=2)=3)))											PlantCyc/PMN local PGDB
Hexitols	Hexitols	a hexitol	182.079038182					C6H14O6			plantcyc <https://plantcyc.org/>		182.079038182	C(C(C(C(C(CO)O)O)O)O)O											PlantCyc/PMN local PGDB
Mannuronate	Mannuronate	mannuronate	194.0426526757					C6H9O7			plantcyc <https://plantcyc.org/>		194.0426526757	C(=O)[C@H]([C@@H](O)[C@H](O)[C@@H](C([O-])=O)O)O		IAJILQKETJEXLJ-MBMOQRBOSA-M									PlantCyc/PMN local PGDB
DIPHOSPHO-1D-MYO-INOSITOL-TETRAKISPHOSPH	DIPHOSPHO-1D-MYO-INOSITOL-TETRAKISPHOSPH	a diphospho-1D-myo-inositol tetrakisphosphate	659.8613705682					C6H7O24P6			plantcyc <https://plantcyc.org/>		659.8613705682	[C@H]1([C@H]([C@@H]([C@H]([C@@H]([C@H]1OP([O-])(=O)[O-])OP([O-])(=O)[O-])OP([O-])(=O)[O-])OP(=O)([O-])OP([O-])(=O)[O-])OP(=O)([O-])[O-])O		DKLABXZLIOMPIM-YORTWTKJSA-C									PlantCyc/PMN local PGDB
GLUCOSAMINE	GLUCOSAMINE	D-glucosamine	179.079372533					C6H14NO5			plantcyc <https://plantcyc.org/>	2-amino-2-deoxyglucose // chitosamine // glucosamine	179.079372533	C(O)[C@@H]1([C@@H](O)[C@H](O)[C@@H]([NH3+])C(O)O1)		MSWZFWKMSRAUBD-IVMDWMLBSA-O									PlantCyc/PMN local PGDB
2-Deoxypentoses	2-Deoxypentoses	a 2-deoxypentose	134.0579088094					C5H10O4			plantcyc <https://plantcyc.org/>	3,4,5-trihydroxypentanal	134.0579088094	C(C=O)C(O)C(O)CO		ASJSAQIRZKANQN-UHFFFAOYSA-N									PlantCyc/PMN local PGDB
NACMUR	NACMUR	N -acetyl-D-muramate	293.1110665919					C11H18NO8			plantcyc <https://plantcyc.org/>	2-acetamido-3- O -(D-1-carboxyethyl)-2-deoxy-beta-D-glucose // MurNAc // N -acetylmuramic acid // NAcMur // 2-[3-acetylamino-2,5-dihydroxy-6-(hydroxymethyl)tetrahydropyran-4-yl]oxypropanoic acid // N -acetyl-D-muramic acid	293.1110665919	C[C@@H](O[C@@H]1([C@@H](NC(=O)C)C(O[C@H](CO)[C@H]1O)O))C(=O)[O-]		MNLRQHMNZILYPY-MKFCKLDKSA-M									PlantCyc/PMN local PGDB
CPD-11256	CPD-11256	an 11-hydroxyjasmonate sulfate	306.0773236225					C12H16O7S			plantcyc <https://plantcyc.org/>	an 11-OHJA sulfate // an 11-hydroxyjasmonic acid sulfate // an 11-SO4-hydroxy-JA // an 11-hydroxy-JA-sulfate	306.0773236225	CC(OS(=O)(=O)[O-])\C=C/CC1(C(=O)CCC1CC([O-])=O)		XOANNBHPTKIFSM-IHWYPQMZSA-L									PlantCyc/PMN local PGDB
CPD0-2032	CPD0-2032	DL-glyceraldehyde 3-phosphate	169.9980244673					C3H5O6P			plantcyc <https://plantcyc.org/>		169.9980244673	C(OP(=O)([O-])[O-])C(O)C=O											PlantCyc/PMN local PGDB
CPDQT-421	CPDQT-421	&xi;-progoitrin	389.0450372161					C11H18NO10S2			plantcyc <https://plantcyc.org/>	2-hydroxy-but-3-enyl-glucosinolate	389.0450372161	C=CC(O)CC(\S[C@@H]1(O[C@H](CO)[C@@H](O)[C@H](O)[C@@H](O)1))=N\OS(=O)(=O)[O-]		MYHSVHWQEVDFQT-KIKSCADISA-M									PlantCyc/PMN local PGDB
2-HYDROXYGLUTARIC_ACID	2-HYDROXYGLUTARIC_ACID	2-hydroxyglutarate	148.0371733673					C5H6O5			plantcyc <https://plantcyc.org/>	2-hydroxyglutaric acid // alpha-hydroxyglutarate // alpha-hydroxy-glutarate // 2-hydroxypentanedioic acid	148.0371733673	C(CC(=O)[O-])C(O)C(=O)[O-]		HWXBTNAVRSUOJR-UHFFFAOYSA-L									PlantCyc/PMN local PGDB
D-arabinopyranose	D-arabinopyranose		150.0528234315					C5H10O5			plantcyc <https://plantcyc.org/>		150.0528234315	C1([C@@H](O)[C@@H](O)[C@H](O)C(O)O1)											PlantCyc/PMN local PGDB
FLAVANONE-7-O-GLUCOSIDES	FLAVANONE-7-O-GLUCOSIDES	a flavanone-7-O-beta-D-glucoside	402.131467683					C21H22O8			plantcyc <https://plantcyc.org/>		402.131467683	C(O)[C@@H]4([C@@H](O)[C@@H]([C@@H](O)[C@H](OC2(\C=C/C3(/C(CC(C1(\C=C/C=C\C=1))OC(/C=2)=3)=O)))O4)O)											PlantCyc/PMN local PGDB
Hexose-1-Phosphate	Hexose-1-Phosphate	a hexose 1-phosphate	260.0297185262					C6H11O9P			plantcyc <https://plantcyc.org/>		260.0297185262	C(O)C1(OC(OP([O-])(=O)[O-])C(O)C(O)C(O)1)		HXXFSFRBOHSIMQ-UHFFFAOYSA-L									PlantCyc/PMN local PGDB
CPD-21764	CPD-21764	norcoclaurine	271.1208434172					C16H18NO3			plantcyc <https://plantcyc.org/>	1,2,3,4-tetrahydro-1-[(4-hydroxyphenyl)methyl]-6,7-isoquinolinediol	271.1208434172	C1([NH2+]C(C2(\C=C(C(/O)=C\C(/C1)=2)\O))CC3(\C=C/C(/O)=C\C=3))		WZRCQWQRFZITDX-UHFFFAOYSA-O									PlantCyc/PMN local PGDB
L-Ribulofuranose	L-Ribulofuranose	L-ribulofuranose	150.0528234315					C5H10O5			plantcyc <https://plantcyc.org/>		150.0528234315	C(O)C1(O)([C@@H](O)[C@@H](O)CO1)		LQXVFWRQNMEDEE-QRHDOFTISA-N									PlantCyc/PMN local PGDB
CPD-12274	CPD-12274	N -acetyl-beta-D-glucosaminyl-(1->4)-D-glucosamine	382.158745066					C14H27N2O10			plantcyc <https://plantcyc.org/>	4- O -( N -acetyl-beta-D-glucosaminyl)-D-glucosamine // 2-(acetylamino)-4- O -(2-amino-2-deoxy-beta-D-glucopyranosyl)-2-deoxy-beta-D-glucopyranose // N -monoacetylchitobiose	382.158745066	CC(=O)N[C@@H]1([C@@H](O)[C@@H]([C@@H](CO)O[C@H]1O[C@H]2([C@H](O)[C@H](C(O)O[C@H](CO)2)[NH3+]))O)		BXVPZDGOKHWNAM-UEVOBBHASA-O									PlantCyc/PMN local PGDB
CPD0-2101	CPD0-2101	5,6,7,8-tetrahydromonapterin	257.1124039959					C9H15N5O4			plantcyc <https://plantcyc.org/>	H 4 -MPt // tetrahydromonapterin	257.1124039959	C1(NC2(/N=C(N)\NC(=O)C(/NC1[C@H](O)[C@@H](O)CO)=2))		XHIXPVCTDRNTTC-YQVKZWHSSA-N									PlantCyc/PMN local PGDB
Thiazostatin	Thiazostatin	thiazostatin	338.0758838345					C15H17N2O3S2			plantcyc <https://plantcyc.org/>		338.0758838345	C[C@]3(N(C)C([C@H]2(\N=C(C1(\C(\O)=C/C=C\C=1))/SC2))SC3)C([O-])=O		IYXVCNSDGXPAND-NXGPAIQASA-M									PlantCyc/PMN local PGDB
CPD-15694	CPD-15694	3-hydroxy-decanoyl-CoA	937.2458881876					C31H50N7O18P3S			plantcyc <https://plantcyc.org/>		937.2458881876	CCCCCCCC(O)CC(=O)SCCNC(=O)CCNC(=O)[C@H](O)C(C)(C)COP(=O)(OP(=O)(OC[C@@H]1([C@@H](OP([O-])(=O)[O-])[C@@H](O)[C@@H](O1)N2(C3(\N=C/N=C(C(\N=C/2)=3)/N))))[O-])[O-]											PlantCyc/PMN local PGDB
Phytochromobilins	Phytochromobilins	a phytochromobilin	584.263484909					C33H34N4O6			plantcyc <https://plantcyc.org/>		584.263484909	C/C=C1([C@@H](C)C(NC\1=C/C4(/NC(/C=C3(C(/CCC([O-])=O)=C(C)/C(\C=C2(C(/C)=C(C=C)/C(=O)N2))=N\3))=C(CCC([O-])=O)/C(\C)=4))=O)		DKMLMZVDTGOEGU-MKLOKSPTSA-L									PlantCyc/PMN local PGDB
Heme_I	Heme_I	heme i	855.3784027473					C49H55N4O6FE			plantcyc <https://plantcyc.org/>	haem i	855.3784027473	C=CC4(\C6(/C=C8(C(/C)=C(CCC(=O)[O-])/C1(/N([Fe]35([N+]2(\C(/C(/CO)=C(CCC(=O)[O-])\C(/C=1)=2)=C/C7(/N3C(\C=C(C(/C)=4)/[N+]\5=6)=C(C(/C)=7)/C(O)CC/C=C(C)/CC/C=C(C)/CCC=C(C)C))))8))))		ZWPMBVUBHXVNAH-ONCSLILDSA-J									PlantCyc/PMN local PGDB
3-Hydroxybutanoyl-CoAs	3-Hydroxybutanoyl-CoAs	3-hydroxybutanoyl-CoA	853.1519878024					C25H38N7O18P3S			plantcyc <https://plantcyc.org/>	3-OH-butyryl-CoA // OH-butyryl-CoA // beta-hydroxybutyryl- S -CoA // D-3-hydroxybutyryl-CoA // hydroxy-butyryl-CoA // beta-hydroxybutyryl-CoA // 3-hydroxybutyryl-CoA	853.1519878024	CC(CC(SCCNC(CCNC(C(C(COP(=O)([O-])OP(OC[C@H]1(O[C@H]([C@@H]([C@@H]1OP([O-])([O-])=O)O)N2(\C=N/C3(C(/N)=N\C=N/C2=3))))([O-])=O)(C)C)O)=O)=O)=O)O											PlantCyc/PMN local PGDB
Retinoates	Retinoates	a retinoate	300.208930143					C20H27O2			plantcyc <https://plantcyc.org/>	Vitamin A // a retinoic acid	300.208930143	CC(/C=C/C1(/C(CCCC(/C)=1)(C)C))=C\C=C\C(/C)=C\C([O-])=O		SHGAZHPCJJPHSC-UHFFFAOYSA-M									PlantCyc/PMN local PGDB
Watasemycin	Watasemycin	watasemycin	352.0915338987					C16H19N2O3S2			plantcyc <https://plantcyc.org/>		352.0915338987	C[C@H]2([C@H](\N=C(C1(\C(\O)=C/C=C\C=1))/S2)C3(SC[C@@](C)(N(C)3)C([O-])=O))		NOEXPDVJQLSPPC-RTAVLPMESA-M									PlantCyc/PMN local PGDB
D-Fructopyranose	D-Fructopyranose	D-fructopyranose	180.0633881178					C6H12O6			plantcyc <https://plantcyc.org/>		180.0633881178	C(O)C1(O)(OC[C@@H](O)[C@@H](O)[C@H](O)1)											PlantCyc/PMN local PGDB
L-idopyranuronate	L-idopyranuronate	L-idopyranuronate	194.0426526757					C6H9O7			plantcyc <https://plantcyc.org/>	L-idopyranuronic acid	194.0426526757	C([O-])(=O)[C@@H]1(OC(O)[C@H](O)[C@@H](O)[C@H](O)1)		AEMOLEFTQBMNLQ-HNFCZKTMSA-M									PlantCyc/PMN local PGDB
N-acetyl-beta-D-hexosamines	N-acetyl-beta-D-hexosamines	an N -acetyl-beta-D-hexosamine	221.0899372193					C8H15NO6			plantcyc <https://plantcyc.org/>		221.0899372193	CC(NC1(C(C([C@H](O[C@H]1O)CO)O)O))=O		OVRNDRQMDRJTHS-YVKWHVBHSA-N									PlantCyc/PMN local PGDB
D-Glucofuranose	D-Glucofuranose	D-glucofuranose	180.0633881178					C6H12O6			plantcyc <https://plantcyc.org/>		180.0633881178	C(O)[C@H]([C@@H]1([C@@H]([C@H](C(O)O1)O)O))O		AVVWPBAENSWJCB-IVMDWMLBSA-N									PlantCyc/PMN local PGDB
CPD-21351	CPD-21351	3-deoxy-D- manno -2-octulosonate	238.0688674262					C8H13O8			plantcyc <https://plantcyc.org/>	2-keto-3-deoxyoctulosonic acid pyranose // 3-deoxy-D- manno -octulosonate // 3-deoxy-D- manno -oct-2-ulosonate	238.0688674262	C(O)[C@@H](O)[C@H]1(OC(O)(C([O-])=O)C[C@H]([C@H]1O)O)		NNLZBVFSCVTSLA-XMABDTGBSA-M									PlantCyc/PMN local PGDB
Galacturonate	Galacturonate	galacturonate	194.0426526757					C6H9O7			plantcyc <https://plantcyc.org/>		194.0426526757	C(=O)[C@H](O)[C@@H](O)[C@@H](O)[C@H](O)C(=O)[O-]		IAJILQKETJEXLJ-RSJOWCBRSA-M									PlantCyc/PMN local PGDB
5-Deoxy-D-Ribose	5-Deoxy-D-Ribose	5-deoxy-D-ribose	134.0579088094					C5H10O4			plantcyc <https://plantcyc.org/>	(2R,3R,4R)-2,3,4-trihydroxypentanal // (2R,3R,4R)-2,3,4-trihydroxyvaleraldehyde // 5'-deoxyribose // 5-deoxy-aldehydo-D-ribose // 5-desoxy-D-ribose // D-ribo-2,3,4-trihydroxyvaleraldehyde	134.0579088094	C[C@@H](O)[C@@H](O)[C@@H](O)C=O		WDRISBUVHBMJEF-MROZADKFSA-N									PlantCyc/PMN local PGDB
Chlorins	Chlorins	a chlorin	312.1374965344					C20H16N4			plantcyc <https://plantcyc.org/>		312.1374965344	C4(\C=C3(\C=C5(\C=C/C(\C=C1(CCC(\N1)=C\C2(\C=C/C(/N=2)=C/C(/N3)=4)))=N5)))		SURLGNKAQXKNSP-DBLYXWCISA-N									PlantCyc/PMN local PGDB
6-7-Dihydrobiopterins	6-7-Dihydrobiopterins	6,7-dihydrobiopterin	239.1018393096					C9H13N5O3			plantcyc <https://plantcyc.org/>	a 6,7-dihydrobiopterin // quinoid dihydrobiopterin // q-dihydrobiopterin	239.1018393096	CC(O)C(O)C2(CNC1(\C(\C(=O)\N=C(N)/N=1)=N/2))		ZHQJVZLJDXWFFX-UHFFFAOYSA-N									PlantCyc/PMN local PGDB
CPD-10198	CPD-10198	furaneol	128.0473441231					C6H8O3			plantcyc <https://plantcyc.org/>	2,5-dimethyl-4-hydroxy-3( 2H )-furanone // HDMF // 4-hydroxy-2,5-dimethyl-3(2H)-furanone // pineapple ketone // strawberry furanone // 4-hydroxy-2,5-dimethylfuran-3-one	128.0473441231	CC1(C(=O)C(/O)=C(C)\O1)		INAXVXBDKKUCGI-UHFFFAOYSA-N									PlantCyc/PMN local PGDB
Pyochelin	Pyochelin	pyochelin	324.0602337703					C14H15N2O3S2			plantcyc <https://plantcyc.org/>	Pyochelin	324.0602337703	CN3(C([C@@H]2(\N=C(C1(\C(\O)=C/C=C\C=1))/SC2))SC[C@H]3C([O-])=O)		NYBZAGXTZXPYND-GDVCOKDOSA-M									PlantCyc/PMN local PGDB
Inositols	Inositols	an inositol	180.0633881178					C6H12O6			plantcyc <https://plantcyc.org/>	1,2,3,4,5,6-cyclohexanehexol	180.0633881178	C1(O)(C(O)C(O)C(O)C(O)C(O)1)											PlantCyc/PMN local PGDB
Beta-phellandrene	Beta-phellandrene	beta-phellandrene	136.1252005136					C10H16			plantcyc <https://plantcyc.org/>		136.1252005136	CC(C1(CCC(\C=C/1)=C))C											PlantCyc/PMN local PGDB
Jasmonoyl-Glutamines	Jasmonoyl-Glutamines	a jasmonoyl-glutamine	338.1841719555					C17H25N2O5			plantcyc <https://plantcyc.org/>	a JA-Gln // a jasmonate-glutamine // a jasmonic acid-glutamine // a jasmonic acid-glutamine conjugate // a jasmonyl-glutamine	338.1841719555	CC\C=C/CC1(C(=O)CCC1CC(N[C@@H](CCC(N)=O)C([O-])=O)=O)		NQOXCBDTLUTPNO-OTFPUDJKSA-M									PlantCyc/PMN local PGDB
D-GLUCOSAMINE-6-P	D-GLUCOSAMINE-6-P	D-glucosamine 6-phosphate	259.0457029414					C6H13NO8P			plantcyc <https://plantcyc.org/>	D-glucosamine phosphate // D-glucosamine-6-P	259.0457029414	C(OP([O-])(=O)[O-])[C@H]1(OC(O)[C@H]([NH3+])[C@@H](O)[C@H](O)1)		XHMJOUIAFHJHBW-IVMDWMLBSA-M									PlantCyc/PMN local PGDB
CAFFEATE	CAFFEATE	caffeate	180.0422587452					C9H7O4			plantcyc <https://plantcyc.org/>	caffeic acid // 3-(3,4-dihydroxyphenyl)prop-2-enoate	180.0422587452	C1(/C=C(C(/O)=C\C(/C=C/C([O-])=O)=1)/O)		QAIPRVGONGVQAS-UHFFFAOYSA-M									PlantCyc/PMN local PGDB
L-arabinopyranose	L-arabinopyranose	L-arabinopyranose	150.0528234315					C5H10O5			plantcyc <https://plantcyc.org/>		150.0528234315	C1([C@H](O)[C@H](O)[C@@H](O)C(O)O1)											PlantCyc/PMN local PGDB
C27-22S-hydroxysteroid	C27-22S-hydroxysteroid	a (22 S )-22-hydroxy-C 27 -steroid	388.3705161629					C27H48O			plantcyc <https://plantcyc.org/>		388.3705161629	CC(C)CC[C@H](O)C(C)C3(CCC4(C2(CCC1(CCCCC(C)1C2CCC(C)34))))		OLYXNPLLTCKGPC-SZMCTDDBSA-N									PlantCyc/PMN local PGDB
N-ACETYL-D-GLUCOSAMINE-16-BIS-P	N-ACETYL-D-GLUCOSAMINE-16-BIS-P	N -acetyl-D-glucosamine 1,6-bisphosphate	381.0225980361					C8H13NO12P2			plantcyc <https://plantcyc.org/>	N -acetyl-D-glucosamine-1,6-P 2 // N -acetyl-D-glucosamine-1,6-diphosphate	381.0225980361	CC(=O)N[C@H]1(C(OP([O-])(=O)[O-])O[C@H](COP(=O)([O-])[O-])[C@@H](O)[C@H](O)1)		WBYIPZVSBSKNQR-RTRLPJTCSA-J									PlantCyc/PMN local PGDB
7-Deazapurines	7-Deazapurines	a 7-deazapurine	119.0483471761					C6H5N3			plantcyc <https://plantcyc.org/>		119.0483471761	C2(\N\C=N/C1(\C(/C=C\N=1)=2))											PlantCyc/PMN local PGDB
NADHX	NADHX	NADHX	683.135336383					C21H29N7O15P2			plantcyc <https://plantcyc.org/>		683.135336383	C1(/N(C(O)CCC(/C(N)=O)=1)[C@@H]5(O[C@H](COP(=O)([O-])OP(=O)([O-])OC[C@H]2(O[C@H]([C@H](O)[C@H](O)2)N3(\C=N/C4(C(/N)=N\C=N/C3=4))))[C@@H](O)[C@@H](O)5))		IDBZKGQRLBFUFQ-SYZDXSIJSA-L									PlantCyc/PMN local PGDB
D-fructofuranose-1-phosphate	D-fructofuranose-1-phosphate	D-fructofuranose 1-phosphate	260.0297185262					C6H11O9P			plantcyc <https://plantcyc.org/>		260.0297185262	C(O)[C@@H]1([C@@H](O)[C@H](O)C(COP([O-])([O-])=O)(O)O1)											PlantCyc/PMN local PGDB
Inositol-Phosphates	Inositol-Phosphates	an inositol phosphate	260.0297185262					C6H11O9P			plantcyc <https://plantcyc.org/>		260.0297185262	C1(C(C(C(C(C1O)O)OP(=O)([O-])[O-])O)O)O											PlantCyc/PMN local PGDB
3-Hydroxy-11-cis-retinal	3-Hydroxy-11-cis-retinal	11- cis -3-hydroxyretinal	300.208930143					C20H28O2			plantcyc <https://plantcyc.org/>	3-hydroxy-11- cis -retinaldehyde // 3-hydroxy-11- cis -retinal	300.208930143	CC(/C=C/C1(/[C@@](CC(O)CC(/C)=1)(C)C))=C\C=C/C(\C)=C/C=O											PlantCyc/PMN local PGDB
Ribulose	Ribulose	ribulose	150.0528234315					C5H10O5			plantcyc <https://plantcyc.org/>		150.0528234315	C(O)C(O)C(O)C(=O)CO		ZAQJHHRNXZUBTE-UHFFFAOYSA-N									PlantCyc/PMN local PGDB
D-Ketopentoses	D-Ketopentoses	a D-ketopentose	150.0528234315					C5H10O5			plantcyc <https://plantcyc.org/>		150.0528234315	C(O)[C@@H](O)C(O)C(=O)CO		ZAQJHHRNXZUBTE-VXPOTGITSA-N									PlantCyc/PMN local PGDB
Heme-b	Heme-b	heme b	618.1929477006					C34H30N4O4FE			plantcyc <https://plantcyc.org/>		618.1929477006	C=CC4(\C(/C)=C5(\C=C6(C(/C)=C(CCC(=O)[O-])/C7(\C=C8(C(/CCC(=O)[O-])=C(C)/C1(/N([Fe]3(N(C(/C=C2(C(/C)=C(C=C)/C(\C=1)=[N+]2/3))=4)5)([N+]/6=7))8))))))		YHLKGEDAGPGZPN-RGGAHWMASA-J									PlantCyc/PMN local PGDB
CPD-21103	CPD-21103	3-methyl-2-oxopentanoate	130.0629941873					C6H9O3			plantcyc <https://plantcyc.org/>		130.0629941873	CCC(C)C(=O)C(=O)[O-]		JVQYSWDUAOAHFM-UHFFFAOYSA-M									PlantCyc/PMN local PGDB
D-GALACTURONATE	D-GALACTURONATE	D-galacturonate	194.0426526757					C6H9O7			plantcyc <https://plantcyc.org/>	galacturonate // D-galaturonate // galaturonate // D-galacturonic acid // D-galactopyranuronic acid	194.0426526757	C(=O)[C@H](O)[C@@H](O)[C@@H](O)[C@H](O)C(=O)[O-]		IAJILQKETJEXLJ-RSJOWCBRSA-M									PlantCyc/PMN local PGDB
D-Fucoses	D-Fucoses	D-fucose	164.0684734957					C6H12O5			plantcyc <https://plantcyc.org/>	6-deoxy-D-galactose	164.0684734957	C[C@H]([C@H](O)[C@H](O)[C@H](C=O)O)O		PNNNRSAQSRJVSB-DPYQTVNSSA-N									PlantCyc/PMN local PGDB
N-acetyl-alpha-D-hexosamines	N-acetyl-alpha-D-hexosamines	an N-acetyl-alpha-D-hexosamine	221.0899372193					C8H15NO6			plantcyc <https://plantcyc.org/>		221.0899372193	CC(NC1(C(C([C@H](O[C@@H]1O)CO)O)O))=O		OVRNDRQMDRJTHS-HOJWEIHESA-N									PlantCyc/PMN local PGDB
Jasmonoyl-ACCs	Jasmonoyl-ACCs	a jasmonoyl-1-aminocyclopropane-1 carboxylate	293.1627082319					C16H22NO4			plantcyc <https://plantcyc.org/>	a jasmonyl-1-aminocyclopropane-1 carboxylic acid // a JA-ACC // a jasmonate-ACC // a jasmonyl-1-aminocyclopropanecarboxylate // a jasmonyl-1-aminocyclopropane-1 carboxylate	293.1627082319	CC\C=C/CC1(C(=O)CCC1CC(NC2(CC2)C([O-])=O)=O)		TVRBFBSVUYCAKT-ARJAWSKDSA-M									PlantCyc/PMN local PGDB
D-glucopyranose-6-phosphate	D-glucopyranose-6-phosphate	D-glucopyranose 6-phosphate	260.0297185262					C6H11O9P			plantcyc <https://plantcyc.org/>	D-glucopyranose-6-P	260.0297185262	C([C@H]1(OC([C@@H]([C@H]([C@@H]1O)O)O)O))OP([O-])([O-])=O		NBSCHQHZLSJFNQ-GASJEMHNSA-L									PlantCyc/PMN local PGDB
Farnesoates	Farnesoates	a farnesoate	233.1541549183					C15H20O2			plantcyc <https://plantcyc.org/>	a farnesoic acid // a 3,7,11-trimethyl-2,6,10-dodecatrienoic acid // a farnesenic acid // a farnesic acid // a farnesylic acid	233.1541549183	CC(C)=CCCC(C)=C=CCC(C)=C=C(=O)[O-]											PlantCyc/PMN local PGDB
5-Deoxypentoses	5-Deoxypentoses	a 5-deoxypentose	134.0579088094					C5H10O4			plantcyc <https://plantcyc.org/>		134.0579088094	CC(O)C(O)C(O)C=O		WDRISBUVHBMJEF-UHFFFAOYSA-N									PlantCyc/PMN local PGDB
25-DIAMINOPENTANOATE	25-DIAMINOPENTANOATE	ornithine	132.0898776398					C5H13N2O2			plantcyc <https://plantcyc.org/>	2,5-diaminopentanoate	132.0898776398	C(C[NH3+])CC([NH3+])C([O-])=O											PlantCyc/PMN local PGDB
C29-22S-hydroxysteroid	C29-22S-hydroxysteroid	a (22 S )-22-hydroxy-C 29 -steroid	416.4018162913					C29H52O			plantcyc <https://plantcyc.org/>		416.4018162913	CCC(C(C)C)C[C@H](O)C(C)C3(CCC4(C2(CCC1(CCCCC(C)1C2CCC(C)34))))		TVGPNLFBDBNZSL-GPVPRDKBSA-N									PlantCyc/PMN local PGDB
CPD-11797	CPD-11797	2- O -sulfonatolactate	169.9885086152					C3H4O6S			plantcyc <https://plantcyc.org/>	2- O -sulfonatolactic acid // 2-(sulfooxy)propanoic acid // 2-(sulfooxy)propanoate	169.9885086152	CC(C(=O)[O-])OS(=O)(=O)[O-]		CSRZVBCXQYEYKY-UHFFFAOYSA-L									PlantCyc/PMN local PGDB
CPD-12548	CPD-12548	UDP-D-xylose	536.0444556902					C14H20N2O16P2			plantcyc <https://plantcyc.org/>		536.0444556902	C3(OC(OP(OP(OC[C@@H]2([C@H]([C@H]([C@H](N1(\C=C/C(=O)NC1=O))O2)O)O))(=O)[O-])(=O)[O-])[C@H](O)[C@@H](O)[C@H](O)3)		DQQDLYVHOTZLOR-WZNRFRBMSA-L									PlantCyc/PMN local PGDB
Porphyrins	Porphyrins	a porphyrin	310.1218464702					C20H14N4			plantcyc <https://plantcyc.org/>		310.1218464702	C4(\C=C3(\C=C5(\C=C/C(\C=C1(\C=C/C(/N1)=C/C2(\C=C/C(/N=2)=C/C(/N3)=4)))=N5)))											PlantCyc/PMN local PGDB
D-Glucopyranuronate	D-Glucopyranuronate	D-glucopyranuronate	194.0426526757					C6H9O7			plantcyc <https://plantcyc.org/>	D-glucopyranuronic acid	194.0426526757	[C@H]1(O)([C@@H](O)C(O)O[C@H](C(=O)[O-])[C@@H](O)1)		AEMOLEFTQBMNLQ-AQKNRBDQSA-M									PlantCyc/PMN local PGDB
Thiazoles	Thiazoles	a thiazole	84.9986197915					C3H3NS			plantcyc <https://plantcyc.org/>		84.9986197915	C1(\N=C/S\C=1)											PlantCyc/PMN local PGDB
Jadomycin-A	Jadomycin-A	jadomycin A	419.1368874119					C24H21NO6			plantcyc <https://plantcyc.org/>		419.1368874119	CC[C@H](C)[C@H]1(C(=O)OC2(N1C4(\C(=O)C5(/C(/O)=C\C=C/C(/C(=O)C(\C3(C\2=C\C(/C)=C/C(O)=3))=4)=5))))		AVMSKCRHMKXYOO-ZSISJILLSA-N									PlantCyc/PMN local PGDB
UDP-L-ARABINOSE	UDP-L-ARABINOSE	UDP-L-arabinose	536.0444556902					C14H20N2O16P2			plantcyc <https://plantcyc.org/>	UDP-arabinose // UDP-beta-L-arabinose	536.0444556902	C3(OC(OP(OP(OC[C@@H]2([C@H]([C@H]([C@H](N1(\C=C/C(=O)NC1=O))O2)O)O))(=O)[O-])(=O)[O-])[C@H](O)[C@@H](O)[C@@H](O)3)		DQQDLYVHOTZLOR-OKQNPRBNSA-L									PlantCyc/PMN local PGDB
C28-3-beta-hydroxysteroid	C28-3-beta-hydroxysteroid	a C28 3beta-hydroxysteroid	402.3861662271					C28H50O			plantcyc <https://plantcyc.org/>		402.3861662271	CC(C)C(C)CCC(C)C3(CCC4(C2(CCC1(C[C@@H](O)CCC(C)1C2CCC(C)34))))		ARYTXMNEANMLMU-HFDUOMAPSA-N									PlantCyc/PMN local PGDB
CPD-25183	CPD-25183	rosmarinate	360.0845174904					C18H15O8			plantcyc <https://plantcyc.org/>	rosmarinate anion // rosmarinate(1-)	360.0845174904	C(OC(C(=O)[O-])CC1(\C=C/C(/O)=C(\C=1)/O))(=O)/C=C/C2(/C=C(C(/O)=C\C=2)/O)		DOUMFZQKYFQNTF-ZZXKWVIFSA-M									PlantCyc/PMN local PGDB
ALLO-THR	ALLO-THR	DL-allothreonine	119.0582431604					C4H9NO3			plantcyc <https://plantcyc.org/>	allothreonine // allo-thr	119.0582431604	CC(O)C([NH3+])C([O-])=O											PlantCyc/PMN local PGDB
Glycerol-1-phosphate	Glycerol-1-phosphate	glycerol 1-phosphate	172.0136745315					C3H7O6P			plantcyc <https://plantcyc.org/>	D,L-alpha-glycerol-phosphate // DL-glycerol 1-phosphate	172.0136745315	C(O)C(COP([O-])(=O)[O-])O		AWUCVROLDVIAJX-UHFFFAOYSA-L									PlantCyc/PMN local PGDB
C27-Steroids	C27-Steroids	a C 27 steroid	372.3756015408					C27H48			plantcyc <https://plantcyc.org/>		372.3756015408	CC(C)CCCC(C)C3(CCC4(C2(CCC1(CCCCC(C)1C2CCC(C)34))))		XIIAYQZJNBULGD-UHFFFAOYSA-N									PlantCyc/PMN local PGDB
Pentitols	Pentitols	a pentitol	152.0684734957					C5H12O5			plantcyc <https://plantcyc.org/>		152.0684734957	C(O)C(O)C(O)C(O)CO											PlantCyc/PMN local PGDB
Methyl-Jasmonates	Methyl-Jasmonates	a methyl jasmonate	224.1412445083					C13H20O3			plantcyc <https://plantcyc.org/>	a jasmonic acid methyl ester // a jasmonate methyl ester // an MeJA	224.1412445083	CC\C=C/CC1(C(=O)CCC1CC(OC)=O)		GEWDNTWNSAZUDX-PLNGDYQASA-N									PlantCyc/PMN local PGDB
CPD-26629	CPD-26629	2-methylbutanoyl-CoA	851.1727232445					C26H40N7O17P3S			plantcyc <https://plantcyc.org/>	2-methyl-butyryl-CoA // 2-methylbutyryl-CoA // alpha-methylbutyryl-CoA // alpha-methylbutanoyl-CoA	851.1727232445	CCC(C)C(=O)SCCNC(=O)CCNC(=O)[C@H](O)C(C)(C)COP(=O)(OP(=O)(OC[C@@H]1([C@@H](OP([O-])(=O)[O-])[C@@H](O)[C@@H](O1)N2(C3(\N=C/N=C(C(\N=C/2)=3)/N))))[O-])[O-]		LYNVNYDEQMMNMZ-XGXNYEOVSA-J									PlantCyc/PMN local PGDB
CPD-21765	CPD-21765	6- O -methylnorlaudanosoline	301.1314081035					C17H20NO4			plantcyc <https://plantcyc.org/>	4-[(7-hydroxy-6-methoxy-1,2,3,4-tetrahydroisoquinol-1-yl)methyl] benzene-1,2-diol	301.1314081035	C2(CC3(/C=C(C(/O)=C\C(\C(CC1(\C=C(C(/O)=C\C=1)\O))[NH2+]2)=3)/OC))		RHMGJTZOFARRHB-UHFFFAOYSA-O									PlantCyc/PMN local PGDB
5-Deoxy-D-Ribofuranose	5-Deoxy-D-Ribofuranose	5-deoxy-D-ribofuranose	134.0579088094					C5H10O4			plantcyc <https://plantcyc.org/>		134.0579088094	C[C@H]1(OC(O)[C@@H]([C@@H]1O)O)		MKMRBXQLEMYZOY-SOOFDHNKSA-N									PlantCyc/PMN local PGDB
D-idopyranuronate	D-idopyranuronate	D-idopyranuronate	194.0426526757					C6H9O7			plantcyc <https://plantcyc.org/>	D-idopyranuronic acid	194.0426526757	C([O-])(=O)[C@H]1(OC(O)[C@@H](O)[C@H](O)[C@@H](O)1)		AEMOLEFTQBMNLQ-ISAMGBGPSA-M									PlantCyc/PMN local PGDB
3-Oxosteroyl-CoA	3-Oxosteroyl-CoA	a 3-oxo bile acid CoA ester	1123.3867387654					C45H68N7O18P3S			plantcyc <https://plantcyc.org/>		1123.3867387654	C[C@H](CCC(=O)SCCNC(=O)CCNC(=O)[C@H](O)C(C)(C)COP(=O)(OP(=O)(OC[C@@H]1([C@@H](OP([O-])(=O)[O-])[C@@H](O)[C@@H](O1)N2(C3(\N=C/N=C(C(\N=C/2)=3)/N))))[O-])[O-])C5(CCC6(C7(CCC4(CC(=O)CCC(C)4C(CCC(C)56)7))))		URZYEVFFDFMJGU-NQLYPUFXSA-J									PlantCyc/PMN local PGDB
Arabinofuranoses	Arabinofuranoses	an arabinofuranose	150.0528234315					C5H10O5			plantcyc <https://plantcyc.org/>		150.0528234315	C(O)C1([C@H](O)[C@@H](O)C(O)O1)											PlantCyc/PMN local PGDB
HEME_A	HEME_A	heme a	854.3705777152					C49H54N4O6FE			plantcyc <https://plantcyc.org/>		854.3705777152	C=CC4(\C6(/C=C8(C(/C)=C(CCC(=O)[O-])/C1(/N([Fe]35([N+]2(\C(/C(/C=O)=C(CCC(=O)[O-])\C(/C=1)=2)=C/C7(/N3C(\C=C(C(/C)=4)/[N+]\5=6)=C(C(/C)=7)/[C@@H](O)CC/C=C(C)/CC/C=C(C)/CCC=C(C)C))))8))))		RRJCKGQQRUXGQR-PRYGPKJJSA-J									PlantCyc/PMN local PGDB
C28-Steroids	C28-Steroids	a C 28 steroid	386.391251605					C28H50			plantcyc <https://plantcyc.org/>		386.391251605	CC(C)C(C)CCC(C)C3(CCC4(C2(CCC1(CCCCC(C)1C2CCC(C)34))))		WAAWMJYYKITCGF-UHFFFAOYSA-N									PlantCyc/PMN local PGDB
Xylulose	Xylulose	xylulose	150.0528234315					C5H10O5			plantcyc <https://plantcyc.org/>		150.0528234315	C(O)C(O)C(O)C(=O)CO		ZAQJHHRNXZUBTE-UHFFFAOYSA-N									PlantCyc/PMN local PGDB
4a-Hydroxytetrahydrobiopterins	4a-Hydroxytetrahydrobiopterins	a 4a-hydroxytetrahydrobiopterin	257.1124039959					C9H15N5O4			plantcyc <https://plantcyc.org/>		257.1124039959	CC(O)C(O)[C@H]2(CNC1(\[C@](O)(C(\N=C(N)/N=1)=O)N2))		KJKIEFUPAPPGBC-ATDKUNPGSA-N									PlantCyc/PMN local PGDB
C29-Steroids	C29-Steroids	a C 29 steroid	400.4069016692					C29H52			plantcyc <https://plantcyc.org/>		400.4069016692	CCC(C(C)C)CCC(C)C3(CCC4(C2(CCC1(CCCCC(C)1C2CCC(C)34))))		GKBHKNPLNHLYHT-UHFFFAOYSA-N									PlantCyc/PMN local PGDB
L-XYLOSE	L-XYLOSE	L-xylose	150.0528234315					C5H10O5			plantcyc <https://plantcyc.org/>	L-xylo-pentose	150.0528234315	C(=O)[C@@H](O)[C@H](O)[C@@H](O)CO		PYMYPHUHKUWMLA-WISUUJSJSA-N									PlantCyc/PMN local PGDB
D-Allopyranose	D-Allopyranose	D-allopyranose	180.0633881178					C6H12O6			plantcyc <https://plantcyc.org/>		180.0633881178	C(O)[C@H]1(OC(O)[C@H](O)[C@H](O)[C@H](O)1)											PlantCyc/PMN local PGDB
SEDOHEPTULOSE	SEDOHEPTULOSE	D-sedoheptulose	210.0739528041					C7H14O7			plantcyc <https://plantcyc.org/>	D-glucoheptulose // D-mannoheptulose // L-galactoheptulose // galacto-heptulose	210.0739528041	C(O)[C@@H](O)[C@@H](O)[C@@H](O)[C@H](O)C(=O)CO		HSNZZMHEPUFJNZ-SHUUEZRQSA-N									PlantCyc/PMN local PGDB
Ketohexoses	Ketohexoses	a ketohexose	180.0633881178					C6H12O6			plantcyc <https://plantcyc.org/>		180.0633881178	C(O)C(=O)C(O)C(O)C(O)CO		BJHIKXHVCXFQLS-UHFFFAOYSA-N									PlantCyc/PMN local PGDB
Iduronate	Iduronate	iduronate	194.0426526757					C6H9O7			plantcyc <https://plantcyc.org/>	iduronic acid	194.0426526757	C(=O)[C@H](O)[C@@H](O)[C@H](O)[C@@H](O)C(=O)[O-]		IAJILQKETJEXLJ-SKNVOMKLSA-M									PlantCyc/PMN local PGDB
CPD-8743	CPD-8743	germacrene A	204.1878007704					C15H24			plantcyc <https://plantcyc.org/>		204.1878007704	C=C(C)C1(CCC(\C)=C/CCC(\C)=C/C1)											PlantCyc/PMN local PGDB
Bacteriochlorins	Bacteriochlorins	a bacteriochlorin	314.1531465986					C20H18N4			plantcyc <https://plantcyc.org/>		314.1531465986	C4(\C=C3(\C=C5(CCC(/C=C1(CCC(\N1)=C\C2(\C=C/C(/N=2)=C/C(/N3)=4)))=N\5)))		FWBFDXIBOYYUPH-DBLYXWCISA-N									PlantCyc/PMN local PGDB
L-RIBULOSE	L-RIBULOSE	L-ribulose	150.0528234315					C5H10O5			plantcyc <https://plantcyc.org/>	ribulose	150.0528234315	C(O)[C@H](O)[C@H](O)C(=O)CO		ZAQJHHRNXZUBTE-UCORVYFPSA-N									PlantCyc/PMN local PGDB
CPD-478	CPD-478	1-pyrroline-5-carboxylate	113.0476784741					C5H6NO2			plantcyc <https://plantcyc.org/>	3,4-dihydro-2H-pyrrole-2-carboxylate	113.0476784741	C1(\CCC(\N=1)C(=O)[O-])		DWAKNKKXGALPNW-UHFFFAOYSA-M									PlantCyc/PMN local PGDB
Lactaldehydes	Lactaldehydes	lactaldehyde	74.0367794368					C3H6O2			plantcyc <https://plantcyc.org/>	DL-lactaldehyde // 2-hydroxypropanal // 2-hydroxypropionaldehyde	74.0367794368	CC(O)C=O											PlantCyc/PMN local PGDB
RIBOSE-5P	RIBOSE-5P	D-ribose 5-phosphate	230.0191538399					C5H9O8P			plantcyc <https://plantcyc.org/>	D-ribose-5-phosphoric acid // ribose-5-phosphoric acid // ribose-5P // D-ribose-5-P // ribose-5-P // D-ribose 5'-phosphate	230.0191538399	C(=O)[C@H](O)[C@H](O)[C@@H](COP([O-])([O-])=O)O											PlantCyc/PMN local PGDB
Jasmonoyl-Valines	Jasmonoyl-Valines	a jasmonoyl-L-valine	309.1940083603					C17H26NO4			plantcyc <https://plantcyc.org/>	a jasmonate-valine // a jasmonic acid-valine // a jasmonic acid-valine conjugate // a jasmonyl-valine // a JA-Val	309.1940083603	CC\C=C/CC1(C(=O)CCC1CC(N[C@@H](C(C)C)C([O-])=O)=O)		LZPFFKBGBPBJAW-KHXRIMTESA-M									PlantCyc/PMN local PGDB
Retinals	Retinals	a retinal	284.2140155209					C20H28O			plantcyc <https://plantcyc.org/>	Vitamin A // Vitamin A1	284.2140155209	CC(/C=C/C1(/C(C)(C)CCCC(/C)=1))=C\C=C\C(/C)=C\C=O											PlantCyc/PMN local PGDB
9-HPODE	9-HPODE	9-HpODE	312.2300595156					C18H31O4			plantcyc <https://plantcyc.org/>	9-hydroperoxy-(10E,12Z)-octadecadienoate // (+/-)9-HpODE	312.2300595156	CCCCC\C=C/C=C/C(CCCCCCCC([O-])=O)OO		JGUNZIWGNMQSBM-ZJHFMPGASA-M									PlantCyc/PMN local PGDB
CPD-10213	CPD-10213	mesifurane	142.0629941873					C7H10O3			plantcyc <https://plantcyc.org/>	2,5-dimethyl-4-methoxy-3( 2H )-furanone	142.0629941873	CC1(C(=O)C(/OC)=C(C)\O1)		SIMKGHMLPVDSJE-UHFFFAOYSA-N									PlantCyc/PMN local PGDB
CPD-11933	CPD-11933	a diphospho-1D-myo-inositol pentakisphosphate	739.8277009766					C6H6O27P7			plantcyc <https://plantcyc.org/>	PP-InsP 5 // a diphosphoinositol pentakisphosphate	739.8277009766	C1(OP([O-])(=O)[O-])(C(OP(=O)([O-])[O-])C(OP(=O)([O-])[O-])C(OP([O-])(=O)OP(=O)([O-])[O-])C(OP([O-])(=O)[O-])C(OP([O-])(=O)[O-])1)		UPHPWXPNZIOZJL-UHFFFAOYSA-A									PlantCyc/PMN local PGDB
Plastoquinols	Plastoquinols	a plastoquinol	750.6314818764					C53H82O2			plantcyc <https://plantcyc.org/>	PQ	750.6314818764	CC(C)=CCCC(\C)=C/CCC(\C)=C/CCC(\C)=C/CCC(\C)=C/CCC(\C)=C/CCC(\C)=C/CCC(\C)=C/CCC(\C)=C/CC1(/C=C(C(/C)=C(C)/C(/O)=1)/O)											PlantCyc/PMN local PGDB
CPD-538	CPD-538	a serine phosphoethanolamine	228.0511226703					C5H13N2O6P			plantcyc <https://plantcyc.org/>		228.0511226703	C(COP(OCC(C(=O)[O-])[NH3+])([O-])=O)[NH3+]											PlantCyc/PMN local PGDB
Jasmonoyl-Leucines	Jasmonoyl-Leucines	a jasmonoyl-L-leucine	323.2096584245					C18H28NO4			plantcyc <https://plantcyc.org/>	a JA-Leu // a jasmonate-leucine // a jasmonic acid-leucine // a jasmonic acid-leucine conjugate // a jasmonyl-leucine	323.2096584245	CC\C=C/CC1(C(=O)CCC1CC(N[C@@H](CC(C)C)C([O-])=O)=O)		BDUIIOHQSYPXRT-GJKCTVFGSA-M									PlantCyc/PMN local PGDB
D-quinovose	D-quinovose	D-quinovose	164.0684734957					C6H12O5			plantcyc <https://plantcyc.org/>	6-deoxy-D-glucose // D-epifucose // D-chinovose // D-glucomethylose // isorhamnose // isorhodeose	164.0684734957	C[C@@H](O)[C@@H](O)[C@H](O)[C@@H](O)C=O		PNNNRSAQSRJVSB-JGWLITMVSA-N									PlantCyc/PMN local PGDB
D-arabinofuranose	D-arabinofuranose		150.0528234315					C5H10O5			plantcyc <https://plantcyc.org/>		150.0528234315	C(O)[C@@H]1([C@@H](O)[C@H](O)C(O)O1)		HMFHBZSHGGEWLO-ZRMNMSDTSA-N									PlantCyc/PMN local PGDB
L-fucoses	L-fucoses	L-fucose	164.0684734957					C6H12O5			plantcyc <https://plantcyc.org/>	L-galactomethylose // 6-deoxy-L-galactose	164.0684734957	C[C@@H]([C@@H](O)[C@@H](O)[C@@H](C=O)O)O		PNNNRSAQSRJVSB-KCDKBNATSA-N									PlantCyc/PMN local PGDB
L-Ketopentoses	L-Ketopentoses	an L-ketopentose	150.0528234315					C5H10O5			plantcyc <https://plantcyc.org/>		150.0528234315	C(O)[C@H](O)C(O)C(=O)CO		ZAQJHHRNXZUBTE-WWLRPLJCSA-N									PlantCyc/PMN local PGDB
RS-Malate	RS-Malate	( RS )-malate	134.0215233031					C4H4O5			plantcyc <https://plantcyc.org/>	( RS )-malic acid // DL-apple acid // DL-malic acid // hydroxysuccinic acid // hydroxybutanedioic acid // malic acid // DL-malate // malate // 2-hydroxybutanedioate	134.0215233031	C(=O)([O-])CC(O)C([O-])=O											PlantCyc/PMN local PGDB
D-galactose-1-phosphate	D-galactose-1-phosphate	D-galactose 1-phosphate	260.0297185262					C6H11O9P			plantcyc <https://plantcyc.org/>	D-galactopyranose 1-phosphate	260.0297185262	C(O)[C@H]1(OC(OP(=O)([O-])[O-])[C@H](O)[C@@H](O)[C@@H](O)1)		HXXFSFRBOHSIMQ-SVZMEOIVSA-L									PlantCyc/PMN local PGDB
N-acetyl-a-D-hexosamine-1-phosphates	N-acetyl-a-D-hexosamine-1-phosphates	an N -acetyl-alpha-D-hexosamine 1-phosphate	301.0562676277					C8H14NO9P			plantcyc <https://plantcyc.org/>		301.0562676277	CC(=O)NC1(C(O)C(O)[C@@H](CO)O[C@H](OP(=O)([O-])[O-])1)		FZLJPEPAYPUMMR-YVKWHVBHSA-L									PlantCyc/PMN local PGDB
2-3-dihydroxypropane-1-sulfonate	2-3-dihydroxypropane-1-sulfonate	2,3-dihydroxypropane 1-sulfonate	156.0092440573					C3H7O5S			plantcyc <https://plantcyc.org/>	3-sulfopropanediol // DHPS	156.0092440573	C(S(=O)(=O)[O-])C(O)CO		YPFUJZAAZJXMIP-UHFFFAOYSA-M									PlantCyc/PMN local PGDB
3-O-methyl-L-rhamnose	3-O-methyl-L-rhamnose	L-acofriose	178.0841235599					C7H14O5			plantcyc <https://plantcyc.org/>	3-O-methyl-L-rhamnose	178.0841235599	C[C@H]1([C@@H]([C@H]([C@H](C(O1)O)O)OC)O)		OEKPKBBXXDGXNB-UISSTJQFSA-N									PlantCyc/PMN local PGDB
D-Galactopyranuronate	D-Galactopyranuronate	D-galactopyranuronate	194.0426526757					C6H9O7			plantcyc <https://plantcyc.org/>	D-galactopyranuronic acid	194.0426526757	C([C@@H]1([C@@H]([C@@H]([C@H](C(O1)O)O)O)O))([O-])=O		AEMOLEFTQBMNLQ-YMDCURPLSA-M									PlantCyc/PMN local PGDB
D-RIBULOSE	D-RIBULOSE	D-ribulose	150.0528234315					C5H10O5			plantcyc <https://plantcyc.org/>	D-erythro-pentulose // D-erythropentulose // erythropentulose	150.0528234315	C(O)[C@@H](O)[C@@H](O)C(=O)CO		ZAQJHHRNXZUBTE-NQXXGFSBSA-N									PlantCyc/PMN local PGDB
Glucose-6-phosphate	Glucose-6-phosphate	D-glucose 6-phosphate	260.0297185262					C6H11O9P			plantcyc <https://plantcyc.org/>	D-glucose-6-P	260.0297185262	C(=O)[C@@H]([C@H]([C@@H]([C@@H](COP([O-])(=O)[O-])O)O)O)O		VFRROHXSMXFLSN-SLPGGIOYSA-L									PlantCyc/PMN local PGDB
Butirosins	Butirosins	a butirosin	555.2751718073					C21H45N5O12			plantcyc <https://plantcyc.org/>		555.2751718073	C([NH3+])C[C@H](O)C(=O)N[C@@H]3(C[C@H]([NH3+])[C@@H](O[C@H]1(O[C@H](C[NH3+])[C@@H](O)[C@H](O)[C@@H]([NH3+])1))[C@H](O[C@H]2([C@H](O)C(O)[C@@H](CO)O2))[C@@H](O)3)		XEQLFNPSYWZPOW-KRKVEZTKSA-R									PlantCyc/PMN local PGDB
STEROID-O-SULFATE	STEROID-O-SULFATE	a steroid sulfate	336.1395299488					C18H23O4S			plantcyc <https://plantcyc.org/>		336.1395299488	CC14(CCCC(C2(CCC3(\C(/C(CC1)2)=C/C=C(\C=3)/OS(=O)(=O)[O-])))4)		KFFRVXQLZSOXIX-UHFFFAOYSA-M									PlantCyc/PMN local PGDB
Phycocyanobilins	Phycocyanobilins	a phycocyanobilin	586.2791349732					C33H36N4O6			plantcyc <https://plantcyc.org/>	a phycobiliverdin	586.2791349732	C/C=C1([C@@H](C)C(NC\1=C/C4(/NC(/C=C3(C(/CCC([O-])=O)=C(C)/C(\C=C2(C(/C)=C(CC)/C(=O)N2))=N\3))=C(CCC([O-])=O)/C(\C)=4))=O)		INPDFIMLLXXDOQ-MKLOKSPTSA-L									PlantCyc/PMN local PGDB
Ribulose-phosphates	Ribulose-phosphates	L(or D)-ribulose 5-phosphate	230.0191538399					C5H9O8P			plantcyc <https://plantcyc.org/>		230.0191538399	C(C(C(C(CO)=O)O)O)OP([O-])([O-])=O		FNZLKVNUWIIPSJ-UHFFFAOYSA-L									PlantCyc/PMN local PGDB
E-nerolidol	E-nerolidol	(6 E )-nerolidol	222.1983654567					C15H26O			plantcyc <https://plantcyc.org/>		222.1983654567	C=CC(C)(O)CC/C=C(C)/CCC=C(C)C		FQTLCLSUCSAZDY-SDNWHVSQSA-N									PlantCyc/PMN local PGDB
Vernolates	Vernolates	vernolate	296.2351448935					C18H31O3			plantcyc <https://plantcyc.org/>	12,13-epoxy-9-cis-octadecenoic acid // 12,13-epoxy-9-cis-octadecenoate // vernolic acid // (9Z)-11-(3-pentyloxiran-2-yl)undec-9-enoic acid // (9Z)-11-(3-pentyloxiran-2-yl)undec-9-enoic acids // 12(13)-EpOME // (9Z)-12,13-epoxyoctadecenoic acid // 12,13-cis-epoxyoctadecenoic acid // cis-12,13-ep, 9c-18:1 // cis-12,13-epoxy-9-octadecenoic acid // isoleukotoxin // (+/-)12(13)-EpOME // (+/-)vernolate	296.2351448935	CCCCCC1(OC(C\C=C/CCCCCCCC(=O)[O-])1)		CCPPLLJZDQAOHD-FLIBITNWSA-M									PlantCyc/PMN local PGDB
D-Galactose	D-Galactose	D-galactose	180.0633881178					C6H12O6			plantcyc <https://plantcyc.org/>	D-Gal	180.0633881178	C(=O)[C@@H]([C@H]([C@H]([C@@H](CO)O)O)O)O		GZCGUPFRVQAUEE-KCDKBNATSA-N									PlantCyc/PMN local PGDB
Glutamates	Glutamates	D-or-L-glutamate	147.0531577825					C5H8NO4			plantcyc <https://plantcyc.org/>		147.0531577825	C(CCC(C(=O)[O-])[NH3+])([O-])=O											PlantCyc/PMN local PGDB
5-HYDROXY-L-LYSINE	5-HYDROXY-L-LYSINE	5-hydroxy-L-lysine	162.1004423261					C6H15N2O3			plantcyc <https://plantcyc.org/>	5-hydroxylysine // hydroxylysine // delta-hydroxy-L-lysine // 2,6-diamino-5-hydroxyhexanoate // 5-hydroxy-2,6-diaminohexanoate	162.1004423261	C(C[C@H]([NH3+])C(=O)[O-])C(O)C[NH3+]											PlantCyc/PMN local PGDB
TARTRONATE-S-ALD	TARTRONATE-S-ALD	tartronate semialdehyde	104.0109586168					C3H3O4			plantcyc <https://plantcyc.org/>	2-hydroxy-3-oxopropanoate // tartronic semialdehyde // hydroxymalonaldehydic acid // tartronate-S-ald	104.0109586168	C(=O)C(O)C(=O)[O-]		QWBAFPFNGRFSFB-UHFFFAOYSA-M									PlantCyc/PMN local PGDB
D-quinovopyranose	D-quinovopyranose	D-quinovopyranose	164.0684734957					C6H12O5			plantcyc <https://plantcyc.org/>	6-deoxy-D-glucopyranose	164.0684734957	C[C@@H]1([C@@H](O)[C@H](O)[C@@H](O)C(O)O1)		SHZGCJCMOBCMKK-GASJEMHNSA-N									PlantCyc/PMN local PGDB
CPD-18719	CPD-18719	D-fructofuranose 6-phosphate	260.0297185262					C6H11O9P			plantcyc <https://plantcyc.org/>		260.0297185262	C(OP(=O)([O-])[O-])[C@H]1(OC(CO)(O)[C@@H](O)[C@H](O)1)		BGWGXPAPYGQALX-VRPWFDPXSA-L									PlantCyc/PMN local PGDB
D-Olivose	D-Olivose	D-olivose	148.0735588736					C6H12O4			plantcyc <https://plantcyc.org/>	D-canarose // 2-deoxy-D-rhamnose // 2,6-dideoxy-D-glucose	148.0735588736	C[C@@H]1([C@@H](O)[C@H](O)CC(O)O1)		FDWRIIDFYSUTDP-DUVQVXGLSA-N									PlantCyc/PMN local PGDB
CPD-15990	CPD-15990	trehalose	342.1162115493					C12H22O11			plantcyc <https://plantcyc.org/>	D-trehalose	342.1162115493	C([C@H]1(OC([C@@H]([C@H]([C@@H]1O)O)O)OC2([C@@H]([C@H]([C@@H]([C@H](O2)CO)O)O)O)))O											PlantCyc/PMN local PGDB
DTDP-4-DEHYDRO-6-DEOXY-D-GALACTOSE	DTDP-4-DEHYDRO-6-DEOXY-D-GALACTOSE	dTDP-4-dehydro-6-deoxy-D-galactose	546.0651911323					C16H22N2O15P2			plantcyc <https://plantcyc.org/>	dTDP-4-dehydro-6-deoxy-D-glucose	546.0651911323	CC1(\C(=O)NC(N(\C=1)[C@H]3(C[C@H](O)[C@@H](COP(=O)([O-])OP(OC2([C@@H]([C@H](C(=O)[C@H](O2)C)O)O))(=O)[O-])O3))=O)		PSXWNITXWWECNY-SRPWTXKTSA-L									PlantCyc/PMN local PGDB
D-Ribopyranose	D-Ribopyranose	D-ribopyranose	150.0528234315					C5H10O5			plantcyc <https://plantcyc.org/>		150.0528234315	C1(OC([C@@H]([C@@H]([C@@H]1O)O)O)O)											PlantCyc/PMN local PGDB
ATROPINE	ATROPINE	atropine	289.1677936098					C17H24NO3			plantcyc <https://plantcyc.org/>	hyoscyamine	289.1677936098	C[NH+]1([C@@H]2(C[C@@H](C[C@@H]1CC2)OC(=O)C(CO)C3(\C=C/C=C\C=3)))		RKUNBYITZUJHSG-SPUOUPEWSA-O									PlantCyc/PMN local PGDB
CPD-21759	CPD-21759	norreticuline	315.1470581677					C18H22NO4			plantcyc <https://plantcyc.org/>		315.1470581677	COC3(\C(\O)=C/C(\CC1([NH2+]CCC2(/C=C(C(/O)=C\C/1=2)/OC)))=C\C=3)		FVEMXQCEJGGXJB-UHFFFAOYSA-O									PlantCyc/PMN local PGDB
CPD-16348	CPD-16348	3-hydroxytetracosanoyl-CoA	1133.4649890864					C45H78N7O18P3S			plantcyc <https://plantcyc.org/>		1133.4649890864	CCCCCCCCCCCCCCCCCCCCCC(O)CC(=O)SCCNC(=O)CCNC([C@H](O)C(C)(C)COP([O-])(=O)OP([O-])(=O)OC[C@@H]1([C@@H](OP(=O)([O-])[O-])[C@@H](O)[C@@H](O1)N2(\C=N/C3(C(/N)=N\C=N/C2=3))))=O											PlantCyc/PMN local PGDB
UDP-N-ACETYL-GALACTOSAMINE	UDP-N-ACETYL-GALACTOSAMINE	UDP- N -acetyl-D-galactosamine	607.081569478					C17H25N3O17P2			plantcyc <https://plantcyc.org/>	UDP- N -acetylgalactosamine // uridine diphosphate N -acetylgalactosamine	607.081569478	CC(N[C@H]3(C(OP(OP(OC[C@@H]2([C@H]([C@H]([C@H](N1(\C=C/C(=O)NC1=O))O2)O)O))(=O)[O-])(=O)[O-])O[C@@H]([C@@H]([C@@H]3O)O)CO))=O		LFTYTUAZOPRMMI-LDDHHVEYSA-L									PlantCyc/PMN local PGDB
D-rhamnofuranoses	D-rhamnofuranoses	D-rhamnofuranose	164.0684734957					C6H12O5			plantcyc <https://plantcyc.org/>		164.0684734957	C[C@@H](O)[C@@H]1([C@H](O)[C@H](O)C(O)O1)		AFNUZVCFKQUDBJ-GASJEMHNSA-N									PlantCyc/PMN local PGDB
L-Iduronate	L-Iduronate	L-iduronate	194.0426526757					C6H9O7			plantcyc <https://plantcyc.org/>		194.0426526757	C(=O)[C@H](O)[C@@H](O)[C@H](O)[C@@H](O)C(=O)[O-]		IAJILQKETJEXLJ-SKNVOMKLSA-M									PlantCyc/PMN local PGDB
UDP-L-arabinofuranose	UDP-L-arabinofuranose	UDP-L-arabinofuranose	536.0444556902					C14H20N2O16P2			plantcyc <https://plantcyc.org/>		536.0444556902	C(O)[C@H]1([C@H](O)[C@@H](O)C(O1)OP(OP(OC[C@@H]3([C@H]([C@H]([C@H](N2(\C=C/C(=O)NC2=O))O3)O)O))(=O)[O-])(=O)[O-])		QGNZSCRNMXQWNR-OKQNPRBNSA-L									PlantCyc/PMN local PGDB
CHITOBIOSE	CHITOBIOSE	N , N' -diacetylchitobiose	424.1693097523					C16H28N2O11			plantcyc <https://plantcyc.org/>	diacetylchitobiose // N -[2-[5-acetylamino-4,6-dihydroxy-2-(hydroxymethyl)tetrahydropyran-3-yl]oxy-4,5-dihyrdoxy-6-(hydroxymethyl)tetrahydropyran-3-yl]acetamide // CBS // chitobiose // 2-(acetylamino)-4-O-[2-(acetylamino)-2-deoxy-beta-D-glucopyranosyl]-2-deoxy-beta-D-glucopyranose	424.1693097523	CC(=O)N[C@H]1(C(O)O[C@H](CO)[C@H]([C@H](O)1)O[C@@H]2(O[C@@H]([C@@H](O)[C@H](O)[C@@H](NC(C)=O)2)CO))		CDOJPCSDOXYJJF-CBTAGEKQSA-N									PlantCyc/PMN local PGDB
Jasmonoyl-Isoleucines	Jasmonoyl-Isoleucines	a jasmonoyl-L-isoleucine	323.2096584245					C18H28NO4			plantcyc <https://plantcyc.org/>	a JA-Ile // a jasmonate-isoleucine // a jasmonic acid-isoleucine // a jasmonic acid-isoleucine conjugate // a jasmonyl isoleucine	323.2096584245	CC\C=C/CC1(C(=O)CCC1CC(N[C@@H]([C@@H](C)CC)C([O-])=O)=O)		IBZYPBGPOGJMBF-PHZNYZCBSA-M									PlantCyc/PMN local PGDB
D-mannofuranose	D-mannofuranose	D-mannofuranose	180.0633881178					C6H12O6			plantcyc <https://plantcyc.org/>	Manf // D-manno-hexofuranose	180.0633881178	C(O)[C@@H](O)[C@@H]1([C@@H]([C@@H](C(O)O1)O)O)		AVVWPBAENSWJCB-GASJEMHNSA-N									PlantCyc/PMN local PGDB
2-3-Butanediols	2-3-Butanediols	a 2,3-butanediol	90.0680795652					C4H10O2			plantcyc <https://plantcyc.org/>	a butane-2,3-diol // a 2,3-butylene glycol	90.0680795652	CC(C(O)C)O											PlantCyc/PMN local PGDB
CPD1F-96	CPD1F-96	gibberellin A 19	362.1729385672					C20H24O6			plantcyc <https://plantcyc.org/>		362.1729385672	C=C1([C@@]2(O)(C[C@]3(C1)([C@H]([C@@H]4([C@@](C)(CCC[C@@](C=O)([C@@H](CC2)3)4)C([O-])=O))C([O-])=O)))		VNCQCPQAMDQEBY-YTJHIPEWSA-L									PlantCyc/PMN local PGDB
CPD-7062	CPD-7062	pheophorbide b	606.2478348448					C35H33N4O6			plantcyc <https://plantcyc.org/>	pheide b	606.2478348448	C=CC4(\C(/C)=C3(\C=C6([C@@H](C)[C@H](CCC(=O)[O-])C(/C5(\[C@@H](C(OC)=O)C(=O)C1(\C(\NC(/C(\C)=1)=C/C2(/C(\CC)=C(C(\N=2)=C\C(\N3)=4)/C=O))=5)))=N\6)))		PROPHBCDMQAJMH-HSJXTSEBSA-M									PlantCyc/PMN local PGDB
CPD-11827	CPD-11827	( 22R,23R )-28-homocastasterone	478.3658247155					C29H50O5			plantcyc <https://plantcyc.org/>	28-homocastasterone	478.3658247155	CC[C@H]([C@H]([C@@H]([C@@H](C)[C@@H]2([C@]3(CC[C@@H]4([C@]1(C[C@H]([C@H](C[C@@H]1C(=O)C[C@@H]([C@H](CC2)3)4)O)O)C))(C)))O)O)C(C)C		WADMTJKRYLAHQV-NKOPCKDMSA-N									PlantCyc/PMN local PGDB
CPD-21025	CPD-21025	nalidixic acid	232.0847922619					C12H11N2O3			plantcyc <https://plantcyc.org/>	nalidixate	232.0847922619	CCN1(/C=C(C(=O)C2(\C/1=N/C(\C)=C\C=2))/C(=O)[O-])		MHWLWQUZZRMNGJ-UHFFFAOYSA-M									PlantCyc/PMN local PGDB
CPD-15157	CPD-15157	5-phospho-D-arabinonohydroxamate	261.0249674993					C5H10NO9P			plantcyc <https://plantcyc.org/>	5-phospho-D-arabinonohydroxamic acid	261.0249674993	C(=O)(NO)[C@@H](O)[C@H](O)[C@H](O)COP([O-])(=O)[O-]		OHQFMJPEBPCIEQ-JJYYJPOSSA-L									PlantCyc/PMN local PGDB
CPD-9277	CPD-9277	methiin	151.0303138504					C4H9NO3S			plantcyc <https://plantcyc.org/>	S-methyl-L-cycteine sulfoxide // Kale anemia factor // S-methylcysteine sulfoxide // S-methyl-L-cysteine sulfoxide // 3-methylsulfinyl-L-alanine // MCSO	151.0303138504	C(=O)([O-])[C@@H]([NH3+])CS(=O)C		ZZLHPCSGGOGHFW-BUKSALPDSA-N									PlantCyc/PMN local PGDB
CPD-5743	CPD-5743	thenoyl trifluoro acetone	221.9962346947					C8H4O2SF3			plantcyc <https://plantcyc.org/>	TTFA	221.9962346947	C1(\C=C(C(=O)\C=C(C(F)(F)F)/[O-])/S\C=1)		UGHMGUXSEYFBLC-DAXSKMNVSA-M									PlantCyc/PMN local PGDB
CPD-20483	CPD-20483	epsilon-(gamma-L-glutamyl)-L-lysine	275.1481208002					C11H21N3O5			plantcyc <https://plantcyc.org/>		275.1481208002	C(CCNC(CC[C@@H](C(=O)[O-])[NH3+])=O)C[C@@H](C(=O)[O-])[NH3+]		JPKNLFVGUZRHOB-YUMQZZPRSA-N									PlantCyc/PMN local PGDB
CPD-10818	CPD-10818	3-methylbut-3-en-1-yl phosphate	166.0394953515					C5H9O4P			plantcyc <https://plantcyc.org/>	isopentenyl-P // isopentenyl phosphate	166.0394953515	C=C(CCOP(=O)([O-])[O-])C		QMZRXYCCCYYMHF-UHFFFAOYSA-L									PlantCyc/PMN local PGDB
CPD-20417	CPD-20417	11-hydroxycucurbitadienol	442.3810808492					C30H50O2			plantcyc <https://plantcyc.org/>		442.3810808492	CC(C)=CCC[C@@H](C)[C@H]1(CC[C@@]4([C@]1(C)C[C@@H](O)[C@]2(C)([C@@H](C/C=C3([C@@H]2CC[C@H](O)C(C)(C)3))4))C)		BXJMMHFVUAQJBV-WSZKGZBVSA-N									PlantCyc/PMN local PGDB
THIAMINE-PYROPHOSPHATE	THIAMINE-PYROPHOSPHATE	thiamine diphosphate	426.0527927275					C12H16N4O7P2S			plantcyc <https://plantcyc.org/>	thiamin diphosphate // TDP // thiamine pyrophosphate // TPP // thiamin-PPi // thiamin pyrophosphate // thiamine-PPi // ThPP	426.0527927275	CC2(\[N+](/CC1(\C(\N)=N/C(\C)=N\C=1))=C/SC(/CCOP([O-])(=O)OP([O-])(=O)[O-])=2)		AYEKOFBPNLCAJY-UHFFFAOYSA-L									PlantCyc/PMN local PGDB
CPD-3746	CPD-3746	methanesulfonate	95.9881146847					CH3O3S			plantcyc <https://plantcyc.org/>	methylsulfonate // MSA // methanesulfonic acid	95.9881146847	CS(=O)(=O)[O-]		AFVFQIVMOAPDHO-UHFFFAOYSA-M									PlantCyc/PMN local PGDB
SPHINGOSINE	SPHINGOSINE	sphingosine	299.2824294371					C18H38NO2			plantcyc <https://plantcyc.org/>	sphingenine // (4E)-sphing-4-enine // D- erythro -sphingosine // 2-amino-4-octadecene-1,3-diol	299.2824294371	CCCCCCCCCCCCC/C=C/[C@@H](O)[C@@H]([NH3+])CO		WWUZIQQURGPMPG-KRWOKUGFSA-O									PlantCyc/PMN local PGDB
CPD0-1083	CPD0-1083	L-galactonate	196.0583027399					C6H11O7			plantcyc <https://plantcyc.org/>		196.0583027399	C([C@@H]([C@H]([C@H]([C@@H](C([O-])=O)O)O)O)O)O		RGHNJXZEOKUKBD-RSJOWCBRSA-M									PlantCyc/PMN local PGDB
CPD-22137	CPD-22137	lathosterone	384.3392160345					C27H44O			plantcyc <https://plantcyc.org/>	5alpha-cholest-7-en-3-one	384.3392160345	CC(C)CCC[C@H]([C@@H]4([C@]1(C)([C@H](C2([C@H](CC1)[C@]3(C)([C@@H](CC=2)CC(=O)CC3)))CC4)))C		FLRPNSKUGCVRRB-IINKENNYSA-N									PlantCyc/PMN local PGDB
CPD-20105	CPD-20105	(L-glutamyl)adenylate	476.1056774363					C15H20N6O10P			plantcyc <https://plantcyc.org/>	L-glutamyl-AMP // L-glutamyl-adenylate	476.1056774363	C(OP(OC(=O)[C@@H]([NH3+])CCC([O-])=O)(=O)[O-])[C@H]3(O[C@@H](N1(C2(\C(\N=C/1)=C(N)/N=C\N=2)))[C@H](O)[C@H](O)3)		KQRQKNUGLKGTSJ-LTOLZBHSSA-M									PlantCyc/PMN local PGDB
CPD-22011	CPD-22011	dotriacontanoyl-CoA	1229.5952749779					C53H94N7O17P3S			plantcyc <https://plantcyc.org/>	lacceroyl-CoA	1229.5952749779	CCCCCCCCCCCCCCCCCCCCCCCCCCCCCCCC(=O)SCCNC(=O)CCNC(=O)[C@H](O)C(C)(C)COP(=O)(OP(=O)(OC[C@H]1(O[C@H]([C@@H]([C@@H]1OP([O-])(=O)[O-])O)N2(C3(\N=C/N=C(C(\N=C/2)=3)/N))))[O-])[O-]		XHVPDLOCYYOASO-YQUCNGBHSA-J									PlantCyc/PMN local PGDB
CPD-21265	CPD-21265	dolabradiene	272.2504010272					C20H32			plantcyc <https://plantcyc.org/>		272.2504010272	C=C[C@]1(C)(C[C@@H]2([C@@](C)(CC1)[C@H]3([C@](C)(CC2)C(CCC3)=C)))		GHYZJFFJSPZRIU-OUUBHVDSSA-N									PlantCyc/PMN local PGDB
CPD-1962	CPD-1962	(+)-afzelechin	274.0841235599					C15H14O5			plantcyc <https://plantcyc.org/>	(2R,3S)-afzelechin	274.0841235599	C3(/C=C(\C=C/C(/[C@@H]1([C@@H](O)CC2(/C(/O1)=C\C(\O)=C/C(/O)=2)))=3)/O)		RSYUFYQTACJFML-DZGCQCFKSA-N									PlantCyc/PMN local PGDB
CPD-8809	CPD-8809	7- epi -alpha-selinene	204.1878007704					C15H24			plantcyc <https://plantcyc.org/>		204.1878007704	C=C([C@@H]1(C[C@H]2(C(/C)=C/CC[C@](CC1)2C)))C		OZQAPQSEYFAMCY-SOUVJXGZSA-N									PlantCyc/PMN local PGDB
CPD-13094	CPD-13094	9,10-DiHODE	312.2300595156					C18H31O4			plantcyc <https://plantcyc.org/>	(12Z,15Z)-9,10-dihydroxyoctadeca-12,15-dienoic acid // (12Z,15Z)-9,10-dihydroxyoctadeca-12,15-dienoate	312.2300595156	CC\C=C/C\C=C/CC(O)C(O)CCCCCCCC(=O)[O-]		QRHSEDZBZMZPOA-ZJSQCTGTSA-M									PlantCyc/PMN local PGDB
CPD-7417	CPD-7417	cis -beta-D-glucosyl-2-hydroxycinnamate	326.1001675546					C15H17O8			plantcyc <https://plantcyc.org/>	(2Z)-3-[2-(beta-D-glucopyranosyloxy)phenyl]acrylate // beta-D-glucosyl-2-coumarinate // cis -beta-D-glucosyl-2-hydroxycinnamate // cis -coumarinate-beta-D-glucosyl // cis -coumarinic acid-beta- D -glucoside // 2-(beta-D-glucosyloxy)- cis -cinnamate	326.1001675546	C([C@H]2(O[C@@H](OC1(\C=C/C=C\C(\C=C/C(=O)[O-])=1))[C@@H]([C@H]([C@@H]2O)O)O))O		GVRIYIMNJGULCZ-QLFWQTQQSA-M									PlantCyc/PMN local PGDB
CPD-8052	CPD-8052	1D- chiro -inositol	180.0633881178					C6H12O6			plantcyc <https://plantcyc.org/>	(1R,2R,3S,4S,5S,6S)-cyclohexane-1,2,3,4,5,6-hexol	180.0633881178	[C@H]1([C@@H]([C@@H]([C@H]([C@@H]([C@H]1O)O)O)O)O)O		CDAISMWEOUEBRE-LKPKBOIGSA-N									PlantCyc/PMN local PGDB
CPD-13369	CPD-13369	13-apo-beta-carotenone	258.1983654567					C18H26O			plantcyc <https://plantcyc.org/>	13-apo-beta-caroten-12-one	258.1983654567	CC(/C=C/C1(/C(C)(C)CCCC(/C)=1))=C\C=C\C(C)=O		UBTNVRPIHJRBCI-LUXGDSJYSA-N									PlantCyc/PMN local PGDB
CPD-13611	CPD-13611	C 20 sphinganine	329.3293796297					C20H44NO2			plantcyc <https://plantcyc.org/>	dihydrosphingosine (C20) // erythro-D-sphinganine (C20) // DHS (C20) // eicosasphinganine // eicosadihydrosphingosine // 1,3-eicosanediol, 2-amino- // d20:0 // sphinganine (C20) // icosasphinganine	329.3293796297	CCCCCCCCCCCCCCCCC[C@@H](O)[C@@H]([NH3+])CO		UFMHYBVQZSPWSS-VQTJNVASSA-O									PlantCyc/PMN local PGDB
CPD-602	CPD-602	5-amino-6-(5-phospho-D-ribosylamino)uracil	354.0576646112					C9H13N4O9P			plantcyc <https://plantcyc.org/>	5-amino-6-(ribosylamino)-2,4-(1H,3H)-pyrimidinedione 5'-phosphate // 5-amino-6-(5'-phosphoribosylamino)uracil	354.0576646112	C(OP(=O)([O-])[O-])[C@H]1(O[C@H]([C@H](O)[C@H](O)1)NC2(NC(=O)NC(=O)C(N)=2))		LZEXYCAGPMYXLX-UMMCILCDSA-L									PlantCyc/PMN local PGDB
CPD-5846	CPD-5846	3beta-hydroxy-4beta-methyl-5alpha-cholest-7-ene-4alpha-carboxylate	444.3603454071					C29H47O3			plantcyc <https://plantcyc.org/>	17-(1,5-dimethylhexyl)-3-hydroxy-4,10,13-trimethyl-2,3,4,5,6,9, 10,11,12,13,14,15,16,17-tetradecahydro-1H-cyclopenta[a] phenanthrene-4-carboxylic acid	444.3603454071	CC(C)CCC[C@@H](C)[C@H]4(CC[C@@H]1([C@](C)(CC[C@H]3(C1=CC[C@H]2([C@](C)(C([O-])=O)[C@H](CC[C@@](C)23)O)))4))		UQFZKTIHSICSPG-DSHYQQBWSA-M									PlantCyc/PMN local PGDB
CPD-10792	CPD-10792	2-amino-3,7-dideoxy-D-threo-hept-6-ulosonate	191.079372533					C7H13NO5			plantcyc <https://plantcyc.org/>	ADTH // 2-amino-2,3,7-trideoxy-D- lyxo -hept-6-ulosonic acid	191.079372533	CC(=O)[C@@H](O)[C@H](O)C[C@H]([NH3+])C([O-])=O		IFMHGOADXGYWMO-KVQBGUIXSA-N									PlantCyc/PMN local PGDB
CPD1F-134	CPD1F-134	gibberellin A 9	316.1674592588					C19H23O4			plantcyc <https://plantcyc.org/>	C19-GAs // C 19 -GAs // closed lactone gibberellin skeleton // C 19 skeleton // C 19 -GA skeleton // C 19 -gibberellin skeleton // GA9	316.1674592588	C=C1([C@H]3(C[C@]4(C1)([C@H]([C@@H]5([C@]2(C(=O)O[C@](CCC2)([C@@H](CC3)4)5)(C)))C([O-])=O)))		MHVYWTXXZIFXDT-PKZSZHAESA-M									PlantCyc/PMN local PGDB
CPD1F-97	CPD1F-97	gibberellin A 15 (open lactone form)	348.1936740093					C20H26O5			plantcyc <https://plantcyc.org/>	gibberellin A 15 // gibberellin A15 // GA 15 (open lactone form) // GA15	348.1936740093	C=C1([C@H]2(C[C@]3(C1)([C@H]([C@@H]4([C@@](C)(CCC[C@@](CO)([C@@H](CC2)3)4)C([O-])=O))C([O-])=O)))		TZGXVFYTKTWKCU-CXXOJBQZSA-L									PlantCyc/PMN local PGDB
CPD-19191	CPD-19191	gentisate 5- O -beta- D -xylopyranoside	286.0688674262					C12H13O8			plantcyc <https://plantcyc.org/>	gentisic acid 5- O -beta- D -xylopyranoside	286.0688674262	C2(O[C@H](OC1(\C=C/C(/O)=C(/C=1)/C(=O)[O-]))[C@H](O)[C@@H](O)[C@H](O)2)		OGFQCMFLQIYVSQ-DTHBNOIPSA-M									PlantCyc/PMN local PGDB
CPD-19511	CPD-19511	indole-3-carbinonium ion	129.0578492299					C9H8N			plantcyc <https://plantcyc.org/>		129.0578492299	[CH3+]=C1(C2(/C=C\C=C/C(/N=C\1)=2))		NSQIQDGIPQVASR-UHFFFAOYSA-N									PlantCyc/PMN local PGDB
CPD-13028	CPD-13028	( Z )-indol-3-ylacetaldoxime	174.0793129535					C10H10N2O			plantcyc <https://plantcyc.org/>	( Z )-3-indoleacetaldoxime // ( Z )-indole-3-acetaldehyde oxime // ( Z )-indole-3-acetaldoxime	174.0793129535	C(\CC1(\C2(/C=C\C=C/C(/N\C=1)=2)))=N\O		ZLIGRGHTISHYNH-SDQBBNPISA-N									PlantCyc/PMN local PGDB
CPD-4619	CPD-4619	cis -zeatin-9- N -glucoside	381.1648334969					C16H23N5O6			plantcyc <https://plantcyc.org/>		381.1648334969	CC(\CO)=C\CNC1(\C2(\N=C/N(C(\N=C/N=1)=2)[C@@H]3([C@@H]([C@H]([C@@H]([C@H](O3)CO)O)O)O)))		VYRAJOITMBSQSE-SBQJELAYSA-N									PlantCyc/PMN local PGDB
CPD-20420	CPD-20420	16alpha-hydroxy-beta-amyrin	442.3810808492					C30H50O2			plantcyc <https://plantcyc.org/>	olean-12-ene-3beta,16alpha-diol	442.3810808492	CC4(C)(C[C@H]5(C2(\[C@]([C@@]1(CC[C@H]3(C(C)(C)[C@H](CC[C@]([C@H]1C\C=2)3C)O))C)(C[C@@H](O)[C@@](CC4)5C)C)))		VLRYIIPJIVGFIV-PXCMFJNASA-N									PlantCyc/PMN local PGDB
CPD-19113	CPD-19113	(2-aminobenzoyl)acetyl-CoA	928.1628868397					C30H39N8O18P3S			plantcyc <https://plantcyc.org/>		928.1628868397	CC(C)([C@@H](O)C(=O)NCCC(=O)NCCSC(=O)CC(C1(\C(\N)=C/C=C\C=1))=O)COP(=O)(OP(=O)(OC[C@@H]2([C@@H](OP([O-])(=O)[O-])[C@@H](O)[C@@H](O2)N3(C4(\N=C/N=C(C(\N=C/3)=4)/N))))[O-])[O-]		OLOTULRNHWZRKJ-FUEUKBNZSA-J									PlantCyc/PMN local PGDB
CPD-14916	CPD-14916	( R )-3-hydroxyoctanoyl-CoA	909.2145880592					C29H46N7O18P3S			plantcyc <https://plantcyc.org/>	(R)-3-hydroxyoctanoyl-CoA // (3 R )-3-hydroxyoctanoyl-CoA	909.2145880592	CCCCC[C@H](CC(SCCNC(=O)CCNC(=O)[C@H](O)C(C)(C)COP(=O)(OP(=O)(OC[C@@H]1([C@@H](OP([O-])(=O)[O-])[C@@H](O)[C@@H](O1)N2(C3(\N=C/N=C(C(\N=C/2)=3)/N))))[O-])[O-])=O)O		ATVGTMKWKDUCMS-JWBYWSJJSA-J									PlantCyc/PMN local PGDB
L-ALPHA-AMINO-EPSILON-KETO-PIMELATE	L-ALPHA-AMINO-EPSILON-KETO-PIMELATE	L-alpha-amino-epsilon-keto-pimelate	189.0637224688					C7H10NO5			plantcyc <https://plantcyc.org/>	L-2-Amino-6-oxopimelate // L-2-Amino-6-oxoheptanedioate	189.0637224688	C([O-])(=O)[C@H](CCCC(C([O-])=O)=O)[NH3+]		UKCSFKLWNHUBDY-BYPYZUCNSA-M									PlantCyc/PMN local PGDB
CPD-1121	CPD-1121	D-myo-inositol 1,2-cyclic phosphate	242.0191538399					C6H10O8P			plantcyc <https://plantcyc.org/>	1D-myo-inositol 1,2-cyclic phosphate	242.0191538399	[C@@H]2(O)([C@@H](O)[C@@H]1(OP([O-])(=O)O[C@@H]1[C@H](O)[C@@H](O)2))		SXHMVNXROAUURW-FTYOSCRSSA-M									PlantCyc/PMN local PGDB
CPD-7496	CPD-7496	prolycopene	536.4382017976					C40H56			plantcyc <https://plantcyc.org/>	7,9,7',9'-tetra- cis -lycopene // 9,9'-di- cis -&zeta;-carotene // 7,9,7',9'- tetracis -lycopene	536.4382017976	CC(C)=CCCC(\C)=C/C=C\C(/C)=C/C=C/C(\C)=C/C=C/C=C(C)/C=C/C=C(C)\C=C/C=C(C)/CCC=C(C)C		OAIJSZIZWZSQBC-BYUNHUQQSA-N									PlantCyc/PMN local PGDB
N-ACETYL-D-GLUCOSAMINE-1-P	N-ACETYL-D-GLUCOSAMINE-1-P	N -acetyl-alpha-D-glucosamine 1-phosphate	301.0562676277					C8H14NO9P			plantcyc <https://plantcyc.org/>		301.0562676277	CC(=O)N[C@@H]1([C@@H](O)[C@H](O)[C@@H](CO)O[C@H](OP([O-])(=O)[O-])1)		FZLJPEPAYPUMMR-FMDGEEDCSA-L									PlantCyc/PMN local PGDB
CPD-7864	CPD-7864	ternatin C5	875.2093419328					C36H40O25			plantcyc <https://plantcyc.org/>	delphinidin 3- O -(6''- O -malonyl)-beta-glucoside-3',5'-di- O -beta-glucoside	875.2093419328	C(O)[C@H]1(O[C@H]([C@H](O)[C@@H](O)[C@H](O)1)OC2(\C(\O)=C(/C=C(/C=2)/C4(C(/O[C@H]3([C@H](O)[C@@H](O)[C@H](O)[C@@H](COC(CC(=O)[O-])=O)O3))=C\C5(\C(\[O+]=4)=C/C(/[O-])=C\C(\[O-])=5)))\O[C@@H]6([C@@H](O)[C@H](O)[C@@H](O)[C@H](CO)O6)))		WTWWJFYJOBVFTF-SQERPHHCSA-L									PlantCyc/PMN local PGDB
CPD-7061	CPD-7061	pheophorbide a	592.2685702869					C35H34N4O5			plantcyc <https://plantcyc.org/>	pheide a	592.2685702869	C=CC1(\C3(\NC(/C(\C)=1)=C/C2([C@@H](C)[C@H](CCC(=O)[O-])C(\N=2)=C5([C-](C(OC)=O)C(=O)C6(\C(/C)=C(\C=C4(C(/CC)=C(C)/C(\C=3)=N\4))/NC/5=6)))))		UXWYEAZHZLZDGM-ZVEVZSNKSA-M									PlantCyc/PMN local PGDB
SPERMIDINE	SPERMIDINE	spermidine	145.1578976255					C7H22N3			plantcyc <https://plantcyc.org/>	N -(3-aminopropyl)butane-1,4-diamine	145.1578976255	C([NH3+])CC[NH2+]CCCC[NH3+]		ATHGHQPFGPMSJY-UHFFFAOYSA-Q									PlantCyc/PMN local PGDB
CPD-6082	CPD-6082	3-aminopropanal	73.052763852					C3H8NO			plantcyc <https://plantcyc.org/>	3-amino-propanal // 3-APA // 3-aminopropionaldehyde // APAL	73.052763852	C(=O)CC[NH3+]		PCXDJQZLDDHMGX-UHFFFAOYSA-O									PlantCyc/PMN local PGDB
CPD-10267	CPD-10267	decanoyl-CoA	921.2509735655					C31H50N7O17P3S			plantcyc <https://plantcyc.org/>		921.2509735655	CCCCCCCCCC(=O)SCCNC(=O)CCNC(=O)[C@H](O)C(C)(C)COP(=O)(OP(=O)(OC[C@@H]1([C@@H](OP([O-])(=O)[O-])[C@@H](O)[C@@H](O1)N2(C3(\N=C/N=C(C(\N=C/2)=3)/N))))[O-])[O-]		CNKJPHSEFDPYDB-HSJNEKGZSA-J									PlantCyc/PMN local PGDB
DIAMINO-OH-PHOSPHORIBOSYLAMINO-PYR	DIAMINO-OH-PHOSPHORIBOSYLAMINO-PYR	2,5-diamino-6-(5-phospho-D-ribosylamino)pyrimidin-4(3H)-one	353.0736490264					C9H14N5O8P			plantcyc <https://plantcyc.org/>	2,5-diamino-6-hydroxy-4-(5-phosphoribosylamino)pyrimidine // DARP // 2,5-diamino-6-(1-D-ribosylamino)pyrimidin-4(3H)-one 5'-phosphate // 2,5-diamino-6-(ribosylamino)-4-(3H)-pyrimidinone 5'-phosphate // 2,5-diamino-6-(D-ribosylamino)pyrimidin-4(3H)-one 5'-phosphate	353.0736490264	C([C@@H]2([C@@H](O)[C@@H](O)[C@H](NC1(/N=C(N)\NC(=O)C(/N)=1))O2))OP(=O)([O-])[O-]		OCLCLRXKNJCOJD-UMMCILCDSA-L									PlantCyc/PMN local PGDB
DTDP-RHAMNOSE	DTDP-RHAMNOSE	dTDP-beta-L-rhamnose	548.0808411965					C16H24N2O15P2			plantcyc <https://plantcyc.org/>	dTDP-6-deoxy-beta-L-mannose // dTDP-L-rhamnose // dTDP-L-Rha	548.0808411965	CC1(\C(=O)NC(=O)N(\C=1)[C@H]3(C[C@H](O)[C@@H](COP(=O)([O-])OP(=O)([O-])O[C@H]2(O[C@@H](C)[C@H](O)[C@@H](O)[C@@H](O)2))O3))		ZOSQFDVXNQFKBY-CGAXJHMRSA-L									PlantCyc/PMN local PGDB
CPD-263	CPD-263	(-)-trans-isopiperitenol	152.1201151357					C10H16O			plantcyc <https://plantcyc.org/>		152.1201151357	C=C(C)[C@H]1(CCC(/C)=C/[C@H](O)1)		OLAKPNFIICOONC-ZJUUUORDSA-N									PlantCyc/PMN local PGDB
CPD-6745	CPD-6745	D- myo -inositol (1,2,3) trisphosphate	419.962379343					C6H9O15P3			plantcyc <https://plantcyc.org/>	1D- myo -inositol (1,2,3) trisphosphate // I(1,2,3)P 3	419.962379343	[C@@H]1(O)([C@@H](O)[C@H](OP([O-])([O-])=O)[C@H](OP([O-])([O-])=O)[C@H](OP(=O)([O-])[O-])[C@@H](O)1)		GKDKOMAJZATYAY-QWBQGLJISA-H									PlantCyc/PMN local PGDB
NONAPRENYL-4-HYDROXYBENZOATE	NONAPRENYL-4-HYDROXYBENZOATE	4-hydroxy-3-nonaprenylbenzoate	750.5950963701					C52H77O3			plantcyc <https://plantcyc.org/>	3-solanesyl-4-hydroxybenzoate // nonaprenyl-4-hydroxybenzoic acid // 3,7,11,15,19,23,27,31,35-nonamethylhexatriaconta-2,6,10,14,18,22,26,30,34-nonaenyl ester // 3-nonaprenyl-4-hydroxybenzoate	750.5950963701	CC(C)=CCCC(\C)=C/CCC(\C)=C/CCC(\C)=C/CCC(\C)=C/CCC(\C)=C/CCC(\C)=C/CCC(\C)=C/CCC(\C)=C/CC1(/C=C(\C=C/C(/O)=1)/C(=O)[O-])		YKKKMRBEPIZPBH-XWEAJCOCSA-M									PlantCyc/PMN local PGDB
CPD-27085	CPD-27085	17-dehydropreakuammicine	350.1630425829					C21H23N2O3			plantcyc <https://plantcyc.org/>	methyl (16S,19E)-17-oxocura-1,19-diene-16-carboxylate	350.1630425829	C/C=C4([C@@H]2(C[C@H]5([C@]1(C3(\C(\N=C1[C@](C(OC)=O)(C=O)2)=C/C=C\C=3))(CC[NH+](C4)5))))		OBUYIUIFFBCOOV-OQTQPSEISA-O									PlantCyc/PMN local PGDB
OXIDIZED-GLUTATHIONE	OXIDIZED-GLUTATHIONE	glutathione disulfide	612.1519619036					C20H30N6O12S2			plantcyc <https://plantcyc.org/>	glutathione oxidized // glutathione ox // oxidized glutathione	612.1519619036	C(SSC[C@@H](C(NCC([O-])=O)=O)NC(=O)CC[C@H]([NH3+])C([O-])=O)[C@@H](C(NCC([O-])=O)=O)NC(=O)CC[C@H]([NH3+])C([O-])=O		YPZRWBKMTBYPTK-BJDJZHNGSA-L									PlantCyc/PMN local PGDB
CPD-8906	CPD-8906	(-)-pinoresinol	358.1416384388					C20H22O6			plantcyc <https://plantcyc.org/>		358.1416384388	COC1(\C(\O)=C/C=C(/C=1)/[C@@H]4(OC[C@H]3([C@H](C2(\C=C/C(/O)=C(/C=2)/OC))OC[C@H]34)))		HGXBRUKMWQGOIE-NSMLZSOPSA-N									PlantCyc/PMN local PGDB
CPD-4206	CPD-4206	trans -zeatin riboside monophosphate	431.120599219					C15H20N5O8P			plantcyc <https://plantcyc.org/>	ZMP // tZRMP	431.120599219	CC(/CO)=C\CNC3(/N=C\N=C1(C(/N=C\N1[C@@H]2(O[C@H](COP(=O)([O-])[O-])[C@@H](O)[C@@H](O)2))=3))		IRILMCCKFANGJQ-HNNGNKQASA-L									PlantCyc/PMN local PGDB
8-Oxo-dGTP	8-Oxo-dGTP	8-oxo-dGTP	522.990659779					C10H12N5O14P3			plantcyc <https://plantcyc.org/>	7,8-dihydro-8-oxo-2'-dGTP // 2'-deoxy-7,8-dihydro-8-oxo-guanosine 5'-triphosphate	522.990659779	C(OP(=O)([O-])OP(=O)([O-])OP(=O)([O-])[O-])[C@H]3(O[C@@H](N1(C2(\N=C(N)/NC(=O)C(NC(=O)1)=2)))C[C@H](O)3)		BUZOGVVQWCXXDP-VPENINKCSA-J									PlantCyc/PMN local PGDB
BETA-D-XYLOSE	BETA-D-XYLOSE	beta-D-xylopyranose	150.0528234315					C5H10O5			plantcyc <https://plantcyc.org/>	beta-D-xylose	150.0528234315	C1(O[C@@H](O)[C@H](O)[C@@H](O)[C@H](O)1)		SRBFZHDQGSBBOR-KKQCNMDGSA-N									PlantCyc/PMN local PGDB
CPD-18798	CPD-18798	3-dehydrodeoxycholate	390.2770097082					C24H37O4			plantcyc <https://plantcyc.org/>	12alpha-hydroxy-3-oxo-5beta-cholan-24-oate	390.2770097082	C[C@@H]([C@H]3(CC[C@H]4([C@@H]2(CC[C@@H]1(CC(=O)CC[C@@](C)1[C@H]2C[C@H](O)[C@](C)34)))))CCC(=O)[O-]		WMUMZOAFCDOTRW-OVEHVULHSA-M									PlantCyc/PMN local PGDB
CPD-18823	CPD-18823	3-oxocholan-24-oyl-CoA	1123.3867387654					C45H68N7O18P3S			plantcyc <https://plantcyc.org/>		1123.3867387654	C[C@H](CCC(=O)SCCNC(=O)CCNC(=O)[C@H](O)C(C)(C)COP(=O)(OP(=O)(OC[C@@H]1([C@@H](OP([O-])(=O)[O-])[C@@H](O)[C@@H](O1)N2(C3(\N=C/N=C(C(\N=C/2)=3)/N))))[O-])[O-])[C@H]6(CC[C@H]7([C@@H]5(CC[C@@H]4(CC(=O)CC[C@@](C)4[C@H]5CC[C@](C)67))))		URZYEVFFDFMJGU-BEVXJUHISA-J									PlantCyc/PMN local PGDB
CPD-7612	CPD-7612	soyasapogenol B-3- O -beta-glucuronide	634.4080834607					C36H57O9			plantcyc <https://plantcyc.org/>		634.4080834607	CC6(C)(C[C@H]5(C1(\[C@](C)([C@@]2(C)([C@H](C\C=1)[C@]4(C)([C@@H](CC2)[C@@](C)(CO)[C@@H](O[C@@H]3(O[C@H](C(=O)[O-])[C@@H](O)[C@H](O)[C@@H](O)3))CC4)))CC[C@](C)5[C@H](O)C6)))		NARQRJFIZNOSJV-JIHAXZPOSA-M									PlantCyc/PMN local PGDB
DELTA3-ISOPENTENYL-PP	DELTA3-ISOPENTENYL-PP	isopentenyl diphosphate	246.0058257599					C5H9O7P2			plantcyc <https://plantcyc.org/>	3-methylbut-3-en-1-yl diphosphate // isopentenyl-PP // isopentenyl pyrophosphate // delta(3)-isopentenyl-PP // &Delta; 3 -isopentenyl-PP // 3-methylbut-3-enyl diphosphate // 3-methylbut-3-enyl pyrophosphate // isopentenyl diphosphate	246.0058257599	C=C(C)CCOP([O-])(=O)OP([O-])(=O)[O-]		NUHSROFQTUXZQQ-UHFFFAOYSA-K									PlantCyc/PMN local PGDB
PROSTAGLANDIN-H2	PROSTAGLANDIN-H2	prostaglandin H 2	352.2249741377					C20H31O5			plantcyc <https://plantcyc.org/>	(5Z, 13E)-(15S)-9alpha,11alpha-epidioxy-15-hydroxyprosta-5,13-dienoate // (5Z,13E)-(15S)-9alpha,11alpha-epidioxy-15-hydroxyprosta-5,13-dienoate // (5Z,9alpha,11alpha,13E,15S)-9,11-epidioxy-15-hydroxy-prosta-5,13-dienoate // PGH2	352.2249741377	CCCCC[C@H](O)/C=C/[C@H]2([C@H]1(C[C@H](OO1)[C@H](C\C=C/CCCC(=O)[O-])2))		YIBNHAJFJUQSRA-YNNPMVKQSA-M									PlantCyc/PMN local PGDB
DTDP-DEOH-DEOXY-GLUCOSE	DTDP-DEOH-DEOXY-GLUCOSE	dTDP-4-dehydro-6-deoxy-alpha-D-glucopyranose	546.0651911323					C16H22N2O15P2			plantcyc <https://plantcyc.org/>	TDP-4-keto-6-deoxy--alpha-D-glucose // TDP-4-oxo-6-deoxy--alpha-D-glucose // dTDP-4-oxo-6-deoxy--alpha-D-glucose // dTDP-6-deoxy-alpha-D- xylo -4-hexosulose // dTDP-6-deoxy-alpha-D-xylohex-4-ulose // dTDP-4-dehydro-6-deoxy-alpha-D-glucose	546.0651911323	CC1(\C(=O)NC(N(\C=1)[C@H]3(C[C@H](O)[C@@H](COP(=O)([O-])OP(O[C@H]2(O[C@H](C)C(=O)[C@H](O)[C@@H](O)2))(=O)[O-])O3))=O)		PSXWNITXWWECNY-UCBTUHGZSA-L									PlantCyc/PMN local PGDB
CPD-19812	CPD-19812	(+)-7- epi -12-hydroxy-12-oxojasmonoyl-L-isoleucine	353.1838376045					C18H25NO6			plantcyc <https://plantcyc.org/>	(3R, 7S)-12COOH-JA-Ile // (3R, 7S)-12-hydroxy-12-oxojasmonoyl-isoleucine // (3R, 7S)-12-hydroxy-12-oxojasmonoyl-L-isoleucine // (+)-7- iso -12-hydroxy-12-oxojasmonoyl-L-isoleucine	353.1838376045	CC[C@H](C)[C@H](NC(=O)C[C@H]1(CCC(=O)[C@@H](C\C=C/CC([O-])=O)1))C([O-])=O		JGWHHQHWBOQVJU-SIEWLTCVSA-L									PlantCyc/PMN local PGDB
CPD-568	CPD-568	N 1 -acetylspermidine	187.1684623118					C9H23N3O			plantcyc <https://plantcyc.org/>	an N -acetylspermidine	187.1684623118	CC(=O)NCCC[NH2+]CCCC[NH3+]		MQTAVJHICJWXBR-UHFFFAOYSA-P									PlantCyc/PMN local PGDB
CPD-11525	CPD-11525	3-oxo-2-(cis-2'-pentenyl)-cyclopentane-1-butanoyl-CoA	987.2615382518					C35H52N7O18P3S			plantcyc <https://plantcyc.org/>	OPC4-CoA	987.2615382518	CC\C=C/C[C@H]1([C@H](CCC(=O)1)CCCC(=O)SCCNC(=O)CCNC(=O)[C@H](O)C(C)(C)COP(=O)(OP(=O)(OC[C@@H]2([C@@H](OP([O-])(=O)[O-])[C@@H](O)[C@@H](O2)N3(C4(\N=C/N=C(C(\N=C/3)=4)/N))))[O-])[O-])		YYUZYSVPFVOYLB-RGUWMICCSA-J									PlantCyc/PMN local PGDB
CD+2	CD+2	Cd 2+	113.9033581					CD			plantcyc <https://plantcyc.org/>	cadmium(II) // Cd II // Cd ++	113.9033581	[Cd+2]		WLZRMCYVCSSEQC-UHFFFAOYSA-N									PlantCyc/PMN local PGDB
CPD-18084	CPD-18084	1,6-dihydro-beta-NADP	745.0911021051					C21H26N7O17P3			plantcyc <https://plantcyc.org/>	6-dihydro-nicotinamide adenine dinucleotide phosphate // 6DHNADP	745.0911021051	C1(N(/C=C(\C=C/1)/C(=O)N)[C@@H]2(O[C@@H]([C@H]([C@H]2O)O)COP(OP(OC[C@H]5(O[C@@H](N3(C4(\C(\N=C/3)=C(N)/N=C\N=4)))[C@H](OP([O-])(=O)[O-])[C@H](O)5))(=O)[O-])(=O)[O-]))		UADKDCHYFVMAQG-NNYOXOHSSA-J									PlantCyc/PMN local PGDB
CPD-24961	CPD-24961	alpha-D-xylulofuranose	150.0528234315					C5H10O5			plantcyc <https://plantcyc.org/>		150.0528234315	C(O)[C@@]1(O)([C@H]([C@@H](CO1)O)O)		LQXVFWRQNMEDEE-WISUUJSJSA-N									PlantCyc/PMN local PGDB
CPD-12282	CPD-12282	12-hydroxylaurate	216.1725446367					C12H23O3			plantcyc <https://plantcyc.org/>	&omega;-hydroxylauric acid // 12-hydroxydodecanoic acid // 12-hydroxylauric acid // omega-hydroxydodecanoic acid // &omega;-hydroxylaurate // 12-hydroxydodecanoate	216.1725446367	C(=O)([O-])CCCCCCCCCCCO		ZDHCZVWCTKTBRY-UHFFFAOYSA-M									PlantCyc/PMN local PGDB
CPD-20263	CPD-20263	7-[(2S)-2-amino-2-carboxylatoethyl]-5-hydroxy-2H-1,4-benzothiazine-3-carboxylate	296.0466921961					C12H11N2O5S			plantcyc <https://plantcyc.org/>		296.0466921961	C([O-])(=O)C1(\CSC2(\C(\N=1)=C(\C=C(C[C@@H](C(=O)[O-])[NH3+])/C=2)\O))		MYILHSJZODALKH-LURJTMIESA-M									PlantCyc/PMN local PGDB
PHENYLACETALDOXIME	PHENYLACETALDOXIME	( Z )-phenylacetaldehyde oxime	135.0684139162					C8H9NO			plantcyc <https://plantcyc.org/>		135.0684139162	C1(\C=C/C(\C\C=N/O)=C\C=1)		CXISHLWVCSLKOJ-CLFYSBASSA-N									PlantCyc/PMN local PGDB
THREO-DS-ISO-CITRATE	THREO-DS-ISO-CITRATE	D- threo -isocitrate	192.0270026115					C6H5O7			plantcyc <https://plantcyc.org/>	(1 R , 2 S )-1-hydroxypropane-1,2,3-tricarboxylate // D- threo -isocitric acid // threo-D s -isocitrate // D-isocitrate	192.0270026115	C(=O)([C@@H](CC([O-])=O)[C@@H](O)C([O-])=O)[O-]		ODBLHEXUDAPZAU-ZAFYKAAXSA-K									PlantCyc/PMN local PGDB
4-OXALOMESACONATE	4-OXALOMESACONATE	(1 E )-4-oxobut-1-ene-1,2,4-tricarboxylate	202.0113525473					C7H3O7			plantcyc <https://plantcyc.org/>	4-oxalmesaconic acid // 4-oxalomesaconate // gamma-oxalomesaconate // (E)-3-carboxy-5-oxo-2-hexenedioic-acid // OMAketo	202.0113525473	C(=O)([O-])/C=C(CC(C([O-])=O)=O)/C([O-])=O		ODTDYYZJDQGKQT-NSCUHMNNSA-K									PlantCyc/PMN local PGDB
CHLOROPHYLLIDE-A	CHLOROPHYLLIDE-A	chlorophyllide a	614.2379621227					C35H32N4O5MG			plantcyc <https://plantcyc.org/>	chlorophyllide	614.2379621227	C=CC4(\C(/C)=C5(\C=C7([C@@H](C)[C@H](CCC(=O)[O-])C(\C6(/[C@@H-](C(OC)=O)C(=O)C1(\C(\N2([Mg]N(C(/C=C3(C(/C)=C(CC)/C(\C=C(C(\C)=1)/2)=N3))=4)5))=6)))=N7)))											PlantCyc/PMN local PGDB
CPD-6741	CPD-6741	D- myo -inositol (1,2,3,5,6) pentakisphosphate	579.8950401598					C6H7O21P5			plantcyc <https://plantcyc.org/>	1D- myo -inositol (1,2,3,5,6) penta kis phosphate // I(1,2,3,5,6)P 5	579.8950401598	[C@H]1(O)([C@H](OP(=O)([O-])[O-])[C@@H](OP([O-])(=O)[O-])[C@H](OP([O-])([O-])=O)[C@H](OP(=O)([O-])[O-])[C@H](OP(=O)([O-])[O-])1)		CTPQAXVNYGZUAJ-UOTPTPDRSA-D									PlantCyc/PMN local PGDB
S-COCLAURINE	S-COCLAURINE	(S)-coclaurine	285.1364934814					C17H20NO3			plantcyc <https://plantcyc.org/>	(1S)-7-hydroxy-1-(4-hydroxybenzyl)-6-methoxy-1,2,3,4-tetrahydroisoquinolinium	285.1364934814	C1([NH2+][C@H](C2(\C=C(C(/OC)=C\C(/C1)=2)\O))CC3(\C=C/C(/O)=C\C=3))		LVVKXRQZSRUVPY-HNNXBMFYSA-O									PlantCyc/PMN local PGDB
CPD-294	CPD-294	2-maleylacetate	158.0215233031					C6H4O5			plantcyc <https://plantcyc.org/>	4-oxohex-2-enedioate // maleylacetate // (2Z)-4-oxohex-2-enedioate	158.0215233031	C(\C(=O)CC([O-])=O)=C\C(=O)[O-]		SOXXPQLIZIPMIZ-UPHRSURJSA-L									PlantCyc/PMN local PGDB
CPD-4573	CPD-4573	30-oxolanosterol	440.365430785					C30H48O2			plantcyc <https://plantcyc.org/>	14-oxo-lanosterol // 4,4-dimethyl-14alpha-formyl-5alpha-cholesta-8,24-dien-3beta-ol	440.365430785	CC(C)=CCC[C@H]([C@@H]1([C@]3(C)([C@@](C=O)(CC1)C4(\CC[C@@H]2(C(C)(C)[C@@H](O)CC[C@@]2(C(\CC3)=4)C)))))C		PGGIMLIQOHYFIS-PUXRVUTHSA-N									PlantCyc/PMN local PGDB
CPD-24936	CPD-24936	keto -D-ribulose	150.0528234315					C5H10O5			plantcyc <https://plantcyc.org/>		150.0528234315	C(O)[C@@H](O)[C@@H](O)C(=O)CO		ZAQJHHRNXZUBTE-NQXXGFSBSA-N									PlantCyc/PMN local PGDB
CPD-12570	CPD-12570	tricetin	302.0426526757					C15H9O7			plantcyc <https://plantcyc.org/>	5,7,3',4',5'-pentahydroxyflavone	302.0426526757	C3(/C(/O)=C(C(/O)=C\C(\C1(\OC2(/C=C(/C=C(C(\C(=O)\C=1)=2)/O)/[O-])))=3)/O)		ARSRJFRKVXALTF-UHFFFAOYSA-M									PlantCyc/PMN local PGDB
CPD0-1107	CPD0-1107	beta-L-fucopyranose	164.0684734957					C6H12O5			plantcyc <https://plantcyc.org/>	beta-L-fucose	164.0684734957	C[C@@H]1(O[C@@H]([C@H]([C@@H]([C@@H]1O)O)O)O)		SHZGCJCMOBCMKK-KGJVWPDLSA-N									PlantCyc/PMN local PGDB
CPD-13088	CPD-13088	9,10-12,13-diepoxyoctadecanoate	312.2300595156					C18H31O4			plantcyc <https://plantcyc.org/>	9,10-12,13-diepoxyoctadecanoic acid	312.2300595156	CCCCCC2(OC(CC1(OC(CCCCCCCC(=O)[O-])1))2)		LAIUZQCFIABNDP-UHFFFAOYSA-M									PlantCyc/PMN local PGDB
OCTAPRENYL-METHOXY-BENZOQUINONE	OCTAPRENYL-METHOXY-BENZOQUINONE	2-methoxy-6-( all trans -octaprenyl)benzene-1,4-diol	684.5481461775					C47H72O3			plantcyc <https://plantcyc.org/>	2-octaprenyl-6-methoxy-benzene-1,4-diol // 2-octaprenyl-6-methoxyhydroquinone // 2-octaprenyl-6-methoxyquinol	684.5481461775	CC(C)=CCCC(\C)=C/CCC(\C)=C/CCC(\C)=C/CCC(\C)=C/CCC(\C)=C/CCC(\C)=C/CCC(\C)=C/CC1(\C(\O)=C(/C=C(\C=1)/O)\OC)		CZFRMASEEPTBAQ-MYCGWMCTSA-N									PlantCyc/PMN local PGDB
CPD-4621	CPD-4621	dihydrozeatin-9- N -glucoside- O -glucoside	545.2333069926					C22H35N5O11			plantcyc <https://plantcyc.org/>		545.2333069926	C[C@@H](CCNC1(\C2(\N=C/N(C(\N=C/N=1)=2)[C@@H]3([C@@H]([C@H]([C@@H]([C@H](O3)CO)O)O)O))))CO[C@@H]4([C@@H]([C@H]([C@@H]([C@H](O4)CO)O)O)O)		KDIRTCPHKDPWMQ-HOQAQFJJSA-N									PlantCyc/PMN local PGDB
CPD-653	CPD-653	( S )-NADHX	683.135336383					C21H29N7O15P2			plantcyc <https://plantcyc.org/>	(6 S )-6-beta-hydroxy-1,4,5,6-tetrahydronicotinamide-adenine dinucleotide	683.135336383	C1(/N([C@@H](O)CCC(/C(N)=O)=1)[C@@H]5(O[C@H](COP(OP(OC[C@H]4(O[C@@H](N2(C3(\C(\N=C/2)=C(N)/N=C\N=3)))[C@H](O)[C@H](O)4))(=O)[O-])(=O)[O-])[C@@H](O)[C@@H](O)5))		IDBZKGQRLBFUFQ-VPHRTNKSSA-L									PlantCyc/PMN local PGDB
CPD-1102	CPD-1102	1- O -(indol-3-ylacetyl)-beta-D-glucose	337.1161519698					C16H19NO7			plantcyc <https://plantcyc.org/>	1-O-indol-3-ylacetyl-beta-D-glucose	337.1161519698	C2(\NC3(/C=C\C=C/C(/C(\CC(=O)O[C@@H]1(O[C@H](CO)[C@@H](O)[C@H](O)[C@@H](O)1))=2)=3))		HHDMMUWDSFASNB-JZYAIQKZSA-N									PlantCyc/PMN local PGDB
CPD-9872	CPD-9872	5-methoxy-2-methyl-3-( all-trans -nonaprenyl)benzene-1,4-diol	766.6263964985					C53H82O3			plantcyc <https://plantcyc.org/>	2-nonaprenyl-3-methyl-6-methoxy-1,4-benzoquinol // 6-methoxy-3-methyl-2-nonaprenyl-1,4-benzoquinol // 2-methoxy-3-methyl-6-all-trans-nonaprenylhydroquinone // 6-methoxy-3-methyl-2-( all-trans -nonaprenyl)-1,4-benzoquinol	766.6263964985	CC(C)=CCCC(\C)=C/CCC(\C)=C/CCC(\C)=C/CCC(\C)=C/CCC(\C)=C/CCC(\C)=C/CCC(\C)=C/CCC(\C)=C/CC1(/C(\C)=C(/C=C(C(/O)=1)/OC)/O)		GLNRSJSLTUCXTP-IQSNHBBHSA-N									PlantCyc/PMN local PGDB
CPD-13255	CPD-13255	soyasaponin I	942.5188157016					C48H77O18			plantcyc <https://plantcyc.org/>		942.5188157016	C[C@H]8([C@H](O)[C@@H](O)[C@@H](O)[C@H](O[C@@H]7([C@@H](O)[C@@H](O)[C@@H](CO)O[C@@H](O[C@@H]6([C@@H](O)[C@H](O)[C@@H](C(=O)[O-])O[C@@H](O[C@H]4(CC[C@]3(C)([C@H]5(C\C=C2([C@@H]1(CC(C)(C)C[C@@H](O)[C@@](C)1CC[C@](C)2[C@](C)(CC[C@H]3[C@](CO)(C)4)5))))))6))7))O8)		PTDAHAWQAGSZDD-IOVCITQVSA-M									PlantCyc/PMN local PGDB
DMPBQ	DMPBQ	2,3-dimethyl-6-phytyl-1,4-benzoquinol	416.365430785					C28H48O2			plantcyc <https://plantcyc.org/>		416.365430785	CC(CCC[C@H](CCC[C@@H](C)CCCC(\C)=C/CC1(/C=C(C(/C)=C(C)/C(/O)=1)/O))C)C		SUFZKUBNOVDJRR-WGEODTKDSA-N									PlantCyc/PMN local PGDB
CPD-8662	CPD-8662	crocetin	328.1674592588					C20H22O4			plantcyc <https://plantcyc.org/>		328.1674592588	CC(/C=C/C=C(C)/C(=O)[O-])=C\C=C\C=C(C)\C=C\C=C(C)\C(=O)[O-]		PANKHBYNKQNAHN-MQQNZMFNSA-L									PlantCyc/PMN local PGDB
S-SCOULERINE	S-SCOULERINE	( S )-scoulerine	327.1470581677					C19H21NO4			plantcyc <https://plantcyc.org/>	(13aS)-3,10-dimethoxy-5,8,13,13a-tetrahydro-6H-isoquino[3,2-a]isoquinoline-2,9-diol // (-)-scoulerine // (13aS)-5,8,13,13a-tetrahydro-3,10-dimethoxy-6H-dibenzo[a,g]quinolizine-2,9-diol	327.1470581677	C1(N3([C@H](C2(\C=C(C(/OC)=C\C(/C1)=2)\O))CC4(\C=C/C(/OC)=C(C(/C3)=4)/O)))		KNWVMRVOBAFFMH-HNNXBMFYSA-N									PlantCyc/PMN local PGDB
CPD-16675	CPD-16675	ent -3beta-hydroxy-cassa-12,15-diene-11-one	302.2245802072					C20H30O2			plantcyc <https://plantcyc.org/>	(3alpha,14alpha)-3-hydroxy-14-methyl-13-vinylpodocarp-12-en-11-one // 3alpha-ol-11-oxo- ent -cassa-12,15-diene	302.2245802072	C=CC3([C@@H](C)C2([C@H]([C@@]1(CC[C@H](C(C)(C)[C@H]1CC2)O)(C))C(C=3)=O))		YIBIQGNVXNLHOE-ZIWUNDNJSA-N									PlantCyc/PMN local PGDB
CPD-27332	CPD-27332	4-(carboxyamino)butanoate	147.0531577825					C5H7NO4			plantcyc <https://plantcyc.org/>		147.0531577825	C(NC(=O)[O-])CCC(=O)[O-]		YFQWAQOGQLLCFA-UHFFFAOYSA-L									PlantCyc/PMN local PGDB
CPD-1302	CPD-1302	5-methyltetrahydropteroyl tri-L-glutamate	717.2718177639					C30H35N9O12			plantcyc <https://plantcyc.org/>	N 5 -methyl--H 4 PteGlu 3 // N 5 -methyltetrahydropteroyl tri-L-glutamate	717.2718177639	CN1([C@H](CNC2(/N=C(N)\NC(C\1=2)=O))CNC3(\C=C/C(/C(N[C@H](C(=O)[O-])CCC(N[C@H](C(=O)[O-])CCC(N[C@H](C(=O)[O-])CCC([O-])=O)=O)=O)=O)=C\C=3))		HVRNKDVLFAVCJF-VJANTYMQSA-J									PlantCyc/PMN local PGDB
CPD-15080	CPD-15080	2,5,7-trihydroxyflavanone	272.0684734957					C15H11O5			plantcyc <https://plantcyc.org/>	2-hydroxypinocembrin	272.0684734957	C3(\C=C/C(/C1(O)(OC2(\C(\C(=O)C1)=C(/C=C(/C=2)/[O-])\O)))=C\C=3)		KRSTWHCNVMDXQW-UHFFFAOYSA-M									PlantCyc/PMN local PGDB
4-ALPHA-METHYL-5-ALPHA	4-ALPHA-METHYL-5-ALPHA	4alpha-methyl-5alpha-cholest-7-en-3beta-ol	400.3705161629					C28H48O			plantcyc <https://plantcyc.org/>		400.3705161629	CC(C)CCC[C@H]([C@@H]4([C@]1(C)([C@H](C2([C@H](CC1)[C@]3(C)([C@@H](CC=2)[C@H](C)[C@@H](O)CC3)))CC4)))C		LMYZQUNLYGJIHI-SPONXPENSA-N									PlantCyc/PMN local PGDB
CPD-16767	CPD-16767	3beta-hydroxyparthenolide	264.1361591304					C15H20O4			plantcyc <https://plantcyc.org/>		264.1361591304	CC2(\CC[C@H]3(C(C(=O)O[C@H]([C@H]1(O[C@@](C)1[C@@H](O)C\C=2))3)=C))		BBXAUSVGMAQCDJ-ZYRNSQCUSA-N									PlantCyc/PMN local PGDB
CPD-13669	CPD-13669	11alpha,30-dihydroxy-beta-amyrin	458.3759954713					C30H50O3			plantcyc <https://plantcyc.org/>		458.3759954713	C[C@]1([C@H](CC[C@@]2(C5([C@@](CCC12)([C@]3(C(/C4([C@@](CC3)(CC[C@@](C4)(CO)C)C))=C/[C@@H](O)5)C)C))C)O)C		LOBOMSGBFMNHBJ-AQJOBQINSA-N									PlantCyc/PMN local PGDB
CPD-4822	CPD-4822	kanamycin B	483.2540424347					C18H42N5O10			plantcyc <https://plantcyc.org/>	nebramycin factor 5 // bekanamycin // kanamycin-B	483.2540424347	C([NH3+])[C@@H]1([C@@H](O)[C@H](O)[C@@H]([NH3+])[C@H](O1)O[C@@H]2([C@@H]([NH3+])C[C@H]([C@@H]([C@H]2O)O[C@H]3(O[C@H](CO)[C@@H](O)[C@H]([NH3+])[C@@H](O)3))[NH3+]))		SKKLOUVUUNMCJE-FQSMHNGLSA-S									PlantCyc/PMN local PGDB
CPD-12351	CPD-12351	16alpha,17-epoxy gibberellin A 4	348.157288503					C19H23O6			plantcyc <https://plantcyc.org/>	16alpha,17-epoxy GA 4	348.157288503	C[C@@]14(C(=O)O[C@]5(CC[C@H](O)1)([C@H]6(CC[C@@H]3(C[C@](CC2(OC2)3)([C@H]([C@H]45)C([O-])=O)6))))		OQDMPMCCAJSZHB-KJIHWFIGSA-M									PlantCyc/PMN local PGDB
IODOACETATE	IODOACETATE	iodoacetate	185.9177723405					C2H2O2I			plantcyc <https://plantcyc.org/>	2-iodoacetate // monoiodoacetate	185.9177723405	C(I)C(=O)[O-]		JDNTWHVOXJZDSN-UHFFFAOYSA-M									PlantCyc/PMN local PGDB
CPD-26279	CPD-26279	(2R)-tartronate semialdehyde	104.0109586168					C3H3O4			plantcyc <https://plantcyc.org/>	(2R)-2-hydroxy-3-oxopropanoate // D-tartronate semialdehyde	104.0109586168	C([C@H](C([O-])=O)O)=O		QWBAFPFNGRFSFB-UWTATZPHSA-M									PlantCyc/PMN local PGDB
CPD-12353	CPD-12353	16alpha, 17-epoxy gibberellin A 12	348.1936740093					C20H26O5			plantcyc <https://plantcyc.org/>	16alpha, 17-epoxy GA 12	348.1936740093	C[C@@]15(CCC[C@](C)([C@@H]([C@@H]([C@@]24(C[C@H](CC[C@@H]12)C3(OC3)C4))C([O-])=O)5)C([O-])=O)		HURSLIFUDKOZCY-RBRRFQSQSA-L									PlantCyc/PMN local PGDB
O-SUCCINYL-L-HOMOSERINE	O-SUCCINYL-L-HOMOSERINE	O -succinyl-L-homoserine	219.0742871551					C8H12NO6			plantcyc <https://plantcyc.org/>	O -succinyl-homoserine // O-succinyl-homoserine // succinyl-homoserine	219.0742871551	C(CC(=O)OCC[C@@H](C([O-])=O)[NH3+])C([O-])=O		GNISQJGXJIDKDJ-YFKPBYRVSA-M									PlantCyc/PMN local PGDB
DETHIOBIOTIN	DETHIOBIOTIN	dethiobiotin	214.1317424545					C10H17N2O3			plantcyc <https://plantcyc.org/>	desthiobiotin // DTB // D-desthiobiotin	214.1317424545	C[C@@H]1(NC(=O)N[C@@H]1CCCCCC(=O)[O-])		AUTOLBMXDDTRRT-JGVFFNPUSA-M									PlantCyc/PMN local PGDB
L-HISTIDINOL-P	L-HISTIDINOL-P	L-histidinol phosphate	221.0565423992					C6H11N3O4P			plantcyc <https://plantcyc.org/>	histidinol-P // L-histidinol-p // histidinol phosphate	221.0565423992	C1(\N\C=N/C(\C[C@@H](COP([O-])(=O)[O-])[NH3+])=1)		CWNDERHTHMWBSI-YFKPBYRVSA-M									PlantCyc/PMN local PGDB
DIMETHYLARSINOUS-ACID	DIMETHYLARSINOUS-ACID	dimethylarsinous acid	121.9712862468					C2H7OAS			plantcyc <https://plantcyc.org/>	dimethylarsonous acid // dimethylarsonite // DMA III // DMAs III	121.9712862468	C[As](C)O		VDEGQTCMQUFPFH-UHFFFAOYSA-N									PlantCyc/PMN local PGDB
CPD0-1248	CPD0-1248	D,L-alpha-methylphosphinothricin	195.066044453					C6H13NO4P			plantcyc <https://plantcyc.org/>	AMPPT	195.066044453	CC(C(=O)[O-])([NH3+])CCP([O-])(C)=O		BGDOUYCSLAVFRE-UHFFFAOYSA-M									PlantCyc/PMN local PGDB
CARBAMOYL-P	CARBAMOYL-P	carbamoyl phosphate	140.9827087541					CH2NO5P			plantcyc <https://plantcyc.org/>	carbamoyl-P // carbamyl-phosphate	140.9827087541	C(=O)(N)OP(=O)([O-])[O-]		FFQKYPRQEYGKAF-UHFFFAOYSA-L									PlantCyc/PMN local PGDB
CPD-12188	CPD-12188	bisdemethoxycurcumin	308.104859002					C19H16O4			plantcyc <https://plantcyc.org/>		308.104859002	C2(/C=C(\C=C/C(/C=C/C(/O)=C/C(=O)/C=C/C1(\C=C/C(/O)=C\C=1))=2)/O)		YXAKCQIIROBKOP-HSSGTREWSA-N									PlantCyc/PMN local PGDB
CPD-17644	CPD-17644	(9Z)-octadec-9-ene-1,18-diol	284.2715303998					C18H36O2			plantcyc <https://plantcyc.org/>		284.2715303998	C(O)CCCCCCC\C=C/CCCCCCCCO		XUSRQFSIUJWCKT-UPHRSURJSA-N									PlantCyc/PMN local PGDB
CPD-12366	CPD-12366	8-oxo-GTP	538.9855744011					C10H12N5O15P3			plantcyc <https://plantcyc.org/>	7,8-dihydro-8-oxoguanosine 5'-triphosphate	538.9855744011	C(OP(=O)([O-])OP(=O)([O-])OP(=O)([O-])[O-])[C@H]3(O[C@@H](N1(C2(\N=C(N)/NC(=O)C(NC(=O)1)=2)))[C@H](O)[C@H](O)3)		JCHLKIQZUXYLPW-UMMCILCDSA-J									PlantCyc/PMN local PGDB
L-ASPARTATE	L-ASPARTATE	L-aspartate	133.0375077183					C4H6NO4			plantcyc <https://plantcyc.org/>	L-aspartic acid // aspartic acid // D // aspartate // L-asp	133.0375077183	C(C(=O)[O-])[C@H]([NH3+])C(=O)[O-]		CKLJMWTZIZZHCS-REOHCLBHSA-M									PlantCyc/PMN local PGDB
CPD-13879	CPD-13879	parkeol	426.3861662271					C30H50O			plantcyc <https://plantcyc.org/>		426.3861662271	CC(C)=CCC[C@H]([C@@H]1([C@]4(C)([C@@](C)(CC1)[C@H]3(C(/[C@@]2([C@@H](C(C)(C)[C@@H](O)CC2)CC3)(C))=C\C4))))C		MLVSYGCURCOSKP-FXCPCPCLSA-N									PlantCyc/PMN local PGDB
MYRICETIN	MYRICETIN	myricetin	318.0375672978					C15H9O8			plantcyc <https://plantcyc.org/>	myricitin // cannabiscetin // myricetol	318.0375672978	C3(/C(/O)=C(C(/O)=C\C(\C1(\OC2(/C=C(/C=C(C(\C(=O)C(/[O-])=1)=2)/O)/O)))=3)/O)		IKMDFBPHZNJCSN-UHFFFAOYSA-M									PlantCyc/PMN local PGDB
CPD-7609	CPD-7609	sophoradiol	442.3810808492					C30H50O2			plantcyc <https://plantcyc.org/>		442.3810808492	C[C@@]4(CC5(C2(\[C@]([C@@]1(CCC3([C@]([C@H](CC[C@](C1C\C=2)3C)O)(C)C))C)(CC[C@@]([C@@H](C4)O)5C)C)))C		ZEGUWBQDYDXBNS-CVPOBCMLSA-N									PlantCyc/PMN local PGDB
FERULOYL-COA	FERULOYL-COA	feruloyl-CoA	943.1625524887					C31H40N7O19P3S			plantcyc <https://plantcyc.org/>	(E)-3-(4-hydroxy-3-methoxyphenyl)prop-2-enoyl-CoA // (E)-4-hydroxy-3-methoxycinnamoyl-CoA	943.1625524887	CC(C)(COP(OP([O-])(OC[C@@H]1([C@@H](OP([O-])([O-])=O)[C@@H](O)[C@@H](O1)N2(C3(\N=C/N=C(C(\N=C/2)=3)/N))))=O)([O-])=O)[C@@H](O)C(=O)NCCC(=O)NCCSC(=O)/C=C/C4(/C=C(C(/O)=C\C=4)/OC)		GBXZVJQQDAJGSO-NBXNMEGSSA-J									PlantCyc/PMN local PGDB
CPD-547	CPD-547	3-hydroxy-3-methylglutarate	162.0528234315					C6H8O5			plantcyc <https://plantcyc.org/>	meglutol // 3-hydroxy-3-methylglutarate // 3-hydroxy-3-methylglutaric acid // beta-hydroxy-beta-methylglutaric acid // dicrotalic acid // 3-hydroxy-3-methylpentanedioic acid // 3-hydroxy-3-methylpentanedioate	162.0528234315	CC(O)(CC([O-])=O)CC([O-])=O		NPOAOTPXWNWTSH-UHFFFAOYSA-L									PlantCyc/PMN local PGDB
CPD-8184	CPD-8184	chrysin	254.0579088094					C15H9O4			plantcyc <https://plantcyc.org/>	5,7-dihydroxyflavone	254.0579088094	C3(\C=C/C(/C1(/OC2(\C(\C(=O)\C=1)=C(/C=C(/C=2)/[O-])\O)))=C\C=3)		RTIXKCRFFJGDFG-UHFFFAOYSA-M									PlantCyc/PMN local PGDB
ALLYSINE	ALLYSINE	( S )-2-amino-6-oxohexanoate	145.0738932246					C6H11NO3			plantcyc <https://plantcyc.org/>	L-2-aminoadipate 6-semialdehyde // 2-aminoadipate 6-semialdehyde // alpha-aminoadipate 6-semialdehyde // 2-aminoadipate semialdehyde // L-allysine // ( S )-2-aminoadipate 6-semialdehyde // 2-aminoadipate-6-semialdehyde	145.0738932246	C(=O)CCC[C@H]([NH3+])C(=O)[O-]		GFXYTQPNNXGICT-YFKPBYRVSA-N									PlantCyc/PMN local PGDB
CPD-6203	CPD-6203	gibberellin A 38	362.1729385672					C20H25O6			plantcyc <https://plantcyc.org/>	GA38	362.1729385672	C=C1([C@@]3(O)(C[C@]4(C1)([C@H]([C@@H]5([C@]2(C(=O)OC[C@](CC[C@H](O)2)([C@@H](CC3)4)5)(C)))C([O-])=O)))		GAQSCLQIDHHPEE-BGACTFDASA-M									PlantCyc/PMN local PGDB
AICAR	AICAR	5-amino-1-(5-phospho-D-ribosyl)imidazole-4-carboxamide	338.0627499891					C9H13N4O8P			plantcyc <https://plantcyc.org/>	Z-nucleotide // AICA ribonucleotide // 5'-phosphoribosyl-5-amino-4-imidazole carboxamide // 5-amino-4-imidazolecarboxamide ribotide // 5'-P-ribosyl-5-amino-4-imidazole carboxamide // aminoimidazole carboxamide ribonucleotide // 5-aminoimidazole-4-carboxamide-1-beta-D-ribofuranosyl 5'-monophosphate // ZMP	338.0627499891	C(OP(=O)([O-])[O-])[C@H]2(O[C@@H](N1(C(/N)=C(C(=O)N)/N=C\1))[C@H](O)[C@H](O)2)		NOTGFIUVDGNKRI-UUOKFMHZSA-L									PlantCyc/PMN local PGDB
CPD-9451	CPD-9451	2-isopropylmaleate	158.0579088094					C7H8O4			plantcyc <https://plantcyc.org/>	beta-isopropylmaleate // 2-isopropylmaleic acid	158.0579088094	CC(C(\C(=O)[O-])=C\C(=O)[O-])C		NJMGRJLQRLFQQX-HYXAFXHYSA-L									PlantCyc/PMN local PGDB
CPD-9306	CPD-9306	thiosulfinate	162.0173063231					C6H10OS2			plantcyc <https://plantcyc.org/>	1-hydroxy-1,2-di[(1E)-1-propen-1-yl]disulfanium	162.0173063231	C/C=C/SS(/C=C/C)=O		GYJUUWJKEUIYPF-GGWOSOGESA-N									PlantCyc/PMN local PGDB
AMINO-OH-HYDROXYMETHYL-DIHYDROPTERIDINE	AMINO-OH-HYDROXYMETHYL-DIHYDROPTERIDINE	6-(hydroxymethyl)-7,8-dihydropterin	195.0756245591					C7H9N5O2			plantcyc <https://plantcyc.org/>	2-amino-6-(hydroxymethyl)-7,8-dihydropteridin-4(3H)-one // 2-amino-6-(hydroxymethyl)-7,8-dihydropteridin-4-one	195.0756245591	C(O)C1(\CNC2(/N=C(N)\NC(=O)C(/N=1)=2))		CQQNNQTXUGLUEV-UHFFFAOYSA-N									PlantCyc/PMN local PGDB
CPD-16614	CPD-16614	oryzalexin C	300.208930143					C20H28O2			plantcyc <https://plantcyc.org/>		300.208930143	C=C[C@@]3(CC[C@H]2([C@@]1(CCC(C(C)(C)[C@H]1CC(=O)C/2=C/3)=O)C))C		IOCKHKBAJGJHFL-FCNFAXOHSA-N									PlantCyc/PMN local PGDB
CPD0-1112	CPD0-1112	beta-L-rhamnopyranose	164.0684734957					C6H12O5			plantcyc <https://plantcyc.org/>	beta-L-rhamnose	164.0684734957	C[C@@H]1(O[C@@H]([C@@H]([C@@H]([C@H]1O)O)O)O)		SHZGCJCMOBCMKK-YJRYQGEOSA-N									PlantCyc/PMN local PGDB
CPD-7700	CPD-7700	cyanidin 3- O -(3'',6''- O -dimalonyl-beta-glucopyranoside)	621.1091743782					C27H21O17			plantcyc <https://plantcyc.org/>		621.1091743782	C(OC(=O)CC([O-])=O)[C@@H]1([C@@H](O)[C@H](OC(=O)CC(=O)[O-])[C@@H](O)[C@@H](O1)OC3(\C(C2(\C=C(C(/O)=C\C=2)\O))=[O+]C4(\C(/C=3)=C(/C=C(/C=4)/[O-])\[O-])))		CXGHPQSURHQOBH-MQWSOPDOSA-K									PlantCyc/PMN local PGDB
CPD0-2472	CPD0-2472	( R )-NADHX	683.135336383					C21H29N7O15P2			plantcyc <https://plantcyc.org/>	(6 R )-6-beta-hydroxy-1,4,5,6-tetrahydronicotinamide-adenine dinucleotide	683.135336383	C1(/N([C@H](O)CCC(/C(N)=O)=1)[C@@H]5(O[C@H](COP(OP(OC[C@H]4(O[C@@H](N2(C3(\C(\N=C/2)=C(N)/N=C\N=3)))[C@H](O)[C@H](O)4))(=O)[O-])(=O)[O-])[C@@H](O)[C@@H](O)5))		IDBZKGQRLBFUFQ-MTKBYBFRSA-L									PlantCyc/PMN local PGDB
CPD-26609	CPD-26609	(1R,5S,6S)-2-succinyl-5-enolpyruvyl-6-hydroxycyclohex-2-ene-1-carboxylate	328.0794321125					C14H13O9			plantcyc <https://plantcyc.org/>		328.0794321125	C=C(C(=O)[O-])O[C@H]1(C/C=C([C@H]([C@H](O)1)C(=O)[O-])/C(=O)CCC(=O)[O-])		JKJGLRGLOMRXFN-MVWJERBFSA-K									PlantCyc/PMN local PGDB
TAXA-42011-DIEN-5-ALPHA-YL-ACETATE	TAXA-42011-DIEN-5-ALPHA-YL-ACETATE	taxa-4(20),11-dien-5-alpha-yl acetate	330.2558803356					C22H34O2			plantcyc <https://plantcyc.org/>		330.2558803356	CC2(\CC[C@H]1(C[C@H]3([C@](C)(CCC(\[C@](C)(C)1)=2)CC[C@H](OC(=O)C)C3=C)))		APIZAZFFQBVSJA-ZJDLJICXSA-N									PlantCyc/PMN local PGDB
PICOLINATE	PICOLINATE	picolinate	123.0320284099					C6H4NO2			plantcyc <https://plantcyc.org/>	2-pyridinecarboxylate // picolinic acid // 2-pyridine carboxylic acid // 2-picolinate // 2-picolinic acid	123.0320284099	C1(\N=C(\C=C/C=1)\C([O-])=O)		SIOXPEMLGUPBBT-UHFFFAOYSA-M									PlantCyc/PMN local PGDB
OCTAPRENYL-DIPHOSPHATE	OCTAPRENYL-DIPHOSPHATE	all- trans -octaprenyl diphosphate	722.4440275575					C40H65O7P2			plantcyc <https://plantcyc.org/>	farnesylfarnesylgeranyl-PP // octaprenyl pyrophosphate // OPP // farnesylfarnesylgeraniol // octaprenyl diphosphate	722.4440275575	CC(C)=CCCC(\C)=C/CCC(\C)=C/CCC(\C)=C/CCC(\C)=C/CCC(\C)=C/CCC(\C)=C/CCC(\C)=C/COP(=O)([O-])OP(=O)([O-])[O-]		IKKLDISSULFFQO-DJMILUHSSA-K									PlantCyc/PMN local PGDB
CPD-416	CPD-416	4-O-feruloyl-D-quinate	368.1107322409					C17H19O9			plantcyc <https://plantcyc.org/>	4-O-feruloyl-D-quinic acid	368.1107322409	COC1(\C(\O)=C/C=C(/C=1)/C=C/C(O[C@@H]2([C@@H](C[C@@](C([O-])=O)(CC2O)O)O))=O)		VTMFDSJJVNQXLT-AARZOWLDSA-M									PlantCyc/PMN local PGDB
N1-ACETYLSPERMINE	N1-ACETYLSPERMINE	N 1 -acetylspermine	244.2263115417					C12H31N4O			plantcyc <https://plantcyc.org/>		244.2263115417	CC(=O)NCCC[NH2+]CCCC[NH2+]CCC[NH3+]		GUNURVWAJRRUAV-UHFFFAOYSA-Q									PlantCyc/PMN local PGDB
CPD-24959	CPD-24959	beta-L-ribulofuranose	150.0528234315					C5H10O5			plantcyc <https://plantcyc.org/>		150.0528234315	C(O)[C@@]1(O)([C@@H](O)[C@@H](O)CO1)		LQXVFWRQNMEDEE-YUPRTTJUSA-N									PlantCyc/PMN local PGDB
CPD-8092	CPD-8092	phosphatidylcholine (1-18:1-2-18:3)	783.5778051242					C44H80NO8P			plantcyc <https://plantcyc.org/>	1-oleoyl-2-alpha-linolenoyl-phosphatidylcholine // 18:1-18:3-PC // 1-(9Z-octadecenoyl)-2-(9Z,12Z,15Z-octadecatrienoyl)-sn-glycero-3-phosphocholine // 1-18:1-2-18:3-phosphatidylcholine	783.5778051242	CCCCCCCC\C=C/CCCCCCCC(OC[C@@H](OC(=O)CCCCCCC\C=C/C\C=C/C\C=C/CC)COP([O-])(=O)OCC[N+](C)(C)C)=O		FVQGNFUBHWGFCY-HJOYQDMMSA-N									PlantCyc/PMN local PGDB
CPD-632	CPD-632	gibberellin A 34 -catabolite	346.1416384388					C19H20O6			plantcyc <https://plantcyc.org/>	GA34-catabolite	346.1416384388	C=C1([C@H]2(C[C@]3(C1)([C@H]([C@@H]4([C@@](C(=O)[O-])(C)[C@@H](O)C(=O)C=C([C@@H](CC2)3)4))C([O-])=O)))		ZHUFJGRQVHLFRM-ONBGMUNTSA-L									PlantCyc/PMN local PGDB
TAXA-42011-DIEN-5A-OL	TAXA-42011-DIEN-5A-OL	taxa-4(20),11-dien-5alpha-ol	288.2453156493					C20H32O			plantcyc <https://plantcyc.org/>		288.2453156493	CC2(\CC[C@H]1(C[C@H]3([C@](C)(CCC(\C(C)(C)1)=2)CC[C@H](O)C3=C)))		QHDGSWAXTYWVOP-ZNWBIBPKSA-N									PlantCyc/PMN local PGDB
HYALURONATE	HYALURONATE	beta- N -acetyl-D-glucosaminyl-(1->4)-beta-D-glucuronate	397.1220252087					C14H22NO12			plantcyc <https://plantcyc.org/>		397.1220252087	CC(=O)N[C@@H]2([C@@H](O)[C@H](O)[C@@H](CO)O[C@@H](O[C@H]1([C@H](O)[C@@H](O)[C@H](O)O[C@H](C(=O)[O-])1))2)		LJKKEBYAXYCTNF-GIXQJHCPSA-M									PlantCyc/PMN local PGDB
L-GAMMA-GLUTAMYLCYSTEINE	L-GAMMA-GLUTAMYLCYSTEINE	gamma-L-glutamyl-L-cysteine	250.0623422603					C8H13N2O5S			plantcyc <https://plantcyc.org/>	gamma-glutamylcysteine // gamma-L-glutamylcysteine // gamma-Glu-Cys	250.0623422603	C(S)[C@@H](C([O-])=O)NC(=O)CC[C@H]([NH3+])C([O-])=O		RITKHVBHSGLULN-WHFBIAKZSA-M									PlantCyc/PMN local PGDB
2-PHOSPHO-4-CYTIDINE-5-DIPHOSPHO-2-C-MET	2-PHOSPHO-4-CYTIDINE-5-DIPHOSPHO-2-C-MET	2-phospho-4-(cytidine 5'-diphospho)-2-C-methyl-D-erythritol	601.0475059559					C14H22N3O17P3			plantcyc <https://plantcyc.org/>	CDP-ME-2P // CDP-methyl-D-erylthritol 2-phosphate // 4-diphosphocytidyl-2C-methyl-D-erythritol 2-phosphate // 4-diphosphocytidyl-2-C-methylerythritol 2-phosphate	601.0475059559	C[C@](OP([O-])([O-])=O)(CO)[C@H](O)COP(OP(OC[C@@H]2([C@H]([C@H]([C@H](N1(\C=C/C(/N)=N\C1=O))O2)O)O))(=O)[O-])([O-])=O		HTJXTKBIUVFUAR-XHIBXCGHSA-J									PlantCyc/PMN local PGDB
CPD-26988	CPD-26988	astragaloside V	946.5137303237					C47H78O19			plantcyc <https://plantcyc.org/>	3- O -[beta-D-glucopyranosyl-(1->2)]-beta-D-xylopyranosyl-25- O -beta-D-glucopyranosylcycloastragenol	946.5137303237	CC3([C@H]5([C@@]9(CC[C@H](O[C@H]2([C@H](O[C@H]1([C@H](O)[C@@H](O)[C@H](O)[C@@H](CO)O1))[C@@H](O)[C@H](O)CO2))3)(C[C@]4(CC[C@]8([C@](C)([C@@H]4C[C@H](O)5)C[C@@H]([C@@H]([C@]6(CC[C@H](O6)C(C)(O[C@H]7([C@H](O)[C@@H](O)[C@H](O)[C@@H](CO)O7))C)C)8)O)C)9)))C		MZILQGNQYYOFEZ-CYMQOIIDSA-N									PlantCyc/PMN local PGDB
SINEFUNGIN	SINEFUNGIN	sinefungin	381.1760668852					C15H24N7O5			plantcyc <https://plantcyc.org/>		381.1760668852	C3(\N=C1(C(/N=C\N1C2([C@@H]([C@@H]([C@H](O2)C[C@H](CC[C@@H](C(=O)[O-])[NH3+])[NH3+])O)O))=C(N)\N=3))		LMXOHSDXUQEUSF-PWAUXLQOSA-O									PlantCyc/PMN local PGDB
CPD-6121	CPD-6121	N -(3-aminopropyl)-4-aminobutanal	144.1262631461					C7H18N2O			plantcyc <https://plantcyc.org/>	N (3-aminopropyl)-4-aminobutyraldehyde // 4-(3-aminopropylamino)butyraldehyde	144.1262631461	C(CC[NH3+])[NH2+]CCCC=O		JNZUMEMWAPJNLC-UHFFFAOYSA-P									PlantCyc/PMN local PGDB
CPD-535	CPD-535	beta-D-fructose 2,6-bisphosphate	339.9960489346					C6H10O12P2			plantcyc <https://plantcyc.org/>	fru 2,6-P 2 // fructose 2,6-diphosphate	339.9960489346	C([C@H]1(O[C@@]([C@H]([C@@H]1O)O)(CO)OP([O-])([O-])=O))OP(=O)([O-])[O-]		YXWOAJXNVLXPMU-ZXXMMSQZSA-J									PlantCyc/PMN local PGDB
CPD-12826	CPD-12826	folate	441.1396813789					C19H17N7O6			plantcyc <https://plantcyc.org/>	folic acid	441.1396813789	C(NC1(\C=C/C(/C(=O)N[C@H](C(=O)[O-])CCC([O-])=O)=C\C=1))C2(\C=N/C3(\N=C(N)/NC(=O)C(\N=2)=3))		OVBPIULPVIDEAO-LBPRGKRZSA-L									PlantCyc/PMN local PGDB
CPD-16357	CPD-16357	N -(hexacosanoyl)-phytosphingosine	695.6791603505					C44H89NO4			plantcyc <https://plantcyc.org/>	cer2_26 // ceramide-2 (phytosphingosine:N-C26:0) // N -(hexacosanoyl)-4-hydroxysphinganine // ceramide B (C26) // ceramide-2 (C26) // ceramide N(C26:0)P(C:18:0)	695.6791603505	CCCCCCCCCCCCCCCCCCCCCCCCCC(=O)N[C@@H](CO)[C@@H]([C@H](O)CCCCCCCCCCCCCC)O		GKRXVCWVXYHWOD-KZRDWULCSA-N									PlantCyc/PMN local PGDB
CPD-11423	CPD-11423	plaunotol	306.2558803356					C20H34O2			plantcyc <https://plantcyc.org/>	18-hydroxygeranylgeraniol	306.2558803356	CC(C)=CCCC(\C)=C/CCC(\CO)=C\CCC(\C)=C/CO		SUWYPNNPLSRNPS-UNTSEYQFSA-N									PlantCyc/PMN local PGDB
CPD-23570	CPD-23570	thioplatensimycin	457.1559082945					C24H27NO6S			plantcyc <https://plantcyc.org/>		457.1559082945	C[C@]3(C(=O)\C=C/[C@@]24(C[C@@H]1([C@@](C)(O[C@@H](C1)[C@H]23)C4)))(CCC(=O)NC5(/C(/O)=C(\C=C/C(/O)=5)/C(S)=O))		ZQYLQHFOXSDSHJ-OFBLZTNGSA-N									PlantCyc/PMN local PGDB
CPD-13610	CPD-13610	C 20 3-dehydrosphinganine	327.3137295655					C20H42NO2			plantcyc <https://plantcyc.org/>	3-dehydro-D-sphinganine (C20) // KDHS (C20) // 3-ketodihydrosphinganine (C20) // 3-dehydroeicosasphinganine // 3-dehydroeicosadihydrosphingosine // 3-eicosanone, 2-amino-1-hydroxy- // 2-amino-1-hydroxyicosan-3-one // 3-dehydrosphinganine (C20) // 3-dehydroicosasphinganine	327.3137295655	CCCCCCCCCCCCCCCCCC(=O)[C@@H]([NH3+])CO		FVOLNXKBISLPQY-IBGZPJMESA-O									PlantCyc/PMN local PGDB
CPD-7386	CPD-7386	cyanidin 5- O -beta-D-glucoside	449.1083865172					C21H19O11			plantcyc <https://plantcyc.org/>		449.1083865172	C(O)[C@@H]1([C@@H](O)[C@H](O)[C@@H](O)[C@@H](O1)OC3(\C4(/C=C(C(C2(\C=C(C(/O)=C\C=2)\O))=[O+]C(\C=C(/C=3)\[O-])=4)/[O-])))		PWORRIQTGXEXBH-GQUPQBGVSA-M									PlantCyc/PMN local PGDB
CPD-14282	CPD-14282	trans -lignocer-2-enoyl-CoA	1115.4544244001					C45H76N7O17P3S			plantcyc <https://plantcyc.org/>	trans -2,3-dihydro-lignocerenoyl-CoA // (2 E )-lignocerenoyl-CoA	1115.4544244001	CCCCCCCCCCCCCCCCCCCCC/C=C/C(=O)SCCNC(=O)CCNC([C@H](O)C(C)(C)COP([O-])(=O)OP([O-])(=O)OC[C@@H]1([C@@H](OP(=O)([O-])[O-])[C@@H](O)[C@@H](O1)N2(\C=N/C3(C(/N)=N\C=N/C2=3))))=O		UVJKZCSQLMWPMV-LQJAWXTISA-J									PlantCyc/PMN local PGDB
CPD-24362	CPD-24362	dimethylarsinic acid	137.9662008689					C2H7O2AS			plantcyc <https://plantcyc.org/>	DMA V // DMA(V) // cacodylic acid	137.9662008689	C[As](C)(=O)O		OGGXGZAMXPVRFZ-UHFFFAOYSA-N									PlantCyc/PMN local PGDB
7-O-PHOSPHOHYGROMYCIN-B	7-O-PHOSPHOHYGROMYCIN-B	7''-O-phosphohygromycin B	607.198968699					C20H39N3O16P			plantcyc <https://plantcyc.org/>		607.198968699	C(OP(=O)([O-])[O-])[C@@H]([NH3+])[C@H]1(OC2([C@H](O)[C@@H](O)[C@@H](O)1)(O[C@@H]3([C@@H](O[C@H](CO)[C@H](O)[C@H](O2)3)O[C@@H]4([C@@H](O)[C@H]([NH3+])C[C@H]([NH2+]C)[C@@H](O)4))))		DDJWTKQJOKVHBW-GNNWKVJVSA-O									PlantCyc/PMN local PGDB
CPD-4142	CPD-4142	&Delta; 24-25 -sitosterol	412.3705161629					C29H48O			plantcyc <https://plantcyc.org/>		412.3705161629	CCC(CC[C@@H](C)[C@H]3(CC[C@H]4([C@@H]2(C\C=C1(C[C@@H](O)CC[C@@](C)1[C@H]2CC[C@](C)34)))))=C(C)C		YYLFLRIUDMIWTD-VEVYEIKRSA-N									PlantCyc/PMN local PGDB
CPD-650	CPD-650	(3 R )-hydroxybutanoyl-CoA	853.1519878024					C25H38N7O18P3S			plantcyc <https://plantcyc.org/>	(3R)-3-hydroxybutanoyl-CoA // 3-OH-butyryl-CoA // OH-butyryl-CoA // beta-hydroxybutyryl- S -CoA // D-3-hydroxybutyryl-CoA // hydroxy-butyryl-CoA // beta-hydroxybutyryl-CoA // 3-hydroxybutyryl-CoA // (3R)-3-Hydroxybutanoyl-CoA // 3-hydroxybutanoyl-CoA	853.1519878024	C[C@H](CC(SCCNC(=O)CCNC(=O)[C@H](O)C(C)(C)COP(=O)(OP(=O)(OC[C@@H]1([C@@H](OP([O-])(=O)[O-])[C@@H](O)[C@@H](O1)N2(C3(\N=C/N=C(C(\N=C/2)=3)/N))))[O-])[O-])=O)O		QHHKKMYHDBRONY-WZZMXTMRSA-J									PlantCyc/PMN local PGDB
CPD-16561	CPD-16561	violdelphin	1175.3091155569					C53H58O30			plantcyc <https://plantcyc.org/>	delphinidin 3- O -rutinoside-7- O -(6- O -(4- O -(6- O -(p-hydroxybenzoyl)-glucosyl)-oxybenzoyl)-glucoside)	1175.3091155569	C[C@H]1([C@H](O)[C@@H](O)[C@@H](O)[C@@H](O1)OC[C@@H]9([C@@H](O)[C@H](O)[C@@H](O)[C@H](OC3(\C(C2(\C=C(C(\O)=C(/C=2)\O)\O))=[O+]C4(\C(/C=3)=C(/C=C(/C=4)/O[C@@H]8(O[C@H](COC(=O)C7(\C=C/C(/O[C@@H]6(O[C@H](COC(=O)C5(\C=C/C(/O)=C\C=5))[C@@H](O)[C@H](O)[C@@H](O)6))=C\C=7))[C@@H](O)[C@H](O)[C@@H](O)8))\[O-])))O9))		YODABPUZPVYDEF-CIBWSIAMSA-N									PlantCyc/PMN local PGDB
CPD-12728	CPD-12728	wogonin 7-O-beta-D-glucuronate	460.1005614851					C22H19O11			plantcyc <https://plantcyc.org/>	oroxindin // wogonin-7-O-beta-D-glucuronide // 5,7-dihydroxy-8-methoxyflavone 7-O-beta-D-glucuronate	460.1005614851	COC3(/C4(/OC(/C1(\C=C/C=C\C=1))=C/C(=O)C(/C(/O)=C\C(\O[C@@H]2(O[C@H](C([O-])=O)[C@@H](O)[C@H](O)[C@@H](O)2))=3)=4))		LNOHXHDWGCMVCO-NTKSAMNMSA-M									PlantCyc/PMN local PGDB
QUINOLINATE	QUINOLINATE	quinolinate	167.0218576541					C7H3NO4			plantcyc <https://plantcyc.org/>	2,3-pyridinedicarboxylic acid // 2,3-pyridinedicarboxylate // quinolinic acid // pyridine-2,3-dicarboxylic acid // pyridine-2,3-dicarboxylate	167.0218576541	C1(\N=C(C(/C([O-])=O)=C\C=1)\C([O-])=O)		GJAWHXHKYYXBSV-UHFFFAOYSA-L									PlantCyc/PMN local PGDB
CPD-15436	CPD-15436	(5Z)-tetradecenoyl-CoA	975.2979237581					C35H56N7O17P3S			plantcyc <https://plantcyc.org/>	cis -tetradec-5-enoyl-CoA // 14:1 cis -5 // 14:1(n-9) // (5Z)-tetradec-5-enoyl-CoA	975.2979237581	CCCCCCCC\C=C/CCCC(SCCNC(=O)CCNC(=O)[C@H](O)C(C)(C)COP(=O)(OP(=O)(OC[C@@H]1([C@@H](OP([O-])(=O)[O-])[C@@H](O)[C@@H](O1)N2(C3(\N=C/N=C(C(\N=C/2)=3)/N))))[O-])[O-])=O		MRVDZOHJMLTLHJ-STFCKWFXSA-J									PlantCyc/PMN local PGDB
CPD-16599	CPD-16599	avenacin A-2	1064.5192096321					C54H80O21			plantcyc <https://plantcyc.org/>		1064.5192096321	C[C@]2(C=O)([C@@H](OC(=O)C1(\C=C/C=C\C=1))C[C@@]4(C)([C@@H](C2)[C@@]35(O[C@@H]3C[C@H]6([C@](C)([C@](C)(C[C@H](O)4)5)CC[C@@H]%10([C@@](C)6CC[C@H](O[C@@H]9(OC[C@H](O[C@@H]7(O[C@H](CO)[C@@H](O)[C@H](O)[C@@H](O)7))[C@H](O)[C@@H](O[C@@H]8(O[C@H](CO)[C@@H](O)[C@H](O)[C@@H](O)8))9))[C@](CO)(C)%10)))))		WFOVENUXZAPSIJ-TZLKGKMXSA-N									PlantCyc/PMN local PGDB
CPD-696	CPD-696	24-methylenecycloartanol	440.4018162913					C31H52O			plantcyc <https://plantcyc.org/>	24(28)-methylenecycloartanol	440.4018162913	CC(C)C(CC[C@@H](C)[C@H]3(CC[C@@]4(C)([C@@H]1(CC[C@H]5(C(C)(C)[C@@H](O)CC[C@@]2(C[C@@]12CC[C@](C)34)5)))))=C		BDHQMRXFDYJGII-UEBIAWITSA-N									PlantCyc/PMN local PGDB
CPD-27539	CPD-27539	CMP- N -acetyl--9- O -acetyl-beta-neuraminate	656.1578321658					C22H31N4O17P			plantcyc <https://plantcyc.org/>	CMP-Neu5,9Ac2	656.1578321658	CC(=O)N[C@@H]3([C@H](C[C@](C([O-])=O)(OP(=O)([O-])OC[C@@H]2([C@H]([C@H]([C@H](N1(\C=C/C(/N)=N\C1=O))O2)O)O))O[C@H]3[C@H](O)[C@H](O)COC(=O)C)O)		ZMMQGPOJIJZZEV-BFFRMRRTSA-L									PlantCyc/PMN local PGDB
CPD-24935	CPD-24935	alpha-D-ribulofuranose	150.0528234315					C5H10O5			plantcyc <https://plantcyc.org/>		150.0528234315	C(O)[C@@]1(O)([C@H](O)[C@H](O)CO1)		LQXVFWRQNMEDEE-WDCZJNDASA-N									PlantCyc/PMN local PGDB
CPD-8621	CPD-8621	zymostenol	386.3548660987					C27H46O			plantcyc <https://plantcyc.org/>	5alpha-cholesta-8-en-3beta-ol // cholestenol // cholest-8-en-3-ol	386.3548660987	CC(C)CCC[C@H]([C@@H]4([C@]1(C)([C@H](C2(\CC[C@@H]3([C@@](C)(C(\CC1)=2)CC[C@H](O)C3)))CC4)))C		QETLKNDKQOXZRP-XTGBIJOFSA-N									PlantCyc/PMN local PGDB
CPD-13914	CPD-13914	cyclic-2,3- O -oxalyl-L-threonate	190.0113525473					C6H5O7			plantcyc <https://plantcyc.org/>	2,3-cyclic oxalyl theronolactone	190.0113525473	C(O)C1(OC(=O)C(=O)OC(C(=O)[O-])1)		NKBSFRFTBUHMJF-UHFFFAOYSA-M									PlantCyc/PMN local PGDB
CPD-26897	CPD-26897	4alpha,10beta-dihydroxy-5beta,20-epoxytax-11-en-9-one	334.2144094514					C20H30O4			plantcyc <https://plantcyc.org/>		334.2144094514	CC2(/CC[C@H]1(C[C@H]3([C@](C)(C(=O)[C@H](O)C(\C(C)(C)1)=2)CC[C@H]4(OC[C@@](O)34))))		RPSSQMRERURKIE-KWOYEAFWSA-N									PlantCyc/PMN local PGDB
2-hydroxy-4-1H-quinolone	2-hydroxy-4-1H-quinolone	2-hydroxy-4(1 H )-quinolone	161.0476784741					C9H7NO2			plantcyc <https://plantcyc.org/>		161.0476784741	C1(\C=C/C2(/NC(/O)=C\C(=O)C(/C=1)=2))		HDHQZCHIXUUSMK-UHFFFAOYSA-N									PlantCyc/PMN local PGDB
ANTHRANILATE	ANTHRANILATE	anthranilate	137.0476784741					C7H6NO2			plantcyc <https://plantcyc.org/>	anthranilic acid // 2-aminobenzoic acid // vitamin L1 // o -aminobenzoic acid // 2-aminobenzoate // o -aminobenzoate	137.0476784741	C(C1(\C(\N)=C/C=C\C=1))(=O)[O-]		RWZYAGGXGHYGMB-UHFFFAOYSA-M									PlantCyc/PMN local PGDB
ISOBUTYRATE	ISOBUTYRATE	isobutanoate	88.052429501					C4H7O2			plantcyc <https://plantcyc.org/>	2-methylpropionic acid // 2-methylpropanoic acid // isobutyric acid // isobutyrate // dimethylacetic acid // 2-methylpropanoate	88.052429501	CC(C)C([O-])=O		KQNPFQTWMSNSAP-UHFFFAOYSA-M									PlantCyc/PMN local PGDB
CPD-23525	CPD-23525	( S -methyl-L-cysteinyl)adenylate	464.0879188821					C14H21N6O8PS			plantcyc <https://plantcyc.org/>	S -methyl-L-cysteine-AMP // S -methyl-L-cysteinyl-adenylate	464.0879188821	CSC[C@@H](C(=O)OP(OC[C@H]3(O[C@@H](N1(C2(\C(\N=C/1)=C(N)/N=C\N=2)))[C@H](O)[C@H](O)3))(=O)[O-])[NH3+]		ALCSVKVDCXLCDP-WFMPWKQPSA-N									PlantCyc/PMN local PGDB
CPD-6992	CPD-6992	(+)-pinobanksin	272.0684734957					C15H11O5			plantcyc <https://plantcyc.org/>	(2R,3R)-pinobanksin	272.0684734957	C3(\C=C/C(/[C@H]1(OC2(\C(\C([C@@H]1O)=O)=C(/C=C(/C=2)/[O-])\O)))=C\C=3)		SUYJZKRQHBQNCA-LSDHHAIUSA-M									PlantCyc/PMN local PGDB
CPD-10453	CPD-10453	4-nitroso-2,6-dinitrotoluene	215.054220415					C7H5N3O5			plantcyc <https://plantcyc.org/>		215.054220415	CC1(/C(/[N+](=O)[O-])=C\C(\N=O)=C/C(/[N+]([O-])=O)=1)		CNEZUBNNRCSZMT-UHFFFAOYSA-N									PlantCyc/PMN local PGDB
CPD-19776	CPD-19776	hydroxyferroheme i	872.3811424015					C49H56N4O7FE			plantcyc <https://plantcyc.org/>		872.3811424015	C=CC4(\C6(/C=C8(C(/C)=C(CCC(=O)[O-])/C1(/N([Fe-2]35([N+]2(\C(/C(/C(O)O)=C(CCC(=O)[O-])\C(/C=1)=2)=C/C7(/N3C(\C=C(C(/C)=4)/[N+]\5=6)=C(C(/C)=7)/[C@@H](O)CC/C=C(C)/CC/C=C(C)/CCC=C(C)C))))8))))		WLGRCQGURUMQMH-JEZRNDINSA-J									PlantCyc/PMN local PGDB
CPD-13696	CPD-13696	3-oxochol-4-en-24-oyl-CoA	1121.3710887012					C45H66N7O18P3S			plantcyc <https://plantcyc.org/>		1121.3710887012	C[C@H](CCC(=O)SCCNC(=O)CCNC(=O)[C@H](O)C(C)(C)COP(=O)(OP(=O)(OC[C@@H]1([C@@H](OP([O-])(=O)[O-])[C@@H](O)[C@@H](O1)N2(C3(\N=C/N=C(C(\N=C/2)=3)/N))))[O-])[O-])[C@H]6(CC[C@H]7([C@@H]5(CCC4(\[C@@](CCC(=O)\C=4)(C)[C@H]5CC[C@](C)67))))		VVQGMUPGBRZRFY-ABDXREKHSA-J									PlantCyc/PMN local PGDB
CPD-9864	CPD-9864	4-hydroxy-3-decaprenylbenzoate	818.6576966269					C57H85O3			plantcyc <https://plantcyc.org/>	3-decaprenyl-4-hydroxybenzoate	818.6576966269	CC(C)=CCCC(\C)=C/CCC(\C)=C/CCC(\C)=C/CCC(\C)=C/CCC(\C)=C/CCC(\C)=C/CCC(\C)=C/CCC(\C)=C/CCC(\C)=C/CC1(/C=C(\C=C/C(/O)=1)/C(=O)[O-])		CMPNJZREBHCPHN-LTNIBBDRSA-M									PlantCyc/PMN local PGDB
CPD-8678	CPD-8678	9( S )-HpOTre	310.2144094514					C18H29O4			plantcyc <https://plantcyc.org/>	9(S)-hydroperoxy-10(E),12(Z),15(Z)-octadecatrienoic acid // 9(S)-hydroperoxy-10(E),12(Z),15(Z)-octadecatrienoate // 9( S )-HPOTE	310.2144094514	CC\C=C/C\C=C/C=C/[C@H](CCCCCCCC([O-])=O)OO		RWKJTIHNYSIIHW-MEBVTJQTSA-M									PlantCyc/PMN local PGDB
4-hydroxy-2-1H-quinolone	4-hydroxy-2-1H-quinolone	4-hydroxyquinolin-2(1 H )-one	161.0476784741					C9H7NO2			plantcyc <https://plantcyc.org/>	DHQ // 4-hydroxy-2-quinolone // 4-hydroxy-2(1 H )-quinolone	161.0476784741	C1(\C=C/C2(/NC(=O)/C=C(C(/C=1)=2)/O))		HDHQZCHIXUUSMK-UHFFFAOYSA-N									PlantCyc/PMN local PGDB
CPD-9857	CPD-9857	2-methoxy-6-( all-trans -heptaprenyl)phenol	600.4906312986					C42H64O2			plantcyc <https://plantcyc.org/>		600.4906312986	CC(C)=CCCC(\C)=C/CCC(\C)=C/CCC(\C)=C/CCC(\C)=C/CCC(\C)=C/CCC(\C)=C/CC1(\C(\O)=C(\C=C/C=1)\OC)		YWVPPRXIDDCHCQ-CUHBLUQCSA-N									PlantCyc/PMN local PGDB
CPD-8179	CPD-8179	2,4-dinitrophenol	188.0433213777					C6H3N2O5			plantcyc <https://plantcyc.org/>	1-hydroxy-2,4-dinitrobenzene // 2,4-DNP // alpha-dinitrophenol	188.0433213777	C1(\C(\[N+](=O)[O-])=C/C(/[N+](=O)[O-])=C(\C=1)/[O-])		UFBJCMHMOXMLKC-UHFFFAOYSA-M									PlantCyc/PMN local PGDB
D-6-P-GLUCONO-DELTA-LACTONE	D-6-P-GLUCONO-DELTA-LACTONE	6-phospho D-glucono-1,5-lactone	258.014068462					C6H9O9P			plantcyc <https://plantcyc.org/>	6-phosphogluconolactone // D-6-phosphoglucono-delta-lactone // D-6-P-glucono-delta-lactone // D-glucono-1,5-lactone 6-phosphate // D-glucono-delta-lactone 6-phosphate // D-6-phospho-glucono-delta-lactone	258.014068462	C(OP([O-])(=O)[O-])[C@@H]1([C@@H](O)[C@H](O)[C@@H](O)C(=O)O1)		IJOJIVNDFQSGAB-SQOUGZDYSA-L									PlantCyc/PMN local PGDB
S-ADENOSYLMETHIONINAMINE	S-ADENOSYLMETHIONINAMINE	S -adenosyl 3-(methylsulfanyl)propylamine	356.1630593579					C14H24N6O3S			plantcyc <https://plantcyc.org/>	S -adenosyl-(5')-3-methylthiopropylamine // dcSAM // decarboxylated AdoMet // (5-deoxy-5-adenosyl)(3-aminopropyl) methylsulfonium salt // decarboxylated SAM // S -adenosylmethioninamine // decarboxylated S-adenosylmethionine // S -methyl- S -adenosyl homocysteamine // 3-amino-propyl- S -adenosine // S -adenosyl-L-methioninamine // S -adenosyl 3-(methylthio)propylamine	356.1630593579	C[S+](CCC[NH3+])C[C@H]3(O[C@@H](N1(C2(\C(\N=C/1)=C(N)/N=C\N=2)))[C@H](O)[C@H](O)3)		ZUNBITIXDCPNSD-LSRJEVITSA-O									PlantCyc/PMN local PGDB
DEHYDRO-DEOXY-GALACTONATE-PHOSPHATE	DEHYDRO-DEOXY-GALACTONATE-PHOSPHATE	2-dehydro-3-deoxy-D-galactonate 6-phosphate	258.014068462					C6H8O9P			plantcyc <https://plantcyc.org/>	2-keto-3-deoxy-D-galactonate 6-phosphate	258.014068462	C(OP(=O)([O-])[O-])[C@@H](O)[C@H](O)CC(=O)C([O-])=O		OVPRPPOVAXRCED-NQXXGFSBSA-K									PlantCyc/PMN local PGDB
DELTA1-PYRROLINE_2-CARBOXYLATE	DELTA1-PYRROLINE_2-CARBOXYLATE	1-pyrroline-2-carboxylate	113.0476784741					C5H6NO2			plantcyc <https://plantcyc.org/>	1-pyrroline-2-carboxylic acid // &Delta; 1 -pyrroline-2-carboxylate // 4,5-dihydro-3H-pyrrole-2-carboxylate	113.0476784741	C1(CCC(/C([O-])=O)=N\1)		RHTAIKJZSXNELN-UHFFFAOYSA-M									PlantCyc/PMN local PGDB
CPD-10283	CPD-10283	3-oxobehenoyl-CoA	1103.4180388938					C43H72N7O18P3S			plantcyc <https://plantcyc.org/>	3-oxodocosanoyl-CoA	1103.4180388938	CCCCCCCCCCCCCCCCCCCC(=O)CC(=O)SCCNC(=O)CCNC([C@H](O)C(C)(C)COP([O-])(=O)OP([O-])(=O)OC[C@@H]1([C@@H](OP(=O)([O-])[O-])[C@@H](O)[C@@H](O1)N2(\C=N/C3(C(/N)=N\C=N/C2=3))))=O		RKCOGGUHKPTOQJ-GNSUAQHMSA-J									PlantCyc/PMN local PGDB
CPD-19097	CPD-19097	(-)-catechin	290.079038182					C15H14O6			plantcyc <https://plantcyc.org/>	(2S,3R)-catechin	290.079038182	C3(/C=C(C(/O)=C\C(\[C@@H]1(OC2(\C(/C[C@H]1O)=C(/C=C(/C=2)/O)\O)))=3)/O)		PFTAWBLQPZVEMU-HIFRSBDPSA-N									PlantCyc/PMN local PGDB
CPD-9859	CPD-9859	5-methoxy-2-methyl-3-( all-trans -heptaprenyl)benzene-1,4-diol	630.5011959849					C43H66O3			plantcyc <https://plantcyc.org/>	6-methoxy-3-methyl-2-heptaprenyl-1,4-benzoquinol // 6-methoxy-3-methyl-2-( all-trans -heptaprenyl)-1,4-benzoquinol	630.5011959849	CC(C)=CCCC(\C)=C/CCC(\C)=C/CCC(\C)=C/CCC(\C)=C/CCC(\C)=C/CCC(\C)=C/CC1(/C(\C)=C(/C=C(C(/O)=1)/OC)/O)		ROHKDMWQXDHLDY-HOHOQCMASA-N									PlantCyc/PMN local PGDB
L-GULONATE	L-GULONATE	L-gulonate	196.0583027399					C6H11O7			plantcyc <https://plantcyc.org/>	gulonate	196.0583027399	C(O)[C@H](O)[C@@H](O)[C@H](O)[C@H](O)C(=O)[O-]		RGHNJXZEOKUKBD-QTBDOELSSA-M									PlantCyc/PMN local PGDB
CPD-12524	CPD-12524	beta-D-galacturonate	194.0426526757					C6H9O7			plantcyc <https://plantcyc.org/>	beta-D-galacturonic acid	194.0426526757	C([O-])(=O)[C@@H]1([C@@H]([C@@H]([C@H]([C@@H](O1)O)O)O)O)		AEMOLEFTQBMNLQ-DTEWXJGMSA-M									PlantCyc/PMN local PGDB
RUTIN	RUTIN	rutin	610.1533849166					C27H29O16			plantcyc <https://plantcyc.org/>	hydroxyethylrutoside // quercetin 3- O -rutinoside // quercetin 3- O -[alpha-L-rhamnosyl-(1->6)-beta-D-glucoside] // sophorin	610.1533849166	C[C@H]1([C@H](O)[C@@H](O)[C@@H](O)[C@@H](O1)OC[C@@H]2([C@@H](O)[C@H](O)[C@@H](O)[C@@H](O2)OC4(\C(=O)C5(/C(/OC(\C3(/C=C(C(/O)=C\C=3)/O))=4)=C\C(\[O-])=C/C(/O)=5))))		IKGXIBQEEMLURG-NVPNHPEKSA-M									PlantCyc/PMN local PGDB
2-KETO-GLUTARAMATE	2-KETO-GLUTARAMATE	2-oxoglutaramate	145.0375077183					C5H6NO4			plantcyc <https://plantcyc.org/>	2-keto-glutaramate	145.0375077183	C(CC(N)=O)C(=O)C(=O)[O-]		COJBGNAUUSNXHX-UHFFFAOYSA-M									PlantCyc/PMN local PGDB
CPD-296	CPD-296	dihydrolipoate	208.0591711378					C8H15O2S2			plantcyc <https://plantcyc.org/>	Dihydrolipoic acid // Dihydrothioctic acid // DHLP	208.0591711378	C(S)C[C@H](S)CCCCC(=O)[O-]		IZFHEQBZOYJLPK-SSDOTTSWSA-M									PlantCyc/PMN local PGDB
CPD-11526	CPD-11526	3-oxo-2-(cis-2'-pentenyl)-cyclopentane-1-(E-buta-2-enoyl)-CoA	985.2458881876					C35H50N7O18P3S			plantcyc <https://plantcyc.org/>	OPC4-trans-2-enoyl-CoA	985.2458881876	CC\C=C/C[C@H]1([C@H](CCC(=O)1)C/C=C/C(=O)SCCNC(=O)CCNC(=O)[C@H](O)C(C)(C)COP(=O)(OP(=O)(OC[C@@H]2([C@@H](OP([O-])(=O)[O-])[C@@H](O)[C@@H](O2)N3(C4(\N=C/N=C(C(\N=C/3)=4)/N))))[O-])[O-])		QSAQFDYWYNLXEC-GUQXGGMCSA-J									PlantCyc/PMN local PGDB
2-PROTOCATECHUOYLPHLOROGLUCINOLCARBOXYLA	2-PROTOCATECHUOYLPHLOROGLUCINOLCARBOXYLA	2-protocatechuoylphloroglucinolcarboxylate	306.0375672978					C14H9O8			plantcyc <https://plantcyc.org/>	2-(3,4-dihydroxybenzoyloxy)-4,6-dihydroxybenzoate // 2-protocatechuoyl-phloroglucinol carboxylic acid	306.0375672978	C(C2(/C(/OC(C1(\C=C/C(/O)=C(/C=1)/O))=O)=C\C(\O)=C/C(/O)=2))([O-])=O		GRXIELRCPYIEQI-UHFFFAOYSA-M									PlantCyc/PMN local PGDB
CPD-12914	CPD-12914	(24 Z )-4alpha-carboxy-stigmasta-7,24(24 1 )-dien-3beta-ol	456.3603454071					C30H47O3			plantcyc <https://plantcyc.org/>		456.3603454071	C\C=C(CC[C@@H](C)[C@H]3(CC[C@H]4(C1([C@@H]([C@@]2(C)(CC[C@H](O)[C@@H](C([O-])=O)[C@H](CC=1)2))CC[C@](C)34))))/C(C)C		PLFNGFVQAIAQFS-HHZIVNGQSA-M									PlantCyc/PMN local PGDB
DITHIO-NITROBENZOATE	DITHIO-NITROBENZOATE	5,5'-dithio-bis-2-nitrobenzoate	400.0035067524					C14H6N2O8S2			plantcyc <https://plantcyc.org/>	dithionitrobenzoic acid // dithionitrobenzoate // DTNB // 5-(3-carboxy-4-nitro-phenyl)disulfanyl-2-nitro-benzoic acid // 5'-dithio-bis(2-nitrobenzoic acid) // 5,5'-dithio-bis(2-nitrobenzoic acid)	400.0035067524	C2(/C=C(C(/C(=O)[O-])=C\C(\SSC1(\C=C(C(/[N+]([O-])=O)=C\C=1)\C(=O)[O-]))=2)/[N+]([O-])=O)		KIUMMUBSPKGMOY-UHFFFAOYSA-L									PlantCyc/PMN local PGDB
CPD-6991	CPD-6991	(2 S )-pinocembrin	256.0735588736					C15H11O4			plantcyc <https://plantcyc.org/>		256.0735588736	C3(\C=C/C(/[C@H]1(OC2(\C(\C(C1)=O)=C(/C=C(/C=2)/[O-])\O)))=C\C=3)		URFCJEUYXNAHFI-ZDUSSCGKSA-M									PlantCyc/PMN local PGDB
CPD0-1564	CPD0-1564	D-cystine	240.023848264					C6H12N2O4S2			plantcyc <https://plantcyc.org/>		240.023848264	C([C@H](C(=O)[O-])[NH3+])SSC[C@H](C([O-])=O)[NH3+]		LEVWYRKDKASIDU-QWWZWVQMSA-N									PlantCyc/PMN local PGDB
CPD-8664	CPD-8664	crocin-3	652.2731061218					C32H43O14			plantcyc <https://plantcyc.org/>	crocetin monogentiobiosyl ester // beta-D-gentiobiosyl crocetin // crocin III	652.2731061218	CC(/C=C/C=C(C)/C(=O)[O-])=C\C=C\C=C(C)\C=C\C=C(C)\C(=O)O[C@H]1(O[C@@H]([C@H]([C@@H]([C@H]1O)O)O)CO[C@H]2([C@@H]([C@@H](O)[C@@H]([C@@H](CO)O2)O)O))		VULLCGFNYWDRHL-CCHFYQIXSA-M									PlantCyc/PMN local PGDB
CPD-19480	CPD-19480	2-[(2'-methylsulfanyl)hexyl]maleate	246.0925797562					C11H16O4S			plantcyc <https://plantcyc.org/>	2-[(2'-methylthio)hexyl]maleate	246.0925797562	CSCCCCCCC(\C(=O)[O-])=C\C([O-])=O		BDWTWLBLUBGINP-HJWRWDBZSA-L									PlantCyc/PMN local PGDB
CPD-8091	CPD-8091	1-oleoyl-2-linoleoyl-phosphatidylcholine	785.5934551884					C44H82NO8P			plantcyc <https://plantcyc.org/>	phosphatidylcholine (1-18:1-2-18:2) // 18:1-18:2-PC // 1-(9Z-octadecenoyl)-2-(9Z,12Z-octadecadienoyl)-sn-glycero-3-phosphocholine // 1-18:1-2-18:2-phosphatidylcholine	785.5934551884	CCCCCCCC\C=C/CCCCCCCC(OC[C@@H](OC(=O)CCCCCCC\C=C/C\C=C/CCCCC)COP([O-])(=O)OCC[N+](C)(C)C)=O		GDWULUGDXGHJIJ-VJHNMZKJSA-N									PlantCyc/PMN local PGDB
CPD-12367	CPD-12367	8-oxo-GMP	379.0529135843					C10H12N5O9P			plantcyc <https://plantcyc.org/>	7,8-dihydro-8-oxo-guanosine 5'-phosphate	379.0529135843	C(OP(=O)([O-])[O-])[C@H]3(O[C@@H](N1(C2(\N=C(N)/NC(=O)C(NC(=O)1)=2)))[C@H](O)[C@H](O)3)		MDSQIQSLWQTQDK-UMMCILCDSA-L									PlantCyc/PMN local PGDB
4-HYDROXY-BUTYRYL-COA	4-HYDROXY-BUTYRYL-COA	4-hydroxybutanoyl-CoA	853.1519878024					C25H38N7O18P3S			plantcyc <https://plantcyc.org/>	4-hydroxybutyryl-CoA	853.1519878024	CC(C)([C@@H](O)C(=O)NCCC(=O)NCCSC(=O)CCCO)COP(=O)(OP(=O)(OC[C@@H]1([C@@H](OP([O-])(=O)[O-])[C@@H](O)[C@@H](O1)N2(C3(\N=C/N=C(C(\N=C/2)=3)/N))))[O-])[O-]		BAMBWCGEVIAQBF-CITAKDKDSA-J									PlantCyc/PMN local PGDB
2-HEXAPRENYL-3-METHYL-6-METHOXY-14-BENZ	2-HEXAPRENYL-3-METHYL-6-METHOXY-14-BENZ	5-methoxy-2-methyl-3-( all-trans -hexaprenyl)benzene-1,4-diol	562.4385957281					C38H58O3			plantcyc <https://plantcyc.org/>	6-methoxy-3-methyl-2-hexaprenyl-1,4-benzoquinol // 5-demethoxyubiquinol-6 // DMQH 2 // 2-hexaprenyl-3-methyl-6-methoxy-1,4-benzoquinol // 2- all-trans -hexaprenyl-6-methoxy-3-methyl-1,4-benzoquinol // 6-methoxy-3-methyl-2-( all-trans -hexaprenyl)-1,4-benzoquinol	562.4385957281	CC(C)=CCCC(\C)=C/CCC(\C)=C/CCC(\C)=C/CCC(\C)=C/CCC(\C)=C/CC1(/C(\C)=C(/C=C(C(/O)=1)/OC)/O)		ATQQULXELMEJIX-NSUIJKAQSA-N									PlantCyc/PMN local PGDB
CPD-8122	CPD-8122	adenylyl-molybdopterin	724.0648307518					C20H24N10O12P2S2			plantcyc <https://plantcyc.org/>	adenylated molybdopterin // H2Dtpp-mADP // molybdopterin-AMP // molybdopterin adenine mononucleotide	724.0648307518	C(OP(=O)([O-])OP(OC[C@H]2(O[C@H]1(NC3(/N=C(N)\NC(=O)C(/N[C@H]1C(\S)=C2\S)=3))))(=O)[O-])[C@H]6(O[C@@H](N4(C5(\C(\N=C/4)=C(N)/N=C\N=5)))[C@H](O)[C@H](O)6)		XJXFAXLUOKQPAQ-YPRLVJTJSA-L									PlantCyc/PMN local PGDB
PYRIDOXINE-5P	PYRIDOXINE-5P	pyridoxine 5'-phosphate	249.040223633					C8H10NO6P			plantcyc <https://plantcyc.org/>	pyridoxol 5'-phosphate // pyridoxine 5-phosphate // pyridoxine phosphate // pyridoxine-5P // pyridoxine-P // [5-hydroxy-4-(hydroxymethyl)-6-methylpyridin-3-yl]methyl phosphate	249.040223633	CC1(\C(\O)=C(C(/COP([O-])(=O)[O-])=C\N=1)\CO)		WHOMFKWHIQZTHY-UHFFFAOYSA-L									PlantCyc/PMN local PGDB
CPD-25382	CPD-25382	(R)-4'-phosphopantothenoyl-cytidylate	604.1182893353					C18H27N4O15P2			plantcyc <https://plantcyc.org/>		604.1182893353	CC(C)(COP(=O)([O-])[O-])[C@@H](O)C(=O)NCCC(=O)OP(OC[C@@H]2([C@H]([C@H]([C@H](N1(\C=C/C(/N)=N\C1=O))O2)O)O))(=O)[O-]		JURRMAHLXBVXRF-FIEZRUJPSA-K									PlantCyc/PMN local PGDB
CPD-7421	CPD-7421	alpha-cryptoxanthin	552.4331164197					C40H56O			plantcyc <https://plantcyc.org/>	beta,epsilon-caroten-3'-ol	552.4331164197	CC(/C=C/C=C(C)/C=C/C1(/[C@](C)(C)CCCC(/C)=1))=C\C=C\C=C(C)\C=C\C=C(C)\C=C\C2([C@@](C)(C)C[C@@H](\C=C(C)/2)O)		ORAKUVXRZWMARG-UDSJNADVSA-N									PlantCyc/PMN local PGDB
CPD-17560	CPD-17560	2,4-dinitroanisole	202.0589714419					C7H6N2O5			plantcyc <https://plantcyc.org/>	DNAN // 1-methoxy-2,4-dinitrobenzene	202.0589714419	COC1(/C=C\C(\[N+]([O-])=O)=C/C(/[N+]([O-])=O)=1)		CVYZVNVPQRKDLW-UHFFFAOYSA-N									PlantCyc/PMN local PGDB
CPD-13868	CPD-13868	syn -labda-8(17),12 E ,14-triene	272.2504010272					C20H32			plantcyc <https://plantcyc.org/>	(4aS,5R,8aS)-1,1,4a-trimethyl-6-methylidene-5-[(2E)-3-methylpenta-2,4-dien-1-yl]decahydronaphthalene // 5alpha,9alpha,10beta-labda-8(17),12 E ,14-triene // (12 E )-9alpha-labda-8(17),12,14-triene	272.2504010272	C=CC(\C)=C/C[C@H]1([C@]2(CCCC(C)(C)[C@@H](CCC1=C)2)C)		VJVMMXUPZGOBSN-URKRXPPWSA-N									PlantCyc/PMN local PGDB
CPD-9280	CPD-9280	ethiin	165.0459639146					C5H11NO3S			plantcyc <https://plantcyc.org/>	S-ethyl-L-cysteine sulfoxide // S-ethylcysteine sulfoxide // 3-(ethylsulfinyl)-L-alanine	165.0459639146	CCS(=O)C[C@H]([NH3+])C([O-])=O		CSZTZFUEOCFFJH-YGVKFDHGSA-N									PlantCyc/PMN local PGDB
ADENOSINE_DIPHOSPHATE_RIBOSE	ADENOSINE_DIPHOSPHATE_RIBOSE	ADP-D-ribose	559.0716734937					C15H21N5O14P2			plantcyc <https://plantcyc.org/>	adenosine diphosphate D-ribose // adenosine 5'-(5-deoxy-D-ribofuranos-5-yl diphosphate) // adenosine 5'-diphosphoribose	559.0716734937	C(OP(=O)([O-])OP(OC[C@@H]1([C@@H](O)[C@@H](O)C(O1)O))(=O)[O-])[C@H]4(O[C@@H](N2(C3(\C(\N=C/2)=C(N)/N=C\N=3)))[C@H](O)[C@H](O)4)		SRNWOUGRCWSEMX-TYASJMOZSA-L									PlantCyc/PMN local PGDB
CPD-9203	CPD-9203	N -debenzoyl-(3'- RS )-taxol	749.3047406012					C40H48NO13			plantcyc <https://plantcyc.org/>	3'-N-debenzoyltaxol // 13-O-3-phenylisoserinoyl baccatin III // 3'-N-debenzoyl-taxol	749.3047406012	CC4(/[C@@H](OC(=O)[C@H](O)[C@@H]([NH3+])C1(\C=C/C=C\C=1))C[C@@]3(O)([C@@H](OC(=O)C2(\C=C/C=C\C=2))[C@H]5([C@](C)(C(=O)[C@H](OC(=O)C)C(\C(C)(C)3)=4)[C@@H](O)C[C@H]6(OC[C@@](OC(=O)C)56))))		DLACRDONFBNRSP-KWIOUIIFSA-O									PlantCyc/PMN local PGDB
CPD-15590	CPD-15590	aldehydo -D-galactose	180.0633881178					C6H12O6			plantcyc <https://plantcyc.org/>		180.0633881178	C(=O)[C@@H]([C@H]([C@H]([C@@H](CO)O)O)O)O		GZCGUPFRVQAUEE-KCDKBNATSA-N									PlantCyc/PMN local PGDB
CPD-6975	CPD-6975	gibberellin A 7	330.1467238167					C19H21O5			plantcyc <https://plantcyc.org/>	GA 7 // GA7	330.1467238167	C=C1([C@H]3(C[C@]4(C1)([C@H]([C@@H]5([C@]2(C(=O)O[C@](\C=C/[C@H](O)2)([C@@H](CC3)4)5)(C)))C([O-])=O)))		SEEGHKWOBVVBTQ-UKJRIFTCSA-M									PlantCyc/PMN local PGDB
CPD-18821	CPD-18821	3-oxochol-4,6-dien-24-oyl-CoA	1119.355438637					C45H64N7O18P3S			plantcyc <https://plantcyc.org/>	3-oxo-&Delta; 4,6 -7-deoxy-chenodeoxycholoyl-CoA	1119.355438637	C[C@H](CCC(=O)SCCNC(=O)CCNC(=O)[C@H](O)C(C)(C)COP(=O)(OP(=O)(OC[C@@H]1([C@@H](OP([O-])(=O)[O-])[C@@H](O)[C@@H](O1)N2(C3(\N=C/N=C(C(\N=C/2)=3)/N))))[O-])[O-])[C@H]5(CC[C@H]6([C@@H]7(\C=C/C4(/[C@](C)(CCC(=O)\C=4)[C@@H](CC[C@](C)56)7))))		IQGCDPWHEHJEGO-ABDXREKHSA-J									PlantCyc/PMN local PGDB
CPD-7137	CPD-7137	pelargonin	595.1662953266					C27H30O15			plantcyc <https://plantcyc.org/>	pelargonidin 3,5-di-beta-D-glucopyranoside // Pelargonidin 3,5-di-beta-D-glucoside // pelargonidin 3,5-di-O-beta-D-glucoside // pelargonidin 3,5-di-O-beta-glucoside // pelargonidin 3,5-diglucoside // pelargonidin 3,5-O-diglucoside // pelargonidin-3,5-di- O -beta- D -glucoside	595.1662953266	C(O)[C@@H]5([C@H]([C@@H]([C@H]([C@H](OC1(\C2(/C=C(C(=[O+]C(\C=C(/C=1)\[O-])=2)C3(\C=C/C(/O)=C\C=3))/O[C@H]4([C@H](O)[C@@H](O)[C@H](O)[C@@H](CO)O4))))O5)O)O)O)		SLCKJKWFULXZBD-ZOTFFYTFSA-N									PlantCyc/PMN local PGDB
2-D-THREO-HYDROXY-3-CARBOXY-ISOCAPROATE	2-D-THREO-HYDROXY-3-CARBOXY-ISOCAPROATE	(2 R ,3 S )-3-isopropylmalate	176.0684734957					C7H10O5			plantcyc <https://plantcyc.org/>	2-D-threo-hydroxy-3-carboxy-isocaproate // 3-carboxy-2-hydroxy-4-methylpentanoate // beta-isopropylmalate // 3-isopropylmalate	176.0684734957	CC(C)[C@H](C([O-])=O)[C@H](C([O-])=O)O		RNQHMTFBUSSBJQ-CRCLSJGQSA-L									PlantCyc/PMN local PGDB
VANILLATE	VANILLATE	vanillate	168.0422587452					C8H7O4			plantcyc <https://plantcyc.org/>	4-hydroxy-3-methoxybenzoate // vanillic acid // 4-hydroxy-3-methoxybenzoic acid	168.0422587452	COC1(\C(\O)=C/C=C(/C=1)/C(=O)[O-])		WKOLLVMJNQIZCI-UHFFFAOYSA-M									PlantCyc/PMN local PGDB
PHENYLETHYLAMINE	PHENYLETHYLAMINE	2-phenylethylamine	121.0891493583					C8H12N			plantcyc <https://plantcyc.org/>	beta-phenylethylamine // phenylethylamine // phenethylamine // b-phenylethylamine	121.0891493583	C([NH3+])CC1(\C=C/C=C\C=1)		BHHGXPLMPWCGHP-UHFFFAOYSA-O									PlantCyc/PMN local PGDB
2-OCTAPRENYL-6-METHOXYPHENOL	2-OCTAPRENYL-6-METHOXYPHENOL	2-methoxy-6-( all-trans -octaprenyl)phenol	668.5532315554					C47H72O2			plantcyc <https://plantcyc.org/>	2-methoxy-6- all-trans -octaprenylphenol // 2-octaprenyl-6-methoxyphenol	668.5532315554	CC(C)=CCCC(\C)=C/CCC(\C)=C/CCC(\C)=C/CCC(\C)=C/CCC(\C)=C/CCC(\C)=C/CCC(\C)=C/CC1(\C(\O)=C(\C=C/C=1)\OC)		MARGKPIMNMASKJ-CMAXTTDKSA-N									PlantCyc/PMN local PGDB
CPD-157	CPD-157	(2 Z ,4 E )-2-hydroxy-6-oxonona-2,4-diene-1,9-dioate	214.0477380536					C9H8O6			plantcyc <https://plantcyc.org/>	(2 Z ,4 E )-2-hydroxy-6-oxo-nona-2,4-diene 1,9-dicarboxylate // (2 Z ,4 E )-2-hydroxy-6-ketononadienedioic acid // (2 Z ,4 E )-2-hydroxy-6-ketononadienedicarboxylate // (2 Z ,4 E )-2-hydroxy-6-ketonona-2,4-dienedioate // (2 Z ,4 E )-2-hydroxy-6-oxonona-2,4-dienedioate	214.0477380536	C([O-])(=O)CCC(=O)/C=C/C=C(C([O-])=O)\O		RFENOVFRMPRRJI-YDCWOTKKSA-L									PlantCyc/PMN local PGDB
2-OXOBUTANOATE	2-OXOBUTANOATE	2-oxobutanoate	102.0316940589					C4H5O3			plantcyc <https://plantcyc.org/>	2-oxobutyrate // 2-ketobutyrate // 2-oxobutyric acid // alpha-oxobutyric acid // alpha-ketobutyrate // alpha-ketobutyric acid // 2-oxo-butyrate // 2-keto-butyrate // 2-ketobutyric acid // a-ketobutyric acid	102.0316940589	CCC(=O)C(=O)[O-]		TYEYBOSBBBHJIV-UHFFFAOYSA-M									PlantCyc/PMN local PGDB
CPD0-1137	CPD0-1137	P 1 , P 5 - bis (5'-adenosyl) pentaphosphate	916.0145952191					C20H24N10O22P5			plantcyc <https://plantcyc.org/>	5',5'''-diadenosine pentaphosphate // bis (5'-adenosyl) pentaphosphate // P(1),P(5)-di(adenosine-5'-)pentaphosphate // Ap 5 A // P 1 , P 5 -di(adenosine-5')-pentaphosphate	916.0145952191	C(OP(=O)([O-])OP(=O)([O-])OP(=O)([O-])OP(=O)([O-])OP(=O)([O-])OC[C@H]3(O[C@@H](N1(C2(\C(\N=C/1)=C(N)/N=C\N=2)))[C@H](O)[C@H](O)3))[C@H]6(O[C@@H](N4(C5(\C(\N=C/4)=C(N)/N=C\N=5)))[C@H](O)[C@H](O)6)		OIMACDRJUANHTJ-XPWFQUROSA-I									PlantCyc/PMN local PGDB
COUMARYL-ALCOHOL	COUMARYL-ALCOHOL	4-coumaryl alcohol	150.0680795652					C9H10O2			plantcyc <https://plantcyc.org/>	p -coumaryl alcohol	150.0680795652	C(/CO)=C\C1(\C=C/C(/O)=C\C=1)		PTNLHDGQWUGONS-OWOJBTEDSA-N									PlantCyc/PMN local PGDB
CPD-23987	CPD-23987	11beta-hydroxydihydrotestosterone	306.2194948293					C19H30O3			plantcyc <https://plantcyc.org/>	11OHDHT	306.2194948293	C[C@@]34([C@H]2([C@H]([C@H]1([C@@](C)([C@@H](O)CC1)C[C@H](O)2))CC[C@H]3CC(=O)CC4))		WARJRVLSUJRZKT-QHTZCDKYSA-N									PlantCyc/PMN local PGDB
MALEATE	MALEATE	maleate	116.0109586168					C4H2O4			plantcyc <https://plantcyc.org/>	maleic acid // cis-butenedioic acid	116.0109586168	C([O-])(=O)\C=C/C([O-])=O		VZCYOOQTPOCHFL-UPHRSURJSA-L									PlantCyc/PMN local PGDB
CPD-9517	CPD-9517	(2S)-2-amino-4-deoxy-chorismate	225.0637224688					C10H10NO5			plantcyc <https://plantcyc.org/>	2-amino-2-deoxyisochorismate // 2-amino-4-deoxychorismate // (2S)-2-amino-4-deoxy-chorismic acid // (2S)-2-amino-2-deoxy-isochorismate // (2S)-2-amino-2-deoxy-isochorismic acid	225.0637224688	C=C(O[C@H]1(\C=C/C=C([C@@H]1[NH3+])/C(=O)[O-]))C(=O)[O-]		OKLGKGPAZUNROU-YUMQZZPRSA-M									PlantCyc/PMN local PGDB
SUCC-S-ALD	SUCC-S-ALD	succinate semialdehyde	102.0316940589					C4H5O3			plantcyc <https://plantcyc.org/>	succinyl semialdehyde // succ-S-ald // succinic semialdehyde	102.0316940589	C(C=O)CC(=O)[O-]		UIUJIQZEACWQSV-UHFFFAOYSA-M									PlantCyc/PMN local PGDB
EPISTEROL	EPISTEROL	episterol	398.3548660987					C28H46O			plantcyc <https://plantcyc.org/>	9&xi;-episterol	398.3548660987	CC(C)C(CC[C@@H](C)[C@H]3(CC[C@H]4(C1([C@@H]([C@]2(CC[C@H](O)C[C@H](CC=1)2)(C))CC[C@](C)34))))=C		BTCAEOLDEYPGGE-JVAZTMFWSA-N									PlantCyc/PMN local PGDB
CPD-22130	CPD-22130	31-norcycloartanol	414.3861662271					C29H50O			plantcyc <https://plantcyc.org/>	(3beta,9beta)-4beta-demethyl-9,19-cyclolanost-3-ol	414.3861662271	CC(C)CCC[C@@H](C)[C@H]3(CC[C@@]4(C)([C@@H]1(CC[C@H]5([C@H](C)[C@@H](O)CC[C@@]2(C[C@@]12CC[C@](C)34)5))))		RXPPOAQPYLFCAS-WXPWFURYSA-N									PlantCyc/PMN local PGDB
CPD-2189	CPD-2189	1-18:2-2-16:2-monogalactosyldiacylglycerol	750.5281985964					C43H74O10			plantcyc <https://plantcyc.org/>	18:2-16:2-MGDG // 1-(9Z,12Z-octadecadienoyl)-2-(7Z,10Z-hexadecadienoyl)-3-O-beta-D-galactosyl-sn-glycerol	750.5281985964	CCCCC\C=C/C\C=C/CCCCCCCC(OC[C@H](CO[C@@H]1(O[C@@H]([C@@H]([C@@H]([C@H]1O)O)O)CO))OC(CCCCC\C=C/C\C=C/CCCCC)=O)=O		DJVQAKQVQXIHEL-UILGYWMGSA-N									PlantCyc/PMN local PGDB
CPD-6365	CPD-6365	DIBOA	181.0375077183					C8H6NO4			plantcyc <https://plantcyc.org/>	2,4-dihydrozy-2 H -1,4-benzoxazin-3(4 H )-one	181.0375077183	C1(\C=C/C2(/OC(C(N(C(/C=1)=2)[O-])=O)O))		QUBXBHWFQCVXQY-UHFFFAOYSA-N									PlantCyc/PMN local PGDB
CPD-11712	CPD-11712	2-methyl-6-geranylgeranyl-1,4-benzoquinol	396.3028305282					C27H40O2			plantcyc <https://plantcyc.org/>	MGGBQ	396.3028305282	CC(C)=CCCC(\C)=C/CCC(\C)=C/CCC(\C)=C/CC1(/C=C(\C=C(C)/C(/O)=1)/O)		DOWCCBNJUZOLRJ-MLAGYPMBSA-N									PlantCyc/PMN local PGDB
5-PHOSPHORIBOSYL-5-AMINOIMIDAZOLE	5-PHOSPHORIBOSYL-5-AMINOIMIDAZOLE	5-amino-1-(5-phospho-beta-D-ribosyl)imidazole	295.0569363297					C8H13N3O7P			plantcyc <https://plantcyc.org/>	5-aminoimidazole ribonucleotide // 5-amino-1-(5-phospho-D-ribosyl)imidazole // 5-aminoimidazole ribotide // 1-(5'-phosphoribosyl)-5-aminoimidazole // 5'-phosphoribosyl-5-aminoimidazole // phosphoribosylaminoimidazole	295.0569363297	C1(\[NH+]=C/N(C(/N)=1)[C@@H]2(O[C@H](COP(=O)([O-])[O-])[C@@H](O)[C@@H](O)2))		PDACUKOKVHBVHJ-XVFCMESISA-M									PlantCyc/PMN local PGDB
CPD-9898	CPD-9898	3-methoxy-4-hydroxy-5-( all-trans -nonaprenyl)benzoate	780.6056610564					C53H79O4			plantcyc <https://plantcyc.org/>	3-methoxy-4-hydroxy-5-nonaprenylbenzoate // 3-(3,7,11,15,19,23-nonamethyltetracosa-2,6,10,14,18,22-hexaenyl) -4-hydroxy-5-methoxy-benzoic acid // 3-nonaprenyl-4-hydroxy-5-methoxybenzoate	780.6056610564	CC(C)=CCCC(\C)=C/CCC(\C)=C/CCC(\C)=C/CCC(\C)=C/CCC(\C)=C/CCC(\C)=C/CCC(\C)=C/CCC(\C)=C/CC1(/C=C(/C=C(C(/O)=1)/OC)/C([O-])=O)		FDPPBYXDOXRDHA-JSGWLJPKSA-M									PlantCyc/PMN local PGDB
CPD-17627	CPD-17627	10,16-dihydroxypalmitoyl-CoA	1037.3347031949					C37H62N7O19P3S			plantcyc <https://plantcyc.org/>		1037.3347031949	CC(C)([C@@H](O)C(=O)NCCC(=O)NCCSC(CCCCCCCCC(CCCCCCO)O)=O)COP(=O)(OP(=O)(OC[C@@H]1([C@@H](OP([O-])(=O)[O-])[C@@H](O)[C@@H](O1)N2(C3(\N=C/N=C(C(\N=C/2)=3)/N))))[O-])[O-]		TVGWWABLGLVNFY-QTFKDKGUSA-J									PlantCyc/PMN local PGDB
CPD0-1244	CPD0-1244	myxothiazol	487.1963333212					C25H33N3O3S2			plantcyc <https://plantcyc.org/>		487.1963333212	CC(C)/C=C/C=C/C(C)C2(\S\C=C(C1(\S\C=C(/C=C/[C@@H]([C@H](C(/OC)=C\C(N)=O)C)OC)/N=1))/N=2)		XKTFQMCPGMTBMD-YCSHSZEBSA-N									PlantCyc/PMN local PGDB
CPD-8075	CPD-8075	1-18:2-2-16:1-monogalactosyldiacylglycerol	752.5438486606					C43H76O10			plantcyc <https://plantcyc.org/>	18:2-16:1-MGDG // 1-(9Z,12Z-octadecadienoyl)-2-(7Z-hexadecenoyl)-3-O-beta-D-galactosyl-sn-glycerol	752.5438486606	CCCCC\C=C/C/C=C/CCCCCCCC(OC[C@H](CO[C@@H]1(O[C@@H]([C@@H]([C@@H]([C@H]1O)O)O)CO))OC(CCCCC\C=C/CCCCCCCC)=O)=O		HGHVCQZWRZWQKS-CPHKDGEVSA-N									PlantCyc/PMN local PGDB
CPD-4202	CPD-4202	trans -zeatin riboside triphosphate	591.0532600358					C15H20N5O14P3			plantcyc <https://plantcyc.org/>	ZTP // zeatin triphosphate // tZRTP	591.0532600358	CC(/CO)=C\CNC3(/N=C\N=C1(C(/N=C\N1[C@@H]2(O[C@H](COP(=O)([O-])OP(=O)([O-])OP(=O)([O-])[O-])[C@@H](O)[C@@H](O)2))=3))		AOFQQLZNDSBFLN-HNNGNKQASA-J									PlantCyc/PMN local PGDB
CPD-16624	CPD-16624	des-methyl avenacin A-1	1079.5301086694					C54H81NO21			plantcyc <https://plantcyc.org/>		1079.5301086694	C[C@]2(C=O)([C@@H](OC(=O)C1(\C(\N)=C/C=C\C=1))C[C@@]4(C)([C@@H](C2)[C@@]35(O[C@@H]3C[C@H]6([C@](C)([C@](C)(C[C@H](O)4)5)CC[C@@H]%10([C@@](C)6CC[C@H](O[C@@H]9(OC[C@H](O[C@@H]7(O[C@H](CO)[C@@H](O)[C@H](O)[C@@H](O)7))[C@H](O)[C@@H](O[C@@H]8(O[C@H](CO)[C@@H](O)[C@H](O)[C@@H](O)8))9))[C@](CO)(C)%10)))))		CHCABZDCRBQQCY-TZLKGKMXSA-N									PlantCyc/PMN local PGDB
CPD-13518	CPD-13518	N &omega; -hydroxy-L-arginine	190.1065903365					C6H15N4O3			plantcyc <https://plantcyc.org/>	L-hydroxyarginine	190.1065903365	C(NC(NO)=[NH2+])CC[C@H]([NH3+])C([O-])=O		FQWRAVYMZULPNK-BYPYZUCNSA-O									PlantCyc/PMN local PGDB
CPD-9000	CPD-9000	4-(gamma-L-glutamylamino)butanoate	232.1059216345					C9H15N2O5			plantcyc <https://plantcyc.org/>	gamma-glu-GABA // gamma-glutamyl-gamma-aminobutyric acid // gamma-glutamyl-gamma-aminobutyrate // gamma-glutamyl-gamma-aminobutanoate // 4-(glutamylamino)butanoate	232.1059216345	C(=O)(NCCCC([O-])=O)CC[C@H]([NH3+])C(=O)[O-]		MKYPKZSGLSOGLL-LURJTMIESA-M									PlantCyc/PMN local PGDB
CPD-21707	CPD-21707	N 6 -(D-glucosyl)-L-lysine	308.1583511355					C12H25N2O7			plantcyc <https://plantcyc.org/>	glucoselysine // glucosyllysine	308.1583511355	C(O)[C@H]1(O[C@@H](O)[C@H]([NH2+]CCCC[C@H]([NH3+])C(=O)[O-])[C@@H](O)[C@H](O)1)		IGBBBLSQXFDCHI-MIDKXNQYSA-O									PlantCyc/PMN local PGDB
CPD-16559	CPD-16559	delphinidin 3- O -rutinoside-7- O -(6- O -(p-hydroxybenzoyl)-glucoside)	893.2351627528					C40H44O23			plantcyc <https://plantcyc.org/>		893.2351627528	C[C@H]1([C@H](O)[C@@H](O)[C@@H](O)[C@@H](O1)OC[C@@H]7([C@@H](O)[C@H](O)[C@@H](O)[C@H](OC3(\C(C2(\C=C(C(\O)=C(/C=2)\O)\O))=[O+]C4(\C(/C=3)=C(/C=C(/C=4)/O[C@@H]6(O[C@H](COC(=O)C5(\C=C/C(/O)=C\C=5))[C@@H](O)[C@H](O)[C@@H](O)6))\[O-])))O7))		LMJXQDNIBLCFED-BXAVUDHBSA-N									PlantCyc/PMN local PGDB
CPD-178	CPD-178	D- myo -inositol (3,4,5,6)-tetrakisphosphate	499.9287097514					C6H8O18P4			plantcyc <https://plantcyc.org/>	Ins(3,4,5,6)P 4 // Inositol 3,4,5,6-tetra kis phosphate // 1D- myo -inositol 3,4,5,6-tetra kis phosphate // I(3,4,5,6)P 4	499.9287097514	[C@@H]1(O)([C@@H](O)[C@H](OP([O-])(=O)[O-])[C@@H](OP([O-])(=O)[O-])[C@H](OP(=O)([O-])[O-])[C@@H](OP(=O)([O-])[O-])1)		MRVYFOANPDTYBY-UZAAGFTCSA-F									PlantCyc/PMN local PGDB
ACETYL-P	ACETYL-P	acetyl phosphate	139.987459781					C2H3O5P			plantcyc <https://plantcyc.org/>	acetyl-P	139.987459781	CC(OP([O-])(=O)[O-])=O		LIPOUNRJVLNBCD-UHFFFAOYSA-L									PlantCyc/PMN local PGDB
CPD-4608	CPD-4608	benzyladenine-9- N -glucoside	387.1542688106					C18H21N5O5			plantcyc <https://plantcyc.org/>		387.1542688106	C([C@H]1(O[C@@H]([C@@H]([C@H]([C@@H]1O)O)O)N2(C3(\N=C/N=C(C(\N=C/2)=3)/NCC4(\C=C/C=C\C=4)))))O		KRUUBWXADMDQSI-YYZLIPTLSA-N									PlantCyc/PMN local PGDB
P-RIBOSYL-4-SUCCCARB-AMINOIMIDAZOLE	P-RIBOSYL-4-SUCCCARB-AMINOIMIDAZOLE	5'-phosphoribosyl-4-(N-succinocarboxamide)-5-aminoimidazole	454.0737086059					C13H15N4O12P			plantcyc <https://plantcyc.org/>	( S )-2-[5-amino-1-(5-phospho-D-ribosyl)imidazole-4-carboxamido]succinate // 1-(5-phosphoribosyl)-4-(N-succino-carboxamide)-5-aminoimidazole // 5'-P-ribosyl-4-(N-succinocarboxamide)-5-aminoimidazole // 5'-p-Ribosyl-4-(N-succinocarboxamide)-5-amino imidazole // 1-(5'-phosphoribosyl)-4-(N-succino-carboxamide)-5-aminoimidazole	454.0737086059	C(OP(=O)([O-])[O-])[C@H]2(O[C@@H](N1(C(/N)=C(C(=O)NC(C([O-])=O)CC([O-])=O)/N=C\1))[C@H](O)[C@H](O)2)		NAQGHJTUZRHGAC-LBGUGVGYSA-J									PlantCyc/PMN local PGDB
DGMP	DGMP	dGMP	347.0630843401					C10H12N5O7P			plantcyc <https://plantcyc.org/>	2'-dG-5'-MP // 2'-deoxyguanosine 5'-monophosphate // vernine // 2'-deoxyguanosine 5'-phosphate // deoxyguanosine-phosphate	347.0630843401	C(OP(=O)([O-])[O-])[C@H]3(O[C@@H](N1(C2(\N=C(N)/NC(=O)C(\N=C/1)=2)))C[C@H](O)3)		LTFMZDNNPPEQNG-KVQBGUIXSA-L									PlantCyc/PMN local PGDB
CPD-9573	CPD-9573	N -(beta-D-glucosyl)-(indol-3-yl)acetyl-L-glutamate	466.158745066					C21H24N2O10			plantcyc <https://plantcyc.org/>	IAA-Glu-N-Glc // IAA-glutamate-N-beta-D-glucose // IAA-glutamic acid-N-beta-D-glucose // indole-3-acetyl-glumatic acid-N-beta-glucose	466.158745066	C(O)[C@H]3(O[C@@H](N1(\C=C(CC(N[C@H](C(=O)[O-])CCC([O-])=O)=O)/C2(\C=C/C=C\C/1=2)))[C@H](O)[C@@H](O)[C@H](O)3)		PPKYVFHFFAMMLR-NDXMBDNFSA-L									PlantCyc/PMN local PGDB
CPD-12493	CPD-12493	3-epi-6-deoxocathasterone	418.3810808492					C28H50O2			plantcyc <https://plantcyc.org/>		418.3810808492	CC(C)[C@H](C)C[C@H](O)[C@@H](C)[C@H]3(CC[C@H]4([C@@H]2(CC[C@H]1(C[C@H](O)CC[C@@](C)1[C@H]2CC[C@](C)34))))		ZHZKWZJLUNXOSN-LOCIZFEWSA-N									PlantCyc/PMN local PGDB
CPD-20262	CPD-20262	5- S -cysteinyldopaquinone	314.0572568824					C12H14N2O6S			plantcyc <https://plantcyc.org/>		314.0572568824	C([C@@H](C(=O)[O-])[NH3+])C1(\C=C(C(C(\C=1)=O)=O)\SC[C@@H](C(=O)[O-])[NH3+])		HOKJXHGZPDVBLS-BQBZGAKWSA-N									PlantCyc/PMN local PGDB
CPD-13572	CPD-13572	zealexin B1	232.1463298862					C15H19O2			plantcyc <https://plantcyc.org/>	4-(5,5-dimethylcyclohex-1-en-1-yl)cyclohexa-1,3-diene-1-carboxylic acid	232.1463298862	CC2(C)(CC(/C1(\CCC(/C([O-])=O)=C\C=1))=C\CC2)		FLTRYYPYDXSVMK-UHFFFAOYSA-M									PlantCyc/PMN local PGDB
CPD-13368	CPD-13368	all-trans -10'-apo-beta-carotenal	376.2766157777					C27H36O			plantcyc <https://plantcyc.org/>		376.2766157777	CC(/C=C/C=C(C)/C=C/C1(/C(C)(C)CCCC(/C)=1))=C\C=C\C=C(C)\C=C\C=O		PJEHRCCPERVGEC-FLHUAPOTSA-N									PlantCyc/PMN local PGDB
CPD-19818	CPD-19818	(+)-7- epi -12-hydroxyjasmonoyl-L-phenylalanine	373.1889229824					C21H26NO5			plantcyc <https://plantcyc.org/>	(+)-7-iso-12OH-JA-Phe // (+)-7-iso-12-hydroxyjasmonoyl-L-phenylalanine	373.1889229824	C(O)C\C=C/C[C@@H]1(C(=O)CC[C@@H]1CC(N[C@@H](CC2(\C=C/C=C\C=2))C([O-])=O)=O)		VDKUVTCFUXVZCC-QLAVEODCSA-M									PlantCyc/PMN local PGDB
CPD-4101	CPD-4101	24-methylidenelophenol	412.3705161629					C29H48O			plantcyc <https://plantcyc.org/>	4alpha-methyl-5alpha-ergosta-7,24-dien-3beta-ol // 24-methylenelophenol	412.3705161629	CC(C)C(CC[C@@H](C)[C@H]3(CC[C@H]4(C1([C@@H]([C@@]2(C)(CC[C@H](O)[C@@H](C)[C@H](CC=1)2))CC[C@](C)34))))=C		RSMKYRDCCSNYFM-AAGDOFLISA-N									PlantCyc/PMN local PGDB
CPD-534	CPD-534	D- myo -inositol (1,2,4,5,6)-pentakisphosphate	579.8950401598					C6H7O21P5			plantcyc <https://plantcyc.org/>	1D- myo -inositol 1,2,4,5,6-penta kis phosphate // myo -inositol 1,2,4,5,6-penta kis phosphate // inositol 1,2,4,5,6-penta kis phosphate	579.8950401598	[C@H]1(O)([C@@H](OP([O-])(=O)[O-])[C@H](OP([O-])([O-])=O)[C@@H](OP([O-])([O-])=O)[C@H](OP([O-])([O-])=O)[C@H](OP([O-])(=O)[O-])1)		CTPQAXVNYGZUAJ-XCMZKKERSA-D									PlantCyc/PMN local PGDB
CPD-4201	CPD-4201	N 6 -(&Delta; 2 -isopentenyl)-adenosine 5'-triphosphate	575.0583454137					C15H20N5O13P3			plantcyc <https://plantcyc.org/>	iPTP // isopentenyladenosine riboside-5'-triphosphate // iPRTP // isopentenyladenosine-5'-triphosphate	575.0583454137	CC(C)=CCNC3(/N=C\N=C1(C(/N=C\N1[C@@H]2(O[C@H](COP(=O)([O-])OP(=O)([O-])OP(=O)([O-])[O-])[C@@H](O)[C@@H](O)2))=3))		OPLVZTYVQUWKHB-SDBHATRESA-J									PlantCyc/PMN local PGDB
CPD-1905	CPD-1905	(+)-neomenthol	156.1514152641					C10H20O			plantcyc <https://plantcyc.org/>		156.1514152641	CC([C@@H]1(CC[C@H](C[C@@H]1O)C))C		NOOLISFMXDJSKH-UTLUCORTSA-N									PlantCyc/PMN local PGDB
CPD-11938	CPD-11938	1D- myo -inositol 1,5-bis(diphosphate) 2,3,4,6-tetrakisphosphate	819.794031385					C6H6O30P8			plantcyc <https://plantcyc.org/>	1,5-bisdiphosphoinositol-1D- myo -inositol (2,3,4,6)tetrakisphosphate // 1D- myo -inositol 1-diphosphate pentakisphosphate	819.794031385	[C@H]1(OP(=O)([O-])[O-])([C@@H](OP(=O)([O-])[O-])[C@H](OP([O-])(=O)OP([O-])(=O)[O-])[C@@H](OP([O-])(=O)[O-])[C@H](OP(OP([O-])(=O)[O-])([O-])=O)[C@H](OP([O-])([O-])=O)1)		HHQOOERQSFJGEP-SLWYWOEDSA-A									PlantCyc/PMN local PGDB
CPDQT-418	CPDQT-418	7-(methylsulfanyl)heptyl-desulfoglucosinolate	383.1436290487					C15H29NO6S2			plantcyc <https://plantcyc.org/>	7-(methylthio)heptyl-desulfoglucosinolate	383.1436290487	CSCCCCCCCC(\S[C@@H]1(O[C@H](CO)[C@@H](O)[C@H](O)[C@@H](O)1))=N\O		HRWHFIDSPSFJJQ-OOMJLXHVSA-N									PlantCyc/PMN local PGDB
CPD-11939	CPD-11939	3,5-bisdiphosphoinositol-1D- myo -inositol 2,3,4,6-tetrakisphosphate	819.794031385					C6H6O30P8			plantcyc <https://plantcyc.org/>		819.794031385	[C@@H]1(OP([O-])([O-])=O)([C@H](OP([O-])(=O)[O-])[C@@H](OP(=O)([O-])OP(=O)([O-])[O-])[C@H](OP(=O)([O-])[O-])[C@@H](OP(=O)([O-])OP([O-])(=O)[O-])[C@@H](OP([O-])([O-])=O)1)		HHQOOERQSFJGEP-ZSIQDKGESA-A									PlantCyc/PMN local PGDB
BIO-5-AMP	BIO-5-AMP	biotinyl-5'-adenylate	573.1406827341					C20H27N7O9PS			plantcyc <https://plantcyc.org/>	biotinyl-5'-AMP	573.1406827341	C(OP(OC(=O)CCCC[C@@H]1(SC[C@@H]2(NC(=O)N[C@H]12)))(=O)[O-])[C@H]5(O[C@@H](N3(C4(\C(\N=C/3)=C(N)/N=C\N=4)))[C@H](O)[C@H](O)5)		UTQCSTJVMLODHM-RHCAYAJFSA-M									PlantCyc/PMN local PGDB
CPD-17446	CPD-17446	diethyl thiosulfinate	138.0173063231					C4H10OS2			plantcyc <https://plantcyc.org/>		138.0173063231	CCSS(CC)=O		FIWQKOIUXFENIV-UHFFFAOYSA-N									PlantCyc/PMN local PGDB
CPDQT-286	CPDQT-286	glucoberteroin	435.0691434766					C13H24NO9S3			plantcyc <https://plantcyc.org/>	5-(methylsulfanyl)pentyl-glucosinolate // 5-(methylthio)pentyl-glucosinolate	435.0691434766	CSCCCCCC(\S[C@@H]1(O[C@H](CO)[C@@H](O)[C@H](O)[C@@H](O)1))=N\OS(=O)(=O)[O-]		MEFPHTVXBPLRLX-CBEPRAPJSA-M									PlantCyc/PMN local PGDB
CPD-24726	CPD-24726	8- epi -prostaglandin F 2alpha	354.2406242019					C20H33O5			plantcyc <https://plantcyc.org/>	8-iso-prostaglandin F 2alpha // 8-epi-PGF2alpha // 8-iso-PGF2a // 8-IsoP // 8-isoprostane // 9,11,15-trihydroxy-prosta-5,13-dien-1-oate	354.2406242019	CCCCC[C@H](O)/C=C/[C@H]1([C@H](O)C[C@H](O)[C@@H](C\C=C/CCCC(=O)[O-])1)		PXGPLTODNUVGFL-NAPLMKITSA-M									PlantCyc/PMN local PGDB
ALPHA-METHYL-5-ALPHA-ERGOSTA	ALPHA-METHYL-5-ALPHA-ERGOSTA	4alpha-methyl-5alpha-ergosta-8,14,24(28)-trien-3beta-ol	410.3548660987					C29H46O			plantcyc <https://plantcyc.org/>	4alpha-methyl-5alpha-ergosta-8,14,24(24 1 )-trien-3beta-ol	410.3548660987	CC(C)C(CC[C@@H](C)[C@H]2(CC=C3(C4(\CC[C@H]1([C@H](C)[C@@H](O)CC[C@@](C)1C(\CC[C@](C)23)=4)))))=C		HLAWVOWADPNAGN-BAHZUFOISA-N									PlantCyc/PMN local PGDB
LEUCOPELARGONIDIN-CMPD	LEUCOPELARGONIDIN-CMPD	(2 R ,3 S ,4 S )-leucopelargonidin	290.079038182					C15H14O6			plantcyc <https://plantcyc.org/>	cis -3,4-leucopelargonidin	290.079038182	C3(\C(\[C@H]1(OC2(\C(/[C@@H]([C@@H]1O)O)=C(/C=C(/C=2)/O)\O)))=C/C=C(\C=3)/O)		FSVMLWOLZHGCQX-SOUVJXGZSA-N									PlantCyc/PMN local PGDB
16-HYDROXYPALMITATE	16-HYDROXYPALMITATE	16-hydroxypalmitate	272.2351448935					C16H31O3			plantcyc <https://plantcyc.org/>	16-hydroxy-hexadecanoate // &omega;-hydroxy-hexadecanoate // &omega;-hydroxy-palmitate // juniperate // 16-hydroxy-hexadecanoic acid	272.2351448935	C(CCCCCCCCCCCCCCC([O-])=O)O		UGAGPNKCDRTDHP-UHFFFAOYSA-M									PlantCyc/PMN local PGDB
CPD-15619	CPD-15619	aldehydo -L-fucose	164.0684734957					C6H12O5			plantcyc <https://plantcyc.org/>		164.0684734957	C[C@@H]([C@@H](O)[C@@H](O)[C@@H](C=O)O)O		PNNNRSAQSRJVSB-KCDKBNATSA-N									PlantCyc/PMN local PGDB
UDP-N-ACETYL-D-GLUCOSAMINE	UDP-N-ACETYL-D-GLUCOSAMINE	UDP- N -acetyl-alpha-D-glucosamine	607.081569478					C17H25N3O17P2			plantcyc <https://plantcyc.org/>	UDP-2-acetamido-2-deoxy-D-glucose // UDP-acetyl-D-glucosamine // UDP- N -acetyl-glucosamine // uridine diphosphate N -acetylglucosamine // N-[2-[[[5-[(2,4-dioxo-1H-pyrimidin-1-yl)]-3,4-dihydroxy-tetrahydrofuran-2-yl]methoxy-hydroxy-phosphinoyl]oxy-hydroxy-phosphinoyl]oxy-4,5-dihydroxy-6-(hydroxymethyl)tetrahydropyran-3-yl]acetamide // UDP-2-acetamido-2-deoxy-alpha-D-glucose // UDP- N -acetyl-D-glucosamine // UDP-alpha- N -acetyl-D-glucosamine // uridine 5'-diphospho- N --acetylglucosamine	607.081569478	CC(=O)N[C@H]3([C@@H](OP(OP(OC[C@@H]2([C@H]([C@H]([C@H](N1(\C=C/C(=O)NC1=O))O2)O)O))(=O)[O-])(=O)[O-])O[C@@H]([C@H]([C@@H]3O)O)CO)		LFTYTUAZOPRMMI-CFRASDGPSA-L									PlantCyc/PMN local PGDB
INDOLE_ACETATE_AUXIN	INDOLE_ACETATE_AUXIN	(indol-3-yl)acetate	175.0633285383					C10H8NO2			plantcyc <https://plantcyc.org/>	IAA // indole-3-acetic acid // indoleacetic acid // auxin // indoleacetate // indole-3-acetate // (1 H -indol-3-yl)acetate // 3-indoleacetic acid	175.0633285383	C([O-])(=O)CC1(\C2(/C=C\C=C/C(/N\C=1)=2))		SEOVTRFCIGRIMH-UHFFFAOYSA-M									PlantCyc/PMN local PGDB
5-HYDROXY-FERULIC-ACID	5-HYDROXY-FERULIC-ACID	5-hydroxyferulate	210.0528234315					C10H9O5			plantcyc <https://plantcyc.org/>	5-hydroxy ferulic acid	210.0528234315	COC1(/C=C(/C=C/C([O-])=O)/C=C(C(\O)=1)/O)		YFXWTVLDSKSYLW-NSCUHMNNSA-M									PlantCyc/PMN local PGDB
CPD-12868	CPD-12868	cycloeucalenone	424.3705161629					C30H48O			plantcyc <https://plantcyc.org/>	9,19-cyclo-5alpha,9beta-ergost-24(28)-en-3-one // 3H,19H-cyclopropa[9,10]cyclopenta[a]phenanthrene // 4alpha,14alpha-dimethyl-9beta,19-cyclo-ergost-24(24 1 )-en-3-one	424.3705161629	CC(C)C(CC[C@@H](C)[C@H]3(CC[C@@]4(C)([C@@H]1(CC[C@H]5([C@H](C)C(=O)CC[C@@]2(C[C@@]12CC[C@](C)34)5)))))=C		NFRXSIOHGADFRG-MEMZBLDGSA-N									PlantCyc/PMN local PGDB
CPD-9958	CPD-9958	ubiquinol- 10	864.6995614416					C59H92O4			plantcyc <https://plantcyc.org/>	ubiquinol(10)	864.6995614416	CC(C)=CCCC(\C)=C/CCC(\C)=C/CCC(\C)=C/CCC(\C)=C/CCC(\C)=C/CCC(\C)=C/CCC(\C)=C/CCC(\C)=C/CCC(\C)=C/CC1(\C(\O)=C(C(\OC)=C(C(/C)=1)\O)\OC)		QNTNKSLOFHEFPK-UPTCCGCDSA-N									PlantCyc/PMN local PGDB
CPD-13910	CPD-13910	cyclic- 3,4- O -oxalyl-L-threonate	190.0113525473					C6H5O7			plantcyc <https://plantcyc.org/>	3,4-cyclic oxalyl theronolactone	190.0113525473	C1(OC(=O)C(=O)OC(C(O)C(=O)[O-])1)		FTDFTFXOJYXVTH-UHFFFAOYSA-M									PlantCyc/PMN local PGDB
3-OCTAPRENYL-4-HYDROXYBENZOATE	3-OCTAPRENYL-4-HYDROXYBENZOATE	4-hydroxy-3-octaprenylbenzoate	682.5324961133					C47H69O3			plantcyc <https://plantcyc.org/>	3-octaprenyl-4-hydroxybenzoate	682.5324961133	CC(C)=CCCC(\C)=C/CCC(\C)=C/CCC(\C)=C/CCC(\C)=C/CCC(\C)=C/CCC(\C)=C/CCC(\C)=C/CC1(/C=C(\C=C/C(/O)=1)/C(=O)[O-])		UTIBHEBNILDQKX-LQOKPSQISA-M									PlantCyc/PMN local PGDB
CPD-17646	CPD-17646	2-(2,8-dihydroxytridecyl)-6-oxopyran-4-olate	326.2093240735					C18H29O5			plantcyc <https://plantcyc.org/>		326.2093240735	CCCCCC(O)CCCCCC(O)CC1(\OC(=O)/C=C(\C=1)/[O-])		BRNMYGIMJVYGAY-UHFFFAOYSA-M									PlantCyc/PMN local PGDB
CPD-19420	CPD-19420	norbelladine	259.1208434172					C15H17NO3			plantcyc <https://plantcyc.org/>	4-({[2-(4-hydroxyphenyl)ethyl]amino}methyl)benzene-1,2-diol	259.1208434172	C(NCC1(\C=C/C(/O)=C(/C=1)/O))CC2(\C=C/C(/O)=C\C=2)		YJYUDTAJVLORNV-UHFFFAOYSA-N									PlantCyc/PMN local PGDB
CPD-11835	CPD-11835	24-epibrassinolide	480.3450892734					C28H48O6			plantcyc <https://plantcyc.org/>		480.3450892734	CC(C)[C@@H](C)[C@@H](O)[C@H](O)[C@@H](C)[C@H]4(CC[C@@H]3([C@](C)(CC[C@H]2([C@H](COC(=O)[C@H]1(C[C@H](O)[C@H](O)C[C@@](C)12))3))4))		IXVMHGVQKLDRKH-QHBHMFGVSA-N									PlantCyc/PMN local PGDB
CPD-16013	CPD-16013	2-iminobutanoate	101.0476784741					C4H7NO2			plantcyc <https://plantcyc.org/>		101.0476784741	CCC(C(=O)[O-])=[NH2+]		WRBRCYPPGUCRHW-UHFFFAOYSA-N									PlantCyc/PMN local PGDB
CPD-23995	CPD-23995	2-heptyl-1-methoxyquinolin-4(1 H )-one	273.1728789877					C17H23NO2			plantcyc <https://plantcyc.org/>	2-heptyl-1-methoxy-4(1 H )-quinolinone	273.1728789877	CCCCCCCC1(\N(C2(/C=C\C=C/C(/C(\C=1)=O)=2))OC)		IDTUWEWAKTXKFB-UHFFFAOYSA-N									PlantCyc/PMN local PGDB
2-AMINO-3-3-OXOPROP-2-ENYL-BUT-2-ENEDI	2-AMINO-3-3-OXOPROP-2-ENYL-BUT-2-ENEDI	2-amino-3-carboxymuconate-6-semialdehyde	185.0324223404					C7H6NO5			plantcyc <https://plantcyc.org/>	aminocarboxymuconate semialdehyde // 2-amino-3-carboxymuconate semialdehyde // 2-amino-3-(3-oxoprop-1-en-1-yl)-but-2-enedioate // (E,E)-2-amino-3-(3-oxoprop-1-enyl)but-2-enedioate	185.0324223404	C(=O)([O-])C(\C=C\C=O)=C(C([O-])=O)/[NH3+]		KACPVQQHDVBVFC-PMRVSPHWSA-M									PlantCyc/PMN local PGDB
CPD-477	CPD-477	gibberellin A 97	364.1885886314					C20H26O6			plantcyc <https://plantcyc.org/>	GA97	364.1885886314	C=C1([C@@]2(O)(C[C@]3(C1)([C@H]([C@@H]4([C@@](C)(C[C@@H](O)C[C@@](C)([C@@H](CC2)3)4)C([O-])=O))C([O-])=O)))		DBFXNHHIIKEXPP-JOJUGDBLSA-L									PlantCyc/PMN local PGDB
CPD-1090	CPD-1090	(-)-isopiperitenone	150.1044650715					C10H14O			plantcyc <https://plantcyc.org/>		150.1044650715	C=C([C@H]1(CCC(/C)=C/C1=O))C		SEZLYIWMVRUIKT-SECBINFHSA-N									PlantCyc/PMN local PGDB
TREHALOSE-6P	TREHALOSE-6P	alpha,alpha-trehalose 6-phosphate	422.0825419577					C12H21O14P			plantcyc <https://plantcyc.org/>	alpha,alpha-D-trehalose 6-phosphate	422.0825419577	C([C@H]1(O[C@@H]([C@@H]([C@H]([C@@H]1O)O)O)O[C@@H]2([C@@H]([C@H]([C@@H]([C@H](O2)COP([O-])(=O)[O-])O)O)O)))O		LABSPYBHMPDTEL-LIZSDCNHSA-L									PlantCyc/PMN local PGDB
CPD-9896	CPD-9896	3,4-dihydroxy-5-( all-trans -nonaprenyl)benzoate	766.5900109922					C52H77O4			plantcyc <https://plantcyc.org/>	3-(3,7,11,15,19,23-nonamethyltetracosa-2,6,10,14,18,22-hexaenyl) -4,5-dihydroxy-benzoic acid // 3-nonaprenyl-4,5-dihydroxybenzoate	766.5900109922	CC(C)=CCCC(\C)=C/CCC(\C)=C/CCC(\C)=C/CCC(\C)=C/CCC(\C)=C/CCC(\C)=C/CCC(\C)=C/CCC(\C)=C/CC1(/C=C(/C=C(C(/O)=1)/O)/C([O-])=O)		FMSCZYMOUYOENK-OPSRSWOASA-M									PlantCyc/PMN local PGDB
CPD-7289	CPD-7289	3-epihydroxymugineate	336.1168802513					C12H18N2O9			plantcyc <https://plantcyc.org/>	3-epihydroxymugineic acid // epiHMA	336.1168802513	C1([C@H](O)[C@@H](C([O-])=O)N1C[C@H](O)[C@H]([NH2+]CC[C@H](O)C(=O)[O-])C(=O)[O-])		QPIOQLJXMZWNFJ-LJASKYJCSA-L									PlantCyc/PMN local PGDB
CPD-12355	CPD-12355	16,17-dihydro-16alpha,17-dihydroxy gibberellin A 4	366.1678531893					C19H25O7			plantcyc <https://plantcyc.org/>	16,17-dihydro-16alpha,17-dihydroxy GA 4 // 16alpha, 17-[OH] 2 gibberellin A 4 // 16alpha, 17-[OH] 2 GA 4	366.1678531893	C[C@@]13(C(=O)O[C@]4(CC[C@H](O)1)([C@H]5(CC[C@@H]2(C[C@](C[C@](O)(CO)2)([C@H]([C@H]34)C([O-])=O)5))))		PXILXJZAZQLESA-GCEKEWBKSA-M									PlantCyc/PMN local PGDB
FARNESYL-PP	FARNESYL-PP	(2 E ,6 E )-farnesyl diphosphate	382.1310262735					C15H25O7P2			plantcyc <https://plantcyc.org/>	2- trans ,6- trans -farnesyl diphosphate // 2-trans,6-trans-farnesyl diphosphate // FPP // trans, trans -farnesyl diphosphate // farnesyl-PP // farnesyl pyrophosphate // &omega;, E,E -farnesyl diphosphate // farnesyl diphosphate // ( E,E )-farnesyl diphosphate // all-trans -farnesyl diphosphate // C 15 -PP	382.1310262735	CC(C)=CCCC(\C)=C/CCC(\C)=C/COP(OP([O-])(=O)[O-])(=O)[O-]		VWFJDQUYCIWHTN-YFVJMOTDSA-K									PlantCyc/PMN local PGDB
DODECANOATE	DODECANOATE	dodecanoate	200.1776300146					C12H23O2			plantcyc <https://plantcyc.org/>	laurate // n -dodecanoic acid // dodecanoic acid // n-dodecanoic acid // lauric acid // tin II 2-ethylhexanoate // dodecanoate	200.1776300146	CCCCCCCCCCCC([O-])=O		POULHZVOKOAJMA-UHFFFAOYSA-M									PlantCyc/PMN local PGDB
CPD-8933	CPD-8933	chlorosuccinate	151.9876363589					C4H3O4CL			plantcyc <https://plantcyc.org/>		151.9876363589	C(=O)([O-])C(Cl)CC(=O)[O-]		QEGKXSHUKXMDRW-UHFFFAOYSA-L									PlantCyc/PMN local PGDB
CPD-15002	CPD-15002	cyanidin-3- O -rutinoside-5- O -beta-D-glucoside	757.2191187581					C33H40O20			plantcyc <https://plantcyc.org/>	cyanidin 3-rutinoside-5-glucoside // a cyanidin-3- O -rutinoside-5- O -beta-D-glucoside	757.2191187581	C[C@H]1([C@H](O)[C@@H](O)[C@@H](O)[C@@H](O1)OC[C@@H]2([C@@H](O)[C@H](O)[C@@H](O)[C@@H](O2)OC4(\C(C3(\C=C(C(/O)=C\C=3)\O))=[O+]C5(\C=C(/C=C(C(\C=4)=5)/O[C@@H]6(O[C@H](CO)[C@@H](O)[C@H](O)[C@@H](O)6))\[O-]))))		DFJZNAHUOVEDQB-HWKLKBEVSA-N									PlantCyc/PMN local PGDB
CPD-3344	CPD-3344	pyruvic oxime	103.026943032					C3H4NO3			plantcyc <https://plantcyc.org/>		103.026943032	CC(/C(=O)[O-])=N\O		MVGBKLTYYAYYGY-DUXPYHPUSA-M									PlantCyc/PMN local PGDB
CPD-14443	CPD-14443	(2S,4S)-4-hydroxy-2,3,4,5-tetrahydrodipicolinate	187.0480724046					C7H7NO5			plantcyc <https://plantcyc.org/>	(4 S )-4-hydroxy-2,3,4,5-tetrahydro-(2 S )-dipicolinate	187.0480724046	C1([C@H](O)CC(/C([O-])=O)=N\[C@@H]1C([O-])=O)		DVTPRYHENFBCII-IMJSIDKUSA-L									PlantCyc/PMN local PGDB
CPD-15371	CPD-15371	ternatin C3	1021.2461213696					C45H46O27			plantcyc <https://plantcyc.org/>		1021.2461213696	C(O)[C@@H]1(O[C@@H]([C@@H](O)[C@H](O)[C@@H](O)1)OC2(/C=C(/C=C(C(\O)=2)/O[C@@H]3(O[C@@H]([C@@H](O)[C@H](O)[C@@H](O)3)COC(=O)/C=C/C4(\C=C/C(/O)=C\C=4)))/C5(=[O+]C7(\C(/C=C5/O[C@@H]6(O[C@H](COC(CC([O-])=O)=O)[C@@H](O)[C@H](O)[C@@H](O)6))=C(/C=C(/C=7)/[O-])\[O-]))))		HRUUEDKBMVPXJT-YZCBVULXSA-L									PlantCyc/PMN local PGDB
CPD-8160	CPD-8160	1-18:1-2-16:0-digalactosyldiacylglycerol	918.6279722205					C49H90O15			plantcyc <https://plantcyc.org/>	18:1-16:0-DGDG	918.6279722205	CCCCCCCC\C=C/CCCCCCCC(OC[C@H](CO[C@@H]2(O[C@H](CO[C@@H]1(O[C@H](CO)[C@H](O)[C@H](O)[C@@H](O)1))[C@H](O)[C@H](O)[C@@H](O)2))OC(=O)CCCCCCCCCCCCCCC)=O		URPVRQMPLAUDPR-KTIOJHCCSA-N									PlantCyc/PMN local PGDB
CPD-4615	CPD-4615	dihydrozeatin-7- N -glucose	383.1804835611					C16H25N5O6			plantcyc <https://plantcyc.org/>		383.1804835611	CC(CCNC1(\C2(N(\C=N/C(\N=C/N=1)=2)[C@@H]3([C@@H]([C@H]([C@@H]([C@H](O3)CO)O)O)O))))CO		WSELIHNWDGFXRQ-CLORPHGJSA-N									PlantCyc/PMN local PGDB
CPD-558	CPD-558	pimeloyl-CoA	909.1782025529					C28H41N7O19P3S			plantcyc <https://plantcyc.org/>	6-carboxyhexanoyl-CoA // pimelyl-CoA	909.1782025529	CC(C)([C@@H](O)C(=O)NCCC(=O)NCCSC(CCCCCC([O-])=O)=O)COP(=O)(OP(=O)(OC[C@@H]1([C@@H](OP([O-])(=O)[O-])[C@@H](O)[C@@H](O1)N2(C3(\N=C/N=C(C(\N=C/2)=3)/N))))[O-])[O-]		LYCRXMTYUZDUGA-UYRKPTJQSA-I									PlantCyc/PMN local PGDB
S-N-METHYLCOCLAURINE	S-N-METHYLCOCLAURINE	( S )- N -methylcoclaurine	299.1521435456					C18H22NO3			plantcyc <https://plantcyc.org/>	( S )-1,2,3,4-tetrahydro-1-[ (4-hydroxyphenyl)methyl ]-6-methoxy-2-methyl -7-isoquinolinol	299.1521435456	C1([NH+]([C@H](C2(\C=C(C(/OC)=C\C(/C1)=2)\O))CC3(\C=C/C(/O)=C\C=3))C)		BOKVLBSSPUTWLV-INIZCTEOSA-O									PlantCyc/PMN local PGDB
CPD-7050	CPD-7050	2,4-pyridinedicarboxylate	167.0218576541					C7H3NO4			plantcyc <https://plantcyc.org/>		167.0218576541	C(C1(\C=C(C(=O)[O-])/N=C\C=1))([O-])=O		MJIVRKPEXXHNJT-UHFFFAOYSA-L									PlantCyc/PMN local PGDB
CPD-9459	CPD-9459	oleanolate	456.3603454071					C30H47O3			plantcyc <https://plantcyc.org/>	oleanolic acid // oleanic acid // caryophyllin // 3beta-hydroxyolean-12-en-28-oic acid // oleonolic acid // 3beta-hydroxyolean-12-en-28-oate	456.3603454071	CC4(C[C@H]5(C2(\[C@]([C@@]1(CC[C@H]3(C([C@H](CC[C@]([C@H]1C\C=2)3C)O)(C)C))C)(CC[C@@](CC4)5C([O-])=O)C)))C		MIJYXULNPSFWEK-GTOFXWBISA-M									PlantCyc/PMN local PGDB
CPD0-1240	CPD0-1240	monofluoromethylornithine	164.0961058719					C6H14N2O2F			plantcyc <https://plantcyc.org/>	2-fluoromethylornithine // alpha-Fluoromethylornithine // ornithine, 2-(fluoromethyl)-	164.0961058719	C(F)C(C(=O)[O-])([NH3+])CCC[NH3+]		PYSFCFGTQFSVRE-UHFFFAOYSA-O									PlantCyc/PMN local PGDB
CPD-18840	CPD-18840	3-acetyl-3-devinylchlorophyllide a	630.2328767448					C35H32N4O6MG			plantcyc <https://plantcyc.org/>		630.2328767448	CCC1(\C2(/C=C7(C(\C)=C3(C4(\N([Mg]N6(C(\C=C(C(/C)=1)/N=2)=C(C(/C)=C(\C=C5([C@@H](C)[C@H](CCC(=O)[O-])C(\C(/[C-](C(OC)=O)C(=O)3)=4)=N5))/6)/C(C)=O))7)))))											PlantCyc/PMN local PGDB
CPD-16536	CPD-16536	cyanidin 3- O -[6- O -(4-coumaroyl)]-beta- D -sambubioside	727.1874246992					C35H34O17			plantcyc <https://plantcyc.org/>	cyanidin 3- O -[beta-D-xylosyl-(1->2)]-6- O -(p-coumaroyl)-beta-D-glucoside // cyanidin 3- O -beta- D -(p-coumaroyl)-sambubioside	727.1874246992	C6(/C=C(\C=C/C(/C=C/C(=O)OC[C@H]5(O[C@@H](OC1(\C(=[O+]C2(\C(/C=1)=C(/C=C(/C=2)/O)\[O-]))C3(\C=C/C(/O)=C(/C=3)/O)))[C@H](O[C@@H]4(OC[C@@H](O)[C@H](O)[C@@H](O)4))[C@@H](O)[C@H](O)5))=6)/O)		KMIJRKZNTFVLAI-YONICNLVSA-N									PlantCyc/PMN local PGDB
CPD-490	CPD-490	alpha-D-xylose 1-phosphate	230.0191538399					C5H9O8P			plantcyc <https://plantcyc.org/>		230.0191538399	[C@@H]1([C@@H]([C@H]([C@@H](CO1)O)O)O)OP([O-])([O-])=O		ILXHFXFPPZGENN-KKQCNMDGSA-L									PlantCyc/PMN local PGDB
FMNH2	FMNH2	FMNH 2	458.120264868					C17H21N4O9P			plantcyc <https://plantcyc.org/>	reduced FMN // reduced flavin mononucleotide	458.120264868	CC1(\C(/C)=C/C2(/N(C[C@H](O)[C@H](O)[C@H](O)COP([O-])(=O)[O-])C3(/NC(=O)NC(=O)C(\NC(/C=1)=2)=3)))		YTNIXZGTHTVJBW-SCRDCRAPSA-L									PlantCyc/PMN local PGDB
CPD-9269	CPD-9269	alliin	177.0459639146					C6H11NO3S			plantcyc <https://plantcyc.org/>	(+)-L-alliin // 3-(allylsulfinyl)alanin // ( S )-allyl-L-cystein-S-oxide // ( S )-S-allyl-L-cysteine sulfoxide // ( S )-3-(allylsulphinyl)-L-alanine	177.0459639146	C=CCS(=O)C[C@H]([NH3+])C([O-])=O		XUHLIQGRKRUKPH-DYEAUMGKSA-N									PlantCyc/PMN local PGDB
BETAINE-ALDEHYDE-HYDRATE	BETAINE-ALDEHYDE-HYDRATE	betaine aldehyde hydrate	121.1102787309					C5H14NO2			plantcyc <https://plantcyc.org/>	choline gem-diol // glycine betaine aldehyde hydrate	121.1102787309	C[N+](C)(CC(O)O)C		HEHORKLRCFPRON-UHFFFAOYSA-N									PlantCyc/PMN local PGDB
CPD-7610	CPD-7610	soyasapogenol B	458.3759954713					C30H50O3			plantcyc <https://plantcyc.org/>	24-hydroxysophoradiol // (3beta,22beta)-olean-12-ene-3,22,24-triol	458.3759954713	C[C@@]4(CC5(C2(\[C@]([C@@]1(CCC3([C@](CO)(C)[C@H](CC[C@](C1C\C=2)3C)O))C)(CC[C@@]([C@@H](C4)O)5C)C)))C		YOQAQNKGFOLRGT-FNBSVUNXSA-N									PlantCyc/PMN local PGDB
CPD-16355	CPD-16355	N -(lignoceroyl)-phytosphingosine	667.6478602221					C42H85NO4			plantcyc <https://plantcyc.org/>	cer2_24 // ceramide-2 (phytosphingosine:N-C24:0) // N -(tetracosanoyl)-4-hydroxysphinganine // ceramide B (C24) // ceramide-2 (C24) // N -(tetracosanoyl)phytosphingosine // ceramide N(C24:0)P(C:18:0)	667.6478602221	CCCCCCCCCCCCCCCCCCCCCCCC(=O)N[C@@H](CO)[C@@H]([C@H](O)CCCCCCCCCCCCCC)O		ZESJDNWGTANZCC-LFVSMIGWSA-N									PlantCyc/PMN local PGDB
CPD-18085	CPD-18085	1,2-dihydro-beta-NADP	745.0911021051					C21H26N7O17P3			plantcyc <https://plantcyc.org/>	2-dihydro-nicotinamide adenine dinucleotide phosphate // 2DHNADP	745.0911021051	C1(\N(CC(/C(=O)N)=C\C=1)[C@@H]2(O[C@@H]([C@H]([C@H]2O)O)COP(OP(OC[C@H]5(O[C@@H](N3(C4(\C(\N=C/3)=C(N)/N=C\N=4)))C(OP([O-])(=O)[O-])[C@H](O)5))(=O)[O-])(=O)[O-]))		SNZSFAQYVLPEBZ-FUXVTKQXSA-J									PlantCyc/PMN local PGDB
ALPHA-GLUCOSE-16-BISPHOSPHATE	ALPHA-GLUCOSE-16-BISPHOSPHATE	alpha-D-glucose 1,6-bisphosphate	339.9960489346					C6H10O12P2			plantcyc <https://plantcyc.org/>	alpha-D-glucose 1,6-P 2 // alpha-D-glucopyranose 1,6-bisphosphate	339.9960489346	C([C@@H]1([C@@H](O)[C@H](O)[C@@H](O)[C@@H](OP(=O)([O-])[O-])O1))OP([O-])(=O)[O-]		RWHOZGRAXYWRNX-VFUOTHLCSA-J									PlantCyc/PMN local PGDB
DOPAMINE	DOPAMINE	dopamine	153.0789786025					C8H12NO2			plantcyc <https://plantcyc.org/>	deoxyepinephrine // hydroxytyramine // 3,4-dihydroxyphenethylamine // intropin // 2-(3,4-dihydroxyphenyl)ethylamine // 4-(2-aminoethyl)benzene-1,2-diol // 3-hydroxytyramine	153.0789786025	C(CC1(\C=C(C(/O)=C\C=1)\O))[NH3+]		VYFYYTLLBUKUHU-UHFFFAOYSA-O									PlantCyc/PMN local PGDB
CPD0-1445	CPD0-1445	L-alanyl-L-glutamate	218.0902715703					C8H13N2O5			plantcyc <https://plantcyc.org/>	L-Ala-L-Glu // Ala-Glu	218.0902715703	C[C@H]([NH3+])C(=O)N[C@H](C([O-])=O)CCC(=O)[O-]		VYZAGTDAHUIRQA-WHFBIAKZSA-M									PlantCyc/PMN local PGDB
CDP-N-METHYLETHANOLAMIN	CDP-N-METHYLETHANOLAMIN	CDP-N-methylethanolamine	460.0760305901					C12H21N4O11P2			plantcyc <https://plantcyc.org/>		460.0760305901	C(COP(OP(OC[C@@H]2([C@H]([C@H]([C@H](N1(\C=C/C(/N)=N\C1=O))O2)O)O))(=O)[O-])([O-])=O)[NH2+]C		RSPRLQAZJOAGFP-QCNRFFRDSA-M									PlantCyc/PMN local PGDB
CPD4KF-7	CPD4KF-7	9beta-pimara-7,15-diene	272.2504010272					C20H32			plantcyc <https://plantcyc.org/>	9beta-pimara-7,15-diene // 9beta-hydroxy-pimara-7,15-diene	272.2504010272	C[C@]2(CCC[C@@]3([C@H]1(C(/C[C@@](CC1)(C=C)C)=C/C[C@@H]23))C)C											PlantCyc/PMN local PGDB
ISOCHORISMATE	ISOCHORISMATE	isochorismate	226.0477380536					C10H8O6			plantcyc <https://plantcyc.org/>	Isochorismic acid	226.0477380536	C=C(C(=O)[O-])O[C@H]1(\C=C/C=C([C@@H]1O)/C([O-])=O)		NTGWPRCCOQCMGE-YUMQZZPRSA-L									PlantCyc/PMN local PGDB
CPD-16719	CPD-16719	ent -cassa-12,15-dien-2beta-ol	288.2453156493					C20H32O			plantcyc <https://plantcyc.org/>	2alpha-hydroxy- ent -cassadiene	288.2453156493	C=CC1([C@@H](C)[C@@H]2([C@@H](CC=1)[C@@]3(C)([C@H](CC2)C(C)(C)C[C@H](O)C3)))		XABYPRBWQNEUHH-IIPJSQIGSA-N									PlantCyc/PMN local PGDB
CPD-15269	CPD-15269	luteolinidin 5- O -beta-D-glucoside	433.1134718951					C21H20O10			plantcyc <https://plantcyc.org/>		433.1134718951	C4(\C(\C2(\[O+]=C1(/C=C(/C=C(C/1=C\C=2)/O[C@H]3([C@@H]([C@H]([C@H](O)[C@H](O3)CO)O)O))/[O-])))=C/C(/O)=C(\C=4)/O)		RXQNESSHTIRLBK-YMQHIKHWSA-N									PlantCyc/PMN local PGDB
CPD-4127	CPD-4127	isofucosterol	412.3705161629					C29H48O			plantcyc <https://plantcyc.org/>		412.3705161629	C\C=C(CC[C@@H](C)[C@H]3(CC[C@H]4([C@@H]2(C\C=C1(C[C@@H](O)CC[C@@](C)1[C@H]2CC[C@](C)34)))))/C(C)C		OSELKOCHBMDKEJ-WGMIZEQOSA-N									PlantCyc/PMN local PGDB
CPD-716	CPD-716	teasterone	448.3552600292					C28H48O4			plantcyc <https://plantcyc.org/>		448.3552600292	CC(C)[C@H](C)[C@@H](O)[C@H](O)[C@@H](C)[C@H]3(CC[C@H]4([C@@H]2(CC(=O)[C@H]1(C[C@@H](O)CC[C@@](C)1[C@H]2CC[C@](C)34))))		SBSXXCCMIWEPEE-GZKYLSGOSA-N									PlantCyc/PMN local PGDB
CPD-302	CPD-302	D-aspartate	133.0375077183					C4H6NO4			plantcyc <https://plantcyc.org/>	D-aspartic acid	133.0375077183	C(C(=O)[O-])[C@@H]([NH3+])C(=O)[O-]		CKLJMWTZIZZHCS-UWTATZPHSA-M									PlantCyc/PMN local PGDB
CPD-385	CPD-385	1,2-benzoquinone	108.0211293726					C6H4O2			plantcyc <https://plantcyc.org/>		108.0211293726	C1(\C=C/C(C(\C=1)=O)=O)		WOAHJDHKFWSLKE-UHFFFAOYSA-N									PlantCyc/PMN local PGDB
5-PHOSPHORIBOSYL-N-FORMYLGLYCINEAMIDINE	5-PHOSPHORIBOSYL-N-FORMYLGLYCINEAMIDINE	2-(formamido)-N 1 -(5-phospho-beta-D-ribosyl)acetamidine	313.067501016					C8H15N3O8P			plantcyc <https://plantcyc.org/>	5-phosphoribosyl- N -formylglycineamidine // 5'-phosphoribosyl- N -formyl glycineamidine // 5'-phosphoribosylformylglycinamidine	313.067501016	C(NC=O)C(N[C@H]1([C@H](O)[C@H](O)[C@@H](COP([O-])(=O)[O-])O1))=[NH2+]		PMCOGCVKOAOZQM-XVFCMESISA-M									PlantCyc/PMN local PGDB
CPD0-1158	CPD0-1158	(3 E ,5 Z )-tetradeca-3,5-dienoyl-CoA	973.2822736939					C35H54N7O17P3S			plantcyc <https://plantcyc.org/>	3- trans ,5- cis -tetradecadienoyl-CoA	973.2822736939	CCCCCCCC\C=C/C=C/CC(SCCNC(=O)CCNC(=O)[C@H](O)C(C)(C)COP(=O)(OP(=O)(OC[C@@H]1([C@@H](OP([O-])(=O)[O-])[C@@H](O)[C@@H](O1)N2(C3(\N=C/N=C(C(\N=C/2)=3)/N))))[O-])[O-])=O		QADUDNMSWUFMGZ-ROGIYNEGSA-J									PlantCyc/PMN local PGDB
3-KETOBUTYRATE	3-KETOBUTYRATE	acetoacetate	102.0316940589					C4H5O3			plantcyc <https://plantcyc.org/>	3-ketobutyrate // 3-oxobutanate // oxobutyrate // acetoacetic acid // 3-oxobutyric acid // 3-oxobutanoic acid // diacetic acid // beta-ketobutyric acid	102.0316940589	CC(=O)CC([O-])=O		WDJHALXBUFZDSR-UHFFFAOYSA-M									PlantCyc/PMN local PGDB
CPD-15799	CPD-15799	(S)-norreticuline	315.1470581677					C18H22NO4			plantcyc <https://plantcyc.org/>	11-[(4-hydroxy-3-methoxy-phenyl)methyl]-6-methoxy-1,2,3,4- tetrahydroisoquinolin-7-ol // nororientaline	315.1470581677	COC3(\C(\O)=C/C(\C[C@H]1(C2(\C=C(C(/OC)=C\C(/CC[NH2+]1)=2)\O)))=C\C=3)		FVEMXQCEJGGXJB-AWEZNQCLSA-O									PlantCyc/PMN local PGDB
CPD-13357	CPD-13357	(2 R )-2,3-dihydroxy-3-methylbutanoate	134.0579088094					C5H9O4			plantcyc <https://plantcyc.org/>	( R )-2,3-dihydroxy-3-methylbutanoate // ( R )-2,3-dihydroxy-isovalerate	134.0579088094	CC(C)(O)[C@@H](O)C(=O)[O-]		JTEYKUFKXGDTEU-VKHMYHEASA-M									PlantCyc/PMN local PGDB
CPD-12884	CPD-12884	solavetivol	220.1827153925					C15H24O			plantcyc <https://plantcyc.org/>	(2R,5S,10R)-6,10-dimethyl-2-(prop-1-en-2-yl)spiro[4.5]dec-6-en-8-ol	220.1827153925	C=C([C@H]2(C[C@]1([C@@H](CC(\C=C(C)/1)O)C)CC2))C		QRPWLSKPROEDAH-QKGHYUKFSA-N									PlantCyc/PMN local PGDB
CROTONATE	CROTONATE	crotonate	86.0367794368					C4H5O2			plantcyc <https://plantcyc.org/>	2-butenoate // b-methylacrylic acid // trans -2-butenoic acid // 2-butenoic acid // crotonic acid // beta-methylacrylic acid // trans -but-2-enoate // (E)-2-butenoate	86.0367794368	C/C=C/C(=O)[O-]		LDHQCZJRKDOVOX-NSCUHMNNSA-M									PlantCyc/PMN local PGDB
DI-H-OROTATE	DI-H-OROTATE	( S )-dihydroorotate	158.0327566914					C5H5N2O4			plantcyc <https://plantcyc.org/>	dihydro-L-orotate // ( S )-4,5-dihydroorotate // ( S )-4,5-dihydroorotic acid // ( S )-hydroorotic acid // ( S )-di-H-orotate // L-dihydroorotate // 4,5-dihydro-L-orotate // L-4,5-dihydroorotate // ( S )-4-pyrimidinecarboxylic acid	158.0327566914	C1(C(=O)NC(=O)N[C@H](C(=O)[O-])1)		UFIVEPVSAGBUSI-REOHCLBHSA-M									PlantCyc/PMN local PGDB
SCOPOLIN	SCOPOLIN	scopolin	354.0950821767					C16H18O9			plantcyc <https://plantcyc.org/>		354.0950821767	COC2(\C(\O[C@H]1([C@@H]([C@H]([C@H](O)[C@@H](CO)O1)O)O))=C/C3(OC(\C=C/C(/C=2)=3)=O))		SGTCGCCQZOUMJJ-YMILTQATSA-N									PlantCyc/PMN local PGDB
CPD-12571	CPD-12571	selgin	316.0583027399					C16H11O7			plantcyc <https://plantcyc.org/>	3'- O -methyltricetin	316.0583027399	COC1(/C=C(/C=C(C(\O)=1)/O)/C2(/OC3(/C=C(/C=C(C(\C(=O)\C=2)=3)/O)/[O-])))		UGPOBASOHYMNAK-UHFFFAOYSA-M									PlantCyc/PMN local PGDB
CPD-1042	CPD-1042	dhurrin	311.1005019056					C14H17NO7			plantcyc <https://plantcyc.org/>	(S)-4-hydroxymandelonitrile-beta-D-glucoside // beta-D-glucopyranosyloxy-( S )- p -hydroxymandelonitrile // p -hydroxy- S -mandelonitrile-beta-D-glucopyranoside	311.1005019056	C2(/C=C(\C=C/C(/[C@H](O[C@@H]1(O[C@H](CO)[C@@H](O)[C@H](O)[C@@H](O)1))C#N)=2)/O)		NVLTYOJHPBMILU-YOVYLDAJSA-N									PlantCyc/PMN local PGDB
CPD-6201	CPD-6201	gibberellin A 36	362.1729385672					C20H24O6			plantcyc <https://plantcyc.org/>	GA36	362.1729385672	C=C1([C@H]2(C[C@]3(C1)([C@H]([C@@H]4([C@@](C)([C@@H](O)CC[C@@](C=O)([C@@H](CC2)3)4)C([O-])=O))C([O-])=O)))		JZBLVVPDEDCVQA-SQLMURCQSA-L									PlantCyc/PMN local PGDB
DGDP	DGDP	dGDP	427.0294147485					C10H12N5O10P2			plantcyc <https://plantcyc.org/>	2'-deoxyguanosine-5'-diphosphate // deoxyguanosine-diphosphate	427.0294147485	C(OP(=O)([O-])OP(=O)([O-])[O-])[C@H]3(O[C@@H](N1(C2(\N=C(N)/NC(=O)C(\N=C/1)=2)))C[C@H](O)3)		CIKGWCTVFSRMJU-KVQBGUIXSA-K									PlantCyc/PMN local PGDB
CPD-18658	CPD-18658	C37-phenolphthiocerol A	576.5117606712					C37H68O4			plantcyc <https://plantcyc.org/>	(3R,4S,9R,11R)-29-(4-hydroxyphenyl)-3-methoxy-4-methylnonacosane-9,11-diol	576.5117606712	CC[C@@H](OC)[C@@H](C)CCCC[C@@H](O)C[C@H](O)CCCCCCCCCCCCCCCCCCC1(\C=C/C(/O)=C\C=1)		GDIGGEUWHKJEEK-OBSFXCBMSA-N									PlantCyc/PMN local PGDB
CPD-21438	CPD-21438	30-hydroxyobtusifoliol	442.3810808492					C30H50O2			plantcyc <https://plantcyc.org/>		442.3810808492	CC(C)C(CC[C@@H](C)[C@H]2(CC[C@@]3(CO)(C4(\CC[C@H]1([C@H](C)[C@@H](O)CC[C@@](C)1C(\CC[C@](C)23)=4)))))=C		NLRBCQBDLKXHQX-OKTBDYBISA-N									PlantCyc/PMN local PGDB
CPD-16535	CPD-16535	cyanidin 3- O -beta- D -sambubioside	581.1506452624					C26H27O15			plantcyc <https://plantcyc.org/>	sambicyanin // cyanidin 3-sambubioside // cyanidin-3-xyloglucoside // cyanidin 3- O -[2"- O -(xylosyl)] glucoside	581.1506452624	C5(\C(\C1(=[O+]C4(\C(/C=C1/O[C@@H]3(O[C@@H]([C@@H](O)[C@H](O)[C@@H](O[C@@H]2(OC[C@@H](O)[C@H](O)[C@@H](O)2))3)CO))=C(/C=C(/C=4)/[O-])\[O-])))=C/C(/O)=C(\C=5)/O)		ZPPQIOUITZSYAO-AOBOYTTNSA-M									PlantCyc/PMN local PGDB
CPD-16622	CPD-16622	12,13beta-epoxy-16beta-hydroxy-beta-amyrin	458.3759954713					C30H50O3			plantcyc <https://plantcyc.org/>		458.3759954713	C[C@@]3(C[C@H]4([C@]26(O[C@H](C[C@@H]5([C@]1(CC[C@@H]([C@@]([C@@H]1CC[C@@]([C@@]2(C[C@H](O)[C@@](C)(CC3)4)C)5C)(C)C)O)C))6)))C		DZSJPWPITPKYOF-MCVNXRIQSA-N									PlantCyc/PMN local PGDB
CPD-3161	CPD-3161	(2 R ,3 S )-2,4',5,7-tetrahydroxyisoflavanone	288.0633881178					C15H12O6			plantcyc <https://plantcyc.org/>	(2 R ,3 S )-2-hydroxy-2,3-dihydrogenistein // (2 R ,3 S )-2-hydroxyisoflavanone naringenin	288.0633881178	C3(/C=C(\C=C/C(/[C@@H]1(C(C2(/C(/O[C@@H](O)1)=C\C(\O)=C/C(/O)=2))=O))=3)/O)		UQOJAGBSKPHQOG-IUODEOHRSA-N									PlantCyc/PMN local PGDB
CPD-21268	CPD-21268	3beta,15,16-trihydroxydolabrene	322.2507949577					C20H34O3			plantcyc <https://plantcyc.org/>		322.2507949577	C=C3([C@@H](O)CC[C@@H]2([C@](C)(CC[C@@H]1(C[C@](C(O)CO)(C)CC[C@](C)12))3))		OEXGWMJSOMQOBP-XVMBTQODSA-N									PlantCyc/PMN local PGDB
CPD-13860	CPD-13860	cubebol	222.1983654567					C15H26O			plantcyc <https://plantcyc.org/>		222.1983654567	CC(C)[C@H]3([C@@H]2([C@@H]1([C@@](CC[C@](C)(O)1)2[C@H](C)CC3)))		KONGRWVLXLWGDV-BYGOPZEFSA-N									PlantCyc/PMN local PGDB
CPD-2042	CPD-2042	(2S)-flavan-4-ol	226.0993796936					C15H14O2			plantcyc <https://plantcyc.org/>		226.0993796936	C3(\C=C/C(/[C@@H]1(CC(C2(\C(\O1)=C/C=C\C=2))O))=C\C=3)		YTMFRMLVZQOBDR-WUJWULDRSA-N									PlantCyc/PMN local PGDB
D-MYO-INOSITOL-4-PHOSPHATE	D-MYO-INOSITOL-4-PHOSPHATE	1D- myo -inositol 4-monophosphate	260.0297185262					C6H11O9P			plantcyc <https://plantcyc.org/>	D- myo -inositol 4-phosphate // D- myo -inositol 4-monophosphate // inositol 4-phosphate // Ins(4)P 1 // Ins4P	260.0297185262	[C@@H]1(O)([C@H](O)[C@@H](O)[C@H](OP(=O)([O-])[O-])[C@@H](O)[C@@H](O)1)		INAPMGSXUVUWAF-CNWJWELYSA-L									PlantCyc/PMN local PGDB
CPD0-1314	CPD0-1314	uridine-5'-diphosphate bromoacetol	537.9389242634					C12H15N2O13P2BR			plantcyc <https://plantcyc.org/>		537.9389242634	C(Br)C(=O)COP(=O)([O-])OP(=O)([O-])OC[C@@H]2([C@H]([C@H]([C@H](N1(\C=C/C(=O)NC1=O))O2)O)O)		KUNNVLZBOWEQIC-QCNRFFRDSA-L									PlantCyc/PMN local PGDB
EPOXYSQUALENE	EPOXYSQUALENE	(3 S )-2,3-epoxy-2,3-dihydrosqualene	426.3861662271					C30H50O			plantcyc <https://plantcyc.org/>	squalene 2,3-epoxide // squalene 2,3-oxide // (S)-squalene-2,3-epoxide // 2,3-EDSQ // 2,3-epoxisqualene // oxidosqualene // 2,3-oxidosqualene // (3 S )-2,3-epoxysqualene	426.3861662271	CC(C)=CCCC(\C)=C/CCC(\C)=C/CC/C=C(C)/CC/C=C(C)/CC[C@H]1(C(C)(C)O1)		QYIMSPSDBYKPPY-RSKUXYSASA-N									PlantCyc/PMN local PGDB
CPD-714	CPD-714	cathasterone	432.3603454071					C28H48O3			plantcyc <https://plantcyc.org/>	(22S)-3beta,22-dihydroxy-5alpha-campestan-6-one	432.3603454071	CC(C)[C@H](C)C[C@H](O)[C@@H](C)[C@H]3(CC[C@H]4([C@@H]2(CC(=O)[C@H]1(C[C@@H](O)CC[C@@](C)1[C@H]2CC[C@](C)34))))		JSVPGVHCEQDJCZ-VGEHDTSWSA-N									PlantCyc/PMN local PGDB
CPD-15712	CPD-15712	beta-D-galactose 6-phosphate	260.0297185262					C6H11O9P			plantcyc <https://plantcyc.org/>	6-phospho-beta-D-galactose	260.0297185262	C(OP([O-])([O-])=O)[C@H]1(O[C@H]([C@@H]([C@H]([C@H]1O)O)O)O)		NBSCHQHZLSJFNQ-FPRJBGLDSA-L									PlantCyc/PMN local PGDB
CPD-16558	CPD-16558	delphinidin 3- O -rutinoside-7- O -glucoside	773.2140333802					C33H40O21			plantcyc <https://plantcyc.org/>	bisdeacylplatyconin	773.2140333802	C[C@H]1([C@H](O)[C@@H](O)[C@@H](O)[C@@H](O1)OC[C@@H]6([C@@H](O)[C@H](O)[C@@H](O)[C@H](OC3(\C(C2(\C=C(C(\O)=C(/C=2)\O)\O))=[O+]C4(\C(/C=3)=C(/C=C(/C=4)/O[C@@H]5(O[C@H](CO)[C@@H](O)[C@H](O)[C@@H](O)5))\[O-])))O6))		RNPFWTUNILZAAJ-GNQVHQKOSA-N									PlantCyc/PMN local PGDB
CPD-13806	CPD-13806	erythromycin D	703.4506765569					C36H66NO12			plantcyc <https://plantcyc.org/>		703.4506765569	CC[C@@H]1([C@H](C)[C@H](O)[C@@H](C)C(=O)[C@H](C)C[C@](O)(C)[C@@H]([C@H]([C@@H]([C@H](C(O1)=O)C)O[C@@H]2(O[C@H]([C@H](O)[C@](C)(O)C2)C))C)O[C@@H]3(O[C@@H](C[C@H]([NH+](C)C)[C@@H](O)3)C))		CLQUUOKNEOQBSW-KEGKUKQHSA-O									PlantCyc/PMN local PGDB
DEHYDROQUINATE	DEHYDROQUINATE	3-dehydroquinate	190.0477380536					C7H9O6			plantcyc <https://plantcyc.org/>	3-dehydroquinic acid // 5-dehydroquinic acid // 5-dehydroquinate // 5-de-H-quinate // rel-(1R,3R,4S)-1,3,4-trihydroxy-5-oxocyclohexanecarboxylate	190.0477380536	C(=O)([O-])[C@]1(O)(CC(=O)[C@@H](O)[C@H](O)C1)		WVMWZWGZRAXUBK-SYTVJDICSA-M									PlantCyc/PMN local PGDB
CPD-360	CPD-360	D-xylono-1,5-lactone	148.0371733673					C5H8O5			plantcyc <https://plantcyc.org/>	D-xylonolactone	148.0371733673	C1([C@@H]([C@H]([C@@H](CO1)O)O)O)=O		XXBSUZSONOQQGK-FLRLBIABSA-N									PlantCyc/PMN local PGDB
ITP	ITP	ITP	507.9797607417					C10H11N4O14P3			plantcyc <https://plantcyc.org/>	inosine triphosphate // inosine 5'-triphosphate	507.9797607417	C(OP(=O)([O-])OP(=O)([O-])OP(=O)([O-])[O-])[C@H]3(O[C@@H](N1(C2(\N=C/NC(=O)C(\N=C/1)=2)))[C@H](O)[C@H](O)3)		HAEJPQIATWHALX-KQYNXXCUSA-J									PlantCyc/PMN local PGDB
CPD0-2485	CPD0-2485	beta-D-galactofuranose	180.0633881178					C6H12O6			plantcyc <https://plantcyc.org/>	Gal f	180.0633881178	C(O)[C@@H](O)[C@H]1([C@H](O)[C@@H](O)[C@@H](O1)O)		AVVWPBAENSWJCB-DGPNFKTASA-N									PlantCyc/PMN local PGDB
D-MYO-INOSITOL-1-MONOPHOSPHATE	D-MYO-INOSITOL-1-MONOPHOSPHATE	1D- myo -inositol 1-monophosphate	260.0297185262					C6H11O9P			plantcyc <https://plantcyc.org/>	1D- myo -inositol (1)-monophosphate // 1D-myo-Inositol 1-phosphate // D- myo -inositol (1)-monophosphate // Ins(1)P 1 // 1-D- myo -inositol-1-p // 1D- myo -inositol 1-phosphate // Ins1P	260.0297185262	[C@@H]1(O)([C@H](O)[C@@H](O)[C@H](OP([O-])(=O)[O-])[C@H](O)[C@H](O)1)		INAPMGSXUVUWAF-UOTPTPDRSA-L									PlantCyc/PMN local PGDB
CPD-8898	CPD-8898	17- O -acetylajmaline	368.2099927755					C22H28N2O3			plantcyc <https://plantcyc.org/>	acetylajmaline	368.2099927755	CC[C@H]3([C@@H]2(C4([C@@H](OC(=O)C)C15(C6(\C(\N(C)[C@H]1[C@H](C2)N([C@H](O)3)[C@H]4C5)=C/C=C\C=6)))))		SRISWFJLVRCABV-QQTHMAAHSA-N									PlantCyc/PMN local PGDB
CPD-9304	CPD-9304	( E )-prop-1-en-1- SO -peroxol	90.0139355047					C3H6OS			plantcyc <https://plantcyc.org/>	( E )-1-propenylsulfenic acid // trans -1-propenylsulfenate // ( E )-1-propenylsulfenate	90.0139355047	C/C=C/SO		MJPOWQTYEJVYKF-NSCUHMNNSA-N									PlantCyc/PMN local PGDB
CPD-4618	CPD-4618	cis -zeatin-7- N -glucoside	381.1648334969					C16H23N5O6			plantcyc <https://plantcyc.org/>		381.1648334969	CC(/CO)=C\CNC1(\C2(N(\C=N/C(\N=C/N=1)=2)[C@@H]3([C@@H]([C@H]([C@@H]([C@H](O3)CO)O)O)O)))		HTDHRCLVWUEXIS-GIHYWFGSSA-N									PlantCyc/PMN local PGDB
2-ACETO-2-HYDROXY-BUTYRATE	2-ACETO-2-HYDROXY-BUTYRATE	( S )-2-aceto-2-hydroxybutanoate	146.0579088094					C6H9O4			plantcyc <https://plantcyc.org/>	( S )-2-aceto-2-hydroxy-butyrate // ( S )-2-hydroxy-2-ethyl-3-oxobutanoate	146.0579088094	CC[C@@](O)(C(=O)[O-])C(C)=O		VUQLHQFKACOHNZ-LURJTMIESA-M									PlantCyc/PMN local PGDB
CPD-9038	CPD-9038	precorrin-1	850.290881451					C41H38N4O16			plantcyc <https://plantcyc.org/>		850.290881451	C[C@]5(C1(\N=C(CC4(\NC(/CC3(\NC(/CC2(\NC(/C=1)=C(CC([O-])=O)/C(\CCC([O-])=O)=2))=C(CCC([O-])=O)/C(\CC(=O)[O-])=3))=C(CCC([O-])=O)/C(\CC([O-])=O)=4))/[C@H]5CCC(=O)[O-]))(CC([O-])=O)		CJLVUWULFKHGFB-NZCAJUPMSA-F									PlantCyc/PMN local PGDB
CPD-15566	CPD-15566	(2E,4E)-tetradeca-2,4-dienoyl-CoA	973.2822736939					C35H54N7O17P3S			plantcyc <https://plantcyc.org/>	2- trans ,4- trans -tetradecadienoyl-CoA	973.2822736939	CCCCCCCCC/C=C/C=C/C(SCCNC(=O)CCNC(=O)[C@H](O)C(C)(C)COP(=O)(OP(=O)(OC[C@@H]1([C@@H](OP([O-])(=O)[O-])[C@@H](O)[C@@H](O1)N2(C3(\N=C/N=C(C(\N=C/2)=3)/N))))[O-])[O-])=O		ULOGSHZMDLRQRY-INBGBNCRSA-J									PlantCyc/PMN local PGDB
CPD-3945	CPD-3945	(22 S )-22-hydroxy-campest-4-en-3-one	414.3497807208					C28H46O2			plantcyc <https://plantcyc.org/>	(22alpha)-hydroxy-campest-4-en-3-one // (22 S ,24 R )-22-hydroxy-ergost-4-en-3-one	414.3497807208	CC(C)[C@H](C)C[C@H](O)[C@@H](C)[C@H]3(CC[C@H]4([C@@H]2(CCC1(\[C@@](CCC(=O)\C=1)(C)[C@H]2CC[C@](C)34))))		FMFAICDKESPFNH-NQMBQAPESA-N									PlantCyc/PMN local PGDB
TDP	TDP	dTDP	402.0229323871					C10H13N2O11P2			plantcyc <https://plantcyc.org/>	TDP // thymidine 5'-(trihydrogen diphosphate) (9CI) // deoxy-TDP // thymidine-5'-diphosphate // thymidine-diphosphate	402.0229323871	CC1(\C(=O)NC(=O)N(\C=1)[C@H]2(C[C@H](O)[C@@H](COP(=O)([O-])OP(=O)([O-])[O-])O2))		UJLXYODCHAELLY-XLPZGREQSA-K									PlantCyc/PMN local PGDB
CPD-7246	CPD-7246	N -acetyl-alpha-D-galactosamine 1-phosphate	301.0562676277					C8H14NO9P			plantcyc <https://plantcyc.org/>	N-Acetyl-D-galactosamine 1-phosphate	301.0562676277	CC(N[C@@H]1([C@@H](O)[C@@H](O)[C@@H](CO)O[C@H](OP([O-])(=O)[O-])1))=O		FZLJPEPAYPUMMR-JAJWTYFOSA-L									PlantCyc/PMN local PGDB
CPD-17370	CPD-17370	18-hydroxyoleoyl-CoA	1047.355438637					C39H64N7O18P3S			plantcyc <https://plantcyc.org/>	(9Z)-18-hydroxyoctadec-9-enoyl-CoA // &omega;-hydroxyoleoyl-CoA	1047.355438637	CC(C)([C@@H](O)C(=O)NCCC(=O)NCCSC(=O)CCCCCCC\C=C/CCCCCCCCO)COP(=O)(OP(=O)(OC[C@@H]1([C@@H](OP([O-])(=O)[O-])[C@@H](O)[C@@H](O1)N2(C3(\N=C/N=C(C(\N=C/2)=3)/N))))[O-])[O-]		MQACSUXWIYYZAK-UTNXWDCOSA-J									PlantCyc/PMN local PGDB
CPD-2482	CPD-2482	D-cycloserine	102.0429274472					C3H7N2O2			plantcyc <https://plantcyc.org/>	D-4-amino-3-isoxazolidinone // D-4-amino-3-isoxazolidone // orientomycin // Seromycin	102.0429274472	C1(ONC(=O)[C@H]([NH3+])1)		DYDCUQKUCUHJBH-UWTATZPHSA-O									PlantCyc/PMN local PGDB
THZ-P	THZ-P	4-methyl-5-(2-phosphooxyethyl)thiazole	223.0068150146					C6H8NO4PS			plantcyc <https://plantcyc.org/>	4-4-methyl-5-(2-phosphonooxyethyl)-thiazole // 4-methyl-5-(2-phosphoethyl)-thiazole // THZ-P // 4-methyl-5-(beta-hydroxyethyl)thiazole phosphate // HET-P	223.0068150146	CC1(\N=C/SC(/CCOP(=O)([O-])[O-])=1)		OCYMERZCMYJQQO-UHFFFAOYSA-L									PlantCyc/PMN local PGDB
INDOLE-3-ACETYL-LEU	INDOLE-3-ACETYL-LEU	(indol-3-yl)acetyl-L-leucine	288.1473925187					C16H19N2O3			plantcyc <https://plantcyc.org/>	indole-3-acetyl-Leu	288.1473925187	CC(C)C[C@H](NC(CC1(\C2(/C=C\C=C/C(/N\C=1)=2)))=O)C(=O)[O-]		HCZNPUHZYPPINM-AWEZNQCLSA-M									PlantCyc/PMN local PGDB
CPD-12621	CPD-12621	4-(indol-3-yl)butanoyl-beta-D-glucose	365.1474520982					C18H23NO7			plantcyc <https://plantcyc.org/>	IBA-glucose // indolebutyryl-glucose // indole-3-butyryl-D-glucose // IBA-Glc // indole-3-butyric acid D-glucoside // indole-3-butyryl-glucose	365.1474520982	C(O)[C@H]3(O[C@@H](OC(=O)CCCC1(\C2(/C=C\C=C/C(/N\C=1)=2)))[C@H](O)[C@@H](O)[C@H](O)3)		CIJFFKOICMQHCH-LHKMKVQPSA-N									PlantCyc/PMN local PGDB
CPD-469	CPD-469	N -acetyl-L-glutamate 5-semialdehyde	173.0688078467					C7H10NO4			plantcyc <https://plantcyc.org/>	N -acetylglutamate gamma-semialdehyde // N -acetyl-L-glutamate-5-semialdehyde // N -acetyl-L-glutamate semialdehyde // N -acetylglutamate semialdehyde // 2-acetamido-5-oxopentanoate	173.0688078467	CC(=O)N[C@H](C([O-])=O)CCC=O		BCPSFKBPHHBDAI-LURJTMIESA-M									PlantCyc/PMN local PGDB
CPD-13612	CPD-13612	sphinganine	301.2980795013					C18H40NO2			plantcyc <https://plantcyc.org/>	D- erythro -DHS (C18) // D- erythro -dihydrosphingosine (C18) // D- erythro -sphinganine (C18) // dihydrosphingosine (C18) // d18:0 // sphinganine (C18) // octadecasphinganine	301.2980795013	CCCCCCCCCCCCCCC[C@H]([C@H](CO)[NH3+])O		OTKJDMGTUTTYMP-ZWKOTPCHSA-O									PlantCyc/PMN local PGDB
CPD-1301	CPD-1301	tetrahydropteroyl tri-L-glutamate	703.2561676997					C29H33N9O12			plantcyc <https://plantcyc.org/>	H 4 PteGlu 3	703.2561676997	C([C@@H]1(NC2(\C(NC(/N)=N/C(\NC1)=2)=O)))NC3(\C=C/C(/C(N[C@H](C(=O)[O-])CCC(N[C@H](C(=O)[O-])CCC(N[C@H](C(=O)[O-])CCC([O-])=O)=O)=O)=O)=C\C=3)		RXWVHRYZTWZATH-XSLAGTTESA-J									PlantCyc/PMN local PGDB
CPD-8838	CPD-8838	juvenile hormone III	266.1881947009					C16H26O3			plantcyc <https://plantcyc.org/>	methyl (2 E ,6 E ,10 R )-10,11-epoxy-3,7,11-trimethyl-2,6-dodecadienoate // JH III	266.1881947009	CC(/CC[C@@H]1(C(C)(O1)C))=C\CCC(\C)=C/C(=O)OC		QVJMXSGZTCGLHZ-HONBPKQLSA-N									PlantCyc/PMN local PGDB
CPD-23997	CPD-23997	3-methyl-1-oxo-2-[3-oxo-3-(pyrrolidin-1-yl)propyl]- N -methyl-1,5-dihydrobenzo[4,5]imidazo[1,2-a]pyridine-4-carbonitrile	362.1742759712					C21H22N4O2			plantcyc <https://plantcyc.org/>		362.1742759712	CC2(\C(C#N)=C3(N(C(=O)C(/CCC(=O)N1(CCCC1))=2)C4(/C=C\C=C/C(/N(C)3)=4)))		XUCPFEBLRWHXIN-UHFFFAOYSA-N									PlantCyc/PMN local PGDB
CPD-17623	CPD-17623	18-oxo-oleoyl-CoA	1045.3397885728					C39H62N7O18P3S			plantcyc <https://plantcyc.org/>	18-oxo-octadec-9-enoyl-CoA // 18-oxo-9Z-octadec-9-enoyl-CoA	1045.3397885728	CC(C)([C@@H](O)C(=O)NCCC(=O)NCCSC(=O)CCCCCCC\C=C/CCCCCCCC=O)COP(=O)(OP(=O)(OC[C@@H]1([C@@H](OP([O-])(=O)[O-])[C@@H](O)[C@@H](O1)N2(C3(\N=C/N=C(C(\N=C/2)=3)/N))))[O-])[O-]		WHOASQMNRGOGJB-UTNXWDCOSA-J									PlantCyc/PMN local PGDB
CPD-24740	CPD-24740	5-iso prostaglandin F 2alpha -VI	354.2406242019					C20H33O5			plantcyc <https://plantcyc.org/>	5-iPF2a-VI // 5-iPF2alpha-VI // iPF 2alpha -I // isoprostane F 2alpha -I // 5-iso PGF 2alpha -VI	354.2406242019	CCCCC\C=C/C[C@H]1([C@H](O)C[C@H](O)[C@H]1/C=C/C(O)CCCC(=O)[O-])		RZCPXIZGLPAGEV-SUHLLOIRSA-M									PlantCyc/PMN local PGDB
CPD-21651	CPD-21651	7- epi - ent -eudesmane-5,11-diol	240.208930143					C15H28O2			plantcyc <https://plantcyc.org/>		240.208930143	C[C@@H]1([C@@]2(O)(C[C@H](C(O)(C)C)CC[C@](C)(CCC1)2))		DUMZYTYPNQNWMU-NEBZKDRISA-N									PlantCyc/PMN local PGDB
CPD-12915	CPD-12915	avenastenone	410.3548660987					C29H46O			plantcyc <https://plantcyc.org/>	stigmasta-7,24(28)-dien-3-one, ( 5alpha,24Z )- // 5alpha -stigmasta-7,Z-24(28)-dien-3-one	410.3548660987	C\C=C(CC[C@@H](C)[C@H]3(CC[C@H]4(C1([C@@H]([C@@]2(C)(CCC(=O)C[C@H](CC=1)2))CC[C@](C)34))))/C(C)C		XHRPJMCAEXVFFM-KADTVRCUSA-N									PlantCyc/PMN local PGDB
5-P-BETA-D-RIBOSYL-AMINE	5-P-BETA-D-RIBOSYL-AMINE	5-phospho-beta-D-ribosylamine	229.0351382551					C5H11NO7P			plantcyc <https://plantcyc.org/>	5-P-beta-D-ribosylamine // PRA // 5-phosphoribosylamine	229.0351382551	C(OP([O-])(=O)[O-])[C@@H]1([C@@H](O)[C@@H](O)[C@H]([NH3+])O1)		SKCBPEVYGOQGJN-TXICZTDVSA-M									PlantCyc/PMN local PGDB
2-HEXAPRENYL-6-METHOXY-14-BENZOQUINOL	2-HEXAPRENYL-6-METHOXY-14-BENZOQUINOL	2-methoxy-6-( all trans -hexaprenyl)benzene-1,4-diol	548.4229456639					C37H56O3			plantcyc <https://plantcyc.org/>	2-methoxy-6-hexaprenyl-1,4-benzoquinol // 2-hexaprenyl-6-methoxy-1,4-benzoquinol // 6-methoxy-2-hexaprenylhydroquinone // all-trans-6-methoxy-2-hexaprenylhydroquinone // 2- all trans -hexaprenyl-6-methoxyhydroquinone // 2-methoxy-6- all trans -hexaprenyl-1,4-benzoquinol	548.4229456639	CC(C)=CCCC(\C)=C/CCC(\C)=C/CCC(\C)=C/CCC(\C)=C/CCC(\C)=C/CC1(\C(\O)=C(/C=C(\C=1)/O)\OC)		ZAGWHOPYPMUKOK-FRICUITQSA-N									PlantCyc/PMN local PGDB
CPD-12117	CPD-12117	demethylmenaquinol-7	636.4906312986					C45H64O2			plantcyc <https://plantcyc.org/>	DMKH2-7	636.4906312986	CC(C)=CCCC(\C)=C/CCC(\C)=C/CCC(\C)=C/CCC(\C)=C/CCC(\C)=C/CCC(\C)=C/CC1(/C=C(C2(/C=C\C=C/C(/C(/O)=1)=2))/O)		UFZDIMBXTVRBDS-SSQLMYNASA-N									PlantCyc/PMN local PGDB
2K-4CH3-PENTANOATE	2K-4CH3-PENTANOATE	4-methyl-2-oxopentanoate	130.0629941873					C6H9O3			plantcyc <https://plantcyc.org/>	2-keto-4-methyl-pentanoate // 2-oxoisocaproate // 2-oxo-4-methylpentanoate // alpha-ketoisocaproate // alpha-oxoisocaproate // 2-ketoisocaproate // ketoleucine // 4-methyl-2-oxopentanoic acid // 2-ketoisocaproic acid // 2-oxoisocaproic acid	130.0629941873	CC(C)CC(C([O-])=O)=O		BKAJNAXTPSGJCU-UHFFFAOYSA-M									PlantCyc/PMN local PGDB
CPD-11540	CPD-11540	UDP-4-dehydro-beta-L-rhamnose	548.0444556902					C15H20N2O16P2			plantcyc <https://plantcyc.org/>	UDP-4-keto-beta-L-rhamnose	548.0444556902	C[C@H]3(C(=O)[C@@H](O)[C@@H](O)[C@@H](OP(OP(OC[C@@H]2([C@H]([C@H]([C@H](N1(\C=C/C(=O)NC1=O))O2)O)O))(=O)[O-])(=O)[O-])O3)		DDWGQQADOIMFOI-TYENRRDNSA-L									PlantCyc/PMN local PGDB
CPD-21440	CPD-21440	dehydro(indole-3-yl)acetonitrile	154.053098203					C10H6N2			plantcyc <https://plantcyc.org/>	dehydro-IAN	154.053098203	C(#N)\C=C1(C2(/C=C\C=C/C(/N=C\1)=2))		POAVPLAOCHOOPK-VMPITWQZSA-N									PlantCyc/PMN local PGDB
CPD-12486	CPD-12486	petiveriin	227.0616139788					C10H13NO3S			plantcyc <https://plantcyc.org/>	S-benzyl-L-cysteine sulfoxide	227.0616139788	C(S(=O)C[C@H]([NH3+])C(=O)[O-])C1(\C=C/C=C\C=1)		OBQBHBOGTLPNJM-HJULIUOESA-N									PlantCyc/PMN local PGDB
CPD-27445	CPD-27445	3-demethylubiquinone-10	848.6682613132					C58H88O4			plantcyc <https://plantcyc.org/>		848.6682613132	CC(C)=CCCC(\C)=C/CCC(\C)=C/CCC(\C)=C/CCC(\C)=C/CCC(\C)=C/CCC(\C)=C/CCC(\C)=C/CCC(\C)=C/CCC(\C)=C/CC1(\C(=O)C(\OC)=C(C(=O)C(/C)=1)\O)		ONGWDJKIJUAIOD-AVRCVIBKSA-N									PlantCyc/PMN local PGDB
CPD-18633	CPD-18633	C34-phthiocerol A	526.5324961133					C34H70O3			plantcyc <https://plantcyc.org/>	3-methoxy-4-methyldotriacontane-9,11-diol	526.5324961133	CCCCCCCCCCCCCCCCCCCCC[C@@H](O)C[C@H](O)CCCC[C@H](C)[C@H](OC)CC		IVPFDOZWCWTFPQ-KRFMAMIKSA-N									PlantCyc/PMN local PGDB
CPD-431	CPD-431	apigenin	270.0528234315					C15H9O5			plantcyc <https://plantcyc.org/>	4',5,7-trihydroxyflavone	270.0528234315	C3(/C=C(\C=C/C(/C1(/OC2(/C=C(/C=C(C(\C(=O)\C=1)=2)/O)/[O-])))=3)/O)		KZNIFHPLKGYRTM-UHFFFAOYSA-M									PlantCyc/PMN local PGDB
CPD-9587	CPD-9587	alpha-L-rhamnosylisoorientin	594.1584702945					C27H29O15			plantcyc <https://plantcyc.org/>		594.1584702945	C[C@H]1([C@H](O)[C@@H](O)[C@@H](O)[C@@H](O1)O[C@H]5([C@H](C3(/C(/[O-])=C\C4(\OC(/C2(\C=C(C(/O)=C\C=2)\O))=C/C(C(/C(/O)=3)=4)=O)))O[C@H](CO)[C@@H](O)[C@H](O)5))		IUYFTHKQEWZTHY-QMVGNYJJSA-M									PlantCyc/PMN local PGDB
3-OXO-5-BETA-CHOLANATE	3-OXO-5-BETA-CHOLANATE	3-dehydrolithocholate	374.2820950861					C24H37O3			plantcyc <https://plantcyc.org/>	3-oxocholanate // 3-ketocholanic acid // 3-ketocholanate // 3-oxo-5beta-cholanate // 3-oxo-5beta-cholan-24-oate	374.2820950861	C[C@@H]([C@H]3(CC[C@H]4([C@@H]2(CC[C@@H]1(CC(=O)CC[C@@](C)1[C@H]2CC[C@](C)34)))))CCC(=O)[O-]		KIQFUORWRVZTHT-OPTMKGCMSA-M									PlantCyc/PMN local PGDB
DCMP	DCMP	dCMP	307.0569363297					C9H12N3O7P			plantcyc <https://plantcyc.org/>	2'-deoxycytidine 5'-monophosphate // deoxycytidylate // deoxycytidylic acid // deoxycytidine monophosphate // 2'-deoxycytidine 5'-phosphate // deoxycytidine-phosphate	307.0569363297	C(OP(=O)([O-])[O-])[C@@H]2([C@H](C[C@H](N1(\C=C/C(/N)=N\C(=O)1))O2)O)		NCMVOABPESMRCP-SHYZEUOFSA-L									PlantCyc/PMN local PGDB
CPD1F-140	CPD1F-140	gibberellin A 20	332.1623738809					C19H23O5			plantcyc <https://plantcyc.org/>	GA20	332.1623738809	C=C1([C@@]3(O)(C[C@]4(C1)([C@H]([C@@H]5([C@]2(C(=O)O[C@](CCC2)([C@@H](CC3)4)5)(C)))C([O-])=O)))		OXFPYCSNYOFUCH-AODVQFRNSA-M									PlantCyc/PMN local PGDB
CPD-267	CPD-267	N -hydroxy-L-tyrosine	197.0688078467					C9H10NO4			plantcyc <https://plantcyc.org/>		197.0688078467	C1(\C(/C[C@@H](C(=O)[O-])NO)=C/C=C(\C=1)/O)		CNIUEVQJABPUIJ-QMMMGPOBSA-M									PlantCyc/PMN local PGDB
XYLULOSE-5-PHOSPHATE	XYLULOSE-5-PHOSPHATE	D-xylulose 5-phosphate	230.0191538399					C5H9O8P			plantcyc <https://plantcyc.org/>	xylulose 5-phosphate // xylulose-phosphate // D-xylulose-5-P // xylulose-P	230.0191538399	C(OP([O-])(=O)[O-])[C@@H](O)[C@H](O)C(=O)CO		FNZLKVNUWIIPSJ-RFZPGFLSSA-L									PlantCyc/PMN local PGDB
CPD1F-136	CPD1F-136	ent -7alpha-hydroxykaur-16-en-19-oate	318.2194948293					C20H29O3			plantcyc <https://plantcyc.org/>	ent-7-alpha-hydroxykaurenoate // ent-7-alpha-hydroxykaurenoic acid // 7-hydroxy-kaurenoic acid	318.2194948293	C=C1([C@@H]4(CC[C@@H]3([C@@](C1)([C@@H](O)C[C@@H]2([C@@](C([O-])=O)(C)CCC[C@](C)23))C4)))		KMLXVEXJZSTMBV-YDIYEOSVSA-M									PlantCyc/PMN local PGDB
GERANYLGERANYL-PP	GERANYLGERANYL-PP	geranylgeranyl diphosphate	450.1936265303					C20H33O7P2			plantcyc <https://plantcyc.org/>	GGPP // all- trans -geranyl-geranyl-pp // geranylgeranyl-PP // (2E,6E,10E)-geranylgeranyl diphosphate // &omega;, E , E , E -geranylgeranyl diphosphate // (2E,6E,10E)-3,7,11,15-tetramethylhexadeca-2,6,10,14-tetraen-1-yl diphosphate // all- trans -geranylgeranyl diphosphate // 2- trans ,6- trans ,10- trans -geranylgeranyl diphosphate // geranylgeranyl pyrophosphate	450.1936265303	CC(C)=CCCC(\C)=C/CCC(\C)=C/CCC(\C)=C/COP(=O)([O-])OP(=O)([O-])[O-]		OINNEUNVOZHBOX-QIRCYJPOSA-K									PlantCyc/PMN local PGDB
CPD-11660	CPD-11660	5-methoxy-2-methyl-3-( all-trans -decaprenyl)benzoquinone	832.6733466911					C58H88O3			plantcyc <https://plantcyc.org/>	2-decaprenyl-3-methyl-6-methoxy-1,4-benzoquinone // 6-methoxy-3-methyl-2-( all-trans -decaprenyl)-1,4-benzoquinone	832.6733466911	CC(C)=CCCC(\C)=C/CCC(\C)=C/CCC(\C)=C/CCC(\C)=C/CCC(\C)=C/CCC(\C)=C/CCC(\C)=C/CCC(\C)=C/CCC(\C)=C/CC1(\C(C(/OC)=C\C(C(/C)=1)=O)=O)		DLBRMPAESNEOJM-RGIWONJESA-N									PlantCyc/PMN local PGDB
CPD-12907	CPD-12907	4alpha-hydroxymethyl-ergosta-7,24(24 1 )-dien-3beta-ol	428.365430785					C29H48O2			plantcyc <https://plantcyc.org/>		428.365430785	CC(C)C(CC[C@@H](C)[C@H]3(CC[C@H]4(C1([C@@H]([C@@]2(C)(CC[C@H](O)[C@@H](CO)[C@H](CC=1)2))CC[C@](C)34))))=C		QFGCPIMZVWPNNF-KMPIVKRFSA-N									PlantCyc/PMN local PGDB
D-HEXOSE-6-PHOSPHATE	D-HEXOSE-6-PHOSPHATE	D-hexose 6-phosphate	260.0297185262					C6H11O9P			plantcyc <https://plantcyc.org/>		260.0297185262	C(OP(=O)([O-])[O-])C1(OC(O)C(O)C(O)C(O)1)		NBSCHQHZLSJFNQ-UHFFFAOYSA-L									PlantCyc/PMN local PGDB
GDP-4-DEHYDRO-6-L-DEOXYGALACTOSE	GDP-4-DEHYDRO-6-L-DEOXYGALACTOSE	GDP-4-dehydro-6-deoxy-beta-L-galactose	587.0665881158					C16H21N5O15P2			plantcyc <https://plantcyc.org/>	GDP-4-oxo-L-fucose // GDP-4-keto-6-L-deoxygalactose	587.0665881158	C[C@H]1(C(=O)[C@@H](O)[C@H](O)[C@H](O1)OP(OP(=O)([O-])OC[C@H]4(O[C@@H](N2(C3(\N=C(N)/NC(=O)C(\N=C/2)=3)))[C@H](O)[C@H](O)4))(=O)[O-])		PNHLMHWWFOPQLK-ZQXLIXSRSA-L									PlantCyc/PMN local PGDB
CPDQT-37	CPDQT-37	3-[(4'-methylsulfanyl)butyl]malate	236.0718443141					C9H14O5S			plantcyc <https://plantcyc.org/>	3-[(4'-methylthio)butyl]malic acid // 3-[(4'-methylthio)butyl]malate	236.0718443141	CSCCCCC(C(O)C(=O)[O-])C(=O)[O-]		ZIZLDVKLMYVMNX-UHFFFAOYSA-L									PlantCyc/PMN local PGDB
TMP	TMP	dTMP	322.0566019787					C10H13N2O8P			plantcyc <https://plantcyc.org/>	thymidylic acid // thymidine monophosphate // deoxythymidylate // TMP // thymidine 5'-monophosphate // thymidine-phosphate // thymidine 5'-phosphate // deoxythymidine 5'-phosphate // 5'-thymidylic acid // deoxythymidylic acid // thymidylate	322.0566019787	CC1(\C(=O)NC(=O)N(\C=1)[C@H]2(C[C@H](O)[C@@H](COP(=O)([O-])[O-])O2))		GYOZYWVXFNDGLU-XLPZGREQSA-L									PlantCyc/PMN local PGDB
CPD-723	CPD-723	6-deoxocastasterone	450.3709100934					C28H50O4			plantcyc <https://plantcyc.org/>	deoxocastasterone	450.3709100934	CC(C)[C@H](C)[C@@H](O)[C@H](O)[C@@H](C)[C@H]3(CC[C@H]4([C@@H]2(CC[C@H]1(C[C@H](O)[C@H](O)C[C@@](C)1[C@H]2CC[C@](C)34))))		VXBLCLVRWCLEOX-BFYSZXNBSA-N									PlantCyc/PMN local PGDB
CPD-17643	CPD-17643	1,18-octadecane-diol	286.287180464					C18H38O2			plantcyc <https://plantcyc.org/>	1,18-octadecanediol // octadecane-1,18-diol	286.287180464	C(O)CCCCCCCCCCCCCCCCCO		LUUFSCNUZAYHAT-UHFFFAOYSA-N									PlantCyc/PMN local PGDB
ALPHA-HYDROXY-915-DIOXOPROSTANOATE	ALPHA-HYDROXY-915-DIOXOPROSTANOATE	15-dehydro-13,14-dihydro-prostaglandin E 2	352.2249741377					C20H31O5			plantcyc <https://plantcyc.org/>	(5Z)-(15S)-11-alpha-hydroxy-9,15-dioxoprostanoate // 13,14-dihydro-15-keto-prostaglandin E 2 // 13,14-dihydro-15-oxo-prostaglandin E 2	352.2249741377	CCCCCC(=O)CC[C@@H]1([C@@H](C\C=C/CCCC(=O)[O-])C(=O)C[C@@H](O)1)		CUJMXIQZWPZMNQ-XYYGWQPLSA-M									PlantCyc/PMN local PGDB
UDP-AA-GLUTAMATE	UDP-AA-GLUTAMATE	UDP- N -acetyl-alpha-D-muramoyl-L-alanyl-D-glutamate	879.1824057346					C28H39N5O23P2			plantcyc <https://plantcyc.org/>	UDP-MurNAc-L-ala-D-Glu	879.1824057346	C[C@H](NC([C@H](O[C@@H]3([C@@H](NC(=O)C)[C@@H](OP([O-])(OP(OC[C@@H]2([C@H]([C@H]([C@H](N1(\C=C/C(=O)NC1=O))O2)O)O))(=O)[O-])=O)O[C@H](CO)[C@@H](O)3))C)=O)C(N[C@H](CCC(=O)[O-])C(=O)[O-])=O		OJZCATPXPWFLHF-HPUCEMLMSA-J									PlantCyc/PMN local PGDB
CPD-14281	CPD-14281	trans -docos-2-enoyl-CoA	1087.4231242717					C43H72N7O17P3S			plantcyc <https://plantcyc.org/>	trans -2,3-dihydro-docosenoyl-CoA // (2 E )-docosenoyl-CoA	1087.4231242717	CCCCCCCCCCCCCCCCCCC/C=C/C(=O)SCCNC(=O)CCNC([C@H](O)C(C)(C)COP([O-])(=O)OP([O-])(=O)OC[C@@H]1([C@@H](OP(=O)([O-])[O-])[C@@H](O)[C@@H](O1)N2(\C=N/C3(C(/N)=N\C=N/C2=3))))=O		KRTIFNFQCJTGMV-DYAVHEMFSA-J									PlantCyc/PMN local PGDB
DEACETOXYVINDOLINE	DEACETOXYVINDOLINE	deacetoxyvindoline	398.2205574618					C23H31N2O4			plantcyc <https://plantcyc.org/>	desacetoxyvindoline	398.2205574618	CC[C@@]25(\C=C/C[NH+]4(CC[C@@]1(C3(/C=C\C(\OC)=C/C(/N(C)[C@H]1[C@](C(OC)=O)(O)C2)=3))[C@@H]45))		WNKDGPXNFMMOEJ-RNJSZURPSA-O									PlantCyc/PMN local PGDB
CPD-21770	CPD-21770	2-methoxy-6-( all-trans -hexaprenyl)phenol	532.4280310418					C37H56O2			plantcyc <https://plantcyc.org/>	2-hexaprenyl-6-methoxyphenol // 2- all trans -hexaprenyl-6-methoxyphenol	532.4280310418	CC(C)=CCCC(\C)=C/CCC(\C)=C/CCC(\C)=C/CCC(\C)=C/CCC(\C)=C/CC1(/C=C\C=C(C(/O)=1)\OC)		WVPRAWNIVDFQBO-DUBIXASGSA-N									PlantCyc/PMN local PGDB
CPD-17638	CPD-17638	7-hydroxylauroyl-CoA	965.277188316					C33H54N7O18P3S			plantcyc <https://plantcyc.org/>	7-hydroxydodecanoyl-CoA	965.277188316	CCCCCC(O)CCCCCC(=O)SCCNC(=O)CCNC(=O)[C@H](O)C(C)(C)COP(=O)(OP(=O)(OC[C@@H]1([C@@H](OP([O-])(=O)[O-])[C@@H](O)[C@@H](O1)N2(C3(\N=C/N=C(C(\N=C/2)=3)/N))))[O-])[O-]		RXEDUSGPUQQZEW-XIRPNGCASA-J									PlantCyc/PMN local PGDB
CPD-603	CPD-603	3-cyano-L-alanine	114.0429274472					C4H5N2O2			plantcyc <https://plantcyc.org/>	3-cyanoalanine // L-3-cyanoalanine // cyano-L-alanine	114.0429274472	C(C[C@H](N)C(=O)[O-])#N		BXRLWGXPSRYJDZ-VKHMYHEASA-M									PlantCyc/PMN local PGDB
DIETHYLPYROCARBONATE	DIETHYLPYROCARBONATE	diethylpyrocarbonate	162.0528234315					C6H10O5			plantcyc <https://plantcyc.org/>	DEPC	162.0528234315	CCOC(OC(OCC)=O)=O		FFYPMLJYZAEMQB-UHFFFAOYSA-N									PlantCyc/PMN local PGDB
REDUCED-MENAQUINONE	REDUCED-MENAQUINONE	menaquinol- 8	718.5688816196					C51H74O2			plantcyc <https://plantcyc.org/>	reduced menaquinone-8 // MKH2-8	718.5688816196	CC(C)=CCCC(\C)=C/CCC(\C)=C/CCC(\C)=C/CCC(\C)=C/CCC(\C)=C/CCC(\C)=C/CCC(\C)=C/CC1(/C(\C)=C(C2(\C(\C(\O)=1)=C/C=C\C=2))/O)		OIEZRVBFVPGODT-WQWYCSGDSA-N									PlantCyc/PMN local PGDB
CPD-734	CPD-734	(-)-jasmonate	210.1255944441					C12H17O3			plantcyc <https://plantcyc.org/>	(-)-jasmonic acid // jasmonic acid // (3R,7R)-(-)-jasmonate // {(1R,2R)-3-oxo-2-[(2Z)-pent-2-en-1-yl]cyclopentyl}acetate	210.1255944441	CC\C=C/C[C@H]1(C(=O)CC[C@@H]1CC([O-])=O)		ZNJFBWYDHIGLCU-HWKXXFMVSA-M									PlantCyc/PMN local PGDB
CPD-1821	CPD-1821	sym -homospermidine	159.1735476897					C8H24N3			plantcyc <https://plantcyc.org/>	homospermidine // bis(4-aminobutyl)amine // 1,6,11-triazaundecane // N 1 -(4-aminobutyl)butane-1,4-diamine	159.1735476897	C(CCC[NH2+]CCCC[NH3+])[NH3+]		UODZHRGDSPLRMD-UHFFFAOYSA-Q									PlantCyc/PMN local PGDB
CPD-23957	CPD-23957	androstenediol	290.2245802072					C19H30O2			plantcyc <https://plantcyc.org/>	androst-5-ene-3beta,17beta-diol // (3beta,17beta)-androst-5-ene-3,17-diol	290.2245802072	C[C@@]12(CC[C@H](O)CC/1=C\C[C@@H]3([C@@H]2CC[C@]4(C)([C@@H](O)CC[C@@H]34)))		QADHLRWLCPCEKT-LOVVWNRFSA-N									PlantCyc/PMN local PGDB
CPD-9311	CPD-9311	ethylsulfenate	78.0139355047					C2H6OS			plantcyc <https://plantcyc.org/>	ethylsulfenic acid	78.0139355047	CCSO		HRKZEUPYFXLVQW-UHFFFAOYSA-N									PlantCyc/PMN local PGDB
CPD-12821	CPD-12821	phosphatidylglycerolphosphate (1,2-di-palmitoyl)	802.4761155469					C38H73O13P2			plantcyc <https://plantcyc.org/>	phosphatidylglycerophosphate (dihexadecanoyl, n-C16:0) // 1,2-dipalmitoyl-phosphatidylglycerol-phosphate	802.4761155469	CCCCCCCCCCCCCCCC(=O)OC[C@H](COP(OC[C@@H](O)COP(=O)([O-])[O-])([O-])=O)OC(=O)CCCCCCCCCCCCCCC		ONJBJMDJKLHMEK-MPQUPPDSSA-K									PlantCyc/PMN local PGDB
CPD-14042	CPD-14042	(2 R )-naringenin	272.0684734957					C15H12O5			plantcyc <https://plantcyc.org/>	(2 R )-4',5,7-trihydroxyflavanone // (2 R )-5,7,4'-trihydroxyflavone // (2 R )-4',5,7-trihydroxyflavan-4-one // ( R )-naringenin	272.0684734957	C3(\C(\[C@@H]1(OC2(\C(\C(C1)=O)=C(/C=C(/C=2)/O)\O)))=C/C=C(\C=3)/O)		FTVWIRXFELQLPI-CYBMUJFWSA-N									PlantCyc/PMN local PGDB
CPD-8911	CPD-8911	(3R,4R)-3,4-bis(4-hydroxy-3-methoxybenzyl)tetrahydro-2-furanol	360.157288503					C20H24O6			plantcyc <https://plantcyc.org/>	(3R,4R)-3,4-bis[(4-hydroxy-3-methoxyphenyl)methyl]oxolan-2-ol	360.157288503	COC3(/C=C(C[C@@H]2([C@@H](CC1(\C=C(C(/O)=C\C=1)\OC))C(OC2)O))\C=C/C(/O)=3)		AQTZWMJGAOIWFV-VKWYCSODSA-N									PlantCyc/PMN local PGDB
S-TETRAHYDROBERBERINE	S-TETRAHYDROBERBERINE	( S )-canadine	339.1470581677					C20H21NO4			plantcyc <https://plantcyc.org/>	( S )-tetrahydroberberine	339.1470581677	C1(CC4(\C(\[C@@H]2(CC3(\C=C/C(/OC)=C(C(/CN12)=3)/OC)))=C/C5(/OCOC(/C=4)=5)))		VZTUIEROBZXUFA-INIZCTEOSA-N									PlantCyc/PMN local PGDB
CPDQT-35	CPDQT-35	2-[(7'-methylsulfanyl)heptyl]malate	278.1187945067					C12H20O5S			plantcyc <https://plantcyc.org/>	2-[(7'-methylthio)heptyl]malic acid // 2-[(7'-methylthio)heptyl]malate	278.1187945067	CSCCCCCCCC(O)(CC([O-])=O)C(=O)[O-]		PWAKELUEEHWVFQ-UHFFFAOYSA-L									PlantCyc/PMN local PGDB
CPD0-1028	CPD0-1028	2- cis ,6- trans ,10- trans -geranylgeranyl diphosphate	450.1936265303					C20H33O7P2			plantcyc <https://plantcyc.org/>	di- trans ,mono- cis -geranylgeranyl diphosphate // &omega;, E,E,Z -geranylgeranyl diphosphate	450.1936265303	CC(C)=CCCC(\C)=C/CCC(\C)=C/CCC(/C)=C/COP([O-])(=O)OP(=O)([O-])[O-]		OINNEUNVOZHBOX-KWBDAJKESA-K									PlantCyc/PMN local PGDB
CPD-17640	CPD-17640	18-hydroxystearate	300.2664450219					C18H35O3			plantcyc <https://plantcyc.org/>	18-hydroxyoctadecanoate // 18-hydroxyoctadecanoic acid // 18-hydroxystearic acid	300.2664450219	C(O)CCCCCCCCCCCCCCCCC([O-])=O		VLHZUYUOEGBBJB-UHFFFAOYSA-M									PlantCyc/PMN local PGDB
PORPHOBILINOGEN	PORPHOBILINOGEN	porphobilinogen	226.0953569482					C10H13N2O4			plantcyc <https://plantcyc.org/>		226.0953569482	C(C1(\N\C=C(CCC(=O)[O-])/C(\CC(=O)[O-])=1))[NH3+]		QSHWIQZFGQKFMA-UHFFFAOYSA-M									PlantCyc/PMN local PGDB
CPD1G-277	CPD1G-277	cerotoyl-CoA	1145.5013745927					C47H82N7O17P3S			plantcyc <https://plantcyc.org/>	hexacosanoyl-CoA	1145.5013745927	CCCCCCCCCCCCCCCCCCCCCCCCCC(=O)SCCNC(=O)CCNC([C@H](O)C(C)(C)COP([O-])(=O)OP([O-])(=O)OC[C@@H]1([C@@H](OP(=O)([O-])[O-])[C@@H](O)[C@@H](O1)N2(\C=N/C3(C(/N)=N\C=N/C2=3))))=O		FHLYYFPJDVYWQH-CPIGOPAHSA-J									PlantCyc/PMN local PGDB
CPD-8167	CPD-8167	1-18:3-2-18:2-monogalactosyldiacylglycerol	776.5438486606					C45H76O10			plantcyc <https://plantcyc.org/>	18:3-18:2-MGDG	776.5438486606	CC\C=C/C\C=C/C\C=C/CCCCCCCC(OC[C@H](CO[C@@H]1(O[C@H](CO)[C@H](O)[C@H](O)[C@@H](O)1))OC(=O)CCCCCCC\C=C/C\C=C/CCCCC)=O		YNSRHGCGBFCDGK-ROUQBACDSA-N									PlantCyc/PMN local PGDB
INDOLE-3-ACETALDOXIME	INDOLE-3-ACETALDOXIME	( E )-(indol-3-yl)acetaldehyde oxime	174.0793129535					C10H10N2O			plantcyc <https://plantcyc.org/>	( E )-(1 H -indol-3-yl)acetaldehyde oxime	174.0793129535	C(/CC1(\C2(/C=C\C=C/C(/N\C=1)=2)))=N\O		ZLIGRGHTISHYNH-WUXMJOGZSA-N									PlantCyc/PMN local PGDB
CPD-6947	CPD-6947	demethylphylloquinone	436.3341306566					C30H44O2			plantcyc <https://plantcyc.org/>	2-phytyl-1,4-naphtoquinone	436.3341306566	CC(CCC[C@H](CCC[C@@H](C)CCCC(\C)=C/CC1(\C(=O)C2(\C(\C(\C=1)=O)=C/C=C\C=2)))C)C		UDYIPZFWVJJQJF-KQPZCCJBSA-N									PlantCyc/PMN local PGDB
P-NITROPHENOL	P-NITROPHENOL	4-nitrophenol	141.0425930962					C6H4NO3			plantcyc <https://plantcyc.org/>	p -nitrophenol // PNP // niphen // 4-hydroxynitrobenzene // para -nitrophenol	141.0425930962	C1(/C=C(\C=C/C(/[N+](=O)[O-])=1)/[O-])		BTJIUGUIPKRLHP-UHFFFAOYSA-M									PlantCyc/PMN local PGDB
CPD-18654	CPD-18654	C34-phenolphthiotriol A	534.4648104786					C34H62O4			plantcyc <https://plantcyc.org/>	(3R,4S,9R,11R)-27-(4-hydroxyphenyl)-4-methylheptacosane-3,9,11-triol	534.4648104786	CC[C@@H](O)[C@@H](C)CCCC[C@@H](O)C[C@H](O)CCCCCCCCCCCCCCCCC1(\C=C/C(/O)=C\C=1)		VVPCVZFMTFYBFJ-KXSUPTTBSA-N									PlantCyc/PMN local PGDB
CPD-15175	CPD-15175	wogonin 7- O -beta- D -glucoside	446.1212969272					C22H22O10			plantcyc <https://plantcyc.org/>	wogonin 7- O -glucoside	446.1212969272	COC4(/C(/O[C@H]1([C@@H]([C@H]([C@H](O)[C@H](O1)CO)O)O))=C\C(\O)=C3(C(\OC(/C2(\C=C/C=C\C=2))=C/C(=O)3)=4))		YLOZPZMPWNUOJV-DRASZATQSA-N									PlantCyc/PMN local PGDB
IMP	IMP	IMP	348.0470999249					C10H11N4O8P			plantcyc <https://plantcyc.org/>	5'-IMP // ribosylhypoxanthine monophosphate // inosinate // inosine monophosphate // inosine 5'-monophosphate // inosine 5'-phosphate // 5'-inosinate // 5'-inosinic acid // 5'-inosine monophosphate // hypoxanthin ribotide	348.0470999249	C(OP(=O)([O-])[O-])[C@H]3(O[C@@H](N1(C2(\N=C/NC(=O)C(\N=C/1)=2)))[C@H](O)[C@H](O)3)		GRSZFWQUAKGDAV-KQYNXXCUSA-L									PlantCyc/PMN local PGDB
R-4-PHOSPHOPANTOTHENOYL-L-CYSTEINE	R-4-PHOSPHOPANTOTHENOYL-L-CYSTEINE	(R)-4'-phosphopantothenoyl-L-cysteine	402.0861875476					C12H20N2O9PS			plantcyc <https://plantcyc.org/>	(R)-4'-phospho-N-pantothenoyl-L-cysteine // 4-P-N-pantothenoylcysteine // 4'-P-N-pantothenoylcysteine // N-((R)-4-phosphopantothenoyl)-L-cysteine // 4'-phosphopantothenoylcysteine // 4'-phospho-N-pantothenoylcysteine // N-[(R)-4'-phosphopantothenoyl]-L-cysteine // PPC	402.0861875476	CC(C)(COP(=O)([O-])[O-])[C@@H](O)C(=O)NCCC(=O)N[C@@H](CS)C(=O)[O-]		XQYALQVLCNHCFT-CBAPKCEASA-K									PlantCyc/PMN local PGDB
CPD-15409	CPD-15409	( S )-2-chloropropanoate	107.9978071147					C3H4O2CL			plantcyc <https://plantcyc.org/>		107.9978071147	C[C@H](Cl)C(=O)[O-]		GAWAYYRQGQZKCR-REOHCLBHSA-M									PlantCyc/PMN local PGDB
CPD-21260	CPD-21260	3-deoxy-D-glycero-alpha-D-galacto-nonulosonate	268.0794321125					C9H15O9			plantcyc <https://plantcyc.org/>	alpha-Kdn // 3-deoxy-D-glycero-alpha-D-galacto-non-2-ulopyranosonate	268.0794321125	C(O)[C@@H](O)[C@H]([C@@H]1(O[C@](C([O-])=O)(O)C[C@@H]([C@H]1O)O))O		CLRLHXKNIYJWAW-LSRLBZCKSA-M									PlantCyc/PMN local PGDB
CPD-15416	CPD-15416	8-demethylnovobiocic acid	381.1212373477					C21H18NO6			plantcyc <https://plantcyc.org/>		381.1212373477	CC(C)=CCC1(\C(\O)=C/C=C(\C=1)/C(NC2(/C(=O)OC3(/C=C(\C=C/C(/C(/[O-])=2)=3)/O)))=O)		HVPRXGNWCQFXRR-UHFFFAOYSA-M									PlantCyc/PMN local PGDB
CPD-9866	CPD-9866	2-methoxy-6-( all-trans -nonaprenyl)phenol	736.6158318122					C52H80O2			plantcyc <https://plantcyc.org/>		736.6158318122	CC(C)=CCCC(\C)=C/CCC(\C)=C/CCC(\C)=C/CCC(\C)=C/CCC(\C)=C/CCC(\C)=C/CCC(\C)=C/CCC(\C)=C/CC1(\C(\O)=C(\C=C/C=1)\OC)		XRYXRAOXVPWHHK-SSRAZKMSSA-N									PlantCyc/PMN local PGDB
CPD-19813	CPD-19813	cis -tuberonic acid glucoside	388.1733324977					C18H27O9			plantcyc <https://plantcyc.org/>	cis -12-hydroxyjasmonate 12- O -beta-D-glucoside	388.1733324977	C(O[C@@H]1(O[C@H](CO)[C@@H](O)[C@H](O)[C@@H](O)1))C\C=C/C[C@@H]2(C(=O)CC[C@@H]2CC([O-])=O)		JFDNMLUPLXZXGV-OAIXPKHMSA-M									PlantCyc/PMN local PGDB
XTP	XTP	XTP	523.9746753638					C10H11N4O15P3			plantcyc <https://plantcyc.org/>	xanthosine 5' triphosphate	523.9746753638	C(OP(=O)([O-])OP(=O)([O-])OP(=O)([O-])[O-])[C@H]3(O[C@@H](N1(C2(/NC(=O)NC(=O)C(\N=C/1)=2)))[C@H](O)[C@H](O)3)		CAEFEWVYEZABLA-UUOKFMHZSA-J									PlantCyc/PMN local PGDB
CPD-11945	CPD-11945	luteolinidin	271.0606484636					C15H11O5			plantcyc <https://plantcyc.org/>		271.0606484636	C3(/C=C(C(/O)=C\C(\C1(=[O+]C2(\C(/C=C\1)=C(/C=C(/C=2)/O)\O)))=3)/O)		GDNIGMNXEKGFIP-UHFFFAOYSA-O									PlantCyc/PMN local PGDB
CPD-26251	CPD-26251	19,25-dihydroxycucurbitadienol	458.3759954713					C30H50O3			plantcyc <https://plantcyc.org/>		458.3759954713	C[C@H](C/C=C/C(C)(O)C)[C@H]1(CC[C@@]4([C@]1(C)CC[C@]2(CO)([C@@H](C/C=C3([C@H]2CC[C@H](O)C(C)(C)3))4))C)		LDPLCTIOJXLSGD-OYVKYSGXSA-N									PlantCyc/PMN local PGDB
CPD-15473	CPD-15473	pilosin	330.0739528041					C17H14O7			plantcyc <https://plantcyc.org/>	4H-1-benzopyran-4-one, 5,7,8-trihydroxy-6-methoxy-2-(4-methoxyphenyl)-	330.0739528041	COC3(\C=C/C(/C1(/OC2(/C(/O)=C(C(\OC)=C(C(\C(=O)\C=1)=2)\O)/O)))=C\C=3)		ASAOSMVQLGTAQO-UHFFFAOYSA-N									PlantCyc/PMN local PGDB
GDP-MANNOSE	GDP-MANNOSE	GDP-alpha-D-mannose	605.0771528021					C16H23N5O16P2			plantcyc <https://plantcyc.org/>	guanosine pyrophosphate mannose // guanosine diphosphomannose // guanosine diphosphate mannose // GDP-mannose // guanosine 5'-diphospho-D-mannose	605.0771528021	C(OP(=O)([O-])OP(O[C@H]1(O[C@@H]([C@@H](O)[C@H](O)[C@H](O)1)CO))(=O)[O-])[C@H]4(O[C@@H](N2(C3(\N=C(N)/NC(=O)C(\N=C/2)=3)))[C@H](O)[C@H](O)4)		MVMSCBBUIHUTGJ-GDJBGNAASA-L									PlantCyc/PMN local PGDB
CPDQT-400	CPDQT-400	ADP-5-ethyl-4-methylthiazole-2-carboxylate	596.0491639126					C17H19N6O12P2S			plantcyc <https://plantcyc.org/>	AHZ // adenosine diphosphate 5-(beta-ethyl)-4-methyl-thiazole-2-carboxylic acid // ADT // adenylated thiazole // 2-carboxylate-4-methyl-5-beta-(ethyl adenosine 5-diphosphate) thiazole	596.0491639126	CC4(\N=C(C(=O)[O-])/SC(/CCOP(OP(OC[C@H]3(O[C@@H](N1(C2(\C(\N=C/1)=C(N)/N=C\N=2)))[C@H](O)[C@H](O)3))(=O)[O-])(=O)[O-])=4)		VGXBGQACJQRWLV-LKGUXBDMSA-K									PlantCyc/PMN local PGDB
CPD1ZN3-1	CPD1ZN3-1	(7 R ,8 S )-8-amino-7-(carboxyamino)nonanoate	232.1423071408					C10H19N2O4			plantcyc <https://plantcyc.org/>		232.1423071408	C[C@@H]([C@@H](CCCCCC([O-])=O)NC(=O)[O-])[NH3+]		OQNJZSIPDMTUAJ-JGVFFNPUSA-M									PlantCyc/PMN local PGDB
APS	APS	adenosine 5'-phosphosulfate	427.0198988964					C10H12N5O10PS			plantcyc <https://plantcyc.org/>	adenylyl-sulfate // APS // adenosine phosphosulfate // adenosine 5'-sulphatophosphate	427.0198988964	C(OP([O-])(OS(=O)([O-])=O)=O)[C@H]3(O[C@@H](N1(C2(\C(\N=C/1)=C(N)/N=C\N=2)))[C@H](O)[C@H](O)3)		IRLPACMLTUPBCL-KQYNXXCUSA-L									PlantCyc/PMN local PGDB
CPD-12125	CPD-12125	menaquinol- 7	650.5062813628					C46H66O2			plantcyc <https://plantcyc.org/>	menaquinol(7) // MKH2-7	650.5062813628	CC(C)=CCCC(\C)=C/CCC(\C)=C/CCC(\C)=C/CCC(\C)=C/CCC(\C)=C/CCC(\C)=C/CC1(/C(\C)=C(C2(/C=C\C=C/C(/C(/O)=1)=2))/O)		VFGNPJRRTKMYKN-LJWNYQGCSA-N									PlantCyc/PMN local PGDB
CPD-21551	CPD-21551	precondylocarpine acetate	396.2049073976					C23H27N2O4			plantcyc <https://plantcyc.org/>		396.2049073976	C/C=C4([C@@H]1(CC[N+](CCC2(\C3(/C=C\C=C/C(/NC(/[C@](C(=O)OC)(COC(C)=O)1)=2)=3)))=C4))		YCGQEMDBJBQBSW-ISNKGDJGSA-N									PlantCyc/PMN local PGDB
CPD-14499	CPD-14499	erythrodiol	442.3810808492					C30H50O2			plantcyc <https://plantcyc.org/>	olean-12-ene-3beta,28-diol // 3beta-erythrodiol	442.3810808492	CC4(C[C@H]5(C2(\[C@]([C@@]1(CC[C@H]3(C([C@H](CC[C@]([C@H]1C\C=2)3C)O)(C)C))C)(CC[C@@](CC4)5CO)C)))C		PSZDOEIIIJFCFE-OSQDELBUSA-N									PlantCyc/PMN local PGDB
8-AMINO-7-OXONONANOATE	8-AMINO-7-OXONONANOATE	(8 S )-8-amino-7-oxononanoate	187.1208434172					C9H17NO3			plantcyc <https://plantcyc.org/>	7-keto-8-aminopelargonate // KAPA // 7-KAP	187.1208434172	C[C@@H](C(CCCCCC([O-])=O)=O)[NH3+]		GUAHPAJOXVYFON-ZETCQYMHSA-N									PlantCyc/PMN local PGDB
CPD-23305	CPD-23305	6- O -methyl-beta-D-galacturonate	208.0583027399					C7H12O7			plantcyc <https://plantcyc.org/>	6- O -methyl-beta-D-galacturonic acid	208.0583027399	COC(=O)[C@@H]1([C@@H]([C@@H]([C@H]([C@@H](O1)O)O)O)O)		DICCNWCUKCYGNF-SXUWKVJYSA-N									PlantCyc/PMN local PGDB
CPD-14795	CPD-14795	UDP- N -acetyl-alpha-D-galactosamine	607.081569478					C17H25N3O17P2			plantcyc <https://plantcyc.org/>	UDP-GalNAc // Uridine 5'-diphospho- N -acetylgalactosamine	607.081569478	CC(N[C@H]3([C@@H](OP(OP(OC[C@@H]2([C@H]([C@H]([C@H](N1(\C=C/C(=O)NC1=O))O2)O)O))(=O)[O-])(=O)[O-])O[C@@H]([C@@H]([C@@H]3O)O)CO))=O		LFTYTUAZOPRMMI-NESSUJCYSA-L									PlantCyc/PMN local PGDB
CPD-21541	CPD-21541	zealexin A4	248.1412445083					C15H19O3			plantcyc <https://plantcyc.org/>		248.1412445083	CC2(C)(C(=O)C(/[C@@H]1(C/C=C(CC1)/C([O-])=O))=C/CC2)		BJGOJWHZMWETSG-SNVBAGLBSA-M									PlantCyc/PMN local PGDB
CPD-16781	CPD-16781	dihydrochelerythrine	349.1314081035					C21H19NO4			plantcyc <https://plantcyc.org/>	12,13-dihydrochelerythrine	349.1314081035	CN2(C4(/C5(/C=C1(C(/OCO1)=C\C(\C=C/C(/C3(\C=C/C(/OC)=C(C(\C2)=3)/OC))=4)=5))))		ALZAZMCIBRHMFF-UHFFFAOYSA-N									PlantCyc/PMN local PGDB
3-B-D-GALACTOSYL-SN-GLYCEROL	3-B-D-GALACTOSYL-SN-GLYCEROL	3-beta-D-galactosyl-sn-glycerol	254.1001675546					C9H18O8			plantcyc <https://plantcyc.org/>	2-(2,3-dihydroxypropoxy)-6-(hydroxymethyl)tetrahydropyran-3,4,5- triol	254.1001675546	C(O[C@@H]1(O[C@H](CO)[C@H](O)[C@H](O)[C@@H](O)1))[C@H](O)CO		NHJUPBDCSOGIKX-NTXXKDEISA-N									PlantCyc/PMN local PGDB
P-CHLOROPHENYLALANINE	P-CHLOROPHENYLALANINE	p-chlorophenylalanine	199.0400062804					C9H10NO2CL			plantcyc <https://plantcyc.org/>		199.0400062804	C1(\C(/CC([NH3+])C([O-])=O)=C/C=C(\C=1)/Cl)		NIGWMJHCCYYCSF-UHFFFAOYSA-N									PlantCyc/PMN local PGDB
3-OXO-DEOXYCHOLYL-COA	3-OXO-DEOXYCHOLYL-COA	12alpha-hydroxy-3-oxocholan-24-oyl-CoA	1139.3816533875					C45H68N7O19P3S			plantcyc <https://plantcyc.org/>	3-oxo-deoxycholoyl-CoA // 3-dehydro-deoxycholoyl-CoA	1139.3816533875	C[C@H](CCC(=O)SCCNC(=O)CCNC(=O)[C@H](O)C(C)(C)COP(=O)(OP(=O)(OC[C@@H]1([C@@H](OP([O-])(=O)[O-])[C@@H](O)[C@@H](O1)N2(C3(\N=C/N=C(C(\N=C/2)=3)/N))))[O-])[O-])[C@H]6(CC[C@H]7([C@@H]5(CC[C@@H]4(CC(=O)CC[C@@](C)4[C@H]5C[C@H](O)[C@](C)67))))		DUXMITADCRRTKI-REQADMJUSA-J									PlantCyc/PMN local PGDB
CPD-8693	CPD-8693	abieta-7,13-diene-18-al	286.2296655851					C20H30O			plantcyc <https://plantcyc.org/>	abietal // abietaldehyde // abietinal // abietadienal // (1R,4aR,4bR,10aR)-7-isopropyl-1,4a-dimethyl-1,2,3,4,4a,4b,5,6,10,10a-decahydrophenanthrene-1-carbaldehyde	286.2296655851	CC(C2(\CC[C@@H]3([C@@]1([C@H]([C@@](CCC1)(C=O)C)C\C=C(/C=2)/3)C)))C		HOFSYSONRIGEAC-LWYYNNOASA-N									PlantCyc/PMN local PGDB
CPD-18695	CPD-18695	C36-phenolphthiotriol A	562.496110607					C36H66O4			plantcyc <https://plantcyc.org/>	(3R,4S,9R,11R)-29-(4-hydroxyphenyl)-4-methylnonacosane-3,9,11-triol	562.496110607	CC[C@@H](O)[C@@H](C)CCCC[C@@H](O)C[C@H](O)CCCCCCCCCCCCCCCCCCC1(\C=C/C(/O)=C\C=1)		IABNHFIYGZWRGD-KHCOHBKDSA-N									PlantCyc/PMN local PGDB
CPD-9905	CPD-9905	3beta-hydroxy-9beta-pimara-7,15-diene-19,6beta-olide	316.2038447651					C20H28O3			plantcyc <https://plantcyc.org/>		316.2038447651	C=C[C@@]2(CCC3([C@]1(CCC([C@]4(C1C(\C=C(C2)/3)OC4=O)C)O)C))C		SPZLJXUKZRAIQP-ISYXSIGESA-N									PlantCyc/PMN local PGDB
CPD-19479	CPD-19479	2-[(2'-methylsulfanyl)pentyl]maleate	232.076929692					C10H14O4S			plantcyc <https://plantcyc.org/>	2-[(2'-methylthio)pentyl]maleate	232.076929692	CSCCCCCC(\C(=O)[O-])=C\C([O-])=O		FHIODBUYVWQUDO-FPLPWBNLSA-L									PlantCyc/PMN local PGDB
CPDQT-280	CPDQT-280	glucoraphanin	437.0484080345					C12H22NO10S3			plantcyc <https://plantcyc.org/>	4-(methylsulfinyl)butyl-glucosinolate	437.0484080345	CS(=O)CCCCC(\S[C@@H]1(O[C@H](CO)[C@@H](O)[C@H](O)[C@@H](O)1))=N\OS(=O)(=O)[O-]		GMMLNKINDDUDCF-BYNGITTOSA-M									PlantCyc/PMN local PGDB
CPD-501	CPD-501	alpha-D-galacturonate 1-phosphate	274.0089830841					C6H8O10P			plantcyc <https://plantcyc.org/>	1-phospho-alpha-D-galacturonate // D-galacturonate-1-P // galacturonate-1-phosphate // galacturonate-1-P // D-galacturonate 1-phosphate	274.0089830841	C(=O)([O-])[C@H]1(O[C@@H]([C@@H]([C@H]([C@H]1O)O)O)OP([O-])([O-])=O)		AIQDYKMWENWVQJ-DTEWXJGMSA-K									PlantCyc/PMN local PGDB
CPD-7672	CPD-7672	3-(methylsulfanyl)propanoate	120.024500191					C4H7O2S			plantcyc <https://plantcyc.org/>	3- S -methylmercaptopropionate // MMPA // methylmercaptopropionate // 3-methylthiopropionate // 3-methylthiopropionic acid // methyl-3-mercaptopropionate // methyl-beta-mercaptopropionate // 3-(methylthio)propanoate // 3- S -methylthiopropionate	120.024500191	CSCCC([O-])=O		CAOMCZAIALVUPA-UHFFFAOYSA-M									PlantCyc/PMN local PGDB
CPD-15798	CPD-15798	(S)-tetrahydropapaverine	343.1783582961					C20H26NO4			plantcyc <https://plantcyc.org/>		343.1783582961	COC3(/C=C(C[C@@H]1([NH2+]CCC2(\C/1=C/C(/OC)=C(\C=2)/OC)))\C=C/C(/OC)=3)		YXWQTVWJNHKSCC-INIZCTEOSA-O									PlantCyc/PMN local PGDB
CPD-6122	CPD-6122	1,5-diazabicyclononane	126.1156984598					C7H15N2			plantcyc <https://plantcyc.org/>		126.1156984598	C1(CC[NH2+]C2(CCCN12))		IHGJZNUBLMAEGL-UHFFFAOYSA-O									PlantCyc/PMN local PGDB
EDTA	EDTA	EDTA	292.0906655008					C10H14N2O8			plantcyc <https://plantcyc.org/>	ethylenediaminetetraacetic acid // ethylenediaminetetraacetate	292.0906655008	C(C[NH+](CC([O-])=O)CC([O-])=O)[NH+](CC([O-])=O)CC([O-])=O		KCXVZYZYPLLWCC-UHFFFAOYSA-L									PlantCyc/PMN local PGDB
HYDROXY-METHYL-BUTENYL-DIP	HYDROXY-METHYL-BUTENYL-DIP	( E )-4-hydroxy-3-methylbut-2-en-1-yl diphosphate	262.000740382					C5H9O8P2			plantcyc <https://plantcyc.org/>	( E )-4-hydroxy-3-methylbut 2-en-1-yl diphosphate // HMBDP // 1-hydroxy-2-methyl-2-(E)-butenyl 4-diphosphate	262.000740382	CC(/CO)=C\COP(OP([O-])(=O)[O-])(=O)[O-]		MDSIZRKJVDMQOQ-GORDUTHDSA-K									PlantCyc/PMN local PGDB
PHOSPHORYL-CHOLINE	PHOSPHORYL-CHOLINE	phosphocholine	185.0816945172					C5H13NO4P			plantcyc <https://plantcyc.org/>	choline-phosphate // phosphoryl-choline // O -phosphocholine	185.0816945172	C[N+](CCOP([O-])([O-])=O)(C)C		YHHSONZFOIEMCP-UHFFFAOYSA-M									PlantCyc/PMN local PGDB
CPD-12702	CPD-12702	( R )-mandelonitrile	133.052763852					C8H7NO			plantcyc <https://plantcyc.org/>	(2R)-hydroxy(phenyl)acetonitrile	133.052763852	C([C@@H](C1(\C=C/C=C\C=1))O)#N		NNICRUQPODTGRU-QMMMGPOBSA-N									PlantCyc/PMN local PGDB
DATP	DATP	dATP	491.0008305348					C10H12N5O12P3			plantcyc <https://plantcyc.org/>	2'-deoxyATP // 2'-deoxyadenosine triphosphate // deoxy-ATP // deoxyadenosine-triphosphate // 2'-deoxyadenosine-5'-triphosphate	491.0008305348	C(OP(=O)([O-])OP(=O)([O-])OP(=O)([O-])[O-])[C@H]3(O[C@@H](N1(C2(\C(\N=C/1)=C(N)/N=C\N=2)))C[C@H](O)3)		SUYVUBYJARFZHO-RRKCRQDMSA-J									PlantCyc/PMN local PGDB
CPD-12175	CPD-12175	( S )-3-hydroxy-isobutanoate	104.0473441231					C4H7O3			plantcyc <https://plantcyc.org/>	( S )-3-hydroxy-2-methylpropanoate // ( S )-3-Hydroxyisobutyric acid // ( S )-3-OH-iso-but // ( S )-3-OH-isobutyrate // ( S )-3-hydroxy-isobutyrate	104.0473441231	C[C@H](C([O-])=O)CO		DBXBTMSZEOQQDU-VKHMYHEASA-M									PlantCyc/PMN local PGDB
CPD-7994	CPD-7994	1-methylpyrrolinium	85.0891493583					C5H10N			plantcyc <https://plantcyc.org/>	1-methyl-&Delta; 1 -pyrrolinium ion // N -methyl-&Delta; 1 -pyrrolinium cation	85.0891493583	C[N+]1(\CCC\C=1)		FDWZAOGDOVQOLD-UHFFFAOYSA-N									PlantCyc/PMN local PGDB
CPD-7016	CPD-7016	7 1 -hydroxychlorophyll a	908.5302279646					C55H71N4O6MG			plantcyc <https://plantcyc.org/>		908.5302279646	C=CC4(\C(/C)=C5(\C=C7([C@@H](C)[C@H](CCC(=O)OC/C=C(C)/CCC[C@H](C)CCC[C@H](C)CCCC(C)C)C(/C6(\[C-](C(OC)=O)C(=O)C1(\C(\N2([Mg]N(C(/C=C3(C(/CO)=C(CC)\C(/C=C(C(\C)=1)\2)=N/3))=4)5))=6)))=N\7)))		GTDBMSHAERJYQW-YKKLGNEQSA-M									PlantCyc/PMN local PGDB
CPD-487	CPD-487	adenosine 5'-phosphoramidate	346.0790687553					C10H14N6O6P			plantcyc <https://plantcyc.org/>	adenosine-5'-monophosphoramidate // AMP-NH2	346.0790687553	C(OP(N)([O-])=O)[C@H]3(O[C@@H](N1(C2(\C(\N=C/1)=C(N)/N=C\N=2)))[C@H](O)[C@H](O)3)		LDEMREUBLBGZBO-KQYNXXCUSA-M									PlantCyc/PMN local PGDB
CPDQT-34	CPDQT-34	2-[(6'-methylsulfanyl)hexyl]malate	264.1031444425					C11H18O5S			plantcyc <https://plantcyc.org/>	2-[(6'-methylthio)hexyl]malic acid // 2-[(6'-methylthio)hexyl]malate	264.1031444425	CSCCCCCCC(O)(CC([O-])=O)C(=O)[O-]		FEKMFSGDBKSRNR-UHFFFAOYSA-L									PlantCyc/PMN local PGDB
CPD0-1650	CPD0-1650	2-amino-3-(phosphomethylphosphinyl)propanoate	247.001074733					C4H9NO7P2			plantcyc <https://plantcyc.org/>	2-amino-4-[(phosphonomethyl)hydroxy-phosphinyl]butanoate	247.001074733	C(P(=O)(CP(=O)(O)[O-])[O-])C(C(=O)[O-])[NH3+]		UXBKWDOSNBQQLQ-UHFFFAOYSA-L									PlantCyc/PMN local PGDB
TAXA-411-DIENE	TAXA-411-DIENE	taxa-4(5),11(12)-diene	272.2504010272					C20H32			plantcyc <https://plantcyc.org/>	taxa-4,11-diene	272.2504010272	CC2(\[C@H]1(C[C@@H]3(CCC(/C)=C(CC[C@@](C)1CC\C=2)/C(C)(C)3)))		FRJSECSOXKQMOD-HQRMLTQVSA-N									PlantCyc/PMN local PGDB
CPD-1822	CPD-1822	quercetin 3-sulfate	381.999467232					C15H8O10S			plantcyc <https://plantcyc.org/>		381.999467232	C3(/C=C(C(/O)=C\C(\C1(\OC2(/C=C(/C=C(C(\C(=O)C(/OS(=O)(=O)[O-])=1)=2)/O)/[O-])))=3)/O)		DNAYVNOVGHZZLH-UHFFFAOYSA-L									PlantCyc/PMN local PGDB
CPD-6972	CPD-6972	4-(2'-carboxyphenyl)-4-oxobutyryl-CoA	971.1574671108					C32H39N7O20P3S			plantcyc <https://plantcyc.org/>	succinylbenzoyl-CoA // 2-succinylbenzoyl-CoA // 2-(3'-carboxypropionyl)benzoyl-CoA // o -succinylbenzoyl-CoA	971.1574671108	CC(C)([C@@H](O)C(=O)NCCC(=O)NCCSC(CCC(C1(/C=C\C=C/C(/C([O-])=O)=1))=O)=O)COP(=O)(OP(=O)(OC[C@H]2(O[C@H]([C@@H]([C@@H]2OP([O-])(=O)[O-])O)N3(C4(\N=C/N=C(C(\N=C/3)=4)/N))))[O-])[O-]		KVAQAPQXOXTRAE-HSJNEKGZSA-I									PlantCyc/PMN local PGDB
CPD-14094	CPD-14094	4-oxo-4-(3-pyridyl)-butanoate	179.0582431604					C9H8NO3			plantcyc <https://plantcyc.org/>	gamma-oxo-3-pyridinebutanoate // gamma-oxo-3-pyridinebutanoic acid // 3-succinoylpyridine // 4-oxo-4-(3-pyridyl)-butanoic acid // 3-succinoyl-pyridine	179.0582431604	C1(/N=C\C=C/C(/C(CCC(=O)[O-])=O)=1)		JGSUNMCABQUBOY-UHFFFAOYSA-M									PlantCyc/PMN local PGDB
IMINOASPARTATE	IMINOASPARTATE	2-iminosuccinate	131.0218576541					C4H3NO4			plantcyc <https://plantcyc.org/>	2-iminobutanedioate // alpha-iminosuccinate // iminoaspartate	131.0218576541	C(=O)([O-])CC(C(=O)[O-])=N		NMUOATVLLQEYHI-UHFFFAOYSA-L									PlantCyc/PMN local PGDB
CPD-11561	CPD-11561	adenosine pentaphosphate	666.9284059737					C10H12N5O19P5			plantcyc <https://plantcyc.org/>	adenosine 5'-pentaphosphate	666.9284059737	C(OP(OP(=O)([O-])OP([O-])(=O)OP([O-])(=O)OP([O-])(=O)[O-])([O-])=O)[C@H]3(O[C@@H](N1(C2(\C(\N=C/1)=C(N)/N=C\N=2)))[C@H](O)[C@H](O)3)		WYJWVZZCMBUPSP-KQYNXXCUSA-H									PlantCyc/PMN local PGDB
CPD-12587	CPD-12587	(2 E ,6 E )-farnesyl phosphate	302.1646958651					C15H25O4P			plantcyc <https://plantcyc.org/>	2,6,10-dodecatrien-1-ol, 3,7,11-trimethyl-, dihydrogen phosphate, ( 2E,6E )- // 2,6,10-dodecatrien-1-ol, 3,7,11-trimethyl-, dihydrogen phosphate, ( E,E ) // ( E,E )-farnesyl monophosphate // ( E,E )-farnesyl phosphate // ( trans, trans )-farnesyl monophosphate // 2- trans ,-6- trans -farnesyl monophosphate // 2- trans ,-6- trans -farnesyl phosphate	302.1646958651	CC(C)=CCCC(\C)=C/CCC(\C)=C/COP([O-])([O-])=O		ALEWCKXBHSDCCT-YFVJMOTDSA-L									PlantCyc/PMN local PGDB
CPD-22766	CPD-22766	14alpha-formyl-4alpha-methyl-5alpha-cholesta-8,24-dien-3beta-ol	426.3497807208					C29H46O2			plantcyc <https://plantcyc.org/>		426.3497807208	CC(C)=CCC[C@@H](C)[C@H]2(CC[C@@]3(C=O)(C4(\CC[C@H]1([C@H](C)[C@@H](O)CC[C@@](C)1C(\CC[C@](C)23)=4))))		VIFGWTCNTQQMHH-HUWKDVIGSA-N									PlantCyc/PMN local PGDB
CPD-2205	CPD-2205	( E )-(4-hydroxyphenyl)acetaldehyde oxime	151.0633285383					C8H9NO2			plantcyc <https://plantcyc.org/>	( E )-4-hydroxyphenylacetaldoxime // ( E )-p-hydroxyphenylacetaldehyde oxime	151.0633285383	C1(\C=C(\C=C/C(\C/C=N/O)=1)\O)		TVXJJNJGTDWFLD-RMKNXTFCSA-N									PlantCyc/PMN local PGDB
CPD-13866	CPD-13866	(-)-delta-cadinene	204.1878007704					C15H24			plantcyc <https://plantcyc.org/>		204.1878007704	CC([C@H]2(CCC(/C)=C1(CCC(/C)=C/[C@@H]12)))C		FUCYIEXQVQJBKY-UKRRQHHQSA-N									PlantCyc/PMN local PGDB
3-P-SERINE	3-P-SERINE	O -phospho-L-serine	185.0089235046					C3H6NO6P			plantcyc <https://plantcyc.org/>	L-serine phosphate // phosphoryl-L-serine // L-seryl phosphate // L-serine-3P // L-serine 3-phosphate // 3-phospho-L-serine // O-phospho-serine	185.0089235046	C(OP([O-])([O-])=O)[C@H]([NH3+])C(=O)[O-]		BZQFBWGGLXLEPQ-REOHCLBHSA-L									PlantCyc/PMN local PGDB
CPD-15886	CPD-15886	(-)-dihydrokaempferol	288.0633881178					C15H12O6			plantcyc <https://plantcyc.org/>		288.0633881178	C3(/C=C(\C=C/C(/[C@@H]1(OC2(\C(\C([C@H]1O)=O)=C(/C=C(/C=2)/O)\O)))=3)/O)		PADQINQHPQKXNL-CABCVRRESA-N									PlantCyc/PMN local PGDB
13-DIHYDROXY-N-METHYLACRIDONE	13-DIHYDROXY-N-METHYLACRIDONE	1,3-dihydroxy-N-methylacridone	241.0738932246					C14H11NO3			plantcyc <https://plantcyc.org/>		241.0738932246	CN1(C3(/C=C\C=C/C(/C(=O)C2(/C(/O)=C\C(\O)=C/C\1=2))=3))		GDALETGZDYOOGB-UHFFFAOYSA-N									PlantCyc/PMN local PGDB
CPD-13920	CPD-13920	ent -isokauren-2alpha-ol	288.2453156493					C20H32O			plantcyc <https://plantcyc.org/>	2beta-hydroxy- ent -isokaurene	288.2453156493	CC1(\[C@H]4(C[C@]3(\C=1)(CC[C@@H]2(C(C)(C)C[C@@H](O)C[C@](C)2[C@@H]3CC4))))		KMRGROLDAASNIW-JGFIGGHZSA-N									PlantCyc/PMN local PGDB
CPD-19573	CPD-19573	(2S)-2-aminohex-4-ynoate	127.0633285383					C6H9NO2			plantcyc <https://plantcyc.org/>	L-2-amino-4-hexynoic acid // L-2-amino-4-hexynoate	127.0633285383	CC#CC[C@H]([NH3+])C([O-])=O		VDWGCMRALYSYJV-YFKPBYRVSA-N									PlantCyc/PMN local PGDB
CPD-4622	CPD-4622	trans -zeatin- O -glucoside-7- N -glucoside	543.2176569284					C22H33N5O11			plantcyc <https://plantcyc.org/>		543.2176569284	CC(/CO[C@@H]1([C@@H]([C@H]([C@@H]([C@H](O1)CO)O)O)O))=C\CNC2(\C3(\N=C/N(C(\N=C/N=2)=3)[C@@H]4([C@@H]([C@H]([C@@H]([C@H](O4)CO)O)O)O)))		DTPCZPXFOQSQNC-YDZGMUMUSA-N									PlantCyc/PMN local PGDB
CPD-15777	CPD-15777	pyrithiamine	260.1637112849					C14H20N4O			plantcyc <https://plantcyc.org/>	pyrithiamin // neopyrithiamine // 2-{1-[(4-Amino-2-methyl-5-pyrimidinyl)methyl]-2-methyl-1,2-dihydro-3-pyridinyl}ethanol	260.1637112849	CC2(N(CC1(\C(\N)=N/C(\C)=N\C=1))\C=C/C=C(CCO)\2)		UZLPMHGCXVJFGY-UHFFFAOYSA-N									PlantCyc/PMN local PGDB
FRUCTOSE-6P	FRUCTOSE-6P	beta-D-fructofuranose 6-phosphate	260.0297185262					C6H11O9P			plantcyc <https://plantcyc.org/>	D-fructose-6-phosphate // fructose-6P // fructose-6-P // fruc6p // fru-6-P // fructose-6-phosphate // A-D-fructose-6-P // D-fructose-6-P // D-fructose 6-phosphate // D-fructofuranose 6-phosphate	260.0297185262	C(OP(=O)([O-])[O-])[C@H]1(O[C@@](CO)(O)[C@@H](O)[C@H](O)1)		BGWGXPAPYGQALX-ARQDHWQXSA-L									PlantCyc/PMN local PGDB
3OH-4P-OH-ALPHA-KETOBUTYRATE	3OH-4P-OH-ALPHA-KETOBUTYRATE	(3R)-3-hydroxy-2-oxo-4 phosphooxybutanoate	213.9878537115					C4H4O8P			plantcyc <https://plantcyc.org/>	3-hydroxy-4-phospho-hydroxy-alpha-ketobutyrate // 2-oxo-3-hydroxy-4-phosphobutanoate	213.9878537115	C([C@H](C(C([O-])=O)=O)O)OP([O-])(=O)[O-]		MZJFVXDTNBHTKZ-UWTATZPHSA-K									PlantCyc/PMN local PGDB
PRECURSOR-Z	PRECURSOR-Z	cyclic pyranopterin phosphate	345.0474342759					C10H11N5O7P			plantcyc <https://plantcyc.org/>	precursor Z // cPMP // precursor-Z // 8-amino-2,12,12-trihydroxy-4a,5a,6,9,11,11a,12,12a-octahydro[1,3,2]dioxaphosphinino[4',5':5,6]pyrano[3,2-g]pteridin-10(4H)-one 2-oxide // 8-amino-2,12,12-trihydroxy-4,4a,5a,6,9,10,11,11a,12,12a-decahydro-[1,3,2]dioxaphosphinino[4',5':5,6]pyrano[3,2-g]pteridine 2-oxide // cyclic pyranopterin monophosphate	345.0474342759	C1(OP([O-])(=O)OC2(C1O[C@@H]3([C@H](C(=O)2)NC4(\C(=O)NC(/N)=N/C(\N3)=4))))		PWFXLXMPGSLEOZ-QQVWSJFJSA-M									PlantCyc/PMN local PGDB
CHORISMATE	CHORISMATE	chorismate	226.0477380536					C10H8O6			plantcyc <https://plantcyc.org/>	chorismic acid	226.0477380536	C=C(C(=O)[O-])O[C@H]1([C@H](O)\C=C/C(/C([O-])=O)=C\1)		WTFXTQVDAKGDEY-HTQZYQBOSA-L									PlantCyc/PMN local PGDB
CPD-11524	CPD-11524	3-oxo-2-(cis-2'-pentenyl)-cyclopentane-1-(3-oxohexanoyl)-CoA	1029.2721029381					C37H54N7O19P3S			plantcyc <https://plantcyc.org/>	OPC6-3-ketoacyl-CoA	1029.2721029381	CC\C=C/C[C@H]1([C@H](CCC(=O)1)CCCC(=O)CC(SCCNC(=O)CCNC(=O)[C@H](O)C(C)(C)COP(=O)(OP(=O)(OC[C@@H]2([C@@H](OP([O-])(=O)[O-])[C@@H](O)[C@@H](O2)N3(C4(\N=C/N=C(C(\N=C/3)=4)/N))))[O-])[O-])=O)		ADGIRVMSHGGGHU-AZVXSVFWSA-J									PlantCyc/PMN local PGDB
CPD-10449	CPD-10449	2-hydroxylamino-4,6-dinitrotoluene-C3-glucoside	379.1226939107					C13H17N3O10			plantcyc <https://plantcyc.org/>	2-HADNT C-glucoside	379.1226939107	CC1(/C(/NO)=C(C(/[N+]([O-])=O)=C\C(\[N+]([O-])=O)=1)/C2(O[C@H](CO)[C@@H](O)[C@H](O)[C@@H](O)2))		LQVHMKSGVVHSHF-DDSNRORXSA-N									PlantCyc/PMN local PGDB
ACETYL-ETCETERA-L-ASPARAGINE	ACETYL-ETCETERA-L-ASPARAGINE	N 4 -(beta- N -acetyl-D-glucosaminyl)-L-asparagine	335.1328646665					C12H21N3O8			plantcyc <https://plantcyc.org/>	1-beta-aspartyl- N -acetyl-D-glucosaminylamine // N 4 -(acetyl-beta-D-glucosaminyl)asparagine // N 4 -(beta-N-acetyl-D-glucosaminyl)-L-asparagine	335.1328646665	CC(=O)N[C@@H]1([C@@H](O)[C@H](O)[C@@H](CO)O[C@H]1NC(=O)C[C@H]([NH3+])C(=O)[O-])		YTTRPBWEMMPYSW-HRRFRDKFSA-N									PlantCyc/PMN local PGDB
CPD-5662	CPD-5662	4,5-secobiotin	246.1038131445					C10H17N2O3S			plantcyc <https://plantcyc.org/>	9-mercaptodesthiobiotin // 9-mercaptodethiobiotin // 6-[2-oxo-5-(sulfanylmethyl)imidazolidin-4-yl]hexanoate	246.1038131445	C(C1(C(NC(N1)=O)CCCCCC(=O)[O-]))S		ZARFDBYKHCOTRH-UHFFFAOYSA-M									PlantCyc/PMN local PGDB
CPD-8134	CPD-8134	24- epi -campesterol	400.3705161629					C28H48O			plantcyc <https://plantcyc.org/>	ergost-5-en-3beta-ol // (24S)-methylcholest-5-en-3beta-ol // &Delta;22-dihydrobrassicasterol // (24S)-24-methyl-5-cholestene-3beta-ol // (3beta)-ergost-5-en-3-ol	400.3705161629	CC(C)[C@@H](C)CC[C@@H](C)[C@H]3(CC[C@H]4([C@@H]2(C\C=C1(C[C@@H](O)CC[C@@](C)1[C@H]2CC[C@](C)34))))		SGNBVLSWZMBQTH-ZRUUVFCLSA-N									PlantCyc/PMN local PGDB
CPD-25235	CPD-25235	N -(1-deoxy-D-fructos-1-yl)-L-leucine	293.1474520982					C12H23NO7			plantcyc <https://plantcyc.org/>	deoxyfructosyl-L-leucine	293.1474520982	CC(C)C[C@@H](C(=O)[O-])[NH2+]C[C@@]1(O)(OC[C@@H](O)[C@@H](O)[C@H](O)1)		ZVFBUGZJZNDPOS-TYCYOEEFSA-N									PlantCyc/PMN local PGDB
AMINO-HYDROXYMETHYL-METHYL-PYR-P	AMINO-HYDROXYMETHYL-METHYL-PYR-P	4-amino-2-methyl-5-(phosphooxymethyl)pyrimidine	219.040892335					C6H8N3O4P			plantcyc <https://plantcyc.org/>	4-amino-5-phosphomethyl-2-methylpyrimidine // 4-amino-5-hydroxymethyl-2-methylpyrimidine-phosphate	219.040892335	CC1(\N=C/C(/COP(=O)([O-])[O-])=C(N)\N=1)		PKYFHKIYHBRTPI-UHFFFAOYSA-L									PlantCyc/PMN local PGDB
CPD-18905	CPD-18905	chlorophyll a 2	890.5196632783					C55H69N4O5MG			plantcyc <https://plantcyc.org/>	3,8-divinyl chlorophyll a // 3,8-divinyl chlorophyll a (phytol) // Chl a 2	890.5196632783	C=CC4(\C(/C)=C5(\C=C7([C@@H](C)[C@H](CCC(=O)OC/C=C(C)/CCC[C@H](C)CCC[C@H](C)CCCC(C)C)C(\C6(/[C@@H-](C(OC)=O)C(=O)C1(\C(\N2([Mg]N(C(/C=C3(C(/C)=C(C=C)/C(\C=C(C(\C)=1)/2)=N3))=4)5))=6)))=N7)))											PlantCyc/PMN local PGDB
IMIDAZOLE-ACETOL-P	IMIDAZOLE-ACETOL-P	3-(imidazol-4-yl)-2-oxopropyl phosphate	220.0249079198					C6H7N2O5P			plantcyc <https://plantcyc.org/>	imidazole acetol-P // imidazole acetol-phosphate	220.0249079198	C1(\N\C=N/C(\CC(COP([O-])(=O)[O-])=O)=1)		YCFFMSOLUMRAMD-UHFFFAOYSA-L									PlantCyc/PMN local PGDB
CPD-412	CPD-412	trans -5-O-(4-coumaroyl)shikimate	320.0896028683					C16H15O7			plantcyc <https://plantcyc.org/>	4-coumaroylshikimate // trans-(p-coumaroyl)-shikimate	320.0896028683	C(O[C@H]1([C@H](O)[C@H](O)/C=C(C1)/C([O-])=O))(=O)/C=C/C2(\C=C/C(/O)=C\C=2)		GVECSFFLZYNEBO-PDXJTRCTSA-M									PlantCyc/PMN local PGDB
CPD-10468	CPD-10468	( 2R )-2-hydroxy-4-(methylsulfanyl)butanoate	150.0350648773					C5H9O3S			plantcyc <https://plantcyc.org/>	D-2-hydroxy-4-methylthiobutyrate // D-4-methylthio-2-hydroxybutyrate // D-4-methylthio-2-hydroxybutanoate // D-2-hydroxy-4-methylthiobutanoate // 2-hydroxy-4-(methylthio)butyric acid	150.0350648773	CSCC[C@H](C([O-])=O)O		ONFOSYPQQXJWGS-SCSAIBSYSA-M									PlantCyc/PMN local PGDB
GAMMA-LINOLENOYL-COA	GAMMA-LINOLENOYL-COA	gamma-linolenoyl-CoA	1027.3292238865					C39H60N7O17P3S			plantcyc <https://plantcyc.org/>	(6Z,9Z,12Z)-octadeca-6,9,12-trienoyl-CoA // (6Z,9Z,12Z)-octadecatrienoyl-CoA	1027.3292238865	CCCCC\C=C/C\C=C/C\C=C/CCCCC(=O)SCCNC(=O)CCNC(=O)[C@H](O)C(C)(C)COP(=O)(OP(=O)(OC[C@@H]1([C@@H](OP([O-])(=O)[O-])[C@@H](O)[C@@H](O1)N2(C3(\N=C/N=C(C(\N=C/2)=3)/N))))[O-])[O-]		XZQYPTBYQYZGRU-FHDVEODPSA-J									PlantCyc/PMN local PGDB
CPD-13805	CPD-13805	erythromycin B	717.4663266211					C37H68NO12			plantcyc <https://plantcyc.org/>		717.4663266211	CC[C@@H]1([C@H](C)[C@H](O)[C@@H](C)C(=O)[C@H](C)C[C@](O)(C)[C@@H]([C@H]([C@@H]([C@H](C(O1)=O)C)O[C@@H]2(O[C@H]([C@H](O)[C@](C)(OC)C2)C))C)O[C@@H]3(O[C@@H](C[C@H]([NH+](C)C)[C@@H](O)3)C))		IDRYSCOQVVUBIJ-PPGFLMPOSA-O									PlantCyc/PMN local PGDB
DIMP	DIMP	dIMP	332.0521853028					C10H11N4O7P			plantcyc <https://plantcyc.org/>	2'-deoxy-IMP // 2'-deoxy-5'-inosinic acid // 2'-deoxyinosine 5'-monophosphate // 2'-deoxyinosine 5'-phosphate // 9-(2-deoxy-5-O-phosphono-beta-D-erythro-pentofuranosyl)-9H-purin-6-ol // deoxyinosine monophosphate	332.0521853028	C(OP(=O)([O-])[O-])[C@H]3(O[C@@H](N1(C2(\N=C/NC(=O)C(\N=C/1)=2)))C[C@H](O)3)		PHNGFPPXDJJADG-RRKCRQDMSA-L									PlantCyc/PMN local PGDB
OCTAPRENYL-METHYL-OH-METHOXY-BENZQ	OCTAPRENYL-METHYL-OH-METHOXY-BENZQ	3-demethylubiquinol- 8	714.5587108638					C48H74O4			plantcyc <https://plantcyc.org/>	2-octaprenyl-3-methyl-5-hydroxy-6-methoxy-1,4-benzoquinol // OMHMB // 2-octaprenyl-3-methyl-5-hydroxy-6-methoxy-1,4-benzoquinone	714.5587108638	CC(C)=CCCC(\C)=C/CCC(\C)=C/CCC(\C)=C/CCC(\C)=C/CCC(\C)=C/CCC(\C)=C/CCC(\C)=C/CC1(/C(\C)=C(C(\O)=C(C(/O)=1)\OC)/O)		QURLIMHPCRKMJP-WDXILIIOSA-N									PlantCyc/PMN local PGDB
PHOSPHORIBOSYL-ATP	PHOSPHORIBOSYL-ATP	1-(5-phospho-beta-D-ribosyl)-ATP	719.0043343105					C15H19N5O20P4			plantcyc <https://plantcyc.org/>	1-(5-phosphoribosyl)-ATP // N1-(5-phospho-D-ribosyl)-ATP // 5-phosphoribosyl-ATP // 1-(5-phospho-D-ribosyl)-ATP // phosphoribosyl-ATP	719.0043343105	C(OP([O-])(=O)[O-])[C@H]4(O[C@@H](N1(C(C2(\N=C/N(C(\N=C/1)=2)[C@@H]3(O[C@H](COP(=O)([O-])OP(=O)([O-])OP(=O)([O-])[O-])[C@@H](O)[C@@H](O)3)))=N))[C@H](O)[C@@H]4O)		RKNHJBVBFHDXGR-KEOHHSTQSA-H									PlantCyc/PMN local PGDB
CPD-15176	CPD-15176	baicalein 7- O -beta- D -glucoside	432.105646863					C21H20O10			plantcyc <https://plantcyc.org/>	baicalein 7- O -glucoside	432.105646863	C4(\C=C/C(/C1(/OC2(/C=C(C(\O)=C(C(\C(=O)\C=1)=2)\O)/O[C@H]3([C@@H]([C@H]([C@H](O)[C@H](O3)CO)O)O))))=C\C=4)		IPQKDIRUZHOIOM-IAAKTDFRSA-N									PlantCyc/PMN local PGDB
CPD-12586	CPD-12586	methyl ( 2E,6E )-farnesoate	250.1932800788					C16H26O2			plantcyc <https://plantcyc.org/>	( 2E,6E )-farnesyl methyl ester // methyl (2- trans -6- trans )-farnesoate // methyl ( trans,trans )-farnesoate // ( trans,trans )-2,6,10-dodecatrienoic acid, 3,7,11-trimethyl-, methyl ester // Methyl ( 2E,6E )-3,7,11-trimethyl-2,6,10-dodecatrienoate // ( 2E,6E )-3,7,11-trimethyl-dodeca-2,6,10-trienoic acid methyl ester // 2,6,10-Dodecatrienoic acid, 3,7,11-trimethyl-, methyl ester, ( 2E,6E )- // 2,6,10-Dodecatrienoic acid, 3,7,11-trimethyl-, methyl ester, ( E,E )-	250.1932800788	CC(C)=CCCC(\C)=C/CCC(\C)=C/C(=O)OC		NWKXNIPBVLQYAB-VDQVFBMKSA-N									PlantCyc/PMN local PGDB
CPD-12177	CPD-12177	( R )-methylmalonate-semialdehyde	102.0316940589					C4H5O3			plantcyc <https://plantcyc.org/>	( R )-2-methyl-3-oxopropanoate // ( R )-ch3-malonate-semialdehyde	102.0316940589	C[C@H](C=O)C(=O)[O-]		VOKUMXABRRXHAR-GSVOUGTGSA-M									PlantCyc/PMN local PGDB
6-O-METHYLNORLAUDANOSOLINE	6-O-METHYLNORLAUDANOSOLINE	( S )-6- O -methylnorlaudanosoline	301.1314081035					C17H20NO4			plantcyc <https://plantcyc.org/>		301.1314081035	C2(CC3(/C=C(C(/O)=C\C(\[C@H](CC1(\C=C(C(/O)=C\C=1)\O))[NH2+]2)=3)/OC))		RHMGJTZOFARRHB-ZDUSSCGKSA-O									PlantCyc/PMN local PGDB
SIROHYDROCHLORIN	SIROHYDROCHLORIN	sirohydrochlorin	862.290881451					C42H38N4O16			plantcyc <https://plantcyc.org/>	Precorrin	862.290881451	C[C@@]1(CC(=O)[O-])(C3(\NC(/[C@@H](CCC(=O)[O-])1)=C/C2(/C(\CC(=O)[O-])=C(CCC(=O)[O-])\C(\N=2)=C\C5(\NC(/C=C4([C@@](C)(CC(=O)[O-])[C@H](CCC(=O)[O-])C(\C=3)=N4))=C(CC(=O)[O-])/C(\CCC(=O)[O-])=5))))		KWIZRXMMFRBUML-AHGFGAHVSA-F									PlantCyc/PMN local PGDB
L-PHOSPHINOTHRICIN	L-PHOSPHINOTHRICIN	L-phosphinothricin	181.0503943888					C5H11NO4P			plantcyc <https://plantcyc.org/>	glufosinate // DL-phosphinothricin // phosphinothricin // phosphinothricine // (S)-phosphinothricin // (S)-2-amino-4-(hydroxymethylphosphinyl)butyric acid // (S)-4-[hydroxy(methyl)phosphinyl]-2-aminobutyric acid // L-glufosinate	181.0503943888	CP(CC[C@H]([NH3+])C(=O)[O-])([O-])=O		IAJOBQBIJHVGMQ-BYPYZUCNSA-M									PlantCyc/PMN local PGDB
CPD-4462	CPD-4462	(+)-maackiain	284.0684734957					C16H12O5			plantcyc <https://plantcyc.org/>		284.0684734957	C2(OC5(/C=C(\C=C/C(/[C@H]3(OC4(/C=C1(C(/OCO1)=C\C(\[C@@H]23)=4))))=5)/O))		HUKSJTUUSUGIDC-BDJLRTHQSA-N									PlantCyc/PMN local PGDB
3-OXO-DELTA4-DEOXYCHOLYL-COA	3-OXO-DELTA4-DEOXYCHOLYL-COA	12alpha-hydroxy-3-oxochol-4-en-24-oyl-CoA	1137.3660033233					C45H66N7O19P3S			plantcyc <https://plantcyc.org/>	3-oxo-&Delta; 4 -deoxycholyl-CoA	1137.3660033233	C[C@H](CCC(=O)SCCNC(=O)CCNC(=O)[C@H](O)C(C)(C)COP(=O)(OP(=O)(OC[C@@H]1([C@@H](OP([O-])(=O)[O-])[C@@H](O)[C@@H](O1)N2(C3(\N=C/N=C(C(\N=C/2)=3)/N))))[O-])[O-])[C@H]6(CC[C@H]7([C@@H]5(CCC4(\[C@@](CCC(=O)\C=4)(C)[C@H]5C[C@H](O)[C@](C)67))))		YHNAADKYQGFQKO-UCJRQDITSA-J									PlantCyc/PMN local PGDB
CGMP	CGMP	3',5'-cyclic GMP	345.0474342759					C10H11N5O7P			plantcyc <https://plantcyc.org/>	cyclic-GMP // guanosine-cyclic-phosphoric-acid // cGMP // guanosine cyclic-monophosphate // guanosine 3',5'-cyclic-monophosphate // guanosine 3',5'-cyclic phosphate // cyclic 3',5'-guanosine monophosphate // guanosine 3',5'-cyclic monophosphate	345.0474342759	C4([C@@H]3([C@H]([C@H]([C@H](N1(C2(\N=C(N)/NC(=O)C(\N=C/1)=2)))O3)O)OP(O4)(=O)[O-]))		ZOOGRGPOEVQQDX-UUOKFMHZSA-M									PlantCyc/PMN local PGDB
CPD-14486	CPD-14486	11-deoxoglycyrrhetinate	456.3603454071					C30H48O3			plantcyc <https://plantcyc.org/>	11-deoxoglycyrrhetinic acid	456.3603454071	C[C@@]4(C)(C3(CC[C@@]2(C)([C@]1(C)(CC[C@@]5([C@H](C/1=C\CC2[C@](C)3CC[C@H](O)4)C[C@](C(O)=O)(C)CC5)C))))		JZFSMVXQUWRSIW-YHSIJDKQSA-N									PlantCyc/PMN local PGDB
CPD-26987	CPD-26987	astragaloside III	784.4609068922					C41H68O14			plantcyc <https://plantcyc.org/>	3- O -[beta-D-glucopyranosyl-(1->2)]-beta-D-xylopyranosyl-cycloastragenol	784.4609068922	CC3([C@H]5([C@@]8(CC[C@H](O[C@H]2([C@H](O[C@H]1([C@H](O)[C@@H](O)[C@H](O)[C@@H](CO)O1))[C@@H](O)[C@H](O)CO2))3)(C[C@]4(CC[C@]7([C@](C)([C@@H]4C[C@H](O)5)C[C@@H]([C@@H]([C@]6(CC[C@H](O6)C(C)(O)C)C)7)O)C)8)))C		FVFSMBDVZVUETN-BQAOMNQWSA-N									PlantCyc/PMN local PGDB
CPD-7383	CPD-7383	pelargonidin 3- O -beta-D-caffeoylglucoside	595.145165954					C30H25O13			plantcyc <https://plantcyc.org/>		595.145165954	C([C@H]1(O[C@H]([C@@H]([C@H]([C@@H]1O)O)O)OC2(\C(=[O+]C3(\C(/C=2)=C(/C=C(/C=3)/[O-])\[O-]))C4(\C=C/C(/O)=C\C=4))))OC(/C=C/C5(\C=C/C(/O)=C(C=5)/O))=O		OUWGZZOPFVOIFO-SHPGVJHPSA-M									PlantCyc/PMN local PGDB
ALPHA11-ALPHA-EPOXY-15-HYDROXYTHROMBA	ALPHA11-ALPHA-EPOXY-15-HYDROXYTHROMBA	thromboxane A 2	352.2249741377					C20H31O5			plantcyc <https://plantcyc.org/>	(5Z,13E)-(15S)-9alpha,11alpha-epoxy-15-hydroxythromboxa-5,13-dienoate // (5Z, 9alpha,11 alpha,13E,15S)-9,11-epoxy-15-hydroxythromboxa- 5,13-dien-1-oic acid // TXA 2	352.2249741377	CCCCC[C@H](O)/C=C/[C@H]2(O[C@H]1(C[C@H](O1)[C@H](C\C=C/CCCC(=O)[O-])2))		DSNBHJFQCNUKMA-SCKDECHMSA-M									PlantCyc/PMN local PGDB
CPD-17372	CPD-17372	1-(18-hydroxyoleoyl)- sn -glycrol 3-phosphate	452.2539048029					C21H39O8P			plantcyc <https://plantcyc.org/>	1-(18-hydroxyoleoyl)-2-lyso-phosphatidate	452.2539048029	C(O)CCCCCCC\C=C/CCCCCCCC(=O)OC[C@H](COP([O-])([O-])=O)O		GFJKJLHWWZXDAU-KXFGNQBASA-L									PlantCyc/PMN local PGDB
CPD-15435	CPD-15435	(L-threonylcarbamoyl)adenylate	492.1005920584					C15H19N6O11P			plantcyc <https://plantcyc.org/>		492.1005920584	C[C@@H](O)[C@@H](C([O-])=O)NC(=O)OP(OC[C@H]3(O[C@@H](N1(C2(\C(\N=C/1)=C(N)/N=C\N=2)))[C@H](O)[C@H](O)3))([O-])=O		GHLUPQUHEIJRCU-DWVDDHQFSA-L									PlantCyc/PMN local PGDB
CPD-22759	CPD-22759	feruloyl diketide	236.0684734957					C12H11O5			plantcyc <https://plantcyc.org/>	feruloylacetate	236.0684734957	COC1(/C=C(/C=C/C(=O)CC([O-])=O)\C=C/C(/O)=1)		CXMRDTYDEINMSY-DUXPYHPUSA-M									PlantCyc/PMN local PGDB
ARACHIDIC_ACID	ARACHIDIC_ACID	arachidate	312.3028305282					C20H39O2			plantcyc <https://plantcyc.org/>	icosanoic acid (n-C20:0) // arachidic acid // icosanoate // icosanoic acid // eicosanoate // eicosanoic acid	312.3028305282	CCCCCCCCCCCCCCCCCCCC(=O)[O-]		VKOBVWXKNCXXDE-UHFFFAOYSA-M									PlantCyc/PMN local PGDB
CPD-6221	CPD-6221	gibberellin A 13	378.1678531893					C20H23O7			plantcyc <https://plantcyc.org/>	GA13	378.1678531893	C=C1([C@H]2(C[C@]3(C1)([C@H]([C@@H]4([C@@](C)([C@@H](O)CC[C@@](C(=O)[O-])([C@@H](CC2)3)4)C([O-])=O))C([O-])=O)))		UYRCHWLYXIQJKK-HMRRIYTKSA-K									PlantCyc/PMN local PGDB
UNDECAPRENYL-DIPHOSPHATE	UNDECAPRENYL-DIPHOSPHATE	di-trans,octa-cis -undecaprenyl diphosphate	926.6318283279					C55H89O7P2			plantcyc <https://plantcyc.org/>	di- trans -poly- cis -undecaprenyl diphosphate // undecaprenyl-PP (ambiguous) // bactoprenyl pyrophosphate // undecaprenyl pyrophosphate (ambiguous) // UPP (ambiguous) // C 55 -PP (ambiguous) // Und-PP	926.6318283279	CC(C)=CCCC(\C)=C/CCC(\C)=C/CCC(/C)=C/CCC(/C)=C/CCC(/C)=C/CCC(/C)=C/CCC(/C)=C/CCC(/C)=C/CCC(/C)=C/CCC(/C)=C/COP(=O)([O-])OP(=O)([O-])[O-]		NTXGVHCCXVHYCL-NTDVEAECSA-K									PlantCyc/PMN local PGDB
PUTRESCINE	PUTRESCINE	putrescine	88.1000483956					C4H14N2			plantcyc <https://plantcyc.org/>	diaminobutane // 1,4-diaminobutane // 1,4-butanediamine // tetramethylenediamine	88.1000483956	C([NH3+])CCC[NH3+]		KIDHWZJUCRJVML-UHFFFAOYSA-P									PlantCyc/PMN local PGDB
PHOSPHORIBOSYL-FORMIMINO-AICAR-P	PHOSPHORIBOSYL-FORMIMINO-AICAR-P	1-(5-phospho-beta-D-ribosyl)-5-[(5-phosphoribosylamino)methylideneamino]imidazole-4-carboxamide	577.08223818					C15H21N5O15P2			plantcyc <https://plantcyc.org/>	phosphoribosylformiminoAICAR-phosphate // phosphoribosyl-formimino-aicar-P // phosphoribosylformiminoAICAR-P // 5-(5-phospho-D-ribosyl-aminoformimino)-1-(5-phosphoribosyl)-imidazole4-carboxamide // 5-(5'-phospho-D-ribosyl-aminoformimino)-1-(5-phosphoribosyl)-imidazole-4-carboxamide // N-5-phosphoribosyl-formimino-5-amino-imidazole-4-carboxamide ribonucleotide // N-(5'-phospho-D-ribosylformimino)-5-amino-1-(5''-phosphoribosyl)-4-imidazolecarboxamide	577.08223818	C(OP([O-])(=O)[O-])[C@H]3(O[C@@H](/N=C/NC1(\N(\C=N/C(\C(=O)N)=1)[C@@H]2(O[C@H](COP(=O)([O-])[O-])[C@@H](O)[C@@H](O)2)))[C@H](O)[C@@H]3O)		QOUSHGMTBIIAHR-KEOHHSTQSA-J									PlantCyc/PMN local PGDB
CPD-22131	CPD-22131	(3beta,9beta)-4alpha-demethyl-4alpha-carboxy-9,19-cyclolanost-3-ol	458.3759954713					C30H49O3			plantcyc <https://plantcyc.org/>		458.3759954713	CC(C)CCC[C@@H](C)[C@H]3(CC[C@@]4(C)([C@@H]1(CC[C@H]5([C@@](C([O-])=O)(C)[C@@H](O)CC[C@@]2(C[C@@]12CC[C@](C)34)5))))		ZKSALBYCUMOUDO-TWOGUOSYSA-M									PlantCyc/PMN local PGDB
CPD-8004	CPD-8004	isorhamnetin	316.0583027399					C16H11O7			plantcyc <https://plantcyc.org/>	3'-methoxyquercetin // 3-methylquercetin	316.0583027399	COC1(\C(\O)=C/C=C(/C=1)/C2(/OC3(\C(\C(=O)C(/[O-])=2)=C(/C=C(/C=3)/O)\O)))		IZQSVPBOUDKVDZ-UHFFFAOYSA-M									PlantCyc/PMN local PGDB
NIACINE	NIACINE	nicotinate	123.0320284099					C6H4NO2			plantcyc <https://plantcyc.org/>	3-pyridinecarboxylic acid // nicotinic acid // wampocap // nicolar // nicocap // nicobid // nico-400- // nicamin // niacin // niacine // vitamin B 3 // 3-pyridinecarboxylate // pyridine-3-carboxylate	123.0320284099	C1(\N=C/C(/C(=O)[O-])=C\C=1)		PVNIIMVLHYAWGP-UHFFFAOYSA-M									PlantCyc/PMN local PGDB
CPDQT-8	CPDQT-8	hamamelose	180.0633881178					C6H12O6			plantcyc <https://plantcyc.org/>		180.0633881178	C([C@@H]1([C@H]([C@](CO)([C@@H](O1)O)O)O))O											PlantCyc/PMN local PGDB
PENTACHLOROPHENOL	PENTACHLOROPHENOL	pentachlorophenol	263.8470032042					C6OCL5			plantcyc <https://plantcyc.org/>	PCP	263.8470032042	C1(C(\Cl)=C(C(\[O-])=C(C(\Cl)=1)\Cl)\Cl)Cl		IZUPBVBPLAPZRR-UHFFFAOYSA-M									PlantCyc/PMN local PGDB
CPD-731	CPD-731	(+)-7- epi -jasmonate	210.1255944441					C12H17O3			plantcyc <https://plantcyc.org/>	(+)-7-iso-jasmonic acid // iso-jasmonic acid // (3R,7S)-(+)-7-iso-jasmonate // (+)-7-iso-jasmonate	210.1255944441	CC\C=C/C[C@@H]1(C(=O)CC[C@@H]1CC([O-])=O)		ZNJFBWYDHIGLCU-QKMQQOOLSA-M									PlantCyc/PMN local PGDB
E-2-METHOXYCARBONYLMETHYLBUTENEDIOAT	E-2-METHOXYCARBONYLMETHYLBUTENEDIOAT	(E)-2-(methoxycarbonylmethyl)butenedioate	188.0320879894					C7H6O6			plantcyc <https://plantcyc.org/>		188.0320879894	COC(=O)CC(/C(=O)[O-])=C\C(=O)[O-]		MRNZYUAGJLJQAM-DUXPYHPUSA-L									PlantCyc/PMN local PGDB
CPD-8268	CPD-8268	bisoleoyl phosphatidate	700.5043058301					C39H71O8P			plantcyc <https://plantcyc.org/>	18:1-18:1-PA // 1-18:1-2-18:1-phosphatidic acid // 1,2-(9Z-octadecenoyl)-sn-glycero-3-phosphate // 1-18:1-2-18:1-phosphatidate // dioleoyl phosphatidate	700.5043058301	CCCCCCCC\C=C/CCCCCCCC(OC[C@@H](OC(=O)CCCCCCC\C=C/CCCCCCCC)COP([O-])(=O)[O-])=O		MHUWZNTUIIFHAS-DSSVUWSHSA-L									PlantCyc/PMN local PGDB
GDP-4-DEHYDRO-6-DEOXY-D-MANNOSE	GDP-4-DEHYDRO-6-DEOXY-D-MANNOSE	GDP-4-dehydro-alpha-D-rhamnose	587.0665881158					C16H21N5O15P2			plantcyc <https://plantcyc.org/>	GDP-4-keto-6-deoxymannose // GDP-4-keto-6-deoxy-alpha-D-mannose // GDP-4-dehydro-6-deoxy-alpha-D-talose // GDP-4-oxo-6-deoxy-alpha-D-mannose // GDP-4-dehydro-6-deoxy-alpha-D-mannose // GDP-4-dehydro-6-deoxymannose // GDP-6-deoxy-D- lyxo -4-hexulose	587.0665881158	C[C@H]4(O[C@H](OP(OP(=O)([O-])OC[C@H]3(O[C@@H](N1(C2(\N=C(N)/NC(=O)C(\N=C/1)=2)))[C@H](O)[C@H](O)3))(=O)[O-])[C@@H](O)[C@@H](O)C(=O)4)		PNHLMHWWFOPQLK-BKUUWRAGSA-L									PlantCyc/PMN local PGDB
2-PROPENYL-GLUCOSINOLATE	2-PROPENYL-GLUCOSINOLATE	sinigrin	359.0344725298					C10H16NO9S2			plantcyc <https://plantcyc.org/>	2-propenyl-glucosinolate // allyl-glucosinolate	359.0344725298	C=CCC(\S[C@@H]1(O[C@H](CO)[C@@H](O)[C@H](O)[C@@H](O)1))=N\OS([O-])(=O)=O		PHZOWSSBXJXFOR-GLVDENFASA-M									PlantCyc/PMN local PGDB
OLEATE-CPD	OLEATE-CPD	oleate	282.2558803356					C18H33O2			plantcyc <https://plantcyc.org/>	oleic acid // (9Z)-octadec-9-enoate // (9Z)-octadecenoate // (9Z)-octadecenoic acid // (9Z)-octadec-9-enoic acid // (Z)-octadec-9-enoic acid // 18:1 n-9 // 18:1&Delta;9cis // C18:1 n-9 // cis-9-octadecenoic acid // cis-&Delta; 9 -octadecenoic acid // cis-oleic acid // octadec-9-enoic acid // octadecenoate (n-C18:1) // 9-octadecenoic acid	282.2558803356	CCCCCCCC\C=C/CCCCCCCC([O-])=O		ZQPPMHVWECSIRJ-KTKRTIGZSA-M									PlantCyc/PMN local PGDB
HISTIDINOL	HISTIDINOL	histidinol	141.0902119908					C6H12N3O			plantcyc <https://plantcyc.org/>	histidol // L-histidinol	141.0902119908	C1(\N\C=N/C(\C[C@@H](CO)[NH3+])=1)		ZQISRDCJNBUVMM-YFKPBYRVSA-O									PlantCyc/PMN local PGDB
4-HYDROXY-BUTYRATE	4-HYDROXY-BUTYRATE	4-hydroxybutanoate	104.0473441231					C4H7O3			plantcyc <https://plantcyc.org/>	4-hydroxybutanoic acid // 4-hydroxybutyric acid // gamma-hydroxybutyrate // gamma-hydroxybutyric acid // g-hydroxybutyric acid // GHB // 4-hydroxybutyrate	104.0473441231	C(CCC([O-])=O)O		SJZRECIVHVDYJC-UHFFFAOYSA-M									PlantCyc/PMN local PGDB
CPD-15084	CPD-15084	8- C -glucosyl chrysin	416.1107322409					C21H20O9			plantcyc <https://plantcyc.org/>	chrysin 8-C-glucoside	416.1107322409	C([C@@H]1([C@H]([C@@H]([C@H]([C@@H](O1)C3(/C4(/OC(/C2(\C=C/C=C\C=2))=C/C(C(/C(/O)=C\C(\O)=3)=4)=O)))O)O)O))O		PFJBHVURUOQVHW-VPRICQMDSA-N									PlantCyc/PMN local PGDB
CPD-19794	CPD-19794	brassinolide 22-O-sulfate	560.3019038297					C28H47O9S			plantcyc <https://plantcyc.org/>		560.3019038297	CC([C@@H]([C@H]([C@@H]([C@@H](C)C2([C@]3(CCC4([C@]1(C[C@H]([C@H](C[C@@H]1C(=O)OCC([C@H](CC2)3)4)O)O)C))(C)))OS(=O)(=O)[O-])O)C)C		MDJSEODEPHDJBE-XZDDVQLQSA-M									PlantCyc/PMN local PGDB
CPD-13951	CPD-13951	erythromycin C	719.445591179					C36H66NO13			plantcyc <https://plantcyc.org/>		719.445591179	CC[C@@H]1([C@](O)(C)[C@H](O)[C@@H](C)C(=O)[C@H](C)C[C@](O)(C)[C@@H]([C@H]([C@@H]([C@H](C(O1)=O)C)O[C@@H]2(O[C@H]([C@H](O)[C@](C)(O)C2)C))C)O[C@@H]3(O[C@@H](C[C@H]([NH+](C)C)[C@@H](O)3)C))		MWFRKHPRXPSWNT-QNPWSHAKSA-O									PlantCyc/PMN local PGDB
2-KETOGLUTARATE	2-KETOGLUTARATE	2-oxoglutarate	146.0215233031					C5H4O5			plantcyc <https://plantcyc.org/>	ketoglutarate // alpha-ketoglutarate // 2-oxoglutaric acid // alpha-ketoglutaric acid // alpha-oxoglutarate // 2-ketoglutaric acid // 2-ketoglutarate // 2-oxopentanedionic acid // 2-oxopentanedionate // a-ketoglutaric acid	146.0215233031	C(CC([O-])=O)C(=O)C([O-])=O		KPGXRSRHYNQIFN-UHFFFAOYSA-L									PlantCyc/PMN local PGDB
S-9-23-DIHYDROXYPROPYL-ADENI	S-9-23-DIHYDROXYPROPYL-ADENI	( S )-9-(2,3-dihydroxypropyl)-adenine	209.0912746233					C8H11N5O2			plantcyc <https://plantcyc.org/>	S-dihydroxypropyladenine	209.0912746233	C([C@@H](CN1(\C=N/C2(\C/1=N/C=N\C(/N)=2)))O)O		GSLQFBVNOFBPRJ-RXMQYKEDSA-N									PlantCyc/PMN local PGDB
2K-ADIPATE	2K-ADIPATE	2-oxoadipate	160.0371733673					C6H6O5			plantcyc <https://plantcyc.org/>	2-ketoadipate // alpha-ketoadipate // 2-keto-adipate // 2-oxohexanedionic acid // 2-oxoadipic acid	160.0371733673	C(CC(=O)C(=O)[O-])CC(=O)[O-]		FGSBNBBHOZHUBO-UHFFFAOYSA-L									PlantCyc/PMN local PGDB
CPD-11523	CPD-11523	3-oxo-2-(cis-2'-pentenyl)-cyclopentane-1-(3R-hydroxyhexanoyl)-CoA	1031.2877530023					C37H56N7O19P3S			plantcyc <https://plantcyc.org/>	OPC6-3-hydroxyacyl-CoA	1031.2877530023	CC\C=C/C[C@H]1([C@H](CCC(=O)1)CCC[C@H](O)CC(SCCNC(=O)CCNC(=O)[C@H](O)C(C)(C)COP(=O)(OP(=O)(OC[C@@H]2([C@@H](OP([O-])(=O)[O-])[C@@H](O)[C@@H](O2)N3(C4(\N=C/N=C(C(\N=C/3)=4)/N))))[O-])[O-])=O)		OMDQVIUYDJAWHX-QHZCMHFTSA-J									PlantCyc/PMN local PGDB
CPD-9981	CPD-9981	7-deoxyloganate	360.1420323693					C16H23O9			plantcyc <https://plantcyc.org/>	7-deoxyloganic acid	360.1420323693	C[C@H]1(CC[C@H]3([C@@H]1[C@H](O[C@@H]2(O[C@H](CO)[C@@H](O)[C@H](O)[C@@H](O)2))O/C=C3/C([O-])=O))		DSXFHNSGLYXPNG-YDYVGBNJSA-M									PlantCyc/PMN local PGDB
CH3-MALONATE-S-ALD	CH3-MALONATE-S-ALD	( S )-methylmalonate-semialdehyde	102.0316940589					C4H5O3			plantcyc <https://plantcyc.org/>	( S )-2-methyl-3-oxopropanoate // ( S )-ch3-malonate-semialdehyde	102.0316940589	C[C@@H](C=O)C(=O)[O-]		VOKUMXABRRXHAR-VKHMYHEASA-M									PlantCyc/PMN local PGDB
ENT-KAUR-16-EN-19-OL	ENT-KAUR-16-EN-19-OL	ent -kaurenol	288.2453156493					C20H32O			plantcyc <https://plantcyc.org/>	ent -kaur-16-en-19-ol	288.2453156493	C=C1([C@H]4(C[C@]3(C1)(CC[C@@H]2([C@](C)(CO)CCC[C@](C)2[C@@H]3CC4))))		TUJQVRFWMWRMIO-XRNRSJMDSA-N									PlantCyc/PMN local PGDB
CPD-24127	CPD-24127	alpha-D-Glu-(1->4)-alpha-L-Rha-(1->3)-alpha-D-Gal-PP-Und	1396.7953840003					C73H120O21P2			plantcyc <https://plantcyc.org/>	alpha-D-glucopyranosyl-(1->4)-alpha-L-rhamnopyranosyl-(1->3)-alpha-D-galactopyranosyl-diphosphoundecaprenol	1396.7953840003	CC(C)=CCCC(\C)=C/CCC(\C)=C/CCC(/C)=C/CCC(/C)=C/CCC(/C)=C/CCC(/C)=C/CCC(/C)=C/CCC(/C)=C/CCC(/C)=C/CCC(/C)=C/COP(=O)([O-])OP(O[C@@H]1([C@@H]([C@H]([C@H]([C@H](O1)CO)O)O[C@H]2([C@@H]([C@@H]([C@H]([C@@H](O2)C)O[C@@H]3([C@@H]([C@H]([C@@H]([C@H](O3)CO)O)O)O))O)O))O))([O-])=O		PWFHKWYTYWTQSK-FYOVXHGISA-L									PlantCyc/PMN local PGDB
DUMP	DUMP	dUMP	308.0409519145					C9H11N2O8P			plantcyc <https://plantcyc.org/>	deoxyurdine-phosphate // 2'-deoxyuridine 5-monophosphate // deoxyuridine-phosphate // 2'-deoxyuridine 5'-phosphate // 2'-deoxyuridylic acid // 2'-deoxy-5'-uridylic acid	308.0409519145	C(OP(=O)([O-])[O-])[C@H]2(O[C@@H](N1(\C=C/C(=O)NC1=O))C[C@H](O)2)		JSRLJPSBLDHEIO-SHYZEUOFSA-L									PlantCyc/PMN local PGDB
CPD-10255	CPD-10255	(9Z,12Z,15Z)-hexadeca-9,12,15-trienoyl-CoA	999.2979237581					C37H56N7O17P3S			plantcyc <https://plantcyc.org/>	9Z,12Z,15Z-hexadecatrienoyl-CoA // 16:3-delta9,12,15-CoA // 9,12,15-cis-hexadecatrienoyl-CoA	999.2979237581	C=CC\C=C/C\C=C/CCCCCCCC(SCCNC(=O)CCNC(=O)[C@H](O)C(C)(C)COP(=O)(OP(=O)(OC[C@H]1(O[C@H]([C@@H]([C@@H]1OP([O-])(=O)[O-])O)N2(C3(\N=C/N=C(C(\N=C/2)=3)/N))))[O-])[O-])=O		JDKLSTJMXDRYAJ-PCRJDALTSA-J									PlantCyc/PMN local PGDB
CPD-13428	CPD-13428	alpha-L-galactopyranose	180.0633881178					C6H12O6			plantcyc <https://plantcyc.org/>	alpha-L-galactose	180.0633881178	C([C@@H]1(O[C@H]([C@H]([C@@H]([C@@H]1O)O)O)O))O		WQZGKKKJIJFFOK-SXUWKVJYSA-N									PlantCyc/PMN local PGDB
2-HYDROXYPHYTANOYL-COA	2-HYDROXYPHYTANOYL-COA	2-hydroxyphytanoyl-CoA	1077.4023888296					C41H70N7O18P3S			plantcyc <https://plantcyc.org/>		1077.4023888296	CC(C)CCCC(C)CCCC(C)CCCC(C)C(O)C(=O)SCCNC(=O)CCNC(=O)[C@H](O)C(C)(C)COP(=O)(OP(=O)(OC[C@@H]1([C@@H](OP([O-])(=O)[O-])[C@@H](O)[C@@H](O1)N2(C3(\N=C/N=C(C(\N=C/2)=3)/N))))[O-])[O-]		WNVFJMYPVBOLKV-YLNUKALLSA-J									PlantCyc/PMN local PGDB
CPD-5821	CPD-5821	( S )-2-oxo-4-hydroxy-4-carboxy-5-ureidoimidazoline	202.0338193239					C5H5N4O5			plantcyc <https://plantcyc.org/>	( S )-5-hydroxy-2-oxo-4-ureido-2,5-dihydro-1H imidazole-5-carboxylate // ( S )-OHCU // 4-(carbamoylamino)-5-hydroxy-2-oxo-2,5-dihydro-1H-imidazole-5-carboxylate	202.0338193239	C([C@]1(O)(NC(=O)/N=C1/NC(N)=O))(=O)[O-]		WHKYNCPIXMNTRQ-YFKPBYRVSA-M									PlantCyc/PMN local PGDB
CPD-479	CPD-479	4-(methylsulfanyl)-2-oxobutanoate	148.0194148131					C5H7O3S			plantcyc <https://plantcyc.org/>	2-keto-methyl-thio-butyrate // 2-keto-4-methylthiobutyrate // 4-methylthio-2-oxobutanoate // alpha-keto-4-methylthiobutyrate // 4-methylthio-2-ketobutyrate // 4-methylthio-2-ketobutanoate // 4-methylthio-2-oxobutyrate // 2-ketomethiobutyrate // KMTB // alpha-ketomethiobutyrate // 2-keto-4-methylthiobutyric acid // alpha-ketomethiobutyric acid // alpha-keto-gamma-methylthiobutyrate // alpha-keto-gamma-methylthiobutyric acid // 2-oxo-4-methylthiobutanoic acid // 2-oxomethionine // 2-keto-4-methylthiobutanoate // 4-(methylthio)-2-oxobutanoate // ketomethiobutyrate	148.0194148131	CSCCC(C([O-])=O)=O		SXFSQZDSUWACKX-UHFFFAOYSA-M									PlantCyc/PMN local PGDB
CPD-13086	CPD-13086	12,13-DiHOME	314.2457095798					C18H33O4			plantcyc <https://plantcyc.org/>	12,13-dihydroxy-(9Z)-octadecenoate // (9Z)-12,13-dihydroxyoctadecenoate // (9Z)-12,13-dihydroxyoctadeca-9-enoate // (9Z)-12,13-dihydroxyoctadeca-9-enoic acid // (9Z)-12,13-dihydroxyoctadecaenoate // (+/-)12,13-DiHOME // (+/-)12,13-DHOA	314.2457095798	CCCCCC(O)C(O)C\C=C/CCCCCCCC(=O)[O-]		CQSLTKIXAJTQGA-FLIBITNWSA-M									PlantCyc/PMN local PGDB
S-3-HYDROXYBUTANOYL-COA	S-3-HYDROXYBUTANOYL-COA	( S )-3-hydroxybutanoyl-CoA	853.1519878024					C25H38N7O18P3S			plantcyc <https://plantcyc.org/>	L-3-hydroxybutyryl-CoA	853.1519878024	C[C@@H](CC(SCCNC(=O)CCNC(=O)[C@H](O)C(C)(C)COP(=O)(OP(=O)(OC[C@@H]1([C@@H](OP([O-])(=O)[O-])[C@@H](O)[C@@H](O1)N2(C3(\N=C/N=C(C(\N=C/2)=3)/N))))[O-])[O-])=O)O		QHHKKMYHDBRONY-VKBDFPRVSA-J									PlantCyc/PMN local PGDB
NORSPERMIDINE	NORSPERMIDINE	norspermidine	131.1422475613					C6H20N3			plantcyc <https://plantcyc.org/>	3,3'-iminobispropylamine // bis(3-aminopropyl)amine // N -3-aminopropyl-1,3-diaminopropane // sym -norspermidine	131.1422475613	C(CC[NH2+]CCC[NH3+])[NH3+]		OTBHHUPVCYLGQO-UHFFFAOYSA-Q									PlantCyc/PMN local PGDB
CPD-13576	CPD-13576	2-(2-carboxy-4-methylthiazol-5-yl)ethyl phosphate	266.9966442588					C7H7NO6PS			plantcyc <https://plantcyc.org/>	4-methyl-5-[2-(phosphonooxy)ethyl]-1,3-thiazole-2-carboxylic acid // 4-methyl-5-[2-(phosphonooxy)ethyl]-1,3-thiazole-2-carboxylate // cThz-P	266.9966442588	CC1(\N=C(C(=O)[O-])/SC(/CCOP(=O)([O-])[O-])=1)		XWECMAHAKFWYNV-UHFFFAOYSA-K									PlantCyc/PMN local PGDB
UDP-AAGM-DIAMINOHEPTANEDIOATE	UDP-AAGM-DIAMINOHEPTANEDIOATE	UDP-MurNAc-L-Ala-gamma-D-Glu- meso -DAP	1051.2671979965					C35H51N7O26P2			plantcyc <https://plantcyc.org/>	UDP-N-acetyl-alpha-D-muramoyl-L-alanyl-gamma-D-glutamyl- meso -2,6-diaminopimelate // UDP- N -acetyl-alpha-D-muramoyl-L-alanyl-gamma-D-glutamyl- meso -diaminopimelate // UDP- N -acetyl-alpha-D-muramoyl-L-alanyl-gamma-D-glutamyl- meso -2,6-diaminopimelate // UDP- N -acetyl-alpha-D-muramoyl-L-alanyl-gamma-D-glutamyl-meso-2,6-diaminoheptanedioate // UDP-MurNAc-L-Ala-gamma-D-Glu- meso -A 2 pm	1051.2671979965	C[C@H](NC([C@H](O[C@@H]3([C@@H](NC(=O)C)[C@@H](OP([O-])(OP(OC[C@@H]2([C@H]([C@H]([C@H](N1(\C=C/C(=O)NC1=O))O2)O)O))(=O)[O-])=O)O[C@H](CO)[C@@H](O)3))C)=O)C(N[C@H](CCC(=O)N[C@@H](CCC[C@H](C(=O)[O-])[NH3+])C(=O)[O-])C(=O)[O-])=O		QUHLBZKCGUXHGP-BHBBPGSKSA-J									PlantCyc/PMN local PGDB
4-PHOSPHONOOXY-THREONINE	4-PHOSPHONOOXY-THREONINE	4-phosphooxy-L-threonine	215.0194881909					C4H8NO7P			plantcyc <https://plantcyc.org/>	L-threo-3-hydroxy-homoserine phosphate // 4-phosphonooxy-L-threonine // 4-phospho-hydroxy-threonine // 4-(phosphonooxy)-threonine // O -phospho-4-hydroxy-L-threonine // phospho-hydroxy-threonine // 4-(phosphonooxy)-L-threonine // 4-phospho-hydroxy-L-threonine	215.0194881909	C(=O)([O-])[C@@H]([NH3+])[C@H](O)COP([O-])(=O)[O-]		FKHAKIJOKDGEII-GBXIJSLDSA-L									PlantCyc/PMN local PGDB
CPD-13851	CPD-13851	2-hydroxy-dATP	506.9957451569					C10H12N5O13P3			plantcyc <https://plantcyc.org/>	2-hydroxy-2'-deoxyadenosine 5'-triphosphate // 2'-deoxyisoguanosine triphosphate	506.9957451569	C(OP(=O)([O-])OP(=O)([O-])OP(=O)([O-])[O-])[C@H]3(O[C@@H](N1(C2(/N=C(/N=C(C(\N=C/1)=2)/N)/O)))C[C@H](O)3)		UOACBPRDWRDEHJ-KVQBGUIXSA-J									PlantCyc/PMN local PGDB
RHAMNOSE	RHAMNOSE	alpha-L-rhamnopyranose	164.0684734957					C6H12O5			plantcyc <https://plantcyc.org/>	6-deoxy-alpha-L-mannopyranose // alpha-L-mannomethylose // isodulcit // alpha-L-rhamnose	164.0684734957	C[C@H]1([C@@H]([C@H]([C@H]([C@@H](O1)O)O)O)O)		SHZGCJCMOBCMKK-HGVZOGFYSA-N									PlantCyc/PMN local PGDB
SECOLOGANIN-CPD	SECOLOGANIN-CPD	secologanin	388.1369469914					C17H24O10			plantcyc <https://plantcyc.org/>	(-)-secologanin	388.1369469914	C=C[C@H]1([C@@H](O/C=C([C@@H](CC=O)1)/C(=O)OC)O[C@@H]2(O[C@H](CO)[C@@H](O)[C@H](O)[C@@H](O)2))		CSKKDSFETGLMSB-NRZPKYKESA-N									PlantCyc/PMN local PGDB
PYRIDOXAMINE-5P	PYRIDOXAMINE-5P	pyridoxamine 5'-phosphate	248.0562080482					C8H12N2O5P			plantcyc <https://plantcyc.org/>	pyridoxamine phosphate	248.0562080482	CC1(\C(\O)=C(C(/COP([O-])([O-])=O)=C\N=1)\C[NH3+])		ZMJGSOSNSPKHNH-UHFFFAOYSA-M									PlantCyc/PMN local PGDB
CPD-9861	CPD-9861	3-demethylubiquinol- 7	646.496110607					C43H66O4			plantcyc <https://plantcyc.org/>	2-heptaprenyl-3-methyl-5-hydroxy-6-methoxy-1,4-benzoquinol	646.496110607	CC(C)=CCCC(\C)=C/CCC(\C)=C/CCC(\C)=C/CCC(\C)=C/CCC(\C)=C/CCC(\C)=C/CC1(/C(\C)=C(C(\O)=C(C(/O)=1)\OC)/O)		OHBHBMXNJCUMCR-DKCCAHEHSA-N									PlantCyc/PMN local PGDB
SUC	SUC	succinate	118.026608681					C4H4O4			plantcyc <https://plantcyc.org/>	succinic acid // suc // succ // butanedioic acid // ethylenesuccinic acid	118.026608681	C(C([O-])=O)CC([O-])=O		KDYFGRWQOYBRFD-UHFFFAOYSA-L									PlantCyc/PMN local PGDB
CPD-7854	CPD-7854	3,4,3',4'-tetradehydroisozeaxanthin	564.3967309134					C40H52O2			plantcyc <https://plantcyc.org/>	4,4'-dihydro-3,4,3',4'-tetradehydro-beta,beta-carotene	564.3967309134	CC(/C=C/C=C(C)/C=C/C1(/C(C/C=C(C(/C)=1)/O)(C)C))=C\C=C\C=C(C)\C=C\C=C(C)\C=C\C2(\C(C/C=C(C(/C)=2)/O)(C)C)		PNLSIRAIRUYUEO-DKLMTRRASA-N									PlantCyc/PMN local PGDB
OCTAPRENYL-METHYL-METHOXY-BENZQ	OCTAPRENYL-METHYL-METHOXY-BENZQ	5-methoxy-2-methyl-3-( all-trans -octaprenyl)benzene-1,4-diol	698.5637962417					C48H74O3			plantcyc <https://plantcyc.org/>	2-octaprenyl-3-methyl-6-methoxy-1,4-benzenediol // 6-methoxy-3-methyl-2-octaprenylquinol // 2-octaprenyl-3-methyl-6-methoxyhydroquinone // 2-octaprenyl-3-methyl-6-methoxyquinol // 6-methoxy-3-methyl-2-( all-trans -octaprenyl)-1,4-benzoquinol	698.5637962417	CC(C)=CCCC(\C)=C/CCC(\C)=C/CCC(\C)=C/CCC(\C)=C/CCC(\C)=C/CCC(\C)=C/CCC(\C)=C/CC1(/C(\C)=C(/C=C(C(/O)=1)/OC)/O)		HDSGDGSLNMIMKU-KFSSTAEESA-N									PlantCyc/PMN local PGDB
FECOSTEROL	FECOSTEROL	fecosterol	398.3548660987					C28H46O			plantcyc <https://plantcyc.org/>	24-methylene-5alpha-cholest-8-en-3beta-ol	398.3548660987	CC(C)C(CC[C@@H](C)[C@H]2(CC[C@H]3(C4(\CC[C@H]1(C[C@@H](O)CC[C@@](C)1C(\CC[C@](C)23)=4)))))=C		SLQKYSPHBZMASJ-QKPORZECSA-N									PlantCyc/PMN local PGDB
CPD-5962	CPD-5962	5beta-pregnan-3,20 dione	316.2402302714					C21H32O2			plantcyc <https://plantcyc.org/>		316.2402302714	CC(=O)[C@H]3(CC[C@H]4([C@@H]2(CC[C@@H]1(CC(=O)CC[C@@](C)1[C@H]2CC[C@](C)34))))		XMRPGKVKISIQBV-XWOJZHJZSA-N									PlantCyc/PMN local PGDB
17-O-DEACETYLVINDOLINE	17-O-DEACETYLVINDOLINE	17-O-deacetylvindoline	414.2154720839					C23H31N2O5			plantcyc <https://plantcyc.org/>	deacetylvindoline	414.2154720839	CC[C@@]25(\C=C/C[NH+]4(CC[C@@]1(C3(/C=C\C(\OC)=C/C(/N(C)[C@H]1[C@](C(OC)=O)(O)[C@H](O)2)=3))[C@@H]45))		ZDKMPOJNYNVYLA-PEGGBQQISA-O									PlantCyc/PMN local PGDB
CPD-10515	CPD-10515	(9R,10S)-dihydroxystearate	316.261359644					C18H35O4			plantcyc <https://plantcyc.org/>	9,10-dihydroxystearate // (9R,10S)-9,10-dihydroxystearate	316.261359644	CCCCCCCC[C@H](O)[C@H](O)CCCCCCCC([O-])=O		VACHUYIREGFMSP-DLBZAZTESA-M									PlantCyc/PMN local PGDB
CPD-14133	CPD-14133	( R )-NADPHX	763.1016667914					C21H28N7O18P3			plantcyc <https://plantcyc.org/>		763.1016667914	C5(/N([C@@H]1(O[C@@H]([C@H]([C@H]1O)O)COP(OP(OC[C@H]4(O[C@@H](N2(C3(\C(\N=C/2)=C(N)/N=C\N=3)))[C@H](OP([O-])(=O)[O-])[C@H](O)4))(=O)[O-])(=O)[O-]))[C@H](O)CCC(/C(=O)N)=5)		SZKXTJUOKARGIY-MTKBYBFRSA-J									PlantCyc/PMN local PGDB
CPD-578	CPD-578	urea-1-carboxylate	104.0221920051					C2H3N2O3			plantcyc <https://plantcyc.org/>	allophanate // allophanic acid	104.0221920051	C(N)(NC([O-])=O)=O		AVWRKZWQTYIKIY-UHFFFAOYSA-M									PlantCyc/PMN local PGDB
CPD-13670	CPD-13670	30-hydroxy-11-oxo-beta-amyrin	456.3603454071					C30H48O3			plantcyc <https://plantcyc.org/>		456.3603454071	C[C@]1([C@H](CC[C@@]2(C5([C@@](CCC12)([C@]3(C(/C4([C@@](CC3)(CC[C@@](C4)(CO)C)C))=C/C(=O)5)C)C))C)O)C		JCGXIYQLRYPHDG-ZBYJLJTQSA-N									PlantCyc/PMN local PGDB
CPD-24871	CPD-24871	S -(2-succinyl)-glutathione	423.0947646007					C14H18N3O10S			plantcyc <https://plantcyc.org/>		423.0947646007	C(SC(CC([O-])=O)C(=O)[O-])[C@@H](C(NCC([O-])=O)=O)NC(=O)CC[C@H]([NH3+])C([O-])=O		PWCIUOASSAHGHI-WPZUCAASSA-K									PlantCyc/PMN local PGDB
4-AMINO-BUTYRALDEHYDE	4-AMINO-BUTYRALDEHYDE	4-aminobutanal	87.0684139162					C4H10NO			plantcyc <https://plantcyc.org/>	4-amino-butyraldehyde // gamma-aminobutyraldehyde // 4-aminobutyraldehyde // ABAL	87.0684139162	C(C[NH3+])CC=O		DZQLQEYLEYWJIB-UHFFFAOYSA-O									PlantCyc/PMN local PGDB
CPD-12365	CPD-12365	8-oxo-dGMP	363.0579989622					C10H12N5O8P			plantcyc <https://plantcyc.org/>	7,8-dihydro-8-oxo-2'-dGMP // 2'-deoxy-7,8-dihydro-8-oxo-guanosine 5'-phosphate // 8-oxo-deoxyguanosine-monophosphate	363.0579989622	C(OP(=O)([O-])[O-])[C@H]3(O[C@@H](N1(C2(\N=C(N)/NC(=O)C(NC(=O)1)=2)))C[C@H](O)3)		AQIVLFLYHYFRKU-VPENINKCSA-L									PlantCyc/PMN local PGDB
CPD-12831	CPD-12831	phylloquinol	452.365430785					C31H48O2			plantcyc <https://plantcyc.org/>	2-methyl-3-phytyl-1,4-naphthoquinol // vitamin K1	452.365430785	CC(C)CCC[C@@H](C)CCC[C@@H](C)CCCC(\C)=C/CC1(/C(\C)=C(C2(/C=C\C=C/C(/C(/O)=1)=2))/O)		BUFJIHPUGZHTHL-NKFFZRIASA-N									PlantCyc/PMN local PGDB
CPD-9904	CPD-9904	3-methoxy-4-hydroxy-5-( all-trans -heptaprenyl)benzoate	644.4804605428					C43H63O4			plantcyc <https://plantcyc.org/>	3-methoxy-4-hydroxy-5-heptaprenylbenzoate // 3-(3,7,11,15,19,23-heptamethyltetracosa-2,6,10,14,18,22-hexaenyl) -4-hydroxy-5-methoxy-benzoic acid // 3-heptaprenyl-4-hydroxy-5-methoxybenzoate	644.4804605428	CC(C)=CCCC(\C)=C/CCC(\C)=C/CCC(\C)=C/CCC(\C)=C/CCC(\C)=C/CCC(\C)=C/CC1(/C=C(/C=C(C(/O)=1)/OC)/C([O-])=O)		KYBJQEICWVEWIL-TUUMQRACSA-M									PlantCyc/PMN local PGDB
CPD-14441	CPD-14441	(3E)-2-oxopent-3-enoate	114.0316940589					C5H5O3			plantcyc <https://plantcyc.org/>		114.0316940589	C/C=C/C(=O)C(=O)[O-]		IWARWSDDJHGZOW-NSCUHMNNSA-M									PlantCyc/PMN local PGDB
CPD-12585	CPD-12585	( 2E,6E )-farnesoate	236.1776300146					C15H23O2			plantcyc <https://plantcyc.org/>	( 2E,6E )-farnesoic acid // (2- trans -6- trans )-farnesoate // ( 2E,6E )-3,7,11-trimethyl-2,6,10-dodecatrienoic acid // ( 2E,6E )-farnesenic acid // ( 2E,6E )-farnesic acid // ( 2E,6E )-farnesylic acid // ( 2E,6E )-3,7,11-trimethyl-dodeca-2,6,10-trienoic acid // trans,trans-farnesoic acid // ( E,E )-farnesoic acid // all- trans -farnesoic acid // (2- trans -6- trans ) farnesoic acid	236.1776300146	CC(C)=CCCC(\C)=C/CCC(\C)=C/C(=O)[O-]		WJHFZYAELPOJIV-IJFRVEDASA-M									PlantCyc/PMN local PGDB
CPDQT-4	CPDQT-4	beta-L-galactose 1-phosphate	260.0297185262					C6H11O9P			plantcyc <https://plantcyc.org/>		260.0297185262	C(O)[C@H]1([C@@H](O)[C@@H](O)[C@H](O)[C@@H](OP([O-])([O-])=O)O1)		HXXFSFRBOHSIMQ-SXUWKVJYSA-L									PlantCyc/PMN local PGDB
CPD8J2-27	CPD8J2-27	S -(2-succinyl)-L-cysteine	237.0307077809					C7H9NO6S			plantcyc <https://plantcyc.org/>		237.0307077809	C(SC(CC(=O)[O-])C(=O)[O-])[C@H]([NH3+])C(=O)[O-]		XPKKFTKCRVIDAG-WUCPZUCCSA-L									PlantCyc/PMN local PGDB
CPD-23999	CPD-23999	2-heptyl-1-hydroxy-4(1 H )-quinolinone	259.1572289235					C16H21NO2			plantcyc <https://plantcyc.org/>		259.1572289235	CCCCCCCC1(\N(C2(/C=C\C=C/C(/C(\C=1)=O)=2))O)		ICTVCUOZYWNYHM-UHFFFAOYSA-N									PlantCyc/PMN local PGDB
CPD-12496	CPD-12496	(22R,23R)-22,23-dihydroxy-campest-4-en-3-one	430.3446953429					C28H46O3			plantcyc <https://plantcyc.org/>		430.3446953429	CC(C)[C@H](C)[C@@H](O)[C@H](O)[C@@H](C)[C@H]3(CC[C@H]4([C@@H]2(CCC1(\[C@@](CCC(=O)\C=1)(C)[C@H]2CC[C@](C)34))))		PCLHVGYGQYOJEF-YPODHHRNSA-N									PlantCyc/PMN local PGDB
OXALO-SUCCINATE	OXALO-SUCCINATE	oxalosuccinate	190.0113525473					C6H3O7			plantcyc <https://plantcyc.org/>	oxalo-succ	190.0113525473	C(C([O-])=O)C(C(C(=O)[O-])=O)C([O-])=O		UFSCUAXLTRFIDC-UHFFFAOYSA-K									PlantCyc/PMN local PGDB
CPD-14488	CPD-14488	alpha-D-glucuronate	194.0426526757					C6H9O7			plantcyc <https://plantcyc.org/>	alpha-D-glucuronic acid // alpha-D-glucopyranuronic acid	194.0426526757	[C@H]1(O)([C@@H](O)[C@@H](O)O[C@H](C(=O)[O-])[C@@H](O)1)		AEMOLEFTQBMNLQ-WAXACMCWSA-M									PlantCyc/PMN local PGDB
UDP-GLUCURONATE	UDP-GLUCURONATE	UDP-alpha-D-glucuronate	580.0342849344					C15H19N2O18P2			plantcyc <https://plantcyc.org/>	UDP-D-glucuronic acid // UDP-glucuronic acid // UDP-glucuronate // uridine diphosphate glucuronate // uridine diphosphate glucuronic acid // UDP-D-glucuronate // UDP-GlcA	580.0342849344	C(OP(=O)([O-])OP(O[C@H]1(O[C@H](C([O-])=O)[C@@H](O)[C@H](O)[C@@H](O)1))(=O)[O-])[C@@H]3([C@H]([C@H]([C@H](N2(\C=C/C(=O)NC2=O))O3)O)O)		HDYANYHVCAPMJV-LXQIFKJMSA-K									PlantCyc/PMN local PGDB
CPD-8077	CPD-8077	1-18:1-2-16:2-monogalactosyldiacylglycerol	752.5438486606					C43H76O10			plantcyc <https://plantcyc.org/>	18:1-16:2-MGDG // 1-(9Z-octadecenoyl)-2-(7Z,10Z-hexadecadienoyl)-3-O-beta-D-galactosyl-sn-glycerol	752.5438486606	CCCCCCCC\C=C/CCCCCCCC(OC[C@H](CO[C@@H]1(O[C@@H]([C@@H]([C@@H]([C@H]1O)O)O)CO))OC(CCCCC\C=C/C\C=C/CCCCC)=O)=O		SFKZPPODZMCLPE-NHGAJDLWSA-N									PlantCyc/PMN local PGDB
INDOLE_PYRUVATE	INDOLE_PYRUVATE	(indol-3-yl)pyruvate	203.0582431604					C11H8NO3			plantcyc <https://plantcyc.org/>	indole-pyr // indolepyruvic acid // indole-3-pyruvate // indolepyruvate // 3-(indol-3-yl)pyruvate // 3-indole-2-oxopropanoate // IPA // indole-3-pyruvic acid	203.0582431604	C([O-])(=O)C(=O)CC1(\C2(/C=C\C=C/C(/N\C=1)=2))		RSTKLPZEZYGQPY-UHFFFAOYSA-M									PlantCyc/PMN local PGDB
CPD-15800	CPD-15800	dihydropapaverine	341.1627082319					C20H23NO4			plantcyc <https://plantcyc.org/>		341.1627082319	COC3(/C=C(C[C@@H]1(N\C=C/C2(/C\1=C\C(\OC)=C(\C=2)\OC)))\C=C/C(/OC)=3)		BWRURUOKCJLFSV-INIZCTEOSA-N									PlantCyc/PMN local PGDB
GLUCOSAMINE-1P	GLUCOSAMINE-1P	alpha-D-glucosamine 1-phosphate	259.0457029414					C6H13NO8P			plantcyc <https://plantcyc.org/>	glucosamine-1P // alpha-D-glucosamine 1P // D-glucosamine 1-phosphate	259.0457029414	C(O)[C@H]1(O[C@H](OP(=O)([O-])[O-])[C@H]([NH3+])[C@@H](O)[C@H](O)1)		YMJBYRVFGYXULK-QZABAPFNSA-M									PlantCyc/PMN local PGDB
CPD-720	CPD-720	6-deoxotyphasterol	434.3759954713					C28H50O3			plantcyc <https://plantcyc.org/>	deoxotyphasterol	434.3759954713	CC(C)[C@H](C)[C@@H](O)[C@H](O)[C@@H](C)[C@H]3(CC[C@H]4([C@@H]2(CC[C@H]1(C[C@H](O)CC[C@@](C)1[C@H]2CC[C@](C)34))))		WPHVOXMMNSLJSF-DAWJDVIISA-N									PlantCyc/PMN local PGDB
CPD-21571	CPD-21571	4-methylnorajmaline	328.2150781534					C20H27N2O2			plantcyc <https://plantcyc.org/>	N beta -methylnorajmaline	328.2150781534	CC[C@H]3([C@@H]2(C4([C@@H](O)C15(C6(\C(\N[C@H]1[C@H](C2)[N+](C)([C@H](O)3)[C@H]4C5)=C/C=C\C=6)))))		JZAZLBSWQUUXFV-VHXHRMHRSA-N									PlantCyc/PMN local PGDB
DEHYDRO-3-DEOXY-L-RHAMNONATE	DEHYDRO-3-DEOXY-L-RHAMNONATE	2-dehydro-3-deoxy-L-rhamnonate	162.0528234315					C6H9O5			plantcyc <https://plantcyc.org/>	2-keto-3-deoxy-L-rhamnonate // 2-dehydro-3,6-dideoxy-L-mannonate // 2-dehydro-3-deoxy-L-rhamnonic acid // L-2-keto-3-deoxyrhamnonate	162.0528234315	C[C@H](O)[C@H](O)CC(=O)C([O-])=O		FRIWJYNKZPJVRL-IUYQGCFVSA-M									PlantCyc/PMN local PGDB
CPD-8979	CPD-8979	succinamate	117.0425930962					C4H6NO3			plantcyc <https://plantcyc.org/>	succanimic acid // succanimate // succinamic acid	117.0425930962	C(CCC([O-])=O)(N)=O		JDVPQXZIJDEHAN-UHFFFAOYSA-M									PlantCyc/PMN local PGDB
CPD-12575	CPD-12575	UDP-alpha-D-glucose	566.0550203765					C15H22N2O17P2			plantcyc <https://plantcyc.org/>	UDPG // UDP-glucose // UDP-D-glucose // UDP-alpha-D-glucopyranose // uridine 5'-diphosphoglucose	566.0550203765	C(O)[C@@H]1([C@@H](O)[C@H](O)[C@@H](O)[C@H](O1)OP(OP(OC[C@@H]3([C@H]([C@H]([C@H](N2(\C=C/C(=O)NC2=O))O3)O)O))(=O)[O-])(=O)[O-])		HSCJRCZFDFQWRP-JZMIEXBBSA-L									PlantCyc/PMN local PGDB
CPD-14762	CPD-14762	2''- O -acetyl-ADP-ribose	601.08223818					C17H23N5O15P2			plantcyc <https://plantcyc.org/>	2''-OAADPr	601.08223818	CC(O[C@H]4(C(O[C@H](COP(OP(OC[C@H]3(O[C@@H](N1(C2(\C(\N=C/1)=C(N)/N=C\N=2)))[C@H](O)[C@H](O)3))(=O)[O-])(=O)[O-])[C@@H](O)4)O))=O		BFNOPXRXIQJDHO-YDKGJHSESA-L									PlantCyc/PMN local PGDB
SULFO-CYSTEINE	SULFO-CYSTEINE	S -sulfo-L-cysteine	200.9765637204					C3H6NO5S2			plantcyc <https://plantcyc.org/>	S-sulfocysteine	200.9765637204	C([C@H]([NH3+])C(=O)[O-])SS([O-])(=O)=O		NOKPBJYHPHHWAN-REOHCLBHSA-M									PlantCyc/PMN local PGDB
CPD-8076	CPD-8076	1-18:3-2-16:1-monogalactosyldiacylglycerol	750.5281985964					C43H74O10			plantcyc <https://plantcyc.org/>	18:3-16:1-MGDG // 1-(9Z,12Z,15Z-octadecatrienoyl)-2-(7Z-hexadecenoyl)-3-O-beta-D-galactosyl-sn-glycerol	750.5281985964	CC\C=C/C\C=C/C\C=C/CCCCCCCC(OC[C@H](CO[C@@H]1(O[C@@H]([C@@H]([C@@H]([C@H]1O)O)O)CO))OC(CCCCC\C=C/CCCCCCCC)=O)=O		SYSPLJXKZRPIPM-LWNBRHQXSA-N									PlantCyc/PMN local PGDB
CPD-13354	CPD-13354	salidroside	300.1209029967					C14H20O7			plantcyc <https://plantcyc.org/>	8-O-b-D-glucoside of tyrosol // rhodioloside	300.1209029967	C(O)[C@@H]2([C@@H](O)[C@H](O)[C@@H](O)[C@H](OCCC1(\C=C/C(/O)=C\C=1))O2)		ILRCGYURZSFMEG-RKQHYHRCSA-N									PlantCyc/PMN local PGDB
P-AMINO-BENZOATE	P-AMINO-BENZOATE	4-aminobenzoate	137.0476784741					C7H6NO2			plantcyc <https://plantcyc.org/>	para-aminobenzoic acid // p-aminobenzoic acid // para-aminobenzoate // p -aminobenzoate // 4-aminobenzoic acid // pABA	137.0476784741	C(=O)([O-])C1(\C=C/C(/N)=C\C=1)		ALYNCZNDIQEVRV-UHFFFAOYSA-M									PlantCyc/PMN local PGDB
CPD-12118	CPD-12118	demethylmenaquinol-9	772.6158318122					C55H80O2			plantcyc <https://plantcyc.org/>	DMKH2-9	772.6158318122	CC(C)=CCCC(\C)=C/CCC(\C)=C/CCC(\C)=C/CCC(\C)=C/CCC(\C)=C/CCC(\C)=C/CCC(\C)=C/CCC(\C)=C/CC1(/C=C(C2(/C=C\C=C/C(/C(/O)=1)=2))/O)		WJUVWMHFGHNQJZ-RNFPTGGASA-N									PlantCyc/PMN local PGDB
CPD-8191	CPD-8191	(+)-marmesin	246.0892089378					C14H14O4			plantcyc <https://plantcyc.org/>	(S)-2-(2-hydroxypropan-2-yl)-2,3-dihydro-7H-furo[3,2-g]chromen-7-one	246.0892089378	CC(O)(C)[C@H]1(OC2(\C(/C1)=C/C3(\C=C/C(OC(/C=2)=3)=O)))		FWYSBEAFFPBAQU-LBPRGKRZSA-N									PlantCyc/PMN local PGDB
DITHIOTHREITOL	DITHIOTHREITOL	L-dithiothreitol	154.0122209452					C4H10O2S2			plantcyc <https://plantcyc.org/>	L-DTT // L-threo-1,4-dimercapto-2,3-butanediol // L-1,4-disulfanylbutane-2,3-diol // L-1,4-dithiothreitol	154.0122209452	C(S)[C@H](O)[C@@H](O)CS		VHJLVAABSRFDPM-IMJSIDKUSA-N									PlantCyc/PMN local PGDB
SHIKIMATE-5P	SHIKIMATE-5P	shikimate 3-phosphate	254.0191538399					C7H8O8P			plantcyc <https://plantcyc.org/>	shikimate 5-phosphate // shikimate-5-P // 3-phosphoshikimate // shikimate-3-P	254.0191538399	C(=O)([O-])C1(\C[C@@H](O)[C@H](O)[C@H](OP(=O)([O-])[O-])/C=1)		QYOJSKGCWNAKGW-PBXRRBTRSA-K									PlantCyc/PMN local PGDB
CPD-1128	CPD-1128	1-pyrroline-4-hydroxy-2-carboxylate	129.0425930962					C5H6NO3			plantcyc <https://plantcyc.org/>		129.0425930962	C1(/N=C(CC(O)1)/C([O-])=O)		AOMLMYXPXUTBQH-UHFFFAOYSA-M									PlantCyc/PMN local PGDB
CPD-13734	CPD-13734	ferroheme a	854.3705777152					C49H54N4O6FE			plantcyc <https://plantcyc.org/>		854.3705777152	C=CC4(\C6(/C=C8(C(/C)=C(CCC(=O)[O-])/C1(/N([Fe-2]35([N+]2(\C(/C(/C=O)=C(CCC(=O)[O-])\C(/C=1)=2)=C/C7(/N3C(\C=C(C(/C)=4)/[N+]\5=6)=C(C(/C)=7)/[C@@H](O)CC/C=C(C)/CC/C=C(C)/CCC=C(C)C))))8))))		ZGGYGTCPXNDTRV-PRYGPKJJSA-J									PlantCyc/PMN local PGDB
CPD-9245	CPD-9245	palmitoleate	254.2245802072					C16H29O2			plantcyc <https://plantcyc.org/>	(9 Z )-hexadec-9-enoate // palmitoleic acid (16:1&Delta;9) // palmitoleic acid // (9 Z )-hexadecenoic acid // cis-9-hexadecenoic acid // cis-9-hexadecenoate	254.2245802072	CCCCCC\C=C/CCCCCCCC(=O)[O-]		SECPZKHBENQXJG-FPLPWBNLSA-M									PlantCyc/PMN local PGDB
CPD-61	CPD-61	(2R,3S)-2,3-dimethylmalate	162.0528234315					C6H8O5			plantcyc <https://plantcyc.org/>	(2 R ,3 S )-dimethylmalate // 2,3-dimethylmalate	162.0528234315	C[C@H](C(=O)[O-])[C@](C)(O)C(=O)[O-]		WTIIULQJLZEHGZ-CVYQJGLWSA-L									PlantCyc/PMN local PGDB
ENT-COPALYL-DIPHOSPHATE	ENT-COPALYL-DIPHOSPHATE	(-)- ent -copalyl diphosphate	450.1936265303					C20H33O7P2			plantcyc <https://plantcyc.org/>	(-)-copalyl diphosphate // ent -copalyl diphosphate	450.1936265303	CC(/CC[C@H]1([C@@]2(CCCC(C)(C)[C@@H](CCC1=C)2)C))=C\COP([O-])(=O)OP([O-])([O-])=O		JCAIWDXKLCEQEO-PGHZQYBFSA-K									PlantCyc/PMN local PGDB
PHTHALATE	PHTHALATE	phthalate	166.026608681					C8H4O4			plantcyc <https://plantcyc.org/>	phthalic acid // 1,2-benzenedicarboxylic acid // o-benzenedicarboxylic acid // benzene-1,2-dicarboxylic acid // o-phthalic acid // o-dicarboxybenzene	166.026608681	C(C1(/C=C\C=C/C(/C([O-])=O)=1))([O-])=O		XNGIFLGASWRNHJ-UHFFFAOYSA-L									PlantCyc/PMN local PGDB
CPD-10332	CPD-10332	gibberellin 44 (open lactone form)	364.1885886314					C20H26O6			plantcyc <https://plantcyc.org/>	gibberellin A44 open lactone // gibberellin A44 diacid // GA44 open lactone	364.1885886314	C=C1([C@@]2(O)(C[C@]3(C1)([C@H]([C@@H]4([C@@](C)(CCC[C@@](CO)([C@@H](CC2)3)4)C([O-])=O))C([O-])=O)))		AXEUUXHMKSPQAI-YTJHIPEWSA-L									PlantCyc/PMN local PGDB
CPD-4241	CPD-4241	norajmaline	312.183778025					C19H24N2O2			plantcyc <https://plantcyc.org/>		312.183778025	CC[C@H]3([C@@H]2(C4([C@@H](O)C15(C6(\C(\N[C@H]1[C@H](C2)N([C@H](O)3)[C@H]4C5)=C/C=C\C=6)))))		HIOAYNMZFIHQNS-GLLFFQQYSA-N									PlantCyc/PMN local PGDB
ENOL-PHENYLPYRUVATE	ENOL-PHENYLPYRUVATE	enol-phenylpyruvate	164.0473441231					C9H7O3			plantcyc <https://plantcyc.org/>		164.0473441231	C([O-])(=O)C(\O)=C\C1(\C=C/C=C\C=1)		DEDGUGJNLNLJSR-VURMDHGXSA-M									PlantCyc/PMN local PGDB
CPD-14836	CPD-14836	curcumin 4'- O -beta- D -gentiotetraside	1016.3372821006					C45H60O26			plantcyc <https://plantcyc.org/>		1016.3372821006	COC6(/C=C(/C=C/C(/O)=C/C(/C=C/C5(/C=C(C(/O[C@H]1([C@@H]([C@H]([C@@H]([C@H](O1)CO[C@H]2([C@@H]([C@H]([C@@H]([C@H](O2)CO[C@H]3([C@@H]([C@H]([C@@H]([C@H](O3)CO[C@H]4([C@@H]([C@H]([C@@H]([C@H](O4)CO)O)O)O))O)O)O))O)O)O))O)O)O))=C\C=5)/OC))=O)\C=C/C(/O)=6)		SXLFXLCZTZZULG-KQUFAFJRSA-N									PlantCyc/PMN local PGDB
CPD-4186	CPD-4186	lathosterol	386.3548660987					C27H46O			plantcyc <https://plantcyc.org/>	cholesta-7-en-3beta-ol // 5alpha-cholest-7-en-3beta-ol // alpha-cholest-7-en-3beta-ol // cholesta-7-enol // &Delta; 7 -cholesten-3-beta-ol // gamma-cholesterol	386.3548660987	CC(C)CCC[C@H]([C@@H]4([C@]1(C)([C@H](C2([C@H](CC1)[C@]3(C)([C@@H](CC=2)C[C@@H](O)CC3)))CC4)))C		IZVFFXVYBHFIHY-SKCNUYALSA-N									PlantCyc/PMN local PGDB
HOMOMETHIONINE	HOMOMETHIONINE	L-homomethionine	163.0666993567					C6H13NO2S			plantcyc <https://plantcyc.org/>	(2S)-2-amino-5-(methylsulfanyl)pentanoate	163.0666993567	CSCCC[C@@H](C([O-])=O)[NH3+]		SFSJZXMDTNDWIX-YFKPBYRVSA-N									PlantCyc/PMN local PGDB
CPD-14269	CPD-14269	(15 Z )-tetracosenoyl-CoA	1115.4544244001					C45H76N7O17P3S			plantcyc <https://plantcyc.org/>	(15 Z )-tetracos-15-enoyl-CoA // nervonoyl-CoA	1115.4544244001	CCCCCCCC\C=C/CCCCCCCCCCCCCC(SCCNC(=O)CCNC(=O)[C@H](O)C(C)(C)COP(=O)(OP(=O)(OC[C@@H]1([C@@H](OP([O-])(=O)[O-])[C@@H](O)[C@@H](O1)N2(C3(\N=C/N=C(C(\N=C/2)=3)/N))))[O-])[O-])=O		QHZAQVTVYPHLKK-YVBAAGQKSA-J									PlantCyc/PMN local PGDB
CPD-26583	CPD-26583	(-)-verazine	397.3344650076					C27H43NO			plantcyc <https://plantcyc.org/>	(20S,25S)-22,26-iminocholesta-5,22(N)-dien-3beta-ol	397.3344650076	C[C@@H]1(C/N=C(CC1)/[C@@H](C)[C@H]3(CC[C@H]4([C@@H]5(C\C=C2(C[C@H](CC[C@@](C)2[C@@H](CC[C@](C)34)5)O)))))		VRBNGKPRTHBEIQ-LURFOZDGSA-N									PlantCyc/PMN local PGDB
FORMYL-COA	FORMYL-COA	formyl-CoA	795.1101229877					C22H32N7O17P3S			plantcyc <https://plantcyc.org/>		795.1101229877	CC(C)([C@@H](O)C(=O)NCCC(=O)NCCSC=O)COP(=O)(OP(=O)(OC[C@@H]1([C@@H](OP([O-])(=O)[O-])[C@@H](O)[C@@H](O1)N2(C3(\N=C/N=C(C(\N=C/2)=3)/N))))[O-])[O-]		SXMOKYXNAPLNCW-GORZOVPNSA-J									PlantCyc/PMN local PGDB
5-PHOSPHO-RIBOSYL-GLYCINEAMIDE	5-PHOSPHO-RIBOSYL-GLYCINEAMIDE	N 1 -(5-phospho-beta-D-ribosyl)glycinamide	286.0566019787					C7H14N2O8P			plantcyc <https://plantcyc.org/>	5-phospho-beta-D-ribosyl-glycineamide // 5'-phosphoribosylglycinamide // 5'-phosphoribosylglycineamide // 5'-p-ribosylglycinamide // 5'-p-ribosylglycineamide	286.0566019787	C([NH3+])C(=O)N[C@H]1([C@H](O)[C@H](O)[C@@H](COP([O-])(=O)[O-])O1)		OBQMLSFOUZUIOB-SHUUEZRQSA-M									PlantCyc/PMN local PGDB
DIHYDROSIROHYDROCHLORIN	DIHYDROSIROHYDROCHLORIN	precorrin-2	864.3065315152					C42H41N4O16			plantcyc <https://plantcyc.org/>	dihydrosirohydrochlorin	864.3065315152	C[C@]1(CC(=O)[O-])([C@@H](C3(\[NH2+]C\1=C/C2([C@@H](CCC(=O)[O-])[C@](C(\N=2)=C\C5(\NC(/CC4(\NC(/C=3)=C(CC(=O)[O-])/C(\CCC(=O)[O-])=4))=C(CCC(=O)[O-])/C(\CC(=O)[O-])=5))(C)CC(=O)[O-])))CCC(=O)[O-])		OQIIYZQTTMKFAU-ZNLOQLQNSA-G									PlantCyc/PMN local PGDB
CPD-468	CPD-468	L-2-aminoadipate	161.0688078467					C6H10NO4			plantcyc <https://plantcyc.org/>	L-aminoadipic acid // L-aminoadipate // L-2-amino-hexanedioic acid // L-alpha-aminoadipate // L-alpha-aminoadipic acid // L-2-aminoadipic acid // L-2-aminohexanedioate // aminoadipate	161.0688078467	C([O-])(=O)CCC[C@@H](C(=O)[O-])[NH3+]		OYIFNHCXNCRBQI-BYPYZUCNSA-M									PlantCyc/PMN local PGDB
CPD-9046	CPD-9046	4,4'-dithiodipyridine	220.0128896472					C10H8N2S2			plantcyc <https://plantcyc.org/>	4,4'-dipyridyl disulfide // Pyridine, 4,4'-dithiobis-	220.0128896472	C1(\C=C(\C=C/N=1)\SSC2(\C=C/N=C\C=2))		UHBAPGWWRFVTFS-UHFFFAOYSA-N									PlantCyc/PMN local PGDB
CPD0-1659	CPD0-1659	alpha-allenylagmatine	168.1374965344					C8H16N4			plantcyc <https://plantcyc.org/>	AA	168.1374965344	C=C=CC(CCCNC(N)=N)N		JCEZJHOHMHDSJO-UHFFFAOYSA-N									PlantCyc/PMN local PGDB
CPD-1082	CPD-1082	5beta-cholestan-3-one	386.3548660987					C27H46O			plantcyc <https://plantcyc.org/>	beta-cholestan-3-one // coprostan-3-one	386.3548660987	CC(C)CCC[C@@H](C)[C@H]3(CC[C@H]4([C@@H]2(CC[C@@H]1(CC(=O)CC[C@@](C)1[C@H]2CC[C@](C)34))))		PESKGJQREUXSRR-JDIFZLMISA-N									PlantCyc/PMN local PGDB
CPD-9568	CPD-9568	N -beta-D-glucosyl-(indol-3-yl)acetyl-L-aspartate	452.1430950018					C20H22N2O10			plantcyc <https://plantcyc.org/>	IAA-aspartate-N-beta-D-glucose // IAA-Asp-N-Glc // IAA-aspartic acid-N-beta-D-glucose // indole-3-acetyl-aspartic acid N-beta-glucose	452.1430950018	C2(\N([C@H]1([C@@H]([C@H]([C@@H]([C@H](O1)CO)O)O)O))C3(/C=C\C=C/C(/C(\CC(N[C@@H](CC(=O)[O-])C([O-])=O)=O)=2)=3))		SWNWAVRKVMTEIQ-ABLUPSKSSA-L									PlantCyc/PMN local PGDB
CPD-10678	CPD-10678	avenacin A-1	1093.5457587336					C55H83NO21			plantcyc <https://plantcyc.org/>	oat triterpenoid saponin	1093.5457587336	C[C@]2(C=O)([C@@H](OC(=O)C1(\C(\NC)=C/C=C\C=1))C[C@@]4(C)([C@@H](C2)[C@@]35(O[C@@H]3C[C@H]6([C@](C)([C@](C)(C[C@H](O)4)5)CC[C@@H]%10([C@@](C)6CC[C@H](O[C@@H]9(OC[C@H](O[C@@H]7(O[C@H](CO)[C@@H](O)[C@H](O)[C@@H](O)7))[C@H](O)[C@@H](O[C@@H]8(O[C@H](CO)[C@@H](O)[C@H](O)[C@@H](O)8))9))[C@](CO)(C)%10)))))		SYXUBXTYGFJFEH-PFTGTSLFSA-N									PlantCyc/PMN local PGDB
CPD-21441	CPD-21441	2-hydroxy-2-(1H-indol-3-yl)acetonitrile	172.0636628893					C10H8N2O			plantcyc <https://plantcyc.org/>		172.0636628893	C(#N)C(O)C1(\C2(/C=C\C=C/C(/N/C=1)=2))		VGQUBGXRAQAKRE-UHFFFAOYSA-N									PlantCyc/PMN local PGDB
ERYTHROSE-4P	ERYTHROSE-4P	D-erythrose 4-phosphate	200.0085891536					C4H7O7P			plantcyc <https://plantcyc.org/>	erythrose-4P // threose 4-phosphate // erythrose-4-phosphate // erythrose-4-P // D-erythrose-4-P	200.0085891536	C([C@@H]([C@@H](COP([O-])([O-])=O)O)O)=O		NGHMDNPXVRFFGS-IUYQGCFVSA-L									PlantCyc/PMN local PGDB
CPD-459	CPD-459	trans -beta-D-glucosyl-2-hydroxycinnamate	326.1001675546					C15H17O8			plantcyc <https://plantcyc.org/>	2-O-(beta- D -glucosyl)-2-hydroxycinnamate	326.1001675546	C(O)[C@@H]1([C@H]([C@H](O)[C@@H](O)[C@@H](O1)OC2(\C(/C=C/C(=O)[O-])=C/C=C\C=2))O)		GVRIYIMNJGULCZ-ZMKUSUEASA-M									PlantCyc/PMN local PGDB
CPD-488	CPD-488	beta-L-fucose 1-phosphate	244.0348039041					C6H11O8P			plantcyc <https://plantcyc.org/>	L-Fucose 1-phosphate // 6-deoxy-L-galactose 1-phosphate // L-fucopyranose 1-(dihydrogen phosphate)	244.0348039041	C[C@@H]1(O[C@H](OP(=O)([O-])[O-])[C@@H](O)[C@H](O)[C@H](O)1)		PTVXQARCLQPGIR-SXUWKVJYSA-L									PlantCyc/PMN local PGDB
2-MERCAPTOETHANOL	2-MERCAPTOETHANOL	2-sulfanylethan-1-ol	78.0139355047					C2H6OS			plantcyc <https://plantcyc.org/>	hydroxyethyl sulfide // beta-mercaptoethanol // 2-mercaptoethanol	78.0139355047	C(O)CS		DGVVWUTYPXICAM-UHFFFAOYSA-N									PlantCyc/PMN local PGDB
CPD-14553	CPD-14553	UDP-alpha-D-galactose	566.0550203765					C15H22N2O17P2			plantcyc <https://plantcyc.org/>	UDP-alpha-D-galactopyranose // UDP-galactose // UDP-Gal	566.0550203765	C(O)[C@@H]1([C@H](O)[C@H](O)[C@@H](O)[C@H](O1)OP(OP(OC[C@@H]3([C@H]([C@H]([C@H](N2(\C=C/C(=O)NC2=O))O3)O)O))(=O)[O-])(=O)[O-])		HSCJRCZFDFQWRP-ABVWGUQPSA-L									PlantCyc/PMN local PGDB
CPD-12374	CPD-12374	indole-5,6-quinone-2-carboxylate	191.0218576541					C9H4NO4			plantcyc <https://plantcyc.org/>	ICQA	191.0218576541	C([O-])(=O)C1(\NC2(\C(/C=1)=C/C(=O)C(=O)/C=2))		FXURFKFOPCZEKG-UHFFFAOYSA-M									PlantCyc/PMN local PGDB
CPD-14702	CPD-14702	(22 R )-22-hydroxycholesterol	402.3497807208					C27H46O2			plantcyc <https://plantcyc.org/>	(22 R )-OH-cholesterol	402.3497807208	CC(C)CC[C@@H](O)[C@@H](C)[C@H]3(CC[C@H]4([C@@H]2(C\C=C1(C[C@@H](O)CC[C@@](C)1[C@H]2CC[C@](C)34))))		RZPAXNJLEKLXNO-GFKLAVDKSA-N									PlantCyc/PMN local PGDB
2-ACETO-LACTATE	2-ACETO-LACTATE	( S )-2-acetolactate	132.0422587452					C5H7O4			plantcyc <https://plantcyc.org/>	( S )-2-hydroxy-2-methyl-3-oxobutanoate // alpha-acetolactate // (2 S )-2-hydroxy-2-methyl-3-oxobutanoate	132.0422587452	CC(=O)[C@](C)(O)C(=O)[O-]		NMDWGEGFJUBKLB-YFKPBYRVSA-M									PlantCyc/PMN local PGDB
CPD-121	CPD-121	(R)-mandelate	152.0473441231					C8H7O3			plantcyc <https://plantcyc.org/>	(R)-2-hydroxy-2-phenylacetic acid // (R)-2-hydroxy-2-phenylacetate // (R)-mandelic acid // D-mandelate // D(-)-mandelate	152.0473441231	C(=O)([C@@H](C1(\C=C/C=C\C=1))O)[O-]		IWYDHOAUDWTVEP-SSDOTTSWSA-M									PlantCyc/PMN local PGDB
CPD-8093	CPD-8093	1-linoleoyl-2-alpha-linolenoyl-phosphatidylcholine	781.56215506					C44H78NO8P			plantcyc <https://plantcyc.org/>	phosphatidylcholine (1-18:2-2-18:3) // 18:2-18:3-PC // 1-(9Z,12Z-octadecadienoyl)-2-(9Z,12Z,15Z-octadecatrienoyl)-sn-glycero-3-phosphocholine // 1-18:2-2-18:3-phosphatidylcholine	781.56215506	CCCCC\C=C/C\C=C/CCCCCCCC(OC[C@@H](OC(=O)CCCCCCC\C=C/C\C=C/C\C=C/CC)COP([O-])(=O)OCC[N+](C)(C)C)=O		HZGAVPNEGHQJID-UNBCHYIMSA-N									PlantCyc/PMN local PGDB
CPD-14277	CPD-14277	(3 R )-3-hydroxylignoceroyl-CoA	1133.4649890864					C45H78N7O18P3S			plantcyc <https://plantcyc.org/>		1133.4649890864	CCCCCCCCCCCCCCCCCCCCC[C@@H](O)CC(=O)SCCNC(=O)CCNC([C@H](O)C(C)(C)COP([O-])(=O)OP([O-])(=O)OC[C@@H]1([C@@H](OP(=O)([O-])[O-])[C@@H](O)[C@@H](O1)N2(\C=N/C3(C(/N)=N\C=N/C2=3))))=O		QIBKBVRVOFIKLN-YSOWJFSKSA-J									PlantCyc/PMN local PGDB
CPD-4184	CPD-4184	4alpha-methyl-5alpha-cholesta-8-en-3-ol	400.3705161629					C28H48O			plantcyc <https://plantcyc.org/>	4a-methyl-24(25)-dihydrozymosterol // 4alpha-methyl-cholesta-8-enol // 4-methylcholesta-8-en-3-ol	400.3705161629	CC(C)CCC[C@H]([C@@H]4([C@]1(C)([C@H](C2(\CC[C@@H]3([C@@](C)(C(\CC1)=2)CC[C@H](O)[C@@H](C)3)))CC4)))C		SCEZIHJVTBQOLS-YIJYGBTNSA-N									PlantCyc/PMN local PGDB
CPD-14274	CPD-14274	3-oxocerotoyl-CoA	1159.4806391506					C47H80N7O18P3S			plantcyc <https://plantcyc.org/>	3-oxohexacosanoyl-CoA	1159.4806391506	CCCCCCCCCCCCCCCCCCCCCCCC(=O)CC(=O)SCCNC(=O)CCNC(=O)[C@H](O)C(C)(C)COP(=O)(OP(=O)(OC[C@H]1(O[C@H]([C@@H]([C@@H]1OP([O-])(=O)[O-])O)N2(C3(\N=C/N=C(C(\N=C/2)=3)/N))))[O-])[O-]		VOMUIFOBQMYJPJ-CPIGOPAHSA-J									PlantCyc/PMN local PGDB
6AS11AS-36A9-TRIHYDROXYPTEROCARPAN	6AS11AS-36A9-TRIHYDROXYPTEROCARPAN	(-)-glycinol	272.0684734957					C15H12O5			plantcyc <https://plantcyc.org/>	3,6,9-trihydroxypterocarpan // (6alphaS,11alphaS)-3,6alpha,9-trihydroxypterocarpan	272.0684734957	C3(\C(\O)=C/C4(/OC[C@]1(O)([C@@H](OC2(\C1=C/C=C(/C=2)/O))C(/C=3)=4)))		QMXOFBXZEKTJIK-LSDHHAIUSA-N									PlantCyc/PMN local PGDB
5-HYDROXY-CTP	5-HYDROXY-CTP	5-hydroxy-CTP	498.9794263907					C9H12N3O15P3			plantcyc <https://plantcyc.org/>	5-hydroxycytidine triphosphate	498.9794263907	C(OP(OP(=O)([O-])OP(=O)([O-])[O-])(=O)[O-])[C@@H]2([C@H]([C@@H](O)[C@H](N1(/C=C(C(/N)=N\C1=O)/O))O2)O)		DMFODUNDODUQKK-UAKXSSHOSA-J									PlantCyc/PMN local PGDB
CPD0-1661	CPD0-1661	alpha-monofluoromethylagmatine	162.1280747023					C6H15N4F			plantcyc <https://plantcyc.org/>	FMA	162.1280747023	C(NC(N)=N)CCC(CF)N		SUJCPTTWZVYXRT-UHFFFAOYSA-N									PlantCyc/PMN local PGDB
MI-HEXAKISPHOSPHATE	MI-HEXAKISPHOSPHATE	phytate	659.8613705682					C6H6O24P6			plantcyc <https://plantcyc.org/>	phytic acid // 1D- myo -inositol 1,2,3,4,5,6-hexakisphosphate // myo -inositol hexakisphosphate // D- myo -Inositol 1,2,3,4,5,6-hexakisphosphate // myo -Inositol 1,2,3,4,5,6-hexakisphosphate // inositol 1,2,3,4,5,6-hexakisphosphate // InsP 6 // 1D- myo -inositol hexakisphosphate // IP6 // inositol hexaphosphate // Ins(1,2,3,4,5,6)P 6	659.8613705682	[C@@H]1(OP([O-])([O-])=O)([C@H](OP([O-])(=O)[O-])[C@@H](OP([O-])(=O)[O-])[C@H](OP(=O)([O-])[O-])[C@@H](OP(=O)([O-])[O-])[C@@H](OP([O-])([O-])=O)1)		IMQLKJBTEOYOSI-GPIVLXJGSA-B									PlantCyc/PMN local PGDB
4-FUMARYL-ACETOACETATE	4-FUMARYL-ACETOACETATE	4-fumaryl-acetoacetate	200.0320879894					C8H6O6			plantcyc <https://plantcyc.org/>	(2E)-4,6-dioxooct-2-enedioate	200.0320879894	C([O-])(=O)/C=C/C(=O)CC(=O)CC([O-])=O		GACSIVHAIFQKTC-OWOJBTEDSA-L									PlantCyc/PMN local PGDB
CPD-728	CPD-728	(9Z,13S,15Z)-12,13-epoxyoctadeca-9,11,15-trienoate	292.2038447651					C18H27O3			plantcyc <https://plantcyc.org/>	12,13(S)-epoxylinolenic acid // epoxylinolenic acid // 12,13-epoxy-octadecatrienoic acid // (9 Z )-(13 S )-12,13-epoxyoctadeca-9,11,15-trienoate // (9Z,15Z)-(13S)-12,13-epoxyoctadeca-9,11,15-trienoate // 12,13-EOT // (9Z,13S,15Z)-12,13-epoxyoctadeca-9,11,15-trienoic acid // 12,13(S)-epoxylinolenate	292.2038447651	CC\C=C/C[C@@H]1(OC\1=C/C=C\CCCCCCCC(=O)[O-])		YZBZORUZOSCZRN-DCUPSMFCSA-M									PlantCyc/PMN local PGDB
CPD-8892	CPD-8892	leukotriene A 4	318.2194948293					C20H29O3			plantcyc <https://plantcyc.org/>	leukotriene A(4) // (7E,9E,11Z,14Z)-(5S,6S)-5,6-epoxyicosa-7,9,11,14-tetraenoate	318.2194948293	CCCCC\C=C/C\C=C/C=C/C=C/[C@@H]1(O[C@@H]1CCCC(=O)[O-])		UFPQIRYSPUYQHK-XWYPZHSRSA-M									PlantCyc/PMN local PGDB
CIS-ACONITATE	CIS-ACONITATE	cis -aconitate	174.0164379252					C6H3O6			plantcyc <https://plantcyc.org/>	(Z)-prop-1-ene-1,2,3-tricarboxylate // cis -aconitic acid	174.0164379252	C([O-])(=O)C(/CC(=O)[O-])=C/C(=O)[O-]		GTZCVFVGUGFEME-IWQZZHSRSA-K									PlantCyc/PMN local PGDB
CPD-607	CPD-607	adenosine tetraphosphate	586.9620755653					C10H12N5O16P4			plantcyc <https://plantcyc.org/>	Adenosine 5'-tetraphosphate // p 4 A	586.9620755653	C(OP(OP(OP(OP([O-])([O-])=O)([O-])=O)([O-])=O)([O-])=O)[C@H]3(O[C@@H](N1(C2(\C(\N=C/1)=C(N)/N=C\N=2)))[C@H](O)[C@H](O)3)		WWMWAMFHUSTZTA-KQYNXXCUSA-I									PlantCyc/PMN local PGDB
CPD-7199	CPD-7199	3-hydroxy-9-apo-delta-caroten-9-one	208.1463298862					C13H20O2			plantcyc <https://plantcyc.org/>		208.1463298862	CC1(\C(C(C[C@@H](\C=1)O)(C)C)/C=C/C(=O)C)		FDSNVAKZRJLMJN-VIEBRROSSA-N									PlantCyc/PMN local PGDB
CPD-15154	CPD-15154	5- S -cysteinyldopa	316.0729069466					C12H16N2O6S			plantcyc <https://plantcyc.org/>		316.0729069466	C([C@@H](C(=O)[O-])[NH3+])C1(\C=C(C(\O)=C(\C=1)\O)\SC[C@@H](C(=O)[O-])[NH3+])		SXISMOAILJWTID-BQBZGAKWSA-N									PlantCyc/PMN local PGDB
CPD-8652	CPD-8652	leucodopachrome	195.0531577825					C9H8NO4			plantcyc <https://plantcyc.org/>	cyclo-dopa // 2-carboxy-2,3-dihydro-5,6-dihydroxyindole	195.0531577825	C([O-])(=O)[C@H]1(NC2(\C=C(C(/O)=C\C(/C1)=2)\O))		JDWYRSDDJVCWPB-LURJTMIESA-M									PlantCyc/PMN local PGDB
10-BETA-HYDROXYTAXA-42011-DIEN-5-ALPH	10-BETA-HYDROXYTAXA-42011-DIEN-5-ALPH	10beta-hydroxytaxa-4(20),11-dien-5alpha-yl acetate	346.2507949577					C22H34O3			plantcyc <https://plantcyc.org/>		346.2507949577	CC2(/CC[C@H]1(C[C@H]3([C@](C)(C[C@H](O)C(\[C@](C)(C)1)=2)CC[C@H](OC(C)=O)C3=C)))		BMPKIAPYMZISRD-PQTWGXLHSA-N									PlantCyc/PMN local PGDB
CPD0-1162	CPD0-1162	(2 E ,5 Z )-tetradec-2,5-enoyl-CoA	973.2822736939					C35H54N7O17P3S			plantcyc <https://plantcyc.org/>	2-trans,5-cis-tetradecenoyl-CoA // 14:2-&Delta;2,&Delta;5-CoA // 2- trans ,5- cis -tetradecadienoyl-CoA	973.2822736939	CCCCCCCC\C=C/C/C=C/C(SCCNC(=O)CCNC(=O)[C@H](O)C(C)(C)COP(=O)(OP(=O)(OC[C@@H]1([C@@H](OP([O-])(=O)[O-])[C@@H](O)[C@@H](O1)N2(C3(\N=C/N=C(C(\N=C/2)=3)/N))))[O-])[O-])=O		JVEFYXPCQBMMAA-ZMLWRGBOSA-J									PlantCyc/PMN local PGDB
CPD-7600	CPD-7600	( Z )-but-2-enal	70.0418648147					C4H6O			plantcyc <https://plantcyc.org/>	( cis )-crotonaldehyde // ( cis )-but-2-enal // ( cis )-2-butenal	70.0418648147	C\C=C/C=O		MLUCVPSAIODCQM-IHWYPQMZSA-N									PlantCyc/PMN local PGDB
CPD-8928	CPD-8928	(+)-sesamolin	370.1052529325					C20H18O7			plantcyc <https://plantcyc.org/>		370.1052529325	C6(/C=C1(C(/OCO1)=C\C(\[C@H]2(OC[C@@H]3([C@H](OC[C@H]23)OC4(\C=C/C5(/OCOC(/C=4)=5)))))=6))		ZZMNWJVJUKMZJY-AFHBHXEDSA-N									PlantCyc/PMN local PGDB
CPD-15415	CPD-15415	novobiocic acid	395.1368874119					C22H20NO6			plantcyc <https://plantcyc.org/>	N-(2,7-dihydroxy-8-methyl-4-oxo-4H-chromen-3-yl)-4-hydroxy-3-(3-methylbut-2-en-1-yl)benzamide	395.1368874119	CC(C)=CCC1(\C(\O)=C/C=C(\C=1)/C(NC2(/C(=O)OC3(/C(\C)=C(\C=C/C(/C(/[O-])=2)=3)/O)))=O)		NMCFFEJWADWZTI-UHFFFAOYSA-M									PlantCyc/PMN local PGDB
CPD-8159	CPD-8159	1-palmitoyl-2-alpha-linolenoyl-phosphatidylcholine	757.56215506					C42H78NO8P			plantcyc <https://plantcyc.org/>	phosphatidylcholine (1-16:0-2-18:3) // 16:0-18:3-PC // 1-hexadecanoyl-2-(9Z,12Z,15Z-octadecatrienoyl)-sn-glycero-3-phosphocholine // 1-16:0-2-18:3-phosphatidylcholine	757.56215506	CC\C=C/C\C=C/C\C=C/CCCCCCCC(=O)O[C@H](COC(=O)CCCCCCCCCCCCCCC)COP(=O)([O-])OCC[N+](C)(C)C		JMAYDGBZRHQJAT-QWFQJEORSA-N									PlantCyc/PMN local PGDB
CPD-7078	CPD-7078	GDP-beta-L-gulose	605.0771528021					C16H23N5O16P2			plantcyc <https://plantcyc.org/>		605.0771528021	C([C@@H]4(O[C@H](OP(OP(=O)([O-])OC[C@H]3(O[C@@H](N1(C2(\N=C(N)/NC(=O)C(\N=C/1)=2)))[C@H](O)[C@H](O)3))(=O)[O-])[C@@H](O)[C@@H](O)[C@H](O)4))O		MVMSCBBUIHUTGJ-HVMPVDAASA-L									PlantCyc/PMN local PGDB
IMIDAZOLE_ACETALDEHYDE	IMIDAZOLE_ACETALDEHYDE	imidazole acetaldehyde	110.0480128251					C5H6N2O			plantcyc <https://plantcyc.org/>	(imidazol-4-yl)acetaldehyde	110.0480128251	C(=O)CC1(\N=C/N\C=1)		MQSRGWNVEZRLDK-UHFFFAOYSA-N									PlantCyc/PMN local PGDB
CPD-12321	CPD-12321	15- cis -phytoene	544.5008020544					C40H64			plantcyc <https://plantcyc.org/>		544.5008020544	CC(C)=CCCC(\C)=C/CCC(\C)=C/CCC(\C)=C/C=C\C=C(C)\CC/C=C(C)/CC/C=C(C)/CCC=C(C)C		YVLPJIGOMTXXLP-BHLJUDRVSA-N									PlantCyc/PMN local PGDB
CPD-24938	CPD-24938	alpha-L-ribulofuranose	150.0528234315					C5H10O5			plantcyc <https://plantcyc.org/>		150.0528234315	C(O)[C@]1(O)([C@@H](O)[C@@H](O)CO1)		LQXVFWRQNMEDEE-VAYJURFESA-N									PlantCyc/PMN local PGDB
23-DIPHOSPHOGLYCERATE	23-DIPHOSPHOGLYCERATE	2,3-diphospho-D-glycerate	265.9592694978					C3H3O10P2			plantcyc <https://plantcyc.org/>	2,3-bisphosphoglycerate // D-Greenwald ester // 2,3-P 2 -D-glycerate // 2,3-bisphospho-D-glycerate // 2,3-diphosphoglycerate // DPG // 2,3-bisPGA // (2R)-2,3-bisphosphoglycerate	265.9592694978	C(OP([O-])(=O)[O-])[C@@H](OP(=O)([O-])[O-])C(=O)[O-]		XOHUEYCVLUUEJJ-UWTATZPHSA-I									PlantCyc/PMN local PGDB
CPD-22761	CPD-22761	(3beta,9beta)-4alpha-demethyl-4alpha-methylhydroxy-9,19-cyclolanost-3-ol	444.3967309134					C30H52O2			plantcyc <https://plantcyc.org/>		444.3967309134	CC(C)CCC[C@@H](C)[C@H]3(CC[C@@]4(C)([C@@H]1(CC[C@H]5([C@@](CO)(C)[C@@H](O)CC[C@@]2(C[C@@]12CC[C@](C)34)5))))		HWVWXEOIUCFPQJ-BPYUMQNDSA-N									PlantCyc/PMN local PGDB
CPDQT-32	CPDQT-32	2-[(4'-methylsulfanyl)butyl]malate	236.0718443141					C9H14O5S			plantcyc <https://plantcyc.org/>	2-[(4'-methylthio)butyl]malic acid // 2-[(4'-methylthio)butyl]malate	236.0718443141	CSCCCCC(O)(CC([O-])=O)C(=O)[O-]		MHYITDUVXNMMNZ-UHFFFAOYSA-L									PlantCyc/PMN local PGDB
3-OXOADIPATE-ENOL-LACTONE	3-OXOADIPATE-ENOL-LACTONE	(4,5-dihydro-5-oxofuran-2-yl)-acetate	142.026608681					C6H5O4			plantcyc <https://plantcyc.org/>	3-oxoadipate enol lactone // beta-ketoadipate-enol-lactone	142.026608681	C(=O)(CC1(\OC(=O)C\C=1))[O-]		ZPEHSARSWGDCEX-UHFFFAOYSA-M									PlantCyc/PMN local PGDB
CPD-10608	CPD-10608	trans -dienelactone	140.0109586168					C6H3O4			plantcyc <https://plantcyc.org/>	2- trans -dienelactone // trans -4-carboxymethylenebut-2-en-1,4-olide	140.0109586168	C1(\C(\OC(=O)\C=1)=C/C(=O)[O-])		AYFXPGXAZMFWNH-ONEGZZNKSA-M									PlantCyc/PMN local PGDB
ALPHA-RIBAZOLE-5-P	ALPHA-RIBAZOLE-5-P	alpha-ribazole 5'-phosphate	358.092987485					C14H17N2O7P			plantcyc <https://plantcyc.org/>	N1-(5'-phospho-alpha-D-ribosyl)-5,6-dimethylbenzimidazole // DMB-ribose-5'-P // alpha-ribazole-5'-P // DMB-alpha-ribotide // 5,6-dimethylbenzimidazolyl-alpha-ribotide	358.092987485	CC1(\C(/C)=C/C2(/N(\C=N/C(\C=1)=2)[C@@H]3([C@H](O)[C@H](O)[C@@H](COP([O-])(=O)[O-])O3)))		ZMRGXEJKZPRBPJ-SYQHCUMBSA-L									PlantCyc/PMN local PGDB
N-FORMIMINO-L-GLUTAMATE	N-FORMIMINO-L-GLUTAMATE	N -formimino-L-glutamate	174.0640568198					C6H9N2O4			plantcyc <https://plantcyc.org/>	N -formimino-glutamate // formiminoglutamate // formimino-glu // alpha-formamidinoglutarate // N -formimidoyl-L-glutamate	174.0640568198	C(N[C@H](C([O-])=O)CCC([O-])=O)=[NH2+]		NRXIKWMTVXPVEF-BYPYZUCNSA-M									PlantCyc/PMN local PGDB
CPD-21154	CPD-21154	8',8-diapocarotene-8',8-dial	296.1776300146					C20H24O2			plantcyc <https://plantcyc.org/>	2,6,11,15-tetramethylhexadeca-2,4,6,8,10,12,14-septene-1,16-dial // crocetin dialdehyde	296.1776300146	CC(/C=C/C=C(C)/C=O)=C\C=C\C=C(C)\C=C\C=C(C)\C=O		YHCIKUXPWFLCFN-QHUUTLAPSA-N									PlantCyc/PMN local PGDB
GLUTAMATE-1-SEMIALDEHYDE	GLUTAMATE-1-SEMIALDEHYDE	(S)-4-amino-5-oxopentanoate	131.0582431604					C5H9NO3			plantcyc <https://plantcyc.org/>	L-glutamate 1-semialdehyde	131.0582431604	C([C@H](CCC([O-])=O)[NH3+])=O		MPUUQNGXJSEWTF-BYPYZUCNSA-N									PlantCyc/PMN local PGDB
CPD-12871	CPD-12871	pinostilbene	242.0942943157					C15H14O3			plantcyc <https://plantcyc.org/>	resveratrol monomethyl ether // 3-methoxy-4',5-dihydroxy- trans -stilbene	242.0942943157	COC1(\C=C(C=C(/C=1)/C=C/C2(\C=C/C(/O)=C\C=2))\O)		KUWZXOMQXYWKBS-NSCUHMNNSA-N									PlantCyc/PMN local PGDB
CPD-17647	CPD-17647	dodecane-1,7-diol	202.1932800788					C12H26O2			plantcyc <https://plantcyc.org/>		202.1932800788	CCCCCC(O)CCCCCCO		WFTBVPNDDYMTNW-UHFFFAOYSA-N									PlantCyc/PMN local PGDB
D-GLT	D-GLT	D-glutamate	147.0531577825					C5H8NO4			plantcyc <https://plantcyc.org/>	D-glutamic acid // D-glu	147.0531577825	C(CC[C@H](C(=O)[O-])[NH3+])([O-])=O		WHUUTDBJXJRKMK-GSVOUGTGSA-M									PlantCyc/PMN local PGDB
CPD-15895	CPD-15895	aldehydo -D-ribose 5-phosphate	230.0191538399					C5H9O8P			plantcyc <https://plantcyc.org/>	keto -D-ribose 5-phosphate	230.0191538399	C(=O)[C@H](O)[C@H](O)[C@@H](COP([O-])([O-])=O)O		PPQRONHOSHZGFQ-LMVFSUKVSA-L									PlantCyc/PMN local PGDB
CPD-3141	CPD-3141	genistein	270.0528234315					C15H9O5			plantcyc <https://plantcyc.org/>	5,7-dihydroxy-3-(4-hydroxyphenyl)-4H-chromen-4-one // 5,7,4'-trihydroxyisoflavone // 4',5,7-trihydroxyisoflavone	270.0528234315	C3(\C(\C1(\C(=O)C2(/C(/O)=C\C(\[O-])=C/C(/O\C=1)=2)))=C/C=C(\C=3)/O)		TZBJGXHYKVUXJN-UHFFFAOYSA-M									PlantCyc/PMN local PGDB
5-HYDROXY-CONIFERYL-ALCOHOL	5-HYDROXY-CONIFERYL-ALCOHOL	5-hydroxy-coniferyl-alcohol	196.0735588736					C10H12O4			plantcyc <https://plantcyc.org/>		196.0735588736	COC1(/C=C(/C=C(C(\O)=1)/O)/C=C/CO)		NPNAJGCZQBQWQZ-NSCUHMNNSA-N									PlantCyc/PMN local PGDB
AGMATHINE	AGMATHINE	agmatine	130.1218464702					C5H16N4			plantcyc <https://plantcyc.org/>	(4-aminobutyl)guanidine // N-(4-aminobutyl)guanidine	130.1218464702	C(CCC[NH3+])NC(N)=[NH2+]		QYPPJABKJHAVHS-UHFFFAOYSA-P									PlantCyc/PMN local PGDB
CPD-123	CPD-123	2,6-dihydroxypyridine	111.0320284099					C5H5NO2			plantcyc <https://plantcyc.org/>		111.0320284099	C1(\C=C(/N=C(\C=1)/O)\O)		WLFXSECCHULRRO-UHFFFAOYSA-N									PlantCyc/PMN local PGDB
CPD-10514	CPD-10514	9,10-epoxystearate	298.2507949577					C18H33O3			plantcyc <https://plantcyc.org/>	cis-9,10-epoxystearic acid // cis-3-octyloxirane octanoic acid // epoxyoleic acid // 9,10-epoxystearic acid // 9R,10S-epoxystearate	298.2507949577	CCCCCCCCC1(C(CCCCCCCC(=O)[O-])O1)		IMYZYCNQZDBZBQ-UHFFFAOYSA-M									PlantCyc/PMN local PGDB
CPD-17375	CPD-17375	1-[18-hydroxyoeoyl]-2-[18-hydroxy-linoleoyl]- sn -glycerol	650.5121546017					C39H70O7			plantcyc <https://plantcyc.org/>		650.5121546017	C(O)CCCCCCC\C=C/CCCCCCCC(OC[C@@H](OC(=O)CCCCCCC\C=C/C\C=C/CCCCCO)CO)=O		RCALBBVHQNUWNO-OSFDYRCISA-N									PlantCyc/PMN local PGDB
CPD-19816	CPD-19816	cis -12-sulfojasmonate	306.0773236225					C12H16O7S			plantcyc <https://plantcyc.org/>		306.0773236225	C(OS(=O)(=O)[O-])C\C=C/C[C@@H]1(C(=O)CC[C@@H]1CC([O-])=O)		MLUJBNROAVANKK-SZXTZRQCSA-L									PlantCyc/PMN local PGDB
CPD-649	CPD-649	sphinganine 1-phosphate	381.2644099097					C18H39NO5P			plantcyc <https://plantcyc.org/>	dihydrosphingosine 1-phosphate // DHS-1-P	381.2644099097	CCCCCCCCCCCCCCC[C@H]([C@H](COP([O-])(=O)[O-])[NH3+])O		YHEDRJPUIRMZMP-ZWKOTPCHSA-M									PlantCyc/PMN local PGDB
LIPOIC-ACID	LIPOIC-ACID	( R )-lipoate	206.0435210736					C8H13O2S2			plantcyc <https://plantcyc.org/>	alpha-liponic acid // 5-(1,2-dithiolan-3-yl)-pentanoate // lipoic acid // 6,8-thioctic acid // 6,8-thioctate // D-thioctic acid // D-thioctate	206.0435210736	C(CCC(=O)[O-])C[C@@H]1(CCSS1)		AGBQKNBQESQNJD-SSDOTTSWSA-M									PlantCyc/PMN local PGDB
HEXANOATE	HEXANOATE	hexanoate	116.0837296294					C6H11O2			plantcyc <https://plantcyc.org/>	hexanoate (n-C6:0) // hexanoic acid // caproate // caproic acid	116.0837296294	CCCCCC([O-])=O		FUZZWVXGSFPDMH-UHFFFAOYSA-M									PlantCyc/PMN local PGDB
CPD-7151	CPD-7151	pelargonidin-3,5-diglucoside-5-O-4-coumaroylglucoside	741.2030747634					C36H36O17			plantcyc <https://plantcyc.org/>	pelargonidin-3,5-diglucoside-5-O-p-coumaroylglucoside	741.2030747634	C([C@H]1(O[C@H]([C@@H]([C@H]([C@@H]1O)O)O)OC2(\C(=[O+]C3(\C(/C=2)=C(/C=C(/C=3)/[O-])\O[C@@H]4(O[C@@H]([C@H]([C@@H]([C@H]4O)O)O)COC(/C=C/C5(\C=C/C(/O)=C\C=5))=O)))C6(\C=C/C(/O)=C\C=6))))O		GBDTYZCMNRLPES-AQAMAIGXSA-N									PlantCyc/PMN local PGDB
CPD-8844	CPD-8844	(3 E )-4,8-dimethylnona-1,3,7-triene	150.1408505778					C11H18			plantcyc <https://plantcyc.org/>	(3 E )-4,8-dimethyl-1,3,7-nonatriene // 4,8-dimethyl-1,3( E ),7-nonatriene // DMNT	150.1408505778	C=C/C=C(C)/CCC=C(C)C		LUKZREJJLWEWQM-YRNVUSSQSA-N									PlantCyc/PMN local PGDB
CPD-21719	CPD-21719	4beta-methyl-5alpha-cholest-7-en-3-one	398.3548660987					C28H46O			plantcyc <https://plantcyc.org/>		398.3548660987	CC(C)CCC[C@@H](C)[C@H]3(CC[C@H]4(C1([C@@H]([C@]2(CCC(=O)[C@H](C)[C@H](CC=1)2)(C))CC[C@](C)34)))		OWKGVPXWOHLTSL-LVGZUCAQSA-N									PlantCyc/PMN local PGDB
AMINO-ACETONE	AMINO-ACETONE	aminoacetone	73.052763852					C3H8NO			plantcyc <https://plantcyc.org/>		73.052763852	CC(C[NH3+])=O		BCDGQXUMWHRQCB-UHFFFAOYSA-O									PlantCyc/PMN local PGDB
CPD-10280	CPD-10280	lignoceroyl-CoA	1117.4700744643					C45H78N7O17P3S			plantcyc <https://plantcyc.org/>	tetracosanoyl-CoA	1117.4700744643	CCCCCCCCCCCCCCCCCCCCCCCC(=O)SCCNC(=O)CCNC(=O)[C@H](O)C(C)(C)COP(=O)(OP(=O)(OC[C@H]1(O[C@H]([C@@H]([C@@H]1OP([O-])(=O)[O-])O)N2(C3(\N=C/N=C(C(\N=C/2)=3)/N))))[O-])[O-]		MOYMQYZWIUKGGY-JBKAVQFISA-J									PlantCyc/PMN local PGDB
CPD-7989	CPD-7989	(+)-valencene	204.1878007704					C15H24			plantcyc <https://plantcyc.org/>		204.1878007704	C=C([C@H]1(C[C@]2([C@@H](CC\C=C(CC1)/2)C)C))C		QEBNYNLSCGVZOH-NFAWXSAZSA-N									PlantCyc/PMN local PGDB
HOMOARGININE	HOMOARGININE	L-homoarginine	188.1273257786					C7H17N4O2			plantcyc <https://plantcyc.org/>		188.1273257786	C([C@H](CCCCNC(N)=[NH2+])[NH3+])(=O)[O-]		QUOGESRFPZDMMT-YFKPBYRVSA-O									PlantCyc/PMN local PGDB
CPD-8768	CPD-8768	(-)-beta-phellandrene	136.1252005136					C10H16			plantcyc <https://plantcyc.org/>	beta-phellandrene // (4 S )-beta-phellandrene	136.1252005136	CC([C@H]1(CCC(\C=C/1)=C))C		LFJQCDVYDGGFCH-SNVBAGLBSA-N									PlantCyc/PMN local PGDB
CPD-22993	CPD-22993	7 1 -hydroxychlorophyllide a 2	628.2172266806					C35H30N4O6MG			plantcyc <https://plantcyc.org/>		628.2172266806	C=CC4(\C(/C)=C5(\C=C7([C@@H](C)[C@H](CCC(=O)[O-])C(\C6(/[C@@H-](C(OC)=O)C(=O)C1(\C(\N2([Mg]N(C(/C=C3(C(/CO)=C(C=C)\C(/C=C(C(\C)=1)\2)=N3))=4)5))=6)))=N7)))											PlantCyc/PMN local PGDB
CPD-13040	CPD-13040	1,2-dibutyrin	232.1310737525					C11H20O5			plantcyc <https://plantcyc.org/>	glycerol 1,2-dibutanoate // beta-dibutyrin // butanoic acid, 1-(hydroxymethyl)-1,2-ethanediyl ester // dibutyrylglycerol	232.1310737525	CCCC(OC[C@@H](OC(CCC)=O)CO)=O		AWHAUPZHZYUHOM-VIFPVBQESA-N									PlantCyc/PMN local PGDB
CPD-25003	CPD-25003	beta-L-galactopyranose	180.0633881178					C6H12O6			plantcyc <https://plantcyc.org/>	beta-L-galactose	180.0633881178	C([C@@H]1(O[C@@H]([C@H]([C@@H]([C@@H]1O)O)O)O))O		WQZGKKKJIJFFOK-KGJVWPDLSA-N									PlantCyc/PMN local PGDB
CPD-17595	CPD-17595	(-)-yatein	400.1522031251					C22H24O7			plantcyc <https://plantcyc.org/>	deoxypodorhizone // dihydroanhydropodorhizol // (3R,4R)-4-(2H-1,3-benzodioxol-5-ylmethyl)-3-[(3,4,5-trimethoxyphenyl)methyl]oxolan-2-one	400.1522031251	COC4(/C=C(C[C@@H]3([C@@H](CC1(\C=C/C2(/OCOC(/C=1)=2)))COC3=O))\C=C(C(\OC)=4)\OC)		GMLDZDDTZKXJLU-JKSUJKDBSA-N									PlantCyc/PMN local PGDB
CPD-334	CPD-334	2,3-didehydro-L-gulonate	192.0270026115					C6H7O7			plantcyc <https://plantcyc.org/>	(4R,5S)-4,5,6-trihydroxy-2,3-dioxohexanoate // 2,3-diketo-L-gulonate // DKG // L-xylo-hex-2-enonic acid // L-xylo-hex-2-enonate // 2,3-dioxo-L-gulonate	192.0270026115	C([C@@H]([C@H](C(C(C([O-])=O)=O)=O)O)O)O		GJQWCDSAOUMKSE-STHAYSLISA-M									PlantCyc/PMN local PGDB
S-LACTOYL-GLUTATHIONE	S-LACTOYL-GLUTATHIONE	( R )- S -lactoylglutathione	379.1049353565					C13H20N3O8S			plantcyc <https://plantcyc.org/>	S-D-lactoylglutathione // D-lactoylglutathione	379.1049353565	C[C@@H](O)C(=O)SC[C@@H](C(NCC([O-])=O)=O)NC(=O)CC[C@H]([NH3+])C([O-])=O		VDYDCVUWILIYQF-CSMHCCOUSA-M									PlantCyc/PMN local PGDB
CPD-13667	CPD-13667	11-oxo-beta-amyrin	440.365430785					C30H48O2			plantcyc <https://plantcyc.org/>		440.365430785	C[C@@]4(CC5(C2(\[C@]([C@@]1(CCC3([C@]([C@H](CC[C@](C1C(=O)\C=2)3C)O)(C)C))C)(CC[C@@](CC4)5C)C)))C		UKAIYBGRLWQHDQ-VCUIEPQISA-N									PlantCyc/PMN local PGDB
PHOSPHORYL-ETHANOLAMINE	PHOSPHORYL-ETHANOLAMINE	O -phosphoethanolamine	141.0190942604					C2H7NO4P			plantcyc <https://plantcyc.org/>	phosphoryl-ethanolamine // O-phosphorylethanolamine // phosphoethanolamine // ethanolamine phosphate // 2-aminoethyl phosphate // pEtN	141.0190942604	C(C[NH3+])OP([O-])([O-])=O		SUHOOTKUPISOBE-UHFFFAOYSA-M									PlantCyc/PMN local PGDB
CPD-14273	CPD-14273	3-oxolignoceroyl-CoA	1131.4493390222					C45H76N7O18P3S			plantcyc <https://plantcyc.org/>	3-oxotetracosanoyl-CoA	1131.4493390222	CCCCCCCCCCCCCCCCCCCCCC(=O)CC(=O)SCCNC(=O)CCNC([C@H](O)C(C)(C)COP([O-])(=O)OP([O-])(=O)OC[C@@H]1([C@@H](OP(=O)([O-])[O-])[C@@H](O)[C@@H](O1)N2(\C=N/C3(C(/N)=N\C=N/C2=3))))=O		JJSJTIWFKNSCHC-JBKAVQFISA-J									PlantCyc/PMN local PGDB
CPD-510	CPD-510	alpha-D-glucuronate 1-phosphate	274.0089830841					C6H8O10P			plantcyc <https://plantcyc.org/>	glucuronate-1-P // glucuronate-1-phosphate // D-glucuronate-1-P // D-glucuronate-1-phosphate // 1-phospho-alpha-D-glucuronate	274.0089830841	C([C@H]1(O[C@@H]([C@@H]([C@H]([C@@H]1O)O)O)OP([O-])([O-])=O))(=O)[O-]		AIQDYKMWENWVQJ-QIUUJYRFSA-K									PlantCyc/PMN local PGDB
CPD-22020	CPD-22020	hexatriacontanoyl-CoA	1285.6578752347					C57H102N7O17P3S			plantcyc <https://plantcyc.org/>		1285.6578752347	CCCCCCCCCCCCCCCCCCCCCCCCCCCCCCCCCCCC(=O)SCCNC(=O)CCNC(=O)[C@H](O)C(C)(C)COP(=O)(OP(=O)(OC[C@H]1(O[C@H]([C@@H]([C@@H]1OP([O-])(=O)[O-])O)N2(C3(\N=C/N=C(C(\N=C/2)=3)/N))))[O-])[O-]		ZAVJMWAMAIAVEU-OEDQROETSA-J									PlantCyc/PMN local PGDB
CPD-9066	CPD-9066	bacteriochlorophyllide a	632.248526809					C35H34N4O6MG			plantcyc <https://plantcyc.org/>		632.248526809	CC[C@@H]1([C@@H](C)C2(\N=C1\C=C7(C(\C)=C3(C4(\N([Mg]N6(C(\C=2)=C(C(/C)=C(\C=C5([C@@H](C)[C@H](CCC(=O)[O-])C(\C(/[C-](C(OC)=O)C(=O)3)=4)=N5))/6)/C(C)=O))7)))))											PlantCyc/PMN local PGDB
CPD-8083	CPD-8083	1-18:2-2-18:3-digalactosyldiacylglycerol	938.5966720921					C51H86O15			plantcyc <https://plantcyc.org/>	18:2-18:3-DGDG // 1-(9Z,12Z-octadecenoyl)-2-(9Z,12Z,15Z-octadecatrienoyl)-3-O-[alpha-D-galactosyl-(1->6)-O-beta-D-galactosyl]-sn-glycerol	938.5966720921	CCCCC\C=C/C\C=C/CCCCCCCC(OC[C@H](CO[C@@H]2(O[C@H](CO[C@@H]1(O[C@H](CO)[C@H](O)[C@H](O)[C@@H](O)1))[C@H](O)[C@H](O)[C@@H](O)2))OC(=O)CCCCCCC\C=C/C\C=C/C\C=C/CC)=O		GKSHYDZIFVNLSS-IPDWFASDSA-N									PlantCyc/PMN local PGDB
DIHYDRONEOPTERIN-P	DIHYDRONEOPTERIN-P	7,8-dihydroneopterin 3'-phosphate	335.0630843401					C9H12N5O7P			plantcyc <https://plantcyc.org/>	dihydroneopterin 3'-monophosphate // dihydroneopterin-P // 2-amino-4-hydroxy-6-(erythro-1,2,3-trihydroxypropyl)dihydropteridine phosphate // dihydroneopterin 3'-phosphate // 7,8-dihydro-D-neopterin 3'-phosphate	335.0630843401	C1(NC2(/N=C(N)\NC(=O)C(/N=C1/[C@H](O)[C@H](O)COP(=O)([O-])[O-])=2))		PLSQMGZYOGSOCE-XINAWCOVSA-L									PlantCyc/PMN local PGDB
TTP	TTP	dTTP	481.9892627955					C10H13N2O14P3			plantcyc <https://plantcyc.org/>	thymidine triphosphate // thymidine 5'-triphosphate // TTP	481.9892627955	CC1(\C(=O)NC(=O)N(\C=1)[C@H]2(C[C@H](O)[C@@H](COP(=O)([O-])OP(=O)([O-])OP(=O)([O-])[O-])O2))		NHVNXKFIZYSCEB-XLPZGREQSA-J									PlantCyc/PMN local PGDB
CPD-22325	CPD-22325	HDM 2 BOA-glucoside	417.1271105866					C17H23NO11			plantcyc <https://plantcyc.org/>	2-(2-hydroxy-4,7,8-trimethoxy-1,4-benzoxazin-3-one)-b-D-glucopyranose	417.1271105866	COC3(\C(\OC)=C1(C(/N(OC)C(=O)C(O1)O[C@@H]2(O[C@H](CO)[C@@H](O)[C@H](O)[C@@H](O)2))=C\C=3))		AJLYPYKZKJKHKI-FPUYRSMXSA-N									PlantCyc/PMN local PGDB
CPD-8164	CPD-8164	1-16:0-2-18:3-digalactosyldiacylglycerol	914.5966720921					C49H86O15			plantcyc <https://plantcyc.org/>	16:0-18:3-DGDG // 1-hexadecanoyl-2-(9Z,12Z,15Z-octadecatrienoyl)-3-O-[alpha-D-galactosyl-(1->6)-O-beta-D-galactosyl]-sn-glycerol	914.5966720921	CC\C=C/C\C=C/C\C=C/CCCCCCCC(O[C@@H](CO[C@@H]2(O[C@H](CO[C@@H]1(O[C@H](CO)[C@H](O)[C@H](O)[C@@H](O)1))[C@H](O)[C@H](O)[C@@H](O)2))COC(=O)CCCCCCCCCCCCCCC)=O		WVWINZZVFAFVMJ-HZDSJJKASA-N									PlantCyc/PMN local PGDB
PROTOHEME	PROTOHEME	protoheme	618.1929477006					C34H30N4O4FE			plantcyc <https://plantcyc.org/>	protoheme IX // ferroprotoporphyrin IX // ferroheme b	618.1929477006	C=CC4(\C(/C)=C5(\C=C6(C(/C)=C(CCC(=O)[O-])/C7(\C=C8(C(/CCC(=O)[O-])=C(C)/C1(/N([Fe-2]3(N(C(/C=C2(C(/C)=C(C=C)/C(\C=1)=[N+]2/3))=4)5)([N+]/6=7))8))))))		KABFMIBPWCXCRK-RGGAHWMASA-J									PlantCyc/PMN local PGDB
CPD-1241	CPD-1241	alpha-D-galactose 6-phosphate	260.0297185262					C6H11O9P			plantcyc <https://plantcyc.org/>	6-phospho-alpha-D-galactose	260.0297185262	C(OP([O-])([O-])=O)[C@H]1(O[C@@H]([C@@H]([C@H]([C@H]1O)O)O)O)		NBSCHQHZLSJFNQ-PHYPRBDBSA-L									PlantCyc/PMN local PGDB
CPD-24361	CPD-24361	methylarsonic acid	139.9454654268					CH5O3AS			plantcyc <https://plantcyc.org/>	MMA V // MeAsO(OH) 2 // methanearsonic acid // monomethylarsonic acid	139.9454654268	C[As](=O)(O)O		QYPPRTNMGCREIM-UHFFFAOYSA-N									PlantCyc/PMN local PGDB
CPD-8090	CPD-8090	1-alpha-linolenoyl-2-linoleoyl-phosphatidylcholine	781.56215506					C44H78NO8P			plantcyc <https://plantcyc.org/>	phosphatidylcholine (1-18:3-2-18:2) // 18:3-18:2-PC // 1-18:3-2-18:2-phosphatidylcholine	781.56215506	CC\C=C/C\C=C/C\C=C/CCCCCCCC(OC[C@@H](OC(=O)CCCCCCC\C=C/C\C=C/CCCCC)COP([O-])(=O)OCC[N+](C)(C)C)=O		QFDYIDGUKXRPKH-VSLGLSMXSA-N									PlantCyc/PMN local PGDB
BAS-978	BAS-978	1-(4-trifluormethyl)-2-(1,2,4-triazolyl-(1) )-3-(5-methyl-l,3-dioxan-5-yl)- propen-3-ol	369.1300260597					C17H18N3O3F3			plantcyc <https://plantcyc.org/>	BAS 978 // LAB 150978	369.1300260597	CC1(COCOC1)C(O)C(/N2(\N=C/N=C\2))=C\C3(\C=C/C(/C(F)(F)F)=C\C=3)		SBLFAGXVSMRMRX-MKMNVTDBSA-N									PlantCyc/PMN local PGDB
IODOACETAMIDE	IODOACETAMIDE	iodoacetamide	184.9337567557					C2H4NOI			plantcyc <https://plantcyc.org/>	iodoacetoamide // 2-iodoacetamide // acetamide, 2-iodo- // monoiodoacetamide // surauto // N-(3-methoxy-4-butoxybenzyl)thiobarbituric acid	184.9337567557	C(I)C(N)=O		PGLTVOMIXTUURA-UHFFFAOYSA-N									PlantCyc/PMN local PGDB
2-ALPHA-HYDROXYETHYL-THPP	2-ALPHA-HYDROXYETHYL-THPP	2-(alpha-hydroxyethyl)thiamine diphosphate	470.079007478					C14H20N4O8P2S			plantcyc <https://plantcyc.org/>	2-(alpha-hydroxyethyl)-TPP // 2-(alpha-hydroxyethyl)-ThPP	470.079007478	CC2(\[N+](/CC1(\C=N/C(\C)=N\C(/N)=1))=C(C(O)C)/SC(/CCOP([O-])(=O)OP([O-])(=O)[O-])=2)		RRUVJGASJONMDY-UHFFFAOYSA-L									PlantCyc/PMN local PGDB
CPD1F-137	CPD1F-137	gibberellin A 4	332.1623738809					C19H23O5			plantcyc <https://plantcyc.org/>	GA4	332.1623738809	C=C1([C@H]3(C[C@]4(C1)([C@H]([C@@H]5([C@]2(C(=O)O[C@](CC[C@H](O)2)([C@@H](CC3)4)5)(C)))C([O-])=O)))		RSQSQJNRHICNNH-UKJRIFTCSA-M									PlantCyc/PMN local PGDB
CPD-414	CPD-414	N -acetyl-4- O -acetylneuraminate	351.1165459003					C13H20NO10			plantcyc <https://plantcyc.org/>		351.1165459003	CC(=O)N[C@@H]1([C@H](CC(O)(C([O-])=O)O[C@H]1[C@H](O)[C@H](O)CO)OC(=O)C)		LVBIMVQYUKOENY-OABCVWDLSA-M									PlantCyc/PMN local PGDB
ISOVITEXIN	ISOVITEXIN	isovitexin	432.105646863					C21H19O10			plantcyc <https://plantcyc.org/>	6- C -glucosyl-4',5,7-trihydroxyflavone // 6- C -glucosyl-apigenin // apigenin-6-C-glucoside // saponaretin // 6C-hexosyl apigenin // 6-(beta-D-glucopyranosyl)-2-hydroxynaringenin	432.105646863	C4(/C=C(\C=C/C(/C1(/OC3(\C(\C(=O)\C=1)=C(C(\[C@@H]2(O[C@H](CO)[C@@H](O)[C@H](O)[C@@H](O)2))=C(/C=3)/[O-])\O)))=4)/O)		MYXNWGACZJSMBT-VJXVFPJBSA-M									PlantCyc/PMN local PGDB
CPD-17445	CPD-17445	dimethyl thiosulfinate	109.9860061947					C2H6OS2			plantcyc <https://plantcyc.org/>		109.9860061947	CSS(=O)C		RRGUMJYEQDVBFP-UHFFFAOYSA-N									PlantCyc/PMN local PGDB
CPD-21439	CPD-21439	30-oxoobtusifoliol	440.365430785					C30H48O2			plantcyc <https://plantcyc.org/>		440.365430785	CC(C)C(CC[C@@H](C)[C@H]2(CC[C@@]3(C=O)(C4(\CC[C@H]1([C@H](C)[C@@H](O)CC[C@@](C)1C(\CC[C@](C)23)=4)))))=C		JWTDVNSFHBUKTK-OKTBDYBISA-N									PlantCyc/PMN local PGDB
CPD-4183	CPD-4183	4alpha-methyl-cholesta-8,14-dienol	398.3548660987					C28H46O			plantcyc <https://plantcyc.org/>	4alpha-methylcholesta-8,14-dien-3beta-ol	398.3548660987	CC(CCC[C@@H](C)[C@@H]3([C@]2(CCC4(/[C@]1(CC[C@@H]([C@H]([C@@H]1CCC(/C2=CC3)=4)C)O)C))(C)))C		OUCINTVMAVITJZ-HESBYNJASA-N									PlantCyc/PMN local PGDB
DADP	DADP	dADP	411.0345001264					C10H12N5O9P2			plantcyc <https://plantcyc.org/>	2'-deoxyadenosine-5'-diphosphate // deoxyadenosine-diphosphate // 2'-Deoxyadenosine 5'-diphosphate	411.0345001264	C(OP(=O)([O-])OP(=O)([O-])[O-])[C@H]3(O[C@@H](N1(C2(\C(\N=C/1)=C(N)/N=C\N=2)))C[C@H](O)3)		DAEAPNUQQAICNR-RRKCRQDMSA-K									PlantCyc/PMN local PGDB
N-ACETYL-GLUTAMYL-P	N-ACETYL-GLUTAMYL-P	N -acetylglutamyl-phosphate	269.0300528772					C7H9NO8P			plantcyc <https://plantcyc.org/>	N-Acetyl-L-glutamyl 5-phosphate // N -acetyl-L-glutamate-5-phosphate // N -acetyl-glutamyl-P // N -acetylglutamyl-P // N -acetyl-5-glutamyl phosphate	269.0300528772	CC(=O)N[C@H](C([O-])=O)CCC(=O)OP([O-])(=O)[O-]		FCVIHFVSXHOPSW-YFKPBYRVSA-K									PlantCyc/PMN local PGDB
CPD-11517	CPD-11517	3-oxo-2-(cis-2'-pentenyl)-cyclopentane-1-octanoyl-CoA	1043.3241385086					C39H60N7O18P3S			plantcyc <https://plantcyc.org/>	oxopentenyl-cyclopentane-octanoyl-CoA // 8-[(1R,2R)-3-oxo-2-{(Z)-pent-2-enyl}cyclopentyl]octanoyl-CoA // OPC-8:0-CoA // OPC8-CoA	1043.3241385086	CC\C=C/C[C@H]1([C@H](CCC(=O)1)CCCCCCCC(SCCNC(=O)CCNC(=O)[C@H](O)C(C)(C)COP(=O)(OP(=O)(OC[C@@H]2([C@@H](OP([O-])(=O)[O-])[C@@H](O)[C@@H](O2)N3(C4(\N=C/N=C(C(\N=C/3)=4)/N))))[O-])[O-])=O)		JZIQDJLBFKTBAK-LLHOYASASA-J									PlantCyc/PMN local PGDB
CPD-7214	CPD-7214	(2S)-dihydrotricetin	304.0583027399					C15H11O7			plantcyc <https://plantcyc.org/>	(2 S )-3',4',5'-pentahydroxyflavanone // (2 S )-5,7,3',4',5'-pentahydroxyflavanone	304.0583027399	C3(/C(/[C@H]1(OC2(/C=C(/C=C(C(\C(C1)=O)=2)/O)/[O-])))=C\C(\O)=C(C(/O)=3)\O)		USQXPEWRYWRRJD-LBPRGKRZSA-M									PlantCyc/PMN local PGDB
CPD-7227	CPD-7227	2'-deoxymugineate	304.1270510071					C12H19N2O7			plantcyc <https://plantcyc.org/>	1-azetidinebutanoic acid // 2'-deoxymugineic acid	304.1270510071	C([C@H](CC[NH+]1([C@@H](CC1)C([O-])=O))[NH2+]CCC(C([O-])=O)O)([O-])=O		CUZKLRTTYZOCSD-JVIMKECRSA-M									PlantCyc/PMN local PGDB
CPD-19811	CPD-19811	(+)-7- epi -12-oxojasmonoyl-L-isoleucine	337.1889229824					C18H26NO5			plantcyc <https://plantcyc.org/>	(3R, 7S)-12CHO-JA-Ile // (3R, 7S)-12-oxojasmonoyl-isoleucine // (3R, 7S)-12-oxojasmonoyl-L-isoleucine // (+)-7- iso -12-oxojasmonoyl-L-isoleucine	337.1889229824	CC[C@H](C)[C@H](NC(=O)C[C@H]1(CCC(=O)[C@@H](C\C=C/CC=O)1))C([O-])=O		BLZRWMJJRGXFHK-RAJZRIHCSA-M									PlantCyc/PMN local PGDB
CPD-18757	CPD-18757	(-)-4'-demethyl-epipodophyllotoxin	400.1158176188					C21H20O8			plantcyc <https://plantcyc.org/>	etoposide aglycone // (10R,11R,15R,16S)-16-hydroxy-10-(4-hydroxy-3,5-dimethoxyphenyl)-4,6,13-trioxatetracyclo[7.7.0.0 3,7 .0 11,15 ]hexadeca-1,3(7),8-trien-12-one	400.1158176188	COC1(/C=C(/C=C(C(\O)=1)/OC)[C@H]2([C@H]5(C(=O)OC[C@H]([C@H](O)C3(\C\2=C/C4(/OCOC(/C=3)=4)))5)))		YVCVYCSAAZQOJI-JHQYFNNDSA-N									PlantCyc/PMN local PGDB
CPD-21554	CPD-21554	strychnine	334.1681279608					C21H23N2O2			plantcyc <https://plantcyc.org/>		334.1681279608	C7(\C=C6([C@@]15(CC[NH+]2(CC3(\[C@H](C[C@@H]12)[C@H]4([C@@H](OC/C=3)CC(=O)N([C@@H]45)C/6=C/C=7))))))		QMGVPVSNSZLJIA-FVWCLLPLSA-O									PlantCyc/PMN local PGDB
CPD-22658	CPD-22658	arsenic triglutathione	993.1495392554					C30H45N9O18S3AS			plantcyc <https://plantcyc.org/>	ATG III // As(SG) 3	993.1495392554	C(NC([C@@H](NC(=O)CC[C@H]([NH3+])C([O-])=O)CS[As](SC[C@H](NC(=O)CC[C@H]([NH3+])C(=O)[O-])C(NCC([O-])=O)=O)SC[C@H](NC(=O)CC[C@H]([NH3+])C(=O)[O-])C(NCC([O-])=O)=O)=O)C([O-])=O		UXNWJLSRLNSHSI-QQCJEOGWSA-K									PlantCyc/PMN local PGDB
CPD-14716	CPD-14716	( R )-2-hydroxyhexadecanoate	272.2351448935					C16H31O3			plantcyc <https://plantcyc.org/>	( R )-2-hydroxyhexadecanoic acid // ( R )-2-hydroxypalmitate // ( R )-2-hydroxypalmitic acid	272.2351448935	CCCCCCCCCCCCCC[C@@H](O)C([O-])=O		JGHSBPIZNUXPLA-OAHLLOKOSA-M									PlantCyc/PMN local PGDB
PHENYL-PYRUVATE	PHENYL-PYRUVATE	3-phenyl-2-oxopropanoate	164.0473441231					C9H7O3			plantcyc <https://plantcyc.org/>	alpha-ketohydrocinnamic acid // keto -phenylpyruvate // phenylpyruvate // 3-phenylpyruvate // 3-phenylpyruvic acid // 2-oxo-3-phenylpropanoate	164.0473441231	C([O-])(=O)C(=O)CC1(\C=C/C=C\C=1)		BTNMPGBKDVTSJY-UHFFFAOYSA-M									PlantCyc/PMN local PGDB
CPD-575	CPD-575	cyclohexane-1-carboxylate	128.0837296294					C7H11O2			plantcyc <https://plantcyc.org/>		128.0837296294	C(=O)([O-])C1(CCCCC1)		NZNMSOFKMUBTKW-UHFFFAOYSA-M									PlantCyc/PMN local PGDB
2-KETO-6-AMINO-CAPROATE	2-KETO-6-AMINO-CAPROATE	6-amino-2-oxohexanoate	145.0738932246					C6H11NO3			plantcyc <https://plantcyc.org/>	2-keto-6-aminocaproate // 2-oxo-6-aminocaproate // alpha-keto-epsilon-aminocaproate // alpha-keto-epsilon-aminohexanoate // alpha-ketolysine	145.0738932246	C(CC(=O)C(=O)[O-])CC[NH3+]		GWENQMVPLJAMAE-UHFFFAOYSA-N									PlantCyc/PMN local PGDB
CPD-27141	CPD-27141	11-demethylbrucine	380.1736072692					C22H25N2O4			plantcyc <https://plantcyc.org/>		380.1736072692	COC7(/C=C6([C@@]15(CC[NH+]2(CC3(\[C@H](C[C@@H]12)[C@H]4([C@@H](OC/C=3)CC(=O)N([C@@H]45)C/6=C/C(/O)=7))))))		ZOJKSTMZJYKGGH-QOQMYPBTSA-O									PlantCyc/PMN local PGDB
CPD-13907	CPD-13907	dehydroascorbate (bicyclic form)	192.0270026115					C6H8O7			plantcyc <https://plantcyc.org/>	dehydroascorbate monohydrate	192.0270026115	C2(=O)(O[C@H]1([C@](O)(OC[C@H](O)1)C(O)(O)2))		QPPOKIPSRPKDEM-VPGXFDHMSA-N									PlantCyc/PMN local PGDB
CPDQT-39	CPDQT-39	3-[(6'-methylsulfanyl)hexyl]malate	264.1031444425					C11H18O5S			plantcyc <https://plantcyc.org/>	3-[(6'-methylthio)hexyl]malic acid // 3-[(6'-methylthio)hexyl]malate	264.1031444425	CSCCCCCCC(C(O)C(=O)[O-])C(=O)[O-]		LQQZHLHCFSCJCU-UHFFFAOYSA-L									PlantCyc/PMN local PGDB
CPD-19720	CPD-19720	alpha-hydroxyheme	634.1878623227					C34H30N4O5FE			plantcyc <https://plantcyc.org/>		634.1878623227	C=CC1(\C3(/C=C8(C(/C)=C(CCC(=O)[O-])/C4(/N([Fe-2]26(N7(C(/C(/O)=C(C(/C)=1)\[N+]/2=3)=C(C=C)/C(\C)=C(\C=C5(C(/C)=C(CCC(=O)[O-])/C(\C=4)=[N+]5/6))\7)))8))))		QIKCVSLEZBFGCU-CEPNNTPPSA-J									PlantCyc/PMN local PGDB
CPD-4612	CPD-4612	trans -zeatin-7- N -glucoside	381.1648334969					C16H23N5O6			plantcyc <https://plantcyc.org/>		381.1648334969	CC(\CO)=C\CNC1(\C2(N(\C=N/C(\N=C/N=1)=2)[C@@H]3([C@@H]([C@H]([C@@H]([C@H](O3)CO)O)O)O)))		HTDHRCLVWUEXIS-SBQJELAYSA-N									PlantCyc/PMN local PGDB
CANAVANINE	CANAVANINE	L-canavanine	176.0909402723					C5H13N4O3			plantcyc <https://plantcyc.org/>	canavanine // 2-amino-4-(guanidinooxy)butyrate // 2-amino-4-(guanidinooxy)butyric acid // delta-oxa-arginine	176.0909402723	C(C[C@H]([NH3+])C(=O)[O-])ONC(N)=[NH2+]		FSBIGDSBMBYOPN-VKHMYHEASA-O									PlantCyc/PMN local PGDB
N-METHYLANTHRANILOYL-COA	N-METHYLANTHRANILOYL-COA	N -methylanthraniloyl-CoA	900.1679722176					C29H39N8O17P3S			plantcyc <https://plantcyc.org/>		900.1679722176	CC(C)([C@@H](O)C(=O)NCCC(=O)NCCSC(=O)C1(/C=C\C=C/C(/NC)=1))COP(=O)(OP(=O)(OC[C@@H]2([C@@H](OP([O-])(=O)[O-])[C@@H](O)[C@@H](O2)N3(C4(\N=C/N=C(C(\N=C/3)=4)/N))))[O-])[O-]		DYCZFHXLKCLDQL-SXQYHYLKSA-J									PlantCyc/PMN local PGDB
CPD-15302	CPD-15302	platensimycin	441.1787522266					C24H26NO7			plantcyc <https://plantcyc.org/>	PMN // (-)-platensimycin	441.1787522266	C[C@]3(C(=O)\C=C/[C@@]24(C[C@@H]1([C@@](C)(O[C@@H](C1)[C@H]23)C4)))(CCC(=O)NC5(/C(/O)=C\C=C(C(\O)=5)\C([O-])=O))		CSOMAHTTWTVBFL-OFBLZTNGSA-M									PlantCyc/PMN local PGDB
L-ORNITHINE	L-ORNITHINE	L-ornithine	132.0898776398					C5H13N2O2			plantcyc <https://plantcyc.org/>	(S)-2,5-diaminopentanoate // (S)-2,5-diaminopentanoic acid // (S)-2,5-diaminovaleric acid // (S)-alpha,delta-diaminovaleric acid // (S)-ornithine	132.0898776398	C([NH3+])CC[C@H]([NH3+])C(=O)[O-]		AHLPHDHHMVZTML-BYPYZUCNSA-O									PlantCyc/PMN local PGDB
CPD-16604	CPD-16604	cyanidin 3- O -glucoside-7- O -(6- O -(4- O -(6- O -(p-hydroxybenzoyl)-glucosyl)-oxybenzoyl)-glucoside)	1013.2562921254					C47H48O25			plantcyc <https://plantcyc.org/>		1013.2562921254	C(O)[C@@H]1([C@@H](O)[C@H](O)[C@@H](O)[C@@H](O1)OC3(\C(C2(\C=C(C(/O)=C\C=2)\O))=[O+]C4(\C(/C=3)=C(/C=C(/C=4)/O[C@@H]8(O[C@H](COC(=O)C7(\C=C/C(/O[C@@H]6(O[C@H](COC(=O)C5(\C=C/C(/O)=C\C=5))[C@@H](O)[C@H](O)[C@@H](O)6))=C\C=7))[C@@H](O)[C@H](O)[C@@H](O)8))\[O-])))		CLTBEBVDVYGILF-BDNNUWMGSA-N									PlantCyc/PMN local PGDB
CPD-11281	CPD-11281	S -sulfanylglutathione	339.0558766739					C10H16N3O6S2			plantcyc <https://plantcyc.org/>	glutathione-sulfide // glutathione persulfide	339.0558766739	C(SS)[C@@H](C(NCC([O-])=O)=O)NC(=O)CC[C@H]([NH3+])C([O-])=O		QBOLVLBSUGJHGB-WDSKDSINSA-M									PlantCyc/PMN local PGDB
2-3-DIHYDROXYBENZOATE	2-3-DIHYDROXYBENZOATE	2,3-dihydroxybenzoate	154.026608681					C7H5O4			plantcyc <https://plantcyc.org/>	2,3-dihydroxybenzoic acid // 3-hydroxysalicylate // catechol-3-carboxylate // 2-pyrocatechuate	154.026608681	C(C1(\C(\O)=C(\C=C/C=1)\O))([O-])=O		GLDQAMYCGOIJDV-UHFFFAOYSA-M									PlantCyc/PMN local PGDB
CPD-8745	CPD-8745	germacrene C	204.1878007704					C15H24			plantcyc <https://plantcyc.org/>		204.1878007704	CC(C1(\CCC(/C)=C/CCC(\C)=C/C=1))C		WYGLLWYGQRUNLF-VUSWODRPSA-N									PlantCyc/PMN local PGDB
CPD-85	CPD-85	1,2-dihydroxy-5-(methylsulfanyl)pent-1-en-3-one	162.0350648773					C6H9O3S			plantcyc <https://plantcyc.org/>	1,2-dihydroxy-3-keto-5-methylthiopentene anion // 1,2-dihydroxy-3-keto-5-methylthiopentane // 1,2-dihydroxy-3-keto-5-methylthiopentene // acireductone // 1,2-dihydroxy-5-(methylthio)pent-1-en-3-one	162.0350648773	CSCCC(C(\[O-])=C\O)=O		CILXJJLQPTUUSS-XQRVVYSFSA-M									PlantCyc/PMN local PGDB
CPD-15217	CPD-15217	gibberellin A 5	330.1467238167					C19H21O5			plantcyc <https://plantcyc.org/>	gibberellin 5 // gibberellic acid 5 // gibb-2-ene-1,10-dicarboxylic acid, 4a,7-dihydroxy-1-methyl-8-methylene-, 1,4a-lactone, (1alpha,4a?alpha,4bbeta,10beta)- // 2,3-dehydro GA20	330.1467238167	C=C1([C@@]3(O)(C[C@]4(C1)([C@H]([C@@H]5([C@]2(C(=O)O[C@](C\C=C/2)([C@@H](CC3)4)5)(C)))C([O-])=O)))		ZOWHLBOPCIHIHW-AODVQFRNSA-M									PlantCyc/PMN local PGDB
CPD-9923	CPD-9923	(1 R ,6 R )-6-hydroxy-2-succinylcyclohexa-2,4-diene-1-carboxylate	240.0633881178					C11H10O6			plantcyc <https://plantcyc.org/>	(1R,6R)-6-hydroxy-2-succinyl-cyclohexa-2,4-diene-1-carboxylate	240.0633881178	C1(\C=C([C@H]([C@H](O)\C=1)C(=O)[O-])\C(=O)CCC(=O)[O-])		QJYRAJSESKVEAE-PSASIEDQSA-L									PlantCyc/PMN local PGDB
OROTATE	OROTATE	orotate	156.0171066272					C5H3N2O4			plantcyc <https://plantcyc.org/>	orotic acid	156.0171066272	C1(\C(=O)NC(NC(/C([O-])=O)=1)=O)		PXQPEWDEAKTCGB-UHFFFAOYSA-M									PlantCyc/PMN local PGDB
3-HYDROXY-4H-PYRID-4-ONE	3-HYDROXY-4H-PYRID-4-ONE	3-hydroxy-4 H -pyrid-4-one	111.0320284099					C5H5NO2			plantcyc <https://plantcyc.org/>	3-Hydroxy-4(1H)-pyridinone // 3-hydroxypyridine-4-one	111.0320284099	C1(/N\C=C/C(=O)C(/O)=1)		ZCUUVWCJGRQCMZ-UHFFFAOYSA-N									PlantCyc/PMN local PGDB
CPD-1086	CPD-1086	5-amino-6-(5-phospho-D-ribitylamino)uracil	356.0733146754					C9H15N4O9P			plantcyc <https://plantcyc.org/>	5-amino-6-(5'-phosphoribitylamino)uracil // 5-amino-6-(5-phosphoribitylamino)uracil // 5-amino-6-ribitylamino-2,4(1H,3H)-pyrimidinedione 5'-phosphate	356.0733146754	C(NC1(NC(NC(=O)C(N)=1)=O))[C@H](O)[C@H](O)[C@H](O)COP([O-])(=O)[O-]		RQRINYISXYAZKL-RPDRRWSUSA-L									PlantCyc/PMN local PGDB
12-OXO-TRANS-10-DODECENOATE	12-OXO-TRANS-10-DODECENOATE	traumatin	212.1412445083					C12H19O3			plantcyc <https://plantcyc.org/>	(10 E )-12-oxo-dodecenoate // 12-oxo- trans -10-dodecenoate // &Delta;10-ODA // 12-oxo-(10 E )-dodecenoic acid // (10 E )-12-oxo-dodec-10-enoate // (10 E )-traumatin	212.1412445083	C(/C=C/CCCCCCCCC(=O)[O-])=O		INMKWUNQKOWGEZ-VQHVLOKHSA-M									PlantCyc/PMN local PGDB
CPD-1863	CPD-1863	glucobrassicin	448.0610216313					C16H19N2O9S2			plantcyc <https://plantcyc.org/>	indolylmethyl glucosinolate // 3-indolymethyl glucosinolate // 3-indolymethyl-glucosinolate // indolylmethyl-glucosinolate // 3-IMG	448.0610216313	C2(\NC3(/C=C\C=C/C(/C(\CC(\S[C@@H]1(O[C@H](CO)[C@@H](O)[C@H](O)[C@@H](O)1))=N\OS(=O)(=O)[O-])=2)=3))		DNDNWOWHUWNBCK-PIAXYHQTSA-M									PlantCyc/PMN local PGDB
CPDQT-33	CPDQT-33	2-[(5'-methylsulfanyl)pentyl]malate	250.0874943783					C10H16O5S			plantcyc <https://plantcyc.org/>	2-[(5'-methylthio)pentyl]malic acid // 2-[(5'-methylthio)pentyl]malate	250.0874943783	CSCCCCCC(O)(CC([O-])=O)C(=O)[O-]		OKIIWFXZWJTTLY-UHFFFAOYSA-L									PlantCyc/PMN local PGDB
23-EPOXY-23-DIHYDRO-2-METHYL-14-NAPHTHOQ	23-EPOXY-23-DIHYDRO-2-METHYL-14-NAPHTHOQ	vitamin K 2,3-epoxide	466.3446953429					C31H46O3			plantcyc <https://plantcyc.org/>	2,3-epoxyphylloquinone // 2,3-epoxy-2,3-dihydro-2-methyl-3-phytyl-1,4-naphthoquinone	466.3446953429	CC(C)CCC[C@@H](C)CCC[C@@H](C)CCCC(\C)=C/CC13(OC(C)(C(=O)C2(/C=C\C=C/C(/C(=O)1)=2))3)		KUTXFBIHPWIDJQ-HBDFACPTSA-N									PlantCyc/PMN local PGDB
CPD-8610	CPD-8610	4,4-dimethyl-5alpha-cholesta-8-en-3beta-ol	414.3861662271					C29H50O			plantcyc <https://plantcyc.org/>	4,4-dimethylcholesta-8-en-3-ol	414.3861662271	CC(C)CCC[C@H]([C@@H]4([C@]1(C)([C@H](C2(\CC[C@@H]3([C@@](C)(C(\CC1)=2)CC[C@H](O)C(C)(C)3)))CC4)))C		FYHRVINOXYETMN-QGBOJXOESA-N									PlantCyc/PMN local PGDB
CPD-13245	CPD-13245	8-anilinonaphthalenesulfonate	299.0616139788					C16H12NO3S			plantcyc <https://plantcyc.org/>	8-anilino-1-naphthalenesulfonic acid // 8-anilino-1-naphthalenesulfonate // 8-anilinonaphthalene-1-sulfonate // ANS	299.0616139788	C3(\C=C/C(/NC1(\C2(C(/S(=O)([O-])=O)=C\C=C/C(\C=C/C=1)=2)))=C\C=3)		FWEOQOXTVHGIFQ-UHFFFAOYSA-M									PlantCyc/PMN local PGDB
MANNOSE-1P	MANNOSE-1P	alpha-D-mannose 1-phosphate	260.0297185262					C6H11O9P			plantcyc <https://plantcyc.org/>	mannose-1-phosphate // D-mannose-1-phosphate // mannose-1-P // alpha-D-mannopyranose 1-phosphate	260.0297185262	C(O)[C@H]1(O[C@H](OP(=O)([O-])[O-])[C@@H](O)[C@@H](O)[C@H](O)1)		HXXFSFRBOHSIMQ-RWOPYEJCSA-L									PlantCyc/PMN local PGDB
CPD-24334	CPD-24334	methylarsonite	123.9505508047					CH3O2AS			plantcyc <https://plantcyc.org/>	MMA III // monomethylarsonite	123.9505508047	C[As]([O-])[O-]		OMPSDEOAXJHSLH-UHFFFAOYSA-N									PlantCyc/PMN local PGDB
CPD-8607	CPD-8607	4,4-dimethyl-14alpha-hydroxymethyl-5alpha-cholesta-8-en-3beta-ol	444.3967309134					C30H52O2			plantcyc <https://plantcyc.org/>		444.3967309134	CC(C)CCC[C@H]([C@@H]4([C@]1(C)([C@](CO)(C2(\CC[C@@H]3([C@@](C)(C(\CC1)=2)CC[C@H](O)C(C)(C)3)))CC4)))C		SJPDNXKPBQHPMZ-PUXRVUTHSA-N									PlantCyc/PMN local PGDB
PROTOPORPHYRINOGEN	PROTOPORPHYRINOGEN	protoporphyrinogen IX	568.3049557932					C34H38N4O4			plantcyc <https://plantcyc.org/>	protoporphyrinogen	568.3049557932	C=CC2(\C(/C)=C1(CC5(\NC(/CC4(\NC(/CC3(\NC(/CC(\N1)=2)=C(C)/C(\C=C)=3))=C(C)/C(\CCC([O-])=O)=4))=C(CCC(=O)[O-])/C(\C)=5)))		UHSGPDMIQQYNAX-UHFFFAOYSA-L									PlantCyc/PMN local PGDB
CPD-14838	CPD-14838	(+)-sesaminol 2- O -beta- D -glucoside	532.158076364					C26H28O12			plantcyc <https://plantcyc.org/>		532.158076364	C1(OC2(\C(\O1)=C/C=C(/C=2)/[C@H]3(OC[C@H]4([C@H](OC[C@H]34)C6(\C(\O[C@H]5([C@@H]([C@H]([C@H](O)[C@H](O5)CO)O)O))=C/C7(/OCOC(/C=6)=7))))))		HVDZWQPYIXKSCL-LFZZSFSNSA-N									PlantCyc/PMN local PGDB
CPD0-2552	CPD0-2552	m 7 GTP	539.0219599074					C11H15N5O14P3			plantcyc <https://plantcyc.org/>	7-methyl-GTP	539.0219599074	C[N+]1(\C3(C(=O)NC(/N)=N/C(N(\C=1)[C@@H]2(O[C@H](COP(=O)([O-])OP(=O)([O-])OP(=O)([O-])[O-])[C@@H](O)[C@@H](O)2))=3))		DKVRNHPCAOHRSI-KQYNXXCUSA-K									PlantCyc/PMN local PGDB
CPD-22324	CPD-22324	DIM 2 BOA-beta-D-glucoside	403.1114605224					C16H21NO11			plantcyc <https://plantcyc.org/>	DIM 2 BOA-Glc // 2-(2,4-dihydroxy-7,8-dimethoxy-1,4-benzoxazin-3-one)-b-D-glucopyranose	403.1114605224	COC3(\C(\OC)=C1(C(/N(O)C(=O)C(O1)O[C@@H]2(O[C@H](CO)[C@@H](O)[C@H](O)[C@@H](O)2))=C\C=3))		CFUFRWCJGZYVHK-FJDPONSTSA-N									PlantCyc/PMN local PGDB
CPD-26891	CPD-26891	4beta,20-epoxy-5alpha-hydroxy-tax-11(12)-ene	304.2402302714					C20H32O2			plantcyc <https://plantcyc.org/>		304.2402302714	CC2(\CC[C@H]1(C[C@H]4([C@](C)(CCC(\C(C)(C)1)=2)CC[C@H](O)[C@@]3(OC3)4)))		RTKXAGDIAPQBQG-LPXKSRHMSA-N									PlantCyc/PMN local PGDB
5Z13E-15S-1115-DIHYDROXY-9-OXOPROS	5Z13E-15S-1115-DIHYDROXY-9-OXOPROS	prostaglandin E 2	352.2249741377					C20H31O5			plantcyc <https://plantcyc.org/>	prostglandin E 2 // (5 Z ,13 E )-(15 S )-11,15-dihydroxy-9-oxoprosta-5,13-dienoate // PGE2 // prostglandin E2 // (5Z,13E)-(15S)-11alpha,15-dihydroxy-9-oxoprosta-5,13-dienoate // (5Z,13E)-(15S)-11alpha15-Dihydroxy-9-oxoprost-13-enoate // dinoprostone	352.2249741377	CCCCC[C@H](O)/C=C/[C@@H]1([C@@H](C\C=C/CCCC(=O)[O-])C(=O)C[C@@H](O)1)		XEYBRNLFEZDVAW-ARSRFYASSA-M									PlantCyc/PMN local PGDB
CPDQT-38	CPDQT-38	3-[(5'-methylsulfanyl)pentyl]malate	250.0874943783					C10H16O5S			plantcyc <https://plantcyc.org/>	3-[(5'-methylthio)pentyl]malic acid // 3-[(5'-methylthio)pentyl]malate	250.0874943783	CSCCCCCC(C(O)C(=O)[O-])C(=O)[O-]		YBISUHXEJDGADQ-UHFFFAOYSA-L									PlantCyc/PMN local PGDB
CPD-13053	CPD-13053	queuosine	409.159748119					C17H24N5O7			plantcyc <https://plantcyc.org/>	nucleoside Q // Q (nucleoside)	409.159748119	C(O)[C@H]4(O[C@@H](N1(/C=C(C2(C(=O)NC(/N)=N/C1=2))/C[NH2+]C3([C@@H](O)[C@@H](O)\C=C/3)))[C@H](O)[C@H](O)4)		QQXQGKSPIMGUIZ-NLMVHHJCSA-O									PlantCyc/PMN local PGDB
INDOLE-3-ACETYL-BETA-4-D-GLUCOSE	INDOLE-3-ACETYL-BETA-4-D-GLUCOSE	4- O -(indol-3-ylacetyl)-beta-D-glucose	337.1161519698					C16H19NO7			plantcyc <https://plantcyc.org/>	indole-3-acetyl-beta-4-D-glucose	337.1161519698	C([C@@H]3([C@@H](OC(=O)CC1(\C2(/C=C\C=C/C(/N\C=1)=2)))[C@H](O)[C@@H](O)[C@H](O)O3))O		XSNPKRVRWPBMKE-JPIRQXTESA-N									PlantCyc/PMN local PGDB
CPD-15083	CPD-15083	orientin	448.1005614851					C21H19O11			plantcyc <https://plantcyc.org/>	luteolin 8-C-glucoside // 8C-hexosyl luteolin // lutexin	448.1005614851	C([C@@H]1([C@H]([C@@H]([C@H]([C@@H](O1)C3(/C4(/OC(/C2(\C=C/C(/O)=C(/C=2)/O))=C/C(C(/C(/O)=C\C(\[O-])=3)=4)=O)))O)O)O))O		PLAPMLGJVGLZOV-VPRICQMDSA-M									PlantCyc/PMN local PGDB
CAFFEOYLSHIKIMATE	CAFFEOYLSHIKIMATE	5- O -caffeoylshikimate	336.0845174904					C16H15O8			plantcyc <https://plantcyc.org/>	caffeoylshikimic acid // 5-- O -caffeoylshikimic acid // caffeoylshikimate	336.0845174904	C(O[C@H]1([C@H](O)[C@H](O)/C=C(C1)/C([O-])=O))(=O)/C=C/C2(\C=C/C(/O)=C(C=2)/O)		QMPHZIPNNJOWQI-GDDAOPKQSA-M									PlantCyc/PMN local PGDB
CPD-7148	CPD-7148	pelargonidin-3- O -rutinoside-5- O -beta-D-glucoside	741.224204136					C33H40O19			plantcyc <https://plantcyc.org/>		741.224204136	C[C@H]6([C@@H]([C@H]([C@H]([C@H](OC[C@H]5(O[C@@H](OC1(\C(=[O+]C2(\C(/C=1)=C(/C=C(/C=2)/[O-])\O[C@H]3([C@@H]([C@H]([C@H](O)[C@H](O3)CO)O)O)))C4(\C=C/C(/O)=C\C=4)))[C@@H]([C@H]([C@@H]5O)O)O))O6)O)O)O)		YTMOEUVNNYCFEO-WYHZMSGGSA-N									PlantCyc/PMN local PGDB
CPD-4981	CPD-4981	(+)-menthofuran	150.1044650715					C10H14O			plantcyc <https://plantcyc.org/>	menthofuran	150.1044650715	C[C@@H]1(CCC2(\C(/C)=C/OC(/C1)=2))		YGWKXXYGDYYFJU-SSDOTTSWSA-N									PlantCyc/PMN local PGDB
CPD-17633	CPD-17633	22-oxo-docosanoyl-CoA	1103.4180388938					C43H72N7O18P3S			plantcyc <https://plantcyc.org/>	22-oxo-behenoyl-CoA	1103.4180388938	CC(C)([C@@H](O)C(=O)NCCC(=O)NCCSC(=O)CCCCCCCCCCCCCCCCCCCCC=O)COP(=O)(OP(=O)(OC[C@@H]1([C@@H](OP([O-])(=O)[O-])[C@@H](O)[C@@H](O1)N2(C3(\N=C/N=C(C(\N=C/2)=3)/N))))[O-])[O-]		DROSANFEMLESIE-GNSUAQHMSA-J									PlantCyc/PMN local PGDB
SACCHAROPINE	SACCHAROPINE	L-saccharopine	276.132136385					C11H19N2O6			plantcyc <https://plantcyc.org/>	saccharopine // N 6 -(L-1,3-dicarboxypropyl)-L-lysine // epsilon-N-(L-glutar-2-yl)-L-lysine	276.132136385	C(CC[NH2+][C@@H](CCC([O-])=O)C([O-])=O)C[C@H]([NH3+])C([O-])=O		ZDGJAHTZVHVLOT-YUMQZZPRSA-M									PlantCyc/PMN local PGDB
RETINOATE	RETINOATE	all-trans -retinoate	300.208930143					C20H27O2			plantcyc <https://plantcyc.org/>	retinoic acid // vitamin A acid // retinoate // tretinoin // tretinoine // 3,7-dimethyl-9-(2,6,6-trimethyl-1-cyclohexene-1-yl)-2,4,6,8-nonatetraenoic acid // (all-E)-3,7-dimethyl-9-(2,6,6-trimethyl-1-cyclohexen-1-yl)-2,4,6,8-nonatetraenoic acid // b-retinoic acid // 3,7-dimethyl-9-(2,6,6-trimethyl-1-cyclohexen-1-yl)-2,4,6,8-nonatetraenoic acid // AGN 100335 // all-(E)-retinoic acid // all-trans -beta-retinoic acid // all-trans -retinoic acid // all-trans -tretinoin // retin A // Ro 1-5488 // tretin M // all-trans vitamin A acid // all-trans vitamin A1 acid	300.208930143	CC(/C=C/C1(/C(C)(C)CCCC(/C)=1))=C\C=C\C(/C)=C\C(=O)[O-]		SHGAZHPCJJPHSC-YCNIQYBTSA-M									PlantCyc/PMN local PGDB
CPD-708	CPD-708	campest-4-en-3beta-ol	400.3705161629					C28H48O			plantcyc <https://plantcyc.org/>	methylcholestenol // (24 R )-24-methyl-cholest-4-en-3beta-ol	400.3705161629	CC(C)[C@H](C)CC[C@@H](C)[C@H]3(CC[C@H]4([C@@H]2(CCC1(\[C@@](CC[C@H](O)\C=1)(C)[C@H]2CC[C@](C)34))))		CPQUIAPJXYFMHN-PODYLUTMSA-N									PlantCyc/PMN local PGDB
CPD-14650	CPD-14650	(2 E ,4 E ,6 E )-7-hydroxy-4-methylhepta-2,4,6-trienal	138.0680795652					C8H10O2			plantcyc <https://plantcyc.org/>		138.0680795652	CC(/C=C/C=O)=C\C=C\O		TYQZWSFEJJSSQR-YUHMVAQCSA-N									PlantCyc/PMN local PGDB
PHOSPHO-ENOL-PYRUVATE	PHOSPHO-ENOL-PYRUVATE	phospho enol pyruvate	167.9823744031					C3H2O6P			plantcyc <https://plantcyc.org/>	PEP // 2-(phosphooxy)- 2-propenoate	167.9823744031	C=C(OP(=O)([O-])[O-])C([O-])=O		DTBNBXWJWCWCIK-UHFFFAOYSA-K									PlantCyc/PMN local PGDB
CPD-8915	CPD-8915	gramine	174.1156984598					C11H15N2			plantcyc <https://plantcyc.org/>	(1H-indol-3-ylmethyl)dimethylamine	174.1156984598	C[NH+](C)CC1(\C2(\C(\N/C=1)=C/C=C\C=2))		OCDGBSUVYYVKQZ-UHFFFAOYSA-O									PlantCyc/PMN local PGDB
CPD-6362	CPD-6362	3-hydroxyindolin-2-one	149.0476784741					C8H7NO2			plantcyc <https://plantcyc.org/>	dioxindole	149.0476784741	C1(\C=C/C2(/NC(=O)C(O)C(/C=1)=2))		SGZFJWQQBHYNNF-UHFFFAOYSA-N									PlantCyc/PMN local PGDB
CPD-22659	CPD-22659	trimethylarsane	119.9920216889					C3H9AS			plantcyc <https://plantcyc.org/>	trimethylarsine // trimethylarsenic // (CH 3 ) 3 As // Gosio gas // TMA(III)	119.9920216889	C[As](C)C		HTDIUWINAKAPER-UHFFFAOYSA-N									PlantCyc/PMN local PGDB
CPD-25241	CPD-25241	N -(1-deoxy-D-fructos-1-yl)-L-alanine	251.1005019056					C9H17NO7			plantcyc <https://plantcyc.org/>	deoxyfructosyl-L-alanine	251.1005019056	C[C@@H](C(=O)[O-])[NH2+]C[C@@]1(O)(OC[C@@H](O)[C@@H](O)[C@H](O)1)		UEKCFAIUNCFLEA-SDBNBOCMSA-N									PlantCyc/PMN local PGDB
CPD-18580	CPD-18580	C32-phthiocerol A	498.5011959849					C32H66O3			plantcyc <https://plantcyc.org/>	3-methoxy-4-methyl-triacontane-9,11-diol	498.5011959849	CCCCCCCCCCCCCCCCCCC[C@@H](O)C[C@H](O)CCCC[C@H](C)[C@H](OC)CC		LMPCWEJSURZPHA-SYEZAVJTSA-N									PlantCyc/PMN local PGDB
CPD-12849	CPD-12849	(1 E ,3 E )-4-hydroxybuta-1,3-diene-1,2,4-tricarboxylate	202.0113525473					C7H3O7			plantcyc <https://plantcyc.org/>	4-carboxy-2-hydroxyhexa-2,4-cis,cis-dienedioate // 4-carboxy-2-hydroxy-cis,cis-muconate	202.0113525473	C(/C(/C(=O)[O-])=C\C(=O)[O-])=C(C(=O)[O-])\O		QWLUKZXOQAQUFQ-DXLKSGPOSA-K									PlantCyc/PMN local PGDB
GLYCEROL-3P	GLYCEROL-3P	sn -glycerol 3-phosphate	172.0136745315					C3H7O6P			plantcyc <https://plantcyc.org/>	L-alpha-glycerophosphate // L-G3P // L-glycerol 3-phosphate // alpha-glycerophosphoric acid // alpha-glycerophosphate // D-glycerol 1-phosphate // glycerol 3-phosphate	172.0136745315	C(OP([O-])(=O)[O-])[C@H](O)CO		AWUCVROLDVIAJX-GSVOUGTGSA-L									PlantCyc/PMN local PGDB
DGTP	DGTP	dGTP	506.9957451569					C10H12N5O13P3			plantcyc <https://plantcyc.org/>	2'-deoxyguanosine-5'-triphosphate // deoxy-GTP // deoxyguanosine-triphosphate	506.9957451569	C(OP(=O)([O-])OP(=O)([O-])OP(=O)([O-])[O-])[C@H]3(O[C@@H](N1(C2(\N=C(N)/NC(=O)C(\N=C/1)=2)))C[C@H](O)3)		HAAZLUGHYHWQIW-KVQBGUIXSA-J									PlantCyc/PMN local PGDB
CPD4FS-5	CPD4FS-5	beta-L-gulose 1-phosphate	260.0297185262					C6H11O9P			plantcyc <https://plantcyc.org/>		260.0297185262	C([C@@H]1(O[C@H](OP(=O)([O-])[O-])[C@H]([C@H]([C@H](O)1)O)O))O		HXXFSFRBOHSIMQ-BYIBVSMXSA-L									PlantCyc/PMN local PGDB
CPD-6622	CPD-6622	curcumin monoglucoside	530.1788118061					C27H30O11			plantcyc <https://plantcyc.org/>	QMG	530.1788118061	COC3(/C=C(/C=C/C(/O)=C/C(/C=C/C2(/C=C(C(/O[C@H]1([C@@H]([C@H]([C@@H]([C@H](O1)CO)O)O)O))=C\C=2)/OC))=O)\C=C/C(/O)=3)		SHKKKJAZAXOQJJ-LVCGPBKYSA-N									PlantCyc/PMN local PGDB
CPD-597	CPD-597	N -carbamoylputrescine	131.105862055					C5H14N3O			plantcyc <https://plantcyc.org/>		131.105862055	C(CCCNC(N)=O)[NH3+]		YANFYYGANIYHGI-UHFFFAOYSA-O									PlantCyc/PMN local PGDB
CPD0-1898	CPD0-1898	UDP-alpha-D-fucopyranose	550.0601057544					C15H22N2O16P2			plantcyc <https://plantcyc.org/>	UDP-6-deoxy-alpha-D-galactose	550.0601057544	C[C@@H]3([C@H](O)[C@H](O)[C@@H](O)[C@@H](OP(OP(OC[C@@H]2([C@H]([C@H]([C@H](N1(\C=C/C(=O)NC1=O))O2)O)O))(=O)[O-])(=O)[O-])O3)		DRDCJEIZVLVWNC-ABVWGUQPSA-L									PlantCyc/PMN local PGDB
CPD-10460	CPD-10460	4-hydroxylamino-2,6-dinitrotoluene-O-glucoside	379.1226939107					C13H17N3O10			plantcyc <https://plantcyc.org/>	4-HADNT O-glucoside	379.1226939107	CC2(/C(/[N+](=O)[O-])=C\C(\NOC1([C@H](O)[C@@H](O)[C@H](O)[C@@H](CO)O1))=C/C(/[N+]([O-])=O)=2)		YBIKXELGQAEZAC-HENWMNBSSA-N									PlantCyc/PMN local PGDB
DCTP	DCTP	dCTP	466.9895971465					C9H12N3O13P3			plantcyc <https://plantcyc.org/>	2'-deoxycytidine-5'-triphosphate // deoxycytidine-triphosphate // deoxy-CTP	466.9895971465	C(OP(OP(=O)([O-])OP(=O)([O-])[O-])(=O)[O-])[C@@H]2([C@H](C[C@H](N1(C(/N=C(\C=C/1)/N)=O))O2)O)		RGWHQCVHVJXOKC-SHYZEUOFSA-J									PlantCyc/PMN local PGDB
3-METHYL-CROTONYL-COA	3-METHYL-CROTONYL-COA	3-methylcrotonyl-CoA	849.1570731803					C26H38N7O17P3S			plantcyc <https://plantcyc.org/>	beta-methylcrotonoyl-CoA // 3-methylbut-2-enoyl-CoA // 3-methyl-2-butenoyl-CoA	849.1570731803	CC(C)=CC(=O)SCCNC(=O)CCNC(=O)[C@H](O)C(C)(C)COP(=O)(OP(=O)(OC[C@@H]1([C@@H](OP([O-])(=O)[O-])[C@@H](O)[C@@H](O1)N2(C3(\N=C/N=C(C(\N=C/2)=3)/N))))[O-])[O-]		BXIPALATIYNHJN-ZMHDXICWSA-J									PlantCyc/PMN local PGDB
PROTOPORPHYRIN_IX	PROTOPORPHYRIN_IX	protoporphyrin IX	562.2580056006					C34H32N4O4			plantcyc <https://plantcyc.org/>		562.2580056006	C=CC4(\C(/C)=C3(\C=C5(C(/C)=C(CCC([O-])=O)/C(\C=C1(C(/CCC([O-])=O)=C(C)/C(/N1)=C/C2(/C(\C=C)=C(C)\C(\N=2)=C\C(\N3)=4)))=N\5)))		KSFOVUSSGSKXFI-UJJXFSCMSA-L									PlantCyc/PMN local PGDB
3-ENOLPYRUVYL-SHIKIMATE-5P	3-ENOLPYRUVYL-SHIKIMATE-5P	5-enolpyruvoyl-shikimate 3-phosphate	324.0246331483					C10H9O10P			plantcyc <https://plantcyc.org/>	3-enolpyruvyl-shikimate 5-phosphate // 3-enolpyruvyl-shikimate-5-P // 5-O-(1-carboxyvinyl)-3-phosphoshikimate // 5-enolpyruvyl-shikimate 3-phosphate	324.0246331483	C=C(C(=O)[O-])O[C@@H]1(CC(/C(=O)[O-])=C\[C@@H](OP(=O)([O-])[O-])[C@@H](O)1)		QUTYKIXIUDQOLK-PRJMDXOYSA-J									PlantCyc/PMN local PGDB
CPD-7615	CPD-7615	1-naphthoate	172.052429501					C11H7O2			plantcyc <https://plantcyc.org/>	1-naphthoic acid	172.052429501	C(C1(\C2(\C=C/C=C\C(\C=C/C=1)=2)))(=O)[O-]		LNETULKMXZVUST-UHFFFAOYSA-M									PlantCyc/PMN local PGDB
N-FORMYLKYNURENINE	N-FORMYLKYNURENINE	N -formyl-L-kynurenine	236.079706884					C11H12N2O4			plantcyc <https://plantcyc.org/>	N -formylkynurenine	236.079706884	C(=O)NC1(/C=C\C=C/C(/C(=O)C[C@H]([NH3+])C(=O)[O-])=1)		BYHJHXPTQMMKCA-QMMMGPOBSA-N									PlantCyc/PMN local PGDB
PALMITATE	PALMITATE	palmitate	256.2402302714					C16H31O2			plantcyc <https://plantcyc.org/>	hexadecanoate (n-C16:0) // palmitic acid // hexadecanoate // hexadecanoic acid	256.2402302714	CCCCCCCCCCCCCCCC([O-])=O		IPCSVZSSVZVIGE-UHFFFAOYSA-M									PlantCyc/PMN local PGDB
METHYLARSONITE	METHYLARSONITE	methylarsonous acid	123.9505508047					CH5O2AS			plantcyc <https://plantcyc.org/>	MMA III // monomethylarsonous acid	123.9505508047	C[As](O)O		OXBIRPQQKCQWGV-UHFFFAOYSA-N									PlantCyc/PMN local PGDB
GERANYL-PP	GERANYL-PP	geranyl diphosphate	314.0684260167					C10H17O7P2			plantcyc <https://plantcyc.org/>	geranyl-diphosphate // geranyl-pyrophosphate // GPP // geranyl-PP // geranyl pyrophosphate // &omega;,E-geranyl diphosphate	314.0684260167	CC(C)=CCCC(\C)=C/COP([O-])(OP(=O)([O-])[O-])=O		GVVPGTZRZFNKDS-JXMROGBWSA-K									PlantCyc/PMN local PGDB
1-CARBOXYVINYL-CARBOXYPHOSPHONATE	1-CARBOXYVINYL-CARBOXYPHOSPHONATE	1-carboxyvinyl carboxyphosphonate	195.9772890252					C4H2O7P			plantcyc <https://plantcyc.org/>	CPEP // carboxyphosphonoenolpyruvate	195.9772890252	C=C(C([O-])=O)OP(=O)(C(=O)[O-])[O-]		LPUFGTSGSICQBX-UHFFFAOYSA-K									PlantCyc/PMN local PGDB
SHIKIMATE	SHIKIMATE	shikimate	174.0528234315					C7H9O5			plantcyc <https://plantcyc.org/>	shikimic acid // (3R,4S,5R)--3,4,5-trihydroxycyclohex-1-ene-1-carboxylate	174.0528234315	C1(/[C@@H](O)[C@@H](O)[C@@H](CC(/C(=O)[O-])=1)O)		JXOHGGNKMLTUBP-HSUXUTPPSA-M									PlantCyc/PMN local PGDB
CPD4KF-8	CPD4KF-8	momilactone A	314.1881947009					C20H26O3			plantcyc <https://plantcyc.org/>		314.1881947009	C[C@]1(C=C)(CC2(\[C@@H](CC1)[C@]4(C)([C@H]3([C@@H](\C=2)(OC([C@]3(C(CC4)=O)C)=O)))))											PlantCyc/PMN local PGDB
CPD-23985	CPD-23985	11-oxo-5alpha-androstanedione	302.1881947009					C19H26O3			plantcyc <https://plantcyc.org/>	11KDHA4 // 11K-5alpha-dione	302.1881947009	C[C@@]34(CCC(=O)C[C@H](CC[C@@H]1([C@H](C(=O)C[C@]2(C)(C(CC[C@@H]12)=O))3))4)		VRHVOUYZPKSINF-XNTXBEAUSA-N									PlantCyc/PMN local PGDB
CPD-1862	CPD-1862	desulfoglucobrassicin	368.104207075					C16H20N2O6S			plantcyc <https://plantcyc.org/>		368.104207075	C2(\NC3(/C=C\C=C/C(/C(\CC(\S[C@@H]1(O[C@H](CO)[C@@H](O)[C@H](O)[C@@H](O)1))=N\O)=2)=3))		CWNIQCOMWQROPA-PIAXYHQTSA-N									PlantCyc/PMN local PGDB
ARACHIDONYL-COA	ARACHIDONYL-COA	arachidonoyl-CoA	1053.3448739507					C41H62N7O17P3S			plantcyc <https://plantcyc.org/>	arachidonyl-CoA // (5Z,8Z,11Z,14Z)-icosatetraenoyl-CoA	1053.3448739507	CCCCC\C=C/C\C=C/C\C=C/C\C=C/CCCC(=O)SCCNC(=O)CCNC(=O)[C@H](O)C(C)(C)COP(=O)(OP(=O)(OC[C@@H]1([C@@H](OP([O-])(=O)[O-])[C@@H](O)[C@@H](O1)N2(C3(\N=C/N=C(C(\N=C/2)=3)/N))))[O-])[O-]		JDEPVTUUCBFJIW-YQVDHACTSA-J									PlantCyc/PMN local PGDB
CPD-2043	CPD-2043	(2S)-flavanone	224.0837296294					C15H12O2			plantcyc <https://plantcyc.org/>		224.0837296294	C3(\C=C/C(/[C@@H]1(CC(=O)C2(\C(\O1)=C/C=C\C=2)))=C\C=3)		ZONYXWQDUYMKFB-HNNXBMFYSA-N									PlantCyc/PMN local PGDB
INOSITOL-1-4-5-TRISPHOSPHATE	INOSITOL-1-4-5-TRISPHOSPHATE	D- myo -inositol (1,4,5)-trisphosphate	419.962379343					C6H9O15P3			plantcyc <https://plantcyc.org/>	inositol (1,4,5)-trisphosphate // 1D- myo -inositol (1,4,5)-trisphosphate // I(1,4,5)P 3 // InsP 3 // IP 3 // triphosphoinositol	419.962379343	[C@@H]1(O)([C@@H](OP([O-])([O-])=O)[C@H](O)[C@@H](OP(=O)([O-])[O-])[C@H](OP(=O)([O-])[O-])[C@@H](O)1)		MMWCIQZXVOZEGG-XJTPDSDZSA-H									PlantCyc/PMN local PGDB
N5-METHYLGLUTAMINE	N5-METHYLGLUTAMINE	N 5 -methyl-L-glutamine	160.0847922619					C6H12N2O3			plantcyc <https://plantcyc.org/>	gamma-L-glutamyl methylamide // (2S)-2-amino-5-(methylamino)-5-oxopentanoate	160.0847922619	CNC(=O)CC[C@H]([NH3+])C(=O)[O-]		ONXPDKGXOOORHB-BYPYZUCNSA-N									PlantCyc/PMN local PGDB
CPD-8247	CPD-8247	beta-sesquiphellandrene	204.1878007704					C15H24			plantcyc <https://plantcyc.org/>	3-(1,5-dimethyl-4-hexenyl)-6-methylene-1-cyclohexene	204.1878007704	CC(C)=CCCC(C1(CCC(\C=C/1)=C))C		PHWISBHSBNDZDX-UHFFFAOYSA-N									PlantCyc/PMN local PGDB
CPD-7003	CPD-7003	tetrahydrogeranylgeranyl diphosphate	454.2249266587					C20H37O7P2			plantcyc <https://plantcyc.org/>	tetrahydroGGPP // tetrahydrogeranylgeranyl pyrophosphate // tetrahydrogeranylgeranyl-PP	454.2249266587	CC(C)=CCC[C@H](CCC[C@H](CCCC(\C)=C/COP([O-])(=O)OP([O-])(=O)[O-])C)C		VZBGWADXUJSBTI-PYDDKJGSSA-K									PlantCyc/PMN local PGDB
CPD-3946	CPD-3946	(22 S )-22-hydroxy-5alpha-campestan-3-one	416.365430785					C28H48O2			plantcyc <https://plantcyc.org/>	(5alpha,22 S ,24 R )-22-hydroxyergostan-3-one // (22alpha)-hydroxy-5alpha-campestan-3-one // (22 S ,24 R )-22-hydroxy-5alpha-ergostan-3-one	416.365430785	CC(C)[C@H](C)C[C@H](O)[C@@H](C)[C@H]3(CC[C@H]4([C@@H]2(CC[C@H]1(CC(=O)CC[C@@](C)1[C@H]2CC[C@](C)34))))		XGIZPVUTLMXXTK-VNSZYHACSA-N									PlantCyc/PMN local PGDB
CPD-12912	CPD-12912	(24 Z )-4alpha-formyl-stigmasta-7,24(24 1 )-dien-3beta-ol	440.365430785					C30H48O2			plantcyc <https://plantcyc.org/>		440.365430785	C\C=C(CC[C@@H](C)[C@H]3(CC[C@H]4(C1([C@@H]([C@@]2(C)(CC[C@H](O)[C@@H](C=O)[C@H](CC=1)2))CC[C@](C)34))))/C(C)C		YTPAERFJSRKUSQ-BBJFWFDQSA-N									PlantCyc/PMN local PGDB
L-DOPACHROME	L-DOPACHROME	L-dopachrome	193.0375077183					C9H6NO4			plantcyc <https://plantcyc.org/>	indole-5,6-quinoneimine // 2-L-carboxy-2,3-dihydroindole-5,6-quinone	193.0375077183	C([O-])(=O)[C@H]1(NC2(\C(/C1)=C/C(C(=O)/C=2)=O))		VJNCICVKUHKIIV-LURJTMIESA-M									PlantCyc/PMN local PGDB
NICOTINAMIDE_NUCLEOTIDE	NICOTINAMIDE_NUCLEOTIDE	beta-nicotinamide D-ribonucleotide	336.0722520429					C11H14N2O8P			plantcyc <https://plantcyc.org/>	beta-nicotinamide mononucleotide // beta-nicotinamide ribonucleotide // beta-nicotinamide nucleotide	336.0722520429	C(OP(=O)([O-])[O-])[C@@H]2([C@@H](O)[C@@H](O)[C@H]([N+]1(\C=C/C=C(/C=1)/C(=O)N))O2)		DAYLJWODMCOQEW-TURQNECASA-M									PlantCyc/PMN local PGDB
P-COUMAROYL-COA	P-COUMAROYL-COA	( E )-4-coumaroyl-CoA	913.1519878024					C30H38N7O18P3S			plantcyc <https://plantcyc.org/>	p -coumaroyl-CoA // 4-hydroxycinnamoyl-CoA // 4-coumaryl-CoA // p -coumaryl-CoA // 4-coumaroyl-CoA // trans -4-coumaroyl-CoA	913.1519878024	CC(C)(COP(OP([O-])(OC[C@@H]1([C@@H](OP([O-])([O-])=O)[C@@H](O)[C@@H](O1)N2(C3(\N=C/N=C(C(\N=C/2)=3)/N))))=O)([O-])=O)[C@@H](O)C(=O)NCCC(=O)NCCSC(=O)/C=C/C4(\C=C/C(/O)=C\C=4)		DMZOKBALNZWDKI-MATMFAIHSA-J									PlantCyc/PMN local PGDB
3-HYDROHYDROXYPHOSPHORYLPYRUVATE	3-HYDROHYDROXYPHOSPHORYLPYRUVATE	3-(hydroxyphosphinoyl)pyruvate	151.987459781					C3H3O5P			plantcyc <https://plantcyc.org/>	3-[hydroxy(oxido)phosphoranyl]pyruvic acid // 3-(hydrohydroxyphosphoryl)pyruvate // PPA // 3-hydrohydroxyphosphorylpyruvate	151.987459781	C([O-])(=O)C(=O)CP([O-])=O		VHAFWRWGHGSZDL-UHFFFAOYSA-L									PlantCyc/PMN local PGDB
2C-METH-D-ERYTHRITOL-CYCLODIPHOSPHATE	2C-METH-D-ERYTHRITOL-CYCLODIPHOSPHATE	2-C-methyl-D-erythritol-2,4-cyclodiphosphate	277.9956550041					C5H10O9P2			plantcyc <https://plantcyc.org/>	ME-2,4cPP // MEcPP	277.9956550041	C[C@@]1(CO)(OP(=O)([O-])OP(=O)([O-])OC[C@@H](O)1)		SFRQRNJMIIUYDI-UHNVWZDZSA-L									PlantCyc/PMN local PGDB
CPD-20138	CPD-20138	&tau;-cadinol	222.1983654567					C15H26O			plantcyc <https://plantcyc.org/>	10beta-cadin-4-en-10-ol	222.1983654567	CC(C)[C@@H]1(CC[C@@](O)(C)[C@H]2([C@H]1\C=C(C)/CC2))		LHYHMMRYTDARSZ-XQLPTFJDSA-N									PlantCyc/PMN local PGDB
CPD-7619	CPD-7619	heptanoate	130.0993796936					C7H13O2			plantcyc <https://plantcyc.org/>	heptanoic acid // enanthic acid // oenanthylic acid	130.0993796936	CCCCCCC(=O)[O-]		MNWFXJYAOYHMED-UHFFFAOYSA-M									PlantCyc/PMN local PGDB
6C-Glc-2-hydroxyeriodictyol	6C-Glc-2-hydroxyeriodictyol	1-(3,4-dihydroxyphenyl)-3-(3- C -glucosyl-2,4,6-trihydroxyphenyl)propane-1,3-dione	466.1111261714					C21H21O12			plantcyc <https://plantcyc.org/>	6C-alpha-D-glucosyl-2-hydroxyeriodictyol // 8C-beta-D-glucosyl-2-hydroxyeriodictyol // 6C-beta-D-glucosyl-2-hydroxyeriodictyol	466.1111261714	C3(/C=C(C(/O)=C\C(\C(=O)CC(=O)C2(/C(/O)=C([C@H]1([C@@H]([C@H]([C@H](O)[C@H](O1)CO)O)O))\C(\[O-])=C/C(/O)=2))=3)/O)		XAPBOCJASKMWEF-VJXVFPJBSA-M									PlantCyc/PMN local PGDB
CPD-5725	CPD-5725	THF-L-glutamate	574.2135746035					C24H27N8O9			plantcyc <https://plantcyc.org/>	tetrahydrofolate glutamate	574.2135746035	C(=O)([O-])[C@@H](CCC(=O)[O-])NC(CC[C@H](NC(=O)C3(\C=C/C(/NC[C@H]1(CNC2(/N=C(N)\NC(=O)C(/N1)=2)))=C\C=3))C([O-])=O)=O											PlantCyc/PMN local PGDB
CPD-13880	CPD-13880	achilleol B	426.3861662271					C30H50O			plantcyc <https://plantcyc.org/>		426.3861662271	CC(/CC[C@@H]1(C(CC[C@@H]([C@](C)(C)1)O)=C))=C\CCC3(\[C@H]2([C@](C)(CC[C@](C)(C)C2)CCC(/C)=3))		OPDQSNQDIGJUIR-FEHKDBFISA-N									PlantCyc/PMN local PGDB
CPD-4751	CPD-4751	ent -cassa-12,15-diene	272.2504010272					C20H32			plantcyc <https://plantcyc.org/>		272.2504010272	C=CC1([C@@H](C)[C@@H]2([C@@H](CC=1)[C@@]3(C)([C@H](CC2)C(C)(C)CCC3)))		JQPDOKGAOXSRJD-SVEODPQUSA-N									PlantCyc/PMN local PGDB
CPD-11940	CPD-11940	apiforol	274.0841235599					C15H14O5			plantcyc <https://plantcyc.org/>	leucoapigeninidin	274.0841235599	C3(/C=C(\C=C/C(/[C@H]1(OC2(\C(/C(C1)O)=C(/C=C(/C=2)/O)\O)))=3)/O)		RPKUCYSGAXIESU-ABLWVSNPSA-N									PlantCyc/PMN local PGDB
CPD-329	CPD-329	L- xylo -hex-3-ulono-1,4-lactone	176.0320879894					C6H8O6			plantcyc <https://plantcyc.org/>	L- xylo -hexulonolactone // L- xylo -hex-3-ulonolactone	176.0320879894	C([C@H](O)[C@H]1(OC(=O)C(O)C(=O)1))O		PJBQWWHYTVYMLO-LZUUPNLKSA-N									PlantCyc/PMN local PGDB
CPD-20241	CPD-20241	11-hydroxyferruginol	302.2245802072					C20H30O2			plantcyc <https://plantcyc.org/>		302.2245802072	CC(C)C2(\C=C1(CC[C@H]3(C(C)(C)CCC[C@](C)(C1=C(O)C(O)=2)3)))		MUVSVZOWXAYLSD-YWZLYKJASA-N									PlantCyc/PMN local PGDB
CPD-22601	CPD-22601	( E )-4-hydroxy-6-(styryl)pyran-2-one	214.0629941873					C13H10O3			plantcyc <https://plantcyc.org/>	4-hydroxy-6-[( E )-2-phenylethenyl]pyran-2-one // 4-hydroxy-6-stryryl-alpha-pyrone	214.0629941873	C2(=O)(OC(/C=C/C1(\C=C/C=C\C=1))=C/C(/O)=C\2)		LGSQMZHPXAWUAT-VOTSOKGWSA-N									PlantCyc/PMN local PGDB
CPDQT-522	CPDQT-522	castasterone-23-O-glucoside	626.4029980828					C34H58O10			plantcyc <https://plantcyc.org/>		626.4029980828	CC(C)[C@H](C)[C@@H](O[C@H]1(O[C@H](CO)[C@@H](O)[C@H](O)[C@@H](O)1))[C@H](O)[C@@H](C)[C@H]4(CC[C@H]5([C@@H]3(CC(=O)[C@H]2(C[C@H](O)[C@H](O)C[C@@](C)2[C@H]3CC[C@](C)45))))		OZXMTRULWNHBRI-JGRCFTTDSA-N									PlantCyc/PMN local PGDB
CPD-24912	CPD-24912	isochorismoyl-L-glutamate	355.0903311498					C15H14NO9			plantcyc <https://plantcyc.org/>	isochorismate-9-glutamate	355.0903311498	C=C(C(N[C@@H](CCC([O-])=O)C(=O)[O-])=O)O[C@H]1(\C=C/C=C([C@@H]1O)/C([O-])=O)		SYHKPNAMUNWTOX-NHCYSSNCSA-K									PlantCyc/PMN local PGDB
CPD0-881	CPD0-881	N -acetyl-D-muramate 6-phosphate	373.0773970003					C11H17NO11P			plantcyc <https://plantcyc.org/>	MurNAc-6-P	373.0773970003	C[C@@H](O[C@@H]1([C@H](C(O[C@@H]([C@H]1O)COP([O-])(=O)[O-])O)NC(=O)C))C([O-])=O		NMEMTQKUEVNSPV-MKFCKLDKSA-K									PlantCyc/PMN local PGDB
CPD-9869	CPD-9869	2-methoxy-6-( all-trans -decaprenyl)benzene-1,4-diol	820.6733466911					C57H88O3			plantcyc <https://plantcyc.org/>	6-decaprenyl-2-methoxy-1,4-benzoquinol // all trans -decaprenyl-2-methoxy-6-1,4-benzoquinol	820.6733466911	CC(C)=CCCC(\C)=C/CCC(\C)=C/CCC(\C)=C/CCC(\C)=C/CCC(\C)=C/CCC(\C)=C/CCC(\C)=C/CCC(\C)=C/CCC(\C)=C/CC1(\C(\O)=C(/C=C(\C=1)/O)\OC)		LIOKNOIJMJKVCG-RDSVHMIISA-N									PlantCyc/PMN local PGDB
CPD-24323	CPD-24323	monomethylarsino-diglutathione	702.0970333999					C21H33N6O12S2AS			plantcyc <https://plantcyc.org/>	MADG III	702.0970333999	C(NC([C@@H](NC(=O)CC[C@H]([NH3+])C([O-])=O)CS[As](SC[C@H](NC(=O)CC[C@H]([NH3+])C([O-])=O)C(NCC([O-])=O)=O)C)=O)C([O-])=O		PFYKVCFNANBHRF-CYDGBPFRSA-L									PlantCyc/PMN local PGDB
CPD-13089	CPD-13089	(12Z,15Z)-9,10-epoxyoctadeca-12,15-dienoate	294.2194948293					C18H29O3			plantcyc <https://plantcyc.org/>	(12Z,15Z)-9,10-epoxyoctadeca-12,15-dienoic acid // (12Z,15Z)-9,10-epoxyoctadecadienoate	294.2194948293	CC\C=C/C\C=C/CC1(OC1CCCCCCCC(=O)[O-])		JTEGNNHWOIJBJZ-ZJSQCTGTSA-M									PlantCyc/PMN local PGDB
CPD-12153	CPD-12153	2,4,6-trinitrobenzene sulfonate	299.0059495934					C6H2N3O9S			plantcyc <https://plantcyc.org/>	2,4,6-trinitrobenzene sulphonate // picryl sulfonic acid // picrylsulfonic Acid // TNBS // trinitrobenzenesulfonic Acid // benzenesulfonic acid, 2,4,6-trinitro- // 2,4,6-trinitrobenzene-1-sulfonic acid	299.0059495934	C1(/C(/[N+](=O)[O-])=C(C(/[N+](=O)[O-])=C\C(\[N+]([O-])=O)=1)/S([O-])(=O)=O)		NHJVRSWLHSJWIN-UHFFFAOYSA-M									PlantCyc/PMN local PGDB
CPD-15005	CPD-15005	cyanidin 3,7-di- O -beta-D-glucoside	611.1612099487					C27H30O16			plantcyc <https://plantcyc.org/>		611.1612099487	C(O)[C@@H]1([C@H]([C@H](O)[C@@H](O)[C@@H](O1)OC2(\C=C(C3(\C=C(C(=[O+]C(\C=2)=3)C4(\C=C(C(/O)=C\C=4)\O))\O[C@H]5([C@H](O)[C@H]([C@H](O)[C@@H](CO)O5)O)))\[O-]))O)		ULXBEUBSYSSVTP-ZOTFFYTFSA-N									PlantCyc/PMN local PGDB
CPD1F-4	CPD1F-4	(3 S ,5 R ,6 R )-3,5-dihydroxy-6,7-didehydro-5,6-dihydro-12'-apo-beta-caroten-12'-al	382.2507949577					C25H34O3			plantcyc <https://plantcyc.org/>	C25-allenic-apo-aldehyde	382.2507949577	CC(/C=C/C=C(C)/C=C=C1([C@@](O)(C)CC(O)CC(C)(C)1))=C\C=C\C=C(C)\C=O		MFDUGTOOXGORRX-ORGLZDQCSA-N									PlantCyc/PMN local PGDB
CPD-9893	CPD-9893	chelirubine	363.1106726614					C21H16NO5			plantcyc <https://plantcyc.org/>		363.1106726614	C[N+]2(\C5(/C6(/C=C1(C(/OCO1)=C\C(\C=C/C(/C4(C(\C=2)=C3(C(/OCO3)=C\C(OC)=4)))=5)=6))))		RNSBFHHWMMKJAM-UHFFFAOYSA-N									PlantCyc/PMN local PGDB
UROPORPHYRINOGEN-III	UROPORPHYRINOGEN-III	uroporphyrinogen-III	836.2752313868					C40H36N4O16			plantcyc <https://plantcyc.org/>	uroporphyrinogen III	836.2752313868	C(=O)([O-])CCC2(\C(/CC(=O)[O-])=C1(CC5(\NC(/CC4(\NC(/CC3(\NC(/CC(\N1)=2)=C(CCC(=O)[O-])/C(\CC(=O)[O-])=3))=C(CC(=O)[O-])/C(\CCC(=O)[O-])=4))=C(CC([O-])=O)/C(\CCC(=O)[O-])=5)))		HUHWZXWWOFSFKF-UHFFFAOYSA-F									PlantCyc/PMN local PGDB
O-SUCCINYLBENZOATE	O-SUCCINYLBENZOATE	2-succinylbenzoate	222.0528234315					C11H8O5			plantcyc <https://plantcyc.org/>	o -succinyl-benzoate // 2-succinyl-benzoate // o -succinylbenzoate // 4-(2-carboxyphenyl)-4-oxobutanoate	222.0528234315	C1(\C=C/C(/C(=O)[O-])=C(\C=1)/C(=O)CCC(=O)[O-])		YIVWQNVQRXFZJB-UHFFFAOYSA-L									PlantCyc/PMN local PGDB
CPD-10279	CPD-10279	docosanoyl-CoA	1089.4387743359					C43H74N7O17P3S			plantcyc <https://plantcyc.org/>	behenoyl-CoA	1089.4387743359	CCCCCCCCCCCCCCCCCCCCCC(=O)SCCNC(=O)CCNC(=O)[C@H](O)C(C)(C)COP(=O)(OP(=O)(OC[C@@H]1([C@@H](OP([O-])(=O)[O-])[C@@H](O)[C@@H](O1)N2(C3(\N=C/N=C(C(\N=C/2)=3)/N))))[O-])[O-]		NDDZLVOCGALPLR-GNSUAQHMSA-J									PlantCyc/PMN local PGDB
CPD-14498	CPD-14498	oleanolic aldehyde	440.365430785					C30H48O2			plantcyc <https://plantcyc.org/>		440.365430785	CC4(C[C@H]5(C2(\[C@]([C@@]1(CC[C@H]3(C([C@H](CC[C@]([C@H]1C\C=2)3C)O)(C)C))C)(CC[C@@](CC4)5C=O)C)))C		STHRNDDZYFUIDO-OSQDELBUSA-N									PlantCyc/PMN local PGDB
CPD-17686	CPD-17686	hex-5-enoate	114.0680795652					C6H9O2			plantcyc <https://plantcyc.org/>	5-hexenoate	114.0680795652	C=CCCCC([O-])=O		XUDOZULIAWNMIU-UHFFFAOYSA-M									PlantCyc/PMN local PGDB
ASCORBATE	ASCORBATE	L-ascorbate	176.0320879894					C6H7O6			plantcyc <https://plantcyc.org/>	L-ascorbic acid // vitamin C // ascorbic acid	176.0320879894	C(O)[C@H](O)[C@@H]1(C(\[O-])=C(C(=O)O1)\O)		CIWBSHSKHKDKBQ-JLAZNSOCSA-M									PlantCyc/PMN local PGDB
CPD-6364	CPD-6364	HBOA	165.0425930962					C8H7NO3			plantcyc <https://plantcyc.org/>	2-hydroxy-2 H -1,4-benzoxazin-3(4 H )-one	165.0425930962	C1(\C=C/C2(/OC(C(NC(/C=1)=2)=O)O))		VMQBFYRBJKDACN-UHFFFAOYSA-N									PlantCyc/PMN local PGDB
GLC-6-P	GLC-6-P	beta-D-glucose 6-phosphate	260.0297185262					C6H11O9P			plantcyc <https://plantcyc.org/>	beta-D-glucose-6-P	260.0297185262	C([C@H]1(O[C@H]([C@@H]([C@H]([C@@H]1O)O)O)O))OP([O-])([O-])=O		NBSCHQHZLSJFNQ-VFUOTHLCSA-L									PlantCyc/PMN local PGDB
CPD-12299	CPD-12299	11-hydroxydodecanoate	216.1725446367					C12H23O3			plantcyc <https://plantcyc.org/>	&omega;-1 lauric acid // &omega;-1 laurate // 11-hydroxylauric acid // 11-hydroxylaurate	216.1725446367	CC(O)CCCCCCCCCC(=O)[O-]		KQGAHNAFXMVSGY-UHFFFAOYSA-M									PlantCyc/PMN local PGDB
CPD-14651	CPD-14651	carlactone carboxylate	332.1623738809					C19H23O5			plantcyc <https://plantcyc.org/>		332.1623738809	CC2(\CCC[C@](C)(C)C(/C=C/C(/C([O-])=O)=C\OC1(\C=C(C)/C(=O)O1))=2)		WUBRWXCVIPHXLX-DQBULIGTSA-M									PlantCyc/PMN local PGDB
CPD-8990	CPD-8990	L-methionine-( R )- S -oxide	165.0459639146					C5H11NO3S			plantcyc <https://plantcyc.org/>	L-methionine- R -sulfoxide	165.0459639146	CS(=O)CC[C@H]([NH3+])C(=O)[O-]		QEFRNWWLZKMPFJ-ZXPFJRLXSA-N									PlantCyc/PMN local PGDB
CPD1F-138	CPD1F-138	gibberellin A 12 -aldehyde	316.2038447651					C20H27O3			plantcyc <https://plantcyc.org/>	GA 12 -aldehyde // GA12-aldehyde	316.2038447651	C=C1([C@H]2(C[C@]3(C1)([C@H]([C@@H]4([C@@](C)(CCC[C@@](C)([C@@H](CC2)3)4)C([O-])=O))C=O)))		ZCTUNYRXJKLWPY-LLCOKINKSA-M									PlantCyc/PMN local PGDB
5-P-NITROPHENYLTHIOADENOSINE	5-P-NITROPHENYLTHIOADENOSINE	5'-(p-nitrophenyl)thioadenosine	406.1059384095					C16H16N6O5S			plantcyc <https://plantcyc.org/>		406.1059384095	C(SC1(\C=C/C(/[N+]([O-])=O)=C\C=1))[C@H]4(O[C@@H](N2(C3(\C(\N=C/2)=C(N)/N=C\N=3)))[C@H](O)[C@H](O)4)		FBKPPTASIYMHFC-XNIJJKJLSA-N									PlantCyc/PMN local PGDB
CPD-19971	CPD-19971	N -(4-oxoglutaryl)-L-cysteinylglycine	306.0521715045					C10H12N2O7S			plantcyc <https://plantcyc.org/>	deaminated glutathione	306.0521715045	C(S)[C@@H](C(NCC([O-])=O)=O)NC(=O)CCC(=O)C([O-])=O		PMIVQUCENWNWHX-YFKPBYRVSA-L									PlantCyc/PMN local PGDB
CPD0-1239	CPD0-1239	monofluoromethylputrescine	106.0906265635					C4H13N2F			plantcyc <https://plantcyc.org/>	alpha-monofluoromethylputrescine // 1,2-propanediamine, 3-fluoro-, (+-)-	106.0906265635	C(F)C(C[NH3+])C[NH3+]		MLGYPSMVMFEFLH-UHFFFAOYSA-P									PlantCyc/PMN local PGDB
NMNH	NMNH	reduced beta-nicotinamide D-ribonucleotide	336.0722520429					C11H15N2O8P			plantcyc <https://plantcyc.org/>	nicotinamide mononucleotide (reduced) // NMNH	336.0722520429	C1(/N(\C=C/CC(/C(N)=O)=1)[C@@H]2(O[C@H](COP(=O)([O-])[O-])[C@@H](O)[C@@H](O)2))		XQHMUSRSLNRVGA-TURQNECASA-L									PlantCyc/PMN local PGDB
CPD-13087	CPD-13087	(9Z)-12,13,17-trihydroxyoctadeca-9-enoate	330.2406242019					C18H33O5			plantcyc <https://plantcyc.org/>	(9Z)-12,13,17-trihydroxyoctadeca-9-enoic acid	330.2406242019	CC(O)CCCC(O)C(O)C\C=C/CCCCCCCC(=O)[O-]		IYIVYYHFHGVWRB-VURMDHGXSA-M									PlantCyc/PMN local PGDB
CPD-16627	CPD-16627	7beta-hydroxy- ent -sandaracopimaradiene	288.2453156493					C20H32O			plantcyc <https://plantcyc.org/>		288.2453156493	C=C[C@@]3(CC[C@H]2([C@@]1(CCCC(C)([C@H]1C[C@H](O)C/2=C/3)C)C))C		BNRZBCUNLMPNJG-DSJDWBEOSA-N									PlantCyc/PMN local PGDB
CPD-18666	CPD-18666	epoxypheophorbide a	608.263484909					C35H34N4O6			plantcyc <https://plantcyc.org/>		608.263484909	CCC1(\C4(\N=C(C(/C)=1)\C7(OC2(C(/C=C)=C(C)/C(/N2)=C/C3([C@@H](C)[C@H](CCC(=O)[O-])C(\N=3)=C5([C-](C(OC)=O)C(=O)C6(\C(/C)=C(\C=4)/NC/5=6))))7)))		ZMTPZDVBGYNPLZ-YGOWEZGDSA-M									PlantCyc/PMN local PGDB
BENZYL-DESULFOGLUCOSINOLATE	BENZYL-DESULFOGLUCOSINOLATE	desulfoglucotropaeolin	329.0933080377					C14H19NO6S			plantcyc <https://plantcyc.org/>		329.0933080377	C(O)[C@@H]2([C@@H](O)[C@H](O)[C@@H](O)[C@H](SC(/CC1(\C=C/C=C\C=1))=N/O)O2)		QXWFHEDNDCNERW-RFEZBLSLSA-N									PlantCyc/PMN local PGDB
CPD-22506	CPD-22506	3,6-dihydroxypicolinate	155.0218576541					C6H4NO4			plantcyc <https://plantcyc.org/>	3,6-dihydroxypyridine-2-carboxylate	155.0218576541	C1(O)(=C/C=C(C(/C([O-])=O)=N\1)/O)		MTNSNDNZZWLYLO-UHFFFAOYSA-M									PlantCyc/PMN local PGDB
CPD-7727	CPD-7727	beta-D-glucopyranosyl abscisate	426.1889825619					C21H30O9			plantcyc <https://plantcyc.org/>	abscisic acid glucose ester // (+)-ABA glucose ester // (+)- A -ABA glucose ester // ABA glucosyl ester // ABA-GE	426.1889825619	CC(\C=C\[C@@]1(C(C)(C)CC(=O)\C=C(C)/1)O)=C\C(O[C@H]2([C@H](O)[C@@H](O)[C@H](O)[C@@H](CO)O2))=O		HLVPIMVSSMJFPS-VTEUUMMASA-N									PlantCyc/PMN local PGDB
OBTUSIFOLIOL	OBTUSIFOLIOL	obtusifoliol	426.3861662271					C30H50O			plantcyc <https://plantcyc.org/>	4alpha,14alpha-dimethyl-5alpha-ergosta-8,24(28)-dien-3beta-ol // 4alpha,14alpha-dimethyl-24-methylene-5alpha-cholesta-8-en-3beta-ol	426.3861662271	CC(C)C(CC[C@@H](C)[C@H]2(CC[C@@]3(C)(C4(\CC[C@H]1([C@H](C)[C@@H](O)CC[C@@](C)1C(\CC[C@](C)23)=4)))))=C		MMNYKQIDRZNIKT-VSADUBDNSA-N									PlantCyc/PMN local PGDB
SUCROSE-6P	SUCROSE-6P	sucrose 6 F -phosphate	422.0825419577					C12H21O14P			plantcyc <https://plantcyc.org/>	sucrose-6F-P // 6- O -phosphonato-beta-D-fructofuranosyl alpha-D-glucopyranoside	422.0825419577	C(O)[C@H]2(O[C@H](O[C@]1(CO)(O[C@H](COP([O-])(=O)[O-])[C@@H](O)[C@H](O)1))[C@H](O)[C@@H](O)[C@H](O)2)		PJTTXANTBQDXME-UGDNZRGBSA-L									PlantCyc/PMN local PGDB
CPD3O-4155	CPD3O-4155	(2S,3R)-3-hydroxy-2-isopropyl-4-methoxy-4-oxobutanoate	190.0841235599					C8H13O5			plantcyc <https://plantcyc.org/>	(2R,3S)-3-isopropylmalate-1-methyl ester	190.0841235599	CC(C)[C@H](C([O-])=O)[C@H](C(OC)=O)O		YFUPBIBIDVFELV-NTSWFWBYSA-M									PlantCyc/PMN local PGDB
R-2-HYDROXYGLUTARATE	R-2-HYDROXYGLUTARATE	( R )-2-hydroxyglutarate	148.0371733673					C5H6O5			plantcyc <https://plantcyc.org/>	( R )-2-hydroxyglutaric acid // ( R )-2-hydroxypentanedioic acid // D-2-hydroxyglutarate	148.0371733673	C(CC[C@H](C([O-])=O)O)([O-])=O		HWXBTNAVRSUOJR-GSVOUGTGSA-L									PlantCyc/PMN local PGDB
PHOSPHORIBOSYL-FORMAMIDO-CARBOXAMIDE	PHOSPHORIBOSYL-FORMAMIDO-CARBOXAMIDE	5-formamido-1-(5-phospho-D-ribosyl)-imidazole-4-carboxamide	366.0576646112					C10H13N4O9P			plantcyc <https://plantcyc.org/>	5-formamido-1-(5-phospho-D-ribosyl)imidazole-4-carboxamide // 5'-p-ribosyl-5-formamido-4-imidazolecarboxamide // 5'-phosphoribosyl-5-formamido-4-imidazole carboxamide // 5'-p-ribosyl-5-formamido-4-imidazole carboxamide // 5-phosphoribosyl-5-formamido-4-imid-carboxamide // 5'-phosphoribosyl-formamido-carboxamide // 5-formylamidoimidazole-4-carboxamide ribonucleotide	366.0576646112	C(OP(=O)([O-])[O-])[C@H]2(O[C@@H](N1(C(/NC=O)=C(C(=O)N)/N=C\1))[C@H](O)[C@H](O)2)		ABCOOORLYAOBOZ-KQYNXXCUSA-L									PlantCyc/PMN local PGDB
CPD-5661	CPD-5661	zeinoxanthin	552.4331164197					C40H56O			plantcyc <https://plantcyc.org/>	beta,epsilon-carotene-3-ol // (3R,6'R)-beta,epsilon-caroten-3-ol // 3-hydroxy-alpha-carotene	552.4331164197	CC(/C=C/C=C(C)/C=C/[C@@H]1(C(C)(C)CC\C=C(C)/1))=C\C=C\C=C(C)\C=C\C=C(C)\C=C\C2(\C(C)(C)C[C@H](O)CC(/C)=2)		NBZANZVJRKXVBH-NHWXEJKLSA-N									PlantCyc/PMN local PGDB
CPD-7088	CPD-7088	(2 R ,3 S ,4 S )-leucodelphinidin	322.0688674262					C15H14O8			plantcyc <https://plantcyc.org/>	(2 R ,3 S ,4 S )-leucoefdin // (2 R ,3 S ,4 S )-leucodelfinidin	322.0688674262	C3(/C(/[C@H]1(OC2(\C(/[C@@H]([C@@H]1O)O)=C(/C=C(/C=2)/O)\O)))=C\C(\O)=C(C(/O)=3)\O)		ZEACOKJOQLAYTD-SOUVJXGZSA-N									PlantCyc/PMN local PGDB
CPD-21330	CPD-21330	oleanolate 3-O-beta-D-glucoside	618.4131688386					C36H57O8			plantcyc <https://plantcyc.org/>		618.4131688386	CC1(C)(CC[C@]2(C(=O)[O-])(CC[C@]3(C)(C(/[C@H](C1)2)=C/C[C@@H]4([C@@]5(C)(CC[C@@H](C(C)(C)[C@H](CC[C@@](C)34)5)O[C@H]6([C@@H]([C@@H](O)[C@@H]([C@@H](CO)O6)O)O))))))		ZNFRITHWVZXJRK-YHFBEQRYSA-M									PlantCyc/PMN local PGDB
S-ALLANTOIN	S-ALLANTOIN	( S )-(+)-allantoin	158.0439900797					C4H6N4O3			plantcyc <https://plantcyc.org/>	S -allantoin	158.0439900797	C(=O)(N)N[C@H]1(NC(=O)NC(=O)1)		POJWUDADGALRAB-SFOWXEAESA-N									PlantCyc/PMN local PGDB
CPD-13243	CPD-13243	geranyl monophosphate	234.1020956083					C10H17O4P			plantcyc <https://plantcyc.org/>	geranyl-monophosphate // geranyl-phosphate // ( E )-geranyl phosphate // geranyl-P // trans -geranyl phosphate	234.1020956083	CC(C)=CCCC(\C)=C/COP([O-])([O-])=O		FFOWJDCTFSWUMJ-JXMROGBWSA-L									PlantCyc/PMN local PGDB
CPD-4753	CPD-4753	ent -sandaracopimaradiene	272.2504010272					C20H32			plantcyc <https://plantcyc.org/>	ent-sandaracopimara-8(14),15-dienesandaracopimara-8(14),15-diene	272.2504010272	C=C[C@@]3(CC[C@H]2([C@@]1(CCCC(C)([C@H]1CCC/2=C\3)C)C))C		XDSYKASBVOZOAG-LFGUQSLTSA-N									PlantCyc/PMN local PGDB
CPD-14763	CPD-14763	3''- O -acetyl-ADP-ribose	601.08223818					C17H23N5O15P2			plantcyc <https://plantcyc.org/>		601.08223818	CC(O[C@@H]4([C@@H](COP(OP(OC[C@H]3(O[C@@H](N1(C2(\C(\N=C/1)=C(N)/N=C\N=2)))[C@H](O)[C@H](O)3))(=O)[O-])(=O)[O-])OC(O)[C@H](O)4))=O		HNHCIVXQBMBKPQ-YDKGJHSESA-L									PlantCyc/PMN local PGDB
91018-TRIHYDROXYSTEARATE	91018-TRIHYDROXYSTEARATE	9,10,18-trihydroxystearate	332.2562742661					C18H35O5			plantcyc <https://plantcyc.org/>		332.2562742661	C(O)CCCCCCCC(O)C(O)CCCCCCCC(=O)[O-]		OISFHODBOQNZAG-UHFFFAOYSA-M									PlantCyc/PMN local PGDB
BIOCHANIN-A	BIOCHANIN-A	biochanin-A	284.0684734957					C16H11O5			plantcyc <https://plantcyc.org/>	biochanin A	284.0684734957	COC3(\C=C/C(/C1(/C(C2(/C(/O\C=1)=C\C(\[O-])=C/C(/O)=2))=O))=C\C=3)		WUADCCWRTIWANL-UHFFFAOYSA-M									PlantCyc/PMN local PGDB
CPD-19574	CPD-19574	(2S,4Z)-2-aminohex-4-enoate	129.0789786025					C6H11NO2			plantcyc <https://plantcyc.org/>	L-2-amino- trans -4-hexenoate	129.0789786025	C/C=C/C[C@H]([NH3+])C([O-])=O		OPOBBDXDRHKTJF-HRJJCQLASA-N									PlantCyc/PMN local PGDB
CPD0-2554	CPD0-2554	( R )-S-adenosyl-L-methionine	400.1528886021					C15H23N6O5S			plantcyc <https://plantcyc.org/>	( R )- S -adenosyl-L-methionine	400.1528886021	C[S+](C[C@H]3(O[C@@H](N1(C2(\C(\N=C/1)=C(N)/N=C\N=2)))[C@H](O)[C@H](O)3))CC[C@@H](C(=O)[O-])[NH3+]		MEFKEPWMEQBLKI-TYYLHDHTSA-O									PlantCyc/PMN local PGDB
CPD-8007	CPD-8007	kaempferol 7- O -glucoside	448.1005614851					C21H19O11			plantcyc <https://plantcyc.org/>		448.1005614851	C([C@H]4(O[C@@H](OC3(\C=C2(C(\C(C(/[O-])=C(C1(\C=C/C(/O)=C\C=1))\O2)=O)=C(/C=3)\O)))[C@@H]([C@H]([C@@H]4O)O)O))O		YPWHZCPMOQGCDQ-HMGRVEAOSA-M									PlantCyc/PMN local PGDB
ALL-TRANS-HEXAPRENYL-DIPHOSPHATE	ALL-TRANS-HEXAPRENYL-DIPHOSPHATE	all- trans -hexaprenyl diphosphate	586.3188270439					C30H49O7P2			plantcyc <https://plantcyc.org/>	hexaprenyl-diphosphate	586.3188270439	CC(C)=CCCC(\C)=C/CCC(\C)=C/CCC(\C)=C/CCC(\C)=C/CCC(\C)=C/COP(=O)([O-])OP(=O)([O-])[O-]		NGFSMHKFTZROKJ-MMSZMYIBSA-K									PlantCyc/PMN local PGDB
CPD-7710	CPD-7710	thebaine	311.1521435456					C19H22NO3			plantcyc <https://plantcyc.org/>		311.1521435456	C[NH+]5(CC[C@@]12([C@@H]4(C(/OC)=C\C=C1\[C@@H](CC3(\C2=C(C(/OC)=C\C=3)O4))5)))		FQXXSQDCDRQNQE-VMDGZTHMSA-O									PlantCyc/PMN local PGDB
CPD-7280	CPD-7280	(3 S ,5 R ,6 S )-5,6-epoxy-3-hydroxy-5,6-dihydro-12'-apo-beta-caroten-12'-al	382.2507949577					C25H34O3			plantcyc <https://plantcyc.org/>		382.2507949577	CC(/C=C/C=C(C)/C=C/[C@@]12(OC(C[C@H](O)CC(C)(C)1)2))=C\C=C\C=C(C)\CC=O		FYYDCJDEFSYVOY-WENURHBKSA-N									PlantCyc/PMN local PGDB
CPDQT-326	CPDQT-326	28-homobrassinolide	494.3607393376					C29H50O6			plantcyc <https://plantcyc.org/>	B-homo-7-oxastigmastan-6-one, 2,3,22,23-tetrahydroxy-, (2alpha,3alpha,5alpha,22R,23R)-	494.3607393376	CC[C@@H](C(C)C)[C@H]([C@@H]([C@@H](C)[C@H]2(CC[C@H]3([C@@H]4(COC([C@H]1(C[C@@H]([C@@H](C[C@@](C)1[C@@H](CC[C@](C)23)4)O)O))=O))))O)O		HJIKODJJEORHMZ-NNPZUXBVSA-N									PlantCyc/PMN local PGDB
CPD-8166	CPD-8166	1-18:2-2-18:3-monogalactosyldiacylglycerol	776.5438486606					C45H76O10			plantcyc <https://plantcyc.org/>	18:2-18:3-MGDG // 1-(9Z,12Z-octadecadienoyl)-2-(9Z,12Z,15Z-octadecatrienoyl)-3-O-beta-D-galactosyl-sn-glycerol	776.5438486606	CCCCC\C=C/C\C=C/CCCCCCCC(OC[C@H](CO[C@@H]1(O[C@H](CO)[C@H](O)[C@H](O)[C@@H](O)1))OC(=O)CCCCCCC/C=C/C\C=C/C\C=C/CC)=O		DRLQFBRXASRGDP-BUBQRNSCSA-N									PlantCyc/PMN local PGDB
CPD0-1718	CPD0-1718	7,8-dihydropterin	165.0650598728					C6H7N5O			plantcyc <https://plantcyc.org/>	dihydropterin // H2-pterin	165.0650598728	C1(\CNC2(/N=C(N)\NC(=O)C(/N=1)=2))		PXZWKVIXSKSCFR-UHFFFAOYSA-N									PlantCyc/PMN local PGDB
HYDROXYMETHYLBILANE	HYDROXYMETHYLBILANE	preuroporphyrinogen	854.2857960731					C40H38N4O17			plantcyc <https://plantcyc.org/>	hydroxymethylbilane	854.2857960731	C(O)C4(\NC(/CC3(\NC(/CC2(\NC(/CC1(\N\C=C(CCC(=O)[O-])/C(\CC([O-])=O)=1))=C(CCC(=O)[O-])/C(\CC([O-])=O)=2))=C(CCC(=O)[O-])/C(\CC(=O)[O-])=3))=C(CCC(=O)[O-])/C(\CC(=O)[O-])=4)		WDFJYRZCZIUBPR-UHFFFAOYSA-F									PlantCyc/PMN local PGDB
S-RETICULINE	S-RETICULINE	( S )-reticuline	329.1627082319					C19H24NO4			plantcyc <https://plantcyc.org/>	(1S)-1-(3-hydroxy-4-methoxybenzyl)-6-methoxy-2-methyl-1,2,3,4-tetrahydroisoquinolin-7-ol	329.1627082319	C1([NH+]([C@H](C2(\C=C(C(/OC)=C\C(/C1)=2)\O))CC3(\C=C/C(/OC)=C(\C=3)/O))C)		BHLYRWXGMIUIHG-HNNXBMFYSA-O									PlantCyc/PMN local PGDB
CPD-17637	CPD-17637	7-hydroxylaurate	216.1725446367					C12H23O3			plantcyc <https://plantcyc.org/>	7-hydroxydodecanoic acid // 7-hydroxylauric acid // 7-hydroxydodecanoate	216.1725446367	CCCCCC(O)CCCCCC([O-])=O		BNWKMHUFFKDAMV-UHFFFAOYSA-M									PlantCyc/PMN local PGDB
CPD-16613	CPD-16613	oryzalexin B	302.2245802072					C20H30O2			plantcyc <https://plantcyc.org/>		302.2245802072	C=C[C@@]3(CC[C@H]2([C@@]1(CCC(C(C)(C)[C@H]1C[C@H](O)C/2=C/3)=O)C))C		PXSLLXAAZWPICX-YMBUTIGBSA-N									PlantCyc/PMN local PGDB
CPDQT-40	CPDQT-40	3-[(7'-methylsulfanyl)heptyl]malate	278.1187945067					C12H20O5S			plantcyc <https://plantcyc.org/>	3-[(7'-methylthio)heptyl]malic acid // 3-[(7'-methylthio)heptyl]malate	278.1187945067	CSCCCCCCCC(C(O)C(=O)[O-])C(=O)[O-]		SXLJFGXGVBWOOB-UHFFFAOYSA-L									PlantCyc/PMN local PGDB
CPD-7526	CPD-7526	9,9'-di- cis -&zeta;-carotene	540.469501926					C40H60			plantcyc <https://plantcyc.org/>		540.469501926	CC(C)=CCCC(\C)=C/CCC(/C)=C/C=C/C(\C)=C/C=C/C=C(C)/C=C/C=C(C)\CC/C=C(C)/CCC=C(C)C		BIWLELKAFXRPDE-ZURBLSRNSA-N									PlantCyc/PMN local PGDB
CPD-11229	CPD-11229	(indol-3-yl)acetyl-L-tyrosine	338.1266570766					C19H17N2O4			plantcyc <https://plantcyc.org/>	indole-3-acetyl-Tyr	338.1266570766	C2(\NC3(/C=C\C=C/C(/C(\CC(N[C@H](C([O-])=O)CC1(\C=C/C(/O)=C\C=1))=O)=2)=3))		HLBLLQMXYYYBLN-KRWDZBQOSA-M									PlantCyc/PMN local PGDB
CPD-7064	CPD-7064	primary fluorescent chlorophyll catabolite	628.2896996595					C35H38N4O7			plantcyc <https://plantcyc.org/>	pFCC // (82R,12S,13S)-12-(2-carboxyethyl)-3-ethyl-1-formyl-82-(methoxycarbonyl)-2,7,13,17-tetramethyl-18-vinyl-12,13-dihydro-8,10-ethanobilene-b-81,19(16H)-dione	628.2896996595	CCC5(\C(/C)=C(C=O)/NC(/CC1(\NC2(\C(/[C-](C(OC)=O)C(=O)C(\C(/C)=1)=2)=C4([C@@H](CCC(=O)[O-])[C@H](C)C(/CC3(C(/C)=C(C=C)/C(=O)N3))=N/4))))=5)		VHQSFNUIHPNTMW-LRYVNUGJSA-M									PlantCyc/PMN local PGDB
CPD-8677	CPD-8677	(9 S )-HPODE	312.2300595156					C18H31O4			plantcyc <https://plantcyc.org/>	9(S)-hydroperoxy-10(E),12(Z)-octadecadienoic acid // (9 S )-HPOD // 9(S)-hydroperoxy-10(E),12(Z)-octadecadienoate // (9S,10E,12Z)-9-hydroperoxy-10,12-octadecadienoate	312.2300595156	CCCCC\C=C/C=C/[C@H](CCCCCCCC([O-])=O)OO		JGUNZIWGNMQSBM-UINYOVNOSA-M									PlantCyc/PMN local PGDB
CPD-9924	CPD-9924	(1R,2S,5S,6S)-2-succinyl-5-enolpyruvyl-6-hydroxycyclohex-3-ene-1-carboxylate	328.0794321125					C14H13O9			plantcyc <https://plantcyc.org/>	2-succinyl-5-enolpyruvyl-6-hydroxy-3-cyclohexene-1-carboxylic acid // 5-enolpyruvoyl-6-hydroxy-2-succinyl-cyclohex-3-ene-1-carboxylic acid // 5-Enolpyruvoyl-6-hydroxy-2-succinylcyclohex-3-ene-1-carboxylate // 2-succinyl-5-enolpyruvoyl-6-hydroxy-3-cyclohexene-1-carboxylate	328.0794321125	C=C(C(=O)[O-])O[C@H]1(\C=C/[C@H](C(=O)CCC(=O)[O-])[C@H]([C@H](O)1)C(=O)[O-])		XYCATPIYKOARSZ-OAIFWDMCSA-K									PlantCyc/PMN local PGDB
CPD-22667	CPD-22667	1,4,5,6-tetrahydropyridine-2-carboxylate	127.0633285383					C6H9NO2			plantcyc <https://plantcyc.org/>	2,3-didehydropiperidine-2-carboxylate // &Delta; 2 -piperideine-2-carboxylate	127.0633285383	C1([NH2+]C(/C(=O)[O-])=C/CC1)		SYHALQNMKJVYAZ-UHFFFAOYSA-N									PlantCyc/PMN local PGDB
GALACTOSE-1P	GALACTOSE-1P	alpha-D-galactose 1-phosphate	260.0297185262					C6H11O9P			plantcyc <https://plantcyc.org/>	alpha-D-Gal-1-P // alpha-D-galactopyranose 1-phosphate // galactose-1-P // D-galactose-1-phosphate	260.0297185262	C(O)[C@H]1(O[C@H](OP(=O)([O-])[O-])[C@H](O)[C@@H](O)[C@@H](O)1)		HXXFSFRBOHSIMQ-FPRJBGLDSA-L									PlantCyc/PMN local PGDB
2-DEHYDROPANTOATE	2-DEHYDROPANTOATE	2-dehydropantoate	146.0579088094					C6H9O4			plantcyc <https://plantcyc.org/>	ketopantoate // 2-ketopantoate	146.0579088094	CC(C(=O)C([O-])=O)(CO)C		PKVVTUWHANFMQC-UHFFFAOYSA-M									PlantCyc/PMN local PGDB
CPD-18334	CPD-18334	2-carboxy-1,4-naphthoquinone	202.026608681					C11H5O4			plantcyc <https://plantcyc.org/>	1,4-diketo-2-naphthoate // 1,4-dioxo-2-naphthoate	202.026608681	C([O-])(=O)C1(\C(=O)C2(/C=C\C=C/C(/C(=O)/C=1)=2))		UZSCBEJDBQICON-UHFFFAOYSA-M									PlantCyc/PMN local PGDB
CPD-12829	CPD-12829	plastoquinol-9	750.6314818764					C53H82O2			plantcyc <https://plantcyc.org/>		750.6314818764	CC(C)=CCCC(\C)=C/CCC(\C)=C/CCC(\C)=C/CCC(\C)=C/CCC(\C)=C/CCC(\C)=C/CCC(\C)=C/CCC(\C)=C/CC1(\C(\O)=C(C)/C(\C)=C(\C=1)/O)		IJBLJLREWPLEPB-IQSNHBBHSA-N									PlantCyc/PMN local PGDB
CPD-8168	CPD-8168	1-18:3-2-18:3-monogalactosyldiacylglycerol	774.5281985964					C45H74O10			plantcyc <https://plantcyc.org/>	18:3-18:3-MGDG // 1,2-(9Z,12Z,15Z-octadecatrienoyl)-3-O-beta-D-galactosyl-sn-glycerol	774.5281985964	CC\C=C/C\C=C/C\C=C/CCCCCCCC(OC[C@H](CO[C@@H]1(O[C@H](CO)[C@H](O)[C@H](O)[C@@H](O)1))OC(=O)CCCCCCC\C=C/C\C=C/C\C=C/CC)=O		QUZHZFAQJATMCA-QAZQWDDOSA-N									PlantCyc/PMN local PGDB
TETRAHYDROPALMATINE	TETRAHYDROPALMATINE	( S )-tetrahydropalmatine	355.1783582961					C21H25NO4			plantcyc <https://plantcyc.org/>		355.1783582961	C1(CC4(/C=C(C(/OC)=C\C(\[C@@H]2(CC3(\C(\CN12)=C(C(/OC)=C\C=3)\OC)))=4)/OC))		AEQDJSLRWYMAQI-KRWDZBQOSA-N									PlantCyc/PMN local PGDB
CPD-12835	CPD-12835	anthraniloyl- O -glucopyranose	299.1005019056					C13H17NO7			plantcyc <https://plantcyc.org/>	anthranilic acid-beta-glucoside // 2-aminobenzoic acid-beta-glucoside // anthranilic acid, beta-D-glucosyl ester // 1-O-beta-D-Glucopyranosyl anthranilate // D-Glucose 1-anthranilate // anthraniloyl- O -glucose // anthranilate-beta-glucoside	299.1005019056	C(O)[C@H]2(O[C@@H](OC(C1(/C=C\C=C/C(/N)=1))=O)[C@H](O)[C@@H](O)[C@H](O)2)		GTQKOJVFDJDUGN-HMUNZLOLSA-N									PlantCyc/PMN local PGDB
CPD-464	CPD-464	prephytoene diphosphate	722.4440275575					C40H65O7P2			plantcyc <https://plantcyc.org/>	(1R,2R,3R)-prephytoene diphosphate	722.4440275575	CC(C)=CCCC(\C)=C/CCC(\C)=C/CCC(\C)=C/[C@@H]1([C@@](CC/C=C(C)/CC/C=C(C)/CCC=C(C)C)([C@H]1COP(OP(=O)([O-])[O-])([O-])=O)C)		RVCNKTPCHZNAAO-IMSLGMFESA-K									PlantCyc/PMN local PGDB
CPD-21254	CPD-21254	beta-L-idopyranuronate	194.0426526757					C6H9O7			plantcyc <https://plantcyc.org/>		194.0426526757	C([O-])(=O)[C@@H]1(O[C@H](O)[C@H](O)[C@@H](O)[C@H](O)1)		AEMOLEFTQBMNLQ-URDJKYRMSA-M									PlantCyc/PMN local PGDB
N-5-PHOSPHORIBOSYL-ANTHRANILATE	N-5-PHOSPHORIBOSYL-ANTHRANILATE	N -(5-phosphoribosyl)-anthranilate	349.0562676277					C12H13NO9P			plantcyc <https://plantcyc.org/>	N -(5-phospho-D-ribosyl)-anthranilate // N -(5-phospho-beta-D-ribosyl)-anthranilate // 5-phosphoribosyl-anthranilate // 5-P-ribosyl-anthranilate // 5'-phosphoribosyl-anthranilate // 5'-P-ribosyl-anthranilate	349.0562676277	C(OP(=O)([O-])[O-])[C@H]2(O[C@@H](NC1(/C=C\C=C/C(/C(=O)[O-])=1))[C@H](O)[C@H](O)2)		PMFMJXPRNJUYMB-GWOFURMSSA-K									PlantCyc/PMN local PGDB
CPD-4703	CPD-4703	(-)-vetispiradiene	204.1878007704					C15H24			plantcyc <https://plantcyc.org/>	(2R,5S,10R)-6,10-dimethyl-2-(prop-1-en-2-yl)spiro[4.5]dec-6-ene // premnaspirodiene // (-)-premnaspirodiene // (2S,5S,10R)-6,10-dimethyl-2-(prop-1-en-2-yl)spiro[4.5]dec-6-ene	204.1878007704	C=C([C@@H]2(C[C@@]1([C@@H](CC\C=C(C)/1)C)CC2))C		WEZDOYDDKIHCLM-ILXRZTDVSA-N									PlantCyc/PMN local PGDB
CPD-402	CPD-402	N -methylanthranilate	151.0633285383					C8H8NO2			plantcyc <https://plantcyc.org/>	N -methylanthranilic acid // 2-(methylamino)benzoic acid	151.0633285383	CNC1(\C(\C([O-])=O)=C/C=C\C=1)		WVMBPWMAQDVZCM-UHFFFAOYSA-M									PlantCyc/PMN local PGDB
CHLOROPHYLL-B	CHLOROPHYLL-B	chlorophyll b	906.5145779004					C55H70N4O6MG			plantcyc <https://plantcyc.org/>		906.5145779004	C=CC4(\C(/C)=C5(\C=C7([C@@H](C)[C@H](CCC(=O)OC/C=C(C)/CCC[C@H](C)CCC[C@H](C)CCCC(C)C)C(\C6(/[C@@H](C(OC)=O)C(=O)C1(\C(\N2([Mg]N(C(/C=C3(C(/C=O)=C(CC)\C(/C=C(C(\C)=1)\2)=N3))=4)5))=6)))=N7)))											PlantCyc/PMN local PGDB
L-CYSTEATE	L-CYSTEATE	L-cysteate	169.0044930304					C3H6NO5S			plantcyc <https://plantcyc.org/>	L-cysteic acid // 3-sulfoalanine // 2-amino-3-sulfopropionic acid // ( R )-cysteate // 3-sulfo-L-alanine // (2R)-2-amino-3-sulfopropanoic acid	169.0044930304	C([C@H]([NH3+])C(=O)[O-])S(=O)(=O)[O-]		XVOYSCVBGLVSOL-REOHCLBHSA-M									PlantCyc/PMN local PGDB
DPG	DPG	3-phospho-D-glyceroyl phosphate	265.9592694978					C3H4O10P2			plantcyc <https://plantcyc.org/>	1,3-bisphospho-D-glycerate // 3-phosphoglyceroyl-P // P-glyceroyl-P // phosphoglyceroyl-P // 3-phosphoglyceroyl phosphate // 3-P-glyceroyl-P // DPG // glycerate 1,3-bisphosphate // 3-phosphonato-D-glyceroyl phosphate // 1,3-bisphosphoglycerate	265.9592694978	C([C@@H](O)C(OP(=O)([O-])[O-])=O)OP(=O)([O-])[O-]		LJQLQCAXBUHEAZ-UWTATZPHSA-J									PlantCyc/PMN local PGDB
CPD-10687	CPD-10687	3-acetamidopropanal	115.0633285383					C5H9NO2			plantcyc <https://plantcyc.org/>	N-(3-oxopropyl)acetamide	115.0633285383	CC(=O)NCCC=O		ARJPPNFIEQKVBB-UHFFFAOYSA-N									PlantCyc/PMN local PGDB
CPD-12046	CPD-12046	beta-L-arabinofuranose	150.0528234315					C5H10O5			plantcyc <https://plantcyc.org/>	beta-L-arabinose // beta-L-Ara f	150.0528234315	C(O)[C@H]1([C@H](O)[C@@H](O)[C@@H](O)O1)		HMFHBZSHGGEWLO-KLVWXMOXSA-N									PlantCyc/PMN local PGDB
CPD-7535	CPD-7535	9,15,9'-tri- cis -&zeta;-carotene	540.469501926					C40H60			plantcyc <https://plantcyc.org/>	9,15,9'- cis -&zeta;-carotene	540.469501926	CC(C)=CCCC(\C)=C/CCC(/C)=C/C=C/C(\C)=C/C=C\C=C(C)\C=C\C=C(C)/CC/C=C(C)/CCC=C(C)C		BIWLELKAFXRPDE-LMARSQGMSA-N									PlantCyc/PMN local PGDB
CPD-7965	CPD-7965	gentiodelphin	1113.2723361201					C51H52O28			plantcyc <https://plantcyc.org/>	delphinidin 3- O -glucosyl-5- O -caffeoylglucoside-3'- O -caffeoylglucoside	1113.2723361201	C(O)[C@@H]8([C@@H](O)[C@H](O)[C@@H](O)[C@H](OC4(\C(C1(\C=C(C(\O)=C(/C=1)\O)\O[C@H]3([C@H](O)[C@@H](O)[C@H](O)[C@@H](COC(=O)/C=C/C2(/C=C(C(/O)=C\C=2)/O))O3)))=[O+]C5(\C(/C=4)=C(/C=C(/C=5)/[O-])\O[C@H]7([C@H](O)[C@@H](O)[C@H](O)[C@@H](COC(=O)/C=C/C6(/C=C(C(/O)=C\C=6)/O))O7))))O8)		CMHKKALEZOJWDP-JXKRDHHRSA-N									PlantCyc/PMN local PGDB
1-KETO-2-METHYLVALERATE	1-KETO-2-METHYLVALERATE	( R )-2,3-dihydroxy-3-methylpentanoate	148.0735588736					C6H11O4			plantcyc <https://plantcyc.org/>	( R )-2,3-dihydroxy-3-methylvalerate	148.0735588736	CC[C@@](C)(O)[C@H](C([O-])=O)O		PDGXJDXVGMHUIR-UJURSFKZSA-M									PlantCyc/PMN local PGDB
CPD-15078	CPD-15078	1-phenyl-3-(2,4,6-trihydroxyphenyl)propane-1,3-dione	272.0684734957					C15H12O5			plantcyc <https://plantcyc.org/>	2,5,7-trihydroxyflavanone dibenzoylmethane tautomer	272.0684734957	C2(\C=C/C(/C(=O)CC(=O)C1(/C(/O)=C\C(\O)=C/C(/O)=1))=C\C=2)		WLHWYWTVMPZGJG-UHFFFAOYSA-N									PlantCyc/PMN local PGDB
DUDP	DUDP	dUDP	388.0072823229					C9H11N2O11P2			plantcyc <https://plantcyc.org/>	2'-deoxyuridine-5'-diphosphate // deoxyuridine-diphosphate	388.0072823229	C(OP(=O)([O-])OP(=O)([O-])[O-])[C@H]2(O[C@@H](N1(\C=C/C(=O)NC1=O))C[C@H](O)2)		QHWZTVCCBMIIKE-SHYZEUOFSA-K									PlantCyc/PMN local PGDB
CPD-21400	CPD-21400	(+)-nootkatol	220.1827153925					C15H24O			plantcyc <https://plantcyc.org/>	beta-nootkatol // (+)-trans-nootkatol // trans-nootkatol	220.1827153925	C=C(C)[C@H]1(C[C@@]2(C)([C@H](C)C[C@H](O)\C=C(CC1)/2))		GFNWRKNVTHDNPV-UXOAXIEHSA-N									PlantCyc/PMN local PGDB
3-SULFINOALANINE	3-SULFINOALANINE	3-sulfino-L-alanine	153.0095784083					C3H6NO4S			plantcyc <https://plantcyc.org/>	cysteine sulfinate // cysteine sulphinate // L-cysteine sulfinate // 3-sulfinoalanine // L-cysteinesulfinic acid // 3-sulphino-L-alanine // cysteine-sulfinate // cysteine sulfinic acid // cysteinesulfinic acid	153.0095784083	C([C@H]([NH3+])C(=O)[O-])S([O-])=O		ADVPTQAUNPRNPO-REOHCLBHSA-M									PlantCyc/PMN local PGDB
CPD-8080	CPD-8080	1-18:2-2-16:3-monogalactosyldiacylglycerol	748.5125485322					C43H72O10			plantcyc <https://plantcyc.org/>	18:2-16:3-MGDG // 1-(9Z,12Z-octadecadienoyl)-2-(7Z,10Z,13Z-hexadecatrienoyl)-3-O-beta-D-galactosyl-sn-glycerol	748.5125485322	CCCCC\C=C/C\C=C/CCCCCCCC(OC[C@H](CO[C@@H]1(O[C@@H]([C@@H]([C@@H]([C@H]1O)O)O)CO))OC(CCCCC\C=C/C\C=C/C\C=C/CC)=O)=O		DVRKGRMGQJLNPC-NIDYUPDJSA-N									PlantCyc/PMN local PGDB
CPD-9955	CPD-9955	ubiquinol- 7	660.5117606712					C44H68O4			plantcyc <https://plantcyc.org/>	ubiquinol(7)	660.5117606712	CC(C)=CCCC(\C)=C/CCC(\C)=C/CCC(\C)=C/CCC(\C)=C/CCC(\C)=C/CCC(\C)=C/CC1(\C(\O)=C(C(\OC)=C(C(/C)=1)\O)\OC)		PFIUSPPKANBDHQ-RJYQSXAYSA-N									PlantCyc/PMN local PGDB
CPD-16611	CPD-16611	oryzalexin E	304.2402302714					C20H32O2			plantcyc <https://plantcyc.org/>		304.2402302714	C=C[C@@]3(CC[C@@]2(O)([C@@]1(CC[C@H](C(C)(C)[C@H]1CCC/2=C\3)O)C))C		RGLTYROISYBKIW-BDUQCRIQSA-N									PlantCyc/PMN local PGDB
CPD-4617	CPD-4617	dihydrozeatin- O -glucoside	383.1804835611					C16H25N5O6			plantcyc <https://plantcyc.org/>		383.1804835611	C[C@@H](CCNC1(\C2(\N=C/NC(/N=C\N=1)=2)))CO[C@@H]3([C@@H]([C@H]([C@@H]([C@H](O3)CO)O)O)O)		QRZHDHJUYBONQQ-JSYMRTRDSA-N									PlantCyc/PMN local PGDB
CPD-11522	CPD-11522	3-oxo-2-(cis-2'-pentenyl)-cyclopentane-1-(E-hexa-2-enoyl)-CoA	1013.277188316					C37H54N7O18P3S			plantcyc <https://plantcyc.org/>	OPC6-trans-2-enoyl-CoA	1013.277188316	CC\C=C/C[C@H]1([C@H](CCC(=O)1)CCC/C=C/C(SCCNC(=O)CCNC(=O)[C@H](O)C(C)(C)COP(=O)(OP(=O)(OC[C@@H]2([C@@H](OP([O-])(=O)[O-])[C@@H](O)[C@@H](O2)N3(C4(\N=C/N=C(C(\N=C/3)=4)/N))))[O-])[O-])=O)		IEENEQSEOWXDQK-DIOAFZBUSA-J									PlantCyc/PMN local PGDB
CPD-23996	CPD-23996	3-methyl-1-oxo-2-[3-oxo-3-(pyrrolidin-1-yl)propyl]-1,5-dihydrobenzo[4,5]imidazo[1,2-a]pyridine-4-carbonitrile	348.158625907					C20H20N4O2			plantcyc <https://plantcyc.org/>		348.158625907	CC3(\C(\C#N)=C1(NC4(/C=C\C=C/C(/N1C(=O)C(/CCC(=O)N2(CCCC2))=3)=4)))		AEVYTKKOGUOZJH-UHFFFAOYSA-N									PlantCyc/PMN local PGDB
CPD-14908	CPD-14908	quercetagetin 7- O -glucoside	480.0903907293					C21H19O13			plantcyc <https://plantcyc.org/>	quercetagritin	480.0903907293	C4(/C=C(C(/O)=C\C(\C1(\OC2(\C(\C(=O)C(/[O-])=1)=C(C(\O)=C(/C=2)\O[C@H]3([C@@H]([C@H]([C@H](O)[C@H](O3)CO)O)O))\O)))=4)/O)		IDTDRZPBDLMCLB-HSOQPIRZSA-M									PlantCyc/PMN local PGDB
PHOSPHORIBULOSYL-FORMIMINO-AICAR-P	PHOSPHORIBULOSYL-FORMIMINO-AICAR-P	phosphoribulosylformimino-AICAR-phosphate	577.08223818					C15H21N5O15P2			plantcyc <https://plantcyc.org/>	5-[(5-phospho-1-deoxy-beta-D-ribulos-1-ylamino)methylideneamino]-1-(5-phosphoribosyl)imidazole-4-carboxamide // N-(5'-phospho-D-1'-ribulosylformimino)-5-amino-1-(5''-phosphoribosyl)-4-imidazolecarboxamide // phosphoribulosylformiminoAICAR-phosphate // phosphoribulosyl-formimino-5-aminoimidazole-4-carboxamide ribotide phosphate // phosphoribulosyl-formimino-5-aminoimidazole-4-carboxamide ribonucleotide phosphate // PRFAR // N-(5'phospho-D-1'-ribulosylformimino)-5-amino-1-(5-phosphoribosyl)-4-imidazolecarboxamide // phosphoribulosylformimino-AICAR-P	577.08223818	C(OP(=O)([O-])[O-])[C@@H](O)[C@@H](O)C(=O)C/N=C/NC1(\N(\C=N/C(\C(=O)N)=1)[C@@H]2(O[C@H](COP([O-])([O-])=O)[C@@H](O)[C@@H](O)2))		BLKFNHOCHNCLII-GHVQHMAVSA-J									PlantCyc/PMN local PGDB
DIVINYL-PROTOCHLOROPHYLLIDE-A	DIVINYL-PROTOCHLOROPHYLLIDE-A	3,8-divinyl protochlorophyllide a	610.2066619943					C35H28N4O5MG			plantcyc <https://plantcyc.org/>	divinylprotochlorophyllide	610.2066619943	C=CC4(\C(/C)=C5(\C=C7(C(/C)=C(CCC(=O)[O-])/C(C6(/[C-](C(OC)=O)C(=O)C1(\C(\N2([Mg]N(C(/C=C3(C(/C)=C(C=C)/C(\C=C(C(\C)=1)/2)=N3))=4)5))=6)))=N7)))											PlantCyc/PMN local PGDB
CPD-564	CPD-564	S -ribosyl-L-homocysteine	267.0776579735					C9H17NO6S			plantcyc <https://plantcyc.org/>	Ribose-5-S-homocysteine // S-D-ribosyl-L-homocysteine // ribose-5- S -homocysteine // S-ribosylhomocysteine // S -(5-deoxy-D-ribos-5-yl)-L-homocysteine	267.0776579735	C(SC[C@H]1(OC(O)[C@H](O)[C@H](O)1))C[C@@H](C(=O)[O-])[NH3+]		IQFWYNFDWRYSRA-BLELIYKESA-N									PlantCyc/PMN local PGDB
CPD-5742	CPD-5742	amobarbital	226.1317424545					C11H17N2O3			plantcyc <https://plantcyc.org/>	amytal	226.1317424545	CCC1(C([N-]C(NC1=O)=O)=O)CCC(C)C		VIROVYVQCGLCII-UHFFFAOYSA-M									PlantCyc/PMN local PGDB
CPD-20264	CPD-20264	8-[(2S)-2-amino-2-carboxylatoethyl]-5-hydroxy-2H-1,4-benzothiazine-3-carboxylate	296.0466921961					C12H11N2O5S			plantcyc <https://plantcyc.org/>		296.0466921961	C1(SC2(\C(\N=C(C([O-])=O)/1)=C(\C=C/C(\C[C@@H](C(=O)[O-])[NH3+])=2)\O))		RQBIFHFSVGODDD-LURJTMIESA-M									PlantCyc/PMN local PGDB
CPD-14283	CPD-14283	trans -cerot-2-enoyl-CoA	1143.4857245285					C47H80N7O17P3S			plantcyc <https://plantcyc.org/>	trans -2,3-dihydro-cerotenoyl-CoA // (2 E )-cerotenoyl-CoA	1143.4857245285	CCCCCCCCCCCCCCCCCCCCCCC/C=C/C(=O)SCCNC(=O)CCNC(=O)[C@H](O)C(C)(C)COP(=O)(OP(=O)(OC[C@H]1(O[C@H]([C@@H]([C@@H]1OP([O-])(=O)[O-])O)N2(C3(\N=C/N=C(C(\N=C/2)=3)/N))))[O-])[O-]		GGUUXBBWTGIIGE-KESUDTCVSA-J									PlantCyc/PMN local PGDB
CPD-13578	CPD-13578	aminomethylpyrimidine	138.0905463418					C6H11N4			plantcyc <https://plantcyc.org/>	4-amino-5-aminomethyl-2-methylpyrimidine // 2-methyl-4-amino-5-aminomethylpyrimidine	138.0905463418	CC1(\N=C/C(\C[NH3+])=C(N)\N=1)		OZOHTVFCSKFMLL-UHFFFAOYSA-O									PlantCyc/PMN local PGDB
2-C-METHYL-D-ERYTHRITOL-4-PHOSPHATE	2-C-METHYL-D-ERYTHRITOL-4-PHOSPHATE	2-C-methyl-D-erythritol 4-phosphate	216.039889282					C5H11O7P			plantcyc <https://plantcyc.org/>	2-methylerylthritol 4-phosphate	216.039889282	C[C@](O)(CO)[C@H](O)COP([O-])([O-])=O		XMWHRVNVKDKBRG-UHNVWZDZSA-L									PlantCyc/PMN local PGDB
CPD-15227	CPD-15227	6-tuliposide A	278.1001675546					C11H18O8			plantcyc <https://plantcyc.org/>	6-O-(4-hydroxy-2-methylenebutanoyl)-D-glucose	278.1001675546	C=C(CCO)C(=O)OC[C@@H]1([C@@H](O)[C@H](O)[C@@H](O)C(O)O1)		NABVFHUVYXEKSQ-OGADHKOYSA-N									PlantCyc/PMN local PGDB
CPD-7117	CPD-7117	delphinidin-3- O -beta-D-glucoside	465.1033011393					C21H19O12			plantcyc <https://plantcyc.org/>	delfinidin-3-O-glucoside	465.1033011393	C(O)[C@@H]4([C@@H](O)[C@H](O)[C@@H](O)[C@H](OC2(\C(C1(\C=C(C(\O)=C(/C=1)\O)\O))=[O+]C3(\C(/C=2)=C(/C=C(/C=3)/[O-])\[O-])))O4)		XENHPQQLDPAYIJ-PEVLUNPASA-M									PlantCyc/PMN local PGDB
OH-PYR	OH-PYR	3-hydroxypyruvate	104.0109586168					C3H3O4			plantcyc <https://plantcyc.org/>	beta-hydroxypyruvate // OH-pyruvate // OH-pyr // hydroxypyruvate // hydroxypyruvic acid // 3-hydroxy-2-oxopropanoic acid // 3-hydroxy-2-oxopropanoate // beta-hydroxypyruvic acid	104.0109586168	C(C(=O)C([O-])=O)O		HHDDCCUIIUWNGJ-UHFFFAOYSA-M									PlantCyc/PMN local PGDB
3-HYDROXY-PROPIONATE	3-HYDROXY-PROPIONATE	3-hydroxypropanoate	90.0316940589					C3H5O3			plantcyc <https://plantcyc.org/>	3-hydroxypropionate // beta-hydroxypropionate // 3-hydroxypropanoic acid // 3-hydropropionic acid // hydracrylic acid // 3-hydroxypropionic acid	90.0316940589	C(CO)C([O-])=O		ALRHLSYJTWAHJZ-UHFFFAOYSA-M									PlantCyc/PMN local PGDB
SIROHEME	SIROHEME	siroheme	918.225823551					C42H36N4O16FE			plantcyc <https://plantcyc.org/>		918.225823551	C[C@]3(CC(=O)[O-])([C@H](CCC(=O)[O-])C7(\[N+]4(\[Fe-2]16([N+]5(\C(/C(\CCC([O-])=O)=C(CC(=O)[O-])\C(/C=C2([C@@](C)(CC(=O)[O-])[C@H](CCC(=O)[O-])C(\N12)=C\C/3=4))=5)=C/C8(/N6C(/C=7)=C(CC([O-])=O)/C(\CCC(=O)[O-])=8))))))		DLKSSIHHLYNIKN-QIISWYHFSA-D									PlantCyc/PMN local PGDB
5-ALPHA-CHOLESTA-724-DIEN-3-BETA-OL	5-ALPHA-CHOLESTA-724-DIEN-3-BETA-OL	5alpha-cholesta-7,24-dien-3beta-ol	384.3392160345					C27H44O			plantcyc <https://plantcyc.org/>		384.3392160345	CC(C)=CCC[C@@H](C)[C@H]1(CC[C@@H]3([C@@](C)1CC[C@H]2([C@]4(C)([C@H](CC=C23)C[C@@H](O)CC4))))		PKEPPDGGTSZLBL-SKCNUYALSA-N									PlantCyc/PMN local PGDB
CPD-12841	CPD-12841	2,4-dihydroxyquinoline	163.0633285383					C9H9NO2			plantcyc <https://plantcyc.org/>	2,4-quinolinediol	163.0633285383	C1(\C=C/C2(/NC(O)/C=C(C(/C=1)=2)/O))		RJINPVKBEQSXIS-UHFFFAOYSA-N									PlantCyc/PMN local PGDB
CPD-3617	CPD-3617	decanoate	172.1463298862					C10H19O2			plantcyc <https://plantcyc.org/>	caprate // decanoic acid // n-decanoate // n-capric acid // caprinic acid // caprinate // capric acid	172.1463298862	CCCCCCCCCC(=O)[O-]		GHVNFZFCNZKVNT-UHFFFAOYSA-M									PlantCyc/PMN local PGDB
CPD-13118	CPD-13118	GDP-beta-L-fucose	589.08223818					C16H23N5O15P2			plantcyc <https://plantcyc.org/>	GDP-beta-L-fucopyranose // GDP-L-fucose // guanosine diphosphate fucose // GDP-L-fucopyranose // GDP-L-Fuc // GDP-L-Fuc p	589.08223818	C[C@@H]4(O[C@H](OP(OP(=O)([O-])OC[C@H]3(O[C@@H](N1(C2(\N=C(N)/NC(=O)C(\N=C/1)=2)))[C@H](O)[C@H](O)3))(=O)[O-])[C@H]([C@@H]([C@@H]4O)O)O)		LQEBEXMHBLQMDB-JGQUBWHWSA-L									PlantCyc/PMN local PGDB
CPD-26783	CPD-26783	OA-6129 B2	473.1831856775					C20H30N3O8S			plantcyc <https://plantcyc.org/>		473.1831856775	C[C@@H](O)[C@H]1(C(=O)N2(C(\C(=O)[O-])=C(C[C@H]12)/SCCNC(=O)CCNC(=O)[C@H](O)C(C)(C)CO))		HNLNYXRYILRJHY-JDOCFBBISA-M									PlantCyc/PMN local PGDB
CPD-13370	CPD-13370	(2E,4E,6E)-4-methylocta-2,4,6-trienedial	150.0680795652					C9H10O2			plantcyc <https://plantcyc.org/>		150.0680795652	CC(/C=C/C=O)=C\C=C\C=O		HLZZDTVXNYNFKH-BNFXUGDESA-N									PlantCyc/PMN local PGDB
CPD0-1246	CPD0-1246	D,L-cyclohexanephosphinothricin	221.0816945172					C8H15NO4P			plantcyc <https://plantcyc.org/>	CHPPT	221.0816945172	CP([O-])(=O)C1(CC(C(=O)[O-])([NH3+])CCC1)		ZAIBDODFHKWMIG-UHFFFAOYSA-M									PlantCyc/PMN local PGDB
CPD0-1326	CPD0-1326	p-(bromoacetamido)phenyl uridyl pyrophosphate	614.9654733649					C17H18N3O13P2BR			plantcyc <https://plantcyc.org/>		614.9654733649	C(Br)C(=O)NC3(\C=C/C(/OP(=O)([O-])OP(=O)([O-])OC[C@H]1(O[C@H]([C@H](O)[C@H](O)1)N2(\C=C/C(=O)NC(=O)2)))=C\C=3)		RQKFRKXXIQLRRR-RAEVTNRLSA-L									PlantCyc/PMN local PGDB
CPD-15074	CPD-15074	2-hydroxynaringenin	288.0633881178					C15H11O6			plantcyc <https://plantcyc.org/>		288.0633881178	C3(/C=C(\C=C/C(/C1(O)(OC2(\C(\C(=O)C1)=C(/C=C(/C=2)/[O-])\O)))=3)/O)		NFENYLPEYDNIMO-UHFFFAOYSA-M									PlantCyc/PMN local PGDB
CPD-19753	CPD-19753	2-dehydro-3-deoxy-D-octonate	238.0688674262					C8H13O8			plantcyc <https://plantcyc.org/>	keto-3-deoxy-D-manno-octulosonate // 3-deoxy-D-manno-octulosonate // keto-3-deoxy-D-manno-oct-2-ulosonate	238.0688674262	C([C@H]([C@H]([C@@H]([C@@H](CO)O)O)O)O)C(=O)C([O-])=O		KYQCXUMVJGMDNG-SHUUEZRQSA-M									PlantCyc/PMN local PGDB
CPD-12629	CPD-12629	salicylate beta-D-glucose ester	300.0845174904					C13H16O8			plantcyc <https://plantcyc.org/>	salicylic acid beta-D-glucose ester // beta-D-glucopyranose, 1-(2-hydroxybenzoate) // SGE // SA beta-D-glucose ester // 2-hydroxybenzoic acid glucose ester // glucosyl salicylate	300.0845174904	C(O)[C@H]2(O[C@@H](OC(C1(/C=C\C=C/C(/O)=1))=O)[C@H](O)[C@@H](O)[C@H](O)2)		XNHKMZHWRNMFCU-HMUNZLOLSA-N									PlantCyc/PMN local PGDB
CPD-15172	CPD-15172	6,7-dehydrobaicalein	268.0371733673					C15H8O5			plantcyc <https://plantcyc.org/>		268.0371733673	C3(\C=C/C(/C1(/OC2(\C(\C(=O)\C=1)=C(C(=O)C(=O)/C=2)\O)))=C\C=3)		LSQWCIYRGVWPFX-UHFFFAOYSA-N									PlantCyc/PMN local PGDB
L-DELTA1-PYRROLINE_5-CARBOXYLATE	L-DELTA1-PYRROLINE_5-CARBOXYLATE	( S )-1-pyrroline-5-carboxylate	113.0476784741					C5H6NO2			plantcyc <https://plantcyc.org/>	pyrroline 5-carboxylate // L-&Delta; 1 -pyrroline-5-carboxylate // 1-pyrroline-5-carboxylate // L-1-pyrroline-5-carboxylate // delta-1-pyrroline-5-carboxylic acid // delta-1-pyrroline-5-carboxylate	113.0476784741	C1(\CC[C@@H](C(=O)[O-])\N=1)		DWAKNKKXGALPNW-BYPYZUCNSA-M									PlantCyc/PMN local PGDB
2-HYDROXYDAIDZEIN	2-HYDROXYDAIDZEIN	2'-hydroxydaidzein	270.0528234315					C15H10O5			plantcyc <https://plantcyc.org/>	2',4',7-trihydroxyisoflavone	270.0528234315	C1(\C(\O)=C/C(/O)=C(\C=1)/C2(/C(=O)C3(/C=C\C(\O)=C/C(/O\C=2)=3)))		ZCTNPCRBEWXCGP-UHFFFAOYSA-N									PlantCyc/PMN local PGDB
PANTOTHENATE	PANTOTHENATE	( R )-pantothenate	219.1106726614					C9H16NO5			plantcyc <https://plantcyc.org/>	vitamin B 5 // ( R )-pantothenic acid // D-pantothenic acid	219.1106726614	CC(C)(CO)[C@@H](O)C(=O)NCCC(=O)[O-]		GHOKWGTUZJEAQD-ZETCQYMHSA-M									PlantCyc/PMN local PGDB
CPD-19795	CPD-19795	castasterone 22- O -sulfate	544.3069892076					C28H47O8S			plantcyc <https://plantcyc.org/>		544.3069892076	CC(C)[C@H](C)[C@@H](O)[C@H](OS(=O)(=O)[O-])[C@@H](C)[C@H]3(CC[C@H]4([C@@H]2(CC(=O)[C@H]1(C[C@H](O)[C@H](O)C[C@@](C)1[C@H]2CC[C@](C)34))))		JMSXZQCXTAJBSO-YLNAYWRASA-M									PlantCyc/PMN local PGDB
2-HYDROXY-3-KETO-5-METHYLTHIO-1-PHOSPHOP	2-HYDROXY-3-KETO-5-METHYLTHIO-1-PHOSPHOP	2-hydroxy-5-(methylsulfanyl)-3-oxopent-1-enyl 1-phosphate	242.0013952857					C6H8O6PS			plantcyc <https://plantcyc.org/>	1-phosphoryloxyl-2-hydroxy-3-keto-5-methylthiopentene // 2-hydroxy-3-keto-5-methylthio-1-phosphopentene // 2-hydroxy-5-(methylthio)-3-oxopent-1-en-1-yl 1-phosphate	242.0013952857	CSCCC(C(\[O-])=C\OP([O-])(=O)[O-])=O		YIEMFVNCENFBSD-XQRVVYSFSA-K									PlantCyc/PMN local PGDB
CPD-20260	CPD-20260	2- S -cysteinyldopa	316.0729069466					C12H16N2O6S			plantcyc <https://plantcyc.org/>		316.0729069466	C(SC1(/C(\C[C@@H](C(=O)[O-])[NH3+])=C\C=C(C(\O)=1)\O))[C@@H](C(=O)[O-])[NH3+]		IAGPESOLVJAEAG-BQBZGAKWSA-N									PlantCyc/PMN local PGDB
CPD-12515	CPD-12515	alpha-L-idopyranuronate	194.0426526757					C6H9O7			plantcyc <https://plantcyc.org/>	IdoA	194.0426526757	C([O-])(=O)[C@@H]1(O[C@@H](O)[C@H](O)[C@@H](O)[C@H](O)1)		AEMOLEFTQBMNLQ-VCSGLWQLSA-M									PlantCyc/PMN local PGDB
CPD0-1662	CPD0-1662	alpha-monofluoromethylarginine	206.1179039465					C7H15N4O2F			plantcyc <https://plantcyc.org/>	MFMA	206.1179039465	C(NC(N)=N)CCC(CF)(N)C(=O)O		ZAJPVQSJWGQONE-UHFFFAOYSA-N									PlantCyc/PMN local PGDB
DCDP	DCDP	dCDP	387.0232667381					C9H12N3O10P2			plantcyc <https://plantcyc.org/>	2'-deoxycytidine diphosphate // 2'-deoxycytidine-5'-diphosphate // deoxycytidine-diphosphate	387.0232667381	C(OP(OP([O-])([O-])=O)(=O)[O-])[C@@H]2([C@H](C[C@H](N1(C(/N=C(\C=C/1)/N)=O))O2)O)		FTDHDKPUHBLBTL-SHYZEUOFSA-K									PlantCyc/PMN local PGDB
CPD-14880	CPD-14880	cyclic ADP-ribose	543.0767588716					C15H20N5O13P2			plantcyc <https://plantcyc.org/>	cADPR // cyclic adenosine diphosphate ribose // N 1 -(beta-D-ribosyl)adenosine 5'(P1),5''(P2)-cyclic diphosphate	543.0767588716	C4(OP([O-])(=O)OP(OC[C@@H]1([C@@H](O)[C@@H](O)[C@@H](O1)N2(\C=N/C3(\C/2=N/C=[N+](C(\N)=3)/[C@@H]5(O[C@H]4[C@@H](O)[C@@H](O)5)))))([O-])=O)		RSEFDAKYCYLNIE-KEOHHSTQSA-M									PlantCyc/PMN local PGDB
CPD-8084	CPD-8084	1-18:3-2-18:2-digalactosyldiacylglycerol	938.5966720921					C51H86O15			plantcyc <https://plantcyc.org/>	18:3-18:2-DGDG	938.5966720921	CC\C=C/C\C=C/C/C=C/CCCCCCCC(OC[C@H](CO[C@@H]2(O[C@H](CO[C@@H]1(O[C@H](CO)[C@H](O)[C@H](O)[C@@H](O)1))[C@H](O)[C@H](O)[C@@H](O)2))OC(=O)CCCCCCC\C=C/C\C=C/CCCCC)=O		OHMFSKZMPVONKQ-IERPWCHASA-N									PlantCyc/PMN local PGDB
CPDQT-36	CPDQT-36	3-[(3'-methylsulfanyl)propyl]malate	222.0561942499					C8H12O5S			plantcyc <https://plantcyc.org/>	3-[(3'-methylthio)propyl]malic acid // 3-[(3'-methylthio)propyl]malate	222.0561942499	C(C(CCCSC)C(O)C(=O)[O-])(=O)[O-]		SQXVIIOPMYSNCP-UHFFFAOYSA-L									PlantCyc/PMN local PGDB
CPDMETA-13652	CPDMETA-13652	raucaffrinoline	352.1786926471					C21H24N2O3			plantcyc <https://plantcyc.org/>	(17 R ,20alpha,21beta)-1,2-didehydro-1-demethyl-19-hydroxy-21-methyl-18-norajmalan-17-yl acetate	352.1786926471	C[C@H]3([C@H](CO)[C@@H]2(C4([C@@H](OC(=O)C)C15(C6(\C(\N=C1\[C@H](C2)N3[C@H]4C5)=C/C=C\C=6)))))		XIMPCXFLDSKALH-GIELRJASSA-N									PlantCyc/PMN local PGDB
CPD-13573	CPD-13573	zealexin A1	234.1619799504					C15H21O2			plantcyc <https://plantcyc.org/>	4-(5,5-dimethylcyclohex-1-en-1-yl)-cyclohex-1-ene-1-carboxylic acid	234.1619799504	CC2(C)(CC(/[C@@H]1(C/C=C(CC1)/C([O-])=O))=C\CC2)		IQKSHFZTCNUYOT-LLVKDONJSA-M									PlantCyc/PMN local PGDB
CPD-724	CPD-724	6alpha-hydroxy-6-deoxocastasterone	466.3658247155					C28H50O5			plantcyc <https://plantcyc.org/>	hydroxydeoxocastasterone // 6alpha-hydroxycastasterone	466.3658247155	CC(C)[C@H](C)[C@@H](O)[C@H](O)[C@@H](C)[C@H]3(CC[C@H]4([C@@H]2(C[C@H](O)[C@H]1(C[C@H](O)[C@H](O)C[C@@](C)1[C@H]2CC[C@](C)34))))		CVXIEYXJQSRIAC-KLUYZAHOSA-N									PlantCyc/PMN local PGDB
CPD-15159	CPD-15159	(6R)-L- erythro -6,7-dihydrobiopterin	239.1018393096					C9H13N5O3			plantcyc <https://plantcyc.org/>	erythro -quinonoid dihydro-(6H)-biopterin // erythro -quinoid dihydrobiopterin // (6R)- erythro -6,7-dihydrobiopterin	239.1018393096	C[C@H](O)[C@H](O)[C@@H]1(/N=C2(C(/NC1)=N\C(/N)=N/C(=O)2))		ZHQJVZLJDXWFFX-RPDRRWSUSA-N									PlantCyc/PMN local PGDB
CPD-20323	CPD-20323	ent -isokauren-2beta-ol	288.2453156493					C20H32O			plantcyc <https://plantcyc.org/>	2alpha-hydroxy- ent -isokaurene	288.2453156493	CC1(\[C@H]4(C[C@]3(\C=1)(CC[C@@H]2(C(C)(C)C[C@H](O)C[C@](C)2[C@@H]3CC4))))		KMRGROLDAASNIW-UELOQWINSA-N									PlantCyc/PMN local PGDB
ALLANTOATE	ALLANTOATE	allantoate	176.054554766					C4H7N4O4			plantcyc <https://plantcyc.org/>	allantoic acid	176.054554766	C(C(=O)[O-])(NC(=O)N)NC(=O)N		NUCLJNSWZCHRKL-UHFFFAOYSA-M									PlantCyc/PMN local PGDB
CPDQT-295	CPDQT-295	7-(methylsulfinyl)heptyl-glucosinolate	479.0953582271					C15H28NO10S3			plantcyc <https://plantcyc.org/>	glucoibarin	479.0953582271	CS(=O)CCCCCCCC(\S[C@@H]1(O[C@H](CO)[C@@H](O)[C@H](O)[C@@H](O)1))=N\OS(=O)(=O)[O-]		LQZALQLZOQQFGM-WSDYKABSSA-M									PlantCyc/PMN local PGDB
DIFLUOROMETHYLORNITHINE	DIFLUOROMETHYLORNITHINE	difluoromethylornithine	182.0866840398					C6H13N2O2F2			plantcyc <https://plantcyc.org/>		182.0866840398	C(CCC(C(F)F)([NH3+])C(=O)[O-])[NH3+]		VLCYCQAOQCDTCN-UHFFFAOYSA-O									PlantCyc/PMN local PGDB
CPD-204	CPD-204	gibberellin A 8	364.1522031251					C19H23O7			plantcyc <https://plantcyc.org/>	GA8 // 2beta-hydroxygibberellin 1	364.1522031251	C=C1([C@@]3(O)(C[C@]4(C1)([C@H]([C@@H]5([C@]2(C(=O)O[C@](C[C@H](O)[C@H](O)2)([C@@H](CC3)4)5)(C)))C([O-])=O)))		WZRRJZYYGOOHRC-AXLMTQBOSA-M									PlantCyc/PMN local PGDB
CPD-19421	CPD-19421	4'- O -methylnorbelladine	273.1364934814					C16H19NO3			plantcyc <https://plantcyc.org/>	5-({[2-(4-hydroxyphenyl)ethyl]amino}methyl)-2-methoxyphenol	273.1364934814	COC2(/C=C\C(\CNCCC1(\C=C/C(/O)=C\C=1))=C/C(/O)=2)		SDLILULALIDNSO-UHFFFAOYSA-N									PlantCyc/PMN local PGDB
CPD-22765	CPD-22765	4alpha-methyl-14alpha-hydroxymethyl-5alpha-cholesta-8,24-dien-3beta-ol	428.365430785					C29H48O2			plantcyc <https://plantcyc.org/>		428.365430785	CC(C)=CCC[C@@H](C)[C@H]2(CC[C@@]3(CO)(C4(\CC[C@H]1([C@H](C)[C@@H](O)CC[C@@](C)1C(\CC[C@](C)23)=4))))		FCBZHKUEDRJCAS-HUWKDVIGSA-N									PlantCyc/PMN local PGDB
CPD-17222	CPD-17222	(2R,3E)-phycocyanobilin	586.2791349732					C33H36N4O6			plantcyc <https://plantcyc.org/>		586.2791349732	C/C=C1([C@@H](C)C(NC\1=C/C4(/NC(/C=C3(C(/CCC([O-])=O)=C(C)/C(\C=C2(C(/C)=C(CC)/C(=O)N2))=N\3))=C(CCC([O-])=O)/C(\C)=4))=O)		INPDFIMLLXXDOQ-UAWLBFNISA-L									PlantCyc/PMN local PGDB
CPD-4182	CPD-4182	4alpha,14alpha-dimethyl-cholesta-8-enol	414.3861662271					C29H50O			plantcyc <https://plantcyc.org/>	31-nor-24(25)-dihydrolanosterol	414.3861662271	CC(C)CCC[C@@H](C)[C@H]2(CC[C@@]3(C)(C4(\CC[C@H]1([C@H](C)[C@@H](O)CC[C@@](C)1C(\CC[C@](C)23)=4))))		IXVNEXDHXGHWLS-PMIIOQGLSA-N									PlantCyc/PMN local PGDB
CPD-16689	CPD-16689	ent -cassa-12,15-dien-3beta-ol	288.2453156493					C20H32O			plantcyc <https://plantcyc.org/>	3alpha-hydroxy- ent -cassa-12,15-diene	288.2453156493	C=CC1([C@@H](C)[C@@H]2([C@@H](CC=1)[C@@]3(C)(C(CC2)C(C)(C)[C@H](O)CC3)))		BHRUCLDHUXEJQR-BOXOZTEYSA-N									PlantCyc/PMN local PGDB
4-CARBOXYMETHYLENEBUT-2-EN-4-OLIDE	4-CARBOXYMETHYLENEBUT-2-EN-4-OLIDE	cis -dienelactone	140.0109586168					C6H3O4			plantcyc <https://plantcyc.org/>	cis -4-carboxymethylenebut-2-en-4-olide	140.0109586168	C1(\C(\OC(=O)\C=1)=C\C(=O)[O-])		AYFXPGXAZMFWNH-ARJAWSKDSA-M									PlantCyc/PMN local PGDB
DIHYDROXY-BUTANONE-P	DIHYDROXY-BUTANONE-P	1-deoxy-L-glycero-tetrulose 4-phosphate	184.0136745315					C4H7O6P			plantcyc <https://plantcyc.org/>	3,4-dihydroxy-2-butanone-4-phosphate // tetrolose phosphate // 3,4-dihydroxy-2-butanone-4-P // L-3,4-dihydroxybutan-2-one-4-phosphate	184.0136745315	CC(=O)[C@H](O)COP([O-])(=O)[O-]		OKYHYXLCTGGOLM-SCSAIBSYSA-L									PlantCyc/PMN local PGDB
CPD-22681	CPD-22681	3- O -methyl-D-mannose	194.079038182					C7H14O6			plantcyc <https://plantcyc.org/>	3- O -methyl-D-mannopyranose	194.079038182	CO[C@@H]1([C@H](O)C(O)O[C@H](CO)[C@@H](O)1)		SCBBSJMAPKXHAH-BWSJPXOBSA-N									PlantCyc/PMN local PGDB
CPDQT-420	CPDQT-420	6-(methylsulfanyl)hexyl-glucosinolate	449.0847935408					C14H26NO9S3			plantcyc <https://plantcyc.org/>	6-(methylthio)hexyl-glucosinolate	449.0847935408	CSCCCCCCC(\S[C@@H]1(O[C@H](CO)[C@@H](O)[C@H](O)[C@@H](O)1))=N\OS(=O)(=O)[O-]		ZAKICGFSIJSCSF-RFEZBLSLSA-M									PlantCyc/PMN local PGDB
CPD-3402	CPD-3402	(-)-medicarpin	270.0892089378					C16H14O4			plantcyc <https://plantcyc.org/>	(6aR,11aR)-medicarpin // demethylhomopterocarpin	270.0892089378	COC4(\C=C1(C(/[C@@H]2(COC3(/C=C(\C=C/C(/[C@H](O1)2)=3)/O)))=C/C=4))		NSRJSISNDPOJOP-BBRMVZONSA-N									PlantCyc/PMN local PGDB
2-METHYL-6-SOLANYL-14-BENZOQUINONE	2-METHYL-6-SOLANYL-14-BENZOQUINONE	2-methyl-6-all-trans-nonaprenyl-1,4-benzoquinol	736.6158318122					C52H80O2			plantcyc <https://plantcyc.org/>	MSBQ // 2-methyl-6-solanesyl-1,4-benzoquinol // 2-methyl-6--all-trans-nonaprenyl-benzene-1,4-diol // 2-methyl-6-solanyl-1,4-benzoquinol	736.6158318122	CC(C)=CCCC(\C)=C/CCC(\C)=C/CCC(\C)=C/CCC(\C)=C/CCC(\C)=C/CCC(\C)=C/CCC(\C)=C/CCC(\C)=C/CC1(/C=C(\C=C(C)/C(/O)=1)/O)		SWKACZQJGXABCN-JSGWLJPKSA-N									PlantCyc/PMN local PGDB
CPD-19817	CPD-19817	(+)-7- epi -jasmonoyl-L-phenylalanine	357.1940083603					C21H26NO4			plantcyc <https://plantcyc.org/>	(+)-7-iso-phenylalanine L-jasmonate conjugate // (+)-7-iso-JA-L-Phe // (+)-7-iso-jasmonate-L-phenylalanine // (+)-7-iso-jasmonic acid L-phenylalanine // (+)-7-iso-jasmonic acid L-phenylalanine conjugate // (+)-7-iso-jasmonyl-L-phenylalanine // (+)-7-iso-jasmonoyl-L-phenylalanine	357.1940083603	CC\C=C/C[C@@H]1(C(=O)CC[C@@H]1CC(N[C@@H](CC2(\C=C/C=C\C=2))C([O-])=O)=O)		BYYWRCJZFSTRMQ-JNPKKTEJSA-M									PlantCyc/PMN local PGDB
CPD-8086	CPD-8086	1-linoleoyl-2-palmitoyl-phosphatidylglycerol	746.5097851385					C40H74O10P			plantcyc <https://plantcyc.org/>	phosphatidylglycerol (1-18:2-2-16:0) // 18:2-16:0-PG // 1-(9Z,12Z-octadecadienoyl)-2-hexadecanoyl-sn-glycero-3-phospho-(1'-sn-glycerol) // 1-18:2-2-16:0-phosphatidylglycerol	746.5097851385	CCCCC\C=C/C\C=C/CCCCCCCC(=O)OC[C@@H](OC(=O)CCCCCCCCCCCCCCC)COP(=O)([O-])OC[C@H](CO)O		IYKXCQWBMRYBPI-WLGRLVTESA-M									PlantCyc/PMN local PGDB
PROPANE-1-2-DIOL	PROPANE-1-2-DIOL	( S )-propane-1,2-diol	76.052429501					C3H8O2			plantcyc <https://plantcyc.org/>	( S )-1,2-propane-diol // ( S )-1,2-propanediol // ( S )-1,2-dihydroxypropane // L-1,2-propanediol	76.052429501	C[C@@H](CO)O		DNIAPMSPPWPWGF-VKHMYHEASA-N									PlantCyc/PMN local PGDB
CPD-12581	CPD-12581	S -(2 E ,6 E )-farnesyl-L-cysteine	325.2075499345					C18H31NO2S			plantcyc <https://plantcyc.org/>	S -farnesylcysteine // L-Cysteine, S-(3,7,11-trimethyl-2,6,10-dodecatrienyl)-, (E,E)- // S -all- trans -farnesyl cysteine // S - trans, trans -farnesylcysteine // 2- trans -6- trans -farnesylcysteine // S -all- trans -farnesylcysteine	325.2075499345	CC(C)=CCCC(\C)=C/CCC(\C)=C/CSC[C@H]([NH3+])C(=O)[O-]		SYSLNQMKLROGCL-BCYUYYMPSA-N									PlantCyc/PMN local PGDB
GLC-1-P	GLC-1-P	alpha-D-glucopyranose 1-phosphate	260.0297185262					C6H11O9P			plantcyc <https://plantcyc.org/>	glucose 1-phosphate // cori ester // D-glucose 1-phosphate // glucose-1P // alpha-glucose-1-phosphate // D-glucose-alpha-1-phosphate // alpha-D-glucose-1-P // D-glucose-1-phosphate // alpha-D-glucose 1-phosphate	260.0297185262	C(O)[C@H]1(O[C@H](OP(=O)([O-])[O-])[C@H](O)[C@@H](O)[C@H](O)1)		HXXFSFRBOHSIMQ-VFUOTHLCSA-L									PlantCyc/PMN local PGDB
CPD-11253	CPD-11253	trans -tuberonic acid	226.1205090662					C12H17O4			plantcyc <https://plantcyc.org/>	trans -12-OHJA // trans -12-hydroxyjasmonic acid // trans -12-hydroxy-JA // E -12-hydroxyjasmonate // trans -12-hydroxyjasmonate	226.1205090662	C(O)C\C=C/C[C@H]1(C(=O)CC[C@@H]1CC([O-])=O)		RZGFUGXQKMEMOO-BSANDHCLSA-M									PlantCyc/PMN local PGDB
CPD-11510	CPD-11510	trans -tuberonic acid glucoside	388.1733324977					C18H27O9			plantcyc <https://plantcyc.org/>	trans -12-hydroxyjasmonate 12- O -beta-D-glucoside	388.1733324977	C(O[C@@H]1(O[C@H](CO)[C@@H](O)[C@H](O)[C@@H](O)1))C\C=C/C[C@H]2(C(=O)CC[C@@H]2CC([O-])=O)		JFDNMLUPLXZXGV-RKAGECJXSA-M									PlantCyc/PMN local PGDB
CPD-19219	CPD-19219	acibenzolar- S -methyl	209.9921542051					C8H6N2OS2			plantcyc <https://plantcyc.org/>	BTH derivative // benzothiadiazole derivative // benzo(1,2,3)-thiadiazole-7-carbothioic acid S -methyl ester // ASM	209.9921542051	CSC(=O)C1(\C2(\S\N=N/C(\C=C/C=1)=2))		UELITFHSCLAHKR-UHFFFAOYSA-N									PlantCyc/PMN local PGDB
CPD-8843	CPD-8843	(3 R ,6 E )-nerolidol	222.1983654567					C15H26O			plantcyc <https://plantcyc.org/>	( E )-nerolidol // (3 R )-( E )-nerolidol	222.1983654567	C=C[C@](C)(O)CC/C=C(C)/CCC=C(C)C		FQTLCLSUCSAZDY-GOFCXVBSSA-N									PlantCyc/PMN local PGDB
CHLOROPHYLL-A	CHLOROPHYLL-A	chlorophyll a	892.5353133425					C55H71N4O5MG			plantcyc <https://plantcyc.org/>	chlorophyll a (phytol)	892.5353133425	C=CC4(\C(/C)=C5(\C=C7([C@@H](C)[C@H](CCC(=O)OC/C=C(C)/CCC[C@H](C)CCC[C@H](C)CCCC(C)C)C(\C6(/[C@@H-](C(OC)=O)C(=O)C1(\C(\N2([Mg]N(C(/C=C3(C(/C)=C(CC)/C(\C=C(C(\C)=1)/2)=N3))=4)5))=6)))=N7)))											PlantCyc/PMN local PGDB
CPD-12644	CPD-12644	1-palmitoyl-2-vernoloyl-phosphatidylcholine	775.5727197463					C42H80NO9P			plantcyc <https://plantcyc.org/>		775.5727197463	CCCCCCCCCCCCCCCC(=O)OC[C@@H](OC(=O)CCCCCCC\C=C/CC1(OC(CCCCC)1))COP(=O)([O-])OCC[N+](C)(C)C		HZKBHRZARZUXPO-JLBYXMBLSA-N									PlantCyc/PMN local PGDB
CPD-4125	CPD-4125	avenasterol	412.3705161629					C29H48O			plantcyc <https://plantcyc.org/>		412.3705161629	C\C=C(CC[C@@H](C)[C@H]3(CC[C@H]4(C1([C@@H]([C@@]2(C)(CC[C@H](O)C[C@H](CC=1)2))CC[C@](C)34))))/C(C)C		MCWVPSBQQXUCTB-OQTIOYDCSA-N									PlantCyc/PMN local PGDB
CPD-22722	CPD-22722	precolibactin 1491	1491.7869660285					C73H114N13O16S2			plantcyc <https://plantcyc.org/>		1491.7869660285	CCCCCCCCCCCCCC(=O)N[C@H](CC(=O)N)C(=O)N[C@@H](C)CCC(=O)CC(=O)NC1(CC1)C(=O)CC(=O)NCC(=O)C4(\N=C([C@H](C(C3(\N=C(CNC(CC(C2(NC(CC(CC[C@@H](NC([C@H](NC(CCCCCCCCCCCCC)=O)CC(=O)N)=O)C)=O)=O)(CC2))=O)=O)/S\C=3))=O)[NH3+])/S\C=4)		GSHHETPETLOAAP-LUWLSHAUSA-O									PlantCyc/PMN local PGDB
PHOSPHORIBOSYL-AMP	PHOSPHORIBOSYL-AMP	1-(5-phospho-beta-D-ribosyl)-AMP	559.0716734937					C15H19N5O14P2			plantcyc <https://plantcyc.org/>	1-(5-phosphoribosyl)-AMP // phosphoribosyl-AMP // 5-phosphoribosyl-AMP // N-(5-phospho-D-ribosyl)-AMP // N-(5'-phospho-D-ribosyl)-AMP // N1-(5-phospho-D-ribosyl)-AMP	559.0716734937	C(OP([O-])(=O)[O-])[C@H]4(O[C@@H](N1(C(C2(\N=C/N(C(\N=C/1)=2)[C@@H]3(O[C@H](COP(=O)([O-])[O-])[C@@H](O)[C@@H](O)3)))=N))[C@H](O)[C@@H]4O)		RTQMRTSPTLIIHM-KEOHHSTQSA-J									PlantCyc/PMN local PGDB
CPD-2002	CPD-2002	vibriobactin	705.264607121					C35H39N5O11			plantcyc <https://plantcyc.org/>		705.264607121	C[C@H]5([C@H](C(NCCCN(C(=O)[C@@H]2([C@@H](C)OC(/C1(\C(\O)=C(\C=C/C=1)\O))=N/2))CCCNC(C3(\C(\O)=C(\C=C/C=3)\O))=O)=O)\N=C(C4(\C(\O)=C(\C=C/C=4)\O))/O5)		LLMKLMMXMOTPRU-YOAXHERRSA-N									PlantCyc/PMN local PGDB
CPD-4611	CPD-4611	kinetin-9- N -glucoside	377.1335333685					C16H19N5O6			plantcyc <https://plantcyc.org/>		377.1335333685	C([C@H]1(O[C@@H]([C@@H]([C@H]([C@@H]1O)O)O)N2(C3(\N=C/N=C(C(\N=C/2)=3)/NCC4(\O\C=C/C=4)))))O		OYLTWZIEBYEQGY-HMXKMONRSA-N									PlantCyc/PMN local PGDB
CPDQT-288	CPDQT-288	6-(methylsulfinyl)hexyl-glucosinolate	465.0797081629					C14H26NO10S3			plantcyc <https://plantcyc.org/>	glucohesperin // 1-thio-1-[7-(methylsulfinyl)-N-(sulfooxy)heptanimidate]-beta-D-glucopyranose // glucoalissin	465.0797081629	CS(=O)CCCCCCC(\S[C@@H]1(O[C@H](CO)[C@@H](O)[C@H](O)[C@@H](O)1))=N\OS(=O)(=O)[O-]		OOGAQHVYHLPICD-YFJRXZMFSA-M									PlantCyc/PMN local PGDB
CPD-16679	CPD-16679	9beta-stemod-13(17)-en-19-ol	288.2453156493					C20H32O			plantcyc <https://plantcyc.org/>	syn -stemoden-19-ol // syn -stemod-13(17)-en-19-ol	288.2453156493	C=C1(CC[C@@]23([C@H](C[C@H]1C2)CC[C@H]4([C@@](C)(CO)CCC[C@]34C)))		MKQDLCAKPDXHKE-YDRVBMSGSA-N									PlantCyc/PMN local PGDB
CPD-9978	CPD-9978	(6 E )-8-oxogeranial	166.0993796936					C10H14O2			plantcyc <https://plantcyc.org/>	10-oxogeranial	166.0993796936	CC(/CC/C=C(C)/C=O)=C\C=O		GRHWFPUCRVCMRY-TXFIJWAUSA-N									PlantCyc/PMN local PGDB
CPD-444	CPD-444	S -methyl-5-thio-alpha-D-ribose 1-phosphate	260.011959972					C6H11O7PS			plantcyc <https://plantcyc.org/>	5-methylthioribose-1-phosphate // 5-methylthio-D-ribose-1-phosphate // 1-phosphomethylthioribose // 1-phospho-5-S-methylthioribose // 1-PMTR // 1-phospho-5-S-methylthio-alpha-D-ribofuranoside // S -methyl-5-thio-D-ribose 1-phosphate	260.011959972	CSC[C@H]1(O[C@H](OP([O-])(=O)[O-])[C@@H]([C@@H]1O)O)		JTFITTQBRJDSTL-KVTDHHQDSA-L									PlantCyc/PMN local PGDB
CPD-8654	CPD-8654	betanin	552.1591389965					C24H24N2O13			plantcyc <https://plantcyc.org/>	Beetroot Red // E162 // betanidin 5- O -beta-glucoside	552.1591389965	C(/C=C1(C[C@H](NC(/C([O-])=O)=C/1)C([O-])=O))=[N+]2([C@@H](CC3(/C=C(C(/O)=C\C/2=3)/O[C@H]4([C@@H]([C@H]([C@@H]([C@H](O4)CO)O)O)O)))C([O-])=O)		DHHFDKNIEVKVKS-FMOSSLLZSA-L									PlantCyc/PMN local PGDB
GUANOSINE-5DP-3DP	GUANOSINE-5DP-3DP	ppGpp	602.9569901874					C10H11N5O17P4			plantcyc <https://plantcyc.org/>	guanosine tetraphosphate // guanosine 5'-diphosphate,3'-diphosphate // guanosine 3',5'-bispyrophosphate // guanosine 3',5'-bis(diphosphate) // guanosine 3'-diphosphate 5'-diphosphate // magic spot // guanosine-5',3'-tetraphosphate	602.9569901874	C(OP(=O)([O-])OP(=O)([O-])[O-])[C@H]3(O[C@@H](N1(\C=N/C2(C(=O)NC(/N)=N/C1=2)))[C@H](O)[C@H](OP([O-])(OP([O-])([O-])=O)=O)3)		BUFLLCUFNHESEH-UUOKFMHZSA-H									PlantCyc/PMN local PGDB
DUTP	DUTP	dUTP	467.9736127313					C9H11N2O14P3			plantcyc <https://plantcyc.org/>	deoxy-UTP // 2'-deoxyuridine-5'-triphosphate // deoxyuridine-triphosphate	467.9736127313	C(OP(=O)([O-])OP(=O)([O-])OP(=O)([O-])[O-])[C@H]2(O[C@@H](N1(\C=C/C(=O)NC1=O))C[C@H](O)2)		AHCYMLUZIRLXAA-SHYZEUOFSA-J									PlantCyc/PMN local PGDB
CPD-4203	CPD-4203	N 6 -(&Delta; 2 -isopentenyl)-adenosine 5'-diphosphate	495.0920150053					C15H20N5O10P2			plantcyc <https://plantcyc.org/>	iPDP // isopentenyladenosine riboside-5'-diphosphate // iPRDP // isopentenyladenosine-5'-diphosphate	495.0920150053	CC(C)=CCNC3(/N=C\N=C1(C(/N=C\N1[C@@H]2(O[C@H](COP(=O)([O-])OP(=O)([O-])[O-])[C@@H](O)[C@@H](O)2))=3))		VXMXKDAHJURHEN-SDBHATRESA-K									PlantCyc/PMN local PGDB
CPD-591	CPD-591	cyanidin	287.0555630857					C15H9O6			plantcyc <https://plantcyc.org/>	2-(3,4-dihydroxyphenyl)-3,5,7-trihydroxy-1-Benzopyrylium // 2-(3,4-dihydroxyphenyl)-3,5,7-trihydroxychromenylium // 3,3',4',5,7-pentahydroxyflavylium // cyanidol	287.0555630857	C3(\C(\C1(=[O+]C2(\C=C(/C=C(C(\C=C1\[O-])=2)/[O-])\O)))=C/C(/O)=C(\C=3)/O)		VEVZSMAEJFVWIL-UHFFFAOYSA-M									PlantCyc/PMN local PGDB
OH-MYRISTOYL	OH-MYRISTOYL	UDP-2-N,3-O-bis[(3R)-3-hydroxytetradecanoyl]-alpha-D-glucosamine	1017.4575649493					C43H75N3O20P2			plantcyc <https://plantcyc.org/>	UDP-2,3-bis(3-hydroxytetradecanoyl)glucosamine // UDP-2,3-diacyl-glucosamine // UDP-2,3-bis(3-hydroxymyristoyl)glucosamine // UDP-2,3-bis[(3 R )-3-hydroxymyristoyl]-alpha-D-glucosamine // UDP-2,3-bis[O-(3 R )-3-hydroxymyristoyl]-alpha-D-glucosamine	1017.4575649493	CCCCCCCCCCC[C@H](CC(N[C@@H]1([C@H]([C@@H]([C@H](O[C@@H]1OP(=O)([O-])OP(=O)(OC[C@@H]3([C@H]([C@H]([C@H](N2(\C=C/C(=O)NC2=O))O3)O)O))[O-])CO)O)OC(C[C@@H](CCCCCCCCCCC)O)=O))=O)O		KOJCFMYSTWNMQW-RUAJDYCTSA-L									PlantCyc/PMN local PGDB
CPD-12513	CPD-12513	UDP-beta-L-arabinopyranose	536.0444556902					C14H20N2O16P2			plantcyc <https://plantcyc.org/>		536.0444556902	C3(O[C@H](OP(OP(OC[C@@H]2([C@H]([C@H]([C@H](N1(\C=C/C(=O)NC1=O))O2)O)O))(=O)[O-])(=O)[O-])[C@H](O)[C@@H](O)[C@@H](O)3)		DQQDLYVHOTZLOR-IAZOVDBXSA-L									PlantCyc/PMN local PGDB
CPD-14378	CPD-14378	( E )-(4-aminobutylidene)(3-aminopropyl)amine	143.1422475613					C7H20N3			plantcyc <https://plantcyc.org/>	dehydrospermidine (ambiguous)	143.1422475613	C([NH3+])CC/[NH+]=C/CCC[NH3+]		YAVLYBVKPXLZEQ-UXBLZVDNSA-Q									PlantCyc/PMN local PGDB
PHENOLIC-STEROID	PHENOLIC-STEROID	a phenolic steroid	256.1827153925					C18H24O			plantcyc <https://plantcyc.org/>		256.1827153925	CC14(CCCC(C2(CCC3(\C(/C(CC1)2)=C/C=C(\C=3)/O)))4)		HJKVPZJVBHWFCQ-UHFFFAOYSA-N									PlantCyc/PMN local PGDB
CPD-659	CPD-659	L-arogenate	227.079372533					C10H12NO5			plantcyc <https://plantcyc.org/>	L-arogenic acid // pretyrosine	227.079372533	C([C@H](CC1(\C=C/C(\C=C/1)O)C([O-])=O)[NH3+])([O-])=O		MIEILDYWGANZNH-DSQUFTABSA-M									PlantCyc/PMN local PGDB
CPD-2188	CPD-2188	1-18:1-2-16:1-monogalactosyldiacylglycerol	754.5594987248					C43H78O10			plantcyc <https://plantcyc.org/>	18:1-16:1-MGDG // 1-(9Z-octadecenoyl)-2-(7Z-hexadecenoyl)-3-O-beta-D-galactosyl-sn-glycerol,	754.5594987248	CCCCCCCC\C=C/CCCCCCCC(OC[C@H](CO[C@@H]1(O[C@@H]([C@@H]([C@@H]([C@H]1O)O)O)CO))OC(CCCCC\C=C/CCCCCCCC)=O)=O		RVTDOBUXLKASID-NVMFGSTBSA-N									PlantCyc/PMN local PGDB
HOMOGENTISATE	HOMOGENTISATE	homogentisate	168.0422587452					C8H7O4			plantcyc <https://plantcyc.org/>	2,5-dihydroxyphenylacetate	168.0422587452	C1(\C(\O)=C/C(\CC([O-])=O)=C(\C=1)/O)		IGMNYECMUMZDDF-UHFFFAOYSA-M									PlantCyc/PMN local PGDB
CPD-8608	CPD-8608	4,4-dimethyl-14alpha-formyl-5alpha-cholesta-8-en-3beta-ol	442.3810808492					C30H50O2			plantcyc <https://plantcyc.org/>		442.3810808492	CC(C)CCC[C@H]([C@@H]4([C@]1(C)([C@](C=O)(C2(\CC[C@@H]3([C@@](C)(C(\CC1)=2)CC[C@H](O)C(C)(C)3)))CC4)))C		MKMLAQLNFVFNRK-PUXRVUTHSA-N									PlantCyc/PMN local PGDB
CPDQT-523	CPDQT-523	brassinolide-23-O-glucoside	642.3979127049					C34H58O11			plantcyc <https://plantcyc.org/>		642.3979127049	CC([C@@H]([C@H]([C@@H]([C@@H](C)C2([C@]3(CCC4([C@]1(C[C@H]([C@H](C[C@@H]1C(=O)OCC([C@H](CC2)3)4)O)O)C))(C)))O)O[C@H]5(O[C@H](CO)[C@@H](O)[C@H](O)[C@@H](O)5))C)C		ZGXCUMDOLQMEFX-GFSZBVRDSA-N									PlantCyc/PMN local PGDB
CPD-3629	CPD-3629	2'-hydroxypseudobaptigenin	298.0477380536					C16H10O6			plantcyc <https://plantcyc.org/>	2',7-dihydroxy-3',4'-methylenedioxyisoflavone // DMI	298.0477380536	C3(\OC4(\C(\C(=O)C(/C2(\C=C1(C(/OCO1)=C\C(\O)=2)))=3)=C/C=C(/C=4)/O))		WMDDXGLVVGBJSO-UHFFFAOYSA-N									PlantCyc/PMN local PGDB
CPD-22764	CPD-22764	4alpha-formyl-5alpha-cholest-7-en-3beta-ol	414.3497807208					C28H46O2			plantcyc <https://plantcyc.org/>		414.3497807208	CC(C)CCC[C@H]([C@@H]4([C@]1(C)([C@H](C2([C@H](CC1)[C@]3(C)([C@@H](CC=2)[C@H](C=O)[C@@H](O)CC3)))CC4)))C		JOBRDKSINVPTQA-LVSAPHKCSA-N									PlantCyc/PMN local PGDB
CPD-8914	CPD-8914	(1H-indol-3-yl)- N -methylmethanamine	160.1000483956					C10H13N2			plantcyc <https://plantcyc.org/>	MAMI // N -methyl-3-aminomethylindole	160.1000483956	C[NH2+]CC1(\C2(\C(\N/C=1)=C/C=C\C=2))		BIFJNBXQXNWYOL-UHFFFAOYSA-O									PlantCyc/PMN local PGDB
CPD-12853	CPD-12853	4alpha-methyl-5alpha-cholesta-8,14,24-trien-3beta-ol	396.3392160345					C28H44O			plantcyc <https://plantcyc.org/>	cholesta-8,14,24-trien-3-ol, 4-methyl-, (3beta,4alpha,5alpha)-	396.3392160345	CC(C)=CCC[C@@H](C)[C@H]2(CC=C3(C4(\CC[C@H]1([C@H](C)[C@@H](O)CC[C@@](C)1C(\CC[C@](C)23)=4))))		QJVMEAZHJKXWJD-HESBYNJASA-N									PlantCyc/PMN local PGDB
CPD-24091	CPD-24091	18-hydroxynorfluorocurarine	308.1524778966					C19H21N2O2			plantcyc <https://plantcyc.org/>		308.1524778966	C(O)\C=C4([C@@H]2(C[C@H]5([C@]1(C3(/C=C\C=C/C(/NC\1=C2/C=O)=3))(CC[NH+](C4)5))))		AMUXRBXLNYRDMU-ZWEHTUAVSA-O									PlantCyc/PMN local PGDB
CPD-19434	CPD-19434	(4a S ,10b R )-noroxomaritidine	271.1208434172					C16H17NO3			plantcyc <https://plantcyc.org/>		271.1208434172	COC4(/C=C1(C(/CN3(CC[C@]21(\C=C/C(C[C@@H]23)=O)))=C\C(\O)=4))		VEXDOCFQMVMPHJ-HOTGVXAUSA-N									PlantCyc/PMN local PGDB
CPD-29	CPD-29	p -chloromercuribenzoate	357.9684331147					C7H4O2CLHG			plantcyc <https://plantcyc.org/>	4-chloromercuribenzoic acid // (4-carboxyphenyl)-chloro-mercury // p-CMB // p -chloromercuribenzoic acid	357.9684331147	C1(=C/C=C(\C=C/1)/C(=O)[O-])[Hg]Cl		YFZOUMNUDGGHIW-UHFFFAOYSA-L									PlantCyc/PMN local PGDB
CPD-21548	CPD-21548	stemmadenine acetate	396.2049073976					C23H29N2O4			plantcyc <https://plantcyc.org/>	O -acetylstemmadenine	396.2049073976	C/C=C4([C@@H]1(CC[NH+](CCC2(\C3(/C=C\C=C/C(/NC(/[C@](C(=O)OC)(COC(C)=O)1)=2)=3)))C4))		ZNCUMLJVNWXVLT-ISNKGDJGSA-O									PlantCyc/PMN local PGDB
CPD-1825	CPD-1825	beta-L-arabinose 1-phosphate	230.0191538399					C5H9O8P			plantcyc <https://plantcyc.org/>	beta-L-arabinose 1-P	230.0191538399	C1(O[C@@H]([C@@H]([C@H]([C@H]1O)O)O)OP([O-])(=O)[O-])		ILXHFXFPPZGENN-QMKXCQHVSA-L									PlantCyc/PMN local PGDB
CPD-697	CPD-697	brassinolide	480.3450892734					C28H48O6			plantcyc <https://plantcyc.org/>		480.3450892734	CC(C)[C@H](C)[C@@H](O)[C@H](O)[C@@H](C)[C@H]4(CC[C@@H]3([C@](C)(CC[C@H]2([C@H](COC(=O)[C@H]1(C[C@H](O)[C@H](O)C[C@@](C)12))3))4))		IXVMHGVQKLDRKH-KNBKMWSGSA-N									PlantCyc/PMN local PGDB
CPD-9875	CPD-9875	coniferyl acetate	222.0892089378					C12H14O4			plantcyc <https://plantcyc.org/>		222.0892089378	CC(OC/C=C/C1(\C=C/C(/O)=C(C=1)/OC))=O		XLZFUNZRKIQHOL-ONEGZZNKSA-N									PlantCyc/PMN local PGDB
CPD-14534	CPD-14534	glycolamide	75.0320284099					C2H5NO2			plantcyc <https://plantcyc.org/>		75.0320284099	C(C(=O)N)O		TZGPACAKMCUCKX-UHFFFAOYSA-N									PlantCyc/PMN local PGDB
2-AMINOMUCONATE_SEMIALDEHYDE	2-AMINOMUCONATE_SEMIALDEHYDE	(2Z,4E)-2-amino-6-oxohexa-2,4-dienoate	141.0425930962					C6H7NO3			plantcyc <https://plantcyc.org/>	2-aminomuconate semialdehyde // 2-aminomuconic semialdehyde // 2-aminomuconic 6-semialdehyde // 2-aminomuconate 6-semialdehyde	141.0425930962	C(/C=C(C([O-])=O)\[NH3+])=C\C=O		QCGTZPZKJPTAEP-WFTYEQLWSA-N									PlantCyc/PMN local PGDB
PSEUDOTROPINE	PSEUDOTROPINE	pseudotropine	141.1153641088					C8H16NO			plantcyc <https://plantcyc.org/>		141.1153641088	C[NH+]1([C@H]2(C[C@H](O)C[C@H]1CC2))		CYHOMWAPJJPNMW-RNLVFQAGSA-O									PlantCyc/PMN local PGDB
CPD-8192	CPD-8192	demethylsuberosin	230.0942943157					C14H14O3			plantcyc <https://plantcyc.org/>	7-demethylsuberosin // 7-hydroxy-6-prenyl-1-benzopyran-2-one	230.0942943157	CC(C)=CCC2(/C=C1(\C=C/C(OC/1=C/C(/O)=2)=O))		FIDUIAPDSKSUGO-UHFFFAOYSA-N									PlantCyc/PMN local PGDB
CPD-8609	CPD-8609	4,4-dimethyl-5-alpha-cholesta-8,14-dien-3-beta-ol	412.3705161629					C29H48O			plantcyc <https://plantcyc.org/>		412.3705161629	CC(C)CCC[C@H]([C@@H]4([C@]1(C)(C(C2(\CC[C@@H]3([C@@](C)(C(\CC1)=2)CC[C@H](O)C(C)(C)3)))=CC4)))C		OGQJUYXFIOFTMA-PBJLWWPKSA-N									PlantCyc/PMN local PGDB
CPD-7025	CPD-7025	phytyl monophosphate	376.2742463145					C20H39O4P			plantcyc <https://plantcyc.org/>	phytolmonophosphate	376.2742463145	CC(CCC[C@H](CCC[C@@H](C)CCCC(\C)=C/COP([O-])(=O)[O-])C)C		YRXRHZOKDFCXIB-PYDDKJGSSA-L									PlantCyc/PMN local PGDB
CPD-2181	CPD-2181	1-oleoyl-2-oleoyl-phosphatidylcholine	787.6091052526					C44H84NO8P			plantcyc <https://plantcyc.org/>	sn -glycerol-3-phosphocholine (1-18:1-2-18:1) // 18:1-18:1-PC // 1,2-(9Z-octadecenoyl)- sn --glycero-3-phosphocholine // 1-18:1-2-18:1- sn --glycerol-3-phosphocholine // 1-18:1-2-18:1-phosphatidylcholine // dioleoyl-phosphatidylcholine	787.6091052526	CCCCCCCC\C=C/CCCCCCCC(OC[C@@H](OC(=O)CCCCCCC\C=C/CCCCCCCC)COP([O-])(=O)OCC[N+](C)(C)C)=O		SNKAWJBJQDLSFF-NVKMUCNASA-N									PlantCyc/PMN local PGDB
CPD-11941	CPD-11941	luteoforol	290.079038182					C15H14O6			plantcyc <https://plantcyc.org/>	leucoluteolinidin	290.079038182	C3(/C=C(C(/O)=C\C(\[C@H]1(OC2(\C(/C(C1)O)=C(/C=C(/C=2)/O)\O)))=3)/O)		FSYDWKPCKNCRDI-ABLWVSNPSA-N									PlantCyc/PMN local PGDB
CPD-12594	CPD-12594	all- trans -geranyl-geranyl monophosphate	370.2272961219					C20H33O4P			plantcyc <https://plantcyc.org/>	all- trans -geranyl-geranyl-p // geranylgeranyl-P // geranylgeranyl phosphate // (2E,6E,10E)-geranylgeranyl monophosphate // 2,6,10,14-Hexadecatetraen-1-ol, 3,7,11,15-tetramethyl-, 1-dihydrogen phosphate, ( 2E,6E,10E )- // 2,6,10,14-Hexadecatetraen-1-ol, 3,7,11,15-tetramethyl-, dihydrogen phosphate, ( E,E,E )-	370.2272961219	CC(C)=CCCC(\C)=C/CCC(\C)=C/CCC(\C)=C/COP(=O)([O-])[O-]		VHUBNUSXPIJYSG-QIRCYJPOSA-L									PlantCyc/PMN local PGDB
CPD-4613	CPD-4613	trans -zeatin-9- N -glucoside	381.1648334969					C16H23N5O6			plantcyc <https://plantcyc.org/>		381.1648334969	CC(/CO)=C\CNC1(\C2(\N=C/N(C(\N=C/N=1)=2)[C@@H]3([C@@H]([C@H]([C@@H]([C@H](O3)CO)O)O)O)))		VYRAJOITMBSQSE-GIHYWFGSSA-N									PlantCyc/PMN local PGDB
CPD-4204	CPD-4204	trans -zeatin riboside diphosphate	511.0869296274					C15H20N5O11P2			plantcyc <https://plantcyc.org/>	ZDP // zeatin diphosphate // tZRDP	511.0869296274	CC(/CO)=C\CNC3(/N=C\N=C1(C(/N=C\N1[C@@H]2(O[C@H](COP(=O)([O-])OP(=O)([O-])[O-])[C@@H](O)[C@@H](O)2))=3))		MXFPFNSSZYNJGX-HNNGNKQASA-K									PlantCyc/PMN local PGDB
CPD-25236	CPD-25236	N -(1-deoxy-D-fructos-1-yl)-L-valine	279.131802034					C11H21NO7			plantcyc <https://plantcyc.org/>	fructosylvaline	279.131802034	CC(C)[C@@H](C(=O)[O-])[NH2+]C[C@@]1(O)(OC[C@@H](O)[C@@H](O)[C@H](O)1)		LXTJQOKOTMRERV-RKYHVTRTSA-N									PlantCyc/PMN local PGDB
CPD-24324	CPD-24324	dimethylarsino-glutathione	411.0445275444					C12H21N3O6SAS			plantcyc <https://plantcyc.org/>	DMAG III // darinaparsin // zinapar // ZIO-101 // UNII-9XX54M675G // (2S)-2-amino-5-[[(2R)-1-(carboxymethylamino)-3-(dimethylarsinothio)-1-oxopropan-2-yl]amino]-5-oxopentanoate // L-gamma-glutamyl- S -(dimethylarsino)-L-cysteinyl-glycine	411.0445275444	C(NC([C@@H](NC(=O)CC[C@H]([NH3+])C([O-])=O)CS[As](C)C)=O)C([O-])=O		JGDXFQORBMPJGR-YUMQZZPRSA-M									PlantCyc/PMN local PGDB
LINOLEIC_ACID	LINOLEIC_ACID	linoleate	280.2402302714					C18H31O2			plantcyc <https://plantcyc.org/>	cis,cis-9,12-octadecadienoate // 9-cis,12-cis-octadecadienoate // linoleic acid // 9,12-linoleic acid // (9Z,12Z)-octadeca-9,12-dienoate // cis,cis-9,12-octadecadienoic acid // 9-cis,12-cis-octadecadienoic acid // (9Z,12Z)-octadeca-9,12-dienoic acid // 9,12-octadecadienoic acid (ambiguous)	280.2402302714	CCCCC\C=C/C\C=C/CCCCCCCC([O-])=O		OYHQOLUKZRVURQ-HZJYTTRNSA-M									PlantCyc/PMN local PGDB
DIHYDROXYPIRIDIN-CPD	DIHYDROXYPIRIDIN-CPD	pyridine-3,4-diol	111.0320284099					C5H5NO2			plantcyc <https://plantcyc.org/>	3,4-dihydroxypyridine	111.0320284099	C1(\N=C/C(/O)=C(\C=1)/O)		ZCUUVWCJGRQCMZ-UHFFFAOYSA-N									PlantCyc/PMN local PGDB
GLUCOTROPEOLIN	GLUCOTROPEOLIN	glucotropaeolin	409.050122594					C14H18NO9S2			plantcyc <https://plantcyc.org/>	glucotropeolin	409.050122594	C(O)[C@@H]2([C@@H](O)[C@H](O)[C@@H](O)[C@H](SC(/CC1(\C=C/C=C\C=1))=N/OS(=O)(=O)[O-])O2)		QQGLQYQXUKHWPX-RFEZBLSLSA-M									PlantCyc/PMN local PGDB
CPDMETA-13651	CPDMETA-13651	perakine	350.1630425829					C21H22N2O3			plantcyc <https://plantcyc.org/>	raucaffrine // (17 R ,20alpha,21beta)-1,2-didehydro-1-demethyl-17-(acetyloxy)-21-methyl-18-norajmalan-19-al	350.1630425829	C[C@H]3([C@H](C=O)[C@@H]2(C4([C@@H](OC(=O)C)C15(C6(\C(\N=C1\[C@H](C2)N3[C@H]4C5)=C/C=C\C=6)))))		GDXJMOGWONJRHL-GIELRJASSA-N									PlantCyc/PMN local PGDB
LYS	LYS	L-lysine	146.105527704					C6H15N2O2			plantcyc <https://plantcyc.org/>	K // lysine // L-lys // lys // 2,6-diaminohexanoic acid // lysine acid	146.105527704	C([NH3+])CCC[C@H]([NH3+])C([O-])=O		KDXKERNSBIXSRK-YFKPBYRVSA-O									PlantCyc/PMN local PGDB
CPD-6979	CPD-6979	caffeoyl-4'-hydroxyphenyllactate	344.0896028683					C18H15O7			plantcyc <https://plantcyc.org/>	caffeoyl-4'-hydroxyphenyllactic acid	344.0896028683	C(/C=C/C1(/C=C(C(/O)=C\C=1)/O))(O[C@H](CC2(\C=C/C(/O)=C\C=2))C(=O)[O-])=O		ZIUGAQNCXNLSFT-KZJSRBBCSA-M									PlantCyc/PMN local PGDB
CPD-2190	CPD-2190	1-18:3-2-16:3-monogalactosyldiacylglycerol	746.496898468					C43H70O10			plantcyc <https://plantcyc.org/>	18:3-16:3-MGDG // 1-(9Z,12Z,15Z-octadecatrienoyl)-2-(7Z,10Z,13Z-hexadecatrienoyl)-3-O-beta-D-galactosyl-sn-glycerol	746.496898468	CC\C=C/C\C=C/C\C=C/CCCCCCCC(OC[C@H](CO[C@@H]1(O[C@@H]([C@@H]([C@@H]([C@H]1O)O)O)CO))OC(CCCCC\C=C/C\C=C/C\C=C/CC)=O)=O		ZRLAOEYZSKXGSL-RZRNQMRLSA-N									PlantCyc/PMN local PGDB
CMP-KDO	CMP-KDO	CMP-3-deoxy-beta-D- manno -octulosonate	543.1101536917					C17H24N3O15P			plantcyc <https://plantcyc.org/>	CMP-2-dehydro-3-deoxy-D-octonate // CMP-beta-Kdo // CMP-ketodeoxyoctonate	543.1101536917	C(O)[C@@H](O)[C@H]3(O[C@@](OP(OC[C@@H]2([C@H]([C@H]([C@H](N1(\C=C/C(/N)=N\C1=O))O2)O)O))(=O)[O-])(C([O-])=O)C[C@H]([C@H]3O)O)		YWWJKULNWGRYAS-XKKDATLGSA-L									PlantCyc/PMN local PGDB
INOSITOL-1-3-4-TRIPHOSPHATE	INOSITOL-1-3-4-TRIPHOSPHATE	D- myo -inositol (1,3,4)-trisphosphate	419.962379343					C6H9O15P3			plantcyc <https://plantcyc.org/>	1-D- myo -inositol (1,3,4)-trisphosphate // inositol 1,3,4-trisphosphate	419.962379343	[C@H]1(O)([C@@H](O)[C@H](OP(=O)([O-])[O-])[C@@H](OP(=O)([O-])[O-])[C@@H](O)[C@@H](OP([O-])([O-])=O)1)		MMWCIQZXVOZEGG-MLQGYMEPSA-H									PlantCyc/PMN local PGDB
CPD-21259	CPD-21259	3-deoxy-D-glycero-beta-D-galacto-nonulosonate	268.0794321125					C9H15O9			plantcyc <https://plantcyc.org/>	3-deoxy-D- glycero -D- galacto -nononate // 3-deoxy-D- glycero -D- galacto -nonulosonate // 3-deoxy-D- glycero -D- galacto -nonulosonic acid // 3-deoxy-D- glycero -D- galacto -non-2-ulopyranosonic acid // 3-deoxy-D- glycero -D- galacto -nononic acid // 3-deoxy-D- glycero -D- galacto -non-2-ulopyranosonate // beta-Kdn // 3-deoxy-D-glycero-beta-D-galacto-non-2-ulopyranosonate	268.0794321125	C(O)[C@@H](O)[C@H]([C@@H]1(O[C@@](C([O-])=O)(O)C[C@@H]([C@H]1O)O))O		CLRLHXKNIYJWAW-YOQZMRDMSA-M									PlantCyc/PMN local PGDB
CPD-11591	CPD-11591	16-feruloyloxypalmitate	448.2824890166					C26H39O6			plantcyc <https://plantcyc.org/>	&omega;-feruloyloxypalmitate // 16-{[3-(4-hydroxy-3-methoxyphenyl)prop-2-enoyl]oxy}hexadecanoate	448.2824890166	COC1(\C(\O)=C/C=C(/C=1)/C=C/C(=O)OCCCCCCCCCCCCCCCC(=O)[O-])		DCZDUZNVOVFUCD-HTXNQAPBSA-M									PlantCyc/PMN local PGDB
CPD-7836	CPD-7836	tetradecanoate	228.208930143					C14H27O2			plantcyc <https://plantcyc.org/>	myristic acid // myristate // tetradecanoic acid // tetradecoate // tetradecoic acid	228.208930143	CCCCCCCCCCCCCC([O-])=O		TUNFSRHWOTWDNC-UHFFFAOYSA-M									PlantCyc/PMN local PGDB
FRUCTOSELYSINE	FRUCTOSELYSINE	N 6 -(1-deoxy-D-fructos-1-yl)-L-lysine	308.1583511355					C12H25N2O7			plantcyc <https://plantcyc.org/>	fructoselysine (ambiguous) // N epsilon -(D-fructosyl)-L-lysine	308.1583511355	C([C@@]1(O)(OC[C@@H](O)[C@@H](O)[C@H](O)1))[NH2+]CCCC[C@H]([NH3+])C(=O)[O-]		ILTPZXUNQYGXOJ-TYCYOEEFSA-O									PlantCyc/PMN local PGDB
ACETOACETYL-COA	ACETOACETYL-COA	acetoacetyl-CoA	851.1363377382					C25H36N7O18P3S			plantcyc <https://plantcyc.org/>	3-acetoacetyl-CoA // acetoacetyl- S -CoA	851.1363377382	CC(=O)CC(=O)SCCNC(=O)CCNC(=O)[C@H](O)C(C)(C)COP(=O)(OP(=O)(OC[C@@H]1([C@@H](OP([O-])(=O)[O-])[C@@H](O)[C@@H](O1)N2(C3(\N=C/N=C(C(\N=C/2)=3)/N))))[O-])[O-]		OJFDKHTZOUZBOS-CITAKDKDSA-J									PlantCyc/PMN local PGDB
ADENOSINE5TRIPHOSPHO5ADENOSINE	ADENOSINE5TRIPHOSPHO5ADENOSINE	P 1 ,P 3 - bis (5'-adenosyl) triphosphate	756.0819344023					C20H24N10O16P3			plantcyc <https://plantcyc.org/>	bis (5'-adenosyl) triphosphate // adenosine 5'-(tetrahydrogen triphosphate), P''-5'-ester with adenosine // Ap 3 A // adenosine(5')triphospho(5')adenosine // 5',5'''-diadenosine triphosphate	756.0819344023	C(OP(=O)([O-])OP(=O)([O-])OP(=O)([O-])OC[C@H]3(O[C@@H](N1(C2(\C(\N=C/1)=C(N)/N=C\N=2)))[C@H](O)[C@H](O)3))[C@H]6(O[C@@H](N4(C5(\C(\N=C/4)=C(N)/N=C\N=5)))[C@H](O)[C@H](O)6)		QCICUPZZLIQAPA-XPWFQUROSA-K									PlantCyc/PMN local PGDB
CPD-548	CPD-548	S -formylglutathione	335.078720606					C11H16N3O7S			plantcyc <https://plantcyc.org/>		335.078720606	C(NC(=O)[C@H](CSC=O)NC(=O)CC[C@H]([NH3+])C(=O)[O-])C(=O)[O-]		FHXAGOICBFGEBF-BQBZGAKWSA-M									PlantCyc/PMN local PGDB
CPD-709	CPD-709	(5alpha)-campestan-3-one	400.3705161629					C28H48O			plantcyc <https://plantcyc.org/>	methylcholestanone // (24 R )-24-methyl-5alpha-cholestan-3-one // 3-dehydro-campestanol	400.3705161629	CC(C)[C@H](C)CC[C@@H](C)[C@H]3(CC[C@H]4([C@@H]2(CC[C@H]1(CC(=O)CC[C@@](C)1[C@H]2CC[C@](C)34))))		DDJMOMHMVFXEQF-JBQSTXLYSA-N									PlantCyc/PMN local PGDB
PSEUDOURIDINE-5-P	PSEUDOURIDINE-5-P	pseudouridine 5'-phosphate	324.0358665366					C9H11N2O9P			plantcyc <https://plantcyc.org/>		324.0358665366	C2(\NC(=O)NC(C(/[C@H]1([C@@H]([C@@H]([C@@H](COP(=O)([O-])[O-])O1)O)O))=2)=O)		MOBMOJGXNHLLIR-GBNDHIKLSA-L									PlantCyc/PMN local PGDB
CPD-24939	CPD-24939	beta-D-ribulofuranose	150.0528234315					C5H10O5			plantcyc <https://plantcyc.org/>	beta-D- erythro -2-pentulofuranose	150.0528234315	C(O)[C@]1(O)([C@H](O)[C@H](O)CO1)		LQXVFWRQNMEDEE-UOWFLXDJSA-N									PlantCyc/PMN local PGDB
3-MERCAPTO-PYRUVATE	3-MERCAPTO-PYRUVATE	2-oxo-3-sulfanylpropanoate	119.9881146847					C3H3O3S			plantcyc <https://plantcyc.org/>	mercaptopyruvate // 3-mercaptopyruvic acid // beta-thiopyruvate // beta-mercaptopyruvate // 3-mercaptopyruvate	119.9881146847	C(C(C(=O)[O-])=O)S		OJOLFAIGOXZBCI-UHFFFAOYSA-M									PlantCyc/PMN local PGDB
CPD-8674	CPD-8674	1- O -(4-coumaroyl)-beta-D-glucose	326.1001675546					C15H18O8			plantcyc <https://plantcyc.org/>	1- O -(4-coumaroyl)-beta-D-glucoside // 1- O -(4-hydroxycinnamoyl)-beta-D-glucose	326.1001675546	C([C@H]2(O[C@@H](OC(=O)/C=C/C1(\C=C/C(/O)=C\C=1))[C@@H]([C@H]([C@@H]2O)O)O))O		DSNCQKUYZOSARM-QVLXMGEUSA-N									PlantCyc/PMN local PGDB
CPD-22719	CPD-22719	colibactin	770.2304869961					C37H38N8O7S2			plantcyc <https://plantcyc.org/>		770.2304869961	C[C@H]8(CCC(/C7(/C(=O)NC1(CC1)C(/CC(=O)NCC(=O)C6(\N=C(C(C(C5(\N=C(CNC(CC4(\C2(CC2)NC(=O)C(/C3(\CC[C@H](C)/N=3))=4))=O)/S\C=5))=O)=O)/S\C=6))=7))=N\8)		ZWKHDAZPVITMAI-ROUUACIJSA-N									PlantCyc/PMN local PGDB
CPD-8089	CPD-8089	phosphatidylcholine (1-18:3-2-18:1)	783.5778051242					C44H80NO8P			plantcyc <https://plantcyc.org/>	PC(18:3/18:1) // 18:3-18:1-PC // 1-18:3-2-18:1-phosphatidylcholine // 1-alpha-linolenoyl-2-oleoyl-phosphatidylcholine	783.5778051242	CC\C=C/C\C=C/C\C=C/CCCCCCCC(OC[C@@H](OC(=O)CCCCCCC\C=C/CCCCCCCC)COP([O-])(=O)OCC[N+](C)(C)C)=O		LPDGUCIMNBNWEJ-BXZVQSHESA-N									PlantCyc/PMN local PGDB
CPD-15091	CPD-15091	1-phenyl-3-(3- C -glucosyl-2,4,6-trihydroxyphenyl)propane-1,3-dione	434.1212969272					C21H22O10			plantcyc <https://plantcyc.org/>		434.1212969272	C3(\C=C/C(/C(=O)CC(=O)C2(/C(/O)=C([C@H]1([C@@H]([C@H]([C@H](O)[C@H](O1)CO)O)O))\C(\O)=C/C(/O)=2))=C\C=3)		PLVDZVRDRCLHQP-VJXVFPJBSA-N									PlantCyc/PMN local PGDB
DTDP-D-GLUCOSE	DTDP-D-GLUCOSE	dTDP-alpha-D-glucose	564.0757558186					C16H24N2O16P2			plantcyc <https://plantcyc.org/>	TDP-glucose // dTDP-glucose // dTDP-D-glucose // thymidine-5'-diphospho-alpha-D-glucose	564.0757558186	CC1(\C(=O)NC(N(\C=1)[C@H]3(C[C@H](O)[C@@H](COP([O-])(=O)OP([O-])(=O)O[C@H]2(O[C@H](CO)[C@@H](O)[C@H](O)[C@@H](O)2))O3))=O)		YSYKRGRSMLTJNL-URARBOGNSA-L									PlantCyc/PMN local PGDB
5-DIPHOSPHO-1D-MYO-INOSITOL-12346P	5-DIPHOSPHO-1D-MYO-INOSITOL-12346P	1D- myo inositol 5-diphosphate 1,2,3,4,6-pentakisphosphate	739.8277009766					C6H6O27P7			plantcyc <https://plantcyc.org/>	5-PP-InsP 5 // diphosphoinositol pentakisphosphate // 5-diphospho-1D- myo -inositol pentakisphosphate // (1r,2R,3S,4s,5R,6S)-2,3,4,5,6-pentakis(phosphonooxy)cyclohexyl trihydrogen diphosphate // 5-diphospho-1D- myo -inositol 1,2,3,4,6-pentakisphosphate	739.8277009766	[C@@H]1(OP([O-])([O-])=O)([C@@H](OP([O-])([O-])=O)[C@H](OP([O-])(=O)[O-])[C@@H](OP([O-])(=O)OP([O-])(=O)[O-])[C@H](OP(=O)([O-])[O-])[C@@H](OP(=O)([O-])[O-])1)		UPHPWXPNZIOZJL-KXXVROSKSA-A									PlantCyc/PMN local PGDB
CPD-713	CPD-713	6-oxocampestanol	416.365430785					C28H48O2			plantcyc <https://plantcyc.org/>	oxocampestanol	416.365430785	CC(C)[C@H](C)CC[C@@H](C)[C@H]3(CC[C@H]4([C@@H]2(CC(=O)[C@H]1(C[C@@H](O)CC[C@@](C)1[C@H]2CC[C@](C)34))))		NBJZGNFIZZWBOJ-JSHJXQBASA-N									PlantCyc/PMN local PGDB
CPD-13613	CPD-13613	L- threo -sphinganine	301.2980795013					C18H40NO2			plantcyc <https://plantcyc.org/>	L-threo-dihydrosphingosine (C18) // threo-L-sphinganine (C18) // L-threo-DHS (C18) // L-threo-sphinganine (C18) // safingol (C18) // L- threo -sphinganine (C18)	301.2980795013	CCCCCCCCCCCCCCC[C@@H]([C@H](CO)[NH3+])O		OTKJDMGTUTTYMP-ROUUACIJSA-O									PlantCyc/PMN local PGDB
L-BETA-ASPARTYL-P	L-BETA-ASPARTYL-P	L-aspartyl-4-phosphate	213.0038381267					C4H6NO7P			plantcyc <https://plantcyc.org/>	4-phospho-L-aspartate // L-4-aspartyl phosphate // L-beta-aspartyl-P // L-beta-aspartyl-phosphate // L-aspartyl-4-P // L-aspartyl-beta-phosphate // 4-phosphonato-L-aspartate	213.0038381267	C([C@H]([NH3+])C(=O)[O-])C(=O)OP([O-])(=O)[O-]		IXZNKTPIYKDIGG-REOHCLBHSA-L									PlantCyc/PMN local PGDB
CPD-14776	CPD-14776	2-C22:0-DCA-LPA	524.3114196818					C25H46O9P			plantcyc <https://plantcyc.org/>	sn -2-C22:0-DCA-LPA // 2-C22:0-alpha,&omega;-dicaboxyl-lysophosphatidic acid // 1-lyso-2-C22:0-alpha,&omega;-dicaboxyl-phosphatidic acid // 2-C22:0-alpha,&omega;-dicaboxyl-glycerol-3-phosphate	524.3114196818	C(OP([O-])(=O)[O-])[C@H](OC(=O)CCCCCCCCCCCCCCCCCCCCC(=O)[O-])CO		POHJJGKCTRJDSU-HSZRJFAPSA-K									PlantCyc/PMN local PGDB
CPD-16665	CPD-16665	oryzalide A	320.1987593872					C19H28O4			plantcyc <https://plantcyc.org/>		320.1987593872	CC1(C)([C@@H]5([C@@](C)([C@H](O)OC(=O)1)[C@H]4([C@]3(C[C@@H]([C@]2(C)(OC23))CC4)CC5)))		JEZFFKVMFCDTRK-SESIOFODSA-N									PlantCyc/PMN local PGDB
CPD-5441	CPD-5441	N-dimethylethanolamine phosphate	169.0503943888					C4H11NO4P			plantcyc <https://plantcyc.org/>	N,N-dimethylethanolamine phosphate // dimethylethanolamine phosphate // P-DME	169.0503943888	C[NH+](CCOP([O-])([O-])=O)C		BLHVJAAEHMLMOI-UHFFFAOYSA-M									PlantCyc/PMN local PGDB
CPD-13090	CPD-13090	(9Z,15Z)-12,13-epoxy-octadeca-9,15-dienoate	294.2194948293					C18H29O3			plantcyc <https://plantcyc.org/>	(9Z,15Z)-12,13-epoxy-octadeca-9,15-dienoic acid // (9Z,15Z)-12,13-epoxy-octadecadienoate	294.2194948293	CC\C=C/CC1(OC1C\C=C/CCCCCCCC(=O)[O-])		BKKGUKSHPCTUGE-OOHFSOINSA-M									PlantCyc/PMN local PGDB
CPD-10254	CPD-10254	(9Z,12Z)-hexadeca-9,12-dienoyl-CoA	1001.3135738223					C37H58N7O17P3S			plantcyc <https://plantcyc.org/>	9,12-cis-hexadecadienoyl-CoA // 16:2-delta9,12-CoA // 9z,12z-hexadecadienoyl-CoA	1001.3135738223	CCC\C=C/C\C=C/CCCCCCCC(=O)SCCNC(=O)CCNC(=O)[C@H](O)C(C)(C)COP(=O)(OP(=O)(OC[C@H]1(O[C@H]([C@@H]([C@@H]1OP([O-])(=O)[O-])O)N2(C3(\N=C/N=C(C(\N=C/2)=3)/N))))[O-])[O-]		CQXSJFXWARGOBE-PCRJDALTSA-J									PlantCyc/PMN local PGDB
CPD-7145	CPD-7145	delphinidin 3- O -rutinoside	611.1612099487					C27H29O16			plantcyc <https://plantcyc.org/>	delphinidin 3-rhamnoglucoside // tulipanin	611.1612099487	C[C@H]1([C@H](O)[C@@H](O)[C@@H](O)[C@@H](O1)OC[C@@H]5([C@@H](O)[C@H](O)[C@@H](O)[C@H](OC3(\C(C2(\C=C(C(\O)=C(/C=2)\O)\O))=[O+]C4(\C(/C=3)=C(/C=C(/C=4)/[O-])\[O-])))O5))		PLKUTZNSKRWCCA-LTSKFBHWSA-M									PlantCyc/PMN local PGDB
2-AMINOACRYLATE	2-AMINOACRYLATE	2-aminoprop-2-enoate	87.0320284099					C3H5NO2			plantcyc <https://plantcyc.org/>	2-aminoacrylate // dehydroalanine // alpha-aminoacrylate // 2-aminoacrylic acid // 2,3-didehydroalanine // alpha,beta-dehydroalanine // anhydroserine 2-aminopropenoic acid	87.0320284099	C=C([NH3+])C(=O)[O-]		UQBOJOOOTLPNST-UHFFFAOYSA-N									PlantCyc/PMN local PGDB
CPD-9305	CPD-9305	( Z )-propanethial oxide	92.0295855689					C3H6OS			plantcyc <https://plantcyc.org/>	lachrymatory factor	92.0295855689	CCC=[S+][O-]		BAZSXBOAXJLRNH-UHFFFAOYSA-N									PlantCyc/PMN local PGDB
CPD-10455	CPD-10455	4-amino-2,6-dinitrotoluene	201.0749558571					C7H8N3O4			plantcyc <https://plantcyc.org/>		201.0749558571	CC1(/C(/[N+](=O)[O-])=C\C(\[NH3+])=C/C(/[N+]([O-])=O)=1)		KQRJATLINVYHEZ-UHFFFAOYSA-O									PlantCyc/PMN local PGDB
CPD-6948	CPD-6948	beta-amyrin	426.3861662271					C30H50O			plantcyc <https://plantcyc.org/>	beta-amyrenol	426.3861662271	CC4(C[C@H]5(C2(\[C@]([C@@]1(CC[C@H]3(C(C)(C)[C@H](CC[C@]([C@H]1C\C=2)3C)O))C)(CC[C@@](C)(CC4)5)C)))C		JFSHUTJDVKUMTJ-QHPUVITPSA-N									PlantCyc/PMN local PGDB
CPD-19335	CPD-19335	9-hydroxy traumatin	228.1361591304					C12H19O4			plantcyc <https://plantcyc.org/>	(10 E )-9-hydroxytraumatin // (10 E )-9-hydroxy-12-oxo-dodecenoic acid // (10 E )-9-hydroxy-12-oxo-dodecenoate // 9-hydroxytraumatin // 9-hydroxy-12-oxo-10E-dodecenoic acid // 9-hydroxy-12-oxo-10E-dodecenoate	228.1361591304	C(/C=C/C(O)CCCCCCCC(=O)[O-])=O		ADPDWAFVBDMZSV-SOFGYWHQSA-M									PlantCyc/PMN local PGDB
CPD-7682	CPD-7682	1-piperideine 6-carboxylate	127.0633285383					C6H8NO2			plantcyc <https://plantcyc.org/>	&Delta; 1 -piperideine-6-carboxylate // &Delta; 6 -piperideine-2-carboxylate // 1,6-didehydropiperidine-2-carboxylate // 2,3,4,5-tetrahydropyridine-2-carboxylate // ( S )-2,3,4,5-tetrahydropiperidine-2-carboxylate	127.0633285383	C([C@@H]1(CCC\C=N/1))([O-])=O		CSDPVAKVEWETFG-YFKPBYRVSA-M									PlantCyc/PMN local PGDB
CPD-17866	CPD-17866	S -sulfinatoglutathione	371.0457059181					C10H15N3O8S2			plantcyc <https://plantcyc.org/>	GSSO2-	371.0457059181	C(SS([O-])=O)[C@@H](C(NCC([O-])=O)=O)NC(=O)CC[C@H]([NH3+])C([O-])=O		QUBUTNSZZFICHL-WDSKDSINSA-L									PlantCyc/PMN local PGDB
CPD-12511	CPD-12511	UDP-beta-L-arabinofuranose	536.0444556902					C14H20N2O16P2			plantcyc <https://plantcyc.org/>		536.0444556902	C(O)[C@H]1([C@H](O)[C@@H](O)[C@H](O1)OP(OP(OC[C@@H]3([C@H]([C@H]([C@H](N2(\C=C/C(=O)NC2=O))O3)O)O))(=O)[O-])(=O)[O-])		QGNZSCRNMXQWNR-IAZOVDBXSA-L									PlantCyc/PMN local PGDB
BENZOATE	BENZOATE	benzoate	122.0367794368					C7H5O2			plantcyc <https://plantcyc.org/>	benzoic acid // benzenecarboxylic acid // phenylformic acid	122.0367794368	C(C1(\C=C/C=C\C=1))([O-])=O		WPYMKLBDIGXBTP-UHFFFAOYSA-M									PlantCyc/PMN local PGDB
LEUKOTRIENE-C4	LEUKOTRIENE-C4	leukotriene C4	625.3033008132					C30H45N3O9S			plantcyc <https://plantcyc.org/>		625.3033008132	CCCCC\C=C/C\C=C/C=C/C=C/[C@@H](SC[C@@H](C(=O)NCC([O-])=O)NC(CC[C@@H](C(=O)[O-])[NH3+])=O)[C@H](CCCC([O-])=O)O		GWNVDXQDILPJIG-NXOLIXFESA-L									PlantCyc/PMN local PGDB
PROPIONATE	PROPIONATE	propanoate	74.0367794368					C3H5O2			plantcyc <https://plantcyc.org/>	propionic acid // ethylformic acid // methylacetic acid // propionate	74.0367794368	CCC(=O)[O-]		XBDQKXXYIPTUBI-UHFFFAOYSA-M									PlantCyc/PMN local PGDB
CPD-12124	CPD-12124	menaquinol- 6	582.443681106					C41H58O2			plantcyc <https://plantcyc.org/>	menaquinol(6) // MKH2-6	582.443681106	CC(C)=CCCC(\C)=C/CCC(\C)=C/CCC(\C)=C/CCC(\C)=C/CCC(\C)=C/CC1(/C(\C)=C(C2(/C=C\C=C/C(/C(/O)=1)=2))/O)		ZVENTDGZQVBWNA-RCIYGOBDSA-N									PlantCyc/PMN local PGDB
5-AMINO-2-OXOPENTANOATE	5-AMINO-2-OXOPENTANOATE	5-amino-2-oxopentanoate	131.0582431604					C5H9NO3			plantcyc <https://plantcyc.org/>	2-oxo-5-aminovalerate // 5-amino-2-oxopentanoic acid // alpha-keto-delta-aminovaleric acid // 2-keto-ornithine // 2-keto-5-aminovalerate // alpha-keto-delta-aminovalerate	131.0582431604	C(C[NH3+])CC(=O)C([O-])=O		BWHGMFYTDQEALD-UHFFFAOYSA-N									PlantCyc/PMN local PGDB
HISTAMINE	HISTAMINE	histamine	111.0796473045					C5H10N3			plantcyc <https://plantcyc.org/>	peremin // 1H-Imidazole-4-ethanamine	111.0796473045	C([NH3+])CC1(\N=C/N\C=1)		NTYJJOPFIAHURM-UHFFFAOYSA-O									PlantCyc/PMN local PGDB
L-ARGININO-SUCCINATE	L-ARGININO-SUCCINATE	L-arginino-succinate	290.1226343312					C10H17N4O6			plantcyc <https://plantcyc.org/>	N -(L-arginino)-succinate // arginino-succinate	290.1226343312	C(NC(NC(CC(=O)[O-])C(=O)[O-])=[NH2+])CC[C@@H](C(=O)[O-])[NH3+]		KDZOASGQNOPSCU-ZBHICJROSA-M									PlantCyc/PMN local PGDB
HYDRPHENYLAC-CPD	HYDRPHENYLAC-CPD	(4-hydroxyphenyl)acetaldehyde	136.052429501					C8H8O2			plantcyc <https://plantcyc.org/>	HPAL	136.052429501	C(=O)CC1(\C=C/C(/O)=C\C=1)		IPRPPFIAVHPVJH-UHFFFAOYSA-N									PlantCyc/PMN local PGDB
TRYPTAMINE	TRYPTAMINE	tryptamine	160.1000483956					C10H13N2			plantcyc <https://plantcyc.org/>	3-(2-aminoethyl)indole	160.1000483956	C([NH3+])CC1(\C2(/C=C\C=C/C(/N\C=1)=2))		APJYDQYYACXCRM-UHFFFAOYSA-O									PlantCyc/PMN local PGDB
CPD-22597	CPD-22597	6-deoxy-D-allose	164.0684734957					C6H12O5			plantcyc <https://plantcyc.org/>	D-allomethylose	164.0684734957	C[C@@H]1([C@@H](O)[C@@H](O)[C@@H](O)C(O)O1)		SHZGCJCMOBCMKK-IVMDWMLBSA-N									PlantCyc/PMN local PGDB
CPD-11444	CPD-11444	uroporphyrinogen-I	836.2752313868					C40H36N4O16			plantcyc <https://plantcyc.org/>	uroporphyrinogen I	836.2752313868	C(=O)([O-])CCC2(\C(/CC(=O)[O-])=C1(CC5(\NC(/CC4(\NC(/CC3(\NC(/CC(\N1)=2)=C(CC(=O)[O-])/C(\CCC([O-])=O)=3))=C(CC(=O)[O-])/C(\CCC(=O)[O-])=4))=C(CC([O-])=O)/C(\CCC(=O)[O-])=5)))		QTTNOSKSLATGQB-UHFFFAOYSA-F									PlantCyc/PMN local PGDB
CPD-641	CPD-641	(R)-mevalonate diphosphate	308.0062196904					C6H10O10P2			plantcyc <https://plantcyc.org/>	mevalonate-5-PP // (R)-5-diphosphomevalonate	308.0062196904	C[C@@](O)(CCOP(=O)([O-])OP([O-])([O-])=O)CC(=O)[O-]		SIGQQUBJQXSAMW-ZCFIWIBFSA-J									PlantCyc/PMN local PGDB
CPD-7150	CPD-7150	pelargonidin-3,5-diglucoside-5-O-caffeoylglucoside	757.1979893855					C36H36O18			plantcyc <https://plantcyc.org/>		757.1979893855	C([C@H]1(O[C@H]([C@@H]([C@H]([C@@H]1O)O)O)OC2(\C(=[O+]C3(\C(/C=2)=C(/C=C(/C=3)/[O-])\O[C@@H]4(O[C@@H]([C@H]([C@@H]([C@H]4O)O)O)COC(/C=C/C5(\C=C/C(/O)=C(C=5)/O))=O)))C6(\C=C/C(/O)=C\C=6))))O		XVAALFVCJHPAIQ-AQAMAIGXSA-N									PlantCyc/PMN local PGDB
CPD-885	CPD-885	gibberellin A 98	348.1936740093					C20H27O5			plantcyc <https://plantcyc.org/>	GA98	348.1936740093	C=C1([C@H]2(C[C@]3(C1)([C@H]([C@@H]4([C@@](C)(C[C@@H](O)C[C@@](CO)([C@@H](CC2)3)4)C=O))C([O-])=O)))		ATMPPYARKPQWNF-OLHXTJCGSA-M									PlantCyc/PMN local PGDB
CPD-26585	CPD-26585	(22 R )-22-hydroxycholesterol-26-al	416.3290452787					C27H44O3			plantcyc <https://plantcyc.org/>		416.3290452787	CC(C=O)CC[C@@H](O)[C@@H](C)[C@H]3(CC[C@H]4([C@@H]2(C\C=C1(C[C@@H](O)CC[C@@](C)1[C@H]2CC[C@](C)34))))		BRHFBKGIOFVBBM-RILARPOQSA-N									PlantCyc/PMN local PGDB
MORPHINE	MORPHINE	morphine	285.1364934814					C17H20NO3			plantcyc <https://plantcyc.org/>		285.1364934814	C[NH+]4(CC[C@@]15([C@@H]3([C@H](\C=C/[C@@H]([C@@H](CC2(\C=C/C(/O)=C(C\1=2)/O3))4)5)O)))		BQJCRHHNABKAKU-KBQPJGBKSA-O									PlantCyc/PMN local PGDB
CPD-18238	CPD-18238	carboxyphosphate	141.9667243389					CHO6P			plantcyc <https://plantcyc.org/>		141.9667243389	C(=O)([O-])OP([O-])(=O)O		LQQCGEGRINLHDP-UHFFFAOYSA-L									PlantCyc/PMN local PGDB
CPD-15056	CPD-15056	( Z )-2-aminobutenoate	101.0476784741					C4H7NO2			plantcyc <https://plantcyc.org/>	( Z )-2-aminobut-2-enoate // ( Z )-2-aminobutenoic acid // ( Z )-dehydrobutyrine // (2 Z )-2-aminobut-2-enoic acid // ( Z )-2,3-didehydrobutyrine // anhydrothreonine	101.0476784741	C\C=C(C([O-])=O)/[NH3+]		PAWSVPVNIXFKOS-IHWYPQMZSA-N									PlantCyc/PMN local PGDB
4-P-PANTOTHENATE	4-P-PANTOTHENATE	( R )-4'-phosphopantothenate	299.0770030698					C9H15NO8P			plantcyc <https://plantcyc.org/>	4'-phosphopantothenate // 4'-P-Pantothenate // D-4'-phosphopantothenate	299.0770030698	CC([C@H](C(=O)NCCC(=O)[O-])O)(COP([O-])([O-])=O)C		XHFVGHPGDLDEQO-ZETCQYMHSA-K									PlantCyc/PMN local PGDB
CPDQT-422	CPDQT-422	glucobrassicanapin	387.0657726582					C12H20NO9S2			plantcyc <https://plantcyc.org/>	4-pentenyl-glucosinolate	387.0657726582	C=CCCCC(\S[C@@H]1(O[C@H](CO)[C@@H](O)[C@H](O)[C@@H](O)1))=N\OS(=O)(=O)[O-]		XMJFVIGTHMOGNZ-AHMUMSBHSA-M									PlantCyc/PMN local PGDB
CPD-7070	CPD-7070	N , N -dihydroxy-L-tyrosine	213.0637224688					C9H10NO5			plantcyc <https://plantcyc.org/>		213.0637224688	C([C@H](CC1(\C=C/C(/O)=C\C=1))N(O)O)([O-])=O		QPHSFUGCBGILSS-QMMMGPOBSA-M									PlantCyc/PMN local PGDB
CPD-16439	CPD-16439	7-deoxyloganetin	212.104859002					C11H16O4			plantcyc <https://plantcyc.org/>		212.104859002	C[C@H]1(CC[C@H]2([C@@H]1[C@H](O)O/C=C2/C(OC)=O))		GGFAHFSRIITJIJ-NONSRLQASA-N									PlantCyc/PMN local PGDB
PHTYOSPHINGOSINE-1-P	PHTYOSPHINGOSINE-1-P	phytosphingosine (C18) 1-phosphate	397.2593245318					C18H39NO6P			plantcyc <https://plantcyc.org/>	(2S,3S,4R)-2-ammonio-3,4-dihydroxyoctadecyl phosphate	397.2593245318	CCCCCCCCCCCCCC[C@@H](O)[C@H]([C@H](COP([O-])(=O)[O-])[NH3+])O		AYGOSKULTISFCW-KSZLIROESA-M									PlantCyc/PMN local PGDB
3-HEXAPRENYL-4-HYDROXYBENZOATE	3-HEXAPRENYL-4-HYDROXYBENZOATE	4-hydroxy-3-hexaprenylbenzoate	546.4072955997					C37H53O3			plantcyc <https://plantcyc.org/>	3-hexaprenyl-4-hydroxybenzoate // 4-hydroxy-3- all-trans -hexaprenylbenzoate	546.4072955997	CC(C)=CCCC(\C)=C/CCC(\C)=C/CCC(\C)=C/CCC(\C)=C/CCC(\C)=C/CC1(/C=C(\C=C/C(/O)=1)/C(=O)[O-])		LKMQQQABIGIHGL-LAAQXVIISA-M									PlantCyc/PMN local PGDB
CPD0-2184	CPD0-2184	(2 Z ,4 E ,7 E )-2-hydroxy-6-oxonona-2,4,7-triene-1,9-dioate	212.0320879894					C9H6O6			plantcyc <https://plantcyc.org/>	2-hydroxy-6-oxononatrienedioate // 2-hydroxy-6-oxonona-2,4,7-trienedioic acid // 2-hydroxy-6-oxonona-2,4,7-triene-1,9-dioic acid // 2-hydroxy-6-ketononatrienedioate // 2-hydroxy-6-oxonona-2,4,7-triene-1,9-dioate	212.0320879894	C([O-])(=O)/C=C/C(=O)/C=C/C=C(C([O-])=O)\O		WCJYZUFKKTYNLB-ARITWGJRSA-L									PlantCyc/PMN local PGDB
CPD-10450	CPD-10450	2-amino-4,6-dinitrotoluene	201.0749558571					C7H8N3O4			plantcyc <https://plantcyc.org/>	2-ADNT	201.0749558571	CC1(/C(/[NH3+])=C\C(\[N+](=O)[O-])=C/C(/[N+]([O-])=O)=1)		IEEJAAUSLQCGJH-UHFFFAOYSA-O									PlantCyc/PMN local PGDB
MANNITOL-1P	MANNITOL-1P	D-mannitol 1-phosphate	262.0453685904					C6H13O9P			plantcyc <https://plantcyc.org/>	mannitol-1-P	262.0453685904	C([C@H]([C@H]([C@@H]([C@@H](COP([O-])([O-])=O)O)O)O)O)O		GACTWZZMVMUKNG-KVTDHHQDSA-L									PlantCyc/PMN local PGDB
4-AMINO-4-DEOXYCHORISMATE	4-AMINO-4-DEOXYCHORISMATE	4-amino-4-deoxychorismate	225.0637224688					C10H10NO5			plantcyc <https://plantcyc.org/>		225.0637224688	C=C(C(=O)[O-])O[C@H]1([C@H]([NH3+])\C=C/C(/C([O-])=O)=C\1)		OIUJHGOLFKDBSU-HTQZYQBOSA-M									PlantCyc/PMN local PGDB
CPD-9895	CPD-9895	3,4-dihydroxy-5-( all-trans -decaprenyl)benzoate	834.652611249					C57H85O4			plantcyc <https://plantcyc.org/>	3-(3,7,11,15,19,23-decamethyltetracosa-2,6,10,14,18,22-hexaenyl) -4,5-dihydroxy-benzoic acid // 3-decaprenyl-4,5-dihydroxybenzoate	834.652611249	CC(C)=CCCC(\C)=C/CCC(\C)=C/CCC(\C)=C/CCC(\C)=C/CCC(\C)=C/CCC(\C)=C/CCC(\C)=C/CCC(\C)=C/CCC(\C)=C/CC1(/C=C(/C=C(C(/O)=1)/O)/C([O-])=O)		HGWUGDIATLOPBN-BHZQGFRMSA-M									PlantCyc/PMN local PGDB
CPD1F-84	CPD1F-84	gibberellin A 25	362.1729385672					C20H23O6			plantcyc <https://plantcyc.org/>	GA25	362.1729385672	C=C1([C@H]2(C[C@]3(C1)([C@H]([C@@H]4([C@@](C)(CCC[C@@](C(=O)[O-])([C@@H](CC2)3)4)C([O-])=O))C([O-])=O)))		XOUJCIPAKFLTCI-POPXMCHDSA-K									PlantCyc/PMN local PGDB
CPD-8079	CPD-8079	1-18:1-2-16:3-monogalactosyldiacylglycerol	750.5281985964					C43H74O10			plantcyc <https://plantcyc.org/>	18:1-16:3-MGDG // 1-(9Z-octadecenoyl)-2-(7Z,10Z,13Z-hexadecatrienoyl)-3-O-beta-D-galactosyl-sn-glycerol	750.5281985964	CCCCCCCC\C=C/CCCCCCCC(OC[C@H](CO[C@@H]1(O[C@@H]([C@@H]([C@@H]([C@H]1O)O)O)CO))OC(CCCCC\C=C/C\C=C/C\C=C/CC)=O)=O		ULEDCQDCQAHGFD-LUKLOYDESA-N									PlantCyc/PMN local PGDB
CPD-15711	CPD-15711	beta-D-mannopyranose 6-phosphate	260.0297185262					C6H11O9P			plantcyc <https://plantcyc.org/>	beta-D-mannose-6-P	260.0297185262	C(OP(=O)([O-])[O-])[C@H]1(O[C@@H](O)[C@@H](O)[C@@H](O)[C@H](O)1)		NBSCHQHZLSJFNQ-RWOPYEJCSA-L									PlantCyc/PMN local PGDB
DEOXYCHOLATE	DEOXYCHOLATE	deoxycholate	392.2926597724					C24H39O4			plantcyc <https://plantcyc.org/>	deoxycholic acid // 3alpha,12alpha-dihydroxy-5beta-cholanate	392.2926597724	C[C@@H]([C@H]3(CC[C@H]4([C@@H]2(CC[C@@H]1(C[C@H](O)CC[C@@](C)1[C@H]2C[C@H](O)[C@](C)34)))))CCC(=O)[O-]		KXGVEGMKQFWNSR-LLQZFEROSA-M									PlantCyc/PMN local PGDB
CPD-7291	CPD-7291	3-epihydroxy-2'-deoxymugineate	320.1219656292					C12H18N2O8			plantcyc <https://plantcyc.org/>	3-epihydroxy-2'-deoxymugineic acid // epiHDMA	320.1219656292	C1([C@H](O)[C@@H](C([O-])=O)N1CC[C@H]([NH2+]CC[C@H](O)C(=O)[O-])C(=O)[O-])		UQYFTKWTXJZWBK-JBDRJPRFSA-L									PlantCyc/PMN local PGDB
CPD-12487	CPD-12487	petivericin	262.0486064515					C14H14OS2			plantcyc <https://plantcyc.org/>	S-benzyl phenylmethanethiosulfinate	262.0486064515	C(S(=O)SCC1(\C=C/C=C\C=1))C2(\C=C/C=C\C=2)		VUJONJHZKSZFSA-UHFFFAOYSA-N									PlantCyc/PMN local PGDB
CPD-505	CPD-505	D- myo -inositol (1,3,4,6)-tetrakisphosphate	499.9287097514					C6H8O18P4			plantcyc <https://plantcyc.org/>	Ins(1,3,4,6)P 4 // inositol (1,3,4,6)-tetra kis phosphate // 1D- myo -inositol 1,3,4,6-tetra kis phosphate	499.9287097514	[C@@H]1(O)([C@@H](OP([O-])(=O)[O-])[C@H](OP([O-])([O-])=O)[C@H](O)[C@H](OP(=O)([O-])[O-])[C@@H](OP(=O)([O-])[O-])1)		ZAWIXNGTTZTBKV-JMVOWJSSSA-F									PlantCyc/PMN local PGDB
CPD-8670	CPD-8670	portulacaxanthin II	374.1114009429					C18H15N2O7			plantcyc <https://plantcyc.org/>	tyrosine-betaxanthin	374.1114009429	C(\C=C1(C[C@H](NC(/C([O-])=O)=C/1)C([O-])=O))=N\[C@@H](CC2(\C=C/C(/O)=C\C=2))C([O-])=O		MBFJCQLVRQZZOV-MRHCINOSSA-K									PlantCyc/PMN local PGDB
CPD-14278	CPD-14278	(3 R )-3-hydroxycerotoyl-CoA	1161.4962892148					C47H82N7O18P3S			plantcyc <https://plantcyc.org/>		1161.4962892148	CCCCCCCCCCCCCCCCCCCCCCC[C@@H](O)CC(=O)SCCNC(=O)CCNC(=O)[C@H](O)C(C)(C)COP(=O)(OP(=O)(OC[C@H]1(O[C@H]([C@@H]([C@@H]1OP([O-])(=O)[O-])O)N2(C3(\N=C/N=C(C(\N=C/2)=3)/N))))[O-])[O-]		GBMJOTOUUWGTIA-CSLACTSSSA-J									PlantCyc/PMN local PGDB
GLUCONATE	GLUCONATE	D-gluconate	196.0583027399					C6H11O7			plantcyc <https://plantcyc.org/>	D-gluconic acid // dextronic acid // maltonic acid	196.0583027399	C(O)[C@@H](O)[C@@H](O)[C@H](O)[C@@H](O)C(=O)[O-]		RGHNJXZEOKUKBD-SQOUGZDYSA-M									PlantCyc/PMN local PGDB
CPD-12777	CPD-12777	(3 R )-hydroxydecanoyl-CoA	937.2458881876					C31H50N7O18P3S			plantcyc <https://plantcyc.org/>		937.2458881876	CCCCCCC[C@H](CC(SCCNC(=O)CCNC(=O)[C@H](O)C(C)(C)COP(=O)(OP(=O)(OC[C@H]1(O[C@H]([C@@H]([C@@H]1OP([O-])(=O)[O-])O)N2(C3(\N=C/N=C(C(\N=C/2)=3)/N))))[O-])[O-])=O)O		HIVSMYZAMUNFKZ-PDQACDDGSA-J									PlantCyc/PMN local PGDB
CPD-11763	CPD-11763	bisorganyltrisulfane	646.1396826578					C20H32N6O12S3			plantcyc <https://plantcyc.org/>	GS 3 G	646.1396826578	C(SSSCC(NC(=O)CCC([NH3+])C(=O)[O-])C(=O)NCC(=O)[O-])C(C(O)NCC(=O)[O-])NC(CCC(C([O-])=O)[NH3+])=O		IMZRQZICOZIGNP-UHFFFAOYSA-L									PlantCyc/PMN local PGDB
5-HYDROXYISOURATE	5-HYDROXYISOURATE	( S )-5-hydroxyisourate	184.0232546376					C5H4N4O4			plantcyc <https://plantcyc.org/>		184.0232546376	C2([C@]1(O)(NC(=O)NC/1=N/C(=O)N2))(=O)		LTQYPAVLAYVKTK-YFKPBYRVSA-N									PlantCyc/PMN local PGDB
CPD-26250	CPD-26250	19-hydroxycucurbitadienol	442.3810808492					C30H50O2			plantcyc <https://plantcyc.org/>		442.3810808492	CC(C)=CCC[C@@H](C)[C@H]1(CC[C@@]4([C@]1(C)CC[C@]2(CO)([C@@H](C/C=C3([C@H]2CC[C@H](O)C(C)(C)3))4))C)		ONGWRTCXQHHWFA-DQGRURHQSA-N									PlantCyc/PMN local PGDB
CPD-23237	CPD-23237	3-oxochol-4,6-dienoate	370.2507949577					C24H33O3			plantcyc <https://plantcyc.org/>	3-oxo-&Delta; 4,6 -7-deoxy-chenodeoxycholate	370.2507949577	C[C@H](CCC(=O)[O-])[C@H]2(CC[C@H]3([C@@H]4(\C=C/C1(/[C@](C)(CCC(=O)\C=1)[C@@H](CC[C@](C)23)4))))		CREVIXFSUWYGRJ-IHMUCKAYSA-M									PlantCyc/PMN local PGDB
CPD-22833	CPD-22833	N -demethyllincomycin mercapturate	507.2250504922					C21H37N3O9S			plantcyc <https://plantcyc.org/>		507.2250504922	CCC[C@@H]1(C[C@H]([NH2+]C1)C(=O)N[C@H]([C@H](O)C)[C@@H]2([C@H](O)[C@@H]([C@@H](O)[C@@H](SC[C@H](NC(=O)C)C(=O)[O-])O2)O))		GNGGMQVVPWGQLI-GYNKIMQWSA-N									PlantCyc/PMN local PGDB
CPD-7138	CPD-7138	cyanidin 3,5-di- O -beta-D-glucoside	611.1612099487					C27H30O16			plantcyc <https://plantcyc.org/>	cyanidin-3,5-diglucoside	611.1612099487	C(O)[C@@H]1([C@@H](O)[C@H](O)[C@@H](O)[C@@H](O1)OC3(\C4(/C=C(C(C2(\C=C(C(/O)=C\C=2)\O))=[O+]C(\C=C(/C=3)\[O-])=4)/O[C@H]5([C@H](O)[C@@H](O)[C@H](O)[C@@H](CO)O5))))		RDFLLVCQYHQOBU-ZOTFFYTFSA-N									PlantCyc/PMN local PGDB
INDOLE-PROPIONATE	INDOLE-PROPIONATE	3-(1H-indol-3-yl)propanoate	189.0789786025					C11H10NO2			plantcyc <https://plantcyc.org/>	indole-propionate // 3-indolepropionic acid // indole-3-propionate // IPA // indole-3-propanoate // 3-(1H-indol-3-yl)propionate	189.0789786025	C1(\C=C/C2(/N\C=C(CCC(=O)[O-])/C(\C=1)=2))		GOLXRNDWAUTYKT-UHFFFAOYSA-M									PlantCyc/PMN local PGDB
4-CYTIDINE-5-DIPHOSPHO-2-C	4-CYTIDINE-5-DIPHOSPHO-2-C	4-(cytidine 5'-diphospho)-2-C-methyl-D-erythritol	521.0811755475					C14H23N3O14P2			plantcyc <https://plantcyc.org/>	CDP-ME // CDP-methyl-D-erythritol // 4-diphosphocytidyl-2C-methyl-D-erythritol // 4-diphosphocytidyl-2-C-methylerythritol	521.0811755475	C[C@](O)(CO)[C@H](O)COP(OP(OC[C@@H]2([C@H]([C@H]([C@H](N1(\C=C/C(/N)=N\C1=O))O2)O)O))(=O)[O-])([O-])=O		YFAUKWZNPVBCFF-XHIBXCGHSA-L									PlantCyc/PMN local PGDB
CPD-229	CPD-229	gibberellin A 8 -catabolite	362.1365530609					C19H20O7			plantcyc <https://plantcyc.org/>	GA 8 -catabolite // GA8-catabolite	362.1365530609	C=C1([C@@]2(O)(C[C@]3(C1)([C@H]([C@@H]4([C@@](C(=O)[O-])(C)[C@@H](O)C(=O)C=C([C@@H](CC2)3)4))C([O-])=O)))		NAOFYNMJUGRAFS-UWSJOQIXSA-L									PlantCyc/PMN local PGDB
CPD-9175	CPD-9175	N -acetyl-L-cysteine	163.0303138504					C5H8NO3S			plantcyc <https://plantcyc.org/>	acetylcysteine // N -acetylcysteine	163.0303138504	CC(N[C@H](C(=O)[O-])CS)=O		PWKSKIMOESPYIA-BYPYZUCNSA-M									PlantCyc/PMN local PGDB
CPD-9065	CPD-9065	3-deacetyl-3-(1-hydroxyethyl)bacteriochlorophyllide a	634.2641768732					C35H36N4O6MG			plantcyc <https://plantcyc.org/>	3-hydroxyethylbacteriochlorophyllide	634.2641768732	CC[C@@H]1([C@@H](C)C2(\N=C1\C=C7(C(\C)=C3(C4(\N([Mg]N6(C(\C=2)=C(C(/C)=C(\C=C5([C@@H](C)[C@H](CCC(=O)[O-])C(\C(/[C-](C(OC)=O)C(=O)3)=4)=N5))/6)/C(C)O))7)))))											PlantCyc/PMN local PGDB
CPD-7857	CPD-7857	(6 E )-8-hydroxygeraniol	170.130679822					C10H18O2			plantcyc <https://plantcyc.org/>	(E)-8-hydroxygeraniol // 8-hydroxygeraniol // trans,trans-2,6-dimethyl-2,6-octadiene-1,8-diol	170.130679822	CC(/CC/C=C(C)/CO)=C\CO		PREUOUJFXMCMSJ-TXFIJWAUSA-N									PlantCyc/PMN local PGDB
CPD-17624	CPD-17624	&omega;-carboxy-(9 Z )-octadec-9-enoyl-CoA	1061.3347031949					C39H61N7O19P3S			plantcyc <https://plantcyc.org/>	18-carboxyl oleoyl-CoA	1061.3347031949	CC(C)([C@@H](O)C(=O)NCCC(=O)NCCSC(=O)CCCCCCC\C=C/CCCCCCCC(=O)[O-])COP(=O)(OP(=O)(OC[C@@H]1([C@@H](OP([O-])(=O)[O-])[C@@H](O)[C@@H](O1)N2(C3(\N=C/N=C(C(\N=C/2)=3)/N))))[O-])[O-]		IISWKVFHQLAOMW-BTFUZUOASA-I									PlantCyc/PMN local PGDB
CPD-14839	CPD-14839	(+)-sesaminol 2- O -beta- D -gentiobioside	694.2108997955					C32H38O17			plantcyc <https://plantcyc.org/>	(+)-sesaminol 2- O -beta- D -glucosyl (1->6)- O -beta- D -glucoside	694.2108997955	C1(OC2(\C(\O1)=C/C=C(/C=2)/[C@H]3(OC[C@H]4([C@H](OC[C@H]34)C7(\C(\O[C@H]5([C@@H]([C@H]([C@H](O)[C@H](O5)CO[C@H]6([C@@H]([C@H]([C@H](O)[C@H](O6)CO)O)O))O)O))=C/C8(/OCOC(/C=7)=8))))))		YIGQNWGFLQZODP-SFMWUWOUSA-N									PlantCyc/PMN local PGDB
CPD-634	CPD-634	castasterone	464.3501746513					C28H48O5			plantcyc <https://plantcyc.org/>		464.3501746513	CC(C)[C@H](C)[C@@H](O)[C@H](O)[C@@H](C)[C@H]3(CC[C@H]4([C@@H]2(CC(=O)[C@H]1(C[C@H](O)[C@H](O)C[C@@](C)1[C@H]2CC[C@](C)34))))		VYUIKSFYFRVQLF-YLNAYWRASA-N									PlantCyc/PMN local PGDB
LACTALD	LACTALD	( S )-lactaldehyde	74.0367794368					C3H6O2			plantcyc <https://plantcyc.org/>	lactaldehyde // L-lactaldehyde // lactald	74.0367794368	C[C@@H](C=O)O		BSABBBMNWQWLLU-VKHMYHEASA-N									PlantCyc/PMN local PGDB
CPD-18685	CPD-18685	O -methyl-4- O -[2,4-di- O -methyl-alpha-L-fucopyranosyl-(1->3)-alpha-L-rhamnopyranosyl-(1->3)-2- O -methyl-alpha-L-rhamnopyranosyl]-hydroxybenzoate	632.2680207439					C29H44O15			plantcyc <https://plantcyc.org/>		632.2680207439	C[C@H]4([C@H](O)[C@@H](O[C@@H]1(O[C@@H](C)[C@@H](OC)[C@@H](O)[C@H](OC)1))[C@@H](O)[C@H](O[C@H]3([C@@H](OC)[C@H](OC2(\C=C/C(/C(OC)=O)=C\C=2))O[C@@H](C)[C@H](O)3))O4)		CUUUTFCDEUGWHT-UCJRHUJRSA-N									PlantCyc/PMN local PGDB
CPD0-2474	CPD0-2474	( S )-NADPHX	763.1016667914					C21H28N7O18P3			plantcyc <https://plantcyc.org/>	(6S)-6beta-hydroxy-1,4,5,6-tetrahydronicotinamide-adenine dinucleotide phosphate	763.1016667914	C5(/N([C@@H]1(O[C@@H]([C@H]([C@H]1O)O)COP(OP(OC[C@H]4(O[C@@H](N2(C3(\C(\N=C/2)=C(N)/N=C\N=3)))[C@H](OP([O-])(=O)[O-])[C@H](O)4))(=O)[O-])(=O)[O-]))[C@@H](O)CCC(/C(=O)N)=5)		SZKXTJUOKARGIY-VPHRTNKSSA-J									PlantCyc/PMN local PGDB
CPD-12500	CPD-12500	26-hydroxycastasterone	480.3450892734					C28H48O6			plantcyc <https://plantcyc.org/>		480.3450892734	CC([C@@H]([C@H]([C@@H]([C@H](C2([C@]3(CCC4([C@]1(C[C@H]([C@H](C[C@@H]1C(CC(C(CC2)3)4)=O)O)O)C))(C)))C)O)O)C)CO		GIHKVCBPOTYEGP-WPXWDAEZSA-N									PlantCyc/PMN local PGDB
UDP-OHMYR-GLUCOSAMINE	UDP-OHMYR-GLUCOSAMINE	UDP-3- O -[(3 R )-3-hydroxymyristoyl]-alpha-D-glucosamine	791.2642848705					C29H50N3O18P2			plantcyc <https://plantcyc.org/>	UDP-3- O -(3-hydroxytetradecanoyl)-D-glucosamine // UDP-3- O -(3-hydroxytetradecanoyl)glucosamine // UDP-3- O -(3-hydroxymyristoyl)-alpha-D-glucosamine	791.2642848705	CCCCCCCCCCC[C@H](CC(O[C@@H]3([C@H]([C@@H](OP(OP(OC[C@@H]2([C@H]([C@H]([C@H](N1(\C=C/C(=O)NC1=O))O2)O)O))(=O)[O-])(=O)[O-])O[C@@H]([C@H]3O)CO)[NH3+]))=O)O		ZFPNNOXCEDQJQS-SSVOXRMNSA-M									PlantCyc/PMN local PGDB
COLUMBAMINE	COLUMBAMINE	columbamine	339.1470581677					C20H20NO4			plantcyc <https://plantcyc.org/>		339.1470581677	COC2(/C=C\C3(\C=C1(C4(\C(/CC[N+]/1=C\C(C(\OC)=2)=3)=C/C(/OC)=C(/C=4)/O))))		YYFOFDHQVIODOQ-UHFFFAOYSA-O									PlantCyc/PMN local PGDB
CPD-8989	CPD-8989	L-methionine-( S )- S -oxide	165.0459639146					C5H11NO3S			plantcyc <https://plantcyc.org/>		165.0459639146	CS(=O)CC[C@H]([NH3+])C(=O)[O-]		QEFRNWWLZKMPFJ-MFXDVPHUSA-N									PlantCyc/PMN local PGDB
3-METHYLSULFINYLPROPYL-GLUCOSINOLATE	3-METHYLSULFINYLPROPYL-GLUCOSINOLATE	glucoiberin	423.0327579703					C11H20NO10S3			plantcyc <https://plantcyc.org/>	3-(methylsulfinyl)propyl-glucosinolate	423.0327579703	CS(=O)CCCC(\S[C@@H]1(O[C@H](CO)[C@@H](O)[C@H](O)[C@@H](O)1))=N\OS(=O)(=O)[O-]		PHYYADMVYQURSX-XEAHXTBRSA-M									PlantCyc/PMN local PGDB
INDOLE-3-ACETYL-BETA-6-D-GLUCOSE	INDOLE-3-ACETYL-BETA-6-D-GLUCOSE	6- O -(indol-3-ylacetyl)-beta-D-glucose	337.1161519698					C16H19NO7			plantcyc <https://plantcyc.org/>	indole-3-acetyl-beta-6-D-glucose	337.1161519698	C(OC(=O)CC1(\C2(/C=C\C=C/C(/N\C=1)=2)))[C@H]3(O[C@H]([C@H](O)[C@H]([C@H](O)3)O)O)		DKHLXGMLDJKOFU-YMILTQATSA-N									PlantCyc/PMN local PGDB
CDP-CHOLINE	CDP-CHOLINE	CDP-choline	490.1229807827					C14H25N4O11P2			plantcyc <https://plantcyc.org/>	citicoline // citicholine // cidifos // cyticholine // cytidine 5'-diphosphocholine // cytidine diphosphate choline	490.1229807827	C[N+](C)(C)CCOP(OP(OC[C@@H]2([C@H]([C@H]([C@H](N1(\C=C/C(/N)=N\C1=O))O2)O)O))(=O)[O-])([O-])=O		RZZPDXZPRHQOCG-OJAKKHQRSA-M									PlantCyc/PMN local PGDB
2-METHYL-3-HYDROXY-BUTYRYL-COA	2-METHYL-3-HYDROXY-BUTYRYL-COA	(2S,3S)-3-hydroxy-2-methylbutanoyl-CoA	867.1676378666					C26H40N7O18P3S			plantcyc <https://plantcyc.org/>	2-methyl-3-hydroxybutyryl-CoA // (2S,3S)-3-hydroxy-2-methylbutyryl-CoA // (S)-3-hydroxy-2-methylbutyryl-CoA // 3-hydroxy-2-methylbutyryl-CoA	867.1676378666	C[C@H](C(=O)SCCNC(=O)CCNC(=O)[C@H](O)C(C)(C)COP(=O)(OP(=O)(OC[C@@H]1([C@@H](OP([O-])(=O)[O-])[C@@H](O)[C@@H](O1)N2(C3(\N=C/N=C(C(\N=C/2)=3)/N))))[O-])[O-])[C@H](C)O		PEKYNTFSOBAABV-LQUDNSJZSA-J									PlantCyc/PMN local PGDB
CPD-9858	CPD-9858	2-methoxy-6-( all trans -heptaprenyl)benzene-1,4-diol	616.4855459207					C42H64O3			plantcyc <https://plantcyc.org/>	2-methoxy-6-heptaprenyl-1,4-benzoquinol	616.4855459207	CC(C)=CCCC(\C)=C/CCC(\C)=C/CCC(\C)=C/CCC(\C)=C/CCC(\C)=C/CCC(\C)=C/CC1(\C(\O)=C(/C=C(\C=1)/O)\OC)		WEGXYVFDOLUULO-TUUMQRACSA-N									PlantCyc/PMN local PGDB
CPD-22132	CPD-22132	31-norcycloartanone	412.3705161629					C29H48O			plantcyc <https://plantcyc.org/>	(9beta)-4beta-demethyl-9,19-cyclolanost-3-one	412.3705161629	CC(C)CCC[C@@H](C)[C@H]3(CC[C@@]4(C)([C@@H]1(CC[C@H]5([C@H](C)C(=O)CC[C@@]2(C[C@@]12CC[C@](C)34)5))))		MCZKAQHKWYEXEU-XJXRDSNCSA-N									PlantCyc/PMN local PGDB
CPD-8605	CPD-8605	laricitrin	332.053217362					C16H11O8			plantcyc <https://plantcyc.org/>	3'- O -methylmyricetin	332.053217362	COC1(/C=C(/C=C(C(\O)=1)/O)/C2(/OC3(/C=C(/C=C(C(\C(C(/[O-])=2)=O)=3)/O)/O)))		CFYMYCCYMJIYAB-UHFFFAOYSA-M									PlantCyc/PMN local PGDB
CPD0-1249	CPD0-1249	gamma-methylphosphinothricin	195.066044453					C6H13NO4P			plantcyc <https://plantcyc.org/>	GMPPT	195.066044453	CC(P([O-])(C)=O)CC([NH3+])C(=O)[O-]		LLSWVOXJHFIPIU-UHFFFAOYSA-M									PlantCyc/PMN local PGDB
CPDQT-416	CPDQT-416	4-(methylsulfanyl)butyl-desulfoglucosinolate	341.0966788561					C12H23NO6S2			plantcyc <https://plantcyc.org/>	4-(methylthio)butyl-desulfoglucosinolate	341.0966788561	CSCCCCC(\S[C@@H]1(O[C@H](CO)[C@@H](O)[C@H](O)[C@@H](O)1))=N\O		WILLOUKDISBKTQ-AHMUMSBHSA-N									PlantCyc/PMN local PGDB
CPD-3630	CPD-3630	(3R)-sophorol	300.0633881178					C16H12O6			plantcyc <https://plantcyc.org/>	(-)-sophorol	300.0633881178	C3(OC4(\C(\C(=O)[C@H](C2(/C=C1(C(/OCO1)=C\C(O)=2)))3)=C/C=C(/C=4)/O))		FAPWSAQOVOBPCP-NSHDSACASA-N									PlantCyc/PMN local PGDB
CPD0-1386	CPD0-1386	3-(sulfanylcarbamoyl)-L-alanine	164.0255628235					C4H8N2O3S			plantcyc <https://plantcyc.org/>		164.0255628235	C(=O)([O-])[C@@H]([NH3+])CC(=O)NS		XIQSDJATPSOWKM-REOHCLBHSA-N									PlantCyc/PMN local PGDB
CPD-6994	CPD-6994	(2S)-eriodictyol	288.0633881178					C15H11O6			plantcyc <https://plantcyc.org/>		288.0633881178	C3(\C(\[C@H]1(OC2(/C=C(/C=C(C(\C(C1)=O)=2)/O)/[O-])))=C/C(/O)=C(\C=3)/O)		SBHXYTNGIZCORC-ZDUSSCGKSA-M									PlantCyc/PMN local PGDB
CPD-17223	CPD-17223	(3 E )-phycoerythrobilin	586.2791349732					C33H36N4O6			plantcyc <https://plantcyc.org/>		586.2791349732	C/C=C1([C@@H](C)C(NC\1=C/C4(/NC(/C=C3(C(/CCC([O-])=O)=C(C)/C(\C[C@@H]2(C(/C)=C(C=C)/C(=O)N2))=N\3))=C(CCC([O-])=O)/C(\C)=4))=O)		IGJXAXFFKKRFKU-NDGVYKEISA-L									PlantCyc/PMN local PGDB
CPD-19419	CPD-19419	norcraugsodine	257.105193353					C15H15NO3			plantcyc <https://plantcyc.org/>		257.105193353	C(/N=C/C1(\C=C/C(/O)=C(/C=1)/O))CC2(\C=C/C(/O)=C\C=2)		ATVBRGIKCZGPSC-MHWRWJLKSA-N									PlantCyc/PMN local PGDB
TRANS-CINNAMOYL-BETA-D-GLUCOSE	TRANS-CINNAMOYL-BETA-D-GLUCOSE	cinnamoyl-beta-D-glucoside	310.1052529325					C15H18O7			plantcyc <https://plantcyc.org/>	1- O -cinnamoyl-beta-D-glucopyranose	310.1052529325	C2(\C=C/C(/C=C/C(=O)O[C@@H]1(O[C@H](CO)[C@@H](O)[C@H](O)[C@@H](O)1))=C\C=2)		CJGRGYBLAHPYOM-HOLMNUNMSA-N									PlantCyc/PMN local PGDB
CPD0-2106	CPD0-2106	3-oxooctanoyl-CoA	907.198937995					C29H44N7O18P3S			plantcyc <https://plantcyc.org/>		907.198937995	CCCCCC(=O)CC(=O)SCCNC(=O)CCNC(=O)[C@H](O)C(C)(C)COP(=O)(OP(=O)(OC[C@@H]1([C@@H](OP([O-])(=O)[O-])[C@@H](O)[C@@H](O1)N2(C3(\N=C/N=C(C(\N=C/2)=3)/N))))[O-])[O-]		WPIVBCGRGVNDDT-CECATXLMSA-J									PlantCyc/PMN local PGDB
CPD-225	CPD-225	trans -aconitate	174.0164379252					C6H3O6			plantcyc <https://plantcyc.org/>	trans -aconitic acid // ( E )-prop-1-ene-1,2,3-tricarboxylate	174.0164379252	C([O-])(=O)/C=C(CC([O-])=O)/C([O-])=O		GTZCVFVGUGFEME-HNQUOIGGSA-K									PlantCyc/PMN local PGDB
CODEINE	CODEINE	codeine	299.1521435456					C18H22NO3			plantcyc <https://plantcyc.org/>	7,8-Didehydro-4,5-epoxy-3-methoxy-17-methyl-(5,6)-morphinan-6-ol	299.1521435456	C[NH+]4(CC[C@@]15([C@@H]3([C@@H](O)\C=C/[C@@H]([C@@H](CC2(\C=C/C(/OC)=C(C\1=2)/O3))4)5)))		OROGSEYTTFOCAN-DNJOTXNNSA-O									PlantCyc/PMN local PGDB
CPD-19477	CPD-19477	2-[(2'-methylsulfanyl)propyl]maleate	204.0456295636					C8H10O4S			plantcyc <https://plantcyc.org/>	2-[(2'-methylthio)propyl]maleate	204.0456295636	CSCCCC(\C(=O)[O-])=C\C([O-])=O		RQAOZCCKOFEXBK-WAYWQWQTSA-L									PlantCyc/PMN local PGDB
CPD-7093	CPD-7093	oryzalexin A	302.2245802072					C20H30O2			plantcyc <https://plantcyc.org/>		302.2245802072	C=C[C@@]3(CC[C@H]2([C@@]1(CC[C@H](C([C@H]1CC(C/2=C/3)=O)(C)C)O)C))C		QOWLIQGNZBOQNG-JECYIRHJSA-N									PlantCyc/PMN local PGDB
TRANS-3-METHYL-GLUTACONYL-COA	TRANS-3-METHYL-GLUTACONYL-COA	3-methylglutaconyl-CoA	893.1469024245					C27H37N7O19P3S			plantcyc <https://plantcyc.org/>	trans -3-methylglutaconyl-CoA // ( E )-3-methylglutaconyl-1-CoA	893.1469024245	CC(/CC(=O)[O-])=C\C(=O)SCCNC(=O)CCNC(=O)[C@H](O)C(C)(C)COP(=O)(OP(=O)(OC[C@@H]1([C@@H](OP([O-])(=O)[O-])[C@@H](O)[C@@H](O1)N2(C3(\N=C/N=C(C(\N=C/2)=3)/N))))[O-])[O-]		GXKSHRDAHFLWPN-RKYLSHMCSA-I									PlantCyc/PMN local PGDB
3-METHYLTHIOPROPYL-DESULFO-GLUCOSINOLATE	3-METHYLTHIOPROPYL-DESULFO-GLUCOSINOLATE	3-(methylsulfanyl)propyl-desulfoglucosinolate	327.0810287919					C11H21NO6S2			plantcyc <https://plantcyc.org/>	3-(methylthio)propyl-desulfoglucosinolate	327.0810287919	CSCCCC(\S[C@@H]1(O[C@H](CO)[C@@H](O)[C@H](O)[C@@H](O)1))=N\O		OYTRJEKRRFSKHF-IIPHORNXSA-N									PlantCyc/PMN local PGDB
CPD-21266	CPD-21266	15,16-epoxydolabrene	288.2453156493					C20H32O			plantcyc <https://plantcyc.org/>	epoxydolabrene	288.2453156493	C=C4(CCC[C@@H]3([C@](C)(CC[C@@H]2(C[C@](C1(OC1))(C)CC[C@](C)23))4))		MDUIQYUVECBDRX-LBNFNQNDSA-N									PlantCyc/PMN local PGDB
CPD-7202	CPD-7202	4,9-dimethyldodeca-2,4,6,8,10-pentaene-1,12-dial	216.1150297578					C14H16O2			plantcyc <https://plantcyc.org/>		216.1150297578	CC(/C=C/C=O)=C\C=C\C=C(C)\C=C\C=O		QXJSYJRWEUENRT-PSAUJTBTSA-N									PlantCyc/PMN local PGDB
CPD-22007	CPD-22007	triacontanoyl-CoA	1201.5639748495					C51H90N7O17P3S			plantcyc <https://plantcyc.org/>	melissoyl-CoA	1201.5639748495	CCCCCCCCCCCCCCCCCCCCCCCCCCCCCC(=O)SCCNC(=O)CCNC(=O)[C@H](O)C(C)(C)COP(=O)(OP(=O)(OC[C@H]1(O[C@H]([C@@H]([C@@H]1OP([O-])(=O)[O-])O)N2(C3(\N=C/N=C(C(\N=C/2)=3)/N))))[O-])[O-]		QKSUSCCLLRTYKE-XFQHPCEUSA-J									PlantCyc/PMN local PGDB
CPD-12044	CPD-12044	alpha-D-arabinofuranose	150.0528234315					C5H10O5			plantcyc <https://plantcyc.org/>	alpha-D-arabinose	150.0528234315	C(O)[C@@H]1([C@@H](O)[C@H](O)[C@@H](O)O1)		HMFHBZSHGGEWLO-MBMOQRBOSA-N									PlantCyc/PMN local PGDB
ADENYLOSUCC	ADENYLOSUCC	adenylosuccinate	463.0740429569					C14H14N5O11P			plantcyc <https://plantcyc.org/>	N 6 -(1,2-dicarboxyethyl)AMP // adenylosuccinic acid	463.0740429569	C(OP(=O)([O-])[O-])[C@H]3(O[C@@H](N1(C2(\C(\N=C/1)=C(N[C@@H](CC(=O)[O-])C([O-])=O)/N=C\N=2)))[C@H](O)[C@H](O)3)		OFBHPPMPBOJXRT-VWJPMABRSA-J									PlantCyc/PMN local PGDB
CPD-22602	CPD-22602	( E )-5,6-dihydro-4-hydroxy-6-(styryl)pyran-2-one	216.0786442515					C13H12O3			plantcyc <https://plantcyc.org/>	5,6-dihydro-4-hydroxy-6-stryl-2-pyrone	216.0786442515	C1(=O)(O[C@H](CC(/O)=C\1)/C=C/C2(\C=C/C=C\C=2))		GAEBQUJLHSUKEK-SYTKJHMZSA-N									PlantCyc/PMN local PGDB
CPD-12815	CPD-12815	CDP-1,2-dipalmitoylglycerol	953.5142919672					C44H79N3O15P2			plantcyc <https://plantcyc.org/>		953.5142919672	CCCCCCCCCCCCCCCC(=O)OC[C@H](COP(OP(OC[C@@H]2([C@H]([C@H]([C@H](N1(\C=C/C(/N)=N\C1=O))O2)O)O))(=O)[O-])([O-])=O)OC(=O)CCCCCCCCCCCCCCC		ITYHVANGBZMQML-BQUKFSKHSA-L									PlantCyc/PMN local PGDB
UBIQUINOL-30	UBIQUINOL-30	ubiquinol-6	592.4491604144					C39H60O4			plantcyc <https://plantcyc.org/>	ubiquinol // ubiquinol(30) // reduced ubiquinone // dihydroubiquinone	592.4491604144	CC(C)=CCCC(\C)=C/CCC(\C)=C/CCC(\C)=C/CCC(\C)=C/CCC(\C)=C/CC1(\C(\O)=C(C(\OC)=C(C(/C)=1)\O)\OC)		DYOSCPIQEYRQEO-LPHQIWJTSA-N									PlantCyc/PMN local PGDB
CPD-20015	CPD-20015	6- C -glucosyl-2-hydroxynaringenin	450.1162115493					C21H21O11			plantcyc <https://plantcyc.org/>		450.1162115493	C(O)[C@@H]4([C@@H](O)[C@H](O)[C@@H](O)[C@H](C3(/C(/O)=C2(C(/OC(O)(C1(\C=C/C(/O)=C\C=1))CC(=O)2)=C\C(\[O-])=3)))O4)		XANYTXLTBWWGAJ-QMPIUYLCSA-M									PlantCyc/PMN local PGDB
CPD-25573	CPD-25573	SEP-540	539.1264724579					C17H24N5O13P			plantcyc <https://plantcyc.org/>	6- N -(L-glycero-beta-D- manno -heptosyl)-adenosine 5'-monophosphoate	539.1264724579	C([C@@H]([C@H]4(O[C@H](NC3(/N=C\N=C2(C(/N=C\N([C@@H]1(O[C@H](COP([O-])(=O)[O-])[C@@H](O)[C@@H](O)1))2)=3)))[C@H]([C@H]([C@@H]4O)O)O))O)O		TULJXKVAMXJXOY-FXHRZUAHSA-L									PlantCyc/PMN local PGDB
DIHYDROSANGUINARINE	DIHYDROSANGUINARINE	dihydrosanguinarine	333.1001079751					C20H15NO4			plantcyc <https://plantcyc.org/>	13, 14-dihydro-13-methyl-[1, 3]benzodioxolo[5, 6-c]-1, 3-dioxolo[4, 5-i]phenanthridine	333.1001079751	C2(C6(/C(C3(/C=C\C4(/C=C1(C(/OCO1)=C\C(C(\N(C)2)=3)=4))))=C/C=C5(C(\OCO5)=6)))		CIUHLXZTZWTVFL-UHFFFAOYSA-N									PlantCyc/PMN local PGDB
4-MALEYL-ACETOACETATE	4-MALEYL-ACETOACETATE	4-maleyl-acetoacetate	200.0320879894					C8H6O6			plantcyc <https://plantcyc.org/>	(2Z)-4,6-dioxooct-2-enedioate	200.0320879894	C([O-])(=O)\C=C/C(=O)CC(=O)CC([O-])=O		GACSIVHAIFQKTC-UPHRSURJSA-L									PlantCyc/PMN local PGDB
CPDQT-285	CPDQT-285	5-(methylsulfanyl)pentyl-desulfoglucosinolate	355.1123289203					C13H25NO6S2			plantcyc <https://plantcyc.org/>	5-(methylthio)pentyl-desulfoglucosinolate	355.1123289203	CSCCCCCC(\S[C@@H]1(O[C@H](CO)[C@@H](O)[C@H](O)[C@@H](O)1))=N\O		HKIBRYCZLMJRFT-CBEPRAPJSA-N									PlantCyc/PMN local PGDB
STEARIC_ACID	STEARIC_ACID	stearate	284.2715303998					C18H35O2			plantcyc <https://plantcyc.org/>	octadecanoate // stearic acid // octadecanoic acid // n-C18:0	284.2715303998	CCCCCCCCCCCCCCCCCC(=O)[O-]		QIQXTHQIDYTFRH-UHFFFAOYSA-M									PlantCyc/PMN local PGDB
PRPP	PRPP	5-phospho-alpha-D-ribose 1-diphosphate	389.9518146567					C5H8O14P3			plantcyc <https://plantcyc.org/>	5-phosphoribosyl 1-pyrophosphate // 5-phosphoribosyl diphosphate // 5-phosphoribosyl-1-PP // 5-phosphoribosyl-PP // 5-phosphoribosyl-1-pyrophosphate // 5-phosphoribosylpyrophosphate // phosphoribosylpyrophosphate // 5-phospho-ribosyl-pyrophosphate // alpha-D-5-phosphoribosylPP // alpha-D-5-P-RibosylPP	389.9518146567	C(OP(=O)([O-])[O-])[C@@H]1([C@@H](O)[C@@H](O)[C@H](O1)OP(OP([O-])(=O)[O-])([O-])=O)		PQGCEDQWHSBAJP-TXICZTDVSA-I									PlantCyc/PMN local PGDB
OXALATE	OXALATE	oxalate	89.9953085526					C2O4			plantcyc <https://plantcyc.org/>	oxalic acid // ethanedioic acid	89.9953085526	C([O-])(C(=O)[O-])=O		MUBZPKHOEPUJKR-UHFFFAOYSA-L									PlantCyc/PMN local PGDB
4-hydroxybenzoate	4-hydroxybenzoate	4-hydroxybenzoate	138.0316940589					C7H5O3			plantcyc <https://plantcyc.org/>	p -hydroxybenzoate // 4-hydroxybenzoic acid	138.0316940589	C(C1(\C=C/C(/O)=C\C=1))(=O)[O-]		FJKROLUGYXJWQN-UHFFFAOYSA-M									PlantCyc/PMN local PGDB
CPD0-2486	CPD0-2486	alpha-D-galactofuranose	180.0633881178					C6H12O6			plantcyc <https://plantcyc.org/>		180.0633881178	C(O)[C@@H](O)[C@H]1([C@H](O)[C@@H](O)[C@H](O1)O)		AVVWPBAENSWJCB-TVIMKVIFSA-N									PlantCyc/PMN local PGDB
COPROPORPHYRINOGEN_III	COPROPORPHYRINOGEN_III	coproporphyrinogen III	660.31591441					C36H40N4O8			plantcyc <https://plantcyc.org/>		660.31591441	CC2(\C(/CCC([O-])=O)=C1(CC5(\NC(/CC4(\NC(/CC3(\NC(/CC(\N1)=2)=C(C)/C(\CCC([O-])=O)=3))=C(CCC([O-])=O)/C(\C)=4))=C(CCC(=O)[O-])/C(\C)=5)))		NIUVHXTXUXOFEB-UHFFFAOYSA-J									PlantCyc/PMN local PGDB
CPD4KF-6	CPD4KF-6	stemar-13-ene	272.2504010272					C20H32			plantcyc <https://plantcyc.org/>	endo-stemarene // endo -stemarene	272.2504010272	C[C@]4(C)([C@@H]3(CC[C@H]2(\C=C(C)/[C@@H]1(CC[C@@](C1)2[C@]3(CCC4)C))))											PlantCyc/PMN local PGDB
BISOHMYR-GLC	BISOHMYR-GLC	lipid A disaccharide ( E. coli )	1324.8876311033					C68H127N2O20P			plantcyc <https://plantcyc.org/>	2,3-bis-(3-hydroxytetradecanoyl)-beta-D-glucosaminyl-(beta-D-1,6)-2,3-bis-(3-hydroxytetradecanoyl)-alpha-D-glucosaminyl-1-phosphate // 2,3-bis(3-hydroxymyristoyl)-beta-D-glucosaminyl-1,6-beta-D-2,3-bis(3-hydroxymyristoyl)-alpha-D-glucosaminyl 1-phosphate // 2'-3'-diacyl-GlcN(beta-1'-6)2,3-diacyl-GlcN-1-P // 2,3,2',3'-tetrakis(3-hydroxymyristoyl)-D-glucosaminyl-1,6-alpha-D-glucosamine 1-phosphate // 2,3-bis(3-hydroxytetradecanoyl)-D-glucosaminyl-1,6-beta-D-2,3-bis(3-hydroxytetradecanoyl)-alpha-D-glucosaminyl 1-phosphate // [2- N ,3- O -bis(3-hydroxytetradecanoyl)-beta-D-glucosaminyl]-(1 -> 6)-[2- N ,3- O -bis(3-hydroxytetradecanoyl)-alpha-D-glucosaminyl phosphate] // tetraacyldisaccharide-1-phosphate	1324.8876311033	CCCCCCCCCCC[C@H](CC(=O)N[C@H]1([C@@H](O[C@H](CO)[C@H]([C@@H]1OC(=O)C[C@H](O)CCCCCCCCCCC)O)OC[C@@H]2([C@@H](O)[C@H](OC(C[C@H](O)CCCCCCCCCCC)=O)[C@@H](NC(=O)C[C@H](O)CCCCCCCCCCC)[C@@H](OP([O-])([O-])=O)O2)))O		HLDJGHAAKRKPAV-QDORLFPLSA-L									PlantCyc/PMN local PGDB
CPD-13571	CPD-13571	zealexin A3	250.1568945725					C15H21O3			plantcyc <https://plantcyc.org/>	-4-(6-hydroxy-5,5-dimethylcyclohex-1-en-1-yl)cyclohex-1-ene-1-carboxylic acid	250.1568945725	CC2(C)([C@H](O)C(/[C@@H]1(C/C=C(CC1)/C([O-])=O))=C/CC2)		FJYXXUMBAWFLEI-ZWNOBZJWSA-M									PlantCyc/PMN local PGDB
DIHYDROXYNAPHTHOATE	DIHYDROXYNAPHTHOATE	1,4-dihydroxy-2-naphthoate	204.0422587452					C11H7O4			plantcyc <https://plantcyc.org/>	DHNA // 2-carboxy-1,4-naphthoquinol	204.0422587452	C([O-])(=O)C1(/C=C(C2(/C=C\C=C/C(/C(/O)=1)=2))/O)		VOJUXHHACRXLTD-UHFFFAOYSA-M									PlantCyc/PMN local PGDB
RIBOSE-1P	RIBOSE-1P	alpha-D-ribose-1-phosphate	230.0191538399					C5H9O8P			plantcyc <https://plantcyc.org/>	D-ribose-1-phosphate // alpha-D-ribose-1P // alpha-D-ribofuranose 1-phosphate // ribose-1-phosphate	230.0191538399	C(O)[C@H]1(O[C@H](OP([O-])(=O)[O-])[C@H](O)[C@H](O)1)		YXJDFQJKERBOBM-TXICZTDVSA-L									PlantCyc/PMN local PGDB
CPD-14844	CPD-14844	myricetin 3- O -gentiobioside	642.1432141608					C27H30O18			plantcyc <https://plantcyc.org/>		642.1432141608	C5(/C(/O)=C(C(/O)=C\C(\C3(\OC4(/C=C(/C=C(C(\C(=O)C(/O[C@H]1([C@@H]([C@H]([C@H](O)[C@H](O1)CO[C@H]2([C@@H]([C@H]([C@H](O)[C@H](O2)CO)O)O))O)O))=3)=4)/O)/O)))=5)/O)		HUHZBMAVCTZCMX-IWUZQBPLSA-N									PlantCyc/PMN local PGDB
CPD0-1108	CPD0-1108	beta-D-ribofuranose	150.0528234315					C5H10O5			plantcyc <https://plantcyc.org/>		150.0528234315	C([C@@H]1([C@@H](O)[C@@H](O)[C@H](O)O1))O		HMFHBZSHGGEWLO-TXICZTDVSA-N									PlantCyc/PMN local PGDB
GAP	GAP	D-glyceraldehyde 3-phosphate	169.9980244673					C3H5O6P			plantcyc <https://plantcyc.org/>	3-phosphoglyceraldehyde // D-glyceraldehyde-3-P // glyceraldehyde 3-phosphate // GAP // glyceraldehyde-phosphate // glyceraldehyde-P // glyceraldehyde-3-P // (2 R )-2-hydroxy-3-(phosphooxy)-propanal // triose phosphate	169.9980244673	C(=O)[C@H](O)COP(=O)([O-])[O-]		LXJXRIRHZLFYRP-VKHMYHEASA-L									PlantCyc/PMN local PGDB
CPD-13829	CPD-13829	alpha-D-rhamnopyranose	164.0684734957					C6H12O5			plantcyc <https://plantcyc.org/>	alpha-D-rhamnose	164.0684734957	C[C@@H]1([C@H]([C@@H]([C@@H]([C@H](O1)O)O)O)O)		SHZGCJCMOBCMKK-PQMKYFCFSA-N									PlantCyc/PMN local PGDB
CPD-55	CPD-55	octadecanal	268.2766157777					C18H36O			plantcyc <https://plantcyc.org/>		268.2766157777	CCCCCCCCCCCCCCCCCC=O		FWWQKRXKHIRPJY-UHFFFAOYSA-N									PlantCyc/PMN local PGDB
ENT-KAUR-16-EN-19-AL	ENT-KAUR-16-EN-19-AL	ent -kaurenal	286.2296655851					C20H30O			plantcyc <https://plantcyc.org/>	ent -kaur-16-en-19-al	286.2296655851	C=C1([C@H]4(C[C@]3(C1)(CC[C@@H]2([C@](C)(C=O)CCC[C@](C)2[C@@H]3CC4))))		JCAVDWHQNFTFBW-XRNRSJMDSA-N									PlantCyc/PMN local PGDB
CPD-8663	CPD-8663	beta-D-glucosyl crocetin	490.2202826903					C26H33O9			plantcyc <https://plantcyc.org/>	crocetin monoglucosyl ester	490.2202826903	CC(/C=C/C=C(C)/C(=O)[O-])=C\C=C\C=C(C)\C=C\C=C(C)\C(=O)O[C@@H]1(O[C@@H]([C@H]([C@@H]([C@H]1O)O)O)CO)		ZVGODNZUEWDIPM-YXRLTKITSA-M									PlantCyc/PMN local PGDB
CPD-7097	CPD-7097	ent -pimara-8(14),15-diene	272.2504010272					C20H32			plantcyc <https://plantcyc.org/>		272.2504010272	C=C[C@@]2(C)(CC[C@H]1([C@@]3(CCCC(C)(C)[C@@H](CCC/1=C\2)3)C))		XDSYKASBVOZOAG-JYBIWHBTSA-N									PlantCyc/PMN local PGDB
L-SELENOCYSTEINE	L-SELENOCYSTEINE	L-selenocysteine	168.9642002741					C3H7NO2SE			plantcyc <https://plantcyc.org/>	selenocys // U	168.9642002741	C([SeH])[C@H]([NH3+])C([O-])=O		ZKZBPNGNEQAJSX-REOHCLBHSA-N									PlantCyc/PMN local PGDB
ENOL-OXALOACETATE	ENOL-OXALOACETATE	enol-oxaloacetate	132.0058732389					C4H2O5			plantcyc <https://plantcyc.org/>	enol-oxaloacetic acid // 2-hydroxyethylenedicarboxylate // hydroxyfumarate	132.0058732389	C([O-])(=O)C(\O)=C\C(=O)[O-]		UWYVPFMHMJIBHE-UPHRSURJSA-L									PlantCyc/PMN local PGDB
CPD0-1233	CPD0-1233	piericidin A	415.2722586813					C25H37NO4			plantcyc <https://plantcyc.org/>		415.2722586813	C/C=C(C)/[C@@H]([C@H](C)/C=C(C)/C=C/CC(\C)=C/CC1(\NC(\OC)=C(C(C(/C)=1)=O)\OC))O		BBLGCDSLCDDALX-LKGBESRRSA-N									PlantCyc/PMN local PGDB
LIPOYL-AMP	LIPOYL-AMP	[( R )-lipoyl]adenylate	535.0960407274					C18H25N5O8PS2			plantcyc <https://plantcyc.org/>	lipoyl-AMP // lipoyl-adenylate	535.0960407274	C1(SS[C@@H](C1)CCCCC(=O)OP(OC[C@H]4(O[C@@H](N2(C3(\C(\N=C/2)=C(N)/N=C\N=3)))[C@H](O)[C@H](O)4))(=O)[O-])		QWEGOCJRZOKSOE-ADUAKINBSA-M									PlantCyc/PMN local PGDB
CPD-6747	CPD-6747	D- myo -inositol (1,2) bisphosphate	339.9960489346					C6H10O12P2			plantcyc <https://plantcyc.org/>	1D- myo -inositol (1,2) bisphosphate // 1D- myo -inositol (1,2) biphosphate // D- myo -inositol (1,2) biphosphate // I(1,2)P 2	339.9960489346	[C@@H]1(O)([C@@H](O)[C@H](OP([O-])([O-])=O)[C@H](OP([O-])([O-])=O)[C@H](O)[C@@H](O)1)		MCKAJXMRULSUKI-FTYOSCRSSA-J									PlantCyc/PMN local PGDB
L-1-LYSOPHOSPHATIDATE	L-1-LYSOPHOSPHATIDATE	1-oleoyl- sn -glycerol 3-phosphate	436.2589901808					C21H39O7P			plantcyc <https://plantcyc.org/>	L-2-lysophosphatidate // lysophosphatidic acid // LPA // oleoyl lysophosphatidic acid // 1-oleoyl-lyso-phosphatidic acid // 1-oleyl-2-lyso-phosphatidate	436.2589901808	CCCCCCCC\C=C/CCCCCCCC(=O)OC[C@H](COP([O-])([O-])=O)O		WRGQSWVCFNIUNZ-GDCKJWNLSA-L									PlantCyc/PMN local PGDB
DIHYDROMETHANOPHENAZINE	DIHYDROMETHANOPHENAZINE	dihydromethanophenazine	540.4079643017					C37H52N2O			plantcyc <https://plantcyc.org/>		540.4079643017	CC(C)=CCCC(\C)=C/CCC(\C)=C/CCC(\C)=C/CCC(C)CCOC1(\C=C/C2(/NC3(\C(\NC(/C=1)=2)=C/C=C\C=3)))		LNCNNIYZOUNGMU-QAAQOENVSA-N									PlantCyc/PMN local PGDB
CPD-12116	CPD-12116	demethylmenaquinol-6	568.4280310418					C40H56O2			plantcyc <https://plantcyc.org/>	DMKH2-6	568.4280310418	CC(C)=CCCC(\C)=C/CCC(\C)=C/CCC(\C)=C/CCC(\C)=C/CCC(\C)=C/CC1(/C=C(C2(/C=C\C=C/C(/C(/O)=1)=2))/O)		UFAXPZAZHZPELJ-ROTSUDQPSA-N									PlantCyc/PMN local PGDB
N-4-GUANIDINOBUTYL-4-HYDROXYCINNAMAMID	N-4-GUANIDINOBUTYL-4-HYDROXYCINNAMAMID	4-coumaroylagmatine	276.158625907					C14H21N4O2			plantcyc <https://plantcyc.org/>	N-(4-guanidinobutyl)-3-(4-hydroxyphenyl)-acrylamide // N -(4-guanidinobutyl)-4-hydroxycinnamide	276.158625907	C(CNC(/C=C/C1(\C=C/C(/O)=C\C=1))=O)CC[NH+]=C(N)N		AKIHYQWCLCDMMI-VMPITWQZSA-O									PlantCyc/PMN local PGDB
CPD-26890	CPD-26890	tax-11(12)-ene 4beta,20-epoxide	288.2453156493					C20H32O			plantcyc <https://plantcyc.org/>		288.2453156493	CC2(\CC[C@H]1(C[C@H]4([C@](C)(CCC(\C(C)(C)1)=2)CCC[C@@]3(OC3)4)))		RCHMUSZDAXKWLS-UHMOLFJZSA-N									PlantCyc/PMN local PGDB
2-PG	2-PG	2-phospho-D-glycerate	185.9929390894					C3H4O7P			plantcyc <https://plantcyc.org/>	2-phospho-(D)-glycerate // 2-phospho-(R)-glycerate // 2-phospho-D-glyceric acid // 2-P-D-glycerate // D-glycerate 2-phosphate // D-2-phosphoglycerate // D-2-phosphoglyceric acid	185.9929390894	C(=O)([O-])[C@H](OP(=O)([O-])[O-])CO		GXIURPTVHJPJLF-UWTATZPHSA-K									PlantCyc/PMN local PGDB
CPD-183	CPD-183	gallate	170.0215233031					C7H5O5			plantcyc <https://plantcyc.org/>	gallic acid // 3,4,5-trihydroxybenzoic acid // 3,4,5-trihydroxybenzoate // pyrogallol-5-carboxylic acid // pyrogallol-5-carboxylate	170.0215233031	C([O-])(=O)C1(\C=C(C(\O)=C(/C=1)\O)\O)		LNTHITQWFMADLM-UHFFFAOYSA-M									PlantCyc/PMN local PGDB
CPD-2183	CPD-2183	1-oleoyl-2-palmitoyl-phosphatidylglycerol	748.5254352027					C40H76O10P			plantcyc <https://plantcyc.org/>	phosphatidylglycerol (1-18:1-2-16:0) // 18:1-16:0-PG // 1-18:1-2-16:0-phosphatidylglycerol	748.5254352027	CCCCCCCC\C=C/CCCCCCCC(=O)OC[C@@H](OC(=O)CCCCCCCCCCCCCCC)COP(=O)([O-])OC[C@H](CO)O		GTCKEWVHTGGUSN-HGWHEPCSSA-M									PlantCyc/PMN local PGDB
CPD-165	CPD-165	1D-1-O-(indol-3-yl)acetyl-myo-inositol	337.1161519698					C16H19NO7			plantcyc <https://plantcyc.org/>		337.1161519698	C(O[C@H]1([C@H](O)[C@@H](O)[C@H](O)[C@@H](O)[C@@H](O)1))(=O)CC2(\C3(/C=C\C=C/C(/N\C=2)=3))		XUACNUJFOIKYPQ-BKQXGZDCSA-N									PlantCyc/PMN local PGDB
CPD-7274	CPD-7274	12-alpha-hydroxy-3 oxochola-4,6-dienoate	386.2457095798					C24H33O4			plantcyc <https://plantcyc.org/>	3-dehydro-&Delta;4,6-deoxycholate	386.2457095798	C[C@@H]([C@H]3(CC[C@H]4([C@@H]2(\C=C/C1(/[C@@](CCC(=O)\C=1)(C)[C@H]2C[C@H](O)[C@](C)34)))))CCC([O-])=O		DJVAMCYXFUWMLS-QUPGBHKMSA-M									PlantCyc/PMN local PGDB
CPD-9852	CPD-9852	4-hydroxy-3-heptaprenylbenzoate	614.4698958565					C42H61O3			plantcyc <https://plantcyc.org/>	3-heptaprenyl-4-hydroxybenzoate	614.4698958565	CC(C)=CCCC(\C)=C/CCC(\C)=C/CCC(\C)=C/CCC(\C)=C/CCC(\C)=C/CCC(\C)=C/CC1(/C=C(\C=C/C(/O)=1)/C(=O)[O-])		PEMFGDIFKKXFRG-PYHSYOTJSA-M									PlantCyc/PMN local PGDB
CPD-8081	CPD-8081	1-18:3-2-18:3-digalactosyldiacylglycerol	936.5810220279					C51H84O15			plantcyc <https://plantcyc.org/>	18:3-18:3-DGDG // 1,2-(9Z,12Z,15Z-octadecatrienoyl)-3-O-[alpha-D-galactosyl-(1->6)-O-beta-D-galactosyl]-sn-glycerol	936.5810220279	CC\C=C/C\C=C/C\C=C/CCCCCCCC(OC[C@H](CO[C@@H]2(O[C@H](CO[C@@H]1(O[C@H](CO)[C@H](O)[C@H](O)[C@@H](O)1))[C@H](O)[C@H](O)[C@@H](O)2))OC(=O)CCCCCCC\C=C/C/C=C/C\C=C/CC)=O		KDYAPQVYJXUQNY-NCUIXIJTSA-N									PlantCyc/PMN local PGDB
CPD-648	CPD-648	( S )-4-hydroxymandelonitrile	149.0476784741					C8H7NO2			plantcyc <https://plantcyc.org/>	(2S)-hydroxy(4-hydroxyphenyl)acetonitrile	149.0476784741	C1(/C=C(\C=C/C(/[C@H](O)C#N)=1)/O)		HOOOPXDSCKBLFG-MRVPVSSYSA-N									PlantCyc/PMN local PGDB
CPD-10511	CPD-10511	hexadecanedioate	286.2144094514					C16H28O4			plantcyc <https://plantcyc.org/>	1,16-hexadecanedioate // alpha,&omega;-hexadecanedioate	286.2144094514	C(=O)([O-])CCCCCCCCCCCCCCC(=O)[O-]		QQHJDPROMQRDLA-UHFFFAOYSA-L									PlantCyc/PMN local PGDB
5-PHOSPHONOOXY-L-LYSINE	5-PHOSPHONOOXY-L-LYSINE	(5 R )-5-phosphooxy-L-lysine	242.0667727345					C6H14N2O6P			plantcyc <https://plantcyc.org/>		242.0667727345	C(C[C@H]([NH3+])C(=O)[O-])C(C[NH3+])OP(=O)([O-])[O-]		WLPXLNNUXMDSPG-AKGZTFGVSA-M									PlantCyc/PMN local PGDB
CPD-16771	CPD-16771	3beta-hydroxycostunolide	248.1412445083					C15H20O3			plantcyc <https://plantcyc.org/>		248.1412445083	CC2(/CC[C@@H]1([C@H](OC(=O)C1=C)/C=C(C)/[C@@H](O)C/C=2))		XQVSREKNQZKAKU-RZPRNJIHSA-N									PlantCyc/PMN local PGDB
NICOTINATE_NUCLEOTIDE	NICOTINATE_NUCLEOTIDE	beta-nicotinate D-ribonucleotide	337.0562676277					C11H12NO9P			plantcyc <https://plantcyc.org/>	nicotinate dinucleotide // beta-nicotinate-D-nucleotide // NaMN // nicotinic acid nucleotide // nicotinic acid mononucleotide // nicotinic acid ribonucleotide // nicotinate-D-ribonucleotide // nicotinate ribonucleotide // nicotinate nucleotide // deamido-nicotinamide mononucleotide // deamido-NMN // nicotinate D-ribonucleotide // nicotinate mononucleotide	337.0562676277	C(OP(=O)([O-])[O-])[C@@H]2([C@@H](O)[C@@H](O)[C@H]([N+]1(\C=C/C=C(/C=1)/C(=O)[O-]))O2)		JOUIQRNQJGXQDC-ZYUZMQFOSA-L									PlantCyc/PMN local PGDB
CPD-13091	CPD-13091	(9Z,12Z)-15,16-epoxyoctadeca-9,12-dienoate	294.2194948293					C18H29O3			plantcyc <https://plantcyc.org/>	(9Z,12Z)-15,16-epoxyoctadeca-9,12-dienoic acid // (9Z,12Z)-15,16-epoxyoctadecadienoate	294.2194948293	CCC1(OC1C\C=C/C\C=C/CCCCCCCC(=O)[O-])		HKSDVVJONLXYKL-OHPMOLHNSA-M									PlantCyc/PMN local PGDB
CPD-9064	CPD-9064	3-devinyl-3-(1-hydroxyethyl)chlorophyllide a	632.248526809					C35H34N4O6MG			plantcyc <https://plantcyc.org/>	3-hydroxyethylchlorophyllide a	632.248526809	CCC1(\C2(/C=C7(C(\C)=C3(C4(\N([Mg]N6(C(\C=C(C(/C)=1)/N=2)=C(C(/C)=C(\C=C5([C@@H](C)[C@H](CCC(=O)[O-])C(\C(/[C-](C(OC)=O)C(=O)3)=4)=N5))/6)/C(C)O))7)))))											PlantCyc/PMN local PGDB
CPD-17371	CPD-17371	18-hydroxylinoleoyl-CoA	1045.3397885728					C39H62N7O18P3S			plantcyc <https://plantcyc.org/>	&omega;-hydroxylinoleoyl-CoA	1045.3397885728	CC(C)([C@@H](O)C(=O)NCCC(=O)NCCSC(=O)CCCCCCC\C=C/C\C=C/CCCCCO)COP(=O)(OP(=O)(OC[C@@H]1([C@@H](OP([O-])(=O)[O-])[C@@H](O)[C@@H](O1)N2(C3(\N=C/N=C(C(\N=C/2)=3)/N))))[O-])[O-]		HJEGYLSHIKPENR-DAXVLCLXSA-J									PlantCyc/PMN local PGDB
ACETYL-GLU	ACETYL-GLU	N -acetyl-L-glutamate	189.0637224688					C7H9NO5			plantcyc <https://plantcyc.org/>	N -acetyl-L-glutamic acid // acetyl-L-glu // acetyl-L-glutamate // NAG // N-acetyl-glutamic acid	189.0637224688	CC(=O)N[C@H](C([O-])=O)CCC(=O)[O-]		RFMMMVDNIPUKGG-YFKPBYRVSA-L									PlantCyc/PMN local PGDB
CAFFEOYL-COA	CAFFEOYL-COA	( E )-caffeoyl-CoA	929.1469024245					C30H38N7O19P3S			plantcyc <https://plantcyc.org/>	3,4-dihydroxyacryloyl-CoA // trans -caffeoyl-CoA	929.1469024245	CC(C)(COP(OP([O-])(OC[C@@H]1([C@@H](OP([O-])([O-])=O)[C@@H](O)[C@@H](O1)N2(C3(\N=C/N=C(C(\N=C/2)=3)/N))))=O)([O-])=O)[C@@H](O)C(=O)NCCC(=O)NCCSC(=O)/C=C/C4(/C=C(C(/O)=C\C=4)/O)		QHRGJMIMHCLHRG-ZSELIEHESA-J									PlantCyc/PMN local PGDB
ARG	ARG	L-arginine	174.1116757144					C6H15N4O2			plantcyc <https://plantcyc.org/>	2-amino-5-guanidinovaleric acid // R // arginine // arg // L-arg	174.1116757144	C(NC(N)=[NH2+])CC[C@H]([NH3+])C(=O)[O-]		ODKSFYDXXFIFQN-BYPYZUCNSA-O									PlantCyc/PMN local PGDB
CPD0-1315	CPD0-1315	uridine-5'-diphosphate chloroacetol	493.9894393734					C12H15N2O13P2CL			plantcyc <https://plantcyc.org/>		493.9894393734	C(Cl)C(=O)COP(=O)([O-])OP(=O)([O-])OC[C@@H]2([C@H]([C@H]([C@H](N1(\C=C/C(=O)NC1=O))O2)O)O)		RTOKQNPULGAVTE-QCNRFFRDSA-L									PlantCyc/PMN local PGDB
CPD-4564	CPD-4564	biochanin A-7- O -glucoside-6''-malonate	532.1216908577					C25H23O13			plantcyc <https://plantcyc.org/>	Biochanin A 7-O-beta-D-glucoside 6''-O-malonate // biochanin A 7-O-(6-O-malonyl-beta-D-glucoside)	532.1216908577	C(OC(=O)CC(=O)[O-])[C@H]4(O[C@@H](OC2(\C=C(C3(\C(=O)C(/C1(\C=C/C(/OC)=C\C=1))=C/OC(/C=2)=3))\O))[C@H](O)[C@@H](O)[C@H](O)4)		VRCBYTZZZFFKEN-RBZNUJCTSA-M									PlantCyc/PMN local PGDB
CPD-693	CPD-693	2- cis -abscisate	264.1361591304					C15H19O4			plantcyc <https://plantcyc.org/>	abscisic acid // ABA // abscisate // (+)-ABA // (+)- S -ABA // abscisin II // 2- cis -ABA // (+)-abscisate // 2- cis -abscisic acid // (7E,9Z)-(6S)-6-hydroxy-3-oxo-11-apo-epsilon-caroten-11-oate	264.1361591304	CC(\C=C\[C@@]1(C(C)(C)CC(=O)\C=C(C)/1)O)=C\C(=O)[O-]		JLIDBLDQVAYHNE-YKALOCIXSA-M									PlantCyc/PMN local PGDB
CPD-8999	CPD-8999	5-(methylsulfanyl)-2,3-dioxopentyl 1-phosphate	242.0013952857					C6H9O6PS			plantcyc <https://plantcyc.org/>	1-phosphoryloxy-2,3-diketo-5-methylthiopentane // 1-phospho-2,3-diketo-5-methylthiopentane // DKM-1-P // 2,3-diketo-5-methylthio 1-phosphopentane // 2,3-diketo-5-methylthiopentyl 1-phosphate // 5-(methylsulfanyl)-2,3-dioxopentyl phosphate // 5-methylthio-1-(phosphonooxy)pentane-2,3-dione // 5-(methylthio)-2,3-dioxopentyl phosphate // 5-(methylthio)-2,3-dioxopentyl 1-phosphate	242.0013952857	CSCCC(=O)C(=O)COP([O-])(=O)[O-]		HKEAOVFNWRDVAJ-UHFFFAOYSA-L									PlantCyc/PMN local PGDB
THIAMINE-P	THIAMINE-P	thiamine phosphate	346.0864623191					C12H16N4O4PS			plantcyc <https://plantcyc.org/>	TMP // thiamin monophosphate // thiamin phosphate // thiamin-P // thiamine-Pi // ThP // thiamine monophosphate	346.0864623191	CC2(\[N+](/CC1(\C(\N)=N/C(\C)=N\C=1))=C/SC(/CCOP([O-])(=O)[O-])=2)		HZSAJDVWZRBGIF-UHFFFAOYSA-M									PlantCyc/PMN local PGDB
FRU1P	FRU1P	beta-D-fructofuranose 1-phosphate	260.0297185262					C6H11O9P			plantcyc <https://plantcyc.org/>	beta-D-fructofuranose-1-P	260.0297185262	C(O)[C@@H]1([C@@H](O)[C@H](O)[C@](COP([O-])([O-])=O)(O)O1)		RHKKZBWRNHGJEZ-ARQDHWQXSA-L									PlantCyc/PMN local PGDB
R-MANDELAMIDE	R-MANDELAMIDE	( R )-mandelamide	151.0633285383					C8H9NO2			plantcyc <https://plantcyc.org/>		151.0633285383	C1(\C=C/C(/[C@@H](O)C(N)=O)=C\C=1)		MAGPZHKLEZXLNU-SSDOTTSWSA-N									PlantCyc/PMN local PGDB
CPDQT-31	CPDQT-31	2-[(3'-methylsulfanyl)propyl]malate	222.0561942499					C8H12O5S			plantcyc <https://plantcyc.org/>	2-[(3'-methylthio)propyl]malic acid // 2-[(3'-methylthio)propyl]malate	222.0561942499	CSCCCC(O)(CC([O-])=O)C(=O)[O-]		WLOKFRZXOVZGIN-UHFFFAOYSA-L									PlantCyc/PMN local PGDB
CPD-10456	CPD-10456	4-amino-2,6-dinitrotoluene glucoside	363.1277792886					C13H17N3O9			plantcyc <https://plantcyc.org/>	4-ADNT glucoside	363.1277792886	CC2(/C(/[N+](=O)[O-])=C\C(\NC1(O[C@H](CO)[C@@H](O)[C@H](O)[C@@H](O)1))=C/C(/[N+]([O-])=O)=2)		YGGQRUODYYKCTL-HENWMNBSSA-N									PlantCyc/PMN local PGDB
CPD-506	CPD-506	D- myo -inositol (1,3,4,5)-tetrakisphosphate	499.9287097514					C6H8O18P4			plantcyc <https://plantcyc.org/>	Ins(1,3,4,5)P 4 // inositol (1,3,4,5)-tetra kis phosphate // 1D- myo -inositol (1,3,4,5)-tetra kis phosphate	499.9287097514	[C@@H]1(O)([C@@H](OP([O-])(=O)[O-])[C@H](OP(=O)([O-])[O-])[C@@H](OP(=O)([O-])[O-])[C@@H](O)[C@@H](OP([O-])([O-])=O)1)		CIPFCGZLFXVXBG-CNWJWELYSA-F									PlantCyc/PMN local PGDB
CPD-19179	CPD-19179	(8 S )-3',8-cyclo-7,8-dihydroguanosine 5'-triphosphate	522.990659779					C10H12N5O14P3			plantcyc <https://plantcyc.org/>	3',8-cH2GTP	522.990659779	C(OP([O-])(=O)OP([O-])(=O)OP([O-])(=O)[O-])[C@H]1(O[C@H]2(N3(C4(\N=C(N)/NC(=O)C(N[C@H]([C@](O)1[C@@H](O)2)3)=4))))		HRBCPXBJAWPPIC-FLISOKMQSA-J									PlantCyc/PMN local PGDB
CPD-17063	CPD-17063	ferroheme o	840.3913131573					C49H56N4O5FE			plantcyc <https://plantcyc.org/>		840.3913131573	C=CC3(\C7(\[N+]4(\[Fe-2]16([N+]5(\C(/C(\CCC(=O)[O-])=C(C)\C(/C=C2(C(\C)=C(C(\N12)=C\C(\C(/C)=3)=4)/[C@@H](O)CC/C=C(C)/CC/C=C(C)/CCC=C(C)C))=5)=C/C8(/N6C(/C=7)=C(C)/C(\CCC(=O)[O-])=8))))))		FISPASSVCDRERW-ARQJTVBPSA-J									PlantCyc/PMN local PGDB
CPD-15741	CPD-15741	( S )-laudanosine	357.1940083603					C21H28NO4			plantcyc <https://plantcyc.org/>	( S )- n -methyltetrahydropapaverine	357.1940083603	COC3(/C=C(C[C@@H]1([NH+](CCC2(\C/1=C/C(/OC)=C(\C=2)/OC))C))\C=C/C(/OC)=3)		KGPAYJZAMGEDIQ-KRWDZBQOSA-O									PlantCyc/PMN local PGDB
574-TRIHYDROXY-3-METHOXYFLAVONE	574-TRIHYDROXY-3-METHOXYFLAVONE	chrysoeriol	300.0633881178					C16H11O6			plantcyc <https://plantcyc.org/>	3'-O-methylluteolin // 5,7,4'-trihydroxy-3'-methoxyflavone	300.0633881178	COC1(\C(\O)=C/C=C(/C=1)/C2(/OC3(/C=C(/C=C(C(\C(=O)\C=2)=3)/O)/[O-])))		SCZVLDHREVKTSH-UHFFFAOYSA-M									PlantCyc/PMN local PGDB
4-COUMAROYLQUINATE	4-COUMAROYLQUINATE	trans -5- O -(4-coumaroyl)-D-quinate	338.1001675546					C16H17O8			plantcyc <https://plantcyc.org/>	4-coumaroylquinate // trans-(p-coumaroyl)-quinate // trans -5- O -(4-coumaroyl)quinate	338.1001675546	C([O-])(=O)[C@]1(O)(C[C@@H](O)[C@@H](O)[C@@H](C1)OC(=O)/C=C/C2(\C=C/C(/O)=C\C=2))		BMRSEYFENKXDIS-OTCYKTEZSA-M									PlantCyc/PMN local PGDB
PHENYLGLYOXYLATE	PHENYLGLYOXYLATE	phenylglyoxylate	150.0316940589					C8H5O3			plantcyc <https://plantcyc.org/>	2-oxo-2-phenylacetate // phenylglyoxylic acid // benzoylformic acid // benzoylformate	150.0316940589	C(=O)(C(C1(\C=C/C=C\C=1))=O)[O-]		FAQJJMHZNSSFSM-UHFFFAOYSA-M									PlantCyc/PMN local PGDB
CPD-16676	CPD-16676	ent -cassa-12,15-diene-2beta,3beta-diol-11-one	318.2194948293					C20H30O3			plantcyc <https://plantcyc.org/>	(2alpha,3alpha,14alpha)-2,3-dihydroxy-14-methyl-13-vinylpodocarp-12-en-11-one // 2,3alpha-diol-11-oxo- ent -cassa-12,15-diene // ent -2beta,3beta-dihydroxy-cassa-12,15-diene-11-one	318.2194948293	C=CC3([C@@H](C)C2([C@H]([C@@]1(C[C@@H](O)[C@H](C(C)(C)[C@H]1CC2)O)(C))C(C=3)=O))		ZFELGQUOUOELBZ-JNLXGNGJSA-N									PlantCyc/PMN local PGDB
CPD-22728	CPD-22728	myristoyl-D-asparaginyl-butan-2-aminyl-malonyl-1-aminocyclopropane-1-carboxyl-acetyl-glycine	665.3999783904					C33H54N5O9			plantcyc <https://plantcyc.org/>		665.3999783904	CCCCCCCCCCCCCC(N[C@H](CC(=O)N)C(N[C@@H](C)CCC(=O)CC(=O)N[C@@]1(CC1)C(CC(NCC([O-])=O)=O)=O)=O)=O		BRVLNZPFGHKEHG-UKILVPOCSA-M									PlantCyc/PMN local PGDB
CPD-8161	CPD-8161	1-18:2-2-16:0-digalactosyldiacylglycerol	916.6123221563					C49H88O15			plantcyc <https://plantcyc.org/>	18:2-16:0-DGDG	916.6123221563	CCCCC\C=C/C\C=C/CCCCCCCC(OC[C@H](CO[C@@H]2(O[C@H](CO[C@@H]1(O[C@H](CO)[C@H](O)[C@H](O)[C@@H](O)1))[C@H](O)[C@H](O)[C@@H](O)2))OC(=O)CCCCCCCCCCCCCCC)=O		UZXCPFISFMJPAV-GNSPKCTRSA-N									PlantCyc/PMN local PGDB
CPD-23986	CPD-23986	11beta-hydroxy-5alpha-androstanedione	304.2038447651					C19H28O3			plantcyc <https://plantcyc.org/>	11OHDHA4 // 11OH-5alpha-dione	304.2038447651	C[C@@]34(CCC(=O)C[C@H](CC[C@@H]1([C@H]([C@@H](O)C[C@]2(C)(C(CC[C@@H]12)=O))3))4)		FZEAQJIXYCPBLD-NYNCOMEHSA-N									PlantCyc/PMN local PGDB
PHYTYL-PYROPHOSPHATE	PHYTYL-PYROPHOSPHATE	phytyl diphosphate	456.2405767229					C20H39O7P2			plantcyc <https://plantcyc.org/>	phytyl pyrophosphate // phytyl-PP	456.2405767229	CC(CCC[C@H](CCC[C@H](CCCC(\C)=C/COP([O-])(=O)OP([O-])(=O)[O-])C)C)C		ITPLBNCCPZSWEU-PYDDKJGSSA-K									PlantCyc/PMN local PGDB
CPD-3740	CPD-3740	L-djenkolate	254.0394983282					C7H14N2O4S2			plantcyc <https://plantcyc.org/>	L-cysteine thioacetal of formaldehyde // L-djenkolic acid // beta,beta'-methylenedithiodialanine // 3,3'-methylenedithiobis(2-aminopropanoic acid) // 3,3'-(methylenedithio)-di-L-alanine	254.0394983282	C([C@@H](C(=O)[O-])[NH3+])SCSC[C@@H](C(=O)[O-])[NH3+]		JMQMNWIBUCGUDO-WHFBIAKZSA-N									PlantCyc/PMN local PGDB
CPD-12655	CPD-12655	1-(4-hydroxyphenyl)-3-(2,4,6-trihydroxyphenyl)propane-1,3-dione	288.0633881178					C15H11O6			plantcyc <https://plantcyc.org/>	dibenzoylmethane tautomer // naringenin dibenzoylmethane tautomer // 2,4,4',6-tetrahydroxydibenzoylmethane	288.0633881178	C2(\C(\C(=O)CC(=O)C1(/C(/O)=C\C(\O)=C/C(/O)=1))=C/C=C(\C=2)/[O-])		LYBOINSLCFYPDG-UHFFFAOYSA-M									PlantCyc/PMN local PGDB
CPD-13222	CPD-13222	trans -4-hexen-3-one	98.0731649431					C6H10O			plantcyc <https://plantcyc.org/>	trans -4-hexene-3-one // ( E )-4-hexen-3-one // ( E )-hex-4-en-3-one // ( E )-2-hexene-4-one // 4-hexen-3-one, (4 E )- // ( E )-2-hexen-4-one	98.0731649431	C/C=C/C(CC)=O		FEWIGMWODIRUJM-HWKANZROSA-N									PlantCyc/PMN local PGDB
CPD-27736	CPD-27736	antimony triglutathione	1039.1317608554					C30H45N9O18S3SB			plantcyc <https://plantcyc.org/>	Sb(SG) 3	1039.1317608554	C(NC([C@@H](NC(=O)CC[C@H]([NH3+])C([O-])=O)CS[Sb](SC[C@H](NC(=O)CC[C@H]([NH3+])C(=O)[O-])C(NCC([O-])=O)=O)SC[C@H](NC(=O)CC[C@H]([NH3+])C(=O)[O-])C(NCC([O-])=O)=O)=O)C([O-])=O		HKQHCOWJIHFAPM-JKKNMOGISA-H									PlantCyc/PMN local PGDB
D-GLUCARATE	D-GLUCARATE	D-glucarate	210.0375672978					C6H8O8			plantcyc <https://plantcyc.org/>	glucarate // D-glucaric acid // L-gularic acid // D-saccharic acid // D-glucosaccharic acid // saccharate // ( D )-glucarate // D-saccharate // saccharic acid	210.0375672978	C(=O)([C@H](O)[C@@H](O)[C@H](O)[C@H](O)C(=O)[O-])[O-]		DSLZVSRJTYRBFB-LLEIAEIESA-L									PlantCyc/PMN local PGDB
HISTIDINAL	HISTIDINAL	histidinal	139.0745619266					C6H10N3O			plantcyc <https://plantcyc.org/>	L-histidinal	139.0745619266	C1(\N\C=N/C(\C[C@@H](C=O)[NH3+])=1)		VYOIELONWKIZJS-YFKPBYRVSA-O									PlantCyc/PMN local PGDB
CPD-22096	CPD-22096	cyclolaudenol	440.4018162913					C31H52O			plantcyc <https://plantcyc.org/>	(24 S )-24-methylcycloarta-25-en-3-beta-ol	440.4018162913	C=C(C)[C@@H](C)CC[C@@H](C)[C@H]3(CC[C@@]4(C)([C@@H]1(CC[C@H]5(C(C)(C)[C@@H](O)CC[C@@]2(C[C@@]12CC[C@](C)34)5))))		IXHACUTUTOCSJE-HWTFXIFRSA-N									PlantCyc/PMN local PGDB
DIVINYLCHLOROPHYLLIDE-A	DIVINYLCHLOROPHYLLIDE-A	chlorophyllide a 2	612.2223120585					C35H30N4O5MG			plantcyc <https://plantcyc.org/>	3,8-divinyl chlorophyllide a	612.2223120585	C=CC4(\C(/C)=C5(\C=C7([C@@H](C)[C@H](CCC(=O)[O-])C(\C6(/[C@@H-](C(OC)=O)C(=O)C1(\C(\N2([Mg]N(C(/C=C3(C(/C)=C(C=C)/C(\C=C(C(\C)=1)/2)=N3))=4)5))=6)))=N7)))											PlantCyc/PMN local PGDB
CPD-9865	CPD-9865	2-methoxy-6-( all-trans -decaprenyl)phenol	804.678432069					C57H88O2			plantcyc <https://plantcyc.org/>		804.678432069	CC(C)=CCCC(\C)=C/CCC(\C)=C/CCC(\C)=C/CCC(\C)=C/CCC(\C)=C/CCC(\C)=C/CCC(\C)=C/CCC(\C)=C/CCC(\C)=C/CC1(\C(\O)=C(\C=C/C=1)\OC)		FYLLWSGFAAQKHU-GBBROCKZSA-N									PlantCyc/PMN local PGDB
CPD-453	CPD-453	4-(beta-D-glucosyloxy)benzoate	300.0845174904					C13H15O8			plantcyc <https://plantcyc.org/>		300.0845174904	C([O-])(=O)C2(\C=C/C(/O[C@@H]1(O[C@@H]([C@H]([C@@H]([C@H]1O)O)O)CO))=C\C=2)		XSSDYIMYZONMBL-BZNQNGANSA-M									PlantCyc/PMN local PGDB
AMINO-OXOBUT	AMINO-OXOBUT	L-2-amino-3-oxobutanoate	117.0425930962					C4H7NO3			plantcyc <https://plantcyc.org/>	3-oxothreonine // 3-keto-L-threonine // L-2-amino-acetoacetate // L-2-amino-3-ketobutyrate // L-2-amino-3-oxobutyrate // alpha-amino-beta-ketobutyrate	117.0425930962	CC(=O)[C@H]([NH3+])C([O-])=O		SAUCHDKDCUROAO-VKHMYHEASA-N									PlantCyc/PMN local PGDB
CPD-8665	CPD-8665	crocin-2	814.3259295533					C38H54O19			plantcyc <https://plantcyc.org/>	trans -crocetin (beta-D-glucosyl)(beta-D-gentibiosyl) ester // tricrocin // beta-D-gentiobiosyl beta-D-glucosyl crocetin // crocin II	814.3259295533	CC(/C=C/C=C(C)/C(=O)O[C@H]1([C@@H]([C@@H](O)[C@@H]([C@H](O1)CO)O)O))=C\C=C\C=C(C)\C=C\C=C(C)\C(=O)O[C@@H]2(O[C@@H]([C@H]([C@@H]([C@H]2O)O)O)CO[C@H]3([C@@H]([C@@H](O)[C@@H]([C@@H](CO)O3)O)O))		CZSBHMFVVLYIQQ-DRVLGOCHSA-N									PlantCyc/PMN local PGDB
CPD-21258	CPD-21258	alpha-L-xylopyranose	150.0528234315					C5H10O5			plantcyc <https://plantcyc.org/>		150.0528234315	[C@H]1(O)(OC[C@H](O)[C@@H](O)[C@H](O)1)		SRBFZHDQGSBBOR-SKNVOMKLSA-N									PlantCyc/PMN local PGDB
CPD0-1054	CPD0-1054	adenylyl-imidodiphosphate	506.0117295721					C10H13N6O12P3			plantcyc <https://plantcyc.org/>	beta,gamma-imidoadenosine 5'-triphosphate // AMP-PNP // 5'-O-(hydroxy{[hydroxy(phosphonoamino)phosphoryl]oxy}phosphoryl)adenosine	506.0117295721	C(OP(OP(NP(=O)([O-])[O-])([O-])=O)([O-])=O)[C@H]3(O[C@@H](N1(C2(\C(\N=C/1)=C(N)/N=C\N=2)))[C@H](O)[C@H](O)3)		PVKSNHVPLWYQGJ-KQYNXXCUSA-J									PlantCyc/PMN local PGDB
CPD-465	CPD-465	presqualene diphosphate	586.3188270439					C30H49O7P2			plantcyc <https://plantcyc.org/>		586.3188270439	CC(C)=CCCC(\C)=C/CCC(\C)=C/[C@@H]1([C@@](C)(CC/C=C(C)/CCC=C(C)C)[C@H]1COP(OP([O-])([O-])=O)([O-])=O)		ATZKAUGGNMSCCY-QLYDTTAWSA-K									PlantCyc/PMN local PGDB
CPD-8913	CPD-8913	3-(aminomethyl)indole	146.0843983314					C9H11N2			plantcyc <https://plantcyc.org/>	indol-3-ylmethylamine // AMI	146.0843983314	C([NH3+])C1(\C2(\C(\N/C=1)=C/C=C\C=2))		JXYGLMATGAAIBU-UHFFFAOYSA-O									PlantCyc/PMN local PGDB
CPD-22837	CPD-22837	N -demethyllincomycin- S -cysteine conjugate	465.2144858059					C19H36N3O8S			plantcyc <https://plantcyc.org/>		465.2144858059	CCC[C@@H]1(C[C@H]([NH2+]C1)C(=O)N[C@H]([C@H](O)C)[C@@H]2([C@H](O)[C@@H]([C@@H](O)[C@@H](SC[C@H]([NH3+])C(=O)[O-])O2)O))		BJZOQNUWORIJTI-NBKBVJNDSA-O									PlantCyc/PMN local PGDB
CPD-8178	CPD-8178	pheophytin b	884.5451860646					C55H72N4O6			plantcyc <https://plantcyc.org/>	phaeophytin b	884.5451860646	C=CC4(\C(/C)=C3(\C=C6([C@@H](C)[C@H](CCC(=O)OC/C=C(C)/CCC[C@H](C)CCC[C@H](C)CCCC(C)C)C(/C5(\[C@@H](C(OC)=O)C(=O)C1(\C(\NC(/C(\C)=1)=C/C2(/C(\CC)=C(C(\N=2)=C\C(\N3)=4)/C=O))=5)))=N\6)))		ZQGOYEJYAYJFTL-LCEKIETQSA-N									PlantCyc/PMN local PGDB
CPD-6624	CPD-6624	curcumin 4'-O-beta-D-gentiobioside	692.2316352376					C33H40O16			plantcyc <https://plantcyc.org/>		692.2316352376	COC4(/C=C(/C=C/C(/O)=C/C(/C=C/C3(/C=C(C(/O[C@H]1([C@@H]([C@H]([C@@H]([C@H](O1)CO[C@H]2([C@@H]([C@H]([C@@H]([C@H](O2)CO)O)O)O))O)O)O))=C\C=3)/OC))=O)\C=C/C(/O)=4)		IHJHVEOMJHXPKL-ORWZVCRDSA-N									PlantCyc/PMN local PGDB
CPD-19719	CPD-19719	verdoheme	621.1800372906					C33H29N4O5FE			plantcyc <https://plantcyc.org/>		621.1800372906	C=CC1(\C3(/C=C8(C(/C)=C(CCC(=O)[O-])/C4(/N([Fe-2]26(N7(C(/[O+]=C(C(/C)=1)[N+]\2=3)=C(C=C)\C(/C)=C(\C=C5(C(/C)=C(CCC(=O)[O-])/C(\C=4)=[N+]5/6))/7)))8))))		JFGVATQDLBFQRV-HPQJSUICSA-K									PlantCyc/PMN local PGDB
HYGROMYCIN-B	HYGROMYCIN-B	hygromycin B	527.2326382906					C20H40N3O13			plantcyc <https://plantcyc.org/>	Antibiotic A-396-II // O-6-amino-6-deoxy-L-glycero-D-galacto-heptopyranosylidene-(1->2-3)-O-beta-D-talopyranosyl-(1->5)-2-deoxy-N(3)-methyl-D-streptamine // destomycin C	527.2326382906	C(O)[C@@H]([NH3+])[C@H]1(OC2([C@H](O)[C@@H](O)[C@@H](O)1)(O[C@@H]3([C@@H](O[C@H](CO)[C@H](O)[C@H](O2)3)O[C@@H]4([C@@H](O)[C@H]([NH3+])C[C@H]([NH2+]C)[C@@H](O)4))))		GRRNUXAQVGOGFE-GNNWKVJVSA-Q									PlantCyc/PMN local PGDB
CPD-9646	CPD-9646	di-trans,octa-cis -undecaprenyl phosphate	846.6654979195					C55H89O4P			plantcyc <https://plantcyc.org/>	ditrans,polycis -undecaprenyl phosphate // ditrans,octacis -undecaprenyl phosphate // C 55 -P // Und-P	846.6654979195	CC(C)=CCCC(\C)=C/CCC(\C)=C/CCC(/C)=C/CCC(/C)=C/CCC(/C)=C/CCC(/C)=C/CCC(/C)=C/CCC(/C)=C/CCC(/C)=C/CCC(/C)=C/COP(=O)([O-])[O-]		UFPHFKCTOZIAFY-NTDVEAECSA-L									PlantCyc/PMN local PGDB
CPD-12373	CPD-12373	indole-5,6-quinone	147.0320284099					C8H5NO2			plantcyc <https://plantcyc.org/>	IQ // indolequinone	147.0320284099	C1(\C2(\C(\N\C=1)=C/C(=O)C(=O)\C=2))		IGGVVGHJSQSLFO-UHFFFAOYSA-N									PlantCyc/PMN local PGDB
DIMETHYL-D-RIBITYL-LUMAZINE	DIMETHYL-D-RIBITYL-LUMAZINE	6,7-dimethyl-8-(1-D-ribityl)lumazine	326.1226343312					C13H17N4O6			plantcyc <https://plantcyc.org/>	6,7-Dimethyl-8-(1'-D-ribityl)lumazine // 6,7-dimethyl-8-(1-D-ribityl)lumazine // 6,7-dimethyl-8-(D-ribityl)lumazine // 6,7-dimethyl-8-D-ribityllumazine // 6,7-Dimethyl-8-ribityllumazine // DMDRL // RL-6,7-diMe	326.1226343312	CC1(\N=C2(C(/N(C[C@H](O)[C@H](O)[C@H](O)CO)C(/C)=1)=N\C(=O)[N-]C(=O)2))		SXDXRJZUAJBNFL-XKSSXDPKSA-M									PlantCyc/PMN local PGDB
CPD-9370	CPD-9370	(+)-germacrene D	204.1878007704					C15H24			plantcyc <https://plantcyc.org/>	(1E,5E,7betaH)-germacra-1(10),4(15),5-triene // (1E,6E,8R)-1-methyl-5-methylidene-8-(propan-2-yl)cyclodeca-1,6-diene	204.1878007704	C[C@@H](C)C1(/C=C/C(CC/C=C(C)/CC1)=C)		GAIBLDCXCZKKJE-YZJXYJLZSA-N									PlantCyc/PMN local PGDB
CPD1F-139	CPD1F-139	gibberellin A 1	348.157288503					C19H23O6			plantcyc <https://plantcyc.org/>	GA1 // gibberellin 1	348.157288503	C=C1([C@@]3(O)(C[C@]4(C1)([C@H]([C@@H]5([C@]2(C(=O)O[C@](CC[C@H](O)2)([C@@H](CC3)4)5)(C)))C([O-])=O)))		JLJLRLWOEMWYQK-SNTJWBGVSA-M									PlantCyc/PMN local PGDB
CPD-9567	CPD-9567	N -beta-D-glucosyl-(indol-3-yl)acetate	337.1161519698					C16H18NO7			plantcyc <https://plantcyc.org/>	IAA-N-glucose // N-beta-D-glucopyranosyl IAA // N-beta-D-glucopyranosol IAA // IAA-N-beta-D-glucose // N-beta-D-glucopyranosyl indole-3-acetate	337.1161519698	C(O)[C@H]3(O[C@@H](N1(\C=C(CC([O-])=O)/C2(\C=C/C=C\C/1=2)))[C@H](O)[C@@H](O)[C@H](O)3)		MVSQEPAOMLRIRW-YMILTQATSA-M									PlantCyc/PMN local PGDB
OLEOYL-COA	OLEOYL-COA	oleoyl-CoA	1031.3605240149					C39H64N7O17P3S			plantcyc <https://plantcyc.org/>	oloeyl-CoA ( cis ) // cis -octadec-9-enoyl-CoA // (9Z)-octadec-9-enoyl-CoA // 18:1 cis -9 // 18:1(n-9)	1031.3605240149	CCCCCCCC\C=C/CCCCCCCC(=O)SCCNC(=O)CCNC(=O)[C@H](O)C(C)(C)COP(=O)(OP(=O)(OC[C@@H]1([C@@H](OP([O-])(=O)[O-])[C@@H](O)[C@@H](O1)N2(C3(\N=C/N=C(C(\N=C/2)=3)/N))))[O-])[O-]		XDUHQPOXLUAVEE-BPMMELMSSA-J									PlantCyc/PMN local PGDB
CPD-8165	CPD-8165	1-18:2-2-18:2-monogalactosyldiacylglycerol	778.5594987248					C45H78O10			plantcyc <https://plantcyc.org/>	18:2-18:2-MGDG // 1,2-(9Z,12Z-octadecadienoyl)-3-O-beta-D-galactosyl-sn-glycerol	778.5594987248	CCCCC\C=C/C\C=C/CCCCCCCC(OC[C@H](CO[C@@H]1(O[C@H](CO)[C@H](O)[C@H](O)[C@@H](O)1))OC(=O)CCCCCCC\C=C/C\C=C/CCCCC)=O		BROOMPUVDPTGEG-RHNBIRJRSA-N									PlantCyc/PMN local PGDB
CPD-11519	CPD-11519	3-oxo-2-(cis-2'-pentenyl)-cyclopentane-1-(3R-hydroxyoctanoyl)-CoA	1059.3190531307					C39H60N7O19P3S			plantcyc <https://plantcyc.org/>	OPC8-3-hydroxyacyl-CoA	1059.3190531307	CC\C=C/C[C@H]1([C@H](CCC(=O)1)CCCCC[C@H](O)CC(SCCNC(=O)CCNC(=O)[C@H](O)C(C)(C)COP(=O)(OP(=O)(OC[C@@H]2([C@@H](OP([O-])(=O)[O-])[C@@H](O)[C@@H](O2)N3(C4(\N=C/N=C(C(\N=C/3)=4)/N))))[O-])[O-])=O)		PDDHCVXPABQISO-XJJFHSEKSA-J									PlantCyc/PMN local PGDB
CPD1A0-6187	CPD1A0-6187	5-undecyl-1,2-dihydropyrrol-3-one	237.209264494					C15H27NO			plantcyc <https://plantcyc.org/>	4-keto-2-undecyl-4,5-dihydropyrrole	237.209264494	CCCCCCCCCCCC1(\NCC(\C=1)=O)		ZUNBINDVXKAJIF-UHFFFAOYSA-N									PlantCyc/PMN local PGDB
CPD-8234	CPD-8234	alpha-copaene	204.1878007704					C15H24			plantcyc <https://plantcyc.org/>	copaene // 1,3-dimethyl-8-(1-methylethyl)-tricyclo[4.4.0.02,7]dec-3-ene // (-)-alpha-copaene	204.1878007704	CC(C)C1(CC[C@]2(C3([C@@H]1[C@@H]2C\C=C(C)/3))(C))		VLXDPFLIRFYIME-PLWLXLEKSA-N									PlantCyc/PMN local PGDB
CPD-21769	CPD-21769	3-methoxy-4-hydroxy-5-( all-trans -hexaprenyl)benzoate	576.417860286					C38H55O4			plantcyc <https://plantcyc.org/>	3-(3,7,11,15,19,23-hexamethyltetracosa-2,6,10,14,18,22-hexaenyl) -4-hydroxy-5-methoxy-benzoic acid // 3- all trans -hexaprenyl-4-hydroxy-5-methoxybenzoate // 3-methoxy-4-hydroxy-5-hexaprenylbenzoate // 3-hexaprenyl-4-hydroxy-5-methoxybenzoic acid // 3-hexaprenyl-4-hydroxy-5-methoxybenzoate	576.417860286	CC(C)=CCCC(\C)=C/CCC(\C)=C/CCC(\C)=C/CCC(\C)=C/CCC(\C)=C/CC1(\C(\O)=C(/C=C(\C=1)/C(=O)[O-])\OC)		YSZSVGFMAJXGMQ-FRICUITQSA-M									PlantCyc/PMN local PGDB
CPD-533	CPD-533	cyclohex-1-ene-1-carbonyl-CoA	875.1727232445					C28H40N7O17P3S			plantcyc <https://plantcyc.org/>	cyclohex-1-ene-1-carboxyl-CoA	875.1727232445	CC(C)([C@@H](O)C(=O)NCCC(=O)NCCSC(=O)C1(\CCCC/C=1))COP(=O)(OP(=O)(OC[C@@H]2([C@@H](OP([O-])(=O)[O-])[C@@H](O)[C@@H](O2)N3(C4(\N=C/N=C(C(\N=C/3)=4)/N))))[O-])[O-]		YTTZSBMCHSFQSJ-TYHXJLICSA-J									PlantCyc/PMN local PGDB
CPD-11534	CPD-11534	ent -isokaurene	272.2504010272					C20H32			plantcyc <https://plantcyc.org/>	ent -kaur-15-ene // (5beta,8alpha,9beta,10beta,13alpha)-kaur-15-ene	272.2504010272	CC1(\[C@H]4(C[C@]3(\C=1)(CC[C@@H]2(C(C)(C)CCC[C@](C)2[C@@H]3CC4))))		DQUHDYWUEKWRLN-HPUSYDDDSA-N									PlantCyc/PMN local PGDB
CPD-11647	CPD-11647	thermospermine	202.2157468554					C10H30N4			plantcyc <https://plantcyc.org/>	1,12-diamino-4,8-diazadodecane // N1-(3-(3-aminopropylamino)propyl)butane-1,4-diamine	202.2157468554	C([NH3+])CCC[NH2+]CCC[NH2+]CCC[NH3+]		DODDBCGMRAFLEB-UHFFFAOYSA-R									PlantCyc/PMN local PGDB
CPD-9897	CPD-9897	3-methoxy-4-hydroxy-5-( all-trans -decaprenyl)benzoate	848.6682613132					C58H87O4			plantcyc <https://plantcyc.org/>	3-methoxy-4-hydroxy-5-decaprenylbenzoate // 3-(3,7,11,15,19,23-decamethyltetracosa-2,6,10,14,18,22-hexaenyl) -4-hydroxy-5-methoxy-benzoic acid // 3-decaprenyl-4-hydroxy-5-methoxybenzoate	848.6682613132	CC(C)=CCCC(\C)=C/CCC(\C)=C/CCC(\C)=C/CCC(\C)=C/CCC(\C)=C/CCC(\C)=C/CCC(\C)=C/CCC(\C)=C/CCC(\C)=C/CC1(/C=C(/C=C(C(/O)=1)/OC)/C([O-])=O)		WCQCNOIKXGNDLX-RDSVHMIISA-M									PlantCyc/PMN local PGDB
CPD-16542	CPD-16542	cyanidin 3- O -(6"- O -malonyl)-beta-D-glucoside	535.1087804477					C24H20O14			plantcyc <https://plantcyc.org/>	cyanidin 3-(6'-malonylglucoside) // Cyanidin 3-O-(6'-O-malonylglucoside)	535.1087804477	C(OC(CC(=O)[O-])=O)[C@H]1(O[C@H]([C@@H]([C@H]([C@@H]1O)O)O)OC2(\C(=[O+]C3(\C=C(/C=C(C(\C=2)=3)/[O-])\[O-]))C4(\C=C(C(/O)=C\C=4)\O)))		ROQLTZUOXIQBDO-JZWLZXDTSA-L									PlantCyc/PMN local PGDB
CPD-1107	CPD-1107	D- myo -inositol 1,3,4,5,6-pentakisphosphate	579.8950401598					C6H7O21P5			plantcyc <https://plantcyc.org/>	1D- myo -inositol 1,3,4,5,6-penta kis phosphate // inositol 1,3,4,5,6-penta kis phosphate // I(1,3,4,5,6)P 5	579.8950401598	[C@@H]1(O)([C@@H](OP([O-])([O-])=O)[C@H](OP([O-])(=O)[O-])[C@@H](OP([O-])(=O)[O-])[C@H](OP(=O)([O-])[O-])[C@@H](OP(=O)([O-])[O-])1)		CTPQAXVNYGZUAJ-KXXVROSKSA-D									PlantCyc/PMN local PGDB
CPD-394	CPD-394	N -methylputrescine	102.1156984598					C5H16N2			plantcyc <https://plantcyc.org/>		102.1156984598	C[NH2+]CCCC[NH3+]		RMIVMBYMDISYFZ-UHFFFAOYSA-P									PlantCyc/PMN local PGDB
CPD-10543	CPD-10543	alpha-D-quinovopyranose	164.0684734957					C6H12O5			plantcyc <https://plantcyc.org/>	alpha-D-quinovose // 6-deoxy-alpha-D-glucose	164.0684734957	C[C@@H]1([C@@H](O)[C@H](O)[C@@H](O)[C@@H](O)O1)		SHZGCJCMOBCMKK-DVKNGEFBSA-N									PlantCyc/PMN local PGDB
2-KETO-ISOVALERATE	2-KETO-ISOVALERATE	3-methyl-2-oxobutanoate	116.0473441231					C5H7O3			plantcyc <https://plantcyc.org/>	2-oxo-3-methylbutanoate // 2-oxoisovalerate // alpha-keto-isovaleric acid // alpha-ketoisopentanoic acid // alpha-keto-isovalerate // alpha-oxoisovalerate // alpha-ketovaline // 2-keto-isovalerate // 2-ketovaline // alpha-keto-valine // 2-oxoisopentanoate // 2-keto-3-methylbutyric acid // 3-methyl-2-oxobutyrate	116.0473441231	CC(C(C([O-])=O)=O)C		QHKABHOOEWYVLI-UHFFFAOYSA-M									PlantCyc/PMN local PGDB
CPD-7149	CPD-7149	pelargonidin-3- O -(6"- O -malonyl-beta-D-glucoside)	519.1138658256					C24H21O13			plantcyc <https://plantcyc.org/>		519.1138658256	C(OC(CC(=O)[O-])=O)[C@H]1(O[C@H]([C@@H]([C@H]([C@@H]1O)O)O)OC2(\C(=[O+]C3(\C=C(/C=C(C(\C=2)=3)/[O-])\O))C4(\C=C/C(/O)=C\C=4)))		XLZUBCUKXQFBKB-JZWLZXDTSA-M									PlantCyc/PMN local PGDB
CPD-22729	CPD-22729	myristoyl-D-asparaginyl-butan-2-aminyl-malonyl-1-aminocyclopropane-1-carboxyl-acetate	608.3785146668					C31H51N4O8			plantcyc <https://plantcyc.org/>		608.3785146668	CCCCCCCCCCCCCC(N[C@H](CC(=O)N)C(N[C@@H](C)CCC(=O)CC(=O)N[C@@]1(CC1)C(CC([O-])=O)=O)=O)=O		WPHTULBEUKYPTD-LADGPHEKSA-M									PlantCyc/PMN local PGDB
CPD-6744	CPD-6744	D- myo -inositol (1,2,6) trisphosphate	419.962379343					C6H9O15P3			plantcyc <https://plantcyc.org/>	1D- myo -inositol (1,2,6) trisphosphate // Ins(1,2,6)P 3 // I(1,2,6)P 3	419.962379343	[C@H]1(O)([C@H](O)[C@@H](OP([O-])(=O)[O-])[C@H](OP([O-])([O-])=O)[C@H](OP([O-])([O-])=O)[C@H](O)1)		GKDKOMAJZATYAY-UOTPTPDRSA-H									PlantCyc/PMN local PGDB
CPD-8936	CPD-8936	(4-coumaroyl)serotonin	322.1317424545					C19H18N2O3			plantcyc <https://plantcyc.org/>	p-coumaric acid serotonin amide // p-coumaroylserotonin	322.1317424545	C(NC(=O)/C=C/C1(\C=C/C(/O)=C\C=1))CC2(\C3(/C=C(\C=C/C(/N\C=2)=3)/O))		WLZPAFGVOWCVMG-FPYGCLRLSA-N									PlantCyc/PMN local PGDB
UDP-L-RHAMNOSE	UDP-L-RHAMNOSE	UDP-beta-L-rhamnose	550.0601057544					C15H22N2O16P2			plantcyc <https://plantcyc.org/>	UDP-rhamnose // UDP-beta-L-Rha	550.0601057544	C[C@@H]3(O[C@H](OP(OP(OC[C@@H]2([C@H]([C@H]([C@H](N1(\C=C/C(=O)NC1=O))O2)O)O))(=O)[O-])(=O)[O-])[C@H](O)[C@H](O)[C@@H](O)3)		DRDCJEIZVLVWNC-SLBWPEPYSA-L									PlantCyc/PMN local PGDB
CPD-4181	CPD-4181	cycloartanol	428.4018162913					C30H52O			plantcyc <https://plantcyc.org/>	24(25)-dihydrocycloartenol // (3beta,9beta)-9,19-cyclolanost-3-ol	428.4018162913	CC(C)CCC[C@@H](C)[C@H]3(CC[C@@]4(C)([C@@H]1(CC[C@H]5(C(C)(C)[C@@H](O)CC[C@@]2(C[C@@]12CC[C@](C)34)5))))		YABASAWVVRQMEU-YBXTVTTCSA-N									PlantCyc/PMN local PGDB
CAFFEOYLQUINATE	CAFFEOYLQUINATE	chlorogenate	354.0950821767					C16H17O9			plantcyc <https://plantcyc.org/>	5- O -caffeoyl-D-quinic acid // trans -5- O -caffeoyl-D-quinate // caffeoylquinate // trans -5-O-caffeoyl-D-quinate // chlorogenic acid // 3-O-caffeoyl-D-quinic acid	354.0950821767	C([O-])(=O)[C@]1(O)(C[C@@H](O)[C@@H](O)[C@@H](C1)OC(=O)/C=C/C2(/C=C(C(/O)=C\C=2)/O))		CWVRJTMFETXNAD-JUHZACGLSA-M									PlantCyc/PMN local PGDB
CYCLOEUCALENOL	CYCLOEUCALENOL	cycloeucalenol	426.3861662271					C30H50O			plantcyc <https://plantcyc.org/>		426.3861662271	CC(C)C(CC[C@@H](C)[C@H]3(CC[C@@]4(C)([C@@H]1(CC[C@H]5([C@H](C)[C@@H](O)CC[C@@]2(C[C@@]12CC[C@](C)34)5)))))=C		HUNLTIZKNQDZEI-PGFZVWMDSA-N									PlantCyc/PMN local PGDB
CPD-13921	CPD-13921	(-)-9beta-pimara-7,15-dien-19-ol	288.2453156493					C20H32O			plantcyc <https://plantcyc.org/>		288.2453156493	C=C[C@@]2(CC[C@H]3([C@]1(CCC[C@]([C@@H]1C\C=C(C2)/3)(C)CO)C))C		DUEINKIQNGZKPL-USYVTKNRSA-N									PlantCyc/PMN local PGDB
34-DIHYDROXYPHENYLPYRUVATE	34-DIHYDROXYPHENYLPYRUVATE	3-(3,4-dihydroxyphenyl)pyruvate	196.0371733673					C9H7O5			plantcyc <https://plantcyc.org/>	3-(3,4-dihydroxyphenyl)-2-oxo-propanoic acid // 3,4-dihydroxyphenylpyruvate	196.0371733673	C(C(CC1(\C=C/C(/O)=C(\C=1)/O))=O)(=O)[O-]		LQQFFJFGLSKYIR-UHFFFAOYSA-M									PlantCyc/PMN local PGDB
CPD-7733	CPD-7733	aurachin C	379.2511293087					C25H33NO2			plantcyc <https://plantcyc.org/>		379.2511293087	CC(C)=CCCC(\C)=C/CCC(\C)=C/CC1(\C(C2(/C=C\C=C/C(/N(C(/C)=1)O)=2))=O)		FIHXCHBEHLCXEG-YEFHWUCQSA-N									PlantCyc/PMN local PGDB
3-CARBOXY-3-HYDROXY-ISOCAPROATE	3-CARBOXY-3-HYDROXY-ISOCAPROATE	(2 S )-2-isopropylmalate	176.0684734957					C7H10O5			plantcyc <https://plantcyc.org/>	3-hydroxy-4-methyl-3-carboxypentanoate // 3-carboxy-3-hydroxy-4-methylpentanoate // 3-carboxy-3-hydroxy-isocaproate // alpha-isopropylmalate // 2-isopropylmalic acid	176.0684734957	CC(C)[C@@](O)(CC(=O)[O-])C([O-])=O		BITYXLXUCSKTJS-ZETCQYMHSA-L									PlantCyc/PMN local PGDB
CPD-12658	CPD-12658	riboflavin cyclic-4',5'-phosphate	438.0940501175					C17H18N4O8P			plantcyc <https://plantcyc.org/>	cFMN	438.0940501175	CC4(\C=C3(C(/N(C[C@@H](O)[C@@H](O)[C@@H]1(COP([O-])(=O)O1))C2(\C(\C(=O)/N=C(/N=2)/O)=N/3))=C\C(/C)=4))		CVZKYDYRJQYYDJ-MBNYWOFBSA-M									PlantCyc/PMN local PGDB
CPDQT-300	CPDQT-300	8-(methylsulfanyl)octyl-glucosinolate	477.1160936692					C16H30NO9S3			plantcyc <https://plantcyc.org/>	8-(methylthio)octyl-glucosinolate	477.1160936692	CSCCCCCCCCC(\S[C@@H]1(O[C@H](CO)[C@@H](O)[C@H](O)[C@@H](O)1))=N\OS(=O)(=O)[O-]		CWOJBEDMJKZKAB-URUUWQEUSA-M									PlantCyc/PMN local PGDB
CPD-21333	CPD-21333	30-oxo-beta-amyrin	440.365430785					C30H48O2			plantcyc <https://plantcyc.org/>		440.365430785	C[C@]1([C@H](CC[C@@]2(C5([C@@](CCC12)([C@]3(C(/C4([C@@](CC3)(CC[C@@](C4)(C=O)C)C))=C/C5)C)C))C)O)C		XORQOFPOXJLPPB-CQYSPVIFSA-N									PlantCyc/PMN local PGDB
CPD-12045	CPD-12045	alpha-L-arabinofuranose	150.0528234315					C5H10O5			plantcyc <https://plantcyc.org/>	alpha-L-arabinose // alpha-L-Ara f	150.0528234315	C(O)[C@H]1([C@H](O)[C@@H](O)[C@H](O)O1)		HMFHBZSHGGEWLO-QMKXCQHVSA-N									PlantCyc/PMN local PGDB
CPD-14483	CPD-14483	glycyrrhetinate	470.339609965					C30H45O4			plantcyc <https://plantcyc.org/>	glycyrrhetinic acid // 3-beta-hydroxyglycyrrhetinate // glycyrrhetin // enoxolone // uralenic acid	470.339609965	C[C@@]4(C)(C3(CC[C@@]2(C)([C@]1(C)(CC[C@@]5([C@H](C/1=C\C(C2[C@](C)3CC[C@H](O)4)=O)C[C@](C([O-])=O)(C)CC5)C))))		MPDGHEJMBKOTSU-VOPRYAMFSA-M									PlantCyc/PMN local PGDB
ECDYSONE	ECDYSONE	ecdysone	464.313789145					C27H44O6			plantcyc <https://plantcyc.org/>	molting hormone	464.313789145	C[C@H]([C@H](O)CCC(O)(C)C)[C@H]1(CC[C@]3(O)([C@@](C)1CC[C@@H]2([C@@]4(C)(C[C@@H]([C@H](O)C[C@@H](C(=O)/C=C2/3)4)O))))		UPEZCKBFRMILAV-JMZLNJERSA-N									PlantCyc/PMN local PGDB
GIBBERELLIN	GIBBERELLIN	gibberellin A 3	346.1416384388					C19H21O6			plantcyc <https://plantcyc.org/>	gibberellic acid // gibberellin	346.1416384388	C=C1([C@@]3(O)(C[C@]4(C1)([C@H]([C@@H]5([C@]2(C(=O)O[C@](\C=C/[C@H](O)2)([C@@H](CC3)4)5)(C)))C([O-])=O)))		IXORZMNAPKEEDV-SNTJWBGVSA-M									PlantCyc/PMN local PGDB
INDOLE-3-ACETYL-GLU	INDOLE-3-ACETYL-GLU	(indol-3-yl)acetyl-L-glutamate	304.1059216345					C15H14N2O5			plantcyc <https://plantcyc.org/>	indole-3-acetyl-Glu // indole-3-acetyl-glutamic acid	304.1059216345	C(CC1(\C2(/C=C\C=C/C(/N\C=1)=2)))(N[C@H](C(=O)[O-])CCC([O-])=O)=O		YRKLGWOHYXIKSF-LBPRGKRZSA-L									PlantCyc/PMN local PGDB
CPD0-1689	CPD0-1689	3-undecyl-2-hydroxyl-1,4-naphthoquinone	326.2245802072					C22H30O2			plantcyc <https://plantcyc.org/>	UHNQ	326.2245802072	CCCCCCCCCCCC1(\C(C2(\C(\C(C(/C)=1)=O)=C/C=C\C=2))=O)		ANINJZDEPNDTPH-UHFFFAOYSA-N									PlantCyc/PMN local PGDB
CPD-13924	CPD-13924	ent -11beta-hydroxy- ent -cassa-12,15-diene	288.2453156493					C20H32O			plantcyc <https://plantcyc.org/>		288.2453156493	C=CC1([C@@H](C)[C@@H]2([C@@H]([C@H](O)C=1)[C@@]3(C)([C@H](CC2)C(C)(C)CCC3)))		QVNGTMWSHFUMFR-UKQDEDAGSA-N									PlantCyc/PMN local PGDB
CPD-14741	CPD-14741	(3R,4R)-3-(6-hydroxy-1,3-benzodioxol-5-yl)-3,4-dihydro-2H-chromene-4,7-diol	302.079038182					C16H14O6			plantcyc <https://plantcyc.org/>	7,2'-dihydroxy-4',5'-methylenedioxyisoflavanol // cis -(-)-DMDI // (3R)-3-(6-hydroxy-2H-1,3-benzodioxol-5-yl)-3,4-dihydro-2H-1-benzopyran-4,7-diol // cis -(-)-7,2'-dihydroxy-4',5'-methylenedioxyisoflavanol // (3R,4R)-7,2'-dihydroxy-4',5'-methylenedioxyisoflavanol	302.079038182	C1(OC2(\C(\O1)=C/C(O)=C(/C=2)[C@H]3([C@H](C4(/C=C\C(\O)=C/C(/OC3)=4))O)))		VGLBFRZJJZBAST-ZBEGNZNMSA-N									PlantCyc/PMN local PGDB
CPD-8135	CPD-8135	crinosterol	398.3548660987					C28H46O			plantcyc <https://plantcyc.org/>		398.3548660987	CC(C)[C@H](C)/C=C/[C@@H](C)[C@H]3(CC[C@H]4([C@@H]2(C\C=C1(C[C@@H](O)CC[C@@](C)1[C@H]2CC[C@](C)34))))		OILXMJHPFNGGTO-SDMVIZLASA-N									PlantCyc/PMN local PGDB
CPD-14100	CPD-14100	4-oxo-4-(pyridin-3-yl)butanal	163.0633285383					C9H9NO2			plantcyc <https://plantcyc.org/>	3-succinylsemialdehyde-pyridine	163.0633285383	C(=O)CCC(=O)C1(\C=C/C=N\C=1)		CFONOJVUTZAMCB-UHFFFAOYSA-N									PlantCyc/PMN local PGDB
INOSITOL-1456-TETRAKISPHOSPHATE	INOSITOL-1456-TETRAKISPHOSPHATE	D- myo -inositol (1,4,5,6)-tetrakisphosphate	499.9287097514					C6H8O18P4			plantcyc <https://plantcyc.org/>	inositol (1,4,5,6)-tetra kis phosphate // 1D- myo -inositol (1,4,5,6)-tetra kis phosphate // Ins(1,4,5,6)P 4 // I(1,4,5,6)P 4	499.9287097514	[C@@H]1(O)([C@@H](OP([O-])([O-])=O)[C@H](OP([O-])(=O)[O-])[C@@H](OP([O-])(=O)[O-])[C@H](OP(=O)([O-])[O-])[C@@H](O)1)		MRVYFOANPDTYBY-YORTWTKJSA-F									PlantCyc/PMN local PGDB
CPD-14271	CPD-14271	3-oxoicosanoyl-CoA	1075.3867387654					C41H68N7O18P3S			plantcyc <https://plantcyc.org/>		1075.3867387654	CCCCCCCCCCCCCCCCCC(=O)CC(=O)SCCNC(=O)CCNC([C@H](O)C(C)(C)COP([O-])(=O)OP([O-])(=O)OC[C@@H]1([C@@H](OP(=O)([O-])[O-])[C@@H](O)[C@@H](O1)N2(\C=N/C3(C(/N)=N\C=N/C2=3))))=O		FYBVHNZJDVUVLJ-IBYUJNRCSA-J									PlantCyc/PMN local PGDB
2-HYDROXYISOFLAVANONE	2-HYDROXYISOFLAVANONE	(2 R ,3 S )-2,4',7-trihydroxyisoflavanone	272.0684734957					C15H12O5			plantcyc <https://plantcyc.org/>	2,4',7-trihydroxyisoflavanone	272.0684734957	C3(\C(\[C@@H]1(C(=O)C2(\C(\O[C@@H](O)1)=C/C(/O)=C\C=2)))=C/C=C(\C=3)/O)		YACUBWOKTPOMNW-UKRRQHHQSA-N									PlantCyc/PMN local PGDB
CPD-8690	CPD-8690	etheroleate	294.2194948293					C18H29O3			plantcyc <https://plantcyc.org/>	(9Z,11E,1'E)-12-(1'E-hexenyloxy)-9,11-dodecadienoic acid // etheroleic acid // (9Z,11E,1'E)-12-(1'-Ehexenyloxy)-9,11-dodecadienoate	294.2194948293	CCCC/C=C/O/C=C/C=C\CCCCCCCC([O-])=O		NQNHRHWFZHFAAH-XSWVPMOFSA-M									PlantCyc/PMN local PGDB
3-UREIDO-PROPIONATE	3-UREIDO-PROPIONATE	3-ureidopropanoate	132.0534921335					C4H7N2O3			plantcyc <https://plantcyc.org/>	3-ureidopropionate // beta-ureidopropionic acid // N -carbamoyl-beta-alanine // 3-ureidopropionic acid	132.0534921335	C(NC(=O)N)CC([O-])=O		JSJWCHRYRHKBBW-UHFFFAOYSA-M									PlantCyc/PMN local PGDB
CPD-7207	CPD-7207	8',10-diapocarotene-8',10-dial	256.1463298862					C17H20O2			plantcyc <https://plantcyc.org/>	4,9,13-trimethyltetradeca-2,4,6,8,10,12-hexaene-1,14-dial // (2E,4E,6E,8E,10E,12E)-2,6,11-trimethyltetradeca-2,4,6,8,10,12-hexaenedial // 2,6,11-trimethyltetradeca-hexaenedial	256.1463298862	CC(/C=C/C=C(C)/C=O)=C\C=C\C=C(C)\C=C\C=O		OATKIQKYFYPALV-LIIBWLHSSA-N									PlantCyc/PMN local PGDB
CPD-10448	CPD-10448	2-hydroxylamino-4,6-dinitrotoluene-O-glucoside	379.1226939107					C13H17N3O10			plantcyc <https://plantcyc.org/>	2-HADNT O-glucoside	379.1226939107	CC2(/C(/NOC1(O[C@H](CO)[C@@H](O)[C@H](O)[C@@H](O)1))=C\C(\[N+](=O)[O-])=C/C(/[N+]([O-])=O)=2)		FDHKZWGRIMCNIS-HENWMNBSSA-N									PlantCyc/PMN local PGDB
CPD-356	CPD-356	D-arabinono-1,4-lactone	148.0371733673					C5H8O5			plantcyc <https://plantcyc.org/>	D-arabino-1,4-lactone	148.0371733673	C(O)[C@H]1(OC(=O)[C@@H](O)[C@H](O)1)		CUOKHACJLGPRHD-JJYYJPOSSA-N									PlantCyc/PMN local PGDB
CPD0-2463	CPD0-2463	5-phospho-alpha-D-ribose 1,2-cyclic phosphate	291.974919562					C5H7O10P2			plantcyc <https://plantcyc.org/>	5-phospho-alpha-D-ribosyl 1,2-cyclic phosphate // alpha-D-ribose-1,2-cyclic-phosphate 5-phosphate	291.974919562	C(OP(=O)([O-])[O-])[C@H]1(O[C@H]2([C@@H]([C@@H]1O)OP(O2)([O-])=O))		OXGUIUWFXGIWNM-TXICZTDVSA-K									PlantCyc/PMN local PGDB
3Z-PHYTOCHROMOBILIN	3Z-PHYTOCHROMOBILIN	(3Z)-phytochromobilin	584.263484909					C33H34N4O6			plantcyc <https://plantcyc.org/>		584.263484909	C\C=C1([C@@H](C)C(NC\1=C/C4(/NC(/C=C3(C(/CCC([O-])=O)=C(C)/C(\C=C2(C(/C)=C(C=C)/C(=O)N2))=N\3))=C(CCC([O-])=O)/C(\C)=4))=O)		DKMLMZVDTGOEGU-AIKFXVFZSA-L									PlantCyc/PMN local PGDB
CPD-482	CPD-482	gibberellin A 51	332.1623738809					C19H23O5			plantcyc <https://plantcyc.org/>	GA51	332.1623738809	C=C1([C@H]3(C[C@]4(C1)([C@H]([C@@H]5([C@]2(C(=O)O[C@](C[C@H](O)C2)([C@@H](CC3)4)5)(C)))C([O-])=O)))		HHDWSDSMWJQURA-GBNXXHSSSA-M									PlantCyc/PMN local PGDB
CPD-14083	CPD-14083	6,3-dihydroxy-2-pyridinone	127.026943032					C5H4NO3			plantcyc <https://plantcyc.org/>		127.026943032	C1(/C=C(NC(=O)C(/[O-])=1)/O)		YXJHZIOEJRCYHK-UHFFFAOYSA-M									PlantCyc/PMN local PGDB
CPD-12665	CPD-12665	2,5-dihydroxybenzoate 5-O-beta-D-glucoside	316.0794321125					C13H15O9			plantcyc <https://plantcyc.org/>	2,5-dihydroxybenzoic acid 5-O-beta-D-glucoside // DHB5G // 2-(beta-D-glucopyranosyloxy)-5-hydroxy-benzoic acid	316.0794321125	C(O)[C@H]2(O[C@@H](OC1(\C=C(C(/O)=C\C=1)\C(=O)[O-]))[C@H](O)[C@@H](O)[C@H](O)2)		CBTFERBMQQAROP-BZNQNGANSA-M									PlantCyc/PMN local PGDB
DIHYDRONEOPTERIN-P3	DIHYDRONEOPTERIN-P3	7,8-dihydroneopterin 3'-triphosphate	494.9957451569					C9H12N5O13P3			plantcyc <https://plantcyc.org/>	6-(L-erythro-1,2-dihydroxypropyl 3-triphosphate)-7,8-dihydropterin // 6-[(1S,2R)-1,2-dihydroxy-3-triphosphooxypropyl]-7,8-dihydropterin // 6-(D- erythro -1',2',3'-trihydroxypropyl)-7,8-dihydropterin-3'-triphosphate // 2-amino-4-hydroxy-6-( erythro -1,2,3-trihydroxypropyl)dihydropteridine triphosphate // dihydroneopterin triphosphate // H 2 NTP // 7,8-dihydroneopterin triphosphate	494.9957451569	C1(NC2(/N=C(N)\NC(=O)C(/N=C1/[C@H](O)[C@H](O)COP([O-])(=O)OP([O-])(=O)OP([O-])(=O)[O-])=2))		DGGUVLXVLHAAGT-XINAWCOVSA-J									PlantCyc/PMN local PGDB
CPD-10458	CPD-10458	4-hydroxylamino-2,6-dinitrotoluene 3C-glucoside	379.1226939107					C13H17N3O10			plantcyc <https://plantcyc.org/>	4-HADNT C-glucoside	379.1226939107	CC1(/C(/[N+](=O)[O-])=C\C(\NO)=C(C(/[N+]([O-])=O)=1)\C2(O[C@H](CO)[C@@H](O)[C@H](O)[C@@H](O)2))		PQZHEDVVKNTFII-DDSNRORXSA-N									PlantCyc/PMN local PGDB
CPD-9925	CPD-9925	1,4-dihydroxy-2-naphthoyl-CoA	953.1469024245					C32H38N7O19P3S			plantcyc <https://plantcyc.org/>	1,4-dihydroxy-2-naphthoate-CoA // DHNA-CoA	953.1469024245	CC(C)([C@@H](O)C(=O)NCCC(=O)NCCSC(C1(/C=C(C2(\C(\C(\O)=1)=C/C=C\C=2))/O))=O)COP(=O)(OP(=O)(OC[C@@H]3([C@@H](OP([O-])(=O)[O-])[C@@H](O)[C@@H](O3)N4(C5(\N=C/N=C(C(\N=C/4)=5)/N))))[O-])[O-]		PYTINLGPKDJURZ-HSJNEKGZSA-J									PlantCyc/PMN local PGDB
CPD-7139	CPD-7139	delphinidin 3,5-di- O -beta-D-glucoside	627.1561245708					C27H30O17			plantcyc <https://plantcyc.org/>	delphinidin-3,5-diglucoside	627.1561245708	C(O)[C@@H]1([C@@H](O)[C@H](O)[C@@H](O)[C@@H](O1)OC3(\C4(/C=C(C(C2(\C=C(C(\O)=C(/C=2)\O)\O))=[O+]C(\C=C(/C=3)\[O-])=4)/O[C@H]5([C@H](O)[C@@H](O)[C@H](O)[C@@H](CO)O5))))		XCTGXGVGJYACEI-LCENJUANSA-N									PlantCyc/PMN local PGDB
CPD-7158	CPD-7158	3-demethylubiquinol-9	782.6213111206					C53H82O4			plantcyc <https://plantcyc.org/>		782.6213111206	CC(C)=CCCC(\C)=C/CCC(\C)=C/CCC(\C)=C/CCC(\C)=C/CCC(\C)=C/CCC(\C)=C/CCC(\C)=C/CCC(\C)=C/CC1(\C(\O)=C(C(\O)=C(C(/C)=1)\O)\OC)		ALAJATOGWWBPQT-NSCWJZNLSA-N									PlantCyc/PMN local PGDB
CPD-12360	CPD-12360	16,17-dihydro-16alpha,17-dihydroxy gibberellin A 12	366.2042386956					C20H28O6			plantcyc <https://plantcyc.org/>	16, 17-dihydro-16alpha, 17-dihydroxy gibberellin A12 // 16alpha, 17-[OH] 2 gibberellin A12 // 16alpha, 17-[OH] 2 GA12	366.2042386956	C[C@@]14(CCC[C@](C)([C@@H]([C@@H]([C@@]23(C[C@H](CC[C@@H]12)[C@@](O)(CO)C3))C([O-])=O)4)C([O-])=O)		BOUZNRKTKNKATH-UVFHUSQUSA-L									PlantCyc/PMN local PGDB
CPD-26985	CPD-26985	3- O -beta-D-xylopyranosyloastragenol	622.4080834607					C35H58O9			plantcyc <https://plantcyc.org/>	astragenol 3- O -beta-D-xyloside	622.4080834607	CC2([C@H]4([C@@]7(CC[C@H](O[C@H]1([C@H](O)[C@@H](O)[C@H](O)CO1))2)(C[C@]3(CC[C@]6([C@](C)([C@@H]3C[C@H](O)4)C[C@@H]([C@@H]([C@]5(CC[C@H](O5)C(C)(O)C)C)6)O)C)7)))C		VXHVFDQYSSFKAR-MVRGBOKSSA-N									PlantCyc/PMN local PGDB
CPD-10420	CPD-10420	4-sulfomuconolactone	221.9834232373					C6H4O7S			plantcyc <https://plantcyc.org/>	4-carboxymethylen-4-sulfo-but-2-en-olide	221.9834232373	C([O-])(=O)CC1(S(=O)(=O)[O-])(\C=C/C(=O)O1)		WEEOYKXHMIPYQX-UHFFFAOYSA-L									PlantCyc/PMN local PGDB
CPD-16602	CPD-16602	cyanidin 3- O -glucoside-7- O -(6- O -(p-hydroxybenzoyl)-glucoside)	731.1823393213					C34H34O18			plantcyc <https://plantcyc.org/>		731.1823393213	C(O)[C@@H]1([C@@H](O)[C@H](O)[C@@H](O)[C@@H](O1)OC3(\C(C2(\C=C(C(/O)=C\C=2)\O))=[O+]C4(\C(/C=3)=C(/C=C(/C=4)/O[C@@H]6(O[C@H](COC(=O)C5(\C=C/C(/O)=C\C=5))[C@@H](O)[C@H](O)[C@@H](O)6))\[O-])))		MAKSAUYRROQEOB-POBDBQMVSA-N									PlantCyc/PMN local PGDB
CPD-554	CPD-554	2-ketocyclohexane-1-carbonyl-CoA	891.1676378666					C28H40N7O18P3S			plantcyc <https://plantcyc.org/>	2-ketocyclohexane-1-carboxyl-CoA	891.1676378666	CC(C)([C@@H](O)C(=O)NCCC(=O)NCCSC(=O)C1(CCCCC(=O)1))COP(=O)(OP(=O)(OC[C@@H]2([C@@H](OP([O-])(=O)[O-])[C@@H](O)[C@@H](O2)N3(C4(\N=C/N=C(C(\N=C/3)=4)/N))))[O-])[O-]		BGLNPJARTQOCKR-OXXAVVHVSA-J									PlantCyc/PMN local PGDB
CPD-18643	CPD-18643	(22 R )-22,26-dihydroxycholesterol	418.3446953429					C27H46O3			plantcyc <https://plantcyc.org/>		418.3446953429	CC(CO)CC[C@@H](O)[C@@H](C)[C@H]3(CC[C@H]4([C@@H]2(C\C=C1(C[C@@H](O)CC[C@@](C)1[C@H]2CC[C@](C)34))))		YDFJGPFMKWECQA-RILARPOQSA-N									PlantCyc/PMN local PGDB
CPD-21877	CPD-21877	(-)-arteannuin B	248.1412445083					C15H20O3			plantcyc <https://plantcyc.org/>		248.1412445083	C[C@H]2([C@@H]3(CC[C@]4(O[C@@H](C1(OC(=O)C([C@@H]1CC2)=C)3)4)(C)))		QWQSMEDUZQDVLA-YPEFZSFTSA-N									PlantCyc/PMN local PGDB
CPD-7087	CPD-7087	(+)-dihydromyricetin	320.053217362					C15H11O8			plantcyc <https://plantcyc.org/>	(+)-ampelopsin	320.053217362	C3(/C(/[C@H]1(OC2(/C=C(/C=C(C(\C([C@@H]1O)=O)=2)/O)/[O-])))=C\C(\O)=C(C(/O)=3)\O)		KJXSIXMJHKAJOD-LSDHHAIUSA-M									PlantCyc/PMN local PGDB
CPD-219	CPD-219	D-lysine	146.105527704					C6H15N2O2			plantcyc <https://plantcyc.org/>	D-2,6-diaminohexanoic acid	146.105527704	C([NH3+])CCC[C@@H]([NH3+])C([O-])=O		KDXKERNSBIXSRK-RXMQYKEDSA-O									PlantCyc/PMN local PGDB
CPD-16876	CPD-16876	2-hydroxy-5-oxoproline	145.0375077183					C5H6NO4			plantcyc <https://plantcyc.org/>		145.0375077183	C(=O)([C@@]1(O)(NC(CC1)=O))[O-]		XWXRVFUXLXYGHK-RXMQYKEDSA-M									PlantCyc/PMN local PGDB
CPD-14649	CPD-14649	carlactone	302.1881947009					C19H26O3			plantcyc <https://plantcyc.org/>		302.1881947009	CC(\C=C\C1(\[C@@](C)(C)CCCC(/C)=1))=C\OC2(\C=C(C)/C(=O)O2)		OTIYLZVFQIMLQH-FRGMPSNRSA-N									PlantCyc/PMN local PGDB
CPD-8934	CPD-8934	caffeoylserotonin	338.1266570766					C19H18N2O4			plantcyc <https://plantcyc.org/>	caffeic acid serotonin amide	338.1266570766	C(NC(=O)/C=C/C1(/C=C(C(/O)=C\C=1)/O))CC2(\C3(/C=C(\C=C/C(/N\C=2)=3)/O))		YXKFALZVRFVXFA-QHHAFSJGSA-N									PlantCyc/PMN local PGDB
CPD-4607	CPD-4607	benzyladenine-7- N -glucoside	387.1542688106					C18H21N5O5			plantcyc <https://plantcyc.org/>		387.1542688106	C([C@H]1(O[C@@H]([C@@H]([C@H]([C@@H]1O)O)O)N3(C4(C(/NCC2(\C=C/C=C\C=2))=N\C=N/C(\N=C/3)=4))))O		MFMRRPHRZQYKIJ-YYZLIPTLSA-N									PlantCyc/PMN local PGDB
SINAPOYL-COA	SINAPOYL-COA	sinapoyl-CoA	973.173117175					C32H42N7O20P3S			plantcyc <https://plantcyc.org/>	sinapinoyl-CoA	973.173117175	CC(C)(COP(OP([O-])(OC[C@@H]1([C@@H](OP([O-])([O-])=O)[C@@H](O)[C@@H](O1)N2(C3(\N=C/N=C(C(\N=C/2)=3)/N))))=O)([O-])=O)[C@@H](O)C(=O)NCCC(=O)NCCSC(=O)/C=C/C4(/C=C(C(\O)=C(C=4)\OC)/OC)		RBFUWESMWRUGFY-GSNIOFLCSA-J									PlantCyc/PMN local PGDB
CPD-155	CPD-155	D-galacto-hexodialdose	178.0477380536					C6H10O6			plantcyc <https://plantcyc.org/>		178.0477380536	C(=O)[C@H](O)[C@@H](O)[C@@H](O)[C@H](O)C=O		VYPPEYAOCURAAE-GUCUJZIJSA-N									PlantCyc/PMN local PGDB
KDO	KDO	3-deoxy-alpha-D- manno -2-octulosonate	238.0688674262					C8H13O8			plantcyc <https://plantcyc.org/>	alpha-2-keto-3-deoxyoctulosonic acid pyranose // 3-Kdo // deoxy-manno-octulosonate // ketodeoxyoctonate // 3-deoxy-alpha-D- manno -octulosonate // 3-deoxy-alpha-D- manno -oct-2-ulosonate // 2-keto-3-deoxyoctonate	238.0688674262	C(O)[C@@H](O)[C@H]1(O[C@@](O)(C([O-])=O)C[C@H]([C@H]1O)O)		NNLZBVFSCVTSLA-HXUQBWEZSA-M									PlantCyc/PMN local PGDB
CPD-8671	CPD-8671	dopaxanthin	390.106315565					C18H15N2O8			plantcyc <https://plantcyc.org/>		390.106315565	C(\C=C1(C[C@H](NC(/C([O-])=O)=C/1)C([O-])=O))=N\[C@@H](CC2(\C=C/C(/O)=C(\C=2)/O))C([O-])=O		YSNPSKZBOQYUHH-AFUNOPLTSA-K									PlantCyc/PMN local PGDB
CPD-320	CPD-320	aci -nitroethane	77.0476784741					C2H5NO2			plantcyc <https://plantcyc.org/>	ethylnitronate	77.0476784741	CC=[N+](O)[O-]		CPZLOQHKKRZRSD-UHFFFAOYSA-N									PlantCyc/PMN local PGDB
2-CARBOXY-D-ARABINITOL	2-CARBOXY-D-ARABINITOL	2-carboxy-D-arabinitol	196.0583027399					C6H11O7			plantcyc <https://plantcyc.org/>		196.0583027399	C(O)[C@@H](O)[C@@H](O)[C@@](O)(CO)C(=O)[O-]		XONDRGRALZTVKD-KODRXGBYSA-M									PlantCyc/PMN local PGDB
CPD-700	CPD-700	ergosta-5,7,24(28)-trien-3beta-ol	396.3392160345					C28H44O			plantcyc <https://plantcyc.org/>	5,7,24(28)-ergostatrienol // 5-dehydro episterol	396.3392160345	CC(C)C(CC[C@@H](C)[C@H]3(CC[C@H]4(C2([C@@H]([C@]1(CC[C@H](O)CC/1=C\C=2)(C))CC[C@](C)34))))=C		ZEPNVCGPJXYABB-LOIOQLKMSA-N									PlantCyc/PMN local PGDB
D-SEDOHEPTULOSE-1-7-P2	D-SEDOHEPTULOSE-1-7-P2	D-sedoheptulose 1,7-bisphosphate	370.0066136209					C7H12O13P2			plantcyc <https://plantcyc.org/>	sedoheptulose 1,7-bisphosphate // SBP	370.0066136209	C(OP(=O)([O-])[O-])[C@@H](O)[C@@H](O)[C@@H](O)[C@H](O)C(COP([O-])(=O)[O-])=O		OKHXOUGRECCASI-SHUUEZRQSA-J									PlantCyc/PMN local PGDB
CPD0-1627	CPD0-1627	6-diazo-5-oxo-L-norleucine	173.080041235					C6H9N3O3			plantcyc <https://plantcyc.org/>	6-diazo-5-oxo-norleucine // DON // diazooxonorleucine // 6-diazo-5-oxonorleucine	173.080041235	C(C(=O)CC[C@@H](C(=O)[O-])[NH3+])=[N+]=[N-]		YCWQAMGASJSUIP-YFKPBYRVSA-N									PlantCyc/PMN local PGDB
CPD-7968	CPD-7968	bixin aldehyde	348.208930143					C24H28O2			plantcyc <https://plantcyc.org/>		348.208930143	CC(/C=C/C=C(C)/C=C/C=O)=C\C=C\C=C(C)\C=C\C=C(C)\C=C\C=O		IMKFJOUBSRCEPD-DBTAAFGWSA-N									PlantCyc/PMN local PGDB
CPD-712	CPD-712	6-deoxocathasterone	418.3810808492					C28H50O2			plantcyc <https://plantcyc.org/>	deoxocathasterone // (22 S )-5alpha-campestane-3beta,22-diol	418.3810808492	CC(C)[C@H](C)C[C@H](O)[C@@H](C)[C@H]3(CC[C@H]4([C@@H]2(CC[C@H]1(C[C@@H](O)CC[C@@](C)1[C@H]2CC[C@](C)34))))		ZHZKWZJLUNXOSN-YUZBOUAZSA-N									PlantCyc/PMN local PGDB
CPD-13922	CPD-13922	(-)-9beta-pimara-7,15-dien-19-al	286.2296655851					C20H30O			plantcyc <https://plantcyc.org/>		286.2296655851	C=C[C@@]2(CC[C@H]3([C@]1(CCC[C@]([C@@H]1C\C=C(C2)/3)(C)C=O)C))C		NLLZQKHFTCHPED-USYVTKNRSA-N									PlantCyc/PMN local PGDB
CPD-14866	CPD-14866	quercetagetin	318.0375672978					C15H9O8			plantcyc <https://plantcyc.org/>	6-hydroxyquercetin	318.0375672978	C3(/C=C(C(/O)=C\C(\C1(\OC2(\C(\C(=O)C(/[O-])=1)=C(C(\O)=C(/C=2)\O)\O)))=3)/O)		ZVOLCUVKHLEPEV-UHFFFAOYSA-M									PlantCyc/PMN local PGDB
CPD-19882	CPD-19882	2-dehydro-L-erythronate	134.0215233031					C4H5O5			plantcyc <https://plantcyc.org/>	(3S)-3,4-dihydroxy-2-oxobutanoate // 2-dehydro-L-threonate	134.0215233031	C([C@@H](C(C(=O)[O-])=O)O)O		CODPBKJMVNZFKR-REOHCLBHSA-M									PlantCyc/PMN local PGDB
CPD-13575	CPD-13575	2-[(2 R ,5 Z )-2-carboxy-4-methylthiazol-5(2 H )-ylidene]ethyl phosphate	266.9966442588					C7H7NO6PS			plantcyc <https://plantcyc.org/>	cThz*-P // thiazole tautomer // ( R,Z )-2-(2-carboxy-4-methylthiazol-5(2 H )-ylidene)ethyl phosphate	266.9966442588	CC1(\C(\S[C@H](C([O-])=O)\N=1)=C/COP(=O)([O-])[O-])		PQMCQNOVNFNPFJ-AOPYWJJESA-K									PlantCyc/PMN local PGDB
CPDQT-419	CPDQT-419	8-(methylsulfanyl)octyl-desulfoglucosinolate	397.1592791129					C16H31NO6S2			plantcyc <https://plantcyc.org/>	8-(methylthio)octyl-desulfoglucosinolate	397.1592791129	CSCCCCCCCCC(\S[C@@H]1(O[C@H](CO)[C@@H](O)[C@H](O)[C@@H](O)1))=N\O		JXHZTRXZIXRIDX-URUUWQEUSA-N									PlantCyc/PMN local PGDB
S-HYDROXYMETHYLGLUTATHIONE	S-HYDROXYMETHYLGLUTATHIONE	S -(hydroxymethyl)glutathione	337.0943706702					C11H18N3O7S			plantcyc <https://plantcyc.org/>	HMGSH // HM-GSH // GS-CH 2 -OH // (hydroxymethyl)glutathione	337.0943706702	C(NC(=O)[C@H](CSCO)NC(=O)CC[C@H]([NH3+])C(=O)[O-])C(=O)[O-]		PIUSLWSYOYFRFR-BQBZGAKWSA-M									PlantCyc/PMN local PGDB
CPD-16621	CPD-16621	maniladiol	442.3810808492					C30H50O2			plantcyc <https://plantcyc.org/>	16beta-hydroxy-beta-amyrin // olean-12-ene-3beta,16beta-diol	442.3810808492	CC4(C)(C[C@H]5(C2(\[C@]([C@@]1(CC[C@H]3(C(C)(C)[C@H](CC[C@]([C@H]1C\C=2)3C)O))C)(C[C@H](O)[C@@](CC4)5C)C)))		VLRYIIPJIVGFIV-QQSFYHFXSA-N									PlantCyc/PMN local PGDB
2-O-CAFFEOYLGLUCARATE	2-O-CAFFEOYLGLUCARATE	2-O-caffeoylglucarate	372.0692613567					C15H14O11			plantcyc <https://plantcyc.org/>		372.0692613567	C(=O)(/C=C/C1(\C=C/C(/O)=C(C=1)/O))O[C@H]([C@H]([C@@H]([C@@H](C(=O)[O-])O)O)O)C(=O)[O-]		OMIXKOJEIRRAJW-CDEBNWADSA-L									PlantCyc/PMN local PGDB
CPD-13420	CPD-13420	(+)-7- epi -12-hydroxyjasmonoyl-L-isoleucine	339.2045730466					C18H28NO5			plantcyc <https://plantcyc.org/>	(3R,7S)-12-OH-JA-Ile // (3R,7S)-12-hydroxyjasmonoyl-isoleucine // (3R,7S)-12-hydroxyjasmonoyl-L-isoleucine // (+)-7- iso -12-hydroxyjasmonoyl-L-isoleucine	339.2045730466	CC[C@H](C)[C@H](NC(=O)C[C@H]1(CCC(=O)[C@@H](C\C=C/CCO)1))C([O-])=O		TXHIPUZLOILIIU-RAJZRIHCSA-M									PlantCyc/PMN local PGDB
D-ERYTHRO-IMIDAZOLE-GLYCEROL-P	D-ERYTHRO-IMIDAZOLE-GLYCEROL-P	D- erythro -1-(imidazol-4-yl)-glycerol 3-phosphate	238.0354726061					C6H9N2O6P			plantcyc <https://plantcyc.org/>	D- erythro -imidazole-glycerol-phosphate // D- erythro -imidazole-glycerol-P // erythro -imidazole-glycerol-P // erythro -imidazole-glycerol-phosphate // imidazole glycerol phosphate // IGP	238.0354726061	C1(\N\C=N/C(\[C@@H]([C@H](O)COP(=O)([O-])[O-])O)=1)		HFYBTHCYPKEDQQ-RITPCOANSA-L									PlantCyc/PMN local PGDB
MPBQ	MPBQ	2-methyl-6-phytyl-1,4-benzoquinol	402.3497807208					C27H46O2			plantcyc <https://plantcyc.org/>		402.3497807208	CC(CCC[C@H](CCC[C@@H](C)CCCC(\C)=C/CC1(/C=C(\C=C(C)/C(/O)=1)/O))C)C		GTWCNYRFOZKWTL-UOFXASEASA-N									PlantCyc/PMN local PGDB
CPD1F-90	CPD1F-90	kaempferol	286.0477380536					C15H9O6			plantcyc <https://plantcyc.org/>		286.0477380536	C3(/C=C(\C=C/C(/C1(/OC2(/C=C(/C=C(C(\C(C(/O)=1)=O)=2)/O)/[O-])))=3)/O)		IYRMWMYZSQPJKC-UHFFFAOYSA-M									PlantCyc/PMN local PGDB
CPD-9307	CPD-9307	(+)- trans -isoalliin	177.0459639146					C6H11NO3S			plantcyc <https://plantcyc.org/>	PRENSCO // S-1-propenyl-L-cysteine sulfoxide	177.0459639146	C/C=C/S(=O)C[C@H]([NH3+])C([O-])=O		OKYHUOHBRKWCQJ-FTJYXMLISA-N									PlantCyc/PMN local PGDB
CPD-4752	CPD-4752	stemar-13-ene	272.2504010272					C20H32			plantcyc <https://plantcyc.org/>		272.2504010272	CC3(\[C@H]4(C[C@]2([C@]1(CCCC(C)(C)[C@@H]1CC[C@H]2\C=3)C)CC4))		MCRAOCBPZAIHJQ-QBYKVAOYSA-N									PlantCyc/PMN local PGDB
CPD-12523	CPD-12523	alpha-D-galacturonate	194.0426526757					C6H9O7			plantcyc <https://plantcyc.org/>	alpha-D-galacturonic acid	194.0426526757	C([O-])(=O)[C@@H]1([C@@H]([C@@H]([C@H]([C@H](O1)O)O)O)O)		AEMOLEFTQBMNLQ-BKBMJHBISA-M									PlantCyc/PMN local PGDB
S-TETRAHYDROCOLUMBAMINE	S-TETRAHYDROCOLUMBAMINE	( S )-tetrahydrocolumbamine	341.1627082319					C20H23NO4			plantcyc <https://plantcyc.org/>	5,8,13,13a-tetrahydrocolumbamine // isocorypalmine // (13aS)-5,8,13,13a-tetrahydro-3,9,10-trimethoxy-6H-dibenzo[a,g]quinolizin-2-ol	341.1627082319	C1(CC4(/C=C(C(/O)=C\C(\[C@@H]2(CC3(\C=C/C(/OC)=C(C(/CN12)=3)/OC)))=4)/OC))		KDFKJOFJHSVROC-INIZCTEOSA-N									PlantCyc/PMN local PGDB
CPD-695	CPD-695	gibberellin A 53	348.1936740093					C20H26O5			plantcyc <https://plantcyc.org/>	GA53	348.1936740093	C=C1([C@@]2(O)(C[C@]3(C1)([C@H]([C@@H]4([C@@](C)(CCC[C@@](C)([C@@H](CC2)3)4)C([O-])=O))C([O-])=O)))		CZEMYYICWZPENF-VOLTXKGXSA-L									PlantCyc/PMN local PGDB
L-THREONATE	L-THREONATE	L-threonate	136.0371733673					C4H7O5			plantcyc <https://plantcyc.org/>	L-threonic acid // (2R,3S)-2,3,4-trihydroxybutanoate	136.0371733673	C([C@@H]([C@H](C(=O)[O-])O)O)O		JPIJQSOTBSSVTP-STHAYSLISA-M									PlantCyc/PMN local PGDB
CPD-10750	CPD-10750	UDP-2-acetamido-2,6-dideoxy-beta-L- arabino -hex-4-ulose	589.0710047917					C17H23N3O16P2			plantcyc <https://plantcyc.org/>	UDP-2-acetamido-2,6-dideoxy-beta-L- arabino -4-hexulose	589.0710047917	C[C@H]3(C([C@@H]([C@H]([C@@H](OP(OP(OC[C@@H]2([C@H]([C@H]([C@H](N1(\C=C/C(=O)NC1=O))O2)O)O))(=O)[O-])(=O)[O-])O3)NC(C)=O)O)=O)		XBILTLYIKDPORV-QEEJMIEASA-L									PlantCyc/PMN local PGDB
PTEROATE	PTEROATE	pteroate	312.0970882827					C14H11N6O3			plantcyc <https://plantcyc.org/>	4-{[(2-amino-4-hydroxypteridin-6-yl)methyl]amino}benzoate	312.0970882827	C(NC1(\C=C/C(/C(=O)[O-])=C\C=1))C2(\C=N/C3(\N=C(N)/NC(=O)C(\N=2)=3))		JOAQINSXLLMRCV-UHFFFAOYSA-M									PlantCyc/PMN local PGDB
CPD-16015	CPD-16015	2-iminopropanoate	87.0320284099					C3H5NO2			plantcyc <https://plantcyc.org/>		87.0320284099	CC(C(=O)[O-])=[NH2+]		DUAWRLXHCUAWMK-UHFFFAOYSA-N									PlantCyc/PMN local PGDB
MALONATE	MALONATE	malonate	104.0109586168					C3H2O4			plantcyc <https://plantcyc.org/>	malonyl // propanedioic acid // malonic acid	104.0109586168	C(C([O-])=O)C([O-])=O		OFOBLEOULBTSOW-UHFFFAOYSA-L									PlantCyc/PMN local PGDB
CPD-1041	CPD-1041	( Z )-[(4-hydroxyphenyl)acetaldehyde oxime]	151.0633285383					C8H9NO2			plantcyc <https://plantcyc.org/>	(Z)-p-hydroxyphenylacetaldehyde oxime // (Z)-4-hydroxyphenylacetaldehyde oxime // (E)-[p-hydroxyphenylacetaldehyde oxime] // 4-hydroxyphenylacetaldehyde oxime // p -hydroxyphenylacetaldehyde oxime // p -hydroxyphenylacetaldoxime	151.0633285383	C(\CC1(\C=C/C(/O)=C\C=1))=N\O		TVXJJNJGTDWFLD-TWGQIWQCSA-N									PlantCyc/PMN local PGDB
CPD-25240	CPD-25240	N 1 -(1-deoxy-D-fructos-1-yl)-L-lysine	308.1583511355					C12H25N2O7			plantcyc <https://plantcyc.org/>	N alpha -(D-fructosyl)-L-lysine	308.1583511355	C([C@@]1(O)(OC[C@@H](O)[C@@H](O)[C@H](O)1))[NH2+][C@H](C(=O)[O-])CCCC[NH3+]		MJTOFLFMNGKVNS-TYCYOEEFSA-O									PlantCyc/PMN local PGDB
NICOTINE	NICOTINE	( S )-nicotine	162.1156984598					C10H15N2			plantcyc <https://plantcyc.org/>	nicotine	162.1156984598	C1(CC[C@H]([NH+](C)1)C2(\C=N/C=C\C=2))		SNICXCGAKADSCV-JTQLQIEISA-O									PlantCyc/PMN local PGDB
CPD-6746	CPD-6746	1D- myo -inositol 2-phosphate	260.0297185262					C6H11O9P			plantcyc <https://plantcyc.org/>	D- myo -inositol 2-monophosphate // Ins(2)P 1 // Ins2P	260.0297185262	[C@@H]1(O)([C@@H](O)[C@H](O)[C@H](OP([O-])([O-])=O)[C@H](O)[C@@H](O)1)		INAPMGSXUVUWAF-QWBQGLJISA-L									PlantCyc/PMN local PGDB
CPD-692	CPD-692	(+)- cis -abscisic aldehyde	248.1412445083					C15H20O3			plantcyc <https://plantcyc.org/>	(+)- cis -ABA aldehyde // (+)- cis -abscisic acid aldehyde	248.1412445083	CC(\C=C\[C@@]1(C(C)(C)CC(=O)\C=C(C)/1)O)=C\C=O		RIKWDZWVHUIUAM-KICRZJJPSA-N									PlantCyc/PMN local PGDB
CPDQT-7	CPDQT-7	hamamelose-2 1 ,5-bisphosphate	339.9960489346					C6H14O12P2			plantcyc <https://plantcyc.org/>	HBP	339.9960489346	C([C@@H]1([C@H]([C@](COP(O)(=O)O)([C@@H](O1)O)O)O))OP(O)(O)=O											PlantCyc/PMN local PGDB
CPD-10457	CPD-10457	4-hydroxylamino-2,6-dinitrotoluene	217.0698704792					C7H7N3O5			plantcyc <https://plantcyc.org/>	4-HADNT	217.0698704792	CC1(/C(/[N+](=O)[O-])=C\C(\NO)=C/C(/[N+]([O-])=O)=1)		HTTDEAQRSCMCQS-UHFFFAOYSA-N									PlantCyc/PMN local PGDB
3-DEOXY-D-ARABINO-HEPTULOSONATE-7-P	3-DEOXY-D-ARABINO-HEPTULOSONATE-7-P	3-deoxy-D-arabino-heptulosonate 7-phosphate	288.0246331483					C7H10O10P			plantcyc <https://plantcyc.org/>	3-deoxy-D-arabino-heptulosonate-7-P // 3-deoxy-arabino-heptulosonate 7-phosphate // 3-deoxy-arabino-heptulosonate-7-P // 2-dehydro-3-deoxy-D-arabino-heptonate 7-phosphate // 3-deoxy-D-arabino-hept-2-ulosonate 7-phosphate // 3-deoxy-arabino-heptulonate 7-phosphate // DAHP	288.0246331483	C(=O)([O-])C(=O)C[C@@H](O)[C@H](O)[C@H](O)COP([O-])(=O)[O-]		PJWIPEXIFFQAQZ-PUFIMZNGSA-K									PlantCyc/PMN local PGDB
CPD-7005	CPD-7005	geranylgeranyl chlorophyll a	886.4883631499					C55H65N4O5MG			plantcyc <https://plantcyc.org/>	geranylgeranyl-chl a // GG-chl a // GG-chlorophyll a	886.4883631499	C=CC5(\C1(\N6([Mg]N3(C4(\C(/[C@@H-](C(OC)=O)C(=O)C(\C(/C)=C(\C=C2(C(/CC)=C(C)/C(\C=1)=N\2))/3)=4)=C7([C@@H](CCC(=O)OC/C=C(C)/CC/C=C(C)/CC/C=C(C)/CCC=C(C)C)[C@H](C)C(\C=C(C(/C)=5)/6)=N7))))))		QBLSEPRESQJTCI-ZNLWZYPOSA-M									PlantCyc/PMN local PGDB
ALPHA-RIBAZOLE	ALPHA-RIBAZOLE	alpha-ribazole	278.1266570766					C14H18N2O4			plantcyc <https://plantcyc.org/>	N1-(alpha-D-ribosyl)-5,6-dimethylbenzimidazole	278.1266570766	CC1(\C(/C)=C/C2(/N(\C=N/C(\C=1)=2)[C@@H]3([C@H](O)[C@H](O)[C@@H](CO)O3)))		HLRUKOJSWOKCPP-SYQHCUMBSA-N									PlantCyc/PMN local PGDB
CPD-8924	CPD-8924	( S )-laudanine	343.1783582961					C20H26NO4			plantcyc <https://plantcyc.org/>		343.1783582961	COC3(/C=C1(C(/CC[NH+]([C@H]1CC2(\C=C/C(/OC)=C(\C=2)/O))C)=C/C(/OC)=3))		MPYHGNAJOKCMAQ-INIZCTEOSA-O									PlantCyc/PMN local PGDB
CPD-8927	CPD-8927	(+)-sesamolinol	372.1209029967					C20H20O7			plantcyc <https://plantcyc.org/>		372.1209029967	COC1(/C=C(\C=C/C(/O)=1)/O[C@H]2(OC[C@@H]3([C@H](OC[C@H]23)C5(\C=C4(C(/OCO4)=C\C=5)))))		OJVGWDJIYBTWDS-AFHBHXEDSA-N									PlantCyc/PMN local PGDB
CPD-21569	CPD-21569	4-methylajmaline	342.2307282176					C21H29N2O2			plantcyc <https://plantcyc.org/>	N beta -methylajmaline	342.2307282176	CC[C@H]3([C@@H]2(C4([C@@H](O)C15(C6(\C(\N(C)[C@H]1[C@H](C2)[N+](C)([C@H](O)3)[C@H]4C5)=C/C=C\C=6)))))		NCFABVDNFAPWSM-MCFROGRCSA-N									PlantCyc/PMN local PGDB
CPD-4943	CPD-4943	(+)-isomenthone	154.1357651999					C10H18O			plantcyc <https://plantcyc.org/>		154.1357651999	CC([C@H]1(CC[C@H](CC1=O)C))C		NFLGAXVYCFJBMK-RKDXNWHRSA-N									PlantCyc/PMN local PGDB
INDOLE-3-ACETYL-ALA	INDOLE-3-ACETYL-ALA	(indol-3-yl)acetyl-L-alanine	246.1004423261					C13H13N2O3			plantcyc <https://plantcyc.org/>	indole-3-acetyl-ala	246.1004423261	C[C@H](NC(CC1(\C2(/C=C\C=C/C(/N\C=1)=2)))=O)C(=O)[O-]		FBDCJLXTUCMFLF-QMMMGPOBSA-M									PlantCyc/PMN local PGDB
CPD-18	CPD-18	linoleoyl-CoA	1029.3448739507					C39H62N7O17P3S			plantcyc <https://plantcyc.org/>	cis , cis -octadeca-9,12-dienoyl-CoA // (9Z,12Z)-octadeca-9,12-dienoyl-CoA // 18:2(n-6)	1029.3448739507	CCCCC\C=C/C\C=C/CCCCCCCC(SCCNC(=O)CCNC(=O)[C@H](O)C(C)(C)COP(=O)(OP(=O)(OC[C@@H]1([C@@H](OP([O-])(=O)[O-])[C@@H](O)[C@@H](O1)N2(C3(\N=C/N=C(C(\N=C/2)=3)/N))))[O-])[O-])=O		YECLLIMZHNYFCK-RRNJGNTNSA-J									PlantCyc/PMN local PGDB
CPD-4616	CPD-4616	dihydrozeatin-9- N -glucoside	383.1804835611					C16H25N5O6			plantcyc <https://plantcyc.org/>		383.1804835611	C[C@@H](CCNC1(\C2(\N=C/N(C(\N=C/N=1)=2)[C@@H]3([C@@H]([C@H]([C@@H]([C@H](O3)CO)O)O)O))))CO		DRPMMLWYLAPTPK-JSYMRTRDSA-N									PlantCyc/PMN local PGDB
CPD-676	CPD-676	trans -caffeate	180.0422587452					C9H7O4			plantcyc <https://plantcyc.org/>	trans -caffeic acid // 3,4-dihydroxy-cinnamate // (2E)-3-(3,4-dihydroxyphenyl)prop-2-enoic acid // (2E)-3-(3,4-dihydroxyphenyl)prop-2-enoate	180.0422587452	C([O-])(=O)/C=C/C1(/C=C(C(/O)=C\C=1)/O)		QAIPRVGONGVQAS-DUXPYHPUSA-M									PlantCyc/PMN local PGDB
CPD-12541	CPD-12541	N -acetyl-alpha-D-glucosamine	221.0899372193					C8H15NO6			plantcyc <https://plantcyc.org/>		221.0899372193	CC(=O)N[C@H]1([C@@H](O)O[C@H](CO)[C@@H](O)[C@H](O)1)		OVRNDRQMDRJTHS-PVFLNQBWSA-N									PlantCyc/PMN local PGDB
CPD-12830	CPD-12830	demethylphylloquinol	438.3497807208					C30H46O2			plantcyc <https://plantcyc.org/>	2-phytyl-1,4-naphthoquinol	438.3497807208	CC(CCC[C@H](CCC[C@@H](C)CCCC(\C)=C/CC1(/C=C(C2(/C=C\C=C/C(/C(/O)=1)=2))/O))C)C		AEFNZGGBWOQYID-KQPZCCJBSA-N									PlantCyc/PMN local PGDB
CPD-13373	CPD-13373	10',6-diapocarotene-10',6-dial	282.1619799504					C19H22O2			plantcyc <https://plantcyc.org/>	4,8,13-trimethylhexadeca-heptaenedial // (2E,4E,6E,8E,10E,12E,14E)-4,8,13-trimethylhexadeca-2,4,6,8,10,12,14-heptaenedial	282.1619799504	CC(/C=C/C=C(C)/C=C/C=O)=C\C=C\C=C(C)\C=C\C=O		NZCSCAGBYIYATR-UXBHNABYSA-N									PlantCyc/PMN local PGDB
CPD-9494	CPD-9494	3,5-dihydroxyanisole	140.0473441231					C7H8O3			plantcyc <https://plantcyc.org/>	flamenol // 5-methoxyresorcinol // phloroglucinol monomethyl ether	140.0473441231	COC1(\C=C(/C=C(/C=1)/O)\O)		HDVRLUFGYQYLFJ-UHFFFAOYSA-N									PlantCyc/PMN local PGDB
CPD-10157	CPD-10157	Fe(II)-nicotianamine	359.0779775223					C12H21N3O6FE			plantcyc <https://plantcyc.org/>	Fe(II)-NA // Fe2+ -NA	359.0779775223	C([C@@H]([NH3+])CC[NH2+][C@@H](CC[NH+]1(C(C([O-])=O)CC1))C([O-])=O)([O-])=O.[Fe+2]		JIBPFVLGFJYRFE-IWKQBAGXSA-N									PlantCyc/PMN local PGDB
S-ADENOSYLMETHIONINE	S-ADENOSYLMETHIONINE	S -adenosyl-L-methionine	400.1528886021					C15H23N6O5S			plantcyc <https://plantcyc.org/>	( S )-S-adenosyl-L-methionine // AdoMet // SAM // 2- S -adenosyl-L-methionine // S -adenosyl-methionine // adenosylmethionine // S -adenosylmethionine	400.1528886021	C[S+](C[C@H]3(O[C@@H](N1(C2(\C(\N=C/1)=C(N)/N=C\N=2)))[C@H](O)[C@H](O)3))CC[C@@H](C(=O)[O-])[NH3+]		MEFKEPWMEQBLKI-FCKMPRQPSA-O									PlantCyc/PMN local PGDB
CPD-22003	CPD-22003	octacosanoyl-CoA	1173.5326747211					C49H86N7O17P3S			plantcyc <https://plantcyc.org/>		1173.5326747211	CCCCCCCCCCCCCCCCCCCCCCCCCCCC(=O)SCCNC(=O)CCNC(=O)[C@H](O)C(C)(C)COP(=O)(OP(=O)(OC[C@H]1(O[C@H]([C@@H]([C@@H]1OP([O-])(=O)[O-])O)N2(C3(\N=C/N=C(C(\N=C/2)=3)/N))))[O-])[O-]		HZPQKTICJQVCSW-YLJNVRNNSA-J									PlantCyc/PMN local PGDB
CDP-ETHANOLAMINE	CDP-ETHANOLAMINE	CDP-ethanolamine	446.0603805259					C11H19N4O11P2			plantcyc <https://plantcyc.org/>	cytidine diphosphate ethanolamine	446.0603805259	C(COP(OP(OC[C@@H]2([C@H]([C@H]([C@H](N1(\C=C/C(/N)=N\C1=O))O2)O)O))(=O)[O-])([O-])=O)[NH3+]		WVIMUEUQJFPNDK-PEBGCTIMSA-M									PlantCyc/PMN local PGDB
KDO-8P	KDO-8P	3-deoxy-D- manno -octulosonate 8-phosphate	318.0351978346					C8H12O11P			plantcyc <https://plantcyc.org/>	3-deoxy-D- manno -octulosonate 8-P // 2-dehydro-3-deoxy-D-octonate 8-P // 2-dehydro-3-deoxy-D-octonate 8-phosphate // Kdo-8P	318.0351978346	C(OP([O-])(=O)[O-])[C@@H](O)[C@H]1(O[C@@](O)(C([O-])=O)C[C@H]([C@H]1O)O)		IZZNRKJLBIYBJN-HXUQBWEZSA-K									PlantCyc/PMN local PGDB
DEAMIDO-NAD	DEAMIDO-NAD	nicotinate adenine dinucleotide	666.1087872815					C21H24N6O15P2			plantcyc <https://plantcyc.org/>	deamino-NAD+ // NaADN // deamido-NAD + // deamidonicotinamide adenine dinucleoetide // deamido-NAD // NaAD // nicotinic acid adenine dinucleotide	666.1087872815	C5(/C(/C([O-])=O)=C\C=C/[N+](/[C@@H]4(O[C@H](COP(OP(OC[C@H]3(O[C@@H](N1(C2(\C(\N=C/1)=C(N)/N=C\N=2)))[C@H](O)[C@H](O)3))(=O)[O-])(=O)[O-])[C@@H](O)[C@@H](O)4))=5)		SENPVEZBRZQVST-HISDBWNOSA-L									PlantCyc/PMN local PGDB
DIHYDROCHELIRUBINE	DIHYDROCHELIRUBINE	dihydrochelirubine	363.1106726614					C21H17NO5			plantcyc <https://plantcyc.org/>	13, 14-dihydro-5-methoxy-13-methyl-[1, 3]benzodioxolo[5, 6-c]-1, 3-dioxolo[4, 5-i]phenanthridine	363.1106726614	C2(C6(/C(C3(/C=C\C4(/C=C1(C(/OCO1)=C\C(C(\N(C)2)=3)=4))))=C(/C=C5(C(\OCO5)=6))OC))		JPXUJRDPZQUCNV-UHFFFAOYSA-N									PlantCyc/PMN local PGDB
CPD-16600	CPD-16600	N-methylanthraniloyl-beta- D -glucopyranose	313.1161519698					C14H19NO7			plantcyc <https://plantcyc.org/>	N-methylanthraniloyl-beta- D -glucoside // N-methylanthraniloyl-beta- D -glucose	313.1161519698	CNC2(\C(\C(O[C@@H]1(O[C@@H]([C@@H](O)[C@H](O)[C@@H](O)1)CO))=O)=C/C=C\C=2)		DHAAXWJKELUANO-DIACKHNESA-N									PlantCyc/PMN local PGDB
CPD-19775	CPD-19775	ferroheme i	856.3862277794					C49H56N4O6FE			plantcyc <https://plantcyc.org/>		856.3862277794	C=CC4(\C6(/C=C8(C(/C)=C(CCC(=O)[O-])/C1(/N([Fe-2]35([N+]2(\C(/C(/CO)=C(CCC(=O)[O-])\C(/C=1)=2)=C/C7(/N3C(\C=C(C(/C)=4)/[N+]\5=6)=C(C(/C)=7)/[C@@H](O)CC/C=C(C)/CC/C=C(C)/CCC=C(C)C))))8))))		DUDFUCVGSNDDBK-PRYGPKJJSA-J									PlantCyc/PMN local PGDB
CPD-12725	CPD-12725	baicalin	446.0849114209					C21H17O11			plantcyc <https://plantcyc.org/>	baicalein 7-O-glucuronide // 7-D-glucuronic acid-5,6-dihydroxyflavone // 5,6-dihydroxy-4-oxo-2-phenyl-4H-1-benzopyran-7-yl beta-D-glucopyranosiduronic acid // 5,6,7-trihydroxyflavone-7-O-beta-D-glucuronate	446.0849114209	C(=O)([O-])[C@H]1(O[C@H]([C@H](O)[C@@H](O)[C@H](O)1)OC3(\C(\O)=C(C4(\C(=O)\C=C(C2(\C=C/C=C\C=2))/OC(/C=3)=4))\O))		IKIIZLYTISPENI-ZFORQUDYSA-M									PlantCyc/PMN local PGDB
CPD-236	CPD-236	gibberellin A 29	348.157288503					C19H23O6			plantcyc <https://plantcyc.org/>	GA29	348.157288503	C=C1([C@@]3(O)(C[C@]4(C1)([C@H]([C@@H]5([C@]2(C(=O)O[C@](C[C@H](O)C2)([C@@H](CC3)4)5)(C)))C([O-])=O)))		BKBYHSYZKIAJDA-LPEMZMRWSA-M									PlantCyc/PMN local PGDB
CPD-12139	CPD-12139	N -(sulfonatooxy)prop-2-enimidothioate	196.9816490983					C4H5NO4S2			plantcyc <https://plantcyc.org/>	N -(sulfonatooxy)prop-2-enimidothioic acid // 2-propenyl-thiohydroximate-O-sulfate	196.9816490983	C=CCC(\[S-])=N\OS([O-])(=O)=O		KUCLLOHRTWVXPV-UHFFFAOYSA-L									PlantCyc/PMN local PGDB
CPD0-1422	CPD0-1422	dipalmitoyl phosphatidate	648.4730057017					C35H67O8P			plantcyc <https://plantcyc.org/>	PA(16:0/16:0) // 1,2-dihexadecanoyl-sn-glycero 3-phosphate // 1,2-dipalmitoyl-3-sn-phosphatidic acid // dipalmitoyl phosphatidic acid // 1-palmitoyl-2-palmitoyl phosphatidate // 1-palmitoyl-2-palmitoleoyl-sn-glycerol 3-phosphate	648.4730057017	CCCCCCCCCCCCCCCC(=O)OC[C@H](COP(=O)([O-])[O-])OC(CCCCCCCCCCCCCCC)=O		PORPENFLTBBHSG-MGBGTMOVSA-L									PlantCyc/PMN local PGDB
5-HYDROXY-CONIFERALDEHYDE	5-HYDROXY-CONIFERALDEHYDE	5-hydroxy-coniferaldehyde	194.0579088094					C10H10O4			plantcyc <https://plantcyc.org/>		194.0579088094	COC1(\C(\O)=C(C=C(/C=C/C=O)/C=1)\O)		IEHPLRVWOHZKCS-NSCUHMNNSA-N									PlantCyc/PMN local PGDB
CPD0-1507	CPD0-1507	O-methylserine	119.0582431604					C4H9NO3			plantcyc <https://plantcyc.org/>	3-methoxyalanine // serine, o-methyl- // O-methyl-DL-serine	119.0582431604	COCC(C(=O)[O-])[NH3+]		KNTFCRCCPLEUQZ-UHFFFAOYSA-N									PlantCyc/PMN local PGDB
THF	THF	5,6,7,8-tetrahydrofolate	445.1709815073					C19H21N7O6			plantcyc <https://plantcyc.org/>	H4PteGlu // 5,6,7,8-tetrahydrofolic acid // tetrahydrofolic acid // (6S)-tetrahydrofolate // H 4 PteGlu 1 // tetrahydrofolate // tetrahydrafolate // tetrahydropteroyl mono-L-glutamate // THF // tetra-H-folate // th-folate // FH4 // folate-H4 // tetrahydropteroylglutamate // H4F // vitamin B9	445.1709815073	C(NC1(\C=C/C(/C(=O)N[C@H](C(=O)[O-])CCC([O-])=O)=C\C=1))[C@H]2(CNC3(/N=C(N)\NC(=O)C(/N2)=3))		MSTNYGQPCMXVAQ-RYUDHWBXSA-L									PlantCyc/PMN local PGDB
CPD-4721	CPD-4721	solavetivone	218.1670653283					C15H22O			plantcyc <https://plantcyc.org/>	()-(2R,5S,10R)-2-isopropenyl-6,10-dimethylspiro[4.5]dec-6-en-8-one // ()-solavetivone // katahdinone // (2R,5S,10R)-6,10-dimethyl-2-(prop-1-en-2-yl)spiro[4.5]dec-6-en-8-one	218.1670653283	C=C([C@H]2(C[C@]1([C@@H](CC(\C=C(C)/1)=O)C)CC2))C		FGCUSSRGQNHZRW-UMVBOHGHSA-N									PlantCyc/PMN local PGDB
CPD-18118	CPD-18118	D-arabinofuranose 5-phosphate	230.0191538399					C5H9O8P			plantcyc <https://plantcyc.org/>	D-arabinofuranose 5P	230.0191538399	C(OP([O-])(=O)[O-])[C@@H]1([C@@H](O)[C@H](O)C(O)O1)		KTVPXOYAKDPRHY-ZRMNMSDTSA-L									PlantCyc/PMN local PGDB
CPD-10452	CPD-10452	2-amino-4,6-dinitrotoluene glucoside	363.1277792886					C13H17N3O9			plantcyc <https://plantcyc.org/>	2-ADNT glucoside	363.1277792886	CC2(/C(/[N+](=O)[O-])=C\C(\[N+](=O)[O-])=C/C(/NC1(O[C@H](CO)[C@@H](O)[C@H](O)[C@@H](O)1))=2)		CMGFICSLNOXZET-HENWMNBSSA-N									PlantCyc/PMN local PGDB
CPD-27164	CPD-27164	O -(3-hydroxy-3-methylglutaryl)-L-carnitine	307.1631021624					C13H22NO7			plantcyc <https://plantcyc.org/>	3-hydroxymethylglutaryl-carnitine	307.1631021624	CC(O)(CC(O[C@H](C[N+](C)(C)C)CC([O-])=O)=O)CC([O-])=O		DYDKPSYMZCSQJI-LLTODGECSA-M									PlantCyc/PMN local PGDB
CPD-11226	CPD-11226	(indol-3-yl)acetyl-glycine	232.0847922619					C12H11N2O3			plantcyc <https://plantcyc.org/>	indole-3-acetyl-Gly	232.0847922619	C1(\NC2(/C=C\C=C/C(/C(\CC(NCC([O-])=O)=O)=1)=2))		YDXXLJMIHMIOIF-UHFFFAOYSA-M									PlantCyc/PMN local PGDB
CPD-13081	CPD-13081	solasodine 3-O-beta-D-glucoside	575.3822030612					C33H54NO7			plantcyc <https://plantcyc.org/>	solasodine 3-O-beta-D-glucose // beta-D-glucopyranoside, (3beta,22alpha,25R)-spirosol-5-en-3-yl // solasod-5-ene // gamma-solamargine // solasodine 3-O-beta-D-glucopyranoside	575.3822030612	C[C@H]1(C[NH2+][C@@]7(CC1)([C@@H](C)[C@H]2([C@H](C[C@@H]6([C@@]2(C)CC[C@H]3([C@@H](C\C=C4(C[C@H](CC[C@@]3(C)4)O[C@@H]5(O[C@H](CO)[C@@H](O)[C@H](O)[C@@H](O)5)))6)))O7)))		XMLLJGHZPHTUKK-CKSYUEDFSA-O									PlantCyc/PMN local PGDB
CPD-11700	CPD-11700	1D- myo -inositol 1-diphosphate 2,3,4,5,6-pentakisphosphate	739.8277009766					C6H6O27P7			plantcyc <https://plantcyc.org/>	1-diphosinositol pentakisphosphate // iphospho-myo-inositol pentakisphosphate // 1D- myo -inositol 1-diphosphate pentakisphosphate // 1-diphospho-1D- myo -inositol 2,3,4,5,6-pentakisphosphate	739.8277009766	[C@H]1(OP(=O)([O-])[O-])([C@H](OP([O-])(=O)[O-])[C@@H](OP([O-])(=O)[O-])[C@H](OP(OP([O-])(=O)[O-])([O-])=O)[C@H](OP([O-])([O-])=O)[C@H](OP(=O)([O-])[O-])1)		UPHPWXPNZIOZJL-UOTPTPDRSA-A									PlantCyc/PMN local PGDB
CPD-16680	CPD-16680	9beta-stemod-13(17)-en-19-al	286.2296655851					C20H30O			plantcyc <https://plantcyc.org/>	syn -stemoden-19-al // syn -stemod-13(17)-en-19-al	286.2296655851	C=C1(CC[C@@]23([C@H](C[C@H]1C2)CC[C@H]4([C@@](C)(C=O)CCC[C@]34C)))		YQYYGHCVTSEEQC-YDRVBMSGSA-N									PlantCyc/PMN local PGDB
CPD-14080	CPD-14080	CDTA	346.1376156934					C14H22N2O8			plantcyc <https://plantcyc.org/>	Complexon IV // CyDTA // CGTA // OCTA // Komplexon IV // 1,2-diaminocyclohexanetetraacetic acid // o -cyclohexanediaminetetraacetic acid // 1,2-cyclohexanediaminetetraacetic acid	346.1376156934	C(=O)(O)CN(CC(=O)O)C1(CCCCC(N(CC(=O)O)CC(=O)O)1)		FCKYPQBAHLOOJQ-UHFFFAOYSA-N									PlantCyc/PMN local PGDB
CPD-9899	CPD-9899	3-methoxy-4-hydroxy-5-( all-trans -octaprenyl)benzoate	712.5430607996					C48H71O4			plantcyc <https://plantcyc.org/>	3-methoxy-4-hydroxy-5-octaprenylbenzoate // 3-(3,7,11,15,19,23-octamethyltetracosa-2,6,10,14,18,22-hexaenyl) -4-hydroxy-5-methoxy-benzoic acid // 3-octaprenyl-4-hydroxy-5-methoxybenzoate	712.5430607996	CC(C)=CCCC(\C)=C/CCC(\C)=C/CCC(\C)=C/CCC(\C)=C/CCC(\C)=C/CCC(\C)=C/CCC(\C)=C/CC1(/C=C(/C=C(C(/O)=1)/OC)/C([O-])=O)		DZWHYPVPTJPQQX-MYCGWMCTSA-M									PlantCyc/PMN local PGDB
UDP-OHMYR-ACETYLGLUCOSAMINE	UDP-OHMYR-ACETYLGLUCOSAMINE	UDP-3- O -[(3 R )-3-hydroxymyristoyl]- N -acetyl-alpha-D-glucosamine	833.2748495568					C31H51N3O19P2			plantcyc <https://plantcyc.org/>	UDP-3- O -(3-hydroxytetradecanoyl)- N -acetylglucosamine // UDP-3- O -(3-hydroxymyristoyl)- N -acetylglucosamine	833.2748495568	CCCCCCCCCCC[C@H](CC(O[C@@H]3([C@H]([C@@H](OP(=O)([O-])OP(=O)(OC[C@@H]2([C@H]([C@H]([C@H](N1(\C=C/C(=O)NC1=O))O2)O)O))[O-])O[C@@H]([C@H]3O)CO)NC(=O)C))=O)O		TZSJGZGYQDNRRX-MPLCHSTDSA-L									PlantCyc/PMN local PGDB
CPD-19759	CPD-19759	7 1 -dihydroxychlorophyllide a	646.2277913669					C35H32N4O7MG			plantcyc <https://plantcyc.org/>		646.2277913669	C=CC4(\C(/C)=C5(\C=C7([C@@H](C)[C@H](CCC(=O)[O-])C(\C6(/[C@@H-](C(OC)=O)C(=O)C1(\C(\N2([Mg]N(C(/C=C3(C(/C(O)O)=C(CC)\C(/C=C(C(\C)=1)\2)=N3))=4)5))=6)))=N7)))											PlantCyc/PMN local PGDB
CPD-7960	CPD-7960	delphinidin 3- O -glucosyl-5- O -caffeoylglucoside	789.1878186297					C36H36O20			plantcyc <https://plantcyc.org/>		789.1878186297	C(O)[C@@H]6([C@@H](O)[C@H](O)[C@@H](O)[C@H](OC2(\C(C1(\C=C(C(\O)=C(/C=1)\O)\O))=[O+]C3(\C(/C=2)=C(/C=C(/C=3)/[O-])\O[C@H]5([C@H](O)[C@@H](O)[C@H](O)[C@@H](COC(=O)/C=C/C4(/C=C(C(/O)=C\C=4)/O))O5))))O6)		IKPXCKVGTSPZDV-QHVGLBQHSA-N									PlantCyc/PMN local PGDB
3-P-HYDROXYPYRUVATE	3-P-HYDROXYPYRUVATE	3-phosphooxypyruvate	183.9772890252					C3H2O7P			plantcyc <https://plantcyc.org/>	phosphohydroxypyruvate // 3-phosphonooxypyruvate // 3-P-hydroxypyruvate // 3-p-OH-pyr // 3-phosphohydroxypyruvate // 3-p-OH-pyruvate // 3-p-hydroxy-pyr // 3-phosphohydroxy-pyr // phosphohydroxypyruate // 3-phospho-hydroxypyruvate	183.9772890252	C(OP([O-])(=O)[O-])C(=O)C(=O)[O-]		LFLUCDOSQPJJBE-UHFFFAOYSA-K									PlantCyc/PMN local PGDB
CPDQT-521	CPDQT-521	phosphatidylglycerophosphate (dioctadec-9-enoyl(Z))	798.4448154185					C38H69O13P2			plantcyc <https://plantcyc.org/>	1-18:1(9Z)-2-18:1(9Z)-phosphatidylglycerophosphate	798.4448154185	C(C(OC(=O)CCCCCCC/C=C/CCCCCC)COC(CCCCCCC/C=C/CCCCCC)=O)OP([O-])(=O)OCC(COP([O-])(=O)[O-])O											PlantCyc/PMN local PGDB
CPD-7323	CPD-7323	methanophenazine	538.3923142375					C37H50N2O			plantcyc <https://plantcyc.org/>	2-(2,3-dihydropentaprenyloxy)phenazine // 2-(2,3-dihydro-all- trans -tetraprenyloxy)phenazine // 2-[(6 E ,10 E ,14 E -3,7,11,15,19-pentamethylicosa-6,10,14,18-tetraen-1-yloxy]phenazine	538.3923142375	CC(C)=CCCC(\C)=C/CCC(\C)=C/CCC(\C)=C/CCC(CCOC2(\C=C/C3(/N=C1(\C=C/C=C\C/1=N\C(/C=2)=3))))C		VRHMBACMYZITGD-QAAQOENVSA-N									PlantCyc/PMN local PGDB
INDOLE-3-ACETYL-GLN	INDOLE-3-ACETYL-GLN	(indol-3-yl)acetyl-L-glutamine	303.1219060497					C15H16N3O4			plantcyc <https://plantcyc.org/>	indole-3-acetyl-Gln // Nalpha-(indol-3-ylacetyl)-glutamine	303.1219060497	C(N)(=O)CC[C@H](NC(CC1(\C2(/C=C\C=C/C(/N\C=1)=2)))=O)C(=O)[O-]		DVJIJAYHBZALOJ-LBPRGKRZSA-M									PlantCyc/PMN local PGDB
CPD-8935	CPD-8935	feruloylserotonin	352.1423071408					C20H20N2O4			plantcyc <https://plantcyc.org/>	ferulic acid serotonin amide	352.1423071408	COC3(\C(\O)=C/C=C(/C=C/C(NCCC1(\C2(/C=C(\C=C/C(/N\C=1)=2)/O)))=O)/C=3)		WGHKJYWENWLOMY-XVNBXDOJSA-N									PlantCyc/PMN local PGDB
CPD-15006	CPD-15006	1- O -vanilloyl-beta-D-glucose	330.0950821767					C14H18O9			plantcyc <https://plantcyc.org/>		330.0950821767	COC1(\C(\O)=C/C=C(/C=1)/C(=O)O[C@@H]2(O[C@H](CO)[C@@H](O)[C@H](O)[C@@H](O)2))		YROOZUQRTLHXIO-DIACKHNESA-N									PlantCyc/PMN local PGDB
CPD-10256	CPD-10256	5-pentadecatrienyl resorcinol	314.2245802072					C21H30O2			plantcyc <https://plantcyc.org/>		314.2245802072	C=CC\C=C/C\C=C/CCCCCCCC1(\C=C(/C=C(\C=1)/O)\O)		OOXBEOHCOCMKAC-UTOQUPLUSA-N									PlantCyc/PMN local PGDB
BISOHMYR-GLUCOSAMINYL-1P	BISOHMYR-GLUCOSAMINYL-1P	lipid X ( E. coli )	711.432263099					C34H64NO12P			plantcyc <https://plantcyc.org/>	2,3-bis(3-hydroxytetradecanoyl)-alpha-D-glucosaminyl 1-phosphate // 2,3-bis(beta-hydroxymyristoyl)-alpha-D-glucosaminyl 1-phosphate // 2,3-bis[(3 R )-3-hydroxymyristoyl]-alpha-D-glucosaminyl 1-phosphate // 2,3-bis(3-hydroxymyristoyl)-alpha-D-glucosaminyl 1-phosphate	711.432263099	CCCCCCCCCCC[C@H](CC(N[C@@H]1([C@H]([C@@H]([C@H](O[C@@H]1OP([O-])(=O)[O-])CO)O)OC(C[C@@H](CCCCCCCCCCC)O)=O))=O)O		HEHQDWUWJVPREQ-XQJZMFRCSA-L									PlantCyc/PMN local PGDB
CPD-22763	CPD-22763	4alpha-methylhydroxy-5alpha-cholest-7-en-3beta-ol	416.365430785					C28H48O2			plantcyc <https://plantcyc.org/>		416.365430785	CC(C)CCC[C@H]([C@@H]4([C@]1(C)([C@H](C2([C@H](CC1)[C@]3(C)([C@@H](CC=2)[C@H](CO)[C@@H](O)CC3)))CC4)))C		IHCCUGWTVWSKGF-LVSAPHKCSA-N									PlantCyc/PMN local PGDB
CPD-253	CPD-253	4,5- seco -dopa	229.0586370909					C9H10NO6			plantcyc <https://plantcyc.org/>	4-(L-alanin-3-yl)-2-hydroxy-cis,cis-muconate 6-semialdehyde	229.0586370909	C(=O)\C=C(C[C@H]([NH3+])C(=O)[O-])/C=C(C([O-])=O)/O		FNEGJFDTWWXQES-QTWONPPNSA-M									PlantCyc/PMN local PGDB
CPD-26260	CPD-26260	1-(4-aminobutyl)-3,4-dihydro-2H-pyrrol-1-ium	142.1469985882					C8H18N2			plantcyc <https://plantcyc.org/>	N -(4-aminobutylpyrrolinium) ion	142.1469985882	C([NH3+])CCC[N+]1(CCCC=1)		PSISLYNHYRYJFB-UHFFFAOYSA-O									PlantCyc/PMN local PGDB
CPD-11937	CPD-11937	1D- myo -inositol 3-diphosphate 1,2,4,5,6-pentakisphosphate	739.8277009766					C6H7O27P7			plantcyc <https://plantcyc.org/>	3-PP-InsP 5 // 3-diphospho-1D- myo -inositol pentakisphosphate // 3-diphospho-1D- myo -inositol 1,2,4,5,6-pentakisphosphate	739.8277009766	[C@H]1(OP([O-])(=O)[O-])([C@@H](OP([O-])(=O)[O-])[C@H](OP(=O)([O-])[O-])[C@@H](OP(=O)([O-])OP(O)(=O)[O-])[C@@H](OP([O-])([O-])=O)[C@@H](OP([O-])([O-])=O)1)		UPHPWXPNZIOZJL-PTQMNWPWSA-B									PlantCyc/PMN local PGDB
CPD-16785	CPD-16785	pppGp(2'-5')A	852.0431794328					C20H23N10O20P4			plantcyc <https://plantcyc.org/>		852.0431794328	C(OP(O[C@H]3([C@@H](O)[C@H](N1(\C=N/C2(C(=O)NC(/N)=N/C1=2)))O[C@H](COP(OP(OP([O-])(=O)[O-])(=O)[O-])(=O)[O-])3))(=O)[O-])[C@H]6(O[C@@H](N4(\C=N/C5(C(/N)=N\C=N/C4=5)))[C@H](O)[C@H](O)6)		WZKCGSOAUKRPOC-INFSMZHSSA-I									PlantCyc/PMN local PGDB
10-HYDROXYDECANOATE	10-HYDROXYDECANOATE	10-hydroxydecanoate	188.1412445083					C10H19O3			plantcyc <https://plantcyc.org/>	&omega;-hydroxycapric acid // &omega;-hydroxycaprate // 10-Hydroxydecanoic acid	188.1412445083	C(O)CCCCCCCCC([O-])=O		YJCJVMMDTBEITC-UHFFFAOYSA-M									PlantCyc/PMN local PGDB
CPD-287	CPD-287	4,5beta-dihydrocortisone	362.2093240735					C21H30O5			plantcyc <https://plantcyc.org/>	17,21-dihydroxy-5beta-pregnane-3,11,20-trione	362.2093240735	C[C@]34([C@@H]2([C@H]([C@H]1([C@@](C)([C@](C(=O)CO)(O)CC1)CC(=O)2))CC[C@@H]3CC(=O)CC4))		YCLWEYIBFOLMEM-FNLRALKVSA-N									PlantCyc/PMN local PGDB
GLYCOLLATE	GLYCOLLATE	glycolate	76.0160439947					C2H3O3			plantcyc <https://plantcyc.org/>	hydroxyacetic acid // glycolic acid // glycollate	76.0160439947	C(C(=O)[O-])O		AEMRFAOFKBGASW-UHFFFAOYSA-M									PlantCyc/PMN local PGDB
CPD-730	CPD-730	(9 S ,13 S ,15 Z )-12-oxo-10,11-dihydrophyto-15-enoate	294.2194948293					C18H29O3			plantcyc <https://plantcyc.org/>	3-oxo-2-(cis-2'-pentenyl)-cyclopentane-1-octanoic acid // oxopentenyl-cyclopentane-octanoic acid // OPC8 // OPC-8:0 // (1S,2S)-OPC8 // 8-[(1S,2S)-3-oxo-2-{(Z)-pent-2-enyl}cyclopentyl]octanoate // 3-oxo-2-(cis-2'-pentenyl)-cyclopentane-1-octanoate // (9 S ,13 S )-12-oxo-15-phytoenoate // (9 S ,13 S )-12-oxo-10,11-dihydro-15-phytoenoate	294.2194948293	CC\C=C/C[C@H]1([C@H](CCC(=O)1)CCCCCCCC([O-])=O)		BZXZFDKIRZBJEP-JMTMCXQRSA-M									PlantCyc/PMN local PGDB
CPD-15272	CPD-15272	apigeninidin 5- O -beta-D-glucoside	417.118557273					C21H20O9			plantcyc <https://plantcyc.org/>		417.118557273	C4(\C(\C2(\[O+]=C1(/C=C(/C=C(C/1=C\C=2)/O[C@H]3([C@@H]([C@H]([C@H](O)[C@H](O3)CO)O)O))/[O-])))=C/C=C(\C=4)/O)		SRKBASTXQAAMHZ-YMQHIKHWSA-N									PlantCyc/PMN local PGDB
CPD-14019	CPD-14019	alpha-D-fucopyranose	164.0684734957					C6H12O5			plantcyc <https://plantcyc.org/>	alpha-D-fucose	164.0684734957	C[C@@H]1([C@H](O)[C@H](O)[C@@H](O)[C@@H](O)O1)		SHZGCJCMOBCMKK-PHYPRBDBSA-N									PlantCyc/PMN local PGDB
3-KETO-ADIPYL-COA	3-KETO-ADIPYL-COA	3-oxoadipoyl-CoA	909.1418170466					C27H37N7O20P3S			plantcyc <https://plantcyc.org/>	3-ketoadipyl-CoA // 3-keto-adipyl-coa // beta-ketoadipyl-CoA // 3-oxoadipyl-CoA	909.1418170466	CC(C)([C@@H](O)C(=O)NCCC(=O)NCCSC(CC(CCC([O-])=O)=O)=O)COP(=O)(OP(=O)(OC[C@@H]1([C@@H](OP([O-])(=O)[O-])[C@@H](O)[C@@H](O1)N2(C3(\N=C/N=C(C(\N=C/2)=3)/N))))[O-])[O-]		VKKKAAPGXHWXOO-BIEWRJSYSA-I									PlantCyc/PMN local PGDB
CPD-18088	CPD-18088	1,2-dihydro-beta-NAD	665.1247716967					C21H27N7O14P2			plantcyc <https://plantcyc.org/>	2-dihydro-beta-nicotinamide adenine dinucleotide // 2-dihydro-nicotinamide adenine dinucleotide // 2DHNAD	665.1247716967	C1(N(\C=C/C=C1/C(N)=O)[C@@H]5(O[C@H](COP(OP(OC[C@H]4(O[C@@H](N2(C3(\C(\N=C/2)=C(N)/N=C\N=3)))[C@H](O)[C@H](O)4))(=O)[O-])(=O)[O-])[C@@H](O)[C@@H](O)5))		TVJJIHUATXWSJG-NNYOXOHSSA-L									PlantCyc/PMN local PGDB
PREPHENATE	PREPHENATE	prephenate	226.0477380536					C10H8O6			plantcyc <https://plantcyc.org/>		226.0477380536	C(=O)([O-])C(=O)C[C@]1(C(=O)[O-])(\C=C/[C@@H](O)\C=C/1)		FPWMCUPFBRFMLH-XGAOUMNUSA-L									PlantCyc/PMN local PGDB
CPD-4205	CPD-4205	N 6 -prenyladenosine 5'-phosphate	415.1256845969					C15H20N5O7P			plantcyc <https://plantcyc.org/>	iPMP // isopentenyladenosine riboside-5'-monophosphate // iPRMP // N 6 -(dimethylallyl)adenosine 5'-phosphate // isopentenyladenosine-5'-monophosphate	415.1256845969	CC(C)=CCNC3(/N=C\N=C1(C(/N=C\N1[C@@H]2(O[C@H](COP(=O)([O-])[O-])[C@@H](O)[C@@H](O)2))=3))		DUISZFLWBAPRBR-SDBHATRESA-L									PlantCyc/PMN local PGDB
CPD-8719	CPD-8719	9alpha-copalyl diphosphate	450.1936265303					C20H33O7P2			plantcyc <https://plantcyc.org/>	syn -copalyl diphosphate // 9beta-labdadienyl diphosphate	450.1936265303	CC(/CC[C@H]1([C@]2(CCCC(C)(C)[C@H](CCC1=C)2)C))=C\COP([O-])(=O)OP([O-])([O-])=O		JCAIWDXKLCEQEO-HZEYQZKKSA-K									PlantCyc/PMN local PGDB
CPD-8082	CPD-8082	1-18:2-2-18:2-digalactosyldiacylglycerol	940.6123221563					C51H88O15			plantcyc <https://plantcyc.org/>	18:2-18:2-DGDG // 1,2-(9Z,12Z-octadecadienoyl)-3-O-[alpha-D-galactosyl-(1->6)-O-beta-D-galactosyl]-sn-glycerol	940.6123221563	CCCCC\C=C/C\C=C/CCCCCCCC(OC[C@H](CO[C@@H]2(O[C@H](CO[C@@H]1(O[C@H](CO)[C@H](O)[C@H](O)[C@@H](O)1))[C@H](O)[C@H](O)[C@@H](O)2))OC(=O)CCCCCCC\C=C/C\C=C/CCCCC)=O		MUUBILNSVLPLLL-MEZUJYBGSA-N									PlantCyc/PMN local PGDB
CPD-13171	CPD-13171	15,9'-di- cis -phytofluene	542.4851519902					C40H62			plantcyc <https://plantcyc.org/>		542.4851519902	CC(C)=CCCC(\C)=C/CCC(/C)=C/C=C/C(\C)=C/C=C\C=C(C)\CC/C=C(C)/CC/C=C(C)/CCC=C(C)C		OVSVTCFNLSGAMM-IQEMYQFOSA-N									PlantCyc/PMN local PGDB
XANTHOSINE-5-PHOSPHATE	XANTHOSINE-5-PHOSPHATE	XMP	364.042014547					C10H11N4O9P			plantcyc <https://plantcyc.org/>	(9-D-ribosylxanthine) 5'-phosphate // xanthosine 5-phosphate // xanthosine 5'-phosphate // xanthosine-5-P // xanthosine-5'-P // 9-(5-phospho-beta-D-ribosyl)xanthine // xanthine ribotide // xanthosine 5'-monophosphate	364.042014547	C(OP(=O)([O-])[O-])[C@H]3(O[C@@H](N1(C2(/NC(=O)NC(=O)C(\N=C/1)=2)))[C@H](O)[C@H](O)3)		DCTLYFZHFGENCW-UUOKFMHZSA-L									PlantCyc/PMN local PGDB
CPD-8259	CPD-8259	beta-D-ribosylnicotinate	257.0899372193					C11H13NO6			plantcyc <https://plantcyc.org/>	nicotinic acid riboside // ribosylnicotinate // nicotinic acid ribose // nicotinate riboside	257.0899372193	C(O)[C@@H]1([C@@H](O)[C@@H](O)[C@@H](O1)[N+]2(\C=C/C=C(/C=2)/C(=O)[O-]))		PUEDDPCUCPRQNY-ZYUZMQFOSA-N									PlantCyc/PMN local PGDB
4-ALPHA-METHYL-5-ALPHA-CHOLEST-7-EN-3-ON	4-ALPHA-METHYL-5-ALPHA-CHOLEST-7-EN-3-ON	4alpha-methyl-5alpha-cholest-7-en-3-one	398.3548660987					C28H46O			plantcyc <https://plantcyc.org/>		398.3548660987	CC(C)CCC[C@@H](C)[C@H]3(CC[C@H]4(C1([C@@H]([C@]2(CCC(=O)[C@@H](C)[C@H](CC=1)2)(C))CC[C@](C)34)))		OWKGVPXWOHLTSL-LIUJFMQASA-N									PlantCyc/PMN local PGDB
CPD0-2190	CPD0-2190	L-alanyl-D-glutamate	218.0902715703					C8H13N2O5			plantcyc <https://plantcyc.org/>	L-Ala-D-Glu	218.0902715703	C[C@H]([NH3+])C(=O)N[C@H](CCC(=O)[O-])C(=O)[O-]		VYZAGTDAHUIRQA-CRCLSJGQSA-M									PlantCyc/PMN local PGDB
ADP-D-GLUCOSE	ADP-D-GLUCOSE	ADP-alpha-D-glucose	589.08223818					C16H23N5O15P2			plantcyc <https://plantcyc.org/>	adenosine diphosphate glucose // ADP-glucose // ADP-D-glucose // adenosine-5'-diphosphoglucose	589.08223818	C([C@@H]1([C@H]([C@@H]([C@H]([C@H](O1)OP(OP(OC[C@H]4(O[C@@H](N2(C3(\C(\N=C/2)=C(N)/N=C\N=3)))[C@H](O)[C@H](O)4))(=O)[O-])(=O)[O-])O)O)O))O		WFPZSXYXPSUOPY-ROYWQJLOSA-L									PlantCyc/PMN local PGDB
L-GLUTAMATE_GAMMA-SEMIALDEHYDE	L-GLUTAMATE_GAMMA-SEMIALDEHYDE	L-glutamate 5-semialdehyde	131.0582431604					C5H9NO3			plantcyc <https://plantcyc.org/>	glutamic gamma-semialdehyde // L-glutamate gamma-semialdehyde // glutamate-semialdehyde	131.0582431604	C(C[C@H]([NH3+])C([O-])=O)C=O		KABXUUFDPUOJMW-BYPYZUCNSA-N									PlantCyc/PMN local PGDB
EHNA	EHNA	EHNA	277.1902603864					C14H23N5O			plantcyc <https://plantcyc.org/>	9- erythro -(2-hydroxy-3-nonyl)adenine // 3-(6-aminopurin-9-yl)nonan-2-ol	277.1902603864	CCCCCCC(C(C)O)N1(\C=N/C2(C(/N)=N\C=N/C1=2))		IOSAAWHGJUZBOG-UHFFFAOYSA-N									PlantCyc/PMN local PGDB
PYRIDOXAL_PHOSPHATE	PYRIDOXAL_PHOSPHATE	pyridoxal 5'-phosphate	247.0245735688					C8H8NO6P			plantcyc <https://plantcyc.org/>	pyridoxal phosphate // pyridoxal-5P // pyridoxal 5-phosphate // pyridoxal-P // vitamin B6	247.0245735688	CC1(/N=C\C(\COP(=O)([O-])[O-])=C(C(/O)=1)\C=O)		NGVDGCNFYWLIFO-UHFFFAOYSA-L									PlantCyc/PMN local PGDB
CPD-715	CPD-715	6-deoxoteasterone	434.3759954713					C28H50O3			plantcyc <https://plantcyc.org/>	deoxoteasterone	434.3759954713	CC(C)[C@H](C)[C@@H](O)[C@H](O)[C@@H](C)[C@H]3(CC[C@H]4([C@@H]2(CC[C@H]1(C[C@@H](O)CC[C@@](C)1[C@H]2CC[C@](C)34))))		WPHVOXMMNSLJSF-GUOPQYDVSA-N									PlantCyc/PMN local PGDB
CPD-11232	CPD-11232	(-)-jasmonoyl-L-isoleucine	323.2096584245					C18H28NO4			plantcyc <https://plantcyc.org/>	(-)-JA-L-Ile // (-)-jasmonate-L-isoleucine // (-)-jasmonic acid L-isoleucine // (-)-jasmonic acid L-isoleucine conjugate // (-)-jasmonyl-L-isoleucine // N-[(3R,7R)-(-)-Jasmonoyl]-(S)-isoleucine	323.2096584245	CC\C=C/C[C@H]1(C(=O)CC[C@@H]1CC(N[C@@H]([C@@H](C)CC)C([O-])=O)=O)		IBZYPBGPOGJMBF-QRHMYKSGSA-M									PlantCyc/PMN local PGDB
CPD-20324	CPD-20324	ent -cassa-12,15-dien-2-one	286.2296655851					C20H30O			plantcyc <https://plantcyc.org/>		286.2296655851	C=CC1([C@@H](C)[C@@H]2([C@@H](CC=1)[C@@]3(C)([C@H](CC2)C(C)(C)CC(=O)C3)))		UAILOMMIENLFJQ-HSJLDRMUSA-N									PlantCyc/PMN local PGDB
CPD-7966	CPD-7966	delphinidin 3,3',5-tri- O -beta-D-glucoside	789.2089480023					C33H40O22			plantcyc <https://plantcyc.org/>	delphinidin 3,5,3'-triglucoside	789.2089480023	C(O)[C@@H]6([C@@H](O)[C@H](O)[C@@H](O)[C@H](OC5(\C=C(/C=C3(C(\C=C(C(C1(\C=C(C(\O)=C(/C=1)\O)\O[C@H]2([C@H](O)[C@@H](O)[C@H](O)[C@@H](CO)O2)))=[O+]3)\O[C@@H]4(O[C@H](CO)[C@@H](O)[C@H](O)[C@@H](O)4))=5))\[O-]))O6)		YDAVXGXZAIUFTB-KCRRSQHJSA-N									PlantCyc/PMN local PGDB
CPD-16620	CPD-16620	12,13beta-epoxy-beta-amyrin	442.3810808492					C30H50O2			plantcyc <https://plantcyc.org/>		442.3810808492	C[C@@]3(C[C@H]4([C@]26(O[C@H](C[C@@H]5([C@]1(CC[C@@H]([C@@]([C@@H]1CC[C@@]([C@@]2(CC[C@@](C)(CC3)4)C)5C)(C)C)O)C))6)))C		FEICVHTUVUPNSC-BSSSUIKASA-N									PlantCyc/PMN local PGDB
CPD-7196	CPD-7196	9- cis -violaxanthin	600.417860286					C40H56O4			plantcyc <https://plantcyc.org/>	9- c -violaxanthin // 9 c Viol	600.417860286	CC(/C=C/C=C(C)\C=C\[C@]12(C(C)(C)C[C@H](O)C[C@](O1)(C)2))=C\C=C\C=C(C)\C=C\C=C(C)\C=C\[C@]34(C(C)(C)C[C@H](O)C[C@](O3)(C)4)		SZCBXWMUOPQSOX-NLNQYMAJSA-N									PlantCyc/PMN local PGDB
CPD-4754	CPD-4754	(-)-9beta-pimara-7,15-diene	272.2504010272					C20H32			plantcyc <https://plantcyc.org/>	syn -pimara-7,15-diene // syn -pimaradiene // (-)-9beta-pimaradiene	272.2504010272	C=C[C@@]2(CC[C@H]3([C@]1(CCCC(C)(C)[C@@H]1C\C=C(C2)/3)C))C		VCOVNILQQQZROK-PIKOESSRSA-N									PlantCyc/PMN local PGDB
CPD-196	CPD-196	octanoyl-CoA	893.2196734371					C29H46N7O17P3S			plantcyc <https://plantcyc.org/>	Octanoyl-CoA (n-C8:0CoA) // capryloyl-CoA	893.2196734371	CCCCCCCC(=O)SCCNC(=O)CCNC(=O)[C@H](O)C(C)(C)COP(=O)(OP(=O)(OC[C@@H]1([C@@H](OP([O-])(=O)[O-])[C@@H](O)[C@@H](O1)N2(C3(\N=C/N=C(C(\N=C/2)=3)/N))))[O-])[O-]		KQMZYOXOBSXMII-CECATXLMSA-J									PlantCyc/PMN local PGDB
CPD-8462	CPD-8462	pentadecanoate	242.2245802072					C15H29O2			plantcyc <https://plantcyc.org/>	pentadecanoic acid	242.2245802072	CCCCCCCCCCCCCCC([O-])=O		WQEPLUUGTLDZJY-UHFFFAOYSA-M									PlantCyc/PMN local PGDB
DELTA1-PIPERIDEINE-2-CARBOXYLATE	DELTA1-PIPERIDEINE-2-CARBOXYLATE	1-piperideine-2-carboxylate	127.0633285383					C6H8NO2			plantcyc <https://plantcyc.org/>	1,2-didehydropiperidine-2-carboxylate // &Delta; 1 -piperideine-2-carboxylate	127.0633285383	C1(/N=C(CCC1)/C(=O)[O-])		GEJXSVNGWOSZPC-UHFFFAOYSA-M									PlantCyc/PMN local PGDB
CPD-9907	CPD-9907	9beta-stemod-13(17)-ene	272.2504010272					C20H32			plantcyc <https://plantcyc.org/>	exo -stemodene // syn -stemodene // syn -stemod-13(17)-ene // stemod-13(17)-ene	272.2504010272	C=C1(CC[C@@]23([C@H](C[C@H]1C2)CC[C@H]4([C@@](C)(C)CCC[C@]34C)))		GNNRCBBKCVNPSC-VDWQKOAOSA-N									PlantCyc/PMN local PGDB
CPD-19481	CPD-19481	2-[(2'-methylsulfanyl)heptyl]maleate	260.1082298204					C12H18O4S			plantcyc <https://plantcyc.org/>	2-[(2'-methylthio)heptyl]maleate	260.1082298204	CSCCCCCCCC(\C(=O)[O-])=C\C([O-])=O		GADMIJGPIIRJII-KTKRTIGZSA-L									PlantCyc/PMN local PGDB
CPD-16560	CPD-16560	delphinidin 3- O -rutinoside-7- O -(6- O -(4- O -(glucosyl)-oxybenzoyl)-glucoside)	1055.2879861843					C46H54O28			plantcyc <https://plantcyc.org/>		1055.2879861843	C[C@H]1([C@H](O)[C@@H](O)[C@@H](O)[C@@H](O1)OC[C@@H]8([C@@H](O)[C@H](O)[C@@H](O)[C@H](OC3(\C(C2(\C=C(C(\O)=C(/C=2)\O)\O))=[O+]C4(\C(/C=3)=C(/C=C(/C=4)/O[C@@H]7(O[C@H](COC(=O)C6(\C=C/C(/O[C@@H]5(O[C@H](CO)[C@@H](O)[C@H](O)[C@@H](O)5))=C\C=6))[C@@H](O)[C@H](O)[C@@H](O)7))\[O-])))O8))		IPRXGGCUJGQBGA-FGMFUZAMSA-N									PlantCyc/PMN local PGDB
UDP-SULFOQUINOVOSE	UDP-SULFOQUINOVOSE	UDP-alpha-D-sulfoquinovopyranose	630.0169203107					C15H21N2O19P2S			plantcyc <https://plantcyc.org/>	UDP-6-sulfoquinovose // UDP-sulfoquinovose // UDP-alpha-D-sulfoquinovose	630.0169203107	C(OP(=O)([O-])OP(O[C@H]1(O[C@H](CS(=O)(=O)[O-])[C@@H](O)[C@H](O)[C@@H](O)1))(=O)[O-])[C@@H]3([C@H]([C@H]([C@H](N2(\C=C/C(=O)NC2=O))O3)O)O)		FQANCGQCBCUSMI-JZMIEXBBSA-K									PlantCyc/PMN local PGDB
ALPHA-GLC-6-P	ALPHA-GLC-6-P	alpha-D-glucose 6-phosphate	260.0297185262					C6H11O9P			plantcyc <https://plantcyc.org/>	alpha-glucose 6-phosphate // alpha-D-glucose-6-P	260.0297185262	C(OP(=O)([O-])[O-])[C@H]1(O[C@H](O)[C@H](O)[C@@H](O)[C@H](O)1)		NBSCHQHZLSJFNQ-DVKNGEFBSA-L									PlantCyc/PMN local PGDB
DECOYININE	DECOYININE	decoyinine	279.0967539317					C11H13N5O4			plantcyc <https://plantcyc.org/>	angustmycin A	279.0967539317	C=C3(O[C@@](CO)(N1(C2(\C(\N=C/1)=C(N)/N=C\N=2)))[C@H](O)[C@H](O)3)		UZSSGAOAYPICBZ-SOCHQFKDSA-N									PlantCyc/PMN local PGDB
CPD-606	CPD-606	(2 R )-CDP-glycerol	477.054960797					C12H19N3O13P2			plantcyc <https://plantcyc.org/>		477.054960797	C(O)[C@@H](O)COP(OP(OC[C@@H]2([C@H]([C@H]([C@H](N1(\C=C/C(/N)=N\C1=O))O2)O)O))(=O)[O-])([O-])=O		HHPOUCCVONEPRK-JBSYKWBFSA-L									PlantCyc/PMN local PGDB
OROTIDINE-5-PHOSPHATE	OROTIDINE-5-PHOSPHATE	orotidine 5'-phosphate	368.0256957808					C10H10N2O11P			plantcyc <https://plantcyc.org/>		368.0256957808	C(OP(=O)([O-])[O-])[C@H]1(O[C@H]([C@H](O)[C@H](O)1)N2(C(/C(=O)[O-])=C/C(=O)NC(=O)2))		KYOBSHFOBAOFBF-XVFCMESISA-K									PlantCyc/PMN local PGDB
FERULIC-ACID	FERULIC-ACID	ferulate	194.0579088094					C10H9O4			plantcyc <https://plantcyc.org/>	ferulic acid // 4-hydroxy-3-methoxycinnamic acid // caffeic acid 3-methyl ether // 4-hydroxy-3-methoxycinnamate	194.0579088094	COC1(\C(\O)=C/C=C(/C=C/C([O-])=O)/C=1)		KSEBMYQBYZTDHS-HWKANZROSA-M									PlantCyc/PMN local PGDB
CPD-4942	CPD-4942	(+)-pulegone	152.1201151357					C10H16O			plantcyc <https://plantcyc.org/>		152.1201151357	CC(C)=C1(CC[C@H](CC1=O)C)		NZGWDASTMWDZIW-MRVPVSSYSA-N									PlantCyc/PMN local PGDB
CPD-12938	CPD-12938	(3a S )-jadomycin A	419.1368874119					C24H21NO6			plantcyc <https://plantcyc.org/>		419.1368874119	CC[C@H](C)[C@H]1(C(=O)O[C@@H]2(N1C4(\C(=O)C5(/C(/O)=C\C=C/C(/C(=O)C(\C3(C\2=C\C(/C)=C/C(O)=3))=4)=5))))		AVMSKCRHMKXYOO-JNVIWZAMSA-N									PlantCyc/PMN local PGDB
CPD0-1663	CPD0-1663	alpha-difluoromethylarginine	224.1084821144					C7H14N4O2F2			plantcyc <https://plantcyc.org/>	DFMA	224.1084821144	C(NC(N)=[NH2+])CCC(C(F)F)(N)C([O-])=O		YEORLXJBCPPSOC-UHFFFAOYSA-N									PlantCyc/PMN local PGDB
CPD-15001	CPD-15001	cyanidin-3- O -rutinoside	595.1662953266					C27H30O15			plantcyc <https://plantcyc.org/>	cyanidin 3-rhamnoglucoside // keracyanin // sambucin // antirrhinin // cyanidin 3-rutinoside // cyanidin-3-O-alpha-L-rhamnosyl-(1->6)-beta-D-glucoside	595.1662953266	C[C@H]1([C@H](O)[C@@H](O)[C@@H](O)[C@@H](O1)OC[C@@H]2([C@@H](O)[C@H](O)[C@@H](O)[C@@H](O2)OC4(\C(C3(\C=C(C(/O)=C\C=3)\O))=[O+]C5(\C(/C=4)=C(/C=C(/C=5)/O)\[O-]))))		USNPULRDBDVJAO-FXCAAIILSA-N									PlantCyc/PMN local PGDB
FRUCTOSE-16-DIPHOSPHATE	FRUCTOSE-16-DIPHOSPHATE	beta-D-fructofuranose 1,6-bisphosphate	339.9960489346					C6H10O12P2			plantcyc <https://plantcyc.org/>	beta-D-fructose 1,6-bisphosphate // FBP // fructose 1,6-bisphosphate	339.9960489346	C(OP(=O)([O-])[O-])[C@@H]1([C@H]([C@@H]([C@](O)(O1)COP(=O)([O-])[O-])O)O)		RNBGYGVWRKECFJ-ARQDHWQXSA-J									PlantCyc/PMN local PGDB
CPD-195	CPD-195	octanoate	144.1150297578					C8H15O2			plantcyc <https://plantcyc.org/>	octanoate (n-C8:0) // C-8 acid // n-caprylic acid // caprylic acid // capryloate // 1-heptanecarboxylic acid // neo-fat 8 // octanoic acid // n-octanoic acid // n-octic acid // octoic acid // n-octylic acid	144.1150297578	CCCCCCCC(=O)[O-]		WWZKQHOCKIZLMA-UHFFFAOYSA-M									PlantCyc/PMN local PGDB
CPD-2961	CPD-2961	D-gluconate 6-phosphate	276.0246331483					C6H10O10P			plantcyc <https://plantcyc.org/>	6-p gluconate // 6-phospho gluconate // 6-phosphogluconic acid // 6-phospho D-gluconate	276.0246331483	C([C@H]([C@H]([C@@H]([C@H](C([O-])=O)O)O)O)O)OP([O-])([O-])=O		BIRSGZKFKXLSJQ-SQOUGZDYSA-K									PlantCyc/PMN local PGDB
CPD-12852	CPD-12852	4alpha,14alpha-dimethyl-5alpha-cholesta-8,24-dien-3beta-ol	412.3705161629					C29H48O			plantcyc <https://plantcyc.org/>	5alpha-cholesta-8,24-dien-3beta-ol // 4alpha,14alpha-dimethylzymosterol // 29-norlanosterol // 4-demethyllanosterol	412.3705161629	CC(C)=CCC[C@@H](C)[C@H]2(CC[C@@]3(C)(C4(\CC[C@H]1([C@H](C)[C@@H](O)CC[C@@](C)1C(\CC[C@](C)23)=4))))		KLZWTHGLLDRKHD-PMIIOQGLSA-N									PlantCyc/PMN local PGDB
CPD-26024	CPD-26024	N -(1-deoxy-D-fructos-1-yl)-L-asparagine	294.106315565					C10H18N2O8			plantcyc <https://plantcyc.org/>	fructosylasparagine // fructose-L-asparagine // D-fructose-L-asparagine	294.106315565	C([C@@]1(O)(OC[C@@H](O)[C@@H](O)[C@H](O)1))[NH2+][C@@H](CC(N)=O)C(=O)[O-]		AOBQWGHMIKNEHI-PBYSEVBRSA-N									PlantCyc/PMN local PGDB
CARBAMYUL-L-ASPARTATE	CARBAMYUL-L-ASPARTATE	N -carbamoyl-L-aspartate	176.0433213777					C5H6N2O5			plantcyc <https://plantcyc.org/>	carbamyul-L-aspartate // carbamyul-aspartate // carbamoyl-aspartate // carbamyl-aspartate // carbamyl-L-aspartate // L-ureidosuccinate	176.0433213777	C(=O)([O-])C[C@H](NC(N)=O)C([O-])=O		HLKXYZVTANABHZ-REOHCLBHSA-L									PlantCyc/PMN local PGDB
CPD-7862	CPD-7862	delphinidin 3- O -(6''- O -malonyl)-beta-D-glucoside	551.1036950698					C24H20O15			plantcyc <https://plantcyc.org/>		551.1036950698	C(OC(CC(=O)[O-])=O)[C@@H]1([C@@H](O)[C@H](O)[C@@H](O)[C@@H](O1)OC3(\C(C2(\C=C(C(\O)=C(/C=2)\O)\O))=[O+]C4(\C(/C=3)=C(/C=C(/C=4)/[O-])\[O-])))		FNFHDAUGLIPVPU-XQKZCQIMSA-L									PlantCyc/PMN local PGDB
5-N-PROPYLTHIOADENOSINE	5-N-PROPYLTHIOADENOSINE	5'-n-propylthioadenosine	325.1208601922					C13H19N5O3S			plantcyc <https://plantcyc.org/>		325.1208601922	CCCSC[C@H]3(O[C@@H](N1(C2(\C(\N=C/1)=C(N)/N=C\N=2)))[C@H](O)[C@H](O)3)		IVGJMPBYPXLAAV-QYVSTXNMSA-N									PlantCyc/PMN local PGDB
CPD-11518	CPD-11518	3-oxo-2-(cis-2'-pentenyl)-cyclopentane-1-(E-octa-2-enoyl)-CoA	1041.3084884444					C39H58N7O18P3S			plantcyc <https://plantcyc.org/>	OPC8-trans-2-enoyl-CoA	1041.3084884444	CC\C=C/C[C@H]1([C@H](CCC(=O)1)CCCCC/C=C/C(SCCNC(=O)CCNC(=O)[C@H](O)C(C)(C)COP(=O)(OP(=O)(OC[C@@H]2([C@@H](OP([O-])(=O)[O-])[C@@H](O)[C@@H](O2)N3(C4(\N=C/N=C(C(\N=C/3)=4)/N))))[O-])[O-])=O)		WDBPMRZYBZCIQE-DZXUBONNSA-J									PlantCyc/PMN local PGDB
CPD-330	CPD-330	L-galactono-1,4-lactone	178.0477380536					C6H10O6			plantcyc <https://plantcyc.org/>	L-galactono-gamma-lactone // L-galactonate-gamma-lactone // L-galactonic acid-gamma-lactone // L-galactonic acid-g-lactone	178.0477380536	C(O)[C@H](O)[C@@H]1([C@@H](O)[C@H](O)C(=O)O1)		SXZYCXMUPBBULW-NEEWWZBLSA-N									PlantCyc/PMN local PGDB
CPD-11740	CPD-11740	carboxyphosphinopyruvate	195.9772890252					C4H2O7P			plantcyc <https://plantcyc.org/>		195.9772890252	C(P(C([O-])=O)([O-])=O)C(=O)C(=O)[O-]		YTKWPNBYPYOWCP-UHFFFAOYSA-K									PlantCyc/PMN local PGDB
LOGANATE	LOGANATE	loganate	376.1369469914					C16H23O10			plantcyc <https://plantcyc.org/>	loganic acid	376.1369469914	C[C@H]1([C@@H](O)C[C@H]3([C@@H]1[C@H](O[C@@H]2(O[C@H](CO)[C@@H](O)[C@H](O)[C@@H](O)2))O/C=C3/C([O-])=O))		JNNGEAWILNVFFD-CDJYTOATSA-M									PlantCyc/PMN local PGDB
57222428-ERGOSTATETRAENOL	57222428-ERGOSTATETRAENOL	ergosta-5,7,22,24(28)-tetraen-3beta-ol	394.3235659703					C28H42O			plantcyc <https://plantcyc.org/>	5,7,22,24(28)-ergostatetraenol // ergosta-5,7,22,23(28)-tetraen-3beta-ol // ergosta-5,7,22,24(24 1 )-tetraen-3beta-ol	394.3235659703	CC(C)C(/C=C/[C@@H](C)[C@H]3(CC[C@H]4(C2([C@@H]([C@]1(CC[C@H](O)CC/1=C\C=2)(C))CC[C@](C)34))))=C		SQFQJKZSFOZDJY-CVGLIYDESA-N									PlantCyc/PMN local PGDB
CPD-3943	CPD-3943	(22 S )-22-hydroxycampesterol	416.365430785					C28H48O2			plantcyc <https://plantcyc.org/>	(22alpha)-hydroxy-campesterol	416.365430785	CC(C)[C@H](C)C[C@H](O)[C@@H](C)[C@H]3(CC[C@H]4([C@@H]2(C\C=C1(C[C@@H](O)CC[C@@](C)1[C@H]2CC[C@](C)34))))		LSZJAIFORSLKOY-PACUACIMSA-N									PlantCyc/PMN local PGDB
CPD-9870	CPD-9870	2-methoxy-6-( all trans -nonaprenyl)benzene-1,4-diol	752.6107464343					C52H80O3			plantcyc <https://plantcyc.org/>	2-nonaprenyl-6-methoxy-1,4-benzoquinol // 2-methoxy-6-nonaprenyl-1,4-benzoquinol	752.6107464343	CC(C)=CCCC(\C)=C/CCC(\C)=C/CCC(\C)=C/CCC(\C)=C/CCC(\C)=C/CCC(\C)=C/CCC(\C)=C/CCC(\C)=C/CC1(\C(\O)=C(/C=C(\C=1)/O)\OC)		SKAOREKNLOKWTC-JSGWLJPKSA-N									PlantCyc/PMN local PGDB
CPD-706	CPD-706	chalinasterol	398.3548660987					C28H46O			plantcyc <https://plantcyc.org/>	24-methylenecholesterol	398.3548660987	CC(C)C(CC[C@@H](C)[C@H]3(CC[C@H]4([C@@H]2(C\C=C1(C[C@@H](O)CC[C@@](C)1[C@H]2CC[C@](C)34)))))=C		INDVLXYUCBVVKW-PXBBAZSNSA-N									PlantCyc/PMN local PGDB
CPD-12083	CPD-12083	angiotensin-1-7	898.4661008957					C41H62N12O11			plantcyc <https://plantcyc.org/>	Asp-Arg-Val-Tyr-Ile-His-Pro // angiotensin-(1-7)	898.4661008957	CC[C@H](C)[C@@H](C(N[C@@H](CC1(\N\C=N/C=1))C(N2(CCC[C@@H](C([O-])=O)2))=O)=O)NC([C@H](CC3(\C=C/C(/O)=C\C=3))NC([C@H](C(C)C)NC([C@H](CCCNC(N)=[NH2+])NC([C@H](CC(=O)[O-])[NH3+])=O)=O)=O)=O		PVHLMTREZMEJCG-GDTLVBQBSA-N									PlantCyc/PMN local PGDB
CPD-19111	CPD-19111	3-(6-sulfo-alpha-D-quinovosyl)- sn -glycerol	318.0620674888					C9H17O10S			plantcyc <https://plantcyc.org/>		318.0620674888	C(O)[C@@H](O)CO[C@@H]1([C@H](O)[C@H]([C@H](O)[C@@H](CS(=O)(=O)[O-])O1)O)		JTXHNMDHGMNPEG-NZJLWHDDSA-M									PlantCyc/PMN local PGDB
CPD-8661	CPD-8661	3beta-hydroxy-beta-cyclocitral	168.1150297578					C10H16O2			plantcyc <https://plantcyc.org/>	(3 S )-hydroxy-beta-cyclocitral // (3 S )-3-hydroxycyclocitral	168.1150297578	CC1(/C[C@@H](O)CC(C)(C)C(/C=O)=1)		SWPMTVXRLXPNDP-MRVPVSSYSA-N									PlantCyc/PMN local PGDB
CPD-13228	CPD-13228	( E )-2-pentenal	84.0575148789					C5H8O			plantcyc <https://plantcyc.org/>	trans -2-pentenal // ( E )-3-ethylacrolein // ( E )-3-ethyl-2-propenal // ( E )-2-penten-1-al // (E)-pent-2-en-1-al	84.0575148789	CC/C=C/C=O		DTCCTIQRPGSLPT-ONEGZZNKSA-N									PlantCyc/PMN local PGDB
PALMITALDEHYDE	PALMITALDEHYDE	hexadecanal	240.2453156493					C16H32O			plantcyc <https://plantcyc.org/>	palmitoyl aldehyde // palmitaldehyde	240.2453156493	CCCCCCCCCCCCCCCC=O		NIOYUNMRJMEDGI-UHFFFAOYSA-N									PlantCyc/PMN local PGDB
CPD-15647	CPD-15647	UDP- N -acetyl-alpha-D-quinovosamine	591.0866548559					C17H25N3O16P2			plantcyc <https://plantcyc.org/>	UDP-6-deoxy- N - acetyl-alpha-D-glucosamine // UDP-D-QuiNAc // UDP-QuiNAc	591.0866548559	C[C@@H]3([C@@H](O)[C@@H]([C@H]([C@@H](OP(OP(OC[C@@H]2([C@H]([C@H]([C@H](N1(\C=C/C(=O)NC1=O))O2)O)O))(=O)[O-])(=O)[O-])O3)NC(C)=O)O)		INJACODUUNZJCO-WNSRFTAOSA-L									PlantCyc/PMN local PGDB
CARBOXYPHENYLAMINO-DEOXYRIBULOSE-P	CARBOXYPHENYLAMINO-DEOXYRIBULOSE-P	1-(2-carboxyphenylamino)-1-deoxy-D-ribulose 5-phosphate	349.0562676277					C12H13NO9P			plantcyc <https://plantcyc.org/>	1-( o -carboxyphenylamino)-1-deoxyribulose-5'-P // 1-(2-carboxyphenylamino)-1-deoxy-D-ribulose-5-P // 1-( o -carboxyphenylamino)-1'-deoxyribulose 5'-phosphate	349.0562676277	C(OP([O-])(=O)[O-])[C@@H](O)[C@@H](O)C(=O)CNC1(/C=C\C=C/C(/C(=O)[O-])=1)		QKMBYNRMPRKVTO-MNOVXSKESA-K									PlantCyc/PMN local PGDB
O-PHOSPHO-L-HOMOSERINE	O-PHOSPHO-L-HOMOSERINE	O -phospho-L-homoserine	199.0245735688					C4H8NO6P			plantcyc <https://plantcyc.org/>	o-phosphohomoserine	199.0245735688	C(OP([O-])(=O)[O-])C[C@H]([NH3+])C([O-])=O		FXDNYOANAXWZHG-VKHMYHEASA-L									PlantCyc/PMN local PGDB
CPD-4126	CPD-4126	5-dehydroavenasterol	410.3548660987					C29H46O			plantcyc <https://plantcyc.org/>		410.3548660987	C\C=C(CC[C@@H](C)[C@H]3(CC[C@H]4(C2([C@@H]([C@@]1(C)(CC[C@H](O)CC/1=C\C=2))CC[C@](C)34))))/C(C)C		XPRWWANUPMYKMF-HVEGQNEHSA-N									PlantCyc/PMN local PGDB
CPD1F-128	CPD1F-128	ent -kaurene	272.2504010272					C20H32			plantcyc <https://plantcyc.org/>	ent -kaur-16-ene	272.2504010272	C=C1([C@H]4(C[C@]3(C1)(CC[C@@H]2(C(C)(C)CCC[C@](C)2[C@@H]3CC4))))		ONVABDHFQKWOSV-HPUSYDDDSA-N									PlantCyc/PMN local PGDB
CPD-26731	CPD-26731	N -(1-deoxy-D-fructopyranos-1-yl)glycine	237.0848518414					C8H15NO7			plantcyc <https://plantcyc.org/>	N -(1-deoxy-D-fructos-1-yl)glycine // deoxyfructosylglycine // fructoseglycine	237.0848518414	C([NH2+]CC(=O)[O-])[C@@]1(O)(OC[C@@H](O)[C@@H](O)[C@H](O)1)		BVWXBDYZZFSXIL-CCXZUQQUSA-N									PlantCyc/PMN local PGDB
CPD-10337	CPD-10337	chlorophyll c 2	608.1910119301					C35H26N4O5MG			plantcyc <https://plantcyc.org/>		608.1910119301	C=CC4(\C(/C)=C5(\C=C7(C(/C)=C(/C=C/C(=O)[O-])/C(C6(/[C-](C(OC)=O)C(=O)C1(\C(\N2([Mg]N(C(/C=C3(C(/C)=C(C=C)/C(\C=C(C(\C)=1)/2)=N3))=4)5))=6)))=N7)))											PlantCyc/PMN local PGDB
CPD-20135	CPD-20135	4- epi -cubebol	222.1983654567					C15H26O			plantcyc <https://plantcyc.org/>		222.1983654567	CC(C)[C@@H]3([C@H]2([C@H]1([C@](CC[C@](C)(O)1)2[C@@H](C)CC3)))		KONGRWVLXLWGDV-DEPYFDJDSA-N									PlantCyc/PMN local PGDB
CPD-406	CPD-406	N-methylethanolamine phosphate	155.0347443246					C3H9NO4P			plantcyc <https://plantcyc.org/>	P-MME	155.0347443246	C[NH2+]CCOP([O-])([O-])=O		HZDCAHRLLXEQFY-UHFFFAOYSA-M									PlantCyc/PMN local PGDB
CPD-16670	CPD-16670	6beta-hydroxy- syn -pimaradiene	288.2453156493					C20H32O			plantcyc <https://plantcyc.org/>	6beta-hydroxy-9beta-pimara-7,15-diene	288.2453156493	C=C[C@@]2(CC[C@H]3([C@]1(CCCC(C)(C)[C@@H]1[C@H](O)\C=C(C2)/3)C))C		VRCLHAIGCBXGLG-HPUSYDDDSA-N									PlantCyc/PMN local PGDB
CPD-17373	CPD-17373	1-[18-hydroxyoeoyl]-2-[18-hydroxy-lioleoyl]- sn -glycerol 3-phosphate	730.4784850101					C39H69O10P			plantcyc <https://plantcyc.org/>		730.4784850101	C(O)CCCCCCC\C=C/CCCCCCCC(OC[C@@H](OC(=O)CCCCCCC\C=C/C\C=C/CCCCCO)COP([O-])(=O)[O-])=O		ZXBGEIHFXPHRJY-NKFDZXFUSA-L									PlantCyc/PMN local PGDB
CPD-12867	CPD-12867	4alpha-carboxy-4beta,14alpha-dimethyl-9beta,19-cyclo-5alpha-ergost-24(24 1 )-en-3beta-ol	470.3759954713					C31H49O3			plantcyc <https://plantcyc.org/>	(3beta,4alpha)-3-hydroxy-24-methylene-9,19-cyclolanostan-28-oic acid	470.3759954713	CC(C)C(CC[C@@H](C)[C@H]3(CC[C@@]4(C)([C@@H]1(CC[C@H]5([C@@](C([O-])=O)(C)[C@@H](O)CC[C@@]2(C[C@@]12CC[C@](C)34)5)))))=C		RLRGKMMFFVWPHT-NUYPAGBLSA-M									PlantCyc/PMN local PGDB
CPD-316	CPD-316	reduced riboflavin	378.1539344596					C17H22N4O6			plantcyc <https://plantcyc.org/>	4a,5-dihydroriboflavine // 7,8-dimethyl-10-(D-ribo-2,3,4,5-tetrahydroxypentyl)-4a,5-dihydroisoalloxazine // 7,8-dimethyl-10-(D-ribo-2,3,4,5-tetrahydroxypentyl)-5,10-dihydrobenzo[g]pteridine-2,4(3H,4aH)-dione	378.1539344596	CC3(\C=C2(C(/N(C[C@H](O)[C@H](O)[C@H](O)CO)C1(\C(C(=O)NC(=O)/N=1)N2))=C\C(/C)=3))		UTKDOUCGQVLJIN-PIGZVRMJSA-N									PlantCyc/PMN local PGDB
2-KETO-3-METHYL-VALERATE	2-KETO-3-METHYL-VALERATE	(3 S )-3-methyl-2-oxopentanoate	130.0629941873					C6H9O3			plantcyc <https://plantcyc.org/>	( S )-3-methyl-2-oxopentanoate // alpha-keto-methylvalerate // 2-oxo-3-methylvalerate // ( S )-2-oxo-3-methylpentanoate // ( S )-3-methyl-2-oxovalerate // 2-oxo-3-methylpentanoate // 3-methyl-2-oxopentanoate // alpha-keto-beta-methyl-valerate // 2-keto-3-methyl-valerate // 2-keto-isoleucine	130.0629941873	CC[C@H](C)C(=O)C([O-])=O		JVQYSWDUAOAHFM-BYPYZUCNSA-M									PlantCyc/PMN local PGDB
CPD0-1325	CPD0-1325	P1-uridyl-P2-methyl diphosphate	418.0178470092					C10H14N2O12P2			plantcyc <https://plantcyc.org/>		418.0178470092	COP(=O)([O-])OP(=O)([O-])OC[C@@H]1([C@@H](O)[C@@H](O)[C@@H](O1)N2(\C=C/C(=O)NC(=O)2))		QEXWQSCECHIMQL-ZOQUXTDFSA-L									PlantCyc/PMN local PGDB
DIHYDROXY-ACETONE-PHOSPHATE	DIHYDROXY-ACETONE-PHOSPHATE	glycerone phosphate	169.9980244673					C3H5O6P			plantcyc <https://plantcyc.org/>	dihydroxyacetone phosphate // dihydroxyacetone-P // di-OH-acetone-P // dihydroxy-acetone phosphate // 3-hydroxy-2-oxopropyl phosphate	169.9980244673	C(C(=O)CO)OP([O-])([O-])=O		GNGACRATGGDKBX-UHFFFAOYSA-L									PlantCyc/PMN local PGDB
CPD0-967	CPD0-967	hexanediol 1,6-bisphosphate	278.0320405104					C6H12O8P2			plantcyc <https://plantcyc.org/>	hexanediol-1,6-diphosphate	278.0320405104	C(OP(=O)([O-])[O-])CCCCCOP(=O)([O-])[O-]		WEFLHIGSMGJZMW-UHFFFAOYSA-J									PlantCyc/PMN local PGDB
GUANOSINE_TETRAPHOSPHATE	GUANOSINE_TETRAPHOSPHATE	guanosine tetraphosphate	602.9569901874					C10H12N5O17P4			plantcyc <https://plantcyc.org/>		602.9569901874	C(OP(=O)([O-])OP(=O)(OP([O-])(OP([O-])(=O)[O-])=O)[O-])[C@H]3(O[C@@H](N1(\C=N/C2(C(=O)NC(/N)=N/C1=2)))[C@H](O)[C@H](O)3)		KDFXXNGTULMGMF-UUOKFMHZSA-I									PlantCyc/PMN local PGDB
CPD-2186	CPD-2186	1-alpha-linolenoyl-2-(3E)-hexadecenoyl-phosphatidylglycerol	742.4784850101					C40H70O10P			plantcyc <https://plantcyc.org/>	18:3-t16:1-PG // 1-(9Z,12Z,15Z-octadecatrienoyl)-2-(3E-hexadecenoyl)-sn-glycero-3-phospho-(1'-sn-glycerol) // 1-18:3-2-trans-16:1-phosphatidylglycerol	742.4784850101	CC\C=C/C\C=C/C\C=C/CCCCCCCC(=O)OC[C@@H](OC(=O)C/C=C/CCCCCCCCCCCC)COP(=O)([O-])OC[C@H](CO)O		DSOFJFHIQQEFSK-XVNCUXIASA-M									PlantCyc/PMN local PGDB
CPD-19221	CPD-19221	acibenzolar	195.9765041409					C7H4N2OS2			plantcyc <https://plantcyc.org/>	1,2,3-benzothiadiazole-7-carbothioic acid // 1,2,3-benzothiadiazole-7-carbothioic S -acid	195.9765041409	C(S)(=O)C1(\C2(\S\N=N/C(\C=C/C=1)=2))		CGIHPACLZJDCBQ-UHFFFAOYSA-N									PlantCyc/PMN local PGDB
CPD-18558	CPD-18558	thiocoraline dithiol	1158.255991519					C48H58N10O12S6			plantcyc <https://plantcyc.org/>		1158.255991519	CN3(C(=O)CNC(=O)[C@@H](NC(=O)C2(/N=C1(\C=C/C=C\C/1=C\C(\O)=2)))CSC(=O)[C@@H](CSC)N(C)C(=O)[C@@H](CS)N(C)C(=O)CNC(=O)[C@H](CSC(=O)[C@@H](CSC)N(C)C(=O)[C@H]3CS)NC(=O)C4(\C(\O)=C/C5(/C(/N=4)=C\C=C/C=5)))		ZHCCHTJVOZJYMH-XLTUSUNSSA-N									PlantCyc/PMN local PGDB
CPD-15079	CPD-15079	2-hydroxyeriodictyol	304.0583027399					C15H12O7			plantcyc <https://plantcyc.org/>		304.0583027399	C3(/C=C(C(/O)=C\C(\C1(O)(OC2(\C(\C(=O)C1)=C(/C=C(/C=2)/O)\O)))=3)/O)		WBHCYFXEVWJBEE-UHFFFAOYSA-N									PlantCyc/PMN local PGDB
CPD-21685	CPD-21685	6-sulfo-alpha-D-quinovose	244.025288052					C6H11O8S			plantcyc <https://plantcyc.org/>	alpha-D-sulphoquinovose // 6-deoxy-6-alpha-D-sulfoglucose // 6-deoxy-6-sulfo-alpha-D-glucopyranose // alpha-sulfoquinovose	244.025288052	C([C@H]1(O[C@H](O)[C@H](O)[C@@H](O)[C@H](O)1))S(=O)(=O)[O-]		QFBWOLBPVQLZEH-DVKNGEFBSA-M									PlantCyc/PMN local PGDB
ALL-TRANS-HEPTAPRENYL-DIPHOSPHATE	ALL-TRANS-HEPTAPRENYL-DIPHOSPHATE	all- trans -heptaprenyl diphosphate	654.3814273007					C35H57O7P2			plantcyc <https://plantcyc.org/>		654.3814273007	CC(C)=CCCC(\C)=C/CCC(\C)=C/CCC(\C)=C/CCC(\C)=C/CCC(\C)=C/CCC(\C)=C/COP(=O)([O-])OP(=O)([O-])[O-]		LSJLEXWXRKTZAJ-YUIIPXGZSA-K									PlantCyc/PMN local PGDB
CPD-10216	CPD-10216	furaneol glucopyranoside	290.1001675546					C12H18O8			plantcyc <https://plantcyc.org/>	2,5-dimethyl-4-hydroxy-3(2H)-furanone beta-D-glucopyranoside	290.1001675546	CC1(OC(\C)=C(C(=O)1)/O[C@H]2([C@H](O)[C@@H](O)[C@H](O)[C@@H](CO)O2))		ZCBCXLRKTUDKOP-TUWMNXLUSA-N									PlantCyc/PMN local PGDB
MAL	MAL	( S )-malate	134.0215233031					C4H4O5			plantcyc <https://plantcyc.org/>	( S )-malic acid // L-apple acid // L-malic acid // L-hydroxysuccinic acid // L-hydroxybutanedioic acid // L-malate	134.0215233031	C(=O)([O-])C[C@H](O)C([O-])=O		BJEPYKJPYRNKOW-REOHCLBHSA-L									PlantCyc/PMN local PGDB
CPD-16612	CPD-16612	oryzalexin D	304.2402302714					C20H32O2			plantcyc <https://plantcyc.org/>		304.2402302714	C=C[C@@]3(CC[C@H]2([C@@]1(CC[C@H](C(C)(C)[C@H]1C[C@H](O)C/2=C/3)O)C))C		HRWWBCRSPUEXDM-XTMWUNHTSA-N									PlantCyc/PMN local PGDB
CPD-8163	CPD-8163	1-16:0-2-18:2-digalactosyldiacylglycerol	916.6123221563					C49H88O15			plantcyc <https://plantcyc.org/>	16:0-18:2-DGDG // 1-hexadecanoyl-2-(9Z,12Z-octadecadienoyl)-3-O-[alpha-D-galactosyl-(1->6)-O-beta-D-galactosyl]-sn-glycerol	916.6123221563	CCCCC\C=C/C\C=C/CCCCCCCC(O[C@@H](CO[C@@H]2(O[C@H](CO[C@@H]1(O[C@H](CO)[C@H](O)[C@H](O)[C@@H](O)1))[C@H](O)[C@H](O)[C@@H](O)2))COC(=O)CCCCCCCCCCCCCCC)=O		QZXMUPATKGLZAP-GNSPKCTRSA-N									PlantCyc/PMN local PGDB
CPD-12354	CPD-12354	16alpha, 17-epoxy gibberellin A 9	332.1623738809					C19H23O5			plantcyc <https://plantcyc.org/>	16alpha, 17-epoxy GA 9	332.1623738809	C[C@@]14(C(=O)O[C@]5(CCC1)([C@H]6(CC[C@@H]3(C[C@](CC2(OC2)3)([C@H]([C@H]45)C([O-])=O)6))))		PXYCXLNQKAEBRB-BGZGZKQHSA-M									PlantCyc/PMN local PGDB
CPD-9216	CPD-9216	gamma-chaconine	559.3872884391					C33H54NO6			plantcyc <https://plantcyc.org/>	beta-D-glucosyl-solanidine	559.3872884391	C[C@H]7(CC[C@H]1([NH+]([C@@H]2([C@H]([C@H](C)1)[C@]5(C)([C@@H](C2)[C@@H]6(C\C=C4(C[C@@H](O[C@H]3([C@H](O)[C@@H](O)[C@H](O)[C@@H](CO)O3))CC[C@@](C)4[C@@H](CC5)6)))))C7))		IDGKMGZVTKHZDA-OSCYGWHCSA-O									PlantCyc/PMN local PGDB
5734-TETRAHYDROXYFLAVONE	5734-TETRAHYDROXYFLAVONE	luteolin	286.0477380536					C15H9O6			plantcyc <https://plantcyc.org/>	3',4',5,7-tetrahydroxyflavone // 5,7,3',4'-tetrahydroxyflavone	286.0477380536	C3(/C=C(C(/O)=C\C(\C1(\OC2(/C=C(/C=C(C(\C(=O)\C=1)=2)/O)/[O-])))=3)/O)		IQPNAANSBPBGFQ-UHFFFAOYSA-M									PlantCyc/PMN local PGDB
UDP-D-XYLOSE	UDP-D-XYLOSE	UDP-alpha-D-xylose	536.0444556902					C14H20N2O16P2			plantcyc <https://plantcyc.org/>		536.0444556902	C3(O[C@H](OP(OP(OC[C@@H]2([C@H]([C@H]([C@H](N1(\C=C/C(=O)NC1=O))O2)O)O))(=O)[O-])(=O)[O-])[C@H](O)[C@@H](O)[C@H](O)3)		DQQDLYVHOTZLOR-OCIMBMBZSA-L									PlantCyc/PMN local PGDB
CPD-381	CPD-381	( S )-2-hydroxyglutarate	148.0371733673					C5H6O5			plantcyc <https://plantcyc.org/>	L-2-hydroxyglutarate // ( S )-2-hydroxyglutaric acid // (2S)-2-hydroxypentanedioic acid // L-2-hydroxyglutaric acid	148.0371733673	C(=O)([O-])[C@@H](O)CCC(=O)[O-]		HWXBTNAVRSUOJR-VKHMYHEASA-L									PlantCyc/PMN local PGDB
CPD-26894	CPD-26894	4alpha-hydroxy-5beta,20-epoxytax-11-en-9-one	318.2194948293					C20H30O3			plantcyc <https://plantcyc.org/>	oxo-taxadiene-4alpha-ol-9-one (incorrect)	318.2194948293	CC2(\CC[C@H]1(C[C@H]3([C@](C)(C(=O)CC(\C(C)(C)1)=2)CC[C@H]4(OC[C@@](O)34))))		RPIBZLJIBKSODU-YFALUVIFSA-N									PlantCyc/PMN local PGDB
CPD4KF-4	CPD4KF-4	syn -copalyl diphosphate	450.1936265303					C20H36O7P2			plantcyc <https://plantcyc.org/>	syn-copalyl diphosphate // syn-CDP	450.1936265303	CC(/CCC1(C(CC[C@H]2([C@@](C)1CCC[C@@](C)(C)2))=C))=C\COP(=O)(O)OP(O)(O)=O											PlantCyc/PMN local PGDB
CPD-6743	CPD-6743	D- myo -inositol (1,2,3,6) tetrakisphosphate	499.9287097514					C6H8O18P4			plantcyc <https://plantcyc.org/>	1D- myo -inositol (1,2,3,6) tetra kis phosphate // I(1,2,3,6)P 4	499.9287097514	[C@@H]1(O)([C@@H](OP([O-])(=O)[O-])[C@H](OP([O-])([O-])=O)[C@H](OP([O-])([O-])=O)[C@H](OP(=O)([O-])[O-])[C@@H](O)1)		MRVYFOANPDTYBY-FTYOSCRSSA-F									PlantCyc/PMN local PGDB
CPD-12588	CPD-12588	norsolorinate anthrone	356.1259883746					C20H18O6			plantcyc <https://plantcyc.org/>	norsolorinic acid anthrone // noranthrone // 3-hexanoyl-4,5-dihydroxy-10-oxo-9,10-dihydroanthracene-2,7-diolate	356.1259883746	CCCCCC(=O)C1(/C(/[O-])=C\C2(/CC3(/C=C(/C=C(C(/C(=O)C(\C(\O)=1)=2)=3)/O)/[O-])))		CIFXLTLZYCPTJK-UHFFFAOYSA-L									PlantCyc/PMN local PGDB
GDP-D-GLUCOSE	GDP-D-GLUCOSE	GDP-alpha-D-glucose	605.0771528021					C16H23N5O16P2			plantcyc <https://plantcyc.org/>	GDP-glucose	605.0771528021	C(O)[C@@H]1([C@@H](O)[C@H](O)[C@@H](O)[C@H](O1)OP(OP(=O)([O-])OC[C@H]4(O[C@@H](N2(C3(\N=C(N)/NC(=O)C(\N=C/2)=3)))[C@H](O)[C@H](O)4))(=O)[O-])		MVMSCBBUIHUTGJ-LRJDVEEWSA-L									PlantCyc/PMN local PGDB
CPD-12601	CPD-12601	beta-D-mannopyranose	180.0633881178					C6H12O6			plantcyc <https://plantcyc.org/>	beta-D-mannose	180.0633881178	C(O)[C@@H]1([C@@H](O)[C@H](O)[C@H](O)[C@H](O)O1)		WQZGKKKJIJFFOK-RWOPYEJCSA-N									PlantCyc/PMN local PGDB
UDP-D-GALACTURONATE	UDP-D-GALACTURONATE	UDP-alpha-D-galacturonate	580.0342849344					C15H19N2O18P2			plantcyc <https://plantcyc.org/>		580.0342849344	C(OP(=O)([O-])OP(O[C@H]1(O[C@H](C([O-])=O)[C@H](O)[C@H](O)[C@@H](O)1))(=O)[O-])[C@@H]3([C@H]([C@H]([C@H](N2(\C=C/C(=O)NC2=O))O3)O)O)		HDYANYHVCAPMJV-GXNRKQDOSA-K									PlantCyc/PMN local PGDB
CPD-8746	CPD-8746	(-)-germacrene D	204.1878007704					C15H24			plantcyc <https://plantcyc.org/>	(-)-( S )-germacrene D // (-)-(7 S )-germacrene-D // (1E,6E,8S)-1-methyl-5-methylidene-8-(propan-2-yl)cyclodeca-1,6-diene	204.1878007704	CC(C)[C@H]1(/C=C/C(CC\C=C(C)/CC1)=C)		GAIBLDCXCZKKJE-QRYCCKSOSA-N									PlantCyc/PMN local PGDB
BETA-L-ARABINOSE	BETA-L-ARABINOSE	beta-L-arabinopyranose	150.0528234315					C5H10O5			plantcyc <https://plantcyc.org/>	beta-L-arabinose	150.0528234315	C1([C@@H]([C@@H]([C@H]([C@H](O1)O)O)O)O)		SRBFZHDQGSBBOR-KLVWXMOXSA-N									PlantCyc/PMN local PGDB
CPD-7200	CPD-7200	3-hydroxy-beta-ionone	208.1463298862					C13H20O2			plantcyc <https://plantcyc.org/>	3-hydroxy-9-apo-beta-caroten-9-one	208.1463298862	CC1(\C[C@H](CC(C(/C=C/C(=O)C)=1)(C)C)O)		HFRZSVYKDDZRQY-MVIFTORASA-N									PlantCyc/PMN local PGDB
CPD-10451	CPD-10451	2-methyl-1,5-dinitro-3-nitrosobenzene	215.054220415					C7H5N3O5			plantcyc <https://plantcyc.org/>	2-nitroso-4,6-dinitrotoluene	215.054220415	CC1(/C(/N=O)=C\C(\[N+](=O)[O-])=C/C(/[N+]([O-])=O)=1)		CVKROUKPCDJVNY-UHFFFAOYSA-N									PlantCyc/PMN local PGDB
3-OXO-DELTA46-CHOLYL-COA	3-OXO-DELTA46-CHOLYL-COA	12alpha-hydroxy-3-oxochol-4,6-dien-24-oyl-CoA	1135.3503532591					C45H64N7O19P3S			plantcyc <https://plantcyc.org/>	3-oxo-&Delta; 4,6 -choloyl-CoA	1135.3503532591	C[C@H](CCC(=O)SCCNC(=O)CCNC(=O)[C@H](O)C(C)(C)COP(=O)(OP(=O)(OC[C@@H]1([C@@H](OP([O-])(=O)[O-])[C@@H](O)[C@@H](O1)N2(C3(\N=C/N=C(C(\N=C/2)=3)/N))))[O-])[O-])[C@H]5(CC[C@H]6([C@@H]7(\C=C/C4(/[C@](C)(CCC(=O)\C=4)[C@@H](C[C@H](O)[C@](C)56)7))))		XXRCPHNWDYEHBJ-UCJRQDITSA-J									PlantCyc/PMN local PGDB
CPD-12568	CPD-12568	(3 S ,6 E )-nerolidol	222.1983654567					C15H26O			plantcyc <https://plantcyc.org/>	(3 S )-( E )-nerolidol	222.1983654567	C=C[C@@](C)(O)CC/C=C(C)/CCC=C(C)C		FQTLCLSUCSAZDY-ATGUSINASA-N									PlantCyc/PMN local PGDB
CPD-2185	CPD-2185	1-linoleoyl-2-(3E)-hexadecenoyl-phosphatidylglycerol	744.4941350743					C40H72O10P			plantcyc <https://plantcyc.org/>	18:2-t16:1-PG // 1-(9Z,12Z-octadecadienoyl)-2-(3E-hexadecenoyl)-sn-glycero-3-phospho-(1'-sn-glycerol) // 1-18:2-2-trans-16:1-phosphatidylglycerol	744.4941350743	CCCCC\C=C/C\C=C/CCCCCCCC(=O)OC[C@@H](OC(=O)C/C=C/CCCCCCCCCCCC)COP(=O)([O-])OC[C@H](CO)O		QKKVMRCIRQQMDU-LUGIZMLVSA-M									PlantCyc/PMN local PGDB
CPD-11932	CPD-11932	P 1 ,P 6 - bis (5'-adenosyl) hexaphosphate	995.9809256275					C20H24N10O25P6			plantcyc <https://plantcyc.org/>	AppppppA // adenosine(5')hexaphospho(5')adenosine // P1-P6-bis(5'-adenosyl) hexaphosphate // P(1),P(6)-di(adenosine-5'-)hexaphosphate // Ap 6 A // bis (5'-adenosyl) hexaphosphate // 5',5'''-diadenosine hexaphosphate	995.9809256275	C(OP(=O)([O-])OP(=O)([O-])OP(=O)([O-])OP(=O)([O-])OP(=O)([O-])OP(=O)([O-])OC[C@H]3(O[C@@H](N1(C2(\C(\N=C/1)=C(N)/N=C\N=2)))[C@H](O)[C@H](O)3))[C@H]6(O[C@@H](N4(C5(\C(\N=C/4)=C(N)/N=C\N=5)))[C@H](O)[C@H](O)6)		PZCFFCOJNXGTIM-XPWFQUROSA-H									PlantCyc/PMN local PGDB
UDP-APIOSE	UDP-APIOSE	UDP-D-apiose	536.0444556902					C14H20N2O16P2			plantcyc <https://plantcyc.org/>		536.0444556902	C(OP(=O)([O-])OP(O[C@H]1(OC[C@](O)(CO)[C@@H](O)1))(=O)[O-])[C@@H]3([C@H]([C@H]([C@H](N2(\C=C/C(=O)NC2=O))O3)O)O)		SYVORCSTSYHSPN-UXAZDEAISA-L									PlantCyc/PMN local PGDB
GLUTATHIONE	GLUTATHIONE	glutathione	307.0838059839					C10H16N3O6S			plantcyc <https://plantcyc.org/>	L-gamma-glutamyl-L-cysteinylglycine // GSH // reduced glutathione // glutathionate // glutathione reduced	307.0838059839	C(S)[C@@H](C(NCC([O-])=O)=O)NC(=O)CC[C@H]([NH3+])C([O-])=O		RWSXRVCMGQZWBV-WDSKDSINSA-M									PlantCyc/PMN local PGDB
CPD-11521	CPD-11521	3-oxo-2-(cis-2'-pentenyl)-cyclopentane-1-hexanoyl-CoA	1015.2928383802					C37H56N7O18P3S			plantcyc <https://plantcyc.org/>	OPC6-CoA	1015.2928383802	CC\C=C/C[C@H]1([C@H](CCC(=O)1)CCCCCC(SCCNC(=O)CCNC(=O)[C@H](O)C(C)(C)COP(=O)(OP(=O)(OC[C@@H]2([C@@H](OP([O-])(=O)[O-])[C@@H](O)[C@@H](O2)N3(C4(\N=C/N=C(C(\N=C/3)=4)/N))))[O-])[O-])=O)		VWFUYQVGVAEVNH-WZGLBKMISA-J									PlantCyc/PMN local PGDB
DIMETHYLARSINATE	DIMETHYLARSINATE	cacodylate	137.9662008689					C2H6O2AS			plantcyc <https://plantcyc.org/>	dimethylarsinate // DMA V // DMA(V) // Agent Blue	137.9662008689	C[As](C)(=O)[O-]		OGGXGZAMXPVRFZ-UHFFFAOYSA-M									PlantCyc/PMN local PGDB
PAPS	PAPS	3'-phosphoadenylyl-sulfate	506.9862293048					C10H11N5O13P2S			plantcyc <https://plantcyc.org/>	phosphoadenosine-5'-phosphosulfate // phosphoadenosine phosphosulfate // 3'-phosphoadenosine-5'-phosphosulfate // 3'-phosphoadenylyl sulfate // 3'-phospho-5'-adenylyl sulfate	506.9862293048	C(OP(=O)([O-])OS(=O)([O-])=O)[C@H]3(O[C@@H](N1(C2(\C(\N=C/1)=C(N)/N=C\N=2)))[C@H](O)[C@H](OP([O-])(=O)[O-])3)		GACDQMDRPRGCTN-KQYNXXCUSA-J									PlantCyc/PMN local PGDB
CPD-16638	CPD-16638	12-demethyl-elloramycin	646.1897704229					C31H34O15			plantcyc <https://plantcyc.org/>	8-demethyl-8-(2,3,4-O-trimethyl-alpha-L-rhamnosyl)-tetracenomycin C	646.1897704229	CC1(/C3(C(/C=C(C(/C(=O)OC)=1)/O[C@H]2([C@H](OC)[C@@H]([C@H]([C@H](C)O2)OC)OC))=C/C4(/C([C@]5([C@@H](C(/OC)=C\C(=O)[C@@](C(C(/C(O)=3)=4)=O)5O)O)O)=O)))		GDMKCWSZMAFALT-WNSZSYCKSA-N									PlantCyc/PMN local PGDB
2-METHYL-BUTYRYL-COA	2-METHYL-BUTYRYL-COA	(2 S )-2-methylbutanoyl-CoA	851.1727232445					C26H40N7O17P3S			plantcyc <https://plantcyc.org/>	(2 S )-2-methyl-butyryl-CoA // (2 S )-2-methylbutyryl-CoA // (2 S )-alpha-methylbutyryl-CoA // (2 S )-alpha-methylbutanoyl-CoA	851.1727232445	CC[C@H](C)C(=O)SCCNC(=O)CCNC(=O)[C@H](O)C(C)(C)COP(=O)(OP(=O)(OC[C@@H]1([C@@H](OP([O-])(=O)[O-])[C@@H](O)[C@@H](O1)N2(C3(\N=C/N=C(C(\N=C/2)=3)/N))))[O-])[O-]		LYNVNYDEQMMNMZ-JRQZLUQRSA-J									PlantCyc/PMN local PGDB
CPD-19841	CPD-19841	2-deoxy-D-glucono-1,5-lactone	162.0528234315					C6H10O5			plantcyc <https://plantcyc.org/>		162.0528234315	C(O)[C@H]1(OC(C[C@H]([C@@H]1O)O)=O)		DBXNZGWNBVNDSO-KODRXGBYSA-N									PlantCyc/PMN local PGDB
CPD-6681	CPD-6681	D- myo -inositol (3,4,6)-trisphosphate	419.962379343					C6H9O15P3			plantcyc <https://plantcyc.org/>	1D- myo -inositol (3,4,6)-trisphosphate // I(3,4,6)P 3	419.962379343	[C@@H]1(O)([C@H](OP([O-])(=O)[O-])[C@@H](O)[C@H](OP(=O)([O-])[O-])[C@@H](OP(=O)([O-])[O-])[C@@H](O)1)		MMWCIQZXVOZEGG-GSRZWBRNSA-H									PlantCyc/PMN local PGDB
CPD-21253	CPD-21253	alpha-D-idopyranuronate	194.0426526757					C6H9O7			plantcyc <https://plantcyc.org/>	alpha-D-idopyranuronic acid	194.0426526757	C([O-])(=O)[C@H]1(O[C@H](O)[C@@H](O)[C@H](O)[C@@H](O)1)		AEMOLEFTQBMNLQ-CLQWQSTFSA-M									PlantCyc/PMN local PGDB
CPD-15801	CPD-15801	(S)-norlaudanine	329.1627082319					C19H24NO4			plantcyc <https://plantcyc.org/>		329.1627082319	COC3(\C(\O)=C/C=C(C[C@H]1(C2(\C=C(C(/OC)=C\C(/CC[NH2+]1)=2)\OC)))\C=3)		FUTZESSLBXJDFG-HNNXBMFYSA-O									PlantCyc/PMN local PGDB
CPD-9298	CPD-9298	S -allyl-L-cysteine	161.0510492925					C6H11NO2S			plantcyc <https://plantcyc.org/>	S --2-propenyl-L-cysteine // S -allylcysteine	161.0510492925	C=CCSC[C@H]([NH3+])C([O-])=O		ZFAHNWWNDFHPOH-YFKPBYRVSA-N									PlantCyc/PMN local PGDB
CPD-26	CPD-26	hexulose 6-phosphate	260.0297185262					C6H11O9P			plantcyc <https://plantcyc.org/>	H6P // D- arabino -3-hexulose 6-P // D- arabino -3-hexulose 6-phosphate	260.0297185262	C(O)C(O)C(=O)C(O)C(O)COP([O-])([O-])=O		UZYFNQCWJLIAKE-UHFFFAOYSA-L									PlantCyc/PMN local PGDB
CPD-9956	CPD-9956	ubiquinol- 8	728.574360928					C49H76O4			plantcyc <https://plantcyc.org/>	ubiquinol(8)	728.574360928	CC(C)=CCCC(\C)=C/CCC(\C)=C/CCC(\C)=C/CCC(\C)=C/CCC(\C)=C/CCC(\C)=C/CCC(\C)=C/CC1(\C(\O)=C(C(\OC)=C(C(/C)=1)\O)\OC)		LOJUQFSPYHMHEO-SGHXUWJISA-N									PlantCyc/PMN local PGDB
CPD-7963	CPD-7963	albireodelphin	951.2406420612					C42H46O25			plantcyc <https://plantcyc.org/>	delphinidin 3- O -glucosyl-5- O -(caffeoylglucoside-3'- O -glucoside)	951.2406420612	C(O)[C@H]1(O[C@H]([C@H](O)[C@@H](O)[C@H](O)1)OC2(\C(\O)=C(/C=C(/C=2)/C4(C(/O[C@@H]3(O[C@H](CO)[C@@H](O)[C@H](O)[C@@H](O)3))=C\C7(\C(\[O+]=4)=C/C(/[O-])=C\C(\O[C@H]6([C@H](O)[C@@H](O)[C@H](O)[C@@H](COC(=O)/C=C/C5(/C=C(C(/O)=C\C=5)/O))O6))=7)))\O))		BIBNUKILYWNEFA-XQCSBWSISA-N									PlantCyc/PMN local PGDB
CHLOROACETOL-PHOSPHATE	CHLOROACETOL-PHOSPHATE	chloroacetol-phosphate	187.9641375231					C3H4O5PCL			plantcyc <https://plantcyc.org/>	1-hydroxy-3-chloro-2-propanone-phosphate	187.9641375231	C(C(COP([O-])(=O)[O-])=O)Cl		OAZBZQJUELMYST-UHFFFAOYSA-L									PlantCyc/PMN local PGDB
L-PANTOATE	L-PANTOATE	(R)-pantoate	148.0735588736					C6H11O4			plantcyc <https://plantcyc.org/>	pantoate // L-pantoate	148.0735588736	CC(C)(CO)[C@H](C([O-])=O)O		OTOIIPJYVQJATP-BYPYZUCNSA-M									PlantCyc/PMN local PGDB
CPD-110	CPD-110	salicylate	138.0316940589					C7H5O3			plantcyc <https://plantcyc.org/>	salicylic acid // o-hydroxybenzoic acid // 2-hydroxybenzoic acid // SA // 2-HBA // 2-hydroxybenzoate // o-hydroxybenzoate	138.0316940589	C(C1(\C(\O)=C/C=C\C=1))([O-])=O		YGSDEFSMJLZEOE-UHFFFAOYSA-M									PlantCyc/PMN local PGDB
TYRAMINE	TYRAMINE	tyramine	137.0840639804					C8H12NO			plantcyc <https://plantcyc.org/>	tyrosamine // 4-(2-aminoethyl)phenol // p -hydroxyphenethylamine // 2-( p -hydroxyphenyl)ethylamine // para -tyramine // p -tyramine	137.0840639804	C1(\C=C(\C=C/C(\CC[NH3+])=1)\O)		DZGWFCGJZKJUFP-UHFFFAOYSA-O									PlantCyc/PMN local PGDB
CPD-11228	CPD-11228	(indol-3-yl)acetyl-L-methionine	306.1038131445					C15H17N2O3S			plantcyc <https://plantcyc.org/>	indole-3-acetyl-Met	306.1038131445	C1(\NC2(/C=C\C=C/C(/C(\CC(N[C@H](C([O-])=O)CCSC)=O)=1)=2))		YPMYDSHISNOZST-ZDUSSCGKSA-M									PlantCyc/PMN local PGDB
CPD-3441	CPD-3441	(3R,4R)-7,2'-dihydroxy-4'-methoxyisoflavanol	288.0997736241					C16H16O5			plantcyc <https://plantcyc.org/>	(3R,4R)-DMI // (3R,4R)-4'-methoxyisoflavan-2',4,7-triol	288.0997736241	COC3(\C=C/C([C@H]1([C@H](C2(\C(\OC1)=C/C(/O)=C\C=2))O))=C(/C=3)O)		YZBBUYKPTHDZHF-BBRMVZONSA-N									PlantCyc/PMN local PGDB
CPD-15218	CPD-15218	gibberellin A 6	346.1416384388					C19H21O6			plantcyc <https://plantcyc.org/>	GA6 // gibberellic acid A 6	346.1416384388	C=C1([C@@]4(O)(C[C@]5(C1)([C@H]([C@@H]6([C@]3(C(=O)O[C@](CC2(OC23))([C@@H](CC4)5)6)(C)))C([O-])=O)))		XNBWKKYPKJHUKD-SUPOWNCOSA-M									PlantCyc/PMN local PGDB
CPD-313	CPD-313	propane-1,3-diamine	74.0843983314					C3H12N2			plantcyc <https://plantcyc.org/>	trimethylenediamine // 1,3-propanediamine // 1,3-diaminopropane // 1,3-DAP	74.0843983314	C(CC[NH3+])[NH3+]		XFNJVJPLKCPIBV-UHFFFAOYSA-P									PlantCyc/PMN local PGDB
CPD-14835	CPD-14835	curcumin 4'- O -beta- D -gentiotrioside	854.2844586691					C39H50O21			plantcyc <https://plantcyc.org/>		854.2844586691	COC5(/C=C(/C=C/C(/O)=C/C(/C=C/C4(/C=C(C(/O[C@H]1([C@@H]([C@H]([C@@H]([C@H](O1)CO[C@H]2([C@@H]([C@H]([C@@H]([C@H](O2)CO[C@H]3([C@@H]([C@H]([C@@H]([C@H](O3)CO)O)O)O))O)O)O))O)O)O))=C\C=4)/OC))=O)\C=C/C(/O)=5)		UXXXEKHHDZDJJQ-OFBQGYNZSA-N									PlantCyc/PMN local PGDB
CPD-10330	CPD-10330	alpha-D-ribofuranose	150.0528234315					C5H10O5			plantcyc <https://plantcyc.org/>	alpha D-ribose	150.0528234315	C(O)[C@@H]1([C@H]([C@H]([C@@H](O)O1)O)O)		HMFHBZSHGGEWLO-AIHAYLRMSA-N									PlantCyc/PMN local PGDB
CPD0-1367	CPD0-1367	menaquinone-1	240.1150297578					C16H16O2			plantcyc <https://plantcyc.org/>	vitamin MK 1 // 2-methyl-3-(3-methyl-2-butenyl)naphthoquinone	240.1150297578	CC(C)=CCC1(\C(=O)C2(\C(\C(=O)C(/C)=1)=C/C=C\C=2))		ABSPRNADVQNDOU-UHFFFAOYSA-N									PlantCyc/PMN local PGDB
CPD1F-437	CPD1F-437	quercetin-3-O-beta-D-glucoside	464.0954761072					C21H19O12			plantcyc <https://plantcyc.org/>	quercetin-3-glucoside // isoquercetin // isoquercitrin // isotrifoliin // glucosyl 3-quercetin // quercetin-3-O-beta-D-glucopyranoside	464.0954761072	C(O)[C@@H]1([C@@H](O)[C@H](O)[C@@H](O)[C@@H](O1)OC3(\C(=O)C4(/C(/OC(\C2(/C=C(C(/O)=C\C=2)/O))=3)=C\C(\[O-])=C/C(/O)=4)))		OVSQVDMCBVZWGM-QSOFNFLRSA-M									PlantCyc/PMN local PGDB
CPD-12495	CPD-12495	(22R,23R)-22,23-dihydroxycampesterol	432.3603454071					C28H48O3			plantcyc <https://plantcyc.org/>		432.3603454071	CC(C)[C@H](C)[C@@H](O)[C@H](O)[C@@H](C)[C@H]3(CC[C@H]4([C@@H]2(C\C=C1(C[C@@H](O)CC[C@@](C)1[C@H]2CC[C@](C)34))))		UJGZOSZMMQGHPD-GTYSVAQVSA-N									PlantCyc/PMN local PGDB
CPD-8162	CPD-8162	1-18:3-2-16:0-digalactosyldiacylglycerol	914.5966720921					C49H86O15			plantcyc <https://plantcyc.org/>	18:3-16:0-DGDG	914.5966720921	CC\C=C/C\C=C/C\C=C/CCCCCCCC(OC[C@H](CO[C@@H]2(O[C@H](CO[C@@H]1(O[C@H](CO)[C@H](O)[C@H](O)[C@@H](O)1))[C@H](O)[C@H](O)[C@@H](O)2))OC(=O)CCCCCCCCCCCCCCC)=O		IJEZFJFCQWYKEM-HZDSJJKASA-N									PlantCyc/PMN local PGDB
CPD-13570	CPD-13570	zealexin A2	250.1568945725					C15H21O3			plantcyc <https://plantcyc.org/>	(4S)-4-(5,5-dimethylcyclohex-1-en-1-yl)-4-hydroxycyclohex-1-ene-1-carboxylic acid	250.1568945725	CC2(C)(CC(/[C@]1(O)(C/C=C(CC1)/C([O-])=O))=C\CC2)		LADBPVPUWQYSSY-HNNXBMFYSA-M									PlantCyc/PMN local PGDB
CPD-13093	CPD-13093	15,16-DiHODE	312.2300595156					C18H31O4			plantcyc <https://plantcyc.org/>	(9Z,12Z)-15,16-dihydroxyoctadeca-9,12-dienoic acid // (9Z,12Z)-15,16-dihydroxyoctadecadienoate // (9Z,12Z)-15,16-dihydroxyoctadeca-9,12-dienoate	312.2300595156	CCC(O)C(O)C\C=C/C\C=C/CCCCCCCC(=O)[O-]		LKLLJYJTYPVCID-OHPMOLHNSA-M									PlantCyc/PMN local PGDB
CPD-8908	CPD-8908	(-)-lariciresinol	360.157288503					C20H24O6			plantcyc <https://plantcyc.org/>		360.157288503	COC3(\C(\O)=C/C=C(C[C@H]2([C@@H](CO)[C@H](C1(\C=C/C(/O)=C(/C=1)/OC))OC2))\C=3)		MHXCIKYXNYCMHY-SXGZJXTBSA-N									PlantCyc/PMN local PGDB
CPD-1091	CPD-1091	( S )-ureidoglycolate	134.0327566914					C3H5N2O4			plantcyc <https://plantcyc.org/>	(-)-ureidoglycolate // ureidoglycolate // ( S )-(-)-ureidoglycolate // (2S)-(carbamoylamino)(hydroxy)acetate	134.0327566914	[C@@H](O)(C([O-])=O)NC(N)=O		NWZYYCVIOKVTII-SFOWXEAESA-M									PlantCyc/PMN local PGDB
LINOLENIC_ACID	LINOLENIC_ACID	alpha-linolenate	278.2245802072					C18H29O2			plantcyc <https://plantcyc.org/>	(9,12,15)-linolenic acid // linolenate // 9Z,12Z,15Z-octadecatrienoate // 9Z,12Z,15Z-octadecatrienoic acid // (9,12,15)-linolenate // alpha-linolenic acid	278.2245802072	CC\C=C/C\C=C/C\C=C/CCCCCCCC(=O)[O-]		DTOSIQBPPRVQHS-PDBXOOCHSA-M									PlantCyc/PMN local PGDB
CPD1F-120	CPD1F-120	gibberellin A 24	346.1780239451					C20H24O5			plantcyc <https://plantcyc.org/>	GA24	346.1780239451	C=C1([C@H]2(C[C@]3(C1)([C@H]([C@@H]4([C@@](C)(CCC[C@@](C=O)([C@@H](CC2)3)4)C([O-])=O))C([O-])=O)))		QQRSSHFHXYSOMF-CXXOJBQZSA-L									PlantCyc/PMN local PGDB
CPD-12024	CPD-12024	Se -methyl-L-selenocysteine	182.9798503383					C4H9NO2SE			plantcyc <https://plantcyc.org/>	methylselenocysteine // Se -methylselenocysteine // selenomethylselenocysteine	182.9798503383	C[Se]C[C@H]([NH3+])C([O-])=O		XDSSPSLGNGIIHP-VKHMYHEASA-N									PlantCyc/PMN local PGDB
CPD-15834	CPD-15834	2,3-dimethyl-6-geranylgeranyl-1,4-benzoquinol	410.3184805924					C28H42O2			plantcyc <https://plantcyc.org/>		410.3184805924	CC(C)=CCCC(\C)=C/CCC(\C)=C/CCC(\C)=C/CC1(/C=C(C(/C)=C(C)/C(/O)=1)/O)		QFMVWSPTQOCGTB-TUZVQDLTSA-N									PlantCyc/PMN local PGDB
CPD66-34	CPD66-34	1,2-dipalmitoyl- sn -glycerol	568.5066752933					C35H68O5			plantcyc <https://plantcyc.org/>	1,2-dipalmitoylglycerol	568.5066752933	CCCCCCCCCCCCCCCC(OC[C@@H](OC(=O)CCCCCCCCCCCCCCC)CO)=O		JEJLGIQLPYYGEE-XIFFEERXSA-N									PlantCyc/PMN local PGDB
CPD-6978	CPD-6978	4-coumaroyl-3',4'-dihydroxyphenyllactate	344.0896028683					C18H15O7			plantcyc <https://plantcyc.org/>	4-coumaroyl-3',4'-dihydroxyphenyllactic acid	344.0896028683	C(/C=C/C1(\C=C/C(/O)=C\C=1))(O[C@H](CC2(\C=C/C(/O)=C(\C=2)/O))C(=O)[O-])=O		KIMHJUCTTIEANQ-KZJSRBBCSA-M									PlantCyc/PMN local PGDB
CPD-13430	CPD-13430	3,6-anhydro-alpha-L-galactopyranose	162.0528234315					C6H10O5			plantcyc <https://plantcyc.org/>	(1R,3R,4S,5S,8R)-2,6-dioxabicyclo[3.2.1]octane-3,4,8-triol	162.0528234315	C1(O[C@H]2([C@@H]([C@H]1O[C@H]([C@@H](O)2)O)O))		DCQFFOLNJVGHLW-DSOBHZJASA-N									PlantCyc/PMN local PGDB
CPD-26676	CPD-26676	S -lactoylglutathione hemithioacetal	379.1049353565					C13H20N3O8S			plantcyc <https://plantcyc.org/>		379.1049353565	CC(=O)C(O)SC[C@@H](C(NCC([O-])=O)=O)NC(=O)CC[C@H]([NH3+])C([O-])=O		NITDPUFIYQDBCA-UDUUBDRPSA-M									PlantCyc/PMN local PGDB
AMINO-RIBOSYLAMINO-1H-3H-PYR-DIONE	AMINO-RIBOSYLAMINO-1H-3H-PYR-DIONE	5-amino-6-(D-ribitylamino)uracil	276.106984267					C9H16N4O6			plantcyc <https://plantcyc.org/>	6-(1-D-ribitylamino)-5-amino-2,4-dihydroxypyrimidine // 5-amino-6-ribitylamino-2,4(1H,3H)-pyrimidinedione // 6-(1-D-ribitylamino)-5-aminouracil // 5-amino-6-(1-D-ribitylamino)pyrimidine-2,4(1H,3H)-dione	276.106984267	C(NC1(NC(NC(=O)C(N)=1)=O))[C@H](O)[C@H](O)[C@H](O)CO		XKQZIXVJVUPORE-RPDRRWSUSA-N									PlantCyc/PMN local PGDB
CPD-8088	CPD-8088	1-linoleoyl-2-oleoyl-phosphatidylcholine	785.5934551884					C44H82NO8P			plantcyc <https://plantcyc.org/>	phosphatidylcholine (1-18:2-2-18:1) // 18:2-18:1-PC // 1-18:2-2-18:1-phosphatidylcholine	785.5934551884	CCCCC\C=C/C\C=C/CCCCCCCC(OC[C@@H](OC(=O)CCCCCCC\C=C/CCCCCCCC)COP([O-])(=O)OCC[N+](C)(C)C)=O		RTAZWRZKFSTMOY-NMSVECGZSA-N									PlantCyc/PMN local PGDB
CPDQT-284	CPDQT-284	glucoalyssin	451.0640580987					C13H24NO10S3			plantcyc <https://plantcyc.org/>	5-(methylsulfinyl)pentyl-glucosinolate	451.0640580987	CS(=O)CCCCCC(\S[C@@H]1(O[C@H](CO)[C@@H](O)[C@H](O)[C@@H](O)1))=N\OS(=O)(=O)[O-]		HUCGRJSHMZWRQQ-PWGYDFSISA-M									PlantCyc/PMN local PGDB
CPD-25934	CPD-25934	9-hydroperoxytraumatin	244.1310737525					C12H19O5			plantcyc <https://plantcyc.org/>	(10 E )-9-hydroperoxy-12-oxo-dodecenoate // (10 E )-9-hydroperoxy-12-oxo-dodecenoic acid // (10 E )-9-hydroperoxytraumatin	244.1310737525	C(/C=C/C(OO)CCCCCCCC(=O)[O-])=O		KVBXTYVVYKUGIO-SOFGYWHQSA-M									PlantCyc/PMN local PGDB
DITP	DITP	dITP	491.9848461196					C10H11N4O13P3			plantcyc <https://plantcyc.org/>	deoxyinosine triphosphate	491.9848461196	C(OP(=O)([O-])OP(=O)([O-])OP(=O)([O-])[O-])[C@H]3(O[C@@H](N1(C2(\N=C/NC(=O)C(\N=C/1)=2)))C[C@H](O)3)		UFJPAQSLHAGEBL-RRKCRQDMSA-J									PlantCyc/PMN local PGDB
CPD-9329	CPD-9329	( E )-8-methylnon-6-enoate	170.130679822					C10H17O2			plantcyc <https://plantcyc.org/>	( E )-8-methyl-6-nonenoic acid // ( E )-8-methyl-6-nonenoate	170.130679822	CC(/C=C/CCCCC([O-])=O)C		OCALSPDXYQHUHA-FNORWQNLSA-M									PlantCyc/PMN local PGDB
CPD-22323	CPD-22323	TRIMBOA-beta-D-glucoside	389.0958104582					C15H19NO11			plantcyc <https://plantcyc.org/>	TRIMBOA-Glc // 2-(2,4,7-trihydroxy-8-methoxy-1,4-benzoxazin-3-one)-b-D-glucopyranose	389.0958104582	COC3(/C(/O)=C\C=C2(C(\OC(O[C@@H]1(O[C@H](CO)[C@@H](O)[C@H](O)[C@@H](O)1))C(=O)N(O)2)=3))		KLMJJYDVWFCOQY-FTDMXLNHSA-N									PlantCyc/PMN local PGDB
TRIFLUOROMETHIONINE	TRIFLUOROMETHIONINE	trifluoromethionine	203.0227837962					C5H8NO2SF3			plantcyc <https://plantcyc.org/>	S -trifluoromethyl-L-homocysteine	203.0227837962	C(C[C@@H](C(=O)[O-])[NH3+])SC(F)(F)F		YLJLTSVBCXYTQK-VKHMYHEASA-N									PlantCyc/PMN local PGDB
CPD1F-115	CPD1F-115	delta-carotene	536.4382017976					C40H56			plantcyc <https://plantcyc.org/>	epsilon,&psi;-carotene	536.4382017976	CC(C)=CCCC(\C)=C/C=C/C(\C)=C/C=C/C(\C)=C/C=C/C=C(C)/C=C/C=C(C)/C=C/[C@@H]1(C(C)(C)CC\C=C(C)/1)		WGIYGODPCLMGQH-GOXCNPTKSA-N									PlantCyc/PMN local PGDB
CPD-7002	CPD-7002	dihydrogeranylgeranyl diphosphate	452.2092765945					C20H35O7P2			plantcyc <https://plantcyc.org/>	dihydroGGPP // dihydrogeranylgeranyl-PP // dihydrogeranylgeranyl pyrophosphate	452.2092765945	CC(C)=CCCC(\C)=C/CC[C@H](CCCC(\C)=C/COP([O-])(=O)OP([O-])(=O)[O-])C		YJGANOFPASCZBK-WCNZLWBOSA-K									PlantCyc/PMN local PGDB
CPD-2187	CPD-2187	1-18:1-2-16:0-monogalactosyldiacylglycerol	756.575148789					C43H80O10			plantcyc <https://plantcyc.org/>	18:1-16:0-MGDG // 1-(9Z-octadecenoyl)-2-hexadecanoyl-3-O-beta-D-galactosyl-sn-glycerol	756.575148789	CCCCCCCC\C=C/CCCCCCCC(OC[C@H](CO[C@@H]1(O[C@@H]([C@@H]([C@@H]([C@H]1O)O)O)CO))OC(CCCCCCCCCCCCCCC)=O)=O		JBZBYHKCRFIXBI-OTVPKONDSA-N									PlantCyc/PMN local PGDB
L-GLYCERALDEHYDE-3-PHOSPHATE	L-GLYCERALDEHYDE-3-PHOSPHATE	L-glyceraldehyde 3-phosphate	169.9980244673					C3H5O6P			plantcyc <https://plantcyc.org/>	L-glyceraldehyde-3-phosphate // L-GAP	169.9980244673	C(OP(=O)([O-])[O-])[C@H](O)C=O		LXJXRIRHZLFYRP-GSVOUGTGSA-L									PlantCyc/PMN local PGDB
CPD-13811	CPD-13811	DIBOA-beta-D-glucoside	343.0903311498					C14H17NO9			plantcyc <https://plantcyc.org/>	(2 R )-4-hydroxy-3-oxo-3,4-dihydro-2 H -1,4-benzoxazin-2-yl beta-D-glucopyranoside	343.0903311498	C3(\C=C2(C(/OC(O[C@@H]1(O[C@H](CO)[C@@H](O)[C@H](O)[C@@H](O)1))C(=O)N(O)2)=C\C=3))		OUSLYTBGQGKTME-BJPDSMLBSA-N									PlantCyc/PMN local PGDB
17-O-ACETYLNORAJMALINE	17-O-ACETYLNORAJMALINE	17- O -acetylnorajmaline	354.1943427113					C21H26N2O3			plantcyc <https://plantcyc.org/>	acetylnorajmaline	354.1943427113	CC[C@H]3([C@@H]2(C4([C@@H](OC(=O)C)C15(C6(\C(\N[C@H]1[C@H](C2)N([C@H](O)3)[C@H]4C5)=C/C=C\C=6)))))		VAOXSMUPPRUEKF-ZXDSMUBISA-N									PlantCyc/PMN local PGDB
CPD-7090	CPD-7090	delphinidin	303.0504777078					C15H9O7			plantcyc <https://plantcyc.org/>	delfinidin	303.0504777078	C3(/C(/O)=C(C(/O)=C\C(\C1(C(/[O-])=C\C2(\C(\[O+]=1)=C/C(/O)=C\C(\[O-])=2)))=3)/O)		JKHRCGUTYDNCLE-UHFFFAOYSA-M									PlantCyc/PMN local PGDB
CPD-7228	CPD-7228	3''-deamino-3''-oxonicotianamine	302.1114009429					C12H17N2O7			plantcyc <https://plantcyc.org/>		302.1114009429	C([C@H](CC[NH+]1([C@@H](CC1)C([O-])=O))[NH2+]CCC(C([O-])=O)=O)([O-])=O		PSBHIGYNXQIUQY-YUMQZZPRSA-M									PlantCyc/PMN local PGDB
CPD-8078	CPD-8078	1-18:3-2-16:2-monogalactosyldiacylglycerol	748.5125485322					C43H72O10			plantcyc <https://plantcyc.org/>	18:3-16:2-MGDG // 1-(9Z,12Z,15Z-octadecatrienoyl)-2-(7Z,10Z-hexadecadienoyl)-3-O-beta-D-galactosyl-sn-glycerol	748.5125485322	CC\C=C/C\C=C/C\C=C/CCCCCCCC(OC[C@H](CO[C@@H]1(O[C@@H]([C@@H]([C@@H]([C@H]1O)O)O)CO))OC(CCCCC\C=C/C\C=C/CCCCC)=O)=O		WSMYBUVBFWDMEC-SBPCIGHSSA-N									PlantCyc/PMN local PGDB
CPD-26993	CPD-26993	astragaloside VII	946.5137303237					C47H78O19			plantcyc <https://plantcyc.org/>	3- O -beta-D-xylopyranosyl-6- O -beta-D-glucopyranosyl-25- O -beta-D-glucopyranosylcycloastragenol	946.5137303237	CC2([C@H]5([C@@]9(CC[C@H](O[C@H]1([C@H](O)[C@@H](O)[C@H](O)CO1))2)(C[C@]3(CC[C@]8([C@](C)([C@@H]3C[C@H](O[C@H]4([C@H](O)[C@@H](O)[C@H](O)[C@@H](CO)O4))5)C[C@@H]([C@@H]([C@]6(CC[C@H](O6)C(C)(O[C@H]7([C@H](O)[C@@H](O)[C@H](O)[C@@H](CO)O7))C)C)8)O)C)9)))C		YDELUYNKSQLCJK-WJFBLDTJSA-N									PlantCyc/PMN local PGDB
CPD-15642	CPD-15642	UDP-2-acetamido-2,6-dideoxy-beta-L- lyxo -4-hexulose	589.0710047917					C17H23N3O16P2			plantcyc <https://plantcyc.org/>		589.0710047917	C[C@H]3(C(=O)[C@H]([C@H]([C@@H](OP(OP(OC[C@@H]2([C@H]([C@H]([C@H](N1(\C=C/C(=O)NC1=O))O2)O)O))(=O)[O-])(=O)[O-])O3)NC(C)=O)O)		XBILTLYIKDPORV-BFGNOKPYSA-L									PlantCyc/PMN local PGDB
CPD-411	CPD-411	N -caffeoylputrescine	250.1317424545					C13H19N2O3			plantcyc <https://plantcyc.org/>		250.1317424545	C(CCCNC(=O)/C=C/C1(\C=C/C(/O)=C(C=1)/O))[NH3+]		KTZNZCYTXQYEHT-GQCTYLIASA-O									PlantCyc/PMN local PGDB
GAMMA-GLUTAMYL-PUTRESCINE	GAMMA-GLUTAMYL-PUTRESCINE	gamma-glutamyl-L-putrescine	217.1426414918					C9H20N3O3			plantcyc <https://plantcyc.org/>	gamma-L glutamylputrescine // gamma-Glu-Put // gamma-glutamylputrescine	217.1426414918	C([NH3+])CCCNC(=O)CC[C@H]([NH3+])C(=O)[O-]		WKGTVHGVLRCTCF-ZETCQYMHSA-O									PlantCyc/PMN local PGDB
CPD-7608	CPD-7608	24-hydroxy-beta-amyrin	442.3810808492					C30H50O2			plantcyc <https://plantcyc.org/>	olean-12-ene-3beta,24-diol	442.3810808492	C[C@@]4(CC5(C2(\[C@]([C@@]1(CCC3([C@]([C@H](CC[C@](C1C\C=2)3C)O)(CO)C))C)(CC[C@@](CC4)5C)C)))C		NTWLPZMPTFQYQI-PXOHOISBSA-N									PlantCyc/PMN local PGDB
CPD-15224	CPD-15224	2',3'-cyclic GMP-AMP	674.0999539297					C20H22N10O13P2			plantcyc <https://plantcyc.org/>	cyclic Gp(2'-5')Ap(3'-5') // cyclic GMP-AMP (ambiguous) // c-GMP-AMP (ambiguous) // cyclo[(3'->5')-guanylyl-(2'->5')-adenylyl] // cyclic 2',3'-AMP-GMP	674.0999539297	C1([C@@H]7([C@@H](O)[C@@H](OP([O-])(=O)OC[C@@H]4([C@@H](OP([O-])(=O)O1)[C@@H](O)[C@H](N2(C3(\N=C/N=C(C(\N=C/2)=3)/N)))O4))[C@H](N5(C6(\N=C(N)/NC(=O)C(\N=C/5)=6)))O7))		XRILCFTWUCUKJR-INFSMZHSSA-L									PlantCyc/PMN local PGDB
2-COUMARATE	2-COUMARATE	trans -2-coumarate	164.0473441231					C9H7O3			plantcyc <https://plantcyc.org/>	trans -2-hydroxycinnamate // o -coumarate // 3-(2-hydroxyphenyl)acrylate	164.0473441231	C(/C=C/C1(\C=C/C=C\C(O)=1))([O-])=O		PMOWTIHVNWZYFI-AATRIKPKSA-M									PlantCyc/PMN local PGDB
CPD-9610	CPD-9610	all- trans -decaprenyl diphosphate	858.5692280711					C50H81O7P2			plantcyc <https://plantcyc.org/>		858.5692280711	CC(C)=CCCC(\C)=C/CCC(\C)=C/CCC(\C)=C/CCC(\C)=C/CCC(\C)=C/CCC(\C)=C/CCC(\C)=C/CCC(\C)=C/CCC(\C)=C/COP(=O)([O-])OP(=O)([O-])[O-]		FSCYHDCTHRVSKN-CMVHWAPMSA-K									PlantCyc/PMN local PGDB
CPD-21252	CPD-21252	beta-D-idopyranuronate	194.0426526757					C6H9O7			plantcyc <https://plantcyc.org/>	beta-D-idopyranuronic acid	194.0426526757	C([O-])(=O)[C@H]1(O[C@@H](O)[C@@H](O)[C@H](O)[C@@H](O)1)		AEMOLEFTQBMNLQ-LVBGKUAWSA-M									PlantCyc/PMN local PGDB
CPD-12572	CPD-12572	tricin	330.0739528041					C17H13O7			plantcyc <https://plantcyc.org/>	3',5'- O -dimethyltricetin	330.0739528041	COC1(/C=C(/C=C(C(\O)=1)/OC)/C2(/OC3(/C=C(/C=C(C(\C(=O)\C=2)=3)/O)/[O-])))		HRGUSFBJBOKSML-UHFFFAOYSA-M									PlantCyc/PMN local PGDB
D-LACTATE	D-LACTATE	( R )-lactate	90.0316940589					C3H5O3			plantcyc <https://plantcyc.org/>	( R )-2-hydroxypropanate // D-lactate // ( R )-lactic acid // D-lactic acid	90.0316940589	C[C@H](C([O-])=O)O		JVTAAEKCZFNVCJ-UWTATZPHSA-M									PlantCyc/PMN local PGDB
CPD-13092	CPD-13092	12,13-DiHODE	312.2300595156					C18H31O4			plantcyc <https://plantcyc.org/>	(9Z,15Z)-12,13-dihydroxyoctadeca-9,15-dienoic acid // (9Z,15Z)-12,13-dihydroxyoctadecadienoate // (9Z,15Z)-12,13-dihydroxyoctadeca-9,15-dienoate	312.2300595156	CC\C=C/CC(O)C(O)C\C=C/CCCCCCCC(=O)[O-]		RGRKFKRAFZJQMS-OOHFSOINSA-M									PlantCyc/PMN local PGDB
CPD-7712	CPD-7712	neopinone	297.1364934814					C18H20NO3			plantcyc <https://plantcyc.org/>		297.1364934814	C[NH+]5(CC[C@@]12([C@@H]4(C(=O)C/C=C1/[C@@H](CC3(\C2=C(C(/OC)=C\C=3)O4))5)))		LJVKMVSYTWPNGA-UUWFMWQGSA-O									PlantCyc/PMN local PGDB
CPD-7015	CPD-7015	7 1 -hydroxychlorophyllide a	630.2328767448					C35H32N4O6MG			plantcyc <https://plantcyc.org/>	7-hydroxychlorophyllide a (misleading)	630.2328767448	C=CC4(\C(/C)=C5(\C=C7([C@@H](C)[C@H](CCC(=O)[O-])C(\C6(/[C@@H-](C(OC)=O)C(=O)C1(\C(\N2([Mg]N(C(/C=C3(C(/CO)=C(CC)\C(/C=C(C(\C)=1)\2)=N3))=4)5))=6)))=N7)))											PlantCyc/PMN local PGDB
CPD-11529	CPD-11529	(+)-7- epi -jasmonoyl-CoA	959.2302381234					C33H48N7O18P3S			plantcyc <https://plantcyc.org/>	(+)-7-iso-jasmonoyl-CoA	959.2302381234	CC\C=C/C[C@@H]1(C(=O)CC[C@@H]1CC(SCCNC(=O)CCNC(=O)[C@H](O)C(C)(C)COP(=O)(OP(=O)(OC[C@@H]2([C@@H](OP([O-])(=O)[O-])[C@@H](O)[C@@H](O2)N3(C4(\N=C/N=C(C(\N=C/3)=4)/N))))[O-])[O-])=O)		WQKKCPPNDKSAIU-CBGYDUJUSA-J									PlantCyc/PMN local PGDB
CPD-12208	CPD-12208	4-coumaroyl-diketide	206.0579088094					C11H9O4			plantcyc <https://plantcyc.org/>	p-coumaroyl-diketide // (4E)-5-(4-hydroxyphenyl)-3-oxopent-4-enoic acid	206.0579088094	C1(/C=C(\C=C/C(/C=C/C(=O)CC([O-])=O)=1)/O)		VKCHGHDJFMXENE-ZZXKWVIFSA-M									PlantCyc/PMN local PGDB
STRICTOSIDINE	STRICTOSIDINE	3-alpha( S )-strictosidine	530.2264307007					C27H35N2O9			plantcyc <https://plantcyc.org/>	strictosidine	530.2264307007	C=C[C@@H]4([C@H](C[C@H]1(C2(\NC3(\C(/C(\CC[NH2+]1)=2)=C/C=C\C=3))))C(/C(=O)OC)=C\O[C@H]4O[C@@H]5(O[C@@H]([C@H]([C@@H]([C@H]5O)O)O)CO))		XBAMJZTXGWPTRM-NTXHKPOFSA-O									PlantCyc/PMN local PGDB
CPD-13626	CPD-13626	[(4S)-4-(5,5-dimethylcyclohex-1-en-1-yl)-cyclohex-1-en-1-yl] methanol	220.1827153925					C15H24O			plantcyc <https://plantcyc.org/>		220.1827153925	CC2(C)(CC(/[C@@H]1(C/C=C(CC1)/CO))=C\CC2)		TWLSWZMXZCBDMX-CYBMUJFWSA-N									PlantCyc/PMN local PGDB
CPD-6981	CPD-6981	(R)-rosmarinate	360.0845174904					C18H15O8			plantcyc <https://plantcyc.org/>	(2R)-O-caffeoyl-3-(3,4-dihydroxyphenyl)lactate	360.0845174904	C(O[C@@H](C(=O)[O-])CC1(\C=C/C(/O)=C(\C=1)/O))(=O)/C=C/C2(/C=C(C(/O)=C\C=2)/O)		DOUMFZQKYFQNTF-WUTVXBCWSA-M									PlantCyc/PMN local PGDB
CPD-27139	CPD-27139	beta-colubrine	364.1786926471					C22H25N2O3			plantcyc <https://plantcyc.org/>	2-methoxystrychnine	364.1786926471	COC7(\C=C6([C@@]15(CC[NH+]2(CC3(\[C@H](C[C@@H]12)[C@H]4([C@@H](OC/C=3)CC(=O)N([C@@H]45)C/6=C/C=7))))))		ZTHVHELPCLGXHF-JPPAUQSISA-O									PlantCyc/PMN local PGDB
CPD-23979	CPD-23979	17beta-hydroxyandrost-5-en-3-one	288.208930143					C19H28O2			plantcyc <https://plantcyc.org/>	3-oxo-androst-5-ene-17beta-ol	288.208930143	C[C@@]12(CCC(=O)CC/1=C\C[C@@H]3([C@@H]2CC[C@]4(C)([C@@H](O)CC[C@@H]34)))		SEDRVEWTPRTLOZ-DYKIIFRCSA-N									PlantCyc/PMN local PGDB
CPD-22762	CPD-22762	(3beta,9beta)-4alpha-demethyl-4alpha-formyl-9,19-cyclolanost-3-ol	442.3810808492					C30H50O2			plantcyc <https://plantcyc.org/>		442.3810808492	CC(C)CCC[C@@H](C)[C@H]3(CC[C@@]4(C)([C@@H]1(CC[C@H]5([C@@](C=O)(C)[C@@H](O)CC[C@@]2(C[C@@]12CC[C@](C)34)5))))		XEGWDDJDOFYUBF-BPYUMQNDSA-N									PlantCyc/PMN local PGDB
CPD-24090	CPD-24090	norfluorocurarine	292.1575632745					C19H21N2O			plantcyc <https://plantcyc.org/>	(19 E )-cura-2(16),19-dien-17-al	292.1575632745	C/C=C4([C@@H]2(C[C@H]5([C@]1(C3(/C=C\C=C/C(/NC\1=C2/C=O)=3))(CC[NH+](C4)5))))		VFUITWPFKLGEQA-UQZDHWHBSA-O									PlantCyc/PMN local PGDB
CPD-8910	CPD-8910	(+)-secoisolariciresinol	362.1729385672					C20H26O6			plantcyc <https://plantcyc.org/>	8S,8'S-secoisolariciresinol // SS-secoisolariciresinol	362.1729385672	COC2(\C(\O)=C/C=C(C[C@@H]([C@H](CC1(\C=C/C(/O)=C(\C=1)/OC))CO)CO)\C=2)		PUETUDUXMCLALY-HZPDHXFCSA-N									PlantCyc/PMN local PGDB
CPDQT-273	CPDQT-273	gluconapin	373.050122594					C11H18NO9S2			plantcyc <https://plantcyc.org/>	3-butenyl-glucosinolate // but-3-enyl-glucosinolate // 4-isothiocyanato-1-butene-glucosinolate	373.050122594	C=CCCC(\S[C@@H]1(O[C@H](CO)[C@@H](O)[C@H](O)[C@@H](O)1))=N\OS(=O)(=O)[O-]		PLYQBXHVYUJNQB-IIPHORNXSA-M									PlantCyc/PMN local PGDB
CPD-14276	CPD-14276	(3 R )-3-hydroxybehenoyl-CoA	1105.433688958					C43H74N7O18P3S			plantcyc <https://plantcyc.org/>	(3 R )-3-hydroxydocosanoyl-CoA	1105.433688958	CCCCCCCCCCCCCCCCCCC[C@@H](O)CC(=O)SCCNC(=O)CCNC([C@H](O)C(C)(C)COP([O-])(=O)OP([O-])(=O)OC[C@@H]1([C@@H](OP(=O)([O-])[O-])[C@@H](O)[C@@H](O1)N2(\C=N/C3(C(/N)=N\C=N/C2=3))))=O		VNJQSRVXTRJVAZ-ZUIQSSPPSA-J									PlantCyc/PMN local PGDB
S-ADENOSYL-4-METHYLTHIO-2-OXOBUTANOATE	S-ADENOSYL-4-METHYLTHIO-2-OXOBUTANOATE	S-adenosyl-4-methylsulfanyl-2-oxobutanoate	399.1212541227					C15H19N5O6S			plantcyc <https://plantcyc.org/>	S-adenosyl-4-methylthio-2-oxobutanoate	399.1212541227	C[S+](C[C@H]3(O[C@@H](N1(C2(\C(\N=C/1)=C(N)/N=C\N=2)))[C@H](O)[C@H](O)3))CCC(C(=O)[O-])=O		UOKVQQMBGVMXPU-BPIXLOBBSA-N									PlantCyc/PMN local PGDB
CPD-4141	CPD-4141	24-methyldesmosterol	398.3548660987					C28H46O			plantcyc <https://plantcyc.org/>		398.3548660987	CC(C)=C(C)CC[C@@H](C)[C@H]3(CC[C@H]4([C@@H]2(C\C=C1(C[C@@H](O)CC[C@@](C)1[C@H]2CC[C@](C)34))))		YTFTXKBJICNYCV-PXBBAZSNSA-N									PlantCyc/PMN local PGDB
CPDQT-296	CPDQT-296	7-(methylsulfanyl)heptyl-glucosinolate	463.100443605					C15H28NO9S3			plantcyc <https://plantcyc.org/>	7-(methylthio)heptyl-glucosinolate	463.100443605	CSCCCCCCCC(\S[C@@H]1(O[C@H](CO)[C@@H](O)[C@H](O)[C@@H](O)1))=N\OS(=O)(=O)[O-]		SJHVRBSHKTUXLG-OOMJLXHVSA-M									PlantCyc/PMN local PGDB
CPD-23340	CPD-23340	( E )-8-methylnon-6-enoyl-CoA	919.2353235013					C31H48N7O17P3S			plantcyc <https://plantcyc.org/>		919.2353235013	CC(/C=C/CCCCC(SCCNC(=O)CCNC(=O)[C@H](O)C(C)(C)COP(OP([O-])(OC[C@@H]1([C@@H](OP([O-])([O-])=O)[C@@H](O)[C@@H](O1)N2(C3(\C(\N=C/2)=C(N)/N=C\N=3))))=O)([O-])=O)=O)C		JGNCYWQFXLYWMO-RSERDAIDSA-J									PlantCyc/PMN local PGDB
PHYTOSPINGOSINE	PHYTOSPINGOSINE	phytosphingosine	317.2929941234					C18H40NO3			plantcyc <https://plantcyc.org/>	4R-hydroxysphinganine (C18) // D- ribo -4-hydroxysphinganine (C18) // t18:0 // phytosphingosine (C18) // 4R-hydroxasphinganine	317.2929941234	CCCCCCCCCCCCCC[C@@H](O)[C@H]([C@H](CO)[NH3+])O		AERBNCYCJBRYDG-KSZLIROESA-O									PlantCyc/PMN local PGDB
CPD-18087	CPD-18087	1,6-dihydro-beta-NAD	665.1247716967					C21H27N7O14P2			plantcyc <https://plantcyc.org/>	6-dihydro-beta-nicotinamide adenine dinucleotide // 6-dihydro-nicotinamide adenine dinucleotide // 6DHNAD	665.1247716967	C1(/N(C\C=C/C(/C(N)=O)=1)[C@@H]5(O[C@H](COP(OP(OC[C@H]4(O[C@@H](N2(C3(\C(\N=C/2)=C(N)/N=C\N=3)))[C@H](O)[C@H](O)4))(=O)[O-])(=O)[O-])[C@@H](O)[C@@H](O)5))		QVQHBKNZCMZBKP-NNYOXOHSSA-L									PlantCyc/PMN local PGDB
2-HYDROXY-2-METHYLPROPANENITRILE	2-HYDROXY-2-METHYLPROPANENITRILE	2-hydroxy-2-methylpropanenitrile	85.052763852					C4H7NO			plantcyc <https://plantcyc.org/>	acetone cyanohydrin // 2-hydroxyisobutyronitrile	85.052763852	CC(O)(C)C#N		MWFMGBPGAXYFAR-UHFFFAOYSA-N									PlantCyc/PMN local PGDB
ENTEROBACTIN	ENTEROBACTIN	enterobactin	669.1442172138					C30H27N3O15			plantcyc <https://plantcyc.org/>	(2,3-dihydroxybenzoylserine) 3 // enterochelin // N -(2,3-dihydroxybenzoyl)- O -[ N -(2,3-dihydroxybenzoyl)- O -[ N -(2,3-dihydroxybenzoyl)-L-seryl]-L-seryl]-L-serine-(3->1(3))-lactone	669.1442172138	C2([C@H](NC(=O)C1(\C(\O)=C(\C=C/C=1)\O))C(OC[C@@H](C(OC[C@@H](C(=O)O2)NC(=O)C3(\C(\O)=C(\C=C/C=3)\O))=O)NC(=O)C4(/C=C\C=C(C(\O)=4)\O))=O)		SERBHKJMVBATSJ-BZSNNMDCSA-N									PlantCyc/PMN local PGDB
PHMB	PHMB	p-hydroxymercuribenzoate	340.0023200589					C7H5O3HG			plantcyc <https://plantcyc.org/>	(p-carboxyphenyl)hydroxymercury // p-hydroxymercuribenzoic acid // PHMB	340.0023200589	C1(=C/C=C(\C=C/1)/C(=O)[O-])[Hg]O		WMHRYLDWLOGHSG-UHFFFAOYSA-L									PlantCyc/PMN local PGDB
CPD-12115	CPD-12115	demethylmenaquinol-8	704.5532315554					C50H72O2			plantcyc <https://plantcyc.org/>	2-demethylmenaquinol-8 // DMKH2-8	704.5532315554	CC(C)=CCCC(\C)=C/CCC(\C)=C/CCC(\C)=C/CCC(\C)=C/CCC(\C)=C/CCC(\C)=C/CCC(\C)=C/CC1(/C=C(C2(/C=C\C=C/C(/C(/O)=1)=2))/O)		FGYPGICSXJEKCG-AENDIINCSA-N									PlantCyc/PMN local PGDB
CPD-8686	CPD-8686	9-oxononanoate	172.1099443799					C9H15O3			plantcyc <https://plantcyc.org/>	9-oxononanoic acid	172.1099443799	C(=O)CCCCCCCC(=O)[O-]		WLGDDELKYAWBBL-UHFFFAOYSA-M									PlantCyc/PMN local PGDB
CPD-9582	CPD-9582	(indol-3-yl)acetyl-L-phenylalanine	322.1317424545					C19H17N2O3			plantcyc <https://plantcyc.org/>	IAA-phenylalanine	322.1317424545	C(CC1(\C2(/C=C\C=C/C(/N\C=1)=2)))(N[C@H](C(=O)[O-])CC3(\C=C/C=C\C=3))=O		BUGQHORRADGONS-KRWDZBQOSA-M									PlantCyc/PMN local PGDB
CPD-13804	CPD-13804	erythromycin A	733.4612412432					C37H68NO13			plantcyc <https://plantcyc.org/>	ilotycin	733.4612412432	CC[C@@H]1([C@](O)(C)[C@H](O)[C@@H](C)C(=O)[C@H](C)C[C@](O)(C)[C@@H]([C@H]([C@@H]([C@H](C(O1)=O)C)O[C@@H]2(O[C@H]([C@H](O)[C@](C)(OC)C2)C))C)O[C@@H]3(O[C@@H](C[C@H]([NH+](C)C)[C@@H](O)3)C))		ULGZDMOVFRHVEP-RWJQBGPGSA-O									PlantCyc/PMN local PGDB
CPDQT-299	CPDQT-299	8-(methylsulfinyl)octyl-glucosinolate	493.1110082913					C16H30NO10S3			plantcyc <https://plantcyc.org/>	glucohirsutin	493.1110082913	CS(=O)CCCCCCCCC(\S[C@@H]1(O[C@H](CO)[C@@H](O)[C@H](O)[C@@H](O)1))=N\OS(=O)(=O)[O-]		GPMDJOOLATZDQL-OTNWBXTQSA-M									PlantCyc/PMN local PGDB
CAMP	CAMP	cyclic-AMP	329.0525196538					C10H11N5O6P			plantcyc <https://plantcyc.org/>	cyclic 3',5'-AMP // 3',5'-cyclic AMP // adenosine cyclic-3',5'-monophosphate // adenosine cyclic-monophosphate // adenosine-cyclic-phosphoric-acid // cAMP // adenosine-cyclic-phosphate // adenosine-3',5'-monophosphate // adenosine 3',5'-cyclic phosphate // adenosine-3',5'-cyclic monophosphate // cyclic-3',5'-adenosine monophosphate	329.0525196538	C3([C@H]4(O[C@@H](N1(C2(\C(\N=C/1)=C(N)/N=C\N=2)))[C@H](O)[C@H](OP([O-])(=O)O3)4))		IVOMOUWHDPKRLL-KQYNXXCUSA-M									PlantCyc/PMN local PGDB
CPD0-1324	CPD0-1324	P1-uridyl-P2-phenyl diphosphate	480.0334970734					C15H16N2O12P2			plantcyc <https://plantcyc.org/>		480.0334970734	C(OP(=O)([O-])OP(=O)(OC1(\C=C/C=C\C=1))[O-])[C@@H]2([C@@H](O)[C@@H](O)[C@@H](O2)N3(\C=C/C(=O)NC(=O)3))		ZHUWBKDWWGKIEN-FMKGYKFTSA-L									PlantCyc/PMN local PGDB
CPD-5881	CPD-5881	4a-hydroxy-L-erythro-5,6,7,8-tetrahydrobiopterin	257.1124039959					C9H15N5O4			plantcyc <https://plantcyc.org/>	4a-hydroxy-5,6,7,8-tetrahydrobiopterin // 4a-hydroxy-tetrahydropterin // (6 R )-6-(L- erythro -1,2-dihydroxypropyl)-5,6,7,8-tetrahydro-4a-hydroxypterin // (6R)-4a-hydroxy-tetrahydrobiopterin	257.1124039959	C[C@H](O)[C@H](O)[C@H]1(CNC2(\[C@@](O)(N1)C(=O)\N=C(N)/N=2))		KJKIEFUPAPPGBC-XXKOCQOQSA-N									PlantCyc/PMN local PGDB
CPD-448	CPD-448	beta-D-glucopyranose 1-phosphate	260.0297185262					C6H11O9P			plantcyc <https://plantcyc.org/>	beta-D-glucose 1-phosphate	260.0297185262	C(O)[C@H]1(O[C@H]([C@@H]([C@H]([C@@H]1O)O)O)OP([O-])([O-])=O)		HXXFSFRBOHSIMQ-DVKNGEFBSA-L									PlantCyc/PMN local PGDB
CPD-8922	CPD-8922	(+)-sesamin	354.1103383104					C20H18O6			plantcyc <https://plantcyc.org/>		354.1103383104	C1(OC2(\C(\O1)=C/C=C(/C=2)/[C@@H]5([C@H]6(CO[C@H](C4(\C=C3(C(/OCO3)=C\C=4)))[C@@H](CO5)6))))		PEYUIKBAABKQKQ-AFHBHXEDSA-N									PlantCyc/PMN local PGDB
7-DEOXYLOGANIN	7-DEOXYLOGANIN	7-deoxyloganin	374.1576824335					C17H26O9			plantcyc <https://plantcyc.org/>		374.1576824335	C[C@H]1(CC[C@H]3([C@@H]1[C@H](O[C@@H]2(O[C@H](CO)[C@@H](O)[C@H](O)[C@@H](O)2))O/C=C3/C(OC)=O))		KMHXLGLJTQHEIM-OUEWTLASSA-N									PlantCyc/PMN local PGDB
EGTA	EGTA	EGTA	380.1430950018					C14H20N2O10			plantcyc <https://plantcyc.org/>	ethyleneglycol-bis-N,N'-tetraacetic acid // egtazic acid	380.1430950018	C(N(CC(=O)[O-])CC(=O)[O-])COCCOCCN(CC(=O)[O-])CC(=O)[O-]		DEFVIWRASFVYLL-UHFFFAOYSA-J									PlantCyc/PMN local PGDB
QUEUINE	QUEUINE	queuine	277.1174893738					C12H16N5O3			plantcyc <https://plantcyc.org/>	7-(3,4-trans-4,5-cis-dihydroxy-1-cyclopenten-3-ylaminomethyl)-7-deazaguanine // base Q	277.1174893738	C12(N/C=C(C(\C(=O)NC(/N)=N/1)=2)/C[NH2+]C3([C@@H](O)[C@@H](O)\C=C/3))		WYROLENTHWJFLR-RSPBLZPZSA-O									PlantCyc/PMN local PGDB
CPD-6626	CPD-6626	curcumin 4',4''-O-beta-D-digentiobioside	1016.3372821006					C45H60O26			plantcyc <https://plantcyc.org/>		1016.3372821006	COC6(/C=C(/C=C/C(/O)=C/C(/C=C/C3(/C=C(C(/O[C@H]1([C@@H]([C@H]([C@@H]([C@H](O1)CO[C@H]2([C@@H]([C@H]([C@@H]([C@H](O2)CO)O)O)O))O)O)O))=C\C=3)/OC))=O)\C=C/C(/O[C@@H]4(O[C@@H]([C@H]([C@@H]([C@H]4O)O)O)CO[C@H]5([C@@H]([C@H]([C@@H]([C@H](O5)CO)O)O)O)))=6)		QQCCVSOGYVAKGY-KQUFAFJRSA-N									PlantCyc/PMN local PGDB
CPD-3631	CPD-3631	(-)-maackiain	284.0684734957					C16H12O5			plantcyc <https://plantcyc.org/>	(6aR,12aR)-6a,12a-dihydro-6H-[1,3]dioxolo[5,6][1]benzofuro[3,2-c]chromen-3-ol // (6aR,12aR)-3-hydroxy-8,9-methylenedioxypterocarpane	284.0684734957	C2(OC5(/C=C(\C=C/C(/[C@@H]3(OC4(/C=C1(C(/OCO1)=C\C(\[C@H]23)=4))))=5)/O))		HUKSJTUUSUGIDC-ZBEGNZNMSA-N									PlantCyc/PMN local PGDB
CPD-15243	CPD-15243	isoarborinol	426.3861662271					C30H50O			plantcyc <https://plantcyc.org/>	arborinol B // (+)-isoarborinol // 3beta-arborinol // D:C-friedo-B':A'-neogammacer-9(11)-en-3-ol, (3beta,8beta,13beta,14alpha,17beta,18alpha,21beta)-	426.3861662271	CC([C@H]3([C@]2(C)(CC[C@@]4(C)([C@@H]1(CC[C@H]5(C(C)(C)[C@@H](O)CC[C@](C)(C/1=C/C[C@](C)([C@H]2CC3)4)5))))))C		VWYANPOOORUCFJ-MBVQSDBHSA-N									PlantCyc/PMN local PGDB
CPD-19600	CPD-19600	D-mannonate 6-phosphate	276.0246331483					C6H10O10P			plantcyc <https://plantcyc.org/>	6-phospho-D-mannonate	276.0246331483	C(OP([O-])(=O)[O-])[C@H]([C@@H](O)[C@H](O)[C@@H](C([O-])=O)O)O		BIRSGZKFKXLSJQ-MBMOQRBOSA-K									PlantCyc/PMN local PGDB
CPD-3728	CPD-3728	O-phospho-L-tyrosine	261.040223633					C9H10NO6P			plantcyc <https://plantcyc.org/>	phosphotyrosine // O(4)-phosphonato-L-tyrosine(2-) // (2S)-2-ammonio-3-[4-(phosphonatooxy)phenyl]propanoate	261.040223633	C([C@H](CC1(\C=C/C(/OP([O-])([O-])=O)=C\C=1))[NH3+])(=O)[O-]		DCWXELXMIBXGTH-QMMMGPOBSA-L									PlantCyc/PMN local PGDB
ZYMOSTEROL	ZYMOSTEROL	zymosterol	384.3392160345					C27H44O			plantcyc <https://plantcyc.org/>	5alpha-cholesta-8,24-dien-3beta-ol // delta8, 24-cholestadien-3beta-ol	384.3392160345	CC(C)=CCC[C@@H](C)[C@H]2(CC[C@H]3(C4(\CC[C@H]1(C[C@@H](O)CC[C@@](C)1C(\CC[C@](C)23)=4))))		CGSJXLIKVBJVRY-XTGBIJOFSA-N									PlantCyc/PMN local PGDB
CPD-6224	CPD-6224	gibberellin A 34	348.157288503					C19H23O6			plantcyc <https://plantcyc.org/>	GA34	348.157288503	C=C1([C@H]3(C[C@]4(C1)([C@H]([C@@H]5([C@]2(C(=O)O[C@](C[C@H](O)[C@H](O)2)([C@@H](CC3)4)5)(C)))C([O-])=O)))		IGZIQAJJXGRAJF-OQAXFVLUSA-M									PlantCyc/PMN local PGDB
CPD-7384	CPD-7384	pelargonidin 3- O -beta-D-(4-coumaroyl)glucoside	579.1502513319					C30H26O12			plantcyc <https://plantcyc.org/>	pelargonidin 3- O -beta-D-p-coumaroylglucoside	579.1502513319	C([C@H]1(O[C@H]([C@@H]([C@H]([C@@H]1O)O)O)OC2(\C(=[O+]C3(\C(/C=2)=C(/C=C(/C=3)/O)\[O-]))C4(\C=C/C(/O)=C\C=4))))OC(/C=C/C5(\C=C/C(/O)=C\C=5))=O		VZPBBOAZFCREMQ-SHPGVJHPSA-N									PlantCyc/PMN local PGDB
CPD-2301	CPD-2301	2,3,6-trihydroxypyridine	127.026943032					C5H5NO3			plantcyc <https://plantcyc.org/>		127.026943032	C1(\C(\O)=C(/N=C(\C=1)/O)\O)		YXJHZIOEJRCYHK-UHFFFAOYSA-N									PlantCyc/PMN local PGDB
GLYOX	GLYOX	glyoxylate	74.0003939305					C2HO3			plantcyc <https://plantcyc.org/>	glyoxalate // glyox // glyoxylic acid	74.0003939305	C(C(=O)[O-])=O		HHLFWLYXYJOTON-UHFFFAOYSA-M									PlantCyc/PMN local PGDB
OXALACETIC_ACID	OXALACETIC_ACID	oxaloacetate	132.0058732389					C4H2O5			plantcyc <https://plantcyc.org/>	keto-oxaloacetate // oxaloacetic acid // oxalacetic acid // oxalacetate	132.0058732389	C(C([O-])=O)C(=O)C([O-])=O		KHPXUQMNIQBQEV-UHFFFAOYSA-L									PlantCyc/PMN local PGDB
ARACHIDONIC_ACID	ARACHIDONIC_ACID	arachidonate	304.2402302714					C20H31O2			plantcyc <https://plantcyc.org/>	(5Z,8Z,11Z,14Z)-icosatetraenoate // arachidonic acid // all-cis -icosa-5,8,11,14-tetraenoate // (5Z,8Z,11Z,14Z)-icosatetra-5,8,11,14-enoate // C20:4 fatty acid	304.2402302714	CCCCC\C=C/C\C=C/C\C=C/C\C=C/CCCC(=O)[O-]		YZXBAPSDXZZRGB-DOFZRALJSA-M									PlantCyc/PMN local PGDB
5-P-RIBOSYL-N-FORMYLGLYCINEAMIDE	5-P-RIBOSYL-N-FORMYLGLYCINEAMIDE	N 2 -formyl- N 1 -(5-phospho-beta-D-ribosyl)glycinamide	314.0515166008					C8H13N2O9P			plantcyc <https://plantcyc.org/>	5'-phosphoribosyl- N -formylglycineamide // 5'-P-ribosyl- N -formylglycineamide // 5'-phosphoribosyl- N -formylglycinamide // 5-phosphoribosyl- N -formalglycineamide // 5'-phosphoribosyl-formylglycinamide	314.0515166008	C(NC=O)C(=O)N[C@H]1([C@H](O)[C@H](O)[C@@H](COP([O-])(=O)[O-])O1)		VDXLUNDMVKSKHO-XVFCMESISA-L									PlantCyc/PMN local PGDB
CPD-21295	CPD-21295	(2E,6Z)-non-2,6-dienal	138.1044650715					C9H14O			plantcyc <https://plantcyc.org/>	(E,Z)-2,6-nonadienal // (2E,6Z)-nonadienal	138.1044650715	CC\C=C/CC/C=C/C=O		HZYHMHHBBBSGHB-ODYTWBPASA-N									PlantCyc/PMN local PGDB
CPD-7424	CPD-7424	9'- cis -neoxanthin	600.417860286					C40H56O4			plantcyc <https://plantcyc.org/>	9 c Neox // 9 c -neoxanthin	600.417860286	CC(/C=C/C=C(C)/C=C=C1([C@@](O)(C)C[C@@H](O)CC(C)(C)1))=C\C=C\C=C(C)\C=C\C=C(C)/C=C/[C@]23(C(C)(C)C[C@H](O)C[C@@](C)(O2)3)		PGYAYSRVSAJXTE-FTLOKQSXSA-N									PlantCyc/PMN local PGDB
CPD-15205	CPD-15205	beta-D-mannuronate	194.0426526757					C6H9O7			plantcyc <https://plantcyc.org/>		194.0426526757	C([O-])(=O)[C@H]1(O[C@@H](O)[C@@H](O)[C@@H](O)[C@H](O)1)		AEMOLEFTQBMNLQ-SYJWYVCOSA-M									PlantCyc/PMN local PGDB
CPD-8651	CPD-8651	betalamate	211.0480724046					C9H7NO5			plantcyc <https://plantcyc.org/>	betalamic acid // (2S,4E)-4-(2-oxoethylidene)-1,2,3,4-tetrahydropyridine-2,6-dicarboxylate	211.0480724046	C(/C=C1(C[C@H](NC(/C(=O)[O-])=C/1)C([O-])=O))=O		YQDKULBMDMPFLH-FSRBREEPSA-L									PlantCyc/PMN local PGDB
CPD-9957	CPD-9957	ubiquinol- 9	796.6369611848					C54H84O4			plantcyc <https://plantcyc.org/>	ubiquinol(9)	796.6369611848	CC(C)=CCCC(\C)=C/CCC(\C)=C/CCC(\C)=C/CCC(\C)=C/CCC(\C)=C/CCC(\C)=C/CCC(\C)=C/CCC(\C)=C/CC1(\C(\O)=C(C(\OC)=C(C(/C)=1)\O)\OC)		NPCOQXAVBJJZBQ-WJNLUYJISA-N									PlantCyc/PMN local PGDB
S-NORCOCLAURINE	S-NORCOCLAURINE	(S)-norcoclaurine	271.1208434172					C16H18NO3			plantcyc <https://plantcyc.org/>	1,2,3,4-tetrahydro-1-[(4-hydroxyphenyl)methyl]-6,7-isoquinolinediol	271.1208434172	C1([NH2+][C@H](C2(\C=C(C(/O)=C\C(/C1)=2)\O))CC3(\C=C/C(/O)=C\C=3))		WZRCQWQRFZITDX-AWEZNQCLSA-O									PlantCyc/PMN local PGDB
CPDQT-516	CPDQT-516	CDP-1-18:1(9Z)-2-18:1(9Z)-glycerol	1005.5455920956					C48H83N3O15P2			plantcyc <https://plantcyc.org/>	CDP-1,2-dioctadecenoylglycerol // CDP-1,2-dioleoylglycerol	1005.5455920956	C([C@@H]2([C@H]([C@H]([C@H](N1(C(/N=C(\C=C/1)/N)=O))O2)O)O))OP(OP(OC[C@H](OC(=O)CCCCCCC\C=C/CCCCCCCC)COC(=O)CCCCCCC\C=C/CCCCCCCC)([O-])=O)([O-])=O											PlantCyc/PMN local PGDB
CPD-17599	CPD-17599	(-)-bursehernin	370.1416384388					C21H22O6			plantcyc <https://plantcyc.org/>	(-)-5'-desmethoxy-yatein // (3R,4R)-4-(2H-1,3-benzodioxol-5-ylmethyl)-3-[(3,4-dimethoxyphenyl)methyl]oxolan-2-one	370.1416384388	COC4(\C(\OC)=C/C(\C[C@@H]3([C@@H](CC1(\C=C/C2(/OCOC(/C=1)=2)))COC3=O))=C\C=4)		IYBDDRJHJMFFBB-JKSUJKDBSA-N									PlantCyc/PMN local PGDB
CPD-21340	CPD-21340	all-trans -nonaprenyl diphosphate	790.5066278143					C45H73O7P2			plantcyc <https://plantcyc.org/>	(hydroxy-(3,7,11,15,19,23,27,31,35-nonamethylhexatriaconta-2,6,10,14,18,22,26,30,34-nonaenoxy)phosphinoyl)oxyphosphonic acid // solanyl pyrophosphate // all- trans -nonaprenyl diphosphate // solanesyl pyrophosphate // solanesyl diphosphate	790.5066278143	CC(C)=CCCC(\C)=C/CCC(\C)=C/CCC(\C)=C/CCC(\C)=C/CCC(\C)=C/CCC(\C)=C/CCC(\C)=C/CCC(\C)=C/COP(OP(=O)([O-])[O-])(=O)[O-]		IVLBHBFTRNVIAP-MEGGAXOGSA-K									PlantCyc/PMN local PGDB
LIPID-IV-A	LIPID-IV-A	lipid IV A ( E. coli )	1404.8539615117					C68H126N2O23P2			plantcyc <https://plantcyc.org/>	2-deoxy-2-{[(3R)-3-hydroxypentadecanoyl]amino}-3-O-[(3R)-3-hydroxytetradecanoyl]-4-O-phosphono-beta-D-glucopyranosyl-(1->6)-2-deoxy-3-O-[(3R)-3-hydroxytetradecanoyl]-2-{[(3R)-3-hydroxytetradecanoyl]amino}-1-O-phosphono-alpha-D-glucopyranose	1404.8539615117	CCCCCCCCCCC[C@@H](O)CC(=O)N[C@H]1([C@@H](OP([O-])([O-])=O)O[C@@H]([C@@H](O)[C@H](OC(=O)C[C@H](O)CCCCCCCCCCC)1)CO[C@@H]2(O[C@H](CO)[C@H]([C@@H]([C@H]2NC(C[C@H](O)CCCCCCCCCCC)=O)OC(=O)C[C@H](O)CCCCCCCCCCC)OP([O-])([O-])=O))		KVJWZTLXIROHIL-QDORLFPLSA-J									PlantCyc/PMN local PGDB
CPD-13328	CPD-13328	trans -6-hydroxyferuloyl-CoA	959.1574671108					C31H40N7O20P3S			plantcyc <https://plantcyc.org/>	2,4-dihydroxy-3-methoxycinnamoyl-CoA // (2 E )-6-hydroxyferuloyl-CoA	959.1574671108	CC(C)(COP(OP([O-])(OC[C@@H]1([C@@H](OP([O-])([O-])=O)[C@@H](O)[C@@H](O1)N2(C3(\N=C/N=C(C(\N=C/2)=3)/N))))=O)([O-])=O)[C@@H](O)C(=O)NCCC(=O)NCCSC(=O)/C=C/C4(/C=C(C(/O)=C\C(O)=4)/OC)		NWKKCROQKYNXQZ-GVNCYCPWSA-J									PlantCyc/PMN local PGDB
CPD-23984	CPD-23984	11-oxodihydrotestosterone	304.2038447651					C19H28O3			plantcyc <https://plantcyc.org/>	11-ketodihydrotestosterone // 11KDHT	304.2038447651	C[C@@]34([C@H]2([C@H]([C@H]1([C@@](C)([C@@H](O)CC1)CC(=O)2))CC[C@H]3CC(=O)CC4))		RSQKILYTRHKUIJ-HZGXJFKTSA-N									PlantCyc/PMN local PGDB
CPD-12043	CPD-12043	beta-D-arabinofuranose	150.0528234315					C5H10O5			plantcyc <https://plantcyc.org/>	beta-D-arabinose	150.0528234315	C(O)[C@@H]1([C@@H](O)[C@H](O)[C@H](O)O1)		HMFHBZSHGGEWLO-SQOUGZDYSA-N									PlantCyc/PMN local PGDB
CPD-8694	CPD-8694	abieta-7,13-diene-18-oate	302.2245802072					C20H29O2			plantcyc <https://plantcyc.org/>	AbA // (1R,4aR,4bR,10aR)-7-isopropyl-1,4a-dimethyl-1,2,3,4,4a,4b,5,6,10,10a-decahydrophenanthrene-1-carboxylate // 13-isopropylpodocarpa-7,13-dien-15-oic acid // sylvic acid // 7,13-abietadien-18-oic acid // abietic acid	302.2245802072	CC(C)C1(\CC[C@H]2(C(/C=1)=C/C[C@@H]3([C@@](C)2CCC[C@](C([O-])=O)(C)3)))		RSWGJHLUYNHPMX-ONCXSQPRSA-M									PlantCyc/PMN local PGDB
CPD-2222	CPD-2222	(R)-3-(4-hydroxyphenyl)lactate	182.0579088094					C9H9O4			plantcyc <https://plantcyc.org/>	R(+)-4-hydroxyphenyllactic acid // R(+)-4-hydroxyphenyllactate // p-hydroxyphenyllactate // (R+)-3-(4-hydroxyphenyl)lactate	182.0579088094	C1(\C(/C[C@H](C([O-])=O)O)=C/C=C(\C=1)/O)		JVGVDSSUAVXRDY-MRVPVSSYSA-M									PlantCyc/PMN local PGDB
DAMP	DAMP	dAMP	331.068169718					C10H12N5O6P			plantcyc <https://plantcyc.org/>	2'-deoxyadenosine 5'-phosphate // deoxyadenosine-phosphate // 2'-deoxyadenosine 5''-monophosphate // 2'-dAMP	331.068169718	C(OP(=O)([O-])[O-])[C@H]3(O[C@@H](N1(C2(\C(\N=C/1)=C(N)/N=C\N=2)))C[C@H](O)3)		KHWCHTKSEGGWEX-RRKCRQDMSA-L									PlantCyc/PMN local PGDB
18-OXOOLEATE	18-OXOOLEATE	18-oxo-oleate	296.2351448935					C18H31O3			plantcyc <https://plantcyc.org/>	18-oxo-octadec-9-enoic acid // 18-oxo-9Z-octadecenoate	296.2351448935	C(=O)CCCCCCC\C=C/CCCCCCCC(=O)[O-]		SNOSCANYFCXCGY-UPHRSURJSA-M									PlantCyc/PMN local PGDB
DIHYDROXYINDOLE	DIHYDROXYINDOLE	5,6-dihydroxyindole	149.0476784741					C8H7NO2			plantcyc <https://plantcyc.org/>	1 H -indole-5,6-diol // dopamine lutine // DHI	149.0476784741	C1(\C2(/C=C(C(/O)=C\C(N\C=1)=2)/O))		SGNZYJXNUURYCH-UHFFFAOYSA-N									PlantCyc/PMN local PGDB
CPD1F-766	CPD1F-766	cyanidin-3- O -beta-D-glucoside	449.1083865172					C21H19O11			plantcyc <https://plantcyc.org/>	kuromanin // cyanidin 3-O-beta-D-glucopyranoside // cyanidin-3-O-glucoside // Chrysanthemin	449.1083865172	C(O)[C@@H]1([C@@H](O)[C@H](O)[C@@H](O)[C@@H](O1)OC3(\C(C2(\C=C(C(/O)=C\C=2)\O))=[O+]C4(\C(/C=3)=C(/C=C(/C=4)/[O-])\[O-])))		RKWHWFONKJEUEF-GQUPQBGVSA-M									PlantCyc/PMN local PGDB
DEOXYXYLULOSE-5P	DEOXYXYLULOSE-5P	1-deoxy-D-xylulose 5-phosphate	214.0242392178					C5H9O7P			plantcyc <https://plantcyc.org/>	DXP // deoxyxylulose-5-phosphate // D-1-deoxyxylulose-5-P // 1-deoxy-D-threo-pentulose 5-phosphate // DOXP	214.0242392178	CC(=O)[C@@H](O)[C@H](O)COP([O-])(=O)[O-]		AJPADPZSRRUGHI-RFZPGFLSSA-L									PlantCyc/PMN local PGDB
CPD-8659	CPD-8659	miraxanthin V	346.1164863208					C17H16N2O6			plantcyc <https://plantcyc.org/>		346.1164863208	C(\N=C/C=C1(C[C@H](NC(/C(=O)[O-])=C/1)C([O-])=O))CC2(\C=C(C(/O)=C\C=2)\O)		PDKFHZWVCCZUIF-WPJLFRKISA-L									PlantCyc/PMN local PGDB
CPD-16637	CPD-16637	elloramycin	660.2054204871					C32H36O15			plantcyc <https://plantcyc.org/>		660.2054204871	CC1(/C3(C(/C=C(C(/C(=O)OC)=1)/O[C@H]2([C@H](OC)[C@@H]([C@H]([C@H](C)O2)OC)OC))=C/C4(/C([C@]5([C@@H](C(/OC)=C\C(=O)[C@@](C(C(/C(O)=3)=4)=O)5OC)O)O)=O)))		OYEXGNNKRQPUBW-FJYHMNRNSA-N									PlantCyc/PMN local PGDB
CPD-13949	CPD-13949	glucosyl-oleandomycin	849.47219986					C41H72NO17			plantcyc <https://plantcyc.org/>		849.47219986	C[C@H]5(C[C@@]1(CO1)C(=O)[C@H](C)[C@@H](O)[C@@H](C)[C@@H](C)OC(=O)[C@H](C)[C@@H](O[C@H]2(C[C@H](OC)[C@@H](O)[C@H](C)O2))[C@H](C)[C@@H](O[C@@H]4(O[C@H](C)C[C@@H]([C@@H](OC3(O[C@H](CO)[C@@H](O)[C@H](O)[C@@H](O)3))4)[NH+](C)C))5)		DGXXZLIJQKOLQC-GZFACOMDSA-O									PlantCyc/PMN local PGDB
CPD-397	CPD-397	S -methyl-L-methionine	165.0823494209					C6H14NO2S			plantcyc <https://plantcyc.org/>	S -methylmethionine	165.0823494209	C[S+](CC[C@H]([NH3+])C(=O)[O-])C		YDBYJHTYSHBBAU-YFKPBYRVSA-O									PlantCyc/PMN local PGDB
CPD-7063	CPD-7063	red chlorophyll catabolite	626.2740495953					C35H36N4O7			plantcyc <https://plantcyc.org/>	RCC // red bilin // (7S,8S,101R)-8-(2-carboxyethyl)-17-ethyl-19-formyl-101-(methoxycarbonyl)-3,7,13,18-tetramethyl-2-vinyl-8,23-dihydro-7H-10,12-ethanobiladiene-ab-1,102(21H)-dione	626.2740495953	CCC5(\C(/C)=C(C=O)/NC(/C=C1(C(\C)=C2(C(\N1)=C([C-](C(OC)=O)C(=O)2)\C3(/[C@@H](CCC(=O)[O-])[C@H](C)C(\N=3)=C\C4(C(/C)=C(C=C)/C(=O)N4)))))=5)		GVTPYCXGTFQZDT-YSSUGPPCSA-M									PlantCyc/PMN local PGDB
CPD-674	CPD-674	trans -cinnamate	148.052429501					C9H7O2			plantcyc <https://plantcyc.org/>	beta-phenylacrylic acid // ( E )-3-phenyl-2-prop -2-enoic acid // cinnamic acid // cinnamate // trans -cinnamic acid // ( E )-cinnamate	148.052429501	C(=O)([O-])/C=C/C1(\C=C/C=C\C=1)		WBYWAXJHAXSJNI-VOTSOKGWSA-M									PlantCyc/PMN local PGDB
CPD-13031	CPD-13031	( E )-phenylacetaldehyde oxime	135.0684139162					C8H9NO			plantcyc <https://plantcyc.org/>		135.0684139162	C(/CC1(\C=C/C=C\C=1))=N\O		CXISHLWVCSLKOJ-VQHVLOKHSA-N									PlantCyc/PMN local PGDB
CPD-553	CPD-553	( R )-prunasin	295.1055872835					C14H17NO6			plantcyc <https://plantcyc.org/>	(2 R )-(beta-D-glucosyloxy)(phenyl)acetonitrile	295.1055872835	C2(\C=C/C(/[C@@H](O[C@@H]1(O[C@H](CO)[C@@H](O)[C@H](O)[C@@H](O)1))C#N)=C\C=2)		ZKSZEJFBGODIJW-GMDXDWKASA-N									PlantCyc/PMN local PGDB
CADAVERINE	CADAVERINE	cadaverine	102.1156984598					C5H16N2			plantcyc <https://plantcyc.org/>	pentane-1,5-diamine // diaminopentane // 1,5-diaminopentane // 1,5-pentanediamine // pentamethylenediamine // 1-BioDex	102.1156984598	C([NH3+])CCCC[NH3+]		VHRGRCVQAFMJIZ-UHFFFAOYSA-P									PlantCyc/PMN local PGDB
CPD-9006	CPD-9006	(+)-germacrene A	204.1878007704					C15H24			plantcyc <https://plantcyc.org/>	(+)-(R)-gemacrene A	204.1878007704	C=C(C)[C@@H]1(CCC(\C)=C/CCC(\C)=C/C1)		XMRKUJJDDKYUHV-DFSVIBJJSA-N									PlantCyc/PMN local PGDB
CPD-4443	CPD-4443	cis -zeatin riboside monophosphate	431.120599219					C15H20N5O8P			plantcyc <https://plantcyc.org/>	cZRMP	431.120599219	CC(\CO)=C\CNC3(/N=C\N=C1(C(/N=C\N1[C@@H]2(O[C@H](COP(=O)([O-])[O-])[C@@H](O)[C@@H](O)2))=3))		IRILMCCKFANGJQ-BAJUWZQUSA-L									PlantCyc/PMN local PGDB
CPD-8667	CPD-8667	bis(beta-D-glucosyl) crocetin	652.2731061218					C32H44O14			plantcyc <https://plantcyc.org/>	all-trans-crocetin di(beta-D-glucosyl) ester // bis(beta-D-glucosyl) crocetin // crocetin di(beta-D-glucopyranosyl) ester // dicrocin // trans-crocetin di(beta-D-glucosyl) ester	652.2731061218	CC(/C=C/C=C(C)/C(=O)O[C@@H]1(O[C@@H]([C@H]([C@@H]([C@H]1O)O)O)CO))=C\C=C\C=C(C)\C=C\C=C(C)\C(=O)O[C@H]2([C@@H]([C@H]([C@@H]([C@H](O2)CO)O)O)O)		QBZWPZHDUZGTLS-IIDMIUPYSA-N									PlantCyc/PMN local PGDB
QUINATE	QUINATE	L-quinate	192.0633881178					C7H11O6			plantcyc <https://plantcyc.org/>	(-)-quinic acid // (-)-quinate // (1S,3R,4S,5R)-1,3,4,5-tetrahydroxycyclohexanecarboxylate	192.0633881178	C(=O)([O-])[C@@]1(O)(C[C@@H](O)[C@H](O)[C@H](O)C1)		AAWZDTNXLSGCEK-WYWMIBKRSA-M									PlantCyc/PMN local PGDB
CPD-12449	CPD-12449	dihydro-4-coumaroyl-CoA	915.1676378666					C30H40N7O18P3S			plantcyc <https://plantcyc.org/>	4-hydroxydihydrocinnamoyl-CoA // p-dihydrocoumaroyl-CoA // 4-dihydrocoumaroyl-CoA	915.1676378666	CC(C)([C@@H](O)C(=O)NCCC(=O)NCCSC(=O)CCC1(\C=C/C(/O)=C\C=1))COP(=O)(OP(=O)(OC[C@@H]2([C@@H](OP([O-])(=O)[O-])[C@@H](O)[C@@H](O2)N3(C4(\N=C/N=C(C(\N=C/3)=4)/N))))[O-])[O-]		KGYNXBHEANIYOS-FUEUKBNZSA-J									PlantCyc/PMN local PGDB
3-DEMETHYLSTAUROSPORINE	3-DEMETHYLSTAUROSPORINE	3'- O -demethyl-staurosporine	452.1848406575					C27H25N4O3			plantcyc <https://plantcyc.org/>	DMSTP // 3'-demethyl-staurosporine	452.1848406575	C[C@@]15(O[C@H](C[C@@H]([NH2+]C)[C@@H](O)1)N2(C8(/C=C\C=C/C(/C3(C7(\C(=O)NCC(/C4(C6(/C=C\C=C/C(/N(C(C2=3)=4)5)=6)))=7)))=8)))		YFYYWLWHOINTHH-FCHZLITKSA-O									PlantCyc/PMN local PGDB
CPD-2461	CPD-2461	methylsuccinate	132.0422587452					C5H6O4			plantcyc <https://plantcyc.org/>	methylsuccinic acid // 2-methylbutanedioate	132.0422587452	CC(CC([O-])=O)C([O-])=O		WXUAQHNMJWJLTG-UHFFFAOYSA-L									PlantCyc/PMN local PGDB
CPD-729	CPD-729	(9 S ,13 S,15 Z ) -12-oxophyto-10,15-dienoate	292.2038447651					C18H27O3			plantcyc <https://plantcyc.org/>	(15 Z )-12-oxophyto-10,15-dienoic acid // (15 Z )-12-oxophyto-10,15-dienoate // 12-OPDA // (10Z,15Z)-12-oxophytodienoate // 12-oxophytodienoic acid // 4-oxo-5-(2-pentenyl)-2-cyclopentene-1-octanoic acid // 8-(2-(cis-2'-pentenyl)-3-oxo-cis-4-cyclopentenyl)octanoic acid // 9(S),13(S)-12-Oxo-PDA	292.2038447651	CC\C=C/C[C@@H]1(C(\C=C/[C@H](CCCCCCCC(=O)[O-])1)=O)		PMTMAFAPLCGXGK-JMTMCXQRSA-M									PlantCyc/PMN local PGDB
CPD-23728	CPD-23728	alpha-L-Rha-(1->3)-alpha-D-Gal-PP-Und	1234.7425605688					C67H110O16P2			plantcyc <https://plantcyc.org/>	L-rhamnosyl-D-galactose-1-diphospholipid // alpha-L-rhamnopyranosyl-(1->3)-alpha-D-galactopyranosyl-diphospholipid // alpha-L-rhamnopyranosyl-(1->3)-alpha-D-galactopyranosyl-diphosphoundecaprenol	1234.7425605688	CC(C)=CCCC(\C)=C/CCC(\C)=C/CCC(/C)=C/CCC(/C)=C/CCC(/C)=C/CCC(/C)=C/CCC(/C)=C/CCC(/C)=C/CCC(/C)=C/CCC(/C)=C/COP(=O)([O-])OP(O[C@@H]1([C@@H]([C@H]([C@H]([C@H](O1)CO)O)O[C@H]2([C@@H]([C@@H]([C@H]([C@@H](O2)C)O)O)O))O))([O-])=O		NIIZNTCKIIHQLM-PQZFNBIFSA-L									PlantCyc/PMN local PGDB
GLYCEROPHOSPHOGLYCEROL	GLYCEROPHOSPHOGLYCEROL	glycerophosphoglycerol	246.0504539683					C6H14O8P			plantcyc <https://plantcyc.org/>	diglycerol phosphate // bis(2,3-dihydroxypropyl) phosphate	246.0504539683	C(C(COP(OCC(CO)O)([O-])=O)O)O		LLCSXHMJULHSJN-UHFFFAOYSA-M									PlantCyc/PMN local PGDB
CPD-22136	CPD-22136	4alpha-carboxy-5alpha-cholest-7-en-3beta-ol	430.3446953429					C28H45O3			plantcyc <https://plantcyc.org/>		430.3446953429	CC(C)CCC[C@H]([C@@H]4([C@]1(C)([C@H](C2([C@H](CC1)[C@]3(C)([C@@H](CC=2)[C@H](C([O-])=O)[C@@H](O)CC3)))CC4)))C		FXBZYWGMTFSORP-QPCSTCLVSA-M									PlantCyc/PMN local PGDB
CPD-12759	CPD-12759	( S )-beta-macrocarpene	204.1878007704					C15H24			plantcyc <https://plantcyc.org/>		204.1878007704	CC1(\CC[C@@H](C\C=1)C2(\CC(C)(C)CC/C=2))		BKRLNEMLMVJATK-CYBMUJFWSA-N									PlantCyc/PMN local PGDB
L-GLUTAMATE-5-P	L-GLUTAMATE-5-P	gamma-L-glutamyl 5-phosphate	227.0194881909					C5H8NO7P			plantcyc <https://plantcyc.org/>	L-glutamate 5-phosphate // gamma-L-glutamyl-5-P	227.0194881909	C(CC[C@@H](C(=O)[O-])[NH3+])(OP([O-])(=O)[O-])=O		PJRXVIJAERNUIP-VKHMYHEASA-L									PlantCyc/PMN local PGDB
2-CARBOXY-D-ARABINITOL-1-PHOSPHATASE	2-CARBOXY-D-ARABINITOL-1-PHOSPHATASE	2-carboxy-D-arabinitol 1-phosphate	276.0246331483					C6H10O10P			plantcyc <https://plantcyc.org/>	2-carboxyarabinitol 1-phosphate // 2-C-((phosphooxy)methyl)-D-ribonic acid	276.0246331483	C(O)[C@@H](O)[C@@H](O)[C@@](O)(COP([O-])(=O)[O-])C(=O)[O-]		UJTMIRNFEXKGMS-KODRXGBYSA-K									PlantCyc/PMN local PGDB
CPD-17597	CPD-17597	(-)-pluviatolide	356.1259883746					C20H20O6			plantcyc <https://plantcyc.org/>	((3R,4R)-4-(2H-1,3-benzodioxol-5-ylmethyl)-3-[(4-hydroxy-3-methoxyphenyl)methyl]oxolan-2-one	356.1259883746	COC4(\C(\O)=C/C=C(C[C@@H]3([C@@H](CC1(\C=C/C2(/OCOC(/C=1)=2)))COC3=O))\C=4)		OCTZTNYFALPGHW-LSDHHAIUSA-N									PlantCyc/PMN local PGDB
P-HYDROXY-PHENYLPYRUVATE	P-HYDROXY-PHENYLPYRUVATE	3-(4-hydroxyphenyl)pyruvate	180.0422587452					C9H7O4			plantcyc <https://plantcyc.org/>	p-hydroxyphenylpyruvic acid // 4-hydroxyphenylpyruvate // hydroxyphenylpyruvate // p -hydroxyphenylpyruvate	180.0422587452	C1(\C(/CC(C([O-])=O)=O)=C/C=C(\C=1)/O)		KKADPXVIOXHVKN-UHFFFAOYSA-M									PlantCyc/PMN local PGDB
MALONATE-S-ALD	MALONATE-S-ALD	3-oxopropanoate	88.0160439947					C3H3O3			plantcyc <https://plantcyc.org/>	malonate semialdehyde // malonic semialdehyde	88.0160439947	C(=O)CC([O-])=O		OAKURXIZZOAYBC-UHFFFAOYSA-M									PlantCyc/PMN local PGDB
CPD-25317	CPD-25317	(L-valyl)adenylate	446.1314982563					C15H23N6O8P			plantcyc <https://plantcyc.org/>		446.1314982563	CC(C)[C@H]([NH3+])C(OP([O-])(OC[C@H]3(O[C@@H](N1(C2(\C(\N=C/1)=C(N)/N=C\N=2)))[C@H](O)[C@H](O)3))=O)=O		KAVINRUMCQFLGF-NIXGFCADSA-N									PlantCyc/PMN local PGDB
DIHYDROFOLATE	DIHYDROFOLATE	7,8-dihydrofolate monoglutamate	443.1553314431					C19H19N7O6			plantcyc <https://plantcyc.org/>	7,8-pteroylglutamic acid // 7,8-pteroylglutamate // 7,8-dihydropteroyl monoglutamate // H 2 PteGlu // H 2 PteGlu 1 // dihydrofolate // 7,8-dihydropteroylglutamate // 7,8-dihydrofolate	443.1553314431	C(NC1(\C=C/C(/C(=O)N[C@H](C(=O)[O-])CCC([O-])=O)=C\C=1))C2(CNC3(/N=C(N)\NC(=O)C(/N=2)=3))		OZRNSSUDZOLUSN-LBPRGKRZSA-L									PlantCyc/PMN local PGDB
CPD-15476	CPD-15476	8-hydroxy-salvigenin	344.0896028683					C18H16O7			plantcyc <https://plantcyc.org/>	8-OH-salvigenin // 4H-1-benzopyran-4-one, 5,8-dihydroxy-6,7-dimethoxy-2-(4-methoxyphenyl)- // flavone, 5,8-dihydroxy-4',6,7-trimethoxy-	344.0896028683	COC3(\C=C/C(/C1(/OC2(/C(/O)=C(C(\OC)=C(C(\C(=O)\C=1)=2)\O)/OC)))=C\C=3)		ZNLSNAZJVYNXLN-UHFFFAOYSA-N									PlantCyc/PMN local PGDB
CPD-638	CPD-638	gibberellin A 44 (closed lactone form)	346.1780239451					C20H25O5			plantcyc <https://plantcyc.org/>	GA44 (closed lactone form) // GA 44 (closed lactone form) // gibberellin A 44 // gibberellin A44 // GA 44 open lactone form // GA 44 free alcohol form // gibberellin A 44 free alcohol form // GA44	346.1780239451	C=C1([C@@]3(O)(C[C@]4(C1)([C@H]([C@@H]5([C@]2(C(=O)OC[C@](CCC2)([C@@H](CC3)4)5)(C)))C([O-])=O)))		KSBJAONOPKRVRR-LTTRRGSQSA-M									PlantCyc/PMN local PGDB
CPD-11528	CPD-11528	3-oxo-2-(cis-2'-pentenyl)-cyclopentane-1-(3-oxobutanoyl)-CoA	1001.2408028097					C35H50N7O19P3S			plantcyc <https://plantcyc.org/>	OPC4-3-ketoacyl-CoA	1001.2408028097	CC\C=C/C[C@H]1([C@H](CCC(=O)1)CC(=O)CC(=O)SCCNC(=O)CCNC(=O)[C@H](O)C(C)(C)COP(=O)(OP(=O)(OC[C@@H]2([C@@H](OP([O-])(=O)[O-])[C@@H](O)[C@@H](O2)N3(C4(\N=C/N=C(C(\N=C/3)=4)/N))))[O-])[O-])		QGJLCXXJEFRWHP-JQUKJZMASA-J									PlantCyc/PMN local PGDB
CPD-12126	CPD-12126	menaquinol- 9	786.6314818764					C56H82O2			plantcyc <https://plantcyc.org/>	MKH2-9	786.6314818764	CC(C)=CCCC(\C)=C/CCC(\C)=C/CCC(\C)=C/CCC(\C)=C/CCC(\C)=C/CCC(\C)=C/CCC(\C)=C/CCC(\C)=C/CC1(/C(\C)=C(C2(/C=C\C=C/C(/C(/O)=1)=2))/O)		KNWZIPKBOGOFFC-UVZVDVBNSA-N									PlantCyc/PMN local PGDB
CPD-7014	CPD-7014	chlorophyllide b	628.2172266806					C35H30N4O6MG			plantcyc <https://plantcyc.org/>		628.2172266806	C=CC4(\C(/C)=C5(\C=C7([C@@H](C)[C@H](CCC(=O)[O-])C(\C6(/[C@@H-](C(OC)=O)C(=O)C1(\C(\N2([Mg]N(C(/C=C3(C(/C=O)=C(CC)\C(/C=C(C(\C)=1)\2)=N3))=4)5))=6)))=N7)))											PlantCyc/PMN local PGDB
FUM	FUM	fumarate	116.0109586168					C4H2O4			plantcyc <https://plantcyc.org/>	fum // fumaric acid	116.0109586168	C(/C([O-])=O)=C\C(=O)[O-]		VZCYOOQTPOCHFL-OWOJBTEDSA-L									PlantCyc/PMN local PGDB
CPD-20995	CPD-20995	12-alpha-hydroxy-3 oxochol-4-enoate	388.261359644					C24H35O4			plantcyc <https://plantcyc.org/>	3-dehydro-&Delta;4-deoxycholate // 3-dehydro-deoxychol-4-enoate	388.261359644	C[C@H](CCC(=O)[O-])[C@H]3(CC[C@H]4([C@@H]2(CCC1(\[C@@](CCC(=O)\C=1)(C)[C@H]2C[C@H](O)[C@](C)34))))		BGHDKUPKUZDVRW-QUPGBHKMSA-M									PlantCyc/PMN local PGDB
N6-ACETYLKANAMYCIN-B	N6-ACETYLKANAMYCIN-B	N6'-acetylkanamycin-B	525.264607121					C20H43N5O11			plantcyc <https://plantcyc.org/>		525.264607121	CC(=O)NC[C@H]3(O[C@H](O[C@@H]2([C@@H]([NH3+])C[C@@H]([NH3+])[C@H](O[C@H]1(O[C@H](CO)[C@@H](O)[C@H]([NH3+])[C@@H](O)1))[C@@H](O)2))[C@H]([NH3+])[C@@H](O)[C@H](O)3)		JVNRAWAXQAGKBK-HLIGCJFYSA-R									PlantCyc/PMN local PGDB
CPD-7231	CPD-7231	mugineate	320.1219656292					C12H18N2O8			plantcyc <https://plantcyc.org/>	mugineic acid	320.1219656292	C1(C[C@@H](C([O-])=O)N1C[C@H](O)[C@H]([NH2+]CC[C@H](O)C(=O)[O-])C(=O)[O-])		GJRGEVKCJPPZIT-JBDRJPRFSA-L									PlantCyc/PMN local PGDB
7-METHYLGUANOSINE-5-PHOSPHATE	7-METHYLGUANOSINE-5-PHOSPHATE	N 7 -methylguanosine 5'-phosphate	379.0892990906					C11H15N5O8P			plantcyc <https://plantcyc.org/>	N 7 -methyl-guanosine-5'-phosphate // N 7 -methyl-guanosine-phosphate // N 7 -methyl-GMP // 7-methylguanosine-5'-phosphate	379.0892990906	C[N+]1(\C3(C(=O)NC(/N)=N/C(N(\C=1)[C@@H]2(O[C@H](COP(=O)([O-])[O-])[C@@H](O)[C@@H](O)2))=3))		AOKQNZVJJXPUQA-KQYNXXCUSA-M									PlantCyc/PMN local PGDB
SYRINGETIN	SYRINGETIN	syringetin	346.0688674262					C17H13O8			plantcyc <https://plantcyc.org/>	3',5'-dimethylmyricetin // myricetin 3',5'-dimethyl ether	346.0688674262	COC1(/C=C(/C=C(C(\O)=1)/OC)/C2(/OC3(/C=C(/C=C(C(\C(=O)C(/[O-])=2)=3)/O)/O)))		UZMAPBJVXOGOFT-UHFFFAOYSA-M									PlantCyc/PMN local PGDB
CPD0-2298	CPD0-2298	( S )-ureidoglycine	133.0487411066					C3H7N3O3			plantcyc <https://plantcyc.org/>	(S)-2-ureidoglycine // (2S)-(carbamoylamino)glycine	133.0487411066	[C@H](NC(N)=O)([NH3+])C(=O)[O-]		VTFWFHCECSOPSX-SFOWXEAESA-N									PlantCyc/PMN local PGDB
CPD-26893	CPD-26893	4alpha,5beta-5,20-epoxytax-11-ene-4,9-diol	320.2351448935					C20H32O3			plantcyc <https://plantcyc.org/>	oxo-taxadiene-4alpha,9alpha-diol (incorrect)	320.2351448935	CC2(\CC[C@H]1(C[C@H]3([C@](C)(C(O)CC(\C(C)(C)1)=2)CC[C@H]4(OC[C@@](O)34))))		KNEDASIARFSPRT-RTXFKFPRSA-N									PlantCyc/PMN local PGDB
CPD-16623	CPD-16623	des-acyl avenacin A	960.4929948816					C47H76O20			plantcyc <https://plantcyc.org/>		960.4929948816	C[C@]1(C=O)([C@@H](O)C[C@@]3(C)([C@@H](C1)[C@@]24(O[C@@H]2C[C@H]5([C@](C)([C@](C)(C[C@H](O)3)4)CC[C@@H]9([C@@](C)5CC[C@H](O[C@@H]8(OC[C@H](O[C@@H]6(O[C@H](CO)[C@@H](O)[C@H](O)[C@@H](O)6))[C@H](O)[C@@H](O[C@@H]7(O[C@H](CO)[C@@H](O)[C@H](O)[C@@H](O)7))8))[C@](CO)(C)9)))))		WDHZXDLRQGPOGR-WGJSNZCWSA-N									PlantCyc/PMN local PGDB
CPD-8921	CPD-8921	(+)-piperitol	356.1259883746					C20H20O6			plantcyc <https://plantcyc.org/>		356.1259883746	COC1(\C(\O)=C/C=C(/C=1)/[C@@H]4([C@H]5(CO[C@H](C3(\C=C2(C(/OCO2)=C\C=3)))[C@@H](CO4)5)))		VBIRCRCPHNUJAS-AFHBHXEDSA-N									PlantCyc/PMN local PGDB
CPD-12491	CPD-12491	phenylmethanesulfenate	140.0295855689					C7H8OS			plantcyc <https://plantcyc.org/>	phenylmethanesulfenic acid // PMSA	140.0295855689	C(SO)C1(\C=C/C=C\C=1)		PWRKXLBZLTYQGN-UHFFFAOYSA-N									PlantCyc/PMN local PGDB
CPD-520	CPD-520	quercetin	302.0426526757					C15H9O7			plantcyc <https://plantcyc.org/>	3,5,7,3',4'-pentahydroxyflavone // 3,5,7,3',4'-pentahydroflavone	302.0426526757	C3(/C=C(C(/O)=C\C(\C1(\OC2(/C=C(/C=C(C(\C(=O)C(/O)=1)=2)/O)/[O-])))=3)/O)		REFJWTPEDVJJIY-UHFFFAOYSA-M									PlantCyc/PMN local PGDB
CPD-6982	CPD-6982	(R)-3-(3,4-dihydroxyphenyl)lactate	198.0528234315					C9H9O5			plantcyc <https://plantcyc.org/>	R(+)-(3,4-dihydroxyphenyl)lactic acid // (2R)-3-(3,4-dihydroxyphenyl)-2-hydroxypropanoate	198.0528234315	C([C@@H](CC1(\C=C/C(/O)=C(\C=1)/O))O)(=O)[O-]		PAFLSMZLRSPALU-MRVPVSSYSA-M									PlantCyc/PMN local PGDB
CPD-20413	CPD-20413	ent -cassa-12,15-dien-2beta,3beta-diol	304.2402302714					C20H32O2			plantcyc <https://plantcyc.org/>	2alpha-hydroxy- ent -cassadiene	304.2402302714	C=CC1([C@@H](C)[C@@H]2([C@@H](CC=1)[C@@]3(C)([C@H](CC2)C(C)(C)[C@H](O)[C@H](O)C3)))		FMPZXFBEGPUMKF-HUIUSYGUSA-N									PlantCyc/PMN local PGDB
CPD-25248	CPD-25248	N -(1-deoxy-D-fructos-1-yl)-L-glutamine	308.1219656292					C11H20N2O8			plantcyc <https://plantcyc.org/>	deoxyfructosyl-L-glutamine // santhopine	308.1219656292	C([C@@]1(O)(OC[C@@H](O)[C@@H](O)[C@H](O)1))[NH2+][C@@H](CCC(N)=O)C(=O)[O-]		SNIATPDKUZZXAT-VISRLPHGSA-N									PlantCyc/PMN local PGDB
3-DEHYDRO-SHIKIMATE	3-DEHYDRO-SHIKIMATE	3-dehydroshikimate	172.0371733673					C7H7O5			plantcyc <https://plantcyc.org/>	3-dehydroshikimic acid // 5-dehydroshikimic acid // 5-dehydroshikimate	172.0371733673	C([O-])(=O)C1(\C[C@@H](O)[C@H](O)C(=O)/C=1)		SLWWJZMPHJJOPH-PHDIDXHHSA-M									PlantCyc/PMN local PGDB
GDP-L-GALACTOSE	GDP-L-GALACTOSE	GDP-beta-L-galactose	605.0771528021					C16H23N5O16P2			plantcyc <https://plantcyc.org/>		605.0771528021	C(OP(=O)([O-])OP(O[C@@H]1([C@H]([C@@H]([C@@H]([C@@H](O1)CO)O)O)O))(=O)[O-])[C@H]4(O[C@@H](N2(C3(\N=C(N)/NC(=O)C(\N=C/2)=3)))[C@H](O)[C@H](O)4)		MVMSCBBUIHUTGJ-JGQUBWHWSA-L									PlantCyc/PMN local PGDB
CPD-14081	CPD-14081	nicotine blue	250.0225859356					C10H4N2O6			plantcyc <https://plantcyc.org/>	4,5,4',5'-tetrahydroxy-3,3'-diazadiphenoquinone-(2,2') // (E)-2,2',5,5'-tetrahydroxy-6H,6'H-[3,3'-bipyridinylidene]-6,6'-dione	250.0225859356	C1([O-])(=NC(=O)C(/O)=C\C/1=C2(/C=C(C(=O)/N=C2/[O-])/O))		JUTQRXXDIORLET-ONEGZZNKSA-L									PlantCyc/PMN local PGDB
CPD-12447	CPD-12447	phlorizin	436.1369469914					C21H23O10			plantcyc <https://plantcyc.org/>	floridzin // phloretin 2'- O -glucoside // phlorhizin // phloridzin // phlorizoside	436.1369469914	C(O)[C@@H]3([C@@H](O)[C@H](O)[C@@H](O)[C@H](OC2(\C(\C(CCC1(\C=C/C(/O)=C\C=1))=O)=C(/C=C(/C=2)/[O-])\O))O3)		IOUVKUPGCMBWBT-QNDFHXLGSA-M									PlantCyc/PMN local PGDB
CPD-23238	CPD-23238	3-oxochol-4-en-24-oate	372.2664450219					C24H35O3			plantcyc <https://plantcyc.org/>		372.2664450219	C[C@H](CCC(=O)[O-])[C@H]3(CC[C@H]4([C@@H]2(CCC1(\[C@@](CCC(=O)\C=1)(C)[C@H]2CC[C@](C)34))))		WCFIGQHNBJXROP-IHMUCKAYSA-M									PlantCyc/PMN local PGDB
PYRIDOXAMINE	PYRIDOXAMINE	pyridoxamine	168.0898776398					C8H13N2O2			plantcyc <https://plantcyc.org/>		168.0898776398	CC1(\C(\O)=C(C(/CO)=C\N=1)\C[NH3+])		NHZMQXZHNVQTQA-UHFFFAOYSA-O									PlantCyc/PMN local PGDB
CPD0-1660	CPD0-1660	alpha-ethynylagmatine	154.1218464702					C7H14N4			plantcyc <https://plantcyc.org/>	EA	154.1218464702	C#CC(N)CCCNC(N)=N		VPTPVJMIJOZPON-UHFFFAOYSA-N									PlantCyc/PMN local PGDB
CPD-577	CPD-577	cyclohexane-1-carbonyl-CoA	877.1883733087					C28H42N7O17P3S			plantcyc <https://plantcyc.org/>	cyclohexylcarbonyl-CoA // cyclohexane-1-carboxyl-CoA	877.1883733087	CC(C)([C@@H](O)C(=O)NCCC(=O)NCCSC(=O)C1(CCCCC1))COP(=O)(OP(=O)(OC[C@@H]2([C@@H](OP([O-])(=O)[O-])[C@@H](O)[C@@H](O2)N3(C4(\N=C/N=C(C(\N=C/3)=4)/N))))[O-])[O-]		QRSKGVRHSLILFG-TYHXJLICSA-J									PlantCyc/PMN local PGDB
CPDQT-417	CPDQT-417	6-(methylsulfanyl)hexyl-desulfoglucosinolate	369.1279789845					C14H27NO6S2			plantcyc <https://plantcyc.org/>	6-(methylthio)hexyl-desulfoglucosinolate	369.1279789845	CSCCCCCCC(\S[C@@H]1(O[C@H](CO)[C@@H](O)[C@H](O)[C@@H](O)1))=N\O		RTWFLPZWHKDFBK-RFEZBLSLSA-N									PlantCyc/PMN local PGDB
CPD-21261	CPD-21261	3-deoxy-beta-D- manno -2-octulosonate	238.0688674262					C8H13O8			plantcyc <https://plantcyc.org/>	beta-2-keto-3-deoxyoctulosonic acid pyranose // 3-deoxy-beta-D- manno -octulosonate // 3-deoxy-beta-D- manno -oct-2-ulosonate	238.0688674262	C(O)[C@@H](O)[C@H]1(O[C@](O)(C([O-])=O)C[C@H]([C@H]1O)O)		NNLZBVFSCVTSLA-FBXMPTEYSA-M									PlantCyc/PMN local PGDB
CPD-9871	CPD-9871	5-methoxy-2-methyl-3-( all-trans -decaprenyl)benzene-1,4-diol	834.6889967553					C58H90O3			plantcyc <https://plantcyc.org/>	6-methoxy-3-methyl-2-decaprenyl-1,4-benzoquinol // 6-methoxy-5-methyl-2-decaprenyl-1,4-benzoquinol // 6-methoxy-3-methyl-2-( all-trans -decaprenyl)-1,4-benzoquinol	834.6889967553	CC(C)=CCCC(\C)=C/CCC(\C)=C/CCC(\C)=C/CCC(\C)=C/CCC(\C)=C/CCC(\C)=C/CCC(\C)=C/CCC(\C)=C/CCC(\C)=C/CC1(/C(\C)=C(/C=C(C(/O)=1)/OC)/O)		XCOXSBLQZPFVGK-RGIWONJESA-N									PlantCyc/PMN local PGDB
CPD-8744	CPD-8744	( E,E )-germacrene B	204.1878007704					C15H24			plantcyc <https://plantcyc.org/>	trans,trans -germacrene B	204.1878007704	CC(C)=C1(CCC(/C)=C/CCC(\C)=C/C1)		GXEGJTGWYVZSNR-LBJJKJHXSA-N									PlantCyc/PMN local PGDB
DELTA1-PIPERIDEINE-2-6-DICARBOXYLATE	DELTA1-PIPERIDEINE-2-6-DICARBOXYLATE	( S )-2,3,4,5-tetrahydrodipicolinate	171.0531577825					C7H7NO4			plantcyc <https://plantcyc.org/>	2,3,4,5-tetrahydrodipicolinate // ( S )-2,3,4,5-tetrahydropyridine-2,6-dicarboxylate // &Delta; 1 -piperideine-2,6-dicarboxylate // tetrahydrodipicolinate // tetrahydropyridine-2,6-dicarboxylate // L-2,3,4,5-tetrahydrodipicolinate	171.0531577825	C1(CC(/C([O-])=O)=N\[C@@H](C1)C([O-])=O)		CXMBCXQHOXUCEO-BYPYZUCNSA-L									PlantCyc/PMN local PGDB
23-DIHYDROGOSSYPETIN	23-DIHYDROGOSSYPETIN	2,3-dihydrogossypetin	320.053217362					C15H12O8			plantcyc <https://plantcyc.org/>		320.053217362	C3(/C=C(C(/O)=C\C(\C1(OC2(/C(/O)=C(/C=C(C(\C(=O)C(O)1)=2)/O)/O)))=3)/O)		ZHPLPRUARZZBET-UHFFFAOYSA-N									PlantCyc/PMN local PGDB
CPD-25021	CPD-25021	beta-D-rhamnopyranose	164.0684734957					C6H12O5			plantcyc <https://plantcyc.org/>	beta-D-rhamnose	164.0684734957	C[C@@H]1([C@H]([C@@H]([C@@H]([C@@H](O1)O)O)O)O)		SHZGCJCMOBCMKK-RWOPYEJCSA-N									PlantCyc/PMN local PGDB
3457-TETRAHYDROXY-3-METHOXYFLAVONE	3457-TETRAHYDROXY-3-METHOXYFLAVONE	3-O-methylquercetin	316.0583027399					C16H11O7			plantcyc <https://plantcyc.org/>	3-methoxy-5,7,3',4'-tetrahydroxyflavone // 3-methoxyluteolin // 3',4',5,7-tetrahydroxy-3-methoxyflavone	316.0583027399	COC2(\C(=O)C3(/C(/OC(\C1(/C=C(C(/O)=C\C=1)/O))=2)=C\C(\[O-])=C/C(/O)=3))		WEPBGSIAWZTEJR-UHFFFAOYSA-M									PlantCyc/PMN local PGDB
CPD-226	CPD-226	vinylacetyl-CoA	835.1414231161					C25H36N7O17P3S			plantcyc <https://plantcyc.org/>	3-butenoyl-CoA // but-3-enoyl-CoA	835.1414231161	C=CCC(SCCNC(=O)CCNC(=O)[C@H](O)C(C)(C)COP(=O)(OP(=O)(OC[C@@H]1([C@@H](OP([O-])(=O)[O-])[C@@H](O)[C@@H](O1)N2(C3(\N=C/N=C(C(\N=C/2)=3)/N))))[O-])[O-])=O		UATIGEHITDTAGF-CITAKDKDSA-J									PlantCyc/PMN local PGDB
CPD-26995	CPD-26995	isoastragaloside IV	784.4609068922					C41H68O14			plantcyc <https://plantcyc.org/>	3- O -beta-D-xylopyranosyl-25- O -beta-D-glucopyranosylcycloastragenol	784.4609068922	CC2([C@H]4([C@@]8(CC[C@H](O[C@H]1([C@H](O)[C@@H](O)[C@H](O)CO1))2)(C[C@]3(CC[C@]7([C@](C)([C@@H]3C[C@H](O)4)C[C@@H]([C@@H]([C@]5(CC[C@H](O5)C(C)(O[C@H]6([C@H](O)[C@@H](O)[C@H](O)[C@@H](CO)O6))C)C)7)O)C)8)))C		MSSYPWFHLFBMMP-BQAOMNQWSA-N									PlantCyc/PMN local PGDB
CPD-11520	CPD-11520	3-oxo-2-(cis-2'-pentenyl)-cyclopentane-1-(3-oxooctanoyl)-CoA	1057.3034030665					C39H58N7O19P3S			plantcyc <https://plantcyc.org/>	OPC8-3-ketoacyl-CoA	1057.3034030665	CC\C=C/C[C@H]1([C@H](CCC(=O)1)CCCCCC(=O)CC(SCCNC(=O)CCNC(=O)[C@H](O)C(C)(C)COP(=O)(OP(=O)(OC[C@@H]2([C@@H](OP([O-])(=O)[O-])[C@@H](O)[C@@H](O2)N3(C4(\N=C/N=C(C(\N=C/3)=4)/N))))[O-])[O-])=O)		YYCCMACTOAJGGW-OZVHGMPNSA-J									PlantCyc/PMN local PGDB
GLYCERATE	GLYCERATE	D-glycerate	106.026608681					C3H5O4			plantcyc <https://plantcyc.org/>	( R )-glycerate // glycerate // D-glyceric acid	106.026608681	C(=O)([O-])[C@H](O)CO		RBNPOMFGQQGHHO-UWTATZPHSA-M									PlantCyc/PMN local PGDB
CPD-1083	CPD-1083	( E )-2-methylcrotonoyl-CoA	849.1570731803					C26H38N7O17P3S			plantcyc <https://plantcyc.org/>	methylcrotonyl-CoA // trans-2-methylbut-2-enoyl-CoA // 2-methylbut-2-enoyl-CoA // tigloyl-CoA // tiglyl-CoA // 2-methyl-crotonyl-CoA // ( E )-2-methylbut-2-enoyl-CoA	849.1570731803	C/C=C(C)/C(=O)SCCNC(=O)CCNC(=O)[C@H](O)C(C)(C)COP(=O)(OP(=O)(OC[C@@H]1([C@@H](OP([O-])(=O)[O-])[C@@H](O)[C@@H](O1)N2(C3(\N=C/N=C(C(\N=C/2)=3)/N))))[O-])[O-]		PMWATMXOQQZNBX-DKBZLLMOSA-J									PlantCyc/PMN local PGDB
CPD-8073	CPD-8073	1-18:2-2-16:0-monogalactosyldiacylglycerol	754.5594987248					C43H78O10			plantcyc <https://plantcyc.org/>	18:2-16:0-MGDG // 1-(9Z,12Z-octadecadienoyl)-2-hexadecanoyl-3-O-beta-D-galactosyl-sn-glycerol	754.5594987248	CCCCC\C=C/C\C=C/CCCCCCCC(OC[C@H](CO[C@@H]1(O[C@@H]([C@@H]([C@@H]([C@H]1O)O)O)CO))OC(CCCCCCCCCCCCCCC)=O)=O		QOCWWAJCODFCIV-OSTDEYQUSA-N									PlantCyc/PMN local PGDB
CPD-17645	CPD-17645	2-(8-hydroxy-2-oxotridecyl)-6-oxopyran-4-olate	324.1936740093					C18H27O5			plantcyc <https://plantcyc.org/>		324.1936740093	CCCCCC(O)CCCCCC(=O)CC1(\OC(=O)/C=C(\C=1)/[O-])		RGRXEJAZCMLORS-UHFFFAOYSA-M									PlantCyc/PMN local PGDB
CPD-15158	CPD-15158	5-hydroxy-CMP	339.0467655739					C9H12N3O9P			plantcyc <https://plantcyc.org/>	5-hydroxycytidine monophosphate	339.0467655739	C(OP(=O)([O-])[O-])[C@@H]2([C@H]([C@H]([C@H](N1(/C=C(C(/N)=N\C1=O)/O))O2)O)O)		QONOHPMEMVHOPP-UAKXSSHOSA-L									PlantCyc/PMN local PGDB
CPD-14447	CPD-14447	(2Z)-2-hydroxypenta-2,4-dienoate	114.0316940589					C5H5O3			plantcyc <https://plantcyc.org/>		114.0316940589	C=C\C=C(C([O-])=O)/O		VHTQQDXPNUTMNB-ARJAWSKDSA-M									PlantCyc/PMN local PGDB
CPD-13923	CPD-13923	(-)-9beta-pimara-7,15-dien-19-oate	302.2245802072					C20H29O2			plantcyc <https://plantcyc.org/>		302.2245802072	C=C[C@@]2(CC[C@H]3([C@]1(CCC[C@]([C@@H]1C\C=C(C2)/3)(C)C([O-])=O)C))C		MXYATHGRPJZBNA-BDUQCRIQSA-M									PlantCyc/PMN local PGDB
CPD-12180	CPD-12180	feruloylacetyl-CoA	985.173117175					C33H42N7O20P3S			plantcyc <https://plantcyc.org/>	feruloyl-diketide-CoA	985.173117175	CC(C)([C@@H](O)C(=O)NCCC(=O)NCCSC(=O)CC(=O)/C=C/C1(/C=C(C(/O)=C\C=1)/OC))COP(=O)(OP(=O)(OC[C@@H]2([C@@H](OP([O-])(=O)[O-])[C@@H](O)[C@@H](O2)N3(C4(\N=C/N=C(C(\N=C/3)=4)/N))))[O-])[O-]		KBVPPTKWCRMUEW-KEJNSVKLSA-J									PlantCyc/PMN local PGDB
CPD-19435	CPD-19435	(4a R ,10b S )-noroxomaritidine	271.1208434172					C16H17NO3			plantcyc <https://plantcyc.org/>		271.1208434172	COC4(/C=C1(C(/CN3(CC[C@@]21(\C=C/C(C[C@H]23)=O)))=C\C(\O)=4))		VEXDOCFQMVMPHJ-HZPDHXFCSA-N									PlantCyc/PMN local PGDB
G3P	G3P	3-phospho-D-glycerate	185.9929390894					C3H4O7P			plantcyc <https://plantcyc.org/>	3-phospho-(R)-glycerate // 3-phospho-D-glyceric acid // 3-P-D-glycerate // D-glycerate-3-P // D-glycerate 3-phosphate // 3-phosphoglycerate // D-3-phosphoglycerate // D-3-Phospho-glyceric acid	185.9929390894	C(OP(=O)([O-])[O-])[C@@H](O)C(=O)[O-]		OSJPPGNTCRNQQC-UWTATZPHSA-K									PlantCyc/PMN local PGDB
CPD0-1664	CPD0-1664	(E)-alpha-monofluoromethyldehydroarginine	204.1022538823					C7H14N4O2F			plantcyc <https://plantcyc.org/>	delta-MFMA // ( E )-alpha-monofluoromethyl-3,4-dehydroarginine	204.1022538823	C(NC(N)=[NH2+])/C=C/[C@](CF)([NH3+])C(=O)[O-]		UDWPEHOXJIIOEY-QOHHWTFISA-O									PlantCyc/PMN local PGDB
CPD-698	CPD-698	campest-4-en-3-one	398.3548660987					C28H46O			plantcyc <https://plantcyc.org/>	methylcholestenone // (24 R )-24-methyl-cholest-4-en-3-one // 3-dehydro-&Delta; 4-5 -campesterol	398.3548660987	CC(C)[C@H](C)CC[C@@H](C)[C@H]3(CC[C@H]4([C@@H]2(CCC1(\[C@@](CCC(=O)\C=1)(C)[C@H]2CC[C@](C)34))))		QQIOPZFVTIHASB-IMUDCKKOSA-N									PlantCyc/PMN local PGDB
CPD-8074	CPD-8074	1-18:3-2-16:0-monogalactosyldiacylglycerol	752.5438486606					C43H76O10			plantcyc <https://plantcyc.org/>	18:3-16:0-MGDG // 1-(9Z,12Z,15Z-octadecatrienoyl)-2-hexadecanoyl-3-O-beta-D-galactosyl-sn-glycerol	752.5438486606	CC\C=C/C\C=C/C\C=C/CCCCCCCC(OC[C@H](CO[C@@H]1(O[C@@H]([C@@H]([C@@H]([C@H]1O)O)O)CO))OC(CCCCCCCCCCCCCCC)=O)=O		OYPVEICJGOKWFP-FAFOYRQUSA-N									PlantCyc/PMN local PGDB
CPD-4610	CPD-4610	kinetin-7- N -glucoside	377.1335333685					C16H19N5O6			plantcyc <https://plantcyc.org/>		377.1335333685	C([C@H]1(O[C@@H]([C@@H]([C@H]([C@@H]1O)O)O)N3(C4(C(/NCC2(\O\C=C/C=2))=N\C=N/C(\N=C/3)=4))))O		AXJIOWGMASZFOU-HMXKMONRSA-N									PlantCyc/PMN local PGDB
CPD-10447	CPD-10447	2-hydroxylamino-4,6-dinitrotoluene	217.0698704792					C7H7N3O5			plantcyc <https://plantcyc.org/>	2-HADNT	217.0698704792	CC1(/C(/NO)=C\C(\[N+](=O)[O-])=C/C(/[N+](=O)[O-])=1)		KONVLHWTMAMGAA-UHFFFAOYSA-N									PlantCyc/PMN local PGDB
STAUROSPORINE	STAUROSPORINE	staurosporine	466.2004907217					C28H27N4O3			plantcyc <https://plantcyc.org/>	STP // AM-2282	466.2004907217	C[C@@]15(O[C@H](C[C@@H]([NH2+]C)[C@@H](OC)1)N2(C8(/C=C\C=C/C(/C3(C7(\C(=O)NCC(/C4(C6(/C=C\C=C/C(/N(C(C2=3)=4)5)=6)))=7)))=8)))		HKSZLNNOFSGOKW-FYTWVXJKSA-O									PlantCyc/PMN local PGDB
CPD-9873	CPD-9873	3-demethylubiquinol-10	850.6839113774					C58H90O4			plantcyc <https://plantcyc.org/>		850.6839113774	CC(C)=CCCC(\C)=C/CCC(\C)=C/CCC(\C)=C/CCC(\C)=C/CCC(\C)=C/CCC(\C)=C/CCC(\C)=C/CCC(\C)=C/CCC(\C)=C/CC1(/C(\C)=C(C(\O)=C(C(/O)=1)\OC)/O)		VLMQNHNMQVLPQI-AVRCVIBKSA-N									PlantCyc/PMN local PGDB
CPD-17157	CPD-17157	L-galactono-1,5-lactone	178.0477380536					C6H10O6			plantcyc <https://plantcyc.org/>		178.0477380536	C(O)[C@H]1([C@@H](O)[C@@H](O)[C@H](O)C(=O)O1)		PHOQVHQSTUBQQK-RSJOWCBRSA-N									PlantCyc/PMN local PGDB
CPD-14091	CPD-14091	N -methylmyosmine	160.1000483956					C10H13N2			plantcyc <https://plantcyc.org/>		160.1000483956	C2(C\C=C(C1(\C=N/C=C\C=1))/[NH+](C)2)		TVKHGXPZBZKXFM-UHFFFAOYSA-O									PlantCyc/PMN local PGDB
DEHYDROSPHINGANINE	DEHYDROSPHINGANINE	3-dehydrosphinganine	299.2824294371					C18H38NO2			plantcyc <https://plantcyc.org/>	3-dehydro-D-sphinganine (C18) // KDHS (C18) // 3-ketodihydrosphingosine (C18) // 3-dehydrosphinganine (C18)	299.2824294371	CCCCCCCCCCCCCCCC([C@H](CO)[NH3+])=O		KBUNOSOGGAARKZ-KRWDZBQOSA-O									PlantCyc/PMN local PGDB
CPD-8937	CPD-8937	cinnamoylserotonin	306.1368278324					C19H18N2O2			plantcyc <https://plantcyc.org/>	cinnamic acid serotonin amide	306.1368278324	C(NC(=O)/C=C/C1(\C=C/C=C\C=1))CC2(\C3(/C=C(\C=C/C(/N\C=2)=3)/O))		FRAFXYQJEIADQB-RMKNXTFCSA-N									PlantCyc/PMN local PGDB
CPD-457	CPD-457	4-O-beta-D-glucosyl-4-hydroxycinnamate	326.1001675546					C15H17O8			plantcyc <https://plantcyc.org/>		326.1001675546	C(O)[C@@H]1([C@@H](O)[C@H](O)[C@@H](O)[C@@H](O1)OC2(\C=C/C(/C=C/C([O-])=O)=C/C=2))		LJFYQZQUAULRDF-FDGSXQGBSA-M									PlantCyc/PMN local PGDB
CPD-23878	CPD-23878	beta-D-GlcNAc-(1->4)-MurNAc-L-Ala-gamma-D-Glu-L-Lys-D-Ala-D-Ala	1046.4056670106					C39H64N8O23P			plantcyc <https://plantcyc.org/>	GlcNAc-MurNAc-pentapeptide	1046.4056670106	C[C@H](C(=O)N[C@H](C)C(=O)[O-])NC(=O)[C@H](CCCC[NH3+])NC(=O)CC[C@@H](NC(=O)[C@@H](NC([C@H](O[C@@H]2([C@@H](NC(=O)C)[C@@H](OP([O-])([O-])=O)O[C@H](CO)[C@@H](O[C@@H]1(O[C@H](CO)[C@@H](O)[C@H](O)[C@@H](NC(=O)C)1))2))C)=O)C)C(=O)[O-]		ZJONAJAXKPUPPZ-SGOYIRSVSA-K									PlantCyc/PMN local PGDB
CPD-22015	CPD-22015	tetratriacontanoyl-CoA	1257.6265751063					C55H98N7O17P3S			plantcyc <https://plantcyc.org/>	geddoyl-CoA	1257.6265751063	CCCCCCCCCCCCCCCCCCCCCCCCCCCCCCCCCC(=O)SCCNC(=O)CCNC(=O)[C@H](O)C(C)(C)COP(=O)(OP(=O)(OC[C@H]1(O[C@H]([C@@H]([C@@H]1OP([O-])(=O)[O-])O)N2(C3(\N=C/N=C(C(\N=C/2)=3)/N))))[O-])[O-]		FGDUDLRWTNLBRV-GQISVJILSA-J									PlantCyc/PMN local PGDB
CPD-20421	CPD-20421	4,4-dihydroxy-beta,beta-carotene	568.4280310418					C40H56O2			plantcyc <https://plantcyc.org/>		568.4280310418	CC(/C=C/C=C(C)/C=C/C1(/C(CCCC(/C)=1)(C)C))=C\C=C\C=C(C)\C=C\C=C(C)\C=C\C2(\C(CCC(O)(O)C(/C)=2)(C)C)		NMQZISAUULLQSP-QQGJMDNJSA-N									PlantCyc/PMN local PGDB
DOPAQUINONE	DOPAQUINONE	dopaquinone	195.0531577825					C9H9NO4			plantcyc <https://plantcyc.org/>		195.0531577825	C([O-])(=O)[C@@H]([NH3+])CC1(\C=C/C(=O)C(\C=1)=O)		AHMIDUVKSGCHAU-LURJTMIESA-N									PlantCyc/PMN local PGDB
CPD-15530	CPD-15530	aldehydo -D-glucuronate	194.0426526757					C6H9O7			plantcyc <https://plantcyc.org/>	aldehydo -D-glucuronic acid	194.0426526757	C(=O)[C@H](O)[C@@H](O)[C@H](O)[C@H](O)C(=O)[O-]		IAJILQKETJEXLJ-QTBDOELSSA-M									PlantCyc/PMN local PGDB
CPD-24347	CPD-24347	phytochelatin 3	771.1873611319					C26H38N7O14S3			plantcyc <https://plantcyc.org/>	PC 3 // (gamma-Glu-Cys) 3 -Gly	771.1873611319	C(S)[C@@H](C(NCC([O-])=O)=O)NC(=O)CC[C@H](NC(=O)[C@H](CS)NC(=O)CC[C@H](NC(=O)[C@H](CS)NC(=O)CC[C@H]([NH3+])C([O-])=O)C([O-])=O)C([O-])=O		PCOMFCPXXQONPD-QNILMXGZSA-K									PlantCyc/PMN local PGDB
CPD-11527	CPD-11527	3-oxo-2-(cis-2'-pentenyl)-cyclopentane-1-(3R-hydroxybutanoyl)-CoA	1003.2564528739					C35H52N7O19P3S			plantcyc <https://plantcyc.org/>	OPC4-3-hydroxyacyl-CoA	1003.2564528739	CC\C=C/C[C@H]1([C@H](CCC(=O)1)C[C@H](O)CC(=O)SCCNC(=O)CCNC(=O)[C@H](O)C(C)(C)COP(=O)(OP(=O)(OC[C@@H]2([C@@H](OP([O-])(=O)[O-])[C@@H](O)[C@@H](O2)N3(C4(\N=C/N=C(C(\N=C/3)=4)/N))))[O-])[O-])		YUFHOTSRMDFGNS-GBYPGRTBSA-J									PlantCyc/PMN local PGDB
RIBULOSE-5P	RIBULOSE-5P	D-ribulose 5-phosphate	230.0191538399					C5H9O8P			plantcyc <https://plantcyc.org/>	ribulose-5P // D-ribulose-5-P // ribulose-5-P	230.0191538399	C([C@H]([C@H](C(CO)=O)O)O)OP([O-])([O-])=O		FNZLKVNUWIIPSJ-UHNVWZDZSA-L									PlantCyc/PMN local PGDB
CYCLOARTENOL	CYCLOARTENOL	cycloartenol	426.3861662271					C30H50O			plantcyc <https://plantcyc.org/>	9beta,19-cyclo-24-lanosten-3beta-ol // cycloart-24(25)-enol // (3beta,9beta)-9,19-cyclolanost-24-en-3-ol	426.3861662271	CC(C)=CCC[C@@H](C)[C@H]3(CC[C@@]4(C)([C@@H]1(CC[C@H]5(C(C)(C)[C@@H](O)CC[C@@]2(C[C@@]12CC[C@](C)34)5))))		ONQRKEUAIJMULO-YBXTVTTCSA-N									PlantCyc/PMN local PGDB
CPD-9577	CPD-9577	(indol-3-yl)acetyl-L-valine	274.1317424545					C15H17N2O3			plantcyc <https://plantcyc.org/>	IAA-valine	274.1317424545	CC(C)[C@H](NC(CC1(\C2(/C=C\C=C/C(/N\C=1)=2)))=O)C(=O)[O-]		AZEGJHGXTSUPPG-AWEZNQCLSA-M									PlantCyc/PMN local PGDB
GLT	GLT	L-glutamate	147.0531577825					C5H8NO4			plantcyc <https://plantcyc.org/>	1-amino-propane-1,3-dicarboxylic acid // glutacid // glutaminic acid // L-glutamic acid // alpha-aminoglutaric acid // E // glt // glut // L-glu // 2-aminopentanedioic acid	147.0531577825	C(CC[C@@H](C(=O)[O-])[NH3+])([O-])=O		WHUUTDBJXJRKMK-VKHMYHEASA-M									PlantCyc/PMN local PGDB
CPD-22660	CPD-22660	trimethylarsine oxide	135.986936311					C3H9OAS			plantcyc <https://plantcyc.org/>	trimethylarsane oxide // TMAO V // TMAO	135.986936311	C[As](C)(C)=O		JWOWJQPAYGEFFK-UHFFFAOYSA-N									PlantCyc/PMN local PGDB
D-CYSTEINE	D-CYSTEINE	D-cysteine	121.0197491641					C3H7NO2S			plantcyc <https://plantcyc.org/>		121.0197491641	C(S)[C@H](C(=O)[O-])[NH3+]		XUJNEKJLAYXESH-UWTATZPHSA-N									PlantCyc/PMN local PGDB
CPD-15004	CPD-15004	(3E)-phytochromobilin	584.263484909					C33H34N4O6			plantcyc <https://plantcyc.org/>		584.263484909	C/C=C1([C@@H](C)C(NC\1=C/C4(/NC(/C=C3(C(/CCC([O-])=O)=C(C)/C(\C=C2(C(/C)=C(C=C)/C(=O)N2))=N\3))=C(CCC([O-])=O)/C(\C)=4))=O)		DKMLMZVDTGOEGU-UAWLBFNISA-L									PlantCyc/PMN local PGDB
CPD-10211	CPD-10211	furaneol (enol form)	128.0473441231					C6H8O3			plantcyc <https://plantcyc.org/>	3,4-dihydroxy-2,5-dimethylfuran // dimethylfuran-3,4-diol // 2,5-dimethylfuran-3,4-diol	128.0473441231	CC1(/OC(\C)=C(C(/O)=1)/O)		IIGLVVZHSDZGOL-UHFFFAOYSA-N									PlantCyc/PMN local PGDB
CPD-4603	CPD-4603	isopentenyladenine-9- N -glucoside	365.1699188748					C16H23N5O5			plantcyc <https://plantcyc.org/>		365.1699188748	CC(C)=CCNC1(\C2(\N=C/N(C(\N=C/N=1)=2)[C@@H]3([C@@H]([C@H]([C@@H]([C@H](O3)CO)O)O)O)))		XEHLLUQVSRLWMH-HMXKMONRSA-N									PlantCyc/PMN local PGDB
PANTETHEINE-P	PANTETHEINE-P	4'-phosphopantetheine	358.0963583034					C11H21N2O7PS			plantcyc <https://plantcyc.org/>	phosphopantotheine // pantetheine 4'-phosphate // phosphopantetheine	358.0963583034	CC([C@@H](O)C(=O)NCCC(NCCS)=O)(C)COP([O-])(=O)[O-]		JDMUPRLRUUMCTL-VIFPVBQESA-L									PlantCyc/PMN local PGDB
CPD-13627	CPD-13627	(4S)-4-(5,5-dimethylcyclohex-1-en-1-yl)cyclohex-1-ene-1-carbaldehyde	218.1670653283					C15H22O			plantcyc <https://plantcyc.org/>		218.1670653283	CC2(C)(CC(/[C@@H]1(C/C=C(CC1)/C=O))=C\CC2)		FITVEUXUZLYLPG-CYBMUJFWSA-N									PlantCyc/PMN local PGDB
CIT	CIT	citrate	192.0270026115					C6H5O7			plantcyc <https://plantcyc.org/>	citr // cit // citric acid // 2-hydroxy-1,2,3-propanetricarboxylic acid	192.0270026115	C(=O)([O-])CC(C(=O)[O-])(O)CC(=O)[O-]		KRKNYBCHXYNGOX-UHFFFAOYSA-K									PlantCyc/PMN local PGDB
CPD-9903	CPD-9903	3,4-dihydroxy-5-( all-trans -heptaprenyl)benzoate	630.4648104786					C42H61O4			plantcyc <https://plantcyc.org/>	3-(3,7,11,15,19,23-heptamethyltetracosa-2,6,10,14,18,22-hexaenyl) -4,5-dihydroxy-benzoic acid // 3-heptaprenyl-4,5-dihydroxybenzoate	630.4648104786	CC(C)=CCCC(\C)=C/CCC(\C)=C/CCC(\C)=C/CCC(\C)=C/CCC(\C)=C/CCC(\C)=C/CC1(/C=C(/C=C(C(/O)=1)/O)/C([O-])=O)		LIEYLSGXGOXYTD-CTBYCIIYSA-M									PlantCyc/PMN local PGDB
CPD-8692	CPD-8692	abieta-7,13-dien-18,18-diol	304.2402302714					C20H32O2			plantcyc <https://plantcyc.org/>	abietadiene-diol	304.2402302714	CC(C3(\CC[C@@H]2([C@@]1(C([C@@](CCC1)(C(O)O)C)CC=C2/C=3)C)))C		CPTVDNMRGYWJCH-RMGPQRKISA-N									PlantCyc/PMN local PGDB
CPD-7092	CPD-7092	momilactone A	314.1881947009					C20H26O3			plantcyc <https://plantcyc.org/>		314.1881947009	C=C[C@@]2(CCC3([C@]1(CCC([C@]4(C1C(\C=C(C2)/3)OC4=O)C)=O)C))C		MPHXYQVSOFGNEN-QCZCYNOHSA-N									PlantCyc/PMN local PGDB
ARABINOSE-5P	ARABINOSE-5P	aldehydo -D-arabinose 5-phosphate	230.0191538399					C5H9O8P			plantcyc <https://plantcyc.org/>	aldehydo -D-arabinose-5P // aldehydo -arabinose-5P	230.0191538399	C(=O)[C@H]([C@@H]([C@@H](COP([O-])([O-])=O)O)O)O		PPQRONHOSHZGFQ-WDCZJNDASA-L									PlantCyc/PMN local PGDB
CPD-18333	CPD-18333	N -methyl-L-valyl-L-tryptophanol	303.1946770623					C17H25N3O2			plantcyc <https://plantcyc.org/>		303.1946770623	CC(C)[C@H](NC)C(=O)N[C@@H](CC1(\C2(/C=C\C=C/C(/N\C=1)=2)))CO		OQYFURUBPANIIX-BBRMVZONSA-N									PlantCyc/PMN local PGDB
CPD-24913	CPD-24913	N -pyruvoyl-L-glutamate	217.0586370909					C8H9NO6			plantcyc <https://plantcyc.org/>		217.0586370909	CC(=O)C(N[C@@H](CCC([O-])=O)C(=O)[O-])=O		JHLSCKRPFIRSSX-YFKPBYRVSA-L									PlantCyc/PMN local PGDB
CPD-12750	CPD-12750	juvenile hormone III acid	252.1725446367					C15H23O3			plantcyc <https://plantcyc.org/>	juvenile hormone III carboxylate // (2 E ,6 E ,10 R )-10,11-epoxy-3,7,11-trimethyl-2,6-dodecadienoate	252.1725446367	CC(/CC[C@@H]1(C(C)(O1)C))=C\CCC(\C)=C/C(=O)[O-]		DIAZNFMKLJLDNM-AQAKBEBOSA-M									PlantCyc/PMN local PGDB
INDOLE-3-GLYCEROL-P	INDOLE-3-GLYCEROL-P	(1 S ,2 R )-1-C-(indol-3-yl)glycerol 3-phosphate	287.0558736972					C11H12NO6P			plantcyc <https://plantcyc.org/>	indole-3-glycerol phosphate // 1-(indol-3-yl)glycerol 3-phosphate // C 1 -(3-Indolyl)-glycerol 3-phosphate // indole-3-glycerol-P // 1-(indol-3-yl)glycerol-3-P // 1-(indol-3-yl)glycerol-3-phosphate // indoleglycerol phosphate // indole-3-glycerol-phosphate	287.0558736972	C1(/NC2(/C=C\C=C/C(/C(/[C@@H]([C@@H](COP([O-])(=O)[O-])O)O)=1)=2))		NQEQTYPJSIEPHW-MNOVXSKESA-L									PlantCyc/PMN local PGDB
CPD-6641	CPD-6641	2'-hydroxygenistein	286.0477380536					C15H9O6			plantcyc <https://plantcyc.org/>	5,7,2',4'-tetrahydroxyisoflavone	286.0477380536	C3(/C=C(C1(\C(=O)C2(/C(/O)=C\C(\[O-])=C/C(/O\C=1)=2)))\C(\O)=C/C(/O)=3)		GSSOWCUOWLMMRJ-UHFFFAOYSA-M									PlantCyc/PMN local PGDB
MONO-VINYL-PROTOCHLOROPHYLLIDE-A	MONO-VINYL-PROTOCHLOROPHYLLIDE-A	protochlorophyllide a	612.2223120585					C35H30N4O5MG			plantcyc <https://plantcyc.org/>	monovinyl protochlorophyllide a	612.2223120585	C=CC4(\C(/C)=C5(\C=C7(C(/C)=C(CCC(=O)[O-])/C(C6(/[C-](C(OC)=O)C(=O)C1(\C(\N2([Mg]N(C(/C=C3(C(/C)=C(CC)/C(\C=C(C(\C)=1)/2)=N3))=4)5))=6)))=N7)))											PlantCyc/PMN local PGDB
DIAMINONONANOATE	DIAMINONONANOATE	(7 R ,8 S )-diaminononanoate	188.1524778966					C9H21N2O2			plantcyc <https://plantcyc.org/>	(7 R ,8 S )-7,8-diaminopelargonate // DAPA	188.1524778966	C[C@@H]([C@@H](CCCCCC([O-])=O)[NH3+])[NH3+]		KCEGBPIYGIWCDH-JGVFFNPUSA-O									PlantCyc/PMN local PGDB
CPD-15087	CPD-15087	6- C -glucosyl chrysin	416.1107322409					C21H19O9			plantcyc <https://plantcyc.org/>	chrysin 6-C-glucoside	416.1107322409	C([C@@H]4([C@H]([C@@H]([C@@H](O)[C@H](C3(/C(/O)=C2(C(/OC(/C1(\C=C/C=C\C=1))=C/C2=O)=C\C(\[O-])=3)))O4)O)O))O		KLLCDVSOGLKTDV-VJXVFPJBSA-M									PlantCyc/PMN local PGDB
CPD-8006	CPD-8006	quercetin 7-O-glucoside	464.0954761072					C21H19O12			plantcyc <https://plantcyc.org/>	quercimeritrin	464.0954761072	C([C@H]4(O[C@@H](OC2(\C=C(C3(\C(C(/[O-])=C(C1(\C=C(C(/O)=C\C=1)\O))\OC(/C=2)=3)=O))\O))[C@@H]([C@H]([C@@H]4O)O)O))O		BBFYUPYFXSSMNV-HMGRVEAOSA-M									PlantCyc/PMN local PGDB
CPD-14652	CPD-14652	(+)-5-deoxystrigol	330.1467238167					C19H22O5			plantcyc <https://plantcyc.org/>		330.1467238167	CC1(\C(=O)O[C@H](\C=1)O/C=C2([C@@H]3([C@H](OC(=O)2)C4([C@@](C)(C)CCCC(C3)=4))))		QXTUQXRFEBHUBA-DYLOANJQSA-N									PlantCyc/PMN local PGDB
CPD-1789	CPD-1789	dehydro-D-arabinono-1,4-lactone	146.0215233031					C5H6O5			plantcyc <https://plantcyc.org/>	(5R)-3,4-dihydroxy-5-(hydroxymethyl)furan-2(5H)-one // D-erythro-ascorbic acid // D-erythro-ascorbate	146.0215233031	C(O)[C@@H]1(C(\O)=C(C(=O)O1)\O)		ZZZCUOFIHGPKAK-UWTATZPHSA-N									PlantCyc/PMN local PGDB
7-8-DIHYDROPTEROATE	7-8-DIHYDROPTEROATE	7,8-dihydropteroate	314.1127383469					C14H13N6O3			plantcyc <https://plantcyc.org/>	dihydropterate // H2Pte // dihydropteroate	314.1127383469	C(NC1(\C=C/C(/C(=O)[O-])=C\C=1))C2(CNC3(/N=C(N)\NC(=O)C(/N=2)=3))		WBFYVDCHGVNRBH-UHFFFAOYSA-M									PlantCyc/PMN local PGDB
CPD1F-86	CPD1F-86	gibberellin A 17	378.1678531893					C20H23O7			plantcyc <https://plantcyc.org/>		378.1678531893	C=C1([C@@]2(O)(C[C@]3(C1)([C@H]([C@@H]4([C@@](C)(CCC[C@@](C([O-])=O)([C@@H](CC2)3)4)C([O-])=O))C([O-])=O)))		AUKMHZZVLPQAOX-CDNFTCFOSA-K									PlantCyc/PMN local PGDB
12-OXO-CIS-9-DODECENOATE	12-OXO-CIS-9-DODECENOATE	(9 Z )-traumatin	212.1412445083					C12H19O3			plantcyc <https://plantcyc.org/>	12-oxo-c-9-dodecenoate // 12-oxo-cis-9-dodecenoate // (9 Z )-12-oxo-dodecenoate // (9 Z )-12-oxo-dodec-9-enoate	212.1412445083	C(=O)C\C=C/CCCCCCCC(=O)[O-]		KIHXTOVLSZRTHJ-ALCCZGGFSA-M									PlantCyc/PMN local PGDB
CPD-12501	CPD-12501	26-hydroxybrassinolide	496.3400038955					C28H48O7			plantcyc <https://plantcyc.org/>		496.3400038955	CC([C@@H]([C@H]([C@@H]([C@H](C2([C@]3(CCC4([C@]1(C[C@H]([C@H](C[C@@H]1C(=O)OCC(C(CC2)3)4)O)O)C))(C)))C)O)O)C)CO		WPKOZIBAIWHRJZ-QDMVLMCESA-N									PlantCyc/PMN local PGDB
CPD-26262	CPD-26262	1-formylpyrrolizidine	139.0997140446					C8H13NO			plantcyc <https://plantcyc.org/>		139.0997140446	C1(N2(CC[C@H](C=O)[C@@H](CC1)2))		LUXKVBLHJUGCSC-HTQZYQBOSA-N									PlantCyc/PMN local PGDB
N-ACETYL-9-O-ACETYLNEURAMINATE	N-ACETYL-9-O-ACETYLNEURAMINATE	N -acetyl-9- O -acetylneuraminate	351.1165459003					C13H20NO10			plantcyc <https://plantcyc.org/>		351.1165459003	CC(=O)N[C@@H]1([C@H](CC(O)(C([O-])=O)O[C@H]1[C@H](O)[C@H](O)COC(=O)C)O)		NYWZBRWKDRMPAS-CHNADMEASA-M									PlantCyc/PMN local PGDB
CMP-N-ACETYL-NEURAMINATE	CMP-N-ACETYL-NEURAMINATE	CMP- N -acetyl-beta-neuraminate	614.1472674795					C20H29N4O16P			plantcyc <https://plantcyc.org/>	cytidine monophosphate N -acetyl-beta-neuraminate // cytidine monophosphate N -acetyl-beta-neuraminic acid // CMP-sialic acid // CMP-Neu5Ac // CMP-sialate	614.1472674795	CC(=O)N[C@@H]3([C@H](C[C@](C([O-])=O)(OP(=O)([O-])OC[C@@H]2([C@H]([C@H]([C@H](N1(\C=C/C(/N)=N\C1=O))O2)O)O))O[C@H]3[C@H](O)[C@H](O)CO)O)		TXCIAUNLDRJGJZ-BILDWYJOSA-L									PlantCyc/PMN local PGDB
CPD-9217	CPD-9217	solanidine	397.3344650076					C27H44NO			plantcyc <https://plantcyc.org/>	solatubine // solanidin // solanid-5-en-3beta-ol // (3beta)-solanid-5-en-3-ol	397.3344650076	C[C@H]6(CC[C@H]1([NH+]([C@@H]2([C@H]([C@H](C)1)[C@]4(C)([C@@H](C2)[C@@H]5(C\C=C3(C[C@H](CC[C@@](C)3[C@@H](CC4)5)O)))))C6))		JVKYZPBMZPJNAJ-OQFNDJACSA-O									PlantCyc/PMN local PGDB
18-HYDROXYOLEATE	18-HYDROXYOLEATE	18-hydroxyoleate	298.2507949577					C18H33O3			plantcyc <https://plantcyc.org/>	18-hydroxyoctadec-9-enoic acid // 18-hydroxy-9Z-octadecenoate // &omega;-hydroxy-9Z-octadecenoate // omega-hydroxy oleate // 18-hydroxy-(9Z)-oleate(1-) // &omega;-hydroxy-(9Z)-octadecenoate(1-) // &omega;-hydroxyoleate(1-) // (Z)-18-hydroxyoctadec-9-enoic acid	298.2507949577	C(O)CCCCCCC\C=C/CCCCCCCC(=O)[O-]		LQUHZVLTTWMBTO-UPHRSURJSA-M									PlantCyc/PMN local PGDB
MANNOSE-6P	MANNOSE-6P	alpha-D-mannopyranose 6-phosphate	260.0297185262					C6H11O9P			plantcyc <https://plantcyc.org/>	alpha-D-mannose-6-P	260.0297185262	C(OP(=O)([O-])[O-])[C@H]1(O[C@H](O)[C@@H](O)[C@@H](O)[C@H](O)1)		NBSCHQHZLSJFNQ-PQMKYFCFSA-L									PlantCyc/PMN local PGDB
CPD-7524	CPD-7524	7,9,9'- cis -neurosporene	538.4538518618					C40H58			plantcyc <https://plantcyc.org/>	proneurosporene // 7,9,9'-tri- cis -neurosporene // 7,9,9'- tricis -neurosporene	538.4538518618	CC(C)=CCCC(\C)=C/C=C\C(/C)=C/C=C/C(\C)=C/C=C/C=C(C)/C=C/C=C(C)\CC/C=C(C)/CCC=C(C)C		ATCICVFRSJQYDV-IFJQPPEWSA-N									PlantCyc/PMN local PGDB
CPD-6976	CPD-6976	4-coumaroyl-4'-hydroxyphenyllactate	328.0946882462					C18H15O6			plantcyc <https://plantcyc.org/>	4-coumaryl-4'-hydroxyphenyllactic acid	328.0946882462	C(/C=C/C1(\C=C/C(/O)=C\C=1))(O[C@H](CC2(\C=C/C(/O)=C\C=2))C(=O)[O-])=O		LVPGCTXCBGXZHO-ZWIJEDICSA-M									PlantCyc/PMN local PGDB
L-DEHYDRO-ASCORBATE	L-DEHYDRO-ASCORBATE	dehydroascorbate	174.0164379252					C6H5O6			plantcyc <https://plantcyc.org/>	L-dehydro-ascorbate // dehydroascorbide // dehydroascorbic acid	174.0164379252	C(O)C(O)[C-]1(C(=O)C(=O)C(=O)O1)		OESHPIGALOBJLM-UHFFFAOYSA-N									PlantCyc/PMN local PGDB
CPD-14280	CPD-14280	(2 E )-icos-2-enoyl-CoA	1059.3918241433					C41H68N7O17P3S			plantcyc <https://plantcyc.org/>	trans -2,3-dihydro-arachido-2-enoyl-CoA // trans -arachido-2-enoyl-CoA // (2 E )-arachido-2-enoyl-CoA	1059.3918241433	CCCCCCCCCCCCCCCCC/C=C/C(=O)SCCNC(=O)CCNC([C@H](O)C(C)(C)COP([O-])(=O)OP([O-])(=O)OC[C@@H]1([C@@H](OP(=O)([O-])[O-])[C@@H](O)[C@@H](O1)N2(\C=N/C3(C(/N)=N\C=N/C2=3))))=O		ROOFWBIMBMJYGA-DSAUMYHJSA-J									PlantCyc/PMN local PGDB
CPD-22505	CPD-22505	6-hydroxypicolinate	139.026943032					C6H4NO3			plantcyc <https://plantcyc.org/>	6-hydroxypyridine-2-carboxylate	139.026943032	C1(O)(=C\C=C/C(/C([O-])=O)=N\1)		VRCWSYYXUCKEED-UHFFFAOYSA-M									PlantCyc/PMN local PGDB
2-KETO-3-DEOXY-6-P-GLUCONATE	2-KETO-3-DEOXY-6-P-GLUCONATE	2-dehydro-3-deoxy-D-gluconate 6-phosphate	258.014068462					C6H8O9P			plantcyc <https://plantcyc.org/>	2-keto-3-deoxy-6-phospho-D-gluconate // 2-dehydro-3-deoxy-6-phospho-D-gluconate // 2-keto-3-deoxy-6-phospho-gluconate // 6-phospho-2-dehydro-3-deoxy-D-gluconate // 2-keto-3-deoxy-6-phosphogluconate // 2-keto-3-deoxy-6-P-gluconate // 6-p-2-k-3-deo-gluconate // 6-phospho-2-keto-3-deoxygluconate // 6-phospho-2-dehydro-3-deoxygluconate // 2-keto-3-deoxygluconate-6-P // 3-deoxy-D- erythro -hex-2-ulosonic acid 6-phosphate // 3-deoxy-D- erythro -hex-2-ulosonate-6-phosphate // KDPG	258.014068462	C(=O)([O-])C(=O)C[C@H](O)[C@H](O)COP([O-])(=O)[O-]		OVPRPPOVAXRCED-WVZVXSGGSA-K									PlantCyc/PMN local PGDB
D-SORBITOL-6-P	D-SORBITOL-6-P	D-sorbitol 6-phosphate	262.0453685904					C6H13O9P			plantcyc <https://plantcyc.org/>	D-glucitol 6-phosphate	262.0453685904	C([C@@H]([C@H]([C@@H]([C@@H](COP([O-])(=O)[O-])O)O)O)O)O		GACTWZZMVMUKNG-SLPGGIOYSA-L									PlantCyc/PMN local PGDB
CPD-8087	CPD-8087	1-alpha-linolenoyl-2-palmitoyl-phosphatidylglycerol	744.4941350743					C40H72O10P			plantcyc <https://plantcyc.org/>	phosphatidylglycerol (1-18:3-2-16:0) // 18:3-16:0-PG // 1-(9Z,12Z,15Z-octadecatrienoyl)-2-hexadecanoyl-sn-glycero-3-phospho-(1'-sn-glycerol) // 1-18:3-2-16:0-phosphatidylglycerol	744.4941350743	CC\C=C/C\C=C/C\C=C/CCCCCCCC(=O)OC[C@@H](OC(=O)CCCCCCCCCCCCCCC)COP(=O)([O-])OC[C@H](CO)O		LZCSTAJDQULBAS-FTZNWAQRSA-M									PlantCyc/PMN local PGDB
CPD-7144	CPD-7144	pelargonidin-3- O -rutinoside	579.1713807045					C27H30O14			plantcyc <https://plantcyc.org/>	pelargonidin-3-O-rhamnoglucoside	579.1713807045	C[C@H]5([C@H](O)[C@@H](O)[C@@H](O)[C@H](OC[C@@H]1([C@@H](O)[C@H](O)[C@@H](O)[C@@H](O1)OC3(\C(C2(\C=C/C(/O)=C\C=2))=[O+]C4(\C=C(/C=C(C(\C=3)=4)/[O-])\O))))O5)		IFYOHQQBIKDHFT-ASZXTAQUSA-N									PlantCyc/PMN local PGDB
CPD-7203	CPD-7203	5,6-epoxy-3-hydroxy-9-apo-beta-caroten-9-one	224.1412445083					C13H20O3			plantcyc <https://plantcyc.org/>		224.1412445083	CC(/C=C/C12(C(CC(CC1(O2)C)O)(C)C))=O		VYKLRWGPNUVKNC-AATRIKPKSA-N									PlantCyc/PMN local PGDB
CPD-25932	CPD-25932	traumatate	228.1361591304					C12H18O4			plantcyc <https://plantcyc.org/>	traumatic acid // (2E)-dodec-2-enedioic acid // (2E)-dodec-2-enedioate // trans-traumatic acid	228.1361591304	C([O-])(/C=C/CCCCCCCCC(=O)[O-])=O		MAZWDMBCPDUFDJ-VQHVLOKHSA-L									PlantCyc/PMN local PGDB
CPD-67	CPD-67	2-phosphoglycolate	155.9823744031					C2H2O6P			plantcyc <https://plantcyc.org/>	2-P-glycolate // phosphoglycolate // Phosphoglycolic acid	155.9823744031	C(OP([O-])(=O)[O-])C([O-])=O		ASCFNMCAHFUBCO-UHFFFAOYSA-K									PlantCyc/PMN local PGDB
CPD-14268	CPD-14268	(15 Z )-tetracosenoate	366.3497807208					C24H45O2			plantcyc <https://plantcyc.org/>	(15 Z )-tetracosen-15-oate // nervonate // (Z)-tetracos-15-enoate // cis-15-tetracosenoate // 15-tetracosenoic acid	366.3497807208	CCCCCCCC\C=C/CCCCCCCCCCCCCC(=O)[O-]		GWHCXVQVJPWHRF-KTKRTIGZSA-M									PlantCyc/PMN local PGDB
BUTYRIC_ACID	BUTYRIC_ACID	butanoate	88.052429501					C4H7O2			plantcyc <https://plantcyc.org/>	butyrate // butyric acid // butanoic acid // ethylacetic acid // n-butanoate // 1-propanecarboxylic acid // propylformic acid	88.052429501	CCCC(=O)[O-]		FERIUCNNQQJTOY-UHFFFAOYSA-M									PlantCyc/PMN local PGDB
CPD-14647	CPD-14647	9- cis -10'-apo-beta-carotenal	376.2766157777					C27H36O			plantcyc <https://plantcyc.org/>		376.2766157777	CC(/C=C/C=C(C)\C=C\C1(\C(C)(C)CCCC(/C)=1))=C\C=C\C=C(C)\C=C\C=O		PJEHRCCPERVGEC-OLTPUEGQSA-N									PlantCyc/PMN local PGDB
HYDROXY-915-DIOXOPROSTA-13-ENOATE	HYDROXY-915-DIOXOPROSTA-13-ENOATE	15-dehydro-prostaglandin E 2	350.2093240735					C20H29O5			plantcyc <https://plantcyc.org/>	(5Z,13E)-11alpha-hydroxy-9,15-dioxoprosta-5,13-dienoate // 15-keto-prostaglandin E 2	350.2093240735	CCCCCC(=O)/C=C/[C@@H]1([C@@H](C\C=C/CCCC(=O)[O-])C(=O)C[C@@H](O)1)		YRTJDWROBKPZNV-KMXMBPPJSA-M									PlantCyc/PMN local PGDB
CPD-21267	CPD-21267	3beta-hydroxy-15,16-epoxydolabrene	304.2402302714					C20H32O2			plantcyc <https://plantcyc.org/>	epoxydolabranol	304.2402302714	C=C4([C@@H](O)CC[C@@H]3([C@](C)(CC[C@@H]2(C[C@](C1(OC1))(C)CC[C@](C)23))4))		JPGKQPWEFBWKDM-XVMBTQODSA-N									PlantCyc/PMN local PGDB
OCTADEC-9-ENE-118-DIOIC-ACID	OCTADEC-9-ENE-118-DIOIC-ACID	alpha,&omega;-9 Z -octadecenedioate	312.2300595156					C18H30O4			plantcyc <https://plantcyc.org/>	alpha,&omega;-9 Z -octadecenedioic acid // 1,18-9 Z -octadecenedioic acid // octadecenedioate // 18-carboxyl oleate	312.2300595156	C(=O)([O-])CCCCCCC\C=C/CCCCCCCC(=O)[O-]		SBLKVIQSIHEQOF-UPHRSURJSA-L									PlantCyc/PMN local PGDB
CPD-12909	CPD-12909	4alpha-carboxy-ergosta-7,24(24 1 )-dien-3beta-ol	442.3446953429					C29H45O3			plantcyc <https://plantcyc.org/>		442.3446953429	CC(C)C(CC[C@@H](C)[C@H]3(CC[C@H]4(C1([C@@H]([C@@]2(C)(CC[C@H](O)[C@@H](C([O-])=O)[C@H](CC=1)2))CC[C@](C)34))))=C		URESBFJPXATWDO-QFCGGAEGSA-M									PlantCyc/PMN local PGDB
CPD-18686	CPD-18686	O -methyl-4- O -[2- O -methyl-alpha-L-fucopyranosyl-(1->3)-alpha-L-rhamnopyranosyl-(1->3)-2- O -methyl-alpha-L-rhamnopyranosyl]-hydroxybenzoate	618.2523706797					C28H42O15			plantcyc <https://plantcyc.org/>		618.2523706797	C[C@H]4([C@@H](O)[C@@H](O)[C@H](OC)[C@H](O[C@H]3([C@@H](O)[C@H](O[C@H]2([C@@H](OC)[C@H](OC1(\C=C/C(/C(OC)=O)=C\C=1))O[C@@H](C)[C@H](O)2))O[C@@H](C)[C@H](O)3))O4)		LPVDUZISXSXHBM-DMGADHFWSA-N									PlantCyc/PMN local PGDB
ADENOSYLCOBINAMIDE	ADENOSYLCOBINAMIDE	adenosylcobinamide	1242.607222919					C58H84N16O11CO			plantcyc <https://plantcyc.org/>	AdoCbi	1242.607222919	C[C@@H](O)CNC(=O)CC[C@]1(C)([C@@H](CC(=O)N)[C@@H]%11([C@@]6(C)([C@@](C)(CC(N)=O)[C@H](CCC(N)=O)C7(\C(/C)=C4([C@@](C)(CC(N)=O)[C@H](CCC(N)=O)C5(\C=C2(C(C)(C)[C@H](CCC(N)=O)C3(\C(/C)=C1/N([Co-2]([N+]\2=3)([N+]4=5)([N+]\6=7)C[C@@H]8([C@H]([C@@H](O)[C@@H](O8)N9(\C=N/C%10(\C/9=N/C=N\C(/N)=%10)))O))%11))))))))		KQXSPGAEBZWHMC-QMUWONGRSA-M									PlantCyc/PMN local PGDB
CPD-19760	CPD-19760	2-(glutathion-S-yl)-hydroquinone	415.1049353565					C16H20N3O8S			plantcyc <https://plantcyc.org/>	GS-hydroquinone // GS-HQ	415.1049353565	C(SC1(\C(\O)=C/C=C(/C=1)/O))[C@@H](C(NCC([O-])=O)=O)NC(=O)CC[C@H]([NH3+])C([O-])=O		PBSYQNUIZQXWAE-UWVGGRQHSA-M									PlantCyc/PMN local PGDB
PYRUVATE	PYRUVATE	pyruvate	88.0160439947					C3H3O3			plantcyc <https://plantcyc.org/>	alpha-ketopropionic acid // BTS // alpha-ketopropionic acid // acetylformic acid // pyroracemic acid // 2-oxopropanoic acid // pyruvic acid // 2-oxopropanoate // 2-oxo-propionic acid	88.0160439947	CC(=O)C(=O)[O-]		LCTONWCANYUPML-UHFFFAOYSA-M									PlantCyc/PMN local PGDB
L-THREONINE-O-3-PHOSPHATE	L-THREONINE-O-3-PHOSPHATE	L-threonine 3-O-phosphate	199.0245735688					C4H8NO6P			plantcyc <https://plantcyc.org/>	O-phospho-L-threonine // phosphothreonine	199.0245735688	C[C@@H](OP([O-])([O-])=O)[C@H]([NH3+])C(=O)[O-]		USRGIUJOYOXOQJ-GBXIJSLDSA-L									PlantCyc/PMN local PGDB
D-RIBULOSE-1-P	D-RIBULOSE-1-P	D-ribulose 1-phosphate	230.0191538399					C5H9O8P			plantcyc <https://plantcyc.org/>	D-ribulose-1-P	230.0191538399	C(OP([O-])(=O)[O-])C(=O)[C@H](O)[C@H](O)CO		NBOCCPQHBPGYCX-NQXXGFSBSA-L									PlantCyc/PMN local PGDB
CPD-5804	CPD-5804	p-aminobenzoate-beta-D-glucopyranosyl ester	299.1005019056					C13H17NO7			plantcyc <https://plantcyc.org/>	p-PAPA-Glc	299.1005019056	C([C@@H]2([C@@H](O)[C@@H]([C@@H](O)[C@H](OC(=O)C1(\C=C/C(/N)=C\C=1))O2)O))O		DZWLQKNUQNGEPR-HMUNZLOLSA-N									PlantCyc/PMN local PGDB
CPD-8691	CPD-8691	abieta-7,13-dien-18-ol	288.2453156493					C20H32O			plantcyc <https://plantcyc.org/>	abietadienol // ((1R,4aR,4bR,10aR)-7-isopropyl-1,4a-dimethyl-1,2,3,4,4a,4b,5,6,10,10a-decahydrophenanthren-1-yl)methanol	288.2453156493	CC(C2(\CC[C@@H]3([C@@]1([C@H]([C@@](CCC1)(CO)C)C\C=C(/C=2)/3)C)))C		GQRUHVMVWNKUFW-LWYYNNOASA-N									PlantCyc/PMN local PGDB
CPD-12628	CPD-12628	salicylate 2-O-beta-D-glucoside	300.0845174904					C13H15O8			plantcyc <https://plantcyc.org/>	salicylic acid 2-O-beta-D-glucoside // salicylic acid 2-beta-D-glucoside // benzoic acid, O-(glucopyranosyloxy)- // 2-O-beta-glucopyranosylsalicylic acid // SAG // 2-hydroxybenzoic acid 2-O-beta-D-glucoside	300.0845174904	C(O)[C@H]2(O[C@@H](OC1(\C(\C(=O)[O-])=C/C=C\C=1))[C@H](O)[C@@H](O)[C@H](O)2)		TZPBMNKOLMSJPF-BZNQNGANSA-M									PlantCyc/PMN local PGDB
CPD-13080	CPD-13080	solasodine	413.3293796297					C27H44NO2			plantcyc <https://plantcyc.org/>	spirosol-5-en-3-ol, (3beta,22alpha,25R)- // solancarpidine // solasodin // solasod-5-en-3beta-ol // purapuridine	413.3293796297	C[C@H]1(C[NH2+][C@@]6(CC1)([C@@H](C)[C@H]2([C@H](C[C@@H]5([C@@]2(C)CC[C@H]3([C@@H](C\C=C4(C[C@H](CC[C@@]3(C)4)O))5)))O6)))		KWVISVAMQJWJSZ-GPXMTLFMSA-O									PlantCyc/PMN local PGDB
CPD4KF-3	CPD4KF-3	3beta-Hydroxy-9beta-pimara-7,15-diene-19,6beta-olide	316.2038447651					C20H28O3			plantcyc <https://plantcyc.org/>	3beta-Hydroxy-9beta-pimara-7,15-diene-19,6beta-olide // 3beta-Hydroxy-9beta-pimara-7,15-dien-19,6beta-olide // 3beta-Hydroxy-9beta-pimara-7,15-dien-19,6beta-olide	316.2038447651	C[C@]3(CC[C@H]4([C@]2(CC[C@H](O)[C@]1(C)(C(=O)O[C@@H]([C@@H]12)(\C=C(C3)/4)))C))C=C											PlantCyc/PMN local PGDB
PHOSPHORIBOSYL-CARBOXY-AMINOIMIDAZOLE	PHOSPHORIBOSYL-CARBOXY-AMINOIMIDAZOLE	5-amino-1-(5-phospho-D-ribosyl)imidazole-4-carboxylate	339.0467655739					C9H11N3O9P			plantcyc <https://plantcyc.org/>	1-(5-phosphoribosyl)-4-carboxy-5-aminoimidazole // 5'-P-ribosyl-4-carboxy-5-aminoimidazole // 5'-phosphoribosyl-4-carboxy-5-aminoimidazole // 5-phosphoribosyl-4-carboxy-5-aminoimidazole // 1-(5'-phosphoribosyl)-5-amino-4-imidazole carboxylate // 1-(5'-phosphoribosyl)-4-carboxy-5-aminoimidazole // 4-carboxyaminoimidazole ribonucleotide // phosphoribosyl-carboxy-aminoimidazole	339.0467655739	C(OP(=O)([O-])[O-])[C@H]2(O[C@@H](N1(C(/N)=C(C(=O)[O-])/N=C\1))[C@H](O)[C@H](O)2)		XFVULMDJZXYMSG-ZIYNGMLESA-K									PlantCyc/PMN local PGDB
CPD-251	CPD-251	gibberellin A 29 -catabolite	346.1416384388					C19H20O6			plantcyc <https://plantcyc.org/>	GA29-catabolite	346.1416384388	C=C1([C@@]2(O)(C[C@]3(C1)([C@H]([C@@H]4([C@@](C([O-])=O)(C)CC(=O)C=C([C@@H](CC2)3)4))C([O-])=O)))		CFYSKMXAQIWPNE-SBECISRQSA-L									PlantCyc/PMN local PGDB
NN-DIMETHYLANILINE-N-OXIDE	NN-DIMETHYLANILINE-N-OXIDE	N,N -dimethylaniline- N -oxide	137.0840639804					C8H11NO			plantcyc <https://plantcyc.org/>		137.0840639804	CN(C)(=O)C1(\C=C/C=C\C=1)		LKQUDAOAMBKKQW-UHFFFAOYSA-N									PlantCyc/PMN local PGDB
CPD-2184	CPD-2184	1-oleoyl-2-(3E)-hexadecenoyl-phosphatidylglycerol	746.5097851385					C40H74O10P			plantcyc <https://plantcyc.org/>	18:1-t16:1-PG // 1-(9Z-octadecenoyl)-2-(3E-hexadecenoyl)-sn-glycero-3-phospho-(1'-sn-glycerol) // 1-18:1-2-trans-16:1-phosphatidylglycerol	746.5097851385	CCCCCCCC\C=C/CCCCCCCC(=O)OC[C@@H](OC(=O)C/C=C/CCCCCCCCCCCC)COP(=O)([O-])OC[C@H](CO)O		RKUHYANOZYJDLK-VZRSDKANSA-M									PlantCyc/PMN local PGDB
CPD-12866	CPD-12866	4alpha-formyl,4beta,14alpha-dimethyl-9beta,19-cyclo-5alpha-ergost-24(24 1 )-en-3beta-ol	454.3810808492					C31H50O2			plantcyc <https://plantcyc.org/>	9,19-cycloanostan-28-one-3-hydroxy-24-methylene-, (3beta, 4alpha)-	454.3810808492	CC(C)C(CC[C@@H](C)[C@H]3(CC[C@@]4(C)([C@@H]1(CC[C@H]5([C@@](C=O)(C)[C@@H](O)CC[C@@]2(C[C@@]12CC[C@](C)34)5)))))=C		FAQRUJCAUFLERP-NIGXAPAPSA-N									PlantCyc/PMN local PGDB
CPD-14407	CPD-14407	dihomo gamma-linolenoyl-CoA	1055.3605240149					C41H64N7O17P3S			plantcyc <https://plantcyc.org/>	(8Z,11Z,14Z)-icosatrienoyl-CoA // (8Z,11Z,14Z)-icosa-8,11,14-trienoyl-CoA // (8Z,11Z,14Z)-eicosa-8,11,14-trienoyl-CoA	1055.3605240149	CCCCC\C=C/C\C=C/C\C=C/CCCCCCC(=O)SCCNC(=O)CCNC(=O)[C@H](O)C(C)(C)COP(=O)(OP(=O)(OC[C@@H]1([C@@H](OP([O-])(=O)[O-])[C@@H](O)[C@@H](O1)N2(C3(\N=C/N=C(C(\N=C/2)=3)/N))))[O-])[O-]		FJWJALRUNNZIBB-DDQUOPDJSA-J									PlantCyc/PMN local PGDB
CINNAMOYL-COA	CINNAMOYL-COA	( E )-cinnamoyl-CoA	897.1570731803					C30H38N7O17P3S			plantcyc <https://plantcyc.org/>	( E )-3-phenyl-2-prop -2-enoyl-CoA // cinnamoyl-CoA // trans -cinnamoyl-CoA	897.1570731803	CC(C)(COP(OP([O-])(OC[C@@H]1([C@@H](OP([O-])([O-])=O)[C@@H](O)[C@@H](O1)N2(C3(\N=C/N=C(C(\N=C/2)=3)/N))))=O)([O-])=O)[C@@H](O)C(=O)NCCC(=O)NCCSC(=O)/C=C/C4(\C=C/C=C\C=4)		JVNVHNHITFVWIX-KZKUDURGSA-J									PlantCyc/PMN local PGDB
CPD-12521	CPD-12521	beta-D-glucuronate	194.0426526757					C6H9O7			plantcyc <https://plantcyc.org/>	beta-D-glucuronic acid // beta-D-glucopyranuronic acid	194.0426526757	[C@H]1(O)([C@@H](O)[C@H](O)O[C@H](C(=O)[O-])[C@@H](O)1)		AEMOLEFTQBMNLQ-QIUUJYRFSA-M									PlantCyc/PMN local PGDB
CPD-475	CPD-475	gibberellin A 110	348.1936740093					C20H26O5			plantcyc <https://plantcyc.org/>	GA110	348.1936740093	C=C1([C@H]2(C[C@]3(C1)([C@H]([C@@H]4([C@@](C)(C[C@@H](O)C[C@@](C)([C@@H](CC2)3)4)C([O-])=O))C([O-])=O)))		SFGDEUSMQMGAFH-MJPABCAUSA-L									PlantCyc/PMN local PGDB
CPD-16681	CPD-16681	9beta-stemod-13(17)-en-19-oate	302.2245802072					C20H30O2			plantcyc <https://plantcyc.org/>	syn -stemod-13(17)-en-19-oic acid // syn -stemoden-19-oate // syn -stemoden-19-oic acid // syn -stemod-13(17)-en-19-oate	302.2245802072	C=C1(CC[C@@]23([C@H](C[C@H]1C2)CC[C@H]4([C@@](C)(C(O)=O)CCC[C@]34C)))		REZQHIIQALKSCD-WKSOIMLMSA-N									PlantCyc/PMN local PGDB
CPD-12630	CPD-12630	benzoyl-beta-D-glucopyranose	284.0896028683					C13H16O7			plantcyc <https://plantcyc.org/>	benzoic acid beta-D- glucose ester // benzenecarboxylic acid beta-D-glucose ester // phenylformic acid glucose ester // beta-D-glucopyranose, 1-benzoate // benzoyl-beta-glucoside // benzoyl-beta-D-glucoside // benzoate beta-D-glucose ester	284.0896028683	C(O)[C@H]2(O[C@@H](OC(C1(\C=C/C=C\C=1))=O)[C@H](O)[C@@H](O)[C@H](O)2)		LVFCLUMIBMHAFL-HMUNZLOLSA-N									PlantCyc/PMN local PGDB
CPD-20425	CPD-20425	4',4'-dihydroxyechinenone	582.4072955997					C40H54O3			plantcyc <https://plantcyc.org/>		582.4072955997	CC(/C=C/C=C(C)/C=C/C1(/C(CCC(C(/C)=1)=O)(C)C))=C\C=C\C=C(C)\C=C\C=C(C)\C=C\C2(\C(CCC(O)(O)C(/C)=2)(C)C)		ITSJHBXHRYIFLX-DKLMTRRASA-N									PlantCyc/PMN local PGDB
CPD-15533	CPD-15533	tetracenomycin C	472.1005614851					C23H20O11			plantcyc <https://plantcyc.org/>		472.1005614851	CC1(/C2(C(/C=C(C(/C(OC)=O)=1)/OC)=C/C3(/C(=O)[C@]4(O)([C@](O)(C(=O)C(/C(O)=2)=3)C(=O)/C=C([C@@H](O)4)/OC))))		ULHJWHCSSAEMLW-UEVCKROQSA-N									PlantCyc/PMN local PGDB
CPD-12908	CPD-12908	4alpha-formyl-ergosta-7,24(24 1 )-dien-3beta-ol	426.3497807208					C29H46O2			plantcyc <https://plantcyc.org/>		426.3497807208	CC(C)C(CC[C@@H](C)[C@H]3(CC[C@H]4(C1([C@@H]([C@@]2(C)(CC[C@H](O)[C@@H](C=O)[C@H](CC=1)2))CC[C@](C)34))))=C		RFKHEEQSEZBUAP-KMPIVKRFSA-N									PlantCyc/PMN local PGDB
CPD-22992	CPD-22992	chlorophyllide b 2	626.2015766164					C35H28N4O6MG			plantcyc <https://plantcyc.org/>		626.2015766164	C=CC4(\C(/C)=C5(\C=C7([C@@H](C)[C@H](CCC(=O)[O-])C(\C6(/[C@@H-](C(OC)=O)C(=O)C1(\C(\N2([Mg]N(C(/C=C3(C(/C=O)=C(C=C)\C(/C=C(C(\C)=1)\2)=N3))=4)5))=6)))=N7)))											PlantCyc/PMN local PGDB
13-HYDROPEROXYOCTADECA-911-DIENOATE	13-HYDROPEROXYOCTADECA-911-DIENOATE	(13 S )-HPODE	312.2300595156					C18H31O4			plantcyc <https://plantcyc.org/>	13(S)-hydroperoxy-9(Z),11(E)-octadecadienoate // (9Z,11E)-(13S)-13-hydroperoxyoctadeca-9,11-dienoate	312.2300595156	CCCCC[C@@H](/C=C/C=C\CCCCCCCC(=O)[O-])OO		JDSRHVWSAMTSSN-IRQZEAMPSA-M									PlantCyc/PMN local PGDB
TETCYCLACIS	TETCYCLACIS	tetcyclacis	273.0781231212					C13H12N5CL			plantcyc <https://plantcyc.org/>	tetcyclasis	273.0781231212	C1(/C=C(\C=C/C(/Cl)=1)/N5(C3(C(C2(C4(C(C(C2)3)\N=N/4)))\N=N/5)))		DPOWHSMECVNHAT-UHFFFAOYSA-N									PlantCyc/PMN local PGDB
ISOORIENTIN	ISOORIENTIN	isoorientin	448.1005614851					C21H19O11			plantcyc <https://plantcyc.org/>	homoorientin // 6C-hexosyl luteolin // luteolin 6-C-glucoside // 2-(3,4-dihydroxyphenyl)-5,7-dihydroxy-6-[(2S,3R,4R,5S,6R)-3,4,5-trihydroxy-6-(hydroxymethyl)oxan-2-yl]chromen-4-one	448.1005614851	C4(/C=C(C(/O)=C\C(\C2(\OC3(/C=C(C(\[C@H]1([C@@H]([C@H]([C@@H]([C@@H](CO)O1)O)O)O))=C(C(\C(=O)\C=2)=3)/O)/[O-])))=4)/O)		ODBRNZZJSYPIDI-VJXVFPJBSA-M									PlantCyc/PMN local PGDB
CPD-6366	CPD-6366	DIMBOA	211.0480724046					C9H8NO5			plantcyc <https://plantcyc.org/>	2,4-dihydroxy-7-methoxy-2 H -1,4-benzoxazin-3(4 H )-one	211.0480724046	COC1(\C=C/C2(/N(C(C(OC(/C=1)=2)O)=O)[O-]))		NVWSHDUTSCLIGK-UHFFFAOYSA-N									PlantCyc/PMN local PGDB
CPDQT-281	CPDQT-281	glucoerucin	421.0534934124					C12H22NO9S3			plantcyc <https://plantcyc.org/>	4-(methylsulfanyl)butyl-glucosinolate // 4-(methylthio)butyl-glucosinolate	421.0534934124	CSCCCCC(\S[C@@H]1(O[C@H](CO)[C@@H](O)[C@H](O)[C@@H](O)1))=N\OS(=O)(=O)[O-]		GKUMMDFLKGFCKH-AHMUMSBHSA-M									PlantCyc/PMN local PGDB
CPD-14485	CPD-14485	glycyrrhetaldehyde	454.3446953429					C30H46O3			plantcyc <https://plantcyc.org/>	glycyrrhetinic aldehyde	454.3446953429	C[C@@]4(C)(C3(CC[C@@]2(C)([C@]1(C)(CC[C@@]5([C@H](C/1=C\C(C2[C@](C)3CC[C@H](O)4)=O)C[C@](C=O)(C)CC5)C))))		OTKNPGBTQXVJNH-DFRAZXLMSA-N									PlantCyc/PMN local PGDB
CPD-15643	CPD-15643	UDP- N -acetyl-beta-L-pneumosamine	591.0866548559					C17H25N3O16P2			plantcyc <https://plantcyc.org/>	UDP-2-acetamido-2,6-dideoxy-beta-L-talose	591.0866548559	C[C@H]3([C@@H](O)[C@H]([C@H]([C@@H](OP(OP(OC[C@@H]2([C@H]([C@H]([C@H](N1(\C=C/C(=O)NC1=O))O2)O)O))(=O)[O-])(=O)[O-])O3)NC(C)=O)O)		INJACODUUNZJCO-GOGQOHCTSA-L									PlantCyc/PMN local PGDB
CPD-11984	CPD-11984	mono- trans ,octa- cis -decaprenyl diphosphate	858.5692280711					C50H81O7P2			plantcyc <https://plantcyc.org/>	&omega;, mono- E ,poly- Z -decaprenyl diphosphate // (2Z,6Z,10Z,14Z,18Z,22Z,26Z,30Z,34E)-decaprenyl diphosphate // &omega;, mono- trans ,poly- cis -decaprenyl diphosphate // &omega;, mono- E ,octa- Z -decaprenyl diphosphate // &omega;, mono- trans ,octa- cis -decaprenyl diphosphate	858.5692280711	CC(C)=CCCC(\C)=C/CCC(/C)=C/CCC(/C)=C/CCC(/C)=C/CCC(/C)=C/CCC(/C)=C/CCC(/C)=C/CCC(/C)=C/CCC(/C)=C/COP([O-])(=O)OP([O-])(=O)[O-]		FSCYHDCTHRVSKN-DJNGBRKISA-K									PlantCyc/PMN local PGDB
ISOVALERATE	ISOVALERATE	3-methylbutanoate	102.0680795652					C5H9O2			plantcyc <https://plantcyc.org/>	isovalerate // 3-methylbutyrate	102.0680795652	CC(C)CC(=O)[O-]		GWYFCOCPABKNJV-UHFFFAOYSA-M									PlantCyc/PMN local PGDB
CPD-16603	CPD-16603	cyanidin 3- O -glucoside-7- O -(6- O -(4- O -(glucosyl)-oxybenzoyl)-glucoside)	893.2351627528					C40H44O23			plantcyc <https://plantcyc.org/>		893.2351627528	C(O)[C@@H]7([C@@H](O)[C@H](O)[C@@H](O)[C@H](OC6(\C=C/C(/C(OC[C@@H]5([C@@H](O)[C@H](O)[C@@H](O)[C@H](OC4(\C=C2(C(\C=C(C(C1(\C=C/C(/O)=C(/C=1)/O))=[O+]2)\O[C@H]3([C@H](O)[C@@H](O)[C@H](O)[C@@H](CO)O3))=C(/C=4)/[O-])))O5))=O)=C\C=6))O7)		LDIXBGSLVBJRGV-WCEUWYDISA-N									PlantCyc/PMN local PGDB
CPD-22307	CPD-22307	3-deoxy-D-arabino-heptulopyranuronate 7-phosphate	288.0246331483					C7H10O10P			plantcyc <https://plantcyc.org/>	(2R,4R,5S,6R)-2,4,5-trihydroxy-6-[(phosphonatooxy)methyl]oxane-2-carboxylate // cyclic 3-deoxy-D-arabino-heptulosonate 7-phosphate	288.0246331483	C(OP(=O)([O-])[O-])[C@@H]1([C@@H](O)[C@H](O)C[C@](O)(C(=O)[O-])O1)		QOYBDYMPWLOFKG-YCHQMNKZSA-K									PlantCyc/PMN local PGDB
3-KETO-ADIPATE	3-KETO-ADIPATE	3-oxoadipate	160.0371733673					C6H6O5			plantcyc <https://plantcyc.org/>	beta-ketoadipate // 3-ketoadipate // 3-oxohexanedioate	160.0371733673	C(=O)([O-])CC(=O)CCC(=O)[O-]		RTGHRDFWYQHVFW-UHFFFAOYSA-L									PlantCyc/PMN local PGDB
CPD-20325	CPD-20325	ent -3beta-hydroxycassa-12,15-dien-2-one	302.2245802072					C20H30O2			plantcyc <https://plantcyc.org/>		302.2245802072	C=CC1([C@@H](C)[C@@H]2([C@@H](CC=1)[C@@]3(C)([C@H](CC2)C(C)(C)[C@H](O)C(=O)C3)))		RKUSAVLJYNJIBF-NOZYNBGTSA-N									PlantCyc/PMN local PGDB
CPD-23965	CPD-23965	11beta-hydroxytestosterone	304.2038447651					C19H28O3			plantcyc <https://plantcyc.org/>	11OHT	304.2038447651	C[C@@]34([C@H]2([C@H]([C@H]1([C@@](C)([C@@H](O)CC1)C[C@H](O)2))CCC/3=C\C(=O)CC4))		YQDZGFAYWGWSJK-SLMGBJJTSA-N									PlantCyc/PMN local PGDB
CPD-14501	CPD-14501	steviol	318.2194948293					C20H29O3			plantcyc <https://plantcyc.org/>	hydroxydehydrostevic acid // kaur-16-en-18-oic acid // (14alpha)-13-hydroxykaur-16-en-18-oic-acid	318.2194948293	C=C1(C[C@@]24(C[C@@]1(O)CC[C@@H]([C@]3(C)(CCC[C@](C([O-])=O)(C)[C@@H](CC2)3))4))		QFVOYBUQQBFCRH-VQSWZGCSSA-M									PlantCyc/PMN local PGDB
VITEXIN	VITEXIN	vitexin	432.105646863					C21H19O10			plantcyc <https://plantcyc.org/>	apigenin 8-C-glucoside // 8C-hexosyl apigenin	432.105646863	C([C@@H]1([C@H]([C@@H]([C@H]([C@@H](O1)C3(/C4(/OC(/C2(\C=C/C(/O)=C\C=2))=C/C(C(/C(/O)=C\C(\[O-])=3)=4)=O)))O)O)O))O		SGEWCQFRYRRZDC-VPRICQMDSA-M									PlantCyc/PMN local PGDB
CPD-18613	CPD-18613	C31-phthiotriol	484.4855459207					C31H64O3			plantcyc <https://plantcyc.org/>	4-methyl-triacontane-3,9,11-triol	484.4855459207	CCCCCCCCCCCCCCCCCCCC(O)CC(O)CCCCC(C)C(O)CC		USCKBWYPQYRTMB-UHFFFAOYSA-N									PlantCyc/PMN local PGDB
CPD-18630	CPD-18630	C33-phthiotriol A	512.5168460491					C33H68O3			plantcyc <https://plantcyc.org/>	4-methyldotriacontane-3,9,11-triol	512.5168460491	CCCCCCCCCCCCCCCCCCCCC[C@@H](O)C[C@H](O)CCCC[C@H](C)[C@H](O)CC		LCBMZQAFNALYOG-LDLFXXLYSA-N									PlantCyc/PMN local PGDB
CPD1F-132	CPD1F-132	ent -kaur-16-en-19-oate	302.2245802072					C20H29O2			plantcyc <https://plantcyc.org/>	ent-kaurenoate // ent-kaurenoic acid	302.2245802072	C=C1([C@H]4(C[C@]3(C1)(CC[C@@H]2([C@@](C([O-])=O)(C)CCC[C@](C)2[C@@H]3CC4))))		NIKHGUQULKYIGE-OTCXFQBHSA-M									PlantCyc/PMN local PGDB
OXOPENTENOATE	OXOPENTENOATE	2-oxopent-4-enoate	114.0316940589					C5H5O3			plantcyc <https://plantcyc.org/>	2-oxo-4-pentenoate // 2-oxopentenoate // 2-keto-4-pentenoate // oxopent-4-enoate // 2-keto-4-pentenoic acid // 2-ketopent-4-enoic acid	114.0316940589	C=CCC(=O)C(=O)[O-]		NOXRYJAWRSNUJD-UHFFFAOYSA-M									PlantCyc/PMN local PGDB
CPD-7279	CPD-7279	2- cis ,4- trans -xanthoxin	250.1568945725					C15H22O3			plantcyc <https://plantcyc.org/>	xanthoxin	250.1568945725	CC(\C=C\[C@@]12(C(C)(C)C[C@@H](C[C@@]1(C)O2)O))=C\C=O		ZTALKMXOHWQNIA-TVBSHJCBSA-N									PlantCyc/PMN local PGDB
CPD-16610	CPD-16610	ent -sandaracopimaradien-3beta-ol	288.2453156493					C20H32O			plantcyc <https://plantcyc.org/>	3alpha-hydroxy- ent -sandaracopimardiene	288.2453156493	C=C[C@@]3(CC[C@H]2([C@@]1(CC[C@@H](O)C(C)([C@H]1CCC/2=C\3)C)C))C		ATQOOBSXQVRQPY-GNVJSZRZSA-N									PlantCyc/PMN local PGDB
CPD-11259	CPD-11259	(+)-7- epi -jasmonoyl-L-isoleucine	323.2096584245					C18H28NO4			plantcyc <https://plantcyc.org/>	(+)-7-iso-JA-L-Ile // (+)-7- iso -jasmonate-L-isoleucine // (+)-7- iso -jasmonic acid-L-isoleucine // (+)-7- iso -jasmonic acid-L-isoleucine conjugate // (+)-7- iso -jasmonyl-L-isoleucine // N-[(3R,7S)-(+)-7-iso-Jasmonoyl]-(S)-isoleucine // (3R,7S)-JA-L-Ile // (+)-7- iso -jasmonoyl-L-isoleucine	323.2096584245	CC\C=C/C[C@@H]1(C(=O)CC[C@@H]1CC(N[C@@H]([C@@H](C)CC)C([O-])=O)=O)		IBZYPBGPOGJMBF-QPERPISQSA-M									PlantCyc/PMN local PGDB
CPD-14808	CPD-14808	scyllo -inosose	178.0477380536					C6H10O6			plantcyc <https://plantcyc.org/>	2-keto- myo -inositol // 2,4,6/3,5-pentahydroxycyclohexanone // 2-inosose // 2-keto- scyllo -inositol	178.0477380536	[C@@H]1([C@@H]([C@H](C([C@H]([C@@H]1O)O)=O)O)O)O		VYEGBDHSGHXOGT-HYFGLKJPSA-N									PlantCyc/PMN local PGDB
L-HYOSCYAMINE	L-HYOSCYAMINE	( S )-atropine	289.1677936098					C17H24NO3			plantcyc <https://plantcyc.org/>	L-tropine tropate // daturine // duboisine // L-hyoscyamine // (S)-atropinium	289.1677936098	C[NH+]1([C@@H]2(C[C@@H](C[C@@H]1CC2)OC(=O)[C@H](CO)C3(\C=C/C=C\C=3)))		RKUNBYITZUJHSG-FXUDXRNXSA-O									PlantCyc/PMN local PGDB
CPD-15633	CPD-15633	aldehydo -D-galacturonate	194.0426526757					C6H9O7			plantcyc <https://plantcyc.org/>		194.0426526757	C(=O)[C@H](O)[C@@H](O)[C@@H](O)[C@H](O)C(=O)[O-]		IAJILQKETJEXLJ-RSJOWCBRSA-M									PlantCyc/PMN local PGDB
CPD-16541	CPD-16541	cyanidin 3- O -[6- O -(4-coumaroyl)]-beta- D -glucoside	595.145165954					C30H25O13			plantcyc <https://plantcyc.org/>	cyanidin 3-(p-coumaroyl)-glucoside // cyanidin 3- O -[6"- O -(p-coumaroyl)] glucoside // cyanidin 3- O -beta- D -p-coumaroylglucoside	595.145165954	C([C@H]1(O[C@H]([C@@H]([C@H]([C@@H]1O)O)O)OC2(\C(=[O+]C3(\C=C(/C=C(C(\C=2)=3)/[O-])\[O-]))C4(\C=C/C(/O)=C(/C=4)/O))))OC(/C=C/C5(\C=C/C(/O)=C\C=5))=O		QAOBEOXFSUJDJL-SHPGVJHPSA-M									PlantCyc/PMN local PGDB
CPD-1063	CPD-1063	S -methyl-5-thio-D-ribulose 1-phosphate	260.011959972					C6H11O7PS			plantcyc <https://plantcyc.org/>	5-methylthio-5-deoxy-D-ribulose 1-phosphate // 1-phosphomethylthioribulose // methylthioribulose 1-phosphate // MTRu-1-P // 1PMT-ribulose // 1-phospho-5-S-methylthioribulose // 5-(methylthio)ribulose 1-phosphate	260.011959972	CSC[C@@H](O)[C@@H](O)C(=O)COP([O-])(=O)[O-]		CNSJRYUMVMWNMC-RITPCOANSA-L									PlantCyc/PMN local PGDB
L-ASPARTATE-SEMIALDEHYDE	L-ASPARTATE-SEMIALDEHYDE	L-aspartate 4-semialdehyde	117.0425930962					C4H7NO3			plantcyc <https://plantcyc.org/>	L-aspartic 4-semialdehyde // L-aspartate-semialdehyde // L-aspartate beta-semialdehyde	117.0425930962	C(=O)C[C@H]([NH3+])C(=O)[O-]		HOSWPDPVFBCLSY-VKHMYHEASA-N									PlantCyc/PMN local PGDB
CPD-12911	CPD-12911	(24 Z )-4alpha-hydroxymethyl-stigmasta-7,24(24 1 )-dien-3beta-ol	442.3810808492					C30H50O2			plantcyc <https://plantcyc.org/>		442.3810808492	C\C=C(CC[C@@H](C)[C@H]3(CC[C@H]4(C1([C@@H]([C@@]2(C)(CC[C@H](O)[C@@H](CO)[C@H](CC=1)2))CC[C@](C)34))))/C(C)C		NUAGPLGAOGOSCQ-BBJFWFDQSA-N									PlantCyc/PMN local PGDB
CPD-13254	CPD-13254	soyasaponin III	796.4609068922					C42H67O14			plantcyc <https://plantcyc.org/>	(3beta,4beta,21alpha)-2 1 ,2 3 -dihydroxyolean-12-en-3-yl (2- O -beta-D-galactopyranosyl)-beta-D-glucopyranosiduronate	796.4609068922	CC7(C)(C[C@@H](O)[C@@]6(C)([C@H](C5(\[C@](C)([C@@]4(C)([C@@H]([C@@]3(C)(CC[C@H](O[C@@H]2(O[C@H](C([O-])=O)[C@@H](O)[C@H](O)[C@@H](O[C@H]1([C@H](O)[C@@H](O)[C@@H](O)[C@@H](CO)O1))2))[C@](C)(CO)[C@@H]3CC4))C\C=5))CC6))C7))		OKIHRVKXRCAJFQ-AHBDIROXSA-M									PlantCyc/PMN local PGDB
FORMYCIN-A	FORMYCIN-A	formycin A	269.1124039959					C10H15N5O4			plantcyc <https://plantcyc.org/>		269.1124039959	C1(\N=C(C2(/NNC(C(/N=1)=2)[C@H]3(O[C@@H](CO)[C@H](O)[C@H](O)3)))\N)		SIVHFRZJFCASNV-JPWDWCJRSA-N									PlantCyc/PMN local PGDB
56-DIHYDROXYINDOLE-2-CARBOXYLATE	56-DIHYDROXYINDOLE-2-CARBOXYLATE	5,6-dihydroxyindole-2-carboxylate	193.0375077183					C9H6NO4			plantcyc <https://plantcyc.org/>	5,6-dihydroxy-1 H -indole-2-carboxylate // DHICA	193.0375077183	C1(\C2(/C=C(C(/O)=C\C(NC(/C(=O)[O-])=1)=2)/O))		YFTGOBNOJKXZJC-UHFFFAOYSA-M									PlantCyc/PMN local PGDB
CPD-633	CPD-633	gentisate	154.026608681					C7H5O4			plantcyc <https://plantcyc.org/>	gentisic acid // hydroquinonecarboxylic acid // 2,5-dihydroxybenzoate // 2,5-DHBA // 2,5-dihydroxybenzoic acid // 2,5-dioxybenzoic acid // 3,6-dihydroxybenzoic acid // 5-hydroxysalicylic acid // 5-hydroxysalicylate	154.026608681	C(=O)([O-])C1(/C=C(\C=C/C(/O)=1)/O)		WXTMDXOMEHJXQO-UHFFFAOYSA-M									PlantCyc/PMN local PGDB
CPD-537	CPD-537	2-hydroxy-cyclohexane-1-carbonyl-CoA	893.1832879308					C28H42N7O18P3S			plantcyc <https://plantcyc.org/>	2-hydroxy-cyclohexane-1-carboxyl-CoA	893.1832879308	CC(C)([C@@H](O)C(=O)NCCC(=O)NCCSC(=O)C1(CCCCC(O)1))COP(=O)(OP(=O)(OC[C@@H]2([C@@H](OP([O-])(=O)[O-])[C@@H](O)[C@@H](O2)N3(C4(\N=C/N=C(C(\N=C/3)=4)/N))))[O-])[O-]		OIFANTIHESWSAR-AZKLLKNGSA-J									PlantCyc/PMN local PGDB
CPD-19478	CPD-19478	2-[(2'-methylsulfanyl)butyl]maleate	218.0612796278					C9H12O4S			plantcyc <https://plantcyc.org/>	2-[(2'-methylthio)butyl]maleate	218.0612796278	CSCCCCC(\C(=O)[O-])=C\C([O-])=O		NRBLWWINQRHBME-SREVYHEPSA-L									PlantCyc/PMN local PGDB
BILIVERDINE	BILIVERDINE	( Z,Z )-biliverdin-IX alpha	582.2478348448					C33H32N4O6			plantcyc <https://plantcyc.org/>	dehydrobilirubin // uteroverdine // biliverdine // biliverdin // 8,12-bis(2-carboxyethyl)-2,7,13,17-tetramethyl-3,18-divinylbilin-1(19)(21H,24H)-dione	582.2478348448	C=CC1(\C(\NC(C(/C)=1)=O)=C\C4(\NC(/C=C3(C(/CCC(=O)[O-])=C(C)/C(\C=C2(C(/C)=C(C=C)/C(=O)N2))=N\3))=C(CCC(=O)[O-])/C(\C)=4))		QBUVFDKTZJNUPP-BBROENKCSA-L									PlantCyc/PMN local PGDB
CPD-22768	CPD-22768	4alpha-formyl-14alpha-methyl-cholesta-8-enol	428.365430785					C29H48O2			plantcyc <https://plantcyc.org/>		428.365430785	CC(C)CCC[C@@H](C)[C@H]2(CC[C@@]3(C)(C4(\CC[C@H]1([C@H](C=O)[C@@H](O)CC[C@@](C)1C(\CC[C@](C)23)=4))))		LJWYQSYNCSBLAT-PMIIOQGLSA-N									PlantCyc/PMN local PGDB
CPD-560	CPD-560	5-(methylsulfanyl)-D-ribose	180.0456295636					C6H12O4S			plantcyc <https://plantcyc.org/>	5-methylthio-D-ribose // 5-methylthioribose // S -methyl-5-thio-D-ribofuranose // S -methyl-5-thio-D-ribose	180.0456295636	CSC[C@H]1(OC([C@@H]([C@@H]1O)O)O)		OLVVOVIFTBSBBH-JDJSBBGDSA-N									PlantCyc/PMN local PGDB
METHYLARSONATE	METHYLARSONATE	methylarsonate	139.9454654268					CH4O3AS			plantcyc <https://plantcyc.org/>	MMA V // methanearsonate // methylarsenate // Agent Blue // monomethanearsonate	139.9454654268	C[As](=O)([O-])O		QYPPRTNMGCREIM-UHFFFAOYSA-M									PlantCyc/PMN local PGDB
CPD-7418	CPD-7418	cis -2-coumarate	164.0473441231					C9H7O3			plantcyc <https://plantcyc.org/>	(2Z)-3-(2-hydroxyphenyl)acrylate // (2Z)-3-(2-hydroxyphenyl)prop-2-enoate // cis -2-hydroxycinnamate	164.0473441231	C(\C=C/C1(\C=C/C=C\C(O)=1))(=O)[O-]		PMOWTIHVNWZYFI-WAYWQWQTSA-M									PlantCyc/PMN local PGDB
CPD-4211	CPD-4211	prenyl diphosphate	246.0058257599					C5H9O7P2			plantcyc <https://plantcyc.org/>	dimethylallyl-diphosphate // prenyl-diphosphate // delta-prenyl diphosphate // delta2-isopentenyl-diphosphate // 2-isopentenyl diphosphate // dimethylallyl diphosphate // DPP // di-CH3-allyl-PPi // dimethylallyl-PP // dimethylallyl-PPi // DMPP // dimethylallyl pyrophosphate // 3-methylbut-2-en-1-yl diphosphate // gamma,gamma-dimethylallyl pyrophosphate	246.0058257599	CC(C)=CCOP(=O)([O-])OP(=O)([O-])[O-]		CBIDRCWHNCKSTO-UHFFFAOYSA-K									PlantCyc/PMN local PGDB
DTDP-DEOH-DEOXY-MANNOSE	DTDP-DEOH-DEOXY-MANNOSE	dTDP-4-dehydro-beta-L-rhamnose	546.0651911323					C16H22N2O15P2			plantcyc <https://plantcyc.org/>	dTDP-4-oxo-6-deoxy-beta-L-mannose // dTDP-4-oxo-beta-L-rhamnose // dTDP-4-dehydro-6-deoxy-beta-L-mannose // dTDP-4-keto-L-rhamnose	546.0651911323	CC1(\C(=O)NC(=O)N(\C=1)[C@H]3(C[C@H](O)[C@@H](COP(=O)([O-])OP(=O)([O-])O[C@H]2(O[C@@H](C)C(=O)[C@@H](O)[C@@H](O)2))O3))		PSXWNITXWWECNY-LPVGZGSHSA-L									PlantCyc/PMN local PGDB
CPD-20418	CPD-20418	11-oxocucurbitadienol	440.365430785					C30H48O2			plantcyc <https://plantcyc.org/>	3beta-hydroxycucurbita-7,24-dien-11-one	440.365430785	CC(C)=CCC[C@@H](C)[C@H]1(CC[C@@]4([C@]1(C)CC(=O)[C@]2(C)([C@@H](C/C=C3([C@@H]2CC[C@H](O)C(C)(C)3))4))C)		GBFPAYOKITZRAZ-XALYZVBKSA-N									PlantCyc/PMN local PGDB
CPD-6742	CPD-6742	D- myo -inositol (1,2,5,6) tetrakisphosphate	499.9287097514					C6H8O18P4			plantcyc <https://plantcyc.org/>	1D- myo -inositol (1,2,5,6) tetra kis phosphate // I(1,2,5,6)P 4	499.9287097514	[C@H]1(O)([C@@H](O)[C@H](OP([O-])(=O)[O-])[C@@H](OP([O-])(=O)[O-])[C@H](OP([O-])([O-])=O)[C@H](OP([O-])([O-])=O)1)		MRVYFOANPDTYBY-XCMZKKERSA-F									PlantCyc/PMN local PGDB
CPD-4124	CPD-4124	(24 Z )-24-ethylidenelophenol	426.3861662271					C30H50O			plantcyc <https://plantcyc.org/>	citrostadienol	426.3861662271	C\C=C(CC[C@@H](C)[C@H]3(CC[C@H]4(C1([C@@H]([C@@]2(C)(CC[C@H](O)[C@@H](C)[C@H](CC=1)2))CC[C@](C)34))))/C(C)C		LPZCCMIISIBREI-JXMPMKKESA-N									PlantCyc/PMN local PGDB
INOSITOL-1-4-BISPHOSPHATE	INOSITOL-1-4-BISPHOSPHATE	D- myo -inositol (1,4)-bisphosphate	339.9960489346					C6H10O12P2			plantcyc <https://plantcyc.org/>	myo -inositol (1,4)-bisphosphate // inositol (1,4)-bisphosphate // I(1,4)P 2	339.9960489346	[C@@H]1(O)([C@@H](O)[C@H](OP(=O)([O-])[O-])[C@@H](O)[C@@H](O)[C@@H](OP([O-])([O-])=O)1)		PELZSPZCXGTUMR-RTPHHQFDSA-J									PlantCyc/PMN local PGDB
CPD-4081	CPD-4081	4alpha-methylfecosterol	412.3705161629					C29H48O			plantcyc <https://plantcyc.org/>	4alpha-methyl-5alpha-ergosta-8,14,24(28)-dien-3beta-ol // 4alpha-methyl-5alpha-ergosta-8,24-dien-3beta-ol	412.3705161629	CC(C)C(CC[C@@H](C)[C@H]2(CC[C@H]3(C4(\CC[C@H]1([C@H](C)[C@@H](O)CC[C@@](C)1C(\CC[C@](C)23)=4)))))=C		QLDNWJOJCDIMKK-XLFBYWHPSA-N									PlantCyc/PMN local PGDB
3-4-DIHYDROXYBENZOATE	3-4-DIHYDROXYBENZOATE	protocatechuate	154.026608681					C7H5O4			plantcyc <https://plantcyc.org/>	4-carboxy-1,2-dihydroxybenzene // catechol-4-carboxylic acid // 4,5-dihydroxybenzoic acid // benzoic acid, 3,4-dihydroxy- // 3,4-DHBA // protocatehuic acid // 3,4-dihydroxybenzoic acid // protocatechuic acid // 3,4-dihydroxybenzoate // 3,4-dihydrobenzoic acid // Pca	154.026608681	C(C1(\C=C(C(/O)=C\C=1)\O))(=O)[O-]		YQUVCSBJEUQKSH-UHFFFAOYSA-M									PlantCyc/PMN local PGDB
CPD-4602	CPD-4602	isopentenyladenine-7- N -glucoside	365.1699188748					C16H23N5O5			plantcyc <https://plantcyc.org/>		365.1699188748	CC(C)=CCNC1(\C2(N(\C=N/C(\N=C/N=1)=2)[C@@H]3([C@@H]([C@H]([C@@H]([C@H](O3)CO)O)O)O)))		ORUWKZNXHJIZKV-HMXKMONRSA-N									PlantCyc/PMN local PGDB
CPD-14765	CPD-14765	16-sinapoyloxypalmitate	478.2930537029					C27H41O7			plantcyc <https://plantcyc.org/>	&omega;-sinapoyloxypalmitate // (E)-16-(3-(4-hydroxy-3,5-dimethoxyphenyl)acryloyloxy)hexadecanoic acid	478.2930537029	COC1(\C(\O)=C(C=C(/C=1)/C=C/C(=O)OCCCCCCCCCCCCCCCC([O-])=O)\OC)		BTZKCJJXILZIFU-ISLYRVAYSA-M									PlantCyc/PMN local PGDB
HMP	HMP	4-amino-2-methyl-5-pyrimidinemethanol	139.0745619266					C6H9N3O			plantcyc <https://plantcyc.org/>	hydroxymethylpyrimidine // pyramine // pyramin // Toxopyrimidine // HMP // 4-amino-2-methyl-5-hydroxymethylpyrimidine // 4-amino-5-hydroxymethyl-2-methylpyrimidine	139.0745619266	CC1(\N=C(C(/CO)=C\N=1)\N)		VUTBELPREDJDDH-UHFFFAOYSA-N									PlantCyc/PMN local PGDB
CPD-11541	CPD-11541	cucurbitadienol	426.3861662271					C30H50O			plantcyc <https://plantcyc.org/>		426.3861662271	CC(C)=CCC[C@@H](C)[C@H]1(CC[C@@]4([C@]1(C)CC[C@]2(C)([C@@H](C/C=C3([C@@H]2CC[C@H](O)C(C)(C)3))4))C)		WSPRAEIJBDUDRX-FBJXRMALSA-N									PlantCyc/PMN local PGDB
CPD-10512	CPD-10512	16-oxo-palmitate	270.2194948293					C16H29O3			plantcyc <https://plantcyc.org/>	16-oxo-hexadecanoate	270.2194948293	C(=O)CCCCCCCCCCCCCCC(=O)[O-]		NKVUEIHJDGURIA-UHFFFAOYSA-M									PlantCyc/PMN local PGDB
CPD-725	CPD-725	13( S )-HpOTre	310.2144094514					C18H29O4			plantcyc <https://plantcyc.org/>	13(S)-hydroperoxylinolenic acid // hydroperoxylinolenic acid // 13S-hydroperoxy-9(Z),11(E),15(Z)-octadecatrienoic acid // 13(S)-hydroperoxy-(9Z,11E,15Z)-octadecatrienoate // 13(S)-hydroperoxylinolenate // (9Z,11E,15Z)-(13S)-hydroperoxyoctadeca-9,11,15-trienoate // 13(S)-HPOTE	310.2144094514	CC\C=C/C[C@@H](/C=C/C=C\CCCCCCCC([O-])=O)OO		UYQGVDXDXBAABN-FQSPHKRJSA-M									PlantCyc/PMN local PGDB
CPD-6623	CPD-6623	curcumin diglucoside	692.2316352376					C33H40O16			plantcyc <https://plantcyc.org/>	QDG	692.2316352376	COC4(/C=C(/C=C/C(/O)=C/C(/C=C/C2(/C=C(C(/O[C@H]1([C@@H]([C@H]([C@@H]([C@H](O1)CO)O)O)O))=C\C=2)/OC))=O)\C=C/C(/O[C@@H]3(O[C@@H]([C@H]([C@@H]([C@H]3O)O)O)CO))=4)		HQRWPYNQQYEQRQ-ORWZVCRDSA-N									PlantCyc/PMN local PGDB
3-METHYLTHIOPROPYL-GLUCOSINOLATE	3-METHYLTHIOPROPYL-GLUCOSINOLATE	glucoiberverin	407.0378433482					C11H20NO9S3			plantcyc <https://plantcyc.org/>	3-(methylthio)propyl-glucosinolate // 3-(methylsulfanyl)propyl-glucosinolate // glucoibervirin	407.0378433482	CSCCCC(\S[C@@H]1(O[C@H](CO)[C@@H](O)[C@H](O)[C@@H](O)1))=N\OS(=O)(=O)[O-]		ZCZCVJVUJGULMO-IIPHORNXSA-M									PlantCyc/PMN local PGDB
CPD-474	CPD-474	(+)-taxifolin	304.0583027399					C15H11O7			plantcyc <https://plantcyc.org/>	trans dihydroquercetin // (+)-dihydroquercetin // taxifolin	304.0583027399	C3(/C=C(C(/O)=C\C(\[C@H]1(OC2(/C=C(/C=C(C(\C(=O)[C@H](O)1)=2)/O)/[O-])))=3)/O)		CXQWRCVTCMQVQX-LSDHHAIUSA-M									PlantCyc/PMN local PGDB
CPD-6625	CPD-6625	curcumin 4'-O-beta-D-gentiobiosyl 4''-O-beta-D-glucoside	854.2844586691					C39H50O21			plantcyc <https://plantcyc.org/>		854.2844586691	COC5(/C=C(/C=C/C(/O)=C/C(/C=C/C3(/C=C(C(/O[C@H]1([C@@H]([C@H]([C@@H]([C@H](O1)CO[C@H]2([C@@H]([C@H]([C@@H]([C@H](O2)CO)O)O)O))O)O)O))=C\C=3)/OC))=O)\C=C/C(/O[C@@H]4(O[C@@H]([C@H]([C@@H]([C@H]4O)O)O)CO))=5)		ONUWIQDGPDCVOI-OFBQGYNZSA-N									PlantCyc/PMN local PGDB
CPD-12865	CPD-12865	4alpha-hydroxymethyl,4beta,14alpha-dimethyl-9beta,19-cyclo-5alpha-ergost-24(24 1 )-en-3beta-ol	456.3967309134					C31H52O2			plantcyc <https://plantcyc.org/>		456.3967309134	CC(C)C(CC[C@@H](C)[C@H]3(CC[C@@]4(C)([C@@H]1(CC[C@H]5([C@@](CO)(C)[C@@H](O)CC[C@@]2(C[C@@]12CC[C@](C)34)5)))))=C		FQXKPPBUTHZNET-NIGXAPAPSA-N									PlantCyc/PMN local PGDB
D-MYO-INOSITOL-34-BISPHOSPHATE	D-MYO-INOSITOL-34-BISPHOSPHATE	D- myo -inositol (3,4)-bisphosphate	339.9960489346					C6H10O12P2			plantcyc <https://plantcyc.org/>	1D- myo -inositol (3,4)-bisphosphate // inositol (3,4)-bisphosphate // (2,3,4,5)-tetrahydroxy-6-phosphooxy-cyclohexoxy)phosphonic acid // I(3,4)P 2	339.9960489346	[C@@H]1(O)([C@H](O)[C@@H](O)[C@H](OP(=O)([O-])[O-])[C@@H](OP(=O)([O-])[O-])[C@@H](O)1)		MCKAJXMRULSUKI-CNWJWELYSA-J									PlantCyc/PMN local PGDB
CPD-185	CPD-185	(1 Z ,3 Z )-4-hydroxybuta-1,3-diene-1,2,4-tricarboxylate	202.0113525473					C7H3O7			plantcyc <https://plantcyc.org/>	4-carboxy-2-hydroxyhexa-2,4-dienedioate // (2 E ,4 E )-4-carboxy-2-hydroxyhexa-2,4-dienedioate // OMAenol // 2-hydroxy-4-carboxy-hexa-2,4-dienedioate // 4-carboxy-2-hydroxymuconate // 2-hydroxy-4-carboxymuconate	202.0113525473	C(\C=C(\C=C(C([O-])=O)/O)/C([O-])=O)([O-])=O		QWLUKZXOQAQUFQ-QEFWFIIXSA-K									PlantCyc/PMN local PGDB
CPD-15088	CPD-15088	3- C -glucosyl-2,4,4',6-tetrahydroxydibenzoylmethane	450.1162115493					C21H21O11			plantcyc <https://plantcyc.org/>		450.1162115493	C3(\C(\C(=O)CC(=O)C2(/C(/O)=C([C@H]1([C@@H]([C@H]([C@H](O)[C@H](O1)CO)O)O))\C(\[O-])=C/C(/O)=2))=C/C=C(\C=3)/O)		GCEHZSFCBPUADZ-VJXVFPJBSA-M									PlantCyc/PMN local PGDB
HYDROXYMUCONATE-SALD	HYDROXYMUCONATE-SALD	(2Z,4E)-2-hydroxy-6-oxohexa-2,4-dienoate	142.026608681					C6H5O4			plantcyc <https://plantcyc.org/>	2-hydroxymuconate-6-semialdehyde // 2-hydroxymuconic semialdehyde // 2-hydroxymuconate semialdehyde	142.026608681	C(=O)/C=C/C=C(C(=O)[O-])\O		KGLCZTRXNNGESL-WFTYEQLWSA-M									PlantCyc/PMN local PGDB
CPD-7100	CPD-7100	(2 S )-2-isopropyl-3-oxosuccinate	174.0528234315					C7H8O5			plantcyc <https://plantcyc.org/>	2-isopropyl-3-oxosuccinate	174.0528234315	CC([C@H](C(=O)[O-])C(=O)C(=O)[O-])C		HIIZAGQWABAMRR-BYPYZUCNSA-L									PlantCyc/PMN local PGDB
CPD-22994	CPD-22994	7 1 -dihydroxychlorophyllide a 2	644.2121413027					C35H30N4O7MG			plantcyc <https://plantcyc.org/>		644.2121413027	C=CC4(\C(/C)=C5(\C=C7([C@@H](C)[C@H](CCC(=O)[O-])C(\C6(/[C@@H-](C(OC)=O)C(=O)C1(\C(\N2([Mg]N(C(/C=C3(C(/C(O)O)=C(C=C)\C(/C=C(C(\C)=1)\2)=N3))=4)5))=6)))=N7)))											PlantCyc/PMN local PGDB
3-HYDROXY-CISCIS-MUCONATE	3-HYDROXY-CISCIS-MUCONATE	3-hydroxy- cis,cis -muconate	158.0215233031					C6H4O5			plantcyc <https://plantcyc.org/>		158.0215233031	C(\C(\O)=C/C(=O)[O-])=C\C(=O)[O-]		DLKZGMNZEDNHKO-BXTBVDPRSA-L									PlantCyc/PMN local PGDB
CPD-25935	CPD-25935	9,10-epoxy-12-oxododecanoate	228.1361591304					C12H19O4			plantcyc <https://plantcyc.org/>	9,10-epoxy-12-oxododecanoic acid	228.1361591304	C(CC1(OC(CCCCCCCC(=O)[O-])1))=O		AZDFNKCFWMIGBN-UHFFFAOYSA-M									PlantCyc/PMN local PGDB
CPD-22362	CPD-22362	( S )-8-oxocitronellyl enol	168.1150297578					C10H16O2			plantcyc <https://plantcyc.org/>		168.1150297578	C[C@H](/C=C/O)CC/C=C(C)/C=O		CUVKIWGKVWHEEO-BVRNBXKUSA-N									PlantCyc/PMN local PGDB
CPD0-1681	CPD0-1681	(3S)-3-(1-carboxylatoethenoxy)cyclohepta-1,6-diene-1-carboxylate	224.0684734957					C11H10O5			plantcyc <https://plantcyc.org/>	cycloheptadienyl compound	224.0684734957	C=C(C(=O)[O-])O[C@@H]1(/C=C(\C=C/CC1)/C(=O)[O-])		VJFDVDXXJRSPLZ-VIFPVBQESA-L									PlantCyc/PMN local PGDB
CPD1F-95	CPD1F-95	gibberellin A 12	332.1987593872					C20H26O4			plantcyc <https://plantcyc.org/>	C20-GAs // C 20 -GAs // open lactone gibberrellin skeleton // C 20 skeleton // C 20 -GA skeleton // C 20 -gibberellin skeleton // GA12	332.1987593872	C=C1([C@H]2(C[C@]3(C1)([C@H]([C@@H]4([C@@](C)(CCC[C@@](C)([C@@H](CC2)3)4)C([O-])=O))C([O-])=O)))		UJFQJDAESQJXTG-UFUZVNNQSA-L									PlantCyc/PMN local PGDB
CPD-663	CPD-663	UDP-4-dehydro-6-deoxy-alpha-D-glucose	548.0444556902					C15H20N2O16P2			plantcyc <https://plantcyc.org/>	UDP-4-keto-6-deoxyglucose // UDP-4-keto-6-deoxy-alpha-D-glucose // UDP-4-oxo-6-deoxy-alpha-D-glucose	548.0444556902	C[C@H]3(O[C@H](OP(OP(OC[C@@H]2([C@H]([C@H]([C@H](N1(\C=C/C(=O)NC1=O))O2)O)O))(=O)[O-])(=O)[O-])[C@H](O)[C@@H](O)C(=O)3)		DDWGQQADOIMFOI-JPHISPRKSA-L									PlantCyc/PMN local PGDB
CPD-22612	CPD-22612	alpha-acetyldigitoxin	806.445256828					C43H66O14			plantcyc <https://plantcyc.org/>		806.445256828	C[C@H]1(O[C@H](C[C@H](OC(=O)C)[C@H](O)1)O[C@@H]2([C@@H](C)O[C@H](C[C@H](O)2)O[C@H]3([C@@H](O)C[C@@H](O[C@H](C)3)O[C@@H]8(C[C@H]7(CC[C@@H]6([C@H](CC[C@@]5(C)([C@](O)(CC[C@H](C4(\COC(=O)\C=4))5)6))[C@](C)7CC8))))))		HPMZBILYSWLILX-UMDUKNJSSA-N									PlantCyc/PMN local PGDB
CPD-15077	CPD-15077	1-(3,4-dihydroxyphenyl)-3-(2,4,6-trihydroxyphenyl)propane-1,3-dione	304.0583027399					C15H11O7			plantcyc <https://plantcyc.org/>	eriodictyol dibenzoylmethane tautomer	304.0583027399	C2(/C=C(C(/O)=C\C(\C(=O)CC(=O)C1(/C(/O)=C\C(\[O-])=C/C(/O)=1))=2)/O)		UIRCARMQMYTLGE-UHFFFAOYSA-M									PlantCyc/PMN local PGDB
CPD4FS-1	CPD4FS-1	CDP- N -dimethylethanolamine	474.0916806543					C13H23N4O11P2			plantcyc <https://plantcyc.org/>		474.0916806543	C[NH+](C)CCOP(OP(OC[C@@H]2([C@H]([C@H]([C@H](N1(\C=C/C(/N)=N\C1=O))O2)O)O))(=O)[O-])([O-])=O		FOYCPAILIPEVBT-HJQYOEGKSA-M									PlantCyc/PMN local PGDB
AMINO-HYDROXYMETHYL-METHYLPYRIMIDINE-PP	AMINO-HYDROXYMETHYL-METHYLPYRIMIDINE-PP	4-amino-2-methyl-5-(diphosphooxymethyl)pyrimidine	299.0072227434					C6H8N3O7P2			plantcyc <https://plantcyc.org/>	4-amino-5-hydroxymethyl-2-methylpyrimidine-PP	299.0072227434	CC1(\N=C(C(/COP([O-])(=O)OP([O-])(=O)[O-])=C\N=1)\N)		AGQJQCFEPUVXNK-UHFFFAOYSA-K									PlantCyc/PMN local PGDB
CPD-19599	CPD-19599	2-deoxy-6-phospho-D-gluconate	260.0297185262					C6H10O9P			plantcyc <https://plantcyc.org/>	2-deoxy-D-gluconate 6-phosphate	260.0297185262	C(OP([O-])(=O)[O-])[C@H]([C@H]([C@@H](CC([O-])=O)O)O)O		LTHDIZOWAIGONP-KODRXGBYSA-K									PlantCyc/PMN local PGDB
SINAPATE	SINAPATE	sinapate	224.0684734957					C11H11O5			plantcyc <https://plantcyc.org/>	3,5-dimethoxy-4-hydroxycinnamate // sinapinate // sinapinic acid // sinapic acid // 3,5-dimethoxy-4-hydroxycinnamic acid // 4-hydroxy-3,5-dimethoxycinnamate	224.0684734957	COC1(\C(\O)=C(C=C(/C=C/C(=O)[O-])/C=1)\OC)		PCMORTLOPMLEFB-ONEGZZNKSA-M									PlantCyc/PMN local PGDB
CPD-14092	CPD-14092	pseudooxynicotine	178.1106130819					C10H15N2O			plantcyc <https://plantcyc.org/>	4-(methylamino)-1-(3-pyridinyl)-1-butanone // 4-(methylamino)-1-(3-pyridyl)-1-butanone // 4-(methylamino)-1-(pyridin-3-yl)butan-1-one	178.1106130819	C[NH2+]CCCC(=O)C1(\C=C/C=N\C=1)		SGDIDUFQYHRMPR-UHFFFAOYSA-O									PlantCyc/PMN local PGDB
CPD-11260	CPD-11260	cis -tuberonic acid	226.1205090662					C12H17O4			plantcyc <https://plantcyc.org/>	cis -12-OHJA // cis -12-hydroxyjasmonic acid // cis -12-hydroxy-JA // Z -12-hydroxyjasmonate // cis -12-hydroxyjasmonate	226.1205090662	C(O)C\C=C/C[C@@H]1(C(=O)CC[C@@H]1CC([O-])=O)		RZGFUGXQKMEMOO-SZXTZRQCSA-M									PlantCyc/PMN local PGDB
CPD-20322	CPD-20322	ent -isokaurene-2beta,3beta-diol	304.2402302714					C20H32O2			plantcyc <https://plantcyc.org/>		304.2402302714	CC1(\[C@H]4(C[C@]3(\C=1)(CC[C@@H]2(C(C)(C)[C@H](O)[C@H](O)C[C@](C)2[C@@H]3CC4))))		WNDMUTXXXQEUPV-VWZCVCQNSA-N									PlantCyc/PMN local PGDB
CPD0-1245	CPD0-1245	D,L- gamma-hydroxyphosphinothricin	197.0453090109					C5H11NO5P			plantcyc <https://plantcyc.org/>	GHPPT	197.0453090109	CP([O-])(=O)C(O)CC([NH3+])C(=O)[O-]		ZFYMZQBTTYLNFW-UHFFFAOYSA-M									PlantCyc/PMN local PGDB
SEROTONIN	SEROTONIN	serotonin	176.0949630177					C10H13N2O			plantcyc <https://plantcyc.org/>	5-HT // hydroxytryptamine // 5-hydroxytryptamine // 3-(2-aminoethyl)-1H-indol-5-ol // enteramine // thrombocytin // thrombotonin	176.0949630177	C([NH3+])CC1(\C2(/C=C(\C=C/C(/N\C=1)=2)/O))		QZAYGJVTTNCVMB-UHFFFAOYSA-O									PlantCyc/PMN local PGDB
L-LACTATE	L-LACTATE	( S )-lactate	90.0316940589					C3H5O3			plantcyc <https://plantcyc.org/>	L-lactate // L(+)-lactate // L-lactic acid // ( S )-lactic acid	90.0316940589	C[C@@H](C([O-])=O)O		JVTAAEKCZFNVCJ-REOHCLBHSA-M									PlantCyc/PMN local PGDB
RIBOSE-15-BISPHOSPHATE	RIBOSE-15-BISPHOSPHATE	alpha-D-ribose 1,5-bisphosphate	309.9854842483					C5H8O11P2			plantcyc <https://plantcyc.org/>	ribose-1,5-bisphosphate	309.9854842483	C(OP(=O)([O-])[O-])[C@H]1(O[C@@H]([C@@H]([C@@H]1O)O)OP([O-])(=O)[O-])		AAAFZMYJJHWUPN-TXICZTDVSA-J									PlantCyc/PMN local PGDB
CPD-18103	CPD-18103	carnosate	332.1987593872					C20H27O4			plantcyc <https://plantcyc.org/>	carnosic acid // 11,12-dihydroxyabieta-8,11,13-trien-20-oate // Salvin	332.1987593872	CC(C)C2(\C=C1(CC[C@@H]3([C@@](C(=O)[O-])(C1=C(O)C(O)=2)CCCC(C)(C)3)))		QRYRORQUOLYVBU-VBKZILBWSA-M									PlantCyc/PMN local PGDB
CPD-15283	CPD-15283	1- O -4-hydroxybenzoyl-beta- D -glucose	300.0845174904					C13H16O8			plantcyc <https://plantcyc.org/>	1- O- p-hydroxybenzoyl-beta- D -glucose // p-hydroxybenzoyl glucose // 4-hydroxybenzoyl glucose	300.0845174904	C([C@H]2(O[C@@H](OC(=O)C1(\C=C/C(/O)=C\C=1))[C@@H]([C@H]([C@@H]2O)O)O))O		XWTGDGASXRARSP-HMUNZLOLSA-N									PlantCyc/PMN local PGDB
CPD-498	CPD-498	gibberellin A 51 -catabolite	330.1467238167					C19H20O5			plantcyc <https://plantcyc.org/>	GA51-catabolite	330.1467238167	C=C1([C@H]2(C[C@]3(C1)([C@H]([C@@H]4([C@@](C([O-])=O)(C)CC(=O)C=C([C@@H](CC2)3)4))C([O-])=O)))		JBJGOHHQQSPYTO-BLMVKCSQSA-L									PlantCyc/PMN local PGDB
CPD-22999	CPD-22999	WO 2 (OH)-molybdopterin cofactor	625.9401625322					C10H10N5O9PS2W			plantcyc <https://plantcyc.org/>	WO 2 OH-Mo-MPT // W-molybdopterin cofactor // Wo (dioxyo) // tungsten cofactor (dioxyo) // WO 2 (OH)Dtpp-mP // {[(5aR,8R,9aR)-2-amino-4-oxo-6,7-di(sulfanyl-&kappa; S )-1,5,5a,8,9a,10-hexahydro-4H-pyrano[3,2-g]pteridin-8-yl]methyl dihydrogenato(2-) phosphate}(dioxo)tungstate // WO 2 -Mo-MPT	625.9401625322	C(OP([O-])(=O)[O-])[C@@H]1(C4(\S[W-]([O-])(=O)(=O)SC(/[C@H]2([C@@H](O1)NC3(/N=C(N)\NC(=O)C(/N2)=3)))=4))		OFWIRMFWIRUWOK-BKZHXLINSA-J									PlantCyc/PMN local PGDB
CPD-25570	CPD-25570	SEP-328	327.1178833043					C12H17N5O6			plantcyc <https://plantcyc.org/>	6- N -(L-glycero-beta-D- manno -heptosyl)-adenine	327.1178833043	C([C@@H]([C@H]3(O[C@H](NC2(/N=C\N=C1(C(/N\C=N/1)=2)))[C@H]([C@H]([C@@H]3O)O)O))O)O		QEQUVSQCBHBKRN-MKDMGUKKSA-N									PlantCyc/PMN local PGDB
CPD-14926	CPD-14926	phytenal	294.2922658419					C20H38O			plantcyc <https://plantcyc.org/>	2 E -phytenal // 3,7,11,15-tetramethyl-2 E -hexadecenal	294.2922658419	CC(C)CCC[C@@H](C)CCC[C@@H](C)CCCC(\C)=C/C=O		RAFZYSUICBQABU-PYDDKJGSSA-N									PlantCyc/PMN local PGDB
CPD-24349	CPD-24349	arsenic-phytochelatin 3	843.0854824356					C26H35N7O14S3AS			plantcyc <https://plantcyc.org/>	arsenic-PC 3 // As III -PC 3	843.0854824356	C2(S[As]1(SC[C@@H](C(N[C@H](C([O-])=O)CCC(=O)N[C@@H](CS1)C(N[C@@H](C([O-])=O)CCC(=O)N[C@H]2C(NCC([O-])=O)=O)=O)=O)NC(=O)CC[C@H]([NH3+])C([O-])=O))		JMWFRADNOZWWRR-PCXUGDDNSA-K									PlantCyc/PMN local PGDB
CPD-13647	CPD-13647	1-(4-hydroxyphenyl)-1-decene-3,5-dione	260.1412445083					C16H20O3			plantcyc <https://plantcyc.org/>	p-coumaroylhexanoylmethane // 4-coumaroylhexanoylmethane	260.1412445083	CCCCCC(\O)=C\C(=O)/C=C/C1(\C=C/C(/O)=C\C=1)		BWAVVEBSGHWPHL-QUHNVXOFSA-N									PlantCyc/PMN local PGDB
CPD-10336	CPD-10336	chlorophyll c 1	610.2066619943					C35H28N4O5MG			plantcyc <https://plantcyc.org/>		610.2066619943	C=CC4(\C(/C)=C5(\C=C7(C(/C)=C(/C=C/C(=O)[O-])/C(C6(/[C-](C(OC)=O)C(=O)C1(\C(\N2([Mg]N(C(/C=C3(C(/C)=C(CC)/C(\C=C(C(\C)=1)/2)=N3))=4)5))=6)))=N7)))											PlantCyc/PMN local PGDB
CPD-26892	CPD-26892	4alpha,5beta-5,20-epoxytax-11-ene-4-ol	304.2402302714					C20H32O2			plantcyc <https://plantcyc.org/>	oxo-taxadiene-4alpha-ol (incorrect)	304.2402302714	CC2(\CC[C@H]1(C[C@H]3([C@](C)(CCC(\C(C)(C)1)=2)CC[C@H]4(OC[C@@](O)34))))		WFOFTTUMRWXDJQ-TWRRNRRFSA-N									PlantCyc/PMN local PGDB
CPD-12362	CPD-12362	16, 17-dihydro-16alpha, 17-dihydroxy gibberellin A 9	350.1729385672					C19H25O6			plantcyc <https://plantcyc.org/>	16, 17-dihydro-16alpha, 17-dihydroxy GA 9 // 16alpha, 17-[OH] 2 gibberellin A 9 // 16alpha, 17-[OH] 2 GA 9	350.1729385672	C[C@@]13(C(=O)O[C@]4(CCC1)([C@H]5(CC[C@@H]2(C[C@](C[C@](O)(CO)2)([C@H]([C@H]34)C([O-])=O)5))))		OXEMPUBMLFVGQQ-UJOVHDGXSA-M									PlantCyc/PMN local PGDB
910-EPOXY-18-HYDROXYSTEARATE	910-EPOXY-18-HYDROXYSTEARATE	9,10-epoxy-18-hydroxystearate	314.2457095798					C18H33O4			plantcyc <https://plantcyc.org/>	9R,10S-epoxy-18-hydroxystearate	314.2457095798	C(CCCCCCCC1(C(CCCCCCCC(=O)[O-])O1))O		ITTPZDMHCNGAGQ-UHFFFAOYSA-M									PlantCyc/PMN local PGDB
CPD-11230	CPD-11230	(indol-3-yl)acetyl-L-tryptophan	361.1426414918					C21H18N3O3			plantcyc <https://plantcyc.org/>	indole-3-acetyl-Trp	361.1426414918	C3(\NC4(\C(/C(\C[C@H](NC(CC1(\C2(\C(\N\C=1)=C/C=C\C=2)))=O)C([O-])=O)=3)=C/C=C\C=4))		FOSPCYZZRVNHJS-IBGZPJMESA-M									PlantCyc/PMN local PGDB
VESTITONE	VESTITONE	(3R)-vestitone	286.0841235599					C16H14O5			plantcyc <https://plantcyc.org/>	vestitone // (-)-vestitone	286.0841235599	C2(OC3(/C=C(\C=C/C(/C(=O)[C@H](C1(\C=C/C(/OC)=C\C(O)=1))2)=3)/O))		WQCJOKYOIJVEFN-ZDUSSCGKSA-N									PlantCyc/PMN local PGDB
DIHYDROPTERIN-CH2OH-PP	DIHYDROPTERIN-CH2OH-PP	(7,8-dihydropterin-6-yl)methyl diphosphate	355.0082853759					C7H8N5O8P2			plantcyc <https://plantcyc.org/>	6-hydroxymethyl-dihydropterin pyrophosphate // 6-hydroxymethyl-dihydropterin diphosphate // 6-hydroxymethyl-7,8-dihydropterin diphosphate	355.0082853759	C1(C(/COP(=O)([O-])OP(=O)([O-])[O-])=N\C2(/C(=O)NC(/N)=N/C(\N1)=2))		FCQGJGLSOWZZON-UHFFFAOYSA-K									PlantCyc/PMN local PGDB
CPD-15474	CPD-15474	gardenin B	358.1052529325					C19H18O7			plantcyc <https://plantcyc.org/>	5-hydroxy-2-(4-methoxyphenyl)-6,7,8-trimethoxy-4H-1-benzopyran-4-one // 5-hydroxy-4',6,7,8-tetramethoxyflavone // demethyltangeretin	358.1052529325	COC3(\C=C/C(/C1(/OC2(/C(/OC)=C(C(\OC)=C(C(\C(=O)\C=1)=2)\O)/OC)))=C\C=3)		LXEVSYZNYDZSOB-UHFFFAOYSA-N									PlantCyc/PMN local PGDB
CPD-15408	CPD-15408	2-chloroacrylate	105.9821570505					C3H2O2CL			plantcyc <https://plantcyc.org/>		105.9821570505	C=C(Cl)C(=O)[O-]		SZTBMYHIYNGYIA-UHFFFAOYSA-M									PlantCyc/PMN local PGDB
CPD-206	CPD-206	phytanoyl-CoA	1061.4074742075					C41H70N7O17P3S			plantcyc <https://plantcyc.org/>		1061.4074742075	CC(C)CCC[C@@H](C)CCC[C@@H](C)CCCC(C)CC(SCCNC(=O)CCNC(=O)[C@H](O)C(C)(C)COP(=O)(OP(=O)(OC[C@@H]1([C@@H](OP([O-])(=O)[O-])[C@@H](O)[C@@H](O1)N2(C3(\N=C/N=C(C(\N=C/2)=3)/N))))[O-])[O-])=O		NRJQGHHZMSOUEN-HHVNVSIESA-J									PlantCyc/PMN local PGDB
CPD-12910	CPD-12910	episterone	396.3392160345					C28H44O			plantcyc <https://plantcyc.org/>	ergosta-7,24(28)-dien-3-one, (5alpha)-	396.3392160345	CC(C)C(CC[C@@H](C)[C@H]3(CC[C@H]4(C1([C@@H]([C@@]2(C)(CCC(=O)C[C@H](CC=1)2))CC[C@](C)34))))=C		XFPWUGLDJACLNZ-GZTYTQPTSA-N									PlantCyc/PMN local PGDB
SPERMINE	SPERMINE	spermine	202.2157468554					C10H30N4			plantcyc <https://plantcyc.org/>	gerontine // musculamine // neuridine // diaminopropyl-tetramethylenediamine	202.2157468554	C(CCC[NH2+]CCC[NH3+])[NH2+]CCC[NH3+]		PFNFFQXMRSDOHW-UHFFFAOYSA-R									PlantCyc/PMN local PGDB
CPD-9894	CPD-9894	3,4-dihydroxy-5-( all-trans -octaprenyl)benzoate	698.5274107354					C47H69O4			plantcyc <https://plantcyc.org/>	3-(3,7,11,15,19,23-octamethyltetracosa-2,6,10,14,18,22-hexaenyl) -4,5-dihydroxy-benzoic acid // 3-octaprenyl-4,5-dihydroxybenzoate	698.5274107354	CC(C)=CCCC(\C)=C/CCC(\C)=C/CCC(\C)=C/CCC(\C)=C/CCC(\C)=C/CCC(\C)=C/CCC(\C)=C/CC1(/C=C(/C=C(C(/O)=1)/O)/C([O-])=O)		ZTGCMYPRIIAXFD-LHSBZCSKSA-M									PlantCyc/PMN local PGDB
CPD3DJ-11366	CPD3DJ-11366	sphingosine 1-phosphate	379.2487598455					C18H37NO5P			plantcyc <https://plantcyc.org/>		379.2487598455	CCCCCCCCCCCCC/C=C/[C@@H](O)[C@@H]([NH3+])COP([O-])(=O)[O-]		DUYSYHSSBDVJSM-KRWOKUGFSA-M									PlantCyc/PMN local PGDB
PHENYLACETATE	PHENYLACETATE	phenylacetate	136.052429501					C8H7O2			plantcyc <https://plantcyc.org/>	2-phenylacetate // benzeneacetic acid // phenylacetic acid	136.052429501	C([O-])(=O)CC1(\C=C/C=C\C=1)		WLJVXDMOQOGPHL-UHFFFAOYSA-M									PlantCyc/PMN local PGDB
5-OXOPROLINE	5-OXOPROLINE	5-oxo-L-proline	129.0425930962					C5H6NO3			plantcyc <https://plantcyc.org/>	pyrrolidone-COO // pyrrolidone-carboxylate // L-5-pyrrolidone-2-carboxylic acid // L-pyroglutamic acid // pyroglutamic acid // pyroglutamate // 5-pyrrolidone-2-carboxylic acid // L-pyroglutamate // pidolic acid	129.0425930962	C(=O)([C@H]1(NC(CC1)=O))[O-]		ODHCTXKNWHHXJC-VKHMYHEASA-M									PlantCyc/PMN local PGDB
CPD-717	CPD-717	3-dehydro-6-deoxoteasterone	432.3603454071					C28H48O3			plantcyc <https://plantcyc.org/>	dehydro-deoxoteasterone	432.3603454071	CC(C)[C@H](C)[C@@H](O)[C@H](O)[C@@H](C)[C@H]3(CC[C@H]4([C@@H]2(CC[C@H]1(CC(=O)CC[C@@](C)1[C@H]2CC[C@](C)34))))		URNVSZVQLKHKDE-WAFXAADMSA-N									PlantCyc/PMN local PGDB
CPD-18578	CPD-18578	C35-phenolphthiocerol A	548.4804605428					C35H64O4			plantcyc <https://plantcyc.org/>	(3R,4S,9R,11R)-27-(4-hydroxyphenyl)-3-methoxy-4-methylheptacosane-9,11-diol	548.4804605428	CC[C@@H](OC)[C@@H](C)CCCC[C@@H](O)C[C@H](O)CCCCCCCCCCCCCCCCC1(\C=C/C(/O)=C\C=1)		VWBMBYMZZRYHTK-XWISBFJWSA-N									PlantCyc/PMN local PGDB
ADENOSINE-5-CARBOXAMIDE	ADENOSINE-5-CARBOXAMIDE	adenosine 5'-carboxamide	280.0920029048					C10H12N6O4			plantcyc <https://plantcyc.org/>		280.0920029048	C3(\N=C1(C(/N=C\N1[C@@H]2(O[C@H](C(=O)N)[C@@H](O)[C@@H](O)2))=C(N)\N=3))		BLMHAOGGJQDPLX-LKCKTBJASA-N									PlantCyc/PMN local PGDB
CPD-21269	CPD-21269	zealexin C3	246.1255944441					C15H17O3			plantcyc <https://plantcyc.org/>		246.1255944441	CC2(C)([C@H](O)C(/C1(\C=C/C(/C([O-])=O)=C\C=1))=C/CC2)		IMLJRZZCCDBCEP-CYBMUJFWSA-M									PlantCyc/PMN local PGDB
CPD-499	CPD-499	( R )-5-phosphomevalonate	228.039889282					C6H10O7P			plantcyc <https://plantcyc.org/>	( R )-5-phosphomevalonic acid // mevalonate-5P // ( R )-mevalonate 5-phosphate // ( R )-mevalonic acid 5-phosphate // mevalonate-P	228.039889282	C[C@@](O)(CCOP(=O)([O-])[O-])CC(=O)[O-]		OKZYCXHTTZZYSK-ZCFIWIBFSA-K									PlantCyc/PMN local PGDB
CPD-10723	CPD-10723	alpha-D-fructofuranose	180.0633881178					C6H12O6			plantcyc <https://plantcyc.org/>		180.0633881178	C(O)[C@H]1(O[C@@](O)(CO)[C@H]([C@@H]1O)O)		RFSUNEUAIZKAJO-ZXXMMSQZSA-N									PlantCyc/PMN local PGDB
CPD-8846	CPD-8846	(3E,7E)-4,8,12-trimethyltrideca-1,3,7,11-tetraene	218.2034508346					C16H26			plantcyc <https://plantcyc.org/>	4,8,12-trimethyltrideca-1,3,7,11-tetraene // 4,8,12-trimethyl-1,3,7,11-tridecatetraene	218.2034508346	C=C/C=C(C)/CC/C=C(C)/CCC=C(C)C		CWLVBFJCJXHUCF-RNPYNJAESA-N									PlantCyc/PMN local PGDB
CPD-26261	CPD-26261	1-(4-oxobutyl)-3,4-dihydro-2H-pyrrol-1-ium	141.1153641088					C8H14NO			plantcyc <https://plantcyc.org/>	N -(4-oxobutylpyrrolinium) ion	141.1153641088	C1(CCC=[N+](CCCC=O)1)		RWUWAUHULBYXFJ-UHFFFAOYSA-N									PlantCyc/PMN local PGDB
CPD-22767	CPD-22767	4alpha-hydroxymethyl-14alpha-methyl-cholesta-8-enol	430.3810808492					C29H50O2			plantcyc <https://plantcyc.org/>		430.3810808492	CC(C)CCC[C@@H](C)[C@H]2(CC[C@@]3(C)(C4(\CC[C@H]1([C@H](CO)[C@@H](O)CC[C@@](C)1C(\CC[C@](C)23)=4))))		JBASSMQXCFRUTA-PMIIOQGLSA-N									PlantCyc/PMN local PGDB
CPD-13668	CPD-13668	30-hydroxy-beta-amyrin	442.3810808492					C30H50O2			plantcyc <https://plantcyc.org/>		442.3810808492	C[C@]1([C@H](CC[C@@]2(C5([C@@](CCC12)([C@]3(C(/C4([C@@](CC3)(CC[C@@](C4)(CO)C)C))=C/C5)C)C))C)O)C		OYONPFUYHNGECE-CQYSPVIFSA-N									PlantCyc/PMN local PGDB
CPD-13812	CPD-13812	TRIBOA-beta-D-glucoside	359.0852457719					C14H17NO10			plantcyc <https://plantcyc.org/>	(2 R )-4,7-dihydroxy-3-oxo-3,4-dihydro-2 H -1,4-benzoxazin-2-yl beta-D-glucopyranoside	359.0852457719	C3(/C=C2(C(/OC(O[C@@H]1(O[C@H](CO)[C@@H](O)[C@H](O)[C@@H](O)1))C(=O)N(O)2)=C\C(\O)=3))		YCPMEKOJGFYFJJ-BJPDSMLBSA-N									PlantCyc/PMN local PGDB
CPD-13557	CPD-13557	alpha-D-glucosyl-(1->3)-alpha-D-mannose	342.1162115493					C12H22O11			plantcyc <https://plantcyc.org/>	alpha(Glc(1-3)alphaMan // glucosyl-alpha1,3 mannose	342.1162115493	C(O)[C@@H]2([C@@H](O)[C@H](O)[C@@H](O)[C@@H](O[C@@H]1([C@H](O)[C@@H](O)O[C@H](CO)[C@@H](O)1))O2)		QIGJYVCQYDKYDW-ZINHCKEWSA-N									PlantCyc/PMN local PGDB
MEVALONATE	MEVALONATE	( R )-mevalonate	148.0735588736					C6H11O4			plantcyc <https://plantcyc.org/>	mevalonate // mevalonic acid	148.0735588736	C[C@@](O)(CCO)CC(=O)[O-]		KJTLQQUUPVSXIM-ZCFIWIBFSA-M									PlantCyc/PMN local PGDB
CPD-6123	CPD-6123	1-(3-aminopropyl)-pyrrolinium	128.131348524					C7H16N2			plantcyc <https://plantcyc.org/>		128.131348524	C1(CCC[N+](CCC[NH3+])=1)		IWGWVCORJJKREY-UHFFFAOYSA-O									PlantCyc/PMN local PGDB
CPD-13371	CPD-13371	pseudoionone	192.1514152641					C13H20O			plantcyc <https://plantcyc.org/>		192.1514152641	CC(C)=CCCC(\C)=C/C=C/C(C)=O		JXJIQCXXJGRKRJ-KOOBJXAQSA-N									PlantCyc/PMN local PGDB
CPD-4	CPD-4	molybdopterin	395.012311098					C10H12N5O6PS2			plantcyc <https://plantcyc.org/>	MPT // pyranopterin-dithiolate // ene-dithiol pyranopterin // H 2 Dtpp-mP // [(5aR,8R,9aR)-2-amino-4-oxo-6,7-disulfanyl-3,5,5a,8,9a,10-hexahydro-4H-pyrano[3,2-g]pteridin-8-yl]methyl dihydrogen phosphate // H2Dtpp-mP	395.012311098	C(OP([O-])(=O)[O-])[C@@H]1(C(\S)=C([C@H]2([C@@H](O1)NC3(/N=C(N)\NC(=O)C(/N2)=3)))\S)		HPEUEJRPDGMIMY-IFQPEPLCSA-L									PlantCyc/PMN local PGDB
HOMO-CIT	HOMO-CIT	(2 R )-homocitrate	206.0426526757					C7H7O7			plantcyc <https://plantcyc.org/>	2-hydroxybutane-1,2,4-tricarboxylate // homocitric acid // 3-hydroxy-3-carboxyadipic acid // (2 R )-2-hydroxybutane-1,2,4-tricarboxylate // ( R )-2-hydroxybutane-1,2,4-tricarboxylate // homocitrate // ( R )-homocitrate	206.0426526757	C(C([O-])=O)C[C@](O)(C([O-])=O)CC([O-])=O		XKJVEVRQMLKSMO-SSDOTTSWSA-K									PlantCyc/PMN local PGDB
3-DEAZAADENINE	3-DEAZAADENINE	3-deazaadenine	134.0592462134					C6H7N4			plantcyc <https://plantcyc.org/>		134.0592462134	C1(\NC2(/C=C\[NH+]=C(C(\N=1)=2)\N))		UHUHBFMZVCOEOV-UHFFFAOYSA-O									PlantCyc/PMN local PGDB
1-L-MYO-INOSITOL-1-P	1-L-MYO-INOSITOL-1-P	1D- myo -inositol 3-monophosphate	260.0297185262					C6H11O9P			plantcyc <https://plantcyc.org/>	1-L- myo -inositol-1-p // L- myo -inositol 1-phosphate // inositol 1-phosphate // myo -inositol 1-phosphate // 1D- myo -inositol 3-phosphate // Ins(3)P 1 // D- myo -inositol (3)-monophosphate // myo -inositol 1-monophosphate // Ins3P // 1L- myo -inositol 1-phosphate // myo -inositol phosphate	260.0297185262	[C@H]1(O)([C@@H](O)[C@H](O)[C@@H](OP(=O)([O-])[O-])[C@@H](O)[C@@H](O)1)		INAPMGSXUVUWAF-PTQMNWPWSA-L									PlantCyc/PMN local PGDB
CPD-20261	CPD-20261	2- S -cysteinyldopaquinone	314.0572568824					C12H14N2O6S			plantcyc <https://plantcyc.org/>		314.0572568824	C(SC1(\C(C(\C=C/C(\C[C@@H](C(=O)[O-])[NH3+])=1)=O)=O))[C@@H](C(=O)[O-])[NH3+]		WZVBMYNCJXSJII-BQBZGAKWSA-N									PlantCyc/PMN local PGDB
INDOLE-3-ACETYL-ASP	INDOLE-3-ACETYL-ASP	(indol-3-yl)acetyl-L-aspartate	290.0902715703					C14H12N2O5			plantcyc <https://plantcyc.org/>	indole-3-acetyl-aspartic acid // indole-3-acetyl-Asp	290.0902715703	C(CC1(\C2(/C=C\C=C/C(/N\C=1)=2)))(N[C@H](C(=O)[O-])CC([O-])=O)=O		VAFNMNRKDDAKRM-NSHDSACASA-L									PlantCyc/PMN local PGDB
CPD-10507	CPD-10507	4-(indol-3-yl)butanoate	203.0946286667					C12H12NO2			plantcyc <https://plantcyc.org/>	gamma-(indol-3-yl)butyric acid // beta-indolylbutyric acid // 3-indolebutyric acid // 3-indolyl-gamma-butyric acid // indole-3-butanoate // 4-(indol-3-yl)butyric acid // indole-3-butyric acid // IBA // indolebutyric acid // indole-3-butyrate	203.0946286667	C1(\C=C/C2(/N\C=C(CCCC([O-])=O)/C(\C=1)=2))		JTEDVYBZBROSJT-UHFFFAOYSA-M									PlantCyc/PMN local PGDB
COUMARATE	COUMARATE	4-coumarate	164.0473441231					C9H7O3			plantcyc <https://plantcyc.org/>	4-hydroxycinnamate // 4-hydroxycinnamic acid // p-coumarate // trans -4-hydroxycinnamate // p-coumaric acid // trans-p -hydroxycinnamate // trans -4-coumarate // (2E)-3-(4-hydroxyphenyl)acrylate	164.0473441231	C(=O)([O-])/C=C/C1(\C=C/C(/O)=C\C=1)		NGSWKAQJJWESNS-ZZXKWVIFSA-M									PlantCyc/PMN local PGDB
CPD-8098	CPD-8098	cis -caffeate	180.0422587452					C9H7O4			plantcyc <https://plantcyc.org/>	cis -3,4-dihydroxy-cinnamate // cis -caffeic acid // (2 Z )-3-(3,4-dihydroxyphenyl)prop-2-enoic acid // (2 Z )-3-(3,4-dihydroxyphenyl)prop-2-enoate	180.0422587452	C([O-])(=O)\C=C/C1(\C=C/C(/O)=C(C=1)/O)		QAIPRVGONGVQAS-RQOWECAXSA-M									PlantCyc/PMN local PGDB
TROPINONE	TROPINONE	tropinone	139.0997140446					C8H14NO			plantcyc <https://plantcyc.org/>		139.0997140446	C[NH+]1([C@@H]2(CC[C@@H]1CC(=O)C2))		QQXLDOJGLXJCSE-KNVOCYPGSA-O									PlantCyc/PMN local PGDB
GDP-TP	GDP-TP	pppGpp	682.9233205958					C10H11N5O20P5			plantcyc <https://plantcyc.org/>	guanosine pentaphosphate // guanosine 3'-diphosphate 5'-triphosphate // guanosine 5'-triphosphate,3'-diphosphate	682.9233205958	C(OP(=O)([O-])OP(=O)([O-])OP(=O)([O-])[O-])[C@H]3(O[C@@H](N1(\C=N/C2(C(=O)NC(/N)=N/C1=2)))[C@H](O)[C@H](OP([O-])(OP([O-])([O-])=O)=O)3)		KCPMACXZAITQAX-UUOKFMHZSA-G									PlantCyc/PMN local PGDB
CPD-8155	CPD-8155	pheophytin a	870.5659215067					C55H74N4O5			plantcyc <https://plantcyc.org/>		870.5659215067	C=CC4(\C(/C)=C3(\C=C6([C@@H](C)[C@H](CCC(=O)OC/C=C(C)/CCC[C@H](C)CCC[C@H](C)CCCC(C)C)C(/C5(\[C@@H](C(OC)=O)C(=O)C1(\C(\NC(/C(\C)=1)=C/C2(/C(\CC)=C(C)\C(\N=2)=C\C(\N3)=4))=5)))=N\6)))		CQIKWXUXPNUNDV-RCBXBCQGSA-N									PlantCyc/PMN local PGDB
RIBOFLAVIN	RIBOFLAVIN	riboflavin	376.1382843954					C17H19N4O6			plantcyc <https://plantcyc.org/>	vitamin B 2	376.1382843954	CC3(\C=C2(C(/N(C[C@H](O)[C@H](O)[C@H](O)CO)C1(\C(\C(=O)[N-]C(=O)/N=1)=N/2))=C\C(/C)=3))		AUNGANRZJHBGPY-SCRDCRAPSA-M									PlantCyc/PMN local PGDB
CPD-710	CPD-710	campestanol	402.3861662271					C28H50O			plantcyc <https://plantcyc.org/>	5alpha-campestanol	402.3861662271	CC(C)[C@H](C)CC[C@@H](C)[C@H]3(CC[C@H]4([C@@H]2(CC[C@H]1(C[C@@H](O)CC[C@@](C)1[C@H]2CC[C@](C)34))))		ARYTXMNEANMLMU-ATEDBJNTSA-N									PlantCyc/PMN local PGDB
3-5-ADP	3-5-ADP	adenosine 3',5'-bisphosphate	427.0294147485					C10H11N5O10P2			plantcyc <https://plantcyc.org/>	adenosine-3',5'-bisphosphate // phosphoadenosine phosphate // PAP // adenosine 3',5'-diphosphate (incorrect)	427.0294147485	C(OP(=O)([O-])[O-])[C@H]3(O[C@@H](N1(C2(\C(\N=C/1)=C(N)/N=C\N=2)))[C@H](O)[C@H](OP([O-])(=O)[O-])3)		WHTCPDAXWFLDIH-KQYNXXCUSA-J									PlantCyc/PMN local PGDB
CPD-9980	CPD-9980	7-deoxyloganetate	198.0892089378					C10H13O4			plantcyc <https://plantcyc.org/>	7-deoxyloganetic acid	198.0892089378	C[C@H]1(CC[C@@H]2(C(/C(=O)[O-])=C\O[C@@H](O)[C@H]12))		DKGYTSKPMLWLEI-FIZOKRMRSA-M									PlantCyc/PMN local PGDB
CPD-211	CPD-211	homoglutathione	321.0994560481					C11H18N3O6S			plantcyc <https://plantcyc.org/>	gamma-Glu-Cys-beta-Ala // gamma-L-glutamyl-L-cysteinyl-beta-alanine	321.0994560481	C(S)[C@@H](C(NCCC(=O)[O-])=O)NC(=O)CC[C@H]([NH3+])C([O-])=O		HKBNQXMLSMKLJV-BQBZGAKWSA-M									PlantCyc/PMN local PGDB
CPD-9965	CPD-9965	arachidoyl-CoA	1061.4074742075					C41H70N7O17P3S			plantcyc <https://plantcyc.org/>	eicosanoyl-CoA // icosanoyl-CoA	1061.4074742075	CCCCCCCCCCCCCCCCCCCC(=O)SCCNC(=O)CCNC(=O)[C@H](O)C(C)(C)COP(=O)(OP(=O)(OC[C@@H]1([C@@H](OP([O-])(=O)[O-])[C@@H](O)[C@@H](O1)N2(C3(\N=C/N=C(C(\N=C/2)=3)/N))))[O-])[O-]		JYLSVNBJLYCSSW-IBYUJNRCSA-J									PlantCyc/PMN local PGDB
