reaction_id	PlantCyc.ID	side
GUANPRIBOSYLTRAN-RXN	GMP	left
GUANPRIBOSYLTRAN-RXN	PPI	left
GUANPRIBOSYLTRAN-RXN	GUANINE	right
GUANPRIBOSYLTRAN-RXN	PRPP	right
RXN-8036	CPD-7417	left
RXN-8036	WATER	left
RXN-8036	CPD-7418	right
RXN-8036	Glucopyranose	right
RXN-8206	CPD-7117	left
RXN-8206	MALONYL-COA	left
RXN-8206	CPD-7862	right
RXN-8206	CO-A	right
RXN-7775	CPD-6994	left
RXN-7775	2-KETOGLUTARATE	left
RXN-7775	OXYGEN-MOLECULE	left
RXN-7775	CPD-474	right
RXN-7775	SUC	right
RXN-7775	CARBON-DIOXIDE	right
METHYLGLUTACONYL-COA-HYDRATASE-RXN	3-HYDROXY-3-METHYL-GLUTARYL-COA	left
METHYLGLUTACONYL-COA-HYDRATASE-RXN	WATER	right
METHYLGLUTACONYL-COA-HYDRATASE-RXN	TRANS-3-METHYL-GLUTACONYL-COA	right
AIRCARBOXY-RXN	PHOSPHORIBOSYL-CARBOXY-AMINOIMIDAZOLE	left
AIRCARBOXY-RXN	PROTON	left
AIRCARBOXY-RXN	5-PHOSPHORIBOSYL-5-AMINOIMIDAZOLE	right
AIRCARBOXY-RXN	CARBON-DIOXIDE	right
RXN-20695	1-Cys-Peroxiredoxin-L-hydroxycysteine	left
RXN-20695	GST-S-glutathione	left
RXN-20695	Donor-H2	left
RXN-20695	1-Cys-Peroxiredoxin-S-S-G	right
RXN-20695	GST-L-cysteine	right
RXN-20695	WATER	right
RXN-20695	Acceptor	right
RXN-1022	Alkanes	left
RXN-1022	Secondary-Alcohols	right
TRANS-RXN-190	K+	left
TRANS-RXN-190	K+	right
RXN-17850	ACETYL-COA	left
RXN-17850	L-methionyl-L-asparaginyl-Protein	left
RXN-17850	N-Ac-L-methionyl-L-asparaginyl-Protein	right
RXN-17850	CO-A	right
RXN-17850	PROTON	right
RXN-7204	CPD-6681	left
RXN-7204	ATP	left
RXN-7204	PROTON	right
RXN-7204	CPD-178	right
RXN-7204	ADP	right
URACIL-PRIBOSYLTRANS-RXN	PPI	left
URACIL-PRIBOSYLTRANS-RXN	UMP	left
URACIL-PRIBOSYLTRANS-RXN	PRPP	right
URACIL-PRIBOSYLTRANS-RXN	URACIL	right
RXN-19385	CPD-19626	left
RXN-19385	WATER	left
RXN-19385	CPD-7032	right
RXN-19385	ACET	right
RXN-19385	PROTON	right
RXN-15459	CPD-16700	left
RXN-15459	PROTON	left
RXN-15459	CPD-9410	right
RXN-15459	WATER	right
TRANS-RXN-358	S-Substituted-Glutathione	left
TRANS-RXN-358	ATP	left
TRANS-RXN-358	WATER	left
TRANS-RXN-358	S-Substituted-Glutathione	right
TRANS-RXN-358	ADP	right
TRANS-RXN-358	Pi	right
TRANS-RXN-358	PROTON	right
1.6.5.4-RXN	CPD-318	left
1.6.5.4-RXN	NADH	left
1.6.5.4-RXN	PROTON	right
1.6.5.4-RXN	ASCORBATE	right
1.6.5.4-RXN	NAD	right
RXN-13961	14-alpha-methylsteroids	left
RXN-13961	OXYGEN-MOLECULE	left
RXN-13961	Red-NADPH-Hemoprotein-Reductases	left
RXN-13961	Delta-14-steroids	right
RXN-13961	FORMATE	right
RXN-13961	WATER	right
RXN-13961	Ox-NADPH-Hemoprotein-Reductases	right
RXN-13961	PROTON	right
UGD-RXN	CPD-12575	left
UGD-RXN	WATER	left
UGD-RXN	NAD	left
UGD-RXN	UDP-GLUCURONATE	right
UGD-RXN	NADH	right
UGD-RXN	PROTON	right
DTDPDEHYDRHAMEPIM-RXN	DTDP-DEOH-DEOXY-GLUCOSE	left
DTDPDEHYDRHAMEPIM-RXN	DTDP-DEOH-DEOXY-MANNOSE	right
GLYOXII-RXN	S-LACTOYL-GLUTATHIONE	left
GLYOXII-RXN	WATER	left
GLYOXII-RXN	PROTON	right
GLYOXII-RXN	GLUTATHIONE	right
GLYOXII-RXN	D-LACTATE	right
EPOXIDE-HYDROLASE-RXN	WATER	left
EPOXIDE-HYDROLASE-RXN	AN-EPOXIDE	left
EPOXIDE-HYDROLASE-RXN	glycols	right
EPOXIDE-HYDROLASE-RXN	Glycols	right
DIHYDROFOLATEREDUCT-RXN	THF-GLU-N	left
DIHYDROFOLATEREDUCT-RXN	NADP	left
DIHYDROFOLATEREDUCT-RXN	DIHYDROFOLATE-GLU-N	right
DIHYDROFOLATEREDUCT-RXN	NADPH	right
DIHYDROFOLATEREDUCT-RXN	PROTON	right
RXN-24210	CPD-20471	left
RXN-24210	Red-NADPH-Hemoprotein-Reductases	left
RXN-24210	OXYGEN-MOLECULE	left
RXN-24210	CPD-26755	right
RXN-24210	Ox-NADPH-Hemoprotein-Reductases	right
RXN-24210	WATER	right
RXN-20434	CPD-22131	left
RXN-20434	NAD	left
RXN-20434	CPD-22132	right
RXN-20434	NADH	right
RXN-20434	CARBON-DIOXIDE	right
RXN-8459	CPD-8647	left
RXN-8459	NADP	left
RXN-8459	PROTON	right
RXN-8459	CPD-8636	right
RXN-8459	NADPH	right
RXN-19724	CPD-4101	left
RXN-19724	OXYGEN-MOLECULE	left
RXN-19724	FERROCYTOCHROME-B5	left
RXN-19724	PROTON	left
RXN-19724	CPD-12909	right
RXN-19724	FERRICYTOCHROME-B5	right
RXN-19724	WATER	right
DURIDKI-RXN	DEOXYURIDINE	left
DURIDKI-RXN	ATP	left
DURIDKI-RXN	PROTON	right
DURIDKI-RXN	DUMP	right
DURIDKI-RXN	ADP	right
RXN-8306	CPD-2189	left
RXN-8306	OXYGEN-MOLECULE	left
RXN-8306	Reduced-ferredoxins	left
RXN-8306	PROTON	left
RXN-8306	CPD-8080	right
RXN-8306	WATER	right
RXN-8306	Oxidized-ferredoxins	right
RXN-9644	OLEATE-CPD	left
RXN-9644	CO-A	left
RXN-9644	ATP	left
RXN-9644	OLEOYL-COA	right
RXN-9644	AMP	right
RXN-9644	PPI	right
RXN-2761	CPD-21340	left
RXN-2761	HOMOGENTISATE	left
RXN-2761	PROTON	left
RXN-2761	2-METHYL-6-SOLANYL-14-BENZOQUINONE	right
RXN-2761	CARBON-DIOXIDE	right
RXN-2761	PPI	right
CITSYN-RXN	ACETYL-COA	left
CITSYN-RXN	WATER	left
CITSYN-RXN	OXALACETIC_ACID	left
CITSYN-RXN	CIT	right
CITSYN-RXN	CO-A	right
CITSYN-RXN	PROTON	right
RXN-20900	CPD-15382	left
RXN-20900	LYS	left
RXN-20900	CPD-21707	right
RXN-20900	WATER	right
RXN-11530	CPD-3945	left
RXN-11530	Red-NADPH-Hemoprotein-Reductases	left
RXN-11530	OXYGEN-MOLECULE	left
RXN-11530	CPD-12496	right
RXN-11530	Ox-NADPH-Hemoprotein-Reductases	right
RXN-11530	WATER	right
RXN-16368	CPD-17610	left
RXN-16368	CPD-17606	right
RXN-16368	CARBON-DIOXIDE	right
4.2.1.59-RXN	3-Hydroxy-octanoyl-ACPs	left
4.2.1.59-RXN	2-Octenoyl-ACPs	right
4.2.1.59-RXN	WATER	right
2.7.1.68-RXN	CPD-1108	left
2.7.1.68-RXN	ATP	left
2.7.1.68-RXN	PHOSPHATIDYL-MYO-INOSITOL-45-BISPHOSPHA	right
2.7.1.68-RXN	ADP	right
2.7.1.68-RXN	PROTON	right
RXN-17753	CARBAMOYL-P	left
RXN-17753	CPD-69	right
RXN-17753	Pi	right
RXN-17753	PROTON	right
RXN-17851	ACETYL-COA	left
RXN-17851	L-methionyl-L-glutaminyl-Protein	left
RXN-17851	N-Ac-L-methionyl-L-glutaminyl-Protein	right
RXN-17851	CO-A	right
RXN-17851	PROTON	right
RXN4FS-3	PROTON	left
RXN4FS-3	CPD-5441	left
RXN4FS-3	CTP	left
RXN4FS-3	CPD4FS-1	right
RXN4FS-3	PPI	right
RXN-5472	CPD-166	left
RXN-5472	CPD-5170	left
RXN-5472	CPD-18076	right
RXN-5472	DOLICHOLP	right
RXN-5472	PROTON	right
DXS-RXN	PROTON	left
DXS-RXN	PYRUVATE	left
DXS-RXN	GAP	left
DXS-RXN	DEOXYXYLULOSE-5P	right
DXS-RXN	CARBON-DIOXIDE	right
ACETOACETATE--COA-LIGASE-RXN	CO-A	left
ACETOACETATE--COA-LIGASE-RXN	3-KETOBUTYRATE	left
ACETOACETATE--COA-LIGASE-RXN	ATP	left
ACETOACETATE--COA-LIGASE-RXN	ACETOACETYL-COA	right
ACETOACETATE--COA-LIGASE-RXN	PPI	right
ACETOACETATE--COA-LIGASE-RXN	AMP	right
ALDOSE-1-EPIMERASE-RXN	ALPHA-GLUCOSE	left
ALDOSE-1-EPIMERASE-RXN	GLC	right
RXN-8331	CPD-8090	left
RXN-8331	OXYGEN-MOLECULE	left
RXN-8331	FERROCYTOCHROME-B5	left
RXN-8331	PROTON	left
RXN-8331	1-183-2-183-SN-GLYCEROL-PHOSPHOCHOLINE	right
RXN-8331	WATER	right
RXN-8331	FERRICYTOCHROME-B5	right
DALADALALIG-RXN	D-ALANINE	left
DALADALALIG-RXN	ATP	left
DALADALALIG-RXN	PROTON	right
DALADALALIG-RXN	D-ALA-D-ALA	right
DALADALALIG-RXN	Pi	right
DALADALALIG-RXN	ADP	right
ADENOSYLHOMOCYSTEINASE-RXN	ADENOSYL-HOMO-CYS	left
ADENOSYLHOMOCYSTEINASE-RXN	WATER	left
ADENOSYLHOMOCYSTEINASE-RXN	HOMO-CYS	right
ADENOSYLHOMOCYSTEINASE-RXN	ADENOSINE	right
RXN-5101	GERANYL-PP	left
RXN-5101	WATER	left
RXN-5101	CPD-4887	right
RXN-5101	PPI	right
RXN-10974	CPD-11700	left
RXN-10974	ATP	left
RXN-10974	CPD-11938	right
RXN-10974	ADP	right
RXN-15842	S-ADENOSYLMETHIONINE	left
RXN-15842	Guanine1575-in-18StRNAs	left
RXN-15842	ADENOSYL-HOMO-CYS	right
RXN-15842	N7-methylGuanine1575-in-18StRNAs	right
ABC-2-RXN	WATER	left
ABC-2-RXN	ATP	left
ABC-2-RXN	L-ARABINOSE	left
ABC-2-RXN	Pi	right
ABC-2-RXN	ADP	right
ABC-2-RXN	PROTON	right
ABC-2-RXN	L-ARABINOSE	right
RXN-19832	CPD-21438	left
RXN-19832	OXYGEN-MOLECULE	left
RXN-19832	Red-NADPH-Hemoprotein-Reductases	left
RXN-19832	CPD-21439	right
RXN-19832	WATER	right
RXN-19832	Ox-NADPH-Hemoprotein-Reductases	right
RXN0-949	S-ADENOSYLMETHIONINE	left
RXN0-949	Octanoylated-domains	left
RXN0-949	Fe4S4-Cluster-Protein	left
RXN0-949	PROTON	left
RXN0-949	Reduced-ferredoxins	left
RXN0-949	Dihydro-Lipoyl-Proteins	right
RXN0-949	CH33ADO	right
RXN0-949	MET	right
RXN0-949	Iron-Sulfur-Cluster-Scaffold-Proteins	right
RXN0-949	CPD-7046	right
RXN0-949	FE+2	right
RXN0-949	Oxidized-ferredoxins	right
RXN-7771	GDP-MANNOSE	left
RXN-7771	CPD-7078	right
GLUCOSE-6-PHOSPHATE-1-EPIMERASE-RXN	ALPHA-GLC-6-P	left
GLUCOSE-6-PHOSPHATE-1-EPIMERASE-RXN	GLC-6-P	right
RXNQT-4147	CPDQT-7	left
RXNQT-4147	WATER	left
RXNQT-4147	CPDQT-8	right
RXNQT-4147	Pi	right
RXN-5001	UDP-L-RHAMNOSE	left
RXN-5001	FLAVANONE-7-O-GLUCOSIDES	left
RXN-5001	Flavonone-rhamnosyl-glucosides	right
RXN-5001	UDP	right
RXN-5001	PROTON	right
PROPCOASYN-RXN	PROPIONYL-COA	left
PROPCOASYN-RXN	ETF-Oxidized	left
PROPCOASYN-RXN	PROTON	left
PROPCOASYN-RXN	ACRYLYL-COA	right
PROPCOASYN-RXN	ETF-Reduced	right
RXN-8222	CPD-8898	left
RXN-8222	WATER	left
RXN-8222	CPD-14751	right
RXN-8222	ACET	right
RXN-8222	PROTON	right
RXN-10132	QUERCETIN-337-TRISSULFATE	left
RXN-10132	PAPS	left
RXN-10132	3-5-ADP	right
RXN-10132	PROTON	right
RXN-10132	CPD-10894	right
RXN-11409	GTP	left
RXN-11409	CPD-12377	left
RXN-11409	CPD-12366	right
RXN-11409	WATER	right
RXN-5481	UDP-L-RHAMNOSE	left
RXN-5481	NADP	left
RXN-5481	CPD-663	right
RXN-5481	NADPH	right
RXN-5481	PROTON	right
LUMAZINESYN-RXN	AMINO-RIBOSYLAMINO-1H-3H-PYR-DIONE	left
LUMAZINESYN-RXN	DIHYDROXY-BUTANONE-P	left
LUMAZINESYN-RXN	PROTON	right
LUMAZINESYN-RXN	DIMETHYL-D-RIBITYL-LUMAZINE	right
LUMAZINESYN-RXN	Pi	right
LUMAZINESYN-RXN	WATER	right
RXN-11369	CPD-8652	left
RXN-11369	DOPAQUINONE	left
RXN-11369	L-DOPACHROME	right
RXN-11369	L-DIHYDROXY-PHENYLALANINE	right
RXN-12417	CPD-14553	left
RXN-12417	Xyloglucans-Galactose-2	left
RXN-12417	Xyloglucans-Galactose-23	right
RXN-12417	UDP	right
RXN-12417	PROTON	right
RXN-13192	FLAVANONES	left
RXN-13192	OXYGEN-MOLECULE	left
RXN-13192	Red-NADPH-Hemoprotein-Reductases	left
RXN-13192	3-5-Dihydroxy-Flavanones	right
RXN-13192	WATER	right
RXN-13192	Ox-NADPH-Hemoprotein-Reductases	right
RXN-8231	CPD-12575	left
RXN-8231	CPD-7139	left
RXN-8231	PROTON	right
RXN-8231	CPD-7966	right
RXN-8231	UDP	right
RXN-18351	CPD-19724	left
RXN-18351	Dihydroflavonols	right
SARCOX-RXN	OXYGEN-MOLECULE	left
SARCOX-RXN	WATER	left
SARCOX-RXN	SARCOSINE	left
SARCOX-RXN	GLY	right
SARCOX-RXN	FORMALDEHYDE	right
SARCOX-RXN	HYDROGEN-PEROXIDE	right
PHOSPHATIDYLINOSITOL-3-PHOSPHATASE-RXN	CPD-177	left
PHOSPHATIDYLINOSITOL-3-PHOSPHATASE-RXN	WATER	left
PHOSPHATIDYLINOSITOL-3-PHOSPHATASE-RXN	L-1-phosphatidyl-inositols	right
PHOSPHATIDYLINOSITOL-3-PHOSPHATASE-RXN	Pi	right
RXN-10770	ADP-D-GLUCOSE	left
RXN-10770	WATER	left
RXN-10770	AMP	right
RXN-10770	GLC-1-P	right
RXN-10770	PROTON	right
RXN-21597	S-ADENOSYLMETHIONINE	left
RXN-21597	Histone-H4-K20	left
RXN-21597	ADENOSYL-HOMO-CYS	right
RXN-21597	Histone-H4-K20m3	right
RXN-21597	PROTON	right
RXN-14657	CPD-15477	left
RXN-14657	OXYGEN-MOLECULE	left
RXN-14657	Reduced-ferredoxins	left
RXN-14657	PROTON	left
RXN-14657	CPD-15476	right
RXN-14657	WATER	right
RXN-14657	Oxidized-ferredoxins	right
RXN-9549	Palmitoyl-ACPs	left
RXN-9549	WATER	left
RXN-9549	PALMITATE	right
RXN-9549	ACP	right
RXN-9549	PROTON	right
RXN-15372	CPD-15005	left
RXN-15372	CPD-15283	left
RXN-15372	CPD-16602	right
RXN-15372	Glucopyranose	right
RXN-24664	CPD-27269	left
RXN-24664	Acceptor	left
RXN-24664	CPD-27268	right
RXN-24664	Donor-H2	right
ADENYLOSUCCINATE-SYNTHASE-RXN	L-ASPARTATE	left
ADENYLOSUCCINATE-SYNTHASE-RXN	IMP	left
ADENYLOSUCCINATE-SYNTHASE-RXN	GTP	left
ADENYLOSUCCINATE-SYNTHASE-RXN	ADENYLOSUCC	right
ADENYLOSUCCINATE-SYNTHASE-RXN	Pi	right
ADENYLOSUCCINATE-SYNTHASE-RXN	GDP	right
ADENYLOSUCCINATE-SYNTHASE-RXN	PROTON	right
RXN-15512	Protein-pi-phospho-L-histidines	left
RXN-15512	CPD-16758	left
RXN-15512	Protein-Histidines	right
RXN-15512	23-DIPHOSPHOGLYCERATE	right
RXN-12143	OLEATE-CPD	left
RXN-12143	Red-NADPH-Hemoprotein-Reductases	left
RXN-12143	OXYGEN-MOLECULE	left
RXN-12143	CPD-10514	right
RXN-12143	Ox-NADPH-Hemoprotein-Reductases	right
RXN-12143	WATER	right
RXN-5470	CPD-166	left
RXN-5470	CPD-5168	left
RXN-5470	CPD-5169	right
RXN-5470	DOLICHOLP	right
RXN-5470	PROTON	right
RXN-16809	Ferrihemoglobins	left
RXN-16809	AMMONIUM	left
RXN-16809	OH	left
RXN-16809	Ferrohemoglobins	right
RXN-16809	HYDROXYLAMINE	right
RXN-16809	PROTON	right
RXN-6081	2-ACETO-LACTATE	left
RXN-6081	Acceptor	left
RXN-6081	PROTON	left
RXN-6081	DIACETYL	right
RXN-6081	CARBON-DIOXIDE	right
RXN-6081	Donor-H2	right
ALCOHOL-O-ACETYLTRANSFERASE-RXN	ACETYL-COA	left
ALCOHOL-O-ACETYLTRANSFERASE-RXN	Alcohols	left
ALCOHOL-O-ACETYLTRANSFERASE-RXN	Acetate-esters	right
ALCOHOL-O-ACETYLTRANSFERASE-RXN	CO-A	right
RXN-18344	CPD-19721	left
RXN-18344	Red-NADPH-Hemoprotein-Reductases	left
RXN-18344	BILIVERDINE	right
RXN-18344	FE+2	right
RXN-18344	Ox-NADPH-Hemoprotein-Reductases	right
RXN-6201	PROTON	left
RXN-6201	CPD-5821	left
RXN-6201	S-ALLANTOIN	right
RXN-6201	CARBON-DIOXIDE	right
R145-RXN	CPD-1063	left
R145-RXN	CPD-8999	right
R145-RXN	WATER	right
RXN-4313	CPD-4205	left
RXN-4313	WATER	left
RXN-4313	CPD-15317	right
RXN-4313	CPD-4209	right
3.1.1.73-RXN	Feruloyl-polysaccharides	left
3.1.1.73-RXN	WATER	left
3.1.1.73-RXN	FERULIC-ACID	right
3.1.1.73-RXN	Polysaccharides	right
3.1.1.73-RXN	PROTON	right
RXN0-302	2-PHOSPHO-4-CYTIDINE-5-DIPHOSPHO-2-C-MET	left
RXN0-302	2C-METH-D-ERYTHRITOL-CYCLODIPHOSPHATE	right
RXN0-302	CMP	right
OROTPDECARB-RXN	OROTIDINE-5-PHOSPHATE	left
OROTPDECARB-RXN	PROTON	left
OROTPDECARB-RXN	UMP	right
OROTPDECARB-RXN	CARBON-DIOXIDE	right
RXN-15122	THR	left
RXN-15122	CPD-15056	right
RXN-15122	WATER	right
RXNQT-4337	CPDQT-296	left
RXNQT-4337	OXYGEN-MOLECULE	left
RXNQT-4337	NADPH	left
RXNQT-4337	PROTON	left
RXNQT-4337	CPDQT-295	right
RXNQT-4337	WATER	right
RXNQT-4337	NADP	right
RXN-8344	PROTON	left
RXN-8344	CPD-4	left
RXN-8344	ATP	left
RXN-8344	CPD-8122	right
RXN-8344	PPI	right
RXN-8173	ALLYSINE	left
RXN-8173	CPD-7682	right
RXN-8173	WATER	right
RXN-8173	PROTON	right
PHOSPHOENOLPYRUVATE-MUTASE-RXN	PROTON	left
PHOSPHOENOLPYRUVATE-MUTASE-RXN	PHOSPHO-ENOL-PYRUVATE	left
PHOSPHOENOLPYRUVATE-MUTASE-RXN	CPD-235	right
RXN-20150	Protein-S-Acyl-Cysteines	left
RXN-20150	ACETYL-COA	left
RXN-20150	3-Oxoacyl-CoAs	right
RXN-20150	PROT-CYS	right
RXN-8369	CPD-8167	left
RXN-8369	OXYGEN-MOLECULE	left
RXN-8369	Reduced-ferredoxins	left
RXN-8369	PROTON	left
RXN-8369	CPD-8168	right
RXN-8369	WATER	right
RXN-8369	Oxidized-ferredoxins	right
RXN-9542	Palmitoyl-ACPs	left
RXN-9542	NADP	left
RXN-9542	2-Hexadecenoyl-ACPs	right
RXN-9542	NADPH	right
RXN-9542	PROTON	right
RXN-5647	PHOSPHORYL-CHOLINE	left
RXN-5647	WATER	left
RXN-5647	CHOLINE	right
RXN-5647	Pi	right
RXN-10814	PHE	left
RXN-10814	2-KETOGLUTARATE	left
RXN-10814	PHENYL-PYRUVATE	right
RXN-10814	GLT	right
11-BETA-HYDROXYSTEROID-DEHYDROGENASE-RXN	11-Beta-Hydroxysteroids1	left
11-BETA-HYDROXYSTEROID-DEHYDROGENASE-RXN	NADP	left
11-BETA-HYDROXYSTEROID-DEHYDROGENASE-RXN	11-Oxosteroids	right
11-BETA-HYDROXYSTEROID-DEHYDROGENASE-RXN	NADPH	right
11-BETA-HYDROXYSTEROID-DEHYDROGENASE-RXN	PROTON	right
RXN-14422	CPD-11941	left
RXN-14422	NADP	left
RXN-14422	CPD-6994	right
RXN-14422	NADPH	right
RXN-14422	PROTON	right
RXN-4305	CPD-4211	left
RXN-4305	ADP	left
RXN-4305	CPD-4203	right
RXN-4305	PPI	right
RXN-14238	CPD-12575	left
RXN-14238	CPD-12724	left
RXN-14238	CPD-15176	right
RXN-14238	UDP	right
RXN-14238	PROTON	right
RXN-15998	beta-C-phycoerythrins-PEB84	left
RXN-15998	Apo-beta-C-phycoerythrins	right
RXN-15998	CPD-17223	right
RXN-2881	FORMALDEHYDE	left
RXN-2881	THF-GLU-N	left
RXN-2881	METHYLENE-THF-GLU-N	right
RXN-2881	WATER	right
CYTOCHROME-C-OXIDASE-RXN	PROTON	left
CYTOCHROME-C-OXIDASE-RXN	OXYGEN-MOLECULE	left
CYTOCHROME-C-OXIDASE-RXN	Cytochromes-C-Reduced	left
CYTOCHROME-C-OXIDASE-RXN	PROTON	right
CYTOCHROME-C-OXIDASE-RXN	WATER	right
CYTOCHROME-C-OXIDASE-RXN	Cytochromes-C-Oxidized	right
SPERMIDINESYN-RXN	PUTRESCINE	left
SPERMIDINESYN-RXN	S-ADENOSYLMETHIONINAMINE	left
SPERMIDINESYN-RXN	PROTON	right
SPERMIDINESYN-RXN	SPERMIDINE	right
SPERMIDINESYN-RXN	5-METHYLTHIOADENOSINE	right
RXN-15510	Protein-pi-phospho-L-histidines	left
RXN-15510	2-PG	left
RXN-15510	Protein-Histidines	right
RXN-15510	23-DIPHOSPHOGLYCERATE	right
RXN-9524	3-Hydroxy-octanoyl-ACPs	left
RXN-9524	NADP	left
RXN-9524	3-Oxo-octanoyl-ACPs	right
RXN-9524	NADPH	right
RXN-9524	PROTON	right
RXN-12325	ATP	left
RXN-12325	CPD-9087	left
RXN-12325	ADP	right
RXN-12325	CPD-12594	right
RXN-12325	PROTON	right
3.2.1.141-RXN	MALTOOLIGOSYLTREHALOSE	left
3.2.1.141-RXN	WATER	left
3.2.1.141-RXN	Maltodextrins	right
3.2.1.141-RXN	TREHALOSE	right
RXN-15526	CPD-16760	left
RXN-15526	WATER	left
RXN-15526	CPD-16759	right
RXN-15526	CARBON-DIOXIDE	right
RXN-15526	34-DICHLOROANILINE	right
3-DEHYDROSPHINGANINE-REDUCTASE-RXN	CPD-13612	left
3-DEHYDROSPHINGANINE-REDUCTASE-RXN	NADP	left
3-DEHYDROSPHINGANINE-REDUCTASE-RXN	DEHYDROSPHINGANINE	right
3-DEHYDROSPHINGANINE-REDUCTASE-RXN	NADPH	right
3-DEHYDROSPHINGANINE-REDUCTASE-RXN	PROTON	right
HISTIDPHOS-RXN	L-HISTIDINOL-P	left
HISTIDPHOS-RXN	WATER	left
HISTIDPHOS-RXN	HISTIDINOL	right
HISTIDPHOS-RXN	Pi	right
RXN-11322	CPD-15895	left
RXN-11322	GAP	left
RXN-11322	GLN	left
RXN-11322	PYRIDOXAL_PHOSPHATE	right
RXN-11322	GLT	right
RXN-11322	Pi	right
RXN-11322	WATER	right
RXN-11322	PROTON	right
RXN-10029	THMPT	left
RXN-10029	NAD-P-OR-NOP	left
RXN-10029	CPD-10789	right
RXN-10029	NADH-P-OR-NOP	right
RXN-10029	PROTON	right
RXN-9018	S-ADENOSYLMETHIONINE	left
RXN-9018	CPD-9501	left
RXN-9018	PROTON	right
RXN-9018	CPD-9502	right
RXN-9018	ADENOSYL-HOMO-CYS	right
PHOSPHASERSYN-RXN	CDPDIACYLGLYCEROL	left
PHOSPHASERSYN-RXN	SER	left
PHOSPHASERSYN-RXN	CMP	right
PHOSPHASERSYN-RXN	L-1-PHOSPHATIDYL-SERINE	right
PHOSPHASERSYN-RXN	PROTON	right
RXNQT-4193	Very-Long-Chain-Alcohols	left
RXNQT-4193	Long-Chain-Acyl-CoAs	left
RXNQT-4193	VLC-alcohol-LC-acyl-ester	right
RXNQT-4193	CO-A	right
2.7.4.24-RXN	ATP	left
2.7.4.24-RXN	5-DIPHOSPHO-1D-MYO-INOSITOL-12346P	left
2.7.4.24-RXN	ADP	right
2.7.4.24-RXN	CPD-11938	right
RXN-8357	CPD-8155	left
RXN-8357	WATER	left
RXN-8357	CPD-7061	right
RXN-8357	PHYTOL	right
RXN-8357	PROTON	right
RXN-3121	CPD-1102	left
RXN-3121	INDOLE-3-ACETYL-BETA-4-D-GLUCOSE	right
RXN-22736	CPD-18238	left
RXN-22736	AMMONIA	left
RXN-22736	CARBAMATE	right
RXN-22736	Pi	right
RXN-22736	PROTON	right
RXN-17066	DIHYDROXYNAPHTHOATE	left
RXN-17066	Acceptor	left
RXN-17066	CPD-18334	right
RXN-17066	Donor-H2	right
3.1.3.56-RXN	WATER	left
3.1.3.56-RXN	INOSITOL-1-4-5-TRISPHOSPHATE	left
3.1.3.56-RXN	INOSITOL-1-4-BISPHOSPHATE	right
3.1.3.56-RXN	Pi	right
MONOPHENOL-MONOOXYGENASE-RXN	TYR	left
MONOPHENOL-MONOOXYGENASE-RXN	OXYGEN-MOLECULE	left
MONOPHENOL-MONOOXYGENASE-RXN	DOPAQUINONE	right
MONOPHENOL-MONOOXYGENASE-RXN	WATER	right
RXN-4308	CPD-4205	left
RXN-4308	OXYGEN-MOLECULE	left
RXN-4308	Red-NADPH-Hemoprotein-Reductases	left
RXN-4308	CPD-4206	right
RXN-4308	Ox-NADPH-Hemoprotein-Reductases	right
RXN-4308	WATER	right
RXN-18259	CPD-14553	left
RXN-18259	BETA-ACETYLGLUCOSAMINIDE	left
RXN-18259	beta-Gal-13-beta-GlcNac-R	right
RXN-18259	UDP	right
RXN-18259	PROTON	right
RXN-19971	ACETYL-COA	left
RXN-19971	CPD-21546	left
RXN-19971	CPD-21548	right
RXN-19971	CO-A	right
RXN-20628	Histone-H3-K4m2	left
RXN-20628	2-KETOGLUTARATE	left
RXN-20628	OXYGEN-MOLECULE	left
RXN-20628	Histone-H3-K4m1	right
RXN-20628	FORMALDEHYDE	right
RXN-20628	SUC	right
RXN-20628	CARBON-DIOXIDE	right
RXN-15846	S-ADENOSYLMETHIONINE	left
RXN-15846	25S-rRNA-uracil-2634	left
RXN-15846	ADENOSYL-HOMO-CYS	right
RXN-15846	25S-rRNA-N3-methyl-uracil-2634	right
RXN-15846	PROTON	right
ACYL-COA-HYDROLASE-RXN	ACYL-COA	left
ACYL-COA-HYDROLASE-RXN	WATER	left
ACYL-COA-HYDROLASE-RXN	CO-A	right
ACYL-COA-HYDROLASE-RXN	Carboxylates	right
ACYL-COA-HYDROLASE-RXN	PROTON	right
RXNQT-4192	Very-Long-Chain-Alcohols	left
RXNQT-4192	NADP	left
RXNQT-4192	CO-A	left
RXNQT-4192	VERY-LONG-CHAIN-FATTY-ACYL-COA	right
RXNQT-4192	NADPH	right
RXNQT-4192	PROTON	right
ABC-27-RXN	ATP	left
ABC-27-RXN	Pi	left
ABC-27-RXN	WATER	left
ABC-27-RXN	ADP	right
ABC-27-RXN	Pi	right
ABC-27-RXN	PROTON	right
GALACTURONOKINASE-RXN	D-Galactopyranuronate	left
GALACTURONOKINASE-RXN	ATP	left
GALACTURONOKINASE-RXN	PROTON	right
GALACTURONOKINASE-RXN	CPD-501	right
GALACTURONOKINASE-RXN	ADP	right
RXNQT-4331	PAPS	left
RXNQT-4331	CPDQT-417	left
RXNQT-4331	3-5-ADP	right
RXNQT-4331	PROTON	right
RXNQT-4331	CPDQT-420	right
RXN-11849	CPD-12836	left
RXN-11849	NADH	left
RXN-11849	OXYGEN-MOLECULE	left
RXN-11849	PROTON	left
RXN-11849	CPD-12838	right
RXN-11849	NAD	right
RXN-11849	WATER	right
RXN-8220	17-O-ACETYLNORAJMALINE	left
RXN-8220	WATER	left
RXN-8220	CPD-4241	right
RXN-8220	ACET	right
RXN-8220	PROTON	right
RXN-11623	CPD-12581	left
RXN-11623	OXYGEN-MOLECULE	left
RXN-11623	WATER	left
RXN-11623	2-TRANS6-TRANS-FARNESAL	right
RXN-11623	CYS	right
RXN-11623	HYDROGEN-PEROXIDE	right
RXN-11272	CPD-6443	left
RXN-11272	WATER	left
RXN-11272	PROTON	right
RXN-11272	BENZOATE	right
RXN-11272	BENZYL-ALCOHOL	right
PYRUVATE-CARBOXYLASE-RXN	PYRUVATE	left
PYRUVATE-CARBOXYLASE-RXN	HCO3	left
PYRUVATE-CARBOXYLASE-RXN	ATP	left
PYRUVATE-CARBOXYLASE-RXN	PROTON	right
PYRUVATE-CARBOXYLASE-RXN	OXALACETIC_ACID	right
PYRUVATE-CARBOXYLASE-RXN	ADP	right
PYRUVATE-CARBOXYLASE-RXN	Pi	right
RXN-16325	CPD-14795	left
RXN-16325	GlcA-GalNAc-GlcA-Gal-Gal-Xyl-Proteins	left
RXN-16325	GalNAc-GlcA-GalNAc-GlcA-Gal-Gal-Xyl-Pr	right
RXN-16325	PROTON	right
RXN-16325	UDP	right
RXN-11502	CPD-1099	left
RXN-11502	WATER	left
RXN-11502	ALPHA-D-GALACTOSE	right
RXN-11502	SUCROSE	right
RXNQT-4325	CPD-12575	left
RXNQT-4325	CPDQT-412	left
RXNQT-4325	PROTON	right
RXNQT-4325	CPDQT-285	right
RXNQT-4325	UDP	right
RXN-21522	Hydroxymethylbilane-Synthase-Cys	left
RXN-21522	HYDROXYMETHYLBILANE	left
RXN-21522	Hydroxymethylbilane-Synthase-ES2	right
RXN-21522	WATER	right
RXN-10745	NADH-P-OR-NOP	left
RXN-10745	PROTON	left
RXN-10745	OXYGEN-MOLECULE	left
RXN-10745	NAD-P-OR-NOP	right
RXN-10745	HYDROGEN-PEROXIDE	right
RXN-7697	MALONYL-COA	left
RXN-7697	Very-long-Chain-234-Saturated-acyl-CoAs	left
RXN-7697	Very-Long-Chain-oxoacyl-CoAs	right
RXN-7697	CARBON-DIOXIDE	right
RXN-7697	CO-A	right
RXN-10433	INDOLE_ACETATE_AUXIN	left
RXN-10433	TRP	left
RXN-10433	ATP	left
RXN-10433	PROTON	right
RXN-10433	CPD-11230	right
RXN-10433	AMP	right
RXN-10433	PPI	right
PHOSACETYLGLUCOSAMINEMUT-RXN	N-ACETYL-D-GLUCOSAMINE-6-P	left
PHOSACETYLGLUCOSAMINEMUT-RXN	N-ACETYL-D-GLUCOSAMINE-1-P	right
RXN-17252	CPD-7061	left
RXN-17252	OXYGEN-MOLECULE	left
RXN-17252	Reduced-ferredoxins	left
RXN-17252	PROTON	left
RXN-17252	CPD-18666	right
RXN-17252	WATER	right
RXN-17252	Oxidized-ferredoxins	right
RXN-18305	ADP-D-GLUCOSE	left
RXN-18305	GLC-1-P	left
RXN-18305	ADP	right
RXN-18305	CPD-13997	right
RXN-18305	PROTON	right
CYTIDEAM-RXN	PROTON	left
CYTIDEAM-RXN	WATER	left
CYTIDEAM-RXN	DEOXYCYTIDINE	left
CYTIDEAM-RXN	DEOXYURIDINE	right
CYTIDEAM-RXN	AMMONIUM	right
2.7.7.51-RXN	APS	left
2.7.7.51-RXN	AMMONIUM	left
2.7.7.51-RXN	CPD-487	right
2.7.7.51-RXN	SULFATE	right
2.7.7.51-RXN	PROTON	right
RXN-16037	CPD0-1113	left
RXN-16037	CPD8J2-3	left
RXN-16037	CPD-17277	right
CONIFERIN-BETA-GLUCOSIDASE-RXN	WATER	left
CONIFERIN-BETA-GLUCOSIDASE-RXN	CPD-1777	left
CONIFERIN-BETA-GLUCOSIDASE-RXN	CONIFERYL-ALCOHOL	right
CONIFERIN-BETA-GLUCOSIDASE-RXN	Glucopyranose	right
3.5.1.60-RXN	CPD-571	left
3.5.1.60-RXN	WATER	left
3.5.1.60-RXN	Long-Chain-Fatty-Acids	right
3.5.1.60-RXN	ETHANOL-AMINE	right
RXN-745	CPD-731	left
RXN-745	CPD-734	right
RXN-12613	CPD-13578	left
RXN-12613	WATER	left
RXN-12613	HMP	right
RXN-12613	AMMONIUM	right
RXN-9952	CPD-2961	left
RXN-9952	NADP	left
RXN-9952	RIBULOSE-5P	right
RXN-9952	CARBON-DIOXIDE	right
RXN-9952	NADPH	right
RXN-7738	CHLOROPHYLL-A	left
RXN-7738	WATER	left
RXN-7738	PROTON	right
RXN-7738	CHLOROPHYLLIDE-A	right
RXN-7738	PHYTOL	right
2.1.1.60-RXN	S-ADENOSYLMETHIONINE	left
2.1.1.60-RXN	CPD-8580	left
2.1.1.60-RXN	CPD-8581	right
2.1.1.60-RXN	ADENOSYL-HOMO-CYS	right
2.1.1.60-RXN	PROTON	right
PREPHENATE-TRANSAMINE-RXN	CPD-659	left
PREPHENATE-TRANSAMINE-RXN	2-KETOGLUTARATE	left
PREPHENATE-TRANSAMINE-RXN	PREPHENATE	right
PREPHENATE-TRANSAMINE-RXN	GLT	right
RXN-2602	CONIFERYL-ALCOHOL	left
RXN-2602	NADP	left
RXN-2602	CONIFERYL-ALDEHYDE	right
RXN-2602	NADPH	right
RXN-2602	PROTON	right
RXN-11410	DGTP	left
RXN-11410	CPD-12377	left
RXN-11410	8-Oxo-dGTP	right
RXN-11410	WATER	right
RXN0-5265	OXYGEN-MOLECULE	left
RXN0-5265	PROTON	left
RXN0-5265	E-	left
RXN0-5265	WATER	right
RXN-13873	CPD-14880	left
RXN-13873	WATER	left
RXN-13873	ADENOSINE_DIPHOSPHATE_RIBOSE	right
RXN-13873	PROTON	right
RXN-21774	Short-Chain-2-Me-Fatty-Acyl-CoA	left
RXN-21774	ETF-Oxidized	left
RXN-21774	PROTON	left
RXN-21774	Short-Chain-2-Methyl-2E-enoyl-CoA	right
RXN-21774	ETF-Reduced	right
ALLANTOINASE-RXN	S-ALLANTOIN	left
ALLANTOINASE-RXN	WATER	left
ALLANTOINASE-RXN	PROTON	right
ALLANTOINASE-RXN	ALLANTOATE	right
RXN-20594	Histone-H3-K4m3	left
RXN-20594	2-KETOGLUTARATE	left
RXN-20594	OXYGEN-MOLECULE	left
RXN-20594	Histone-H3-K4	right
RXN-20594	SUC	right
RXN-20594	FORMALDEHYDE	right
RXN-20594	CARBON-DIOXIDE	right
RXN-10449	Jasmonic-Acids	left
RXN-10449	GLN	left
RXN-10449	ATP	left
RXN-10449	Jasmonoyl-Glutamines	right
RXN-10449	AMP	right
RXN-10449	PPI	right
RXN-10449	PROTON	right
CARNOSINE-N-METHYLTRANSFERASE-RXN	S-ADENOSYLMETHIONINE	left
CARNOSINE-N-METHYLTRANSFERASE-RXN	CARNOSINE	left
CARNOSINE-N-METHYLTRANSFERASE-RXN	PROTON	right
CARNOSINE-N-METHYLTRANSFERASE-RXN	ADENOSYL-HOMO-CYS	right
CARNOSINE-N-METHYLTRANSFERASE-RXN	CPD-401	right
RXN-2621	CAFFEOYL-COA	left
RXN-2621	SHIKIMATE	left
RXN-2621	CAFFEOYLSHIKIMATE	right
RXN-2621	CO-A	right
RXN-2542	S-ADENOSYLMETHIONINE	left
RXN-2542	MPBQ	left
RXN-2542	PROTON	right
RXN-2542	DMPBQ	right
RXN-2542	ADENOSYL-HOMO-CYS	right
RXN-17890	Charged-ARG-tRNAs	left
RXN-17890	N-terminal-L-cysteine-sulfinate	left
RXN-17890	ARG-tRNAs	right
RXN-17890	L-arginyl-3-sulfino-L-alaninyl-Peptides	right
RXN-17890	PROTON	right
RXN-13442	MALONYL-COA	left
RXN-13442	CPD-14018	left
RXN-13442	PROTON	left
RXN-13442	CPD-14423	right
RXN-13442	CO-A	right
RXN-13442	CARBON-DIOXIDE	right
RXN-21163	CPD-22763	left
RXN-21163	FERROCYTOCHROME-B5	left
RXN-21163	OXYGEN-MOLECULE	left
RXN-21163	PROTON	left
RXN-21163	CPD-22764	right
RXN-21163	FERRICYTOCHROME-B5	right
RXN-21163	WATER	right
RXN-698	CPD-7424	left
RXN-698	OXYGEN-MOLECULE	left
RXN-698	CPD-7279	right
RXN-698	CPD1F-4	right
ACETOOHBUTREDUCTOISOM-RXN	1-KETO-2-METHYLVALERATE	left
ACETOOHBUTREDUCTOISOM-RXN	NADP	left
ACETOOHBUTREDUCTOISOM-RXN	PROTON	right
ACETOOHBUTREDUCTOISOM-RXN	2-ACETO-2-HYDROXY-BUTYRATE	right
ACETOOHBUTREDUCTOISOM-RXN	NADPH	right
4.2.2.2-RXN	1-4-alpha-D-galacturonosyl	left
4.2.2.2-RXN	1-4-alpha-D-galacturonosyl	right
4.2.2.2-RXN	CPD-11244	right
RXN-11927	CPD-12866	left
RXN-11927	FERROCYTOCHROME-B5	left
RXN-11927	OXYGEN-MOLECULE	left
RXN-11927	PROTON	left
RXN-11927	CPD-12867	right
RXN-11927	FERRICYTOCHROME-B5	right
RXN-11927	WATER	right
RXN-24663	CPD-27270	left
RXN-24663	Acceptor	left
RXN-24663	CPD-27267	right
RXN-24663	Donor-H2	right
GERANYL-DIPHOSPHATE-CYCLASE-RXN	GERANYL-PP	left
GERANYL-DIPHOSPHATE-CYCLASE-RXN	+-bornyl-diphosphate	right
RXN-9627	LAUROYLCOA-CPD	left
RXN-9627	WATER	left
RXN-9627	PROTON	right
RXN-9627	DODECANOATE	right
RXN-9627	CO-A	right
RXN-8518	CPD-8707	left
RXN-8518	Red-NADPH-Hemoprotein-Reductases	left
RXN-8518	OXYGEN-MOLECULE	left
RXN-8518	CPD-8708	right
RXN-8518	Ox-NADPH-Hemoprotein-Reductases	right
RXN-8518	WATER	right
RXN-8518	PROTON	right
RXN-5463	CPD-5161	left
RXN-5463	GDP-MANNOSE	left
RXN-5463	CPD-5162	right
RXN-5463	PROTON	right
RXN-5463	GDP	right
RXNQT-4327	CPD-12575	left
RXNQT-4327	CPDQT-414	left
RXNQT-4327	PROTON	right
RXNQT-4327	CPDQT-418	right
RXNQT-4327	UDP	right
RXN-15131	L-CYSTATHIONINE	left
RXN-15131	2-AMINOACRYLATE	right
RXN-15131	HOMO-CYS	right
RXN-8992	FARNESYL-PP	left
RXN-8992	DELTA3-ISOPENTENYL-PP	left
RXN-8992	OCTAPRENYL-DIPHOSPHATE	right
RXN-8992	PPI	right
RXN3DJ-35528	ACETYL-COA	left
RXN3DJ-35528	SEROTONIN	left
RXN3DJ-35528	PROTON	right
RXN3DJ-35528	CO-A	right
RXN3DJ-35528	N-ACETYL-SEROTONIN	right
RXN-161	BUTANOL	left
RXN-161	NAD	left
RXN-161	BUTANAL	right
RXN-161	NADH	right
RXN-161	PROTON	right
UNSPECIFIC-MONOOXYGENASE-RXN	RH-Group	left
UNSPECIFIC-MONOOXYGENASE-RXN	Red-NADPH-Hemoprotein-Reductases	left
UNSPECIFIC-MONOOXYGENASE-RXN	OXYGEN-MOLECULE	left
UNSPECIFIC-MONOOXYGENASE-RXN	Alcohols	right
UNSPECIFIC-MONOOXYGENASE-RXN	Ox-NADPH-Hemoprotein-Reductases	right
UNSPECIFIC-MONOOXYGENASE-RXN	WATER	right
TRYPSYN-RXN	INDOLE-3-GLYCEROL-P	left
TRYPSYN-RXN	SER	left
TRYPSYN-RXN	TRP	right
TRYPSYN-RXN	WATER	right
TRYPSYN-RXN	GAP	right
RXN-8074	CPD1F-135	left
RXN-8074	CPD-7424	right
URUR-RXN	CPD0-2298	left
URUR-RXN	WATER	left
URUR-RXN	CPD-1091	right
URUR-RXN	AMMONIUM	right
RXN-10639	GLC-1-P	left
RXN-10639	CPD-448	right
3.6.3.9-RXN	K+	left
3.6.3.9-RXN	NA+	left
3.6.3.9-RXN	WATER	left
3.6.3.9-RXN	ATP	left
3.6.3.9-RXN	K+	right
3.6.3.9-RXN	NA+	right
3.6.3.9-RXN	Pi	right
3.6.3.9-RXN	ADP	right
3.6.3.9-RXN	PROTON	right
1.2.1.9-RXN	GAP	left
1.2.1.9-RXN	NADP	left
1.2.1.9-RXN	WATER	left
1.2.1.9-RXN	PROTON	right
1.2.1.9-RXN	G3P	right
1.2.1.9-RXN	NADPH	right
RXN-19012	CPD-12875	left
RXN-19012	Red-NADPH-Hemoprotein-Reductases	left
RXN-19012	OXYGEN-MOLECULE	left
RXN-19012	CPD-20471	right
RXN-19012	Ox-NADPH-Hemoprotein-Reductases	right
RXN-19012	WATER	right
RXN-15121	CPD-15056	left
RXN-15121	CPD-16013	right
MBCOA-DHLIPOAMIDE-RXN	2-METHYL-BUTYRYL-COA	left
MBCOA-DHLIPOAMIDE-RXN	BCAA-dehydrogenase-DH-lipoyl	left
MBCOA-DHLIPOAMIDE-RXN	BCAA-dehydrogenase-2MB-DH-lipoyl	right
MBCOA-DHLIPOAMIDE-RXN	CO-A	right
RXN-10691	2R-3R-Flavan-3-O-glucosides	left
RXN-10691	2R-3S-Flavan-3-O-glucosides	left
RXN-10691	OXYGEN-MOLECULE	left
RXN-10691	PA-N	right
RXN-10691	WATER	right
RXN-10691	GLC	right
RXN-11658	CPD-12575	left
RXN-11658	CPD-110	left
RXN-11658	CPD-12628	right
RXN-11658	UDP	right
RXN-11658	PROTON	right
ARGSUCCINSYN-RXN	L-ASPARTATE	left
ARGSUCCINSYN-RXN	L-CITRULLINE	left
ARGSUCCINSYN-RXN	ATP	left
ARGSUCCINSYN-RXN	PROTON	right
ARGSUCCINSYN-RXN	L-ARGININO-SUCCINATE	right
ARGSUCCINSYN-RXN	PPI	right
ARGSUCCINSYN-RXN	AMP	right
METHIONINE-GAMMA-LYASE-RXN	MET	left
METHIONINE-GAMMA-LYASE-RXN	WATER	left
METHIONINE-GAMMA-LYASE-RXN	CPD-7671	right
METHIONINE-GAMMA-LYASE-RXN	2-OXOBUTANOATE	right
METHIONINE-GAMMA-LYASE-RXN	AMMONIUM	right
LINAMARIN-SYNTHASE-RXN	CPD-12575	left
LINAMARIN-SYNTHASE-RXN	2-HYDROXY-2-METHYLPROPANENITRILE	left
LINAMARIN-SYNTHASE-RXN	PROTON	right
LINAMARIN-SYNTHASE-RXN	LINAMARIN	right
LINAMARIN-SYNTHASE-RXN	UDP	right
RXN-14181	PYRIDOXINE-5P	left
RXN-14181	WATER	left
RXN-14181	PYRIDOXINE	right
RXN-14181	Pi	right
L-GULONOLACTONE-OXIDASE-RXN	OXYGEN-MOLECULE	left
L-GULONOLACTONE-OXIDASE-RXN	L-GULONO-1-4-LACTONE	left
L-GULONOLACTONE-OXIDASE-RXN	CPD-329	right
L-GULONOLACTONE-OXIDASE-RXN	HYDROGEN-PEROXIDE	right
ADENOSINE-NUCLEOSIDASE-RXN	WATER	left
ADENOSINE-NUCLEOSIDASE-RXN	ADENOSINE	left
ADENOSINE-NUCLEOSIDASE-RXN	D-Ribofuranose	right
ADENOSINE-NUCLEOSIDASE-RXN	ADENINE	right
RXN-11536	CPD-715	left
RXN-11536	OXYGEN-MOLECULE	left
RXN-11536	Red-NADPH-Hemoprotein-Reductases	left
RXN-11536	CPD-17421	right
RXN-11536	WATER	right
RXN-11536	Ox-NADPH-Hemoprotein-Reductases	right
RXN-10039	O-phospho-L-seryl-tRNASecs	left
RXN-10039	SEPO3	left
RXN-10039	WATER	left
RXN-10039	Charged-SEC-tRNAs	right
RXN-10039	Pi	right
3-PHOSPHOGLYCERATE-PHOSPHATASE-RXN	WATER	left
3-PHOSPHOGLYCERATE-PHOSPHATASE-RXN	G3P	left
3-PHOSPHOGLYCERATE-PHOSPHATASE-RXN	GLYCERATE	right
3-PHOSPHOGLYCERATE-PHOSPHATASE-RXN	Pi	right
1.2.1.27-RXN	CPD-12179	left
1.2.1.27-RXN	CO-A	left
1.2.1.27-RXN	NAD	left
1.2.1.27-RXN	WATER	left
1.2.1.27-RXN	PROPIONYL-COA	right
1.2.1.27-RXN	HCO3	right
1.2.1.27-RXN	NADH	right
1.2.1.27-RXN	PROTON	right
SULFATE-ADENYLYLTRANS-RXN	PROTON	left
SULFATE-ADENYLYLTRANS-RXN	SULFATE	left
SULFATE-ADENYLYLTRANS-RXN	ATP	left
SULFATE-ADENYLYLTRANS-RXN	APS	right
SULFATE-ADENYLYLTRANS-RXN	PPI	right
SULFUR-DIOXYGENASE-RXN	Elemental-Sulfur	left
SULFUR-DIOXYGENASE-RXN	GLUTATHIONE	left
SULFUR-DIOXYGENASE-RXN	CPD-11281	right
TRANS-RXN4LZ-42	NITRITE	left
TRANS-RXN4LZ-42	NITRITE	right
GLUTAMATE-SYNTHASE-NADH-RXN	GLT	left
GLUTAMATE-SYNTHASE-NADH-RXN	NAD	left
GLUTAMATE-SYNTHASE-NADH-RXN	GLN	right
GLUTAMATE-SYNTHASE-NADH-RXN	2-KETOGLUTARATE	right
GLUTAMATE-SYNTHASE-NADH-RXN	NADH	right
GLUTAMATE-SYNTHASE-NADH-RXN	PROTON	right
RXN-20618	S-ADENOSYLMETHIONINE	left
RXN-20618	Histone-H3-K27	left
RXN-20618	ADENOSYL-HOMO-CYS	right
RXN-20618	Histone-H3-K27m3	right
RXN-20618	PROTON	right
2.4.1.225-RXN	UDP-GLUCURONATE	left
2.4.1.225-RXN	GlcNAc-GlcA-Gal-Gal-Xyl-Protein	left
2.4.1.225-RXN	GlcA-GlcNAc-GlcA-Gal-Gal-Xyl-Protein	right
2.4.1.225-RXN	UDP	right
2.4.1.225-RXN	PROTON	right
RXN-16121	CPD-17373	left
RXN-16121	WATER	left
RXN-16121	CPD-17375	right
RXN-16121	Pi	right
RXN1F-167	CPD-695	left
RXN1F-167	OXYGEN-MOLECULE	left
RXN1F-167	2-KETOGLUTARATE	left
RXN1F-167	CPD-10332	right
RXN1F-167	CARBON-DIOXIDE	right
RXN1F-167	SUC	right
ASPARTATE-SEMIALDEHYDE-DEHYDROGENASE-RXN	L-ASPARTATE-SEMIALDEHYDE	left
ASPARTATE-SEMIALDEHYDE-DEHYDROGENASE-RXN	Pi	left
ASPARTATE-SEMIALDEHYDE-DEHYDROGENASE-RXN	NADP	left
ASPARTATE-SEMIALDEHYDE-DEHYDROGENASE-RXN	L-BETA-ASPARTYL-P	right
ASPARTATE-SEMIALDEHYDE-DEHYDROGENASE-RXN	NADPH	right
ASPARTATE-SEMIALDEHYDE-DEHYDROGENASE-RXN	PROTON	right
2.4.1.68-RXN	CPD-13118	left
2.4.1.68-RXN	2-2-N-linked-Glycan	left
2.4.1.68-RXN	N4-N-ACETYL-BETA-D-GLUCOSAMINYL-F6	right
2.4.1.68-RXN	GDP	right
2.4.1.68-RXN	PROTON	right
RXN-17007	CPD-6947	left
RXN-17007	NADPH	left
RXN-17007	PROTON	left
RXN-17007	CPD-12830	right
RXN-17007	NADP	right
RXN-10704	CPD-11523	left
RXN-10704	CPD-11522	right
RXN-10704	WATER	right
RXN-11532	CPD-12493	left
RXN-11532	Acceptor	left
RXN-11532	Donor-H2	right
RXN-11532	CPD-3946	right
LEUKOTRIENE-C4-SYNTHASE-RXN	LEUKOTRIENE-C4	left
LEUKOTRIENE-C4-SYNTHASE-RXN	CPD-8892	right
LEUKOTRIENE-C4-SYNTHASE-RXN	GLUTATHIONE	right
RXN-7626	P-COUMAROYL-COA	left
RXN-7626	CPD-2222	left
RXN-7626	CPD-6976	right
RXN-7626	CO-A	right
3.2.1.21-RXN	Beta-D-glucosides	left
3.2.1.21-RXN	WATER	left
3.2.1.21-RXN	Non-Glucosylated-Glucose-Acceptors	right
3.2.1.21-RXN	Glucopyranose	right
RXN-17228	S-ADENOSYLMETHIONINE	left
RXN-17228	CPD-18630	left
RXN-17228	CPD-18633	right
RXN-17228	ADENOSYL-HOMO-CYS	right
RXN-17228	PROTON	right
RXN-16909	HCO3	left
RXN-16909	ATP	left
RXN-16909	CPD-18238	right
RXN-16909	ADP	right
RXN-8450	CPD-7087	left
RXN-8450	2-KETOGLUTARATE	left
RXN-8450	OXYGEN-MOLECULE	left
RXN-8450	MYRICETIN	right
RXN-8450	SUC	right
RXN-8450	CARBON-DIOXIDE	right
RXN-8450	WATER	right
CHOLINE-KINASE-RXN	CHOLINE	left
CHOLINE-KINASE-RXN	ATP	left
CHOLINE-KINASE-RXN	PROTON	right
CHOLINE-KINASE-RXN	PHOSPHORYL-CHOLINE	right
CHOLINE-KINASE-RXN	ADP	right
RXN-2209	PAPS	left
RXN-2209	3-METHYLTHIOPROPYL-DESULFO-GLUCOSINOLATE	left
RXN-2209	3-5-ADP	right
RXN-2209	PROTON	right
RXN-2209	3-METHYLTHIOPROPYL-GLUCOSINOLATE	right
DIAMINOPIMEPIM-RXN	LL-DIAMINOPIMELATE	left
DIAMINOPIMEPIM-RXN	MESO-DIAMINOPIMELATE	right
PHOSPHOGLUCMUT-RXN	GLC-1-P	left
PHOSPHOGLUCMUT-RXN	D-glucopyranose-6-phosphate	right
GLYCOLATEDEHYDRO-RXN	Acceptor	left
GLYCOLATEDEHYDRO-RXN	GLYCOLLATE	left
GLYCOLATEDEHYDRO-RXN	Donor-H2	right
GLYCOLATEDEHYDRO-RXN	GLYOX	right
RXN-24006	Protein-Dithiols	left
RXN-24006	Ox-Thioredoxin	left
RXN-24006	Protein-Disulfides	right
RXN-24006	Red-Thioredoxin	right
RXN0-5248	NAD	left
RXN0-5248	PROTON	left
RXN0-5248	E-	left
RXN0-5248	NADH	right
RXN-17867	ACETYL-COA	left
RXN-17867	L-methionyl-L-lysyl-Protein	left
RXN-17867	N-Ac-L-methionyl-L-lysyl-Protein	right
RXN-17867	CO-A	right
RXN-17867	PROTON	right
RXN-11540	CPD-634	left
RXN-11540	OXYGEN-MOLECULE	left
RXN-11540	Red-NADPH-Hemoprotein-Reductases	left
RXN-11540	CPD-12500	right
RXN-11540	WATER	right
RXN-11540	Ox-NADPH-Hemoprotein-Reductases	right
RXN-12135	CPD-13086	left
RXN-12135	OXYGEN-MOLECULE	left
RXN-12135	NADPH	left
RXN-12135	PROTON	left
RXN-12135	CPD-13087	right
RXN-12135	NADP	right
RXN-12135	WATER	right
RXN-16407	CPD-17638	left
RXN-16407	MALONYL-COA	left
RXN-16407	PROTON	left
RXN-16407	CPD-17645	right
RXN-16407	CARBON-DIOXIDE	right
RXN-16407	CO-A	right
RXN-7203	D-MYO-INOSITOL-34-BISPHOSPHATE	left
RXN-7203	ATP	left
RXN-7203	PROTON	right
RXN-7203	CPD-6681	right
RXN-7203	ADP	right
RXN-9748	CPD-12575	left
RXN-9748	CPD-10457	left
RXN-9748	CPD-10460	right
RXN-9748	UDP	right
RXN-9748	PROTON	right
RXN-19789	CPD-7989	left
RXN-19789	Red-NADPH-Hemoprotein-Reductases	left
RXN-19789	OXYGEN-MOLECULE	left
RXN-19789	CPD-18925	right
RXN-19789	Ox-NADPH-Hemoprotein-Reductases	right
RXN-19789	WATER	right
2.4.1.198-RXN	UDP-N-ACETYL-D-GLUCOSAMINE	left
2.4.1.198-RXN	L-1-phosphatidyl-inositols	left
2.4.1.198-RXN	CPD-452	right
2.4.1.198-RXN	UDP	right
2.4.1.198-RXN	PROTON	right
5-FORMYL-THF-CYCLO-LIGASE-RXN	N5-Formyl-THF-Glu-N	left
5-FORMYL-THF-CYCLO-LIGASE-RXN	ATP	left
5-FORMYL-THF-CYCLO-LIGASE-RXN	5-10-METHENYL-THF-GLU-N	right
5-FORMYL-THF-CYCLO-LIGASE-RXN	ADP	right
5-FORMYL-THF-CYCLO-LIGASE-RXN	Pi	right
RXN-4733	CPD-12575	left
RXN-4733	CPD-4441	left
RXN-4733	PROTON	right
RXN-4733	CPD-4618	right
RXN-4733	UDP	right
RXN-13960	CPD-14553	left
RXN-13960	CPD-591	left
RXN-13960	CPD-14998	right
RXN-13960	UDP	right
1.10.2.2-RXN	Ubiquinols	left
1.10.2.2-RXN	Cytochromes-C-Oxidized	left
1.10.2.2-RXN	PROTON	left
1.10.2.2-RXN	Ubiquinones	right
1.10.2.2-RXN	Cytochromes-C-Reduced	right
1.10.2.2-RXN	PROTON	right
RXN-20438	CPD-4182	left
RXN-20438	OXYGEN-MOLECULE	left
RXN-20438	Red-NADPH-Hemoprotein-Reductases	left
RXN-20438	CPD-4183	right
RXN-20438	FORMATE	right
RXN-20438	WATER	right
RXN-20438	Ox-NADPH-Hemoprotein-Reductases	right
RXN-20438	PROTON	right
RXN1F-93	DIHYDROKAEMPFEROL-CMPD	left
RXN1F-93	2-KETOGLUTARATE	left
RXN1F-93	OXYGEN-MOLECULE	left
RXN1F-93	CPD1F-90	right
RXN1F-93	SUC	right
RXN1F-93	CARBON-DIOXIDE	right
RXN1F-93	WATER	right
RXN1F-93	PROTON	right
RXN-7835	Trans-3-enoyl-CoAs	left
RXN-7835	NADP	left
RXN-7835	2-trans-4-cis-dienoyl-CoAs	right
RXN-7835	NADPH	right
RXN-7835	PROTON	right
L-ASPARTATE-OXID-RXN	L-ASPARTATE	left
L-ASPARTATE-OXID-RXN	OXYGEN-MOLECULE	left
L-ASPARTATE-OXID-RXN	PROTON	right
L-ASPARTATE-OXID-RXN	IMINOASPARTATE	right
L-ASPARTATE-OXID-RXN	HYDROGEN-PEROXIDE	right
3.6.3.47-RXN	Long-Chain-Acyl-CoAs	left
3.6.3.47-RXN	WATER	left
3.6.3.47-RXN	ATP	left
3.6.3.47-RXN	Long-Chain-Acyl-CoAs	right
3.6.3.47-RXN	Pi	right
3.6.3.47-RXN	ADP	right
3.6.3.47-RXN	PROTON	right
RXN-13609	5-PHOSPHONOOXY-L-LYSINE	left
RXN-13609	WATER	left
RXN-13609	ALLYSINE	right
RXN-13609	AMMONIUM	right
RXN-13609	Pi	right
RXN-9951	THREO-DS-ISO-CITRATE	left
RXN-9951	NADP	left
RXN-9951	OXALO-SUCCINATE	right
RXN-9951	NADPH	right
RXN-9951	PROTON	right
RXN-18894	CPD-20260	left
RXN-18894	DOPAQUINONE	left
RXN-18894	CPD-20261	right
RXN-18894	L-DIHYDROXY-PHENYLALANINE	right
RXN-13789	CPD1F-437	left
RXN-13789	WATER	left
RXN-13789	CPD-520	right
RXN-13789	Glucopyranose	right
3.1.4.17-RXN	Cyclic-3-5-Nucleoside-Monophosphates	left
3.1.4.17-RXN	WATER	left
3.1.4.17-RXN	Nucleoside-Monophosphates	right
3.1.4.17-RXN	PROTON	right
2.4.1.218-RXN	CPD-12575	left
2.4.1.218-RXN	HYDROQUINONE	left
2.4.1.218-RXN	HYDROQUINONE-O-BETA-D-GLUCOPYRANOSIDE	right
2.4.1.218-RXN	UDP	right
2.4.1.218-RXN	PROTON	right
RXN-15561	S-ubiquitinyl-UCP-E2-L-cysteine	left
RXN-15561	Protein-L-lysine	left
RXN-15561	Ubiquitin-carrier-protein-E2-L-cysteine	right
RXN-15561	PROTEIN-N-UBIQUITYL-LYSINE	right
RXN-15561	PROTON	right
4.2.2.11-RXN	ALGINATE	left
4.2.2.11-RXN	CPD-17709	right
4-HYDROXYPHENYLPYRUVATE-DIOXYGENASE-RXN	P-HYDROXY-PHENYLPYRUVATE	left
4-HYDROXYPHENYLPYRUVATE-DIOXYGENASE-RXN	OXYGEN-MOLECULE	left
4-HYDROXYPHENYLPYRUVATE-DIOXYGENASE-RXN	CARBON-DIOXIDE	right
4-HYDROXYPHENYLPYRUVATE-DIOXYGENASE-RXN	HOMOGENTISATE	right
RXN-15043	OLEOYL-COA	left
RXN-15043	L-1-LYSOPHOSPHATIDATE	left
RXN-15043	CPD-8268	right
RXN-15043	CO-A	right
RXN-15598	ASCORBATE	left
RXN-15598	FE+3	left
RXN-15598	CPD-318	right
RXN-15598	FE+2	right
RXN3O-178	S-ADENOSYLMETHIONINE	left
RXN3O-178	ZYMOSTEROL	left
RXN3O-178	PROTON	right
RXN3O-178	ADENOSYL-HOMO-CYS	right
RXN3O-178	FECOSTEROL	right
RXNQT-4375	ACYL-SN-GLYCEROL-3P	left
RXNQT-4375	WATER	left
RXNQT-4375	1-Acyl-sn-glycerols	right
RXNQT-4375	Pi	right
RXN-22790	CPD-15374	left
RXN-22790	GLN	left
RXN-22790	CPD-25248	right
RXN-22790	WATER	right
3.1.1.23-RXN	1-Acyl-sn-glycerols	left
3.1.1.23-RXN	WATER	left
3.1.1.23-RXN	GLYCEROL	right
3.1.1.23-RXN	Fatty-Acids	right
3.1.1.23-RXN	PROTON	right
RXN-8328	CPD-8088	left
RXN-8328	OXYGEN-MOLECULE	left
RXN-8328	FERROCYTOCHROME-B5	left
RXN-8328	PROTON	left
RXN-8328	CPD-2182	right
RXN-8328	WATER	right
RXN-8328	FERRICYTOCHROME-B5	right
RXN-7792	ACYL-COA	left
RXN-7792	CPD-13612	left
RXN-7792	CPD3DJ-82	right
RXN-7792	CO-A	right
RXN-7792	PROTON	right
RXN-11260	CPD-12212	left
RXN-11260	Red-NADPH-Hemoprotein-Reductases	left
RXN-11260	OXYGEN-MOLECULE	left
RXN-11260	CPD-12213	right
RXN-11260	Ox-NADPH-Hemoprotein-Reductases	right
RXN-11260	WATER	right
15-OXOPROSTAGLANDIN-13-REDUCTASE-RXN	ALPHA-HYDROXY-915-DIOXOPROSTANOATE	left
15-OXOPROSTAGLANDIN-13-REDUCTASE-RXN	NAD-P-OR-NOP	left
15-OXOPROSTAGLANDIN-13-REDUCTASE-RXN	HYDROXY-915-DIOXOPROSTA-13-ENOATE	right
15-OXOPROSTAGLANDIN-13-REDUCTASE-RXN	NADH-P-OR-NOP	right
15-OXOPROSTAGLANDIN-13-REDUCTASE-RXN	PROTON	right
RXN-5467	CPD-171	left
RXN-5467	CPD-5165	left
RXN-5467	CPD-5166	right
RXN-5467	DOLICHOLP	right
RXN-5467	PROTON	right
RXN-9023	CPD0-971	left
RXN-9023	Truncated-Limit-Dextrins	right
RXN4FS-9	CPD4FS-5	left
RXN4FS-9	WATER	left
RXN4FS-9	L-gulopyranose	right
RXN4FS-9	Pi	right
RXN-21527	Hydroxymethylbilane-Synthase-ES	left
RXN-21527	PORPHOBILINOGEN	left
RXN-21527	Hydroxymethylbilane-Synthase-ES2	right
RXN-21527	AMMONIUM	right
THYKI-RXN	THYMIDINE	left
THYKI-RXN	ATP	left
THYKI-RXN	PROTON	right
THYKI-RXN	TMP	right
THYKI-RXN	ADP	right
RXN-8324	CPD-8092	left
RXN-8324	OXYGEN-MOLECULE	left
RXN-8324	FERROCYTOCHROME-B5	left
RXN-8324	PROTON	left
RXN-8324	CPD-8093	right
RXN-8324	WATER	right
RXN-8324	FERRICYTOCHROME-B5	right
RXN-13414	SPERMIDINE	left
RXN-13414	NAD	left
RXN-13414	CPD-14378	right
RXN-13414	NADH	right
RXN-13414	PROTON	right
RXN-1142	CONIFERYL-ALDEHYDE	left
RXN-1142	Red-NADPH-Hemoprotein-Reductases	left
RXN-1142	OXYGEN-MOLECULE	left
RXN-1142	5-HYDROXY-CONIFERALDEHYDE	right
RXN-1142	Ox-NADPH-Hemoprotein-Reductases	right
RXN-1142	WATER	right
RXN-22643	GLUTATHIONE	left
RXN-22643	FUM	left
RXN-22643	CPD-24871	right
2.7.1.133-RXN	INOSITOL-1-3-4-TRIPHOSPHATE	left
2.7.1.133-RXN	ATP	left
2.7.1.133-RXN	PROTON	right
2.7.1.133-RXN	CPD-505	right
2.7.1.133-RXN	ADP	right
DUDPKIN-RXN	ATP	left
DUDPKIN-RXN	DUDP	left
DUDPKIN-RXN	ADP	right
DUDPKIN-RXN	DUTP	right
RXN-16135	CPD-17387	left
RXN-16135	CPD-17386	right
RXN-16135	WATER	right
RXN-13450	CPD-12575	left
RXN-13450	CPD-14427	left
RXN-13450	UDP	right
RXN-13450	CPD-14431	right
RXN-13450	PROTON	right
RXN-1641	PHOSPHATIDYLCHOLINE	left
RXN-1641	DIACYLGLYCEROL	left
RXN-1641	Triacylglycerols	right
RXN-1641	2-Lysophosphatidylcholines	right
RXN-5285	NADP	left
RXN-5285	DIVINYLCHLOROPHYLLIDE-A	left
RXN-5285	DIVINYL-PROTOCHLOROPHYLLIDE-A	right
RXN-5285	NADPH	right
RXN-5285	PROTON	right
RXN-5285	Light	right
RXN0-7271	Protein-Ox-Disulfides	left
RXN0-7271	Red-Glutaredoxins	left
RXN0-7271	Protein-Red-Disulfides	right
RXN0-7271	Ox-Glutaredoxins	right
RXN-13482	L-ORNITHINE	left
RXN-13482	CARBAMOYL-P	left
RXN-13482	PROTON	right
RXN-13482	L-CITRULLINE	right
RXN-13482	Pi	right
RXN-9771	PROTON	left
RXN-9771	IMINOASPARTATE	left
RXN-9771	WATER	left
RXN-9771	OXALACETIC_ACID	right
RXN-9771	AMMONIUM	right
RXN-13823	CPD-12575	left
RXN-13823	CPD-14843	left
RXN-13823	CPD-14844	right
RXN-13823	UDP	right
RXN-13823	PROTON	right
RXN-9806	CPD-10514	left
RXN-9806	WATER	left
RXN-9806	CPD-10515	right
RXN-21524	Hydroxymethylbilane-Synthase-ES3	left
RXN-21524	PORPHOBILINOGEN	left
RXN-21524	Hydroxymethylbilane-Synthase-ES4	right
RXN-21524	AMMONIUM	right
RXN-4521	CPD-9981	left
RXN-4521	OXYGEN-MOLECULE	left
RXN-4521	Red-NADPH-Hemoprotein-Reductases	left
RXN-4521	LOGANATE	right
RXN-4521	WATER	right
RXN-4521	Ox-NADPH-Hemoprotein-Reductases	right
RXN-22385	PROTON	left
RXN-22385	CPD0-2040	left
RXN-22385	PROTON	right
RXN-22385	CPD0-2040	right
ATPPHOSPHORIBOSYLTRANS-RXN	PHOSPHORIBOSYL-ATP	left
ATPPHOSPHORIBOSYLTRANS-RXN	PPI	left
ATPPHOSPHORIBOSYLTRANS-RXN	ATP	right
ATPPHOSPHORIBOSYLTRANS-RXN	PRPP	right
ADPSUGPPHOSPHAT-RXN	ADP-SUGARS	left
ADPSUGPPHOSPHAT-RXN	WATER	left
ADPSUGPPHOSPHAT-RXN	AMP	right
ADPSUGPPHOSPHAT-RXN	Alpha-D-aldose-1-phosphates	right
ADPSUGPPHOSPHAT-RXN	PROTON	right
RIBOPHOSPHAT-RXN	CPD-1086	left
RIBOPHOSPHAT-RXN	WATER	left
RIBOPHOSPHAT-RXN	AMINO-RIBOSYLAMINO-1H-3H-PYR-DIONE	right
RIBOPHOSPHAT-RXN	Pi	right
PYRUVATEORTHOPHOSPHATE-DIKINASE-RXN	PYRUVATE	left
PYRUVATEORTHOPHOSPHATE-DIKINASE-RXN	Pi	left
PYRUVATEORTHOPHOSPHATE-DIKINASE-RXN	ATP	left
PYRUVATEORTHOPHOSPHATE-DIKINASE-RXN	PROTON	right
PYRUVATEORTHOPHOSPHATE-DIKINASE-RXN	PHOSPHO-ENOL-PYRUVATE	right
PYRUVATEORTHOPHOSPHATE-DIKINASE-RXN	AMP	right
PYRUVATEORTHOPHOSPHATE-DIKINASE-RXN	PPI	right
RXN-8234	CPD-12575	left
RXN-8234	CPD-7960	left
RXN-8234	PROTON	right
RXN-8234	CPD-7963	right
RXN-8234	UDP	right
RXN-18732	CPD-12575	left
RXN-18732	Open-tautomer-2-hydroxyflavanones	left
RXN-18732	3-C-gluc-tautomer-2-hydroxyflavanones	right
RXN-18732	UDP	right
RXN-18732	PROTON	right
GLYCOGENSYN-RXN	ADP-D-GLUCOSE	left
GLYCOGENSYN-RXN	1-4-alpha-D-Glucan	left
GLYCOGENSYN-RXN	ADP	right
GLYCOGENSYN-RXN	1-4-alpha-D-Glucan	right
RXN-20617	S-ADENOSYLMETHIONINE	left
RXN-20617	Histone-H3-K9	left
RXN-20617	ADENOSYL-HOMO-CYS	right
RXN-20617	Histone-H3-K9m3	right
RXN-20617	PROTON	right
RXN-15559	S-ubiquitinyl-UCP-E2-L-cysteine	left
RXN-15559	HECT-Ubiquitin-carrier-protein-E3-L-cys	left
RXN-15559	Ubiquitin-carrier-protein-E2-L-cysteine	right
RXN-15559	S-ubiquitinyl-HECT-E3-UCP-L-cysteine	right
RXN-18881	CPD-20241	left
RXN-18881	Red-NADPH-Hemoprotein-Reductases	left
RXN-18881	OXYGEN-MOLECULE	left
RXN-18881	CPD-18103	right
RXN-18881	Ox-NADPH-Hemoprotein-Reductases	right
RXN-18881	WATER	right
RXN-18881	PROTON	right
RXN-4282	CPD-4181	left
RXN-4282	NADP	left
RXN-4282	CYCLOARTENOL	right
RXN-4282	NADPH	right
RXN-4282	PROTON	right
PHENOL-BETA-GLUCOSYLTRANSFERASE-RXN	CPD-12575	left
PHENOL-BETA-GLUCOSYLTRANSFERASE-RXN	Phenols	left
PHENOL-BETA-GLUCOSYLTRANSFERASE-RXN	UDP	right
PHENOL-BETA-GLUCOSYLTRANSFERASE-RXN	Aryl-beta-D-Glucosides	right
PHENOL-BETA-GLUCOSYLTRANSFERASE-RXN	PROTON	right
RXN-10464	CPD-10689	left
RXN-10464	OXYGEN-MOLECULE	left
RXN-10464	WATER	left
RXN-10464	NORSPERMIDINE	right
RXN-10464	CPD-6082	right
RXN-10464	HYDROGEN-PEROXIDE	right
GLUTAMATE-FORMIMINOTRANSFERASE-RXN	CPD-671	left
GLUTAMATE-FORMIMINOTRANSFERASE-RXN	GLT	left
GLUTAMATE-FORMIMINOTRANSFERASE-RXN	N-FORMIMINO-L-GLUTAMATE	right
GLUTAMATE-FORMIMINOTRANSFERASE-RXN	THF-GLU-N	right
PSERPHOSPHA-RXN	Phosphoserines	left
PSERPHOSPHA-RXN	WATER	left
PSERPHOSPHA-RXN	PROTON	left
PSERPHOSPHA-RXN	Serines	right
PSERPHOSPHA-RXN	Pi	right
GLUCOSE-1-PHOSPHAT-RXN	WATER	left
GLUCOSE-1-PHOSPHAT-RXN	GLC-1-P	left
GLUCOSE-1-PHOSPHAT-RXN	Pi	right
GLUCOSE-1-PHOSPHAT-RXN	Glucopyranose	right
2.8.2.26-RXN	CPD-1822	left
2.8.2.26-RXN	PAPS	left
2.8.2.26-RXN	3-5-ADP	right
2.8.2.26-RXN	PROTON	right
2.8.2.26-RXN	QUERCETIN-33-BISSULFATE	right
UDPNACETYLGLUCOSAMACYLTRANS-RXN	UDP-N-ACETYL-D-GLUCOSAMINE	left
UDPNACETYLGLUCOSAMACYLTRANS-RXN	R-3-hydroxymyristoyl-ACPs	left
UDPNACETYLGLUCOSAMACYLTRANS-RXN	UDP-OHMYR-ACETYLGLUCOSAMINE	right
UDPNACETYLGLUCOSAMACYLTRANS-RXN	ACP	right
L-ARABINOKINASE-RXN	BETA-L-ARABINOSE	left
L-ARABINOKINASE-RXN	ATP	left
L-ARABINOKINASE-RXN	CPD-1825	right
L-ARABINOKINASE-RXN	ADP	right
L-ARABINOKINASE-RXN	PROTON	right
--LIMONENE-7-MONOOXYGENASE-RXN	CPD-4886	left
--LIMONENE-7-MONOOXYGENASE-RXN	OXYGEN-MOLECULE	left
--LIMONENE-7-MONOOXYGENASE-RXN	Red-NADPH-Hemoprotein-Reductases	left
--LIMONENE-7-MONOOXYGENASE-RXN	CPD-261	right
--LIMONENE-7-MONOOXYGENASE-RXN	Ox-NADPH-Hemoprotein-Reductases	right
--LIMONENE-7-MONOOXYGENASE-RXN	WATER	right
RXN-18908	GlcMan9GlcNAc2-proteins	left
RXN-18908	WATER	left
RXN-18908	Man9GlcNAc2-proteins	right
RXN-18908	ALPHA-GLUCOSE	right
GLU6PDEHYDROG-RXN	D-glucopyranose-6-phosphate	left
GLU6PDEHYDROG-RXN	NADP	left
GLU6PDEHYDROG-RXN	D-6-P-GLUCONO-DELTA-LACTONE	right
GLU6PDEHYDROG-RXN	NADPH	right
GLU6PDEHYDROG-RXN	PROTON	right
RXN-8990	PROTON	left
RXN-8990	PHE	left
RXN-8990	OXYGEN-MOLECULE	left
RXN-8990	WATER	left
RXN-8990	PHENYLACETALDEHYDE	right
RXN-8990	AMMONIUM	right
RXN-8990	HYDROGEN-PEROXIDE	right
RXN-8990	CARBON-DIOXIDE	right
RXN-20644	Histone-H3-K4m2	left
RXN-20644	WATER	left
RXN-20644	Acceptor	left
RXN-20644	Histone-H3-K4	right
RXN-20644	FORMALDEHYDE	right
RXN-20644	Donor-H2	right
ACID-PHOSPHATASE-RXN	WATER	left
ACID-PHOSPHATASE-RXN	Orthophosphoric-Monoesters	left
ACID-PHOSPHATASE-RXN	Alcohols	right
ACID-PHOSPHATASE-RXN	Pi	right
DTDPGLUCOSEPP-RXN	TTP	left
DTDPGLUCOSEPP-RXN	GLC-1-P	left
DTDPGLUCOSEPP-RXN	PROTON	left
DTDPGLUCOSEPP-RXN	DTDP-D-GLUCOSE	right
DTDPGLUCOSEPP-RXN	PPI	right
RXN-12893	CPD-69	left
RXN-12893	HCO3	left
RXN-12893	PROTON	left
RXN-12893	CARBON-DIOXIDE	right
RXN-12893	AMMONIUM	right
RXN-8618	GERANYL-PP	left
RXN-8618	WATER	left
RXN-8618	GERANIOL	right
RXN-8618	PPI	right
RXN-18731	2-Hydroxyflavanones	left
RXN-18731	Open-tautomer-2-hydroxyflavanones	right
RXN-13605	CPD-14602	left
RXN-13605	WATER	left
RXN-13605	CPD-14601	right
RXN-13605	D-Glucopyranuronate	right
RXN-13605	PROTON	right
2.4.2.31-RXN	Protein-L-Arginines	left
2.4.2.31-RXN	NAD	left
2.4.2.31-RXN	CPD-557	right
2.4.2.31-RXN	NIACINAMIDE	right
2.4.2.31-RXN	PROTON	right
RXN-16313	S-ubiquitinyl-E3-independent-E2-Cys	left
RXN-16313	Protein-L-lysine	left
RXN-16313	PROTEIN-N-UBIQUITYL-LYSINE	right
RXN-16313	E3-independent-Ubiquitin-E2-L-cysteine	right
RXN-16313	PROTON	right
RXN-707	CPD-706	left
RXN-707	NADP	left
RXN-707	CPD-700	right
RXN-707	NADPH	right
RXN-707	PROTON	right
RXN-11726	BUTYRYL-COA	left
RXN-11726	NADP	left
RXN-11726	CROTONYL-COA	right
RXN-11726	NADPH	right
RXN-11726	PROTON	right
BIOTINLIG-RXN	BCCP-L-lysine	left
BIOTINLIG-RXN	BIOTIN	left
BIOTINLIG-RXN	ATP	left
BIOTINLIG-RXN	PPI	right
BIOTINLIG-RXN	AMP	right
BIOTINLIG-RXN	BCCP-biotin-L-lysine	right
BIOTINLIG-RXN	PROTON	right
RXN-9750	CPD-10457	left
RXN-9750	Donor-H2	left
RXN-9750	PROTON	left
RXN-9750	CPD-10455	right
RXN-9750	WATER	right
RXN-9750	Acceptor	right
GLUTRNAREDUCT-RXN	GLUTAMATE-1-SEMIALDEHYDE	left
GLUTRNAREDUCT-RXN	NADP	left
GLUTRNAREDUCT-RXN	GLT-tRNAs	left
GLUTRNAREDUCT-RXN	Charged-GLT-tRNAs	right
GLUTRNAREDUCT-RXN	NADPH	right
GLUTRNAREDUCT-RXN	PROTON	right
RXN-18385	CPD-11512	left
RXN-18385	2-KETOGLUTARATE	left
RXN-18385	OXYGEN-MOLECULE	left
RXN-18385	PROTON	left
RXN-18385	3-OH-Anthocyanidins	right
RXN-18385	SUC	right
RXN-18385	CARBON-DIOXIDE	right
RXN-18385	WATER	right
ATP-PYROPHOSPHATASE-RXN	WATER	left
ATP-PYROPHOSPHATASE-RXN	ATP	left
ATP-PYROPHOSPHATASE-RXN	PROTON	right
ATP-PYROPHOSPHATASE-RXN	PPI	right
ATP-PYROPHOSPHATASE-RXN	AMP	right
RXN-13818	CPD-12575	left
RXN-13818	CPD-14837	left
RXN-13818	CPD-14838	right
RXN-13818	UDP	right
RXN-13818	PROTON	right
RXN-20640	Histone-H3-K27m3	left
RXN-20640	2-KETOGLUTARATE	left
RXN-20640	OXYGEN-MOLECULE	left
RXN-20640	Histone-H3-K27m1	right
RXN-20640	FORMALDEHYDE	right
RXN-20640	SUC	right
RXN-20640	CARBON-DIOXIDE	right
2.1.1.139-RXN	S-ADENOSYLMETHIONINE	left
2.1.1.139-RXN	3-DEMETHYLSTAUROSPORINE	left
2.1.1.139-RXN	STAUROSPORINE	right
2.1.1.139-RXN	ADENOSYL-HOMO-CYS	right
2.1.1.139-RXN	PROTON	right
RXN-4306	CPD-4203	left
RXN-4306	OXYGEN-MOLECULE	left
RXN-4306	Red-NADPH-Hemoprotein-Reductases	left
RXN-4306	CPD-4204	right
RXN-4306	Ox-NADPH-Hemoprotein-Reductases	right
RXN-4306	WATER	right
RXN-9779	PHOSPHATIDYL-MYO-INOSITOL-45-BISPHOSPHA	left
RXN-9779	WATER	left
RXN-9779	1-PHOSPHATIDYL-1D-MYO-INOSITOL-5-PHOSPHA	right
RXN-9779	Pi	right
RXN-15816	ETR-Quinols	left
RXN-15816	Cytochromes-C-Oxidized	left
RXN-15816	PROTON	left
RXN-15816	ETR-Quinones	right
RXN-15816	Cytochromes-C-Reduced	right
RXN-15816	PROTON	right
DIHYDROXYMETVALDEHYDRAT-RXN	1-KETO-2-METHYLVALERATE	left
DIHYDROXYMETVALDEHYDRAT-RXN	2-KETO-3-METHYL-VALERATE	right
DIHYDROXYMETVALDEHYDRAT-RXN	WATER	right
RXN-18431	CPD-19776	left
RXN-18431	CPD-13734	right
RXN-18431	WATER	right
TRANS-RXN-228	L-CITRULLINE	left
TRANS-RXN-228	L-CITRULLINE	right
RXN-16366	P-COUMAROYL-COA	left
RXN-16366	COUMARYL-ALCOHOL	left
RXN-16366	CPD-17610	right
RXN-16366	CO-A	right
RXN-16426	N-ACETYL-D-GLUCOSAMINE-16-BIS-P	left
RXN-16426	Phosphoacetylglucosamine-Mutase	left
RXN-16426	Phosphoacetylglucosamine-Mutase-P	right
RXN-16426	N-ACETYL-D-GLUCOSAMINE-1-P	right
ARYLFORMAMIDASE-RXN	N-FORMYLKYNURENINE	left
ARYLFORMAMIDASE-RXN	WATER	left
ARYLFORMAMIDASE-RXN	CPD-14736	right
ARYLFORMAMIDASE-RXN	FORMATE	right
ARYLFORMAMIDASE-RXN	PROTON	right
RXN-16804	ARABINOSE-5P	left
RXN-16804	CPD-18118	right
RXN4FS-1	CDP-N-METHYLETHANOLAMIN	left
RXN4FS-1	DIACYLGLYCEROL	left
RXN4FS-1	CPD-405	right
RXN4FS-1	CMP	right
RXN4FS-1	PROTON	right
R146-RXN	CPD-85	left
R146-RXN	OXYGEN-MOLECULE	left
R146-RXN	PROTON	right
R146-RXN	CPD-7672	right
R146-RXN	FORMATE	right
R146-RXN	CARBON-MONOXIDE	right
RXN-22335	Dimethylarsenite-Arsenite-Methyltranferase	left
RXN-22335	WATER	left
RXN-22335	DIMETHYLARSINOUS-ACID	right
RXN-22335	Arsenite-methyltransferases	right
AIRS-RXN	ATP	left
AIRS-RXN	5-PHOSPHORIBOSYL-N-FORMYLGLYCINEAMIDINE	left
AIRS-RXN	PROTON	right
AIRS-RXN	ADP	right
AIRS-RXN	Pi	right
AIRS-RXN	5-PHOSPHORIBOSYL-5-AMINOIMIDAZOLE	right
3.2.1.114-RXN	Mannosyl5-N-acetyl-glucosamine2-R	left
3.2.1.114-RXN	WATER	left
3.2.1.114-RXN	2-N-linked-Glycan	right
3.2.1.114-RXN	CPD-13559	right
SPHINGANINE-KINASE-RXN	CPD-13612	left
SPHINGANINE-KINASE-RXN	ATP	left
SPHINGANINE-KINASE-RXN	PROTON	right
SPHINGANINE-KINASE-RXN	CPD-649	right
SPHINGANINE-KINASE-RXN	ADP	right
1.1.1.178-RXN	NAD	left
1.1.1.178-RXN	2-METHYL-3-HYDROXY-BUTYRYL-COA	left
1.1.1.178-RXN	PROTON	right
1.1.1.178-RXN	NADH	right
1.1.1.178-RXN	2-METHYL-ACETO-ACETYL-COA	right
FARNESOL-DEHYDROGENASE-RXN	2-TRANS6-TRANS-FARNESOL	left
FARNESOL-DEHYDROGENASE-RXN	NADP	left
FARNESOL-DEHYDROGENASE-RXN	2-TRANS6-TRANS-FARNESAL	right
FARNESOL-DEHYDROGENASE-RXN	NADPH	right
FARNESOL-DEHYDROGENASE-RXN	PROTON	right
RXN-10741	CPD1F-129	left
RXN-10741	OXYGEN-MOLECULE	left
RXN-10741	CPD-13368	right
RXN-10741	CPD-7204	right
RXN-8380	Elemental-Sulfur	left
RXN-8380	CPD-846	left
RXN-8380	Polysulfides	right
RXN-8380	PROTON	right
RXN-8088	BENZALDEHYDE	left
RXN-8088	OXYGEN-MOLECULE	left
RXN-8088	WATER	left
RXN-8088	PROTON	right
RXN-8088	BENZOATE	right
RXN-8088	HYDROGEN-PEROXIDE	right
RXN-20456	NADPH	left
RXN-20456	WATER	left
RXN-20456	CPD-14133	right
PSERTRANSAM-RXN	3-P-SERINE	left
PSERTRANSAM-RXN	2-KETOGLUTARATE	left
PSERTRANSAM-RXN	GLT	right
PSERTRANSAM-RXN	3-P-HYDROXYPYRUVATE	right
CERAMIDASE-RXN	N-Acylsphingosine	left
CERAMIDASE-RXN	WATER	left
CERAMIDASE-RXN	SPHINGOSINE	right
CERAMIDASE-RXN	Fatty-Acids	right
RXN-8460	L-DIHYDROXY-PHENYLALANINE	left
RXN-8460	OXYGEN-MOLECULE	left
RXN-8460	PROTON	right
RXN-8460	CPD-253	right
3.2.1.1-RXN	Starch	left
3.2.1.1-RXN	WATER	left
3.2.1.1-RXN	MALTOSE	right
3.2.1.1-RXN	Glucose	right
RXN-22388	CPD-16459	left
RXN-22388	Pi	right
RXN-22388	PROTON	right
RXN0-11	GLUTATHIONE	left
RXN0-11	ATP	left
RXN0-11	WATER	left
RXN0-11	GLUTATHIONE	right
RXN0-11	ADP	right
RXN0-11	Pi	right
RXN0-11	PROTON	right
RXN66-608	Histone-H3-K4m1	left
RXN66-608	WATER	left
RXN66-608	Acceptor	left
RXN66-608	Histone-H3-K4	right
RXN66-608	FORMALDEHYDE	right
RXN66-608	Donor-H2	right
QUEUOSINE-TRNA-RIBOSYLTRANSFERASE-RXN	Guanine34-in-tRNAs	left
QUEUOSINE-TRNA-RIBOSYLTRANSFERASE-RXN	QUEUINE	left
QUEUOSINE-TRNA-RIBOSYLTRANSFERASE-RXN	tRNAs-with-queuine	right
QUEUOSINE-TRNA-RIBOSYLTRANSFERASE-RXN	GUANINE	right
RXN-17812	DNA-Containing-N6-Methyladenine	left
RXN-17812	2-KETOGLUTARATE	left
RXN-17812	OXYGEN-MOLECULE	left
RXN-17812	DNA-Adenines	right
RXN-17812	FORMALDEHYDE	right
RXN-17812	SUC	right
RXN-17812	CARBON-DIOXIDE	right
SQUALENE-MONOOXYGENASE-RXN	SQUALENE	left
SQUALENE-MONOOXYGENASE-RXN	OXYGEN-MOLECULE	left
SQUALENE-MONOOXYGENASE-RXN	Red-NADPH-Hemoprotein-Reductases	left
SQUALENE-MONOOXYGENASE-RXN	EPOXYSQUALENE	right
SQUALENE-MONOOXYGENASE-RXN	WATER	right
SQUALENE-MONOOXYGENASE-RXN	Ox-NADPH-Hemoprotein-Reductases	right
RXN-10817	PHENYLETHYLAMINE	left
RXN-10817	OXYGEN-MOLECULE	left
RXN-10817	WATER	left
RXN-10817	PHENYLACETALDEHYDE	right
RXN-10817	AMMONIUM	right
RXN-10817	HYDROGEN-PEROXIDE	right
RXN-14024	Nucleoside-Triphosphates	left
RXN-14024	WATER	left
RXN-14024	Nucleoside-Monophosphates	right
RXN-14024	Pi	right
RXN-14024	PROTON	right
RXN-8534	CPD-8724	left
RXN-8534	Red-NADPH-Hemoprotein-Reductases	left
RXN-8534	OXYGEN-MOLECULE	left
RXN-8534	CPD-8725	right
RXN-8534	Ox-NADPH-Hemoprotein-Reductases	right
RXN-8534	WATER	right
RXN-8534	PROTON	right
RXN3O-581	L-1-phosphatidyl-inositols	left
RXN3O-581	VLC-Alpha-hydroxyphytoceramides	left
RXN3O-581	DIACYLGLYCEROL	right
RXN3O-581	IPC	right
RXN-9680	S-ADENOSYLMETHIONINE	left
RXN-9680	DIMETHYL-GLYCINE	left
RXN-9680	PROTON	right
RXN-9680	ADENOSYL-HOMO-CYS	right
RXN-9680	BETAINE	right
RXN-9662	Myristoyl-ACPs	left
RXN-9662	NAD	left
RXN-9662	Tetradec-2-enoyl-ACPs	right
RXN-9662	NADH	right
RXN-9662	PROTON	right
RXN-5462	GDP-MANNOSE	left
RXN-5462	ALPHA-D-MANNOSYLCHITOBIO	left
RXN-5462	CPD-5161	right
RXN-5462	GDP	right
RXN-5462	PROTON	right
RXN-12090	N1-ACETYLSPERMINE	left
RXN-12090	OXYGEN-MOLECULE	left
RXN-12090	WATER	left
RXN-12090	SPERMIDINE	right
RXN-12090	CPD-10687	right
RXN-12090	HYDROGEN-PEROXIDE	right
RXN8J2-212	CPD-27132	left
RXN8J2-212	ATP	left
RXN8J2-212	WATER	left
RXN8J2-212	CPD-27132	right
RXN8J2-212	ADP	right
RXN8J2-212	Pi	right
RXN8J2-212	PROTON	right
RXN-10756	CPD6666-1	left
RXN-10756	WATER	left
RXN-10756	OLEATE-CPD	right
RXN-10756	AMMONIUM	right
VINYLACETYL-COA-DELTA-ISOMERASE-RXN	CPD-226	left
VINYLACETYL-COA-DELTA-ISOMERASE-RXN	CROTONYL-COA	right
RXN-11257	P-COUMAROYL-COA	left
RXN-11257	SPERMIDINE	left
RXN-11257	CPD-12212	right
RXN-11257	CO-A	right
RXN-11257	PROTON	right
STRICTOSIDINE-SYNTHASE-RXN	TRYPTAMINE	left
STRICTOSIDINE-SYNTHASE-RXN	SECOLOGANIN-CPD	left
STRICTOSIDINE-SYNTHASE-RXN	STRICTOSIDINE	right
STRICTOSIDINE-SYNTHASE-RXN	WATER	right
3.5.2.17-RXN	5-HYDROXYISOURATE	left
3.5.2.17-RXN	WATER	left
3.5.2.17-RXN	CPD-5821	right
3.5.2.17-RXN	PROTON	right
RXN-12065	CPD-13031	left
RXN-12065	PHENYLACETALDOXIME	right
RXN-12116	N-Acylphosphatidylethanolamines	left
RXN-12116	WATER	left
RXN-12116	N-Acylethanolamines	right
RXN-12116	L-PHOSPHATIDATE	right
RXN-12116	PROTON	right
ISOFLAVONE-7-O-GLUCOSYLTRANSFERASE-RXN	CPD-12575	left
ISOFLAVONE-7-O-GLUCOSYLTRANSFERASE-RXN	Isoflavones	left
ISOFLAVONE-7-O-GLUCOSYLTRANSFERASE-RXN	Isoflavone-7-O-B-D-glucosides	right
ISOFLAVONE-7-O-GLUCOSYLTRANSFERASE-RXN	UDP	right
RXN-710	CPD-708	left
RXN-710	NAD	left
RXN-710	CPD-698	right
RXN-710	NADH	right
RXN-710	PROTON	right
ORNCARBAMTRANSFER-RXN	L-ORNITHINE	left
ORNCARBAMTRANSFER-RXN	CARBAMOYL-P	left
ORNCARBAMTRANSFER-RXN	PROTON	right
ORNCARBAMTRANSFER-RXN	L-CITRULLINE	right
ORNCARBAMTRANSFER-RXN	Pi	right
PMPOXI-RXN	OXYGEN-MOLECULE	left
PMPOXI-RXN	WATER	left
PMPOXI-RXN	PYRIDOXAMINE-5P	left
PMPOXI-RXN	AMMONIUM	right
PMPOXI-RXN	HYDROGEN-PEROXIDE	right
PMPOXI-RXN	PYRIDOXAL_PHOSPHATE	right
BADH-RXN	BETAINE_ALDEHYDE	left
BADH-RXN	NAD	left
BADH-RXN	WATER	left
BADH-RXN	PROTON	right
BADH-RXN	BETAINE	right
BADH-RXN	NADH	right
2.7.7.60-RXN	PROTON	left
2.7.7.60-RXN	2-C-METHYL-D-ERYTHRITOL-4-PHOSPHATE	left
2.7.7.60-RXN	CTP	left
2.7.7.60-RXN	4-CYTIDINE-5-DIPHOSPHO-2-C	right
2.7.7.60-RXN	PPI	right
RXN-11977	CPD-12955	left
RXN-11977	PROTON	left
RXN-11977	NADPH	left
RXN-11977	OXYGEN-MOLECULE	left
RXN-11977	CPD-12949	right
RXN-11977	CARBON-DIOXIDE	right
RXN-11977	WATER	right
RXN-11977	NADP	right
RXN-15995	Beta-Allophycocyanins-PCB84	left
RXN-15995	Apo-beta-Allophycocyanins	right
RXN-15995	CPD-17222	right
RXN-14196	CARBAMATE	left
RXN-14196	ATP	left
RXN-14196	CARBAMOYL-P	right
RXN-14196	ADP	right
AICARSYN-RXN	P-RIBOSYL-4-SUCCCARB-AMINOIMIDAZOLE	left
AICARSYN-RXN	FUM	right
AICARSYN-RXN	AICAR	right
RXN-9462	CPD-14553	left
RXN-9462	Xyloglucans-Xylose	left
RXN-9462	Xyloglucans-Galactose-3	right
RXN-9462	UDP	right
P-PANTOCYSLIG-RXN	4-P-PANTOTHENATE	left
P-PANTOCYSLIG-RXN	CYS	left
P-PANTOCYSLIG-RXN	CTP	left
P-PANTOCYSLIG-RXN	R-4-PHOSPHOPANTOTHENOYL-L-CYSTEINE	right
P-PANTOCYSLIG-RXN	PPI	right
P-PANTOCYSLIG-RXN	CMP	right
P-PANTOCYSLIG-RXN	PROTON	right
RXN-8340	S-ADENOSYLMETHIONINE	left
RXN-8340	GTP	left
RXN-8340	Donor-H2	left
RXN-8340	CPD-19179	right
RXN-8340	MET	right
RXN-8340	CH33ADO	right
RXN-8340	Acceptor	right
RXN-8340	PROTON	right
SELENOCYSTEINE-LYASE-RXN	L-SELENOCYSTEINE	left
SELENOCYSTEINE-LYASE-RXN	Donor-H2	left
SELENOCYSTEINE-LYASE-RXN	L-ALPHA-ALANINE	right
SELENOCYSTEINE-LYASE-RXN	SE-2	right
SELENOCYSTEINE-LYASE-RXN	Acceptor	right
SELENOCYSTEINE-LYASE-RXN	PROTON	right
RXN-1121	FERULIC-ACID	left
RXN-1121	Red-NADPH-Hemoprotein-Reductases	left
RXN-1121	OXYGEN-MOLECULE	left
RXN-1121	5-HYDROXY-FERULIC-ACID	right
RXN-1121	WATER	right
RXN-1121	Ox-NADPH-Hemoprotein-Reductases	right
UDP-ARABINOSE-4-EPIMERASE-RXN	CPD-12513	left
UDP-ARABINOSE-4-EPIMERASE-RXN	UDP-D-XYLOSE	right
RXN-13411	CPD-12575	left
RXN-13411	CPD-7862	left
RXN-13411	CPD-7864	right
RXN-13411	UDP	right
RXN-13411	PROTON	right
RXN-12362	ACETYL-COA	left
RXN-12362	BUTANOL	left
RXN-12362	CPD-13346	right
RXN-12362	CO-A	right
RXN0-7078	CPD3O-0	left
RXN0-7078	NAD	left
RXN0-7078	WATER	left
RXN0-7078	Protein-L-lysine	right
RXN0-7078	CPD-14762	right
RXN0-7078	NIACINAMIDE	right
RXN-8296	CPD-2188	left
RXN-8296	OXYGEN-MOLECULE	left
RXN-8296	Reduced-ferredoxins	left
RXN-8296	PROTON	left
RXN-8296	CPD-8075	right
RXN-8296	WATER	right
RXN-8296	Oxidized-ferredoxins	right
SAMDECARB-RXN	S-ADENOSYLMETHIONINE	left
SAMDECARB-RXN	PROTON	left
SAMDECARB-RXN	S-ADENOSYLMETHIONINAMINE	right
SAMDECARB-RXN	CARBON-DIOXIDE	right
PGLUCISOM-RXN	ALPHA-GLC-6-P	left
PGLUCISOM-RXN	FRUCTOSE-6P	right
RXN-8899	2-AMINOACRYLATE	left
RXN-8899	WATER	left
RXN-8899	PYRUVATE	right
RXN-8899	AMMONIUM	right
RXN3O-4113	CPD3O-4151	left
RXN3O-4113	NAD	left
RXN3O-4113	PROTON	right
RXN3O-4113	HYDRPHENYLAC-CPD	right
RXN3O-4113	NADH	right
RXN-19354	S-ubiquitinyl-UCP-RBR-E3-L-cysteine	left
RXN-19354	Protein-L-lysine	left
RXN-19354	RBR-Ubiquitin-carrier-protein-E3-L-cys	right
RXN-19354	PROTEIN-N-UBIQUITYL-LYSINE	right
RXN-19354	PROTON	right
RXN-778	CPD-723	left
RXN-778	OXYGEN-MOLECULE	left
RXN-778	Red-NADPH-Hemoprotein-Reductases	left
RXN-778	CPD-724	right
RXN-778	WATER	right
RXN-778	Ox-NADPH-Hemoprotein-Reductases	right
RXN-15010	CPD-577	left
RXN-15010	WATER	left
RXN-15010	CPD-575	right
RXN-15010	CO-A	right
RXN-15010	PROTON	right
3.6.3.31-RXN	Polyamines	left
3.6.3.31-RXN	WATER	left
3.6.3.31-RXN	ATP	left
3.6.3.31-RXN	Polyamines	right
3.6.3.31-RXN	Pi	right
3.6.3.31-RXN	ADP	right
3.6.3.31-RXN	PROTON	right
2.1.1.71-RXN	S-ADENOSYLMETHIONINE	left
2.1.1.71-RXN	CPD-405	left
2.1.1.71-RXN	CPD-160	right
2.1.1.71-RXN	PROTON	right
2.1.1.71-RXN	ADENOSYL-HOMO-CYS	right
2.3.1.164-RXN	CPD-207	left
2.3.1.164-RXN	ISOPENICILLIN-N	left
2.3.1.164-RXN	WATER	left
2.3.1.164-RXN	CO-A	right
2.3.1.164-RXN	PENICILLIN-G	right
2.3.1.164-RXN	CPD-468	right
2.3.1.164-RXN	PROTON	right
NARINGENIN-3-DIOXYGENASE-RXN	NARINGENIN-CMPD	left
NARINGENIN-3-DIOXYGENASE-RXN	2-KETOGLUTARATE	left
NARINGENIN-3-DIOXYGENASE-RXN	OXYGEN-MOLECULE	left
NARINGENIN-3-DIOXYGENASE-RXN	DIHYDROKAEMPFEROL-CMPD	right
NARINGENIN-3-DIOXYGENASE-RXN	SUC	right
NARINGENIN-3-DIOXYGENASE-RXN	CARBON-DIOXIDE	right
RXN-8383	CPD-8192	left
RXN-8383	OXYGEN-MOLECULE	left
RXN-8383	Red-NADPH-Hemoprotein-Reductases	left
RXN-8383	CPD-8191	right
RXN-8383	Ox-NADPH-Hemoprotein-Reductases	right
RXN-8383	WATER	right
RXN-12939	CPD-6481	left
RXN-12939	Carboxylates	left
RXN-12939	NADP	left
RXN-12939	Coniferyl-Esters	right
RXN-12939	NADPH	right
2.8.2.28-RXN	QUERCETIN-33-BISSULFATE	left
2.8.2.28-RXN	PAPS	left
2.8.2.28-RXN	3-5-ADP	right
2.8.2.28-RXN	QUERCETIN-337-TRISSULFATE	right
RXN-11707	CPD-55	left
RXN-11707	NAD-P-OR-NOP	left
RXN-11707	ACP	left
RXN-11707	Stearoyl-ACPs	right
RXN-11707	NADH-P-OR-NOP	right
RXN-11707	PROTON	right
ALPHA-AMYL-RXN	1-4-alpha-D-Glucan	left
ALPHA-AMYL-RXN	WATER	left
ALPHA-AMYL-RXN	1-4-alpha-D-Glucan	right
RXN-20674	CPD-22307	left
RXN-20674	DEHYDROQUINATE	right
RXN-20674	Pi	right
RXN-22604	D-LACTATE	left
RXN-22604	PROTON	left
RXN-22604	CPD-24843	right
RXN-9290	CPD-9905	left
RXN-9290	NAD-P-OR-NOP	left
RXN-9290	CPD-7092	right
RXN-9290	NADH-P-OR-NOP	right
RXN-9290	PROTON	right
RXN-11934	CPD-12910	left
RXN-11934	NADPH	left
RXN-11934	PROTON	left
RXN-11934	EPISTEROL	right
RXN-11934	NADP	right
RXN-12302	Pullulans	left
RXN-12302	WATER	left
RXN-12302	MALTOTRIOSE	right
FGAMSYN-RXN	ATP	left
FGAMSYN-RXN	5-P-RIBOSYL-N-FORMYLGLYCINEAMIDE	left
FGAMSYN-RXN	GLN	left
FGAMSYN-RXN	WATER	left
FGAMSYN-RXN	PROTON	right
FGAMSYN-RXN	GLT	right
FGAMSYN-RXN	ADP	right
FGAMSYN-RXN	Pi	right
FGAMSYN-RXN	5-PHOSPHORIBOSYL-N-FORMYLGLYCINEAMIDINE	right
RXN-18483	CPD-19817	left
RXN-18483	Red-NADPH-Hemoprotein-Reductases	left
RXN-18483	OXYGEN-MOLECULE	left
RXN-18483	CPD-19818	right
RXN-18483	Ox-NADPH-Hemoprotein-Reductases	right
RXN-18483	WATER	right
RXN-11754	S-ADENOSYLMETHIONINE	left
RXN-11754	2-Methoxy-6-Polyprenyl-14-Benzoquinols	left
RXN-11754	6-Methoxy-3-Methyl-2-Polyprenyl-14-Benzoquinol	right
RXN-11754	ADENOSYL-HOMO-CYS	right
RXN-11754	PROTON	right
RXN-3303	CPD-3161	left
RXN-3303	CPD-3141	right
RXN-3303	WATER	right
RXN-3303	PROTON	right
RXN-15513	2-PG	left
RXN-15513	G3P	right
RXN-15447	PLASTOQUINONE	left
RXN-15447	E-	left
RXN-15447	PROTON	left
RXN-15447	Plastoquinols	right
RXN1F-169	CPD1F-96	left
RXN1F-169	OXYGEN-MOLECULE	left
RXN1F-169	2-KETOGLUTARATE	left
RXN1F-169	PROTON	right
RXN1F-169	CPD1F-140	right
RXN1F-169	CARBON-DIOXIDE	right
RXN1F-169	SUC	right
RXN-8225	16-EPIVELLOSIMINE	left
RXN-8225	VELLOSIMINE	right
RXN-17883	N-terminal-L-cysteine-sulfinate	left
RXN-17883	HYDROGEN-PEROXIDE	left
RXN-17883	N-terminal-L-cysteine-sulfonate	right
RXN-17883	WATER	right
RXN-17883	PROTON	right
RXN-4312	CPD-4204	left
RXN-4312	WATER	left
RXN-4312	PROTON	right
RXN-4312	CPD-4206	right
RXN-4312	Pi	right
1.8.5.1-RXN	L-DEHYDRO-ASCORBATE	left
1.8.5.1-RXN	GLUTATHIONE	left
1.8.5.1-RXN	ASCORBATE	right
1.8.5.1-RXN	OXIDIZED-GLUTATHIONE	right
RXN-14918	S-ADENOSYLMETHIONINE	left
RXN-14918	CPD-15838	left
RXN-14918	ADENOSYL-HOMO-CYS	right
RXN-14918	CPD-15836	right
RXN-14918	PROTON	right
ETHANOLAMINEPHOSPHOTRANSFERASE-RXN	DIACYLGLYCEROL	left
ETHANOLAMINEPHOSPHOTRANSFERASE-RXN	CDP-ETHANOLAMINE	left
ETHANOLAMINEPHOSPHOTRANSFERASE-RXN	L-1-PHOSPHATIDYL-ETHANOLAMINE	right
ETHANOLAMINEPHOSPHOTRANSFERASE-RXN	CMP	right
ETHANOLAMINEPHOSPHOTRANSFERASE-RXN	PROTON	right
RXN-8037	PROTON	left
RXN-8037	CPD-7418	left
RXN-8037	COUMARIN	right
RXN-8037	WATER	right
RXN-22825	C28-Steroids	left
RXN-22825	OXYGEN-MOLECULE	left
RXN-22825	Red-NADPH-Hemoprotein-Reductases	left
RXN-22825	C28-22S-hydroxysteroid	right
RXN-22825	WATER	right
RXN-22825	Ox-NADPH-Hemoprotein-Reductases	right
RXN-12418	CPD-14553	left
RXN-12418	Xyloglucans-Galactose-3	left
RXN-12418	Xyloglucans-Galactose-23	right
RXN-12418	UDP	right
RXN-13955	S-ADENOSYLMETHIONINE	left
RXN-13955	3prime-Hydroxy-Flavonoids	left
RXN-13955	ADENOSYL-HOMO-CYS	right
RXN-13955	3-O-methylflavonoids	right
RXN-13397	CPD-4703	left
RXN-13397	Red-NADPH-Hemoprotein-Reductases	left
RXN-13397	OXYGEN-MOLECULE	left
RXN-13397	CPD-4721	right
RXN-13397	Ox-NADPH-Hemoprotein-Reductases	right
RXN-13397	WATER	right
ARALKYLAMINE-N-ACETYLTRANSFERASE-RXN	ACETYL-COA	left
ARALKYLAMINE-N-ACETYLTRANSFERASE-RXN	2-Arylethylamines	left
ARALKYLAMINE-N-ACETYLTRANSFERASE-RXN	CO-A	right
ARALKYLAMINE-N-ACETYLTRANSFERASE-RXN	N-Acetyl-2-Arylethylamines	right
ARALKYLAMINE-N-ACETYLTRANSFERASE-RXN	PROTON	right
RXN-8307	CPD-8074	left
RXN-8307	OXYGEN-MOLECULE	left
RXN-8307	Reduced-ferredoxins	left
RXN-8307	PROTON	left
RXN-8307	CPD-8076	right
RXN-8307	WATER	right
RXN-8307	Oxidized-ferredoxins	right
RXN-16818	Ferrihemoglobins	left
RXN-16818	HYDROXYLAMINE	left
RXN-16818	Ferrohemoglobins	right
RXN-16818	NITRIC-OXIDE	right
RXN-16818	PROTON	right
RXN-11368	TRANS-POLYISOPRENYL-PP	left
RXN-11368	4-hydroxybenzoate	left
RXN-11368	4-Hydroxy-3-polyprenylbenzoates	right
RXN-11368	PPI	right
2.4.1.121-RXN	CPD-12575	left
2.4.1.121-RXN	INDOLE_ACETATE_AUXIN	left
2.4.1.121-RXN	CPD-1102	right
2.4.1.121-RXN	UDP	right
RXN-8003	CIS-4-HYDROXY-D-PROLINE	left
RXN-8003	OXYGEN-MOLECULE	left
RXN-8003	Donor-H2	left
RXN-8003	CPD-1128	right
RXN-8003	WATER	right
RXN-8003	Acceptor	right
RXN-8003	PROTON	right
1.1.1.255-RXN	NAD	left
1.1.1.255-RXN	MANNITOL	left
1.1.1.255-RXN	CPD-15373	right
1.1.1.255-RXN	PROTON	right
1.1.1.255-RXN	NADH	right
RXN-11925	CPD-12865	left
RXN-11925	FERROCYTOCHROME-B5	left
RXN-11925	OXYGEN-MOLECULE	left
RXN-11925	PROTON	left
RXN-11925	CPD-12866	right
RXN-11925	FERRICYTOCHROME-B5	right
RXN-11925	WATER	right
RXN-21340	CPD-23238	left
RXN-21340	NAD	left
RXN-21340	CPD-23237	right
RXN-21340	NADH	right
RXN-21340	PROTON	right
RXN-15348	CPD-11281	left
RXN-15348	GLUTATHIONE	left
RXN-15348	HS	right
RXN-15348	OXIDIZED-GLUTATHIONE	right
RXN-1823	Starch	left
RXN-1823	WATER	left
RXN-1823	Large-branched-glucans	right
RXN-8140	CPD-12575	left
RXN-8140	CPD-7383	left
RXN-8140	CPD-7140	right
RXN-8140	UDP	right
TRANS-RXN-204	CPD-4208	left
TRANS-RXN-204	PROTON	left
TRANS-RXN-204	CPD-4208	right
TRANS-RXN-204	PROTON	right
RXN-6268	BETAINE-ALDEHYDE-HYDRATE	left
RXN-6268	BETAINE_ALDEHYDE	right
RXN-6268	WATER	right
CDP-GLYCEROL-PYROPHOSPHATASE-RXN	CPD-606	left
CDP-GLYCEROL-PYROPHOSPHATASE-RXN	WATER	left
CDP-GLYCEROL-PYROPHOSPHATASE-RXN	PROTON	right
CDP-GLYCEROL-PYROPHOSPHATASE-RXN	GLYCEROL-3P	right
CDP-GLYCEROL-PYROPHOSPHATASE-RXN	CMP	right
RXN-6902	4-AMINO-BUTYRATE	left
RXN-6902	PYRUVATE	left
RXN-6902	SUCC-S-ALD	right
RXN-6902	L-ALPHA-ALANINE	right
RXN-11836	23S-rRNA-uridine2605	left
RXN-11836	23S-rRNA-pseudouridine2605	right
RXN-11929	CYCLOEUCALENOL	left
RXN-11929	NADP	left
RXN-11929	CPD-12868	right
RXN-11929	NADPH	right
RXN-11929	PROTON	right
RXN-9523	Hexanoyl-ACPs	left
RXN-9523	MALONYL-ACP	left
RXN-9523	PROTON	left
RXN-9523	3-Oxo-octanoyl-ACPs	right
RXN-9523	CARBON-DIOXIDE	right
RXN-9523	ACP	right
RXN-4732	CPD-12575	left
RXN-4732	CPD-4609	left
RXN-4732	PROTON	right
RXN-4732	CPD-4611	right
RXN-4732	UDP	right
RXN-13433	CPD-8909	left
RXN-13433	NAD	left
RXN-13433	CPD-8912	right
RXN-13433	NADH	right
RXN-13433	PROTON	right
RXN-7948	PHOSPHORYL-ETHANOLAMINE	left
RXN-7948	WATER	left
RXN-7948	ETHANOL-AMINE	right
RXN-7948	Pi	right
RXN-22915	CPD-25382	left
RXN-22915	CYS	left
RXN-22915	R-4-PHOSPHOPANTOTHENOYL-L-CYSTEINE	right
RXN-22915	CMP	right
RXN-22915	PROTON	right
ACETOLACTREDUCTOISOM-RXN	CPD-13357	left
ACETOLACTREDUCTOISOM-RXN	NADP	left
ACETOLACTREDUCTOISOM-RXN	2-ACETO-LACTATE	right
ACETOLACTREDUCTOISOM-RXN	NADPH	right
ACETOLACTREDUCTOISOM-RXN	PROTON	right
1.1.1.51-RXN	TESTOSTERONE	left
1.1.1.51-RXN	NAD-P-OR-NOP	left
1.1.1.51-RXN	ANDROST4ENE	right
1.1.1.51-RXN	NADH-P-OR-NOP	right
1.1.1.51-RXN	PROTON	right
RXN-12581	CRPB-all-trans-Retinol	left
RXN-12581	NAD	left
RXN-12581	CRPB-all-trans-Retinal	right
RXN-12581	NADH	right
RXN-12581	PROTON	right
RXN-14919	S-ADENOSYLMETHIONINE	left
RXN-14919	CPD-15839	left
RXN-14919	ADENOSYL-HOMO-CYS	right
RXN-14919	CPD-15837	right
RXN-14919	PROTON	right
RXN-14025	UMP	left
RXN-14025	WATER	left
RXN-14025	URIDINE	right
RXN-14025	Pi	right
CARBPSYN-RXN	ATP	left
CARBPSYN-RXN	GLN	left
CARBPSYN-RXN	HCO3	left
CARBPSYN-RXN	WATER	left
CARBPSYN-RXN	GLT	right
CARBPSYN-RXN	CARBAMOYL-P	right
CARBPSYN-RXN	ADP	right
CARBPSYN-RXN	Pi	right
CARBPSYN-RXN	PROTON	right
6.3.5.7-RXN	GLN	left
6.3.5.7-RXN	L-glutamyl-tRNAGln	left
6.3.5.7-RXN	ATP	left
6.3.5.7-RXN	WATER	left
6.3.5.7-RXN	GLT	right
6.3.5.7-RXN	Charged-GLN-tRNAs	right
6.3.5.7-RXN	Pi	right
6.3.5.7-RXN	ADP	right
6.3.5.7-RXN	PROTON	right
RXN-8482	PROTON	left
RXN-8482	CPD-8656	left
RXN-8482	CPD-8651	left
RXN-8482	CPD-8654	right
RXN-8482	WATER	right
RXN-7984	CPD1F-133	left
RXN-7984	ASCORBATE	left
RXN-7984	CPD1F-131	right
RXN-7984	L-DEHYDRO-ASCORBATE	right
RXN-7984	WATER	right
TRANS-CINNAMATE-2-MONOOXYGENASE-RXN	PROTON	left
TRANS-CINNAMATE-2-MONOOXYGENASE-RXN	CPD-674	left
TRANS-CINNAMATE-2-MONOOXYGENASE-RXN	OXYGEN-MOLECULE	left
TRANS-CINNAMATE-2-MONOOXYGENASE-RXN	NADPH	left
TRANS-CINNAMATE-2-MONOOXYGENASE-RXN	WATER	right
TRANS-CINNAMATE-2-MONOOXYGENASE-RXN	NADP	right
TRANS-CINNAMATE-2-MONOOXYGENASE-RXN	2-COUMARATE	right
RXN-7682	HYPOXANTHINE	left
RXN-7682	NAD	left
RXN-7682	WATER	left
RXN-7682	XANTHINE	right
RXN-7682	NADH	right
RXN-7682	PROTON	right
RXN-15352	CPD-16558	left
RXN-15352	CPD-15283	left
RXN-15352	CPD-16559	right
RXN-15352	Glucopyranose	right
RXN-14194	PALMITYL-COA	left
RXN-14194	NADP	left
RXN-14194	CPD0-2117	right
RXN-14194	NADPH	right
RXN-14194	PROTON	right
RXN-16405	CPD-17641	left
RXN-16405	NADPH	left
RXN-16405	PROTON	left
RXN-16405	CPD-17643	right
RXN-16405	CO-A	right
RXN-16405	NADP	right
RXN-21028	S-ADENOSYLMETHIONINE	left
RXN-21028	CPD-22658	left
RXN-21028	Red-Thioredoxin	left
RXN-21028	ADENOSYL-HOMO-CYS	right
RXN-21028	CPD-22659	right
RXN-21028	GLUTATHIONE	right
RXN-21028	Ox-Thioredoxin	right
RXN-21028	PROTON	right
RXN-19748	MAL	left
RXN-19748	NAD	left
RXN-19748	PYRUVATE	right
RXN-19748	CARBON-DIOXIDE	right
RXN-19748	NADH	right
1.1.1.222-RXN	CPD-2222	left
1.1.1.222-RXN	NAD-P-OR-NOP	left
1.1.1.222-RXN	P-HYDROXY-PHENYLPYRUVATE	right
1.1.1.222-RXN	NADH-P-OR-NOP	right
1.1.1.222-RXN	PROTON	right
RXN-14435	CPD-15005	left
RXN-14435	WATER	left
RXN-14435	CPD1F-766	right
RXN-14435	Glucopyranose	right
RXN-14435	PROTON	right
MEPROPCOA-FAD-RXN	ISOBUTYRYL-COA	left
MEPROPCOA-FAD-RXN	ETF-Oxidized	left
MEPROPCOA-FAD-RXN	PROTON	left
MEPROPCOA-FAD-RXN	METHACRYLYL-COA	right
MEPROPCOA-FAD-RXN	ETF-Reduced	right
RXN-11587	S-ADENOSYLMETHIONINE	left
RXN-11587	CPD-12585	left
RXN-11587	CPD-12586	right
RXN-11587	ADENOSYL-HOMO-CYS	right
CDPREDUCT-RXN	DCDP	left
CDPREDUCT-RXN	Ox-Thioredoxin	left
CDPREDUCT-RXN	WATER	left
CDPREDUCT-RXN	CDP	right
CDPREDUCT-RXN	Red-Thioredoxin	right
RXN-16939	CPD-12575	left
RXN-16939	GERANIOL	left
RXN-16939	CPD-18262	right
RXN-16939	UDP	right
RXN-16939	PROTON	right
RXN-5482	CPD-12575	left
RXN-5482	NADPH	left
RXN-5482	PROTON	left
RXN-5482	UDP-L-RHAMNOSE	right
RXN-5482	NADP	right
RXN-5482	WATER	right
4.2.1.93-RXN	ATP	left
4.2.1.93-RXN	CPD-653	left
4.2.1.93-RXN	PROTON	right
4.2.1.93-RXN	Pi	right
4.2.1.93-RXN	NADH	right
4.2.1.93-RXN	ADP	right
3.2.1.17-RXN	Peptidoglycans	left
3.2.1.17-RXN	WATER	left
3.2.1.17-RXN	Peptide-Peptidoglycan-NAcMur	right
3.2.1.17-RXN	Peptidoglycan-GlcNAC	right
RXN-22349	CPD-24362	left
RXN-22349	DIMETHYLARSINATE	right
RXN-22349	PROTON	right
RXN-20745	CPD-22362	left
RXN-20745	NAD-P-OR-NOP	left
RXN-20745	CPD-9978	right
RXN-20745	NADH-P-OR-NOP	right
RXN-20745	PROTON	right
DSERDEAM-RXN	D-SERINE	left
DSERDEAM-RXN	PYRUVATE	right
DSERDEAM-RXN	AMMONIUM	right
URATE-OXIDASE-RXN	URATE	left
URATE-OXIDASE-RXN	OXYGEN-MOLECULE	left
URATE-OXIDASE-RXN	WATER	left
URATE-OXIDASE-RXN	5-HYDROXYISOURATE	right
URATE-OXIDASE-RXN	HYDROGEN-PEROXIDE	right
1.14.21.6-RXN	CPD-4186	left
1.14.21.6-RXN	FERROCYTOCHROME-B5	left
1.14.21.6-RXN	OXYGEN-MOLECULE	left
1.14.21.6-RXN	PROTON	left
1.14.21.6-RXN	CPD-4187	right
1.14.21.6-RXN	FERRICYTOCHROME-B5	right
1.14.21.6-RXN	WATER	right
2.5.1.46-RXN	SPERMIDINE	left
2.5.1.46-RXN	EIF5A-LYSINE	left
2.5.1.46-RXN	CPD-9973	right
2.5.1.46-RXN	CPD-313	right
2.5.1.46-RXN	PROTON	right
RXN-17882	N-terminal-L-alanine-sulfenate	left
RXN-17882	HYDROGEN-PEROXIDE	left
RXN-17882	N-terminal-L-cysteine-sulfinate	right
RXN-17882	WATER	right
RXN-9751	CPD-12575	left
RXN-9751	CPD-10455	left
RXN-9751	CPD-10456	right
RXN-9751	UDP	right
RXN-9751	PROTON	right
RXN-7202	1-L-MYO-INOSITOL-1-P	left
RXN-7202	ATP	left
RXN-7202	PROTON	right
RXN-7202	D-MYO-INOSITOL-34-BISPHOSPHATE	right
RXN-7202	ADP	right
RXNQT-4330	PAPS	left
RXNQT-4330	CPDQT-285	left
RXNQT-4330	3-5-ADP	right
RXNQT-4330	PROTON	right
RXNQT-4330	CPDQT-286	right
RXN-8353	CPD-8134	left
RXN-8353	NADP	left
RXN-8353	CPD-4141	right
RXN-8353	NADPH	right
RXN-8353	PROTON	right
RXN3O-130	LANOSTEROL	left
RXN3O-130	OXYGEN-MOLECULE	left
RXN3O-130	Red-NADPH-Hemoprotein-Reductases	left
RXN3O-130	44-DIMETHYL-CHOLESTA-814-24-TRIENOL	right
RXN3O-130	FORMATE	right
RXN3O-130	Ox-NADPH-Hemoprotein-Reductases	right
RXN3O-130	WATER	right
RXN3O-130	PROTON	right
PANTOTHENATE-KIN-RXN	PANTOTHENATE	left
PANTOTHENATE-KIN-RXN	ATP	left
PANTOTHENATE-KIN-RXN	PROTON	right
PANTOTHENATE-KIN-RXN	4-P-PANTOTHENATE	right
PANTOTHENATE-KIN-RXN	ADP	right
RXN-19386	CPD-19628	left
RXN-19386	WATER	left
RXN-19386	ISOBUTANOL	right
RXN-19386	ACET	right
RXN-19386	PROTON	right
FUMARYLACETOACETASE-RXN	4-FUMARYL-ACETOACETATE	left
FUMARYLACETOACETASE-RXN	WATER	left
FUMARYLACETOACETASE-RXN	FUM	right
FUMARYLACETOACETASE-RXN	3-KETOBUTYRATE	right
FUMARYLACETOACETASE-RXN	PROTON	right
OHACYL-COA-DEHYDROG-RXN	NAD	left
OHACYL-COA-DEHYDROG-RXN	L-3-HYDROXYACYL-COA	left
OHACYL-COA-DEHYDROG-RXN	3-KETOACYL-COA	right
OHACYL-COA-DEHYDROG-RXN	NADH	right
OHACYL-COA-DEHYDROG-RXN	PROTON	right
RXN-19920	CPD-21533	left
RXN-19920	WATER	left
RXN-19920	Protein-L-lysine	right
RXN-19920	CPD-14762	right
ALANINE-AMINOTRANSFERASE-RXN	L-ALPHA-ALANINE	left
ALANINE-AMINOTRANSFERASE-RXN	2-KETOGLUTARATE	left
ALANINE-AMINOTRANSFERASE-RXN	PYRUVATE	right
ALANINE-AMINOTRANSFERASE-RXN	GLT	right
RXN-11526	CPD-12491	left
RXN-11526	NAD-P-OR-NOP	left
RXN-11526	CPD-12490	right
RXN-11526	NADH-P-OR-NOP	right
RXN-11526	PROTON	right
325-BISPHOSPHATE-NUCLEOTIDASE-RXN	3-5-ADP	left
325-BISPHOSPHATE-NUCLEOTIDASE-RXN	WATER	left
325-BISPHOSPHATE-NUCLEOTIDASE-RXN	Pi	right
325-BISPHOSPHATE-NUCLEOTIDASE-RXN	AMP	right
RXN-20965	CPD-22602	left
RXN-20965	NADP	left
RXN-20965	CPD-22601	right
RXN-20965	NADPH	right
RXN-20965	PROTON	right
RXN-22605	L-LACTATE	left
RXN-22605	PROTON	left
RXN-22605	CPD-24844	right
RXN-11758	S-ADENOSYLMETHIONINE	left
RXN-11758	Demethylated-Ubiquinols	left
RXN-11758	Ubiquinols	right
RXN-11758	ADENOSYL-HOMO-CYS	right
RXN-11758	PROTON	right
RXN-13494	CPD-14485	left
RXN-13494	Red-NADPH-Hemoprotein-Reductases	left
RXN-13494	OXYGEN-MOLECULE	left
RXN-13494	CPD-14483	right
RXN-13494	Ox-NADPH-Hemoprotein-Reductases	right
RXN-13494	WATER	right
RXN-13494	PROTON	right
RXN-18482	CPD-12575	left
RXN-18482	CPD-11260	left
RXN-18482	CPD-19813	right
RXN-18482	UDP	right
RXN-18482	PROTON	right
DTDPGLUCDEHYDRAT-RXN	DTDP-D-GLUCOSE	left
DTDPGLUCDEHYDRAT-RXN	WATER	right
DTDPGLUCDEHYDRAT-RXN	DTDP-DEOH-DEOXY-GLUCOSE	right
RXN-10705	CPD-11527	left
RXN-10705	CPD-11526	right
RXN-10705	WATER	right
GLUC1PADENYLTRANS-RXN	PROTON	left
GLUC1PADENYLTRANS-RXN	GLC-1-P	left
GLUC1PADENYLTRANS-RXN	ATP	left
GLUC1PADENYLTRANS-RXN	ADP-D-GLUCOSE	right
GLUC1PADENYLTRANS-RXN	PPI	right
RXN-4821	PROTON	left
RXN-4821	DELTA1-PIPERIDEINE-2-6-DICARBOXYLATE	left
RXN-4821	WATER	left
RXN-4821	L-ALPHA-AMINO-EPSILON-KETO-PIMELATE	right
RXN-15124	2-AMINOACRYLATE	left
RXN-15124	CPD-16015	right
RXN-22775	CPD-15374	left
RXN-22775	VAL	left
RXN-22775	CPD-25236	right
RXN-22775	WATER	right
RXN-4723	CPD-12575	left
RXN-4723	CPD-4210	left
RXN-4723	PROTON	right
RXN-4723	CPD-4614	right
RXN-4723	UDP	right
RXN-13967	CPD1F-766	left
RXN-13967	1-O-SINAPOYL-BETA-D-GLUCOSE	left
RXN-13967	CPD-7138	right
RXN-13967	SINAPATE	right
RXN-9515	Butanoyl-ACPs	left
RXN-9515	NADP	left
RXN-9515	Crotonyl-ACPs	right
RXN-9515	NADPH	right
RXN-9515	PROTON	right
RXN-18196	CPD-19482	left
RXN-18196	CPD-19483	right
RXN-15991	Beta-C-phycocyanin-PCB82	left
RXN-15991	Apo-beta-C-Phycocyanins	right
RXN-15991	CPD-17222	right
GLYCEROL-KIN-RXN	GLYCEROL	left
GLYCEROL-KIN-RXN	ATP	left
GLYCEROL-KIN-RXN	PROTON	right
GLYCEROL-KIN-RXN	GLYCEROL-3P	right
GLYCEROL-KIN-RXN	ADP	right
HYPOXANPRIBOSYLTRAN-RXN	IMP	left
HYPOXANPRIBOSYLTRAN-RXN	PPI	left
HYPOXANPRIBOSYLTRAN-RXN	HYPOXANTHINE	right
HYPOXANPRIBOSYLTRAN-RXN	PRPP	right
RXN-21288	DIVINYLCHLOROPHYLLIDE-A	left
RXN-21288	OXYGEN-MOLECULE	left
RXN-21288	NADPH	left
RXN-21288	PROTON	left
RXN-21288	CPD-22993	right
RXN-21288	WATER	right
RXN-21288	NADP	right
RXN-8696	CPD-8921	left
RXN-8696	Red-NADPH-Hemoprotein-Reductases	left
RXN-8696	OXYGEN-MOLECULE	left
RXN-8696	CPD-8922	right
RXN-8696	Ox-NADPH-Hemoprotein-Reductases	right
RXN-8696	WATER	right
GLYCPDIESTER-RXN	Glycerophosphodiesters	left
GLYCPDIESTER-RXN	WATER	left
GLYCPDIESTER-RXN	Alcohols	right
GLYCPDIESTER-RXN	GLYCEROL-3P	right
GLYCPDIESTER-RXN	PROTON	right
RXN-10138	CPD-8004	left
RXN-10138	PAPS	left
RXN-10138	3-5-ADP	right
RXN-10138	PROTON	right
RXN-10138	CPD-10900	right
PHOSNACMURPENTATRANS-RXN	C1	left
PHOSNACMURPENTATRANS-RXN	CPD-9646	left
PHOSNACMURPENTATRANS-RXN	C5	right
PHOSNACMURPENTATRANS-RXN	UMP	right
ADENYLYLSULFKIN-RXN	APS	left
ADENYLYLSULFKIN-RXN	ATP	left
ADENYLYLSULFKIN-RXN	PROTON	right
ADENYLYLSULFKIN-RXN	PAPS	right
ADENYLYLSULFKIN-RXN	ADP	right
RXN-8363	CPD-8160	left
RXN-8363	OXYGEN-MOLECULE	left
RXN-8363	Reduced-ferredoxins	left
RXN-8363	PROTON	left
RXN-8363	CPD-8161	right
RXN-8363	WATER	right
RXN-8363	Oxidized-ferredoxins	right
RXN-13642	CPD-14646	left
RXN-13642	OXYGEN-MOLECULE	left
RXN-13642	CPD-14647	right
RXN-13642	CPD-7204	right
RXN-16805	Ferrihemoglobins	left
RXN-16805	NITRIC-OXIDE	left
RXN-16805	OH	left
RXN-16805	Ferrohemoglobins	right
RXN-16805	NITRITE	right
RXN-16805	PROTON	right
MYO-INOSITOL-1-PHOSPHATE-SYNTHASE-RXN	D-glucopyranose-6-phosphate	left
MYO-INOSITOL-1-PHOSPHATE-SYNTHASE-RXN	1-L-MYO-INOSITOL-1-P	right
PREPHENATE-DEHYDROGENASE-NADP+-RXN	PREPHENATE	left
PREPHENATE-DEHYDROGENASE-NADP+-RXN	NADP	left
PREPHENATE-DEHYDROGENASE-NADP+-RXN	P-HYDROXY-PHENYLPYRUVATE	right
PREPHENATE-DEHYDROGENASE-NADP+-RXN	CARBON-DIOXIDE	right
PREPHENATE-DEHYDROGENASE-NADP+-RXN	NADPH	right
RXN-9540	R-3-Hydroxypalmitoyl-ACPs	left
RXN-9540	NADP	left
RXN-9540	3-oxo-palmitoyl-ACPs	right
RXN-9540	NADPH	right
RXN-9540	PROTON	right
RXN-12799	CPD-8691	left
RXN-12799	Red-NADPH-Hemoprotein-Reductases	left
RXN-12799	OXYGEN-MOLECULE	left
RXN-12799	CPD-8694	right
RXN-12799	Ox-NADPH-Hemoprotein-Reductases	right
RXN-12799	WATER	right
RXN-12799	PROTON	right
GLY3KIN-RXN	GLYCERATE	left
GLY3KIN-RXN	ATP	left
GLY3KIN-RXN	PROTON	right
GLY3KIN-RXN	G3P	right
GLY3KIN-RXN	ADP	right
CHITIN-SYNTHASE-RXN	UDP-N-ACETYL-D-GLUCOSAMINE	left
CHITIN-SYNTHASE-RXN	CHITIN	left
CHITIN-SYNTHASE-RXN	UDP	right
CHITIN-SYNTHASE-RXN	CHITIN	right
RXN-22340	CPD0-2040	left
RXN-22340	CPD-24347	left
RXN-22340	CPD-24349	right
RXN-22340	WATER	right
RXN-8235	CAFFEOYL-COA	left
RXN-8235	CPD-7963	left
RXN-8235	CPD-7965	right
RXN-8235	CO-A	right
RXN-11978	CPD-12949	left
RXN-11978	OXYGEN-MOLECULE	left
RXN-11978	CPD-12953	right
RXN-11978	WATER	right
RXN-4444	Long-chain-alcohols	left
RXN-4444	OXYGEN-MOLECULE	left
RXN-4444	Long-Chain-Aldehydes	right
RXN-4444	HYDROGEN-PEROXIDE	right
PHENYLPYRUVATE-TAUTOMERASE-RXN	PHENYL-PYRUVATE	left
PHENYLPYRUVATE-TAUTOMERASE-RXN	ENOL-PHENYLPYRUVATE	right
RXN-17472	S-ADENOSYLMETHIONINE	left
RXN-17472	Sulfurated-Sulfur-Acceptors	left
RXN-17472	DETHIOBIOTIN	left
RXN-17472	Reduced-2Fe-2S-Ferredoxins	left
RXN-17472	PROTON	left
RXN-17472	Unsulfurated-Sulfur-Acceptors	right
RXN-17472	CPD-5662	right
RXN-17472	CH33ADO	right
RXN-17472	MET	right
RXN-17472	Oxidized-2Fe-2S-Ferredoxins	right
RXN-19833	CPD-21439	left
RXN-19833	OXYGEN-MOLECULE	left
RXN-19833	Red-NADPH-Hemoprotein-Reductases	left
RXN-19833	ALPHA-METHYL-5-ALPHA-ERGOSTA	right
RXN-19833	FORMATE	right
RXN-19833	WATER	right
RXN-19833	Ox-NADPH-Hemoprotein-Reductases	right
RXN-19833	PROTON	right
RXN-714	CPD-711	left
RXN-714	Acceptor	left
RXN-714	CPD-713	right
RXN-714	Donor-H2	right
RXN-15129	CYS	left
RXN-15129	2-AMINOACRYLATE	right
RXN-15129	HS	right
RXN-23058	2-KETO-ISOVALERATE	left
RXN-23058	HctE-PCP1-Domain	left
RXN-23058	ATP	left
RXN-23058	NADPH	left
RXN-23058	PROTON	left
RXN-23058	3-Methyl-2-hydroxybutanoyl-HctE-PCP1-Domain	right
RXN-23058	AMP	right
RXN-23058	PPI	right
RXN-23058	NADP	right
RXN-7974	CPD-7196	left
RXN-7974	OXYGEN-MOLECULE	left
RXN-7974	CPD-7279	right
RXN-7974	CPD-7280	right
RXN-19806	CPD-21423	left
RXN-19806	NAD	left
RXN-19806	CPD-21422	right
RXN-19806	NADH	right
RXN-19806	PROTON	right
RXN-19696	CPD-12575	left
RXN-19696	CPD-15450	left
RXN-19696	CPD-12100	right
RXN-19696	UDP	right
RXN-19696	PROTON	right
FERRIC-CHELATE-REDUCTASE-RXN	Fe2-siderophores	left
FERRIC-CHELATE-REDUCTASE-RXN	NAD	left
FERRIC-CHELATE-REDUCTASE-RXN	PROTON	left
FERRIC-CHELATE-REDUCTASE-RXN	Fe3-siderophores	right
FERRIC-CHELATE-REDUCTASE-RXN	NADH	right
RXN-13452	CPD-12575	left
RXN-13452	CPD-14427	left
RXN-13452	UDP	right
RXN-13452	CPD-14434	right
RXN-13452	PROTON	right
RXN-12263	FARNESYL-PP	left
RXN-12263	CPD-465	right
RXN-12263	PPI	right
RXN-5164	CPD-4943	left
RXN-5164	NADP	left
RXN-5164	CPD-4942	right
RXN-5164	NADPH	right
RXN-5164	PROTON	right
RXN-11535	CPD-717	left
RXN-11535	OXYGEN-MOLECULE	left
RXN-11535	Red-NADPH-Hemoprotein-Reductases	left
RXN-11535	CPD-17422	right
RXN-11535	WATER	right
RXN-11535	Ox-NADPH-Hemoprotein-Reductases	right
RXN-18481	CPD-13420	left
RXN-18481	WATER	left
RXN-18481	CPD-11260	right
RXN-18481	ILE	right
RXN-20161	Ox-Thioredoxin	left
RXN-20161	a-reduced-DsbD-protein	left
RXN-20161	Red-Thioredoxin	right
RXN-20161	an-oxidized-DsbD-protein	right
RXN-16372	CPD-17610	left
RXN-16372	CPD-17607	right
RXN-16372	CARBON-DIOXIDE	right
6PFRUCTPHOS-RXN	ATP	left
6PFRUCTPHOS-RXN	FRUCTOSE-6P	left
6PFRUCTPHOS-RXN	PROTON	right
6PFRUCTPHOS-RXN	ADP	right
6PFRUCTPHOS-RXN	FRUCTOSE-16-DIPHOSPHATE	right
RXN3O-218	EPISTEROL	left
RXN3O-218	OXYGEN-MOLECULE	left
RXN3O-218	FERROCYTOCHROME-B5	left
RXN3O-218	PROTON	left
RXN3O-218	CPD-700	right
RXN3O-218	WATER	right
RXN3O-218	FERRICYTOCHROME-B5	right
RXN-17879	L-Glutaminyl-Peptides	left
RXN-17879	WATER	left
RXN-17879	L-Glutamyl-Peptides	right
RXN-17879	AMMONIUM	right
5-NUCLEOTID-RXN	Ribonucleoside-Monophosphates	left
5-NUCLEOTID-RXN	WATER	left
5-NUCLEOTID-RXN	Ribonucleosides	right
5-NUCLEOTID-RXN	Pi	right
PRODISULFREDUCT-A-RXN	GLUTATHIONE	left
PRODISULFREDUCT-A-RXN	Ox-Glutaredoxins	left
PRODISULFREDUCT-A-RXN	OXIDIZED-GLUTATHIONE	right
PRODISULFREDUCT-A-RXN	Red-Glutaredoxins	right
RXN-11101	CPD-3946	left
RXN-11101	OXYGEN-MOLECULE	left
RXN-11101	Red-NADPH-Hemoprotein-Reductases	left
RXN-11101	CPD-717	right
RXN-11101	Ox-NADPH-Hemoprotein-Reductases	right
RXN-11101	WATER	right
GCVT-RXN	AMINOMETHYLDIHYDROLIPOYL-GCVH	left
GCVT-RXN	THF-GLU-N	left
GCVT-RXN	DIHYDROLIPOYL-GCVH	right
GCVT-RXN	METHYLENE-THF-GLU-N	right
GCVT-RXN	AMMONIUM	right
RXN-17854	ACETYL-COA	left
RXN-17854	L-methionyl-L-leucyl-Protein	left
RXN-17854	N-Ac-L-methionyl-L-leucyl-Protein	right
RXN-17854	CO-A	right
RXN-17854	PROTON	right
1.2.4.4-RXN	2-KETO-ISOVALERATE	left
1.2.4.4-RXN	BCAA-dehydrogenase-lipoyl	left
1.2.4.4-RXN	PROTON	left
1.2.4.4-RXN	BCAA-dehydrogenase-2MP-DH-lipoyl	right
1.2.4.4-RXN	CARBON-DIOXIDE	right
RXN-9310	CPD-9924	left
RXN-9310	CPD-9923	right
RXN-9310	PYRUVATE	right
RXN-12195	WATER	left
RXN-12195	CTP	left
RXN-12195	PROTON	right
RXN-12195	Pi	right
RXN-12195	CDP	right
AMPSYN-RXN	ADENYLOSUCC	left
AMPSYN-RXN	AMP	right
AMPSYN-RXN	FUM	right
RXN-11896	S-ADENOSYLMETHIONINE	left
RXN-11896	CPD-12871	left
RXN-11896	CPD-6959	right
RXN-11896	ADENOSYL-HOMO-CYS	right
RXN-11896	PROTON	right
2.4.1.82-RXN	CPD-458	left
2.4.1.82-RXN	SUCROSE	left
2.4.1.82-RXN	MYO-INOSITOL	right
2.4.1.82-RXN	CPD-1099	right
RXN-14904	CPD-10330	left
RXN-14904	CPD0-1108	right
RXN-7698	Very-Long-Chain-3-Hydroxyacyl-CoAs	left
RXN-7698	NADP	left
RXN-7698	Very-Long-Chain-oxoacyl-CoAs	right
RXN-7698	NADPH	right
RXN-7698	PROTON	right
RXN-11755	UDP-GLUCURONATE	left
RXN-11755	CPD-12724	left
RXN-11755	PROTON	right
RXN-11755	UDP	right
RXN-11755	CPD-12725	right
RXN-16592	CPD-5164	left
RXN-16592	CPD-5164	right
RXN-9538	Myristoyl-ACPs	left
RXN-9538	NADP	left
RXN-9538	Tetradec-2-enoyl-ACPs	right
RXN-9538	NADPH	right
RXN-9538	PROTON	right
PYRIMSYN1-RXN	S-ADENOSYLMETHIONINE	left
PYRIMSYN1-RXN	5-PHOSPHORIBOSYL-5-AMINOIMIDAZOLE	left
PYRIMSYN1-RXN	AMINO-HYDROXYMETHYL-METHYL-PYR-P	right
PYRIMSYN1-RXN	CH33ADO	right
PYRIMSYN1-RXN	MET	right
PYRIMSYN1-RXN	FORMATE	right
PYRIMSYN1-RXN	CARBON-MONOXIDE	right
PYRIMSYN1-RXN	PROTON	right
RXN-9666	OLEOYL-COA	left
RXN-9666	WATER	left
RXN-9666	PROTON	right
RXN-9666	OLEATE-CPD	right
RXN-9666	CO-A	right
RXN-6622	CYS-GLY	left
RXN-6622	WATER	left
RXN-6622	CYS	right
RXN-6622	GLY	right
RXN-7800	PROTON	left
RXN-7800	CPD-7100	left
RXN-7800	2K-4CH3-PENTANOATE	right
RXN-7800	CARBON-DIOXIDE	right
RXN-21170	CPD-22768	left
RXN-21170	OXYGEN-MOLECULE	left
RXN-21170	Red-NADPH-Hemoprotein-Reductases	left
RXN-21170	CPD-4183	right
RXN-21170	FORMATE	right
RXN-21170	WATER	right
RXN-21170	Ox-NADPH-Hemoprotein-Reductases	right
RXN-21170	PROTON	right
RXN-2562	S-ADENOSYLMETHIONINE	left
RXN-2562	DELTA-TOCOPHEROL	left
RXN-2562	ADENOSYL-HOMO-CYS	right
RXN-2562	BETA-TOCOPHEROL	right
RXN-2562	PROTON	right
RXN-7737	LL-DIAMINOPIMELATE	left
RXN-7737	2-KETOGLUTARATE	left
RXN-7737	DELTA1-PIPERIDEINE-2-6-DICARBOXYLATE	right
RXN-7737	GLT	right
RXN-7737	WATER	right
RXN-7737	PROTON	right
L-GLN-FRUCT-6-P-AMINOTRANS-RXN	GLN	left
L-GLN-FRUCT-6-P-AMINOTRANS-RXN	FRUCTOSE-6P	left
L-GLN-FRUCT-6-P-AMINOTRANS-RXN	GLT	right
L-GLN-FRUCT-6-P-AMINOTRANS-RXN	D-GLUCOSAMINE-6-P	right
RXN-961	D-RIBULOSE-15-P2	left
RXN-961	OXYGEN-MOLECULE	left
RXN-961	CPD-67	right
RXN-961	G3P	right
RXN-961	PROTON	right
RXN-8479	CPD-12575	left
RXN-8479	CPD-8653	left
RXN-8479	PROTON	right
RXN-8479	CPD-8654	right
RXN-8479	UDP	right
RXN-17233	S-ADENOSYLMETHIONINE	left
RXN-17233	CPD-18654	left
RXN-17233	CPD-18578	right
RXN-17233	ADENOSYL-HOMO-CYS	right
RXN-17233	PROTON	right
RXN-22317	CPD-24319	left
RXN-22317	CPD-24318	right
RXN-22317	PROTON	right
QUERCETIN-23-DIOXYGENASE-RXN	CPD-520	left
QUERCETIN-23-DIOXYGENASE-RXN	OXYGEN-MOLECULE	left
QUERCETIN-23-DIOXYGENASE-RXN	2-PROTOCATECHUOYLPHLOROGLUCINOLCARBOXYLA	right
QUERCETIN-23-DIOXYGENASE-RXN	CARBON-MONOXIDE	right
RXN-1225	CPD-14553	left
RXN-1225	D-Galactosyl-12-diacyl-glycerols	left
RXN-1225	Galactosyl-galactosyl-diacyl-glycerols	right
RXN-1225	UDP	right
RXN-1225	PROTON	right
RXN-23907	CPD-20105	left
RXN-23907	GLT-tRNAs	left
RXN-23907	Charged-GLT-tRNAs	right
RXN-23907	AMP	right
RXN-23907	PROTON	right
RXN-18489	Jasmonoyl-Amino-Acid-Conjugates	left
RXN-18489	Red-NADPH-Hemoprotein-Reductases	left
RXN-18489	OXYGEN-MOLECULE	left
RXN-18489	CPD-19821	right
RXN-18489	Ox-NADPH-Hemoprotein-Reductases	right
RXN-18489	WATER	right
RXN-9818	CPD-10523	left
RXN-9818	INDOXYL	right
RXN-9818	WATER	right
RXN-982	ARSENATE	left
RXN-982	GLUTATHIONE	left
RXN-982	Red-Glutaredoxins	left
RXN-982	PROTON	left
RXN-982	CPD0-2040	right
RXN-982	Grx-GSH-dithiol	right
RXN-982	WATER	right
RXN-16173	CPD-17422	left
RXN-16173	Red-NADPH-Hemoprotein-Reductases	left
RXN-16173	OXYGEN-MOLECULE	left
RXN-16173	CPD-718	right
RXN-16173	Ox-NADPH-Hemoprotein-Reductases	right
RXN-16173	WATER	right
RXN-2541	PHYTYL-PYROPHOSPHATE	left
RXN-2541	HOMOGENTISATE	left
RXN-2541	PROTON	left
RXN-2541	MPBQ	right
RXN-2541	CARBON-DIOXIDE	right
RXN-2541	PPI	right
RXN-2944	INDOLE_ACETATE_AUXIN	left
RXN-2944	L-ALPHA-ALANINE	left
RXN-2944	ATP	left
RXN-2944	PROTON	right
RXN-2944	INDOLE-3-ACETYL-ALA	right
RXN-2944	AMP	right
RXN-2944	PPI	right
1.2.3.3-RXN	PROTON	left
1.2.3.3-RXN	PYRUVATE	left
1.2.3.3-RXN	Pi	left
1.2.3.3-RXN	OXYGEN-MOLECULE	left
1.2.3.3-RXN	ACETYL-P	right
1.2.3.3-RXN	CARBON-DIOXIDE	right
1.2.3.3-RXN	HYDROGEN-PEROXIDE	right
RXN-4303	CPD-4211	left
RXN-4303	ATP	left
RXN-4303	CPD-4201	right
RXN-4303	PPI	right
RXN-13968	3Z-PHYTOCHROMOBILIN	left
RXN-13968	CPD-15004	right
RXN-13405	S-ADENOSYLMETHIONINE	left
RXN-13405	SARCOSINE	left
RXN-13405	ADENOSYL-HOMO-CYS	right
RXN-13405	BETAINE	right
RXN-13405	PROTON	right
RXN-20057	an-oxidized-DsbD-protein	left
RXN-20057	Protein-Dithiols	left
RXN-20057	a-reduced-DsbD-protein	right
RXN-20057	Protein-Disulfides	right
RXN-14187	DCDP	left
RXN-14187	WATER	left
RXN-14187	DCMP	right
RXN-14187	Pi	right
RXN-14187	PROTON	right
ACYLPHOSPHATASE-RXN	WATER	left
ACYLPHOSPHATASE-RXN	Acyl-Phosphates	left
ACYLPHOSPHATASE-RXN	Pi	right
ACYLPHOSPHATASE-RXN	Carboxylates	right
ACYLPHOSPHATASE-RXN	PROTON	right
HOMOGENTISATE-12-DIOXYGENASE-RXN	OXYGEN-MOLECULE	left
HOMOGENTISATE-12-DIOXYGENASE-RXN	HOMOGENTISATE	left
HOMOGENTISATE-12-DIOXYGENASE-RXN	PROTON	right
HOMOGENTISATE-12-DIOXYGENASE-RXN	4-MALEYL-ACETOACETATE	right
RXN0-7083	tRNA-2-thiouridine34	left
RXN0-7083	METHYLENE-THF-GLU-N	left
RXN0-7083	AMMONIUM	left
RXN0-7083	GTP	left
RXN0-7083	WATER	left
RXN0-7083	Acceptor	left
RXN0-7083	tRNA-Containing-5AminoMe-2-ThioUrdines	right
RXN0-7083	DIHYDROFOLATE-GLU-N	right
RXN0-7083	GDP	right
RXN0-7083	Pi	right
RXN0-7083	Donor-H2	right
RXN0-7083	PROTON	right
RXN-22734	ATP	left
RXN-22734	L-ASPARTATE	left
RXN-22734	AMMONIA	left
RXN-22734	PPI	right
RXN-22734	AMP	right
RXN-22734	ASN	right
RXN-21026	Thiarsahydroxy-SG-ArsC	left
RXN-21026	Red-Glutaredoxins	left
RXN-21026	ArsC-S-As-OH	right
RXN-21026	Grx-GSH-dithiol	right
RXN-21026	WATER	right
RXN-12184	CO-A	left
RXN-12184	CPD-17637	left
RXN-12184	ATP	left
RXN-12184	CPD-17638	right
RXN-12184	PPI	right
RXN-12184	AMP	right
METHIONINE-S-METHYLTRANSFERASE-RXN	S-ADENOSYLMETHIONINE	left
METHIONINE-S-METHYLTRANSFERASE-RXN	MET	left
METHIONINE-S-METHYLTRANSFERASE-RXN	ADENOSYL-HOMO-CYS	right
METHIONINE-S-METHYLTRANSFERASE-RXN	CPD-397	right
RXN-9940	N1-ACETYLSPERMINE	left
RXN-9940	OXYGEN-MOLECULE	left
RXN-9940	WATER	left
RXN-9940	SPERMIDINE	right
RXN-9940	CPD-10687	right
RXN-9940	HYDROGEN-PEROXIDE	right
RXN-9533	R-3-hydroxydodecanoyl-ACPs	left
RXN-9533	Dodec-2-enoyl-ACPs	right
RXN-9533	WATER	right
RXN3DJ-170	5-HYDROXY-TRYPTOPHAN	left
RXN3DJ-170	PROTON	left
RXN3DJ-170	SEROTONIN	right
RXN3DJ-170	CARBON-DIOXIDE	right
BETA-UREIDOPROPIONASE-RXN	3-UREIDO-PROPIONATE	left
BETA-UREIDOPROPIONASE-RXN	WATER	left
BETA-UREIDOPROPIONASE-RXN	PROTON	left
BETA-UREIDOPROPIONASE-RXN	B-ALANINE	right
BETA-UREIDOPROPIONASE-RXN	AMMONIUM	right
BETA-UREIDOPROPIONASE-RXN	CARBON-DIOXIDE	right
RXN-14635	S-ADENOSYLMETHIONINE	left
RXN-14635	CPD-15473	left
RXN-14635	PROTON	right
RXN-14635	ADENOSYL-HOMO-CYS	right
RXN-14635	CPD-15468	right
RXN-14424	CPD-12575	left
RXN-14424	CPD-11945	left
RXN-14424	CPD-15269	right
RXN-14424	UDP	right
RXN-14424	PROTON	right
RXN-16404	CPD-17370	left
RXN-16404	NADPH	left
RXN-16404	PROTON	left
RXN-16404	CPD-17644	right
RXN-16404	CO-A	right
RXN-16404	NADP	right
FARNESYLTRANSTRANSFERASE-RXN	FARNESYL-PP	left
FARNESYLTRANSTRANSFERASE-RXN	DELTA3-ISOPENTENYL-PP	left
FARNESYLTRANSTRANSFERASE-RXN	GERANYLGERANYL-PP	right
FARNESYLTRANSTRANSFERASE-RXN	PPI	right
RXN-9655	Beta-hydroxydecanoyl-ACPs	left
RXN-9655	Trans-D2-decenoyl-ACPs	right
RXN-9655	WATER	right
RXN-8629	DIHYDROLIPOYL-GCVH	left
RXN-8629	NAD	left
RXN-8629	PROTEIN-LIPOYLLYSINE	right
RXN-8629	NADH	right
RXN-8629	PROTON	right
RXN0A-10711	CPD-10546	left
RXN0A-10711	WATER	left
RXN0A-10711	INDOLE_ACETATE_AUXIN	right
RXN0A-10711	METOH	right
RXN-9022	S-ADENOSYLMETHIONINE	left
RXN-9022	CPD-9499	left
RXN-9022	PROTON	right
RXN-9022	CPD-9500	right
RXN-9022	ADENOSYL-HOMO-CYS	right
1.18.1.2-RXN	NADP	left
1.18.1.2-RXN	Reduced-ferredoxins	left
1.18.1.2-RXN	PROTON	left
1.18.1.2-RXN	NADPH	right
1.18.1.2-RXN	Oxidized-ferredoxins	right
RXN-22617	Red-Thioredoxin	left
RXN-22617	Alkyl-Hydro-Peroxides	left
RXN-22617	Ox-Thioredoxin	right
RXN-22617	WATER	right
RXN-22617	Alcohols	right
3.4.13.9-RXN	Dipeptides-With-Proline-Carboxy	left
3.4.13.9-RXN	WATER	left
3.4.13.9-RXN	Amino-Acids-20	right
3.4.13.9-RXN	PRO	right
SHIKIMATE-5-DEHYDROGENASE-RXN	SHIKIMATE	left
SHIKIMATE-5-DEHYDROGENASE-RXN	NADP	left
SHIKIMATE-5-DEHYDROGENASE-RXN	PROTON	right
SHIKIMATE-5-DEHYDROGENASE-RXN	3-DEHYDRO-SHIKIMATE	right
SHIKIMATE-5-DEHYDROGENASE-RXN	NADPH	right
TYROSINE-DECARBOXYLASE-RXN	TYR	left
TYROSINE-DECARBOXYLASE-RXN	PROTON	left
TYROSINE-DECARBOXYLASE-RXN	TYRAMINE	right
TYROSINE-DECARBOXYLASE-RXN	CARBON-DIOXIDE	right
PANTEPADENYLYLTRAN-RXN	PROTON	left
PANTEPADENYLYLTRAN-RXN	PANTETHEINE-P	left
PANTEPADENYLYLTRAN-RXN	ATP	left
PANTEPADENYLYLTRAN-RXN	DEPHOSPHO-COA	right
PANTEPADENYLYLTRAN-RXN	PPI	right
RXN-11771	S-ADENOSYLMETHIONINE	left
RXN-11771	CPD-12750	left
RXN-11771	CPD-8838	right
RXN-11771	ADENOSYL-HOMO-CYS	right
2.4.1.141-RXN	CPD-190	left
2.4.1.141-RXN	UDP-N-ACETYL-D-GLUCOSAMINE	left
2.4.1.141-RXN	NN-DIACETYLCHITOBIOSYLDIPHOSPHODOLICHO	right
2.4.1.141-RXN	PROTON	right
2.4.1.141-RXN	UDP	right
NICOTINAMID-RXN	NIACINAMIDE	left
NICOTINAMID-RXN	WATER	left
NICOTINAMID-RXN	AMMONIUM	right
NICOTINAMID-RXN	NIACINE	right
RXN-17858	ACETYL-COA	left
RXN-17858	L-methionyl-L-tyrosinyl-Protein	left
RXN-17858	N-Ac-L-methionyl-L-tyrosinyl-Protein	right
RXN-17858	CO-A	right
RXN-17858	PROTON	right
RXNIO2-13	DIACYLGLYCEROL	left
RXNIO2-13	D-Galactosyl-12-diacyl-glycerols	left
RXNIO2-13	Triacylglycerols	right
RXNIO2-13	MONO-BETA-D-GALACTOSYLACYLGLYCEROL	right
CYCLOARTENOL-SYNTHASE-RXN	EPOXYSQUALENE	left
CYCLOARTENOL-SYNTHASE-RXN	CYCLOARTENOL	right
RXN-6723	S-ADENOSYLMETHIONINE	left
RXN-6723	CPD-110	left
RXN-6723	CPD-6442	right
RXN-6723	ADENOSYL-HOMO-CYS	right
2.7.1.140-RXN	CPD-505	left
2.7.1.140-RXN	ATP	left
2.7.1.140-RXN	PROTON	right
2.7.1.140-RXN	CPD-1107	right
2.7.1.140-RXN	ADP	right
RXN-14439	PELARGONIDIN-3-GLUCOSIDE-CMPD	left
RXN-14439	CPD-15006	left
RXN-14439	CPD-7137	right
RXN-14439	VANILLATE	right
RXN-14439	PROTON	right
RXN-20155	Protein-S-Acetyl-Cysteines	left
RXN-20155	ACETYL-COA	left
RXN-20155	ACETOACETYL-COA	right
RXN-20155	PROT-CYS	right
RXN1F-165	CPD1F-134	left
RXN1F-165	2-KETOGLUTARATE	left
RXN1F-165	OXYGEN-MOLECULE	left
RXN1F-165	CPD1F-137	right
RXN1F-165	SUC	right
RXN1F-165	CARBON-DIOXIDE	right
RXN-20650	CPD-14716	left
RXN-20650	OXYGEN-MOLECULE	left
RXN-20650	CPD-8462	right
RXN-20650	CARBON-DIOXIDE	right
RXN-20650	WATER	right
L-3-CYANOALANINE-SYNTHASE-RXN	CYS	left
L-3-CYANOALANINE-SYNTHASE-RXN	HCN	left
L-3-CYANOALANINE-SYNTHASE-RXN	PROTON	right
L-3-CYANOALANINE-SYNTHASE-RXN	HS	right
L-3-CYANOALANINE-SYNTHASE-RXN	CPD-603	right
RXN-19463	CPD-12085	left
RXN-19463	holo-Cysteinyl-Carrier-Proteins	left
RXN-19463	Cysteinyl-cysteinyl-carrier-proteins	right
RXN-19463	AMP	right
RXN-19463	PROTON	right
RXN-24129	CPD-26676	left
RXN-24129	METHYL-GLYOXAL	right
RXN-24129	GLUTATHIONE	right
RXN-24211	CPD-26755	left
RXN-24211	Red-NADPH-Hemoprotein-Reductases	left
RXN-24211	OXYGEN-MOLECULE	left
RXN-24211	CPD-26754	right
RXN-24211	Ox-NADPH-Hemoprotein-Reductases	right
RXN-24211	WATER	right
3.1.1.72-RXN	Acetylxylan	left
3.1.1.72-RXN	WATER	left
3.1.1.72-RXN	1-4-beta-Xylan	right
3.1.1.72-RXN	ACET	right
RXN-19373	CPD-4751	left
RXN-19373	Red-NADPH-Hemoprotein-Reductases	left
RXN-19373	OXYGEN-MOLECULE	left
RXN-19373	CPD-20325	right
RXN-19373	Ox-NADPH-Hemoprotein-Reductases	right
RXN-19373	WATER	right
RXN-15560	S-ubiquitinyl-HECT-E3-UCP-L-cysteine	left
RXN-15560	Protein-L-lysine	left
RXN-15560	HECT-Ubiquitin-carrier-protein-E3-L-cys	right
RXN-15560	PROTEIN-N-UBIQUITYL-LYSINE	right
RXN-15560	PROTON	right
RXN-8684	CPD-8910	left
RXN-8684	NADP	left
RXN-8684	CPD-8908	right
RXN-8684	NADPH	right
RXN-8684	PROTON	right
ADENYLATECYC-RXN	ATP	left
ADENYLATECYC-RXN	CAMP	right
ADENYLATECYC-RXN	PPI	right
3-HYDROXYPROPIONATE-DEHYDROGENASE-RXN	3-HYDROXY-PROPIONATE	left
3-HYDROXYPROPIONATE-DEHYDROGENASE-RXN	NAD	left
3-HYDROXYPROPIONATE-DEHYDROGENASE-RXN	MALONATE-S-ALD	right
3-HYDROXYPROPIONATE-DEHYDROGENASE-RXN	NADH	right
3-HYDROXYPROPIONATE-DEHYDROGENASE-RXN	PROTON	right
RXN-9811	CPD-10517	left
RXN-9811	CPD-10518	right
RXN-10749	FERULOYL-COA	left
RXN-10749	16-HYDROXYPALMITATE	left
RXN-10749	CO-A	right
RXN-10749	CPD-11591	right
RXN-2948	INDOLE_ACETATE_AUXIN	left
RXN-2948	GLN	left
RXN-2948	ATP	left
RXN-2948	PROTON	right
RXN-2948	INDOLE-3-ACETYL-GLN	right
RXN-2948	AMP	right
RXN-2948	PPI	right
TRANS-RXN-185	K+	left
TRANS-RXN-185	K+	right
RXN-20673	3-DEOXY-D-ARABINO-HEPTULOSONATE-7-P	left
RXN-20673	CPD-22307	right
RXN-20399	CPD-10280	left
RXN-20399	PHYTOSPINGOSINE	left
RXN-20399	CPD-16355	right
RXN-20399	CO-A	right
RXN-20399	PROTON	right
TSA-REDUCT-RXN	GLYCERATE	left
TSA-REDUCT-RXN	NAD-P-OR-NOP	left
TSA-REDUCT-RXN	CPD-26279	right
TSA-REDUCT-RXN	NADH-P-OR-NOP	right
TSA-REDUCT-RXN	PROTON	right
NADH-DEHYDROG-A-RXN	PROTON	left
NADH-DEHYDROG-A-RXN	NADH	left
NADH-DEHYDROG-A-RXN	Ubiquinones	left
NADH-DEHYDROG-A-RXN	PROTON	right
NADH-DEHYDROG-A-RXN	NAD	right
NADH-DEHYDROG-A-RXN	Ubiquinols	right
CYSPH-RXN	O-PHOSPHO-L-HOMOSERINE	left
CYSPH-RXN	CYS	left
CYSPH-RXN	L-CYSTATHIONINE	right
CYSPH-RXN	Pi	right
RXN-20132	CPD-4143	left
RXN-20132	NADP	left
RXN-20132	CPD-4127	right
RXN-20132	NADPH	right
RXN-20132	PROTON	right
MANDELONITRILE-LYASE-RXN	CPD-12702	left
MANDELONITRILE-LYASE-RXN	HCN	right
MANDELONITRILE-LYASE-RXN	BENZALDEHYDE	right
N-CARBAMOYLPUTRESCINE-AMIDASE-RXN	PROTON	left
N-CARBAMOYLPUTRESCINE-AMIDASE-RXN	CPD-597	left
N-CARBAMOYLPUTRESCINE-AMIDASE-RXN	WATER	left
N-CARBAMOYLPUTRESCINE-AMIDASE-RXN	PUTRESCINE	right
N-CARBAMOYLPUTRESCINE-AMIDASE-RXN	CARBON-DIOXIDE	right
N-CARBAMOYLPUTRESCINE-AMIDASE-RXN	AMMONIUM	right
RXN-9472	FE+2	left
RXN-9472	CPD-463	left
RXN-9472	CPD-10157	right
RXN-7985	CPD1F-131	left
RXN-7985	ASCORBATE	left
RXN-7985	CPD1F-130	right
RXN-7985	L-DEHYDRO-ASCORBATE	right
RXN-7985	WATER	right
RXN-11695	FAD	left
RXN-11695	AMP	right
RXN-11695	CPD-12658	right
HOMOSERKIN-RXN	HOMO-SER	left
HOMOSERKIN-RXN	ATP	left
HOMOSERKIN-RXN	PROTON	right
HOMOSERKIN-RXN	O-PHOSPHO-L-HOMOSERINE	right
HOMOSERKIN-RXN	ADP	right
PYRROLINE-2-CARBOXYLATE-REDUCTASE-RXN	PRO	left
PYRROLINE-2-CARBOXYLATE-REDUCTASE-RXN	NAD-P-OR-NOP	left
PYRROLINE-2-CARBOXYLATE-REDUCTASE-RXN	DELTA1-PYRROLINE_2-CARBOXYLATE	right
PYRROLINE-2-CARBOXYLATE-REDUCTASE-RXN	NADH-P-OR-NOP	right
PYRROLINE-2-CARBOXYLATE-REDUCTASE-RXN	PROTON	right
RXN-20154	ACETYL-COA	left
RXN-20154	PROT-CYS	left
RXN-20154	Protein-S-Acetyl-Cysteines	right
RXN-20154	CO-A	right
RXN-15745	ETR-Quinones	left
RXN-15745	GLYCEROL-3P	left
RXN-15745	ETR-Quinols	right
RXN-15745	DIHYDROXY-ACETONE-PHOSPHATE	right
RXN-7599	S-ADENOSYLMETHIONINE	left
RXN-7599	3-7-DIMETHYLXANTHINE	left
RXN-7599	PROTON	right
RXN-7599	1-3-7-TRIMETHYLXANTHINE	right
RXN-7599	ADENOSYL-HOMO-CYS	right
FADSYN-RXN	FMN	left
FADSYN-RXN	ATP	left
FADSYN-RXN	PROTON	left
FADSYN-RXN	FAD	right
FADSYN-RXN	PPI	right
ALCOHOL-DEHYDROG-GENERIC-RXN	Primary-Alcohols	left
ALCOHOL-DEHYDROG-GENERIC-RXN	NAD	left
ALCOHOL-DEHYDROG-GENERIC-RXN	Aldehydes	right
ALCOHOL-DEHYDROG-GENERIC-RXN	NADH	right
ALCOHOL-DEHYDROG-GENERIC-RXN	PROTON	right
RXN-7609	GMP	left
RXN-7609	WATER	left
RXN-7609	GUANOSINE	right
RXN-7609	Pi	right
RXN-11444	CPD-12378	left
RXN-11444	CPD-12379	right
RXN-14647	CYS	left
RXN-14647	PROTON	left
RXN-14647	CYS	right
RXN-14647	PROTON	right
RXN-10967	CPD-11932	left
RXN-10967	WATER	left
RXN-10967	CPD-11561	right
RXN-10967	AMP	right
RXN-10967	PROTON	right
PNPOXI-RXN	OXYGEN-MOLECULE	left
PNPOXI-RXN	PYRIDOXINE-5P	left
PNPOXI-RXN	HYDROGEN-PEROXIDE	right
PNPOXI-RXN	PYRIDOXAL_PHOSPHATE	right
2-DEHYDROPANTOATE-REDUCT-RXN	L-PANTOATE	left
2-DEHYDROPANTOATE-REDUCT-RXN	NADP	left
2-DEHYDROPANTOATE-REDUCT-RXN	2-DEHYDROPANTOATE	right
2-DEHYDROPANTOATE-REDUCT-RXN	NADPH	right
2-DEHYDROPANTOATE-REDUCT-RXN	PROTON	right
QUINOPRIBOTRANS-RXN	NICOTINATE_NUCLEOTIDE	left
QUINOPRIBOTRANS-RXN	PPI	left
QUINOPRIBOTRANS-RXN	CARBON-DIOXIDE	left
QUINOPRIBOTRANS-RXN	PRPP	right
QUINOPRIBOTRANS-RXN	QUINOLINATE	right
QUINOPRIBOTRANS-RXN	PROTON	right
RXN-4209	CPD-4125	left
RXN-4209	FERROCYTOCHROME-B5	left
RXN-4209	OXYGEN-MOLECULE	left
RXN-4209	PROTON	left
RXN-4209	CPD-4126	right
RXN-4209	FERRICYTOCHROME-B5	right
RXN-4209	WATER	right
GLYOXYLATE-REDUCTASE-NADP+-RXN	GLYCOLLATE	left
GLYOXYLATE-REDUCTASE-NADP+-RXN	NADP	left
GLYOXYLATE-REDUCTASE-NADP+-RXN	GLYOX	right
GLYOXYLATE-REDUCTASE-NADP+-RXN	NADPH	right
GLYOXYLATE-REDUCTASE-NADP+-RXN	PROTON	right
RXN-9659	Octanoyl-ACPs	left
RXN-9659	NAD	left
RXN-9659	2-Octenoyl-ACPs	right
RXN-9659	NADH	right
RXN-9659	PROTON	right
ISOCITDEH-RXN	THREO-DS-ISO-CITRATE	left
ISOCITDEH-RXN	NADP	left
ISOCITDEH-RXN	2-KETOGLUTARATE	right
ISOCITDEH-RXN	CARBON-DIOXIDE	right
ISOCITDEH-RXN	NADPH	right
RXN-11357	CPD-7524	left
RXN-11357	ETR-Quinones	left
RXN-11357	CPD-7496	right
RXN-11357	ETR-Quinols	right
RXN-21400	L-DEHYDRO-ASCORBATE	left
RXN-21400	WATER	left
RXN-21400	CPD-334	right
RXN-9530	Decanoyl-ACPs	left
RXN-9530	NADP	left
RXN-9530	Trans-D2-decenoyl-ACPs	right
RXN-9530	NADPH	right
RXN-9530	PROTON	right
RXN-14646	PHE	left
RXN-14646	PROTON	left
RXN-14646	PHE	right
RXN-14646	PROTON	right
RXN-22826	C27-Steroids	left
RXN-22826	OXYGEN-MOLECULE	left
RXN-22826	Red-NADPH-Hemoprotein-Reductases	left
RXN-22826	C27-22S-hydroxysteroid	right
RXN-22826	WATER	right
RXN-22826	Ox-NADPH-Hemoprotein-Reductases	right
RXN-9614	CDP-CHOLINE	left
RXN-9614	WATER	left
RXN-9614	CMP	right
RXN-9614	PHOSPHORYL-CHOLINE	right
RXN-9614	PROTON	right
RXN-14352	D-Glucose	left
RXN-14352	D-Glucose	right
RXN-11926	CPD-696	left
RXN-11926	FERROCYTOCHROME-B5	left
RXN-11926	OXYGEN-MOLECULE	left
RXN-11926	PROTON	left
RXN-11926	CPD-12865	right
RXN-11926	FERRICYTOCHROME-B5	right
RXN-11926	WATER	right
RXN-15125	SER	left
RXN-15125	2-AMINOACRYLATE	right
RXN-15125	WATER	right
GLUTDEHYD-RXN	GLT	left
GLUTDEHYD-RXN	WATER	left
GLUTDEHYD-RXN	NADP	left
GLUTDEHYD-RXN	AMMONIUM	right
GLUTDEHYD-RXN	2-KETOGLUTARATE	right
GLUTDEHYD-RXN	NADPH	right
GLUTDEHYD-RXN	PROTON	right
RXN-7569	S-ADENOSYLMETHIONINE	left
RXN-7569	CPD-12830	left
RXN-7569	CPD-12831	right
RXN-7569	ADENOSYL-HOMO-CYS	right
RXN-7569	PROTON	right
RXN-20542	L-1-PHOSPHATIDYL-SERINE	left
RXN-20542	WATER	left
RXN-20542	1-Lysophosphatidylserines	right
RXN-20542	Fatty-Acids	right
RXN-20542	PROTON	right
PROCOLLAGEN-PROLINE-3-DIOXYGENASE-RXN	PROCOLLAGEN-L-PROLINE	left
PROCOLLAGEN-PROLINE-3-DIOXYGENASE-RXN	2-KETOGLUTARATE	left
PROCOLLAGEN-PROLINE-3-DIOXYGENASE-RXN	OXYGEN-MOLECULE	left
PROCOLLAGEN-PROLINE-3-DIOXYGENASE-RXN	PROCOLLAGEN-3-HYDROXY-L-PROLINE	right
PROCOLLAGEN-PROLINE-3-DIOXYGENASE-RXN	SUC	right
PROCOLLAGEN-PROLINE-3-DIOXYGENASE-RXN	CARBON-DIOXIDE	right
RXN-8325	CPD-8093	left
RXN-8325	OXYGEN-MOLECULE	left
RXN-8325	FERROCYTOCHROME-B5	left
RXN-8325	PROTON	left
RXN-8325	1-183-2-183-SN-GLYCEROL-PHOSPHOCHOLINE	right
RXN-8325	WATER	right
RXN-8325	FERRICYTOCHROME-B5	right
THIOESTER-RXN	Saturated-Fatty-Acyl-CoA	left
THIOESTER-RXN	WATER	left
THIOESTER-RXN	CPD66-39	right
THIOESTER-RXN	CO-A	right
THIOESTER-RXN	PROTON	right
RXN4FS-4	CPD4FS-1	left
RXN4FS-4	DIACYLGLYCEROL	left
RXN4FS-4	CPD-160	right
RXN4FS-4	CMP	right
RXN4FS-4	PROTON	right
RXN-14351	MALTOSE	left
RXN-14351	MALTOSE	right
4.99.1.7-RXN	PHENYLACETALDOXIME	left
4.99.1.7-RXN	PHENYLACETONITRILE	right
4.99.1.7-RXN	WATER	right
RXN-9802	16-HYDROXYPALMITATE	left
RXN-9802	NADP	left
RXN-9802	CPD-10512	right
RXN-9802	NADPH	right
RXN-9802	PROTON	right
HISTALDEHYD-RXN	HISTIDINAL	left
HISTALDEHYD-RXN	NAD	left
HISTALDEHYD-RXN	WATER	left
HISTALDEHYD-RXN	PROTON	right
HISTALDEHYD-RXN	HIS	right
HISTALDEHYD-RXN	NADH	right
RXN-19714	CPD-6948	left
RXN-19714	Red-NADPH-Hemoprotein-Reductases	left
RXN-19714	OXYGEN-MOLECULE	left
RXN-19714	CPD-14486	right
RXN-19714	Ox-NADPH-Hemoprotein-Reductases	right
RXN-19714	WATER	right
GALACTONOLACTONE-DEHYDROGENASE-RXN	CPD-330	left
GALACTONOLACTONE-DEHYDROGENASE-RXN	Cytochromes-C-Oxidized	left
GALACTONOLACTONE-DEHYDROGENASE-RXN	ASCORBATE	right
GALACTONOLACTONE-DEHYDROGENASE-RXN	Cytochromes-C-Reduced	right
GALACTONOLACTONE-DEHYDROGENASE-RXN	PROTON	right
RXN1F-150	CPD1F-114	left
RXN1F-150	CPD1F-126	right
RXN-15581	D-SERINE	left
RXN-15581	2-AMINOACRYLATE	right
RXN-15581	WATER	right
RXN-17809	CPD-19179	left
RXN-17809	PRECURSOR-Z	right
RXN-17809	PPI	right
TAXIFOLIN-8-MONOOXYGENASE-RXN	CPD-474	left
TAXIFOLIN-8-MONOOXYGENASE-RXN	OXYGEN-MOLECULE	left
TAXIFOLIN-8-MONOOXYGENASE-RXN	NADH-P-OR-NOP	left
TAXIFOLIN-8-MONOOXYGENASE-RXN	PROTON	left
TAXIFOLIN-8-MONOOXYGENASE-RXN	23-DIHYDROGOSSYPETIN	right
TAXIFOLIN-8-MONOOXYGENASE-RXN	WATER	right
TAXIFOLIN-8-MONOOXYGENASE-RXN	NAD-P-OR-NOP	right
2-ACYLGLYCEROL-O-ACYLTRANSFERASE-RXN	ACYL-COA	left
2-ACYLGLYCEROL-O-ACYLTRANSFERASE-RXN	CPD-409	left
2-ACYLGLYCEROL-O-ACYLTRANSFERASE-RXN	DIACYLGLYCEROL	right
2-ACYLGLYCEROL-O-ACYLTRANSFERASE-RXN	CO-A	right
RXN-6423	4-AMINO-BUTYRALDEHYDE	left
RXN-6423	CPD-6124	right
RXN-6423	WATER	right
ALDOSE1EPIM-RXN	GALACTOSE	left
ALDOSE1EPIM-RXN	ALPHA-D-GALACTOSE	right
RXN-8322	CPD-8091	left
RXN-8322	OXYGEN-MOLECULE	left
RXN-8322	FERROCYTOCHROME-B5	left
RXN-8322	PROTON	left
RXN-8322	CPD-2182	right
RXN-8322	WATER	right
RXN-8322	FERRICYTOCHROME-B5	right
RXN0-5187	FMN	left
RXN0-5187	WATER	left
RXN0-5187	RIBOFLAVIN	right
RXN0-5187	Pi	right
TREHALOSEPHOSPHA-RXN	TREHALOSE-6P	left
TREHALOSEPHOSPHA-RXN	WATER	left
TREHALOSEPHOSPHA-RXN	TREHALOSE	right
TREHALOSEPHOSPHA-RXN	Pi	right
1.1.1.188-RXN	5Z13E-15S-9-ALPHA11-ALPHA15-TRIHY	left
1.1.1.188-RXN	NADP	left
1.1.1.188-RXN	5Z13E-15S-9-ALPHA15-DIHYDROXY-11-O	right
1.1.1.188-RXN	NADPH	right
1.1.1.188-RXN	PROTON	right
RXN-20641	Histone-H3-K9m2	left
RXN-20641	2-KETOGLUTARATE	left
RXN-20641	OXYGEN-MOLECULE	left
RXN-20641	Histone-H3-K9	right
RXN-20641	FORMALDEHYDE	right
RXN-20641	SUC	right
RXN-20641	CARBON-DIOXIDE	right
RXN-17284	S-ADENOSYLMETHIONINE	left
RXN-17284	CPD-18686	left
RXN-17284	CPD-18685	right
RXN-17284	ADENOSYL-HOMO-CYS	right
RXN-17284	PROTON	right
ACYLCOASYN-RXN	CPD66-39	left
ACYLCOASYN-RXN	CO-A	left
ACYLCOASYN-RXN	ATP	left
ACYLCOASYN-RXN	Saturated-Fatty-Acyl-CoA	right
ACYLCOASYN-RXN	AMP	right
ACYLCOASYN-RXN	PPI	right
RXN-20080	ATP	left
RXN-20080	L-aspartyl-tRNAAsn	left
RXN-20080	ADP	right
RXN-20080	4-Phosphooxy-L-aspartyl-tRNAAsn	right
3.2.1.58-RXN	1-3-beta-D-Glucans	left
3.2.1.58-RXN	WATER	left
3.2.1.58-RXN	1-3-beta-D-Glucans	right
3.2.1.58-RXN	ALPHA-GLUCOSE	right
1.2.1.25-RXN	2-KETO-ISOVALERATE	left
1.2.1.25-RXN	CO-A	left
1.2.1.25-RXN	NAD	left
1.2.1.25-RXN	ISOBUTYRYL-COA	right
1.2.1.25-RXN	CARBON-DIOXIDE	right
1.2.1.25-RXN	NADH	right
SUGAR-PHOSPHATASE-RXN	Sugar-Phosphate	left
SUGAR-PHOSPHATASE-RXN	WATER	left
SUGAR-PHOSPHATASE-RXN	Sugar	right
SUGAR-PHOSPHATASE-RXN	Pi	right
RXN-10139	TRP	left
RXN-10139	PYRUVATE	left
RXN-10139	INDOLE_PYRUVATE	right
RXN-10139	L-ALPHA-ALANINE	right
RXN-16403	CPD-17621	left
RXN-16403	NADPH	left
RXN-16403	PROTON	left
RXN-16403	CPD-17642	right
RXN-16403	CO-A	right
RXN-16403	NADP	right
RXN0-1001	MI-HEXAKISPHOSPHATE	left
RXN0-1001	WATER	left
RXN0-1001	CPD-534	right
RXN0-1001	Pi	right
RXN-17352	CONIFERYL-ALCOHOL	left
RXN-17352	HYDROGEN-PEROXIDE	left
RXN-17352	CPD-18761	right
RXN-17352	WATER	right
RXN-14380	Alpha-6-alpha-14-glucans	left
RXN-14380	WATER	left
RXN-14380	Malto-Oligosaccharides	right
RXN-14380	Alpha-6-alpha-14-glucans	right
TRANS-RXN-153A	Hpr-pi-phospho-L-histidines	left
TRANS-RXN-153A	CPD-1142	left
TRANS-RXN-153A	CPD-1181	right
TRANS-RXN-153A	Hpr-Histidine	right
RXN-12540	HYDROGEN-PEROXIDE	left
RXN-12540	FE+2	left
RXN-12540	CPD-12377	right
RXN-12540	OH	right
RXN-12540	FE+3	right
RXN-11375	Ceramides	left
RXN-11375	WATER	left
RXN-11375	Sphingoids	right
RXN-11375	Fatty-Acids	right
RXN-20152	PROT-CYS	left
RXN-20152	ACYL-COA	left
RXN-20152	Protein-S-Acyl-Cysteines	right
RXN-20152	CO-A	right
RXN-9807	CPD-10515	left
RXN-9807	OXYGEN-MOLECULE	left
RXN-9807	Red-NADPH-Hemoprotein-Reductases	left
RXN-9807	91018-TRIHYDROXYSTEARATE	right
RXN-9807	WATER	right
RXN-9807	Ox-NADPH-Hemoprotein-Reductases	right
3.2.1.40-RXN	Alpha-L-Rhamnosides	left
3.2.1.40-RXN	WATER	left
3.2.1.40-RXN	CPD0-1112	right
3.2.1.40-RXN	Non-Rhamonsylated-Rhamnosyl-Acceptors	right
ACETYLSEROTONIN-O-METHYLTRANSFERASE-RXN	S-ADENOSYLMETHIONINE	left
ACETYLSEROTONIN-O-METHYLTRANSFERASE-RXN	N-ACETYL-SEROTONIN	left
ACETYLSEROTONIN-O-METHYLTRANSFERASE-RXN	PROTON	right
ACETYLSEROTONIN-O-METHYLTRANSFERASE-RXN	ADENOSYL-HOMO-CYS	right
ACETYLSEROTONIN-O-METHYLTRANSFERASE-RXN	N-ACETYL-5-METHOXY-TRYPTAMINE	right
RXN-18446	ATP	left
RXN-18446	ISOVALERATE	left
RXN-18446	CO-A	left
RXN-18446	PPI	right
RXN-18446	AMP	right
RXN-18446	ISOVALERYL-COA	right
D-RIBULOKIN-RXN	D-RIBULOSE	left
D-RIBULOKIN-RXN	ATP	left
D-RIBULOKIN-RXN	PROTON	right
D-RIBULOKIN-RXN	ADP	right
D-RIBULOKIN-RXN	RIBULOSE-5P	right
RXN-20081	4-Phosphooxy-L-aspartyl-tRNAAsn	left
RXN-20081	AMMONIA	left
RXN-20081	Charged-ASN-tRNAs	right
RXN-20081	Pi	right
RXN-13721	3-HYDROXY-ISOBUTYRYL-COA	left
RXN-13721	WATER	left
RXN-13721	3-HYDROXY-ISOBUTYRATE	right
RXN-13721	PROTON	right
RXN-13721	CO-A	right
DIHYDROXYISOVALDEHYDRAT-RXN	CPD-13357	left
DIHYDROXYISOVALDEHYDRAT-RXN	2-KETO-ISOVALERATE	right
DIHYDROXYISOVALDEHYDRAT-RXN	WATER	right
RXN-720	CPD-634	left
RXN-720	Red-NADPH-Hemoprotein-Reductases	left
RXN-720	OXYGEN-MOLECULE	left
RXN-720	CPD-697	right
RXN-720	Ox-NADPH-Hemoprotein-Reductases	right
RXN-720	WATER	right
RXN-11277	DIACYLGLYCEROL-PYROPHOSPHATE	left
RXN-11277	WATER	left
RXN-11277	L-PHOSPHATIDATE	right
RXN-11277	Pi	right
RXN-11277	PROTON	right
RXN-12508	2-ALPHA-HYDROXYETHYL-THPP	left
RXN-12508	Pyruvate-dehydrogenase-lipoate	left
RXN-12508	Pyruvate-dehydrogenase-acetylDHlipoyl	right
RXN-12508	THIAMINE-PYROPHOSPHATE	right
RXN-16046	Linoleoyl-groups	left
RXN-16046	FERROCYTOCHROME-B5	left
RXN-16046	OXYGEN-MOLECULE	left
RXN-16046	PROTON	left
RXN-16046	Alpha-linolenoyl-groups	right
RXN-16046	FERRICYTOCHROME-B5	right
RXN-16046	WATER	right
GLURS-RXN	GLT-tRNAs	left
GLURS-RXN	GLT	left
GLURS-RXN	ATP	left
GLURS-RXN	Charged-GLT-tRNAs	right
GLURS-RXN	PPI	right
GLURS-RXN	AMP	right
RXN-4606	PAPS	left
RXN-4606	BENZYL-DESULFOGLUCOSINOLATE	left
RXN-4606	3-5-ADP	right
RXN-4606	GLUCOTROPEOLIN	right
RXN-4606	PROTON	right
RXN-18166	CPD-1863	left
RXN-18166	OXYGEN-MOLECULE	left
RXN-18166	Red-NADPH-Hemoprotein-Reductases	left
RXN-18166	CPD-19470	right
RXN-18166	Ox-NADPH-Hemoprotein-Reductases	right
RXN-18166	WATER	right
RXN-22910	18S-rRNA-uridines	left
RXN-22910	18S-rRNAs-Pseudouridines	right
RXN-16425	Phosphoacetylglucosamine-Mutase-P	left
RXN-16425	N-ACETYL-D-GLUCOSAMINE-6-P	left
RXN-16425	N-ACETYL-D-GLUCOSAMINE-16-BIS-P	right
RXN-16425	Phosphoacetylglucosamine-Mutase	right
TRANS-RXN-194	CA+2	left
TRANS-RXN-194	ATP	left
TRANS-RXN-194	WATER	left
TRANS-RXN-194	CA+2	right
TRANS-RXN-194	ADP	right
TRANS-RXN-194	Pi	right
TRANS-RXN-194	PROTON	right
RXN-13489	CPD-6948	left
RXN-13489	Red-NADPH-Hemoprotein-Reductases	left
RXN-13489	OXYGEN-MOLECULE	left
RXN-13489	CPD-13668	right
RXN-13489	Ox-NADPH-Hemoprotein-Reductases	right
RXN-13489	WATER	right
RXN-11772	CPD-12745	left
RXN-11772	GERANYLGERANYL-PP	right
RXN-11772	WATER	right
3.1.1.69-RXN	CPD-452	left
3.1.1.69-RXN	WATER	left
3.1.1.69-RXN	CPD-1113	right
3.1.1.69-RXN	ACET	right
RXN1F-775	CPD-12575	left
RXN1F-775	CPD-591	left
RXN1F-775	CPD1F-766	right
RXN1F-775	UDP	right
RXN1F-775	PROTON	right
RXN-7163	ATP	left
RXN-7163	CPD-1107	left
RXN-7163	ADP	right
RXN-7163	MI-HEXAKISPHOSPHATE	right
RXN-7163	PROTON	right
2.6.1.57-RXN	Aromatic-Amino-Acids	left
2.6.1.57-RXN	2-KETOGLUTARATE	left
2.6.1.57-RXN	Aromatic-Oxoacids	right
2.6.1.57-RXN	GLT	right
RXN0-7349	tRNA-uridine34	left
RXN0-7349	OXYGEN-MOLECULE	left
RXN0-7349	5-HYDROXYU34-TRNA	right
RXN-12959	CTP	left
RXN-12959	DIACYLGLYCEROL	left
RXN-12959	CDP	right
RXN-12959	L-PHOSPHATIDATE	right
RXN-12959	PROTON	right
RXN-23262	S-ADENOSYLMETHIONINE	left
RXN-23262	3Prime-OH-Terminated-sRNAs	left
RXN-23262	ADENOSYL-HOMO-CYS	right
RXN-23262	2Prime-O-methyl-3Prime-Terminated-sRNAs	right
RXN-23262	PROTON	right
RXN0-2381	INDOLE-3-GLYCEROL-P	left
RXN0-2381	INDOLE	right
RXN0-2381	GAP	right
RXN-16332	CPD3DJ-82	left
RXN-16332	OXYGEN-MOLECULE	left
RXN-16332	FERROCYTOCHROME-B5	left
RXN-16332	PROTON	left
RXN-16332	N-Acylsphingosine	right
RXN-16332	FERRICYTOCHROME-B5	right
RXN-16332	WATER	right
RXN-18659	CPD0-881	left
RXN-18659	WATER	left
RXN-18659	NACMUR	right
RXN-18659	Pi	right
3.1.3.76-RXN	CPD-9001	left
3.1.3.76-RXN	WATER	left
3.1.3.76-RXN	CPD-9002	right
3.1.3.76-RXN	Pi	right
RXN-10702	CPD-11523	left
RXN-10702	NAD	left
RXN-10702	CPD-11524	right
RXN-10702	NADH	right
RXN-10702	PROTON	right
RXN-1224	UDP-SULFOQUINOVOSE	left
RXN-1224	DIACYLGLYCEROL	left
RXN-1224	SULFOQUINOVOSYLDIACYLGLYCEROL	right
RXN-1224	UDP	right
RXN-1224	PROTON	right
RXN-10688	HEXANOYL-COA	left
RXN-10688	MALONYL-COA	left
RXN-10688	WATER	left
RXN-10688	CPD-11507	right
RXN-10688	CO-A	right
RXN-10688	CARBON-DIOXIDE	right
RXN-10688	OH	right
UTPHEXPURIDYLYLTRANS-RXN	PROTON	left
UTPHEXPURIDYLYLTRANS-RXN	GALACTOSE-1P	left
UTPHEXPURIDYLYLTRANS-RXN	UTP	left
UTPHEXPURIDYLYLTRANS-RXN	CPD-14553	right
UTPHEXPURIDYLYLTRANS-RXN	PPI	right
RXN-19786	CPD-8722	left
RXN-19786	Red-NADPH-Hemoprotein-Reductases	left
RXN-19786	OXYGEN-MOLECULE	left
RXN-19786	CPD-8725	right
RXN-19786	Ox-NADPH-Hemoprotein-Reductases	right
RXN-19786	WATER	right
RXN-19786	PROTON	right
RXN-19784	CPD-8705	left
RXN-19784	Red-NADPH-Hemoprotein-Reductases	left
RXN-19784	OXYGEN-MOLECULE	left
RXN-19784	CPD-8708	right
RXN-19784	Ox-NADPH-Hemoprotein-Reductases	right
RXN-19784	WATER	right
RXN-19784	PROTON	right
RXN-21538	METHIONINE-SYNTHASE-METHYLCOBALAMIN	left
RXN-21538	HOMO-CYS	left
RXN-21538	Methionine-synthase-cob-I-alamins	right
RXN-21538	MET	right
RXN-21538	PROTON	right
ABC-25-RXN	ATP	left
ABC-25-RXN	PUTRESCINE	left
ABC-25-RXN	WATER	left
ABC-25-RXN	ADP	right
ABC-25-RXN	Pi	right
ABC-25-RXN	PUTRESCINE	right
ABC-25-RXN	PROTON	right
RXN-10456	Jasmonic-Acids	left
RXN-10456	PHE	left
RXN-10456	ATP	left
RXN-10456	Jasmonoyl-Phenylalanines	right
RXN-10456	AMP	right
RXN-10456	PPI	right
RXN-10456	PROTON	right
R147-RXN	CPD-85	left
R147-RXN	OXYGEN-MOLECULE	left
R147-RXN	PROTON	right
R147-RXN	CPD-479	right
R147-RXN	FORMATE	right
RXN-18966	CPD-20425	left
RXN-18966	CPD-7851	right
RXN-18966	WATER	right
RXN-12200	WATER	left
RXN-12200	CTP	left
RXN-12200	PROTON	right
RXN-12200	Pi	right
RXN-12200	CMP	right
RXN-9747	CPD-10457	left
RXN-9747	NADP	left
RXN-9747	CPD-10453	right
RXN-9747	NADPH	right
RXN-9747	PROTON	right
RXN-15532	CPD-16766	left
RXN-15532	Red-NADPH-Hemoprotein-Reductases	left
RXN-15532	OXYGEN-MOLECULE	left
RXN-15532	CPD-16767	right
RXN-15532	Ox-NADPH-Hemoprotein-Reductases	right
RXN-15532	WATER	right
RXN-14649	LEU	left
RXN-14649	PROTON	left
RXN-14649	LEU	right
RXN-14649	PROTON	right
2.6.1.22-RXN	CPD-466	left
2.6.1.22-RXN	2-KETOGLUTARATE	left
2.6.1.22-RXN	CH3-MALONATE-S-ALD	right
2.6.1.22-RXN	GLT	right
RXN-14921	CPD-15839	left
RXN-14921	CPD-11712	right
RXN-22729	CPD-9517	left
RXN-22729	ANTHRANILATE	right
RXN-22729	PYRUVATE	right
RXN-22729	PROTON	right
RXN-15025	Histone-Acetyl-Lysine	left
RXN-15025	NAD	left
RXN-15025	WATER	left
RXN-15025	Histone-L-lysine	right
RXN-15025	CPD-14762	right
RXN-15025	NIACINAMIDE	right
RXN-10459	Jasmonic-Acids	left
RXN-10459	LEU	left
RXN-10459	ATP	left
RXN-10459	Jasmonoyl-Leucines	right
RXN-10459	AMP	right
RXN-10459	PPI	right
RXN-10459	PROTON	right
RXN-4144	CPD-4081	left
RXN-4144	NADP	left
RXN-4144	ALPHA-METHYL-5-ALPHA-ERGOSTA	right
RXN-4144	NADPH	right
RXN-4144	PROTON	right
2.7.9.3-RXN	WATER	left
2.7.9.3-RXN	SE-2	left
2.7.9.3-RXN	ATP	left
2.7.9.3-RXN	SEPO3	right
2.7.9.3-RXN	Pi	right
2.7.9.3-RXN	AMP	right
ABC-70-RXN	ATP	left
ABC-70-RXN	SULFATE	left
ABC-70-RXN	WATER	left
ABC-70-RXN	ADP	right
ABC-70-RXN	SULFATE	right
ABC-70-RXN	Pi	right
ABC-70-RXN	PROTON	right
RXN-2981	INDOLE-3-ACETYL-ALA	left
RXN-2981	WATER	left
RXN-2981	INDOLE_ACETATE_AUXIN	right
RXN-2981	L-ALPHA-ALANINE	right
RXN-17473	S-ADENOSYLMETHIONINE	left
RXN-17473	CPD-5662	left
RXN-17473	BIOTIN	right
RXN-17473	CH33ADO	right
RXN-17473	MET	right
RXN-17473	PROTON	right
RXN-8294	CPD-2187	left
RXN-8294	OXYGEN-MOLECULE	left
RXN-8294	Reduced-ferredoxins	left
RXN-8294	PROTON	left
RXN-8294	CPD-8073	right
RXN-8294	WATER	right
RXN-8294	Oxidized-ferredoxins	right
RXN-8347	Alpha-linolenoyl-groups	left
RXN-8347	OXYGEN-MOLECULE	left
RXN-8347	FERROCYTOCHROME-B5	left
RXN-8347	PROTON	left
RXN-8347	CPD-17278	right
RXN-8347	FERRICYTOCHROME-B5	right
RXN-8347	WATER	right
RXN-11757	S-ADENOSYLMETHIONINE	left
RXN-11757	34-Dihydroxy-5-Polyprenylbenzoates	left
RXN-11757	3-Methoxy-4-Hydroxy-5-Polyprenylbenzoate	right
RXN-11757	ADENOSYL-HOMO-CYS	right
RXN-11757	PROTON	right
RXN-20439	CPD-4184	left
RXN-20439	NADP	left
RXN-20439	CPD-4183	right
RXN-20439	NADPH	right
RXN-20439	PROTON	right
2-METHYLACYL-COA-DEHYDROGENASE-RXN	2-METHYL-BUTYRYL-COA	left
2-METHYLACYL-COA-DEHYDROGENASE-RXN	ETF-Oxidized	left
2-METHYLACYL-COA-DEHYDROGENASE-RXN	PROTON	left
2-METHYLACYL-COA-DEHYDROGENASE-RXN	CPD-1083	right
2-METHYLACYL-COA-DEHYDROGENASE-RXN	ETF-Reduced	right
RXN0-1603	XTP	left
RXN0-1603	WATER	left
RXN0-1603	PROTON	right
RXN0-1603	XANTHOSINE-5-PHOSPHATE	right
RXN0-1603	PPI	right
RXN-20505	DIHYDRO-SPHINGOSINE	left
RXN-20505	NADP	left
RXN-20505	CPD-22221	right
RXN-20505	NADPH	right
RXN-20505	PROTON	right
O-SUCCINYLBENZOATE-COA-LIG-RXN	O-SUCCINYLBENZOATE	left
O-SUCCINYLBENZOATE-COA-LIG-RXN	CO-A	left
O-SUCCINYLBENZOATE-COA-LIG-RXN	ATP	left
O-SUCCINYLBENZOATE-COA-LIG-RXN	CPD-6972	right
O-SUCCINYLBENZOATE-COA-LIG-RXN	AMP	right
O-SUCCINYLBENZOATE-COA-LIG-RXN	PPI	right
RXN-23229	GLYCOLLATE	left
RXN-23229	NAD-P-OR-NOP	left
RXN-23229	GLYOX	right
RXN-23229	NADH-P-OR-NOP	right
RXN-23229	PROTON	right
RXN-11341	Glucosyl-acyl-sphinganines	left
RXN-11341	OXYGEN-MOLECULE	left
RXN-11341	FERROCYTOCHROME-B5	left
RXN-11341	PROTON	left
RXN-11341	Glucosyl-acyl-sphingosines	right
RXN-11341	FERRICYTOCHROME-B5	right
RXN-11341	WATER	right
RXN-9628	CPD-10267	left
RXN-9628	WATER	left
RXN-9628	PROTON	right
RXN-9628	CPD-3617	right
RXN-9628	CO-A	right
RXN-8305	CPD-8075	left
RXN-8305	OXYGEN-MOLECULE	left
RXN-8305	Reduced-ferredoxins	left
RXN-8305	PROTON	left
RXN-8305	CPD-2189	right
RXN-8305	WATER	right
RXN-8305	Oxidized-ferredoxins	right
GALACTOKIN-RXN	ALPHA-D-GALACTOSE	left
GALACTOKIN-RXN	ATP	left
GALACTOKIN-RXN	PROTON	right
GALACTOKIN-RXN	GALACTOSE-1P	right
GALACTOKIN-RXN	ADP	right
23-DIMETHYLMALATE-LYASE-RXN	CPD-61	left
23-DIMETHYLMALATE-LYASE-RXN	PROPIONATE	right
23-DIMETHYLMALATE-LYASE-RXN	PYRUVATE	right
RXN-15543	CPD-16782	left
RXN-15543	NADH-P-OR-NOP	left
RXN-15543	CPD-16781	right
RXN-15543	NAD-P-OR-NOP	right
RXN-4736	CPD-12575	left
RXN-4736	CPD-4614	left
RXN-4736	PROTON	right
RXN-4736	CPD-4622	right
RXN-4736	UDP	right
RXN-18342	CPD-19720	left
RXN-18342	OXYGEN-MOLECULE	left
RXN-18342	PROTON	left
RXN-18342	CPD-19719	right
RXN-18342	CARBON-MONOXIDE	right
RXN-18342	WATER	right
RXNQT-4150	UMP	left
RXNQT-4150	WATER	left
RXNQT-4150	URIDINE	right
RXNQT-4150	Pi	right
RXN-14060	UDP-GLUCURONATE	left
RXN-14060	CPD-12727	left
RXN-14060	UDP	right
RXN-14060	CPD-12728	right
RXN-14060	PROTON	right
FPPSYN-RXN	GERANYL-PP	left
FPPSYN-RXN	DELTA3-ISOPENTENYL-PP	left
FPPSYN-RXN	FARNESYL-PP	right
FPPSYN-RXN	PPI	right
HISTPRATPHYD-RXN	PHOSPHORIBOSYL-ATP	left
HISTPRATPHYD-RXN	WATER	left
HISTPRATPHYD-RXN	PHOSPHORIBOSYL-AMP	right
HISTPRATPHYD-RXN	PPI	right
HISTPRATPHYD-RXN	PROTON	right
GMP-SYN-GLUT-RXN	XANTHOSINE-5-PHOSPHATE	left
GMP-SYN-GLUT-RXN	WATER	left
GMP-SYN-GLUT-RXN	GLN	left
GMP-SYN-GLUT-RXN	ATP	left
GMP-SYN-GLUT-RXN	PROTON	right
GMP-SYN-GLUT-RXN	GLT	right
GMP-SYN-GLUT-RXN	GMP	right
GMP-SYN-GLUT-RXN	PPI	right
GMP-SYN-GLUT-RXN	AMP	right
RXN-14816	CPD-1241	left
RXN-14816	CPD-15712	right
2.4.1.222-RXN	UDP-N-ACETYL-D-GLUCOSAMINE	left
2.4.1.222-RXN	EGF-Domain-Protein-Fuc-Ser-Thr	left
2.4.1.222-RXN	UDP	right
2.4.1.222-RXN	EGF-Domain-Protein-GlcNAC-beta13-Fuc-Ser-Thr	right
2.4.1.222-RXN	PROTON	right
RXN-15597	CPD-318	left
RXN-15597	E-	left
RXN-15597	ASCORBATE	right
RXN0-5257	DIHYDROXY-ACETONE-PHOSPHATE	left
RXN0-5257	PROTON	left
RXN0-5257	E-	left
RXN0-5257	GLYCEROL-3P	right
RXN0-7005	L-DELTA1-PYRROLINE_5-CARBOXYLATE	left
RXN0-7005	E-	left
RXN0-7005	PROTON	left
RXN0-7005	PRO	right
DIHYDRONEOPTERIN-MONO-P-DEPHOS-RXN	DIHYDRONEOPTERIN-P	left
DIHYDRONEOPTERIN-MONO-P-DEPHOS-RXN	WATER	left
DIHYDRONEOPTERIN-MONO-P-DEPHOS-RXN	DIHYDRO-NEO-PTERIN	right
DIHYDRONEOPTERIN-MONO-P-DEPHOS-RXN	Pi	right
RXN-24046	CPD-9924	left
RXN-24046	CPD-26609	right
RXN-7244	CPD-6742	left
RXN-7244	WATER	left
RXN-7244	CPD-6744	right
RXN-7244	Pi	right
RXN-8365	CPD-8163	left
RXN-8365	OXYGEN-MOLECULE	left
RXN-8365	Reduced-ferredoxins	left
RXN-8365	PROTON	left
RXN-8365	CPD-8164	right
RXN-8365	WATER	right
RXN-8365	Oxidized-ferredoxins	right
RXN-7182	INOSITOL-1456-TETRAKISPHOSPHATE	left
RXN-7182	ATP	left
RXN-7182	PROTON	right
RXN-7182	CPD-534	right
RXN-7182	ADP	right
2.3.1.133-RXN	P-COUMAROYL-COA	left
2.3.1.133-RXN	SHIKIMATE	left
2.3.1.133-RXN	CPD-412	right
2.3.1.133-RXN	CO-A	right
UDPREDUCT-RXN	DUDP	left
UDPREDUCT-RXN	Ox-Thioredoxin	left
UDPREDUCT-RXN	WATER	left
UDPREDUCT-RXN	UDP	right
UDPREDUCT-RXN	Red-Thioredoxin	right
RXN-11625	CTP	left
RXN-11625	2-TRANS6-TRANS-FARNESOL	left
RXN-11625	CDP	right
RXN-11625	CPD-12587	right
RXN-11625	PROTON	right
RXN-13068	CPD-14083	left
RXN-13068	Acceptor	left
RXN-13068	CPD-14081	right
RXN-13068	Donor-H2	right
ADCLY-RXN	4-AMINO-4-DEOXYCHORISMATE	left
ADCLY-RXN	PROTON	right
ADCLY-RXN	P-AMINO-BENZOATE	right
ADCLY-RXN	PYRUVATE	right
RXN1F-19	CPD-725	left
RXN1F-19	WATER	right
RXN1F-19	CPD-728	right
RXN-8172	PROTON	left
RXN-8172	DELTA1-PIPERIDEINE-2-CARBOXYLATE	left
RXN-8172	WATER	left
RXN-8172	2-KETO-6-AMINO-CAPROATE	right
RXN-22285	CPD-678	left
RXN-22285	SE-2	right
RXN-22285	PROTON	right
R524-RXN	CPD-69	left
R524-RXN	HCO3	left
R524-RXN	PROTON	left
R524-RXN	CARBAMATE	right
R524-RXN	CARBON-DIOXIDE	right
DTDPKIN-RXN	ATP	left
DTDPKIN-RXN	TDP	left
DTDPKIN-RXN	ADP	right
DTDPKIN-RXN	TTP	right
RXN-9971	Dolichals	left
RXN-9971	NADP	left
RXN-9971	Ditrans-polycis-polyprenals	right
RXN-9971	NADPH	right
RXN-9971	PROTON	right
O-SUCCINYLBENZOATE-COA-SYN-RXN	CPD-9923	left
O-SUCCINYLBENZOATE-COA-SYN-RXN	O-SUCCINYLBENZOATE	right
O-SUCCINYLBENZOATE-COA-SYN-RXN	WATER	right
1.20.99.1-RXN	CPD0-2040	left
1.20.99.1-RXN	Acceptor	left
1.20.99.1-RXN	WATER	left
1.20.99.1-RXN	ARSENATE	right
1.20.99.1-RXN	Donor-H2	right
1.20.99.1-RXN	PROTON	right
1-PHOSPHATIDYLINOSITOL-3-KINASE-RXN	L-1-phosphatidyl-inositols	left
1-PHOSPHATIDYLINOSITOL-3-KINASE-RXN	ATP	left
1-PHOSPHATIDYLINOSITOL-3-KINASE-RXN	CPD-177	right
1-PHOSPHATIDYLINOSITOL-3-KINASE-RXN	ADP	right
1-PHOSPHATIDYLINOSITOL-3-KINASE-RXN	PROTON	right
RXN-13141	CPD0-2474	left
RXN-13141	ADP	left
RXN-13141	NADPH	right
RXN-13141	AMP	right
RXN-13141	Pi	right
RXN-13141	PROTON	right
RXN-2103	1-4-alpha-D-galacturonosyl	left
RXN-2103	WATER	left
RXN-2103	1-4-alpha-D-galacturonosyl	right
RXN-6762	ACETYL-COA	left
RXN-6762	BENZYL-ALCOHOL	left
RXN-6762	CPD-6501	right
RXN-6762	CO-A	right
RXN-17120	S-ADENOSYLMETHIONINE	left
RXN-17120	Protein-L-Arginines	left
RXN-17120	ADENOSYL-HOMO-CYS	right
RXN-17120	Protein-N-Nprime-omega-dimethyl-arginine	right
RXN-17120	PROTON	right
RXN-11484	Pimeloyl-ACPs	left
RXN-11484	L-ALPHA-ALANINE	left
RXN-11484	PROTON	left
RXN-11484	8-AMINO-7-OXONONANOATE	right
RXN-11484	CARBON-DIOXIDE	right
RXN-11484	ACP	right
3.6.4.8-RXN	ATP	left
3.6.4.8-RXN	WATER	left
3.6.4.8-RXN	General-Protein-Substrates	left
3.6.4.8-RXN	ADP	right
3.6.4.8-RXN	Pi	right
3.6.4.8-RXN	PROTON	right
3.6.4.8-RXN	Unfolded-Proteins	right
RXN-9083	INDOLE_ACETATE_AUXIN	left
RXN-9083	VAL	left
RXN-9083	ATP	left
RXN-9083	PROTON	right
RXN-9083	CPD-9577	right
RXN-9083	AMP	right
RXN-9083	PPI	right
RXN-21179	S-ADENOSYLMETHIONINE	left
RXN-21179	tRNA-uridines	left
RXN-21179	CPD-8539	right
RXN-21179	5-METHYLTHIOADENOSINE	right
RXN-21179	PROTON	right
RXN-5763	S-ADENOSYLMETHIONINE	left
RXN-5763	CPD-5602	left
RXN-5763	PROTON	right
RXN-5763	CHOLINE	right
RXN-5763	ADENOSYL-HOMO-CYS	right
RXN-7605	S-ADENOSYLMETHIONINE	left
RXN-7605	Demethylated-methyl-acceptors	left
RXN-7605	ADENOSYL-HOMO-CYS	right
RXN-7605	Methylated-methyl-acceptors	right
RXN-7605	PROTON	right
H2NEOPTERINALDOL-RXN	DIHYDRO-NEO-PTERIN	left
H2NEOPTERINALDOL-RXN	GLYCOLALDEHYDE	right
H2NEOPTERINALDOL-RXN	AMINO-OH-HYDROXYMETHYL-DIHYDROPTERIDINE	right
RXN-9634	R-3-hydroxystearoyl-ACPs	left
RXN-9634	Octadec-2-enoyl-ACPs	right
RXN-9634	WATER	right
RXN-22711	CHORISMATE	left
RXN-22711	AMMONIA	left
RXN-22711	PROTON	left
RXN-22711	CPD-9517	right
RXN-22711	WATER	right
RXN-11372	DIPHTHAMIDE	left
RXN-11372	NAD	left
RXN-11372	CPD-12345	right
RXN-11372	NIACINAMIDE	right
DIHYDRODIPICSYN-RXN	PYRUVATE	left
DIHYDRODIPICSYN-RXN	L-ASPARTATE-SEMIALDEHYDE	left
DIHYDRODIPICSYN-RXN	CPD-14443	right
DIHYDRODIPICSYN-RXN	WATER	right
DIHYDRODIPICSYN-RXN	PROTON	right
SUCCINATE-SEMIALDEHYDE-DEHYDROGENASE-RXN	SUCC-S-ALD	left
SUCCINATE-SEMIALDEHYDE-DEHYDROGENASE-RXN	WATER	left
SUCCINATE-SEMIALDEHYDE-DEHYDROGENASE-RXN	NAD	left
SUCCINATE-SEMIALDEHYDE-DEHYDROGENASE-RXN	SUC	right
SUCCINATE-SEMIALDEHYDE-DEHYDROGENASE-RXN	NADH	right
SUCCINATE-SEMIALDEHYDE-DEHYDROGENASE-RXN	PROTON	right
RXN-16393	DODECANOATE	left
RXN-16393	CO-A	left
RXN-16393	ATP	left
RXN-16393	LAUROYLCOA-CPD	right
RXN-16393	PPI	right
RXN-16393	AMP	right
RXN-20604	S-ADENOSYLMETHIONINE	left
RXN-20604	Histone-H3-K4m1	left
RXN-20604	ADENOSYL-HOMO-CYS	right
RXN-20604	Histone-H3-K4m2	right
RXN-20604	PROTON	right
RXN-18956	CPD-6948	left
RXN-18956	Red-NADPH-Hemoprotein-Reductases	left
RXN-18956	OXYGEN-MOLECULE	left
RXN-18956	CPD-20420	right
RXN-18956	Ox-NADPH-Hemoprotein-Reductases	right
RXN-18956	WATER	right
RXN-18493	Jasmonoyl-Amino-Acid-Conjugates	left
RXN-18493	WATER	left
RXN-18493	Jasmonic-Acids	right
RXN-18493	L-Amino-Acids	right
RXN-8342	PRECURSOR-Z	left
RXN-8342	Thiocarboxylated-MPT-synthases	left
RXN-8342	WATER	left
RXN-8342	CPD-4	right
RXN-8342	MPT-Synthase-small-subunits	right
RXN-8342	PROTON	right
RXN-24164	ACYL-COA	left
RXN-24164	PHYTOL	left
RXN-24164	Fatty-acid-phytyl-esters	right
RXN-24164	CO-A	right
RXN-87	P-COUMAROYL-COA	left
RXN-87	MALONYL-COA	left
RXN-87	PROTON	left
RXN-87	CPD-83	right
RXN-87	CO-A	right
RXN-87	CARBON-DIOXIDE	right
RXN-8139	CPD-7141	left
RXN-8139	MALONYL-COA	left
RXN-8139	CPD-7142	right
RXN-8139	CO-A	right
RXN-8196	CPD-7854	left
RXN-8196	CPD-7851	right
METHENYLTHFCYCLOHYDRO-RXN	5-10-METHENYL-THF-GLU-N	left
METHENYLTHFCYCLOHYDRO-RXN	WATER	left
METHENYLTHFCYCLOHYDRO-RXN	FORMYL-THF-GLU-N	right
METHENYLTHFCYCLOHYDRO-RXN	PROTON	right
3.6.4.7-RXN	General-Protein-Substrates	left
3.6.4.7-RXN	ATP	left
3.6.4.7-RXN	WATER	left
3.6.4.7-RXN	General-Protein-Substrates	right
3.6.4.7-RXN	ADP	right
3.6.4.7-RXN	Pi	right
3.6.4.7-RXN	PROTON	right
RXN-18235	CPD-13118	left
RXN-18235	B-Gal-14-NacGlc-R	left
RXN-18235	Type-2-H-Antigen	right
RXN-18235	GDP	right
RXN-18235	PROTON	right
RXN-21230	6-7-Dihydrobiopterins	left
RXN-21230	78-dihydrobiopterins	right
RXN-14538	yW-72	left
RXN-14538	2-KETOGLUTARATE	left
RXN-14538	OXYGEN-MOLECULE	left
RXN-14538	OHyWstar-tRNA	right
RXN-14538	SUC	right
RXN-14538	CARBON-DIOXIDE	right
2.5.1.19-RXN	SHIKIMATE-5P	left
2.5.1.19-RXN	PHOSPHO-ENOL-PYRUVATE	left
2.5.1.19-RXN	3-ENOLPYRUVYL-SHIKIMATE-5P	right
2.5.1.19-RXN	Pi	right
RXN-7801	CPD3DJ-82	left
RXN-7801	O-Glucosylsterols	left
RXN-7801	Glucosyl-acyl-sphinganines	right
RXN-7801	Sterols	right
RXN-18897	CPD-20261	left
RXN-18897	CPD-20264	right
RXN-18897	WATER	right
RXN-18897	PROTON	right
RXN-22206	CPD-24184	left
RXN-22206	FERROCYTOCHROME-B5	left
RXN-22206	OXYGEN-MOLECULE	left
RXN-22206	PROTON	left
RXN-22206	CPD-24185	right
RXN-22206	FERRICYTOCHROME-B5	right
RXN-22206	WATER	right
RXN-8232	CAFFEOYL-COA	left
RXN-8232	CPD-7966	left
RXN-8232	CPD-7963	right
RXN-8232	CO-A	right
TRANS-RXN-250	ATP	left
TRANS-RXN-250	MG+2	left
TRANS-RXN-250	WATER	left
TRANS-RXN-250	ADP	right
TRANS-RXN-250	MG+2	right
TRANS-RXN-250	Pi	right
TRANS-RXN-250	PROTON	right
PRIBFAICARPISOM-RXN	PHOSPHORIBOSYL-FORMIMINO-AICAR-P	left
PRIBFAICARPISOM-RXN	PHOSPHORIBULOSYL-FORMIMINO-AICAR-P	right
RXN-5471	CPD-5169	left
RXN-5471	CPD-166	left
RXN-5471	CPD-5170	right
RXN-5471	DOLICHOLP	right
RXN-5471	PROTON	right
RXN-13416	N-4-aminobutylidene-enzyme-lysine	left
RXN-13416	EIF5A-LYSINE	left
RXN-13416	N-4-aminobutylidene-eIF5A-lysine	right
RXN-13416	Deoxyhypusine-Synthase-Lysine	right
RXN-13416	PROTON	right
ISOVALERYLCOA-DHLIPOAMIDE-RXN	ISOVALERYL-COA	left
ISOVALERYLCOA-DHLIPOAMIDE-RXN	BCAA-dehydrogenase-DH-lipoyl	left
ISOVALERYLCOA-DHLIPOAMIDE-RXN	BCAA-dehydrogenase-3MB-DH-lipoyl	right
ISOVALERYLCOA-DHLIPOAMIDE-RXN	CO-A	right
TRANS-RXN-230	L-ORNITHINE	left
TRANS-RXN-230	L-ORNITHINE	right
RXN-8311	CPD-8084	left
RXN-8311	OXYGEN-MOLECULE	left
RXN-8311	Reduced-ferredoxins	left
RXN-8311	PROTON	left
RXN-8311	CPD-8081	right
RXN-8311	WATER	right
RXN-8311	Oxidized-ferredoxins	right
RXN-6724	BENZOYLCOA	left
RXN-6724	BENZYL-ALCOHOL	left
RXN-6724	CPD-6443	right
RXN-6724	CO-A	right
RXN-17757	GLYOX	left
RXN-17757	PROTON	left
RXN-17757	E-	left
RXN-17757	GLYCOLLATE	right
RXN-717	CPD-716	left
RXN-717	Red-NADPH-Hemoprotein-Reductases	left
RXN-717	OXYGEN-MOLECULE	left
RXN-717	CPD-718	right
RXN-717	Ox-NADPH-Hemoprotein-Reductases	right
RXN-717	WATER	right
TOCOPHEROL-O-METHYLTRANSFERASE-RXN	S-ADENOSYLMETHIONINE	left
TOCOPHEROL-O-METHYLTRANSFERASE-RXN	GAMA-TOCOPHEROL	left
TOCOPHEROL-O-METHYLTRANSFERASE-RXN	ADENOSYL-HOMO-CYS	right
TOCOPHEROL-O-METHYLTRANSFERASE-RXN	ALPHA-TOCOPHEROL	right
TOCOPHEROL-O-METHYLTRANSFERASE-RXN	PROTON	right
RXN-9546	STEAROYL-COA	left
RXN-9546	NADP	left
RXN-9546	CPD-10262	right
RXN-9546	NADPH	right
RXN-9546	PROTON	right
RXN-14408	CPD-15374	left
RXN-14408	Glucopyranose	right
RXN-18946	CPD-20413	left
RXN-18946	Red-NADPH-Hemoprotein-Reductases	left
RXN-18946	OXYGEN-MOLECULE	left
RXN-18946	CPD-20325	right
RXN-18946	Ox-NADPH-Hemoprotein-Reductases	right
RXN-18946	WATER	right
RXN-11525	CPD-12491	left
RXN-11525	CPD-12487	right
RXN-11525	WATER	right
3-ISOPROPYLMALISOM-RXN	CPD-9451	left
3-ISOPROPYLMALISOM-RXN	WATER	left
3-ISOPROPYLMALISOM-RXN	3-CARBOXY-3-HYDROXY-ISOCAPROATE	right
RXN-16890	S-ADENOSYLMETHIONINE	left
RXN-16890	Protein-L-Arginines	left
RXN-16890	ADENOSYL-HOMO-CYS	right
RXN-16890	Protein-N5-methyl-arginine	right
RXN-16890	PROTON	right
RXN-8336	CPD-676	left
RXN-8336	Light	left
RXN-8336	CPD-8098	right
RXN-4161	CPD-4101	left
RXN-4161	CPD-4081	right
CARBOXYMETHYLENEBUTENOLIDASE-RXN	4-CARBOXYMETHYLENEBUT-2-EN-4-OLIDE	left
CARBOXYMETHYLENEBUTENOLIDASE-RXN	WATER	left
CARBOXYMETHYLENEBUTENOLIDASE-RXN	CPD-294	right
CARBOXYMETHYLENEBUTENOLIDASE-RXN	PROTON	right
GLYOXI-RXN	S-LACTOYL-GLUTATHIONE	left
GLYOXI-RXN	METHYL-GLYOXAL	right
GLYOXI-RXN	GLUTATHIONE	right
RXN0-901	XANTHINE	left
RXN0-901	NAD	left
RXN0-901	WATER	left
RXN0-901	URATE	right
RXN0-901	NADH	right
RXN0-901	PROTON	right
RXN-15127	CPD-16015	left
RXN-15127	WATER	left
RXN-15127	PYRUVATE	right
RXN-15127	AMMONIUM	right
RXN-10703	CPD-11527	left
RXN-10703	NAD	left
RXN-10703	CPD-11528	right
RXN-10703	NADH	right
RXN-10703	PROTON	right
GCVMULTI-RXN	GLY	left
GCVMULTI-RXN	THF-GLU-N	left
GCVMULTI-RXN	NAD	left
GCVMULTI-RXN	METHYLENE-THF-GLU-N	right
GCVMULTI-RXN	AMMONIUM	right
GCVMULTI-RXN	CARBON-DIOXIDE	right
GCVMULTI-RXN	NADH	right
GLYOHMETRANS-RXN	GLY	left
GLYOHMETRANS-RXN	METHYLENE-THF-GLU-N	left
GLYOHMETRANS-RXN	WATER	left
GLYOHMETRANS-RXN	SER	right
GLYOHMETRANS-RXN	THF-GLU-N	right
RXN-8366	CPD-8165	left
RXN-8366	OXYGEN-MOLECULE	left
RXN-8366	Reduced-ferredoxins	left
RXN-8366	PROTON	left
RXN-8366	CPD-8167	right
RXN-8366	WATER	right
RXN-8366	Oxidized-ferredoxins	right
RXN-13734	CPD-14775	left
RXN-13734	GLYCEROL-3P	left
RXN-13734	CO-A	right
RXN-13734	CPD-14776	right
RXN-12383	DIACYLGLYCEROL	left
RXN-12383	Triacylglycerols	right
RXN-12383	CPD-409	right
RXN-9520	R-3-hydroxyhexanoyl-ACPs	left
RXN-9520	Hex-2-enoyl-ACPs	right
RXN-9520	WATER	right
RXN-13564	ARG	left
RXN-13564	NADPH	left
RXN-13564	PROTON	left
RXN-13564	OXYGEN-MOLECULE	left
RXN-13564	CPD-13518	right
RXN-13564	NADP	right
RXN-13564	WATER	right
PRTRANS-RXN	N-5-PHOSPHORIBOSYL-ANTHRANILATE	left
PRTRANS-RXN	PPI	left
PRTRANS-RXN	ANTHRANILATE	right
PRTRANS-RXN	PRPP	right
RXN-7716	Oxo-glutarate-dehydrogenase-DH-lipoyl	left
RXN-7716	NAD	left
RXN-7716	Oxo-glutarate-dehydrogenase-lipoyl	right
RXN-7716	NADH	right
RXN-7716	PROTON	right
RXN66-13	CPD-8608	left
RXN66-13	OXYGEN-MOLECULE	left
RXN66-13	Red-NADPH-Hemoprotein-Reductases	left
RXN66-13	CPD-8609	right
RXN66-13	FORMATE	right
RXN66-13	WATER	right
RXN66-13	Ox-NADPH-Hemoprotein-Reductases	right
RXN66-13	PROTON	right
SERINE-C-PALMITOYLTRANSFERASE-RXN	PALMITYL-COA	left
SERINE-C-PALMITOYLTRANSFERASE-RXN	SER	left
SERINE-C-PALMITOYLTRANSFERASE-RXN	PROTON	left
SERINE-C-PALMITOYLTRANSFERASE-RXN	DEHYDROSPHINGANINE	right
SERINE-C-PALMITOYLTRANSFERASE-RXN	CARBON-DIOXIDE	right
SERINE-C-PALMITOYLTRANSFERASE-RXN	CO-A	right
OHMETHYLBILANESYN-RXN	PORPHOBILINOGEN	left
OHMETHYLBILANESYN-RXN	WATER	left
OHMETHYLBILANESYN-RXN	HYDROXYMETHYLBILANE	right
OHMETHYLBILANESYN-RXN	AMMONIUM	right
RXN-8732	CPD-10699	left
RXN-8732	WATER	left
RXN-8732	ADENOSINE_DIPHOSPHATE_RIBOSE	right
RXN-8732	ARG	right
RXN-13398	CHLOROPHYLLIDE-A	left
RXN-13398	OXYGEN-MOLECULE	left
RXN-13398	NADPH	left
RXN-13398	PROTON	left
RXN-13398	CPD-7014	right
RXN-13398	WATER	right
RXN-13398	NADP	right
2.4.1.123-RXN	CPD-14553	left
2.4.1.123-RXN	MYO-INOSITOL	left
2.4.1.123-RXN	PROTON	right
2.4.1.123-RXN	CPD-458	right
2.4.1.123-RXN	UDP	right
DIOHBUTANONEPSYN-RXN	RIBULOSE-5P	left
DIOHBUTANONEPSYN-RXN	PROTON	right
DIOHBUTANONEPSYN-RXN	FORMATE	right
DIOHBUTANONEPSYN-RXN	DIHYDROXY-BUTANONE-P	right
RXN-7799	CPD3DJ-82	left
RXN-7799	ATP	left
RXN-7799	Plant-Ceramide-Phosphate	right
RXN-7799	ADP	right
RXN-7799	PROTON	right
RXN-21551	MI-HEXAKISPHOSPHATE	left
RXN-21551	CU+2	left
RXN-21551	CPD-23451	right
RXN-21539	5-METHYL-THF-GLU-N	left
RXN-21539	Methionine-synthase-cob-I-alamins	left
RXN-21539	PROTON	left
RXN-21539	THF-GLU-N	right
RXN-21539	METHIONINE-SYNTHASE-METHYLCOBALAMIN	right
RXN-22287	CPD-846	left
RXN-22287	CPD-7046	right
RXN-22287	PROTON	right
RXN-18213	Omega-methylthio-alkyl-glucosinolates	left
RXN-18213	OXYGEN-MOLECULE	left
RXN-18213	NADPH	left
RXN-18213	PROTON	left
RXN-18213	omega-methylsulfinylalkylglucosinolate	right
RXN-18213	WATER	right
RXN-18213	NADP	right
RXN-7614	ATP	left
RXN-7614	O-SUCCINYLBENZOATE	left
RXN-7614	CO-A	left
RXN-7614	CPD-6972	right
RXN-7614	ADP	right
RXN-7614	Pi	right
4.2.1.58-RXN	Beta-3-hydroxybutyryl-ACPs	left
4.2.1.58-RXN	WATER	right
4.2.1.58-RXN	Crotonyl-ACPs	right
RXN66-607	Histone-H3-K4m2	left
RXN66-607	WATER	left
RXN66-607	Acceptor	left
RXN66-607	Histone-H3-K4m1	right
RXN66-607	FORMALDEHYDE	right
RXN66-607	Donor-H2	right
RXN-22603	CPD-24843	left
RXN-22603	CPD-24844	right
RIBONUCLEOSIDE-DIP-REDUCTI-RXN	Deoxy-Ribonucleoside-Diphosphates	left
RIBONUCLEOSIDE-DIP-REDUCTI-RXN	Ox-Thioredoxin	left
RIBONUCLEOSIDE-DIP-REDUCTI-RXN	WATER	left
RIBONUCLEOSIDE-DIP-REDUCTI-RXN	Ribonucleoside-Diphosphates	right
RIBONUCLEOSIDE-DIP-REDUCTI-RXN	Red-Thioredoxin	right
RXN-20082	ATP	left
RXN-20082	L-glutamyl-tRNAGln	left
RXN-20082	5-Phosphooxy-L-glutamyl-tRNAGlln	right
RXN-20082	ADP	right
RXN-7282	OXOPENTENOATE	left
RXN-7282	CPD-14447	right
1.1.1.8-RXN	GLYCEROL-3P	left
1.1.1.8-RXN	NAD	left
1.1.1.8-RXN	DIHYDROXY-ACETONE-PHOSPHATE	right
1.1.1.8-RXN	NADH	right
1.1.1.8-RXN	PROTON	right
GTPPYPHOSKIN-RXN	ATP	left
GTPPYPHOSKIN-RXN	GTP	left
GTPPYPHOSKIN-RXN	GDP-TP	right
GTPPYPHOSKIN-RXN	AMP	right
GTPPYPHOSKIN-RXN	PROTON	right
RXN-19814	CPD-15225	left
RXN-19814	WATER	left
RXN-19814	CPD-21427	right
RXN-19814	PROTON	right
RXN-9671	UDP-NAcMur-Peptides	left
RXN-9671	CPD-9646	left
RXN-9671	CPD-27104	right
RXN-9671	UMP	right
RXN-774	CPD-712	left
RXN-774	OXYGEN-MOLECULE	left
RXN-774	Red-NADPH-Hemoprotein-Reductases	left
RXN-774	CPD-715	right
RXN-774	WATER	right
RXN-774	Ox-NADPH-Hemoprotein-Reductases	right
RXN-4727	CPD-12575	left
RXN-4727	CPD-4209	left
RXN-4727	PROTON	right
RXN-4727	CPD-4602	right
RXN-4727	UDP	right
RXN-14922	CPD-15838	left
RXN-14922	CPD-15834	right
NADNUCLEOSID-RXN	WATER	left
NADNUCLEOSID-RXN	NAD	left
NADNUCLEOSID-RXN	PROTON	right
NADNUCLEOSID-RXN	ADENOSINE_DIPHOSPHATE_RIBOSE	right
NADNUCLEOSID-RXN	NIACINAMIDE	right
RXN-713	CPD-710	left
RXN-713	OXYGEN-MOLECULE	left
RXN-713	Donor-H2	left
RXN-713	CPD-711	right
RXN-713	WATER	right
RXN-713	Acceptor	right
GLUTCYSLIG-RXN	GLT	left
GLUTCYSLIG-RXN	CYS	left
GLUTCYSLIG-RXN	ATP	left
GLUTCYSLIG-RXN	L-GAMMA-GLUTAMYLCYSTEINE	right
GLUTCYSLIG-RXN	ADP	right
GLUTCYSLIG-RXN	Pi	right
GLUTCYSLIG-RXN	PROTON	right
ENOYL-ACP-REDUCT-NADH-RXN	Saturated-Fatty-Acyl-ACPs	left
ENOYL-ACP-REDUCT-NADH-RXN	NAD	left
ENOYL-ACP-REDUCT-NADH-RXN	TRANS-D2-ENOYL-ACP	right
ENOYL-ACP-REDUCT-NADH-RXN	NADH	right
ENOYL-ACP-REDUCT-NADH-RXN	PROTON	right
RXN-10851	CPD-11281	left
RXN-10851	Donor-H2	left
RXN-10851	CPD-11763	right
RXN-10851	HS	right
RXN-10851	Acceptor	right
RXN-11213	CH3-MALONATE-S-ALD	left
RXN-11213	CO-A	left
RXN-11213	NAD	left
RXN-11213	WATER	left
RXN-11213	PROPIONYL-COA	right
RXN-11213	HCO3	right
RXN-11213	NADH	right
RXN-11213	PROTON	right
RXNQT-4338	CPDQT-300	left
RXNQT-4338	OXYGEN-MOLECULE	left
RXNQT-4338	NADPH	left
RXNQT-4338	PROTON	left
RXNQT-4338	CPDQT-299	right
RXNQT-4338	WATER	right
RXNQT-4338	NADP	right
RXN-17891	Charged-ARG-tRNAs	left
RXN-17891	N-terminal-L-cysteine-sulfonate	left
RXN-17891	ARG-tRNAs	right
RXN-17891	L-arginyl-3-sulfo-L-alaninyl-Peptides	right
RXN-17891	PROTON	right
DIACYLGLYCEROL-O-ACYLTRANSFERASE-RXN	ACYL-COA	left
DIACYLGLYCEROL-O-ACYLTRANSFERASE-RXN	DIACYLGLYCEROL	left
DIACYLGLYCEROL-O-ACYLTRANSFERASE-RXN	Triacylglycerols	right
DIACYLGLYCEROL-O-ACYLTRANSFERASE-RXN	CO-A	right
RXN-20611	S-ADENOSYLMETHIONINE	left
RXN-20611	Histone-H3-K9m2	left
RXN-20611	ADENOSYL-HOMO-CYS	right
RXN-20611	Histone-H3-K9m3	right
RXN-20611	PROTON	right
RXN0-6274	CPD-4211	left
RXN0-6274	tRNA-adenine-37	left
RXN0-6274	6-Dimethylallyladenosine37-tRNAs	right
RXN0-6274	PPI	right
3.2.1.23-RXN	Beta-D-Galactosides	left
3.2.1.23-RXN	WATER	left
3.2.1.23-RXN	Non-Galactosylated-Galactose-Acceptors	right
3.2.1.23-RXN	D-galactopyranose	right
RXN1F-462	CPD-12575	left
RXN1F-462	CPD-520	left
RXN1F-462	UDP	right
RXN1F-462	CPD1F-437	right
RXN1F-462	PROTON	right
RXN-15458	CPD-9413	left
RXN-15458	Red-NADPH-Hemoprotein-Reductases	left
RXN-15458	OXYGEN-MOLECULE	left
RXN-15458	CPD-16700	right
RXN-15458	Ox-NADPH-Hemoprotein-Reductases	right
RXN-15458	WATER	right
RXN-17679	2R-3R-Dihydroflavonols	left
RXN-17679	2-KETOGLUTARATE	left
RXN-17679	OXYGEN-MOLECULE	left
RXN-17679	Flavonols	right
RXN-17679	SUC	right
RXN-17679	CARBON-DIOXIDE	right
RXN-17679	WATER	right
RXN-19145	Proteins-with-N-Terminal-L-Glutamine	left
RXN-19145	Protein-N-terminal-5-oxo-prolines	right
RXN-19145	AMMONIUM	right
RXN-22402	CPD0-2040	left
RXN-22402	Elemental-Sulfur	left
RXN-22402	CPD-24395	right
RXN-22402	PROTON	right
RXN-13770	CPD-12745	left
RXN-13770	CPD-14803	right
RXN-13770	PPI	right
SERINE-GLYOXYLATE-AMINOTRANSFERASE-RXN	GLY	left
SERINE-GLYOXYLATE-AMINOTRANSFERASE-RXN	OH-PYR	left
SERINE-GLYOXYLATE-AMINOTRANSFERASE-RXN	GLYOX	right
SERINE-GLYOXYLATE-AMINOTRANSFERASE-RXN	SER	right
RXN-10695	CPD-730	left
RXN-10695	CO-A	left
RXN-10695	ATP	left
RXN-10695	CPD-11517	right
RXN-10695	AMP	right
RXN-10695	PPI	right
RXN0-363	XANTHOSINE	left
RXN0-363	WATER	left
RXN0-363	XANTHINE	right
RXN0-363	D-Ribofuranose	right
BENZALDEHYDE-DEHYDROGENASE-NAD+-RXN	BENZALDEHYDE	left
BENZALDEHYDE-DEHYDROGENASE-NAD+-RXN	WATER	left
BENZALDEHYDE-DEHYDROGENASE-NAD+-RXN	NAD	left
BENZALDEHYDE-DEHYDROGENASE-NAD+-RXN	BENZOATE	right
BENZALDEHYDE-DEHYDROGENASE-NAD+-RXN	NADH	right
BENZALDEHYDE-DEHYDROGENASE-NAD+-RXN	PROTON	right
RXN-8197	GERANIOL	left
RXN-8197	OXYGEN-MOLECULE	left
RXN-8197	Red-NADPH-Hemoprotein-Reductases	left
RXN-8197	CPD-7857	right
RXN-8197	Ox-NADPH-Hemoprotein-Reductases	right
RXN-8197	WATER	right
RXN-19954	2Cys-Peroxiredoxins-With-HydroxyCys	left
RXN-19954	Cys2-Peroxiredoxin-Disulfide	right
RXN-19954	WATER	right
RXN-22480	UDP-N-ACETYL-D-GLUCOSAMINE	left
RXN-22480	OH-ACYL-ACP	left
RXN-22480	UDP-3R-hydroxyacyl-GlcNAc	right
RXN-22480	ACP	right
RXN-21025	Thiarsahydroxy-ArsC	left
RXN-21025	GLUTATHIONE	left
RXN-21025	PROTON	left
RXN-21025	Thiarsahydroxy-SG-ArsC	right
RXN-21025	WATER	right
RXN-19831	OBTUSIFOLIOL	left
RXN-19831	OXYGEN-MOLECULE	left
RXN-19831	Red-NADPH-Hemoprotein-Reductases	left
RXN-19831	CPD-21438	right
RXN-19831	WATER	right
RXN-19831	Ox-NADPH-Hemoprotein-Reductases	right
RXN-8026	CPD-7409	left
RXN-8026	OXYGEN-MOLECULE	left
RXN-8026	Reduced-ferredoxins	left
RXN-8026	PROTON	left
RXN-8026	CPD1F-130	right
RXN-8026	WATER	right
RXN-8026	Oxidized-ferredoxins	right
RXN-7763	CPD-7025	left
RXN-7763	Nucleoside-Triphosphates	left
RXN-7763	PHYTYL-PYROPHOSPHATE	right
RXN-7763	Nucleoside-Diphosphates	right
RXN0-7187	MET	left
RXN0-7187	HYDROGEN-PEROXIDE	left
RXN0-7187	CPD-8989	right
RXN0-7187	WATER	right
RXN-8671	3-Hydroxy-Flavanones	left
RXN-8671	Red-NADPH-Hemoprotein-Reductases	left
RXN-8671	OXYGEN-MOLECULE	left
RXN-8671	3-5-Dihydroxy-Flavanones	right
RXN-8671	Ox-NADPH-Hemoprotein-Reductases	right
RXN-8671	WATER	right
1.1.1.226-RXN	4-HYDROXYCYCLOHEXANECARBOXYLATE	left
1.1.1.226-RXN	NAD	left
1.1.1.226-RXN	4-OXOCYCLOHEXANECARBOXYLATE	right
1.1.1.226-RXN	NADH	right
1.1.1.226-RXN	PROTON	right
RXN-14518	S-ADENOSYLMETHIONINE	left
RXN-14518	tRNAPhe-Containing-4-demethylwyosine-37	left
RXN-14518	5-METHYLTHIOADENOSINE	right
RXN-14518	yW-86	right
RXN-14518	PROTON	right
TROPINE-DEHYDROGENASE-RXN	TROPINE	left
TROPINE-DEHYDROGENASE-RXN	NADP	left
TROPINE-DEHYDROGENASE-RXN	TROPINONE	right
TROPINE-DEHYDROGENASE-RXN	NADPH	right
TROPINE-DEHYDROGENASE-RXN	PROTON	right
HYDROXYPYRUVATE-REDUCTASE-RXN	GLYCERATE	left
HYDROXYPYRUVATE-REDUCTASE-RXN	NAD-P-OR-NOP	left
HYDROXYPYRUVATE-REDUCTASE-RXN	OH-PYR	right
HYDROXYPYRUVATE-REDUCTASE-RXN	NADH-P-OR-NOP	right
HYDROXYPYRUVATE-REDUCTASE-RXN	PROTON	right
3.2.1.151-RXN	Xyloglucan	left
3.2.1.151-RXN	WATER	left
3.2.1.151-RXN	Xyloglucan-oligosaccharides	right
RXN-18710	tRNA-2-thiouridine34	left
RXN-18710	GTP	left
RXN-18710	METHYLENE-THF-GLU-N	left
RXN-18710	GLY	left
RXN-18710	WATER	left
RXN-18710	Acceptor	left
RXN-18710	tRNA-containing-5-CarbMeAminome-2-ThioU	right
RXN-18710	GDP	right
RXN-18710	Pi	right
RXN-18710	DIHYDROFOLATE-GLU-N	right
RXN-18710	PROTON	right
RXN-18710	Donor-H2	right
3.7.1.9-RXN	HYDROXYMUCONATE-SALD	left
3.7.1.9-RXN	WATER	left
3.7.1.9-RXN	CPD-14447	right
3.7.1.9-RXN	FORMATE	right
3.7.1.9-RXN	PROTON	right
OXALODECARB-RXN	OXALACETIC_ACID	left
OXALODECARB-RXN	PROTON	left
OXALODECARB-RXN	PYRUVATE	right
OXALODECARB-RXN	CARBON-DIOXIDE	right
RXN0-5182	MALTOTETRAOSE	left
RXN0-5182	Pi	left
RXN0-5182	MALTOTRIOSE	right
RXN0-5182	GLC-1-P	right
ADENPRIBOSYLTRAN-RXN	AMP	left
ADENPRIBOSYLTRAN-RXN	PPI	left
ADENPRIBOSYLTRAN-RXN	ADENINE	right
ADENPRIBOSYLTRAN-RXN	PRPP	right
HYDROXYPHENYLPYRUVATE-REDUCTASE-RXN	CPD-2222	left
HYDROXYPHENYLPYRUVATE-REDUCTASE-RXN	NAD	left
HYDROXYPHENYLPYRUVATE-REDUCTASE-RXN	P-HYDROXY-PHENYLPYRUVATE	right
HYDROXYPHENYLPYRUVATE-REDUCTASE-RXN	NADH	right
HYDROXYPHENYLPYRUVATE-REDUCTASE-RXN	PROTON	right
PROCOLLAGEN-LYSINE-5-DIOXYGENASE-RXN	PROCOLLAGEN-L-LYSINE	left
PROCOLLAGEN-LYSINE-5-DIOXYGENASE-RXN	OXYGEN-MOLECULE	left
PROCOLLAGEN-LYSINE-5-DIOXYGENASE-RXN	2-KETOGLUTARATE	left
PROCOLLAGEN-LYSINE-5-DIOXYGENASE-RXN	PROCOLLAGEN-5-HYDROXY-L-LYSINE	right
PROCOLLAGEN-LYSINE-5-DIOXYGENASE-RXN	CARBON-DIOXIDE	right
PROCOLLAGEN-LYSINE-5-DIOXYGENASE-RXN	SUC	right
MYO-INOSITOL-1OR-4-MONOPHOSPHATASE-RXN	1-L-MYO-INOSITOL-1-P	left
MYO-INOSITOL-1OR-4-MONOPHOSPHATASE-RXN	WATER	left
MYO-INOSITOL-1OR-4-MONOPHOSPHATASE-RXN	MYO-INOSITOL	right
MYO-INOSITOL-1OR-4-MONOPHOSPHATASE-RXN	Pi	right
RXN-23672	3-Oxo-5-Beta-Steroids	left
RXN-23672	NADP	left
RXN-23672	3-Oxo-Delta-4-Steroids	right
RXN-23672	NADPH	right
RXN-23672	PROTON	right
HEXOKINASE-RXN	D-Hexoses	left
HEXOKINASE-RXN	ATP	left
HEXOKINASE-RXN	D-HEXOSE-6-PHOSPHATE	right
HEXOKINASE-RXN	ADP	right
HEXOKINASE-RXN	PROTON	right
SIROHEME-FERROCHELAT-RXN	SIROHYDROCHLORIN	left
SIROHEME-FERROCHELAT-RXN	FE+2	left
SIROHEME-FERROCHELAT-RXN	PROTON	right
SIROHEME-FERROCHELAT-RXN	SIROHEME	right
RXN-23336	12-OXO-TRANS-10-DODECENOATE	left
RXN-23336	OXYGEN-MOLECULE	left
RXN-23336	CPD-25932	right
RXN-23336	PROTON	right
RXN-19829	14a-Hydroxymethylsteroids	left
RXN-19829	OXYGEN-MOLECULE	left
RXN-19829	Red-NADPH-Hemoprotein-Reductases	left
RXN-19829	14a-formylsteroids	right
RXN-19829	WATER	right
RXN-19829	Ox-NADPH-Hemoprotein-Reductases	right
STEROL-ESTERASE-RXN	WATER	left
STEROL-ESTERASE-RXN	Steryl-Esters	left
STEROL-ESTERASE-RXN	Fatty-Acids	right
STEROL-ESTERASE-RXN	Sterols	right
STEROL-ESTERASE-RXN	PROTON	right
RXN-4222	CPD-706	left
RXN-4222	CPD-4141	right
RXN-11838	23S-rRNA-uridine955-2504-2580	left
RXN-11838	23S-rRNA-pseudouridine955-2504-2580	right
RXN-15373	CPD-16602	left
RXN-15373	CPD-15283	left
RXN-15373	CPD-16603	right
RXN-15373	4-hydroxybenzoate	right
RXN-15373	PROTON	right
RXN-4304	CPD-4201	left
RXN-4304	OXYGEN-MOLECULE	left
RXN-4304	Red-NADPH-Hemoprotein-Reductases	left
RXN-4304	CPD-4202	right
RXN-4304	Ox-NADPH-Hemoprotein-Reductases	right
RXN-4304	WATER	right
PHOSPHATIDYLINOSITOL-BISPHOSPHATASE-RXN	PHOSPHATIDYL-MYO-INOSITOL-45-BISPHOSPHA	left
PHOSPHATIDYLINOSITOL-BISPHOSPHATASE-RXN	WATER	left
PHOSPHATIDYLINOSITOL-BISPHOSPHATASE-RXN	CPD-1108	right
PHOSPHATIDYLINOSITOL-BISPHOSPHATASE-RXN	Pi	right
RXNQT-4146	FRUCTOSE-16-DIPHOSPHATE	left
RXNQT-4146	CPDQT-7	right
RXN-18266	CPD-14553	left
RXN-18266	Alpha-Acetylgalactosaminides	left
RXN-18266	beta-Gal-13-alpha-GalNac-R	right
RXN-18266	UDP	right
RXN-18266	PROTON	right
SEDOBISALDOL-RXN	D-SEDOHEPTULOSE-1-7-P2	left
SEDOBISALDOL-RXN	DIHYDROXY-ACETONE-PHOSPHATE	right
SEDOBISALDOL-RXN	ERYTHROSE-4P	right
RXN-15660	28S-rRNA-adenine-4324	left
RXN-15660	WATER	left
RXN-15660	28S-rRNA-containing-aPurinic-Sites	right
RXN-15660	ADENINE	right
RXN-13506	CPD-13667	left
RXN-13506	Red-NADPH-Hemoprotein-Reductases	left
RXN-13506	OXYGEN-MOLECULE	left
RXN-13506	CPD-14483	right
RXN-13506	Ox-NADPH-Hemoprotein-Reductases	right
RXN-13506	WATER	right
RXN-13506	PROTON	right
RXN-9535	Dodecanoyl-ACPs	left
RXN-9535	MALONYL-ACP	left
RXN-9535	PROTON	left
RXN-9535	3-oxo-myristoyl-ACPs	right
RXN-9535	CARBON-DIOXIDE	right
RXN-9535	ACP	right
OCTADECANAL-DECARBONYLASE-RXN	CPD-55	left
OCTADECANAL-DECARBONYLASE-RXN	OXYGEN-MOLECULE	left
OCTADECANAL-DECARBONYLASE-RXN	NADPH	left
OCTADECANAL-DECARBONYLASE-RXN	PROTON	left
OCTADECANAL-DECARBONYLASE-RXN	HEPTADECANE-CPD	right
OCTADECANAL-DECARBONYLASE-RXN	FORMATE	right
OCTADECANAL-DECARBONYLASE-RXN	WATER	right
OCTADECANAL-DECARBONYLASE-RXN	NADP	right
2.4.2.39-RXN	UDP-D-XYLOSE	left
2.4.2.39-RXN	Xyloglucans	left
2.4.2.39-RXN	UDP	right
2.4.2.39-RXN	Xyloglucan-Xylosyl-Residue	right
MALEATE-ISOMERASE-RXN	MALEATE	left
MALEATE-ISOMERASE-RXN	FUM	right
RXN-12088	Alpha-D-Galactosides	left
RXN-12088	WATER	left
RXN-12088	ALPHA-D-GALACTOSE	right
RXN-12088	Non-Galactosylated-Galactose-Acceptors	right
RXN-8313	CPD-8082	left
RXN-8313	OXYGEN-MOLECULE	left
RXN-8313	Reduced-ferredoxins	left
RXN-8313	PROTON	left
RXN-8313	CPD-8083	right
RXN-8313	WATER	right
RXN-8313	Oxidized-ferredoxins	right
RXN-8971	CPD-9413	left
RXN-8971	OXYGEN-MOLECULE	left
RXN-8971	Red-NADPH-Hemoprotein-Reductases	left
RXN-8971	PROTON	left
RXN-8971	CPD-9410	right
RXN-8971	WATER	right
RXN-8971	Ox-NADPH-Hemoprotein-Reductases	right
RXN-4734	CPD-12575	left
RXN-4734	CPD-4441	left
RXN-4734	PROTON	right
RXN-4734	CPD-4619	right
RXN-4734	UDP	right
RXN-9237	S-ADENOSYLMETHIONINE	left
RXN-9237	CPD-9873	left
RXN-9237	PROTON	right
RXN-9237	CPD-9958	right
RXN-9237	ADENOSYL-HOMO-CYS	right
RXN-13822	CPD-12575	left
RXN-13822	MYRICETIN	left
RXN-13822	CPD-14843	right
RXN-13822	UDP	right
RXN-22442	Protein-Tyrosines	left
RXN-22442	ATP	left
RXN-22442	Protein-tyrosine-adenylate	right
RXN-22442	PPI	right
GLUTATHIONE-SYN-RXN	GLY	left
GLUTATHIONE-SYN-RXN	L-GAMMA-GLUTAMYLCYSTEINE	left
GLUTATHIONE-SYN-RXN	ATP	left
GLUTATHIONE-SYN-RXN	GLUTATHIONE	right
GLUTATHIONE-SYN-RXN	ADP	right
GLUTATHIONE-SYN-RXN	Pi	right
GLUTATHIONE-SYN-RXN	PROTON	right
RXN-24567	Ditrans-polycis-polyprenols	left
RXN-24567	NAD-P-OR-NOP	left
RXN-24567	Ditrans-polycis-polyprenals	right
RXN-24567	NADH-P-OR-NOP	right
RXN-24567	PROTON	right
RXN-18484	CPD-11259	left
RXN-18484	WATER	left
RXN-18484	CPD-731	right
RXN-18484	ILE	right
RXN-12461	S-ADENOSYLMETHIONINE	left
RXN-12461	carbo-me-ur-34-tRNA	left
RXN-12461	5-2-me-oxy-2-oxo-et-ur-34-tRNA	right
RXN-12461	ADENOSYL-HOMO-CYS	right
UROPORIIIMETHYLTRANSA-RXN	S-ADENOSYLMETHIONINE	left
UROPORIIIMETHYLTRANSA-RXN	UROPORPHYRINOGEN-III	left
UROPORIIIMETHYLTRANSA-RXN	PROTON	right
UROPORIIIMETHYLTRANSA-RXN	ADENOSYL-HOMO-CYS	right
UROPORIIIMETHYLTRANSA-RXN	CPD-9038	right
RXN-15878	HYDROXY-METHYL-BUTENYL-DIP	left
RXN-15878	Oxidized-flavodoxins	left
RXN-15878	WATER	left
RXN-15878	PROTON	left
RXN-15878	2C-METH-D-ERYTHRITOL-CYCLODIPHOSPHATE	right
RXN-15878	Reduced-flavodoxins	right
RXN-9660	Decanoyl-ACPs	left
RXN-9660	NAD	left
RXN-9660	Trans-D2-decenoyl-ACPs	right
RXN-9660	NADH	right
RXN-9660	PROTON	right
2.1.1.103-RXN	S-ADENOSYLMETHIONINE	left
2.1.1.103-RXN	PHOSPHORYL-ETHANOLAMINE	left
2.1.1.103-RXN	PROTON	right
2.1.1.103-RXN	ADENOSYL-HOMO-CYS	right
2.1.1.103-RXN	CPD-406	right
RXN-743	CPD-12575	left
RXN-743	CPD-648	left
RXN-743	PROTON	right
RXN-743	UDP	right
RXN-743	CPD-1042	right
RXN-21512	P-COUMAROYL-COA	left
RXN-21512	CPD-23407	left
RXN-21512	CPD-23404	right
RXN-21512	CO-A	right
3.2.1.52-RXN	N-Acetyl-beta-D-Hexosaminides	left
3.2.1.52-RXN	WATER	left
3.2.1.52-RXN	N-acetyl-beta-D-hexosamines	right
3.2.1.52-RXN	Alcohols	right
TRANS-RXN-373	L-ASPARTATE	left
TRANS-RXN-373	L-ASPARTATE	right
RXN-14014	DELTA1-PIPERIDEINE-2-6-DICARBOXYLATE	left
RXN-14014	NAD-P-OR-NOP	left
RXN-14014	WATER	left
RXN-14014	CPD-14443	right
RXN-14014	NADH-P-OR-NOP	right
RXN-14014	PROTON	right
RXN-23038	CurB-ACP	left
RXN-23038	MALONYL-COA	left
RXN-23038	Malonyl-CurB	right
RXN-23038	CO-A	right
RXN-17870	ACETYL-COA	left
RXN-17870	L-methionyl-L-seryl-Protein	left
RXN-17870	N-Ac-L-methionyl-L-seryl-Protein	right
RXN-17870	CO-A	right
RXN-17870	PROTON	right
RXN-18479	CPD-13420	left
RXN-18479	Red-NADPH-Hemoprotein-Reductases	left
RXN-18479	OXYGEN-MOLECULE	left
RXN-18479	CPD-19811	right
RXN-18479	Ox-NADPH-Hemoprotein-Reductases	right
RXN-18479	WATER	right
RXN-8309	CPD-8078	left
RXN-8309	OXYGEN-MOLECULE	left
RXN-8309	Reduced-ferredoxins	left
RXN-8309	PROTON	left
RXN-8309	CPD-2190	right
RXN-8309	WATER	right
RXN-8309	Oxidized-ferredoxins	right
RXN-21526	Holo-Hydroxymethylbilane-Synthase	left
RXN-21526	PORPHOBILINOGEN	left
RXN-21526	Hydroxymethylbilane-Synthase-ES	right
RXN-21526	AMMONIUM	right
RXN-16788	ALPHA-RIBAZOLE-5-P	left
RXN-16788	WATER	left
RXN-16788	ALPHA-RIBAZOLE	right
RXN-16788	Pi	right
PALMITOYL-COA-HYDROLASE-RXN	PALMITYL-COA	left
PALMITOYL-COA-HYDROLASE-RXN	WATER	left
PALMITOYL-COA-HYDROLASE-RXN	PROTON	right
PALMITOYL-COA-HYDROLASE-RXN	PALMITATE	right
PALMITOYL-COA-HYDROLASE-RXN	CO-A	right
RXN0-1483	FE+2	left
RXN0-1483	PROTON	left
RXN0-1483	OXYGEN-MOLECULE	left
RXN0-1483	FE+3	right
RXN0-1483	WATER	right
RXN-18402	CPD-19760	left
RXN-18402	GLUTATHIONE	left
RXN-18402	HYDROQUINONE	right
RXN-18402	OXIDIZED-GLUTATHIONE	right
RXN0-7080	CTP	left
RXN0-7080	CPD-12377	left
RXN0-7080	5-HYDROXY-CTP	right
RXN0-7080	WATER	right
RXN-8770	ADENOSYLCOBALAMIN-5-P	left
RXN-8770	WATER	left
RXN-8770	ADENOSYLCOBALAMIN	right
RXN-8770	Pi	right
RXN1F-10	CHLOROPHYLLIDE-A	left
RXN1F-10	NADP	left
RXN1F-10	MONO-VINYL-PROTOCHLOROPHYLLIDE-A	right
RXN1F-10	NADPH	right
RXN1F-10	PROTON	right
RXN1F-10	Light	right
RXN-4307	CPD-4211	left
RXN-4307	AMP	left
RXN-4307	CPD-4205	right
RXN-4307	PPI	right
3.1.4.14-RXN	All-holo-ACPs	left
3.1.4.14-RXN	WATER	left
3.1.4.14-RXN	PANTETHEINE-P	right
3.1.4.14-RXN	All-apo-ACPs	right
3.1.4.14-RXN	PROTON	right
RXN0-7079	CPD0-2552	left
RXN0-7079	WATER	left
RXN0-7079	7-METHYLGUANOSINE-5-PHOSPHATE	right
RXN0-7079	PPI	right
RXN0-7079	PROTON	right
RXN-7703	NADPH	left
RXN-7703	WATER	left
RXN-7703	NADH	right
RXN-7703	Pi	right
RXN0-947	Octanoyl-ACPs	left
RXN0-947	Lipoyl-Protein-L-Lysine	left
RXN0-947	Octanoylated-domains	right
RXN0-947	ACP	right
RXN0-947	PROTON	right
THYMIDYLATESYN-RXN	METHYLENE-THF-GLU-N	left
THYMIDYLATESYN-RXN	DUMP	left
THYMIDYLATESYN-RXN	TMP	right
THYMIDYLATESYN-RXN	DIHYDROFOLATE-GLU-N	right
RXN-10958	1-PHOSPHATIDYL-1D-MYO-INOSITOL-35-BISPH	left
RXN-10958	WATER	left
RXN-10958	1-PHOSPHATIDYL-1D-MYO-INOSITOL-5-PHOSPHA	right
RXN-10958	Pi	right
RXN-12137	LINOLENIC_ACID	left
RXN-12137	OXYGEN-MOLECULE	left
RXN-12137	Red-NADPH-Hemoprotein-Reductases	left
RXN-12137	CPD-13089	right
RXN-12137	Ox-NADPH-Hemoprotein-Reductases	right
RXN-12137	WATER	right
RXN-8042	CPD-7496	left
RXN-8042	CPD1F-114	right
NAD-SYNTH-NH3-RXN	AMMONIUM	left
NAD-SYNTH-NH3-RXN	ATP	left
NAD-SYNTH-NH3-RXN	DEAMIDO-NAD	left
NAD-SYNTH-NH3-RXN	PROTON	right
NAD-SYNTH-NH3-RXN	AMP	right
NAD-SYNTH-NH3-RXN	PPI	right
NAD-SYNTH-NH3-RXN	NAD	right
RXN-8367	CPD-8165	left
RXN-8367	OXYGEN-MOLECULE	left
RXN-8367	Reduced-ferredoxins	left
RXN-8367	PROTON	left
RXN-8367	CPD-8166	right
RXN-8367	WATER	right
RXN-8367	Oxidized-ferredoxins	right
RXN-9526	Octanoyl-ACPs	left
RXN-9526	NADP	left
RXN-9526	2-Octenoyl-ACPs	right
RXN-9526	NADPH	right
RXN-9526	PROTON	right
RXN-15116	CPD-18085	left
RXN-15116	PROTON	left
RXN-15116	OXYGEN-MOLECULE	left
RXN-15116	NADP	right
RXN-15116	HYDROGEN-PEROXIDE	right
RXN-12296	CPD-13222	left
RXN-12296	NADPH	left
RXN-12296	PROTON	left
RXN-12296	CPD-13223	right
RXN-12296	NADP	right
RXN-11541	CPD-697	left
RXN-11541	OXYGEN-MOLECULE	left
RXN-11541	Donor-H2	left
RXN-11541	CPD-12501	right
RXN-11541	WATER	right
RXN-11541	Acceptor	right
RXN-4842	CPD-4703	left
RXN-4842	Red-NADPH-Hemoprotein-Reductases	left
RXN-4842	OXYGEN-MOLECULE	left
RXN-4842	CPD-12884	right
RXN-4842	Ox-NADPH-Hemoprotein-Reductases	right
RXN-4842	WATER	right
RXN-13697	L-ASPARTATE	left
RXN-13697	2-KETOGLUTARATE	left
RXN-13697	OXALACETIC_ACID	right
RXN-13697	GLT	right
RXN-12541	OXYGEN-MOLECULE	left
RXN-12541	FE+2	left
RXN-12541	SUPER-OXIDE	right
RXN-12541	FE+3	right
RXN-9809	CPD-10508	left
RXN-9809	CPD-10516	right
PGPPHOSPHA-RXN	L-1-PHOSPHATIDYL-GLYCEROL-P	left
PGPPHOSPHA-RXN	WATER	left
PGPPHOSPHA-RXN	L-1-PHOSPHATIDYL-GLYCEROL	right
PGPPHOSPHA-RXN	Pi	right
RXN0-4281	ACETOL	left
RXN0-4281	NADP	left
RXN0-4281	PROTON	right
RXN0-4281	METHYL-GLYOXAL	right
RXN0-4281	NADPH	right
RXN-18234	CPD-13118	left
RXN-18234	beta-Gal-13-beta-GlcNac-R	left
RXN-18234	Type-1-H-Antigen	right
RXN-18234	GDP	right
RXN-18234	PROTON	right
F16ALDOLASE-RXN	FRUCTOSE-16-DIPHOSPHATE	left
F16ALDOLASE-RXN	DIHYDROXY-ACETONE-PHOSPHATE	right
F16ALDOLASE-RXN	GAP	right
2.7.1.148-RXN	4-CYTIDINE-5-DIPHOSPHO-2-C	left
2.7.1.148-RXN	ATP	left
2.7.1.148-RXN	PROTON	right
2.7.1.148-RXN	2-PHOSPHO-4-CYTIDINE-5-DIPHOSPHO-2-C-MET	right
2.7.1.148-RXN	ADP	right
RXN-21008	12-hydroxy-styryl-pyrone-1-3Ketide	left
RXN-21008	CPD-6956	right
RXN-21008	Polyketide-ACP-Proteins	right
RXN-21008	PROTON	right
RXN-13728	SINAPOYL-COA	left
RXN-13728	16-HYDROXYPALMITATE	left
RXN-13728	CO-A	right
RXN-13728	CPD-14765	right
RXN-10692	CPD-10359	left
RXN-10692	NADP	left
RXN-10692	WATER	left
RXN-10692	CPD-11512	right
RXN-10692	NADPH	right
RXN-10692	PROTON	right
RXN0-5468	Red-Thioredoxin	left
RXN0-5468	Cys2-Peroxiredoxin-Disulfide	left
RXN0-5468	Ox-Thioredoxin	right
RXN0-5468	Reduced-Cys2-Peroxiredoxins	right
RXN1F-143	CPD1F-95	left
RXN1F-143	Red-NADPH-Hemoprotein-Reductases	left
RXN1F-143	OXYGEN-MOLECULE	left
RXN1F-143	CPD-695	right
RXN1F-143	Ox-NADPH-Hemoprotein-Reductases	right
RXN1F-143	WATER	right
RXN-12350	CPD-13328	left
RXN-12350	SCOPOLETIN	right
RXN-12350	CO-A	right
RXN-8321	CPD-8088	left
RXN-8321	OXYGEN-MOLECULE	left
RXN-8321	FERROCYTOCHROME-B5	left
RXN-8321	PROTON	left
RXN-8321	CPD-8089	right
RXN-8321	WATER	right
RXN-8321	FERRICYTOCHROME-B5	right
RXN-18096	CPD-13031	left
RXN-18096	OXYGEN-MOLECULE	left
RXN-18096	Red-NADPH-Hemoprotein-Reductases	left
RXN-18096	CPD-12702	right
RXN-18096	WATER	right
RXN-18096	Ox-NADPH-Hemoprotein-Reductases	right
RXN-15993	Beta-Phycoerythrocyanins-PCB84	left
RXN-15993	Apo-beta-Phycoerythrocyanins	right
RXN-15993	CPD-17222	right
RXN-8185	CPD-7850	left
RXN-8185	Donor-H2	left
RXN-8185	OXYGEN-MOLECULE	left
RXN-8185	CPD-7851	right
RXN-8185	Acceptor	right
RXN-8185	WATER	right
METHYLMALONYL-COA-EPIM-RXN	METHYL-MALONYL-COA	left
METHYLMALONYL-COA-EPIM-RXN	D-METHYL-MALONYL-COA	right
RXN-9015	SPERMINE	left
RXN-9015	OXYGEN-MOLECULE	left
RXN-9015	WATER	left
RXN-9015	SPERMIDINE	right
RXN-9015	CPD-6082	right
RXN-9015	HYDROGEN-PEROXIDE	right
BENZENE-12-DIOXYGENASE-RXN	PROTON	left
BENZENE-12-DIOXYGENASE-RXN	OXYGEN-MOLECULE	left
BENZENE-12-DIOXYGENASE-RXN	NADH	left
BENZENE-12-DIOXYGENASE-RXN	BENZENE	left
BENZENE-12-DIOXYGENASE-RXN	NAD	right
BENZENE-12-DIOXYGENASE-RXN	CPD-288	right
RXN-24665	CPD-27276	left
RXN-24665	Acceptor	left
RXN-24665	CPD-27277	right
RXN-24665	Donor-H2	right
RXN-11895	S-ADENOSYLMETHIONINE	left
RXN-11895	CPD-83	left
RXN-11895	CPD-12871	right
RXN-11895	ADENOSYL-HOMO-CYS	right
RXN-11895	PROTON	right
RXN-4224	CPD-4143	left
RXN-4224	NADP	left
RXN-4224	CPD-4142	right
RXN-4224	NADPH	right
RXN-4224	PROTON	right
RXN-8680	CPD-8909	left
RXN-8680	NAD	left
RXN-8680	CPD-8911	right
RXN-8680	NADH	right
RXN-8680	PROTON	right
RXN-14929	GERANYLGERANYL-PP	left
RXN-14929	HOMOGENTISATE	left
RXN-14929	PROTON	left
RXN-14929	PPI	right
RXN-14929	CPD-11712	right
RXN-14929	CARBON-DIOXIDE	right
RXN-7678	CPD-7016	left
RXN-7678	NAD-P-OR-NOP	left
RXN-7678	CHLOROPHYLL-B	right
RXN-7678	NADH-P-OR-NOP	right
RXN-15351	CPD-7145	left
RXN-15351	CPD-15283	left
RXN-15351	CPD-16558	right
RXN-15351	4-hydroxybenzoate	right
RXN-6684	CPD-6364	left
RXN-6684	OXYGEN-MOLECULE	left
RXN-6684	Red-NADPH-Hemoprotein-Reductases	left
RXN-6684	CPD-6365	right
RXN-6684	Ox-NADPH-Hemoprotein-Reductases	right
RXN-6684	WATER	right
RXN-6684	PROTON	right
GALACTOSE-OXIDASE-RXN	D-galactopyranose	left
GALACTOSE-OXIDASE-RXN	OXYGEN-MOLECULE	left
GALACTOSE-OXIDASE-RXN	CPD-155	right
GALACTOSE-OXIDASE-RXN	HYDROGEN-PEROXIDE	right
RXN66-475	R2-2OH-Straight-Chain-234-Sat-FA-CoA	left
RXN66-475	Odd-Straight-Chain-234-Sat-FALD	right
RXN66-475	FORMYL-COA	right
RXN-14693	D-Glucopyranuronate	left
RXN-14693	CPD-15530	right
RXN-14813	CPD-15619	left
RXN-14813	L-Fucopyranoses	right
RXN-22438	5-METHYL-THF-GLU-N	left
RXN-22438	NAD	left
RXN-22438	METHYLENE-THF-GLU-N	right
RXN-22438	NADH	right
RXN-22438	PROTON	right
RXN-16324	UDP-GLUCURONATE	left
RXN-16324	GalNAc-GlcA-Gal-Gal-Xyl-Proteins	left
RXN-16324	GlcA-GalNAc-GlcA-Gal-Gal-Xyl-Proteins	right
RXN-16324	UDP	right
RXN-16324	PROTON	right
3.1.4.10-RXN	L-1-phosphatidyl-inositols	left
3.1.4.10-RXN	DIACYLGLYCEROL	right
3.1.4.10-RXN	CPD-1121	right
RXN-12204	6-Phosphogluco-Amylopectins	left
RXN-12204	ATP	left
RXN-12204	WATER	left
RXN-12204	6-Phosphoglc-3-Phosphoglc-Amylopectins	right
RXN-12204	AMP	right
RXN-12204	Pi	right
GMKALT-RXN	ATP	left
GMKALT-RXN	DGMP	left
GMKALT-RXN	ADP	right
GMKALT-RXN	DGDP	right
RXN-9534	Dodecanoyl-ACPs	left
RXN-9534	NADP	left
RXN-9534	Dodec-2-enoyl-ACPs	right
RXN-9534	NADPH	right
RXN-9534	PROTON	right
RXN-7630	CPD-6976	left
RXN-7630	Red-NADPH-Hemoprotein-Reductases	left
RXN-7630	OXYGEN-MOLECULE	left
RXN-7630	CPD-6978	right
RXN-7630	Ox-NADPH-Hemoprotein-Reductases	right
RXN-7630	WATER	right
RXN-8320	CPD-2181	left
RXN-8320	OXYGEN-MOLECULE	left
RXN-8320	FERROCYTOCHROME-B5	left
RXN-8320	PROTON	left
RXN-8320	CPD-8088	right
RXN-8320	WATER	right
RXN-8320	FERRICYTOCHROME-B5	right
TRANS-RXN0-550	ARSENATE	left
TRANS-RXN0-550	PROTON	left
TRANS-RXN0-550	PROTON	right
TRANS-RXN0-550	ARSENATE	right
CHITIN-DEACETYLASE-RXN	CHITIN	left
CHITIN-DEACETYLASE-RXN	WATER	left
CHITIN-DEACETYLASE-RXN	Chitosan	right
CHITIN-DEACETYLASE-RXN	ACET	right
THIAZOLSYN3-RXN	ATP	left
THIAZOLSYN3-RXN	THZ	left
THIAZOLSYN3-RXN	PROTON	right
THIAZOLSYN3-RXN	ADP	right
THIAZOLSYN3-RXN	THZ-P	right
RXN-21287	DIVINYLCHLOROPHYLLIDE-A	left
RXN-21287	OXYGEN-MOLECULE	left
RXN-21287	NADPH	left
RXN-21287	PROTON	left
RXN-21287	CPD-22992	right
RXN-21287	WATER	right
RXN-21287	NADP	right
RXN3O-9966	mRNA-uridines	left
RXN3O-9966	mRNA-Pseudouridines	right
RXN-21341	3-OXO-5-BETA-CHOLANATE	left
RXN-21341	NAD	left
RXN-21341	CPD-23238	right
RXN-21341	NADH	right
RXN-21341	PROTON	right
RXN-11336	DODECANOATE	left
RXN-11336	Red-NADPH-Hemoprotein-Reductases	left
RXN-11336	OXYGEN-MOLECULE	left
RXN-11336	CPD-12282	right
RXN-11336	Ox-NADPH-Hemoprotein-Reductases	right
RXN-11336	WATER	right
RXN-18919	Man8-GlcNAc2-protein-A123B12	left
RXN-18919	WATER	left
RXN-18919	Man7GlcNAc2-protein-A123B2	right
RXN-18919	CPD-12601	right
RXN-10130	QUERCETIN-34-BISSULFATE	left
RXN-10130	PAPS	left
RXN-10130	3-5-ADP	right
RXN-10130	CPD-10893	right
4.4.1.14-RXN	S-ADENOSYLMETHIONINE	left
4.4.1.14-RXN	PROTON	right
4.4.1.14-RXN	5-METHYLTHIOADENOSINE	right
4.4.1.14-RXN	CPD-68	right
RXN-12520	trans-3-cis-5-dienoyl-CoA	left
RXN-12520	TETRADEHYDROACYL-COA	right
RXN-9615	AMMONIUM	left
RXN-9615	AMMONIUM	right
MEVALONATE-KINASE-RXN	MEVALONATE	left
MEVALONATE-KINASE-RXN	ATP	left
MEVALONATE-KINASE-RXN	PROTON	right
MEVALONATE-KINASE-RXN	CPD-499	right
MEVALONATE-KINASE-RXN	ADP	right
3.5.1.52-RXN	CPD-8541	left
3.5.1.52-RXN	WATER	left
3.5.1.52-RXN	N-ACETYL-BETA-GLUCOSAMINYLAMINE	right
3.5.1.52-RXN	Protein-L-Aspartates	right
3.5.1.52-RXN	PROTON	right
RXN-16410	CPD-17652	left
RXN-16410	Acceptor	left
RXN-16410	CPD-7851	right
RXN-16410	Donor-H2	right
L-IDITOL-2-DEHYDROGENASE-RXN	CPD-369	left
L-IDITOL-2-DEHYDROGENASE-RXN	NAD	left
L-IDITOL-2-DEHYDROGENASE-RXN	CPD-15616	right
L-IDITOL-2-DEHYDROGENASE-RXN	NADH	right
L-IDITOL-2-DEHYDROGENASE-RXN	PROTON	right
ABC-34-RXN	ATP	left
ABC-34-RXN	GLYCEROL-3P	left
ABC-34-RXN	WATER	left
ABC-34-RXN	ADP	right
ABC-34-RXN	Pi	right
ABC-34-RXN	GLYCEROL-3P	right
ABC-34-RXN	PROTON	right
RXN-12142	CPD-13090	left
RXN-12142	WATER	left
RXN-12142	CPD-13092	right
RXN-22316	CPD-763	left
RXN-22316	CPD-24319	right
RXN-22316	PROTON	right
3.6.3.44-RXN	ATP	left
3.6.3.44-RXN	Xenobiotic	left
3.6.3.44-RXN	WATER	left
3.6.3.44-RXN	ADP	right
3.6.3.44-RXN	Pi	right
3.6.3.44-RXN	Xenobiotic	right
RXN-8991	2-D-THREO-HYDROXY-3-CARBOXY-ISOCAPROATE	left
RXN-8991	CPD-9451	right
RXN-8991	WATER	right
RXN-16482	Wnt-Protein-O-9Z-hexadecenoyl-L-serine	left
RXN-16482	WATER	left
RXN-16482	Wnt-Protein-L-serine	right
RXN-16482	CPD-9245	right
RXN-16482	PROTON	right
RXN-15335	CPD1F-766	left
RXN-15335	MALONYL-COA	left
RXN-15335	CPD-16542	right
RXN-15335	CO-A	right
RXN-4724	CPD-12575	left
RXN-4724	CPD-332	left
RXN-4724	PROTON	right
RXN-4724	CPD-4615	right
RXN-4724	UDP	right
RXN-13459	CPD-14447	left
RXN-13459	CPD-14441	right
RXN-6271	CPD-5847	left
RXN-6271	FERROCYTOCHROME-B5	left
RXN-6271	OXYGEN-MOLECULE	left
RXN-6271	PROTON	left
RXN-6271	CPD-5845	right
RXN-6271	FERRICYTOCHROME-B5	right
RXN-6271	WATER	right
RXN-13072	2-KETO-GLUTARAMATE	left
RXN-13072	WATER	left
RXN-13072	2-KETOGLUTARATE	right
RXN-13072	AMMONIUM	right
PEPDEPHOS-RXN	PYRUVATE	left
PEPDEPHOS-RXN	ATP	left
PEPDEPHOS-RXN	PROTON	right
PEPDEPHOS-RXN	PHOSPHO-ENOL-PYRUVATE	right
PEPDEPHOS-RXN	ADP	right
H2PTERIDINEPYROPHOSPHOKIN-RXN	AMINO-OH-HYDROXYMETHYL-DIHYDROPTERIDINE	left
H2PTERIDINEPYROPHOSPHOKIN-RXN	ATP	left
H2PTERIDINEPYROPHOSPHOKIN-RXN	PROTON	right
H2PTERIDINEPYROPHOSPHOKIN-RXN	DIHYDROPTERIN-CH2OH-PP	right
H2PTERIDINEPYROPHOSPHOKIN-RXN	AMP	right
ASPARAGHYD-RXN	ASN	left
ASPARAGHYD-RXN	WATER	left
ASPARAGHYD-RXN	L-ASPARTATE	right
ASPARAGHYD-RXN	AMMONIUM	right
RXN-8695	CPD-8905	left
RXN-8695	Red-NADPH-Hemoprotein-Reductases	left
RXN-8695	OXYGEN-MOLECULE	left
RXN-8695	CPD-8921	right
RXN-8695	Ox-NADPH-Hemoprotein-Reductases	right
RXN-8695	WATER	right
2.1.1.143-RXN	S-ADENOSYLMETHIONINE	left
2.1.1.143-RXN	CPD-4101	left
2.1.1.143-RXN	PROTON	right
2.1.1.143-RXN	CPD-4124	right
2.1.1.143-RXN	ADENOSYL-HOMO-CYS	right
RXN-18667	BENZOYLCOA	left
RXN-18667	BUTANOL	left
RXN-18667	CPD-19955	right
RXN-18667	CO-A	right
RXN-13163	2-D-THREO-HYDROXY-3-CARBOXY-ISOCAPROATE	left
RXN-13163	3-CARBOXY-3-HYDROXY-ISOCAPROATE	right
RXN66-303	LANOSTEROL	left
RXN66-303	Red-NADPH-Hemoprotein-Reductases	left
RXN66-303	OXYGEN-MOLECULE	left
RXN66-303	CPD-4568	right
RXN66-303	Ox-NADPH-Hemoprotein-Reductases	right
RXN66-303	WATER	right
RXN-20441	CPD-22136	left
RXN-20441	NAD	left
RXN-20441	CPD-22137	right
RXN-20441	NADH	right
RXN-20441	CARBON-DIOXIDE	right
1.2.1.2-RXN	FORMATE	left
1.2.1.2-RXN	NAD	left
1.2.1.2-RXN	CARBON-DIOXIDE	right
1.2.1.2-RXN	NADH	right
UDPACYLGLCNACDEACETYL-RXN	UDP-OHMYR-ACETYLGLUCOSAMINE	left
UDPACYLGLCNACDEACETYL-RXN	WATER	left
UDPACYLGLCNACDEACETYL-RXN	UDP-OHMYR-GLUCOSAMINE	right
UDPACYLGLCNACDEACETYL-RXN	ACET	right
RXN-4941	CPD-1107	left
RXN-4941	ATP	left
RXN-4941	DIPHOSPHO-1D-MYO-INOSITOL-TETRAKISPHOSPH	right
RXN-4941	ADP	right
RXN-12359	MALONATE	left
RXN-12359	CO-A	left
RXN-12359	ATP	left
RXN-12359	MALONYL-COA	right
RXN-12359	AMP	right
RXN-12359	PPI	right
RXN-21514	S-ADENOSYLMETHIONINE	left
RXN-21514	CPD-23406	left
RXN-21514	CPD-23405	right
RXN-21514	ADENOSYL-HOMO-CYS	right
RXN-21514	PROTON	right
TRANS-RXN0-444	S-ALLANTOIN	left
TRANS-RXN0-444	PROTON	left
TRANS-RXN0-444	S-ALLANTOIN	right
TRANS-RXN0-444	PROTON	right
RXN-7658	CPD-7002	left
RXN-7658	NADP	left
RXN-7658	GERANYLGERANYL-PP	right
RXN-7658	NADPH	right
RXN-7658	PROTON	right
RXN-10767	CPD1F-2	left
RXN-10767	WATER	left
RXN-10767	CPD-734	right
RXN-10767	METOH	right
RXN-10767	PROTON	right
RXN-18350	CPD-19723	left
RXN-18350	CPD-19724	right
ACONITATEDEHYDR-RXN	CIT	left
ACONITATEDEHYDR-RXN	CIS-ACONITATE	right
ACONITATEDEHYDR-RXN	WATER	right
RXN-9589	1-4-alpha-D-galacturonosyl	left
RXN-9589	UDP-D-XYLOSE	left
RXN-9589	Xylogalacturonan	right
RXN-9589	UDP	right
RXN-9589	PROTON	right
QOR-RXN	NADPH	left
QOR-RXN	Quinones	left
QOR-RXN	PROTON	left
QOR-RXN	NADP	right
QOR-RXN	Semiquinones	right
RXN-10700	CPD-11525	left
RXN-10700	ACETYL-COA	left
RXN-10700	CPD-11524	right
RXN-10700	CO-A	right
BIOTIN-CARBOXYL-RXN	biotin-L-lysine-in-BCCP-dimers	left
BIOTIN-CARBOXYL-RXN	HCO3	left
BIOTIN-CARBOXYL-RXN	ATP	left
BIOTIN-CARBOXYL-RXN	Pi	right
BIOTIN-CARBOXYL-RXN	carboxybiotin-L-lysine-in-BCCP-dimers	right
BIOTIN-CARBOXYL-RXN	ADP	right
BIOTIN-CARBOXYL-RXN	PROTON	right
RXN-4221	CPD-4127	left
RXN-4221	CPD-4142	right
DOPACHROME-DELTA-ISOMERASE-RXN	L-DOPACHROME	left
DOPACHROME-DELTA-ISOMERASE-RXN	56-DIHYDROXYINDOLE-2-CARBOXYLATE	right
RXN-9944	Reduced-ferredoxins	left
RXN-9944	Ox-Thioredoxin	left
RXN-9944	PROTON	left
RXN-9944	Oxidized-ferredoxins	right
RXN-9944	Red-Thioredoxin	right
RXN-20631	Histone-H3-K36m2	left
RXN-20631	2-KETOGLUTARATE	left
RXN-20631	OXYGEN-MOLECULE	left
RXN-20631	Histone-H3-K36m1	right
RXN-20631	FORMALDEHYDE	right
RXN-20631	SUC	right
RXN-20631	CARBON-DIOXIDE	right
DIHYDROOROTATE-DEHYDROGENASE-RXN	ETR-Quinones	left
DIHYDROOROTATE-DEHYDROGENASE-RXN	DI-H-OROTATE	left
DIHYDROOROTATE-DEHYDROGENASE-RXN	ETR-Quinols	right
DIHYDROOROTATE-DEHYDROGENASE-RXN	OROTATE	right
RXN-12156	CPD-14826	left
RXN-12156	NADP	left
RXN-12156	CPD-17633	right
RXN-12156	NADPH	right
RXN-12156	PROTON	right
RXN-11750	Very-Long-Chain-3-Hydroxyacyl-CoAs	left
RXN-11750	Very-Long-Chain-Trans-23-Dehydroacyl-CoA	right
RXN-11750	WATER	right
UDP-GLUCURONATE-4-EPIMERASE-RXN	UDP-GLUCURONATE	left
UDP-GLUCURONATE-4-EPIMERASE-RXN	UDP-D-GALACTURONATE	right
KETOHEXOKINASE-RXN	BETA-D-FRUCTOSE	left
KETOHEXOKINASE-RXN	ATP	left
KETOHEXOKINASE-RXN	PROTON	right
KETOHEXOKINASE-RXN	FRU1P	right
KETOHEXOKINASE-RXN	ADP	right
RXN-14651	GLY	left
RXN-14651	PROTON	left
RXN-14651	GLY	right
RXN-14651	PROTON	right
1.6.99.5-RXN	ETR-Quinones	left
1.6.99.5-RXN	NADH	left
1.6.99.5-RXN	PROTON	left
1.6.99.5-RXN	ETR-Quinols	right
1.6.99.5-RXN	NAD	right
RXN-9548	Stearoyl-ACPs	left
RXN-9548	WATER	left
RXN-9548	STEARIC_ACID	right
RXN-9548	ACP	right
RXN-9548	PROTON	right
2.5.1.39-RXN	CPD-21340	left
2.5.1.39-RXN	4-hydroxybenzoate	left
2.5.1.39-RXN	NONAPRENYL-4-HYDROXYBENZOATE	right
2.5.1.39-RXN	PPI	right
RXN0-2023	tRNA-uridine34	left
RXN0-2023	MnmA-Sulfanyl-Cysteine	left
RXN0-2023	ATP	left
RXN0-2023	Donor-H2	left
RXN0-2023	tRNA-2-thiouridine34	right
RXN0-2023	MnmA-Cysteine	right
RXN0-2023	AMP	right
RXN0-2023	PPI	right
RXN0-2023	Acceptor	right
RXN0-2023	PROTON	right
S-ADENMETSYN-RXN	ATP	left
S-ADENMETSYN-RXN	MET	left
S-ADENMETSYN-RXN	WATER	left
S-ADENMETSYN-RXN	S-ADENOSYLMETHIONINE	right
S-ADENMETSYN-RXN	Pi	right
S-ADENMETSYN-RXN	PPI	right
QUERCETIN-3-O-METHYLTRANSFERASE-RXN	S-ADENOSYLMETHIONINE	left
QUERCETIN-3-O-METHYLTRANSFERASE-RXN	CPD-520	left
QUERCETIN-3-O-METHYLTRANSFERASE-RXN	PROTON	right
QUERCETIN-3-O-METHYLTRANSFERASE-RXN	ADENOSYL-HOMO-CYS	right
QUERCETIN-3-O-METHYLTRANSFERASE-RXN	3457-TETRAHYDROXY-3-METHOXYFLAVONE	right
RXN-2043	CELLULOSE	left
RXN-2043	WATER	left
RXN-2043	Cellodextrins	right
3.1.3.52-RXN	WATER	left
3.1.3.52-RXN	Phospho-3-Methyl-2-Oxobut-Dehydrogenases	left
3.1.3.52-RXN	Pi	right
3.1.3.52-RXN	3-Methyl-2-Oxobut-Dehydrogenases	right
RXN2B4Q-64	GDP-MANNOSE	left
RXN2B4Q-64	CPD2B4Q-28	left
RXN2B4Q-64	CPD2B4Q-27	right
RXN2B4Q-64	GDP	right
RXN2B4Q-64	PROTON	right
TRANS-RXN4LZ-7	AMMONIA	left
TRANS-RXN4LZ-7	AMMONIA	right
RXN1F-168	CPD-10332	left
RXN1F-168	2-KETOGLUTARATE	left
RXN1F-168	OXYGEN-MOLECULE	left
RXN1F-168	CPD1F-96	right
RXN1F-168	SUC	right
RXN1F-168	CARBON-DIOXIDE	right
RXN1F-168	WATER	right
RXN-18703	TUM1-S-sulfanylcysteine	left
RXN-18703	Red-Thioredoxin	left
RXN-18703	TUM1-L-cysteine	right
RXN-18703	HS	right
RXN-18703	Ox-Thioredoxin	right
RXN-18943	CPD-4751	left
RXN-18943	Red-NADPH-Hemoprotein-Reductases	left
RXN-18943	OXYGEN-MOLECULE	left
RXN-18943	CPD-20325	right
RXN-18943	Ox-NADPH-Hemoprotein-Reductases	right
RXN-18943	WATER	right
RXN-8000	FLAVANONES	left
RXN-8000	2-KETOGLUTARATE	left
RXN-8000	OXYGEN-MOLECULE	left
RXN-8000	Flavones	right
RXN-8000	SUC	right
RXN-8000	CARBON-DIOXIDE	right
RXN-8000	WATER	right
1.3.1.2-RXN	DI-H-URACIL	left
1.3.1.2-RXN	NADP	left
1.3.1.2-RXN	URACIL	right
1.3.1.2-RXN	NADPH	right
1.3.1.2-RXN	PROTON	right
RXN-11261	S-ADENOSYLMETHIONINE	left
RXN-11261	CPD-12213	left
RXN-11261	PROTON	right
RXN-11261	CPD-12214	right
RXN-11261	ADENOSYL-HOMO-CYS	right
RXN-7598	S-ADENOSYLMETHIONINE	left
RXN-7598	7-METHYLXANTHINE	left
RXN-7598	PROTON	right
RXN-7598	3-7-DIMETHYLXANTHINE	right
RXN-7598	ADENOSYL-HOMO-CYS	right
RXN-15083	Hpr-pi-phospho-L-histidines	left
RXN-15083	D-Glucose	left
RXN-15083	Glucose-6-phosphate	right
RXN-15083	Hpr-Histidine	right
RXN-1602	DIACYLGLYCEROL	left
RXN-1602	WATER	left
RXN-1602	CPD-409	right
RXN-1602	Fatty-Acids	right
RXN-1602	PROTON	right
RXN-MG-PROTOPORPHYRIN-METHYLESTER-SYN	S-ADENOSYLMETHIONINE	left
RXN-MG-PROTOPORPHYRIN-METHYLESTER-SYN	MG-PROTOPORPHYRIN	left
RXN-MG-PROTOPORPHYRIN-METHYLESTER-SYN	ADENOSYL-HOMO-CYS	right
RXN-MG-PROTOPORPHYRIN-METHYLESTER-SYN	MG-PROTOPORPHYRIN-MONOMETHYL-ESTER	right
RXN-12304	ATP	left
RXN-12304	2-TRANS6-TRANS-FARNESOL	left
RXN-12304	ADP	right
RXN-12304	CPD-12587	right
RXN-12304	PROTON	right
RXN-21007	P-COUMAROYL-COA	left
RXN-21007	MALONYL-COA	left
RXN-21007	PROTON	left
RXN-21007	Polyketide-ACP-Proteins	left
RXN-21007	12-hydroxy-styryl-pyrone-1-3Ketide	right
RXN-21007	CO-A	right
RXN-21007	CARBON-DIOXIDE	right
RXN-1065	910-EPOXY-18-HYDROXYSTEARATE	left
RXN-1065	WATER	left
RXN-1065	91018-TRIHYDROXYSTEARATE	right
RXN-18779	S-ADENOSYLMETHIONINE	left
RXN-18779	U6-snRNA-Adenines	left
RXN-18779	ADENOSYL-HOMO-CYS	right
RXN-18779	N6-Methyladenine-U6-snRNA	right
RXN-18779	PROTON	right
RXN66-281	CPD-465	left
RXN66-281	NADH-P-OR-NOP	left
RXN66-281	PROTON	left
RXN66-281	SQUALENE	right
RXN66-281	NAD-P-OR-NOP	right
RXN66-281	PPI	right
ARYLESTERASE-RXN	Phenyl-Acetates	left
ARYLESTERASE-RXN	WATER	left
ARYLESTERASE-RXN	Phenols	right
ARYLESTERASE-RXN	ACET	right
ARYLESTERASE-RXN	PROTON	right
1.14.13.79-RXN	CPD1F-132	left
1.14.13.79-RXN	OXYGEN-MOLECULE	left
1.14.13.79-RXN	Red-NADPH-Hemoprotein-Reductases	left
1.14.13.79-RXN	CPD1F-136	right
1.14.13.79-RXN	WATER	right
1.14.13.79-RXN	Ox-NADPH-Hemoprotein-Reductases	right
3.1.3.74-RXN	PYRIDOXAL_PHOSPHATE	left
3.1.3.74-RXN	WATER	left
3.1.3.74-RXN	PYRIDOXAL	right
3.1.3.74-RXN	Pi	right
HOLO-ACP-SYNTH-RXN	All-apo-ACPs	left
HOLO-ACP-SYNTH-RXN	CO-A	left
HOLO-ACP-SYNTH-RXN	3-5-ADP	right
HOLO-ACP-SYNTH-RXN	All-holo-ACPs	right
HOLO-ACP-SYNTH-RXN	PROTON	right
NADPH--FERRIHEMOPROTEIN-REDUCTASE-RXN	Oxidized-hemoproteins	left
NADPH--FERRIHEMOPROTEIN-REDUCTASE-RXN	NADPH	left
NADPH--FERRIHEMOPROTEIN-REDUCTASE-RXN	PROTON	left
NADPH--FERRIHEMOPROTEIN-REDUCTASE-RXN	Reduced-hemoproteins	right
NADPH--FERRIHEMOPROTEIN-REDUCTASE-RXN	NADP	right
4.2.3.19-RXN	ENT-COPALYL-DIPHOSPHATE	left
4.2.3.19-RXN	CPD1F-128	right
4.2.3.19-RXN	PPI	right
RXN-22817	D-xylofuranose	left
RXN-22817	D-Xylopyranose	right
RXN-20643	Histone-H3-K36m3	left
RXN-20643	2-KETOGLUTARATE	left
RXN-20643	OXYGEN-MOLECULE	left
RXN-20643	Histone-H3-K36m1	right
RXN-20643	FORMALDEHYDE	right
RXN-20643	SUC	right
RXN-20643	CARBON-DIOXIDE	right
RXN-2121	CPD-17370	left
RXN-2121	NADP	left
RXN-2121	CPD-17623	right
RXN-2121	NADPH	right
RXN-2121	PROTON	right
RXN-14442	CPD-7117	left
RXN-14442	CPD-15006	left
RXN-14442	CPD-15290	right
RXN-14442	VANILLATE	right
RXN-12320	UDP-L-RHAMNOSE	left
RXN-12320	CPD-13254	left
RXN-12320	PROTON	right
RXN-12320	UDP	right
RXN-12320	CPD-13255	right
RXN-22323	METHYLARSONITE	left
RXN-22323	GLUTATHIONE	left
RXN-22323	CPD-24323	right
RXN-22323	WATER	right
TRANS-RXN-370	PPI	left
TRANS-RXN-370	WATER	left
TRANS-RXN-370	Pi	right
TRANS-RXN-370	PROTON	right
4.1.1.80-RXN	P-HYDROXY-PHENYLPYRUVATE	left
4.1.1.80-RXN	PROTON	left
4.1.1.80-RXN	HYDRPHENYLAC-CPD	right
4.1.1.80-RXN	CARBON-DIOXIDE	right
PSEUDOURIDINE-KINASE-RXN	CPD-497	left
PSEUDOURIDINE-KINASE-RXN	ATP	left
PSEUDOURIDINE-KINASE-RXN	PROTON	right
PSEUDOURIDINE-KINASE-RXN	PSEUDOURIDINE-5-P	right
PSEUDOURIDINE-KINASE-RXN	ADP	right
RXN-4286	4-ALPHA-METHYL-5-ALPHA	left
RXN-4286	CPD-4184	right
RXN-11933	CPD-12909	left
RXN-11933	NAD	left
RXN-11933	CPD-12910	right
RXN-11933	NADH	right
RXN-11933	CARBON-DIOXIDE	right
DIHYDROPYRIMIDINASE-RXN	WATER	left
DIHYDROPYRIMIDINASE-RXN	DI-H-URACIL	left
DIHYDROPYRIMIDINASE-RXN	PROTON	right
DIHYDROPYRIMIDINASE-RXN	3-UREIDO-PROPIONATE	right
2.4.99.3-RXN	CMP-N-ACETYL-NEURAMINATE	left
2.4.99.3-RXN	beta-Gal-13-alpha-GalNac-R	left
2.4.99.3-RXN	ALPHA-N-ACETYLNEURAMINYL-ETCETERA	right
2.4.99.3-RXN	CMP	right
2.4.99.3-RXN	PROTON	right
RXN-8364	CPD-8161	left
RXN-8364	OXYGEN-MOLECULE	left
RXN-8364	Donor-H2	left
RXN-8364	CPD-8162	right
RXN-8364	WATER	right
RXN-8364	Acceptor	right
RXN-11534	CPD-717	left
RXN-11534	NADP	left
RXN-11534	CPD-12496	right
RXN-11534	NADPH	right
RXN-11534	PROTON	right
RXN-5682	CPD-659	left
RXN-5682	NADP	left
RXN-5682	TYR	right
RXN-5682	CARBON-DIOXIDE	right
RXN-5682	NADPH	right
RXN-7719	BCAA-dehydrogenase-DH-lipoyl	left
RXN-7719	NAD	left
RXN-7719	BCAA-dehydrogenase-lipoyl	right
RXN-7719	NADH	right
RXN-7719	PROTON	right
2.4.1.117-RXN	CPD-12575	left
2.4.1.117-RXN	DOLICHOLP	left
2.4.1.117-RXN	CPD-166	right
2.4.1.117-RXN	UDP	right
GSHTRAN-RXN	GLUTATHIONE	left
GSHTRAN-RXN	RX	left
GSHTRAN-RXN	S-Substituted-Glutathione	right
GSHTRAN-RXN	HX	right
2.4.2.38-RXN	UDP-D-XYLOSE	left
2.4.2.38-RXN	2-2-N-linked-Glycan	left
2.4.2.38-RXN	N4-N-ACETYL-BETA-D-GLUCOSAMINYL-X	right
2.4.2.38-RXN	PROTON	right
2.4.2.38-RXN	UDP	right
RXN-14960	Fe2-siderophores	left
RXN-14960	PROTON	left
RXN-14960	Siderophore	right
RXN-14960	FE+2	right
RXN-13183	CPD-330	left
RXN-13183	Cytochromes-C-Oxidized	left
RXN-13183	L-DEHYDRO-ASCORBATE	right
RXN-13183	Cytochromes-C-Reduced	right
RXN-13183	PROTON	right
CYCLOHEXADIENYL-DEHYDROGENASE-RXN	CPD-659	left
CYCLOHEXADIENYL-DEHYDROGENASE-RXN	NAD	left
CYCLOHEXADIENYL-DEHYDROGENASE-RXN	TYR	right
CYCLOHEXADIENYL-DEHYDROGENASE-RXN	CARBON-DIOXIDE	right
CYCLOHEXADIENYL-DEHYDROGENASE-RXN	NADH	right
RXN-9479	Hexanoyl-ACPs	left
RXN-9479	MALONYL-COA	left
RXN-9479	PROTON	left
RXN-9479	CPD-12588	right
RXN-9479	ACP	right
RXN-9479	CO-A	right
RXN-9479	CARBON-DIOXIDE	right
RXN-9479	WATER	right
RXN-14378	ADP-D-GLUCOSE	left
RXN-14378	1-4-alpha-D-Glucan	left
RXN-14378	ADP	right
RXN-14378	Alpha-Amyloses	right
3.3.2.9-RXN	CPD-8984	left
3.3.2.9-RXN	WATER	left
3.3.2.9-RXN	CPD-8985	right
2.4.1.223-RXN	UDP-N-ACETYL-D-GLUCOSAMINE	left
2.4.1.223-RXN	GlcA-Gal-Gal-Xyl-Proteins	left
2.4.1.223-RXN	GlcNAc-GlcA-Gal-Gal-Xyl-Protein	right
2.4.1.223-RXN	PROTON	right
2.4.1.223-RXN	UDP	right
RXN-8458	PROTON	left
RXN-8458	P-COUMAROYL-COA	left
RXN-8458	MALONYL-COA	left
RXN-8458	WATER	left
RXN-8458	CPD-8636	right
RXN-8458	CARBON-DIOXIDE	right
RXN-8458	CO-A	right
RXN-2962	S-HYDROXYMETHYLGLUTATHIONE	left
RXN-2962	NAD-P-OR-NOP	left
RXN-2962	CPD-548	right
RXN-2962	NADH-P-OR-NOP	right
RXN-2962	PROTON	right
3-OXOADIPATE-ENOL-LACTONASE-RXN	WATER	left
3-OXOADIPATE-ENOL-LACTONASE-RXN	3-OXOADIPATE-ENOL-LACTONE	left
3-OXOADIPATE-ENOL-LACTONASE-RXN	PROTON	right
3-OXOADIPATE-ENOL-LACTONASE-RXN	3-KETO-ADIPATE	right
RXN-12923	S-ADENOSYLMETHIONINE	left
RXN-12923	CPD-13951	left
RXN-12923	ADENOSYL-HOMO-CYS	right
RXN-12923	CPD-13804	right
RXN-12923	PROTON	right
SUCCCOASYN-RXN	SUC	left
SUCCCOASYN-RXN	CO-A	left
SUCCCOASYN-RXN	ATP	left
SUCCCOASYN-RXN	SUC-COA	right
SUCCCOASYN-RXN	ADP	right
SUCCCOASYN-RXN	Pi	right
D-AMINO-ACID-OXIDASE-RXN	D-Amino-Acids	left
D-AMINO-ACID-OXIDASE-RXN	WATER	left
D-AMINO-ACID-OXIDASE-RXN	OXYGEN-MOLECULE	left
D-AMINO-ACID-OXIDASE-RXN	2-Oxo-carboxylates	right
D-AMINO-ACID-OXIDASE-RXN	AMMONIUM	right
D-AMINO-ACID-OXIDASE-RXN	HYDROGEN-PEROXIDE	right
RXN-13162	FARNESYL-PP	left
RXN-13162	NADH-P-OR-NOP	left
RXN-13162	PROTON	left
RXN-13162	SQUALENE	right
RXN-13162	PPI	right
RXN-13162	NAD-P-OR-NOP	right
BETA-LACTAMASE-RXN	Beta-Lactams	left
BETA-LACTAMASE-RXN	WATER	left
BETA-LACTAMASE-RXN	CPD-8550	right
BETA-LACTAMASE-RXN	PROTON	right
RXN-9093	CPD-12513	left
RXN-9093	1-4-beta-Xylan	left
RXN-9093	Arabinoxylan	right
RXN-9093	UDP	right
RXN-12519	trans-3-cis-5-dienoyl-CoA	left
RXN-12519	trans-2-cis-5-dienoyl-CoA	right
RXN-2081	S-ADENOSYLMETHIONINE	left
RXN-2081	1-4-alpha-D-galacturonosyl	left
RXN-2081	Methyl-esterified-homogalacturonan	right
RXN-2081	ADENOSYL-HOMO-CYS	right
RXN-2081	PROTON	right
RXN-8368	CPD-8166	left
RXN-8368	OXYGEN-MOLECULE	left
RXN-8368	Reduced-ferredoxins	left
RXN-8368	PROTON	left
RXN-8368	CPD-8168	right
RXN-8368	WATER	right
RXN-8368	Oxidized-ferredoxins	right
RXN-18098	PHENYLACETONITRILE	left
RXN-18098	OXYGEN-MOLECULE	left
RXN-18098	Red-NADPH-Hemoprotein-Reductases	left
RXN-18098	CPD-12702	right
RXN-18098	WATER	right
RXN-18098	Ox-NADPH-Hemoprotein-Reductases	right
RXN-8683	CPD-8908	left
RXN-8683	NADP	left
RXN-8683	CPD-8906	right
RXN-8683	NADPH	right
RXN-8683	PROTON	right
ALLANTOICASE-RXN	WATER	left
ALLANTOICASE-RXN	ALLANTOATE	left
ALLANTOICASE-RXN	CPD-1091	right
ALLANTOICASE-RXN	UREA	right
SINAPATE-1-GLUCOSYLTRANSFERASE-RXN	CPD-12575	left
SINAPATE-1-GLUCOSYLTRANSFERASE-RXN	SINAPATE	left
SINAPATE-1-GLUCOSYLTRANSFERASE-RXN	1-O-SINAPOYL-BETA-D-GLUCOSE	right
SINAPATE-1-GLUCOSYLTRANSFERASE-RXN	UDP	right
RXN-12160	S-ADENOSYLMETHIONINE	left
RXN-12160	3-Polyrenyl-benzene-1-2-diols	left
RXN-12160	2-Methoxy-6-polyprenyl-phenols	right
RXN-12160	ADENOSYL-HOMO-CYS	right
RXN-12160	PROTON	right
PHOSPHATIDATE-PHOSPHATASE-RXN	L-PHOSPHATIDATE	left
PHOSPHATIDATE-PHOSPHATASE-RXN	WATER	left
PHOSPHATIDATE-PHOSPHATASE-RXN	DIACYLGLYCEROL	right
PHOSPHATIDATE-PHOSPHATASE-RXN	Pi	right
DCYSDESULF-RXN	WATER	left
DCYSDESULF-RXN	D-CYSTEINE	left
DCYSDESULF-RXN	AMMONIUM	right
DCYSDESULF-RXN	PYRUVATE	right
DCYSDESULF-RXN	HS	right
1.11.1.12-RXN	GLUTATHIONE	left
1.11.1.12-RXN	A-LIPID-HYDROPEROXIDE	left
1.11.1.12-RXN	OXIDIZED-GLUTATHIONE	right
1.11.1.12-RXN	Lipid-hydroxy-fatty-acids	right
1.11.1.12-RXN	WATER	right
RXN-525	DIHYDROKAEMPFEROL-CMPD	left
RXN-525	Red-NADPH-Hemoprotein-Reductases	left
RXN-525	OXYGEN-MOLECULE	left
RXN-525	CPD-474	right
RXN-525	Ox-NADPH-Hemoprotein-Reductases	right
RXN-525	WATER	right
RXN-525	PROTON	right
KDO-8PSYNTH-RXN	CPD-18118	left
KDO-8PSYNTH-RXN	WATER	left
KDO-8PSYNTH-RXN	PHOSPHO-ENOL-PYRUVATE	left
KDO-8PSYNTH-RXN	KDO-8P	right
KDO-8PSYNTH-RXN	Pi	right
RXN-6763	S-Substituted-L-Cysteines	left
RXN-6763	WATER	left
RXN-6763	Thiols	right
RXN-6763	PYRUVATE	right
RXN-6763	AMMONIUM	right
RXN-18945	CPD-16719	left
RXN-18945	Red-NADPH-Hemoprotein-Reductases	left
RXN-18945	OXYGEN-MOLECULE	left
RXN-18945	CPD-20413	right
RXN-18945	Ox-NADPH-Hemoprotein-Reductases	right
RXN-18945	WATER	right
RXN-23912	SERYL-AMP	left
RXN-23912	tRNA-Sec	left
RXN-23912	L-seryl-SEC-tRNAs	right
RXN-23912	AMP	right
RXN-23912	PROTON	right
1.4.99.5-RXN	GLY	left
1.4.99.5-RXN	Acceptor	left
1.4.99.5-RXN	HCN	right
1.4.99.5-RXN	CARBON-DIOXIDE	right
1.4.99.5-RXN	Donor-H2	right
RXN6666-2	CPD-7598	left
RXN6666-2	WATER	left
RXN6666-2	ARACHIDONIC_ACID	right
RXN6666-2	ETHANOL-AMINE	right
RXN-12686	CPD-8178	left
RXN-12686	WATER	left
RXN-12686	PROTON	right
RXN-12686	CPD-7062	right
RXN-12686	PHYTOL	right
RXN-12421	CPD-11259	left
RXN-12421	Red-NADPH-Hemoprotein-Reductases	left
RXN-12421	OXYGEN-MOLECULE	left
RXN-12421	CPD-13420	right
RXN-12421	Ox-NADPH-Hemoprotein-Reductases	right
RXN-12421	WATER	right
RXN-6641	S-Substituted-Glutathione	left
RXN-6641	WATER	left
RXN-6641	CPD-6262	right
RXN-6641	GLT	right
RXN1ZN3-9	DIAMINONONANOATE	left
RXN1ZN3-9	CARBON-DIOXIDE	left
RXN1ZN3-9	CPD1ZN3-1	right
RXN1ZN3-9	PROTON	right
2.5.1.32-RXN	GERANYLGERANYL-PP	left
2.5.1.32-RXN	CPD-464	right
2.5.1.32-RXN	PPI	right
RXN-21031	DELTA1-PIPERIDEINE-2-CARBOXYLATE	left
RXN-21031	PROTON	left
RXN-21031	CPD-22667	right
RXN-16416	18-HYDROXYOLEATE	left
RXN-16416	NADP	left
RXN-16416	18-OXOOLEATE	right
RXN-16416	NADPH	right
RXN-16416	PROTON	right
RXN-21299	General-Protein-Substrates	left
RXN-21299	WATER	left
RXN-21299	ATP	left
RXN-21299	Peptides-holder	right
RXN-21299	Peptide-Holder-Alternative	right
RXN-21299	ADP	right
RXN-21299	Pi	right
RXN-21299	PROTON	right
1.1.3.37-RXN	CPD-356	left
1.1.3.37-RXN	OXYGEN-MOLECULE	left
1.1.3.37-RXN	CPD-1789	right
1.1.3.37-RXN	HYDROGEN-PEROXIDE	right
RXN-9571	CPD-10198	left
RXN-9571	CPD-10211	right
RXN-8538	CPD-8728	left
RXN-8538	Red-NADPH-Hemoprotein-Reductases	left
RXN-8538	OXYGEN-MOLECULE	left
RXN-8538	CPD-8729	right
RXN-8538	Ox-NADPH-Hemoprotein-Reductases	right
RXN-8538	WATER	right
RXN-8538	PROTON	right
INDOLE-3-ACETALDEHYDE-OXIDASE-RXN	INDOLE_ACETALDEHYDE	left
INDOLE-3-ACETALDEHYDE-OXIDASE-RXN	OXYGEN-MOLECULE	left
INDOLE-3-ACETALDEHYDE-OXIDASE-RXN	WATER	left
INDOLE-3-ACETALDEHYDE-OXIDASE-RXN	PROTON	right
INDOLE-3-ACETALDEHYDE-OXIDASE-RXN	INDOLE_ACETATE_AUXIN	right
INDOLE-3-ACETALDEHYDE-OXIDASE-RXN	HYDROGEN-PEROXIDE	right
RXN-18748	4R-4-2prime-dihydroxyisoflavans	left
RXN-18748	PTEROCARPANS	right
RXN-18748	WATER	right
GLUCONOLACT-RXN	GLC-D-LACTONE	left
GLUCONOLACT-RXN	WATER	left
GLUCONOLACT-RXN	PROTON	right
GLUCONOLACT-RXN	GLUCONATE	right
RXN-8297	CPD-8075	left
RXN-8297	OXYGEN-MOLECULE	left
RXN-8297	Reduced-ferredoxins	left
RXN-8297	PROTON	left
RXN-8297	CPD-8076	right
RXN-8297	WATER	right
RXN-8297	Oxidized-ferredoxins	right
RXN-4505	CPD-4402	left
RXN-4505	Red-NADPH-Hemoprotein-Reductases	left
RXN-4505	OXYGEN-MOLECULE	left
RXN-4505	6AS11AS-36A9-TRIHYDROXYPTEROCARPAN	right
RXN-4505	Ox-NADPH-Hemoprotein-Reductases	right
RXN-4505	WATER	right
RXN-14047	CIT	left
RXN-14047	THREO-DS-ISO-CITRATE	right
RXN-21282	2K-ADIPATE	left
RXN-21282	OXYGEN-MOLECULE	left
RXN-21282	R-2-HYDROXYGLUTARATE	right
RXN-21282	CARBON-DIOXIDE	right
RXN-19924	RNA-Holder	left
RXN-19924	Cyclic-Phosphate-Terminated-RNAs	right
RXN-19924	5Prime-OH-Terminated-RNAs	right
RXN-7659	CPD-7003	left
RXN-7659	NADP	left
RXN-7659	CPD-7002	right
RXN-7659	NADPH	right
RXN-7659	PROTON	right
DCMP-DEAMINASE-RXN	PROTON	left
DCMP-DEAMINASE-RXN	DCMP	left
DCMP-DEAMINASE-RXN	WATER	left
DCMP-DEAMINASE-RXN	AMMONIUM	right
DCMP-DEAMINASE-RXN	DUMP	right
2.7.1.153-RXN	PHOSPHATIDYL-MYO-INOSITOL-45-BISPHOSPHA	left
2.7.1.153-RXN	ATP	left
2.7.1.153-RXN	PHOSPHATIDYLINOSITOL-345-TRIPHOSPHATE	right
2.7.1.153-RXN	ADP	right
2.7.1.153-RXN	PROTON	right
RXN-7952	CPD-409	left
RXN-7952	WATER	left
RXN-7952	GLYCEROL	right
RXN-7952	Fatty-Acids	right
RXN-7952	PROTON	right
1.1.4.1-RXN	2-METHYL-3-PHYTYL-14-NAPHTHOQUINONE	left
1.1.4.1-RXN	WATER	left
1.1.4.1-RXN	Protein-Ox-Disulfides	left
1.1.4.1-RXN	23-EPOXY-23-DIHYDRO-2-METHYL-14-NAPHTHOQ	right
1.1.4.1-RXN	Protein-Red-Disulfides	right
RXN-17855	ACETYL-COA	left
RXN-17855	L-methionyl-L-isoleucyl-Protein	left
RXN-17855	N-Ac-L-methionyl-L-isoleucyl-Protein	right
RXN-17855	CO-A	right
RXN-17855	PROTON	right
1.5.1.20-RXN	5-METHYL-THF-GLU-N	left
1.5.1.20-RXN	NAD-P-OR-NOP	left
1.5.1.20-RXN	METHYLENE-THF-GLU-N	right
1.5.1.20-RXN	NADH-P-OR-NOP	right
1.5.1.20-RXN	PROTON	right
RXN-8486	CPD-8659	left
RXN-8486	WATER	left
RXN-8486	PROTON	left
RXN-8486	DOPAMINE	right
RXN-8486	CPD-8651	right
RXN-20433	CPD-4181	left
RXN-20433	FERROCYTOCHROME-B5	left
RXN-20433	OXYGEN-MOLECULE	left
RXN-20433	PROTON	left
RXN-20433	CPD-22131	right
RXN-20433	FERRICYTOCHROME-B5	right
RXN-20433	WATER	right
RXN-7921	CPD-6994	left
RXN-7921	Red-NADPH-Hemoprotein-Reductases	left
RXN-7921	OXYGEN-MOLECULE	left
RXN-7921	CPD-7214	right
RXN-7921	Ox-NADPH-Hemoprotein-Reductases	right
RXN-7921	WATER	right
RXN-9868	CPD-10608	left
RXN-9868	WATER	left
RXN-9868	PROTON	right
RXN-9868	CPD-294	right
RXN-5283	13-HYDROXY-MAGNESIUM-PROTOPORP	left
RXN-5283	NADPH	left
RXN-5283	PROTON	left
RXN-5283	OXYGEN-MOLECULE	left
RXN-5283	131-OXO-MAGNESIUM-PROTOPORPHYRIN-IX-13-M	right
RXN-5283	NADP	right
RXN-5283	WATER	right
RXN-8327	CPD-2181	left
RXN-8327	OXYGEN-MOLECULE	left
RXN-8327	FERROCYTOCHROME-B5	left
RXN-8327	PROTON	left
RXN-8327	CPD-8091	right
RXN-8327	WATER	right
RXN-8327	FERRICYTOCHROME-B5	right
DEOXYHYPUSINE-MONOOXYGENASE-RXN	CPD-9973	left
DEOXYHYPUSINE-MONOOXYGENASE-RXN	OXYGEN-MOLECULE	left
DEOXYHYPUSINE-MONOOXYGENASE-RXN	Donor-H2	left
DEOXYHYPUSINE-MONOOXYGENASE-RXN	EIF5A-HYPUSINE	right
DEOXYHYPUSINE-MONOOXYGENASE-RXN	WATER	right
DEOXYHYPUSINE-MONOOXYGENASE-RXN	Acceptor	right
RXN-2947	INDOLE_ACETATE_AUXIN	left
RXN-2947	GLT	left
RXN-2947	ATP	left
RXN-2947	PROTON	right
RXN-2947	INDOLE-3-ACETYL-GLU	right
RXN-2947	AMP	right
RXN-2947	PPI	right
RXN-10697	CPD-11519	left
RXN-10697	CPD-11518	right
RXN-10697	WATER	right
NAD-SYNTH-GLN-RXN	ATP	left
NAD-SYNTH-GLN-RXN	DEAMIDO-NAD	left
NAD-SYNTH-GLN-RXN	GLN	left
NAD-SYNTH-GLN-RXN	WATER	left
NAD-SYNTH-GLN-RXN	PROTON	right
NAD-SYNTH-GLN-RXN	GLT	right
NAD-SYNTH-GLN-RXN	AMP	right
NAD-SYNTH-GLN-RXN	PPI	right
NAD-SYNTH-GLN-RXN	NAD	right
RXN-4544	6-Dimethylallyladenosine37-tRNAs	left
RXN-4544	OXYGEN-MOLECULE	left
RXN-4544	Donor-H2	left
RXN-4544	Cis-Prenyl-tRNAs	right
RXN-4544	WATER	right
RXN-4544	Acceptor	right
RXN-13061	L-DIHYDROXY-PHENYLALANINE	left
RXN-13061	OXYGEN-MOLECULE	left
RXN-13061	DOPAQUINONE	right
RXN-13061	WATER	right
RXN-22616	1-Cys-Peroxiredoxin-L-hydroxycysteine	left
RXN-22616	Red-Thioredoxin	left
RXN-22616	1-Cys-Peroxiredoxin-L-cysteine	right
RXN-22616	Ox-Thioredoxin	right
RXN-22616	WATER	right
RXN-19698	CPD-12575	left
RXN-19698	CPD-15449	left
RXN-19698	CPD-12104	right
RXN-19698	UDP	right
RXN-19698	PROTON	right
RXN2PN3-45	S-LACTOYL-GLUTATHIONE	left
RXN2PN3-45	CPD-26676	right
RXN-9563	CPD-10198	left
RXN-9563	NAD-P-OR-NOP	left
RXN-9563	CPD-10205	right
RXN-9563	NADH-P-OR-NOP	right
RXN-9563	PROTON	right
RXN-8679	CPD-8909	left
RXN-8679	NADP	left
RXN-8679	CPD-8907	right
RXN-8679	NADPH	right
RXN-8679	PROTON	right
RXN0-722	DUDP	left
RXN0-722	Oxidized-NrdH-Proteins	left
RXN0-722	WATER	left
RXN0-722	UDP	right
RXN0-722	Reduced-NrdH-Proteins	right
RXN-12300	CIS-3-HEXENAL	left
RXN-12300	NADPH	left
RXN-12300	PROTON	left
RXN-12300	CIS-3-HEXENOL	right
RXN-12300	NADP	right
NAD-KIN-RXN	NAD	left
NAD-KIN-RXN	ATP	left
NAD-KIN-RXN	PROTON	right
NAD-KIN-RXN	NADP	right
NAD-KIN-RXN	ADP	right
RXN-9667	Linoleoyl-groups	left
RXN-9667	Reduced-ferredoxins	left
RXN-9667	OXYGEN-MOLECULE	left
RXN-9667	PROTON	left
RXN-9667	Alpha-linolenoyl-groups	right
RXN-9667	Oxidized-ferredoxins	right
RXN-9667	WATER	right
HISTCYCLOHYD-RXN	PHOSPHORIBOSYL-AMP	left
HISTCYCLOHYD-RXN	WATER	left
HISTCYCLOHYD-RXN	PHOSPHORIBOSYL-FORMIMINO-AICAR-P	right
RXN-24177	Wound-RNA	left
RXN-24177	ATP	left
RXN-24177	WATER	left
RXN-24177	Unwound-RNA	right
RXN-24177	ADP	right
RXN-24177	Pi	right
RXN-24177	PROTON	right
RXN-10699	CPD-11521	left
RXN-10699	ACETYL-COA	left
RXN-10699	CPD-11520	right
RXN-10699	CO-A	right
INORGPYROPHOSPHAT-RXN	WATER	left
INORGPYROPHOSPHAT-RXN	PPI	left
INORGPYROPHOSPHAT-RXN	PROTON	right
INORGPYROPHOSPHAT-RXN	Pi	right
RXN-21035	CD+2	left
RXN-21035	ATP	left
RXN-21035	WATER	left
RXN-21035	CD+2	right
RXN-21035	ADP	right
RXN-21035	Pi	right
RXN-21035	PROTON	right
RXN-20436	CPD-22130	left
RXN-20436	CPD-4182	right
PANTOATE-BETA-ALANINE-LIG-RXN	B-ALANINE	left
PANTOATE-BETA-ALANINE-LIG-RXN	L-PANTOATE	left
PANTOATE-BETA-ALANINE-LIG-RXN	ATP	left
PANTOATE-BETA-ALANINE-LIG-RXN	PROTON	right
PANTOATE-BETA-ALANINE-LIG-RXN	PANTOTHENATE	right
PANTOATE-BETA-ALANINE-LIG-RXN	PPI	right
PANTOATE-BETA-ALANINE-LIG-RXN	AMP	right
2.7.1.154-RXN	CPD-1108	left
2.7.1.154-RXN	ATP	left
2.7.1.154-RXN	1-PHOSPHATIDYL-1D-MYO-INOSITOL-34-BISPH	right
2.7.1.154-RXN	ADP	right
2.7.1.154-RXN	PROTON	right
RXN0-5398	CPD-15317	left
RXN0-5398	URACIL	left
RXN0-5398	WATER	right
RXN0-5398	PSEUDOURIDINE-5-P	right
RXN-16137	CPD-17312	left
RXN-16137	ACETYL-COA	left
RXN-16137	CPD-17388	right
RXN-16137	CO-A	right
RXN-4731	CPD-12575	left
RXN-4731	CPD-4609	left
RXN-4731	PROTON	right
RXN-4731	CPD-4610	right
RXN-4731	UDP	right
RXN-21161	CPD-22762	left
RXN-21161	OXYGEN-MOLECULE	left
RXN-21161	FERROCYTOCHROME-B5	left
RXN-21161	PROTON	left
RXN-21161	CPD-22131	right
RXN-21161	WATER	right
RXN-21161	FERRICYTOCHROME-B5	right
RXN-12861	CPD-13907	left
RXN-12861	CPD-334	right
RXN-12861	PROTON	right
MYO-INOSITOL-2-DEHYDROGENASE-RXN	MYO-INOSITOL	left
MYO-INOSITOL-2-DEHYDROGENASE-RXN	NAD	left
MYO-INOSITOL-2-DEHYDROGENASE-RXN	CPD-14808	right
MYO-INOSITOL-2-DEHYDROGENASE-RXN	NADH	right
MYO-INOSITOL-2-DEHYDROGENASE-RXN	PROTON	right
RXN-12349	FERULOYL-COA	left
RXN-12349	2-KETOGLUTARATE	left
RXN-12349	OXYGEN-MOLECULE	left
RXN-12349	CPD-13328	right
RXN-12349	SUC	right
RXN-12349	CARBON-DIOXIDE	right
2-CARBOXY-D-ARABINITOL-1-PHOSPHATASE-RXN	WATER	left
2-CARBOXY-D-ARABINITOL-1-PHOSPHATASE-RXN	2-CARBOXY-D-ARABINITOL-1-PHOSPHATASE	left
2-CARBOXY-D-ARABINITOL-1-PHOSPHATASE-RXN	Pi	right
2-CARBOXY-D-ARABINITOL-1-PHOSPHATASE-RXN	2-CARBOXY-D-ARABINITOL	right
ENTDB-RXN	Apo-EntB	left
ENTDB-RXN	CO-A	left
ENTDB-RXN	Holo-EntB	right
ENTDB-RXN	3-5-ADP	right
ENTDB-RXN	PROTON	right
RXN-12299	TRANS-2-HEXENOL	left
RXN-12299	NADP	left
RXN-12299	TRANS-2-HEXENAL	right
RXN-12299	NADPH	right
RXN-12299	PROTON	right
RXN-12208	CPD-8046	left
RXN-12208	NADP	left
RXN-12208	CPD-22515	right
RXN-12208	NADPH	right
RXN-12208	PROTON	right
RXN-10701	CPD-11529	left
RXN-10701	ACETYL-COA	left
RXN-10701	CPD-11528	right
RXN-10701	CO-A	right
ACETYLORNDEACET-RXN	N-ALPHA-ACETYLORNITHINE	left
ACETYLORNDEACET-RXN	WATER	left
ACETYLORNDEACET-RXN	L-ORNITHINE	right
ACETYLORNDEACET-RXN	ACET	right
RXN-711	CPD-709	left
RXN-711	NADP	left
RXN-711	PROTON	right
RXN-711	CPD-698	right
RXN-711	NADPH	right
RXN-20606	S-ADENOSYLMETHIONINE	left
RXN-20606	Histone-H3-K27m1	left
RXN-20606	ADENOSYL-HOMO-CYS	right
RXN-20606	Histone-H3-K27m2	right
RXN-20606	PROTON	right
RXN-8163	CPD-219	left
RXN-8163	WATER	left
RXN-8163	OXYGEN-MOLECULE	left
RXN-8163	2-KETO-6-AMINO-CAPROATE	right
RXN-8163	AMMONIUM	right
RXN-8163	HYDROGEN-PEROXIDE	right
CYSTEINE-DIOXYGENASE-RXN	OXYGEN-MOLECULE	left
CYSTEINE-DIOXYGENASE-RXN	CYS	left
CYSTEINE-DIOXYGENASE-RXN	PROTON	right
CYSTEINE-DIOXYGENASE-RXN	3-SULFINOALANINE	right
ATPASE-RXN	ATP	left
ATPASE-RXN	WATER	left
ATPASE-RXN	ADP	right
ATPASE-RXN	Pi	right
ATPASE-RXN	PROTON	right
RXN-6683	CPD-6362	left
RXN-6683	OXYGEN-MOLECULE	left
RXN-6683	Red-NADPH-Hemoprotein-Reductases	left
RXN-6683	CPD-6364	right
RXN-6683	Ox-NADPH-Hemoprotein-Reductases	right
RXN-6683	WATER	right
3-CYANOALANINE-HYDRATASE-RXN	ASN	left
3-CYANOALANINE-HYDRATASE-RXN	PROTON	right
3-CYANOALANINE-HYDRATASE-RXN	WATER	right
3-CYANOALANINE-HYDRATASE-RXN	CPD-603	right
RXN0-724	FORMATE	left
RXN0-724	UTP	left
RXN0-724	PROTON	left
RXN0-724	DUTP	right
RXN0-724	CARBON-DIOXIDE	right
RXN0-724	WATER	right
RXN-11524	CPD-12486	left
RXN-11524	CPD-12491	right
RXN-11524	2-AMINOACRYLATE	right
RXN-4314	CPD-4206	left
RXN-4314	WATER	left
RXN-4314	CPD-4210	right
RXN-4314	CPD-15317	right
RXN1F-164	CPD1F-120	left
RXN1F-164	OXYGEN-MOLECULE	left
RXN1F-164	2-KETOGLUTARATE	left
RXN1F-164	PROTON	right
RXN1F-164	CPD1F-134	right
RXN1F-164	CARBON-DIOXIDE	right
RXN1F-164	SUC	right
1.8.98.2-RXN	CPD-7250	left
1.8.98.2-RXN	ATP	left
1.8.98.2-RXN	Protein-Red-Disulfides	left
1.8.98.2-RXN	CPD-7251	right
1.8.98.2-RXN	ADP	right
1.8.98.2-RXN	Pi	right
1.8.98.2-RXN	Protein-Ox-Disulfides	right
1.8.98.2-RXN	PROTON	right
RXN-9276	DIHYDROSANGUINARINE	left
RXN-9276	NAD-P-OR-NOP	left
RXN-9276	SANGUINARINE	right
RXN-9276	NADH-P-OR-NOP	right
1TRANSKETO-RXN	D-SEDOHEPTULOSE-7-P	left
1TRANSKETO-RXN	GAP	left
1TRANSKETO-RXN	RIBOSE-5P	right
1TRANSKETO-RXN	XYLULOSE-5-PHOSPHATE	right
RXN-10981	Acceptor	left
RXN-10981	ASCORBATE	left
RXN-10981	PROTON	left
RXN-10981	Donor-H2	right
RXN-10981	CPD-318	right
RXN-16380	STEARIC_ACID	left
RXN-16380	CO-A	left
RXN-16380	ATP	left
RXN-16380	STEAROYL-COA	right
RXN-16380	AMP	right
RXN-16380	PPI	right
RXN-18142	CPD-19421	left
RXN-18142	OXYGEN-MOLECULE	left
RXN-18142	Red-NADPH-Hemoprotein-Reductases	left
RXN-18142	CPD-19434	right
RXN-18142	WATER	right
RXN-18142	Ox-NADPH-Hemoprotein-Reductases	right
FCLREDUCT-RXN	CPD-13118	left
FCLREDUCT-RXN	NADP	left
FCLREDUCT-RXN	GDP-4-DEHYDRO-6-L-DEOXYGALACTOSE	right
FCLREDUCT-RXN	NADPH	right
FCLREDUCT-RXN	PROTON	right
GLYCERATE-DEHYDROGENASE-RXN	GLYCERATE	left
GLYCERATE-DEHYDROGENASE-RXN	NAD	left
GLYCERATE-DEHYDROGENASE-RXN	PROTON	right
GLYCERATE-DEHYDROGENASE-RXN	OH-PYR	right
GLYCERATE-DEHYDROGENASE-RXN	NADH	right
RXN-11680	Linoleoyl-groups	left
RXN-11680	OXYGEN-MOLECULE	left
RXN-11680	FERROCYTOCHROME-B5	left
RXN-11680	PROTON	left
RXN-11680	Gamma-linolenoyl-groups	right
RXN-11680	FERRICYTOCHROME-B5	right
RXN-11680	WATER	right
RXN-5861	TYR	left
RXN-5861	OXYGEN-MOLECULE	left
RXN-5861	L-DIHYDROXY-PHENYLALANINE	right
RXN-8517	CPD-8705	left
RXN-8517	Red-NADPH-Hemoprotein-Reductases	left
RXN-8517	OXYGEN-MOLECULE	left
RXN-8517	CPD-8706	right
RXN-8517	Ox-NADPH-Hemoprotein-Reductases	right
RXN-8517	WATER	right
RXN-19749	CPD-9006	left
RXN-19749	OXYGEN-MOLECULE	left
RXN-19749	Red-NADPH-Hemoprotein-Reductases	left
RXN-19749	CPD-9413	right
RXN-19749	WATER	right
RXN-19749	Ox-NADPH-Hemoprotein-Reductases	right
RXN-19749	PROTON	right
RXN-11115	CYS	left
RXN-11115	ATP	left
RXN-11115	PROTON	left
RXN-11115	CPD-12085	right
RXN-11115	PPI	right
3.2.1.159-RXN	Neoagaro-oligosaccharides	left
3.2.1.159-RXN	WATER	left
3.2.1.159-RXN	CPD-13430	right
3.2.1.159-RXN	CPD-13431	right
3.2.1.159-RXN	D-galactopyranose	right
3.2.1.55-RXN	1-5-L-Arabinooligosaccharides	left
3.2.1.55-RXN	WATER	left
3.2.1.55-RXN	CPD-12045	right
3.2.1.55-RXN	1-5-L-Arabinooligosaccharides	right
3-HYDROXYBUTYRYL-COA-DEHYDROGENASE-RXN	S-3-HYDROXYBUTANOYL-COA	left
3-HYDROXYBUTYRYL-COA-DEHYDROGENASE-RXN	NADP	left
3-HYDROXYBUTYRYL-COA-DEHYDROGENASE-RXN	ACETOACETYL-COA	right
3-HYDROXYBUTYRYL-COA-DEHYDROGENASE-RXN	NADPH	right
3-HYDROXYBUTYRYL-COA-DEHYDROGENASE-RXN	PROTON	right
GLYCEROL-1-PHOSPHATASE-RXN	Glycerol-1-phosphate	left
GLYCEROL-1-PHOSPHATASE-RXN	WATER	left
GLYCEROL-1-PHOSPHATASE-RXN	GLYCEROL	right
GLYCEROL-1-PHOSPHATASE-RXN	Pi	right
GDPMANDEHYDRA-RXN	GDP-MANNOSE	left
GDPMANDEHYDRA-RXN	GDP-4-DEHYDRO-6-DEOXY-D-MANNOSE	right
GDPMANDEHYDRA-RXN	WATER	right
RXN-9658	Hexanoyl-ACPs	left
RXN-9658	NAD	left
RXN-9658	Hex-2-enoyl-ACPs	right
RXN-9658	NADH	right
RXN-9658	PROTON	right
RXN-14759	CPD-10750	left
RXN-14759	CPD-15642	right
RXN-8969	CPD-9411	left
RXN-8969	Red-NADPH-Hemoprotein-Reductases	left
RXN-8969	OXYGEN-MOLECULE	left
RXN-8969	CPD-9412	right
RXN-8969	Ox-NADPH-Hemoprotein-Reductases	right
RXN-8969	WATER	right
1.1.1.34-RXN	NADP	left
1.1.1.34-RXN	CO-A	left
1.1.1.34-RXN	MEVALONATE	left
1.1.1.34-RXN	PROTON	right
1.1.1.34-RXN	NADPH	right
1.1.1.34-RXN	3-HYDROXY-3-METHYL-GLUTARYL-COA	right
ESTRADIOL-17-BETA-DEHYDROGENASE-RXN	CPD-352	left
ESTRADIOL-17-BETA-DEHYDROGENASE-RXN	NADP	left
ESTRADIOL-17-BETA-DEHYDROGENASE-RXN	ESTRONE	right
ESTRADIOL-17-BETA-DEHYDROGENASE-RXN	NADPH	right
ESTRADIOL-17-BETA-DEHYDROGENASE-RXN	PROTON	right
RXN-3422	S-ADENOSYLMETHIONINE	left
RXN-3422	5-HYDROXY-FERULIC-ACID	left
RXN-3422	PROTON	right
RXN-3422	SINAPATE	right
RXN-3422	ADENOSYL-HOMO-CYS	right
RXN-19772	NADP	left
RXN-19772	PROTON	left
RXN-19772	E-	left
RXN-19772	NADPH	right
RXN-9633	R-3-hydroxystearoyl-ACPs	left
RXN-9633	NADP	left
RXN-9633	3-oxo-stearoyl-ACPs	right
RXN-9633	NADPH	right
RXN-9633	PROTON	right
GLYCOLATE-REDUCTASE-RXN	GLYCOLLATE	left
GLYCOLATE-REDUCTASE-RXN	NAD	left
GLYCOLATE-REDUCTASE-RXN	PROTON	right
GLYCOLATE-REDUCTASE-RXN	NADH	right
GLYCOLATE-REDUCTASE-RXN	GLYOX	right
RXN-14455	CU+	left
RXN-14455	ATP	left
RXN-14455	WATER	left
RXN-14455	CU+	right
RXN-14455	ADP	right
RXN-14455	Pi	right
RXN-14455	PROTON	right
FLAVONE-7-O-BETA-GLUCOSYLTRANSFERASE-RXN	CPD-12575	left
FLAVONE-7-O-BETA-GLUCOSYLTRANSFERASE-RXN	5734-TETRAHYDROXYFLAVONE	left
FLAVONE-7-O-BETA-GLUCOSYLTRANSFERASE-RXN	LUTEOLIN-7-O-BETA-D-GLUCOSIDE	right
FLAVONE-7-O-BETA-GLUCOSYLTRANSFERASE-RXN	UDP	right
RXN-12183	HYDROXY-ACYL-COA	left
RXN-12183	MALONYL-COA	left
RXN-12183	PROTON	left
RXN-12183	HYDROXYLATED-TETRAKETIDE-PYRONE	right
RXN-12183	CARBON-DIOXIDE	right
RXN-12183	CO-A	right
RXN-12965	CPD-14010	left
RXN-12965	CPD-8186	right
RXN-12965	CO-A	right
MALATE-DEHYDROGENASE-NADP+-RXN	MAL	left
MALATE-DEHYDROGENASE-NADP+-RXN	NADP	left
MALATE-DEHYDROGENASE-NADP+-RXN	PROTON	right
MALATE-DEHYDROGENASE-NADP+-RXN	NADPH	right
MALATE-DEHYDROGENASE-NADP+-RXN	OXALACETIC_ACID	right
RXN-13448	S-ADENOSYLMETHIONINE	left
RXN-13448	CPD-14427	left
RXN-13448	ADENOSYL-HOMO-CYS	right
RXN-13448	CPD-14430	right
RXN-13448	PROTON	right
RXN-11406	56-DIHYDROXYINDOLE-2-CARBOXYLATE	left
RXN-11406	OXYGEN-MOLECULE	left
RXN-11406	Donor-H2	left
RXN-11406	CPD-12374	right
RXN-11406	WATER	right
RXN-11406	Acceptor	right
RXN-8155	CPD-12575	left
RXN-8155	CPD-693	left
RXN-8155	CPD-7727	right
RXN-8155	UDP	right
RXN-19429	CPD-20995	left
RXN-19429	NAD	left
RXN-19429	CPD-7274	right
RXN-19429	NADH	right
RXN-19429	PROTON	right
RXN-23615	CPD2DNV-18	left
RXN-23615	ATP	left
RXN-23615	WATER	left
RXN-23615	CPD2DNV-18	right
RXN-23615	ADP	right
RXN-23615	Pi	right
RXN-23615	PROTON	right
RXN-13322	MALONYL-COA	left
RXN-13322	OLEOYL-COA	left
RXN-13322	PROTON	left
RXN-13322	CPD-14300	right
RXN-13322	CARBON-DIOXIDE	right
RXN-13322	CO-A	right
RXN-6142	CPD-12575	left
RXN-6142	P-AMINO-BENZOATE	left
RXN-6142	CPD-5804	right
RXN-6142	UDP	right
FUMHYDR-RXN	MAL	left
FUMHYDR-RXN	FUM	right
FUMHYDR-RXN	WATER	right
RXN-9703	Linoleoyl-groups	left
RXN-9703	FERROCYTOCHROME-B5	left
RXN-9703	OXYGEN-MOLECULE	left
RXN-9703	PROTON	left
RXN-9703	Glycerolipid-vernolate	right
RXN-9703	FERRICYTOCHROME-B5	right
RXN-9703	WATER	right
UPPSYN-RXN	Di-trans-poly-cis-polyprenyl-PP	left
UPPSYN-RXN	DELTA3-ISOPENTENYL-PP	left
UPPSYN-RXN	PPI	right
UPPSYN-RXN	Di-trans-poly-cis-polyprenyl-PP	right
TRANS-RXN2PN3-19	ATP	left
TRANS-RXN2PN3-19	WATER	left
TRANS-RXN2PN3-19	CPD-26745	left
TRANS-RXN2PN3-19	CPD-26745	right
TRANS-RXN2PN3-19	ADP	right
TRANS-RXN2PN3-19	Pi	right
TRANS-RXN2PN3-19	PROTON	right
RXN-20131	CPD-707	left
RXN-20131	NADP	left
RXN-20131	CPD-706	right
RXN-20131	NADPH	right
RXN-20131	PROTON	right
RXN-18194	CPD-19482	left
RXN-18194	CPD-19484	right
RXN-18194	WATER	right
RXN-18356	3-SULFINOALANINE	left
RXN-18356	WATER	left
RXN-18356	NAD	left
RXN-18356	L-CYSTEATE	right
RXN-18356	NADH	right
RXN-18356	PROTON	right
RXN-17900	PHOSPHORIBULOSYL-FORMIMINO-AICAR-P	left
RXN-17900	AMMONIA	left
RXN-17900	D-ERYTHRO-IMIDAZOLE-GLYCEROL-P	right
RXN-17900	AICAR	right
RXN-17900	WATER	right
FORMATETHFLIG-RXN	THF-GLU-N	left
FORMATETHFLIG-RXN	ATP	left
FORMATETHFLIG-RXN	FORMATE	left
FORMATETHFLIG-RXN	FORMYL-THF-GLU-N	right
FORMATETHFLIG-RXN	ADP	right
FORMATETHFLIG-RXN	Pi	right
RXN-10038	L-seryl-SEC-tRNAs	left
RXN-10038	ATP	left
RXN-10038	O-phospho-L-seryl-tRNASecs	right
RXN-10038	ADP	right
RXN-10038	PROTON	right
TYROSINE-AMINOTRANSFERASE-RXN	TYR	left
TYROSINE-AMINOTRANSFERASE-RXN	2-KETOGLUTARATE	left
TYROSINE-AMINOTRANSFERASE-RXN	P-HYDROXY-PHENYLPYRUVATE	right
TYROSINE-AMINOTRANSFERASE-RXN	GLT	right
PHOSPHOLIPASE-A2-RXN	PHOSPHATIDYLCHOLINE	left
PHOSPHOLIPASE-A2-RXN	WATER	left
PHOSPHOLIPASE-A2-RXN	2-Lysophosphatidylcholines	right
PHOSPHOLIPASE-A2-RXN	Fatty-Acids	right
PHOSPHOLIPASE-A2-RXN	PROTON	right
RXN18C3-3	CPD-14702	left
RXN18C3-3	OXYGEN-MOLECULE	left
RXN18C3-3	Red-NADPH-Hemoprotein-Reductases	left
RXN18C3-3	CPD-18643	right
RXN18C3-3	WATER	right
RXN18C3-3	Ox-NADPH-Hemoprotein-Reductases	right
CYCLOEUCALENOL-CYCLOISOMERASE-RXN	CYCLOEUCALENOL	left
CYCLOEUCALENOL-CYCLOISOMERASE-RXN	OBTUSIFOLIOL	right
RXN-18244	CPD-14553	left
RXN-18244	Type-1-H-Antigen	left
RXN-18244	Type-1-B-antigen	right
RXN-18244	UDP	right
RXN-18244	PROTON	right
RXN-19346	S-ADENOSYLMETHIONINE	left
RXN-19346	mRNA-Adenines	left
RXN-19346	ADENOSYL-HOMO-CYS	right
RXN-19346	N6-Methyladenine-containing-mRNAs	right
RXN-19346	PROTON	right
2.7.7.15-RXN	CTP	left
2.7.7.15-RXN	PHOSPHORYL-CHOLINE	left
2.7.7.15-RXN	PROTON	left
2.7.7.15-RXN	CDP-CHOLINE	right
2.7.7.15-RXN	PPI	right
RXN-7793	CPD-12575	left
RXN-7793	CPD3DJ-82	left
RXN-7793	Glucosyl-acyl-sphinganines	right
RXN-7793	UDP	right
RXN-7793	PROTON	right
RXN-14447	PELARGONIDIN-3-GLUCOSIDE-CMPD	left
RXN-14447	CPD-15281	left
RXN-14447	CPD-15289	right
RXN-14447	FERULIC-ACID	right
RXN-14447	PROTON	right
RXN-13046	+-bornyl-diphosphate	left
RXN-13046	WATER	left
RXN-13046	CPD-1903	right
RXN-13046	PPI	right
RXN-9020	S-ADENOSYLMETHIONINE	left
RXN-9020	CPD-16	left
RXN-9020	PROTON	right
RXN-9020	CPD-9494	right
RXN-9020	ADENOSYL-HOMO-CYS	right
1.2.3.14-RXN	CPD-692	left
1.2.3.14-RXN	WATER	left
1.2.3.14-RXN	OXYGEN-MOLECULE	left
1.2.3.14-RXN	PROTON	right
1.2.3.14-RXN	CPD-693	right
1.2.3.14-RXN	HYDROGEN-PEROXIDE	right
6-PHOSPHOFRUCTO-2-KINASE-RXN	FRUCTOSE-6P	left
6-PHOSPHOFRUCTO-2-KINASE-RXN	ATP	left
6-PHOSPHOFRUCTO-2-KINASE-RXN	PROTON	right
6-PHOSPHOFRUCTO-2-KINASE-RXN	CPD-535	right
6-PHOSPHOFRUCTO-2-KINASE-RXN	ADP	right
RXN-7633	CAFFEOYL-COA	left
RXN-7633	CPD-6982	left
RXN-7633	CPD-6981	right
RXN-7633	CO-A	right
MYO-INOSITOL-1-KINASE-RXN	MYO-INOSITOL	left
MYO-INOSITOL-1-KINASE-RXN	ATP	left
MYO-INOSITOL-1-KINASE-RXN	PROTON	right
MYO-INOSITOL-1-KINASE-RXN	1-L-MYO-INOSITOL-1-P	right
MYO-INOSITOL-1-KINASE-RXN	ADP	right
RXN-9624	STEAROYL-COA	left
RXN-9624	WATER	left
RXN-9624	PROTON	right
RXN-9624	STEARIC_ACID	right
RXN-9624	CO-A	right
RXN-8638	Quaternary-Amines	left
RXN-8638	WATER	left
RXN-8638	ATP	left
RXN-8638	Quaternary-Amines	right
RXN-8638	Pi	right
RXN-8638	ADP	right
RXN-8638	PROTON	right
RXN-16049	CPD-17293	left
RXN-16049	OXYGEN-MOLECULE	left
RXN-16049	Reduced-ferredoxins	left
RXN-16049	PROTON	left
RXN-16049	CPD-17292	right
RXN-16049	WATER	right
RXN-16049	Oxidized-ferredoxins	right
RXN-23417	ARACHIDONIC_ACID	left
RXN-23417	OXYGEN-MOLECULE	left
RXN-23417	WATER	left
RXN-23417	CPD-24726	right
RXN-1144	CONIFERYL-ALCOHOL	left
RXN-1144	Red-NADPH-Hemoprotein-Reductases	left
RXN-1144	OXYGEN-MOLECULE	left
RXN-1144	5-HYDROXY-CONIFERYL-ALCOHOL	right
RXN-1144	WATER	right
RXN-1144	Ox-NADPH-Hemoprotein-Reductases	right
RXN-2208	CPD-12575	left
RXN-2208	3-METHYLTHIOPROPYLHYDROXAMIC-ACID	left
RXN-2208	PROTON	right
RXN-2208	3-METHYLTHIOPROPYL-DESULFO-GLUCOSINOLATE	right
RXN-2208	UDP	right
RXN-12242	CPD-7526	left
RXN-12242	ETR-Quinones	left
RXN-12242	CPD-7496	right
RXN-12242	ETR-Quinols	right
RXN-9514	Beta-3-hydroxybutyryl-ACPs	left
RXN-9514	NADP	left
RXN-9514	Acetoacetyl-ACPs	right
RXN-9514	NADPH	right
RXN-9514	PROTON	right
ADENYL-KIN-RXN	ATP	left
ADENYL-KIN-RXN	AMP	left
ADENYL-KIN-RXN	ADP	right
RXN-10687	HEXANOYL-COA	left
RXN-10687	MALONYL-COA	left
RXN-10687	PROTON	left
RXN-10687	CPD-11505	right
RXN-10687	CO-A	right
RXN-10687	CARBON-DIOXIDE	right
RXN-24568	DOLICHOL	left
RXN-24568	NAD-P-OR-NOP	left
RXN-24568	Dolichals	right
RXN-24568	NADH-P-OR-NOP	right
RXN-24568	PROTON	right
RXN-22639	CPD-17154	left
RXN-22639	WATER	left
RXN-22639	CPD-33	right
RXN-22639	PROTON	right
RXN-3284	2-HYDROXYISOFLAVANONE	left
RXN-3284	DAIDZEIN	right
RXN-3284	WATER	right
RXN-16998	ALPHA-GLUCOSE-16-BISPHOSPHATE	left
RXN-16998	Phosphoglucomutase	left
RXN-16998	D-glucopyranose-6-phosphate	right
RXN-16998	Phosphorylated-phosphoglucomutase	right
RXN-14515	CPD-15382	left
RXN-14515	BETA-D-FRUCTOSE	right
RXN-12495	Carotenoid-psi-end-group	left
RXN-12495	Carotenoid-epsilon-end-group	right
DAPASYN-RXN	S-ADENOSYLMETHIONINE	left
DAPASYN-RXN	8-AMINO-7-OXONONANOATE	left
DAPASYN-RXN	S-ADENOSYL-4-METHYLTHIO-2-OXOBUTANOATE	right
DAPASYN-RXN	DIAMINONONANOATE	right
RXN-20607	S-ADENOSYLMETHIONINE	left
RXN-20607	Histone-H3-K36m1	left
RXN-20607	ADENOSYL-HOMO-CYS	right
RXN-20607	Histone-H3-K36m2	right
RXN-20607	PROTON	right
RXN-21523	Hydroxymethylbilane-Synthase-ES2	left
RXN-21523	PORPHOBILINOGEN	left
RXN-21523	Hydroxymethylbilane-Synthase-ES3	right
RXN-21523	AMMONIUM	right
RXN-7973	9-cis-Epoxycarotenoids	left
RXN-7973	OXYGEN-MOLECULE	left
RXN-7973	CPD-7279	right
RXN-7973	12-apo-Carotenals	right
RXN-21164	CPD-22764	left
RXN-21164	FERROCYTOCHROME-B5	left
RXN-21164	OXYGEN-MOLECULE	left
RXN-21164	PROTON	left
RXN-21164	CPD-22136	right
RXN-21164	FERRICYTOCHROME-B5	right
RXN-21164	WATER	right
RXN-12878	GLT	left
RXN-12878	Oxidized-ferredoxins	left
RXN-12878	WATER	left
RXN-12878	AMMONIA	right
RXN-12878	2-KETOGLUTARATE	right
RXN-12878	Reduced-ferredoxins	right
RXN-12878	PROTON	right
RXN-9752	CPD-12575	left
RXN-9752	CPD-10447	left
RXN-9752	CPD-10449	right
RXN-9752	UDP	right
RXN-9752	PROTON	right
RXN-18926	Man8GlcNAc2-protein-A123B13	left
RXN-18926	WATER	left
RXN-18926	Man7GlcNAc2-protein-A123B1	right
RXN-18926	CPD-12601	right
RXN-19023	CPD-20483	left
RXN-19023	LYS	right
RXN-19023	5-OXOPROLINE	right
RXN-20693	GLUTATHIONE	left
RXN-20693	Alkyl-Hydro-Peroxides	left
RXN-20693	OXIDIZED-GLUTATHIONE	right
RXN-20693	WATER	right
RXN-20693	Alcohols	right
NUCLEOTIDE-PYROPHOSPHATASE-RXN	Nucleoside-Triphosphates	left
NUCLEOTIDE-PYROPHOSPHATASE-RXN	WATER	left
NUCLEOTIDE-PYROPHOSPHATASE-RXN	Nucleoside-Monophosphates	right
NUCLEOTIDE-PYROPHOSPHATASE-RXN	PPI	right
NUCLEOTIDE-PYROPHOSPHATASE-RXN	PROTON	right
GLYOXIII-RXN	D-LACTATE	left
GLYOXIII-RXN	PROTON	left
GLYOXIII-RXN	METHYL-GLYOXAL	right
GLYOXIII-RXN	WATER	right
RXN-13189	CPD1F-132	left
RXN-13189	OXYGEN-MOLECULE	left
RXN-13189	Red-NADPH-Hemoprotein-Reductases	left
RXN-13189	CPD1F-95	right
RXN-13189	WATER	right
RXN-13189	Ox-NADPH-Hemoprotein-Reductases	right
RXN-13189	PROTON	right
GPH-RXN	WATER	left
GPH-RXN	CPD-67	left
GPH-RXN	GLYCOLLATE	right
GPH-RXN	Pi	right
PYRROLINECARBDEHYDROG-RXN	L-DELTA1-PYRROLINE_5-CARBOXYLATE	left
PYRROLINECARBDEHYDROG-RXN	NAD	left
PYRROLINECARBDEHYDROG-RXN	WATER	left
PYRROLINECARBDEHYDROG-RXN	PROTON	right
PYRROLINECARBDEHYDROG-RXN	GLT	right
PYRROLINECARBDEHYDROG-RXN	NADH	right
RXN-17121	S-ADENOSYLMETHIONINE	left
RXN-17121	Protein-L-Arginines	left
RXN-17121	ADENOSYL-HOMO-CYS	right
RXN-17121	Protein-N-omega-dimethyl-arginine	right
RXN-17121	PROTON	right
3.1.3.67-RXN	PHOSPHATIDYLINOSITOL-345-TRIPHOSPHATE	left
3.1.3.67-RXN	WATER	left
3.1.3.67-RXN	PHOSPHATIDYL-MYO-INOSITOL-45-BISPHOSPHA	right
3.1.3.67-RXN	Pi	right
TETRAHYDROBERBERINE-OXIDASE-RXN	S-TETRAHYDROBERBERINE	left
TETRAHYDROBERBERINE-OXIDASE-RXN	OXYGEN-MOLECULE	left
TETRAHYDROBERBERINE-OXIDASE-RXN	PROTON	left
TETRAHYDROBERBERINE-OXIDASE-RXN	BERBERINE	right
TETRAHYDROBERBERINE-OXIDASE-RXN	HYDROGEN-PEROXIDE	right
1-PHOSPHATIDYLINOSITOL-KINASE-RXN	L-1-phosphatidyl-inositols	left
1-PHOSPHATIDYLINOSITOL-KINASE-RXN	ATP	left
1-PHOSPHATIDYLINOSITOL-KINASE-RXN	CPD-1108	right
1-PHOSPHATIDYLINOSITOL-KINASE-RXN	ADP	right
1-PHOSPHATIDYLINOSITOL-KINASE-RXN	PROTON	right
RXN-14427	CPD-12575	left
RXN-14427	CPD-7096	left
RXN-14427	CPD-15272	right
RXN-14427	UDP	right
RXN-14427	PROTON	right
GABATRANSAM-RXN	4-AMINO-BUTYRATE	left
GABATRANSAM-RXN	2-KETOGLUTARATE	left
GABATRANSAM-RXN	SUCC-S-ALD	right
GABATRANSAM-RXN	GLT	right
RXN-9742	CPD-10447	left
RXN-9742	Acceptor	left
RXN-9742	CPD-10451	right
RXN-9742	Donor-H2	right
RXN-9536	R-3-hydroxymyristoyl-ACPs	left
RXN-9536	NADP	left
RXN-9536	3-oxo-myristoyl-ACPs	right
RXN-9536	NADPH	right
RXN-9536	PROTON	right
RXN-18332	CPD-663	left
RXN-18332	CPD-11540	right
RXN-6384	3-HYDROXY-PROPIONYL-COA	left
RXN-6384	WATER	left
RXN-6384	PROTON	right
RXN-6384	3-HYDROXY-PROPIONATE	right
RXN-6384	CO-A	right
CARBOXYCYCLOHEXADIENYL-DEHYDRATASE-RXN	PROTON	left
CARBOXYCYCLOHEXADIENYL-DEHYDRATASE-RXN	CPD-659	left
CARBOXYCYCLOHEXADIENYL-DEHYDRATASE-RXN	CARBON-DIOXIDE	right
CARBOXYCYCLOHEXADIENYL-DEHYDRATASE-RXN	WATER	right
CARBOXYCYCLOHEXADIENYL-DEHYDRATASE-RXN	PHE	right
3.3.2.10-RXN	epoxides	left
3.3.2.10-RXN	WATER	left
3.3.2.10-RXN	glycols	right
PREPHENATE-ASP-TRANSAMINE-RXN	CPD-659	left
PREPHENATE-ASP-TRANSAMINE-RXN	OXALACETIC_ACID	left
PREPHENATE-ASP-TRANSAMINE-RXN	PREPHENATE	right
PREPHENATE-ASP-TRANSAMINE-RXN	L-ASPARTATE	right
RXN-12157	CPD-17633	left
RXN-12157	NADP	left
RXN-12157	WATER	left
RXN-12157	CPD-14775	right
RXN-12157	NADPH	right
RXN-12157	PROTON	right
RXN-20440	4-ALPHA-METHYL-5-ALPHA	left
RXN-20440	FERROCYTOCHROME-B5	left
RXN-20440	OXYGEN-MOLECULE	left
RXN-20440	PROTON	left
RXN-20440	CPD-22136	right
RXN-20440	FERRICYTOCHROME-B5	right
RXN-20440	WATER	right
AGMATINE-DEIMINASE-RXN	AGMATHINE	left
AGMATINE-DEIMINASE-RXN	WATER	left
AGMATINE-DEIMINASE-RXN	CPD-597	right
AGMATINE-DEIMINASE-RXN	AMMONIUM	right
ORNITHINE-GLU-AMINOTRANSFORASE-RXN	L-ORNITHINE	left
ORNITHINE-GLU-AMINOTRANSFORASE-RXN	2-KETOGLUTARATE	left
ORNITHINE-GLU-AMINOTRANSFORASE-RXN	GLT	right
ORNITHINE-GLU-AMINOTRANSFORASE-RXN	L-GLUTAMATE_GAMMA-SEMIALDEHYDE	right
CHALCONE-ISOMERASE-RXN	Chalcones	left
CHALCONE-ISOMERASE-RXN	FLAVANONES	right
RXN-1727	CPD-2185	left
RXN-1727	OXYGEN-MOLECULE	left
RXN-1727	Reduced-ferredoxins	left
RXN-1727	PROTON	left
RXN-1727	CPD-2186	right
RXN-1727	WATER	right
RXN-1727	Oxidized-ferredoxins	right
ADENOSYLHOMOCYSTEINE-NUCLEOSIDASE-RXN	ADENOSYL-HOMO-CYS	left
ADENOSYLHOMOCYSTEINE-NUCLEOSIDASE-RXN	WATER	left
ADENOSYLHOMOCYSTEINE-NUCLEOSIDASE-RXN	CPD-564	right
ADENOSYLHOMOCYSTEINE-NUCLEOSIDASE-RXN	ADENINE	right
GLUTAMATE-N-ACETYLTRANSFERASE-RXN	N-ALPHA-ACETYLORNITHINE	left
GLUTAMATE-N-ACETYLTRANSFERASE-RXN	GLT	left
GLUTAMATE-N-ACETYLTRANSFERASE-RXN	L-ORNITHINE	right
GLUTAMATE-N-ACETYLTRANSFERASE-RXN	ACETYL-GLU	right
RXN-17253	CPD-18666	left
RXN-17253	WATER	left
RXN-17253	CPD-7063	right
RXN-11900	FARNESYL-PP	left
RXN-11900	WATER	left
RXN-11900	CPD-12875	right
RXN-11900	PPI	right
RXN-23061	CYS	left
RXN-23061	HctE-PCP2-Domain	left
RXN-23061	ATP	left
RXN-23061	Cys-HctE-PCP2	right
RXN-23061	AMP	right
RXN-23061	PPI	right
RXN-13417	N-4-aminobutylidene-eIF5A-lysine	left
RXN-13417	NADH	left
RXN-13417	PROTON	left
RXN-13417	CPD-9973	right
RXN-13417	NAD	right
RXN-22713	CHORISMATE	left
RXN-22713	AMMONIA	left
RXN-22713	PROTON	left
RXN-22713	4-AMINO-4-DEOXYCHORISMATE	right
RXN-22713	WATER	right
RXN-15844	S-ADENOSYLMETHIONINE	left
RXN-15844	Cytosine2278-in-25S-rRNA	left
RXN-15844	ADENOSYL-HOMO-CYS	right
RXN-15844	5-methylcytosine2278-in-25S-rRNA	right
RXN-15844	PROTON	right
PRPPSYN-RXN	RIBOSE-5P	left
PRPPSYN-RXN	ATP	left
PRPPSYN-RXN	PROTON	right
PRPPSYN-RXN	PRPP	right
PRPPSYN-RXN	AMP	right
PHENYLALANINE-N-ACETYLTRANSFERASE-RXN	PHE	left
PHENYLALANINE-N-ACETYLTRANSFERASE-RXN	ACETYL-COA	left
PHENYLALANINE-N-ACETYLTRANSFERASE-RXN	PROTON	right
PHENYLALANINE-N-ACETYLTRANSFERASE-RXN	CPD-439	right
PHENYLALANINE-N-ACETYLTRANSFERASE-RXN	CO-A	right
RXN-24909	4-Hydroxy-3-polyprenylbenzoates	left
RXN-24909	OXYGEN-MOLECULE	left
RXN-24909	Reduced-ferredoxins	left
RXN-24909	PROTON	left
RXN-24909	34-Dihydroxy-5-Polyprenylbenzoates	right
RXN-24909	WATER	right
RXN-24909	Oxidized-ferredoxins	right
SERINE-O-ACETTRAN-RXN	ACETYL-COA	left
SERINE-O-ACETTRAN-RXN	SER	left
SERINE-O-ACETTRAN-RXN	ACETYLSERINE	right
SERINE-O-ACETTRAN-RXN	CO-A	right
RXN-14372	Alpha-Amyloses	left
RXN-14372	CPD-7043	right
RXN-22486	CMP-KDO	left
RXN-22486	Lipid-IVA	left
RXN-22486	Kdo-2-6-Lipid-IVA	right
RXN-22486	CMP	right
RXN-22486	PROTON	right
THREDEHYD-RXN	THR	left
THREDEHYD-RXN	2-OXOBUTANOATE	right
THREDEHYD-RXN	AMMONIUM	right
3.2.1.78-RXN	1-4-Mannan	left
3.2.1.78-RXN	WATER	left
3.2.1.78-RXN	Short-Mannan	right
RXN-7577	PROTON	left
RXN-7577	P-COUMAROYL-COA	left
RXN-7577	WATER	left
RXN-7577	MALONYL-COA	left
RXN-7577	CO-A	right
RXN-7577	CARBON-DIOXIDE	right
RXN-7577	CPD-6954	right
3.6.1.52-RXN	WATER	left
3.6.1.52-RXN	Pyrophosphate-inositol-phosphates	left
3.6.1.52-RXN	Pi	right
3.6.1.52-RXN	Myo-inositol-polyphosphates	right
RXN-15999	CPD-13430	left
RXN-15999	CPD-8938	right
RXN-12611	CPD-13575	left
RXN-12611	AMINO-HYDROXYMETHYL-METHYLPYRIMIDINE-PP	left
RXN-12611	PROTON	left
RXN-12611	THIAMINE-P	right
RXN-12611	CARBON-DIOXIDE	right
RXN-12611	PPI	right
RXN-15815	Cytochromes-C-Oxidized	left
RXN-15815	E-	left
RXN-15815	Cytochromes-C-Reduced	right
TRANS-RXN-328	ATP	left
TRANS-RXN-328	PUTRESCINE	left
TRANS-RXN-328	WATER	left
TRANS-RXN-328	ADP	right
TRANS-RXN-328	PUTRESCINE	right
TRANS-RXN-328	Pi	right
TRANS-RXN-328	PROTON	right
2.7.1.134-RXN	CPD-178	left
2.7.1.134-RXN	ATP	left
2.7.1.134-RXN	PROTON	right
2.7.1.134-RXN	CPD-1107	right
2.7.1.134-RXN	ADP	right
1.2.1.13-RXN	GAP	left
1.2.1.13-RXN	Pi	left
1.2.1.13-RXN	NADP	left
1.2.1.13-RXN	DPG	right
1.2.1.13-RXN	NADPH	right
1.2.1.13-RXN	PROTON	right
RXN-15236	CPD-12575	left
RXN-15236	CPD-16439	left
RXN-15236	UDP	right
RXN-15236	7-DEOXYLOGANIN	right
RXN-15236	PROTON	right
RIBOFLAVINKIN-RXN	ATP	left
RIBOFLAVINKIN-RXN	RIBOFLAVIN	left
RIBOFLAVINKIN-RXN	FMN	right
RIBOFLAVINKIN-RXN	ADP	right
RIBOFLAVINKIN-RXN	PROTON	right
2.8.1.6-RXN	S-ADENOSYLMETHIONINE	left
2.8.1.6-RXN	Sulfurated-Sulfur-Acceptors	left
2.8.1.6-RXN	DETHIOBIOTIN	left
2.8.1.6-RXN	Reduced-2Fe-2S-Ferredoxins	left
2.8.1.6-RXN	Unsulfurated-Sulfur-Acceptors	right
2.8.1.6-RXN	BIOTIN	right
2.8.1.6-RXN	CH33ADO	right
2.8.1.6-RXN	MET	right
2.8.1.6-RXN	Oxidized-2Fe-2S-Ferredoxins	right
RXN-19962	S-ubiquitinyl-UCP-E2-L-cysteine	left
RXN-19962	Proteins-L-Threonines	left
RXN-19962	Ubiquitin-carrier-protein-E2-L-cysteine	right
RXN-19962	Protein-3-O-Ubiquitinyl-L-threonine	right
RXN-22407	CPD-24395	left
RXN-22407	WATER	left
RXN-22407	ARSENATE	right
RXN-22407	HS	right
RXN-15354	CPD-16560	left
RXN-15354	CPD-15283	left
RXN-15354	CPD-16561	right
RXN-15354	Glucopyranose	right
RXN-7830	UDP-L-RHAMNOSE	left
RXN-7830	PELARGONIDIN-3-GLUCOSIDE-CMPD	left
RXN-7830	CPD-7144	right
RXN-7830	UDP	right
RXN-7830	PROTON	right
RXN-7711	Very-long-Chain-234-Saturated-acyl-CoAs	left
RXN-7711	NADP	left
RXN-7711	Very-Long-Chain-Trans-23-Dehydroacyl-CoA	right
RXN-7711	NADPH	right
RXN-7711	PROTON	right
2.4.1.185-RXN	CPD-12575	left
2.4.1.185-RXN	FLAVANONES	left
2.4.1.185-RXN	FLAVANONE-7-O-GLUCOSIDES	right
2.4.1.185-RXN	UDP	right
RXN-20898	CPD-15374	left
RXN-20898	LYS	left
RXN-20898	FRUCTOSELYSINE	right
RXN-20898	WATER	right
3.2.1.18-RXN	Sialyloligosaccharides	left
3.2.1.18-RXN	WATER	left
3.2.1.18-RXN	Oligosaccharides	right
3.2.1.18-RXN	N-ACETYLNEURAMINATE	right
NICOTINATE-N-METHYLTRANSFERASE-RXN	S-ADENOSYLMETHIONINE	left
NICOTINATE-N-METHYLTRANSFERASE-RXN	NIACINE	left
NICOTINATE-N-METHYLTRANSFERASE-RXN	ADENOSYL-HOMO-CYS	right
NICOTINATE-N-METHYLTRANSFERASE-RXN	METHYLNICOTINATE	right
RXN-20892	4-METHYL-MYO-INOSITOL	left
RXN-20892	NAD	left
RXN-20892	CPD-22515	right
RXN-20892	NADH	right
RXN-20892	PROTON	right
RXN-5822	NADP	left
RXN-5822	WATER	left
RXN-5822	NAD	right
RXN-5822	Pi	right
RXN-18965	CPD-17652	left
RXN-18965	OXYGEN-MOLECULE	left
RXN-18965	Donor-H2	left
RXN-18965	CPD-20425	right
RXN-18965	WATER	right
RXN-18965	Acceptor	right
RXNARA-8002	CPD-464	left
RXNARA-8002	CPD-12321	right
RXNARA-8002	PPI	right
ATP-CITRATE-PRO-S--LYASE-RXN	OXALACETIC_ACID	left
ATP-CITRATE-PRO-S--LYASE-RXN	ACETYL-COA	left
ATP-CITRATE-PRO-S--LYASE-RXN	Pi	left
ATP-CITRATE-PRO-S--LYASE-RXN	ADP	left
ATP-CITRATE-PRO-S--LYASE-RXN	CIT	right
ATP-CITRATE-PRO-S--LYASE-RXN	CO-A	right
ATP-CITRATE-PRO-S--LYASE-RXN	ATP	right
RXN-16775	CPD-18088	left
RXN-16775	PROTON	left
RXN-16775	OXYGEN-MOLECULE	left
RXN-16775	NAD	right
RXN-16775	HYDROGEN-PEROXIDE	right
RXN-4226	CPD-3943	left
RXN-4226	OXYGEN-MOLECULE	left
RXN-4226	Red-NADPH-Hemoprotein-Reductases	left
RXN-4226	CPD-3945	right
RXN-4226	WATER	right
RXN-4226	Ox-NADPH-Hemoprotein-Reductases	right
GLUTATHIONE-REDUCT-NADPH-RXN	GLUTATHIONE	left
GLUTATHIONE-REDUCT-NADPH-RXN	NADP	left
GLUTATHIONE-REDUCT-NADPH-RXN	OXIDIZED-GLUTATHIONE	right
GLUTATHIONE-REDUCT-NADPH-RXN	NADPH	right
GLUTATHIONE-REDUCT-NADPH-RXN	PROTON	right
3.2.1.96-RXN	High-Mannose-N-Glycans	left
3.2.1.96-RXN	WATER	left
3.2.1.96-RXN	CPD-8541	right
3.2.1.96-RXN	Polymannose-GlcNAc	right
RXN-22502	UDP-N-ACETYL-D-GLUCOSAMINE	left
RXN-22502	CPD-24559	left
RXN-22502	CPD-21537	right
RXN-22502	UDP	right
RXN-22502	PROTON	right
RXN-9233	S-ADENOSYLMETHIONINE	left
RXN-9233	CPD-9867	left
RXN-9233	PROTON	right
RXN-9233	CPD-9865	right
RXN-9233	ADENOSYL-HOMO-CYS	right
RXN-11268	S-ADENOSYLMETHIONINE	left
RXN-11268	BR-	left
RXN-11268	ADENOSYL-HOMO-CYS	right
RXN-11268	CPD-12221	right
RXN-21019	CPD0-2040	left
RXN-21019	GLUTATHIONE	left
RXN-21019	CPD-22658	right
RXN-21019	WATER	right
UREIDOGLYCOLATE-HYDROLASE-RXN	PROTON	left
UREIDOGLYCOLATE-HYDROLASE-RXN	WATER	left
UREIDOGLYCOLATE-HYDROLASE-RXN	CPD-1091	left
UREIDOGLYCOLATE-HYDROLASE-RXN	AMMONIUM	right
UREIDOGLYCOLATE-HYDROLASE-RXN	CARBON-DIOXIDE	right
UREIDOGLYCOLATE-HYDROLASE-RXN	GLYOX	right
RXN-4721	CPD-12575	left
RXN-4721	CPD-4210	left
RXN-4721	PROTON	right
RXN-4721	CPD-4612	right
RXN-4721	UDP	right
DIHYDROOROT-RXN	DI-H-OROTATE	left
DIHYDROOROT-RXN	WATER	left
DIHYDROOROT-RXN	PROTON	right
DIHYDROOROT-RXN	CARBAMYUL-L-ASPARTATE	right
RXN-20635	Histone-H3-K9m1	left
RXN-20635	2-KETOGLUTARATE	left
RXN-20635	OXYGEN-MOLECULE	left
RXN-20635	Histone-H3-K9	right
RXN-20635	FORMALDEHYDE	right
RXN-20635	SUC	right
RXN-20635	CARBON-DIOXIDE	right
RXN-14239	CPD-12575	left
RXN-14239	CPD-12727	left
RXN-14239	CPD-15175	right
RXN-14239	UDP	right
RXN-14239	PROTON	right
OHMETPYRKIN-RXN	ATP	left
OHMETPYRKIN-RXN	HMP	left
OHMETPYRKIN-RXN	PROTON	right
OHMETPYRKIN-RXN	ADP	right
OHMETPYRKIN-RXN	AMINO-HYDROXYMETHYL-METHYL-PYR-P	right
3-CH3-2-OXOBUTANOATE-OH-CH3-XFER-RXN	METHYLENE-THF-GLU-N	left
3-CH3-2-OXOBUTANOATE-OH-CH3-XFER-RXN	2-KETO-ISOVALERATE	left
3-CH3-2-OXOBUTANOATE-OH-CH3-XFER-RXN	WATER	left
3-CH3-2-OXOBUTANOATE-OH-CH3-XFER-RXN	2-DEHYDROPANTOATE	right
3-CH3-2-OXOBUTANOATE-OH-CH3-XFER-RXN	THF-GLU-N	right
RXN-21165	CPD-12852	left
RXN-21165	OXYGEN-MOLECULE	left
RXN-21165	Red-NADPH-Hemoprotein-Reductases	left
RXN-21165	CPD-22765	right
RXN-21165	WATER	right
RXN-21165	Ox-NADPH-Hemoprotein-Reductases	right
ASNSYNB-RXN	ATP	left
ASNSYNB-RXN	L-ASPARTATE	left
ASNSYNB-RXN	GLN	left
ASNSYNB-RXN	WATER	left
ASNSYNB-RXN	AMP	right
ASNSYNB-RXN	PPI	right
ASNSYNB-RXN	ASN	right
ASNSYNB-RXN	GLT	right
ASNSYNB-RXN	PROTON	right
RXN-14454	CINNAMYL-ALC	left
RXN-14454	ACETYL-COA	left
RXN-14454	CPD-15316	right
RXN-14454	CO-A	right
3.2.1.24-RXN	Alpha-D-Mannosides	left
3.2.1.24-RXN	WATER	left
3.2.1.24-RXN	CPD-13559	right
3.2.1.24-RXN	Non-Glycosylated-sugar-Acceptors	right
2.7.8.11-RXN	CDPDIACYLGLYCEROL	left
2.7.8.11-RXN	MYO-INOSITOL	left
2.7.8.11-RXN	L-1-phosphatidyl-inositols	right
2.7.8.11-RXN	CMP	right
2.7.8.11-RXN	PROTON	right
RXN-24208	CA+2	left
RXN-24208	ATP	left
RXN-24208	WATER	left
RXN-24208	CA+2	right
RXN-24208	ADP	right
RXN-24208	Pi	right
RXN-24208	PROTON	right
IMP-DEHYDROG-RXN	IMP	left
IMP-DEHYDROG-RXN	WATER	left
IMP-DEHYDROG-RXN	NAD	left
IMP-DEHYDROG-RXN	XANTHOSINE-5-PHOSPHATE	right
IMP-DEHYDROG-RXN	NADH	right
IMP-DEHYDROG-RXN	PROTON	right
RXN-7836	Trans-3-enoyl-CoAs	left
RXN-7836	TRANS-D2-ENOYL-COA	right
RXN-14423	CPD-11941	left
RXN-14423	OXYGEN-MOLECULE	left
RXN-14423	2-KETOGLUTARATE	left
RXN-14423	PROTON	left
RXN-14423	CPD-11945	right
RXN-14423	SUC	right
RXN-14423	CARBON-DIOXIDE	right
RXN-14423	WATER	right
PABASYN-RXN	CHORISMATE	left
PABASYN-RXN	GLN	left
PABASYN-RXN	4-AMINO-4-DEOXYCHORISMATE	right
PABASYN-RXN	GLT	right
RXN-7834	PELARGONIDIN-3-GLUCOSIDE-CMPD	left
RXN-7834	MALONYL-COA	left
RXN-7834	CPD-7149	right
RXN-7834	CO-A	right
RXN-5242	ENT-KAUR-16-EN-19-OL	left
RXN-5242	Red-NADPH-Hemoprotein-Reductases	left
RXN-5242	OXYGEN-MOLECULE	left
RXN-5242	ENT-KAUR-16-EN-19-AL	right
RXN-5242	Ox-NADPH-Hemoprotein-Reductases	right
RXN-5242	WATER	right
RXN-21160	CPD-22761	left
RXN-21160	FERROCYTOCHROME-B5	left
RXN-21160	OXYGEN-MOLECULE	left
RXN-21160	PROTON	left
RXN-21160	CPD-22762	right
RXN-21160	FERRICYTOCHROME-B5	right
RXN-21160	WATER	right
RXN-7575	MALONYL-COA	left
RXN-7575	P-COUMAROYL-COA	left
RXN-7575	PROTON	left
RXN-7575	CPD-6956	right
RXN-7575	CARBON-DIOXIDE	right
RXN-7575	CO-A	right
2-HYDROXYGLUTARATE-DEHYDROGENASE-RXN	CPD-381	left
2-HYDROXYGLUTARATE-DEHYDROGENASE-RXN	Acceptor	left
2-HYDROXYGLUTARATE-DEHYDROGENASE-RXN	2-KETOGLUTARATE	right
2-HYDROXYGLUTARATE-DEHYDROGENASE-RXN	Donor-H2	right
RXN-23969	S-ADENOSYLMETHIONINE	left
RXN-23969	CPD-26494	left
RXN-23969	ADENOSYL-HOMO-CYS	right
RXN-23969	CPD-26495	right
RXN-23969	PROTON	right
RXN-18400	CPD-19759	left
RXN-18400	CPD-7014	right
RXN-18400	WATER	right
RXN-16774	CPD-18087	left
RXN-16774	PROTON	left
RXN-16774	OXYGEN-MOLECULE	left
RXN-16774	NAD	right
RXN-16774	HYDROGEN-PEROXIDE	right
2.4.1.111-RXN	CPD-12575	left
2.4.1.111-RXN	CONIFERYL-ALCOHOL	left
2.4.1.111-RXN	PROTON	right
2.4.1.111-RXN	CPD-1777	right
2.4.1.111-RXN	UDP	right
RXN-23599	ACETYL-COA	left
RXN-23599	tRNA-uridine34	left
RXN-23599	S-ADENOSYLMETHIONINE	left
RXN-23599	WATER	left
RXN-23599	carbo-me-ur-34-tRNA	right
RXN-23599	CO-A	right
RXN-23599	MET	right
RXN-23599	CH33ADO	right
RXN-23599	PROTON	right
RXN-19921	CPD-14762	left
RXN-19921	CPD-14763	right
RXN-15843	S-ADENOSYLMETHIONINE	left
RXN-15843	Cytosine2870-in-25S-rRNA	left
RXN-15843	ADENOSYL-HOMO-CYS	right
RXN-15843	5-methylcytosine2870-in-25S-rRNA	right
RXN-15843	PROTON	right
LIPIDADISACCHARIDESYNTH-RXN	BISOHMYR-GLUCOSAMINYL-1P	left
LIPIDADISACCHARIDESYNTH-RXN	OH-MYRISTOYL	left
LIPIDADISACCHARIDESYNTH-RXN	BISOHMYR-GLC	right
LIPIDADISACCHARIDESYNTH-RXN	UDP	right
LIPIDADISACCHARIDESYNTH-RXN	PROTON	right
RXN-19353	S-ubiquitinyl-UCP-E2-L-cysteine	left
RXN-19353	RBR-Ubiquitin-carrier-protein-E3-L-cys	left
RXN-19353	Ubiquitin-carrier-protein-E2-L-cysteine	right
RXN-19353	S-ubiquitinyl-UCP-RBR-E3-L-cysteine	right
RXN-12089	SPERMIDINE	left
RXN-12089	OXYGEN-MOLECULE	left
RXN-12089	WATER	left
RXN-12089	PUTRESCINE	right
RXN-12089	CPD-6082	right
RXN-12089	HYDROGEN-PEROXIDE	right
RXN4FS-2	S-ADENOSYLMETHIONINE	left
RXN4FS-2	CPD-160	left
RXN4FS-2	PHOSPHATIDYLCHOLINE	right
RXN4FS-2	ADENOSYL-HOMO-CYS	right
RXN4FS-2	PROTON	right
RXN-11329	RH-Group	left
RXN-11329	CPD-12287	left
RXN-11329	HYDROGEN-PEROXIDE	left
RXN-11329	Bromide	right
RXN-11329	WATER	right
RXN-1824	Large-branched-glucans	left
RXN-1824	WATER	left
RXN-1824	Long-linear-glucans	right
ORNDECARBOX-RXN	L-ORNITHINE	left
ORNDECARBOX-RXN	PROTON	left
ORNDECARBOX-RXN	PUTRESCINE	right
ORNDECARBOX-RXN	CARBON-DIOXIDE	right
RXN-22774	CPD-15374	left
RXN-22774	LEU	left
RXN-22774	CPD-25235	right
RXN-22774	WATER	right
DARAB5PISOM-RXN	ARABINOSE-5P	left
DARAB5PISOM-RXN	RIBULOSE-5P	right
RXN-773	CPD-710	left
RXN-773	OXYGEN-MOLECULE	left
RXN-773	Red-NADPH-Hemoprotein-Reductases	left
RXN-773	CPD-712	right
RXN-773	WATER	right
RXN-773	Ox-NADPH-Hemoprotein-Reductases	right
RXN-18195	CPD-19484	left
RXN-18195	WATER	left
RXN-18195	CPD-19483	right
RXN-8184	CPD1F-129	left
RXN-8184	Donor-H2	left
RXN-8184	OXYGEN-MOLECULE	left
RXN-8184	CPD-7850	right
RXN-8184	Acceptor	right
RXN-8184	WATER	right
RXN-12583	PROTON	left
RXN-12583	PYRUVATE	left
RXN-12583	THIAMINE-PYROPHOSPHATE	left
RXN-12583	2-ALPHA-HYDROXYETHYL-THPP	right
RXN-12583	CARBON-DIOXIDE	right
RXN-19723	CPD-4124	left
RXN-19723	FERROCYTOCHROME-B5	left
RXN-19723	OXYGEN-MOLECULE	left
RXN-19723	PROTON	left
RXN-19723	CPD-12914	right
RXN-19723	FERRICYTOCHROME-B5	right
RXN-19723	WATER	right
RXN-21076	UDP-D-XYLOSE	left
RXN-21076	EGF-Domain-Protein-L-Serine	left
RXN-21076	EGF-Prot-Xyl-L-Serine	right
RXN-21076	UDP	right
RXN-21076	PROTON	right
RXN-11318	CPD-12278	left
RXN-11318	WATER	left
RXN-11318	PROTON	right
RXN-11318	MALEAMATE	right
RXN-11318	FORMATE	right
DXPREDISOM-RXN	2-C-METHYL-D-ERYTHRITOL-4-PHOSPHATE	left
DXPREDISOM-RXN	NADP	left
DXPREDISOM-RXN	DEOXYXYLULOSE-5P	right
DXPREDISOM-RXN	NADPH	right
DXPREDISOM-RXN	PROTON	right
3.2.1.106-RXN	CPD-18077	left
3.2.1.106-RXN	WATER	left
3.2.1.106-RXN	Glc2Man9GlcNAc2-proteins	right
3.2.1.106-RXN	GLC	right
ENOYL-COA-HYDRAT-RXN	L-3-HYDROXYACYL-COA	left
ENOYL-COA-HYDRAT-RXN	TRANS-D2-ENOYL-COA	right
ENOYL-COA-HYDRAT-RXN	WATER	right
FORMAMIDASE-RXN	FORMAMIDE	left
FORMAMIDASE-RXN	WATER	left
FORMAMIDASE-RXN	FORMATE	right
FORMAMIDASE-RXN	AMMONIUM	right
RXN-11376	Sphingoids	left
RXN-11376	ATP	left
RXN-11376	Sphingoid-1-phosphates	right
RXN-11376	ADP	right
RXN-11376	PROTON	right
RXN-14760	CPD-15643	left
RXN-14760	NAD-P-OR-NOP	left
RXN-14760	CPD-15642	right
RXN-14760	NADH-P-OR-NOP	right
RXN-14760	PROTON	right
1.14.13.10-RXN	CPD-123	left
1.14.13.10-RXN	OXYGEN-MOLECULE	left
1.14.13.10-RXN	NADH	left
1.14.13.10-RXN	PROTON	left
1.14.13.10-RXN	CPD-2301	right
1.14.13.10-RXN	NAD	right
1.14.13.10-RXN	WATER	right
TRANS-RXN-178	CU+2	left
TRANS-RXN-178	ATP	left
TRANS-RXN-178	WATER	left
TRANS-RXN-178	CU+2	right
TRANS-RXN-178	ADP	right
TRANS-RXN-178	Pi	right
TRANS-RXN-178	PROTON	right
3.1.4.11-RXN	PHOSPHATIDYL-MYO-INOSITOL-45-BISPHOSPHA	left
3.1.4.11-RXN	WATER	left
3.1.4.11-RXN	DIACYLGLYCEROL	right
3.1.4.11-RXN	INOSITOL-1-4-5-TRISPHOSPHATE	right
3.1.4.11-RXN	PROTON	right
RXN-20435	CPD-22130	left
RXN-20435	NADP	left
RXN-20435	CPD-22132	right
RXN-20435	NADPH	right
RXN-20435	PROTON	right
RXN-21513	CAFFEOYL-COA	left
RXN-21513	CPD-23407	left
RXN-21513	CPD-23406	right
RXN-21513	CO-A	right
RXN-12199	WATER	left
RXN-12199	UTP	left
RXN-12199	PROTON	right
RXN-12199	Pi	right
RXN-12199	UMP	right
RXN-24031	CPD-18643	left
RXN-24031	OXYGEN-MOLECULE	left
RXN-24031	Red-NADPH-Hemoprotein-Reductases	left
RXN-24031	CPD-26585	right
RXN-24031	WATER	right
RXN-24031	Ox-NADPH-Hemoprotein-Reductases	right
RXN-22065	GDP-D-GLUCOSE	left
RXN-22065	MANNOSE-1P	left
RXN-22065	GLC-1-P	right
RXN-22065	GDP-MANNOSE	right
RXN-10698	CPD-11519	left
RXN-10698	NAD	left
RXN-10698	CPD-11520	right
RXN-10698	NADH	right
RXN-10698	PROTON	right
RXN-7628	CPD-6976	left
RXN-7628	Red-NADPH-Hemoprotein-Reductases	left
RXN-7628	OXYGEN-MOLECULE	left
RXN-7628	CPD-6979	right
RXN-7628	Ox-NADPH-Hemoprotein-Reductases	right
RXN-7628	WATER	right
RXN-14371	1-4-alpha-D-Glucan	left
RXN-14371	Alpha-6-alpha-14-glucans	right
RXN-10131	CPD-10893	left
RXN-10131	PAPS	left
RXN-10131	3-5-ADP	right
RXN-10131	PROTON	right
RXN-10131	CPD-10894	right
RXN0-5001	1-4-beta-Xylan	left
RXN0-5001	WATER	left
RXN0-5001	CPD-25028	right
UROGENDECARBOX-RXN	UROPORPHYRINOGEN-III	left
UROGENDECARBOX-RXN	PROTON	left
UROGENDECARBOX-RXN	COPROPORPHYRINOGEN_III	right
UROGENDECARBOX-RXN	CARBON-DIOXIDE	right
O-SUCCHOMOSERLYASE-RXN	O-SUCCINYL-L-HOMOSERINE	left
O-SUCCHOMOSERLYASE-RXN	CYS	left
O-SUCCHOMOSERLYASE-RXN	L-CYSTATHIONINE	right
O-SUCCHOMOSERLYASE-RXN	SUC	right
O-SUCCHOMOSERLYASE-RXN	PROTON	right
RXN-16891	S-ADENOSYLMETHIONINE	left
RXN-16891	Protein-N-omega-methyl-arginine	left
RXN-16891	ADENOSYL-HOMO-CYS	right
RXN-16891	Protein-N-omega-dimethyl-arginine	right
RXN-16891	PROTON	right
RXN-2946	INDOLE_ACETATE_AUXIN	left
RXN-2946	L-ASPARTATE	left
RXN-2946	ATP	left
RXN-2946	PROTON	right
RXN-2946	INDOLE-3-ACETYL-ASP	right
RXN-2946	AMP	right
RXN-2946	PPI	right
RXN66-321	CPD-4186	left
RXN66-321	NADP	left
RXN66-321	5-ALPHA-CHOLESTA-724-DIEN-3-BETA-OL	right
RXN66-321	NADPH	right
RXN66-321	PROTON	right
RXN-22839	2-KETOGLUTARATE	left
RXN-22839	Protein-Histidines	left
RXN-22839	OXYGEN-MOLECULE	left
RXN-22839	Protein-S3-hydroxy-L-histidine	right
RXN-22839	CARBON-DIOXIDE	right
RXN-22839	SUC	right
RXN-11529	CPD-3943	left
RXN-11529	Red-NADPH-Hemoprotein-Reductases	left
RXN-11529	OXYGEN-MOLECULE	left
RXN-11529	CPD-12495	right
RXN-11529	Ox-NADPH-Hemoprotein-Reductases	right
RXN-11529	WATER	right
3-DEHYDROQUINATE-DEHYDRATASE-RXN	DEHYDROQUINATE	left
3-DEHYDROQUINATE-DEHYDRATASE-RXN	WATER	right
3-DEHYDROQUINATE-DEHYDRATASE-RXN	3-DEHYDRO-SHIKIMATE	right
RXN-16594	CPD-171	left
RXN-16594	CPD-171	right
LIPOXYGENASE-RXN	LINOLEIC_ACID	left
LIPOXYGENASE-RXN	OXYGEN-MOLECULE	left
LIPOXYGENASE-RXN	13-HYDROPEROXYOCTADECA-911-DIENOATE	right
RXN-6681	INDOLE	left
RXN-6681	OXYGEN-MOLECULE	left
RXN-6681	Red-NADPH-Hemoprotein-Reductases	left
RXN-6681	CPD-6361	right
RXN-6681	Ox-NADPH-Hemoprotein-Reductases	right
RXN-6681	WATER	right
RXN-13756	Pyruvate-phosphate-dikinase-Thr-P	left
RXN-13756	Pi	left
RXN-13756	PROTON	left
RXN-13756	Pyruvate-phosphate-dikinase-L-threonine	right
RXN-13756	PPI	right
RXN-8083	CPD-6948	left
RXN-8083	Red-NADPH-Hemoprotein-Reductases	left
RXN-8083	OXYGEN-MOLECULE	left
RXN-8083	CPD-7609	right
RXN-8083	Ox-NADPH-Hemoprotein-Reductases	right
RXN-8083	WATER	right
TREHALA-RXN	TREHALOSE	left
TREHALA-RXN	WATER	left
TREHALA-RXN	GLC	right
TREHALA-RXN	ALPHA-GLUCOSE	right
RXN-9521	Hexanoyl-ACPs	left
RXN-9521	NADP	left
RXN-9521	Hex-2-enoyl-ACPs	right
RXN-9521	NADPH	right
RXN-9521	PROTON	right
RXN-12876	ASCORBATE	left
RXN-12876	Cytochromes-C-Oxidized	left
RXN-12876	L-DEHYDRO-ASCORBATE	right
RXN-12876	Cytochromes-C-Reduced	right
RXN-12876	PROTON	right
RXN-22777	CPD-15374	left
RXN-22777	LYS	left
RXN-22777	CPD-25240	right
RXN-22777	WATER	right
RXN-3142	PROTON	left
RXN-3142	P-COUMAROYL-COA	left
RXN-3142	MALONYL-COA	left
RXN-3142	NADPH	left
RXN-3142	CPD-3041	right
RXN-3142	CO-A	right
RXN-3142	CARBON-DIOXIDE	right
RXN-3142	NADP	right
RXN-3142	WATER	right
RXN0-5224	HCO3	left
RXN0-5224	PROTON	left
RXN0-5224	CARBON-DIOXIDE	right
RXN0-5224	WATER	right
RXN-16130	CPD-17382	left
RXN-16130	CPD-17383	right
RXN-16130	WATER	right
SALICYLATE-1-MONOOXYGENASE-RXN	PROTON	left
SALICYLATE-1-MONOOXYGENASE-RXN	CPD-110	left
SALICYLATE-1-MONOOXYGENASE-RXN	OXYGEN-MOLECULE	left
SALICYLATE-1-MONOOXYGENASE-RXN	NADH	left
SALICYLATE-1-MONOOXYGENASE-RXN	CATECHOL	right
SALICYLATE-1-MONOOXYGENASE-RXN	CARBON-DIOXIDE	right
SALICYLATE-1-MONOOXYGENASE-RXN	WATER	right
SALICYLATE-1-MONOOXYGENASE-RXN	NAD	right
RXN-8675	S-ADENOSYLMETHIONINE	left
RXN-8675	CPD-9038	left
RXN-8675	ADENOSYL-HOMO-CYS	right
RXN-8675	DIHYDROSIROHYDROCHLORIN	right
CERAMIDE-GLUCOSYLTRANSFERASE-RXN	CPD-12575	left
CERAMIDE-GLUCOSYLTRANSFERASE-RXN	N-Acylsphingosine	left
CERAMIDE-GLUCOSYLTRANSFERASE-RXN	Glucosyl-acyl-sphingosines	right
CERAMIDE-GLUCOSYLTRANSFERASE-RXN	UDP	right
CERAMIDE-GLUCOSYLTRANSFERASE-RXN	PROTON	right
SCOPOLETIN-GLUCOSYLTRANSFERASE-RXN	CPD-12575	left
SCOPOLETIN-GLUCOSYLTRANSFERASE-RXN	SCOPOLETIN	left
SCOPOLETIN-GLUCOSYLTRANSFERASE-RXN	PROTON	right
SCOPOLETIN-GLUCOSYLTRANSFERASE-RXN	SCOPOLIN	right
SCOPOLETIN-GLUCOSYLTRANSFERASE-RXN	UDP	right
VALINE--TRNA-LIGASE-RXN	VAL-tRNAs	left
VALINE--TRNA-LIGASE-RXN	VAL	left
VALINE--TRNA-LIGASE-RXN	ATP	left
VALINE--TRNA-LIGASE-RXN	Charged-VAL-tRNAs	right
VALINE--TRNA-LIGASE-RXN	PPI	right
VALINE--TRNA-LIGASE-RXN	AMP	right
ACONITATEHYDR-RXN	CIS-ACONITATE	left
ACONITATEHYDR-RXN	WATER	left
ACONITATEHYDR-RXN	THREO-DS-ISO-CITRATE	right
RXN-17402	CPD-13696	left
RXN-17402	NAD	left
RXN-17402	CPD-18821	right
RXN-17402	NADH	right
RXN-17402	PROTON	right
RXN-8243	2-KETO-6-AMINO-CAPROATE	left
RXN-8243	HYDROGEN-PEROXIDE	left
RXN-8243	5-AMINOPENTANOATE	right
RXN-8243	CARBON-DIOXIDE	right
RXN-8243	WATER	right
RXN-13970	CPD1F-766	left
RXN-13970	CPD-15006	left
RXN-13970	CPD-7138	right
RXN-13970	VANILLATE	right
RXN-12754	NADH	left
RXN-12754	WATER	left
RXN-12754	CPD0-2472	right
RXN-18997	CPD-12575	left
RXN-18997	CPD-20463	left
RXN-18997	CPD-20464	right
RXN-18997	UDP	right
RXN-18997	PROTON	right
RXN-11152	CPD-330	left
RXN-11152	WATER	left
RXN-11152	CPD0-1083	right
RXN-11152	PROTON	right
PLASTOQUINOL--PLASTOCYANIN-REDUCTASE-RXN	Plastoquinols	left
PLASTOQUINOL--PLASTOCYANIN-REDUCTASE-RXN	Oxidized-Plastocyanins	left
PLASTOQUINOL--PLASTOCYANIN-REDUCTASE-RXN	PROTON	left
PLASTOQUINOL--PLASTOCYANIN-REDUCTASE-RXN	PLASTOQUINONE	right
PLASTOQUINOL--PLASTOCYANIN-REDUCTASE-RXN	Plastocyanin-Reduced	right
PLASTOQUINOL--PLASTOCYANIN-REDUCTASE-RXN	PROTON	right
1.14.11.20-RXN	DEACETOXYVINDOLINE	left
1.14.11.20-RXN	2-KETOGLUTARATE	left
1.14.11.20-RXN	OXYGEN-MOLECULE	left
1.14.11.20-RXN	17-O-DEACETYLVINDOLINE	right
1.14.11.20-RXN	SUC	right
1.14.11.20-RXN	CARBON-DIOXIDE	right
RXN-8704	CPD-8927	left
RXN-8704	OXYGEN-MOLECULE	left
RXN-8704	CPD-8928	right
RXN-8704	WATER	right
RXN-5464	GDP-MANNOSE	left
RXN-5464	CPD-5162	left
RXN-5464	CPD-5164	right
RXN-5464	GDP	right
RXN-5464	PROTON	right
RXN-22406	CPD-24399	left
RXN-22406	HS	left
RXN-22406	CPD-24400	right
RXN-22406	WATER	right
RXN-22406	PROTON	right
RXN-16989	N3-fumaramoyl-DAP-DdaD	left
RXN-16989	2-KETOGLUTARATE	left
RXN-16989	OXYGEN-MOLECULE	left
RXN-16989	N-3-epoxysuccinamoyl-DAP-DdaD	right
RXN-16989	SUC	right
RXN-16989	CARBON-DIOXIDE	right
PROTOHEMEFERROCHELAT-RXN	PROTOHEME	left
PROTOHEMEFERROCHELAT-RXN	PROTON	left
PROTOHEMEFERROCHELAT-RXN	PROTOPORPHYRIN_IX	right
PROTOHEMEFERROCHELAT-RXN	FE+2	right
RXN-8300	CPD-8079	left
RXN-8300	OXYGEN-MOLECULE	left
RXN-8300	Reduced-ferredoxins	left
RXN-8300	PROTON	left
RXN-8300	CPD-8080	right
RXN-8300	WATER	right
RXN-8300	Oxidized-ferredoxins	right
2.4.1.242-RXN	NDP-glucoses	left
2.4.1.242-RXN	1-4-alpha-D-Glucan	left
2.4.1.242-RXN	Nucleoside-Diphosphates	right
2.4.1.242-RXN	1-4-alpha-D-Glucan	right
NARINGENIN-CHALCONE-SYNTHASE-RXN	PROTON	left
NARINGENIN-CHALCONE-SYNTHASE-RXN	P-COUMAROYL-COA	left
NARINGENIN-CHALCONE-SYNTHASE-RXN	MALONYL-COA	left
NARINGENIN-CHALCONE-SYNTHASE-RXN	CPD-20012	right
NARINGENIN-CHALCONE-SYNTHASE-RXN	CARBON-DIOXIDE	right
NARINGENIN-CHALCONE-SYNTHASE-RXN	CO-A	right
CDPKIN-RXN	ATP	left
CDPKIN-RXN	CDP	left
CDPKIN-RXN	ADP	right
CDPKIN-RXN	CTP	right
R82-RXN	CPD-8999	left
R82-RXN	PROTON	right
R82-RXN	2-HYDROXY-3-KETO-5-METHYLTHIO-1-PHOSPHOP	right
RXN-24143	CPD-26685	left
RXN-24143	WATER	left
RXN-24143	CPD-15870	right
RXN-24143	AMP	right
RXN-24143	PROTON	right
RXN-8642	OXALO-SUCCINATE	left
RXN-8642	PROTON	left
RXN-8642	2-KETOGLUTARATE	right
RXN-8642	CARBON-DIOXIDE	right
TRANS-RXN-131	GLYCEROL	left
TRANS-RXN-131	GLYCEROL	right
GLUCURONOXYLAN-4-O-METHYLTRANSFERASE-RXN	S-ADENOSYLMETHIONINE	left
GLUCURONOXYLAN-4-O-METHYLTRANSFERASE-RXN	GLUCURONOXYLAN-D-GLUCURONATE	left
GLUCURONOXYLAN-4-O-METHYLTRANSFERASE-RXN	GLUCURONOXYLAN-4-O-METHYL-D-GLUCURONATE	right
GLUCURONOXYLAN-4-O-METHYLTRANSFERASE-RXN	ADENOSYL-HOMO-CYS	right
GLUCURONOXYLAN-4-O-METHYLTRANSFERASE-RXN	PROTON	right
RXN-7795	L-1-phosphatidyl-inositols	left
RXN-7795	CPD3DJ-82	left
RXN-7795	Inositolphosphoryl-Ceramides	right
RXN-7795	DIACYLGLYCEROL	right
RXN0-884	CPD-4211	left
RXN0-884	Oxidized-ferredoxins	left
RXN0-884	WATER	left
RXN0-884	HYDROXY-METHYL-BUTENYL-DIP	right
RXN0-884	Reduced-ferredoxins	right
RXN0-884	PROTON	right
3-HYDROXYISOBUTYRATE-DEHYDROGENASE-RXN	CPD-12175	left
3-HYDROXYISOBUTYRATE-DEHYDROGENASE-RXN	NAD	left
3-HYDROXYISOBUTYRATE-DEHYDROGENASE-RXN	PROTON	right
3-HYDROXYISOBUTYRATE-DEHYDROGENASE-RXN	NADH	right
3-HYDROXYISOBUTYRATE-DEHYDROGENASE-RXN	CH3-MALONATE-S-ALD	right
TRANS-RXN-187	K+	left
TRANS-RXN-187	K+	right
RXN-11263	S-ADENOSYLMETHIONINE	left
RXN-11263	CPD-11667	left
RXN-11263	PROTON	right
RXN-11263	CPD-11668	right
RXN-11263	ADENOSYL-HOMO-CYS	right
RIBOKIN-RXN	D-Ribofuranose	left
RIBOKIN-RXN	ATP	left
RIBOKIN-RXN	CPD-15317	right
RIBOKIN-RXN	ADP	right
RIBOKIN-RXN	PROTON	right
RXN-13718	CPD-474	left
RXN-13718	OXYGEN-MOLECULE	left
RXN-13718	Red-NADPH-Hemoprotein-Reductases	left
RXN-13718	CPD-7087	right
RXN-13718	Ox-NADPH-Hemoprotein-Reductases	right
RXN-13718	WATER	right
RXN-9813	CPD-10519	left
RXN-9813	WATER	left
RXN-9813	INDOLE_ACETATE_AUXIN	right
RXN-9813	CO-A	right
2.7.1.150-RXN	CPD-177	left
2.7.1.150-RXN	ATP	left
2.7.1.150-RXN	1-PHOSPHATIDYL-1D-MYO-INOSITOL-35-BISPH	right
2.7.1.150-RXN	ADP	right
2.7.1.150-RXN	PROTON	right
RXN-23902	CPD-25317	left
RXN-23902	VAL-tRNAs	left
RXN-23902	Charged-VAL-tRNAs	right
RXN-23902	AMP	right
RXN-23902	PROTON	right
RXN-22348	CPD-24361	left
RXN-22348	METHYLARSONATE	right
RXN-22348	PROTON	right
RXN-17241	S-ADENOSYLMETHIONINE	left
RXN-17241	Phenolphthiotriol	left
RXN-17241	ADENOSYL-HOMO-CYS	right
RXN-17241	Phenolphthiocerols	right
RXN-17241	PROTON	right
RXN3O-227	CPD-700	left
RXN3O-227	OXYGEN-MOLECULE	left
RXN3O-227	Red-NADPH-Hemoprotein-Reductases	left
RXN3O-227	57222428-ERGOSTATETRAENOL	right
RXN3O-227	WATER	right
RXN3O-227	Ox-NADPH-Hemoprotein-Reductases	right
SUCCINATE-DEHYDROGENASE-UBIQUINONE-RXN	Ubiquinones	left
SUCCINATE-DEHYDROGENASE-UBIQUINONE-RXN	SUC	left
SUCCINATE-DEHYDROGENASE-UBIQUINONE-RXN	Ubiquinols	right
SUCCINATE-DEHYDROGENASE-UBIQUINONE-RXN	FUM	right
RXN-11267	S-ADENOSYLMETHIONINE	left
RXN-11267	CL-	left
RXN-11267	ADENOSYL-HOMO-CYS	right
RXN-11267	CPD-845	right
RXN-14500	CPD-15373	left
RXN-14500	D-mannopyranose	right
H2PTEROATESYNTH-RXN	DIHYDROPTERIN-CH2OH-PP	left
H2PTEROATESYNTH-RXN	P-AMINO-BENZOATE	left
H2PTEROATESYNTH-RXN	7-8-DIHYDROPTEROATE	right
H2PTEROATESYNTH-RXN	PPI	right
THIAMIN-PYROPHOSPHOKINASE-RXN	THIAMINE	left
THIAMIN-PYROPHOSPHOKINASE-RXN	ATP	left
THIAMIN-PYROPHOSPHOKINASE-RXN	PROTON	right
THIAMIN-PYROPHOSPHOKINASE-RXN	THIAMINE-PYROPHOSPHATE	right
THIAMIN-PYROPHOSPHOKINASE-RXN	AMP	right
RXN-21159	CPD-4181	left
RXN-21159	OXYGEN-MOLECULE	left
RXN-21159	FERROCYTOCHROME-B5	left
RXN-21159	PROTON	left
RXN-21159	CPD-22761	right
RXN-21159	WATER	right
RXN-21159	FERRICYTOCHROME-B5	right
RXN-14409	CPD-15590	left
RXN-14409	D-galactopyranose	right
RXN-17699	CPD-12575	left
RXN-17699	CPD-10359	left
RXN-17699	2R-3S-Flavan-3-O-glucosides	right
RXN-17699	UDP	right
RXN-17699	PROTON	right
H2NEOPTERINP3PYROPHOSPHOHYDRO-RXN	DIHYDRONEOPTERIN-P3	left
H2NEOPTERINP3PYROPHOSPHOHYDRO-RXN	WATER	left
H2NEOPTERINP3PYROPHOSPHOHYDRO-RXN	PROTON	right
H2NEOPTERINP3PYROPHOSPHOHYDRO-RXN	DIHYDRONEOPTERIN-P	right
H2NEOPTERINP3PYROPHOSPHOHYDRO-RXN	PPI	right
RXN-9281	S-ADENOSYLMETHIONINE	left
RXN-9281	CPD-9896	left
RXN-9281	PROTON	right
RXN-9281	CPD-9898	right
RXN-9281	ADENOSYL-HOMO-CYS	right
RXN-9743	CPD-12575	left
RXN-9743	CPD-10447	left
RXN-9743	CPD-10448	right
RXN-9743	UDP	right
RXN-9743	PROTON	right
RXN-17914	A-5-prime-PP-5-prime-RNA-DNA	left
RXN-17914	WATER	left
RXN-17914	AMP	right
RXN-17914	5-Prime-Phosphate-Terminated-RNA-DNAs	right
RXN-17914	PROTON	right
RXN-14396	HYDROXYMETHYLBILANE	left
RXN-14396	CPD-11444	right
RXN-14396	WATER	right
2.3.1.171-RXN	MALONYL-COA	left
2.3.1.171-RXN	Anthocyanidin-3-O-beta-D-glucosides	left
2.3.1.171-RXN	CO-A	right
2.3.1.171-RXN	Anthocyanidin-malonyl-beta-D-glucosides	right
RXN0-1021	GTP	left
RXN0-1021	WATER	left
RXN0-1021	GDP	right
RXN0-1021	Pi	right
RXN-4021	S-ADENOSYLMETHIONINE	left
RXN-4021	CYCLOARTENOL	left
RXN-4021	PROTON	right
RXN-4021	ADENOSYL-HOMO-CYS	right
RXN-4021	CPD-696	right
RXN-9745	CPD-12575	left
RXN-9745	CPD-10450	left
RXN-9745	CPD-10452	right
RXN-9745	UDP	right
RXN-9745	PROTON	right
6.3.4.11-RXN	3-methylcrotonoyl-CoA-carboxylase-lysine	left
6.3.4.11-RXN	BIOTIN	left
6.3.4.11-RXN	ATP	left
6.3.4.11-RXN	Biotin-EC6-4-1-4	right
6.3.4.11-RXN	PPI	right
6.3.4.11-RXN	AMP	right
6.3.4.11-RXN	PROTON	right
RXN-23533	CPD-26038	left
RXN-23533	OXYGEN-MOLECULE	left
RXN-23533	Red-NADPH-Hemoprotein-Reductases	left
RXN-23533	CPD-26039	right
RXN-23533	WATER	right
RXN-23533	Ox-NADPH-Hemoprotein-Reductases	right
CHORISMATEMUT-RXN	CHORISMATE	left
CHORISMATEMUT-RXN	PREPHENATE	right
RXNQT-4191	THIAMINE-P	left
RXNQT-4191	WATER	left
RXNQT-4191	THIAMINE	right
RXNQT-4191	Pi	right
RXN-1143	S-ADENOSYLMETHIONINE	left
RXN-1143	5-HYDROXY-CONIFERALDEHYDE	left
RXN-1143	PROTON	right
RXN-1143	ADENOSYL-HOMO-CYS	right
RXN-1143	SINAPALDEHYDE	right
RXN-14753	D-Galactopyranuronate	left
RXN-14753	CPD-15633	right
RXN-7770	PROTON	left
RXN-7770	UDP-GLUCURONATE	left
RXN-7770	UDP-APIOSE	right
RXN-7770	CARBON-DIOXIDE	right
RXN-16394	Long-Chain-Fatty-Acids	left
RXN-16394	OXYGEN-MOLECULE	left
RXN-16394	Red-NADPH-Hemoprotein-Reductases	left
RXN-16394	Omega-Hydroxy-long-Chain-Fatty-Acid	right
RXN-16394	Ox-NADPH-Hemoprotein-Reductases	right
RXN-16394	WATER	right
RXN-4210	CPD-4127	left
RXN-4210	NADP	left
RXN-4210	CPD-4126	right
RXN-4210	NADPH	right
RXN-4210	PROTON	right
RXN-10435	CPD-734	left
RXN-10435	ILE	left
RXN-10435	ATP	left
RXN-10435	PROTON	right
RXN-10435	CPD-11232	right
RXN-10435	AMP	right
RXN-10435	PPI	right
PHOSPHORIBULOKINASE-RXN	RIBULOSE-5P	left
PHOSPHORIBULOKINASE-RXN	ATP	left
PHOSPHORIBULOKINASE-RXN	PROTON	right
PHOSPHORIBULOKINASE-RXN	D-RIBULOSE-15-P2	right
PHOSPHORIBULOKINASE-RXN	ADP	right
RXN-18669	ACETYL-COA	left
RXN-18669	PROPANOL	left
RXN-18669	CPD-18998	right
RXN-18669	CO-A	right
RXN-2622	CAFFEOYL-COA	left
RXN-2622	QUINATE	left
RXN-2622	CAFFEOYLQUINATE	right
RXN-2622	CO-A	right
RXN0-366	GUANOSINE	left
RXN0-366	WATER	left
RXN0-366	D-Ribofuranose	right
RXN0-366	GUANINE	right
RXN-16413	CPD1F-129	left
RXN-16413	OXYGEN-MOLECULE	left
RXN-16413	Donor-H2	left
RXN-16413	CPD-17650	right
RXN-16413	WATER	right
RXN-16413	Acceptor	right
RXN-9518	R-3-hydroxyhexanoyl-ACPs	left
RXN-9518	NADP	left
RXN-9518	3-oxo-hexanoyl-ACPs	right
RXN-9518	NADPH	right
RXN-9518	PROTON	right
RXN-17351	CONIFERYL-ALCOHOL	left
RXN-17351	OXYGEN-MOLECULE	left
RXN-17351	CPD-18761	right
RXN-17351	WATER	right
RXN-17353	CPD-18761	left
RXN-17353	CPD-8906	right
3-HYDROXYDECANOYL-ACP-DEHYDR-RXN	OH-ACYL-ACP	left
3-HYDROXYDECANOYL-ACP-DEHYDR-RXN	TRANS-D2-ENOYL-ACP	right
3-HYDROXYDECANOYL-ACP-DEHYDR-RXN	WATER	right
RXN-7679	CHLOROPHYLL-A	left
RXN-7679	Oxidized-ferredoxins	left
RXN-7679	WATER	left
RXN-7679	CPD-7016	right
RXN-7679	Reduced-ferredoxins	right
RXN-7679	PROTON	right
HEMN-RXN	S-ADENOSYLMETHIONINE	left
HEMN-RXN	COPROPORPHYRINOGEN_III	left
HEMN-RXN	PROTOPORPHYRINOGEN	right
HEMN-RXN	CARBON-DIOXIDE	right
HEMN-RXN	MET	right
HEMN-RXN	CH33ADO	right
CELLULOSE-SYNTHASE-UDP-FORMING-RXN	CPD-12575	left
CELLULOSE-SYNTHASE-UDP-FORMING-RXN	CELLULOSE	left
CELLULOSE-SYNTHASE-UDP-FORMING-RXN	CELLULOSE	right
CELLULOSE-SYNTHASE-UDP-FORMING-RXN	UDP	right
RXN-5282	MG-PROTOPORPHYRIN-MONOMETHYL-ESTER	left
RXN-5282	OXYGEN-MOLECULE	left
RXN-5282	NADPH	left
RXN-5282	PROTON	left
RXN-5282	13-HYDROXY-MAGNESIUM-PROTOPORP	right
RXN-5282	NADP	right
RXN-5282	WATER	right
D-ALANINE-AMINOTRANSFERASE-RXN	D-ALANINE	left
D-ALANINE-AMINOTRANSFERASE-RXN	2-KETOGLUTARATE	left
D-ALANINE-AMINOTRANSFERASE-RXN	PYRUVATE	right
D-ALANINE-AMINOTRANSFERASE-RXN	D-GLT	right
RXN-8483	DOPAQUINONE	left
RXN-8483	PROTON	right
RXN-8483	CPD-8652	right
RXN-8086	UDP-GLUCURONATE	left
RXN-8086	CPD-7610	left
RXN-8086	PROTON	right
RXN-8086	UDP	right
RXN-8086	CPD-7612	right
RXN-14048	L-CYSTATHIONINE	left
RXN-14048	CYS	right
RXN-14048	CPD-15056	right
RXN-12139	LINOLENIC_ACID	left
RXN-12139	Red-NADPH-Hemoprotein-Reductases	left
RXN-12139	OXYGEN-MOLECULE	left
RXN-12139	CPD-13091	right
RXN-12139	Ox-NADPH-Hemoprotein-Reductases	right
RXN-12139	WATER	right
RXN-7246	CPD-6747	left
RXN-7246	WATER	left
RXN-7246	CPD-6746	right
RXN-7246	Pi	right
RXN-7674	CPD-7014	left
RXN-7674	PHYTYL-PYROPHOSPHATE	left
RXN-7674	PROTON	left
RXN-7674	CHLOROPHYLL-B	right
RXN-7674	PPI	right
AMP-DEPHOSPHORYLATION-RXN	AMP	left
AMP-DEPHOSPHORYLATION-RXN	WATER	left
AMP-DEPHOSPHORYLATION-RXN	ADENOSINE	right
AMP-DEPHOSPHORYLATION-RXN	Pi	right
RXN-22404	CPD-24395	left
RXN-22404	HS	left
RXN-22404	PROTON	left
RXN-22404	CPD-24398	right
RXN-22404	WATER	right
RXN-15776	Diphthine-methyl-ester-EF2	left
RXN-15776	WATER	left
RXN-15776	DIPHTINE	right
RXN-15776	METOH	right
RXN-15776	PROTON	right
RXN-8329	CPD-2182	left
RXN-8329	OXYGEN-MOLECULE	left
RXN-8329	FERROCYTOCHROME-B5	left
RXN-8329	PROTON	left
RXN-8329	CPD-8093	right
RXN-8329	WATER	right
RXN-8329	FERRICYTOCHROME-B5	right
RXN-10763	ADENOSINE_DIPHOSPHATE_RIBOSE	left
RXN-10763	WATER	left
RXN-10763	AMP	right
RXN-10763	RIBOSE-1P	right
RXN-10763	PROTON	right
SPONTPRO-RXN	PROTON	left
SPONTPRO-RXN	WATER	left
SPONTPRO-RXN	L-DELTA1-PYRROLINE_5-CARBOXYLATE	left
SPONTPRO-RXN	L-GLUTAMATE_GAMMA-SEMIALDEHYDE	right
GLUTDECARBOX-RXN	GLT	left
GLUTDECARBOX-RXN	PROTON	left
GLUTDECARBOX-RXN	4-AMINO-BUTYRATE	right
GLUTDECARBOX-RXN	CARBON-DIOXIDE	right
PREPHENATEDEHYDRAT-RXN	PROTON	left
PREPHENATEDEHYDRAT-RXN	PREPHENATE	left
PREPHENATEDEHYDRAT-RXN	PHENYL-PYRUVATE	right
PREPHENATEDEHYDRAT-RXN	WATER	right
PREPHENATEDEHYDRAT-RXN	CARBON-DIOXIDE	right
RXN-8314	CPD-8083	left
RXN-8314	OXYGEN-MOLECULE	left
RXN-8314	Reduced-ferredoxins	left
RXN-8314	PROTON	left
RXN-8314	CPD-8081	right
RXN-8314	WATER	right
RXN-8314	Oxidized-ferredoxins	right
RXN-23418	ARACHIDONIC_ACID	left
RXN-23418	OXYGEN-MOLECULE	left
RXN-23418	WATER	left
RXN-23418	CPD-24740	right
GLUCOSAMINEPNACETYLTRANS-RXN	ACETYL-COA	left
GLUCOSAMINEPNACETYLTRANS-RXN	D-GLUCOSAMINE-6-P	left
GLUCOSAMINEPNACETYLTRANS-RXN	N-ACETYL-D-GLUCOSAMINE-6-P	right
GLUCOSAMINEPNACETYLTRANS-RXN	PROTON	right
GLUCOSAMINEPNACETYLTRANS-RXN	CO-A	right
3.2.1.68-RXN	Alpha-6-branched-alpha-14-glucans	left
3.2.1.68-RXN	WATER	left
3.2.1.68-RXN	1-4-alpha-D-Glucan	right
RXN-8209	CPD-12575	left
RXN-8209	CPD-7870	left
RXN-8209	CPD-7864	right
RXN-8209	UDP	right
RXN-8209	PROTON	right
RXN-8208	CPD-12575	left
RXN-8208	CPD-7862	left
RXN-8208	CPD-7870	right
RXN-8208	UDP	right
RXN-8208	PROTON	right
2.6.1.18-RXN	L-ALPHA-ALANINE	left
2.6.1.18-RXN	MALONATE-S-ALD	left
2.6.1.18-RXN	PYRUVATE	right
2.6.1.18-RXN	B-ALANINE	right
DLACTDEHYDROGNAD-RXN	D-LACTATE	left
DLACTDEHYDROGNAD-RXN	NAD	left
DLACTDEHYDROGNAD-RXN	PYRUVATE	right
DLACTDEHYDROGNAD-RXN	NADH	right
DLACTDEHYDROGNAD-RXN	PROTON	right
1.14.13.101-RXN	CPD-8986	left
1.14.13.101-RXN	NADPH	left
1.14.13.101-RXN	OXYGEN-MOLECULE	left
1.14.13.101-RXN	PROTON	left
1.14.13.101-RXN	CPD-8987	right
1.14.13.101-RXN	NADP	right
1.14.13.101-RXN	WATER	right
RXN0-1133	ACETYL-COA	left
RXN0-1133	Pyruvate-dehydrogenase-dihydrolipoate	left
RXN0-1133	CO-A	right
RXN0-1133	Pyruvate-dehydrogenase-acetylDHlipoyl	right
RXN-14570	CPD-15435	left
RXN-14570	tRNA-adenine-37	left
RXN-14570	N6-L-threonylcarbamoyladenine37-tRNAs	right
RXN-14570	AMP	right
RXN-14570	PROTON	right
MALIC-NADP-RXN	MAL	left
MALIC-NADP-RXN	NADP	left
MALIC-NADP-RXN	PYRUVATE	right
MALIC-NADP-RXN	CARBON-DIOXIDE	right
MALIC-NADP-RXN	NADPH	right
RXN-8084	CPD-7609	left
RXN-8084	Red-NADPH-Hemoprotein-Reductases	left
RXN-8084	OXYGEN-MOLECULE	left
RXN-8084	CPD-7610	right
RXN-8084	Ox-NADPH-Hemoprotein-Reductases	right
RXN-8084	WATER	right
RXN-12869	L-DEHYDRO-ASCORBATE	left
RXN-12869	OXYGEN-MOLECULE	left
RXN-12869	CPD-13914	right
RXN-22481	UDP-3R-hydroxyacyl-GlcNAc	left
RXN-22481	WATER	left
RXN-22481	UDP-3R-hydroxyacyl-GlcN	right
RXN-22481	ACET	right
RXN-20694	Alkyl-Hydro-Peroxides	left
RXN-20694	1-Cys-Peroxiredoxin-L-cysteine	left
RXN-20694	1-Cys-Peroxiredoxin-L-hydroxycysteine	right
RXN-20694	Alcohols	right
RXN-19782	Pectin	left
RXN-19782	WATER	left
RXN-19782	PECTATE	right
RXN-19782	METOH	right
RXN-19782	PROTON	right
RXN-12753	NADH	left
RXN-12753	WATER	left
RXN-12753	CPD-653	right
RXN66-12	CPD-8607	left
RXN66-12	OXYGEN-MOLECULE	left
RXN66-12	Red-NADPH-Hemoprotein-Reductases	left
RXN66-12	CPD-8608	right
RXN66-12	WATER	right
RXN66-12	Ox-NADPH-Hemoprotein-Reductases	right
RXN-1025	Very-Long-Chain-Aldehydes	left
RXN-1025	Very-Long-Chain-Alkanes	right
RXN-1025	CARBON-MONOXIDE	right
RXN-10689	PROTON	left
RXN-10689	HEXANOYL-COA	left
RXN-10689	MALONYL-COA	left
RXN-10689	CPD-11506	right
RXN-10689	CO-A	right
RXN-10689	CARBON-DIOXIDE	right
RXN-24178	Wound-RNA	left
RXN-24178	ATP	left
RXN-24178	WATER	left
RXN-24178	Unwound-RNA	right
RXN-24178	ADP	right
RXN-24178	Pi	right
RXN-24178	PROTON	right
RXN-16593	CPD-166	left
RXN-16593	CPD-166	right
ISOCITRATE-DEHYDROGENASE-NAD+-RXN	THREO-DS-ISO-CITRATE	left
ISOCITRATE-DEHYDROGENASE-NAD+-RXN	NAD	left
ISOCITRATE-DEHYDROGENASE-NAD+-RXN	2-KETOGLUTARATE	right
ISOCITRATE-DEHYDROGENASE-NAD+-RXN	CARBON-DIOXIDE	right
ISOCITRATE-DEHYDROGENASE-NAD+-RXN	NADH	right
RXN-16574	CPD-17866	left
RXN-16574	WATER	left
RXN-16574	GLUTATHIONE	right
RXN-16574	SO3	right
RXN-16574	PROTON	right
ORNITHINE--OXO-ACID-AMINOTRANSFERASE-RXN	L-ORNITHINE	left
ORNITHINE--OXO-ACID-AMINOTRANSFERASE-RXN	2-Oxo-carboxylates	left
ORNITHINE--OXO-ACID-AMINOTRANSFERASE-RXN	L-GLUTAMATE_GAMMA-SEMIALDEHYDE	right
ORNITHINE--OXO-ACID-AMINOTRANSFERASE-RXN	Amino-Acids-20	right
3.1.27.5-RXN	RNA-Holder	left
3.1.27.5-RXN	WATER	left
3.1.27.5-RXN	3-Prime-Phosphate-Terminated-RNAs	right
3.1.27.5-RXN	5Prime-OH-Terminated-RNAs	right
3.1.27.5-RXN	PROTON	right
2.1.1.140-RXN	S-ADENOSYLMETHIONINE	left
2.1.1.140-RXN	S-COCLAURINE	left
2.1.1.140-RXN	PROTON	right
2.1.1.140-RXN	S-N-METHYLCOCLAURINE	right
2.1.1.140-RXN	ADENOSYL-HOMO-CYS	right
RXN-1726	CPD-2184	left
RXN-1726	OXYGEN-MOLECULE	left
RXN-1726	Reduced-ferredoxins	left
RXN-1726	PROTON	left
RXN-1726	CPD-2185	right
RXN-1726	WATER	right
RXN-1726	Oxidized-ferredoxins	right
RXN-6541	CPD1F-84	left
RXN-6541	2-KETOGLUTARATE	left
RXN-6541	OXYGEN-MOLECULE	left
RXN-6541	CPD-6221	right
RXN-6541	SUC	right
RXN-6541	CARBON-DIOXIDE	right
FORMYLTHFGLUSYNTH-RXN	FORMYL-THF-GLU-N	left
FORMYLTHFGLUSYNTH-RXN	GLT	left
FORMYLTHFGLUSYNTH-RXN	ATP	left
FORMYLTHFGLUSYNTH-RXN	FORMYL-THF-GLU-N	right
FORMYLTHFGLUSYNTH-RXN	ADP	right
FORMYLTHFGLUSYNTH-RXN	Pi	right
RXN-13076	NICOTINE	left
RXN-13076	Cytochromes-C-Oxidized	left
RXN-13076	CPD-14091	right
RXN-13076	Cytochromes-C-Reduced	right
RXN-13076	PROTON	right
RXN-16409	CPD-17652	left
RXN-16409	Acceptor	left
RXN-16409	CPD-7854	right
RXN-16409	Donor-H2	right
RXN-23528	CPD-15374	left
RXN-23528	ASN	left
RXN-23528	CPD-26024	right
RXN-23528	WATER	right
RXN-20603	S-ADENOSYLMETHIONINE	left
RXN-20603	Histone-H4-K20	left
RXN-20603	ADENOSYL-HOMO-CYS	right
RXN-20603	Histone-H4-K20m1	right
RXN-20603	PROTON	right
RIBULOSE-BISPHOSPHATE-CARBOXYLASE-RXN	G3P	left
RIBULOSE-BISPHOSPHATE-CARBOXYLASE-RXN	PROTON	left
RIBULOSE-BISPHOSPHATE-CARBOXYLASE-RXN	D-RIBULOSE-15-P2	right
RIBULOSE-BISPHOSPHATE-CARBOXYLASE-RXN	CARBON-DIOXIDE	right
RIBULOSE-BISPHOSPHATE-CARBOXYLASE-RXN	WATER	right
GLUTATHIONE-PEROXIDASE-RXN	GLUTATHIONE	left
GLUTATHIONE-PEROXIDASE-RXN	HYDROGEN-PEROXIDE	left
GLUTATHIONE-PEROXIDASE-RXN	OXIDIZED-GLUTATHIONE	right
GLUTATHIONE-PEROXIDASE-RXN	WATER	right
2.3.1.98-RXN	D-GLUCARATE	left
2.3.1.98-RXN	CAFFEOYLQUINATE	left
2.3.1.98-RXN	2-O-CAFFEOYLGLUCARATE	right
2.3.1.98-RXN	QUINATE	right
RXN-9661	Dodecanoyl-ACPs	left
RXN-9661	NAD	left
RXN-9661	Dodec-2-enoyl-ACPs	right
RXN-9661	NADH	right
RXN-9661	PROTON	right
TRANS-RXN-227	L-CITRULLINE	left
TRANS-RXN-227	L-CITRULLINE	right
TRANS-RXN-203	ADENOSINE	left
TRANS-RXN-203	PROTON	left
TRANS-RXN-203	ADENOSINE	right
TRANS-RXN-203	PROTON	right
RXN-17281	S-ADENOSYLMETHIONINE	left
RXN-17281	CPD-18683	left
RXN-17281	CPD-18684	right
RXN-17281	ADENOSYL-HOMO-CYS	right
RXN-17281	PROTON	right
RXN-11404	DIHYDROXYINDOLE	left
RXN-11404	OXYGEN-MOLECULE	left
RXN-11404	Donor-H2	left
RXN-11404	CPD-12373	right
RXN-11404	WATER	right
RXN-11404	Acceptor	right
RXN-17700	SULFOQUINOVOSYLDIACYLGLYCEROL	left
RXN-17700	WATER	left
RXN-17700	CPD-21685	right
RXN-17700	1-2-Diglycerides	right
2KETO-4METHYL-PENTANOATE-DEHYDROG-RXN	2K-4CH3-PENTANOATE	left
2KETO-4METHYL-PENTANOATE-DEHYDROG-RXN	CO-A	left
2KETO-4METHYL-PENTANOATE-DEHYDROG-RXN	NAD	left
2KETO-4METHYL-PENTANOATE-DEHYDROG-RXN	ISOVALERYL-COA	right
2KETO-4METHYL-PENTANOATE-DEHYDROG-RXN	CARBON-DIOXIDE	right
2KETO-4METHYL-PENTANOATE-DEHYDROG-RXN	NADH	right
3.1.1.82-RXN	CPD-7061	left
3.1.1.82-RXN	WATER	left
3.1.1.82-RXN	PROTON	left
3.1.1.82-RXN	CPD-10296	right
3.1.1.82-RXN	METOH	right
3.1.1.82-RXN	CARBON-DIOXIDE	right
RXN-14250	CPD3DJ-82	left
RXN-14250	OXYGEN-MOLECULE	left
RXN-14250	FERROCYTOCHROME-B5	left
RXN-14250	PROTON	left
RXN-14250	C18-Phytoceramides	right
RXN-14250	WATER	right
RXN-14250	FERRICYTOCHROME-B5	right
1.1.1.248-RXN	NADP	left
1.1.1.248-RXN	SALUTARIDINOL	left
1.1.1.248-RXN	PROTON	right
1.1.1.248-RXN	NADPH	right
1.1.1.248-RXN	SALUTARIDINE	right
RXN-4545	Cis-Prenyl-tRNAs	left
RXN-4545	CPD-4443	right
RXN-14903	ETR-Quinones	left
RXN-14903	PRO	left
RXN-14903	ETR-Quinols	right
RXN-14903	PROTON	right
RXN-14903	L-DELTA1-PYRROLINE_5-CARBOXYLATE	right
RXN-7141	CPD-3141	left
RXN-7141	Red-NADPH-Hemoprotein-Reductases	left
RXN-7141	OXYGEN-MOLECULE	left
RXN-7141	CPD-6641	right
RXN-7141	Ox-NADPH-Hemoprotein-Reductases	right
RXN-7141	WATER	right
RXN1F-66	CHLOROPHYLLIDE-A	left
RXN1F-66	PHYTYL-PYROPHOSPHATE	left
RXN1F-66	PROTON	left
RXN1F-66	CHLOROPHYLL-A	right
RXN1F-66	PPI	right
RXN-11486	GERANYLGERANYL-PP	left
RXN-11486	DELTA3-ISOPENTENYL-PP	left
RXN-11486	CPD-21340	right
RXN-11486	PPI	right
RXN-8014	SINAPALDEHYDE	left
RXN-8014	NADP	left
RXN-8014	WATER	left
RXN-8014	PROTON	right
RXN-8014	SINAPATE	right
RXN-8014	NADPH	right
RXN-24983	ATP	left
RXN-24983	Protein-L-serine-or-L-threonine	left
RXN-24983	ADP	right
RXN-24983	Protein-Ser-or-Thr-phosphate	right
RXN-24983	PROTON	right
DIPHOSPHOMEVALONTE-DECARBOXYLASE-RXN	CPD-641	left
DIPHOSPHOMEVALONTE-DECARBOXYLASE-RXN	ATP	left
DIPHOSPHOMEVALONTE-DECARBOXYLASE-RXN	DELTA3-ISOPENTENYL-PP	right
DIPHOSPHOMEVALONTE-DECARBOXYLASE-RXN	CARBON-DIOXIDE	right
DIPHOSPHOMEVALONTE-DECARBOXYLASE-RXN	ADP	right
DIPHOSPHOMEVALONTE-DECARBOXYLASE-RXN	Pi	right
RXN-18702	3-MERCAPTO-PYRUVATE	left
RXN-18702	TUM1-L-cysteine	left
RXN-18702	TUM1-S-sulfanylcysteine	right
RXN-18702	PYRUVATE	right
PEPSYNTH-RXN	WATER	left
PEPSYNTH-RXN	PYRUVATE	left
PEPSYNTH-RXN	ATP	left
PEPSYNTH-RXN	PROTON	right
PEPSYNTH-RXN	Pi	right
PEPSYNTH-RXN	PHOSPHO-ENOL-PYRUVATE	right
PEPSYNTH-RXN	AMP	right
RXN-23558	2-arachidonoyl-PC	left
RXN-23558	WATER	left
RXN-23558	2-Lysophosphatidylcholines	right
RXN-23558	ARACHIDONIC_ACID	right
RXN-23558	PROTON	right
RXN-5004	UDP-L-RHAMNOSE	left
RXN-5004	LUTEOLIN-7-O-BETA-D-GLUCOSIDE	left
RXN-5004	LUTEOLIN-7-O-NEOHESPERIDOSIDE	right
RXN-5004	UDP	right
RXN-5004	PROTON	right
TREHALOSE6PSYN-RXN	CPD-12575	left
TREHALOSE6PSYN-RXN	D-glucopyranose-6-phosphate	left
TREHALOSE6PSYN-RXN	TREHALOSE-6P	right
TREHALOSE6PSYN-RXN	UDP	right
TREHALOSE6PSYN-RXN	PROTON	right
GAPOXNPHOSPHN-RXN	GAP	left
GAPOXNPHOSPHN-RXN	Pi	left
GAPOXNPHOSPHN-RXN	NAD	left
GAPOXNPHOSPHN-RXN	PROTON	right
GAPOXNPHOSPHN-RXN	DPG	right
GAPOXNPHOSPHN-RXN	NADH	right
FUCOKINASE-RXN	L-Fucopyranoses	left
FUCOKINASE-RXN	ATP	left
FUCOKINASE-RXN	CPD-488	right
FUCOKINASE-RXN	ADP	right
FUCOKINASE-RXN	PROTON	right
BRANCHED-CHAINAMINOTRANSFERILEU-RXN	ILE	left
BRANCHED-CHAINAMINOTRANSFERILEU-RXN	2-KETOGLUTARATE	left
BRANCHED-CHAINAMINOTRANSFERILEU-RXN	GLT	right
BRANCHED-CHAINAMINOTRANSFERILEU-RXN	2-KETO-3-METHYL-VALERATE	right
RXN-15350	UDP-L-RHAMNOSE	left
RXN-15350	CPD-7117	left
RXN-15350	CPD-7145	right
RXN-15350	UDP	right
RXN-15350	PROTON	right
RXN-10462	ACYL-ACP	left
RXN-10462	GLYCEROL-3P	left
RXN-10462	ACYL-SN-GLYCEROL-3P	right
RXN-10462	ACP	right
RXN-19953	Reduced-Cys2-Peroxiredoxins	left
RXN-19953	Alkyl-Hydro-Peroxides	left
RXN-19953	2Cys-Peroxiredoxins-With-HydroxyCys	right
RXN-19953	Alcohols	right
RXN0-1461	COPROPORPHYRINOGEN_III	left
RXN0-1461	OXYGEN-MOLECULE	left
RXN0-1461	PROTON	left
RXN0-1461	PROTOPORPHYRINOGEN	right
RXN0-1461	CARBON-DIOXIDE	right
RXN0-1461	WATER	right
3.2.1.8-RXN	1-4-beta-Xylan	left
3.2.1.8-RXN	WATER	left
3.2.1.8-RXN	1-4-D-xylooligosaccharides	right
RXN-11932	CPD-12908	left
RXN-11932	OXYGEN-MOLECULE	left
RXN-11932	FERROCYTOCHROME-B5	left
RXN-11932	PROTON	left
RXN-11932	CPD-12909	right
RXN-11932	FERRICYTOCHROME-B5	right
RXN-11932	WATER	right
RXN-16761	OLIGOSACCHARIDE-DIPHOSPHODOLICHOL	left
RXN-16761	Protein-L-Asparagine	left
RXN-16761	Dolichol-PP	right
RXN-16761	Glycoprotein-Asn-oligosaccharides	right
RXN-16761	PROTON	right
RXN-19428	CPD-18798	left
RXN-19428	NAD	left
RXN-19428	CPD-20995	right
RXN-19428	NADH	right
RXN-19428	PROTON	right
HOMOCYSMET-RXN	CPD-1302	left
HOMOCYSMET-RXN	HOMO-CYS	left
HOMOCYSMET-RXN	CPD-1301	right
HOMOCYSMET-RXN	MET	right
RXN-8632	PROPANE-1-2-DIOL	left
RXN-8632	NAD	left
RXN-8632	ACETOL	right
RXN-8632	NADH	right
RXN-8632	PROTON	right
RXN-18750	UDP-L-RHAMNOSE	left
RXN-18750	D-galacturonate-rhamnogalacturonan	left
RXN-18750	UDP	right
RXN-18750	L-Rhamnose-rhamnogalacturonan	right
RXN-18399	CPD-17063	left
RXN-18399	WATER	left
RXN-18399	Acceptor	left
RXN-18399	CPD-13734	right
RXN-18399	Donor-H2	right
RXN-9803	CPD-10512	left
RXN-9803	NADP	left
RXN-9803	WATER	left
RXN-9803	CPD-10511	right
RXN-9803	NADPH	right
RXN-9803	PROTON	right
RXN-14425	CPD-11940	left
RXN-14425	NADP	left
RXN-14425	NARINGENIN-CMPD	right
RXN-14425	NADPH	right
RXN-14425	PROTON	right
LIPIDXSYNTHESIS-RXN	WATER	left
LIPIDXSYNTHESIS-RXN	OH-MYRISTOYL	left
LIPIDXSYNTHESIS-RXN	PROTON	right
LIPIDXSYNTHESIS-RXN	BISOHMYR-GLUCOSAMINYL-1P	right
LIPIDXSYNTHESIS-RXN	UMP	right
RXN-13748	2-TRANS6-TRANS-FARNESOL	left
RXN-13748	NAD	left
RXN-13748	2-TRANS6-TRANS-FARNESAL	right
RXN-13748	NADH	right
RXN-13748	PROTON	right
RXN-7245	CPD-6744	left
RXN-7245	WATER	left
RXN-7245	CPD-6747	right
RXN-7245	Pi	right
RXN-13509	CPD-6948	left
RXN-13509	Red-NADPH-Hemoprotein-Reductases	left
RXN-13509	OXYGEN-MOLECULE	left
RXN-13509	CPD-9459	right
RXN-13509	Ox-NADPH-Hemoprotein-Reductases	right
RXN-13509	WATER	right
RXN-13509	PROTON	right
RXN-7911	Trans-3-enoyl-CoAs	left
RXN-7911	NADP	left
RXN-7911	TETRADEHYDROACYL-COA	right
RXN-7911	NADPH	right
RXN-7911	PROTON	right
NICONUCADENYLYLTRAN-RXN	NICOTINATE_NUCLEOTIDE	left
NICONUCADENYLYLTRAN-RXN	ATP	left
NICONUCADENYLYLTRAN-RXN	PROTON	left
NICONUCADENYLYLTRAN-RXN	DEAMIDO-NAD	right
NICONUCADENYLYLTRAN-RXN	PPI	right
3.2.1.48-RXN	SUCROSE	left
3.2.1.48-RXN	WATER	left
3.2.1.48-RXN	BETA-D-FRUCTOSE	right
3.2.1.48-RXN	Glucopyranose	right
RXN-12226	CPD1F-118	left
RXN-12226	OXYGEN-MOLECULE	left
RXN-12226	Red-NADPH-Hemoprotein-Reductases	left
RXN-12226	CPD-7421	right
RXN-12226	Ox-NADPH-Hemoprotein-Reductases	right
RXN-12226	WATER	right
RXN-20600	S-ADENOSYLMETHIONINE	left
RXN-20600	Histone-H3-K27	left
RXN-20600	ADENOSYL-HOMO-CYS	right
RXN-20600	Histone-H3-K27m1	right
RXN-20600	PROTON	right
1.5.1.9-RXN	SACCHAROPINE	left
1.5.1.9-RXN	WATER	left
1.5.1.9-RXN	NAD	left
1.5.1.9-RXN	GLT	right
1.5.1.9-RXN	ALLYSINE	right
1.5.1.9-RXN	NADH	right
1.5.1.9-RXN	PROTON	right
CAFFEOYL-COA-O-METHYLTRANSFERASE-RXN	S-ADENOSYLMETHIONINE	left
CAFFEOYL-COA-O-METHYLTRANSFERASE-RXN	CAFFEOYL-COA	left
CAFFEOYL-COA-O-METHYLTRANSFERASE-RXN	PROTON	right
CAFFEOYL-COA-O-METHYLTRANSFERASE-RXN	FERULOYL-COA	right
CAFFEOYL-COA-O-METHYLTRANSFERASE-RXN	ADENOSYL-HOMO-CYS	right
RXN-10625	PHYTYL-PYROPHOSPHATE	left
RXN-10625	NADP	left
RXN-10625	GERANYLGERANYL-PP	right
RXN-10625	NADPH	right
RXN-10625	PROTON	right
5.3.1.23-RXN	CPD-444	left
5.3.1.23-RXN	CPD-1063	right
RXN-10451	PAPS	left
RXN-10451	CPD-11260	left
RXN-10451	3-5-ADP	right
RXN-10451	CPD-19816	right
RXN-10451	PROTON	right
RXN-5466	CPD-171	left
RXN-5466	CPD-5164	left
RXN-5466	CPD-5165	right
RXN-5466	DOLICHOLP	right
RXN-5466	PROTON	right
RXN-14426	CPD-11940	left
RXN-14426	2-KETOGLUTARATE	left
RXN-14426	OXYGEN-MOLECULE	left
RXN-14426	CPD-7096	right
RXN-14426	SUC	right
RXN-14426	CARBON-DIOXIDE	right
RXN-14426	WATER	right
RXN-15775	S-ADENOSYLMETHIONINE	left
RXN-15775	2-3-CARBOXY-3-AMINOPROPYL-L-HISTIDINE	left
RXN-15775	Diphthine-methyl-ester-EF2	right
RXN-15775	ADENOSYL-HOMO-CYS	right
RXN-15775	PROTON	right
RXN-18127	CPD-19421	left
RXN-18127	OXYGEN-MOLECULE	left
RXN-18127	Red-NADPH-Hemoprotein-Reductases	left
RXN-18127	CPD-19435	right
RXN-18127	WATER	right
RXN-18127	Ox-NADPH-Hemoprotein-Reductases	right
CATECHOL-OXIDASE-RXN	CATECHOL	left
CATECHOL-OXIDASE-RXN	OXYGEN-MOLECULE	left
CATECHOL-OXIDASE-RXN	WATER	right
CATECHOL-OXIDASE-RXN	CPD-385	right
RXN1F-152	CPD1F-129	left
RXN1F-152	Reduced-ferredoxins	left
RXN1F-152	PROTON	left
RXN1F-152	OXYGEN-MOLECULE	left
RXN1F-152	CPD1F-130	right
RXN1F-152	Oxidized-ferredoxins	right
RXN1F-152	WATER	right
2.6.1.49-RXN	L-DIHYDROXY-PHENYLALANINE	left
2.6.1.49-RXN	2-KETOGLUTARATE	left
2.6.1.49-RXN	34-DIHYDROXYPHENYLPYRUVATE	right
2.6.1.49-RXN	GLT	right
RXN-22615	UDP-N-ACETYL-D-GLUCOSAMINE	left
RXN-22615	Lipid-I	left
RXN-22615	NAcMur-Peptide-NAcGlc-Undecaprenols	right
RXN-22615	UDP	right
RXN-22615	PROTON	right
RXN-20605	S-ADENOSYLMETHIONINE	left
RXN-20605	Histone-H3-K9m1	left
RXN-20605	ADENOSYL-HOMO-CYS	right
RXN-20605	Histone-H3-K9m2	right
RXN-20605	PROTON	right
RXN66-323	CHOLESTEROL	left
RXN66-323	NADP	left
RXN66-323	CPD-4187	right
RXN66-323	NADPH	right
RXN66-323	PROTON	right
RXN-7568	CPD-18334	left
RXN-7568	PHYTYL-PYROPHOSPHATE	left
RXN-7568	PROTON	left
RXN-7568	CPD-6947	right
RXN-7568	PPI	right
RXN-7568	CARBON-DIOXIDE	right
RXN-16997	Phosphorylated-phosphoglucomutase	left
RXN-16997	GLC-1-P	left
RXN-16997	ALPHA-GLUCOSE-16-BISPHOSPHATE	right
RXN-16997	Phosphoglucomutase	right
RXN-1828	Long-linear-glucans	left
RXN-1828	ALPHA-GLUCOSE	left
RXN-1828	Short-Alpha-14-Glucans	right
RXN-8170	P-COUMAROYL-COA	left
RXN-8170	CPD-7138	left
RXN-8170	CPD-7714	right
RXN-8170	CO-A	right
1.3.3.9-RXN	LOGANIN	left
1.3.3.9-RXN	OXYGEN-MOLECULE	left
1.3.3.9-RXN	Red-NADPH-Hemoprotein-Reductases	left
1.3.3.9-RXN	SECOLOGANIN-CPD	right
1.3.3.9-RXN	WATER	right
1.3.3.9-RXN	Ox-NADPH-Hemoprotein-Reductases	right
DAHPSYN-RXN	PHOSPHO-ENOL-PYRUVATE	left
DAHPSYN-RXN	ERYTHROSE-4P	left
DAHPSYN-RXN	WATER	left
DAHPSYN-RXN	3-DEOXY-D-ARABINO-HEPTULOSONATE-7-P	right
DAHPSYN-RXN	Pi	right
1.14.13.78-RXN	CPD1F-128	left
1.14.13.78-RXN	OXYGEN-MOLECULE	left
1.14.13.78-RXN	Red-NADPH-Hemoprotein-Reductases	left
1.14.13.78-RXN	ENT-KAUR-16-EN-19-OL	right
1.14.13.78-RXN	WATER	right
1.14.13.78-RXN	Ox-NADPH-Hemoprotein-Reductases	right
RXN0-6382	ITP	left
RXN0-6382	WATER	left
RXN0-6382	IMP	right
RXN0-6382	PPI	right
RXN0-6382	PROTON	right
NADPYROPHOSPHAT-RXN	NAD	left
NADPYROPHOSPHAT-RXN	WATER	left
NADPYROPHOSPHAT-RXN	AMP	right
NADPYROPHOSPHAT-RXN	NICOTINAMIDE_NUCLEOTIDE	right
NADPYROPHOSPHAT-RXN	PROTON	right
RXN-20544	1-Acyl-2-Lysophosaphatidylserines	left
RXN-20544	WATER	left
RXN-20544	CPD0-2030	right
RXN-20544	Fatty-Acids	right
RXN-20544	PROTON	right
SUCROSE-SYNTHASE-RXN	CPD-12575	left
SUCROSE-SYNTHASE-RXN	BETA-D-FRUCTOSE	left
SUCROSE-SYNTHASE-RXN	SUCROSE	right
SUCROSE-SYNTHASE-RXN	UDP	right
SUCROSE-SYNTHASE-RXN	PROTON	right
RXN-20688	Red-Glutaredoxins	left
RXN-20688	Cys2-Peroxiredoxin-Disulfide	left
RXN-20688	Ox-Glutaredoxins	right
RXN-20688	Reduced-Cys2-Peroxiredoxins	right
RXN-21168	CPD-4182	left
RXN-21168	OXYGEN-MOLECULE	left
RXN-21168	Red-NADPH-Hemoprotein-Reductases	left
RXN-21168	CPD-22767	right
RXN-21168	WATER	right
RXN-21168	Ox-NADPH-Hemoprotein-Reductases	right
RXN-15130	L-CYSTATHIONINE	left
RXN-15130	WATER	left
RXN-15130	CYS	right
RXN-15130	2-OXOBUTANOATE	right
RXN-15130	AMMONIUM	right
RXN-19244	Nonadjacent-pyrimidine-dimer-in-DNA	left
RXN-19244	Light	left
RXN-19244	DNA-pyrimidines	right
RXN-7919	2-hydroxyacyl-glutathiones	left
RXN-7919	WATER	left
RXN-7919	GLUTATHIONE	right
RXN-7919	2-Hydroxy-carboxylates	right
RXN-7919	PROTON	right
RXN-14188	5-HYDROXY-CTP	left
RXN-14188	WATER	left
RXN-14188	CPD-15158	right
RXN-14188	PPI	right
RXN-14188	PROTON	right
RXN-718	CPD-719	left
RXN-718	Acceptor	left
RXN-718	CPD-718	right
RXN-718	Donor-H2	right
2.4.1.142-RXN	GDP-MANNOSE	left
2.4.1.142-RXN	NN-DIACETYLCHITOBIOSYLDIPHOSPHODOLICHO	left
2.4.1.142-RXN	ALPHA-D-MANNOSYLCHITOBIO	right
2.4.1.142-RXN	GDP	right
2.4.1.142-RXN	PROTON	right
RXN-13112	ACYL-COA	left
RXN-13112	GLYCEROL-3P	left
RXN-13112	CO-A	right
RXN-13112	2-Acyl-sn-glycerol-3-phosphates	right
RXN-9804	OLEATE-CPD	left
RXN-9804	A-LIPID-HYDROPEROXIDE	left
RXN-9804	CPD-10514	right
RXN-9804	Lipid-hydroxy-fatty-acids	right
RXN-21167	CPD-22766	left
RXN-21167	OXYGEN-MOLECULE	left
RXN-21167	Red-NADPH-Hemoprotein-Reductases	left
RXN-21167	CPD-12853	right
RXN-21167	FORMATE	right
RXN-21167	WATER	right
RXN-21167	Ox-NADPH-Hemoprotein-Reductases	right
RXN-21167	PROTON	right
IGPSYN-RXN	PROTON	left
IGPSYN-RXN	CARBOXYPHENYLAMINO-DEOXYRIBULOSE-P	left
IGPSYN-RXN	INDOLE-3-GLYCEROL-P	right
IGPSYN-RXN	CARBON-DIOXIDE	right
IGPSYN-RXN	WATER	right
N-ACETYLGLUCOSAMINE-KINASE-RXN	N-acetyl-D-glucosamine	left
N-ACETYLGLUCOSAMINE-KINASE-RXN	ATP	left
N-ACETYLGLUCOSAMINE-KINASE-RXN	N-ACETYL-D-GLUCOSAMINE-6-P	right
N-ACETYLGLUCOSAMINE-KINASE-RXN	PROTON	right
N-ACETYLGLUCOSAMINE-KINASE-RXN	ADP	right
RXN-14301	MET	left
RXN-14301	CPD-7671	right
RXN-14301	CPD-15056	right
SULFITE-REDUCTASE-FERREDOXIN-RXN	HS	left
SULFITE-REDUCTASE-FERREDOXIN-RXN	Oxidized-ferredoxins	left
SULFITE-REDUCTASE-FERREDOXIN-RXN	WATER	left
SULFITE-REDUCTASE-FERREDOXIN-RXN	SO3	right
SULFITE-REDUCTASE-FERREDOXIN-RXN	Reduced-ferredoxins	right
SULFITE-REDUCTASE-FERREDOXIN-RXN	PROTON	right
5.5.1.13-RXN	GERANYLGERANYL-PP	left
5.5.1.13-RXN	ENT-COPALYL-DIPHOSPHATE	right
CDPDIGLYSYN-RXN	CTP	left
CDPDIGLYSYN-RXN	L-PHOSPHATIDATE	left
CDPDIGLYSYN-RXN	PROTON	left
CDPDIGLYSYN-RXN	CDPDIACYLGLYCEROL	right
CDPDIGLYSYN-RXN	PPI	right
RXN-22914	4-P-PANTOTHENATE	left
RXN-22914	CTP	left
RXN-22914	PROTON	left
RXN-22914	CPD-25382	right
RXN-22914	PPI	right
2.1.1.142-RXN	S-ADENOSYLMETHIONINE	left
2.1.1.142-RXN	CYCLOARTENOL	left
2.1.1.142-RXN	ADENOSYL-HOMO-CYS	right
2.1.1.142-RXN	CPD-22096	right
2.1.1.142-RXN	PROTON	right
RXN-11483	Pimeloyl-ACP-methyl-esters	left
RXN-11483	WATER	left
RXN-11483	Pimeloyl-ACPs	right
RXN-11483	METOH	right
RXN-11483	PROTON	right
RXN-8204	P-COUMAROYL-COA	left
RXN-8204	CPD1F-766	left
RXN-8204	CPD-16541	right
RXN-8204	CO-A	right
RXN-1021	Very-Long-Chain-Aldehydes	left
RXN-1021	CO-A	left
RXN-1021	NADP	left
RXN-1021	VERY-LONG-CHAIN-FATTY-ACYL-COA	right
RXN-1021	NADPH	right
RXN-1021	PROTON	right
3.6.3.37-RXN	ATP	left
3.6.3.37-RXN	GUANINE	left
3.6.3.37-RXN	WATER	left
3.6.3.37-RXN	ADP	right
3.6.3.37-RXN	GUANINE	right
3.6.3.37-RXN	Pi	right
3.6.3.37-RXN	PROTON	right
RXN-9603	NDP-alpha-D-glucoses	left
RXN-9603	Glucopyranose	left
RXN-9603	TREHALOSE	right
RXN-9603	Nucleoside-Diphosphates	right
RXN-9603	PROTON	right
RXNQT-4326	CPD-12575	left
RXNQT-4326	CPDQT-413	left
RXNQT-4326	PROTON	right
RXNQT-4326	CPDQT-417	right
RXNQT-4326	UDP	right
RXN-8330	CPD-8089	left
RXN-8330	OXYGEN-MOLECULE	left
RXN-8330	FERROCYTOCHROME-B5	left
RXN-8330	PROTON	left
RXN-8330	CPD-8090	right
RXN-8330	WATER	right
RXN-8330	FERRICYTOCHROME-B5	right
RXN-15514	DIHYDROCHELIRUBINE	left
RXN-15514	NAD-P-OR-NOP	left
RXN-15514	CPD-9893	right
RXN-15514	NADH-P-OR-NOP	right
RXN-11811	AMMONIA	left
RXN-11811	PROTON	left
RXN-11811	AMMONIUM	right
2.7.1.152-RXN	MI-HEXAKISPHOSPHATE	left
2.7.1.152-RXN	ATP	left
2.7.1.152-RXN	5-DIPHOSPHO-1D-MYO-INOSITOL-12346P	right
2.7.1.152-RXN	ADP	right
RXN-7864	ACETYL-COA	left
RXN-7864	CMP-N-ACETYL-NEURAMINATE	left
RXN-7864	CPD-27539	right
RXN-7864	CO-A	right
TRANS-RXN-400	PHOSPHO-ENOL-PYRUVATE	left
TRANS-RXN-400	PHOSPHO-ENOL-PYRUVATE	right
FLAVONOL-3-SULFOTRANSFERASE-RXN	CPD-520	left
FLAVONOL-3-SULFOTRANSFERASE-RXN	PAPS	left
FLAVONOL-3-SULFOTRANSFERASE-RXN	PROTON	right
FLAVONOL-3-SULFOTRANSFERASE-RXN	3-5-ADP	right
FLAVONOL-3-SULFOTRANSFERASE-RXN	CPD-1822	right
RXN-9491	CPD-10174	left
RXN-9491	NADP	left
RXN-9491	CPD-10171	right
RXN-9491	NADPH	right
RXN-9491	PROTON	right
RXN-14648	L-ALPHA-ALANINE	left
RXN-14648	PROTON	left
RXN-14648	L-ALPHA-ALANINE	right
RXN-14648	PROTON	right
PGLYCDEHYDROG-RXN	G3P	left
PGLYCDEHYDROG-RXN	NAD	left
PGLYCDEHYDROG-RXN	PROTON	right
PGLYCDEHYDROG-RXN	3-P-HYDROXYPYRUVATE	right
PGLYCDEHYDROG-RXN	NADH	right
RXN-12571	CPD-7672	left
RXN-12571	CO-A	left
RXN-12571	ATP	left
RXN-12571	CPD-13546	right
RXN-12571	AMP	right
RXN-12571	PPI	right
RXN-22487	CMP-KDO	left
RXN-22487	Kdo-2-6-Lipid-IVA	left
RXN-22487	Kdo-2-4-Kdo-2-6-Lipid-IVA	right
RXN-22487	CMP	right
RXN-22487	PROTON	right
RXN-16940	CPD-18262	left
RXN-16940	UDP-D-XYLOSE	left
RXN-16940	CPD-14731	right
RXN-16940	UDP	right
RXN-16940	PROTON	right
RXN0-2661	DNA-With-GO-A-Mismatch	left
RXN0-2661	WATER	left
RXN0-2661	DNA-containing-abasic-Sites	right
RXN0-2661	ADENINE	right
RXN0-7115	N6-L-threonylcarbamoyladenine37-tRNAs	left
RXN0-7115	ATP	left
RXN0-7115	Cyclic-N6-threonylcarbamoyl-A37-tRNAs	right
RXN0-7115	ADP	right
RXN0-7115	Pi	right
MALATE-DEH-RXN	MAL	left
MALATE-DEH-RXN	NAD	left
MALATE-DEH-RXN	OXALACETIC_ACID	right
MALATE-DEH-RXN	NADH	right
MALATE-DEH-RXN	PROTON	right
RXN-9812	CPD-10518	left
RXN-9812	CO-A	left
RXN-9812	CPD-10519	right
RXN-9812	ACETYL-COA	right
RXN0-2161	tRNA-Sec	left
RXN0-2161	SER	left
RXN0-2161	ATP	left
RXN0-2161	L-seryl-SEC-tRNAs	right
RXN0-2161	PPI	right
RXN0-2161	AMP	right
RXN-4730	CPD-12575	left
RXN-4730	CPD-4604	left
RXN-4730	PROTON	right
RXN-4730	CPD-4608	right
RXN-4730	UDP	right
RXN-20615	S-ADENOSYLMETHIONINE	left
RXN-20615	Histone-H4-K20m2	left
RXN-20615	ADENOSYL-HOMO-CYS	right
RXN-20615	Histone-H4-K20m3	right
RXN-20615	PROTON	right
GLUTAMATE-SYNTHASE-FERREDOXIN-RXN	GLT	left
GLUTAMATE-SYNTHASE-FERREDOXIN-RXN	Oxidized-ferredoxins	left
GLUTAMATE-SYNTHASE-FERREDOXIN-RXN	2-KETOGLUTARATE	right
GLUTAMATE-SYNTHASE-FERREDOXIN-RXN	GLN	right
GLUTAMATE-SYNTHASE-FERREDOXIN-RXN	Reduced-ferredoxins	right
GLUTAMATE-SYNTHASE-FERREDOXIN-RXN	PROTON	right
RXN-8681	CPD-8911	left
RXN-8681	NAD	left
RXN-8681	PROTON	right
RXN-8681	CPD-8912	right
RXN-8681	NADH	right
RXN-708	CPD-707	left
RXN-708	NADP	left
RXN-708	CPD-4141	right
RXN-708	NADPH	right
RXN-708	PROTON	right
RIBOFLAVINSYNDEAM-RXN	PROTON	left
RIBOFLAVINSYNDEAM-RXN	WATER	left
RIBOFLAVINSYNDEAM-RXN	DIAMINO-OH-PHOSPHORIBOSYLAMINO-PYR	left
RIBOFLAVINSYNDEAM-RXN	CPD-602	right
RIBOFLAVINSYNDEAM-RXN	AMMONIUM	right
RXN-9193	GERANIAL	left
RXN-9193	CPD-9762	right
RXN1F-148	CPD1F-115	left
RXN1F-148	CPD1F-118	right
RXN-20696	1-Cys-Peroxiredoxin-S-S-G	left
RXN-20696	GLUTATHIONE	left
RXN-20696	1-Cys-Peroxiredoxin-L-cysteine	right
RXN-20696	OXIDIZED-GLUTATHIONE	right
RXN-6682	CPD-6361	left
RXN-6682	OXYGEN-MOLECULE	left
RXN-6682	Red-NADPH-Hemoprotein-Reductases	left
RXN-6682	CPD-6362	right
RXN-6682	Ox-NADPH-Hemoprotein-Reductases	right
RXN-6682	WATER	right
RXN-8532	CPD-8722	left
RXN-8532	Red-NADPH-Hemoprotein-Reductases	left
RXN-8532	OXYGEN-MOLECULE	left
RXN-8532	CPD-8723	right
RXN-8532	Ox-NADPH-Hemoprotein-Reductases	right
RXN-8532	WATER	right
UDP-GLUCOSE-46-DEHYDRATASE-RXN	CPD-12575	left
UDP-GLUCOSE-46-DEHYDRATASE-RXN	WATER	right
UDP-GLUCOSE-46-DEHYDRATASE-RXN	CPD-663	right
RXN-18494	Jasmonic-Acids	left
RXN-18494	L-Amino-Acids	left
RXN-18494	ATP	left
RXN-18494	Jasmonoyl-Amino-Acid-Conjugates	right
RXN-18494	AMP	right
RXN-18494	PPI	right
RXN-18494	PROTON	right
RXN-7660	PHYTYL-PYROPHOSPHATE	left
RXN-7660	NADP	left
RXN-7660	CPD-7003	right
RXN-7660	NADPH	right
RXN-7660	PROTON	right
RXN-21027	ArsC-S-As-OH	left
RXN-21027	WATER	left
RXN-21027	Arsenate-Reductase-Cysteines	right
RXN-21027	CPD-763	right
RXN-21027	PROTON	right
RXN-22697	L-Cysteine-Desulfurase-persulfide	left
RXN-22697	MOCS3-Cysteine	left
RXN-22697	Cysteine-Desulfurase-L-cysteine	right
RXN-22697	MOCS3-Cysteine-Persulfide	right
RXN-11937	CPD-12912	left
RXN-11937	FERROCYTOCHROME-B5	left
RXN-11937	OXYGEN-MOLECULE	left
RXN-11937	PROTON	left
RXN-11937	CPD-12914	right
RXN-11937	FERRICYTOCHROME-B5	right
RXN-11937	WATER	right
RXN-1062	CPD-17621	left
RXN-1062	NADPH	left
RXN-1062	OXYGEN-MOLECULE	left
RXN-1062	PROTON	left
RXN-1062	CPD-17627	right
RXN-1062	NADP	right
RXN-1062	WATER	right
GAMMA-GLUTAMYLCYCLOTRANSFERASE-RXN	5-L-GLUTAMYL-L-AMINO-ACID	left
GAMMA-GLUTAMYLCYCLOTRANSFERASE-RXN	L-Amino-Acids	right
GAMMA-GLUTAMYLCYCLOTRANSFERASE-RXN	5-OXOPROLINE	right
RXN-20616	S-ADENOSYLMETHIONINE	left
RXN-20616	Histone-H3-K4	left
RXN-20616	ADENOSYL-HOMO-CYS	right
RXN-20616	Histone-H3-K4m3	right
RXN-20616	PROTON	right
RXN1F-461	CPD-12575	left
RXN1F-461	CPD1F-90	left
RXN1F-461	CPD1F-453	right
RXN1F-461	UDP	right
RXN1F-461	PROTON	right
RXN66-11	CPD-8606	left
RXN66-11	OXYGEN-MOLECULE	left
RXN66-11	Red-NADPH-Hemoprotein-Reductases	left
RXN66-11	CPD-8607	right
RXN66-11	WATER	right
RXN66-11	Ox-NADPH-Hemoprotein-Reductases	right
RXN-3602	CPD-3441	left
RXN-3602	CPD-3402	right
RXN-3602	WATER	right
RXN-8302	CPD-2188	left
RXN-8302	OXYGEN-MOLECULE	left
RXN-8302	Reduced-ferredoxins	left
RXN-8302	PROTON	left
RXN-8302	CPD-8077	right
RXN-8302	WATER	right
RXN-8302	Oxidized-ferredoxins	right
RXN-9278	NONAPRENYL-4-HYDROXYBENZOATE	left
RXN-9278	OXYGEN-MOLECULE	left
RXN-9278	Reduced-ferredoxins	left
RXN-9278	PROTON	left
RXN-9278	CPD-9896	right
RXN-9278	WATER	right
RXN-9278	Oxidized-ferredoxins	right
RXN-4722	CPD-12575	left
RXN-4722	CPD-4210	left
RXN-4722	PROTON	right
RXN-4722	CPD-4613	right
RXN-4722	UDP	right
RXN-18780	CPD-12575	left
RXN-18780	2-Hydroxyflavanones	left
RXN-18780	3-C-gluc-tautomer-2-hydroxyflavanones	right
RXN-18780	UDP	right
RXN-18780	PROTON	right
RXN-12292	CPD-7600	left
RXN-12292	NADPH	left
RXN-12292	PROTON	left
RXN-12292	BUTANAL	right
RXN-12292	NADP	right
RXN-4241	CPD-720	left
RXN-4241	OXYGEN-MOLECULE	left
RXN-4241	Red-NADPH-Hemoprotein-Reductases	left
RXN-4241	CPD-17420	right
RXN-4241	WATER	right
RXN-4241	Ox-NADPH-Hemoprotein-Reductases	right
MANNOSE-6-PHOSPHATE-6-REDUCTASE-RXN	NADP	left
MANNOSE-6-PHOSPHATE-6-REDUCTASE-RXN	MANNITOL-1P	left
MANNOSE-6-PHOSPHATE-6-REDUCTASE-RXN	CPD-15979	right
MANNOSE-6-PHOSPHATE-6-REDUCTASE-RXN	NADPH	right
MANNOSE-6-PHOSPHATE-6-REDUCTASE-RXN	PROTON	right
RXN-8537	CPD-8727	left
RXN-8537	CPD-8728	right
RXN-8537	WATER	right
RXN-12091	CPD-568	left
RXN-12091	OXYGEN-MOLECULE	left
RXN-12091	WATER	left
RXN-12091	PUTRESCINE	right
RXN-12091	CPD-10687	right
RXN-12091	HYDROGEN-PEROXIDE	right
RXN-9669	Oleoyl-lipid	left
RXN-9669	FERROCYTOCHROME-B5	left
RXN-9669	OXYGEN-MOLECULE	left
RXN-9669	PROTON	left
RXN-9669	Linoleoyl-groups	right
RXN-9669	FERRICYTOCHROME-B5	right
RXN-9669	WATER	right
ABC-33-RXN	ATP	left
ABC-33-RXN	WATER	left
ABC-33-RXN	D-Xylose	left
ABC-33-RXN	ADP	right
ABC-33-RXN	Pi	right
ABC-33-RXN	PROTON	right
ABC-33-RXN	D-Xylose	right
FAD-PYROPHOSPHATASE-RXN	WATER	left
FAD-PYROPHOSPHATASE-RXN	FAD	left
FAD-PYROPHOSPHATASE-RXN	PROTON	right
FAD-PYROPHOSPHATASE-RXN	FMN	right
FAD-PYROPHOSPHATASE-RXN	AMP	right
2.7.7.14-RXN	PROTON	left
2.7.7.14-RXN	PHOSPHORYL-ETHANOLAMINE	left
2.7.7.14-RXN	CTP	left
2.7.7.14-RXN	CDP-ETHANOLAMINE	right
2.7.7.14-RXN	PPI	right
RXN-12961	CPD-7857	left
RXN-12961	NADP	left
RXN-12961	CPD-9978	right
RXN-12961	NADPH	right
RXN-12961	PROTON	right
L-LACTATE-DEHYDROGENASE-RXN	L-LACTATE	left
L-LACTATE-DEHYDROGENASE-RXN	NAD	left
L-LACTATE-DEHYDROGENASE-RXN	PYRUVATE	right
L-LACTATE-DEHYDROGENASE-RXN	NADH	right
L-LACTATE-DEHYDROGENASE-RXN	PROTON	right
RXN1F-155	CPD1F-133	left
RXN1F-155	CPD1F-135	right
2.4.1.207-RXN	Donor-Xyloglucans	left
2.4.1.207-RXN	Acceptor-Xyloglucans	left
2.4.1.207-RXN	Donor-Xyloglucan-Cleaved-Xyloglucanyls	right
2.4.1.207-RXN	Accep-Xyloglucan-With-Xyloglucanyl-Segs	right
RXN-16045	CPD-18	left
RXN-16045	Glycerolipids	left
RXN-16045	Linoleoyl-groups	right
RXN-16045	CO-A	right
RXN-1725	CPD-2183	left
RXN-1725	OXYGEN-MOLECULE	left
RXN-1725	Reduced-ferredoxins	left
RXN-1725	PROTON	left
RXN-1725	CPD-2184	right
RXN-1725	WATER	right
RXN-1725	Oxidized-ferredoxins	right
GMP-SYN-NH3-RXN	XANTHOSINE-5-PHOSPHATE	left
GMP-SYN-NH3-RXN	AMMONIA	left
GMP-SYN-NH3-RXN	ATP	left
GMP-SYN-NH3-RXN	GMP	right
GMP-SYN-NH3-RXN	AMP	right
GMP-SYN-NH3-RXN	PPI	right
GMP-SYN-NH3-RXN	PROTON	right
RXN-13684	Mercapturates	left
RXN-13684	WATER	left
RXN-13684	S-Substituted-L-Cysteines	right
RXN-13684	ACET	right
PYRIDOXKIN-RXN	PYRIDOXAL	left
PYRIDOXKIN-RXN	ATP	left
PYRIDOXKIN-RXN	PYRIDOXAL_PHOSPHATE	right
PYRIDOXKIN-RXN	PROTON	right
PYRIDOXKIN-RXN	ADP	right
RXN-9600	HISTAMINE	left
RXN-9600	WATER	left
RXN-9600	OXYGEN-MOLECULE	left
RXN-9600	IMIDAZOLE_ACETALDEHYDE	right
RXN-9600	AMMONIUM	right
RXN-9600	HYDROGEN-PEROXIDE	right
RXN-20459	S-ADENOSYLMETHIONINE	left
RXN-20459	CPD0-2554	right
RXN-20094	CPD-21719	left
RXN-20094	4-ALPHA-METHYL-5-ALPHA-CHOLEST-7-EN-3-ON	right
2OXOGLUTARATEDEH-RXN	2-KETOGLUTARATE	left
2OXOGLUTARATEDEH-RXN	CO-A	left
2OXOGLUTARATEDEH-RXN	NAD	left
2OXOGLUTARATEDEH-RXN	SUC-COA	right
2OXOGLUTARATEDEH-RXN	CARBON-DIOXIDE	right
2OXOGLUTARATEDEH-RXN	NADH	right
RXN-1226	D-Galactosyl-12-diacyl-glycerols	left
RXN-1226	CPD-10363	right
RXN-1226	DIACYLGLYCEROL	right
GUANOSINE-DEAMINASE-RXN	PROTON	left
GUANOSINE-DEAMINASE-RXN	WATER	left
GUANOSINE-DEAMINASE-RXN	GUANOSINE	left
GUANOSINE-DEAMINASE-RXN	AMMONIUM	right
GUANOSINE-DEAMINASE-RXN	XANTHOSINE	right
RXN-5641	PROTON	left
RXN-5641	SER	left
RXN-5641	ETHANOL-AMINE	right
RXN-5641	CARBON-DIOXIDE	right
RXN-13707	CPD-8606	left
RXN-13707	OXYGEN-MOLECULE	left
RXN-13707	Red-NADPH-Hemoprotein-Reductases	left
RXN-13707	CPD-8609	right
RXN-13707	FORMATE	right
RXN-13707	WATER	right
RXN-13707	Ox-NADPH-Hemoprotein-Reductases	right
RXN-13707	PROTON	right
RXN-12642	CPD-13611	left
RXN-12642	NADP	left
RXN-12642	CPD-13610	right
RXN-12642	NADPH	right
RXN-12642	PROTON	right
RXN-8911	CPD-9304	left
RXN-8911	CPD-9305	right
RXN-9242	S-ADENOSYLMETHIONINE	left
RXN-9242	CPD-9870	left
RXN-9242	PROTON	right
RXN-9242	CPD-9872	right
RXN-9242	ADENOSYL-HOMO-CYS	right
PROTOPORGENOXI-RXN	PROTOPORPHYRINOGEN	left
PROTOPORGENOXI-RXN	OXYGEN-MOLECULE	left
PROTOPORGENOXI-RXN	PROTOPORPHYRIN_IX	right
PROTOPORGENOXI-RXN	HYDROGEN-PEROXIDE	right
RXN-8317	CPD-8086	left
RXN-8317	OXYGEN-MOLECULE	left
RXN-8317	Reduced-ferredoxins	left
RXN-8317	PROTON	left
RXN-8317	CPD-8087	right
RXN-8317	WATER	right
RXN-8317	Oxidized-ferredoxins	right
2.7.7.57-RXN	PROTON	left
2.7.7.57-RXN	CPD-406	left
2.7.7.57-RXN	CTP	left
2.7.7.57-RXN	CDP-N-METHYLETHANOLAMIN	right
2.7.7.57-RXN	PPI	right
DEOXYADENOSINE-KINASE-RXN	DEOXYADENOSINE	left
DEOXYADENOSINE-KINASE-RXN	ATP	left
DEOXYADENOSINE-KINASE-RXN	PROTON	right
DEOXYADENOSINE-KINASE-RXN	DAMP	right
DEOXYADENOSINE-KINASE-RXN	ADP	right
RXN-1346	CIS-3-HEXENAL	left
RXN-1346	TRANS-2-HEXENAL	right
RXN-11696	n-Alkanals	left
RXN-11696	NAD-P-OR-NOP	left
RXN-11696	Alk-2-enals	right
RXN-11696	NADH-P-OR-NOP	right
RXN-11696	PROTON	right
RXN-14516	S-ADENOSYLMETHIONINE	left
RXN-14516	tRNAPhe-Containing-N1-Methylguanine-37	left
RXN-14516	PYRUVATE	left
RXN-14516	tRNAPhe-Containing-4-demethylwyosine-37	right
RXN-14516	MET	right
RXN-14516	CH33ADO	right
RXN-14516	CARBON-DIOXIDE	right
RXN-14516	WATER	right
ACETOLACTSYN-RXN	PROTON	left
ACETOLACTSYN-RXN	PYRUVATE	left
ACETOLACTSYN-RXN	2-ACETO-LACTATE	right
ACETOLACTSYN-RXN	CARBON-DIOXIDE	right
RXN-10952	D-MYO-INOSITOL-4-PHOSPHATE	left
RXN-10952	WATER	left
RXN-10952	MYO-INOSITOL	right
RXN-10952	Pi	right
RXN-24142	CPD-26686	left
RXN-24142	CPD-26685	right
RXN-9461	1-4-beta-D-Glucan	left
RXN-9461	UDP-D-XYLOSE	left
RXN-9461	GXGG-Xyloglucans	right
RXN-9461	UDP	right
PYRUVATE-DECARBOXYLASE-RXN	2-Oxo-carboxylates	left
PYRUVATE-DECARBOXYLASE-RXN	PROTON	left
PYRUVATE-DECARBOXYLASE-RXN	Aldehydes	right
PYRUVATE-DECARBOXYLASE-RXN	CARBON-DIOXIDE	right
RXN-21525	Hydroxymethylbilane-Synthase-ES4	left
RXN-21525	WATER	left
RXN-21525	HYDROXYMETHYLBILANE	right
RXN-21525	Holo-Hydroxymethylbilane-Synthase	right
FLAVONOL-3-O-GLUCOSYLTRANSFERASE-RXN	CPD-12575	left
FLAVONOL-3-O-GLUCOSYLTRANSFERASE-RXN	Flavonols	left
FLAVONOL-3-O-GLUCOSYLTRANSFERASE-RXN	UDP	right
FLAVONOL-3-O-GLUCOSYLTRANSFERASE-RXN	Flavonol-3-O-B-D-Glucosides	right
FLAVONOL-3-O-GLUCOSYLTRANSFERASE-RXN	PROTON	right
RXN0-3942	CPD-9000	left
RXN0-3942	WATER	left
RXN0-3942	GLT	right
RXN0-3942	4-AMINO-BUTYRATE	right
RXN-9721	D-Galactosyl-12-diacyl-glycerols	left
RXN-9721	CPD-10363	left
RXN-9721	CPD-10364	right
RXN-9721	DIACYLGLYCEROL	right
TRIOKINASE-RXN	GLYCERALD	left
TRIOKINASE-RXN	ATP	left
TRIOKINASE-RXN	PROTON	right
TRIOKINASE-RXN	GAP	right
TRIOKINASE-RXN	ADP	right
BRANCHED-CHAINAMINOTRANSFERLEU-RXN	LEU	left
BRANCHED-CHAINAMINOTRANSFERLEU-RXN	2-KETOGLUTARATE	left
BRANCHED-CHAINAMINOTRANSFERLEU-RXN	GLT	right
BRANCHED-CHAINAMINOTRANSFERLEU-RXN	2K-4CH3-PENTANOATE	right
PYRIMSYN3-RXN	AMINO-HYDROXYMETHYL-METHYL-PYR-P	left
PYRIMSYN3-RXN	ATP	left
PYRIMSYN3-RXN	AMINO-HYDROXYMETHYL-METHYLPYRIMIDINE-PP	right
PYRIMSYN3-RXN	ADP	right
RXN-8316	CPD-2183	left
RXN-8316	OXYGEN-MOLECULE	left
RXN-8316	Reduced-ferredoxins	left
RXN-8316	PROTON	left
RXN-8316	CPD-8086	right
RXN-8316	WATER	right
RXN-8316	Oxidized-ferredoxins	right
RXN-14971	ETR-Quinones	left
RXN-14971	SUC	left
RXN-14971	ETR-Quinols	right
RXN-14971	FUM	right
RXN-12140	CPD-13091	left
RXN-12140	WATER	left
RXN-12140	CPD-13093	right
2.5.1.43-RXN	S-ADENOSYLMETHIONINE	left
2.5.1.43-RXN	PROTON	right
2.5.1.43-RXN	CPD-463	right
2.5.1.43-RXN	5-METHYLTHIOADENOSINE	right
RXN-4728	CPD-12575	left
RXN-4728	CPD-4209	left
RXN-4728	PROTON	right
RXN-4728	CPD-4603	right
RXN-4728	UDP	right
RXN-1623	ACYL-COA	left
RXN-1623	ACYL-SN-GLYCEROL-3P	left
RXN-1623	L-PHOSPHATIDATE	right
RXN-1623	CO-A	right
ARGDECARBOX-RXN	ARG	left
ARGDECARBOX-RXN	PROTON	left
ARGDECARBOX-RXN	AGMATHINE	right
ARGDECARBOX-RXN	CARBON-DIOXIDE	right
RXN0-6721	MET	left
RXN0-6721	HYDROGEN-PEROXIDE	left
RXN0-6721	L-Methionine-sulfoxides	right
RXN0-6721	WATER	right
RXN-15511	Protein-Histidines	left
RXN-15511	23-DIPHOSPHOGLYCERATE	left
RXN-15511	Protein-pi-phospho-L-histidines	right
RXN-15511	G3P	right
RXN-17678	CPD-11512	left
RXN-17678	NADP	left
RXN-17678	2R-3R-Dihydroflavonols	right
RXN-17678	NADPH	right
RXN-17678	PROTON	right
RXN0-5245	FUM	left
RXN0-5245	PROTON	left
RXN0-5245	E-	left
RXN0-5245	SUC	right
RXN-10938	1-PHOSPHATIDYL-1D-MYO-INOSITOL-35-BISPH	left
RXN-10938	WATER	left
RXN-10938	CPD-177	right
RXN-10938	Pi	right
RXN-19828	14-alpha-methylsteroids	left
RXN-19828	OXYGEN-MOLECULE	left
RXN-19828	Red-NADPH-Hemoprotein-Reductases	left
RXN-19828	14a-Hydroxymethylsteroids	right
RXN-19828	WATER	right
RXN-19828	Ox-NADPH-Hemoprotein-Reductases	right
RXN-24775	HEXANOYL-COA	left
RXN-24775	NADP	left
RXN-24775	CPD0-2121	right
RXN-24775	NADPH	right
RXN-24775	PROTON	right
RXN0-1602	DITP	left
RXN0-1602	WATER	left
RXN0-1602	PROTON	right
RXN0-1602	DIMP	right
RXN0-1602	PPI	right
DCTP-DEAM-RXN	PROTON	left
DCTP-DEAM-RXN	WATER	left
DCTP-DEAM-RXN	DCTP	left
DCTP-DEAM-RXN	AMMONIUM	right
DCTP-DEAM-RXN	DUTP	right
TRANS-RXN-71	PROTON	left
TRANS-RXN-71	SER	left
TRANS-RXN-71	PROTON	right
TRANS-RXN-71	SER	right
3.2.1.14-RXN	CHITIN	left
3.2.1.14-RXN	WATER	left
3.2.1.14-RXN	Chitodextrins	right
1.8.1.4-RXN	Dihydro-Lipoyl-Proteins	left
1.8.1.4-RXN	NAD	left
1.8.1.4-RXN	Lipoyl-Protein-N6-lipoyllysine	right
1.8.1.4-RXN	NADH	right
1.8.1.4-RXN	PROTON	right
RXN-17243	S-ADENOSYLMETHIONINE	left
RXN-17243	Phthiotriols	left
RXN-17243	ADENOSYL-HOMO-CYS	right
RXN-17243	Phthiocerols	right
RXN-17243	PROTON	right
FLAVONOID-3-MONOOXYGENASE-RXN	Flavonoids	left
FLAVONOID-3-MONOOXYGENASE-RXN	OXYGEN-MOLECULE	left
FLAVONOID-3-MONOOXYGENASE-RXN	Red-NADPH-Hemoprotein-Reductases	left
FLAVONOID-3-MONOOXYGENASE-RXN	3prime-Hydroxy-Flavonoids	right
FLAVONOID-3-MONOOXYGENASE-RXN	WATER	right
FLAVONOID-3-MONOOXYGENASE-RXN	Ox-NADPH-Hemoprotein-Reductases	right
RXN-16402	18-HYDROXYOLEATE	left
RXN-16402	CO-A	left
RXN-16402	ATP	left
RXN-16402	CPD-17370	right
RXN-16402	PPI	right
RXN-16402	AMP	right
RXN-4541	CPD-4442	left
RXN-4541	WATER	left
RXN-4541	D-Ribofuranose	right
RXN-4541	CPD-4441	right
RXN-10457	Jasmonic-Acids	left
RXN-10457	VAL	left
RXN-10457	ATP	left
RXN-10457	Jasmonoyl-Valines	right
RXN-10457	AMP	right
RXN-10457	PPI	right
RXN-10457	PROTON	right
RXN-7997	CAFFEOYL-COA	left
RXN-7997	PELARGONIDIN-3-GLUCOSIDE-CMPD	left
RXN-7997	CPD-7383	right
RXN-7997	CO-A	right
RXN-7997	PROTON	right
RXN-5821	TYRAMINE	left
RXN-5821	OXYGEN-MOLECULE	left
RXN-5821	WATER	left
RXN-5821	HYDRPHENYLAC-CPD	right
RXN-5821	AMMONIUM	right
RXN-5821	HYDROGEN-PEROXIDE	right
RXN-8813	DELTA3-ISOPENTENYL-PP	left
RXN-8813	GERANYLGERANYL-PP	left
RXN-8813	ALL-TRANS-PENTAPRENYL-DIPHOSPHATE	right
RXN-8813	PPI	right
GDPKIN-RXN	ATP	left
GDPKIN-RXN	GDP	left
GDPKIN-RXN	ADP	right
GDPKIN-RXN	GTP	right
GLUCURONOKINASE-RXN	D-Glucopyranuronate	left
GLUCURONOKINASE-RXN	ATP	left
GLUCURONOKINASE-RXN	CPD-510	right
GLUCURONOKINASE-RXN	ADP	right
GLUCURONOKINASE-RXN	PROTON	right
ADENODEAMIN-RXN	ADENOSINE	left
ADENODEAMIN-RXN	WATER	left
ADENODEAMIN-RXN	PROTON	left
ADENODEAMIN-RXN	INOSINE	right
ADENODEAMIN-RXN	AMMONIUM	right
HYDROXYMETHYLGLUTARYL-COA-LYASE-RXN	3-HYDROXY-3-METHYL-GLUTARYL-COA	left
HYDROXYMETHYLGLUTARYL-COA-LYASE-RXN	3-KETOBUTYRATE	right
HYDROXYMETHYLGLUTARYL-COA-LYASE-RXN	ACETYL-COA	right
RXN-16048	Palmitoyl-lipid	left
RXN-16048	OXYGEN-MOLECULE	left
RXN-16048	Reduced-ferredoxins	left
RXN-16048	PROTON	left
RXN-16048	CPD-17294	right
RXN-16048	WATER	right
RXN-16048	Oxidized-ferredoxins	right
RXN-16892	S-ADENOSYLMETHIONINE	left
RXN-16892	Protein-N-omega-methyl-arginine	left
RXN-16892	ADENOSYL-HOMO-CYS	right
RXN-16892	Protein-N-Nprime-omega-dimethyl-arginine	right
RXN-16892	PROTON	right
TRANS-HEXAPRENYLTRANSTRANSFERASE-RXN	FARNESYL-PP	left
TRANS-HEXAPRENYLTRANSTRANSFERASE-RXN	DELTA3-ISOPENTENYL-PP	left
TRANS-HEXAPRENYLTRANSTRANSFERASE-RXN	ALL-TRANS-HEPTAPRENYL-DIPHOSPHATE	right
TRANS-HEXAPRENYLTRANSTRANSFERASE-RXN	PPI	right
RXN-13191	MG-PROTOPORPHYRIN-MONOMETHYL-ESTER	left
RXN-13191	NADPH	left
RXN-13191	PROTON	left
RXN-13191	OXYGEN-MOLECULE	left
RXN-13191	DIVINYL-PROTOCHLOROPHYLLIDE-A	right
RXN-13191	NADP	right
RXN-13191	WATER	right
RXN-17698	CPD-12575	left
RXN-17698	CPD-10414	left
RXN-17698	2R-3R-Flavan-3-O-glucosides	right
RXN-17698	UDP	right
RXN-17698	PROTON	right
RXN-16116	CPD-18	left
RXN-16116	Red-NADPH-Hemoprotein-Reductases	left
RXN-16116	OXYGEN-MOLECULE	left
RXN-16116	CPD-17371	right
RXN-16116	Ox-NADPH-Hemoprotein-Reductases	right
RXN-16116	WATER	right
RXN-13536	CPD-7035	left
RXN-13536	NADP	left
RXN-13536	PHENYLACETALDEHYDE	right
RXN-13536	NADPH	right
RXN-13536	PROTON	right
RXN-22684	CPD-24912	left
RXN-22684	CPD-110	right
RXN-22684	CPD-24913	right
RXN0-5180	FARNESYL-PP	left
RXN0-5180	DELTA3-ISOPENTENYL-PP	left
RXN0-5180	CPD0-1028	right
RXN0-5180	PPI	right
OROPRIBTRANS-RXN	OROTIDINE-5-PHOSPHATE	left
OROPRIBTRANS-RXN	PPI	left
OROPRIBTRANS-RXN	PRPP	right
OROPRIBTRANS-RXN	OROTATE	right
RXN-19381	D-CYSTEINE	left
RXN-19381	HS	right
RXN-19381	2-AMINOACRYLATE	right
RXN-8361	CPD-8158	left
RXN-8361	OXYGEN-MOLECULE	left
RXN-8361	FERROCYTOCHROME-B5	left
RXN-8361	PROTON	left
RXN-8361	CPD-8159	right
RXN-8361	WATER	right
RXN-8361	FERRICYTOCHROME-B5	right
GLUTKIN-RXN	GLT	left
GLUTKIN-RXN	ATP	left
GLUTKIN-RXN	L-GLUTAMATE-5-P	right
GLUTKIN-RXN	ADP	right
RXN-4735	CPD-12575	left
RXN-4735	CPD-4441	left
RXN-4735	CPD-4620	right
RXN-4735	PROTON	right
RXN-4735	UDP	right
CYTOCHROME-B5-REDUCTASE-RXN	FERRICYTOCHROME-B5	left
CYTOCHROME-B5-REDUCTASE-RXN	NADH	left
CYTOCHROME-B5-REDUCTASE-RXN	FERROCYTOCHROME-B5	right
CYTOCHROME-B5-REDUCTASE-RXN	NAD	right
CYTOCHROME-B5-REDUCTASE-RXN	PROTON	right
RXN-13760	UTP	left
RXN-13760	CPD-7246	left
RXN-13760	PROTON	left
RXN-13760	PPI	right
RXN-13760	CPD-14795	right
TRANS-RXN0-570	PYRUVATE	left
TRANS-RXN0-570	PYRUVATE	right
RXN-8351	CPD-15870	left
RXN-8351	CYS	left
RXN-8351	Donor-H2	left
RXN-8351	CPD-15871	right
RXN-8351	L-ALPHA-ALANINE	right
RXN-8351	WATER	right
RXN-8351	Acceptor	right
RXN-5284	131-OXO-MAGNESIUM-PROTOPORPHYRIN-IX-13-M	left
RXN-5284	OXYGEN-MOLECULE	left
RXN-5284	NADPH	left
RXN-5284	DIVINYL-PROTOCHLOROPHYLLIDE-A	right
RXN-5284	NADP	right
RXN-5284	WATER	right
HEME-OXYGENASE-DECYCLIZING-RXN	PROTOHEME	left
HEME-OXYGENASE-DECYCLIZING-RXN	OXYGEN-MOLECULE	left
HEME-OXYGENASE-DECYCLIZING-RXN	Red-NADPH-Hemoprotein-Reductases	left
HEME-OXYGENASE-DECYCLIZING-RXN	PROTON	left
HEME-OXYGENASE-DECYCLIZING-RXN	BILIVERDINE	right
HEME-OXYGENASE-DECYCLIZING-RXN	FE+2	right
HEME-OXYGENASE-DECYCLIZING-RXN	CARBON-MONOXIDE	right
HEME-OXYGENASE-DECYCLIZING-RXN	Ox-NADPH-Hemoprotein-Reductases	right
HEME-OXYGENASE-DECYCLIZING-RXN	WATER	right
RXN-9564	CPD-10201	left
RXN-9564	NADP	left
RXN-9564	CPD-10206	right
RXN-9564	NADPH	right
RXN-9564	PROTON	right
RXN-11902	CHLOROPHYLLIDE-A	left
RXN-11902	Oxidized-ferredoxins	left
RXN-11902	ADP	left
RXN-11902	Pi	left
RXN-11902	MONO-VINYL-PROTOCHLOROPHYLLIDE-A	right
RXN-11902	Reduced-ferredoxins	right
RXN-11902	ATP	right
RXN-11902	WATER	right
RXN-20153	ACYL-COA	left
RXN-20153	ACETYL-COA	left
RXN-20153	3-Oxoacyl-CoAs	right
RXN-20153	CO-A	right
RXN-16172	CPD-17421	left
RXN-16172	Red-NADPH-Hemoprotein-Reductases	left
RXN-16172	OXYGEN-MOLECULE	left
RXN-16172	CPD-716	right
RXN-16172	Ox-NADPH-Hemoprotein-Reductases	right
RXN-16172	WATER	right
RXN-7998	P-COUMAROYL-COA	left
RXN-7998	PELARGONIDIN-3-GLUCOSIDE-CMPD	left
RXN-7998	CPD-7384	right
RXN-7998	CO-A	right
GLUTAMATE-DEHYDROGENASE-NADP+-RXN	NAD-P-OR-NOP	left
GLUTAMATE-DEHYDROGENASE-NADP+-RXN	WATER	left
GLUTAMATE-DEHYDROGENASE-NADP+-RXN	GLT	left
GLUTAMATE-DEHYDROGENASE-NADP+-RXN	NADH-P-OR-NOP	right
GLUTAMATE-DEHYDROGENASE-NADP+-RXN	2-KETOGLUTARATE	right
GLUTAMATE-DEHYDROGENASE-NADP+-RXN	AMMONIUM	right
GLUTAMATE-DEHYDROGENASE-NADP+-RXN	PROTON	right
RXN-8310	CPD-8082	left
RXN-8310	OXYGEN-MOLECULE	left
RXN-8310	Reduced-ferredoxins	left
RXN-8310	PROTON	left
RXN-8310	CPD-8084	right
RXN-8310	WATER	right
RXN-8310	Oxidized-ferredoxins	right
RXN-10876	PAPS	left
RXN-10876	CPD-634	left
RXN-10876	3-5-ADP	right
RXN-10876	CPD-19795	right
RXN-10876	PROTON	right
RXN-24539	UREA	left
RXN-24539	WATER	left
RXN-24539	AMMONIUM	right
RXN-24539	CARBAMATE	right
RXN1F-162	CPD1F-95	left
RXN1F-162	OXYGEN-MOLECULE	left
RXN1F-162	2-KETOGLUTARATE	left
RXN1F-162	CPD1F-97	right
RXN1F-162	CARBON-DIOXIDE	right
RXN1F-162	SUC	right
RXN-19357	CPD-14553	left
RXN-19357	Gal-1-2-alpha-1-6-oligomannan	left
RXN-19357	UDP	right
RXN-19357	Pombe-galactomannans	right
RXN-19357	PROTON	right
RXN-8233	CAFFEOYL-COA	left
RXN-8233	CPD-7139	left
RXN-8233	CPD-7960	right
RXN-8233	CO-A	right
RXN-18428	CPD-17063	left
RXN-18428	WATER	left
RXN-18428	Acceptor	left
RXN-18428	CPD-19775	right
RXN-18428	Donor-H2	right
DIAMINOPIMDECARB-RXN	MESO-DIAMINOPIMELATE	left
DIAMINOPIMDECARB-RXN	PROTON	left
DIAMINOPIMDECARB-RXN	LYS	right
DIAMINOPIMDECARB-RXN	CARBON-DIOXIDE	right
RXN-15533	CPD-9410	left
RXN-15533	Red-NADPH-Hemoprotein-Reductases	left
RXN-15533	OXYGEN-MOLECULE	left
RXN-15533	CPD-16771	right
RXN-15533	Ox-NADPH-Hemoprotein-Reductases	right
RXN-15533	WATER	right
RXN-15374	CPD-16603	left
RXN-15374	CPD-15283	left
RXN-15374	CPD-16604	right
RXN-15374	Glucopyranose	right
2.4.1.195-RXN	CPD-12575	left
2.4.1.195-RXN	PHENYLACETOTHIOHYDROXIMATE	left
2.4.1.195-RXN	BENZYL-DESULFOGLUCOSINOLATE	right
2.4.1.195-RXN	UDP	right
THYROXINE-DEIODINASE-RXN	LIOTHYRONINE	left
THYROXINE-DEIODINASE-RXN	CPD-387	left
THYROXINE-DEIODINASE-RXN	Acceptor	left
THYROXINE-DEIODINASE-RXN	PROTON	left
THYROXINE-DEIODINASE-RXN	L-THYROXINE	right
THYROXINE-DEIODINASE-RXN	Donor-H2	right
RXN-776	CPD-720	left
RXN-776	Acceptor	left
RXN-776	CPD-717	right
RXN-776	Donor-H2	right
RXN-17813	S-ADENOSYLMETHIONINE	left
RXN-17813	CPD-7671	left
RXN-17813	ADENOSYL-HOMO-CYS	right
RXN-17813	CPD-7670	right
RXN-17813	PROTON	right
3.7.1.8-RXN	CPD-14298	left
3.7.1.8-RXN	WATER	left
3.7.1.8-RXN	CPD-14447	right
3.7.1.8-RXN	BENZOATE	right
3.7.1.8-RXN	PROTON	right
RXN-21857	S-ubiquitinyl-UCP-E2-L-cysteine	left
RXN-21857	PROT-CYS	left
RXN-21857	Ubiquitin-carrier-protein-E2-L-cysteine	right
RXN-21857	S-ubiquitinyl-Protein-Cys	right
TIGLYLCOA-HYDROXY-RXN	2-METHYL-3-HYDROXY-BUTYRYL-COA	left
TIGLYLCOA-HYDROXY-RXN	CPD-1083	right
TIGLYLCOA-HYDROXY-RXN	WATER	right
RXN-6321	5-10-METHENYL-THF-GLU-N	left
RXN-6321	WATER	left
RXN-6321	N5-Formyl-THF-Glu-N	right
RXN-6321	PROTON	right
RXN-18896	CPD-20262	left
RXN-18896	CPD-20263	right
RXN-18896	WATER	right
RXN-18896	PROTON	right
RXN-5961	PROTON	left
RXN-5961	CPD1F-118	left
RXN-5961	NADPH	left
RXN-5961	OXYGEN-MOLECULE	left
RXN-5961	CPD-5661	right
RXN-5961	NADP	right
RXN-5961	WATER	right
THIAMINASE-RXN	WATER	left
THIAMINASE-RXN	THIAMINE	left
THIAMINASE-RXN	PROTON	right
THIAMINASE-RXN	THZ	right
THIAMINASE-RXN	HMP	right
UROGENIIISYN-RXN	HYDROXYMETHYLBILANE	left
UROGENIIISYN-RXN	UROPORPHYRINOGEN-III	right
UROGENIIISYN-RXN	WATER	right
RXN-13565	CPD-13518	left
RXN-13565	NADPH	left
RXN-13565	OXYGEN-MOLECULE	left
RXN-13565	L-CITRULLINE	right
RXN-13565	NITRIC-OXIDE	right
RXN-13565	NADP	right
RXN-13565	WATER	right
RXN-13565	PROTON	right
RXN-11936	CPD-12911	left
RXN-11936	FERROCYTOCHROME-B5	left
RXN-11936	OXYGEN-MOLECULE	left
RXN-11936	PROTON	left
RXN-11936	CPD-12912	right
RXN-11936	FERRICYTOCHROME-B5	right
RXN-11936	WATER	right
RXN-7699	D-3-HYDROXYACYL-COA	left
RXN-7699	TRANS-D2-ENOYL-COA	right
RXN-7699	WATER	right
GLUTAMINESYN-RXN	AMMONIUM	left
GLUTAMINESYN-RXN	GLT	left
GLUTAMINESYN-RXN	ATP	left
GLUTAMINESYN-RXN	PROTON	right
GLUTAMINESYN-RXN	GLN	right
GLUTAMINESYN-RXN	ADP	right
GLUTAMINESYN-RXN	Pi	right
RXN-15402	S-ADENOSYLMETHIONINE	left
RXN-15402	CPD-16638	left
RXN-15402	CPD-16637	right
RXN-15402	ADENOSYL-HOMO-CYS	right
RXN-15402	PROTON	right
1.5.99.12-RXN	CPD-4209	left
1.5.99.12-RXN	Acceptor	left
1.5.99.12-RXN	WATER	left
1.5.99.12-RXN	PRENAL	right
1.5.99.12-RXN	Donor-H2	right
1.5.99.12-RXN	ADENINE	right
THEANINE-HYDROLASE-RXN	CPD-9384	left
THEANINE-HYDROLASE-RXN	WATER	left
THEANINE-HYDROLASE-RXN	GLT	right
THEANINE-HYDROLASE-RXN	ETHANAMINE	right
RXN-18696	CPD-19971	left
RXN-18696	WATER	left
RXN-18696	2-KETOGLUTARATE	right
RXN-18696	CYS-GLY	right
TRIACYLGLYCEROL-LIPASE-RXN	Triacylglycerols	left
TRIACYLGLYCEROL-LIPASE-RXN	WATER	left
TRIACYLGLYCEROL-LIPASE-RXN	DIACYLGLYCEROL	right
TRIACYLGLYCEROL-LIPASE-RXN	Fatty-Acids	right
TRIACYLGLYCEROL-LIPASE-RXN	PROTON	right
RXN-23254	Protein-L-serines	left
RXN-23254	ATP	left
RXN-23254	Protein-serine-adenylate	right
RXN-23254	PPI	right
RXN-4242	CPD-707	left
RXN-4242	NADP	left
RXN-4242	PROTON	right
RXN-4242	CPD-8135	right
RXN-4242	NADPH	right
DTDPDEHYRHAMREDUCT-RXN	DTDP-RHAMNOSE	left
DTDPDEHYRHAMREDUCT-RXN	NADP	left
DTDPDEHYRHAMREDUCT-RXN	DTDP-DEOH-DEOXY-MANNOSE	right
DTDPDEHYRHAMREDUCT-RXN	NADPH	right
DTDPDEHYRHAMREDUCT-RXN	PROTON	right
TRANS-RXN-236	LOS	left
TRANS-RXN-236	ATP	left
TRANS-RXN-236	WATER	left
TRANS-RXN-236	LOS	right
TRANS-RXN-236	ADP	right
TRANS-RXN-236	Pi	right
TRANS-RXN-236	PROTON	right
RXNQT-4398	CPD-12575	left
RXNQT-4398	CPD-634	left
RXNQT-4398	CPDQT-522	right
RXNQT-4398	UDP	right
RXNQT-4398	PROTON	right
RXN1F-160	CPD1F-136	left
RXN1F-160	Red-NADPH-Hemoprotein-Reductases	left
RXN1F-160	OXYGEN-MOLECULE	left
RXN1F-160	CPD1F-138	right
RXN1F-160	Ox-NADPH-Hemoprotein-Reductases	right
RXN1F-160	WATER	right
RXN-12718	3-HYDROXY-5917-TRIOXO-45910-DISECOA	left
RXN-12718	WATER	left
RXN-12718	CPD-13711	right
RXN-12718	CPD-13712	right
RXN-12718	PROTON	right
RXN-11832	ATP	left
RXN-11832	CMP	left
RXN-11832	ADP	right
RXN-11832	CDP	right
RXN-22337	METHYLARSONITE	left
RXN-22337	OXYGEN-MOLECULE	left
RXN-22337	METHYLARSONATE	right
RXN-22337	PROTON	right
RXN-12647	Oxidized-Plastocyanins	left
RXN-12647	E-	left
RXN-12647	Plastocyanin-Reduced	right
RXN-8319	CPD-8087	left
RXN-8319	OXYGEN-MOLECULE	left
RXN-8319	Reduced-ferredoxins	left
RXN-8319	PROTON	left
RXN-8319	CPD-2186	right
RXN-8319	WATER	right
RXN-8319	Oxidized-ferredoxins	right
RXN-12588	CYS	left
RXN-12588	Unsulfurated-Sulfur-Acceptors	left
RXN-12588	L-ALPHA-ALANINE	right
RXN-12588	Sulfurated-Sulfur-Acceptors	right
RXN-15509	Protein-Histidines	left
RXN-15509	23-DIPHOSPHOGLYCERATE	left
RXN-15509	Protein-pi-phospho-L-histidines	right
RXN-15509	CPD-16758	right
CARBAMATE-KINASE-RXN	AMMONIUM	left
CARBAMATE-KINASE-RXN	HCO3	left
CARBAMATE-KINASE-RXN	ATP	left
CARBAMATE-KINASE-RXN	CARBAMOYL-P	right
CARBAMATE-KINASE-RXN	ADP	right
CARBAMATE-KINASE-RXN	WATER	right
CARBAMATE-KINASE-RXN	PROTON	right
RXN-12924	S-ADENOSYLMETHIONINE	left
RXN-12924	CPD-13806	left
RXN-12924	ADENOSYL-HOMO-CYS	right
RXN-12924	CPD-13805	right
RXN-12924	PROTON	right
RXN-20398	CPD1G-277	left
RXN-20398	PHYTOSPINGOSINE	left
RXN-20398	CPD-16357	right
RXN-20398	CO-A	right
RXN-20398	PROTON	right
RXN-16406	CPD-17646	left
RXN-16406	NADP	left
RXN-16406	CPD-17645	right
RXN-16406	NADPH	right
RXN-16406	PROTON	right
RXN-10972	ATP	left
RXN-10972	MI-HEXAKISPHOSPHATE	left
RXN-10972	ADP	right
RXN-10972	CPD-11700	right
HISTOLDEHYD-RXN	HISTIDINOL	left
HISTOLDEHYD-RXN	NAD	left
HISTOLDEHYD-RXN	PROTON	right
HISTOLDEHYD-RXN	HISTIDINAL	right
HISTOLDEHYD-RXN	NADH	right
RXN-7683	PHYTOL	left
RXN-7683	CTP	left
RXN-7683	PROTON	right
RXN-7683	CPD-7025	right
RXN-7683	CDP	right
RXN-13323	GERANYLGERANYL-PP	left
RXN-13323	CPD-12321	right
RXN-13323	PPI	right
RXN-22329	Methylarsenite-Arsenite-Methyltranferase	left
RXN-22329	WATER	left
RXN-22329	METHYLARSONITE	right
RXN-22329	Arsenite-methyltransferases	right
CATAL-RXN	HYDROGEN-PEROXIDE	left
CATAL-RXN	WATER	right
CATAL-RXN	OXYGEN-MOLECULE	right
1.1.1.288-RXN	CPD-7279	left
1.1.1.288-RXN	NAD	left
1.1.1.288-RXN	CPD-692	right
1.1.1.288-RXN	NADH	right
1.1.1.288-RXN	PROTON	right
RXN-4729	CPD-12575	left
RXN-4729	CPD-4604	left
RXN-4729	PROTON	right
RXN-4729	CPD-4607	right
RXN-4729	UDP	right
RXN-12752	CPD0-2472	left
RXN-12752	CPD-653	right
RXN-9384	O-SUCCINYL-L-HOMOSERINE	left
RXN-9384	HS	left
RXN-9384	PROTON	right
RXN-9384	HOMO-CYS	right
RXN-9384	SUC	right
FCLEPIM-RXN	GDP-4-DEHYDRO-6-DEOXY-D-MANNOSE	left
FCLEPIM-RXN	GDP-4-DEHYDRO-6-L-DEOXYGALACTOSE	right
RXN-16820	tRNA-uridine34	left
RXN-16820	ENZYME-S-SULFANYLCYSTEINE	left
RXN-16820	ATP	left
RXN-16820	Donor-H2	left
RXN-16820	tRNA-2-thiouridine34	right
RXN-16820	PROT-CYS	right
RXN-16820	AMP	right
RXN-16820	PPI	right
RXN-16820	Acceptor	right
RXN-16820	PROTON	right
RXN-15651	2-KETO-GLUTARAMATE	left
RXN-15651	CPD-16876	right
RXN66-471	2-OH-3-Methyl-Saturated-Fatty-Acyl-CoA	left
RXN66-471	2-Me-Branched-234-Sat-FALD	right
RXN66-471	FORMYL-COA	right
RXN-11626	CPD-12587	left
RXN-11626	CTP	left
RXN-11626	FARNESYL-PP	right
RXN-11626	CDP	right
PYRIDOXINE-4-DEHYDROGENASE-RXN	NADP	left
PYRIDOXINE-4-DEHYDROGENASE-RXN	PYRIDOXINE	left
PYRIDOXINE-4-DEHYDROGENASE-RXN	PROTON	right
PYRIDOXINE-4-DEHYDROGENASE-RXN	NADPH	right
PYRIDOXINE-4-DEHYDROGENASE-RXN	PYRIDOXAL	right
RXN-8962	CPD-9006	left
RXN-8962	OXYGEN-MOLECULE	left
RXN-8962	Red-NADPH-Hemoprotein-Reductases	left
RXN-8962	CPD-9411	right
RXN-8962	WATER	right
RXN-8962	Ox-NADPH-Hemoprotein-Reductases	right
AICARTRANSFORM-RXN	FORMYL-THF-GLU-N	left
AICARTRANSFORM-RXN	AICAR	left
AICARTRANSFORM-RXN	THF-GLU-N	right
AICARTRANSFORM-RXN	PHOSPHORIBOSYL-FORMAMIDO-CARBOXAMIDE	right
RXN-16009	Nucleoside-3-5-bisphosphate	left
RXN-16009	WATER	left
RXN-16009	Nucleoside-Monophosphates	right
RXN-16009	Pi	right
RXN-8654	LIPOIC-ACID	left
RXN-8654	ATP	left
RXN-8654	PROTON	left
RXN-8654	LIPOYL-AMP	right
RXN-8654	PPI	right
RXN-8461	CPD-253	left
RXN-8461	PROTON	right
RXN-8461	CPD-8651	right
RXN-8461	WATER	right
RXN-17911	Cyclic-Phosphate-Terminated-RNAs	left
RXN-17911	WATER	left
RXN-17911	3-Prime-Phosphate-Terminated-RNAs	right
RXN-17911	PROTON	right
DIPHTINE--AMMONIA-LIGASE-RXN	DIPHTINE	left
DIPHTINE--AMMONIA-LIGASE-RXN	AMMONIUM	left
DIPHTINE--AMMONIA-LIGASE-RXN	ATP	left
DIPHTINE--AMMONIA-LIGASE-RXN	PROTON	right
DIPHTINE--AMMONIA-LIGASE-RXN	DIPHTHAMIDE	right
DIPHTINE--AMMONIA-LIGASE-RXN	AMP	right
DIPHTINE--AMMONIA-LIGASE-RXN	PPI	right
RXN-14290	DATP	left
RXN-14290	CPD-12377	left
RXN-14290	CPD-13851	right
RXN-14290	WATER	right
RXN-8655	LIPOYL-AMP	left
RXN-8655	Lipoyl-Protein-L-Lysine	left
RXN-8655	Lipoyl-Protein-N6-lipoyllysine	right
RXN-8655	AMP	right
RXN-8655	PROTON	right
FERREDOXIN--NITRITE-REDUCTASE-RXN	AMMONIUM	left
FERREDOXIN--NITRITE-REDUCTASE-RXN	WATER	left
FERREDOXIN--NITRITE-REDUCTASE-RXN	Oxidized-ferredoxins	left
FERREDOXIN--NITRITE-REDUCTASE-RXN	NITRITE	right
FERREDOXIN--NITRITE-REDUCTASE-RXN	Reduced-ferredoxins	right
FERREDOXIN--NITRITE-REDUCTASE-RXN	PROTON	right
ISPH2-RXN	DELTA3-ISOPENTENYL-PP	left
ISPH2-RXN	Oxidized-ferredoxins	left
ISPH2-RXN	WATER	left
ISPH2-RXN	HYDROXY-METHYL-BUTENYL-DIP	right
ISPH2-RXN	Reduced-ferredoxins	right
ISPH2-RXN	PROTON	right
RXN-10450	CPD-734	left
RXN-10450	OXYGEN-MOLECULE	left
RXN-10450	NADPH	left
RXN-10450	PROTON	left
RXN-10450	CPD-11253	right
RXN-10450	NADP	right
RXN-10450	WATER	right
RXN-17869	ACETYL-COA	left
RXN-17869	L-methionyl-L-alanyl-Protein	left
RXN-17869	N-Ac-L-methionyl-L-alanyl-Protein	right
RXN-17869	CO-A	right
RXN-17869	PROTON	right
RXN-9397	CPD-260	left
RXN-9397	NAD	left
RXN-9397	CPD-10037	right
RXN-9397	NADH	right
RXN-9397	PROTON	right
RXN-18256	CMP-N-ACETYL-NEURAMINATE	left
RXN-18256	beta-Gal-13-beta-GlcNac-R	left
RXN-18256	aNeuAc-23-bGal-13-bGlcNAC-R	right
RXN-18256	CMP	right
RXN-18256	PROTON	right
RXN-16400	OLEATE-CPD	left
RXN-16400	OXYGEN-MOLECULE	left
RXN-16400	Red-NADPH-Hemoprotein-Reductases	left
RXN-16400	18-HYDROXYOLEATE	right
RXN-16400	Ox-NADPH-Hemoprotein-Reductases	right
RXN-16400	WATER	right
RXN-8035	CPD-459	left
RXN-8035	CPD-7417	right
RXN-8295	CPD-8073	left
RXN-8295	OXYGEN-MOLECULE	left
RXN-8295	Reduced-ferredoxins	left
RXN-8295	PROTON	left
RXN-8295	CPD-8074	right
RXN-8295	WATER	right
RXN-8295	Oxidized-ferredoxins	right
D-XYLULOSE-REDUCTASE-RXN	XYLITOL	left
D-XYLULOSE-REDUCTASE-RXN	NAD	left
D-XYLULOSE-REDUCTASE-RXN	D-XYLULOSE	right
D-XYLULOSE-REDUCTASE-RXN	NADH	right
D-XYLULOSE-REDUCTASE-RXN	PROTON	right
RXN-16408	CPD-17638	left
RXN-16408	NADPH	left
RXN-16408	PROTON	left
RXN-16408	CPD-17647	right
RXN-16408	CO-A	right
RXN-16408	NADP	right
RXN-5761	S-ADENOSYLMETHIONINE	left
RXN-5761	ETHANOL-AMINE	left
RXN-5761	PROTON	right
RXN-5761	CPD-5601	right
RXN-5761	ADENOSYL-HOMO-CYS	right
RXN-19787	CPD-7989	left
RXN-19787	Red-NADPH-Hemoprotein-Reductases	left
RXN-19787	OXYGEN-MOLECULE	left
RXN-19787	CPD-21400	right
RXN-19787	Ox-NADPH-Hemoprotein-Reductases	right
RXN-19787	WATER	right
RXN-9084	INDOLE_ACETATE_AUXIN	left
RXN-9084	PHE	left
RXN-9084	ATP	left
RXN-9084	PROTON	right
RXN-9084	CPD-9582	right
RXN-9084	AMP	right
RXN-9084	PPI	right
RXN-10032	CPD-10792	left
RXN-10032	WATER	left
RXN-10032	NAD	left
RXN-10032	DEHYDROQUINATE	right
RXN-10032	AMMONIUM	right
RXN-10032	NADH	right
RXN-10032	PROTON	right
RXN-20619	S-ADENOSYLMETHIONINE	left
RXN-20619	Histone-H3-K36	left
RXN-20619	ADENOSYL-HOMO-CYS	right
RXN-20619	Histone-H3-K36m3	right
RXN-20619	PROTON	right
+-BORNEOL-DEHYDROGENASE-RXN	CPD-1903	left
+-BORNEOL-DEHYDROGENASE-RXN	NAD	left
+-BORNEOL-DEHYDROGENASE-RXN	CPD-862	right
+-BORNEOL-DEHYDROGENASE-RXN	NADH	right
+-BORNEOL-DEHYDROGENASE-RXN	PROTON	right
RXN-15490	Light	right
RXN-8025	CPD1F-129	left
RXN-8025	OXYGEN-MOLECULE	left
RXN-8025	Reduced-ferredoxins	left
RXN-8025	PROTON	left
RXN-8025	CPD-7409	right
RXN-8025	WATER	right
RXN-8025	Oxidized-ferredoxins	right
RXN-13193	CPD1F-130	left
RXN-13193	Reduced-ferredoxins	left
RXN-13193	PROTON	left
RXN-13193	OXYGEN-MOLECULE	left
RXN-13193	CPD1F-133	right
RXN-13193	Oxidized-ferredoxins	right
RXN-13193	WATER	right
RXN-1443	PAPS	left
RXN-1443	CPD-1862	left
RXN-1443	3-5-ADP	right
RXN-1443	CPD-1863	right
RXN-1443	PROTON	right
RXN0-6727	CPD-653	left
RXN0-6727	ADP	left
RXN0-6727	PROTON	right
RXN0-6727	NADH	right
RXN0-6727	AMP	right
RXN0-6727	Pi	right
GLUTAMIDOTRANS-RXN	PHOSPHORIBULOSYL-FORMIMINO-AICAR-P	left
GLUTAMIDOTRANS-RXN	GLN	left
GLUTAMIDOTRANS-RXN	PROTON	right
GLUTAMIDOTRANS-RXN	GLT	right
GLUTAMIDOTRANS-RXN	D-ERYTHRO-IMIDAZOLE-GLYCEROL-P	right
GLUTAMIDOTRANS-RXN	AICAR	right
RXNQT-4141	GDP-L-GALACTOSE	left
RXNQT-4141	Pi	left
RXNQT-4141	PROTON	right
RXNQT-4141	GDP	right
RXNQT-4141	CPDQT-4	right
RXN-19701	CPD-12575	left
RXN-19701	CPD-9459	left
RXN-19701	CPD-21330	right
RXN-19701	UDP	right
RXN-19701	PROTON	right
RXN-18705	L-Cysteine-Desulfurase-persulfide	left
RXN-18705	TUM1-L-cysteine	left
RXN-18705	Cysteine-Desulfurase-L-cysteine	right
RXN-18705	TUM1-S-sulfanylcysteine	right
RXN-14639	S-ADENOSYLMETHIONINE	left
RXN-14639	CPD-15476	left
RXN-14639	PROTON	right
RXN-14639	ADENOSYL-HOMO-CYS	right
RXN-14639	CPD-15474	right
FESGSHTHIO-RXN	CPD-11281	left
FESGSHTHIO-RXN	OXYGEN-MOLECULE	left
FESGSHTHIO-RXN	CPD-17866	right
FESGSHTHIO-RXN	PROTON	right
RXN-14569	THR	left
RXN-14569	HCO3	left
RXN-14569	ATP	left
RXN-14569	CPD-15435	right
RXN-14569	PPI	right
RXN-14569	WATER	right
TRANSENOYLCOARED-RXN	Saturated-Fatty-Acyl-CoA	left
TRANSENOYLCOARED-RXN	NADP	left
TRANSENOYLCOARED-RXN	TRANS-D2-ENOYL-COA	right
TRANSENOYLCOARED-RXN	NADPH	right
TRANSENOYLCOARED-RXN	PROTON	right
RXN-9539	Myristoyl-ACPs	left
RXN-9539	MALONYL-ACP	left
RXN-9539	PROTON	left
RXN-9539	3-oxo-palmitoyl-ACPs	right
RXN-9539	CARBON-DIOXIDE	right
RXN-9539	ACP	right
RXN-5469	CPD-171	left
RXN-5469	CPD-5167	left
RXN-5469	CPD-5168	right
RXN-5469	DOLICHOLP	right
RXN-5469	PROTON	right
2.5.1.20-RXN	POLY-CIS-POLYPRENYL-DIPHOSPHATE	left
2.5.1.20-RXN	DELTA3-ISOPENTENYL-PP	left
2.5.1.20-RXN	POLY-CIS-POLYPRENYL-DIPHOSPHATE	right
2.5.1.20-RXN	PPI	right
RXN-11819	RH-Group	left
RXN-11819	Alkyl-Hydro-Peroxides	left
RXN-11819	Alcohols	right
RXN-12872	CPD-13914	left
RXN-12872	CPD-13910	right
GCVP-RXN	GLY	left
GCVP-RXN	PROTEIN-LIPOYLLYSINE	left
GCVP-RXN	PROTON	left
GCVP-RXN	AMINOMETHYLDIHYDROLIPOYL-GCVH	right
GCVP-RXN	CARBON-DIOXIDE	right
UDPKIN-RXN	ATP	left
UDPKIN-RXN	UDP	left
UDPKIN-RXN	ADP	right
UDPKIN-RXN	UTP	right
ABC-19-RXN	ATP	left
ABC-19-RXN	CPD-3	left
ABC-19-RXN	WATER	left
ABC-19-RXN	ADP	right
ABC-19-RXN	Pi	right
ABC-19-RXN	CPD-3	right
ABC-19-RXN	PROTON	right
S-2-HYDROXY-ACID-OXIDASE-RXN	OXYGEN-MOLECULE	left
S-2-HYDROXY-ACID-OXIDASE-RXN	S-2-Hydroxyacids1	left
S-2-HYDROXY-ACID-OXIDASE-RXN	HYDROGEN-PEROXIDE	right
S-2-HYDROXY-ACID-OXIDASE-RXN	2-Oxo-carboxylates	right
RXN-12182	POLY-HYDROXYLATED-TETRAKETIDE-PYRONE	left
RXN-12182	NADP	left
RXN-12182	HYDROXYLATED-TETRAKETIDE-PYRONE	right
RXN-12182	NADPH	right
RXN-12182	PROTON	right
2.4.1.228-RXN	CPD-14553	left
2.4.1.228-RXN	Lactosyl-Ceramides	left
2.4.1.228-RXN	Globotriosylceramides	right
2.4.1.228-RXN	PROTON	right
2.4.1.228-RXN	UDP	right
RXN-12590	RIBOSE-5P	left
RXN-12590	GAP	left
RXN-12590	AMMONIA	left
RXN-12590	PYRIDOXAL_PHOSPHATE	right
RXN-12590	WATER	right
RXN-12590	Pi	right
RXN0-7229	ETR-Quinones	left
RXN0-7229	GLYCOLLATE	left
RXN0-7229	ETR-Quinols	right
RXN0-7229	GLYOX	right
RXN-16302	S-ubiquitinyl-UAP-E1-L-cysteine	left
RXN-16302	Protein-L-lysine	left
RXN-16302	Ubiquitin-activating-protein-E1-L-cys	right
RXN-16302	PROTEIN-N-UBIQUITYL-LYSINE	right
RXN-16302	PROTON	right
RXN-12426	CPD-13433	left
RXN-12426	WATER	left
RXN-12426	CPD-13430	right
RXN-12426	D-galactopyranose	right
2.3.2.15-RXN	Poly-Gamma-Glutamylcysteine-Glycines	left
2.3.2.15-RXN	GLUTATHIONE	left
2.3.2.15-RXN	Poly-Gamma-Glutamylcysteine-Glycines	right
2.3.2.15-RXN	GLY	right
RXN-21399	Triacylglycerols	left
RXN-21399	WATER	left
RXN-21399	Diacyl-sn-Glycerols	right
RXN-21399	Fatty-Acids	right
RXN-21399	PROTON	right
RXN0-1441	ADENOSINE_DIPHOSPHATE_RIBOSE	left
RXN0-1441	WATER	left
RXN0-1441	AMP	right
RXN0-1441	CPD-15317	right
RXN0-1441	PROTON	right
RXN-17888	Charged-ARG-tRNAs	left
RXN-17888	L-Glutamyl-Peptides	left
RXN-17888	ARG-tRNAs	right
RXN-17888	L-arginyl-L-Glutamyl-Peptides	right
RXN-17888	PROTON	right
RXN-7739	CHLOROPHYLLIDE-A	left
RXN-7739	PROTON	left
RXN-7739	CPD-7061	right
RXN-7739	MG+2	right
RXN-9137	DELTA3-ISOPENTENYL-PP	left
RXN-9137	Rubbers	left
RXN-9137	Rubbers	right
RXN-9137	PPI	right
RXN-14441	CPD-7117	left
RXN-14441	CPD-15006	left
RXN-14441	CPD-7139	right
RXN-14441	VANILLATE	right
RXN-3521	ASCORBATE	left
RXN-3521	HYDROGEN-PEROXIDE	left
RXN-3521	PROTON	left
RXN-3521	CPD-318	right
RXN-3521	WATER	right
PHOSMANMUT-RXN	MANNOSE-1P	left
PHOSMANMUT-RXN	CPD-15979	right
RXN-24044	DELTA3-ISOPENTENYL-PP	left
RXN-24044	Oxidized-flavodoxins	left
RXN-24044	WATER	left
RXN-24044	HYDROXY-METHYL-BUTENYL-DIP	right
RXN-24044	Reduced-flavodoxins	right
KETOACYLCOATHIOL-RXN	Saturated-Fatty-Acyl-CoA	left
KETOACYLCOATHIOL-RXN	ACETYL-COA	left
KETOACYLCOATHIOL-RXN	3-KETOACYL-COA	right
KETOACYLCOATHIOL-RXN	CO-A	right
RXN-16053	Palmitoyl-lipid	left
RXN-16053	OXYGEN-MOLECULE	left
RXN-16053	Reduced-ferredoxins	left
RXN-16053	PROTON	left
RXN-16053	Lipid-3E-hexadecenoate	right
RXN-16053	WATER	right
RXN-16053	Oxidized-ferredoxins	right
RXN-11325	CPD-3617	left
RXN-11325	Red-NADPH-Hemoprotein-Reductases	left
RXN-11325	OXYGEN-MOLECULE	left
RXN-11325	10-HYDROXYDECANOATE	right
RXN-11325	Ox-NADPH-Hemoprotein-Reductases	right
RXN-11325	WATER	right
RXN-8480	CPD-12575	left
RXN-8480	CPD-8653	left
RXN-8480	PROTON	right
RXN-8480	CPD-8655	right
RXN-8480	UDP	right
4.2.1.61-RXN	R-3-Hydroxypalmitoyl-ACPs	left
4.2.1.61-RXN	WATER	right
4.2.1.61-RXN	2-Hexadecenoyl-ACPs	right
RXN1F-99	CPD1F-120	left
RXN1F-99	OXYGEN-MOLECULE	left
RXN1F-99	2-KETOGLUTARATE	left
RXN1F-99	PROTON	right
RXN1F-99	CPD1F-84	right
RXN1F-99	CARBON-DIOXIDE	right
RXN1F-99	SUC	right
RXN-14994	CPD-15643	left
RXN-14994	NAD-P-OR-NOP	left
RXN-14994	CPD-10750	right
RXN-14994	NADH-P-OR-NOP	right
RXN-14994	PROTON	right
MALONYL-COA-DECARBOXYLASE-RXN	MALONYL-COA	left
MALONYL-COA-DECARBOXYLASE-RXN	PROTON	left
MALONYL-COA-DECARBOXYLASE-RXN	ACETYL-COA	right
MALONYL-COA-DECARBOXYLASE-RXN	CARBON-DIOXIDE	right
STEROL-GLUCOSYLTRANSFERASE-RXN	CPD-12575	left
STEROL-GLUCOSYLTRANSFERASE-RXN	Sterols	left
STEROL-GLUCOSYLTRANSFERASE-RXN	Sterol-3-beta-D-glucosides	right
STEROL-GLUCOSYLTRANSFERASE-RXN	UDP	right
STEROL-GLUCOSYLTRANSFERASE-RXN	PROTON	right
RXNQT-4397	CPD-12575	left
RXNQT-4397	CPD-697	left
RXNQT-4397	CPDQT-523	right
RXNQT-4397	UDP	right
RXNQT-4397	PROTON	right
RXNQT-4335	CPDQT-286	left
RXNQT-4335	OXYGEN-MOLECULE	left
RXNQT-4335	NADPH	left
RXNQT-4335	PROTON	left
RXNQT-4335	CPDQT-284	right
RXNQT-4335	WATER	right
RXNQT-4335	NADP	right
3.6.4.6-RXN	Membrane-Compartments	left
3.6.4.6-RXN	ATP	left
3.6.4.6-RXN	WATER	left
3.6.4.6-RXN	Membrane-Compartments	right
3.6.4.6-RXN	ADP	right
3.6.4.6-RXN	Pi	right
3.6.4.6-RXN	PROTON	right
RXN0-3741	Deoxy-Ribonucleoside-Monophosphates	left
RXN0-3741	WATER	left
RXN0-3741	Deoxy-Ribonucleosides	right
RXN0-3741	Pi	right
RXN-12155	CPD-10279	left
RXN-12155	Red-NADPH-Hemoprotein-Reductases	left
RXN-12155	OXYGEN-MOLECULE	left
RXN-12155	CPD-14826	right
RXN-12155	Ox-NADPH-Hemoprotein-Reductases	right
RXN-12155	WATER	right
RXN-23292	MEVALONATE	left
RXN-23292	PROTON	left
RXN-23292	CPD-25877	right
RXN-23292	WATER	right
2.7.7.13-RXN	PROTON	left
2.7.7.13-RXN	MANNOSE-1P	left
2.7.7.13-RXN	GTP	left
2.7.7.13-RXN	GDP-MANNOSE	right
2.7.7.13-RXN	PPI	right
QUINATE-5-DEHYDROGENASE-RXN	QUINATE	left
QUINATE-5-DEHYDROGENASE-RXN	NAD-P-OR-NOP	left
QUINATE-5-DEHYDROGENASE-RXN	DEHYDROQUINATE	right
QUINATE-5-DEHYDROGENASE-RXN	NADH-P-OR-NOP	right
QUINATE-5-DEHYDROGENASE-RXN	PROTON	right
PEROXID-RXN	Phenolic-Donors	left
PEROXID-RXN	HYDROGEN-PEROXIDE	left
PEROXID-RXN	Phenoxyl-rad-of-phenolic-donors	right
PEROXID-RXN	WATER	right
RXN-7832	CPD-12575	left
RXN-7832	CPD-7144	left
RXN-7832	CPD-7148	right
RXN-7832	UDP	right
RXN-7832	PROTON	right
ADDALT-RXN	DEOXYADENOSINE	left
ADDALT-RXN	WATER	left
ADDALT-RXN	PROTON	left
ADDALT-RXN	DEOXYINOSINE	right
ADDALT-RXN	AMMONIUM	right
RXN-24081	ETR-Quinones	left
RXN-24081	PROTON	left
RXN-24081	E-	left
RXN-24081	ETR-Quinols	right
RXN-24081	PROTON	right
RXN-13493	CPD-13670	left
RXN-13493	Red-NADPH-Hemoprotein-Reductases	left
RXN-13493	OXYGEN-MOLECULE	left
RXN-13493	CPD-14485	right
RXN-13493	Ox-NADPH-Hemoprotein-Reductases	right
RXN-13493	WATER	right
RXN0-6550	CH33ADO	left
RXN0-6550	WATER	left
RXN0-6550	5-Deoxy-D-Ribofuranose	right
RXN0-6550	ADENINE	right
RXN-17127	Lipoyl-Protein-L-Lysine	left
RXN-17127	LIPOIC-ACID	left
RXN-17127	ATP	left
RXN-17127	Lipoyl-Protein-N6-lipoyllysine	right
RXN-17127	AMP	right
RXN-17127	PPI	right
RXN-17127	PROTON	right
RXN-13197	INOSITOL-1-4-5-TRISPHOSPHATE	left
RXN-13197	ATP	left
RXN-13197	CPD-1107	right
RXN-13197	ADP	right
RXN-13197	PROTON	right
NAG1P-URIDYLTRANS-RXN	UTP	left
NAG1P-URIDYLTRANS-RXN	N-ACETYL-D-GLUCOSAMINE-1-P	left
NAG1P-URIDYLTRANS-RXN	PROTON	left
NAG1P-URIDYLTRANS-RXN	UDP-N-ACETYL-D-GLUCOSAMINE	right
NAG1P-URIDYLTRANS-RXN	PPI	right
IMIDPHOSDEHYD-RXN	D-ERYTHRO-IMIDAZOLE-GLYCEROL-P	left
IMIDPHOSDEHYD-RXN	IMIDAZOLE-ACETOL-P	right
IMIDPHOSDEHYD-RXN	WATER	right
5-METHYLTHIORIBOSE-KINASE-RXN	ATP	left
5-METHYLTHIORIBOSE-KINASE-RXN	CPD-560	left
5-METHYLTHIORIBOSE-KINASE-RXN	PROTON	right
5-METHYLTHIORIBOSE-KINASE-RXN	ADP	right
5-METHYLTHIORIBOSE-KINASE-RXN	CPD-444	right
2.7.7.30-RXN	CPD-488	left
2.7.7.30-RXN	GTP	left
2.7.7.30-RXN	PROTON	left
2.7.7.30-RXN	CPD-13118	right
2.7.7.30-RXN	PPI	right
RXN-9311	CPD-9925	left
RXN-9311	WATER	left
RXN-9311	PROTON	right
RXN-9311	DIHYDROXYNAPHTHOATE	right
RXN-9311	CO-A	right
RXN-1161	Reduced-ferredoxins	left
RXN-1161	NITRITE	left
RXN-1161	Oxidized-ferredoxins	right
RXN-1161	WATER	right
RXN-1161	AMMONIA	right
RETICULINE-OXIDASE-RXN	OXYGEN-MOLECULE	left
RETICULINE-OXIDASE-RXN	S-RETICULINE	left
RETICULINE-OXIDASE-RXN	PROTON	right
RETICULINE-OXIDASE-RXN	HYDROGEN-PEROXIDE	right
RETICULINE-OXIDASE-RXN	S-SCOULERINE	right
1.8.4.9-RXN	PROTON	left
1.8.4.9-RXN	SO3	left
1.8.4.9-RXN	AMP	left
1.8.4.9-RXN	OXIDIZED-GLUTATHIONE	left
1.8.4.9-RXN	GLUTATHIONE	right
1.8.4.9-RXN	APS	right
2KETO-3METHYLVALERATE-RXN	2-KETO-3-METHYL-VALERATE	left
2KETO-3METHYLVALERATE-RXN	NAD	left
2KETO-3METHYLVALERATE-RXN	CO-A	left
2KETO-3METHYLVALERATE-RXN	2-METHYL-BUTYRYL-COA	right
2KETO-3METHYLVALERATE-RXN	NADH	right
2KETO-3METHYLVALERATE-RXN	CARBON-DIOXIDE	right
PROSTAGLANDIN-E-SYNTHASE-RXN	PROSTAGLANDIN-H2	left
PROSTAGLANDIN-E-SYNTHASE-RXN	5Z13E-15S-1115-DIHYDROXY-9-OXOPROS	right
RXN0-7192	BIOTIN	left
RXN0-7192	ATP	left
RXN0-7192	PROTON	left
RXN0-7192	BIO-5-AMP	right
RXN0-7192	PPI	right
ANTHRANSYN-RXN	CHORISMATE	left
ANTHRANSYN-RXN	GLN	left
ANTHRANSYN-RXN	PROTON	right
ANTHRANSYN-RXN	ANTHRANILATE	right
ANTHRANSYN-RXN	GLT	right
ANTHRANSYN-RXN	PYRUVATE	right
RXN-8430	FARNESYL-PP	left
RXN-8430	CPD-8247	right
RXN-8430	PPI	right
GLYCERONE-KINASE-RXN	DIHYDROXYACETONE	left
GLYCERONE-KINASE-RXN	ATP	left
GLYCERONE-KINASE-RXN	PROTON	right
GLYCERONE-KINASE-RXN	DIHYDROXY-ACETONE-PHOSPHATE	right
GLYCERONE-KINASE-RXN	ADP	right
RXN-18704	TUM1-S-sulfanylcysteine	left
RXN-18704	MOCS3-L-cysteine	left
RXN-18704	TUM1-L-cysteine	right
RXN-18704	MOCS3-S-sulfanylcysteine	right
RXN-13139	ATP	left
RXN-13139	CPD0-2474	left
RXN-13139	NADPH	right
RXN-13139	ADP	right
RXN-13139	Pi	right
RXN-13139	PROTON	right
METHYLACETOACETYLCOATHIOL-RXN	PROPIONYL-COA	left
METHYLACETOACETYLCOATHIOL-RXN	ACETYL-COA	left
METHYLACETOACETYLCOATHIOL-RXN	2-METHYL-ACETO-ACETYL-COA	right
METHYLACETOACETYLCOATHIOL-RXN	CO-A	right
RXN-7629	CPD-6979	left
RXN-7629	Red-NADPH-Hemoprotein-Reductases	left
RXN-7629	OXYGEN-MOLECULE	left
RXN-7629	CPD-6981	right
RXN-7629	Ox-NADPH-Hemoprotein-Reductases	right
RXN-7629	WATER	right
RXN-13329	PROTON	left
RXN-13329	CPD-12279	left
RXN-13329	WATER	left
RXN-13329	GLYOX	right
RXN-13329	AMMONIUM	right
GLYCINE-AMINOTRANSFERASE-RXN	GLY	left
GLYCINE-AMINOTRANSFERASE-RXN	2-KETOGLUTARATE	left
GLYCINE-AMINOTRANSFERASE-RXN	GLYOX	right
GLYCINE-AMINOTRANSFERASE-RXN	GLT	right
TRANS-RXN0-551	CPD0-2040	left
TRANS-RXN0-551	CPD0-2040	right
RXN-16262	CPD-13381	left
RXN-16262	NADP	left
RXN-16262	CPD-13952	right
RXN-16262	NADPH	right
RXN-16262	PROTON	right
3.2.1.50-RXN	ALPHA_ACETYLGLUCOSAMINIDES	left
3.2.1.50-RXN	WATER	left
3.2.1.50-RXN	N-acetyl-D-glucosamine	right
3.2.1.50-RXN	Non-Glycosylated-sugar-Acceptors	right
RXN-20768	Siderophore	left
RXN-20768	NAD	left
RXN-20768	FE+2	left
RXN-20768	Fe3-siderophores	right
RXN-20768	NADH	right
RXN-20768	PROTON	right
RXN-12186	DODECANOATE	left
RXN-12186	Red-NADPH-Hemoprotein-Reductases	left
RXN-12186	OXYGEN-MOLECULE	left
RXN-12186	CPD-17637	right
RXN-12186	Ox-NADPH-Hemoprotein-Reductases	right
RXN-12186	WATER	right
TRANS-OCTAPRENYLTRANSTRANSFERASE-RXN	GERANYL-PP	left
TRANS-OCTAPRENYLTRANSTRANSFERASE-RXN	DELTA3-ISOPENTENYL-PP	left
TRANS-OCTAPRENYLTRANSTRANSFERASE-RXN	CPD-21340	right
TRANS-OCTAPRENYLTRANSTRANSFERASE-RXN	PPI	right
RXN-20442	CPD-4186	left
RXN-20442	NADP	left
RXN-20442	CPD-22137	right
RXN-20442	NADPH	right
RXN-20442	PROTON	right
PHOSPHOLIPASE-A1-RXN	PHOSPHATIDYLCHOLINE	left
PHOSPHOLIPASE-A1-RXN	WATER	left
PHOSPHOLIPASE-A1-RXN	2-Acylglycero-Phosphocholines	right
PHOSPHOLIPASE-A1-RXN	Fatty-Acids	right
PHOSPHOLIPASE-A1-RXN	PROTON	right
TRANS-RXN-157	Hpr-pi-phospho-L-histidines	left
TRANS-RXN-157	Glucopyranose	left
TRANS-RXN-157	D-glucopyranose-6-phosphate	right
TRANS-RXN-157	Hpr-Histidine	right
2.4.1.220-RXN	CPD-12575	left
2.4.1.220-RXN	INDOXYL	left
2.4.1.220-RXN	PROTON	right
2.4.1.220-RXN	INDICAN	right
2.4.1.220-RXN	UDP	right
ENTF-RXN	SER	left
ENTF-RXN	ATP	left
ENTF-RXN	PROTON	left
ENTF-RXN	SERYL-AMP	right
ENTF-RXN	PPI	right
ENOYL-ACP-REDUCT-NADPH-RXN	Saturated-Fatty-Acyl-ACPs	left
ENOYL-ACP-REDUCT-NADPH-RXN	NADP	left
ENOYL-ACP-REDUCT-NADPH-RXN	NADPH	right
ENOYL-ACP-REDUCT-NADPH-RXN	TRANS-D2-ENOYL-ACP	right
ENOYL-ACP-REDUCT-NADPH-RXN	PROTON	right
RXN-9670	OLEOYL-COA	left
RXN-9670	Glycerolipids	left
RXN-9670	Oleoyl-lipid	right
RXN-9670	CO-A	right
RXN-13700	CPD-14741	left
RXN-13700	CPD-3631	right
RXN-13700	WATER	right
N-ACETYLTRANSFER-RXN	ACETYL-COA	left
N-ACETYLTRANSFER-RXN	GLT	left
N-ACETYLTRANSFER-RXN	ACETYL-GLU	right
N-ACETYLTRANSFER-RXN	CO-A	right
N-ACETYLTRANSFER-RXN	PROTON	right
RXN-14992	S-ADENOSYLMETHIONINE	left
RXN-14992	Release-factor-L-glutamine	left
RXN-14992	Release-factor-N5-Methyl-L-glutamine	right
RXN-14992	ADENOSYL-HOMO-CYS	right
RXN-14992	PROTON	right
RXN0-723	FORMATE	left
RXN0-723	CTP	left
RXN0-723	PROTON	left
RXN0-723	DCTP	right
RXN0-723	CARBON-DIOXIDE	right
RXN0-723	WATER	right
TRANS-RXN4LZ-7042	AMMONIA	left
TRANS-RXN4LZ-7042	AMMONIA	right
RXN-22336	S-ADENOSYLMETHIONINE	left
RXN-22336	Dimethylarsenite-Arsenite-Methyltranferase	left
RXN-22336	Red-Thioredoxin	left
RXN-22336	ADENOSYL-HOMO-CYS	right
RXN-22336	CPD-22659	right
RXN-22336	Arsenite-methyltransferases	right
RXN-22336	Ox-Thioredoxin	right
RXN-22336	PROTON	right
RXN-11174	SHIKIMATE	left
RXN-11174	NAD-P-OR-NOP	left
RXN-11174	3-DEHYDRO-SHIKIMATE	right
RXN-11174	NADH-P-OR-NOP	right
RXN-11174	PROTON	right
2.4.1.224-RXN	UDP-N-ACETYL-D-GLUCOSAMINE	left
2.4.1.224-RXN	GlcA-GlcNAc-GlcA-Gal-Gal-Xyl-Protein	left
2.4.1.224-RXN	GlcNAc-GlcA-GlcNAc-GlcA-Gal-Gal-Xyl-Core	right
2.4.1.224-RXN	UDP	right
2.4.1.224-RXN	PROTON	right
ALDEHYDE-OXIDASE-RXN	OXYGEN-MOLECULE	left
ALDEHYDE-OXIDASE-RXN	WATER	left
ALDEHYDE-OXIDASE-RXN	Aldehydes	left
ALDEHYDE-OXIDASE-RXN	Carboxylates	right
ALDEHYDE-OXIDASE-RXN	HYDROGEN-PEROXIDE	right
ALDEHYDE-OXIDASE-RXN	PROTON	right
FORMYLTHFDEFORMYL-RXN	FORMYL-THF-GLU-N	left
FORMYLTHFDEFORMYL-RXN	WATER	left
FORMYLTHFDEFORMYL-RXN	THF-GLU-N	right
FORMYLTHFDEFORMYL-RXN	FORMATE	right
FORMYLTHFDEFORMYL-RXN	PROTON	right
OXALOACETATE-TAUTOMERASE-RXN	OXALACETIC_ACID	left
OXALOACETATE-TAUTOMERASE-RXN	ENOL-OXALOACETATE	right
RXN-13643	CPD-14647	left
RXN-13643	OXYGEN-MOLECULE	left
RXN-13643	CPD-14649	right
RXN-13643	CPD-14650	right
UDP-GLUCURONATE-DECARBOXYLASE-RXN	UDP-GLUCURONATE	left
UDP-GLUCURONATE-DECARBOXYLASE-RXN	PROTON	left
UDP-GLUCURONATE-DECARBOXYLASE-RXN	UDP-D-XYLOSE	right
UDP-GLUCURONATE-DECARBOXYLASE-RXN	CARBON-DIOXIDE	right
2.4.1.134-RXN	CPD-14553	left
2.4.1.134-RXN	CPD-8202	left
2.4.1.134-RXN	Gal-Gal-Xyl-Proteins	right
2.4.1.134-RXN	UDP	right
2.4.1.134-RXN	PROTON	right
RXN-9632	Palmitoyl-ACPs	left
RXN-9632	MALONYL-ACP	left
RXN-9632	PROTON	left
RXN-9632	3-oxo-stearoyl-ACPs	right
RXN-9632	CARBON-DIOXIDE	right
RXN-9632	ACP	right
RXN-22778	CPD-15374	left
RXN-22778	L-ALPHA-ALANINE	left
RXN-22778	CPD-25241	right
RXN-22778	WATER	right
TRIOSEPISOMERIZATION-RXN	GAP	left
TRIOSEPISOMERIZATION-RXN	DIHYDROXY-ACETONE-PHOSPHATE	right
2-ENOATE-REDUCTASE-RXN	BUTYRIC_ACID	left
2-ENOATE-REDUCTASE-RXN	NAD	left
2-ENOATE-REDUCTASE-RXN	CROTONATE	right
2-ENOATE-REDUCTASE-RXN	NADH	right
2-ENOATE-REDUCTASE-RXN	PROTON	right
SUCROSE-PHOSPHATE-SYNTHASE-RXN	CPD-12575	left
SUCROSE-PHOSPHATE-SYNTHASE-RXN	FRUCTOSE-6P	left
SUCROSE-PHOSPHATE-SYNTHASE-RXN	SUCROSE-6P	right
SUCROSE-PHOSPHATE-SYNTHASE-RXN	UDP	right
SUCROSE-PHOSPHATE-SYNTHASE-RXN	PROTON	right
RXN-13158	2-D-THREO-HYDROXY-3-CARBOXY-ISOCAPROATE	left
RXN-13158	NAD	left
RXN-13158	2K-4CH3-PENTANOATE	right
RXN-13158	CARBON-DIOXIDE	right
RXN-13158	NADH	right
GLYRIBONUCSYN-RXN	5-P-BETA-D-RIBOSYL-AMINE	left
GLYRIBONUCSYN-RXN	ATP	left
GLYRIBONUCSYN-RXN	GLY	left
GLYRIBONUCSYN-RXN	PROTON	right
GLYRIBONUCSYN-RXN	ADP	right
GLYRIBONUCSYN-RXN	Pi	right
GLYRIBONUCSYN-RXN	5-PHOSPHO-RIBOSYL-GLYCINEAMIDE	right
RXN18C3-51	CPD-633	left
RXN18C3-51	UDP-D-XYLOSE	left
RXN18C3-51	CPD-19191	right
RXN18C3-51	UDP	right
RXN18C3-51	PROTON	right
RXN-22459	E-1-Alkenylsulfenate	left
RXN-22459	Z-alkanethial-S-oxide	right
RXN-24782	LAUROYLCOA-CPD	left
RXN-24782	NADP	left
RXN-24782	CPD-7222	right
RXN-24782	NADPH	right
RXN-24782	PROTON	right
RXN-8138	CAFFEOYL-COA	left
RXN-8138	CPD-7137	left
RXN-8138	CPD-7140	right
RXN-8138	CO-A	right
RXN-13089	CPD-14100	left
RXN-13089	WATER	left
RXN-13089	NADP	left
RXN-13089	CPD-14094	right
RXN-13089	NADPH	right
RXN-13089	PROTON	right
RXN1F-161	CPD1F-138	left
RXN1F-161	Red-NADPH-Hemoprotein-Reductases	left
RXN1F-161	OXYGEN-MOLECULE	left
RXN1F-161	CPD1F-95	right
RXN1F-161	Ox-NADPH-Hemoprotein-Reductases	right
RXN1F-161	WATER	right
RXN1F-161	PROTON	right
1.14.13.8-RXN	NN-DIMETHYLANILINE	left
1.14.13.8-RXN	OXYGEN-MOLECULE	left
1.14.13.8-RXN	NADPH	left
1.14.13.8-RXN	PROTON	left
1.14.13.8-RXN	NN-DIMETHYLANILINE-N-OXIDE	right
1.14.13.8-RXN	WATER	right
1.14.13.8-RXN	NADP	right
RXN-22838	VAL	left
RXN-22838	ATP	left
RXN-22838	PROTON	left
RXN-22838	CPD-25317	right
RXN-22838	PPI	right
RXN0-6490	OROTATE	left
RXN0-6490	PROTON	left
RXN0-6490	E-	left
RXN0-6490	DI-H-OROTATE	right
F16BDEPHOS-RXN	FRUCTOSE-16-DIPHOSPHATE	left
F16BDEPHOS-RXN	WATER	left
F16BDEPHOS-RXN	FRUCTOSE-6P	right
F16BDEPHOS-RXN	Pi	right
RXN-14531	S-ADENOSYLMETHIONINE	left
RXN-14531	N6-L-threonylcarbamoyladenine37-tRNAs	left
RXN-14531	Sulfurated-Sulfur-Acceptors	left
RXN-14531	Donor-H2	left
RXN-14531	2-MT-N6-L-THR-carbamoyladenine37-tRNAs	right
RXN-14531	ADENOSYL-HOMO-CYS	right
RXN-14531	Unsulfurated-Sulfur-Acceptors	right
RXN-14531	CH33ADO	right
RXN-14531	MET	right
RXN-14531	Acceptor	right
RXN-14531	PROTON	right
3.2.1.80-RXN	Fructans	left
3.2.1.80-RXN	WATER	left
3.2.1.80-RXN	BETA-D-FRUCTOSE	right
3.2.1.80-RXN	Fructans	right
RXN-9370	CPD-9976	left
RXN-9370	NADP	left
RXN-9370	CPD-9978	right
RXN-9370	NADPH	right
RXN-9370	PROTON	right
2.3.1.23-RXN	ACYL-COA	left
2.3.1.23-RXN	2-Lysophosphatidylcholines	left
2.3.1.23-RXN	PHOSPHATIDYLCHOLINE	right
2.3.1.23-RXN	CO-A	right
NITRIC-OXIDE-SYNTHASE-RXN	ARG	left
NITRIC-OXIDE-SYNTHASE-RXN	NADPH	left
NITRIC-OXIDE-SYNTHASE-RXN	PROTON	left
NITRIC-OXIDE-SYNTHASE-RXN	OXYGEN-MOLECULE	left
NITRIC-OXIDE-SYNTHASE-RXN	L-CITRULLINE	right
NITRIC-OXIDE-SYNTHASE-RXN	NITRIC-OXIDE	right
NITRIC-OXIDE-SYNTHASE-RXN	NADP	right
NITRIC-OXIDE-SYNTHASE-RXN	WATER	right
RXN-1381	ACYL-COA	left
RXN-1381	GLYCEROL-3P	left
RXN-1381	ACYL-SN-GLYCEROL-3P	right
RXN-1381	CO-A	right
RXN-12429	CPD-13436	left
RXN-12429	WATER	left
RXN-12429	CPD-13430	right
RXN-12429	CPD-13439	right
RXN-9463	CPD-13118	left
RXN-9463	Xyloglucans-Galactose-23	left
RXN-9463	XLFG-Xyloglucans	right
RXN-9463	GDP	right
RXN-9463	PROTON	right
RXN-9746	CPD-10453	left
RXN-9746	WATER	left
RXN-9746	NADP	left
RXN-9746	CPD-9138	right
RXN-9746	NADPH	right
RXN-9746	PROTON	right
RXN-18911	Man9GlcNAc2-proteins	left
RXN-18911	WATER	left
RXN-18911	Mannosyl5-N-Glycans	right
RXN-18911	CPD-12601	right
PHOSPHOMEVALONATE-KINASE-RXN	CPD-499	left
PHOSPHOMEVALONATE-KINASE-RXN	ATP	left
PHOSPHOMEVALONATE-KINASE-RXN	CPD-641	right
PHOSPHOMEVALONATE-KINASE-RXN	ADP	right
RXN-15123	CPD-16013	left
RXN-15123	WATER	left
RXN-15123	2-OXOBUTANOATE	right
RXN-15123	AMMONIUM	right
RXN-13969	CPD1F-766	left
RXN-13969	CPD-15006	left
RXN-13969	CPD-15005	right
RXN-13969	VANILLATE	right
RXN-18941	CPD-16719	left
RXN-18941	Red-NADPH-Hemoprotein-Reductases	left
RXN-18941	OXYGEN-MOLECULE	left
RXN-18941	CPD-20324	right
RXN-18941	Ox-NADPH-Hemoprotein-Reductases	right
RXN-18941	WATER	right
ACYLACPSYNTH-RXN	Long-Chain-Fatty-Acids	left
ACYLACPSYNTH-RXN	ACP	left
ACYLACPSYNTH-RXN	ATP	left
ACYLACPSYNTH-RXN	Long-Chain-Acyl-ACPs	right
ACYLACPSYNTH-RXN	AMP	right
ACYLACPSYNTH-RXN	PPI	right
ISOPIPERITENOL-DEHYDROGENASE-RXN	CPD-263	left
ISOPIPERITENOL-DEHYDROGENASE-RXN	NAD	left
ISOPIPERITENOL-DEHYDROGENASE-RXN	CPD-1090	right
ISOPIPERITENOL-DEHYDROGENASE-RXN	NADH	right
ISOPIPERITENOL-DEHYDROGENASE-RXN	PROTON	right
RXN-10441	GERANYLGERANYL-PP	left
RXN-10441	WATER	left
RXN-10441	CPD-8848	right
RXN-10441	PPI	right
RXN-9597	Primary-Amines	left
RXN-9597	WATER	left
RXN-9597	OXYGEN-MOLECULE	left
RXN-9597	PROTON	left
RXN-9597	Aldehydes	right
RXN-9597	AMMONIUM	right
RXN-9597	HYDROGEN-PEROXIDE	right
KDPGALDOL-RXN	2-KETO-3-DEOXY-6-P-GLUCONATE	left
KDPGALDOL-RXN	GAP	right
KDPGALDOL-RXN	PYRUVATE	right
RXN-19024	GLUTATHIONE	left
RXN-19024	CYS-GLY	right
RXN-19024	5-OXOPROLINE	right
RXN-9531	Decanoyl-ACPs	left
RXN-9531	MALONYL-ACP	left
RXN-9531	PROTON	left
RXN-9531	3-oxo-dodecanoyl-ACPs	right
RXN-9531	CARBON-DIOXIDE	right
RXN-9531	ACP	right
RXN-18957	CPD-17650	left
RXN-18957	OXYGEN-MOLECULE	left
RXN-18957	Donor-H2	left
RXN-18957	CPD-20421	right
RXN-18957	WATER	right
RXN-18957	Acceptor	right
RXN-8703	CPD-8921	left
RXN-8703	OXYGEN-MOLECULE	left
RXN-8703	CPD-8927	right
RXN-5962	CPD-5661	left
RXN-5962	Red-NADPH-Hemoprotein-Reductases	left
RXN-5962	OXYGEN-MOLECULE	left
RXN-5962	CPD1F-119	right
RXN-5962	Ox-NADPH-Hemoprotein-Reductases	right
RXN-5962	WATER	right
RXN-22761	CPD-9779	left
RXN-22761	OXYGEN-MOLECULE	left
RXN-22761	Red-NADPH-Hemoprotein-Reductases	left
RXN-22761	CPD-25212	right
RXN-22761	Ox-NADPH-Hemoprotein-Reductases	right
RXN-22761	WATER	right
RXN-12138	LINOLENIC_ACID	left
RXN-12138	OXYGEN-MOLECULE	left
RXN-12138	Red-NADPH-Hemoprotein-Reductases	left
RXN-12138	CPD-13090	right
RXN-12138	Ox-NADPH-Hemoprotein-Reductases	right
RXN-12138	WATER	right
RXN-22327	CPD-22659	left
RXN-22327	HYDROGEN-PEROXIDE	left
RXN-22327	CPD-22660	right
RXN-22327	WATER	right
RXN-12197	UDP	left
RXN-12197	WATER	left
RXN-12197	Pi	right
RXN-12197	UMP	right
RXN-12197	PROTON	right
3.6.3.6-RXN	PROTON	left
3.6.3.6-RXN	ATP	left
3.6.3.6-RXN	WATER	left
3.6.3.6-RXN	PROTON	right
3.6.3.6-RXN	ADP	right
3.6.3.6-RXN	Pi	right
12-OXOPHYTODIENOATE-REDUCTASE-RXN	NADP	left
12-OXOPHYTODIENOATE-REDUCTASE-RXN	CPD-730	left
12-OXOPHYTODIENOATE-REDUCTASE-RXN	PROTON	right
12-OXOPHYTODIENOATE-REDUCTASE-RXN	NADPH	right
12-OXOPHYTODIENOATE-REDUCTASE-RXN	CPD-729	right
RXN-11531	CPD-12493	left
RXN-11531	Red-NADPH-Hemoprotein-Reductases	left
RXN-11531	OXYGEN-MOLECULE	left
RXN-11531	CPD-720	right
RXN-11531	Ox-NADPH-Hemoprotein-Reductases	right
RXN-11531	WATER	right
RXN-19963	S-ubiquitinyl-UCP-E2-L-cysteine	left
RXN-19963	RCR-Ubiquitin-carrier-protein-E3-L-cys	left
RXN-19963	Ubiquitin-carrier-protein-E2-L-cysteine	right
RXN-19963	S-ubiquitinyl-UCP-RCR-E3-L-cysteine	right
2PGADEHYDRAT-RXN	2-PG	left
2PGADEHYDRAT-RXN	PHOSPHO-ENOL-PYRUVATE	right
2PGADEHYDRAT-RXN	WATER	right
RXN-7022	CPD-12575	left
RXN-7022	CPD-6366	left
RXN-7022	CPD-6562	right
RXN-7022	UDP	right
RXN-11403	PROTON	left
RXN-11403	L-DOPACHROME	left
RXN-11403	DIHYDROXYINDOLE	right
RXN-11403	CARBON-DIOXIDE	right
SUCROSE-PHOSPHATASE-RXN	SUCROSE-6P	left
SUCROSE-PHOSPHATASE-RXN	WATER	left
SUCROSE-PHOSPHATASE-RXN	SUCROSE	right
SUCROSE-PHOSPHATASE-RXN	Pi	right
RXN-8378	CHLOROPHYLL-A	left
RXN-8378	PROTON	left
RXN-8378	CPD-8155	right
RXN-8378	MG+2	right
ALCOHOL-SULFOTRANSFERASE-RXN	PAPS	left
ALCOHOL-SULFOTRANSFERASE-RXN	Alcohols	left
ALCOHOL-SULFOTRANSFERASE-RXN	3-5-ADP	right
ALCOHOL-SULFOTRANSFERASE-RXN	Organo-Sulfates	right
ALCOHOL-SULFOTRANSFERASE-RXN	PROTON	right
RXN-3741	THF-GLU-N	left
RXN-3741	WATER	left
RXN-3741	THF	right
RXN-3741	GLT	right
RXN-1104	S-ADENOSYLMETHIONINE	left
RXN-1104	CPD-676	left
RXN-1104	PROTON	right
RXN-1104	FERULIC-ACID	right
RXN-1104	ADENOSYL-HOMO-CYS	right
RXN-16765	NADPH	left
RXN-16765	CPD-18085	right
RXN-4725	CPD-12575	left
RXN-4725	CPD-332	left
RXN-4725	PROTON	right
RXN-4725	CPD-4616	right
RXN-4725	UDP	right
1.5.4.1-RXN	A-PYRIMIDODIAZEPINE	left
1.5.4.1-RXN	OXIDIZED-GLUTATHIONE	left
1.5.4.1-RXN	WATER	left
1.5.4.1-RXN	6-PYRUVOYL-5678-TETRAHYDROPTERIN	right
1.5.4.1-RXN	GLUTATHIONE	right
RXN-17306	S-ADENOSYLMETHIONINE	left
RXN-17306	CPD-18695	left
RXN-17306	CPD-18658	right
RXN-17306	ADENOSYL-HOMO-CYS	right
RXN-17306	PROTON	right
THIOL-OXIDASE-RXN	OXYGEN-MOLECULE	left
THIOL-OXIDASE-RXN	Sulfhydryls	left
THIOL-OXIDASE-RXN	CPD-8529	right
THIOL-OXIDASE-RXN	HYDROGEN-PEROXIDE	right
RXN-14535	n-Alkanals	left
RXN-14535	NADP	left
RXN-14535	Alk-2-enals	right
RXN-14535	NADPH	right
RXN-14535	PROTON	right
GUANYLCYC-RXN	GTP	left
GUANYLCYC-RXN	CGMP	right
GUANYLCYC-RXN	PPI	right
GUANINE-DEAMINASE-RXN	PROTON	left
GUANINE-DEAMINASE-RXN	WATER	left
GUANINE-DEAMINASE-RXN	GUANINE	left
GUANINE-DEAMINASE-RXN	XANTHINE	right
GUANINE-DEAMINASE-RXN	AMMONIUM	right
RXN0-2382	SER	left
RXN0-2382	INDOLE	left
RXN0-2382	TRP	right
RXN0-2382	WATER	right
METHYLENETHFDEHYDROG-NADP-RXN	METHYLENE-THF-GLU-N	left
METHYLENETHFDEHYDROG-NADP-RXN	NADP	left
METHYLENETHFDEHYDROG-NADP-RXN	5-10-METHENYL-THF-GLU-N	right
METHYLENETHFDEHYDROG-NADP-RXN	NADPH	right
3.1.4.37-RXN	Cyclic-2-3-Ribonucleoside-Monophosphates	left
3.1.4.37-RXN	WATER	left
3.1.4.37-RXN	2-Prime-Ribonucleoside-Monophosphates	right
3.1.4.37-RXN	PROTON	right
RXN-4737	CPD-12575	left
RXN-4737	CPD-4616	left
RXN-4737	PROTON	right
RXN-4737	CPD-4621	right
RXN-4737	UDP	right
3.1.3.57-RXN	INOSITOL-1-4-BISPHOSPHATE	left
3.1.3.57-RXN	WATER	left
3.1.3.57-RXN	Pi	right
3.1.3.57-RXN	D-MYO-INOSITOL-4-PHOSPHATE	right
RIBULP3EPIM-RXN	RIBULOSE-5P	left
RIBULP3EPIM-RXN	XYLULOSE-5-PHOSPHATE	right
RXN-1223	UDP-SULFOQUINOVOSE	left
RXN-1223	WATER	left
RXN-1223	CPD-12575	right
RXN-1223	SO3	right
RXN-1223	PROTON	right
RXN-13689	L-GULONO-1-4-LACTONE	left
RXN-13689	OXYGEN-MOLECULE	left
RXN-13689	ASCORBATE	right
RXN-13689	HYDROGEN-PEROXIDE	right
RXN-13689	PROTON	right
3-HYDROXYISOBUTYRYL-COA-HYDROLASE-RXN	CPD-12173	left
3-HYDROXYISOBUTYRYL-COA-HYDROLASE-RXN	WATER	left
3-HYDROXYISOBUTYRYL-COA-HYDROLASE-RXN	CPD-12175	right
3-HYDROXYISOBUTYRYL-COA-HYDROLASE-RXN	PROTON	right
3-HYDROXYISOBUTYRYL-COA-HYDROLASE-RXN	CO-A	right
RXN-13644	CPD-14649	left
RXN-13644	OXYGEN-MOLECULE	left
RXN-13644	Acceptor	left
RXN-13644	CPD-14651	right
RXN-13644	Donor-H2	right
RXN-13644	PROTON	right
RXN-12673	CPDMETA-13652	left
RXN-12673	NADP	left
RXN-12673	CPDMETA-13651	right
RXN-12673	NADPH	right
RXN-12673	PROTON	right
PROPIONATE--COA-LIGASE-RXN	CO-A	left
PROPIONATE--COA-LIGASE-RXN	PROPIONATE	left
PROPIONATE--COA-LIGASE-RXN	ATP	left
PROPIONATE--COA-LIGASE-RXN	PROPIONYL-COA	right
PROPIONATE--COA-LIGASE-RXN	PPI	right
PROPIONATE--COA-LIGASE-RXN	AMP	right
RXN-13641	CPD1F-129	left
RXN-13641	CPD-14646	right
RXN-9386	GLN-tRNAs	left
RXN-9386	GLT	left
RXN-9386	ATP	left
RXN-9386	L-glutamyl-tRNAGln	right
RXN-9386	AMP	right
RXN-9386	PPI	right
SEDOHEPTULOSE-BISPHOSPHATASE-RXN	WATER	left
SEDOHEPTULOSE-BISPHOSPHATASE-RXN	D-SEDOHEPTULOSE-1-7-P2	left
SEDOHEPTULOSE-BISPHOSPHATASE-RXN	D-SEDOHEPTULOSE-7-P	right
SEDOHEPTULOSE-BISPHOSPHATASE-RXN	Pi	right
RXN-22341	ATP	left
RXN-22341	CPD-24349	left
RXN-22341	WATER	left
RXN-22341	ADP	right
RXN-22341	CPD-24349	right
RXN-22341	Pi	right
RXN-22341	PROTON	right
MALTODEXGLUCOSID-RXN	1-4-alpha-D-Glucan	left
MALTODEXGLUCOSID-RXN	WATER	left
MALTODEXGLUCOSID-RXN	1-4-alpha-D-Glucan	right
MALTODEXGLUCOSID-RXN	Glucopyranose	right
NICOTINATEPRIBOSYLTRANS-RXN	NIACINE	left
NICOTINATEPRIBOSYLTRANS-RXN	PRPP	left
NICOTINATEPRIBOSYLTRANS-RXN	ATP	left
NICOTINATEPRIBOSYLTRANS-RXN	WATER	left
NICOTINATEPRIBOSYLTRANS-RXN	NICOTINATE_NUCLEOTIDE	right
NICOTINATEPRIBOSYLTRANS-RXN	PPI	right
NICOTINATEPRIBOSYLTRANS-RXN	ADP	right
NICOTINATEPRIBOSYLTRANS-RXN	Pi	right
RXN0-5258-Yeast	UBIQUINONE-6	left
RXN0-5258-Yeast	GLYCEROL-3P	left
RXN0-5258-Yeast	UBIQUINOL-30	right
RXN0-5258-Yeast	DIHYDROXY-ACETONE-PHOSPHATE	right
RXN-18922	Man9GlcNAc2-proteins	left
RXN-18922	WATER	left
RXN-18922	Man8-GlcNAc2-protein-A123B12	right
RXN-18922	CPD-12601	right
RXN0-5055	ACETYL-COA	left
RXN0-5055	carboxybiotin-L-lysine-in-BCCP-dimers	left
RXN0-5055	MALONYL-COA	right
RXN0-5055	biotin-L-lysine-in-BCCP-dimers	right
RXN-8730	CPD-506	left
RXN-8730	WATER	left
RXN-8730	INOSITOL-1-3-4-TRIPHOSPHATE	right
RXN-8730	Pi	right
BENZOYLFORMATE-DECARBOXYLASE-RXN	PHENYLGLYOXYLATE	left
BENZOYLFORMATE-DECARBOXYLASE-RXN	PROTON	left
BENZOYLFORMATE-DECARBOXYLASE-RXN	BENZALDEHYDE	right
BENZOYLFORMATE-DECARBOXYLASE-RXN	CARBON-DIOXIDE	right
RXN-17852	ACETYL-COA	left
RXN-17852	L-methionyl-L-aspartyl-Protein	left
RXN-17852	N-Ac-L-methionyl-L-aspartyl-Protein	right
RXN-17852	CO-A	right
RXN-17852	PROTON	right
RXN-17403	CPD-18823	left
RXN-17403	NAD	left
RXN-17403	CPD-13696	right
RXN-17403	NADH	right
RXN-17403	PROTON	right
RXN-21383	ENOL-OXALOACETATE	left
RXN-21383	PROTON	left
RXN-21383	PYRUVATE	right
RXN-21383	CARBON-DIOXIDE	right
RXN-19720	CPD-696	left
RXN-19720	FERROCYTOCHROME-B5	left
RXN-19720	OXYGEN-MOLECULE	left
RXN-19720	PROTON	left
RXN-19720	CPD-12867	right
RXN-19720	FERRICYTOCHROME-B5	right
RXN-19720	WATER	right
URIDINEKIN-RXN	URIDINE	left
URIDINEKIN-RXN	ATP	left
URIDINEKIN-RXN	PROTON	right
URIDINEKIN-RXN	UMP	right
URIDINEKIN-RXN	ADP	right
RXN-6222	NDP-glucoses	left
RXN-6222	Fructofuranose	left
RXN-6222	Nucleoside-Diphosphates	right
RXN-6222	SUCROSE	right
RXN-6222	PROTON	right
RXN0-5222	CARBAMATE	left
RXN0-5222	PROTON	left
RXN0-5222	CARBON-DIOXIDE	right
RXN0-5222	AMMONIUM	right
RXN-19713	CPD-21333	left
RXN-19713	OXYGEN-MOLECULE	left
RXN-19713	Red-NADPH-Hemoprotein-Reductases	left
RXN-19713	CPD-14486	right
RXN-19713	WATER	right
RXN-19713	Ox-NADPH-Hemoprotein-Reductases	right
RXN-1023	Secondary-Alcohols	left
RXN-1023	Acceptor	left
RXN-1023	LONG-CHAIN-KETONE	right
RXN-1023	Donor-H2	right
RXN-8360	CPD-8157	left
RXN-8360	OXYGEN-MOLECULE	left
RXN-8360	FERROCYTOCHROME-B5	left
RXN-8360	PROTON	left
RXN-8360	CPD-8158	right
RXN-8360	WATER	right
RXN-8360	FERRICYTOCHROME-B5	right
RXN-9808	CPD-10507	left
RXN-9808	CO-A	left
RXN-9808	ATP	left
RXN-9808	CPD-10508	right
RXN-9808	AMP	right
RXN-9808	PPI	right
CTPSYN-RXN	ATP	left
CTPSYN-RXN	UTP	left
CTPSYN-RXN	GLN	left
CTPSYN-RXN	WATER	left
CTPSYN-RXN	PROTON	right
CTPSYN-RXN	ADP	right
CTPSYN-RXN	Pi	right
CTPSYN-RXN	CTP	right
CTPSYN-RXN	GLT	right
RXN-18921	Man6-GlcNAc2-protein-A12B2	left
RXN-18921	WATER	left
RXN-18921	Mannosyl5-N-Glycans	right
RXN-18921	CPD-12601	right
RXN-3541	ASCORBATE	left
RXN-3541	OXYGEN-MOLECULE	left
RXN-3541	PROTON	left
RXN-3541	CPD-318	right
RXN-3541	WATER	right
PRAISOM-RXN	N-5-PHOSPHORIBOSYL-ANTHRANILATE	left
PRAISOM-RXN	CARBOXYPHENYLAMINO-DEOXYRIBULOSE-P	right
RXN-13938	CPD-7061	left
RXN-13938	WATER	left
RXN-13938	PROTON	left
RXN-13938	CPD-14963	right
RXN-13938	METOH	right
RXN-8205	CPD-12575	left
RXN-8205	CPD-16541	left
RXN-8205	CPD-7714	right
RXN-8205	UDP	right
RXN-7241	MI-HEXAKISPHOSPHATE	left
RXN-7241	WATER	left
RXN-7241	CPD-6741	right
RXN-7241	Pi	right
RXN-14812	CPD-15709	left
RXN-14812	FRUCTOSE-6P	right
RXN-9367	CPD-7857	left
RXN-9367	NADP	left
RXN-9367	CPD-9977	right
RXN-9367	NADPH	right
RXN-9367	PROTON	right
RXN3DJ-11417	SPHINGOSINE	left
RXN3DJ-11417	ATP	left
RXN3DJ-11417	PROTON	right
RXN3DJ-11417	CPD3DJ-11366	right
RXN3DJ-11417	ADP	right
1.3.7.4-RXN	3Z-PHYTOCHROMOBILIN	left
1.3.7.4-RXN	Oxidized-ferredoxins	left
1.3.7.4-RXN	BILIVERDINE	right
1.3.7.4-RXN	Reduced-ferredoxins	right
1.3.7.4-RXN	PROTON	right
N-ACETYLGLUTPREDUCT-RXN	CPD-469	left
N-ACETYLGLUTPREDUCT-RXN	NADP	left
N-ACETYLGLUTPREDUCT-RXN	Pi	left
N-ACETYLGLUTPREDUCT-RXN	PROTON	right
N-ACETYLGLUTPREDUCT-RXN	N-ACETYL-GLUTAMYL-P	right
N-ACETYLGLUTPREDUCT-RXN	NADPH	right
RXN-8147	CPD-7710	left
RXN-8147	2-KETOGLUTARATE	left
RXN-8147	OXYGEN-MOLECULE	left
RXN-8147	CPD-7712	right
RXN-8147	FORMALDEHYDE	right
RXN-8147	SUC	right
RXN-8147	CARBON-DIOXIDE	right
RXN0-7167	S-ADENOSYLMETHIONINE	left
RXN0-7167	5-oxyacetylU34-tRNA	left
RXN0-7167	ADENOSYL-HOMO-CYS	right
RXN0-7167	5-methoxycarbonylmethoxyU34-tRNA	right
RXN-17857	ACETYL-COA	left
RXN-17857	L-methionyl-L-tryptophanyl-Protein	left
RXN-17857	N-Ac-L-methionyl-L-tryptophanyl-Protein	right
RXN-17857	CO-A	right
RXN-17857	PROTON	right
RXN-17856	ACETYL-COA	left
RXN-17856	L-methionyl-L-phenylalanyl-Protein	left
RXN-17856	N-Ac-L-methionyl-L-phenylalanyl-Protein	right
RXN-17856	CO-A	right
RXN-17856	PROTON	right
1.14.11.2-RXN	PROCOLLAGEN-L-PROLINE	left
1.14.11.2-RXN	2-KETOGLUTARATE	left
1.14.11.2-RXN	OXYGEN-MOLECULE	left
1.14.11.2-RXN	CPD-6321	right
1.14.11.2-RXN	SUC	right
1.14.11.2-RXN	CARBON-DIOXIDE	right
CARBOXYLESTERASE-RXN	Carboxylic-esters	left
CARBOXYLESTERASE-RXN	WATER	left
CARBOXYLESTERASE-RXN	Alcohols	right
CARBOXYLESTERASE-RXN	Carboxylates	right
CARBOXYLESTERASE-RXN	PROTON	right
RXN-23255	Proteins-L-Threonines	left
RXN-23255	ATP	left
RXN-23255	Protein-threonine-adenylate	right
RXN-23255	PPI	right
3.6.3.26-RXN	NITRATE	left
3.6.3.26-RXN	ATP	left
3.6.3.26-RXN	WATER	left
3.6.3.26-RXN	NITRATE	right
3.6.3.26-RXN	ADP	right
3.6.3.26-RXN	Pi	right
3.6.3.26-RXN	PROTON	right
RXN-22315	CPD0-2040	left
RXN-22315	CPD-763	right
RXN-22315	PROTON	right
UDPSUGARHYDRO-RXN	UDP-sugar	left
UDPSUGARHYDRO-RXN	WATER	left
UDPSUGARHYDRO-RXN	UMP	right
UDPSUGARHYDRO-RXN	Alpha-D-aldose-1-phosphates	right
UDPSUGARHYDRO-RXN	PROTON	right
RXN-17062	6-AMINOPENICILLANATE	left
RXN-17062	CPD-207	left
RXN-17062	PENICILLIN-G	right
RXN-17062	CO-A	right
RXN-17062	PROTON	right
2.4.1.67-RXN	CPD-458	left
2.4.1.67-RXN	CPD-1099	left
2.4.1.67-RXN	MYO-INOSITOL	right
2.4.1.67-RXN	CPD-170	right
RXN-11931	CPD-12907	left
RXN-11931	OXYGEN-MOLECULE	left
RXN-11931	FERROCYTOCHROME-B5	left
RXN-11931	PROTON	left
RXN-11931	CPD-12908	right
RXN-11931	FERRICYTOCHROME-B5	right
RXN-11931	WATER	right
3-DEHYDROQUINATE-SYNTHASE-RXN	3-DEOXY-D-ARABINO-HEPTULOSONATE-7-P	left
3-DEHYDROQUINATE-SYNTHASE-RXN	DEHYDROQUINATE	right
3-DEHYDROQUINATE-SYNTHASE-RXN	Pi	right
RXN0-882	HYDROXY-METHYL-BUTENYL-DIP	left
RXN0-882	Oxidized-ferredoxins	left
RXN0-882	WATER	left
RXN0-882	2C-METH-D-ERYTHRITOL-CYCLODIPHOSPHATE	right
RXN0-882	Reduced-ferredoxins	right
RXN0-882	PROTON	right
RXN-21024	Arsenate-Reductase-Cysteines	left
RXN-21024	ARSENATE	left
RXN-21024	PROTON	left
RXN-21024	Thiarsahydroxy-ArsC	right
RXN-21024	WATER	right
RXN-8491	L-DIHYDROXY-PHENYLALANINE	left
RXN-8491	CPD-8651	left
RXN-8491	PROTON	right
RXN-8491	CPD-8671	right
RXN-8491	WATER	right
RXN-12295	CPD-13218	left
RXN-12295	NADPH	left
RXN-12295	PROTON	left
RXN-12295	CPD-13220	right
RXN-12295	NADP	right
RXN-7580	ENT-KAUR-16-EN-19-AL	left
RXN-7580	Red-NADPH-Hemoprotein-Reductases	left
RXN-7580	OXYGEN-MOLECULE	left
RXN-7580	CPD1F-132	right
RXN-7580	Ox-NADPH-Hemoprotein-Reductases	right
RXN-7580	WATER	right
RXN-7580	PROTON	right
RXN-18932	CPD-20305	left
RXN-18932	OXYGEN-MOLECULE	left
RXN-18932	WATER	left
RXN-18932	CPD-20303	right
RXN-18932	HYDROGEN-PEROXIDE	right
RXN-18932	CYS	right
RXN-9679	S-ADENOSYLMETHIONINE	left
RXN-9679	SARCOSINE	left
RXN-9679	PROTON	right
RXN-9679	ADENOSYL-HOMO-CYS	right
RXN-9679	DIMETHYL-GLYCINE	right
PHOSCHOL-RXN	PHOSPHATIDYLCHOLINE	left
PHOSCHOL-RXN	WATER	left
PHOSCHOL-RXN	L-PHOSPHATIDATE	right
PHOSCHOL-RXN	CHOLINE	right
PHOSCHOL-RXN	PROTON	right
RXN-18392	CPD-19753	left
RXN-18392	KDO	right
PHOSPHOLIPASE-C-RXN	PHOSPHATIDYLCHOLINE	left
PHOSPHOLIPASE-C-RXN	WATER	left
PHOSPHOLIPASE-C-RXN	DIACYLGLYCEROL	right
PHOSPHOLIPASE-C-RXN	PHOSPHORYL-CHOLINE	right
PHOSPHOLIPASE-C-RXN	PROTON	right
RXN0-5244	Ubiquinones	left
RXN0-5244	PROTON	left
RXN0-5244	E-	left
RXN0-5244	Ubiquinols	right
RXN-8326	CPD-8091	left
RXN-8326	OXYGEN-MOLECULE	left
RXN-8326	FERROCYTOCHROME-B5	left
RXN-8326	PROTON	left
RXN-8326	CPD-8092	right
RXN-8326	WATER	right
RXN-8326	FERRICYTOCHROME-B5	right
RXN1F-163	CPD1F-97	left
RXN1F-163	2-KETOGLUTARATE	left
RXN1F-163	OXYGEN-MOLECULE	left
RXN1F-163	CPD1F-120	right
RXN1F-163	SUC	right
RXN1F-163	CARBON-DIOXIDE	right
RXN1F-163	WATER	right
RXN-14434	CPD1F-766	left
RXN-14434	CPD-15283	left
RXN-14434	CPD-15005	right
RXN-14434	4-hydroxybenzoate	right
RXN-14503	CPD-15377	left
RXN-14503	D-Xylopyranose	right
GLUTSEMIALDEHYDROG-RXN	L-GLUTAMATE_GAMMA-SEMIALDEHYDE	left
GLUTSEMIALDEHYDROG-RXN	Pi	left
GLUTSEMIALDEHYDROG-RXN	NADP	left
GLUTSEMIALDEHYDROG-RXN	L-GLUTAMATE-5-P	right
GLUTSEMIALDEHYDROG-RXN	NADPH	right
GLUTSEMIALDEHYDROG-RXN	PROTON	right
3.6.3.1-RXN	Phospholipids	left
3.6.3.1-RXN	ATP	left
3.6.3.1-RXN	WATER	left
3.6.3.1-RXN	Phospholipids	right
3.6.3.1-RXN	ADP	right
3.6.3.1-RXN	Pi	right
3.6.3.1-RXN	PROTON	right
RXN-20457	NADPH	left
RXN-20457	WATER	left
RXN-20457	CPD0-2474	right
RXN0-2921	METHYLENE-THF-GLU-N	left
RXN0-2921	GLT	left
RXN0-2921	ATP	left
RXN0-2921	METHYLENE-THF-GLU-N	right
RXN0-2921	ADP	right
RXN0-2921	Pi	right
RXN-8452	S-ADENOSYLMETHIONINE	left
RXN-8452	CPD-8605	left
RXN-8452	SYRINGETIN	right
RXN-8452	ADENOSYL-HOMO-CYS	right
RXN-8452	PROTON	right
ISOCIT-CLEAV-RXN	THREO-DS-ISO-CITRATE	left
ISOCIT-CLEAV-RXN	GLYOX	right
ISOCIT-CLEAV-RXN	SUC	right
RXN1F-147	CPD1F-114	left
RXN1F-147	CPD1F-115	right
RXN-23683	CPD-26250	left
RXN-23683	Red-NADPH-Hemoprotein-Reductases	left
RXN-23683	OXYGEN-MOLECULE	left
RXN-23683	CPD-26251	right
RXN-23683	Ox-NADPH-Hemoprotein-Reductases	right
RXN-23683	WATER	right
RXN-22953	CPD-13118	left
RXN-22953	Protein-L-serine-or-L-threonine	left
RXN-22953	GDP	right
RXN-22953	Fucosyl-proteins	right
RXN-22953	PROTON	right
RXNQT-4332	PAPS	left
RXNQT-4332	CPDQT-418	left
RXNQT-4332	3-5-ADP	right
RXNQT-4332	PROTON	right
RXNQT-4332	CPDQT-296	right
RXN-19398	CPD-14795	left
RXN-19398	bGlucNAc-14-Man-R	left
RXN-19398	bGalNAc-13-bGlucNAc-14-Man-R	right
RXN-19398	UDP	right
RXN-19398	PROTON	right
RXN-3482	PYRUVATE	left
RXN-3482	HYDROXYLAMINE	left
RXN-3482	CPD-3344	right
RXN-3482	WATER	right
RXN-11655	CPD-12575	left
RXN-11655	CPD-10507	left
RXN-11655	CPD-12621	right
RXN-11655	UDP	right
METHYLTHIOADENOSINE-NUCLEOSIDASE-RXN	5-METHYLTHIOADENOSINE	left
METHYLTHIOADENOSINE-NUCLEOSIDASE-RXN	WATER	left
METHYLTHIOADENOSINE-NUCLEOSIDASE-RXN	CPD-560	right
METHYLTHIOADENOSINE-NUCLEOSIDASE-RXN	ADENINE	right
URIDINE-NUCLEOSIDASE-RXN	URIDINE	left
URIDINE-NUCLEOSIDASE-RXN	WATER	left
URIDINE-NUCLEOSIDASE-RXN	D-Ribofuranose	right
URIDINE-NUCLEOSIDASE-RXN	URACIL	right
RXN66-221	PROTON	left
RXN66-221	L-DIHYDROXY-PHENYLALANINE	left
RXN66-221	DOPAMINE	right
RXN66-221	CARBON-DIOXIDE	right
KETOISOCAPROATE-RXN	2K-4CH3-PENTANOATE	left
KETOISOCAPROATE-RXN	BCAA-dehydrogenase-lipoyl	left
KETOISOCAPROATE-RXN	PROTON	left
KETOISOCAPROATE-RXN	BCAA-dehydrogenase-3MB-DH-lipoyl	right
KETOISOCAPROATE-RXN	CARBON-DIOXIDE	right
2.4.1.115-RXN	CPD-12575	left
2.4.1.115-RXN	3-OH-Anthocyanidins	left
2.4.1.115-RXN	Anthocyanidin-3-O-beta-D-glucosides	right
2.4.1.115-RXN	UDP	right
2.4.1.115-RXN	PROTON	right
RXN-8299	CPD-2189	left
RXN-8299	OXYGEN-MOLECULE	left
RXN-8299	Reduced-ferredoxins	left
RXN-8299	PROTON	left
RXN-8299	CPD-8078	right
RXN-8299	WATER	right
RXN-8299	Oxidized-ferredoxins	right
SHIKIMATE-KINASE-RXN	SHIKIMATE	left
SHIKIMATE-KINASE-RXN	ATP	left
SHIKIMATE-KINASE-RXN	PROTON	right
SHIKIMATE-KINASE-RXN	SHIKIMATE-5P	right
SHIKIMATE-KINASE-RXN	ADP	right
GLUCONOKIN-RXN	ATP	left
GLUCONOKIN-RXN	GLUCONATE	left
GLUCONOKIN-RXN	PROTON	right
GLUCONOKIN-RXN	CPD-2961	right
GLUCONOKIN-RXN	ADP	right
RXN0-5259	ETR-Quinones	left
RXN0-5259	PROTON	left
RXN0-5259	E-	left
RXN0-5259	ETR-Quinols	right
+-NEOMENTHOL-DEHYDROGENASE-RXN	NADP	left
+-NEOMENTHOL-DEHYDROGENASE-RXN	CPD-1905	left
+-NEOMENTHOL-DEHYDROGENASE-RXN	PROTON	right
+-NEOMENTHOL-DEHYDROGENASE-RXN	NADPH	right
+-NEOMENTHOL-DEHYDROGENASE-RXN	CPD-1909	right
RXN-16834	BUTYRYL-COA	left
RXN-16834	NAD	left
RXN-16834	Reduced-ferredoxins	left
RXN-16834	CROTONYL-COA	right
RXN-16834	NADH	right
RXN-16834	Oxidized-ferredoxins	right
RXNQT-4300	GLY	left
RXNQT-4300	PROT-CYS	left
RXNQT-4300	NAD	left
RXNQT-4300	CPDQT-400	right
RXNQT-4300	NIACINAMIDE	right
RXNQT-4300	CPD-17449	right
RXNQT-4300	WATER	right
RXNQT-4300	PROTON	right
PHOSPHAGLYPSYN-RXN	CDPDIACYLGLYCEROL	left
PHOSPHAGLYPSYN-RXN	GLYCEROL-3P	left
PHOSPHAGLYPSYN-RXN	CMP	right
PHOSPHAGLYPSYN-RXN	L-1-PHOSPHATIDYL-GLYCEROL-P	right
PHOSPHAGLYPSYN-RXN	PROTON	right
RXN0-5305	CPD0-1108	left
RXN0-5305	CPD-15818	right
ASPARTATE-RACEMASE-RXN	L-ASPARTATE	left
ASPARTATE-RACEMASE-RXN	CPD-302	right
LYSOPHOSPHOLIPASE-RXN	2-Lysophosphatidylcholines	left
LYSOPHOSPHOLIPASE-RXN	WATER	left
LYSOPHOSPHOLIPASE-RXN	Carboxylates	right
LYSOPHOSPHOLIPASE-RXN	L-1-GLYCERO-PHOSPHORYLCHOLINE	right
LYSOPHOSPHOLIPASE-RXN	PROTON	right
RXN-8609	FARNESYL-PP	left
RXN-8609	CPD-8809	right
RXN-8609	PPI	right
GPPSYN-RXN	CPD-4211	left
GPPSYN-RXN	DELTA3-ISOPENTENYL-PP	left
GPPSYN-RXN	GERANYL-PP	right
GPPSYN-RXN	PPI	right
RXN-22330	S-ADENOSYLMETHIONINE	left
RXN-22330	CPD-22658	left
RXN-22330	Red-Thioredoxin	left
RXN-22330	WATER	left
RXN-22330	ADENOSYL-HOMO-CYS	right
RXN-22330	METHYLARSONITE	right
RXN-22330	Ox-Thioredoxin	right
RXN-22330	PROTON	right
RXN-22330	GLUTATHIONE	right
RXN-22484	Lipid-X	left
RXN-22484	UDP-2N-3R-hydroxyacyl-3O-3R-hydroxyacyl-GlcN	left
RXN-22484	Lipid-A-Disaccharide	right
RXN-22484	UDP	right
RXN-22484	PROTON	right
AMINOBUTDEHYDROG-RXN	4-AMINO-BUTYRALDEHYDE	left
AMINOBUTDEHYDROG-RXN	NAD	left
AMINOBUTDEHYDROG-RXN	WATER	left
AMINOBUTDEHYDROG-RXN	4-AMINO-BUTYRATE	right
AMINOBUTDEHYDROG-RXN	NADH	right
AMINOBUTDEHYDROG-RXN	PROTON	right
RXN-11671	CPD-8158	left
RXN-11671	Red-NADPH-Hemoprotein-Reductases	left
RXN-11671	OXYGEN-MOLECULE	left
RXN-11671	CPD-12644	right
RXN-11671	Ox-NADPH-Hemoprotein-Reductases	right
RXN-11671	WATER	right
RXN-9985	Beta-D-Fructofuranosides	left
RXN-9985	WATER	left
RXN-9985	BETA-D-FRUCTOSE	right
RXN-9985	Glycosides	right
RXN-13328	4-AMINO-BUTYRATE	left
RXN-13328	GLYOX	left
RXN-13328	SUCC-S-ALD	right
RXN-13328	GLY	right
RXN-24853	CPD-27364	left
RXN-24853	NADP	left
RXN-24853	CPD-27377	right
RXN-24853	NADPH	right
RXN-24853	PROTON	right
RXN-9637	CPD-21322	left
RXN-9637	OXYGEN-MOLECULE	left
RXN-9637	Red-NADPH-Hemoprotein-Reductases	left
RXN-9637	CPD-21323	right
RXN-9637	Ox-NADPH-Hemoprotein-Reductases	right
RXN-9637	WATER	right
RXN-9516	Butanoyl-ACPs	left
RXN-9516	MALONYL-ACP	left
RXN-9516	PROTON	left
RXN-9516	3-oxo-hexanoyl-ACPs	right
RXN-9516	CARBON-DIOXIDE	right
RXN-9516	ACP	right
RXN-8891	SUCC-S-ALD	left
RXN-8891	NADP	left
RXN-8891	CO-A	left
RXN-8891	SUC-COA	right
RXN-8891	NADPH	right
RXN-8891	PROTON	right
RXN-12293	CPD-8847	left
RXN-12293	NADPH	left
RXN-12293	PROTON	left
RXN-12293	MEK	right
RXN-12293	NADP	right
RXN-7101	BCCP-biotin-L-lysine	left
RXN-7101	biotin-L-lysine-in-BCCP-dimers	right
RXN3O-127	SACCHAROPINE	left
RXN3O-127	NADP	left
RXN3O-127	WATER	left
RXN3O-127	PROTON	right
RXN3O-127	GLT	right
RXN3O-127	ALLYSINE	right
RXN3O-127	NADPH	right
THYMINE-DIOXYGENASE-RXN	THYMINE	left
THYMINE-DIOXYGENASE-RXN	2-KETOGLUTARATE	left
THYMINE-DIOXYGENASE-RXN	OXYGEN-MOLECULE	left
THYMINE-DIOXYGENASE-RXN	CPD-254	right
THYMINE-DIOXYGENASE-RXN	SUC	right
THYMINE-DIOXYGENASE-RXN	CARBON-DIOXIDE	right
RXN0-7188	MET	left
RXN0-7188	HYDROGEN-PEROXIDE	left
RXN0-7188	CPD-8990	right
RXN0-7188	WATER	right
SPERMINE-SYNTHASE-RXN	SPERMIDINE	left
SPERMINE-SYNTHASE-RXN	S-ADENOSYLMETHIONINAMINE	left
SPERMINE-SYNTHASE-RXN	PROTON	right
SPERMINE-SYNTHASE-RXN	SPERMINE	right
SPERMINE-SYNTHASE-RXN	5-METHYLTHIOADENOSINE	right
RXN-15011	CPD-12511	left
RXN-15011	Protein-hydroxyprolines	left
RXN-15011	Proteins-hydroxyproline-arabinofuranoses	right
RXN-15011	UDP	right
RXN-15011	PROTON	right
RXN-2762	S-ADENOSYLMETHIONINE	left
RXN-2762	2-METHYL-6-SOLANYL-14-BENZOQUINONE	left
RXN-2762	CPD-12829	right
RXN-2762	ADENOSYL-HOMO-CYS	right
RXN-2762	PROTON	right
RXN-22326	ATP	left
RXN-22326	ARSENATE	left
RXN-22326	WATER	left
RXN-22326	ADP	right
RXN-22326	ARSENATE	right
RXN-22326	Pi	right
RXN-22326	PROTON	right
CINNAMOYL-COA-REDUCTASE-RXN	CINNAMALDEHYDE	left
CINNAMOYL-COA-REDUCTASE-RXN	CO-A	left
CINNAMOYL-COA-REDUCTASE-RXN	NADP	left
CINNAMOYL-COA-REDUCTASE-RXN	CINNAMOYL-COA	right
CINNAMOYL-COA-REDUCTASE-RXN	NADPH	right
CINNAMOYL-COA-REDUCTASE-RXN	PROTON	right
RXN-2005	BENZOYLCOA	left
RXN-2005	WATER	left
RXN-2005	PROTON	right
RXN-2005	BENZOATE	right
RXN-2005	CO-A	right
RXN-8509	CPD-8692	left
RXN-8509	CPD-8693	right
RXN-8509	WATER	right
RXN-16375	Phytoceramides	left
RXN-16375	OXYGEN-MOLECULE	left
RXN-16375	FERROCYTOCHROME-B5	left
RXN-16375	PROTON	left
RXN-16375	4-Hydroxysphing-8Z-enine-ceramides	right
RXN-16375	FERRICYTOCHROME-B5	right
RXN-16375	WATER	right
APIGNAR-RXN	CPD-20012	left
APIGNAR-RXN	NARINGENIN-CMPD	right
D-LACTATE-DEHYDROGENASE-CYTOCHROME-RXN	D-LACTATE	left
D-LACTATE-DEHYDROGENASE-CYTOCHROME-RXN	Cytochromes-C-Oxidized	left
D-LACTATE-DEHYDROGENASE-CYTOCHROME-RXN	PYRUVATE	right
D-LACTATE-DEHYDROGENASE-CYTOCHROME-RXN	Cytochromes-C-Reduced	right
D-LACTATE-DEHYDROGENASE-CYTOCHROME-RXN	PROTON	right
RXN1F-357	CHOLINE	left
RXN1F-357	OXYGEN-MOLECULE	left
RXN1F-357	Reduced-ferredoxins	left
RXN1F-357	PROTON	left
RXN1F-357	BETAINE-ALDEHYDE-HYDRATE	right
RXN1F-357	WATER	right
RXN1F-357	Oxidized-ferredoxins	right
RXN-20601	S-ADENOSYLMETHIONINE	left
RXN-20601	Histone-H3-K36	left
RXN-20601	ADENOSYL-HOMO-CYS	right
RXN-20601	Histone-H3-K36m1	right
RXN-20601	PROTON	right
RXN-12983	GERANYL-PP	left
RXN-12983	WATER	left
RXN-12983	CPD-14023	right
RXN-12983	PPI	right
RXN-7632	CPD-6982	left
RXN-7632	NAD-P-OR-NOP	left
RXN-7632	34-DIHYDROXYPHENYLPYRUVATE	right
RXN-7632	NADH-P-OR-NOP	right
RXN-7632	PROTON	right
RXN0-1134	PYRUVATE	left
RXN0-1134	Pyruvate-dehydrogenase-lipoate	left
RXN0-1134	PROTON	left
RXN0-1134	Pyruvate-dehydrogenase-acetylDHlipoyl	right
RXN0-1134	CARBON-DIOXIDE	right
RXN18C3-61	CPD-19219	left
RXN18C3-61	WATER	left
RXN18C3-61	CPD-19221	right
RXN18C3-61	METOH	right
RXN-16367	CPD-17610	left
RXN-16367	CPD-17604	right
RXN-16367	CARBON-DIOXIDE	right
INOSINE-NUCLEOSIDASE-RXN	INOSINE	left
INOSINE-NUCLEOSIDASE-RXN	WATER	left
INOSINE-NUCLEOSIDASE-RXN	D-Ribofuranose	right
INOSINE-NUCLEOSIDASE-RXN	HYPOXANTHINE	right
RXN-18741	S-NEDD8-yl-NEDD8-E1-L-cysteine	left
RXN-18741	NEDD8-conjugating-proteins-E2-L-cys	left
RXN-18741	NEDD8-Activating-Enzyme-E1-L-cys	right
RXN-18741	S-NEDD8-yl-NEDD8-E2-L-cysteine	right
RXN-11837	23S-rRNA-uridine1911-1915-1917	left
RXN-11837	23S-rRNA-pseudouridine1911-1915-1917	right
RXN-8536	CPD-8726	left
RXN-8536	Red-NADPH-Hemoprotein-Reductases	left
RXN-8536	OXYGEN-MOLECULE	left
RXN-8536	CPD-8727	right
RXN-8536	Ox-NADPH-Hemoprotein-Reductases	right
RXN-8536	WATER	right
RXN-8705	CPD-8922	left
RXN-8705	OXYGEN-MOLECULE	left
RXN-8705	CPD-8928	right
RXN-10431	INDOLE_ACETATE_AUXIN	left
RXN-10431	MET	left
RXN-10431	ATP	left
RXN-10431	PROTON	right
RXN-10431	CPD-11228	right
RXN-10431	AMP	right
RXN-10431	PPI	right
RXN-13336	L-PHOSPHATIDATE	left
RXN-13336	ATP	left
RXN-13336	DIACYLGLYCEROL-PYROPHOSPHATE	right
RXN-13336	ADP	right
BRANCHED-CHAINAMINOTRANSFERVAL-RXN	VAL	left
BRANCHED-CHAINAMINOTRANSFERVAL-RXN	2-KETOGLUTARATE	left
BRANCHED-CHAINAMINOTRANSFERVAL-RXN	GLT	right
BRANCHED-CHAINAMINOTRANSFERVAL-RXN	2-KETO-ISOVALERATE	right
RXN-18670	PROPIONYL-COA	left
RXN-18670	ETOH	left
RXN-18670	CPD-19958	right
RXN-18670	CO-A	right
RXN-5985	CPD-5662	left
RXN-5985	PROTON	right
RXN-5985	BIOTIN	right
RXN-19964	S-ubiquitinyl-UCP-RCR-E3-L-cysteine	left
RXN-19964	Proteins-L-Threonines	left
RXN-19964	RCR-Ubiquitin-carrier-protein-E3-L-cys	right
RXN-19964	Protein-3-O-Ubiquitinyl-L-threonine	right
RXN-13819	CPD-12575	left
RXN-13819	CPD-14838	left
RXN-13819	CPD-14839	right
RXN-13819	UDP	right
RXN-13819	PROTON	right
HEMEOSYN-RXN	PROTOHEME	left
HEMEOSYN-RXN	FARNESYL-PP	left
HEMEOSYN-RXN	WATER	left
HEMEOSYN-RXN	CPD-17063	right
HEMEOSYN-RXN	PPI	right
RXN-1603	CPD-409	left
RXN-1603	CPD-504	right
5.1.1.18-RXN	SER	left
5.1.1.18-RXN	D-SERINE	right
RXN4FS-12	GDP-L-GALACTOSE	left
RXN4FS-12	MANNOSE-1P	left
RXN4FS-12	GDP-MANNOSE	right
RXN4FS-12	CPDQT-4	right
3.6.1.17-RXN	CPD-609	left
3.6.1.17-RXN	WATER	left
3.6.1.17-RXN	PROTON	right
3.6.1.17-RXN	GTP	right
3.6.1.17-RXN	GMP	right
RXN-19919	CPD3O-0	left
RXN-19919	NAD	left
RXN-19919	CPD-21533	right
RXN-19919	NIACINAMIDE	right
RXN-18341	PROTOHEME	left
RXN-18341	OXYGEN-MOLECULE	left
RXN-18341	Red-NADPH-Hemoprotein-Reductases	left
RXN-18341	CPD-19720	right
RXN-18341	WATER	right
RXN-18341	Ox-NADPH-Hemoprotein-Reductases	right
RXN-16880	S-ADENOSYLMETHIONINE	left
RXN-16880	Vaccenoyl-Lipid	left
RXN-16880	E-11-methyl-12-octadec-12-enoate-lipid	right
RXN-16880	ADENOSYL-HOMO-CYS	right
RXN-16880	PROTON	right
NACGLCTRANS-RXN	C5	left
NACGLCTRANS-RXN	UDP-N-ACETYL-D-GLUCOSAMINE	left
NACGLCTRANS-RXN	PROTON	right
NACGLCTRANS-RXN	C6	right
NACGLCTRANS-RXN	UDP	right
RXN-20624	Histone-H3-K27m3	left
RXN-20624	2-KETOGLUTARATE	left
RXN-20624	OXYGEN-MOLECULE	left
RXN-20624	Histone-H3-K27m2	right
RXN-20624	FORMALDEHYDE	right
RXN-20624	SUC	right
RXN-20624	CARBON-DIOXIDE	right
RIBOFLAVINSYNREDUC-RXN	CPD-1086	left
RIBOFLAVINSYNREDUC-RXN	NADP	left
RIBOFLAVINSYNREDUC-RXN	CPD-602	right
RIBOFLAVINSYNREDUC-RXN	NADPH	right
RIBOFLAVINSYNREDUC-RXN	PROTON	right
RXN-24777	CPD-196	left
RXN-24777	NADP	left
RXN-24777	CPD0-2108	right
RXN-24777	NADPH	right
RXN-24777	PROTON	right
RXN-22606	CYS	left
RXN-22606	FUM	left
RXN-22606	CPD8J2-27	right
RXN-4243	CPD-4143	left
RXN-4243	Red-NADPH-Hemoprotein-Reductases	left
RXN-4243	OXYGEN-MOLECULE	left
RXN-4243	CPD-4162	right
RXN-4243	Ox-NADPH-Hemoprotein-Reductases	right
RXN-4243	WATER	right
RXNQT-4301	CPDQT-400	left
RXNQT-4301	WATER	left
RXNQT-4301	AMP	right
RXNQT-4301	THZ-P	right
RXNQT-4301	CARBON-DIOXIDE	right
RXNQT-4301	PROTON	right
RXN-12539	CPD-479	left
RXN-12539	CPD-12377	left
RXN-12539	ETHYLENE-CMPD	right
RXN-12539	CPD-7671	right
RXN-12539	CARBON-DIOXIDE	right
RXN-22333	S-ADENOSYLMETHIONINE	left
RXN-22333	Arsenite-Arsenite-Methyltranferase	left
RXN-22333	Red-Thioredoxin	left
RXN-22333	ADENOSYL-HOMO-CYS	right
RXN-22333	Methylarsenite-Arsenite-Methyltranferase	right
RXN-22333	Ox-Thioredoxin	right
RXN-22333	PROTON	right
RXN-13503	CPD-6948	left
RXN-13503	Red-NADPH-Hemoprotein-Reductases	left
RXN-13503	OXYGEN-MOLECULE	left
RXN-13503	CPD-14499	right
RXN-13503	Ox-NADPH-Hemoprotein-Reductases	right
RXN-13503	WATER	right
RXN66-305	CPD-4573	left
RXN66-305	Red-NADPH-Hemoprotein-Reductases	left
RXN66-305	OXYGEN-MOLECULE	left
RXN66-305	44-DIMETHYL-CHOLESTA-814-24-TRIENOL	right
RXN66-305	Ox-NADPH-Hemoprotein-Reductases	right
RXN66-305	WATER	right
RXN66-305	FORMATE	right
RXN66-305	PROTON	right
ASPCARBTRANS-RXN	L-ASPARTATE	left
ASPCARBTRANS-RXN	CARBAMOYL-P	left
ASPCARBTRANS-RXN	PROTON	right
ASPCARBTRANS-RXN	CARBAMYUL-L-ASPARTATE	right
ASPCARBTRANS-RXN	Pi	right
RXN-9104	UDP-D-XYLOSE	left
RXN-9104	1-4-beta-Xylan	left
RXN-9104	UDP	right
RXN-9104	1-4-beta-Xylan	right
RXNQT-4328	CPD-12575	left
RXNQT-4328	CPDQT-415	left
RXNQT-4328	CPDQT-419	right
RXNQT-4328	UDP	right
RXNQT-4328	PROTON	right
RXN-6383	3-HYDROXY-PROPIONYL-COA	left
RXN-6383	ACRYLYL-COA	right
RXN-6383	WATER	right
NADPH-DEHYDROGENASE-FLAVIN-RXN	CPD-316	left
NADPH-DEHYDROGENASE-FLAVIN-RXN	NADP	left
NADPH-DEHYDROGENASE-FLAVIN-RXN	PROTON	right
NADPH-DEHYDROGENASE-FLAVIN-RXN	RIBOFLAVIN	right
NADPH-DEHYDROGENASE-FLAVIN-RXN	NADPH	right
1.14.13.72-RXN	44-DIMETHYL-5ALPHA-CHOLEST-7-EN-3BET	left
1.14.13.72-RXN	OXYGEN-MOLECULE	left
1.14.13.72-RXN	FERROCYTOCHROME-B5	left
1.14.13.72-RXN	PROTON	left
1.14.13.72-RXN	CPD-5847	right
1.14.13.72-RXN	WATER	right
1.14.13.72-RXN	FERRICYTOCHROME-B5	right
RXN-22405	CPD-24398	left
RXN-22405	HS	left
RXN-22405	CPD-24399	right
RXN-22405	WATER	right
RXN-22405	PROTON	right
RXN-16417	18-OXOOLEATE	left
RXN-16417	NADP	left
RXN-16417	WATER	left
RXN-16417	OCTADEC-9-ENE-118-DIOIC-ACID	right
RXN-16417	NADPH	right
RXN-16417	PROTON	right
2.8.2.27-RXN	CPD-1822	left
2.8.2.27-RXN	PAPS	left
2.8.2.27-RXN	3-5-ADP	right
2.8.2.27-RXN	PROTON	right
2.8.2.27-RXN	QUERCETIN-34-BISSULFATE	right
2.7.1.90-RXN	FRUCTOSE-6P	left
2.7.1.90-RXN	PPI	left
2.7.1.90-RXN	PROTON	right
2.7.1.90-RXN	Pi	right
2.7.1.90-RXN	FRUCTOSE-16-DIPHOSPHATE	right
RXN-9623	PALMITATE	left
RXN-9623	CO-A	left
RXN-9623	ATP	left
RXN-9623	PALMITYL-COA	right
RXN-9623	PPI	right
RXN-9623	AMP	right
RXN-22334	S-ADENOSYLMETHIONINE	left
RXN-22334	Methylarsenite-Arsenite-Methyltranferase	left
RXN-22334	Red-Thioredoxin	left
RXN-22334	ADENOSYL-HOMO-CYS	right
RXN-22334	Dimethylarsenite-Arsenite-Methyltranferase	right
RXN-22334	Ox-Thioredoxin	right
RXN-22334	PROTON	right
2.4.1.32-RXN	GDP-MANNOSE	left
2.4.1.32-RXN	Glucomannans	left
2.4.1.32-RXN	GDP	right
2.4.1.32-RXN	Glucomannans	right
RXN-8136	THIOHYDROXIMATE-O-SULFATES	left
RXN-8136	Nitriles	right
RXN-8136	SULFATE	right
RXN-8136	Elemental-Sulfur	right
RXN-8136	PROTON	right
RXN-16399	STEARIC_ACID	left
RXN-16399	OXYGEN-MOLECULE	left
RXN-16399	Red-NADPH-Hemoprotein-Reductases	left
RXN-16399	CPD-17640	right
RXN-16399	Ox-NADPH-Hemoprotein-Reductases	right
RXN-16399	WATER	right
RXN66-304	CPD-4568	left
RXN66-304	Red-NADPH-Hemoprotein-Reductases	left
RXN66-304	OXYGEN-MOLECULE	left
RXN66-304	CPD-4573	right
RXN66-304	Ox-NADPH-Hemoprotein-Reductases	right
RXN66-304	WATER	right
RXN-13698	GLT	left
RXN-13698	PYRUVATE	left
RXN-13698	2-KETOGLUTARATE	right
RXN-13698	L-ALPHA-ALANINE	right
RXN-7772	GDP-MANNOSE	left
RXN-7772	GDP-L-GALACTOSE	right
RXN-3562	VESTITONE	left
RXN-3562	NADP	left
RXN-3562	2-HYDROXYFORMONONETIN	right
RXN-3562	NADPH	right
RXN-3562	PROTON	right
RXN-20610	S-ADENOSYLMETHIONINE	left
RXN-20610	Histone-H3-K4m2	left
RXN-20610	ADENOSYL-HOMO-CYS	right
RXN-20610	Histone-H3-K4m3	right
RXN-20610	PROTON	right
RXN-17849	N-terminal-asparagine	left
RXN-17849	WATER	left
RXN-17849	Proteins-With-N-Terminal-Asp	right
RXN-17849	AMMONIUM	right
HISTIDINE-DECARBOXYLASE-RXN	HIS	left
HISTIDINE-DECARBOXYLASE-RXN	PROTON	left
HISTIDINE-DECARBOXYLASE-RXN	HISTAMINE	right
HISTIDINE-DECARBOXYLASE-RXN	CARBON-DIOXIDE	right
ETHANOLAMINE-KINASE-RXN	ETHANOL-AMINE	left
ETHANOLAMINE-KINASE-RXN	ATP	left
ETHANOLAMINE-KINASE-RXN	PROTON	right
ETHANOLAMINE-KINASE-RXN	PHOSPHORYL-ETHANOLAMINE	right
ETHANOLAMINE-KINASE-RXN	ADP	right
TRANS-RXN-205	CPD-4442	left
TRANS-RXN-205	PROTON	left
TRANS-RXN-205	CPD-4442	right
TRANS-RXN-205	PROTON	right
RXN-20629	Histone-H3-K9m2	left
RXN-20629	2-KETOGLUTARATE	left
RXN-20629	OXYGEN-MOLECULE	left
RXN-20629	Histone-H3-K9m1	right
RXN-20629	FORMALDEHYDE	right
RXN-20629	SUC	right
RXN-20629	CARBON-DIOXIDE	right
RXN-19146	Proteins-with-N-Terminal-L-Glutamate	left
RXN-19146	Protein-N-terminal-5-oxo-prolines	right
RXN-19146	WATER	right
ADENYLYLSULFATASE-RXN	APS	left
ADENYLYLSULFATASE-RXN	WATER	left
ADENYLYLSULFATASE-RXN	PROTON	right
ADENYLYLSULFATASE-RXN	SULFATE	right
ADENYLYLSULFATASE-RXN	AMP	right
RXN-12530	RUTIN	left
RXN-12530	WATER	left
RXN-12530	CPD-520	right
RXN-12530	CPD-12733	right
RXN2B4Q-67	CPD2B4Q-2	left
RXN2B4Q-67	ATP	left
RXN2B4Q-67	WATER	left
RXN2B4Q-67	CPD2B4Q-2	right
RXN2B4Q-67	ADP	right
RXN2B4Q-67	Pi	right
RXN2B4Q-67	PROTON	right
RXN-10429	INDOLE_ACETATE_AUXIN	left
RXN-10429	GLY	left
RXN-10429	ATP	left
RXN-10429	PROTON	right
RXN-10429	CPD-11226	right
RXN-10429	AMP	right
RXN-10429	PPI	right
RXN-16344	CPD-17595	left
RXN-16344	2-KETOGLUTARATE	left
RXN-16344	OXYGEN-MOLECULE	left
RXN-16344	CPD-8958	right
RXN-16344	SUC	right
RXN-16344	CARBON-DIOXIDE	right
RXN-16344	WATER	right
2.7.1.139-RXN	INOSITOL-1-3-4-TRIPHOSPHATE	left
2.7.1.139-RXN	ATP	left
2.7.1.139-RXN	PROTON	right
2.7.1.139-RXN	CPD-506	right
2.7.1.139-RXN	ADP	right
RXN0-1132	Pyruvate-dehydrogenase-dihydrolipoate	left
RXN0-1132	NAD	left
RXN0-1132	Pyruvate-dehydrogenase-lipoate	right
RXN0-1132	NADH	right
RXN0-1132	PROTON	right
RXN-7828	CPD-12575	left
RXN-7828	PELARGONIDIN-3-GLUCOSIDE-CMPD	left
RXN-7828	CPD-7137	right
RXN-7828	UDP	right
RXN-7828	PROTON	right
RXN-21352	CPD-23253	left
RXN-21352	WATER	left
RXN-21352	PROTON	left
RXN-21352	DIMETHYLAMINE	right
RXN-21352	CARBON-DIOXIDE	right
RXN-21352	CPD-23267	right
RXN-10432	INDOLE_ACETATE_AUXIN	left
RXN-10432	TYR	left
RXN-10432	ATP	left
RXN-10432	PROTON	right
RXN-10432	CPD-11229	right
RXN-10432	AMP	right
RXN-10432	PPI	right
RXN-7162	INOSITOL-1456-TETRAKISPHOSPHATE	left
RXN-7162	ATP	left
RXN-7162	PROTON	right
RXN-7162	CPD-1107	right
RXN-7162	ADP	right
GLUC1PURIDYLTRANS-RXN	GLC-1-P	left
GLUC1PURIDYLTRANS-RXN	UTP	left
GLUC1PURIDYLTRANS-RXN	PROTON	left
GLUC1PURIDYLTRANS-RXN	CPD-12575	right
GLUC1PURIDYLTRANS-RXN	PPI	right
DEOXYADENYLATE-KINASE-RXN	ATP	left
DEOXYADENYLATE-KINASE-RXN	DAMP	left
DEOXYADENYLATE-KINASE-RXN	ADP	right
DEOXYADENYLATE-KINASE-RXN	DADP	right
RXN-12319	CPD-14553	left
RXN-12319	CPD-7612	left
RXN-12319	PROTON	right
RXN-12319	UDP	right
RXN-12319	CPD-13254	right
RXN-14883	CPD-15818	left
RXN-14883	D-Ribopyranose	right
RXN0-5359	GTP	left
RXN0-5359	C-DI-GMP	right
RXN0-5359	PPI	right
RIB5PISOM-RXN	RIBOSE-5P	left
RIB5PISOM-RXN	RIBULOSE-5P	right
ENOYL-COA-DELTA-ISOM-RXN	CIS-DELTA3-ENOYL-COA	left
ENOYL-COA-DELTA-ISOM-RXN	TRANS-D2-ENOYL-COA	right
RXN-14056	CPD-12177	left
RXN-14056	CH3-MALONATE-S-ALD	right
RXN-7631	CPD-6978	left
RXN-7631	Red-NADPH-Hemoprotein-Reductases	left
RXN-7631	OXYGEN-MOLECULE	left
RXN-7631	CPD-6981	right
RXN-7631	Ox-NADPH-Hemoprotein-Reductases	right
RXN-7631	WATER	right
RXN-10811	CO-A	left
RXN-10811	WATER	left
RXN-10811	3-5-ADP	right
RXN-10811	PANTETHEINE-P	right
RXN-10811	PROTON	right
RXN-7796	CPD3DJ-82	left
RXN-7796	OXYGEN-MOLECULE	left
RXN-7796	FERROCYTOCHROME-B5	left
RXN-7796	PROTON	left
RXN-7796	Alpha-hydroxydihydroceramides	right
RXN-7796	FERRICYTOCHROME-B5	right
RXN-7796	WATER	right
AMIDASE-RXN	Monocarboxylic-Acid-Amides	left
AMIDASE-RXN	WATER	left
AMIDASE-RXN	Monocarboxylates	right
AMIDASE-RXN	AMMONIUM	right
RXN-22408	Reduced-ferredoxins	left
RXN-22408	PROTON	left
RXN-22408	PLASTOQUINONE	left
RXN-22408	PROTON	right
RXN-22408	Oxidized-ferredoxins	right
RXN-22408	Plastoquinols	right
1.1.1.39-RXN	MAL	left
1.1.1.39-RXN	NAD	left
1.1.1.39-RXN	PYRUVATE	right
1.1.1.39-RXN	CARBON-DIOXIDE	right
1.1.1.39-RXN	NADH	right
RXN-13801	CPD-12575	left
RXN-13801	LUTEOLIN-7-O-BETA-D-GLUCOSIDE	left
RXN-13801	CPD-14825	right
RXN-13801	UDP	right
RXN-13801	PROTON	right
1.3.99.5-RXN	3-Oxo-5-Alpha-Steroids	left
1.3.99.5-RXN	NADP	left
1.3.99.5-RXN	3-Oxo-Delta-4-Steroids	right
1.3.99.5-RXN	NADPH	right
1.3.99.5-RXN	PROTON	right
TRANS-RXN0-540	Hpr-pi-phospho-L-histidines	left
TRANS-RXN0-540	2-DEOXY-D-GLUCOSE	left
TRANS-RXN0-540	Hpr-Histidine	right
TRANS-RXN0-540	2-DEOXY-D-GLUCOSE-6-PHOSPHATE	right
RXN-8323	CPD-2182	left
RXN-8323	OXYGEN-MOLECULE	left
RXN-8323	FERROCYTOCHROME-B5	left
RXN-8323	PROTON	left
RXN-8323	CPD-8090	right
RXN-8323	WATER	right
RXN-8323	FERRICYTOCHROME-B5	right
RXN-21590	CPD-23475	left
RXN-21590	CPD-23474	right
RXN-21590	WATER	right
RXN-21590	PROTON	right
RXN-15802	HIS	left
RXN-15802	CYS	left
RXN-15802	OXYGEN-MOLECULE	left
RXN-15802	CPD-17029	right
RXN-15802	WATER	right
RXN-7644	SORBITOL	left
RXN-7644	NAD	left
RXN-7644	CPD-15382	right
RXN-7644	NADH	right
RXN-7644	PROTON	right
RXN-12307	ATP	left
RXN-12307	GERANIOL	left
RXN-12307	ADP	right
RXN-12307	CPD-13243	right
RXN-12307	PROTON	right
RXN-23862	5-Phospho-RNA	left
RXN-23862	WATER	left
RXN-23862	5-Phospho-RNA	right
RXN-23862	Nucleoside-Monophosphates	right
ATPSYN-RXN	ATP	left
ATPSYN-RXN	WATER	left
ATPSYN-RXN	PROTON	left
ATPSYN-RXN	ADP	right
ATPSYN-RXN	Pi	right
ATPSYN-RXN	PROTON	right
MANNPISOM-RXN	CPD-15979	left
MANNPISOM-RXN	FRUCTOSE-6P	right
RXN-6861	5-AMINO-2-OXOPENTANOATE	left
RXN-6861	DELTA1-PYRROLINE_2-CARBOXYLATE	right
RXN-6861	WATER	right
RXN-6861	PROTON	right
PSERTRANSAMPYR-RXN	4-PHOSPHONOOXY-THREONINE	left
PSERTRANSAMPYR-RXN	2-KETOGLUTARATE	left
PSERTRANSAMPYR-RXN	3OH-4P-OH-ALPHA-KETOBUTYRATE	right
PSERTRANSAMPYR-RXN	GLT	right
RXN66-14	CPD-8610	left
RXN66-14	NADP	left
RXN66-14	PROTON	right
RXN66-14	CPD-8609	right
RXN66-14	NADPH	right
RXN-18668	PROPIONYL-COA	left
RXN-18668	BUTANOL	left
RXN-18668	CPD-19956	right
RXN-18668	CO-A	right
CERAMIDE-KINASE-RXN	Ceramides	left
CERAMIDE-KINASE-RXN	ATP	left
CERAMIDE-KINASE-RXN	CPD-502	right
CERAMIDE-KINASE-RXN	ADP	right
CERAMIDE-KINASE-RXN	PROTON	right
3.2.1.153-RXN	Inulin	left
3.2.1.153-RXN	WATER	left
3.2.1.153-RXN	Fructofuranose	right
3.2.1.153-RXN	Inulin	right
RXN-14373	CPD-7043	left
RXN-14373	Alpha-Amyloses	left
RXN-14373	Starch	right
RXN-13492	CPD-13667	left
RXN-13492	Red-NADPH-Hemoprotein-Reductases	left
RXN-13492	OXYGEN-MOLECULE	left
RXN-13492	CPD-13670	right
RXN-13492	Ox-NADPH-Hemoprotein-Reductases	right
RXN-13492	WATER	right
RXN-8481	CPD-12575	left
RXN-8481	CPD-8652	left
RXN-8481	PROTON	right
RXN-8481	CPD-8656	right
RXN-8481	UDP	right
RXN-7798	C18-Phytoceramides	left
RXN-7798	OXYGEN-MOLECULE	left
RXN-7798	FERROCYTOCHROME-B5	left
RXN-7798	PROTON	left
RXN-7798	4-Hydroxysphing-8E-enine-ceramides	right
RXN-7798	FERRICYTOCHROME-B5	right
RXN-7798	WATER	right
RXN-15468	Oxidized-ferredoxins	left
RXN-15468	E-	left
RXN-15468	Reduced-ferredoxins	right
TYROSINE-3-MONOOXYGENASE-RXN	TYR	left
TYROSINE-3-MONOOXYGENASE-RXN	TETRA-H-BIOPTERIN	left
TYROSINE-3-MONOOXYGENASE-RXN	OXYGEN-MOLECULE	left
TYROSINE-3-MONOOXYGENASE-RXN	L-DIHYDROXY-PHENYLALANINE	right
TYROSINE-3-MONOOXYGENASE-RXN	4a-Hydroxytetrahydrobiopterins	right
DEOXYCYTIDINE-KINASE-RXN	DEOXYCYTIDINE	left
DEOXYCYTIDINE-KINASE-RXN	Nucleoside-Triphosphates	left
DEOXYCYTIDINE-KINASE-RXN	DCMP	right
DEOXYCYTIDINE-KINASE-RXN	Nucleoside-Diphosphates	right
DEOXYCYTIDINE-KINASE-RXN	PROTON	right
2.3.1.78-RXN	ACETYL-COA	left
2.3.1.78-RXN	Heparan-sulfate-D-glucosaminides	left
2.3.1.78-RXN	Heparan-NAc-glucosaminide	right
2.3.1.78-RXN	CO-A	right
RXN-15596	FE+3	left
RXN-15596	E-	left
RXN-15596	FE+2	right
RXN-21162	4-ALPHA-METHYL-5-ALPHA	left
RXN-21162	FERROCYTOCHROME-B5	left
RXN-21162	OXYGEN-MOLECULE	left
RXN-21162	PROTON	left
RXN-21162	CPD-22763	right
RXN-21162	FERRICYTOCHROME-B5	right
RXN-21162	WATER	right
RXN-9368	CPD-7857	left
RXN-9368	NADP	left
RXN-9368	CPD-9976	right
RXN-9368	NADPH	right
RXN-9368	PROTON	right
RXN-22908	S-ADENOSYLMETHIONINE	left
RXN-22908	N1-methylpseudouridine-in-rRNA	left
RXN-22908	5-METHYLTHIOADENOSINE	right
RXN-22908	N1-Methyl-N3-aminocarboxypropyl-pseudoU-rRNAs	right
RXN-22908	PROTON	right
2.4.1.46-RXN	CPD-14553	left
2.4.1.46-RXN	DIACYLGLYCEROL	left
2.4.1.46-RXN	D-Galactosyl-12-diacyl-glycerols	right
2.4.1.46-RXN	UDP	right
2.4.1.46-RXN	PROTON	right
RXN-9528	Beta-hydroxydecanoyl-ACPs	left
RXN-9528	NADP	left
RXN-9528	3-oxo-decanoyl-ACPs	right
RXN-9528	NADPH	right
RXN-9528	PROTON	right
IPPISOM-RXN	DELTA3-ISOPENTENYL-PP	left
IPPISOM-RXN	CPD-4211	right
RXN-2982	INDOLE-3-ACETYL-LEU	left
RXN-2982	WATER	left
RXN-2982	INDOLE_ACETATE_AUXIN	right
RXN-2982	LEU	right
DEHYDDEOXPHOSGALACT-ALDOL-RXN	DEHYDRO-DEOXY-GALACTONATE-PHOSPHATE	left
DEHYDDEOXPHOSGALACT-ALDOL-RXN	GAP	right
DEHYDDEOXPHOSGALACT-ALDOL-RXN	PYRUVATE	right
RXN-14501	CPD-15373	left
RXN-14501	CPD-12601	right
4.3.1.17-RXN	SER	left
4.3.1.17-RXN	PYRUVATE	right
4.3.1.17-RXN	AMMONIUM	right
RXN-6382	CPD-6082	left
RXN-6382	NAD-P-OR-NOP	left
RXN-6382	WATER	left
RXN-6382	B-ALANINE	right
RXN-6382	NADH-P-OR-NOP	right
RXN-6382	PROTON	right
1.2.1.47-RXN	4-TRIMETHYLAMMONIOBUTANAL	left
1.2.1.47-RXN	NAD	left
1.2.1.47-RXN	WATER	left
1.2.1.47-RXN	GAMMA-BUTYROBETAINE	right
1.2.1.47-RXN	NADH	right
1.2.1.47-RXN	PROTON	right
RXN-11935	CPD-4124	left
RXN-11935	FERROCYTOCHROME-B5	left
RXN-11935	OXYGEN-MOLECULE	left
RXN-11935	PROTON	left
RXN-11935	CPD-12911	right
RXN-11935	FERRICYTOCHROME-B5	right
RXN-11935	WATER	right
5-OXOPROLINASE-ATP-HYDROLYSING-RXN	5-OXOPROLINE	left
5-OXOPROLINASE-ATP-HYDROLYSING-RXN	WATER	left
5-OXOPROLINASE-ATP-HYDROLYSING-RXN	ATP	left
5-OXOPROLINASE-ATP-HYDROLYSING-RXN	PROTON	right
5-OXOPROLINASE-ATP-HYDROLYSING-RXN	GLT	right
5-OXOPROLINASE-ATP-HYDROLYSING-RXN	Pi	right
5-OXOPROLINASE-ATP-HYDROLYSING-RXN	ADP	right
RXN-24779	CPD-10267	left
RXN-24779	NADP	left
RXN-24779	T2-DECENOYL-COA	right
RXN-24779	NADPH	right
RXN-24779	PROTON	right
ADPREDUCT-RXN	DADP	left
ADPREDUCT-RXN	Ox-Thioredoxin	left
ADPREDUCT-RXN	WATER	left
ADPREDUCT-RXN	ADP	right
ADPREDUCT-RXN	Red-Thioredoxin	right
RXN-11501	CPD-170	left
RXN-11501	WATER	left
RXN-11501	CPD-1099	right
RXN-11501	ALPHA-D-GALACTOSE	right
RXN-19830	14a-formylsteroids	left
RXN-19830	OXYGEN-MOLECULE	left
RXN-19830	Red-NADPH-Hemoprotein-Reductases	left
RXN-19830	Delta-14-steroids	right
RXN-19830	FORMATE	right
RXN-19830	WATER	right
RXN-19830	Ox-NADPH-Hemoprotein-Reductases	right
RXN-19830	PROTON	right
GART-RXN	FORMYL-THF-GLU-N	left
GART-RXN	5-PHOSPHO-RIBOSYL-GLYCINEAMIDE	left
GART-RXN	THF-GLU-N	right
GART-RXN	5-P-RIBOSYL-N-FORMYLGLYCINEAMIDE	right
GART-RXN	PROTON	right
RXN-14656	CPD-15476	left
RXN-14656	2-KETOGLUTARATE	left
RXN-14656	OXYGEN-MOLECULE	left
RXN-14656	CPD-15473	right
RXN-14656	FORMALDEHYDE	right
RXN-14656	SUC	right
RXN-14656	CARBON-DIOXIDE	right
RXN-18095	CPD-12575	left
RXN-18095	CPD-12702	left
RXN-18095	CPD-553	right
RXN-18095	UDP	right
RXN-18095	PROTON	right
RXN-11354	CPD-7535	left
RXN-11354	CPD-7526	right
RXN-13872	NAD	left
RXN-13872	CPD-14880	right
RXN-13872	NIACINAMIDE	right
RXN-20987	ATP	left
RXN-20987	2-PG	left
RXN-20987	ADP	right
RXN-20987	23-DIPHOSPHOGLYCERATE	right
RXN-20987	PROTON	right
RXN66-550	Ubiquinones	left
RXN66-550	ETF-Reduced	left
RXN66-550	Ubiquinols	right
RXN66-550	ETF-Oxidized	right
RXN66-550	PROTON	right
RXN-18671	BENZOYLCOA	left
RXN-18671	PROPANOL	left
RXN-18671	CPD-19959	right
RXN-18671	CO-A	right
RXN-9369	CPD-9977	left
RXN-9369	NADP	left
RXN-9369	CPD-9978	right
RXN-9369	NADPH	right
RXN-9369	PROTON	right
RXN-1321	OXYGEN-MOLECULE	left
RXN-1321	LINOLENIC_ACID	left
RXN-1321	CPD-725	right
RXN-8171	CPD-7714	left
RXN-8171	MALONYL-COA	left
RXN-8171	CPD-7708	right
RXN-8171	CO-A	right
RXN-11046	S-ADENOSYLMETHIONINE	left
RXN-11046	Demethylmenaquinols	left
RXN-11046	Menaquinols	right
RXN-11046	ADENOSYL-HOMO-CYS	right
RXN-11046	PROTON	right
RXN-4229	CPD-3946	left
RXN-4229	NADP	left
RXN-4229	PROTON	right
RXN-4229	CPD-3945	right
RXN-4229	NADPH	right
RXN-14046	PYRIDOXAMINE-5P	left
RXN-14046	WATER	left
RXN-14046	PYRIDOXAMINE	right
RXN-14046	Pi	right
MANNITOL-1-PHOSPHATASE-RXN	WATER	left
MANNITOL-1-PHOSPHATASE-RXN	MANNITOL-1P	left
MANNITOL-1-PHOSPHATASE-RXN	Pi	right
MANNITOL-1-PHOSPHATASE-RXN	MANNITOL	right
RXN0-7068	tRNA-uridine34	left
RXN0-7068	GTP	left
RXN0-7068	METHYLENE-THF-GLU-N	left
RXN0-7068	GLY	left
RXN0-7068	WATER	left
RXN0-7068	Acceptor	left
RXN0-7068	tRNA-containing-5-CarbMeAminome-uridine	right
RXN0-7068	GDP	right
RXN0-7068	Pi	right
RXN0-7068	DIHYDROFOLATE-GLU-N	right
RXN0-7068	PROTON	right
RXN0-7068	Donor-H2	right
RXN-16889	S-ADENOSYLMETHIONINE	left
RXN-16889	Protein-L-Arginines	left
RXN-16889	ADENOSYL-HOMO-CYS	right
RXN-16889	Protein-N-omega-methyl-arginine	right
RXN-16889	PROTON	right
RXN-11340	DODECANOATE	left
RXN-11340	Red-NADPH-Hemoprotein-Reductases	left
RXN-11340	OXYGEN-MOLECULE	left
RXN-11340	CPD-12299	right
RXN-11340	Ox-NADPH-Hemoprotein-Reductases	right
RXN-11340	WATER	right
RXN-18804	GLT	left
RXN-18804	ATP	left
RXN-18804	PROTON	left
RXN-18804	CPD-20105	right
RXN-18804	PPI	right
RXN-15556	S-ubiquitinyl-UAP-E1-L-cysteine	left
RXN-15556	Ubiquitin-carrier-protein-E2-L-cysteine	left
RXN-15556	Ubiquitin-activating-protein-E1-L-cys	right
RXN-15556	S-ubiquitinyl-UCP-E2-L-cysteine	right
RXN-11346	CPD-12303	left
RXN-11346	UDP-N-ACETYL-D-GLUCOSAMINE	left
RXN-11346	PROTON	right
RXN-11346	CPD-12304	right
RXN-11346	UDP	right
METHYLACYLYLCOA-HYDROXY-RXN	CPD-12173	left
METHYLACYLYLCOA-HYDROXY-RXN	METHACRYLYL-COA	right
METHYLACYLYLCOA-HYDROXY-RXN	WATER	right
RXN-8970	CPD-9412	left
RXN-8970	OXYGEN-MOLECULE	left
RXN-8970	Red-NADPH-Hemoprotein-Reductases	left
RXN-8970	CPD-9413	right
RXN-8970	Ox-NADPH-Hemoprotein-Reductases	right
RXN-8970	WATER	right
RXN-8970	PROTON	right
2.4.1.37-RXN	CPD-14553	left
2.4.1.37-RXN	H-antigen	left
2.4.1.37-RXN	B-antigen	right
2.4.1.37-RXN	UDP	right
2.4.1.37-RXN	PROTON	right
RXN0-5205	ZN+2	left
RXN0-5205	ATP	left
RXN0-5205	WATER	left
RXN0-5205	ZN+2	right
RXN0-5205	ADP	right
RXN0-5205	Pi	right
RXN0-5205	PROTON	right
RXN-18343	CPD-19719	left
RXN-18343	OXYGEN-MOLECULE	left
RXN-18343	Red-NADPH-Hemoprotein-Reductases	left
RXN-18343	PROTON	left
RXN-18343	CPD-19721	right
RXN-18343	WATER	right
RXN-18343	Ox-NADPH-Hemoprotein-Reductases	right
TROPINONE-REDUCTASE-RXN	NADP	left
TROPINONE-REDUCTASE-RXN	PSEUDOTROPINE	left
TROPINONE-REDUCTASE-RXN	PROTON	right
TROPINONE-REDUCTASE-RXN	NADPH	right
TROPINONE-REDUCTASE-RXN	TROPINONE	right
ALLYL-ALCOHOL-DEHYDROGENASE-RXN	ALLYL-ALCOHOL	left
ALLYL-ALCOHOL-DEHYDROGENASE-RXN	NADP	left
ALLYL-ALCOHOL-DEHYDROGENASE-RXN	ACROLEIN	right
ALLYL-ALCOHOL-DEHYDROGENASE-RXN	NADPH	right
ALLYL-ALCOHOL-DEHYDROGENASE-RXN	PROTON	right
DTMPKI-RXN	ATP	left
DTMPKI-RXN	TMP	left
DTMPKI-RXN	ADP	right
DTMPKI-RXN	TDP	right
RXN-12427	CPD-13434	left
RXN-12427	WATER	left
RXN-12427	CPD-13430	right
RXN-12427	CPD-13432	right
RXN-16047	CPD-17294	left
RXN-16047	Reduced-ferredoxins	left
RXN-16047	OXYGEN-MOLECULE	left
RXN-16047	PROTON	left
RXN-16047	CPD-17293	right
RXN-16047	Oxidized-ferredoxins	right
RXN-16047	WATER	right
RXN-8298	CPD-8077	left
RXN-8298	OXYGEN-MOLECULE	left
RXN-8298	Reduced-ferredoxins	left
RXN-8298	PROTON	left
RXN-8298	CPD-2189	right
RXN-8298	WATER	right
RXN-8298	Oxidized-ferredoxins	right
RXN-6722	S-ADENOSYLMETHIONINE	left
RXN-6722	BENZOATE	left
RXN-6722	CPD-6441	right
RXN-6722	ADENOSYL-HOMO-CYS	right
FOLYLPOLYGLUTAMATESYNTH-RXN	THF-GLU-N	left
FOLYLPOLYGLUTAMATESYNTH-RXN	GLT	left
FOLYLPOLYGLUTAMATESYNTH-RXN	ATP	left
FOLYLPOLYGLUTAMATESYNTH-RXN	THF-GLU-N	right
FOLYLPOLYGLUTAMATESYNTH-RXN	ADP	right
FOLYLPOLYGLUTAMATESYNTH-RXN	Pi	right
ACETYLORNTRANSAM-RXN	N-ALPHA-ACETYLORNITHINE	left
ACETYLORNTRANSAM-RXN	2-KETOGLUTARATE	left
ACETYLORNTRANSAM-RXN	GLT	right
ACETYLORNTRANSAM-RXN	CPD-469	right
RXN-16401	CPD-17640	left
RXN-16401	CO-A	left
RXN-16401	ATP	left
RXN-16401	CPD-17641	right
RXN-16401	PPI	right
RXN-16401	AMP	right
RXN-8516	CPD-8706	left
RXN-8516	CPD-8707	right
RXN-8516	WATER	right
RXN-4225	CPD-707	left
RXN-4225	OXYGEN-MOLECULE	left
RXN-4225	Red-NADPH-Hemoprotein-Reductases	left
RXN-4225	CPD-3943	right
RXN-4225	WATER	right
RXN-4225	Ox-NADPH-Hemoprotein-Reductases	right
RXN-6269	CPD-5845	left
RXN-6269	FERROCYTOCHROME-B5	left
RXN-6269	OXYGEN-MOLECULE	left
RXN-6269	PROTON	left
RXN-6269	CPD-5846	right
RXN-6269	FERRICYTOCHROME-B5	right
RXN-6269	WATER	right
RXN-5108	GERANYL-PP	left
RXN-5108	CPD-4890	right
RXN-5108	PPI	right
SPHINGOMYELIN-PHOSPHODIESTERASE-RXN	Sphingomyelins	left
SPHINGOMYELIN-PHOSPHODIESTERASE-RXN	WATER	left
SPHINGOMYELIN-PHOSPHODIESTERASE-RXN	Ceramides	right
SPHINGOMYELIN-PHOSPHODIESTERASE-RXN	PHOSPHORYL-CHOLINE	right
SPHINGOMYELIN-PHOSPHODIESTERASE-RXN	PROTON	right
RXN0-6256	CPD0-1885	left
RXN0-6256	GLUTATHIONE	left
RXN0-6256	2-MERCAPTOETHANOL	right
RXN0-6256	OXIDIZED-GLUTATHIONE	right
RXN-21351	CPD-23263	left
RXN-21351	WATER	left
RXN-21351	CPD-16759	right
RXN-21351	CARBON-DIOXIDE	right
RXN-21351	CPD-23264	right
RXN-8495	LINOLEIC_ACID	left
RXN-8495	OXYGEN-MOLECULE	left
RXN-8495	CPD-8677	right
RXN-15996	Alpha-Allophycocyanins-PCB84	left
RXN-15996	Apo-alpha-Allophycocyanins	right
RXN-15996	CPD-17222	right
ACETOOHBUTSYN-RXN	PROTON	left
ACETOOHBUTSYN-RXN	PYRUVATE	left
ACETOOHBUTSYN-RXN	2-OXOBUTANOATE	left
ACETOOHBUTSYN-RXN	2-ACETO-2-HYDROXY-BUTYRATE	right
ACETOOHBUTSYN-RXN	CARBON-DIOXIDE	right
RXN-25103	DNA-containing-abasic-Sites	left
RXN-25103	A-DNA-CONTAINING-AN-AP-SITE-ALDEHYDE-FORM	right
RXN-19712	CPD-13668	left
RXN-19712	OXYGEN-MOLECULE	left
RXN-19712	Red-NADPH-Hemoprotein-Reductases	left
RXN-19712	CPD-21333	right
RXN-19712	WATER	right
RXN-19712	Ox-NADPH-Hemoprotein-Reductases	right
RXN-14963	Rhodoquinones	left
RXN-14963	SUC	left
RXN-14963	Rhodoquinols	right
RXN-14963	FUM	right
RXN-15698	S-ADENOSYLMETHIONINAMINE	left
RXN-15698	NORSPERMIDINE	left
RXN-15698	5-METHYLTHIOADENOSINE	right
RXN-15698	CPD-10689	right
RXN-15698	PROTON	right
RXN-21169	CPD-22767	left
RXN-21169	OXYGEN-MOLECULE	left
RXN-21169	Red-NADPH-Hemoprotein-Reductases	left
RXN-21169	CPD-22768	right
RXN-21169	WATER	right
RXN-21169	Ox-NADPH-Hemoprotein-Reductases	right
RXN-24075	Ubiquinones	left
RXN-24075	E-	left
RXN-24075	PROTON	left
RXN-24075	Ubiquinols	right
RXN-24075	PROTON	right
THIOSULFATE-SULFURTRANSFERASE-RXN	S2O3	left
THIOSULFATE-SULFURTRANSFERASE-RXN	HCN	left
THIOSULFATE-SULFURTRANSFERASE-RXN	PROTON	right
THIOSULFATE-SULFURTRANSFERASE-RXN	SO3	right
THIOSULFATE-SULFURTRANSFERASE-RXN	HSCN	right
RXN-15479	Oxidized-Plastocyanins	left
RXN-15479	Reduced-ferredoxins	left
RXN-15479	Light	right
RXN-15479	Plastocyanin-Reduced	right
RXN-15479	Oxidized-ferredoxins	right
DEPHOSPHOCOAKIN-RXN	DEPHOSPHO-COA	left
DEPHOSPHOCOAKIN-RXN	ATP	left
DEPHOSPHOCOAKIN-RXN	CO-A	right
DEPHOSPHOCOAKIN-RXN	ADP	right
DEPHOSPHOCOAKIN-RXN	PROTON	right
RXN-19783	Methyl-esterified-homogalacturonan	left
RXN-19783	METOH	right
RXN-19783	D-Galactopyranuronate	right
RXN-19783	CPD-13122	right
RXN-11928	CPD-12867	left
RXN-11928	NAD	left
RXN-11928	CPD-12868	right
RXN-11928	NADH	right
RXN-11928	CARBON-DIOXIDE	right
METHYLCROTONYL-COA-CARBOXYLASE-RXN	3-METHYL-CROTONYL-COA	left
METHYLCROTONYL-COA-CARBOXYLASE-RXN	HCO3	left
METHYLCROTONYL-COA-CARBOXYLASE-RXN	ATP	left
METHYLCROTONYL-COA-CARBOXYLASE-RXN	TRANS-3-METHYL-GLUTACONYL-COA	right
METHYLCROTONYL-COA-CARBOXYLASE-RXN	ADP	right
METHYLCROTONYL-COA-CARBOXYLASE-RXN	Pi	right
METHYLCROTONYL-COA-CARBOXYLASE-RXN	PROTON	right
2-ISOPROPYLMALATESYN-RXN	ACETYL-COA	left
2-ISOPROPYLMALATESYN-RXN	2-KETO-ISOVALERATE	left
2-ISOPROPYLMALATESYN-RXN	WATER	left
2-ISOPROPYLMALATESYN-RXN	3-CARBOXY-3-HYDROXY-ISOCAPROATE	right
2-ISOPROPYLMALATESYN-RXN	CO-A	right
2-ISOPROPYLMALATESYN-RXN	PROTON	right
RXN-8386	CPD-8191	left
RXN-8386	Red-NADPH-Hemoprotein-Reductases	left
RXN-8386	OXYGEN-MOLECULE	left
RXN-8386	PHYTOALEXIN-CMPD	right
RXN-8386	Ox-NADPH-Hemoprotein-Reductases	right
RXN-8386	ACETONE	right
RXN-8386	WATER	right
RXN-13327	S-ADENOSYLMETHIONINE	left
RXN-13327	18S-rRNAs-Pseudouridines	left
RXN-13327	ADENOSYL-HOMO-CYS	right
RXN-13327	18S-rRNA-N1-methylpseudouridine	right
RXN-13327	PROTON	right
RXN-20613	S-ADENOSYLMETHIONINE	left
RXN-20613	Histone-H3-K36m2	left
RXN-20613	ADENOSYL-HOMO-CYS	right
RXN-20613	Histone-H3-K36m3	right
RXN-20613	PROTON	right
3.5.1.26-RXN	ACETYL-ETCETERA-L-ASPARAGINE	left
3.5.1.26-RXN	WATER	left
3.5.1.26-RXN	PROTON	right
3.5.1.26-RXN	N-ACETYL-BETA-GLUCOSAMINYLAMINE	right
3.5.1.26-RXN	L-ASPARTATE	right
SULFITE-OXIDASE-RXN	SO3	left
SULFITE-OXIDASE-RXN	OXYGEN-MOLECULE	left
SULFITE-OXIDASE-RXN	WATER	left
SULFITE-OXIDASE-RXN	HYDROGEN-PEROXIDE	right
SULFITE-OXIDASE-RXN	SULFATE	right
RXN-11846	Isoflavones	left
RXN-11846	Red-NADPH-Hemoprotein-Reductases	left
RXN-11846	PROTON	left
RXN-11846	OXYGEN-MOLECULE	left
RXN-11846	2-Prime-Hydroxyisoflavones	right
RXN-11846	Ox-NADPH-Hemoprotein-Reductases	right
RXN-11846	WATER	right
NUCLEOSIDE-TRIPHOSPHATASE-RXN	WATER	left
NUCLEOSIDE-TRIPHOSPHATASE-RXN	Nucleoside-Triphosphates	left
NUCLEOSIDE-TRIPHOSPHATASE-RXN	Pi	right
NUCLEOSIDE-TRIPHOSPHATASE-RXN	Nucleoside-Diphosphates	right
NUCLEOSIDE-TRIPHOSPHATASE-RXN	PROTON	right
1.5.1.7-RXN	SACCHAROPINE	left
1.5.1.7-RXN	WATER	left
1.5.1.7-RXN	NAD	left
1.5.1.7-RXN	2-KETOGLUTARATE	right
1.5.1.7-RXN	LYS	right
1.5.1.7-RXN	NADH	right
1.5.1.7-RXN	PROTON	right
RXN-24719	3-Methoxy-4-Hydroxy-5-Polyprenylbenzoate	left
RXN-24719	PROTON	left
RXN-24719	2-Methoxy-6-polyprenyl-phenols	right
RXN-24719	CARBON-DIOXIDE	right
RXN-13077	CPD-14091	left
RXN-13077	WATER	left
RXN-13077	CPD-14092	right
TRYPTOPHAN-AMINOTRANSFERASE-RXN	TRP	left
TRYPTOPHAN-AMINOTRANSFERASE-RXN	2-KETOGLUTARATE	left
TRYPTOPHAN-AMINOTRANSFERASE-RXN	INDOLE_PYRUVATE	right
TRYPTOPHAN-AMINOTRANSFERASE-RXN	GLT	right
2.7.7.44-RXN	PROTON	left
2.7.7.44-RXN	CPD-510	left
2.7.7.44-RXN	UTP	left
2.7.7.44-RXN	UDP-GLUCURONATE	right
2.7.7.44-RXN	PPI	right
POLYAMINE-OXIDASE-RXN	N1-ACETYLSPERMINE	left
POLYAMINE-OXIDASE-RXN	OXYGEN-MOLECULE	left
POLYAMINE-OXIDASE-RXN	WATER	left
POLYAMINE-OXIDASE-RXN	CPD-568	right
POLYAMINE-OXIDASE-RXN	CPD-6082	right
POLYAMINE-OXIDASE-RXN	HYDROGEN-PEROXIDE	right
RXN-8085	CPD-7608	left
RXN-8085	Red-NADPH-Hemoprotein-Reductases	left
RXN-8085	OXYGEN-MOLECULE	left
RXN-8085	CPD-7610	right
RXN-8085	Ox-NADPH-Hemoprotein-Reductases	right
RXN-8085	WATER	right
RXN-22324	DIMETHYLARSINOUS-ACID	left
RXN-22324	GLUTATHIONE	left
RXN-22324	CPD-24324	right
RXN-22324	WATER	right
RXN-13403	S-ADENOSYLMETHIONINE	left
RXN-13403	UROPORPHYRINOGEN-III	left
RXN-13403	ADENOSYL-HOMO-CYS	right
RXN-13403	DIHYDROSIROHYDROCHLORIN	right
RXN-13403	PROTON	right
RXN-10036	PHOSPHATIDYLINOSITOL-345-TRIPHOSPHATE	left
RXN-10036	WATER	left
RXN-10036	1-PHOSPHATIDYL-1D-MYO-INOSITOL-34-BISPH	right
RXN-10036	Pi	right
ALANINE--GLYOXYLATE-AMINOTRANSFERASE-RXN	L-ALPHA-ALANINE	left
ALANINE--GLYOXYLATE-AMINOTRANSFERASE-RXN	GLYOX	left
ALANINE--GLYOXYLATE-AMINOTRANSFERASE-RXN	PYRUVATE	right
ALANINE--GLYOXYLATE-AMINOTRANSFERASE-RXN	GLY	right
RXNQT-4148	CPDQT-8	left
RXNQT-4148	2-CARBOXY-D-ARABINITOL	right
1.14.13.70-RXN	OBTUSIFOLIOL	left
1.14.13.70-RXN	OXYGEN-MOLECULE	left
1.14.13.70-RXN	Red-NADPH-Hemoprotein-Reductases	left
1.14.13.70-RXN	ALPHA-METHYL-5-ALPHA-ERGOSTA	right
1.14.13.70-RXN	FORMATE	right
1.14.13.70-RXN	WATER	right
1.14.13.70-RXN	Ox-NADPH-Hemoprotein-Reductases	right
1.14.13.70-RXN	PROTON	right
URKI-RXN	URIDINE	left
URKI-RXN	GTP	left
URKI-RXN	PROTON	right
URKI-RXN	UMP	right
URKI-RXN	GDP	right
2.1.1.137-RXN	S-ADENOSYLMETHIONINE	left
2.1.1.137-RXN	CPD-22658	left
2.1.1.137-RXN	WATER	left
2.1.1.137-RXN	Red-Thioredoxin	left
2.1.1.137-RXN	DIMETHYLARSINOUS-ACID	right
2.1.1.137-RXN	ADENOSYL-HOMO-CYS	right
2.1.1.137-RXN	GLUTATHIONE	right
2.1.1.137-RXN	Ox-Thioredoxin	right
2.1.1.137-RXN	PROTON	right
RXN-8608	FARNESYL-PP	left
RXN-8608	CPD-7989	right
RXN-8608	PPI	right
RXN-15139	ADENINE	left
RXN-15139	CPD-12377	left
RXN-15139	CPD0-2461	right
RXN-15139	WATER	right
RXN-14446	CPD1F-766	left
RXN-14446	CPD-15281	left
RXN-14446	CPD-15005	right
RXN-14446	FERULIC-ACID	right
RXN-12863	CPD-13907	left
RXN-12863	HYDROGEN-PEROXIDE	left
RXN-12863	L-THREONATE	right
RXN-12863	OXALATE	right
RXN-12863	PROTON	right
7KAPSYN-RXN	PROTON	left
7KAPSYN-RXN	CPD-558	left
7KAPSYN-RXN	L-ALPHA-ALANINE	left
7KAPSYN-RXN	CARBON-DIOXIDE	right
7KAPSYN-RXN	CO-A	right
7KAPSYN-RXN	8-AMINO-7-OXONONANOATE	right
GLUCOSYLCERAMIDASE-RXN	Glucosyl-acyl-sphingosines	left
GLUCOSYLCERAMIDASE-RXN	WATER	left
GLUCOSYLCERAMIDASE-RXN	N-Acylsphingosine	right
GLUCOSYLCERAMIDASE-RXN	Glucopyranose	right
RXN-20634	Histone-H3-K4m1	left
RXN-20634	2-KETOGLUTARATE	left
RXN-20634	OXYGEN-MOLECULE	left
RXN-20634	Histone-H3-K4	right
RXN-20634	FORMALDEHYDE	right
RXN-20634	SUC	right
RXN-20634	CARBON-DIOXIDE	right
RXN-2945	INDOLE_ACETATE_AUXIN	left
RXN-2945	LEU	left
RXN-2945	ATP	left
RXN-2945	PROTON	right
RXN-2945	INDOLE-3-ACETYL-LEU	right
RXN-2945	PPI	right
RXN-2945	AMP	right
RXN-11299	D-ALANINE	left
RXN-11299	D-SERINE	left
RXN-11299	ATP	left
RXN-11299	PROTON	right
RXN-11299	CPD-12249	right
RXN-11299	Pi	right
RXN-11299	ADP	right
RXN-20083	5-Phosphooxy-L-glutamyl-tRNAGlln	left
RXN-20083	AMMONIA	left
RXN-20083	Charged-GLN-tRNAs	right
RXN-20083	Pi	right
1.14.11.9-RXN	2S-Flavanones	left
1.14.11.9-RXN	2-KETOGLUTARATE	left
1.14.11.9-RXN	OXYGEN-MOLECULE	left
1.14.11.9-RXN	2R-3R-Dihydroflavonols	right
1.14.11.9-RXN	SUC	right
1.14.11.9-RXN	CARBON-DIOXIDE	right
RXN-17853	ACETYL-COA	left
RXN-17853	L-methionyl-L-glutamyl-Protein	left
RXN-17853	N-Ac-L-methionyl-L-glutamyl-Protein	right
RXN-17853	CO-A	right
RXN-17853	PROTON	right
RXN-13587	CPD-9777	left
RXN-13587	NADP	left
RXN-13587	CPD-9775	right
RXN-13587	NADPH	right
RXN-13587	PROTON	right
RXN-16117	CPD-17370	left
RXN-16117	GLYCEROL-3P	left
RXN-16117	CPD-17372	right
RXN-16117	CO-A	right
RXN-719	CPD-719	left
RXN-719	OXYGEN-MOLECULE	left
RXN-719	Red-NADPH-Hemoprotein-Reductases	left
RXN-719	CPD-634	right
RXN-719	WATER	right
RXN-719	Ox-NADPH-Hemoprotein-Reductases	right
RXN-24141	CPD-8122	left
RXN-24141	CPD-3	left
RXN-24141	CPD-26686	right
RXN-24141	WATER	right
GLUTAMIN-RXN	GLN	left
GLUTAMIN-RXN	WATER	left
GLUTAMIN-RXN	GLT	right
GLUTAMIN-RXN	AMMONIA	right
GLUTAMIN-RXN	PROTON	right
ALLENE-OXIDE-CYCLASE-RXN	CPD-728	left
ALLENE-OXIDE-CYCLASE-RXN	CPD-729	right
1.4.3.19-RXN	GLY	left
1.4.3.19-RXN	WATER	left
1.4.3.19-RXN	OXYGEN-MOLECULE	left
1.4.3.19-RXN	GLYOX	right
1.4.3.19-RXN	AMMONIUM	right
1.4.3.19-RXN	HYDROGEN-PEROXIDE	right
CYTIDEAM2-RXN	PROTON	left
CYTIDEAM2-RXN	WATER	left
CYTIDEAM2-RXN	CYTIDINE	left
CYTIDEAM2-RXN	URIDINE	right
CYTIDEAM2-RXN	AMMONIUM	right
RXN-13788	RUTIN	left
RXN-13788	WATER	left
RXN-13788	CPD1F-437	right
RXN-13788	CPD0-1112	right
RXN-14116	L-GLUTAMATE_GAMMA-SEMIALDEHYDE	left
RXN-14116	WATER	left
RXN-14116	NAD	left
RXN-14116	GLT	right
RXN-14116	NADH	right
RXN-14116	PROTON	right
RXN-11241	S-ADENOSYLMETHIONINE	left
RXN-11241	CPD-387	left
RXN-11241	ADENOSYL-HOMO-CYS	right
RXN-11241	CPD-7676	right
MANNKIN-RXN	D-mannopyranose	left
MANNKIN-RXN	ATP	left
MANNKIN-RXN	CPD-15979	right
MANNKIN-RXN	ADP	right
MANNKIN-RXN	PROTON	right
PYRAMKIN-RXN	ATP	left
PYRAMKIN-RXN	PYRIDOXAMINE	left
PYRAMKIN-RXN	PROTON	right
PYRAMKIN-RXN	ADP	right
PYRAMKIN-RXN	PYRIDOXAMINE-5P	right
6.3.5.6-RXN	GLN	left
6.3.5.6-RXN	L-aspartyl-tRNAAsn	left
6.3.5.6-RXN	ATP	left
6.3.5.6-RXN	WATER	left
6.3.5.6-RXN	GLT	right
6.3.5.6-RXN	Charged-ASN-tRNAs	right
6.3.5.6-RXN	Pi	right
6.3.5.6-RXN	ADP	right
6.3.5.6-RXN	PROTON	right
RXN-11469	CPD-7727	left
RXN-11469	WATER	left
RXN-11469	CPD-693	right
RXN-11469	Glucopyranose	right
RXN-11469	PROTON	right
RXNQT-4329	PAPS	left
RXNQT-4329	CPDQT-416	left
RXNQT-4329	3-5-ADP	right
RXNQT-4329	PROTON	right
RXNQT-4329	CPDQT-281	right
RXN-18907	Glc2Man9GlcNAc2-proteins	left
RXN-18907	WATER	left
RXN-18907	GlcMan9GlcNAc2-proteins	right
RXN-18907	ALPHA-GLUCOSE	right
3.6.3.3-RXN	CD+2	left
3.6.3.3-RXN	ATP	left
3.6.3.3-RXN	WATER	left
3.6.3.3-RXN	CD+2	right
3.6.3.3-RXN	ADP	right
3.6.3.3-RXN	Pi	right
3.6.3.3-RXN	PROTON	right
RXN-12243	CPD-12321	left
RXN-12243	PLASTOQUINONE	left
RXN-12243	CPD-13171	right
RXN-12243	Plastoquinols	right
RXN-20599	S-ADENOSYLMETHIONINE	left
RXN-20599	Histone-H3-K9	left
RXN-20599	ADENOSYL-HOMO-CYS	right
RXN-20599	Histone-H3-K9m1	right
RXN-20599	PROTON	right
2.6.1.64-RXN	GLN	left
2.6.1.64-RXN	PHENYL-PYRUVATE	left
2.6.1.64-RXN	2-KETO-GLUTARAMATE	right
2.6.1.64-RXN	PHE	right
RXN-18740	S-NEDD8-yl-NEDD8-E2-L-cysteine	left
RXN-18740	Cullin-L-Lysine	left
RXN-18740	NEDD8-conjugating-proteins-E2-L-cys	right
RXN-18740	Cullin-N-NEDD8-yl-L-Lysine	right
RXN-18740	PROTON	right
GUANOSINEKIN-RXN	GUANOSINE	left
GUANOSINEKIN-RXN	ATP	left
GUANOSINEKIN-RXN	PROTON	right
GUANOSINEKIN-RXN	GMP	right
GUANOSINEKIN-RXN	ADP	right
2.7.9.5-RXN	ATP	left
2.7.9.5-RXN	Phospho-alpha-glucans	left
2.7.9.5-RXN	WATER	left
2.7.9.5-RXN	O-phospho-phospho-alpha-glucans	right
2.7.9.5-RXN	AMP	right
2.7.9.5-RXN	Pi	right
2.7.9.5-RXN	PROTON	right
RXN-20884	Polysulfides	left
RXN-20884	OXIDIZED-GLUTATHIONE	left
RXN-20884	Polysulfides	right
RXN-20884	CPD-11281	right
RXN-20884	GLUTATHIONE	right
RXN-11356	CPD-7526	left
RXN-11356	ETR-Quinones	left
RXN-11356	CPD-7524	right
RXN-11356	ETR-Quinols	right
RXN-16036	Oleoyl-lipid	left
RXN-16036	Reduced-ferredoxins	left
RXN-16036	OXYGEN-MOLECULE	left
RXN-16036	PROTON	left
RXN-16036	Linoleoyl-groups	right
RXN-16036	Oxidized-ferredoxins	right
RXN-16036	WATER	right
RXN-19352	CPD-20926	left
RXN-19352	WATER	left
RXN-19352	CPD-20927	right
RXN-11408	CPD-12373	left
RXN-11408	CPD-12374	left
RXN-11408	56-DIHYDROXYINDOLE-2-CARBOXYLATE	left
RXN-11408	DIHYDROXYINDOLE	left
RXN-11408	CPD-12378	right
3.2.1.152-RXN	CPD-7263	left
3.2.1.152-RXN	WATER	left
3.2.1.152-RXN	CPD-13935	right
3.2.1.152-RXN	CPD-7265	right
ACETYL-COA-CARBOXYLTRANSFER-RXN	ATP	left
ACETYL-COA-CARBOXYLTRANSFER-RXN	ACETYL-COA	left
ACETYL-COA-CARBOXYLTRANSFER-RXN	HCO3	left
ACETYL-COA-CARBOXYLTRANSFER-RXN	ADP	right
ACETYL-COA-CARBOXYLTRANSFER-RXN	Pi	right
ACETYL-COA-CARBOXYLTRANSFER-RXN	MALONYL-COA	right
ACETYL-COA-CARBOXYLTRANSFER-RXN	PROTON	right
RXN-9635	Stearoyl-ACPs	left
RXN-9635	NAD	left
RXN-9635	Octadec-2-enoyl-ACPs	right
RXN-9635	NADH	right
RXN-9635	PROTON	right
RXN-20623	Histone-H3-K9m3	left
RXN-20623	2-KETOGLUTARATE	left
RXN-20623	OXYGEN-MOLECULE	left
RXN-20623	Histone-H3-K9m2	right
RXN-20623	FORMALDEHYDE	right
RXN-20623	SUC	right
RXN-20623	CARBON-DIOXIDE	right
RXN-8001	HISTIDINOL	left
RXN-8001	NAD	left
RXN-8001	WATER	left
RXN-8001	HIS	right
RXN-8001	NADH	right
RXN-8001	PROTON	right
1.14.11.18-RXN	CPD-206	left
1.14.11.18-RXN	2-KETOGLUTARATE	left
1.14.11.18-RXN	OXYGEN-MOLECULE	left
1.14.11.18-RXN	2-HYDROXYPHYTANOYL-COA	right
1.14.11.18-RXN	SUC	right
1.14.11.18-RXN	CARBON-DIOXIDE	right
RXN-9094	UDP-GLUCURONATE	left
RXN-9094	1-4-beta-Xylan	left
RXN-9094	Glucuronoxylans	right
RXN-9094	UDP	right
HOMOCYSMETB12-RXN	HOMO-CYS	left
HOMOCYSMETB12-RXN	5-METHYL-THF-GLU-N	left
HOMOCYSMETB12-RXN	MET	right
HOMOCYSMETB12-RXN	THF-GLU-N	right
RXN-9243	CPD-9872	left
RXN-9243	OXYGEN-MOLECULE	left
RXN-9243	Donor-H2	left
RXN-9243	CPD-7158	right
RXN-9243	WATER	right
RXN-9243	Acceptor	right
THRESYN-RXN	O-PHOSPHO-L-HOMOSERINE	left
THRESYN-RXN	WATER	left
THRESYN-RXN	Pi	right
THRESYN-RXN	THR	right
RXN-17208	S-ADENOSYLMETHIONINE	left
RXN-17208	CPD-18613	left
RXN-17208	ADENOSYL-HOMO-CYS	right
RXN-17208	CPD-18580	right
RXN-17208	PROTON	right
RXN-5163	CPD-1909	left
RXN-5163	NADP	left
RXN-5163	CPD-4942	right
RXN-5163	NADPH	right
RXN-5163	PROTON	right
RXN-9657	Butanoyl-ACPs	left
RXN-9657	NAD	left
RXN-9657	Crotonyl-ACPs	right
RXN-9657	NADH	right
RXN-9657	PROTON	right
3-OXOACYL-ACP-REDUCT-RXN	OH-ACYL-ACP	left
3-OXOACYL-ACP-REDUCT-RXN	NADP	left
3-OXOACYL-ACP-REDUCT-RXN	B-KETOACYL-ACP	right
3-OXOACYL-ACP-REDUCT-RXN	NADPH	right
3-OXOACYL-ACP-REDUCT-RXN	PROTON	right
RXN-22319	CPD-24335	left
RXN-22319	ACET	right
RXN-22319	PROTON	right
RXN-16118	CPD-17371	left
RXN-16118	CPD-17372	left
RXN-16118	CPD-17373	right
RXN-16118	CO-A	right
RXN-13415	CPD-14378	left
RXN-13415	Deoxyhypusine-Synthase-Lysine	left
RXN-13415	N-4-aminobutylidene-enzyme-lysine	right
RXN-13415	CPD-313	right
RXN-16773	CPD-18084	left
RXN-16773	PROTON	left
RXN-16773	OXYGEN-MOLECULE	left
RXN-16773	NADP	right
RXN-16773	HYDROGEN-PEROXIDE	right
RXN-10627	GERANYLGERANYL-PP	left
RXN-10627	WATER	left
RXN-10627	CPD-9087	right
RXN-10627	PPI	right
RXN-18430	CPD-19775	left
RXN-18430	WATER	left
RXN-18430	Acceptor	left
RXN-18430	CPD-19776	right
RXN-18430	Donor-H2	right
RXN3O-458	PHYTOSPINGOSINE	left
RXN3O-458	ATP	left
RXN3O-458	PHTYOSPHINGOSINE-1-P	right
RXN3O-458	ADP	right
RXN3O-458	PROTON	right
RXN-13454	CPD-14427	left
RXN-13454	Glucopyranose	left
RXN-13454	CPD-14428	right
RXN-13454	WATER	right
GDPREDUCT-RXN	DGDP	left
GDPREDUCT-RXN	Ox-Thioredoxin	left
GDPREDUCT-RXN	WATER	left
GDPREDUCT-RXN	GDP	right
GDPREDUCT-RXN	Red-Thioredoxin	right
RXN-22114	CPD-27085	left
RXN-22114	WATER	left
RXN-22114	CPD-24090	right
RXN-22114	CARBON-DIOXIDE	right
RXN-22114	METOH	right
RXN-12198	CDP	left
RXN-12198	WATER	left
RXN-12198	Pi	right
RXN-12198	CMP	right
RXN-12198	PROTON	right
RXN-10875	PAPS	left
RXN-10875	CPD-697	left
RXN-10875	3-5-ADP	right
RXN-10875	CPD-19794	right
RXN-10875	PROTON	right
RXN-12419	CPD-12575	left
RXN-12419	1-4-beta-D-Glucan	left
RXN-12419	1-4-beta-D-Glucan	right
RXN-12419	UDP	right
IMPCYCLOHYDROLASE-RXN	IMP	left
IMPCYCLOHYDROLASE-RXN	WATER	left
IMPCYCLOHYDROLASE-RXN	PHOSPHORIBOSYL-FORMAMIDO-CARBOXAMIDE	right
DOLICHOL-KINASE-RXN	DOLICHOL	left
DOLICHOL-KINASE-RXN	CTP	left
DOLICHOL-KINASE-RXN	DOLICHOLP	right
DOLICHOL-KINASE-RXN	PROTON	right
DOLICHOL-KINASE-RXN	CDP	right
ASPAMINOTRANS-RXN	L-ASPARTATE	left
ASPAMINOTRANS-RXN	2-KETOGLUTARATE	left
ASPAMINOTRANS-RXN	OXALACETIC_ACID	right
ASPAMINOTRANS-RXN	GLT	right
RXN-18929	Man7GlcNAc2-protein-A123B1	left
RXN-18929	WATER	left
RXN-18929	Man6GlcNAc2-protein-A123	right
RXN-18929	CPD-12601	right
MYO-INOSITOL-OXYGENASE-RXN	OXYGEN-MOLECULE	left
MYO-INOSITOL-OXYGENASE-RXN	MYO-INOSITOL	left
MYO-INOSITOL-OXYGENASE-RXN	CPD-15530	right
MYO-INOSITOL-OXYGENASE-RXN	PROTON	right
MYO-INOSITOL-OXYGENASE-RXN	WATER	right
RXN-4501	DAIDZEIN	left
RXN-4501	Red-NADPH-Hemoprotein-Reductases	left
RXN-4501	OXYGEN-MOLECULE	left
RXN-4501	2-HYDROXYDAIDZEIN	right
RXN-4501	Ox-NADPH-Hemoprotein-Reductases	right
RXN-4501	WATER	right
RXN-7184	CPD-506	left
RXN-7184	ATP	left
RXN-7184	PROTON	right
RXN-7184	CPD-1107	right
RXN-7184	ADP	right
RXN-15462	CPD-4751	left
RXN-15462	Red-NADPH-Hemoprotein-Reductases	left
RXN-15462	OXYGEN-MOLECULE	left
RXN-15462	CPD-16719	right
RXN-15462	Ox-NADPH-Hemoprotein-Reductases	right
RXN-15462	WATER	right
RXN0-7114	S-ADENOSYLMETHIONINE	left
RXN0-7114	N6-L-threonylcarbamoyladenine37-tRNAs	left
RXN0-7114	N6-met-threonylcarbamoyl-A37-tRNAs	right
RXN0-7114	ADENOSYL-HOMO-CYS	right
RXN0-7114	PROTON	right
2.1.1.145-RXN	S-ADENOSYLMETHIONINE	left
2.1.1.145-RXN	CPD-225	left
2.1.1.145-RXN	E-2-METHOXYCARBONYLMETHYLBUTENEDIOAT	right
2.1.1.145-RXN	ADENOSYL-HOMO-CYS	right
RXN-1827	1-4-alpha-D-Glucan	left
RXN-1827	WATER	left
RXN-1827	1-4-alpha-D-Glucan	right
RXN-1827	CPD-15717	right
RXN-15650	GLN	left
RXN-15650	CPD-479	left
RXN-15650	2-KETO-GLUTARAMATE	right
RXN-15650	MET	right
RXN-13504	CPD-14499	left
RXN-13504	Red-NADPH-Hemoprotein-Reductases	left
RXN-13504	OXYGEN-MOLECULE	left
RXN-13504	CPD-14498	right
RXN-13504	Ox-NADPH-Hemoprotein-Reductases	right
RXN-13504	WATER	right
RXN-11907	CPD-12884	left
RXN-11907	Red-NADPH-Hemoprotein-Reductases	left
RXN-11907	OXYGEN-MOLECULE	left
RXN-11907	CPD-4721	right
RXN-11907	Ox-NADPH-Hemoprotein-Reductases	right
RXN-11907	WATER	right
TRANS-RXN-374	MAL	left
TRANS-RXN-374	MAL	right
RXN-22718	CPD-9779	left
RXN-22718	OXYGEN-MOLECULE	left
RXN-22718	Red-NADPH-Hemoprotein-Reductases	left
RXN-22718	PROTON	left
RXN-22718	TROPINONE	right
RXN-22718	CARBON-DIOXIDE	right
RXN-22718	Ox-NADPH-Hemoprotein-Reductases	right
RXN-22718	WATER	right
RXNQT-4336	CPDQT-420	left
RXNQT-4336	OXYGEN-MOLECULE	left
RXNQT-4336	NADPH	left
RXNQT-4336	PROTON	left
RXNQT-4336	CPDQT-288	right
RXNQT-4336	WATER	right
RXNQT-4336	NADP	right
2.3.1.168-RXN	ISOBUTYRYL-COA	left
2.3.1.168-RXN	BCAA-dehydrogenase-DH-lipoyl	left
2.3.1.168-RXN	BCAA-dehydrogenase-2MP-DH-lipoyl	right
2.3.1.168-RXN	CO-A	right
RXN-21589	CPD-23474	left
RXN-21589	OXYGEN-MOLECULE	left
RXN-21589	CPD-8215	right
RXN-21589	WATER	right
RXN-8510	CPD-8693	left
RXN-8510	Red-NADPH-Hemoprotein-Reductases	left
RXN-8510	OXYGEN-MOLECULE	left
RXN-8510	CPD-8694	right
RXN-8510	Ox-NADPH-Hemoprotein-Reductases	right
RXN-8510	WATER	right
RXN-8510	PROTON	right
DADPKIN-RXN	ATP	left
DADPKIN-RXN	DADP	left
DADPKIN-RXN	ADP	right
DADPKIN-RXN	DATP	right
3.1.2.14-RXN	Oleoyl-ACPs	left
3.1.2.14-RXN	WATER	left
3.1.2.14-RXN	ACP	right
3.1.2.14-RXN	OLEATE-CPD	right
3.1.2.14-RXN	PROTON	right
SULFATE-ADENYLYLTRANSFERASE-ADP-RXN	SULFATE	left
SULFATE-ADENYLYLTRANSFERASE-ADP-RXN	PROTON	left
SULFATE-ADENYLYLTRANSFERASE-ADP-RXN	ADP	left
SULFATE-ADENYLYLTRANSFERASE-ADP-RXN	APS	right
SULFATE-ADENYLYLTRANSFERASE-ADP-RXN	Pi	right
RXN-11190	S-ADENOSYLMETHIONINAMINE	left
RXN-11190	SPERMIDINE	left
RXN-11190	5-METHYLTHIOADENOSINE	right
RXN-11190	CPD-11647	right
RXN-11190	PROTON	right
INOSINEKIN-RXN	INOSINE	left
INOSINEKIN-RXN	ATP	left
INOSINEKIN-RXN	PROTON	right
INOSINEKIN-RXN	IMP	right
INOSINEKIN-RXN	ADP	right
P-PANTOCYSDECARB-RXN	PROTON	left
P-PANTOCYSDECARB-RXN	R-4-PHOSPHOPANTOTHENOYL-L-CYSTEINE	left
P-PANTOCYSDECARB-RXN	PANTETHEINE-P	right
P-PANTOCYSDECARB-RXN	CARBON-DIOXIDE	right
RXN-14962	Rhodoquinones	left
RXN-14962	PROTON	left
RXN-14962	E-	left
RXN-14962	Rhodoquinols	right
RXN-6102	THF	left
RXN-6102	GLT	left
RXN-6102	ATP	left
RXN-6102	PROTON	right
RXN-6102	CPD-5725	right
RXN-6102	ADP	right
RXN-6102	Pi	right
RXN-14655	CPD-15474	left
RXN-14655	2-KETOGLUTARATE	left
RXN-14655	OXYGEN-MOLECULE	left
RXN-14655	CPD-15468	right
RXN-14655	FORMALDEHYDE	right
RXN-14655	SUC	right
RXN-14655	CARBON-DIOXIDE	right
RXN-11887	5-ALPHA-CHOLESTA-724-DIEN-3-BETA-OL	left
RXN-11887	FERROCYTOCHROME-B5	left
RXN-11887	OXYGEN-MOLECULE	left
RXN-11887	PROTON	left
RXN-11887	CPD-8646	right
RXN-11887	FERRICYTOCHROME-B5	right
RXN-11887	WATER	right
RXN-16418	OCTADEC-9-ENE-118-DIOIC-ACID	left
RXN-16418	CO-A	left
RXN-16418	ATP	left
RXN-16418	CPD-17624	right
RXN-16418	PPI	right
RXN-16418	AMP	right
RXN-14440	PELARGONIDIN-3-GLUCOSIDE-CMPD	left
RXN-14440	CPD-15006	left
RXN-14440	CPD-15289	right
RXN-14440	VANILLATE	right
RXN-14440	PROTON	right
RXN-22708	CPD-10468	left
RXN-22708	NAD	left
RXN-22708	CPD-479	right
RXN-22708	NADH	right
RXN-22708	PROTON	right
RXN-22347	PROTON	left
RXN-22347	CPD-24359	left
RXN-22347	PROTON	right
RXN-22347	CPD-24359	right
RXN-8315	PROTON	left
RXN-8315	SO3	left
RXN-8315	HSO3	right
RXN-21289	CPD-22993	left
RXN-21289	OXYGEN-MOLECULE	left
RXN-21289	NADPH	left
RXN-21289	PROTON	left
RXN-21289	CPD-22994	right
RXN-21289	WATER	right
RXN-21289	NADP	right
MMUM-RXN	CPD-397	left
MMUM-RXN	HOMO-CYS	left
MMUM-RXN	PROTON	right
MMUM-RXN	MET	right
RXN-3523	CPD-318	left
RXN-3523	ASCORBATE	right
RXN-3523	L-DEHYDRO-ASCORBATE	right
RXN-3523	PROTON	right
ORNITHINE-GLU-AMINOTRANSFERASE-RXN	L-ORNITHINE	left
ORNITHINE-GLU-AMINOTRANSFERASE-RXN	2-KETOGLUTARATE	left
ORNITHINE-GLU-AMINOTRANSFERASE-RXN	GLT	right
ORNITHINE-GLU-AMINOTRANSFERASE-RXN	L-GLUTAMATE_GAMMA-SEMIALDEHYDE	right
TRANS-RXN0-162	PROTOHEME	left
TRANS-RXN0-162	ATP	left
TRANS-RXN0-162	WATER	left
TRANS-RXN0-162	PROTOHEME	right
TRANS-RXN0-162	Pi	right
TRANS-RXN0-162	ADP	right
TRANS-RXN0-162	PROTON	right
RXNDQC-2	INDOLE_PYRUVATE	left
RXNDQC-2	NADPH	left
RXNDQC-2	OXYGEN-MOLECULE	left
RXNDQC-2	PROTON	left
RXNDQC-2	INDOLE_ACETATE_AUXIN	right
RXNDQC-2	CARBON-DIOXIDE	right
RXNDQC-2	NADP	right
RXNDQC-2	WATER	right
TRANS-RXN-399	L-ALPHA-ALANINE	left
TRANS-RXN-399	L-ALPHA-ALANINE	right
2.3.1.91-RXN	1-O-SINAPOYL-BETA-D-GLUCOSE	left
2.3.1.91-RXN	CHOLINE	left
2.3.1.91-RXN	O-SINAPOYLCHOLINE	right
2.3.1.91-RXN	Glucopyranose	right
RXN-23276	NITRIC-OXIDE	left
RXN-23276	SUPER-OXIDE	left
RXN-23276	CPD0-1395	right
DUTP-PYROP-RXN	DUTP	left
DUTP-PYROP-RXN	WATER	left
DUTP-PYROP-RXN	PROTON	right
DUTP-PYROP-RXN	DUMP	right
DUTP-PYROP-RXN	PPI	right
RXN-20642	Histone-H3-K9m3	left
RXN-20642	2-KETOGLUTARATE	left
RXN-20642	OXYGEN-MOLECULE	left
RXN-20642	Histone-H3-K9m1	right
RXN-20642	FORMALDEHYDE	right
RXN-20642	SUC	right
RXN-20642	CARBON-DIOXIDE	right
RXN-13070	CPD-2301	left
RXN-13070	CPD-14083	right
RXN-13070	PROTON	right
RXN-7783	FLAVANONES	left
RXN-7783	OXYGEN-MOLECULE	left
RXN-7783	Red-NADPH-Hemoprotein-Reductases	left
RXN-7783	3-Hydroxy-Flavanones	right
RXN-7783	Ox-NADPH-Hemoprotein-Reductases	right
RXN-7783	WATER	right
PEPCARBOX-RXN	Pi	left
PEPCARBOX-RXN	OXALACETIC_ACID	left
PEPCARBOX-RXN	PHOSPHO-ENOL-PYRUVATE	right
PEPCARBOX-RXN	HCO3	right
TRANS-RXN-395	PROTON	left
TRANS-RXN-395	PROTON	right
RXN-8152	CODEINE	left
RXN-8152	2-KETOGLUTARATE	left
RXN-8152	OXYGEN-MOLECULE	left
RXN-8152	MORPHINE	right
RXN-8152	FORMALDEHYDE	right
RXN-8152	SUC	right
RXN-8152	CARBON-DIOXIDE	right
RXN-18349	CPD-19723	left
RXN-18349	PROTON	left
RXN-18349	3-OH-Anthocyanidins	right
RXN-18349	WATER	right
RXN-11151	CPD0-1083	left
RXN-11151	NADP	left
RXN-11151	CPD-15633	right
RXN-11151	NADPH	right
RXN-11151	PROTON	right
RXN-969	GLYCOLLATE	left
RXN-969	OXYGEN-MOLECULE	left
RXN-969	GLYOX	right
RXN-969	HYDROGEN-PEROXIDE	right
RXN-13274	CPD-14795	left
RXN-13274	CPD-14254	left
RXN-13274	CPD-14256	right
RXN-13274	UDP	right
RXN-13274	PROTON	right
SINAPINE-ESTERASE-RXN	WATER	left
SINAPINE-ESTERASE-RXN	O-SINAPOYLCHOLINE	left
SINAPINE-ESTERASE-RXN	PROTON	right
SINAPINE-ESTERASE-RXN	CHOLINE	right
SINAPINE-ESTERASE-RXN	SINAPATE	right
RXN0-2301	ISOVALERYL-COA	left
RXN0-2301	ETF-Oxidized	left
RXN0-2301	PROTON	left
RXN0-2301	3-METHYL-CROTONYL-COA	right
RXN0-2301	ETF-Reduced	right
RXN-6381	CPD-313	left
RXN-6381	WATER	left
RXN-6381	OXYGEN-MOLECULE	left
RXN-6381	CPD-6082	right
RXN-6381	AMMONIUM	right
RXN-6381	HYDROGEN-PEROXIDE	right
GLUTAMATE-DEHYDROGENASE-RXN	GLT	left
GLUTAMATE-DEHYDROGENASE-RXN	WATER	left
GLUTAMATE-DEHYDROGENASE-RXN	NAD	left
GLUTAMATE-DEHYDROGENASE-RXN	2-KETOGLUTARATE	right
GLUTAMATE-DEHYDROGENASE-RXN	AMMONIUM	right
GLUTAMATE-DEHYDROGENASE-RXN	NADH	right
GLUTAMATE-DEHYDROGENASE-RXN	PROTON	right
RXN-111	EPOXYSQUALENE	left
RXN-111	CPD-90	right
3.1.1.78-RXN	WATER	left
3.1.1.78-RXN	POLYNEURIDINE-ALDEHYDE	left
3.1.1.78-RXN	METOH	right
3.1.1.78-RXN	CARBON-DIOXIDE	right
3.1.1.78-RXN	16-EPIVELLOSIMINE	right
RXN1F-101	CPD1F-96	left
RXN1F-101	OXYGEN-MOLECULE	left
RXN1F-101	2-KETOGLUTARATE	left
RXN1F-101	PROTON	right
RXN1F-101	CPD1F-86	right
RXN1F-101	SUC	right
RXN1F-101	CARBON-DIOXIDE	right
LCYSDESULF-RXN	CYS	left
LCYSDESULF-RXN	WATER	left
LCYSDESULF-RXN	PYRUVATE	right
LCYSDESULF-RXN	HS	right
LCYSDESULF-RXN	AMMONIUM	right
RXN-8922	CPD-9319	left
RXN-8922	Red-NADPH-Hemoprotein-Reductases	left
RXN-8922	OXYGEN-MOLECULE	left
RXN-8922	CPD-9320	right
RXN-8922	Ox-NADPH-Hemoprotein-Reductases	right
RXN-8922	WATER	right
RXN-21036	ATP	left
RXN-21036	CPD-13053	left
RXN-21036	WATER	left
RXN-21036	ADP	right
RXN-21036	Pi	right
RXN-21036	CPD-13053	right
RXN-21036	PROTON	right
RXN-18480	CPD-19811	left
RXN-18480	Red-NADPH-Hemoprotein-Reductases	left
RXN-18480	OXYGEN-MOLECULE	left
RXN-18480	CPD-19812	right
RXN-18480	WATER	right
RXN-18480	Ox-NADPH-Hemoprotein-Reductases	right
RXN-18480	PROTON	right
RXN-1241	CONIFERYL-ALDEHYDE	left
RXN-1241	NAD-P-OR-NOP	left
RXN-1241	WATER	left
RXN-1241	FERULIC-ACID	right
RXN-1241	NADH-P-OR-NOP	right
RXN-1241	PROTON	right
RXN-22776	CPD-15374	left
RXN-22776	GLY	left
RXN-22776	CPD-26731	right
RXN-22776	WATER	right
RXN-9344	Long-Chain-Acyl-CoAs	left
RXN-9344	NADPH	left
RXN-9344	PROTON	left
RXN-9344	Long-chain-alcohols	right
RXN-9344	CO-A	right
RXN-9344	NADP	right
RXN-9616	CPD-10269	left
RXN-9616	OXYGEN-MOLECULE	left
RXN-9616	FERROCYTOCHROME-B5	left
RXN-9616	PROTON	left
RXN-9616	CPD-10254	right
RXN-9616	WATER	right
RXN-9616	FERRICYTOCHROME-B5	right
THI-P-SYN-RXN	THZ-P	left
THI-P-SYN-RXN	AMINO-HYDROXYMETHYL-METHYLPYRIMIDINE-PP	left
THI-P-SYN-RXN	PROTON	left
THI-P-SYN-RXN	THIAMINE-P	right
THI-P-SYN-RXN	PPI	right
UDPGLUCEPIM-RXN	CPD-12575	left
UDPGLUCEPIM-RXN	CPD-14553	right
RXN-2221	3-METHYLTHIOPROPYL-GLUCOSINOLATE	left
RXN-2221	OXYGEN-MOLECULE	left
RXN-2221	NADPH	left
RXN-2221	PROTON	left
RXN-2221	3-METHYLSULFINYLPROPYL-GLUCOSINOLATE	right
RXN-2221	NADP	right
RXN-2221	WATER	right
RXN-12281	ACROLEIN	left
RXN-12281	NADPH	left
RXN-12281	PROTON	left
RXN-12281	CPD-665	right
RXN-12281	NADP	right
RXN-2581	CPD-412	left
RXN-2581	Red-NADPH-Hemoprotein-Reductases	left
RXN-2581	OXYGEN-MOLECULE	left
RXN-2581	CAFFEOYLSHIKIMATE	right
RXN-2581	Ox-NADPH-Hemoprotein-Reductases	right
RXN-2581	WATER	right
RXN-18909	Man9GlcNAc2-proteins	left
RXN-18909	WATER	left
RXN-18909	Man8GlcNAc2-protein-A123B13	right
RXN-18909	CPD-12601	right
RXN-18964	CPD-7850	left
RXN-18964	OXYGEN-MOLECULE	left
RXN-18964	Donor-H2	left
RXN-18964	CPD-17652	right
RXN-18964	WATER	right
RXN-18964	Acceptor	right
RXN-7740	CPD-7061	left
RXN-7740	OXYGEN-MOLECULE	left
RXN-7740	Reduced-ferredoxins	left
RXN-7740	PROTON	left
RXN-7740	CPD-7063	right
RXN-7740	Oxidized-ferredoxins	right
RIBOFLAVIN-SYN-RXN	PROTON	left
RIBOFLAVIN-SYN-RXN	DIMETHYL-D-RIBITYL-LUMAZINE	left
RIBOFLAVIN-SYN-RXN	AMINO-RIBOSYLAMINO-1H-3H-PYR-DIONE	right
RIBOFLAVIN-SYN-RXN	RIBOFLAVIN	right
2.7.1.149-RXN	1-PHOSPHATIDYL-1D-MYO-INOSITOL-5-PHOSPHA	left
2.7.1.149-RXN	ATP	left
2.7.1.149-RXN	PHOSPHATIDYL-MYO-INOSITOL-45-BISPHOSPHA	right
2.7.1.149-RXN	ADP	right
2.7.1.149-RXN	PROTON	right
RXN-11939	CPD-4125	left
RXN-11939	NADP	left
RXN-11939	CPD-12915	right
RXN-11939	NADPH	right
RXN-11939	PROTON	right
RXN-18920	Man7GlcNAc2-protein-A123B2	left
RXN-18920	WATER	left
RXN-18920	Man6-GlcNAc2-protein-A12B2	right
RXN-18920	CPD-12601	right
RXN-11258	CAFFEOYL-COA	left
RXN-11258	SPERMIDINE	left
RXN-11258	CO-A	right
RXN-11258	CPD-12213	right
RXN-11258	PROTON	right
AMINOACYLASE-RXN	N-Acylated-Aliphatic-Amino-Acids	left
AMINOACYLASE-RXN	WATER	left
AMINOACYLASE-RXN	Carboxylates	right
AMINOACYLASE-RXN	Aliphatic-L-Amino-Acids	right
RXN-8508	CPD-8691	left
RXN-8508	Red-NADPH-Hemoprotein-Reductases	left
RXN-8508	OXYGEN-MOLECULE	left
RXN-8508	CPD-8692	right
RXN-8508	Ox-NADPH-Hemoprotein-Reductases	right
RXN-8508	WATER	right
RXN-20625	Histone-H3-K36m3	left
RXN-20625	2-KETOGLUTARATE	left
RXN-20625	OXYGEN-MOLECULE	left
RXN-20625	Histone-H3-K36m2	right
RXN-20625	FORMALDEHYDE	right
RXN-20625	SUC	right
RXN-20625	CARBON-DIOXIDE	right
ETHYL-RXN	ASCORBATE	left
ETHYL-RXN	CPD-68	left
ETHYL-RXN	OXYGEN-MOLECULE	left
ETHYL-RXN	WATER	right
ETHYL-RXN	ETHYLENE-CMPD	right
ETHYL-RXN	L-DEHYDRO-ASCORBATE	right
ETHYL-RXN	HCN	right
ETHYL-RXN	CARBON-DIOXIDE	right
RXN-12617	S-ADENOSYLMETHIONINE	left
RXN-12617	3prime-Hydroxy-Flavones	left
RXN-12617	3prime-Methoxy-Flavones	right
RXN-12617	ADENOSYL-HOMO-CYS	right
RXN-13037	Octanoyl-ACPs	left
RXN-13037	Gcv-H	left
RXN-13037	Octanoylated-Gcv-H	right
RXN-13037	ACP	right
RXN-13037	PROTON	right
FRUCTOKINASE-RXN	BETA-D-FRUCTOSE	left
FRUCTOKINASE-RXN	ATP	left
FRUCTOKINASE-RXN	PROTON	right
FRUCTOKINASE-RXN	FRUCTOSE-6P	right
FRUCTOKINASE-RXN	ADP	right
TRANS-RXN-244	SUCROSE	left
TRANS-RXN-244	PROTON	left
TRANS-RXN-244	SUCROSE	right
TRANS-RXN-244	PROTON	right
ACETYL-COA-ACETYLTRANSFER-RXN	ACETYL-COA	left
ACETYL-COA-ACETYLTRANSFER-RXN	ACETOACETYL-COA	right
ACETYL-COA-ACETYLTRANSFER-RXN	CO-A	right
RXN-13883	CPD-14893	left
RXN-13883	FERROCYTOCHROME-B5	left
RXN-13883	OXYGEN-MOLECULE	left
RXN-13883	PROTON	left
RXN-13883	CPD-14894	right
RXN-13883	FERRICYTOCHROME-B5	right
RXN-13883	WATER	right
CPM-KDOSYNTH-RXN	KDO	left
CPM-KDOSYNTH-RXN	CTP	left
CPM-KDOSYNTH-RXN	CMP-KDO	right
CPM-KDOSYNTH-RXN	PPI	right
RXN-115	CPD1F-139	left
RXN-115	2-KETOGLUTARATE	left
RXN-115	OXYGEN-MOLECULE	left
RXN-115	CPD-204	right
RXN-115	SUC	right
RXN-115	CARBON-DIOXIDE	right
RXN-8451	S-ADENOSYLMETHIONINE	left
RXN-8451	MYRICETIN	left
RXN-8451	PROTON	right
RXN-8451	CPD-8605	right
RXN-8451	ADENOSYL-HOMO-CYS	right
RXN-12134	Vernolates	left
RXN-12134	WATER	left
RXN-12134	CPD-13086	right
RXN0-5228	CPD0-2190	left
RXN0-5228	CPD0-1445	right
RXN-10740	UDP-L-RHAMNOSE	left
RXN-10740	NADP	left
RXN-10740	CPD-11540	right
RXN-10740	NADPH	right
RXN-10740	PROTON	right
2.5.1.64-RXN	PROTON	left
2.5.1.64-RXN	ISOCHORISMATE	left
2.5.1.64-RXN	2-KETOGLUTARATE	left
2.5.1.64-RXN	CPD-9924	right
2.5.1.64-RXN	CARBON-DIOXIDE	right
RXN0-5184	1-4-alpha-D-Glucan	left
RXN0-5184	Pi	left
RXN0-5184	1-4-alpha-D-Glucan	right
RXN0-5184	GLC-1-P	right
ISOFLAVONE-2-HYDROXYLASE-RXN	FORMONONETIN	left
ISOFLAVONE-2-HYDROXYLASE-RXN	Red-NADPH-Hemoprotein-Reductases	left
ISOFLAVONE-2-HYDROXYLASE-RXN	OXYGEN-MOLECULE	left
ISOFLAVONE-2-HYDROXYLASE-RXN	2-HYDROXYFORMONONETIN	right
ISOFLAVONE-2-HYDROXYLASE-RXN	Ox-NADPH-Hemoprotein-Reductases	right
ISOFLAVONE-2-HYDROXYLASE-RXN	WATER	right
ALDEHYDE-REDUCTASE-RXN	Sugar-alcohols	left
ALDEHYDE-REDUCTASE-RXN	NAD-P-OR-NOP	left
ALDEHYDE-REDUCTASE-RXN	Aldoses	right
ALDEHYDE-REDUCTASE-RXN	NADH-P-OR-NOP	right
ALDEHYDE-REDUCTASE-RXN	PROTON	right
NUCLEOSIDE-DIP-KIN-RXN	Nucleoside-Diphosphates	left
NUCLEOSIDE-DIP-KIN-RXN	ATP	left
NUCLEOSIDE-DIP-KIN-RXN	Nucleoside-Triphosphates	right
NUCLEOSIDE-DIP-KIN-RXN	ADP	right
RXN-7741	CPD-7064	left
RXN-7741	Oxidized-ferredoxins	left
RXN-7741	CPD-7063	right
RXN-7741	Reduced-ferredoxins	right
RXN-7741	PROTON	right
CHLOROPHYLLASE-RXN	WATER	left
CHLOROPHYLLASE-RXN	Chlorophylls	left
CHLOROPHYLLASE-RXN	Chlorophyllides	right
CHLOROPHYLLASE-RXN	PHYTOL	right
2.1.1.64-RXN	S-ADENOSYLMETHIONINE	left
2.1.1.64-RXN	CPD-7158	left
2.1.1.64-RXN	PROTON	right
2.1.1.64-RXN	CPD-9957	right
2.1.1.64-RXN	ADENOSYL-HOMO-CYS	right
RXN-20609	S-ADENOSYLMETHIONINE	left
RXN-20609	Histone-H4-K20m1	left
RXN-20609	ADENOSYL-HOMO-CYS	right
RXN-20609	Histone-H4-K20m2	right
RXN-20609	PROTON	right
RXN-9820	INDOXYL	left
RXN-9820	OXYGEN-MOLECULE	left
RXN-9820	CPD-10525	right
RXN-9820	WATER	right
RXN-12196	WATER	left
RXN-12196	UTP	left
RXN-12196	PROTON	right
RXN-12196	Pi	right
RXN-12196	UDP	right
RXN3O-328	VERY-LONG-CHAIN-FATTY-ACYL-COA	left
RXN3O-328	Phytosphingosines	left
RXN3O-328	Very-Long-Chain-Phytoceramides	right
RXN3O-328	CO-A	right
RXN3O-328	PROTON	right
PSII-RXN	Plastoquinols	left
PSII-RXN	PROTON	left
PSII-RXN	OXYGEN-MOLECULE	left
PSII-RXN	Light	right
PSII-RXN	PLASTOQUINONE	right
PSII-RXN	PROTON	right
PSII-RXN	WATER	right
RXN-21591	CPD-23476	left
RXN-21591	PROTON	left
RXN-21591	CPD-23475	right
RXN-21591	CARBON-DIOXIDE	right
UREASE-RXN	UREA	left
UREASE-RXN	WATER	left
UREASE-RXN	PROTON	left
UREASE-RXN	AMMONIUM	right
UREASE-RXN	HCO3	right
RXN-19785	CPD-8726	left
RXN-19785	Red-NADPH-Hemoprotein-Reductases	left
RXN-19785	OXYGEN-MOLECULE	left
RXN-19785	CPD-8729	right
RXN-19785	Ox-NADPH-Hemoprotein-Reductases	right
RXN-19785	WATER	right
RXN-19785	PROTON	right
RXN-14882	CPD-15818	left
RXN-14882	D-Ribofuranose	right
RXN-11930	CPD-4101	left
RXN-11930	OXYGEN-MOLECULE	left
RXN-11930	FERROCYTOCHROME-B5	left
RXN-11930	PROTON	left
RXN-11930	CPD-12907	right
RXN-11930	FERRICYTOCHROME-B5	right
RXN-11930	WATER	right
4.3.1.4-RXN	CPD-671	left
4.3.1.4-RXN	PROTON	left
4.3.1.4-RXN	AMMONIUM	right
4.3.1.4-RXN	5-10-METHENYL-THF-GLU-N	right
RXN0-6710	CPD0-2463	left
RXN0-6710	WATER	left
RXN0-6710	PROTON	right
RXN0-6710	RIBOSE-15-BISPHOSPHATE	right
2.3.1.180-RXN	ACETYL-COA	left
2.3.1.180-RXN	MALONYL-ACP	left
2.3.1.180-RXN	PROTON	left
2.3.1.180-RXN	Acetoacetyl-ACPs	right
2.3.1.180-RXN	CO-A	right
2.3.1.180-RXN	CARBON-DIOXIDE	right
RXN-7687	CPD-6994	left
RXN-7687	2-KETOGLUTARATE	left
RXN-7687	OXYGEN-MOLECULE	left
RXN-7687	5734-TETRAHYDROXYFLAVONE	right
RXN-7687	SUC	right
RXN-7687	CARBON-DIOXIDE	right
RXN-7687	WATER	right
RXN-9601	OLEOYL-COA	left
RXN-9601	FERROCYTOCHROME-B5	left
RXN-9601	OXYGEN-MOLECULE	left
RXN-9601	PROTON	left
RXN-9601	CPD-18	right
RXN-9601	FERRICYTOCHROME-B5	right
RXN-9601	WATER	right
RXN-22002	BCCP-L-lysine	left
RXN-22002	BIO-5-AMP	left
RXN-22002	BCCP-biotin-L-lysine	right
RXN-22002	AMP	right
RXN-22002	PROTON	right
RXN-5762	S-ADENOSYLMETHIONINE	left
RXN-5762	CPD-5601	left
RXN-5762	PROTON	right
RXN-5762	CPD-5602	right
RXN-5762	ADENOSYL-HOMO-CYS	right
RXN-6161	PYRUVATE	left
RXN-6161	PROTON	left
RXN-6161	ACETALD	right
RXN-6161	CARBON-DIOXIDE	right
RXN-12496	Carotenoid-psi-end-group	left
RXN-12496	Carotenoid-beta-end-group	right
CHORISMATE-SYNTHASE-RXN	3-ENOLPYRUVYL-SHIKIMATE-5P	left
CHORISMATE-SYNTHASE-RXN	Pi	right
CHORISMATE-SYNTHASE-RXN	CHORISMATE	right
DIHYDROFOLATESYNTH-RXN	GLT	left
DIHYDROFOLATESYNTH-RXN	7-8-DIHYDROPTEROATE	left
DIHYDROFOLATESYNTH-RXN	ATP	left
DIHYDROFOLATESYNTH-RXN	PROTON	right
DIHYDROFOLATESYNTH-RXN	DIHYDROFOLATE	right
DIHYDROFOLATESYNTH-RXN	Pi	right
DIHYDROFOLATESYNTH-RXN	ADP	right
RXN-1103	COUMARATE	left
RXN-1103	Red-NADPH-Hemoprotein-Reductases	left
RXN-1103	OXYGEN-MOLECULE	left
RXN-1103	CPD-676	right
RXN-1103	WATER	right
RXN-1103	Ox-NADPH-Hemoprotein-Reductases	right
S-FORMYLGLUTATHIONE-HYDROLASE-RXN	CPD-548	left
S-FORMYLGLUTATHIONE-HYDROLASE-RXN	WATER	left
S-FORMYLGLUTATHIONE-HYDROLASE-RXN	PROTON	right
S-FORMYLGLUTATHIONE-HYDROLASE-RXN	FORMATE	right
S-FORMYLGLUTATHIONE-HYDROLASE-RXN	GLUTATHIONE	right
RXN-7243	CPD-534	left
RXN-7243	WATER	left
RXN-7243	CPD-6742	right
RXN-7243	Pi	right
RXN-17523	PROTOHEME	left
RXN-17523	OXYGEN-MOLECULE	left
RXN-17523	Reduced-ferredoxins	left
RXN-17523	PROTON	left
RXN-17523	BILIVERDINE	right
RXN-17523	FE+2	right
RXN-17523	CARBON-MONOXIDE	right
RXN-17523	Oxidized-ferredoxins	right
RXN-17523	WATER	right
RXN-14432	CPD1F-766	left
RXN-14432	CPD-15281	left
RXN-14432	CPD-7138	right
RXN-14432	FERULIC-ACID	right
RXN-6883	Ubiquinols	left
RXN-6883	OXYGEN-MOLECULE	left
RXN-6883	Ubiquinones	right
RXN-6883	WATER	right
SUPEROX-DISMUT-RXN	SUPER-OXIDE	left
SUPEROX-DISMUT-RXN	PROTON	left
SUPEROX-DISMUT-RXN	HYDROGEN-PEROXIDE	right
SUPEROX-DISMUT-RXN	OXYGEN-MOLECULE	right
RXN-18245	CPD-14553	left
RXN-18245	Type-2-H-Antigen	left
RXN-18245	Type-2-B-antigen	right
RXN-18245	UDP	right
RXN-18245	PROTON	right
RXN-9741	CPD-9138	left
RXN-9741	Donor-H2	left
RXN-9741	CPD-10451	right
RXN-9741	WATER	right
RXN-9741	Acceptor	right
RXN-8678	CPD-8907	left
RXN-8678	NADP	left
RXN-8678	CPD-8905	right
RXN-8678	NADPH	right
RXN-8678	PROTON	right
RXN0-5289	GLYCERATE	left
RXN0-5289	NAD	left
RXN0-5289	CPD-26279	right
RXN0-5289	NADH	right
RXN0-5289	PROTON	right
SERINE--GLYOXYLATE-AMINOTRANSFERASE-RXN	SER	left
SERINE--GLYOXYLATE-AMINOTRANSFERASE-RXN	GLYOX	left
SERINE--GLYOXYLATE-AMINOTRANSFERASE-RXN	OH-PYR	right
SERINE--GLYOXYLATE-AMINOTRANSFERASE-RXN	GLY	right
2.7.1.151-RXN	INOSITOL-1-4-5-TRISPHOSPHATE	left
2.7.1.151-RXN	ATP	left
2.7.1.151-RXN	PROTON	right
2.7.1.151-RXN	INOSITOL-1456-TETRAKISPHOSPHATE	right
2.7.1.151-RXN	ADP	right
1.1.1.271-RXN	CPD-13118	left
1.1.1.271-RXN	NADP	left
1.1.1.271-RXN	GDP-4-DEHYDRO-6-DEOXY-D-MANNOSE	right
1.1.1.271-RXN	NADPH	right
1.1.1.271-RXN	PROTON	right
RXN-7578	CPD-6954	left
RXN-7578	CPD-6955	right
RXN-7578	WATER	right
XYLULOKIN-RXN	D-XYLULOSE	left
XYLULOKIN-RXN	ATP	left
XYLULOKIN-RXN	PROTON	right
XYLULOKIN-RXN	XYLULOSE-5-PHOSPHATE	right
XYLULOKIN-RXN	ADP	right
RXN0-5433	DEHYDRO-3-DEOXY-L-RHAMNONATE	left
RXN0-5433	PYRUVATE	right
RXN0-5433	LACTALD	right
RXN-13188	44-DIMETHYL-5ALPHA-CHOLEST-7-EN-3BET	left
RXN-13188	OXYGEN-MOLECULE	left
RXN-13188	FERROCYTOCHROME-B5	left
RXN-13188	PROTON	left
RXN-13188	CPD-5846	right
RXN-13188	FERRICYTOCHROME-B5	right
RXN-13188	WATER	right
RXN-3	PROTON	left
RXN-3	CPD-501	left
RXN-3	UTP	left
RXN-3	UDP-D-GALACTURONATE	right
RXN-3	PPI	right
RXN-8707	TRYPTAMINE	left
RXN-8707	Red-NADPH-Hemoprotein-Reductases	left
RXN-8707	OXYGEN-MOLECULE	left
RXN-8707	SEROTONIN	right
RXN-8707	Ox-NADPH-Hemoprotein-Reductases	right
RXN-8707	WATER	right
RXN-2561	DELTA-TOCOPHEROL	left
RXN-2561	MPBQ	right
2.4.1.119-RXN	CPD-18076	left
2.4.1.119-RXN	Protein-L-Asparagine	left
2.4.1.119-RXN	Dolichol-PP	right
2.4.1.119-RXN	CPD-18077	right
2.4.1.119-RXN	PROTON	right
RXN-12805	S-ADENOSYLMETHIONINE	left
RXN-12805	CPD-83	left
RXN-12805	ADENOSYL-HOMO-CYS	right
RXN-12805	CPD-6959	right
RXN-12805	PROTON	right
RXN-22640	CPD-24866	left
RXN-22640	WATER	left
RXN-22640	CPD-33	right
RXN-22640	PROTON	right
RXN-15045	OLEOYL-COA	left
RXN-15045	GLYCEROL-3P	left
RXN-15045	L-1-LYSOPHOSPHATIDATE	right
RXN-15045	CO-A	right
RXN-712	CPD-710	left
RXN-712	Acceptor	left
RXN-712	CPD-709	right
RXN-712	Donor-H2	right
6PGLUCONOLACT-RXN	D-6-P-GLUCONO-DELTA-LACTONE	left
6PGLUCONOLACT-RXN	WATER	left
6PGLUCONOLACT-RXN	PROTON	right
6PGLUCONOLACT-RXN	CPD-2961	right
RXN-9749	CPD-12575	left
RXN-9749	CPD-10457	left
RXN-9749	CPD-10458	right
RXN-9749	UDP	right
RXN-9749	WATER	right
RXN-8301	CPD-8080	left
RXN-8301	OXYGEN-MOLECULE	left
RXN-8301	Reduced-ferredoxins	left
RXN-8301	PROTON	left
RXN-8301	CPD-2190	right
RXN-8301	WATER	right
RXN-8301	Oxidized-ferredoxins	right
RXN-22632	ACETYL-COA	left
RXN-22632	Beta-Tubulin-L-Lysine	left
RXN-22632	Beta-Tubulin-acetyl-L-lysine	right
RXN-22632	CO-A	right
RXN-22632	PROTON	right
DCTP-PYROPHOSPHATASE-RXN	DCTP	left
DCTP-PYROPHOSPHATASE-RXN	WATER	left
DCTP-PYROPHOSPHATASE-RXN	PROTON	right
DCTP-PYROPHOSPHATASE-RXN	DCMP	right
DCTP-PYROPHOSPHATASE-RXN	PPI	right
1.5.1.8-RXN	SACCHAROPINE	left
1.5.1.8-RXN	WATER	left
1.5.1.8-RXN	NADP	left
1.5.1.8-RXN	LYS	right
1.5.1.8-RXN	2-KETOGLUTARATE	right
1.5.1.8-RXN	NADPH	right
1.5.1.8-RXN	PROTON	right
RXN-14448	CPD-7117	left
RXN-14448	CPD-15281	left
RXN-14448	CPD-15290	right
RXN-14448	FERULIC-ACID	right
RXN-17739	ATP	left
RXN-17739	WATER	left
RXN-17739	NA+	left
RXN-17739	ADP	right
RXN-17739	Pi	right
RXN-17739	NA+	right
RXN-17739	PROTON	right
METHYLVALERATE-RXN	2-KETO-3-METHYL-VALERATE	left
METHYLVALERATE-RXN	BCAA-dehydrogenase-lipoyl	left
METHYLVALERATE-RXN	PROTON	left
METHYLVALERATE-RXN	BCAA-dehydrogenase-2MB-DH-lipoyl	right
METHYLVALERATE-RXN	CARBON-DIOXIDE	right
RXN-19726	glycyl-tRNAAla	left
RXN-19726	WATER	left
RXN-19726	GLY	right
RXN-19726	ALA-tRNAs	right
RXN-19726	PROTON	right
4-COUMARATE--COA-LIGASE-RXN	COUMARATE	left
4-COUMARATE--COA-LIGASE-RXN	CO-A	left
4-COUMARATE--COA-LIGASE-RXN	ATP	left
4-COUMARATE--COA-LIGASE-RXN	P-COUMAROYL-COA	right
4-COUMARATE--COA-LIGASE-RXN	AMP	right
4-COUMARATE--COA-LIGASE-RXN	PPI	right
1.1.1.247-RXN	CODEINE	left
1.1.1.247-RXN	NADP	left
1.1.1.247-RXN	CODEINONE	right
1.1.1.247-RXN	NADPH	right
1.1.1.247-RXN	PROTON	right
RXN-24786	4-AMINO-BUTYRATE	left
RXN-24786	CARBON-DIOXIDE	left
RXN-24786	CPD-27332	right
RXN-24786	PROTON	right
RXN-22482	OH-ACYL-ACP	left
RXN-22482	UDP-3R-hydroxyacyl-GlcN	left
RXN-22482	UDP-2N-3R-hydroxyacyl-3O-3R-hydroxyacyl-GlcN	right
RXN-22482	ACP	right
RXN-22482	PROTON	right
LTAA-RXN	L-ALLO-THREONINE	left
LTAA-RXN	GLY	right
LTAA-RXN	ACETALD	right
RXN-17868	ACETYL-COA	left
RXN-17868	L-methionyl-L-valyl-Protein	left
RXN-17868	N-Ac-L-methionyl-L-valyl-Protein	right
RXN-17868	CO-A	right
RXN-17868	PROTON	right
RXN-11852	ACETYL-COA	left
RXN-11852	CIS-3-HEXENOL	left
RXN-11852	CPD-12846	right
RXN-11852	CO-A	right
ALLANTOATE-DEIMINASE-RXN	PROTON	left
ALLANTOATE-DEIMINASE-RXN	ALLANTOATE	left
ALLANTOATE-DEIMINASE-RXN	WATER	left
ALLANTOATE-DEIMINASE-RXN	CPD0-2298	right
ALLANTOATE-DEIMINASE-RXN	AMMONIUM	right
ALLANTOATE-DEIMINASE-RXN	CARBON-DIOXIDE	right
RXN-20598	S-ADENOSYLMETHIONINE	left
RXN-20598	Histone-H3-K4	left
RXN-20598	ADENOSYL-HOMO-CYS	right
RXN-20598	Histone-H3-K4m1	right
RXN-20598	PROTON	right
2.4.1.83-RXN	GDP-MANNOSE	left
2.4.1.83-RXN	DOLICHOLP	left
2.4.1.83-RXN	CPD-171	right
2.4.1.83-RXN	GDP	right
RXN-18699	5-2-me-oxy-2-oxo-et-ur-34-tRNA	left
RXN-18699	Thiocarboxylated-URM1	left
RXN-18699	ATP	left
RXN-18699	WATER	left
RXN-18699	mcm5s2U-34-tRNA	right
RXN-18699	URM1	right
RXN-18699	AMP	right
RXN-18699	PPI	right
RXN-18699	PROTON	right
3.2.1.39-RXN	1-3-beta-D-Glucans	left
3.2.1.39-RXN	WATER	left
3.2.1.39-RXN	1-3-beta-D-Glucans	right
3.2.1.39-RXN	Glucopyranose	right
GALACTOLIPASE-RXN	D-Galactosyl-12-diacyl-glycerols	left
GALACTOLIPASE-RXN	WATER	left
GALACTOLIPASE-RXN	Carboxylates	right
GALACTOLIPASE-RXN	3-B-D-GALACTOSYL-SN-GLYCEROL	right
GALACTOLIPASE-RXN	PROTON	right
RXN-11026	Saturated-Fatty-Acyl-CoA	left
RXN-11026	OXYGEN-MOLECULE	left
RXN-11026	TRANS-D2-ENOYL-COA	right
RXN-11026	HYDROGEN-PEROXIDE	right
RXN-13645	CPD-14651	left
RXN-13645	Acceptor	left
RXN-13645	PROTON	left
RXN-13645	CPD-14652	right
RXN-13645	Donor-H2	right
RXN-19672	CPD-12831	left
RXN-19672	Protein-Ox-Disulfides	left
RXN-19672	2-METHYL-3-PHYTYL-14-NAPHTHOQUINONE	right
RXN-19672	Protein-Red-Disulfides	right
MERCAPYSTRANS-RXN	3-MERCAPTO-PYRUVATE	left
MERCAPYSTRANS-RXN	Red-Thioredoxin	left
MERCAPYSTRANS-RXN	PYRUVATE	right
MERCAPYSTRANS-RXN	HS	right
MERCAPYSTRANS-RXN	Ox-Thioredoxin	right
RXN-22828	CPD-723	left
RXN-22828	OXYGEN-MOLECULE	left
RXN-22828	Red-NADPH-Hemoprotein-Reductases	left
RXN-22828	CPD-634	right
RXN-22828	WATER	right
RXN-22828	Ox-NADPH-Hemoprotein-Reductases	right
D-ASPARTATE-OXIDASE-RXN	OXYGEN-MOLECULE	left
D-ASPARTATE-OXIDASE-RXN	WATER	left
D-ASPARTATE-OXIDASE-RXN	CPD-302	left
D-ASPARTATE-OXIDASE-RXN	AMMONIUM	right
D-ASPARTATE-OXIDASE-RXN	HYDROGEN-PEROXIDE	right
D-ASPARTATE-OXIDASE-RXN	OXALACETIC_ACID	right
RXN-14536	CPD-15409	left
RXN-14536	NADP	left
RXN-14536	CPD-15408	right
RXN-14536	NADPH	right
RXN-14536	PROTON	right
RXN-15582	S-Substituted-L-Cysteines	left
RXN-15582	Thiols	right
RXN-15582	2-AMINOACRYLATE	right
RXN-17881	N-terminal-L-cysteine	left
RXN-17881	HYDROGEN-PEROXIDE	left
RXN-17881	N-terminal-L-alanine-sulfenate	right
RXN-17881	WATER	right
RXN-18272	CPD-12575	left
RXN-18272	Ceramides	left
RXN-18272	Glucosyl-ceramides	right
RXN-18272	UDP	right
RXN-18272	PROTON	right
RXN-8141	CDPDIACYLGLYCEROL	left
RXN-8141	L-1-PHOSPHATIDYL-GLYCEROL	left
RXN-8141	CARDIOLIPIN	right
RXN-8141	CMP	right
RXN-8141	PROTON	right
ALKANE-1-MONOOXYGENASE-RXN	CPD-148	left
ALKANE-1-MONOOXYGENASE-RXN	OXYGEN-MOLECULE	left
ALKANE-1-MONOOXYGENASE-RXN	Reduced-Rubredoxins	left
ALKANE-1-MONOOXYGENASE-RXN	PROTON	left
ALKANE-1-MONOOXYGENASE-RXN	OCTANOL	right
ALKANE-1-MONOOXYGENASE-RXN	WATER	right
ALKANE-1-MONOOXYGENASE-RXN	Oxidized-Rubredoxins	right
RXN-11262	CPD-12214	left
RXN-11262	OXYGEN-MOLECULE	left
RXN-11262	Red-NADPH-Hemoprotein-Reductases	left
RXN-11262	CPD-11667	right
RXN-11262	WATER	right
RXN-11262	Ox-NADPH-Hemoprotein-Reductases	right
RXN-7607	IMP	left
RXN-7607	WATER	left
RXN-7607	INOSINE	right
RXN-7607	Pi	right
RXN-6524	PROTON	left
RXN-6524	CPD-10332	left
RXN-6524	2-KETOGLUTARATE	left
RXN-6524	OXYGEN-MOLECULE	left
RXN-6524	CPD-6203	right
RXN-6524	SUC	right
RXN-6524	CARBON-DIOXIDE	right
RXN-6524	WATER	right
RXN-9284	CPD-9898	left
RXN-9284	PROTON	left
RXN-9284	CPD-9866	right
RXN-9284	CARBON-DIOXIDE	right
RXN-14240	CPD-12724	left
RXN-14240	HYDROGEN-PEROXIDE	left
RXN-14240	CPD-15172	right
RXN-14240	WATER	right
RXN-12614	GLY	left
RXN-12614	OXYGEN-MOLECULE	left
RXN-12614	CPD-12279	right
RXN-12614	HYDROGEN-PEROXIDE	right
RXN-12614	PROTON	right
3PGAREARR-RXN	2-PG	left
3PGAREARR-RXN	G3P	right
PHOSGLYPHOS-RXN	G3P	left
PHOSGLYPHOS-RXN	ATP	left
PHOSGLYPHOS-RXN	DPG	right
PHOSGLYPHOS-RXN	ADP	right
RXN-18348	CPD-11512	left
RXN-18348	2-KETOGLUTARATE	left
RXN-18348	OXYGEN-MOLECULE	left
RXN-18348	CPD-19723	right
RXN-18348	SUC	right
RXN-18348	CARBON-DIOXIDE	right
RXN-18348	WATER	right
RXN-12019	SO3	left
RXN-12019	AMP	left
RXN-12019	Ox-Thioredoxin	left
RXN-12019	PROTON	left
RXN-12019	APS	right
RXN-12019	Red-Thioredoxin	right
RXN-6523	CPD1F-120	left
RXN-6523	2-KETOGLUTARATE	left
RXN-6523	OXYGEN-MOLECULE	left
RXN-6523	CPD-6201	right
RXN-6523	SUC	right
RXN-6523	CARBON-DIOXIDE	right
RXN-21074	CPD-12575	left
RXN-21074	EGF-Domain-Protein-L-Serine	left
RXN-21074	EGF-Prot-Glc-L-Serine	right
RXN-21074	UDP	right
RXN-21074	PROTON	right
RXN-10693	CPD-10414	left
RXN-10693	NAD-P-OR-NOP	left
RXN-10693	3-OH-Anthocyanidins	right
RXN-10693	NADH-P-OR-NOP	right
RXN-10693	PROTON	right
RXN-7570	EPOXYSQUALENE	left
RXN-7570	CPD-6948	right
MALONYL-COA-ACP-TRANSACYL-RXN	MALONYL-COA	left
MALONYL-COA-ACP-TRANSACYL-RXN	ACP	left
MALONYL-COA-ACP-TRANSACYL-RXN	CO-A	right
MALONYL-COA-ACP-TRANSACYL-RXN	MALONYL-ACP	right
2.4.99.6-RXN	CMP-N-ACETYL-NEURAMINATE	left
2.4.99.6-RXN	B-Gal-14-NacGlc-R	left
2.4.99.6-RXN	ALPHA-N-ACETYLNEURAMINYL-23-BETA-ETCETER	right
2.4.99.6-RXN	CMP	right
2.4.99.6-RXN	PROTON	right
2.7.7.64-RXN	UTP	left
2.7.7.64-RXN	Sugar-1-Phosphate	left
2.7.7.64-RXN	PROTON	left
2.7.7.64-RXN	PPI	right
2.7.7.64-RXN	UDP-sugar	right
RXN-11361	MPT-Synthase-small-subunits	left
RXN-11361	ATP	left
RXN-11361	PROTON	left
RXN-11361	Carboxyadenylated-MPT-synthases	right
RXN-11361	PPI	right
RXN-10949	Myo-inositol-monophosphates	left
RXN-10949	WATER	left
RXN-10949	MYO-INOSITOL	right
RXN-10949	Pi	right
PRPPAMIDOTRANS-RXN	5-P-BETA-D-RIBOSYL-AMINE	left
PRPPAMIDOTRANS-RXN	PPI	left
PRPPAMIDOTRANS-RXN	GLT	left
PRPPAMIDOTRANS-RXN	PRPP	right
PRPPAMIDOTRANS-RXN	GLN	right
PRPPAMIDOTRANS-RXN	WATER	right
RXN-8304	CPD-8073	left
RXN-8304	OXYGEN-MOLECULE	left
RXN-8304	Reduced-ferredoxins	left
RXN-8304	PROTON	left
RXN-8304	CPD-8075	right
RXN-8304	WATER	right
RXN-8304	Oxidized-ferredoxins	right
RXN-1884	L-Galactopyranose	left
RXN-1884	NAD	left
RXN-1884	PROTON	right
RXN-1884	CPD-330	right
RXN-1884	NADH	right
ASPARTATEKIN-RXN	L-ASPARTATE	left
ASPARTATEKIN-RXN	ATP	left
ASPARTATEKIN-RXN	L-BETA-ASPARTYL-P	right
ASPARTATEKIN-RXN	ADP	right
RXNQT-4366	CPD-6442	left
RXNQT-4366	WATER	left
RXNQT-4366	PROTON	right
RXNQT-4366	CPD-110	right
RXNQT-4366	METOH	right
3.6.3.16-RXN	ATP	left
3.6.3.16-RXN	CPD0-2040	left
3.6.3.16-RXN	WATER	left
3.6.3.16-RXN	ADP	right
3.6.3.16-RXN	CPD0-2040	right
3.6.3.16-RXN	Pi	right
3.6.3.16-RXN	PROTON	right
RXN-20612	S-ADENOSYLMETHIONINE	left
RXN-20612	Histone-H3-K27m2	left
RXN-20612	ADENOSYL-HOMO-CYS	right
RXN-20612	Histone-H3-K27m3	right
RXN-20612	PROTON	right
RXN-22332	CPD-22658	left
RXN-22332	Arsenite-methyltransferases	left
RXN-22332	Arsenite-Arsenite-Methyltranferase	right
RXN-22332	GLUTATHIONE	right
DEOXYGUANOSINE-KINASE-RXN	DEOXYGUANOSINE	left
DEOXYGUANOSINE-KINASE-RXN	ATP	left
DEOXYGUANOSINE-KINASE-RXN	PROTON	right
DEOXYGUANOSINE-KINASE-RXN	DGMP	right
DEOXYGUANOSINE-KINASE-RXN	ADP	right
RXN-14652	MET	left
RXN-14652	PROTON	left
RXN-14652	MET	right
RXN-14652	PROTON	right
RXN-21290	CPD-22994	left
RXN-21290	CPD-22992	right
RXN-21290	WATER	right
RXN-9021	S-ADENOSYLMETHIONINE	left
RXN-9021	CPD-9494	left
RXN-9021	PROTON	right
RXN-9021	CPD-9499	right
RXN-9021	ADENOSYL-HOMO-CYS	right
PHENYLALANINE-DECARBOXYLASE-RXN	PHE	left
PHENYLALANINE-DECARBOXYLASE-RXN	PROTON	left
PHENYLALANINE-DECARBOXYLASE-RXN	PHENYLETHYLAMINE	right
PHENYLALANINE-DECARBOXYLASE-RXN	CARBON-DIOXIDE	right
RXN-11760	CPD-12725	left
RXN-11760	WATER	left
RXN-11760	CPD-12724	right
RXN-11760	D-Glucopyranuronate	right
RXN-24043	CPD-4211	left
RXN-24043	Oxidized-flavodoxins	left
RXN-24043	WATER	left
RXN-24043	HYDROXY-METHYL-BUTENYL-DIP	right
RXN-24043	Reduced-flavodoxins	right
2.7.9.4-RXN	Alpha-D-Glucans	left
2.7.9.4-RXN	WATER	left
2.7.9.4-RXN	ATP	left
2.7.9.4-RXN	Phospho-alpha-glucans	right
2.7.9.4-RXN	AMP	right
2.7.9.4-RXN	Pi	right
2.7.9.4-RXN	PROTON	right
RXN-11259	FERULOYL-COA	left
RXN-11259	SPERMIDINE	left
RXN-11259	CO-A	right
RXN-11259	CPD-12214	right
RXN-11259	PROTON	right
AROMATIC-L-AMINO-ACID-DECARBOXYLASE-RXN	TRP	left
AROMATIC-L-AMINO-ACID-DECARBOXYLASE-RXN	PROTON	left
AROMATIC-L-AMINO-ACID-DECARBOXYLASE-RXN	TRYPTAMINE	right
AROMATIC-L-AMINO-ACID-DECARBOXYLASE-RXN	CARBON-DIOXIDE	right
RXN-7677	CPD-7015	left
RXN-7677	OXYGEN-MOLECULE	left
RXN-7677	NADPH	left
RXN-7677	PROTON	left
RXN-7677	CPD-19759	right
RXN-7677	WATER	right
RXN-7677	NADP	right
6.2.1.34-RXN	FERULIC-ACID	left
6.2.1.34-RXN	ATP	left
6.2.1.34-RXN	CO-A	left
6.2.1.34-RXN	FERULOYL-COA	right
6.2.1.34-RXN	AMP	right
6.2.1.34-RXN	PPI	right
RXN0-7386	Quinones	left
RXN0-7386	NADH-P-OR-NOP	left
RXN0-7386	PROTON	left
RXN0-7386	Reduced-Quinones	right
RXN0-7386	NAD-P-OR-NOP	right
PYRNUTRANSHYDROGEN-RXN	NAD	left
PYRNUTRANSHYDROGEN-RXN	NADPH	left
PYRNUTRANSHYDROGEN-RXN	NADH	right
PYRNUTRANSHYDROGEN-RXN	NADP	right
ADP-RIBOSYLARGININE-HYDROLASE-RXN	CPD-557	left
ADP-RIBOSYLARGININE-HYDROLASE-RXN	WATER	left
ADP-RIBOSYLARGININE-HYDROLASE-RXN	ADENOSINE_DIPHOSPHATE_RIBOSE	right
ADP-RIBOSYLARGININE-HYDROLASE-RXN	Protein-L-Arginines	right
ARGINASE-RXN	WATER	left
ARGINASE-RXN	ARG	left
ARGINASE-RXN	UREA	right
ARGINASE-RXN	L-ORNITHINE	right
RXN-709	CPD-707	left
RXN-709	CPD-708	right
RXN-12440	ASCORBATE	left
RXN-12440	HYDROGEN-PEROXIDE	left
RXN-12440	ASCORBATE	right
RXN-12440	L-DEHYDRO-ASCORBATE	right
RXN-12440	WATER	right
RXNQT-4324	CPD-12575	left
RXNQT-4324	CPDQT-411	left
RXNQT-4324	PROTON	right
RXNQT-4324	CPDQT-416	right
RXNQT-4324	UDP	right
RXN-21563	CPD-8122	left
RXN-21563	CPD-3	left
RXN-21563	CPD-15870	right
RXN-21563	AMP	right
RXN-21563	PROTON	right
RXN-12448	Secondary-Alcohols	left
RXN-12448	NAD	left
RXN-12448	LONG-CHAIN-KETONE	right
RXN-12448	NADH	right
RXN-12448	PROTON	right
RXN-18899	DOPAQUINONE	left
RXN-18899	CYS	left
RXN-18899	CPD-20260	right
RXN-11552	CPD-12511	left
RXN-11552	CPD-12513	right
THREONINE-ALDOLASE-RXN	THR	left
THREONINE-ALDOLASE-RXN	GLY	right
THREONINE-ALDOLASE-RXN	ACETALD	right
RXN-12363	ACETYL-COA	left
RXN-12363	ETOH	left
RXN-12363	ETHYLACETATE	right
RXN-12363	CO-A	right
RXN-18910	Man8GlcNAc2-protein-A123B13	left
RXN-18910	WATER	left
RXN-18910	Mannosyl5-N-Glycans	right
RXN-18910	CPD-12601	right
2.3.1.138-RXN	CAFFEOYL-COA	left
2.3.1.138-RXN	PUTRESCINE	left
2.3.1.138-RXN	PROTON	right
2.3.1.138-RXN	CPD-411	right
2.3.1.138-RXN	CO-A	right
RXN-18942	CPD-20324	left
RXN-18942	Red-NADPH-Hemoprotein-Reductases	left
RXN-18942	OXYGEN-MOLECULE	left
RXN-18942	CPD-20325	right
RXN-18942	Ox-NADPH-Hemoprotein-Reductases	right
RXN-18942	WATER	right
3-ISOPROPYLMALDEHYDROG-RXN	2-D-THREO-HYDROXY-3-CARBOXY-ISOCAPROATE	left
3-ISOPROPYLMALDEHYDROG-RXN	NAD	left
3-ISOPROPYLMALDEHYDROG-RXN	CPD-7100	right
3-ISOPROPYLMALDEHYDROG-RXN	NADH	right
3-ISOPROPYLMALDEHYDROG-RXN	PROTON	right
ALPHA-L-FUCOSIDASE-RXN	AN-ALPHA-L-FUCOSIDE	left
ALPHA-L-FUCOSIDASE-RXN	WATER	left
ALPHA-L-FUCOSIDASE-RXN	Alcohols	right
ALPHA-L-FUCOSIDASE-RXN	L-Fucopyranoses	right
RXN-14815	MANNOSE-6P	left
RXN-14815	CPD-15711	right
3.2.1.3-RXN	Glycogens	left
3.2.1.3-RXN	WATER	left
3.2.1.3-RXN	Glycogens	right
3.2.1.3-RXN	GLC	right
3.6.3.21-RXN	WATER	left
3.6.3.21-RXN	Polar-amino-acids	left
3.6.3.21-RXN	ATP	left
3.6.3.21-RXN	Pi	right
3.6.3.21-RXN	Polar-amino-acids	right
3.6.3.21-RXN	ADP	right
RXN-12587	L-Cysteine-Desulfurase-persulfide	left
RXN-12587	Unsulfurated-Sulfur-Acceptors	left
RXN-12587	Cysteine-Desulfurase-L-cysteine	right
RXN-12587	Sulfurated-Sulfur-Acceptors	right
RXN-14237	CPD-8184	left
RXN-14237	NADPH	left
RXN-14237	OXYGEN-MOLECULE	left
RXN-14237	PROTON	left
RXN-14237	CPD-12724	right
RXN-14237	NADP	right
RXN-14237	WATER	right
RXN-5781	DIACYLGLYCEROL	left
RXN-5781	CDP-CHOLINE	left
RXN-5781	PHOSPHATIDYLCHOLINE	right
RXN-5781	CMP	right
RXN-5781	PROTON	right
RXN-9527	Octanoyl-ACPs	left
RXN-9527	MALONYL-ACP	left
RXN-9527	PROTON	left
RXN-9527	3-oxo-decanoyl-ACPs	right
RXN-9527	CARBON-DIOXIDE	right
RXN-9527	ACP	right
2.7.8.15-RXN	UDP-N-ACETYL-D-GLUCOSAMINE	left
2.7.8.15-RXN	DOLICHOLP	left
2.7.8.15-RXN	CPD-190	right
2.7.8.15-RXN	UMP	right
RXN-20630	Histone-H3-K27m2	left
RXN-20630	2-KETOGLUTARATE	left
RXN-20630	OXYGEN-MOLECULE	left
RXN-20630	Histone-H3-K27m1	right
RXN-20630	FORMALDEHYDE	right
RXN-20630	SUC	right
RXN-20630	CARBON-DIOXIDE	right
RXN-13939	CPD-14963	left
RXN-13939	CARBON-DIOXIDE	right
RXN-13939	CPD-10296	right
RXN-18700	URM1	left
RXN-18700	ATP	left
RXN-18700	PROTON	left
RXN-18700	Carboxyadenylated-URM1	right
RXN-18700	PPI	right
13-BETA-GLUCAN-SYNTHASE-RXN	CPD-12575	left
13-BETA-GLUCAN-SYNTHASE-RXN	1-3-beta-D-Glucans	left
13-BETA-GLUCAN-SYNTHASE-RXN	1-3-beta-D-Glucans	right
13-BETA-GLUCAN-SYNTHASE-RXN	UDP	right
RXN-22207	CPD-8134	left
RXN-22207	NADP	left
RXN-22207	CPD-706	right
RXN-22207	NADPH	right
RXN-22207	PROTON	right
RXN-7401	PROTON	left
RXN-7401	CPD-1825	left
RXN-7401	UTP	left
RXN-7401	CPD-12513	right
RXN-7401	PPI	right
GTP-CYCLOHYDRO-I-RXN	GTP	left
GTP-CYCLOHYDRO-I-RXN	WATER	left
GTP-CYCLOHYDRO-I-RXN	PROTON	right
GTP-CYCLOHYDRO-I-RXN	FORMATE	right
GTP-CYCLOHYDRO-I-RXN	DIHYDRONEOPTERIN-P3	right
RXN-10708	CPD-11529	left
RXN-10708	WATER	left
RXN-10708	PROTON	right
RXN-10708	CPD-731	right
RXN-10708	CO-A	right
RXN-8262	S-ADENOSYLMETHIONINE	left
RXN-8262	CPD-520	left
RXN-8262	PROTON	right
RXN-8262	CPD-8004	right
RXN-8262	ADENOSYL-HOMO-CYS	right
2.4.1.214-RXN	CPD-13118	left
2.4.1.214-RXN	2-2-N-linked-Glycan	left
2.4.1.214-RXN	N4-N-ACETYL-BETA-D-GLUCOSAMINYL-F	right
2.4.1.214-RXN	PROTON	right
2.4.1.214-RXN	GDP	right
CARBONYL-REDUCTASE-NADPH-RXN	Secondary-Alcohols	left
CARBONYL-REDUCTASE-NADPH-RXN	NADP	left
CARBONYL-REDUCTASE-NADPH-RXN	LONG-CHAIN-KETONE	right
CARBONYL-REDUCTASE-NADPH-RXN	NADPH	right
CARBONYL-REDUCTASE-NADPH-RXN	PROTON	right
RXN0-3901	PUTRESCINE	left
RXN0-3901	GLT	left
RXN0-3901	ATP	left
RXN0-3901	PROTON	right
RXN0-3901	GAMMA-GLUTAMYL-PUTRESCINE	right
RXN0-3901	ADP	right
RXN0-3901	Pi	right
1-ACYLGLYCEROL-3-P-ACYLTRANSFER-RXN	ACYL-SN-GLYCEROL-3P	left
1-ACYLGLYCEROL-3-P-ACYLTRANSFER-RXN	ACYL-ACP	left
1-ACYLGLYCEROL-3-P-ACYLTRANSFER-RXN	L-PHOSPHATIDATE	right
1-ACYLGLYCEROL-3-P-ACYLTRANSFER-RXN	ACP	right
RXN-16389	16-HYDROXYPALMITATE	left
RXN-16389	CO-A	left
RXN-16389	ATP	left
RXN-16389	CPD-17621	right
RXN-16389	PPI	right
RXN-16389	AMP	right
2.3.1.99-RXN	FERULOYL-COA	left
2.3.1.99-RXN	QUINATE	left
2.3.1.99-RXN	CPD-416	right
2.3.1.99-RXN	CO-A	right
RXN-12141	CPD-13089	left
RXN-12141	WATER	left
RXN-12141	CPD-13094	right
QUINOLINATE-SYNTHA-RXN	IMINOASPARTATE	left
QUINOLINATE-SYNTHA-RXN	DIHYDROXY-ACETONE-PHOSPHATE	left
QUINOLINATE-SYNTHA-RXN	QUINOLINATE	right
QUINOLINATE-SYNTHA-RXN	WATER	right
QUINOLINATE-SYNTHA-RXN	Pi	right
RXN-8478	PROTON	left
RXN-8478	CPD-8652	left
RXN-8478	CPD-8651	left
RXN-8478	CPD-8653	right
RXN-8478	WATER	right
SPHINGANINE-1-PHOSPHATE-ALDOLASE-RXN	CPD-649	left
SPHINGANINE-1-PHOSPHATE-ALDOLASE-RXN	PALMITALDEHYDE	right
SPHINGANINE-1-PHOSPHATE-ALDOLASE-RXN	PHOSPHORYL-ETHANOLAMINE	right
PHENYLALANINE-AMMONIA-LYASE-RXN	PHE	left
PHENYLALANINE-AMMONIA-LYASE-RXN	CPD-674	right
PHENYLALANINE-AMMONIA-LYASE-RXN	AMMONIUM	right
RXN66-526	D-glucopyranose-6-phosphate	left
RXN66-526	WATER	left
RXN66-526	Glucopyranose	right
RXN66-526	Pi	right
RXNQT-4343	CPDQT-273	left
RXNQT-4343	OXYGEN-MOLECULE	left
RXNQT-4343	Donor-H2	left
RXNQT-4343	CPDQT-421	right
RXNQT-4343	WATER	right
RXNQT-4343	Acceptor	right
RXN-20622	Histone-H3-K4m3	left
RXN-20622	2-KETOGLUTARATE	left
RXN-20622	OXYGEN-MOLECULE	left
RXN-20622	Histone-H3-K4m2	right
RXN-20622	FORMALDEHYDE	right
RXN-20622	SUC	right
RXN-20622	CARBON-DIOXIDE	right
RXN-7652	NARINGENIN-CMPD	left
RXN-7652	OXYGEN-MOLECULE	left
RXN-7652	Red-NADPH-Hemoprotein-Reductases	left
RXN-7652	CPD-6994	right
RXN-7652	Ox-NADPH-Hemoprotein-Reductases	right
RXN-7652	WATER	right
RXN-7652	PROTON	right
RXN-18032	HCO3	left
RXN-18032	CO3	right
RXN-18032	PROTON	right
XMPXAN-RXN	XANTHOSINE-5-PHOSPHATE	left
XMPXAN-RXN	WATER	left
XMPXAN-RXN	XANTHOSINE	right
XMPXAN-RXN	Pi	right
NITRATE-REDUCTASE-NADH-RXN	NITRITE	left
NITRATE-REDUCTASE-NADH-RXN	WATER	left
NITRATE-REDUCTASE-NADH-RXN	NAD	left
NITRATE-REDUCTASE-NADH-RXN	PROTON	right
NITRATE-REDUCTASE-NADH-RXN	NITRATE	right
NITRATE-REDUCTASE-NADH-RXN	NADH	right
3.6.3.50-RXN	General-Protein-Substrates	left
3.6.3.50-RXN	ATP	left
3.6.3.50-RXN	WATER	left
3.6.3.50-RXN	General-Protein-Substrates	right
3.6.3.50-RXN	ADP	right
3.6.3.50-RXN	Pi	right
3.6.3.50-RXN	PROTON	right
RXN-13519	PROTON	left
RXN-13519	PROTON	right
RXN0-5244-yeast	UBIQUINONE-6	left
RXN0-5244-yeast	PROTON	left
RXN0-5244-yeast	E-	left
RXN0-5244-yeast	UBIQUINOL-30	right
RXN-11938	CPD-12914	left
RXN-11938	NAD	left
RXN-11938	CPD-12915	right
RXN-11938	NADH	right
RXN-11938	CARBON-DIOXIDE	right
DGDPKIN-RXN	ATP	left
DGDPKIN-RXN	DGDP	left
DGDPKIN-RXN	ADP	right
DGDPKIN-RXN	DGTP	right
RXN-9805	CPD-10514	left
RXN-9805	OXYGEN-MOLECULE	left
RXN-9805	Red-NADPH-Hemoprotein-Reductases	left
RXN-9805	910-EPOXY-18-HYDROXYSTEARATE	right
RXN-9805	WATER	right
RXN-9805	Ox-NADPH-Hemoprotein-Reductases	right
RXN-8533	CPD-8723	left
RXN-8533	CPD-8724	right
RXN-8533	WATER	right
RXN-10707	CPD-11525	left
RXN-10707	OXYGEN-MOLECULE	left
RXN-10707	CPD-11526	right
RXN-10707	HYDROGEN-PEROXIDE	right
RXN-17871	ACETYL-COA	left
RXN-17871	L-methionyl-L-threonyl-Protein	left
RXN-17871	N-Ac-L-methionyl-L-threonyl-Protein	right
RXN-17871	CO-A	right
RXN-17871	PROTON	right
CYTIKIN-RXN	CYTIDINE	left
CYTIKIN-RXN	ATP	left
CYTIKIN-RXN	CMP	right
CYTIKIN-RXN	ADP	right
CYTIKIN-RXN	PROTON	right
RXN-17061	ISOPENICILLIN-N	left
RXN-17061	WATER	left
RXN-17061	6-AMINOPENICILLANATE	right
RXN-17061	CPD-468	right
ALCOHOL-DEHYDROG-RXN	ETOH	left
ALCOHOL-DEHYDROG-RXN	NAD	left
ALCOHOL-DEHYDROG-RXN	ACETALD	right
ALCOHOL-DEHYDROG-RXN	NADH	right
ALCOHOL-DEHYDROG-RXN	PROTON	right
RXN-2961	S-HYDROXYMETHYLGLUTATHIONE	left
RXN-2961	FORMALDEHYDE	right
RXN-2961	GLUTATHIONE	right
RXN-13161	CPD-11281	left
RXN-13161	OXYGEN-MOLECULE	left
RXN-13161	WATER	left
RXN-13161	GLUTATHIONE	right
RXN-13161	SO3	right
RXN-13161	PROTON	right
RXN-19355	S-ubiquitinyl-UCP-E2-L-cysteine	left
RXN-19355	Protein-L-lysine	left
RXN-19355	Ubiquitin-carrier-protein-E2-L-cysteine	right
RXN-19355	PROTEIN-N-UBIQUITYL-LYSINE	right
RXN-19355	PROTON	right
RXN-3221	CPD-3041	left
RXN-3221	CPD-3061	right
RXN-12202	6-Phosphogluco-Maltodextrins	left
RXN-12202	ATP	left
RXN-12202	WATER	left
RXN-12202	Poly-6-Phosphogluco-Maltodextrins	right
RXN-12202	AMP	right
RXN-12202	Pi	right
RXN-12202	PROTON	right
GLYCOGEN-BRANCH-RXN	1-4-alpha-D-Glucan	left
GLYCOGEN-BRANCH-RXN	Glycogens	right
CINNAMATE-GLUCOSYLTRANSFERASE-RXN	CPD-12575	left
CINNAMATE-GLUCOSYLTRANSFERASE-RXN	CPD-674	left
CINNAMATE-GLUCOSYLTRANSFERASE-RXN	UDP	right
CINNAMATE-GLUCOSYLTRANSFERASE-RXN	TRANS-CINNAMOYL-BETA-D-GLUCOSE	right
RXN-20059	Single-Stranded-DNAs	left
RXN-20059	Deoxy-Ribonucleoside-Triphosphates	left
RXN-20059	ssDNA-DNA-primer-hybrid	right
RXN-20059	PPI	right
HISTAMINOTRANS-RXN	L-HISTIDINOL-P	left
HISTAMINOTRANS-RXN	2-KETOGLUTARATE	left
HISTAMINOTRANS-RXN	IMIDAZOLE-ACETOL-P	right
HISTAMINOTRANS-RXN	GLT	right
TRANS-RXN-220	ATP	left
TRANS-RXN-220	CPD-13949	left
TRANS-RXN-220	WATER	left
TRANS-RXN-220	ADP	right
TRANS-RXN-220	CPD-13949	right
TRANS-RXN-220	Pi	right
TRANS-RXN-220	PROTON	right
GTP-CYCLOHYDRO-II-RXN	WATER	left
GTP-CYCLOHYDRO-II-RXN	GTP	left
GTP-CYCLOHYDRO-II-RXN	PROTON	right
GTP-CYCLOHYDRO-II-RXN	Pi	right
GTP-CYCLOHYDRO-II-RXN	DIAMINO-OH-PHOSPHORIBOSYLAMINO-PYR	right
GTP-CYCLOHYDRO-II-RXN	FORMATE	right
GLUCOKIN-RXN	Glucopyranose	left
GLUCOKIN-RXN	ATP	left
GLUCOKIN-RXN	D-glucopyranose-6-phosphate	right
GLUCOKIN-RXN	ADP	right
GLUCOKIN-RXN	PROTON	right
RXN-14185	DOPAQUINONE	left
RXN-14185	CYS	left
RXN-14185	CPD-15154	right
RXN-18268	CMP-N-ACETYL-NEURAMINATE	left
RXN-18268	Beta-D-Galactosides	left
RXN-18268	ALPHA-N-ACETYLNEURAMINYL-26-BETA-D-GALA	right
RXN-18268	CMP	right
RXN-18268	PROTON	right
RXN-7700	CPD-7035	left
RXN-7700	NAD	left
RXN-7700	PROTON	right
RXN-7700	PHENYLACETALDEHYDE	right
RXN-7700	NADH	right
RXN-8169	CPD-12575	left
RXN-8169	CPD1F-766	left
RXN-8169	CPD-7138	right
RXN-8169	UDP	right
RXN-18232	HSCN	left
RXN-18232	CPD-19512	right
RXN-16378	Delta7-Steroids	left
RXN-16378	OXYGEN-MOLECULE	left
RXN-16378	FERROCYTOCHROME-B5	left
RXN-16378	PROTON	left
RXN-16378	Delta5-Delta7-Steroids	right
RXN-16378	WATER	right
RXN-16378	FERRICYTOCHROME-B5	right
DIMETHUROPORDEHYDROG-RXN	DIHYDROSIROHYDROCHLORIN	left
DIMETHUROPORDEHYDROG-RXN	NAD	left
DIMETHUROPORDEHYDROG-RXN	PROTON	right
DIMETHUROPORDEHYDROG-RXN	SIROHYDROCHLORIN	right
DIMETHUROPORDEHYDROG-RXN	NADH	right
RXN1F-20	ATP	left
RXN1F-20	PROTOPORPHYRIN_IX	left
RXN1F-20	MG+2	left
RXN1F-20	WATER	left
RXN1F-20	PROTON	right
RXN1F-20	MG-PROTOPORPHYRIN	right
RXN1F-20	Pi	right
RXN1F-20	ADP	right
RXN1F-151	CPD1F-126	left
RXN1F-151	CPD1F-129	right
RXN66-548	ETF-Oxidized	left
RXN66-548	E-	left
RXN66-548	PROTON	left
RXN66-548	ETF-Reduced	right
PYRROLINECARBREDUCT-RXN	PRO	left
PYRROLINECARBREDUCT-RXN	NAD-P-OR-NOP	left
PYRROLINECARBREDUCT-RXN	L-DELTA1-PYRROLINE_5-CARBOXYLATE	right
PYRROLINECARBREDUCT-RXN	NADH-P-OR-NOP	right
PYRROLINECARBREDUCT-RXN	PROTON	right
2.3.1.158-RXN	DIACYLGLYCEROL	left
2.3.1.158-RXN	Phospholipids	left
2.3.1.158-RXN	Triacylglycerols	right
2.3.1.158-RXN	Lysophospholipids	right
2TRANSKETO-RXN	ERYTHROSE-4P	left
2TRANSKETO-RXN	XYLULOSE-5-PHOSPHATE	left
2TRANSKETO-RXN	FRUCTOSE-6P	right
2TRANSKETO-RXN	GAP	right
RXN-13202	ATP	left
RXN-13202	HCO3	left
RXN-13202	AMMONIUM	left
RXN-13202	ADP	right
RXN-13202	Pi	right
RXN-13202	CARBAMOYL-P	right
RXN-13202	PROTON	right
1.1.1.170-RXN	CPD-5846	left
1.1.1.170-RXN	NAD-P-OR-NOP	left
1.1.1.170-RXN	4-ALPHA-METHYL-5-ALPHA-CHOLEST-7-EN-3-ON	right
1.1.1.170-RXN	CARBON-DIOXIDE	right
1.1.1.170-RXN	NADH-P-OR-NOP	right
GERANIOL-DEHYDROGENASE-RXN	GERANIOL	left
GERANIOL-DEHYDROGENASE-RXN	NADP	left
GERANIOL-DEHYDROGENASE-RXN	GERANIAL	right
GERANIOL-DEHYDROGENASE-RXN	NADPH	right
GERANIOL-DEHYDROGENASE-RXN	PROTON	right
RXN-12518	cis-5-enoyl-CoA	left
RXN-12518	OXYGEN-MOLECULE	left
RXN-12518	trans-2-cis-5-dienoyl-CoA	right
RXN-12518	HYDROGEN-PEROXIDE	right
RXN-12297	CPD-13229	left
RXN-12297	NADP	left
RXN-12297	CPD-13228	right
RXN-12297	NADPH	right
RXN-12297	PROTON	right
RXN-23720	Yeast-Manan-Fragment-IV	left
RXN-23720	WATER	left
RXN-23720	Yeast-Manan-Fragment-V	right
RXN-23720	Pi	right
RXN-23720	PROTON	right
RXN-21592	CPD-23477	left
RXN-21592	WATER	left
RXN-21592	CPD-23476	right
RXN-21592	Polyketide-ACP-Proteins	right
RXN-21592	PROTON	right
RXN-8677	CPD-18761	left
RXN-8677	CPD-8905	right
RXN-14062	CPD-12728	left
RXN-14062	WATER	left
RXN-14062	CPD-12727	right
RXN-14062	D-Glucopyranuronate	right
RXN-19022	L-GLUTAMATE-5-P	left
RXN-19022	5-OXOPROLINE	right
RXN-19022	Pi	right
RXN-19022	PROTON	right
RXN-8303	CPD-8077	left
RXN-8303	OXYGEN-MOLECULE	left
RXN-8303	Reduced-ferredoxins	left
RXN-8303	PROTON	left
RXN-8303	CPD-8079	right
RXN-8303	WATER	right
RXN-8303	Oxidized-ferredoxins	right
RXN-715	CPD-713	left
RXN-715	OXYGEN-MOLECULE	left
RXN-715	Red-NADPH-Hemoprotein-Reductases	left
RXN-715	CPD-714	right
RXN-715	WATER	right
RXN-715	Ox-NADPH-Hemoprotein-Reductases	right
RXN-1442	CPD-12575	left
RXN-1442	CPD-1861	left
RXN-1442	CPD-1862	right
RXN-1442	UDP	right
ACETATE--COA-LIGASE-RXN	CO-A	left
ACETATE--COA-LIGASE-RXN	ACET	left
ACETATE--COA-LIGASE-RXN	ATP	left
ACETATE--COA-LIGASE-RXN	ACETYL-COA	right
ACETATE--COA-LIGASE-RXN	PPI	right
ACETATE--COA-LIGASE-RXN	AMP	right
RXN-18590	L-THREONATE	left
RXN-18590	NAD	left
RXN-18590	CPD-19882	right
RXN-18590	NADH	right
RXN-18590	PROTON	right
RXN-22911	S-ADENOSYLMETHIONINE	left
RXN-22911	18S-rRNA-N1-methylpseudouridine	left
RXN-22911	5-METHYLTHIOADENOSINE	right
RXN-22911	18S-N1mN3acp-pseudoU	right
RXN-22911	PROTON	right
LACCASE-RXN	Benzenediols	left
LACCASE-RXN	OXYGEN-MOLECULE	left
LACCASE-RXN	Benzosemiquinones	right
LACCASE-RXN	WATER	right
BADEL4OXRED-RXN	3-OXO-DEOXYCHOLYL-COA	left
BADEL4OXRED-RXN	NAD	left
BADEL4OXRED-RXN	3-OXO-DELTA4-DEOXYCHOLYL-COA	right
BADEL4OXRED-RXN	NADH	right
BADEL4OXRED-RXN	PROTON	right
RXN-10696	CPD-11517	left
RXN-10696	OXYGEN-MOLECULE	left
RXN-10696	CPD-11518	right
RXN-10696	HYDROGEN-PEROXIDE	right
RXN-13685	Reduced-adrenal-ferredoxins	left
RXN-13685	NADP	left
RXN-13685	PROTON	left
RXN-13685	Oxidized-adrenal-ferredoxins	right
RXN-13685	NADPH	right
2OXOGLUTDECARB-RXN	2-KETOGLUTARATE	left
2OXOGLUTDECARB-RXN	Oxo-glutarate-dehydrogenase-lipoyl	left
2OXOGLUTDECARB-RXN	PROTON	left
2OXOGLUTDECARB-RXN	Oxo-glutarate-dehydro-suc-DH-lipoyl	right
2OXOGLUTDECARB-RXN	CARBON-DIOXIDE	right
RXN-13268	STEARIC_ACID	left
RXN-13268	ACP	left
RXN-13268	ATP	left
RXN-13268	Stearoyl-ACPs	right
RXN-13268	AMP	right
RXN-13268	PPI	right
RXN-13190	CPD1F-128	left
RXN-13190	OXYGEN-MOLECULE	left
RXN-13190	Red-NADPH-Hemoprotein-Reductases	left
RXN-13190	CPD1F-132	right
RXN-13190	WATER	right
RXN-13190	Ox-NADPH-Hemoprotein-Reductases	right
RXN-13190	PROTON	right
RXN-7978	CPD1F-130	left
RXN-7978	Reduced-ferredoxins	left
RXN-7978	PROTON	left
RXN-7978	OXYGEN-MOLECULE	left
RXN-7978	CPD1F-131	right
RXN-7978	Oxidized-ferredoxins	right
RXN-7978	WATER	right
SERINE--PYRUVATE-AMINOTRANSFERASE-RXN	SER	left
SERINE--PYRUVATE-AMINOTRANSFERASE-RXN	PYRUVATE	left
SERINE--PYRUVATE-AMINOTRANSFERASE-RXN	OH-PYR	right
SERINE--PYRUVATE-AMINOTRANSFERASE-RXN	L-ALPHA-ALANINE	right
TRANSALDOL-RXN	D-SEDOHEPTULOSE-7-P	left
TRANSALDOL-RXN	GAP	left
TRANSALDOL-RXN	FRUCTOSE-6P	right
TRANSALDOL-RXN	ERYTHROSE-4P	right
RXN-11963	FARNESYL-PP	left
RXN-11963	DELTA3-ISOPENTENYL-PP	left
RXN-11963	Di-trans-poly-cis-polyprenyl-PP	right
RXN-11963	PPI	right
RXN-13505	CPD-14498	left
RXN-13505	Red-NADPH-Hemoprotein-Reductases	left
RXN-13505	OXYGEN-MOLECULE	left
RXN-13505	CPD-9459	right
RXN-13505	Ox-NADPH-Hemoprotein-Reductases	right
RXN-13505	WATER	right
RXN-13505	PROTON	right
RXN-18742	NEDD8-Activating-Enzyme-E1-L-cys	left
RXN-18742	NEDD8-C-Terminal-Glycine	left
RXN-18742	ATP	left
RXN-18742	S-NEDD8-yl-NEDD8-E1-L-cysteine	right
RXN-18742	AMP	right
RXN-18742	PPI	right
GLYC3PDEHYDROGBIOSYN-RXN	GLYCEROL-3P	left
GLYC3PDEHYDROGBIOSYN-RXN	NAD-P-OR-NOP	left
GLYC3PDEHYDROGBIOSYN-RXN	DIHYDROXY-ACETONE-PHOSPHATE	right
GLYC3PDEHYDROGBIOSYN-RXN	NADH-P-OR-NOP	right
GLYC3PDEHYDROGBIOSYN-RXN	PROTON	right
--MENTHOL-DEHYDROGENASE-RXN	NADP	left
--MENTHOL-DEHYDROGENASE-RXN	--MENTHOL	left
--MENTHOL-DEHYDROGENASE-RXN	PROTON	right
--MENTHOL-DEHYDROGENASE-RXN	CPD-1909	right
--MENTHOL-DEHYDROGENASE-RXN	NADPH	right
3.1.2.21-RXN	Dodecanoyl-ACPs	left
3.1.2.21-RXN	WATER	left
3.1.2.21-RXN	ACP	right
3.1.2.21-RXN	DODECANOATE	right
3.1.2.21-RXN	PROTON	right
RXNQT-4142	CPDQT-4	left
RXNQT-4142	WATER	left
RXNQT-4142	L-Galactopyranose	right
RXNQT-4142	Pi	right
RXN-5643	S-ADENOSYLMETHIONINE	left
RXN-5643	CPD-5441	left
RXN-5643	PROTON	right
RXN-5643	PHOSPHORYL-CHOLINE	right
RXN-5643	ADENOSYL-HOMO-CYS	right
PORPHOBILSYNTH-RXN	5-AMINO-LEVULINATE	left
PORPHOBILSYNTH-RXN	PROTON	right
PORPHOBILSYNTH-RXN	WATER	right
PORPHOBILSYNTH-RXN	PORPHOBILINOGEN	right
RXN-6601	GLUTATHIONE	left
RXN-6601	Amino-Acids-20	left
RXN-6601	CYS-GLY	right
RXN-6601	5-L-GLUTAMYL-L-AMINO-ACID	right
RXN-13472	CPD-12575	left
RXN-13472	CPD-8097	left
RXN-13472	CPD-14455	right
RXN-13472	UDP	right
RXN-13472	PROTON	right
RXN-9810	CPD-10516	left
RXN-9810	CPD-10517	right
RXN-7676	CHLOROPHYLLIDE-A	left
RXN-7676	OXYGEN-MOLECULE	left
RXN-7676	NADPH	left
RXN-7676	PROTON	left
RXN-7676	CPD-7015	right
RXN-7676	WATER	right
RXN-7676	NADP	right
RXN-1063	OLEOYL-COA	left
RXN-1063	Red-NADPH-Hemoprotein-Reductases	left
RXN-1063	OXYGEN-MOLECULE	left
RXN-1063	CPD-17370	right
RXN-1063	Ox-NADPH-Hemoprotein-Reductases	right
RXN-1063	WATER	right
RXN-7979	CPD1F-131	left
RXN-7979	Reduced-ferredoxins	left
RXN-7979	PROTON	left
RXN-7979	OXYGEN-MOLECULE	left
RXN-7979	CPD1F-133	right
RXN-7979	Oxidized-ferredoxins	right
RXN-7979	WATER	right
RXN-8784	CPD-329	left
RXN-8784	PROTON	right
RXN-8784	ASCORBATE	right
TRANS-RXN-229	L-ORNITHINE	left
TRANS-RXN-229	L-ORNITHINE	right
RXN-8487	TYR	left
RXN-8487	CPD-8651	left
RXN-8487	PROTON	right
RXN-8487	CPD-8670	right
RXN-8487	WATER	right
DIACYLGLYKIN-RXN	ATP	left
DIACYLGLYKIN-RXN	DIACYLGLYCEROL	left
DIACYLGLYKIN-RXN	PROTON	right
DIACYLGLYKIN-RXN	L-PHOSPHATIDATE	right
DIACYLGLYKIN-RXN	ADP	right
RXN-19073	Bmp1-tribromopyrrole-2-carboxylate	left
RXN-19073	WATER	left
RXN-19073	Holo-Bmp1	right
RXN-19073	CPD-20568	right
RXN-19073	PROTON	right
RXN-19243	Adjacent-pyrimidine-dimer-in-DNA	left
RXN-19243	Light	left
RXN-19243	DNA-Adjacent-Pyrimidines	right
OPPSYN-RXN	TRANS-POLYISOPRENYL-PP	left
OPPSYN-RXN	DELTA3-ISOPENTENYL-PP	left
OPPSYN-RXN	TRANS-POLYISOPRENYL-PP	right
OPPSYN-RXN	PPI	right
1.11.1.15-RXN	Red-Thioredoxin	left
1.11.1.15-RXN	Alkyl-Hydro-Peroxides	left
1.11.1.15-RXN	Ox-Thioredoxin	right
1.11.1.15-RXN	WATER	right
1.11.1.15-RXN	Alcohols	right
RXN0-1147	SUC-COA	left
RXN0-1147	Oxo-glutarate-dehydrogenase-DH-lipoyl	left
RXN0-1147	CO-A	right
RXN0-1147	Oxo-glutarate-dehydro-suc-DH-lipoyl	right
3.6.4.2-RXN	Dynein-Microtubles-Complex	left
3.6.4.2-RXN	ATP	left
3.6.4.2-RXN	WATER	left
3.6.4.2-RXN	Dynein-Microtubles-Complex	right
3.6.4.2-RXN	ADP	right
3.6.4.2-RXN	Pi	right
3.6.4.2-RXN	PROTON	right
RXN66-3	ACETALD	left
RXN66-3	WATER	left
RXN66-3	NAD	left
RXN66-3	ACET	right
RXN66-3	NADH	right
RXN66-3	PROTON	right
NITRITE-REDUCTASE-CYTOCHROME-RXN	NITRIC-OXIDE	left
NITRITE-REDUCTASE-CYTOCHROME-RXN	WATER	left
NITRITE-REDUCTASE-CYTOCHROME-RXN	Cytochromes-C-Oxidized	left
NITRITE-REDUCTASE-CYTOCHROME-RXN	NITRITE	right
NITRITE-REDUCTASE-CYTOCHROME-RXN	Cytochromes-C-Reduced	right
NITRITE-REDUCTASE-CYTOCHROME-RXN	PROTON	right
RXN-716	CPD-714	left
RXN-716	OXYGEN-MOLECULE	left
RXN-716	Red-NADPH-Hemoprotein-Reductases	left
RXN-716	CPD-716	right
RXN-716	WATER	right
RXN-716	Ox-NADPH-Hemoprotein-Reductases	right
RXN-8318	CPD-8086	left
RXN-8318	OXYGEN-MOLECULE	left
RXN-8318	Reduced-ferredoxins	left
RXN-8318	PROTON	left
RXN-8318	CPD-2185	right
RXN-8318	WATER	right
RXN-8318	Oxidized-ferredoxins	right
RXN-12963	P-COUMAROYL-COA	left
RXN-12963	2-KETOGLUTARATE	left
RXN-12963	OXYGEN-MOLECULE	left
RXN-12963	CPD-14010	right
RXN-12963	SUC	right
RXN-12963	CARBON-DIOXIDE	right
RXN-20687	Red-Glutaredoxins	left
RXN-20687	Alkyl-Hydro-Peroxides	left
RXN-20687	Ox-Glutaredoxins	right
RXN-20687	WATER	right
RXN-20687	Alcohols	right
RXN-8905	CPD-9298	left
RXN-8905	OXYGEN-MOLECULE	left
RXN-8905	NADPH	left
RXN-8905	PROTON	left
RXN-8905	CPD-9269	right
RXN-8905	WATER	right
RXN-8905	NADP	right
RXN-10454	CPD-11232	left
RXN-10454	CPD-11259	right
RXNQT-4334	CPDQT-281	left
RXNQT-4334	OXYGEN-MOLECULE	left
RXNQT-4334	NADPH	left
RXNQT-4334	PROTON	left
RXNQT-4334	CPDQT-280	right
RXNQT-4334	WATER	right
RXNQT-4334	NADP	right
RXN-8094	CPD-7620	left
RXN-8094	OXYGEN-MOLECULE	left
RXN-8094	WATER	left
RXN-8094	PROTON	right
RXN-8094	CPD-7619	right
RXN-8094	HYDROGEN-PEROXIDE	right
BIS5-ADENOSYL-TRIPHOSPHATASE-RXN	ADENOSINE5TRIPHOSPHO5ADENOSINE	left
BIS5-ADENOSYL-TRIPHOSPHATASE-RXN	WATER	left
BIS5-ADENOSYL-TRIPHOSPHATASE-RXN	PROTON	right
BIS5-ADENOSYL-TRIPHOSPHATASE-RXN	AMP	right
BIS5-ADENOSYL-TRIPHOSPHATASE-RXN	ADP	right
RXN-7904	Long-Chain-Fatty-Acids	left
RXN-7904	CO-A	left
RXN-7904	ATP	left
RXN-7904	Long-Chain-Acyl-CoAs	right
RXN-7904	PPI	right
RXN-7904	AMP	right
RXN-19659	CARBAMATE	left
RXN-19659	WATER	left
RXN-19659	PROTON	left
RXN-19659	AMMONIUM	right
RXN-19659	HCO3	right
RXN-12862	L-DEHYDRO-ASCORBATE	left
RXN-12862	WATER	left
RXN-12862	PROTON	left
RXN-12862	CPD-13907	right
3.1.3.46-RXN	WATER	left
3.1.3.46-RXN	CPD-535	left
3.1.3.46-RXN	Pi	right
3.1.3.46-RXN	FRUCTOSE-6P	right
RXN-2543	GAMA-TOCOPHEROL	left
RXN-2543	DMPBQ	right
RXN-21166	CPD-22765	left
RXN-21166	OXYGEN-MOLECULE	left
RXN-21166	Red-NADPH-Hemoprotein-Reductases	left
RXN-21166	CPD-22766	right
RXN-21166	WATER	right
RXN-21166	Ox-NADPH-Hemoprotein-Reductases	right
RXN-5642	S-ADENOSYLMETHIONINE	left
RXN-5642	CPD-406	left
RXN-5642	PROTON	right
RXN-5642	CPD-5441	right
RXN-5642	ADENOSYL-HOMO-CYS	right
RXN-4542	CPD-4443	left
RXN-4542	WATER	left
RXN-4542	CPD-4442	right
RXN-4542	Pi	right
RXN-777	CPD-720	left
RXN-777	OXYGEN-MOLECULE	left
RXN-777	Red-NADPH-Hemoprotein-Reductases	left
RXN-777	CPD-723	right
RXN-777	WATER	right
RXN-777	Ox-NADPH-Hemoprotein-Reductases	right
THIOL-S-METHYLTRANSFERASE-RXN	S-ADENOSYLMETHIONINE	left
THIOL-S-METHYLTRANSFERASE-RXN	Thiols	left
THIOL-S-METHYLTRANSFERASE-RXN	ADENOSYL-HOMO-CYS	right
THIOL-S-METHYLTRANSFERASE-RXN	Methyl-thioethers	right
THIOL-S-METHYLTRANSFERASE-RXN	PROTON	right
RXN-8308	CPD-8076	left
RXN-8308	OXYGEN-MOLECULE	left
RXN-8308	Reduced-ferredoxins	left
RXN-8308	PROTON	left
RXN-8308	CPD-8078	right
RXN-8308	WATER	right
RXN-8308	Oxidized-ferredoxins	right
RXN0-5114	3-P-SERINE	left
RXN0-5114	WATER	left
RXN0-5114	SER	right
RXN0-5114	Pi	right
RXN3O-1380	CPD-13612	left
RXN3O-1380	OXYGEN-MOLECULE	left
RXN3O-1380	FERROCYTOCHROME-B5	left
RXN3O-1380	PROTON	left
RXN3O-1380	PHYTOSPINGOSINE	right
RXN3O-1380	WATER	right
RXN3O-1380	FERRICYTOCHROME-B5	right
OMEGA-AMIDASE-RXN	DICARBOXYLIC-ACID-MONOAMIDES	left
OMEGA-AMIDASE-RXN	WATER	left
OMEGA-AMIDASE-RXN	dicarboxylate	right
OMEGA-AMIDASE-RXN	AMMONIUM	right
GLUCOSAMINE-N-ACETYLTRANSFERASE-RXN	ACETYL-COA	left
GLUCOSAMINE-N-ACETYLTRANSFERASE-RXN	GLUCOSAMINE	left
GLUCOSAMINE-N-ACETYLTRANSFERASE-RXN	N-acetyl-D-glucosamine	right
GLUCOSAMINE-N-ACETYLTRANSFERASE-RXN	CO-A	right
GLUCOSAMINE-N-ACETYLTRANSFERASE-RXN	PROTON	right
RXN-775	CPD-715	left
RXN-775	OXYGEN-MOLECULE	left
RXN-775	Red-NADPH-Hemoprotein-Reductases	left
RXN-775	CPD-717	right
RXN-775	WATER	right
RXN-775	Ox-NADPH-Hemoprotein-Reductases	right
RXN-15353	CPD-16559	left
RXN-15353	CPD-15283	left
RXN-15353	CPD-16560	right
RXN-15353	4-hydroxybenzoate	right
RXN-15353	PROTON	right
4.2.2.3-RXN	ALGINATE	left
4.2.2.3-RXN	CPD-17708	right
ACSERLY-RXN	ACETYLSERINE	left
ACSERLY-RXN	HS	left
ACSERLY-RXN	CYS	right
ACSERLY-RXN	ACET	right
ACSERLY-RXN	PROTON	right
RXN-20352	ACYL-COA	left
RXN-20352	SPHINGOSINE	left
RXN-20352	N-Acylsphingosine	right
RXN-20352	CO-A	right
RXN-20352	PROTON	right
3-OXOACYL-ACP-SYNTH-RXN	Saturated-Fatty-Acyl-ACPs	left
3-OXOACYL-ACP-SYNTH-RXN	MALONYL-ACP	left
3-OXOACYL-ACP-SYNTH-RXN	PROTON	left
3-OXOACYL-ACP-SYNTH-RXN	B-KETOACYL-ACP	right
3-OXOACYL-ACP-SYNTH-RXN	CARBON-DIOXIDE	right
3-OXOACYL-ACP-SYNTH-RXN	ACP	right
2.4.1.114-RXN	CPD-12575	left
2.4.1.114-RXN	2-COUMARATE	left
2.4.1.114-RXN	PROTON	right
2.4.1.114-RXN	CPD-459	right
2.4.1.114-RXN	UDP	right
3.5.5.1-RXN	Nitriles	left
3.5.5.1-RXN	WATER	left
3.5.5.1-RXN	Carboxylates	right
3.5.5.1-RXN	AMMONIUM	right
RXN-16910	CPD-18238	left
RXN-16910	AMMONIUM	left
RXN-16910	CARBAMATE	right
RXN-16910	Pi	right
RXN-16910	PROTON	right
RXN-10706	CPD-11521	left
RXN-10706	OXYGEN-MOLECULE	left
RXN-10706	CPD-11522	right
RXN-10706	HYDROGEN-PEROXIDE	right
RXN-22827	C29-Steroids	left
RXN-22827	OXYGEN-MOLECULE	left
RXN-22827	Red-NADPH-Hemoprotein-Reductases	left
RXN-22827	C29-22S-hydroxysteroid	right
RXN-22827	WATER	right
RXN-22827	Ox-NADPH-Hemoprotein-Reductases	right
RXN-1064	A-LIPID-HYDROPEROXIDE	left
RXN-1064	18-HYDROXYOLEATE	left
RXN-1064	910-EPOXY-18-HYDROXYSTEARATE	right
RXN-1064	Lipid-hydroxy-fatty-acids	right
RXN-11881	CPD-12852	left
RXN-11881	OXYGEN-MOLECULE	left
RXN-11881	Red-NADPH-Hemoprotein-Reductases	left
RXN-11881	CPD-12853	right
RXN-11881	FORMATE	right
RXN-11881	WATER	right
RXN-11881	Ox-NADPH-Hemoprotein-Reductases	right
RXN-11881	PROTON	right
RXN-14374	Alpha-6-alpha-14-glucans	left
RXN-14374	CPD-7043	right
RXN-18918	Man6GlcNAc2-protein-A123	left
RXN-18918	WATER	left
RXN-18918	Mannosyl5-N-Glycans	right
RXN-18918	CPD-12601	right
PNKIN-RXN	ATP	left
PNKIN-RXN	PYRIDOXINE	left
PNKIN-RXN	PROTON	right
PNKIN-RXN	ADP	right
PNKIN-RXN	PYRIDOXINE-5P	right
RXN-22318	METHYLARSONITE	left
RXN-22318	CPD-24334	right
RXN-22318	PROTON	right
TRANS-CINNAMATE-4-MONOOXYGENASE-RXN	CPD-674	left
TRANS-CINNAMATE-4-MONOOXYGENASE-RXN	OXYGEN-MOLECULE	left
TRANS-CINNAMATE-4-MONOOXYGENASE-RXN	Red-NADPH-Hemoprotein-Reductases	left
TRANS-CINNAMATE-4-MONOOXYGENASE-RXN	COUMARATE	right
TRANS-CINNAMATE-4-MONOOXYGENASE-RXN	WATER	right
TRANS-CINNAMATE-4-MONOOXYGENASE-RXN	Ox-NADPH-Hemoprotein-Reductases	right
RXN-21016	a-YedK-protein-L-cysteine	left
RXN-21016	A-SSDNA-WITH-RING-OPENED-AP-SITE	left
RXN-21016	a-single-stranded-DNA-YedK-thiazolidine-	right
RXN-21016	WATER	right
RXN-7601	S-ADENOSYLMETHIONINE	left
RXN-7601	1-7-DIMETHYLXANTHINE	left
RXN-7601	PROTON	right
RXN-7601	1-3-7-TRIMETHYLXANTHINE	right
RXN-7601	ADENOSYL-HOMO-CYS	right
RXN-5468	CPD-171	left
RXN-5468	CPD-5166	left
RXN-5468	CPD-5167	right
RXN-5468	DOLICHOLP	right
RXN-5468	PROTON	right
RXN-22735	ATP	left
RXN-22735	HCO3	left
RXN-22735	AMMONIA	left
RXN-22735	ADP	right
RXN-22735	Pi	right
RXN-22735	CARBAMOYL-P	right
RXN-22735	PROTON	right
GALLATE-1-BETA-GLUCOSYLTRANSFERASE-RXN	CPD-12575	left
GALLATE-1-BETA-GLUCOSYLTRANSFERASE-RXN	CPD-183	left
GALLATE-1-BETA-GLUCOSYLTRANSFERASE-RXN	1-O-GALLOYL-BETA-D-GLUCOSE	right
GALLATE-1-BETA-GLUCOSYLTRANSFERASE-RXN	UDP	right
RXN0-308	CYS	left
RXN0-308	Cysteine-Desulfurase-L-cysteine	left
RXN0-308	L-ALPHA-ALANINE	right
RXN0-308	L-Cysteine-Desulfurase-persulfide	right
2.4.1.43-RXN	1-4-alpha-D-galacturonosyl	left
2.4.1.43-RXN	UDP-D-GALACTURONATE	left
2.4.1.43-RXN	1-4-alpha-D-galacturonosyl	right
2.4.1.43-RXN	UDP	right
R83-RXN	2-HYDROXY-3-KETO-5-METHYLTHIO-1-PHOSPHOP	left
R83-RXN	WATER	left
R83-RXN	CPD-85	right
R83-RXN	Pi	right
RXN-16314	S-ubiquitinyl-UAP-E1-L-cysteine	left
RXN-16314	E3-independent-Ubiquitin-E2-L-cysteine	left
RXN-16314	Ubiquitin-activating-protein-E1-L-cys	right
RXN-16314	S-ubiquitinyl-E3-independent-E2-Cys	right
RXN-4726	CPD-12575	left
RXN-4726	CPD-332	left
RXN-4726	PROTON	right
RXN-4726	CPD-4617	right
RXN-4726	UDP	right
RXN-11029	CPD-11997	left
RXN-11029	UDP-N-ACETYL-D-GLUCOSAMINE	left
RXN-11029	PROTON	right
RXN-11029	CPD-11998	right
RXN-11029	UDP	right
GSAAMINOTRANS-RXN	GLUTAMATE-1-SEMIALDEHYDE	left
GSAAMINOTRANS-RXN	5-AMINO-LEVULINATE	right
1.1.1.285-RXN	CPD-7227	left
1.1.1.285-RXN	NAD-P-OR-NOP	left
1.1.1.285-RXN	CPD-7228	right
1.1.1.285-RXN	NADH-P-OR-NOP	right
1.1.1.285-RXN	PROTON	right
RXN-16635	D-Galactosyl-12-diacyl-glycerols	left
RXN-16635	CPD-10364	left
RXN-16635	Tetragalactosyldiacylglycerol	right
RXN-16635	DIACYLGLYCEROL	right
RXN-22762	CPD-25213	left
RXN-22762	PROTON	left
RXN-22762	TROPINONE	right
RXN-22762	CARBON-DIOXIDE	right
RXN-10453	PAPS	left
RXN-10453	11-Hydroxyjasmonates	left
RXN-10453	3-5-ADP	right
RXN-10453	CPD-11256	right
RXN-10453	PROTON	right
RXN-18179	PAPS	left
RXN-18179	Aliphatic-desulfoglucosinolates	left
RXN-18179	3-5-ADP	right
RXN-18179	Aliphatic-glucosinolates	right
RXN-18179	PROTON	right
RXN-18895	CPD-15154	left
RXN-18895	DOPAQUINONE	left
RXN-18895	CPD-20262	right
RXN-18895	L-DIHYDROXY-PHENYLALANINE	right
3.5.1.29-RXN	CPD-21225	left
3.5.1.29-RXN	WATER	left
3.5.1.29-RXN	PROTON	left
3.5.1.29-RXN	SUCC-S-ALD	right
3.5.1.29-RXN	ACET	right
3.5.1.29-RXN	CARBON-DIOXIDE	right
3.5.1.29-RXN	AMMONIUM	right
RXN0-5183	MALTOTRIOSE	left
RXN0-5183	WATER	left
RXN0-5183	MALTOSE	right
RXN0-5183	Glucopyranose	right
RXN-16430	ILE	left
RXN-16430	CPD-17659	right
RXN-13510	CPD1F-132	left
RXN-13510	Red-NADPH-Hemoprotein-Reductases	left
RXN-13510	OXYGEN-MOLECULE	left
RXN-13510	CPD-14501	right
RXN-13510	Ox-NADPH-Hemoprotein-Reductases	right
RXN-13510	WATER	right
RXN-14343	CPD-15227	left
RXN-14343	CPD-15228	right
RXN-14343	Glucopyranose	right
TRANS-RXN4LZ-6860	NITRATE	left
TRANS-RXN4LZ-6860	NITRATE	right
RXN-22698	CYS	left
RXN-22698	MOCS3-Cysteine	left
RXN-22698	L-ALPHA-ALANINE	right
RXN-22698	MOCS3-Cysteine-Persulfide	right
RXN-11371	S-ADENOSYLMETHIONINE	left
RXN-11371	eEF-2-Histidines	left
RXN-11371	2-3-CARBOXY-3-AMINOPROPYL-L-HISTIDINE	right
RXN-11371	5-METHYLTHIOADENOSINE	right
RXN-11371	PROTON	right
RXN-18701	Carboxyadenylated-URM1	left
RXN-18701	MOCS3-S-sulfanylcysteine	left
RXN-18701	Donor-H2	left
RXN-18701	Thiocarboxylated-URM1	right
RXN-18701	MOCS3-L-cysteine	right
RXN-18701	AMP	right
RXN-18701	Acceptor	right
RXN-18701	PROTON	right
RXN-4317	CPD-4209	left
RXN-4317	WATER	left
RXN-4317	Acceptor	left
RXN-4317	CPD-4210	right
RXN-4317	Donor-H2	right
GALACTURIDYLYLTRANS-RXN	CPD-12575	left
GALACTURIDYLYLTRANS-RXN	GALACTOSE-1P	left
GALACTURIDYLYLTRANS-RXN	CPD-14553	right
GALACTURIDYLYLTRANS-RXN	GLC-1-P	right
BADEL6OXRED-RXN	3-OXO-DELTA4-DEOXYCHOLYL-COA	left
BADEL6OXRED-RXN	NAD	left
BADEL6OXRED-RXN	3-OXO-DELTA46-CHOLYL-COA	right
BADEL6OXRED-RXN	NADH	right
BADEL6OXRED-RXN	PROTON	right
1.14.13.104-RXN	CPD-4942	left
1.14.13.104-RXN	Red-NADPH-Hemoprotein-Reductases	left
1.14.13.104-RXN	OXYGEN-MOLECULE	left
1.14.13.104-RXN	CPD-4981	right
1.14.13.104-RXN	Ox-NADPH-Hemoprotein-Reductases	right
1.14.13.104-RXN	WATER	right
RXN-9235	S-ADENOSYLMETHIONINE	left
RXN-9235	CPD-9869	left
RXN-9235	PROTON	right
RXN-9235	CPD-9871	right
RXN-9235	ADENOSYL-HOMO-CYS	right
D-XYLOSE-1-DEHYDROGENASE-NADP+-RXN	D-Xylopyranose	left
D-XYLOSE-1-DEHYDROGENASE-NADP+-RXN	NADP	left
D-XYLOSE-1-DEHYDROGENASE-NADP+-RXN	CPD-360	right
D-XYLOSE-1-DEHYDROGENASE-NADP+-RXN	NADPH	right
D-XYLOSE-1-DEHYDROGENASE-NADP+-RXN	PROTON	right
RXN-9230	CPD-9610	left
RXN-9230	4-hydroxybenzoate	left
RXN-9230	CPD-9864	right
RXN-9230	PPI	right
RXN-10244	CPD-10900	left
RXN-10244	PAPS	left
RXN-10244	PROTON	right
RXN-10244	3-5-ADP	right
RXN-10244	CPD-11018	right
RXN-15531	CPD-9410	left
RXN-15531	Red-NADPH-Hemoprotein-Reductases	left
RXN-15531	OXYGEN-MOLECULE	left
RXN-15531	CPD-16766	right
RXN-15531	Ox-NADPH-Hemoprotein-Reductases	right
RXN-15531	WATER	right
RXN-15297	CPD-16501	left
RXN-15297	ATP	left
RXN-15297	CPD-16502	right
RXN-15297	ADP	right
RXN-15297	PROTON	right
RXN-7902	Fatty-acyl-ACPs	left
RXN-7902	WATER	left
RXN-7902	Fatty-Acids	right
RXN-7902	ACP	right
RXN-7902	PROTON	right
RXN-24913	2-Methoxy-6-polyprenyl-phenols	left
RXN-24913	OXYGEN-MOLECULE	left
RXN-24913	Reduced-ferredoxins	left
RXN-24913	PROTON	left
RXN-24913	2-Methoxy-6-Polyprenyl-14-Benzoquinols	right
RXN-24913	WATER	right
RXN-24913	Oxidized-ferredoxins	right
RXN-4310	CPD-4202	left
RXN-4310	WATER	left
RXN-4310	CPD-4204	right
RXN-4310	Pi	right
RXN-4310	PROTON	right
RXN-14026	CMP	left
RXN-14026	WATER	left
RXN-14026	CYTIDINE	right
RXN-14026	Pi	right
RXN-3765	CPD-3628	left
RXN-3765	Red-NADPH-Hemoprotein-Reductases	left
RXN-3765	OXYGEN-MOLECULE	left
RXN-3765	CPD-3629	right
RXN-3765	Ox-NADPH-Hemoprotein-Reductases	right
RXN-3765	WATER	right
RXN-7021	CPD-12575	left
RXN-7021	CPD-6365	left
RXN-7021	CPD-13811	right
RXN-7021	UDP	right
RXN-20652	S-ADENOSYLMETHIONINE	left
RXN-20652	Histone-H3-K36	left
RXN-20652	ADENOSYL-HOMO-CYS	right
RXN-20652	Histone-H3-K36m2	right
RXN-20652	PROTON	right
RXN-20042	CPD-21441	left
RXN-20042	OXYGEN-MOLECULE	left
RXN-20042	CPD-21650	right
RXN-20042	HYDROGEN-PEROXIDE	right
RXN-9825	S-ADENOSYLMETHIONINE	left
RXN-9825	INDOLE_ACETATE_AUXIN	left
RXN-9825	CPD-10546	right
RXN-9825	ADENOSYL-HOMO-CYS	right
RXN-10774	CPD0-1137	left
RXN-10774	WATER	left
RXN-10774	CPD-607	right
RXN-10774	AMP	right
RXN-10774	PROTON	right
TYRAMINE-N-FERULOYLTRANSFERASE-RXN	FERULOYL-COA	left
TYRAMINE-N-FERULOYLTRANSFERASE-RXN	TYRAMINE	left
TYRAMINE-N-FERULOYLTRANSFERASE-RXN	PROTON	right
TYRAMINE-N-FERULOYLTRANSFERASE-RXN	CPD-440	right
TYRAMINE-N-FERULOYLTRANSFERASE-RXN	CO-A	right
RXN-14932	R-2-HYDROXYGLUTARATE	left
RXN-14932	Acceptor	left
RXN-14932	2-KETOGLUTARATE	right
RXN-14932	Donor-H2	right
RXN-12610	CPD-13576	left
RXN-12610	AMINO-HYDROXYMETHYL-METHYLPYRIMIDINE-PP	left
RXN-12610	PROTON	left
RXN-12610	THIAMINE-P	right
RXN-12610	CARBON-DIOXIDE	right
RXN-12610	PPI	right
RXN-10841	CPD-13524	left
RXN-10841	NADP	left
RXN-10841	RETINAL	right
RXN-10841	NADPH	right
RXN-10841	PROTON	right
RXN-14917	S-ADENOSYLMETHIONINE	left
RXN-14917	CPD-11712	left
RXN-14917	ADENOSYL-HOMO-CYS	right
RXN-14917	CPD-15834	right
RXN-14917	PROTON	right
RXN-18958	CPD-20421	left
RXN-18958	CPD-7850	right
RXN-18958	WATER	right
RXN-8228	CPD-12575	left
RXN-8228	CPD-7117	left
RXN-8228	CPD-7139	right
RXN-8228	UDP	right
RXNQT-4333	PAPS	left
RXNQT-4333	CPDQT-419	left
RXNQT-4333	3-5-ADP	right
RXNQT-4333	PROTON	right
RXNQT-4333	CPDQT-300	right
RXN-9490	CPD-10172	left
RXN-9490	NADP	left
RXN-9490	CPD-10170	right
RXN-9490	NADPH	right
3.2.1.154-RXN	Levan	left
3.2.1.154-RXN	WATER	left
3.2.1.154-RXN	Fructofuranose	right
3.2.1.154-RXN	Levan	right
2.1.1.129-RXN	S-ADENOSYLMETHIONINE	left
2.1.1.129-RXN	MYO-INOSITOL	left
2.1.1.129-RXN	PROTON	right
2.1.1.129-RXN	ADENOSYL-HOMO-CYS	right
2.1.1.129-RXN	4-METHYL-MYO-INOSITOL	right
RXN-22758	CPD-25212	left
RXN-22758	CPD-25213	right
RXN-22758	WATER	right
3.2.1.37-RXN	1-4-D-xylooligosaccharides	left
3.2.1.37-RXN	WATER	left
3.2.1.37-RXN	BETA-D-XYLOSE	right
RXN-9532	R-3-hydroxydodecanoyl-ACPs	left
RXN-9532	NADP	left
RXN-9532	3-oxo-dodecanoyl-ACPs	right
RXN-9532	NADPH	right
RXN-9532	PROTON	right
2.1.1.138-RXN	DIMETHYLARSINOUS-ACID	left
2.1.1.138-RXN	OXYGEN-MOLECULE	left
2.1.1.138-RXN	DIMETHYLARSINATE	right
2.1.1.138-RXN	PROTON	right
RXN-22286	CPD-846	left
RXN-22286	PROTON	left
RXN-22286	HS	right
RXN-9372	CPD-12575	left
RXN-9372	CPD-9980	left
RXN-9372	PROTON	right
RXN-9372	CPD-9981	right
RXN-9372	UDP	right
2.3.1.75-RXN	Long-Chain-Acyl-CoAs	left
2.3.1.75-RXN	Long-chain-alcohols	left
2.3.1.75-RXN	CO-A	right
2.3.1.75-RXN	LC-alcohol-LC-acyl-ester	right
OHBUTYRYL-COA-EPIM-RXN	D-3-HYDROXYACYL-COA	left
OHBUTYRYL-COA-EPIM-RXN	L-3-HYDROXYACYL-COA	right
ADENOSINE-KINASE-RXN	ADENOSINE	left
ADENOSINE-KINASE-RXN	ATP	left
ADENOSINE-KINASE-RXN	PROTON	right
ADENOSINE-KINASE-RXN	AMP	right
ADENOSINE-KINASE-RXN	ADP	right
UDP-GLUCURONOSYLTRANSFERASE-RXN	UDP-GLUCURONATE	left
UDP-GLUCURONOSYLTRANSFERASE-RXN	Non-Glucur-Glucuronoside-Acceptors	left
UDP-GLUCURONOSYLTRANSFERASE-RXN	Glucuronosylated-Glucuronoside-Acceptors	right
UDP-GLUCURONOSYLTRANSFERASE-RXN	UDP	right
UDP-GLUCURONOSYLTRANSFERASE-RXN	PROTON	right
RXN-9819	INDOLE	left
RXN-9819	OXYGEN-MOLECULE	left
RXN-9819	NADH	left
RXN-9819	PROTON	left
RXN-9819	CPD-10523	right
RXN-9819	NAD	right
RIBOSYLPYRIMIDINE-NUCLEOSIDASE-RXN	Pyrimidine-Nucleosides	left
RIBOSYLPYRIMIDINE-NUCLEOSIDASE-RXN	WATER	left
RIBOSYLPYRIMIDINE-NUCLEOSIDASE-RXN	PROTON	left
RIBOSYLPYRIMIDINE-NUCLEOSIDASE-RXN	Pyrimidine-Bases	right
RIBOSYLPYRIMIDINE-NUCLEOSIDASE-RXN	D-Ribofuranose	right
RXN-11377	Sphingoid-1-phosphates	left
RXN-11377	PHOSPHORYL-ETHANOLAMINE	right
RXN-11377	Aldehydes	right
RXN-23918	CPD-20105	left
RXN-23918	GLN-tRNAs	left
RXN-23918	L-glutamyl-tRNAGln	right
RXN-23918	AMP	right
RXN-23918	PROTON	right
RXN-15451	PLASTOQUINONE	left
RXN-15451	E-	left
RXN-15451	PROTON	left
RXN-15451	Plastoquinols	right
RXN-15451	PROTON	right
DCDPKIN-RXN	ATP	left
DCDPKIN-RXN	DCDP	left
DCDPKIN-RXN	ADP	right
DCDPKIN-RXN	DCTP	right
RXN-8082	CPD-6948	left
RXN-8082	Red-NADPH-Hemoprotein-Reductases	left
RXN-8082	OXYGEN-MOLECULE	left
RXN-8082	CPD-7608	right
RXN-8082	Ox-NADPH-Hemoprotein-Reductases	right
RXN-8082	WATER	right
TRANS-RXN-456	S-METHYL-L-CYSTEINE	left
TRANS-RXN-456	ATP	left
TRANS-RXN-456	WATER	left
TRANS-RXN-456	S-METHYL-L-CYSTEINE	right
TRANS-RXN-456	ADP	right
TRANS-RXN-456	Pi	right
TRANS-RXN-456	PROTON	right
DETHIOBIOTIN-SYN-RXN	DIAMINONONANOATE	left
DETHIOBIOTIN-SYN-RXN	CARBON-DIOXIDE	left
DETHIOBIOTIN-SYN-RXN	ATP	left
DETHIOBIOTIN-SYN-RXN	DETHIOBIOTIN	right
DETHIOBIOTIN-SYN-RXN	Pi	right
DETHIOBIOTIN-SYN-RXN	ADP	right
DETHIOBIOTIN-SYN-RXN	PROTON	right
RXN-11355	CPD-12321	left
RXN-11355	PLASTOQUINONE	left
RXN-11355	CPD-7535	right
RXN-11355	Plastoquinols	right
RXN-20761	General-Protein-Substrates	left
RXN-20761	WATER	left
RXN-20761	ATP	left
RXN-20761	General-Protein-Substrates	right
RXN-20761	Pi	right
RXN-20761	ADP	right
RXN-20761	PROTON	right
SAICARSYN-RXN	ATP	left
SAICARSYN-RXN	PHOSPHORIBOSYL-CARBOXY-AMINOIMIDAZOLE	left
SAICARSYN-RXN	L-ASPARTATE	left
SAICARSYN-RXN	PROTON	right
SAICARSYN-RXN	ADP	right
SAICARSYN-RXN	Pi	right
SAICARSYN-RXN	P-RIBOSYL-4-SUCCCARB-AMINOIMIDAZOLE	right
XYLISOM-RXN	CPD-25028	left
XYLISOM-RXN	CPD-24961	right
AMP-DEAMINASE-RXN	AMP	left
AMP-DEAMINASE-RXN	WATER	left
AMP-DEAMINASE-RXN	PROTON	left
AMP-DEAMINASE-RXN	IMP	right
AMP-DEAMINASE-RXN	AMMONIUM	right
RXN-12136	Vernolates	left
RXN-12136	Red-NADPH-Hemoprotein-Reductases	left
RXN-12136	OXYGEN-MOLECULE	left
RXN-12136	CPD-13088	right
RXN-12136	Ox-NADPH-Hemoprotein-Reductases	right
RXN-12136	WATER	right
RXN-9537	R-3-hydroxymyristoyl-ACPs	left
RXN-9537	Tetradec-2-enoyl-ACPs	right
RXN-9537	WATER	right
3.5.5.4-RXN	PROTON	left
3.5.5.4-RXN	WATER	left
3.5.5.4-RXN	CPD-603	left
3.5.5.4-RXN	AMMONIUM	right
3.5.5.4-RXN	L-ASPARTATE	right
RXN-12173	Rhamnogalacturonans-I	left
RXN-12173	WATER	left
RXN-12173	Rhamnogalacturonan-L-Rhamnose	right
RXN-12173	Delta-GalA-rhamnogalacturonan	right
LYSDECARBOX-RXN	LYS	left
LYSDECARBOX-RXN	PROTON	left
LYSDECARBOX-RXN	CADAVERINE	right
LYSDECARBOX-RXN	CARBON-DIOXIDE	right
RXN-2162	CPD-1863	left
RXN-2162	OXYGEN-MOLECULE	left
RXN-2162	Red-NADPH-Hemoprotein-Reductases	left
RXN-2162	4-HYDROXY-3-INDOLYLMETHYL-GLUCOSINOLATE	right
RXN-2162	Ox-NADPH-Hemoprotein-Reductases	right
RXN-2162	WATER	right
RXN-1126	CPD-676	left
RXN-1126	CO-A	left
RXN-1126	ATP	left
RXN-1126	CAFFEOYL-COA	right
RXN-1126	AMP	right
RXN-1126	PPI	right
RXN-779	CPD-724	left
RXN-779	Red-NADPH-Hemoprotein-Reductases	left
RXN-779	OXYGEN-MOLECULE	left
RXN-779	CPD-634	right
RXN-779	Ox-NADPH-Hemoprotein-Reductases	right
RXN-779	WATER	right
ALKAPHOSPHA-RXN	Orthophosphoric-Monoesters	left
ALKAPHOSPHA-RXN	WATER	left
ALKAPHOSPHA-RXN	Alcohols	right
ALKAPHOSPHA-RXN	Pi	right
RXN-20095	CPD-5846	left
RXN-20095	NAD-P-OR-NOP	left
RXN-20095	CPD-21719	right
RXN-20095	CARBON-DIOXIDE	right
RXN-20095	NADH-P-OR-NOP	right
RXN-17380	CPD-18789	left
RXN-17380	WATER	left
RXN-17380	CPD-9669	right
RXN-17380	Pi	right
TRANS-PENTAPRENYLTRANSFERASE-RXN	FARNESYL-PP	left
TRANS-PENTAPRENYLTRANSFERASE-RXN	DELTA3-ISOPENTENYL-PP	left
TRANS-PENTAPRENYLTRANSFERASE-RXN	ALL-TRANS-HEXAPRENYL-DIPHOSPHATE	right
TRANS-PENTAPRENYLTRANSFERASE-RXN	PPI	right
RXN-14436	CPD-7138	left
RXN-14436	WATER	left
RXN-14436	CPD1F-766	right
RXN-14436	Glucopyranose	right
RXN-14436	PROTON	right
RXN-8352	CPD-8134	left
RXN-8352	Red-NADPH-Hemoprotein-Reductases	left
RXN-8352	OXYGEN-MOLECULE	left
RXN-8352	CPD-4161	right
RXN-8352	Ox-NADPH-Hemoprotein-Reductases	right
RXN-8352	WATER	right
RXN-16398	PALMITATE	left
RXN-16398	OXYGEN-MOLECULE	left
RXN-16398	Red-NADPH-Hemoprotein-Reductases	left
RXN-16398	16-HYDROXYPALMITATE	right
RXN-16398	Ox-NADPH-Hemoprotein-Reductases	right
RXN-16398	WATER	right
RXN-7686	NARINGENIN-CMPD	left
RXN-7686	2-KETOGLUTARATE	left
RXN-7686	OXYGEN-MOLECULE	left
RXN-7686	CPD-431	right
RXN-7686	SUC	right
RXN-7686	CARBON-DIOXIDE	right
RXN-7686	WATER	right
RXN-7686	PROTON	right
RXN-3522	ASCORBATE	left
RXN-3522	NAD-P-OR-NOP	left
RXN-3522	PROTON	left
RXN-3522	CPD-318	right
RXN-3522	NADH-P-OR-NOP	right
RXN0-4401	NADH	left
RXN0-4401	WATER	left
RXN0-4401	AMP	right
RXN0-4401	NMNH	right
RXN0-4401	PROTON	right
ARGSUCCINLYA-RXN	L-ARGININO-SUCCINATE	left
ARGSUCCINLYA-RXN	ARG	right
ARGSUCCINLYA-RXN	FUM	right
RXN-21593	Polyketide-ACP-Proteins	left
RXN-21593	MALONYL-COA	left
RXN-21593	PROTON	left
RXN-21593	CPD-23477	right
RXN-21593	CO-A	right
RXN-21593	CARBON-DIOXIDE	right
RXN-21593	WATER	right
THIOREDOXIN-REDUCT-NADPH-RXN	Red-Thioredoxin	left
THIOREDOXIN-REDUCT-NADPH-RXN	NADP	left
THIOREDOXIN-REDUCT-NADPH-RXN	Ox-Thioredoxin	right
THIOREDOXIN-REDUCT-NADPH-RXN	NADPH	right
THIOREDOXIN-REDUCT-NADPH-RXN	PROTON	right
RXN-7903	Stearoyl-ACPs	left
RXN-7903	Reduced-ferredoxins	left
RXN-7903	OXYGEN-MOLECULE	left
RXN-7903	PROTON	left
RXN-7903	Oleoyl-ACPs	right
RXN-7903	Oxidized-ferredoxins	right
RXN-7903	WATER	right
RXN-13142	CPD-14133	left
RXN-13142	CPD0-2474	right
RXN-9489	CPD-10169	left
RXN-9489	NADP	left
RXN-9489	CPD-10168	right
RXN-9489	NADPH	right
RXN-1382	L-1-PHOSPHATIDYL-ETHANOLAMINE	left
RXN-1382	SER	left
RXN-1382	L-1-PHOSPHATIDYL-SERINE	right
RXN-1382	ETHANOL-AMINE	right
ISOCHORSYN-RXN	CHORISMATE	left
ISOCHORSYN-RXN	ISOCHORISMATE	right
RXN-14164	CPD-397	left
RXN-14164	L-SELENOCYSTEINE	left
RXN-14164	CPD-12024	right
RXN-14164	MET	right
RXN-14164	PROTON	right
RXN-12002	ATP	left
RXN-12002	UMP	left
RXN-12002	ADP	right
RXN-12002	UDP	right
RIBONUCLEOSIDE-DIP-REDUCTII-RXN	DCDP	left
RIBONUCLEOSIDE-DIP-REDUCTII-RXN	Oxidized-NrdH-Proteins	left
RIBONUCLEOSIDE-DIP-REDUCTII-RXN	WATER	left
RIBONUCLEOSIDE-DIP-REDUCTII-RXN	CDP	right
RIBONUCLEOSIDE-DIP-REDUCTII-RXN	Reduced-NrdH-Proteins	right
RXN-14811	CPD-15616	left
RXN-14811	CPD-9569	right
RXN-17913	A-5-prime-PP-5-prime-DNA	left
RXN-17913	WATER	left
RXN-17913	AMP	right
RXN-17913	5-Phospho-terminated-DNAs	right
RXN-17913	PROTON	right
UDPHYDROXYMYRGLUCOSAMNACETYLTRANS-RXN	R-3-hydroxymyristoyl-ACPs	left
UDPHYDROXYMYRGLUCOSAMNACETYLTRANS-RXN	UDP-OHMYR-GLUCOSAMINE	left
UDPHYDROXYMYRGLUCOSAMNACETYLTRANS-RXN	OH-MYRISTOYL	right
UDPHYDROXYMYRGLUCOSAMNACETYLTRANS-RXN	ACP	right
UDPHYDROXYMYRGLUCOSAMNACETYLTRANS-RXN	PROTON	right
RXN-16827	CPD-18147	left
RXN-16827	OXYGEN-MOLECULE	left
RXN-16827	2-KETOGLUTARATE	left
RXN-16827	CPD-18148	right
RXN-16827	SUC	right
RXN-16827	CARBON-DIOXIDE	right
RXN-16827	WATER	right
RXN-12244	CPD-13171	left
RXN-12244	PLASTOQUINONE	left
RXN-12244	CPD-7535	right
RXN-12244	Plastoquinols	right
RXN-527	CPD-474	left
RXN-527	2-KETOGLUTARATE	left
RXN-527	OXYGEN-MOLECULE	left
RXN-527	CPD-520	right
RXN-527	SUC	right
RXN-527	CARBON-DIOXIDE	right
RXN-527	WATER	right
RXN-14325	ATP	left
RXN-14325	UTP	left
RXN-14325	AMMONIA	left
RXN-14325	ADP	right
RXN-14325	Pi	right
RXN-14325	CTP	right
RXN-14325	PROTON	right
RXN-18606	CPD-12575	left
RXN-18606	CPD-19786	left
RXN-18606	2-acylphloroglucinol-1-glucosides	right
RXN-18606	UDP	right
RXN-18606	PROTON	right
RXN-9663	Palmitoyl-ACPs	left
RXN-9663	NAD	left
RXN-9663	2-Hexadecenoyl-ACPs	right
RXN-9663	NADH	right
RXN-9663	PROTON	right
RXN1F-170	CPD1F-140	left
RXN1F-170	2-KETOGLUTARATE	left
RXN1F-170	OXYGEN-MOLECULE	left
RXN1F-170	CPD1F-139	right
RXN1F-170	SUC	right
RXN1F-170	CARBON-DIOXIDE	right
GUANYL-KIN-RXN	ATP	left
GUANYL-KIN-RXN	GMP	left
GUANYL-KIN-RXN	ADP	right
GUANYL-KIN-RXN	GDP	right
RXN-24047	5-prime-FAD-capped-RNA	left
RXN-24047	WATER	left
RXN-24047	5-Phospho-RNA	right
RXN-24047	FAD	right
RXN-24047	PROTON	right
RXN-10068	CPD-10818	left
RXN-10068	ATP	left
RXN-10068	DELTA3-ISOPENTENYL-PP	right
RXN-10068	ADP	right
R12-RXN	CPD-26	left
R12-RXN	FRUCTOSE-6P	right
RXN-9922	3-HYDROXY-CISCIS-MUCONATE	left
RXN-9922	CPD-294	right
NAPHTHOATE-SYN-RXN	PROTON	left
NAPHTHOATE-SYN-RXN	CPD-6972	left
NAPHTHOATE-SYN-RXN	CPD-9925	right
NAPHTHOATE-SYN-RXN	WATER	right
RXN-11475	S-ADENOSYLMETHIONINE	left
RXN-11475	MALONYL-ACP	left
RXN-11475	Malonyl-acp-methyl-ester	right
RXN-11475	ADENOSYL-HOMO-CYS	right
TRANS-RXN4LZ-6867	NITRITE	left
TRANS-RXN4LZ-6867	NITRITE	right
HYDROXYMETHYLGLUTARYL-COA-SYNTHASE-RXN	ACETYL-COA	left
HYDROXYMETHYLGLUTARYL-COA-SYNTHASE-RXN	WATER	left
HYDROXYMETHYLGLUTARYL-COA-SYNTHASE-RXN	ACETOACETYL-COA	left
HYDROXYMETHYLGLUTARYL-COA-SYNTHASE-RXN	3-HYDROXY-3-METHYL-GLUTARYL-COA	right
HYDROXYMETHYLGLUTARYL-COA-SYNTHASE-RXN	CO-A	right
HYDROXYMETHYLGLUTARYL-COA-SYNTHASE-RXN	PROTON	right
RXN-1728	CPD-2187	left
RXN-1728	OXYGEN-MOLECULE	left
RXN-1728	Reduced-ferredoxins	left
RXN-1728	PROTON	left
RXN-1728	CPD-2188	right
RXN-1728	WATER	right
RXN-1728	Oxidized-ferredoxins	right
RXN-18031	H2CO3	left
RXN-18031	HCO3	right
RXN-18031	PROTON	right
NUCLEOSIDE-DIPHOSPHATASE-RXN	Nucleoside-Diphosphates	left
NUCLEOSIDE-DIPHOSPHATASE-RXN	WATER	left
NUCLEOSIDE-DIPHOSPHATASE-RXN	Nucleoside-Monophosphates	right
NUCLEOSIDE-DIPHOSPHATASE-RXN	Pi	right
NUCLEOSIDE-DIPHOSPHATASE-RXN	PROTON	right
GALACTURAN-14-ALPHA-GALACTURONIDASE-RXN	1-4-alpha-D-galacturonosyl	left
GALACTURAN-14-ALPHA-GALACTURONIDASE-RXN	WATER	left
GALACTURAN-14-ALPHA-GALACTURONIDASE-RXN	1-4-alpha-D-galacturonosyl	right
GALACTURAN-14-ALPHA-GALACTURONIDASE-RXN	D-Galactopyranuronate	right
RXN-17701	CPD-19111	left
RXN-17701	WATER	left
RXN-17701	CPD-21685	right
RXN-17701	GLYCEROL	right
RXN-17889	Charged-ARG-tRNAs	left
RXN-17889	Proteins-With-N-Terminal-Asp	left
RXN-17889	ARG-tRNAs	right
RXN-17889	L-arginyl-L-aspartyl-Peptides	right
RXN-17889	PROTON	right
RXN-19788	CPD-21400	left
RXN-19788	Red-NADPH-Hemoprotein-Reductases	left
RXN-19788	OXYGEN-MOLECULE	left
RXN-19788	CPD-18925	right
RXN-19788	Ox-NADPH-Hemoprotein-Reductases	right
RXN-19788	WATER	right
RXN-3122	CPD-1102	left
RXN-3122	INDOLE-3-ACETYL-BETA-6-D-GLUCOSE	right
RXN-11002	NADP	left
RXN-11002	4-HYDROXY-BUTYRATE	left
RXN-11002	PROTON	right
RXN-11002	NADPH	right
RXN-11002	SUCC-S-ALD	right
RXN-18178	CPD-12575	left
RXN-18178	n-methylthioalkylhydroximate	left
RXN-18178	Desulfoaliphaticglucosinolates	right
RXN-18178	UDP	right
RXN-18178	PROTON	right
RXN-14206	4a-Hydroxytetrahydrobiopterins	left
RXN-14206	6-7-Dihydrobiopterins	right
RXN-14206	WATER	right
RXN-9241	CPD-9866	left
RXN-9241	OXYGEN-MOLECULE	left
RXN-9241	NADPH	left
RXN-9241	PROTON	left
RXN-9241	CPD-9870	right
RXN-9241	WATER	right
RXN-9241	NADP	right
2.3.1.172-RXN	CPD-7140	left
2.3.1.172-RXN	MALONYL-COA	left
2.3.1.172-RXN	CO-A	right
2.3.1.172-RXN	CPD-7141	right
RXN-12473	Carboxyadenylated-MPT-synthases	left
RXN-12473	MOCS3-Cysteine-Persulfide	left
RXN-12473	Donor-H2	left
RXN-12473	Thiocarboxylated-MPT-synthases	right
RXN-12473	MOCS3-Cysteine	right
RXN-12473	AMP	right
RXN-12473	Acceptor	right
RXN-12473	PROTON	right
RXN-20697	GST-L-cysteine	left
RXN-20697	GLUTATHIONE	left
RXN-20697	Acceptor	left
RXN-20697	GST-S-glutathione	right
RXN-20697	Donor-H2	right
UDP-NACMURALGLDAPLIG-RXN	UDP-AA-GLUTAMATE	left
UDP-NACMURALGLDAPLIG-RXN	MESO-DIAMINOPIMELATE	left
UDP-NACMURALGLDAPLIG-RXN	ATP	left
UDP-NACMURALGLDAPLIG-RXN	PROTON	right
UDP-NACMURALGLDAPLIG-RXN	UDP-AAGM-DIAMINOHEPTANEDIOATE	right
UDP-NACMURALGLDAPLIG-RXN	Pi	right
UDP-NACMURALGLDAPLIG-RXN	ADP	right
RXN-16171	CPD-17420	left
RXN-16171	Red-NADPH-Hemoprotein-Reductases	left
RXN-16171	OXYGEN-MOLECULE	left
RXN-16171	CPD-719	right
RXN-16171	Ox-NADPH-Hemoprotein-Reductases	right
RXN-16171	WATER	right
RXN-13956	S-ADENOSYLMETHIONINE	left
RXN-13956	5prime-hydroxy-3priime-methoxyflavonoids	left
RXN-13956	ADENOSYL-HOMO-CYS	right
RXN-13956	35-di-O-methylflavonoids	right
RXN-9744	CPD-10447	left
RXN-9744	Donor-H2	left
RXN-9744	PROTON	left
RXN-9744	CPD-10450	right
RXN-9744	WATER	right
RXN-9744	Acceptor	right
RXN-1882	GDP-MANNOSE	left
RXN-1882	GDP-L-GALACTOSE	right
HOMOSERDEHYDROG-RXN	HOMO-SER	left
HOMOSERDEHYDROG-RXN	NAD-P-OR-NOP	left
HOMOSERDEHYDROG-RXN	L-ASPARTATE-SEMIALDEHYDE	right
HOMOSERDEHYDROG-RXN	NADH-P-OR-NOP	right
HOMOSERDEHYDROG-RXN	PROTON	right
KDO-8PPHOSPHAT-RXN	KDO-8P	left
KDO-8PPHOSPHAT-RXN	WATER	left
KDO-8PPHOSPHAT-RXN	KDO	right
KDO-8PPHOSPHAT-RXN	Pi	right
3.2.1.145-RXN	beta-1-3-Galactans	left
3.2.1.145-RXN	WATER	left
3.2.1.145-RXN	beta-1-3-Galactans	right
3.2.1.145-RXN	D-galactopyranose	right
RXN-9017	S-ADENOSYLMETHIONINE	left
RXN-9017	ORCINOL-CPD	left
RXN-9017	PROTON	right
RXN-9017	CPD-9501	right
RXN-9017	ADENOSYL-HOMO-CYS	right
RXN-12415	GXGG-Xyloglucans	left
RXN-12415	UDP-D-XYLOSE	left
RXN-12415	Xyloglucans-Xylose	right
RXN-12415	UDP	right
RXN-12415	PROTON	right
PHOSPHASERDECARB-RXN	L-1-PHOSPHATIDYL-SERINE	left
PHOSPHASERDECARB-RXN	PROTON	left
PHOSPHASERDECARB-RXN	L-1-PHOSPHATIDYL-ETHANOLAMINE	right
PHOSPHASERDECARB-RXN	CARBON-DIOXIDE	right
RXN-8620	CPD-8848	left
RXN-8620	Red-NADPH-Hemoprotein-Reductases	left
RXN-8620	OXYGEN-MOLECULE	left
RXN-8620	CPD-8846	right
RXN-8620	CPD-8847	right
RXN-8620	Ox-NADPH-Hemoprotein-Reductases	right
RXN-8620	WATER	right
RXN-17811	N6-Methyladenine-containing-mRNAs	left
RXN-17811	2-KETOGLUTARATE	left
RXN-17811	OXYGEN-MOLECULE	left
RXN-17811	mRNA-Adenines	right
RXN-17811	FORMALDEHYDE	right
RXN-17811	SUC	right
RXN-17811	CARBON-DIOXIDE	right
NADH-KINASE-RXN	NADH	left
NADH-KINASE-RXN	ATP	left
NADH-KINASE-RXN	PROTON	right
NADH-KINASE-RXN	NADPH	right
NADH-KINASE-RXN	ADP	right
RXN-10455	Jasmonic-Acids	left
RXN-10455	ILE	left
RXN-10455	ATP	left
RXN-10455	Jasmonoyl-Isoleucines	right
RXN-10455	AMP	right
RXN-10455	PPI	right
RXN-10455	PROTON	right
RXN-12370	CPD-12575	left
RXN-12370	CPD3O-4151	left
RXN-12370	CPD-13354	right
RXN-12370	UDP	right
RXN-12370	PROTON	right
RXN-20364	VERY-LONG-CHAIN-FATTY-ACYL-COA	left
RXN-20364	Sphingoids	left
RXN-20364	VLC-Ceramides	right
RXN-20364	CO-A	right
RXN-20364	PROTON	right
ACETYLGLUTKIN-RXN	ACETYL-GLU	left
ACETYLGLUTKIN-RXN	ATP	left
ACETYLGLUTKIN-RXN	N-ACETYL-GLUTAMYL-P	right
ACETYLGLUTKIN-RXN	ADP	right
RXN-9240	S-ADENOSYLMETHIONINE	left
RXN-9240	CPD-9868	left
RXN-9240	PROTON	right
RXN-9240	CPD-9866	right
RXN-9240	ADENOSYL-HOMO-CYS	right
PEPCARBOXYKIN-RXN	OXALACETIC_ACID	left
PEPCARBOXYKIN-RXN	ATP	left
PEPCARBOXYKIN-RXN	CARBON-DIOXIDE	right
PEPCARBOXYKIN-RXN	PHOSPHO-ENOL-PYRUVATE	right
PEPCARBOXYKIN-RXN	ADP	right
1.1.99.28-RXN	CPD-15382	left
1.1.99.28-RXN	Glucopyranose	left
1.1.99.28-RXN	GLC-D-LACTONE	right
1.1.99.28-RXN	SORBITOL	right
RXN-21180	2R-Hydroxy-Fatty-Acids	left
RXN-21180	OXYGEN-MOLECULE	left
RXN-21180	Fatty-Acids	right
RXN-21180	CARBON-DIOXIDE	right
RXN-21180	WATER	right
RXN-7913	ATP	left
RXN-7913	DCMP	left
RXN-7913	ADP	right
RXN-7913	DCDP	right
RXN1ZN3-10	CPD1ZN3-1	left
RXN1ZN3-10	ATP	left
RXN1ZN3-10	DETHIOBIOTIN	right
RXN1ZN3-10	Pi	right
RXN1ZN3-10	ADP	right
RXN1ZN3-10	PROTON	right
RXN-20455	FARNESYL-PP	left
RXN-20455	WATER	left
RXN-20455	CPD-22153	right
RXN-20455	PPI	right
